pat_id,pattern,phrase_case,isik,koht,muu,verb_word,verb_compound,phrase_nr,adp,deprel,inf_verb
1,saama kellelt/millelt,abl,vahel,vahel,mitte kunagi,saama,,1,,obl,
2,tulema kellelt/millelt,abl,vahel,vahel,mitte kunagi,tulema,,1,,obl,
3,küsima kellelt/millelt,abl,alati,mitte kunagi,mitte kunagi,küsima,,1,,obl,
4,nõudma kellelt/millelt,abl,alati,mitte kunagi,mitte kunagi,nõudma,,1,,obl,
5,võtma kellelt/millelt,abl,vahel,vahel,mitte kunagi,võtma,,1,,obl,
6,ootama kellelt/millelt,abl,alati,mitte kunagi,mitte kunagi,ootama,,1,,obl,
7,leidma kellelt/millelt,abl,vahel,vahel,mitte kunagi,leidma,,1,,obl,
8,ostma kellelt/millelt,abl,alati,mitte kunagi,mitte kunagi,ostma,,1,,obl,
9,pärinema kellelt/millelt,abl,vahel,vahel,mitte kunagi,pärinema,,1,,obl,
10,paluma kellelt/millelt,abl,alati,mitte kunagi,mitte kunagi,paluma,,1,,obl,
11,minema kellelt/millelt,abl,mitte kunagi,mitte kunagi,pole kindel,minema,,1,,obl,
12,kuulma kellelt/millelt,abl,alati,mitte kunagi,muu,kuulma,,1,,obl,
13,tellima kellelt/millelt,abl,alati,mitte kunagi,mitte kunagi,tellima,,1,,obl,
14,jääma kellelt/millelt,abl,mitte kunagi,mitte kunagi,muu,jääma,,1,,obl,
15,võtma ära kellelt/millelt,abl,alati,mitte kunagi,muu,võtma,ära,1,,obl,
16,lahkuma kellelt/millelt,abl,mitte kunagi,alati,mitte kunagi,lahkuma,,1,,obl,
17,jõudma kellelt/millelt,abl,vahel,vahel,muu,jõudma,,1,,obl,
18,saabuma kellelt/millelt,abl,mitte kunagi,alati,mitte kunagi,saabuma,,1,,obl,
19,tahtma kellelt/millelt,abl,alati,mitte kunagi,muu,tahtma,,1,,obl,
20,olema kellelt/millelt,abl,mitte kunagi,vahel,muu,olema,,1,,obl,
21,kaduma kellelt/millelt,abl,mitte kunagi,alati,mitte kunagi,kaduma,,1,,obl,
22,hakkama kellelt/millelt,abl,mitte kunagi,mitte kunagi,pole kindel,hakkama,,1,,obl,
23,teenima kellelt/millelt,abl,vahel,vahel,vaieldav märgendus,teenima,,1,,obl,
24,naasma kellelt/millelt,abl,mitte kunagi,alati,mitte kunagi,naasma,,1,,obl,
25,tegema kellelt/millelt,abl,mitte kunagi,mitte kunagi,muu,tegema,,1,,obl,
26,laekuma kellelt/millelt,abl,alati,mitte kunagi,vaieldav märgendus,laekuma,,1,,obl,
27,tooma kellelt/millelt,abl,mitte kunagi,alati,mitte kunagi,tooma,,1,,obl,
28,viima kellelt/millelt,abl,vahel,vahel,mitte kunagi,viima,,1,,obl,
29,otsima kellelt/millelt,abl,vahel,vahel,mitte kunagi,otsima,,1,,obl,
30,röövima kellelt/millelt,abl,alati,mitte kunagi,mitte kunagi,röövima,,1,,obl,
31,pärima kellelt/millelt,abl,alati,mitte kunagi,mitte kunagi,pärima,,1,,obl,
32,lootma kellelt/millelt,abl,vahel,mitte kunagi,muu,lootma,,1,,obl,
33,soovima kellelt/millelt,abl,vahel,vahel,vaieldav märgendus,soovima,,1,,obl,
34,uurima kellelt/millelt,abl,alati,mitte kunagi,mitte kunagi,uurima,,1,,obl,
35,tõusma kellelt/millelt,abl,mitte kunagi,alati,vaieldav märgendus,tõusma,,1,,obl,
36,käima kellelt/millelt,abl,mitte kunagi,mitte kunagi,muu,käima,,1,,obl,
37,taotlema kellelt/millelt,abl,alati,mitte kunagi,mitte kunagi,taotlema,,1,,obl,
38,nägema kellelt/millelt,abl,mitte kunagi,alati,muu,nägema,,1,,obl,
39,alustama kellelt/millelt,abl,mitte kunagi,alati,vaieldav märgendus,alustama,,1,,obl,
40,sõitma kellelt/millelt,abl,mitte kunagi,alati,mitte kunagi,sõitma,,1,,obl,
41,algama kellelt/millelt,abl,mitte kunagi,alati,muu,algama,,1,,obl,
42,vaatama kellelt/millelt,abl,mitte kunagi,alati,vaieldav märgendus,vaatama,,1,,obl,
43,eeldama kellelt/millelt,abl,alati,mitte kunagi,mitte kunagi,eeldama,,1,,obl,
44,andma kellelt/millelt,abl,mitte kunagi,mitte kunagi,muu,andma,,1,,obl,
45,koguma kellelt/millelt,abl,alati,mitte kunagi,mitte kunagi,koguma,,1,,obl,
46,langema kellelt/millelt,abl,mitte kunagi,alati,vaieldav märgendus,langema,,1,,obl,
47,puuduma kellelt/millelt,abl,mitte kunagi,alati,mitte kunagi,puuduma,,1,,obl,
48,lugema kellelt/millelt,abl,mitte kunagi,vahel,muu,lugema,,1,,obl,
49,laenama kellelt/millelt,abl,vahel,vahel,vaieldav märgendus,laenama,,1,,obl,
50,pääsema kellelt/millelt,abl,mitte kunagi,alati,muu,pääsema,,1,,obl,
51,mõistma välja kellelt/millelt,abl,alati,mitte kunagi,mitte kunagi,mõistma,välja,1,,obl,
52,õppima kellelt/millelt,abl,alati,mitte kunagi,muu,õppima,,1,,obl,
53,ilmuma kellelt/millelt,abl,alati,mitte kunagi,muu,ilmuma,,1,,obl,
54,maksma kellelt/millelt,abl,mitte kunagi,alati,vaieldav märgendus,maksma,,1,,obl,
55,liikuma kellelt/millelt,abl,mitte kunagi,alati,muu,liikuma,,1,,obl,
56,avastama kellelt/millelt,abl,mitte kunagi,alati,mitte kunagi,avastama,,1,,obl,
57,varastama kellelt/millelt,abl,vahel,vahel,mitte kunagi,varastama,,1,,obl,
58,jääma alla kellelt/millelt,abl,mitte kunagi,mitte kunagi,muu,jääma,alla,1,,obl,
59,kuuluma kellelt/millelt,abl,mitte kunagi,mitte kunagi,muu,kuuluma,,1,,obl,
60,teadma kellelt/millelt,abl,mitte kunagi,mitte kunagi,muu,teadma,,1,,obl,
61,kukkuma kellelt/millelt,abl,mitte kunagi,alati,muu,kukkuma,,1,,obl,
62,saatma kellelt/millelt,abl,mitte kunagi,alati,mitte kunagi,saatma,,1,,obl,
63,tõstma kellelt/millelt,abl,mitte kunagi,alati,mitte kunagi,tõstma,,1,,obl,
64,tabama kellelt/millelt,abl,mitte kunagi,alati,vaieldav märgendus,tabama,,1,,obl,
65,kasvama kellelt/millelt,abl,mitte kunagi,alati,vaieldav märgendus,kasvama,,1,,obl,
66,meenutama kellelt/millelt,abl,mitte kunagi,alati,vaieldav märgendus,meenutama,,1,,obl,
67,võtma üle kellelt/millelt,abl,alati,mitte kunagi,mitte kunagi,võtma,üle,1,,obl,
68,ütlema kellelt/millelt,abl,mitte kunagi,vahel,muu,ütlema,,1,,obl,
69,võitma kellelt/millelt,abl,vahel,vahel,muu,võitma,,1,,obl,
70,pidama kellelt/millelt,abl,mitte kunagi,mitte kunagi,muu,pidama,,1,,obl,
71,eemaldama kellelt/millelt,abl,mitte kunagi,alati,mitte kunagi,eemaldama,,1,,obl,
72,võtma vastu kellelt/millelt,abl,vahel,vahel,mitte kunagi,võtma,vastu,1,,obl,
73,ületama kellelt/millelt,abl,mitte kunagi,mitte kunagi,muu,ületama,,1,,obl,
74,asuma kellelt/millelt,abl,mitte kunagi,mitte kunagi,pole kindel,asuma,,1,,obl,
75,pälvima kellelt/millelt,abl,alati,mitte kunagi,mitte kunagi,pälvima,,1,,obl,
76,õnnestuma kellelt/millelt,abl,mitte kunagi,mitte kunagi,muu,õnnestuma,,1,,obl,
77,toimuma kellelt/millelt,abl,mitte kunagi,vahel,muu,toimuma,,1,,obl,
78,vajama kellelt/millelt,abl,mitte kunagi,mitte kunagi,muu,vajama,,1,,obl,
79,paistma kellelt/millelt,abl,mitte kunagi,alati,mitte kunagi,paistma,,1,,obl,
80,kõlama kellelt/millelt,abl,vahel,vahel,pole kindel,kõlama,,1,,obl,
81,tulema tagasi kellelt/millelt,abl,mitte kunagi,alati,mitte kunagi,tulema,tagasi,1,,obl,
82,panema kellelt/millelt,abl,mitte kunagi,mitte kunagi,muu,panema,,1,,obl,
83,kostma kellelt/millelt,abl,vahel,vahel,mitte kunagi,kostma,,1,,obl,
84,võtma maha kellelt/millelt,abl,vahel,vahel,mitte kunagi,võtma,maha,1,,obl,
85,lendama kellelt/millelt,abl,mitte kunagi,alati,muu,lendama,,1,,obl,
86,tõmbama kellelt/millelt,abl,vahel,vahel,mitte kunagi,tõmbama,,1,,obl,
87,korjama kellelt/millelt,abl,mitte kunagi,alati,mitte kunagi,korjama,,1,,obl,
88,olema vaja kellelt/millelt,abl,mitte kunagi,alati,muu,olema,vaja,1,,obl,
89,rentima kellelt/millelt,abl,vahel,vahel,mitte kunagi,rentima,,1,,obl,
90,erinema kellelt/millelt,abl,mitte kunagi,mitte kunagi,muu,erinema,,1,,obl,
91,vähenema kellelt/millelt,abl,mitte kunagi,mitte kunagi,muu,vähenema,,1,,obl,
92,järgnema kellelt/millelt,abl,mitte kunagi,mitte kunagi,muu,järgnema,,1,,obl,
93,vaatama vastu kellelt/millelt,abl,mitte kunagi,alati,mitte kunagi,vaatama,vastu,1,,obl,
94,vastama kellelt/millelt,abl,mitte kunagi,mitte kunagi,muu,vastama,,1,,obl,
95,tähendama kellelt/millelt,abl,mitte kunagi,mitte kunagi,muu,tähendama,,1,,obl,
96,haarama kellelt/millelt,abl,vahel,vahel,mitte kunagi,haarama,,1,,obl,
97,muutuma kellelt/millelt,abl,mitte kunagi,mitte kunagi,muu,muutuma,,1,,obl,
98,pressima välja kellelt/millelt,abl,alati,mitte kunagi,mitte kunagi,pressima,välja,1,,obl,
99,hüppama kellelt/millelt,abl,mitte kunagi,alati,mitte kunagi,hüppama,,1,,obl,
100,sobima kellelt/millelt,abl,mitte kunagi,mitte kunagi,muu,sobima,,1,,obl,
101,jõudma tagasi kellelt/millelt,abl,mitte kunagi,alati,mitte kunagi,jõudma,tagasi,1,,obl,
102,püüdma kellelt/millelt,abl,vahel,vahel,mitte kunagi,püüdma,,1,,obl,
103,rääkima kellelt/millelt,abl,mitte kunagi,vahel,muu,rääkima,,1,,obl,
104,saama tagasi kellelt/millelt,abl,vahel,vahel,pole kindel,saama,tagasi,1,,obl,
105,tasuma kellelt/millelt,abl,vahel,vahel,pole kindel,tasuma,,1,,obl,
106,lubama kellelt/millelt,abl,vahel,vahel,pole kindel,lubama,,1,,obl,
107,jätma kellelt/millelt,abl,mitte kunagi,mitte kunagi,muu,jätma,,1,,obl,
108,näitama kellelt/millelt,abl,vahel,vahel,pole kindel,näitama,,1,,obl,
109,omandama kellelt/millelt,abl,alati,mitte kunagi,mitte kunagi,omandama,,1,,obl,
110,pühkima kellelt/millelt,abl,mitte kunagi,alati,mitte kunagi,pühkima,,1,,obl,
111,suutma kellelt/millelt,abl,mitte kunagi,vahel,muu,suutma,,1,,obl,
112,startima kellelt/millelt,abl,mitte kunagi,alati,muu,startima,,1,,obl,
113,suurenema kellelt/millelt,abl,mitte kunagi,alati,vaieldav märgendus,suurenema,,1,,obl,
114,rebima kellelt/millelt,abl,vahel,vahel,mitte kunagi,rebima,,1,,obl,
115,petma välja kellelt/millelt,abl,alati,mitte kunagi,mitte kunagi,petma,välja,1,,obl,
116,kaotama kellelt/millelt,abl,mitte kunagi,mitte kunagi,muu,kaotama,,1,,obl,
117,sarnanema kellelt/millelt,abl,mitte kunagi,alati,vaieldav märgendus,sarnanema,,1,,obl,
118,tekkima kellelt/millelt,abl,vahel,vahel,muu,tekkima,,1,,obl,
119,jälgima kellelt/millelt,abl,mitte kunagi,alati,muu,jälgima,,1,,obl,
120,kolima kellelt/millelt,abl,mitte kunagi,alati,muu,kolima,,1,,obl,
121,mõistma kellelt/millelt,abl,alati,mitte kunagi,muu,mõistma,,1,,obl,
122,pakkuma kellelt/millelt,abl,mitte kunagi,alati,muu,pakkuma,,1,,obl,
123,tundma kellelt/millelt,abl,mitte kunagi,mitte kunagi,muu,tundma,,1,,obl,
124,jooksma kellelt/millelt,abl,mitte kunagi,alati,muu,jooksma,,1,,obl,
125,ostma ära kellelt/millelt,abl,alati,mitte kunagi,mitte kunagi,ostma,ära,1,,obl,
126,lööma kellelt/millelt,abl,vahel,vahel,muu,lööma,,1,,obl,
127,laskma kellelt/millelt,abl,vahel,vahel,muu,laskma,,1,,obl,
128,esitama kellelt/millelt,abl,mitte kunagi,vahel,muu,esitama,,1,,obl,
129,avanema kellelt/millelt,abl,mitte kunagi,alati,mitte kunagi,avanema,,1,,obl,
130,põgenema kellelt/millelt,abl,mitte kunagi,alati,mitte kunagi,põgenema,,1,,obl,
131,sattuma kellelt/millelt,abl,mitte kunagi,alati,muu,sattuma,,1,,obl,
132,väljuma kellelt/millelt,abl,mitte kunagi,alati,mitte kunagi,väljuma,,1,,obl,
133,astuma kellelt/millelt,abl,mitte kunagi,alati,muu,astuma,,1,,obl,
134,nõudma tagasi kellelt/millelt,abl,alati,mitte kunagi,mitte kunagi,nõudma,tagasi,1,,obl,
135,tooma kaasa kellelt/millelt,abl,mitte kunagi,alati,mitte kunagi,tooma,kaasa,1,,obl,
136,kasutama kellelt/millelt,abl,mitte kunagi,mitte kunagi,muu,kasutama,,1,,obl,
137,käima läbi kellelt/millelt,abl,mitte kunagi,alati,muu,käima,läbi,1,,obl,
138,lähtuma kellelt/millelt,abl,vahel,vahel,mitte kunagi,lähtuma,,1,,obl,
139,üritama kellelt/millelt,abl,mitte kunagi,mitte kunagi,muu,üritama,,1,,obl,
140,kulgema kellelt/millelt,abl,mitte kunagi,alati,muu,kulgema,,1,,obl,
141,lisanduma kellelt/millelt,abl,vahel,vahel,mitte kunagi,lisanduma,,1,,obl,
142,hankima kellelt/millelt,abl,vahel,vahel,mitte kunagi,hankima,,1,,obl,
143,kerkima kellelt/millelt,abl,mitte kunagi,alati,vaieldav märgendus,kerkima,,1,,obl,
144,kuulduma kellelt/millelt,abl,alati,mitte kunagi,mitte kunagi,kuulduma,,1,,obl,
145,lõpetama kellelt/millelt,abl,mitte kunagi,mitte kunagi,muu,lõpetama,,1,,obl,
146,noppima kellelt/millelt,abl,vahel,vahel,muu,noppima,,1,,obl,
147,oskama kellelt/millelt,abl,mitte kunagi,mitte kunagi,muu,oskama,,1,,obl,
148,jätkama kellelt/millelt,abl,mitte kunagi,alati,muu,jätkama,,1,,obl,
149,jääma maha kellelt/millelt,abl,mitte kunagi,alati,vaieldav märgendus,jääma,maha,1,,obl,
150,kirjutama kellelt/millelt,abl,mitte kunagi,mitte kunagi,muu,kirjutama,,1,,obl,
151,mängima kellelt/millelt,abl,mitte kunagi,alati,muu,mängima,,1,,obl,
152,mäletama kellelt/millelt,abl,mitte kunagi,alati,pole kindel,mäletama,,1,,obl,
153,kasseerima kellelt/millelt,abl,alati,mitte kunagi,mitte kunagi,kasseerima,,1,,obl,
154,nõudma välja kellelt/millelt,abl,alati,mitte kunagi,mitte kunagi,nõudma,välja,1,,obl,
155,usaldama kellelt/millelt,abl,mitte kunagi,mitte kunagi,muu,usaldama,,1,,obl,
156,sirguma kellelt/millelt,abl,mitte kunagi,alati,mitte kunagi,sirguma,,1,,obl,
157,kärpima kellelt/millelt,abl,mitte kunagi,alati,vaieldav märgendus,kärpima,,1,,obl,
158,tungima kellelt/millelt,abl,mitte kunagi,alati,muu,tungima,,1,,obl,
159,puutuma kellelt/millelt,abl,mitte kunagi,mitte kunagi,muu,puutuma,,1,,obl,
160,tundma ära kellelt/millelt,abl,mitte kunagi,alati,pole kindel,tundma,ära,1,,obl,
161,muutma kellelt/millelt,abl,mitte kunagi,alati,pole kindel,muutma,,1,,obl,
162,puudutama kellelt/millelt,abl,mitte kunagi,mitte kunagi,muu,puudutama,,1,,obl,
163,tunduma kellelt/millelt,abl,mitte kunagi,mitte kunagi,muu,tunduma,,1,,obl,
164,siirduma kellelt/millelt,abl,mitte kunagi,alati,mitte kunagi,siirduma,,1,,obl,
165,käsitlema kellelt/millelt,abl,mitte kunagi,mitte kunagi,muu,käsitlema,,1,,obl,
166,kõndima kellelt/millelt,abl,mitte kunagi,alati,muu,kõndima,,1,,obl,
167,külastama kellelt/millelt,abl,mitte kunagi,mitte kunagi,muu,külastama,,1,,obl,
168,tulema sisse kellelt/millelt,abl,mitte kunagi,alati,muu,tulema,sisse,1,,obl,
169,murdma kellelt/millelt,abl,mitte kunagi,alati,vaieldav märgendus,murdma,,1,,obl,
170,muigama kellelt/millelt,abl,mitte kunagi,mitte kunagi,muu,muigama,,1,,obl,
171,tarnima kellelt/millelt,abl,vahel,vahel,mitte kunagi,tarnima,,1,,obl,
172,tulema maha kellelt/millelt,abl,mitte kunagi,alati,mitte kunagi,tulema,maha,1,,obl,
173,tulema peale kellelt/millelt,abl,mitte kunagi,alati,muu,tulema,peale,1,,obl,
174,kõnelema kellelt/millelt,abl,mitte kunagi,alati,muu,kõnelema,,1,,obl,
175,tulema üle kellelt/millelt,abl,vahel,vahel,mitte kunagi,tulema,üle,1,,obl,
176,tuletama kellelt/millelt,abl,mitte kunagi,vahel,muu,tuletama,,1,,obl,
177,tulenema kellelt/millelt,abl,vahel,vahel,muu,tulenema,,1,,obl,
178,murduma kellelt/millelt,abl,mitte kunagi,alati,mitte kunagi,murduma,,1,,obl,
179,tulema vastu kellelt/millelt,abl,mitte kunagi,mitte kunagi,muu,tulema,vastu,1,,obl,
180,kõrvaldama kellelt/millelt,abl,vahel,vahel,muu,kõrvaldama,,1,,obl,
181,muretsema kellelt/millelt,abl,vahel,vahel,muu,muretsema,,1,,obl,
182,kõlbama kellelt/millelt,abl,mitte kunagi,alati,vaieldav märgendus,kõlbama,,1,,obl,
183,laiendama kellelt/millelt,abl,vahel,vahel,mitte kunagi,laiendama,,1,,obl,
184,langema alla kellelt/millelt,abl,mitte kunagi,alati,vaieldav märgendus,langema,alla,1,,obl,
185,tuginema kellelt/millelt,abl,alati,mitte kunagi,pole kindel,tuginema,,1,,obl,
186,tugevnema kellelt/millelt,abl,mitte kunagi,mitte kunagi,muu,tugevnema,,1,,obl,
187,soovitama kellelt/millelt,abl,mitte kunagi,mitte kunagi,muu,soovitama,,1,,obl,
188,langema kokku kellelt/millelt,abl,mitte kunagi,mitte kunagi,vaieldav märgendus,langema,kokku,1,,obl,
189,langetama kellelt/millelt,abl,mitte kunagi,alati,vaieldav märgendus,langetama,,1,,obl,
190,langema ära kellelt/millelt,abl,vahel,vahel,mitte kunagi,langema,ära,1,,obl,
191,minema ära kellelt/millelt,abl,mitte kunagi,alati,mitte kunagi,minema,ära,1,,obl,
192,tsiteerima kellelt/millelt,abl,mitte kunagi,alati,muu,tsiteerima,,1,,obl,
193,minema üle kellelt/millelt,abl,vahel,vahel,muu,minema,üle,1,,obl,
194,langema välja kellelt/millelt,abl,mitte kunagi,alati,mitte kunagi,langema,välja,1,,obl,
195,pumpama välja kellelt/millelt,abl,alati,mitte kunagi,mitte kunagi,pumpama,välja,1,,obl,
196,tuiskama kellelt/millelt,abl,mitte kunagi,alati,mitte kunagi,tuiskama,,1,,obl,
197,kõmmutama kellelt/millelt,abl,mitte kunagi,alati,muu,kõmmutama,,1,,obl,
198,moodustama kellelt/millelt,abl,mitte kunagi,mitte kunagi,muu,moodustama,,1,,obl,
199,lajatama kellelt/millelt,abl,mitte kunagi,alati,mitte kunagi,lajatama,,1,,obl,
200,pinnima välja kellelt/millelt,abl,alati,mitte kunagi,mitte kunagi,pinnima,välja,1,,obl,
201,pumpama kellelt/millelt,abl,vahel,vahel,muu,pumpama,,1,,obl,
202,laienema kellelt/millelt,abl,vahel,vahel,muu,laienema,,1,,obl,
203,kõikuma kellelt/millelt,abl,mitte kunagi,alati,vaieldav märgendus,kõikuma,,1,,obl,
204,tulistama kellelt/millelt,abl,mitte kunagi,alati,muu,tulistama,,1,,obl,
205,purunema kellelt/millelt,abl,mitte kunagi,mitte kunagi,muu,purunema,,1,,obl,
206,tarbima kellelt/millelt,abl,mitte kunagi,mitte kunagi,muu,tarbima,,1,,obl,
207,tulema ära kellelt/millelt,abl,mitte kunagi,alati,mitte kunagi,tulema,ära,1,,obl,
208,paiskuma kellelt/millelt,abl,mitte kunagi,alati,mitte kunagi,paiskuma,,1,,obl,
209,hääletama kellelt/millelt,abl,mitte kunagi,vahel,muu,hääletama,,1,,obl,
210,suunama kellelt/millelt,abl,mitte kunagi,mitte kunagi,muu,suunama,,1,,obl,
211,andma välja kellelt/millelt,abl,alati,mitte kunagi,muu,andma,välja,1,,obl,
212,sadama kellelt/millelt,abl,vahel,vahel,muu,,sadama,1,,obl,
213,välistama kellelt/millelt,abl,mitte kunagi,alati,mitte kunagi,välistama,,1,,obl,
214,saama ära kellelt/millelt,abl,mitte kunagi,alati,mitte kunagi,saama,ära,1,,obl,
215,võtma tagasi kellelt/millelt,abl,vahel,vahel,mitte kunagi,võtma,tagasi,1,,obl,
216,ostma kokku kellelt/millelt,abl,alati,mitte kunagi,mitte kunagi,ostma,kokku,1,,obl,
217,hüppama alla kellelt/millelt,abl,mitte kunagi,alati,muu,hüppama,alla,1,,obl,
218,ostma juurde kellelt/millelt,abl,alati,mitte kunagi,muu,ostma,juurde,1,,obl,
219,sätestama kellelt/millelt,abl,mitte kunagi,mitte kunagi,muu,sätestama,,1,,obl,
220,avama kellelt/millelt,abl,mitte kunagi,alati,muu,avama,,1,,obl,
221,hakkama pihta kellelt/millelt,abl,mitte kunagi,alati,mitte kunagi,hakkama,pihta,1,,obl,
222,hajuma kellelt/millelt,abl,mitte kunagi,alati,mitte kunagi,hajuma,,1,,obl,
223,saama üle kellelt/millelt,abl,vahel,vahel,pole kindel,saama,üle,1,,obl,
224,hüppama maha kellelt/millelt,abl,mitte kunagi,alati,mitte kunagi,hüppama,maha,1,,obl,
225,väljendama kellelt/millelt,abl,mitte kunagi,vahel,pole kindel,väljendama,,1,,obl,
226,ühendama kellelt/millelt,abl,mitte kunagi,alati,muu,ühendama,,1,,obl,
227,peatuma kellelt/millelt,abl,mitte kunagi,vahel,muu,peatuma,,1,,obl,
228,sõitma kohale kellelt/millelt,abl,mitte kunagi,alati,mitte kunagi,sõitma,kohale,1,,obl,
229,peetuma kinni kellelt/millelt,abl,mitte kunagi,mitte kunagi,muu,,peetuma,1,,obl,
230,hävima kellelt/millelt,abl,mitte kunagi,mitte kunagi,muu,hävima,,1,,obl,
231,tulema välja kellelt/millelt,abl,mitte kunagi,alati,mitte kunagi,tulema,välja,1,,obl,
232,paiskuma välja kellelt/millelt,abl,mitte kunagi,alati,mitte kunagi,paiskuma,välja,1,,obl,
233,hõikama kellelt/millelt,abl,mitte kunagi,alati,mitte kunagi,hõikama,,1,,obl,
234,sõitma ette kellelt/millelt,abl,mitte kunagi,alati,mitte kunagi,sõitma,ette,1,,obl,
235,harjutama kellelt/millelt,abl,mitte kunagi,mitte kunagi,muu,harjutama,,1,,obl,
236,harjuma kellelt/millelt,abl,mitte kunagi,vahel,muu,harjuma,,1,,obl,
237,andma edasi kellelt/millelt,abl,alati,mitte kunagi,vaieldav märgendus,andma,edasi,1,,obl,
238,õppima ära kellelt/millelt,abl,alati,mitte kunagi,muu,õppima,ära,1,,obl,
239,saama vastu kellelt/millelt,abl,alati,mitte kunagi,mitte kunagi,saama,vastu,1,,obl,
240,võõrandama kellelt/millelt,abl,alati,mitte kunagi,mitte kunagi,võõrandama,,1,,obl,
241,viskama mööda kellelt/millelt,abl,mitte kunagi,alati,muu,viskama,mööda,1,,obl,
242,hõivama kellelt/millelt,abl,alati,mitte kunagi,muu,hõivama,,1,,obl,
243,vähendama kellelt/millelt,abl,mitte kunagi,alati,vaieldav märgendus,vähendama,,1,,obl,
244,viskama alla kellelt/millelt,abl,mitte kunagi,alati,mitte kunagi,viskama,alla,1,,obl,
245,viskama kellelt/millelt,abl,mitte kunagi,alati,muu,viskama,,1,,obl,
246,andma ette kellelt/millelt,abl,mitte kunagi,vahel,vaieldav märgendus,andma,ette,1,,obl,
247,hävitama kellelt/millelt,abl,mitte kunagi,alati,muu,hävitama,,1,,obl,
248,paistma välja kellelt/millelt,abl,mitte kunagi,alati,muu,paistma,välja,1,,obl,
249,õpetama kellelt/millelt,abl,mitte kunagi,alati,muu,õpetama,,1,,obl,
250,osalema kellelt/millelt,abl,mitte kunagi,alati,muu,osalema,,1,,obl,
251,tulema kohale kellelt/millelt,abl,mitte kunagi,alati,mitte kunagi,tulema,kohale,1,,obl,
252,saama maha kellelt/millelt,abl,mitte kunagi,alati,mitte kunagi,saama,maha,1,,obl,
253,tulema juurde kellelt/millelt,abl,alati,mitte kunagi,mitte kunagi,tulema,juurde,1,,obl,
254,tähistama kellelt/millelt,abl,mitte kunagi,mitte kunagi,muu,tähistama,,1,,obl,
255,kurtma kellelt/millelt,abl,mitte kunagi,vahel,muu,kurtma,,1,,obl,
256,kustuma kellelt/millelt,abl,mitte kunagi,alati,mitte kunagi,kustuma,,1,,obl,
257,pääsema edasi kellelt/millelt,abl,mitte kunagi,alati,mitte kunagi,pääsema,edasi,1,,obl,
258,tantsima kellelt/millelt,abl,mitte kunagi,mitte kunagi,muu,tantsima,,1,,obl,
259,käima ära kellelt/millelt,abl,mitte kunagi,alati,muu,käima,ära,1,,obl,
260,käituma kellelt/millelt,abl,mitte kunagi,mitte kunagi,muu,käituma,,1,,obl,
261,käima üle kellelt/millelt,abl,mitte kunagi,alati,vaieldav märgendus,käima,üle,1,,obl,
262,sihtima kellelt/millelt,abl,mitte kunagi,alati,muu,sihtima,,1,,obl,
263,tunnistama kellelt/millelt,abl,mitte kunagi,mitte kunagi,muu,tunnistama,,1,,obl,
264,kuulutama kellelt/millelt,abl,mitte kunagi,mitte kunagi,muu,kuulutama,,1,,obl,
265,tutvustama kellelt/millelt,abl,mitte kunagi,mitte kunagi,muu,tutvustama,,1,,obl,
266,pildistama kellelt/millelt,abl,mitte kunagi,alati,muu,pildistama,,1,,obl,
267,kyssima kellelt/millelt,abl,mitte kunagi,mitte kunagi,muu,,kyssima,1,,obl,
268,kysima kellelt/millelt,abl,mitte kunagi,mitte kunagi,muu,,kysima,1,,obl,
269,tõmbama kõrvale kellelt/millelt,abl,mitte kunagi,alati,vaieldav märgendus,tõmbama,kõrvale,1,,obl,
270,kuivama kellelt/millelt,abl,mitte kunagi,mitte kunagi,muu,kuivama,,1,,obl,
271,pääsema välja kellelt/millelt,abl,mitte kunagi,alati,mitte kunagi,pääsema,välja,1,,obl,
272,kruvima maha kellelt/millelt,abl,mitte kunagi,alati,mitte kunagi,kruvima,maha,1,,obl,
273,tahtma ära kellelt/millelt,abl,mitte kunagi,alati,mitte kunagi,tahtma,ära,1,,obl,
274,kustutama kellelt/millelt,abl,mitte kunagi,alati,vaieldav märgendus,kustutama,,1,,obl,
275,kutsuma esile kellelt/millelt,abl,alati,mitte kunagi,mitte kunagi,kutsuma,esile,1,,obl,
276,tingima kellelt/millelt,abl,mitte kunagi,mitte kunagi,muu,tingima,,1,,obl,
277,lugema ette kellelt/millelt,abl,mitte kunagi,alati,muu,lugema,ette,1,,obl,
278,lugema maha kellelt/millelt,abl,mitte kunagi,alati,muu,lugema,maha,1,,obl,
279,marssima kellelt/millelt,abl,mitte kunagi,alati,mitte kunagi,marssima,,1,,obl,
280,manguma kellelt/millelt,abl,alati,mitte kunagi,mitte kunagi,manguma,,1,,obl,
281,läbima kellelt/millelt,abl,mitte kunagi,mitte kunagi,muu,läbima,,1,,obl,
282,lunastama kellelt/millelt,abl,vahel,vahel,mitte kunagi,lunastama,,1,,obl,
283,tilkuma kellelt/millelt,abl,mitte kunagi,alati,mitte kunagi,tilkuma,,1,,obl,
284,lunima kellelt/millelt,abl,alati,mitte kunagi,mitte kunagi,lunima,,1,,obl,
285,kutsuma ära kellelt/millelt,abl,mitte kunagi,alati,mitte kunagi,kutsuma,ära,1,,obl,
286,kuulama kellelt/millelt,abl,vahel,mitte kunagi,pole kindel,kuulama,,1,,obl,
287,kutsuma tagasi kellelt/millelt,abl,mitte kunagi,alati,mitte kunagi,kutsuma,tagasi,1,,obl,
288,siduma kellelt/millelt,abl,mitte kunagi,vahel,muu,siduma,,1,,obl,
289,kutsuma kellelt/millelt,abl,mitte kunagi,alati,pole kindel,kutsuma,,1,,obl,
290,tuvastama kellelt/millelt,abl,mitte kunagi,alati,muu,tuvastama,,1,,obl,
291,taluma kellelt/millelt,abl,mitte kunagi,mitte kunagi,muu,taluma,,1,,obl,
292,märkama kellelt/millelt,abl,mitte kunagi,alati,mitte kunagi,märkama,,1,,obl,
293,täiendama kellelt/millelt,abl,mitte kunagi,vahel,muu,täiendama,,1,,obl,
294,kummitama kellelt/millelt,abl,mitte kunagi,vahel,muu,kummitama,,1,,obl,
295,märkima kellelt/millelt,abl,mitte kunagi,mitte kunagi,muu,märkima,,1,,obl,
296,pikenema kellelt/millelt,abl,mitte kunagi,alati,vaieldav märgendus,pikenema,,1,,obl,
297,tõmbama maha kellelt/millelt,abl,mitte kunagi,alati,mitte kunagi,tõmbama,maha,1,,obl,
298,kujutama kellelt/millelt,abl,mitte kunagi,vahel,muu,kujutama,,1,,obl,
299,tassima kellelt/millelt,abl,mitte kunagi,alati,muu,tassima,,1,,obl,
300,kukkuma ära kellelt/millelt,abl,mitte kunagi,alati,mitte kunagi,kukkuma,ära,1,,obl,
301,kukkuma välja kellelt/millelt,abl,mitte kunagi,alati,muu,kukkuma,välja,1,,obl,
302,tõdema kellelt/millelt,abl,mitte kunagi,mitte kunagi,muu,tõdema,,1,,obl,
303,kukutama kellelt/millelt,abl,mitte kunagi,alati,mitte kunagi,kukutama,,1,,obl,
304,takistama kellelt/millelt,abl,mitte kunagi,mitte kunagi,muu,takistama,,1,,obl,
305,kukkuma maha kellelt/millelt,abl,mitte kunagi,alati,mitte kunagi,kukkuma,maha,1,,obl,
306,laekuma kokku kellelt/millelt,abl,vahel,vahel,pole kindel,laekuma,kokku,1,,obl,
307,tulema ette kellelt/millelt,abl,mitte kunagi,alati,muu,tulema,ette,1,,obl,
308,lahendama kellelt/millelt,abl,mitte kunagi,mitte kunagi,muu,lahendama,,1,,obl,
309,tulema alla kellelt/millelt,abl,mitte kunagi,alati,mitte kunagi,tulema,alla,1,,obl,
310,määrama kellelt/millelt,abl,mitte kunagi,mitte kunagi,muu,määrama,,1,,obl,
311,laenama kokku kellelt/millelt,abl,alati,mitte kunagi,mitte kunagi,laenama,kokku,1,,obl,
312,küündima kellelt/millelt,abl,mitte kunagi,mitte kunagi,muu,küündima,,1,,obl,
313,tulema kokku kellelt/millelt,abl,vahel,vahel,mitte kunagi,tulema,kokku,1,,obl,
314,küsima järele kellelt/millelt,abl,alati,mitte kunagi,mitte kunagi,küsima,järele,1,,obl,
315,tulema läbi kellelt/millelt,abl,mitte kunagi,alati,mitte kunagi,tulema,läbi,1,,obl,
316,küsima üle kellelt/millelt,abl,alati,mitte kunagi,mitte kunagi,küsima,üle,1,,obl,
317,küsitama kellelt/millelt,abl,mitte kunagi,mitte kunagi,muu,küsitama,,1,,obl,
318,tulema lahti kellelt/millelt,abl,mitte kunagi,alati,mitte kunagi,tulema,lahti,1,,obl,
319,küsima tagasi kellelt/millelt,abl,alati,mitte kunagi,mitte kunagi,küsima,tagasi,1,,obl,
320,küsima vastu kellelt/millelt,abl,alati,mitte kunagi,pole kindel,küsima,vastu,1,,obl,
321,laadima kellelt/millelt,abl,mitte kunagi,alati,muu,laadima,,1,,obl,
322,kukkuma alla kellelt/millelt,abl,mitte kunagi,alati,muu,kukkuma,alla,1,,obl,
323,kulutama kellelt/millelt,abl,mitte kunagi,mitte kunagi,muu,kulutama,,1,,obl,
324,taipama kellelt/millelt,abl,mitte kunagi,mitte kunagi,muu,taipama,,1,,obl,
325,"mõistma välja, kokku kellelt/millelt",abl,alati,mitte kunagi,pole kindel,mõistma,välja,1,,obl,
326,"mõistma välja, kokku kellelt/millelt",abl,alati,mitte kunagi,pole kindel,mõistma,kokku,1,,obl,
327,kujundama kellelt/millelt,abl,mitte kunagi,mitte kunagi,muu,kujundama,,1,,obl,
328,tõmbama eemale kellelt/millelt,abl,mitte kunagi,alati,vaieldav märgendus,tõmbama,eemale,1,,obl,
329,kujunema kellelt/millelt,abl,mitte kunagi,mitte kunagi,muu,kujunema,,1,,obl,
330,tõmbuma tagasi kellelt/millelt,abl,mitte kunagi,alati,muu,tõmbuma,tagasi,1,,obl,
331,piisama kellelt/millelt,abl,mitte kunagi,mitte kunagi,muu,piisama,,1,,obl,
332,mõjutama kellelt/millelt,abl,mitte kunagi,mitte kunagi,muu,mõjutama,,1,,obl,
333,kraapima maha kellelt/millelt,abl,mitte kunagi,alati,mitte kunagi,kraapima,maha,1,,obl,
334,tõrjuma kellelt/millelt,abl,mitte kunagi,alati,muu,tõrjuma,,1,,obl,
335,krabama kellelt/millelt,abl,vahel,vahel,mitte kunagi,krabama,,1,,obl,
336,tõotama kellelt/millelt,abl,mitte kunagi,mitte kunagi,mitte kunagi,tõotama,,1,,obl,
337,tahtma tagasi kellelt/millelt,abl,alati,mitte kunagi,mitte kunagi,tahtma,tagasi,1,,obl,
338,mõjuma kellelt/millelt,abl,mitte kunagi,mitte kunagi,muu,mõjuma,,1,,obl,
339,tõmbama tagasi kellelt/millelt,abl,mitte kunagi,alati,mitte kunagi,tõmbama,tagasi,1,,obl,
340,täitma kellelt/millelt,abl,mitte kunagi,mitte kunagi,muu,täitma,,1,,obl,
341,päästma kellelt/millelt,abl,mitte kunagi,alati,mitte kunagi,päästma,,1,,obl,
342,tõmbama ära kellelt/millelt,abl,vahel,vahel,muu,tõmbama,ära,1,,obl,
343,tõmbama välja kellelt/millelt,abl,mitte kunagi,alati,mitte kunagi,tõmbama,välja,1,,obl,
344,kritiseerima kellelt/millelt,abl,mitte kunagi,mitte kunagi,muu,kritiseerima,,1,,obl,
345,kujutama ette kellelt/millelt,abl,mitte kunagi,mitte kunagi,muu,kujutama,ette,1,,obl,
346,kuluma kellelt/millelt,abl,mitte kunagi,vahel,muu,kuluma,,1,,obl,
347,pääsema lahti kellelt/millelt,abl,mitte kunagi,alati,mitte kunagi,pääsema,lahti,1,,obl,
348,tänama kellelt/millelt,abl,mitte kunagi,vahel,muu,tänama,,1,,obl,
349,pääsema läbi kellelt/millelt,abl,mitte kunagi,alati,mitte kunagi,pääsema,läbi,1,,obl,
350,pikendama kellelt/millelt,abl,mitte kunagi,mitte kunagi,muu,pikendama,,1,,obl,
351,kumama kellelt/millelt,abl,mitte kunagi,alati,muu,kumama,,1,,obl,
352,võtma peale kellelt/millelt,abl,mitte kunagi,alati,mitte kunagi,võtma,peale,1,,obl,
353,maksma tagasi kellelt/millelt,abl,mitte kunagi,mitte kunagi,muu,maksma,tagasi,1,,obl,
354,võrdlema kellelt/millelt,abl,mitte kunagi,mitte kunagi,muu,võrdlema,,1,,obl,
355,alanema kellelt/millelt,abl,mitte kunagi,mitte kunagi,muu,alanema,,1,,obl,
356,alandama kellelt/millelt,abl,mitte kunagi,mitte kunagi,muu,alandama,,1,,obl,
357,haakuma kellelt/millelt,abl,mitte kunagi,mitte kunagi,muu,haakuma,,1,,obl,
358,ebaõnnestuma kellelt/millelt,abl,mitte kunagi,mitte kunagi,muu,ebaõnnestuma,,1,,obl,
359,olema tarvis kellelt/millelt,abl,mitte kunagi,mitte kunagi,muu,olema,tarvis,1,,obl,
360,saabuma tagasi kellelt/millelt,abl,mitte kunagi,alati,mitte kunagi,saabuma,tagasi,1,,obl,
361,iseloomustama kellelt/millelt,abl,mitte kunagi,mitte kunagi,muu,iseloomustama,,1,,obl,
362,edestama kellelt/millelt,abl,mitte kunagi,mitte kunagi,muu,edestama,,1,,obl,
363,võtma kaasa kellelt/millelt,abl,mitte kunagi,alati,muu,võtma,kaasa,1,,obl,
364,edastama kellelt/millelt,abl,vahel,vahel,mitte kunagi,edastama,,1,,obl,
365,eraldama kellelt/millelt,abl,vahel,vahel,muu,eraldama,,1,,obl,
366,sulatama kellelt/millelt,abl,mitte kunagi,alati,vaieldav märgendus,sulatama,,1,,obl,
367,saama kaasa kellelt/millelt,abl,alati,mitte kunagi,mitte kunagi,saama,kaasa,1,,obl,
368,ostma üles kellelt/millelt,abl,alati,mitte kunagi,mitte kunagi,ostma,üles,1,,obl,
369,võtma kinni kellelt/millelt,abl,mitte kunagi,alati,mitte kunagi,võtma,kinni,1,,obl,
370,ostma tagasi kellelt/millelt,abl,alati,mitte kunagi,muu,ostma,tagasi,1,,obl,
371,paiskama kellelt/millelt,abl,mitte kunagi,alati,muu,paiskama,,1,,obl,
372,domineerima kellelt/millelt,abl,mitte kunagi,mitte kunagi,muu,domineerima,,1,,obl,
373,algatama kellelt/millelt,abl,mitte kunagi,mitte kunagi,muu,algatama,,1,,obl,
374,hüppama välja kellelt/millelt,abl,mitte kunagi,alati,mitte kunagi,hüppama,välja,1,,obl,
375,ostma sisse kellelt/millelt,abl,alati,mitte kunagi,muu,ostma,sisse,1,,obl,
376,paranema kellelt/millelt,abl,mitte kunagi,mitte kunagi,muu,paranema,,1,,obl,
377,võtma kokku kellelt/millelt,abl,vahel,vahel,muu,võtma,kokku,1,,obl,
378,saama edasi kellelt/millelt,abl,mitte kunagi,alati,muu,saama,edasi,1,,obl,
379,sammuma kellelt/millelt,abl,mitte kunagi,vahel,muu,sammuma,,1,,obl,
380,võimaldama kellelt/millelt,abl,mitte kunagi,mitte kunagi,muu,võimaldama,,1,,obl,
381,ajama kellelt/millelt,abl,mitte kunagi,alati,muu,ajama,,1,,obl,
382,eristuma kellelt/millelt,abl,mitte kunagi,mitte kunagi,pole kindel,eristuma,,1,,obl,
383,võitma kokku kellelt/millelt,abl,mitte kunagi,alati,pole kindel,võitma,kokku,1,,obl,
384,võima kellelt/millelt,abl,vahel,vahel,pole kindel,võima,,1,,obl,
385,panema ära kellelt/millelt,abl,mitte kunagi,alati,muu,panema,ära,1,,obl,
386,sundima kellelt/millelt,abl,vahel,vahel,pole kindel,sundima,,1,,obl,
387,viima ära kellelt/millelt,abl,mitte kunagi,alati,muu,viima,ära,1,,obl,
388,saama kokku kellelt/millelt,abl,vahel,vahel,pole kindel,saama,kokku,1,,obl,
389,võitlema välja kellelt/millelt,abl,alati,mitte kunagi,mitte kunagi,võitlema,välja,1,,obl,
390,esindama kellelt/millelt,abl,mitte kunagi,mitte kunagi,muu,esindama,,1,,obl,
391,pagema kellelt/millelt,abl,mitte kunagi,alati,mitte kunagi,pagema,,1,,obl,
392,võitma tagasi kellelt/millelt,abl,alati,mitte kunagi,mitte kunagi,võitma,tagasi,1,,obl,
393,esinema kellelt/millelt,abl,mitte kunagi,mitte kunagi,muu,esinema,,1,,obl,
394,viitama kellelt/millelt,abl,mitte kunagi,mitte kunagi,muu,viitama,,1,,obl,
395,elama kellelt/millelt,abl,mitte kunagi,mitte kunagi,muu,elama,,1,,obl,
396,esitlema kellelt/millelt,abl,mitte kunagi,mitte kunagi,muu,esitlema,,1,,obl,
397,sõitma otsa kellelt/millelt,abl,mitte kunagi,vahel,muu,sõitma,otsa,1,,obl,
398,abielluma kellelt/millelt,abl,mitte kunagi,mitte kunagi,muu,abielluma,,1,,obl,
399,importima kellelt/millelt,abl,mitte kunagi,alati,mitte kunagi,importima,,1,,obl,
400,viima välja kellelt/millelt,abl,mitte kunagi,alati,muu,viima,välja,1,,obl,
401,otsustama kellelt/millelt,abl,mitte kunagi,mitte kunagi,muu,otsustama,,1,,obl,
402,otsima üles kellelt/millelt,abl,mitte kunagi,alati,mitte kunagi,otsima,üles,1,,obl,
403,alistama kellelt/millelt,abl,mitte kunagi,mitte kunagi,muu,alistama,,1,,obl,
404,haihtuma kellelt/millelt,abl,mitte kunagi,alati,mitte kunagi,haihtuma,,1,,obl,
405,rändama kellelt/millelt,abl,mitte kunagi,alati,pole kindel,rändama,,1,,obl,
406,olema rahul kellelt/millelt,abl,mitte kunagi,mitte kunagi,muu,olema,rahul,1,,obl,
407,parandama kellelt/millelt,abl,mitte kunagi,mitte kunagi,muu,parandama,,1,,obl,
408,suhtuma kellelt/millelt,abl,mitte kunagi,mitte kunagi,muu,suhtuma,,1,,obl,
409,ruttama kellelt/millelt,abl,mitte kunagi,alati,muu,ruttama,,1,,obl,
410,ajama ära kellelt/millelt,abl,mitte kunagi,mitte kunagi,mitte kunagi,ajama,ära,1,,obl,
411,eelistama kellelt/millelt,abl,mitte kunagi,mitte kunagi,muu,eelistama,,1,,obl,
412,võitlema kellelt/millelt,abl,mitte kunagi,mitte kunagi,muu,võitlema,,1,,obl,
413,värbama kellelt/millelt,abl,vahel,vahel,mitte kunagi,värbama,,1,,obl,
414,võtma ette kellelt/millelt,abl,mitte kunagi,mitte kunagi,muu,võtma,ette,1,,obl,
415,saama lahti kellelt/millelt,abl,mitte kunagi,vahel,muu,saama,lahti,1,,obl,
416,ihkama kellelt/millelt,abl,mitte kunagi,mitte kunagi,muu,ihkama,,1,,obl,
417,saatma ära kellelt/millelt,abl,mitte kunagi,alati,muu,saatma,ära,1,,obl,
418,väsima kellelt/millelt,abl,mitte kunagi,mitte kunagi,muu,väsima,,1,,obl,
419,võistlema kellelt/millelt,abl,mitte kunagi,mitte kunagi,muu,võistlema,,1,,obl,
420,eemalduma kellelt/millelt,abl,mitte kunagi,alati,mitte kunagi,eemalduma,,1,,obl,
421,ilmnema kellelt/millelt,abl,mitte kunagi,alati,muu,ilmnema,,1,,obl,
422,ennustama kellelt/millelt,abl,mitte kunagi,mitte kunagi,muu,ennustama,,1,,obl,
423,paiknema kellelt/millelt,abl,mitte kunagi,mitte kunagi,muu,paiknema,,1,,obl,
424,ronima maha kellelt/millelt,abl,mitte kunagi,alati,mitte kunagi,ronima,maha,1,,obl,
425,garanteerima kellelt/millelt,abl,mitte kunagi,mitte kunagi,pole kindel,garanteerima,,1,,obl,
426,panema pihta kellelt/millelt,abl,vahel,vahel,mitte kunagi,panema,pihta,1,,obl,
427,säilitama kellelt/millelt,abl,mitte kunagi,mitte kunagi,muu,säilitama,,1,,obl,
428,ostma välja kellelt/millelt,abl,alati,mitte kunagi,mitte kunagi,ostma,välja,1,,obl,
429,reisima kellelt/millelt,abl,mitte kunagi,alati,mitte kunagi,reisima,,1,,obl,
430,ronima kellelt/millelt,abl,mitte kunagi,alati,muu,ronima,,1,,obl,
431,saama läbi kellelt/millelt,abl,mitte kunagi,alati,muu,saama,läbi,1,,obl,
432,haarama kaasa kellelt/millelt,abl,mitte kunagi,alati,mitte kunagi,haarama,kaasa,1,,obl,
433,suurendama kellelt/millelt,abl,mitte kunagi,mitte kunagi,muu,suurendama,,1,,obl,
434,ronima alla kellelt/millelt,abl,mitte kunagi,alati,mitte kunagi,ronima,alla,1,,obl,
435,eralduma kellelt/millelt,abl,mitte kunagi,alati,mitte kunagi,eralduma,,1,,obl,
436,ühinema kellelt/millelt,abl,mitte kunagi,mitte kunagi,muu,ühinema,,1,,obl,
437,viima läbi kellelt/millelt,abl,mitte kunagi,vahel,muu,viima,läbi,1,,obl,
438,võtma lahti kellelt/millelt,abl,mitte kunagi,alati,mitte kunagi,võtma,lahti,1,,obl,
439,saavutama kellelt/millelt,abl,mitte kunagi,mitte kunagi,muu,saavutama,,1,,obl,
440,hüüdma kellelt/millelt,abl,mitte kunagi,alati,mitte kunagi,hüüdma,,1,,obl,
441,panema plehku kellelt/millelt,abl,mitte kunagi,alati,mitte kunagi,panema,plehku,1,,obl,
442,saama juurde kellelt/millelt,abl,vahel,vahel,muu,saama,juurde,1,,obl,
443,üürima kellelt/millelt,abl,alati,mitte kunagi,mitte kunagi,üürima,,1,,obl,
444,saatma välja kellelt/millelt,abl,mitte kunagi,alati,muu,saatma,välja,1,,obl,
445,surema kellelt/millelt,abl,mitte kunagi,mitte kunagi,muu,surema,,1,,obl,
446,ehitama kellelt/millelt,abl,mitte kunagi,vahel,muu,ehitama,,1,,obl,
447,peatama kellelt/millelt,abl,mitte kunagi,mitte kunagi,pole kindel,peatama,,1,,obl,
448,ajama välja kellelt/millelt,abl,mitte kunagi,alati,mitte kunagi,ajama,välja,1,,obl,
449,osutuma kellelt/millelt,abl,mitte kunagi,mitte kunagi,muu,osutuma,,1,,obl,
450,sõitma läbi kellelt/millelt,abl,mitte kunagi,alati,mitte kunagi,sõitma,läbi,1,,obl,
451,osutama kellelt/millelt,abl,mitte kunagi,vahel,pole kindel,osutama,,1,,obl,
452,võrsuma kellelt/millelt,abl,mitte kunagi,alati,mitte kunagi,võrsuma,,1,,obl,
453,sõitma maha kellelt/millelt,abl,mitte kunagi,alati,mitte kunagi,sõitma,maha,1,,obl,
454,imbuma kellelt/millelt,abl,mitte kunagi,alati,mitte kunagi,imbuma,,1,,obl,
455,eitama kellelt/millelt,abl,mitte kunagi,mitte kunagi,muu,eitama,,1,,obl,
456,ärandama kellelt/millelt,abl,vahel,vahel,mitte kunagi,ärandama,,1,,obl,
457,riisuma kellelt/millelt,abl,alati,mitte kunagi,mitte kunagi,riisuma,,1,,obl,
458,äratama kellelt/millelt,abl,mitte kunagi,mitte kunagi,muu,äratama,,1,,obl,
459,suruma välja kellelt/millelt,abl,mitte kunagi,alati,mitte kunagi,suruma,välja,1,,obl,
460,rõõmustama kellelt/millelt,abl,mitte kunagi,mitte kunagi,muu,rõõmustama,,1,,obl,
461,arvama kellelt/millelt,abl,mitte kunagi,mitte kunagi,muu,arvama,,1,,obl,
462,astuma välja kellelt/millelt,abl,mitte kunagi,alati,mitte kunagi,astuma,välja,1,,obl,
463,õigustama kellelt/millelt,abl,mitte kunagi,mitte kunagi,muu,õigustama,,1,,obl,
464,asetama kellelt/millelt,abl,mitte kunagi,vahel,muu,asetama,,1,,obl,
465,hoidma eemale kellelt/millelt,abl,mitte kunagi,alati,mitte kunagi,hoidma,eemale,1,,obl,
466,asendama kellelt/millelt,abl,mitte kunagi,mitte kunagi,muu,asendama,,1,,obl,
467,rikkuma kellelt/millelt,abl,mitte kunagi,mitte kunagi,muu,rikkuma,,1,,obl,
468,hoidma kokku kellelt/millelt,abl,mitte kunagi,alati,vaieldav märgendus,hoidma,kokku,1,,obl,
469,voolama alla kellelt/millelt,abl,mitte kunagi,alati,mitte kunagi,voolama,alla,1,,obl,
470,voolama kellelt/millelt,abl,mitte kunagi,alati,mitte kunagi,voolama,,1,,obl,
471,sõidutama kellelt/millelt,abl,mitte kunagi,alati,mitte kunagi,sõidutama,,1,,obl,
472,arvestama maha kellelt/millelt,abl,mitte kunagi,alati,mitte kunagi,arvestama,maha,1,,obl,
473,õhkuma kellelt/millelt,abl,mitte kunagi,alati,mitte kunagi,õhkuma,,1,,obl,
474,hoiatama kellelt/millelt,abl,mitte kunagi,vahel,muu,hoiatama,,1,,obl,
475,hoidma kellelt/millelt,abl,mitte kunagi,mitte kunagi,muu,hoidma,,1,,obl,
476,saama sisse kellelt/millelt,abl,vahel,mitte kunagi,muu,saama,sisse,1,,obl,
477,astuma alla kellelt/millelt,abl,mitte kunagi,alati,mitte kunagi,astuma,alla,1,,obl,
478,peegelduma vastu kellelt/millelt,abl,mitte kunagi,alati,mitte kunagi,peegelduma,vastu,1,,obl,
479,arutama kellelt/millelt,abl,mitte kunagi,mitte kunagi,muu,arutama,,1,,obl,
480,hoolitsema kellelt/millelt,abl,mitte kunagi,mitte kunagi,muu,hoolitsema,,1,,obl,
481,peegelduma kellelt/millelt,abl,mitte kunagi,alati,mitte kunagi,peegelduma,,1,,obl,
482,võtma välja kellelt/millelt,abl,mitte kunagi,alati,mitte kunagi,võtma,välja,1,,obl,
483,hammustama kellelt/millelt,abl,alati,mitte kunagi,mitte kunagi,hammustama,,1,,obl,
484,saama välja kellelt/millelt,abl,mitte kunagi,alati,mitte kunagi,saama,välja,1,,obl,
485,olema ära kellelt/millelt,abl,mitte kunagi,alati,mitte kunagi,olema,ära,1,,obl,
486,suunduma kellelt/millelt,abl,mitte kunagi,alati,mitte kunagi,suunduma,,1,,obl,
487,hõlmama kellelt/millelt,abl,mitte kunagi,vahel,muu,hõlmama,,1,,obl,
488,analüüsima kellelt/millelt,abl,mitte kunagi,mitte kunagi,muu,analüüsima,,1,,obl,
489,võtma üles kellelt/millelt,abl,mitte kunagi,alati,mitte kunagi,võtma,üles,1,,obl,
490,ammutama kellelt/millelt,abl,vahel,vahel,mitte kunagi,ammutama,,1,,obl,
491,väitma kellelt/millelt,abl,mitte kunagi,alati,muu,väitma,,1,,obl,
492,demonstreerima kellelt/millelt,abl,mitte kunagi,mitte kunagi,muu,demonstreerima,,1,,obl,
493,astuma üles kellelt/millelt,abl,mitte kunagi,alati,pole kindel,astuma,üles,1,,obl,
494,virutama kellelt/millelt,abl,vahel,vahel,mitte kunagi,virutama,,1,,obl,
495,võtma võlgu kellelt/millelt,abl,alati,mitte kunagi,mitte kunagi,võtma,võlgu,1,,obl,
496,hindama kellelt/millelt,abl,mitte kunagi,mitte kunagi,muu,hindama,,1,,obl,
497,astuma tagasi kellelt/millelt,abl,mitte kunagi,alati,mitte kunagi,astuma,tagasi,1,,obl,
498,astuma läbi kellelt/millelt,abl,mitte kunagi,alati,mitte kunagi,astuma,läbi,1,,obl,
499,arvestama kellelt/millelt,abl,mitte kunagi,vahel,muu,arvestama,,1,,obl,
500,astuma kõrvale kellelt/millelt,abl,mitte kunagi,alati,mitte kunagi,astuma,kõrvale,1,,obl,
501,voolama välja kellelt/millelt,abl,mitte kunagi,alati,mitte kunagi,voolama,välja,1,,obl,
502,peegelduma tagasi kellelt/millelt,abl,mitte kunagi,alati,mitte kunagi,peegelduma,tagasi,1,,obl,
503,õhutama kellelt/millelt,abl,mitte kunagi,vahel,muu,õhutama,,1,,obl,
504,ootama tagasi kellelt/millelt,abl,mitte kunagi,alati,mitte kunagi,ootama,tagasi,1,,obl,
505,astuma maha kellelt/millelt,abl,mitte kunagi,alati,mitte kunagi,astuma,maha,1,,obl,
506,sõitma alla kellelt/millelt,abl,mitte kunagi,alati,mitte kunagi,sõitma,alla,1,,obl,
507,säästma kellelt/millelt,abl,mitte kunagi,alati,vaieldav märgendus,säästma,,1,,obl,
508,sõitma mööda kellelt/millelt,abl,mitte kunagi,alati,mitte kunagi,sõitma,mööda,1,,obl,
509,viskuma kellelt/millelt,abl,mitte kunagi,alati,mitte kunagi,viskuma,,1,,obl,
510,helistama kellelt/millelt,abl,mitte kunagi,alati,mitte kunagi,helistama,,1,,obl,
511,aitama kaasa kellelt/millelt,abl,mitte kunagi,mitte kunagi,muu,aitama,kaasa,1,,obl,
512,saama alla kellelt/millelt,abl,mitte kunagi,vahel,muu,saama,alla,1,,obl,
513,olema nõus kellelt/millelt,abl,mitte kunagi,mitte kunagi,muu,olema,nõus,1,,obl,
514,viitsima kellelt/millelt,abl,mitte kunagi,mitte kunagi,muu,viitsima,,1,,obl,
515,imema kellelt/millelt,abl,vahel,vahel,mitte kunagi,imema,,1,,obl,
516,eksima kellelt/millelt,abl,mitte kunagi,alati,pole kindel,eksima,,1,,obl,
517,saama kätte kellelt/millelt,abl,alati,mitte kunagi,mitte kunagi,saama,kätte,1,,obl,
518,emigreeruma kellelt/millelt,abl,mitte kunagi,alati,mitte kunagi,emigreeruma,,1,,obl,
519,aitama kellelt/millelt,abl,mitte kunagi,mitte kunagi,muu,aitama,,1,,obl,
520,suruma kellelt/millelt,abl,mitte kunagi,alati,muu,suruma,,1,,obl,
521,evakueerima kellelt/millelt,abl,mitte kunagi,alati,mitte kunagi,evakueerima,,1,,obl,
522,saatma tagasi kellelt/millelt,abl,mitte kunagi,alati,mitte kunagi,saatma,tagasi,1,,obl,
523,väärima kellelt/millelt,abl,mitte kunagi,vahel,muu,väärima,,1,,obl,
524,võrduma kellelt/millelt,abl,mitte kunagi,mitte kunagi,pole kindel,võrduma,,1,,obl,
525,ajama kokku kellelt/millelt,abl,vahel,vahel,muu,ajama,kokku,1,,obl,
526,sulama kellelt/millelt,abl,mitte kunagi,alati,mitte kunagi,sulama,,1,,obl,
527,säilima kellelt/millelt,abl,vahel,vahel,mitte kunagi,säilima,,1,,obl,
528,ehtima kellelt/millelt,abl,mitte kunagi,mitte kunagi,muu,ehtima,,1,,obl,
529,ehmatama kellelt/millelt,abl,mitte kunagi,alati,muu,ehmatama,,1,,obl,
530,ilmutama kellelt/millelt,abl,mitte kunagi,vahel,muu,ilmutama,,1,,obl,
531,üllatama kellelt/millelt,abl,mitte kunagi,mitte kunagi,muu,üllatama,,1,,obl,
532,asutama kellelt/millelt,abl,mitte kunagi,alati,muu,asutama,,1,,obl,
533,arenema kellelt/millelt,abl,mitte kunagi,vahel,muu,arenema,,1,,obl,
534,avalduma kellelt/millelt,abl,mitte kunagi,mitte kunagi,muu,avalduma,,1,,obl,
535,pöörama ära kellelt/millelt,abl,mitte kunagi,alati,mitte kunagi,pöörama,ära,1,,obl,
536,huvitama kellelt/millelt,abl,mitte kunagi,mitte kunagi,muu,huvitama,,1,,obl,
537,ähvardama kellelt/millelt,abl,mitte kunagi,mitte kunagi,muu,ähvardama,,1,,obl,
538,viskama välja kellelt/millelt,abl,mitte kunagi,alati,mitte kunagi,viskama,välja,1,,obl,
539,peegeldama kellelt/millelt,abl,mitte kunagi,alati,muu,peegeldama,,1,,obl,
540,heitma kellelt/millelt,abl,mitte kunagi,alati,mitte kunagi,heitma,,1,,obl,
541,sõitma edasi kellelt/millelt,abl,mitte kunagi,alati,mitte kunagi,sõitma,edasi,1,,obl,
542,peetuma kellelt/millelt,abl,mitte kunagi,mitte kunagi,muu,,peetuma,1,,obl,
543,ründama kellelt/millelt,abl,mitte kunagi,alati,muu,ründama,,1,,obl,
544,rääkima välja kellelt/millelt,abl,alati,mitte kunagi,mitte kunagi,rääkima,välja,1,,obl,
545,saama peksma kellelt/millelt,abl,alati,mitte kunagi,pole kindel,peksma,saama,1,,obl,
546,annetama kellelt/millelt,abl,mitte kunagi,vahel,vaieldav märgendus,annetama,,1,,obl,
547,paisuma kellelt/millelt,abl,mitte kunagi,mitte kunagi,muu,paisuma,,1,,obl,
548,organiseerima kellelt/millelt,abl,vahel,vahel,muu,organiseerima,,1,,obl,
549,häirima kellelt/millelt,abl,mitte kunagi,mitte kunagi,muu,häirima,,1,,obl,
550,saama pihta kellelt/millelt,abl,vahel,vahel,mitte kunagi,saama,pihta,1,,obl,
551,avaldama kellelt/millelt,abl,mitte kunagi,vahel,muu,avaldama,,1,,obl,
552,anuma kellelt/millelt,abl,alati,mitte kunagi,mitte kunagi,,anuma,1,,obl,
553,omama kellelt/millelt,abl,mitte kunagi,mitte kunagi,muu,omama,,1,,obl,
554,armastama kellelt/millelt,abl,mitte kunagi,mitte kunagi,muu,armastama,,1,,obl,
555,opereerima kellelt/millelt,abl,vahel,mitte kunagi,muu,opereerima,,1,,obl,
556,hiilima kellelt/millelt,abl,mitte kunagi,alati,mitte kunagi,hiilima,,1,,obl,
557,hukkuma kellelt/millelt,abl,mitte kunagi,mitte kunagi,muu,hukkuma,,1,,obl,
558,rippuma kellelt/millelt,abl,mitte kunagi,vahel,muu,rippuma,,1,,obl,
559,lugema välja kellelt/millelt,abl,mitte kunagi,alati,mitte kunagi,lugema,välja,1,,obl,
560,lähenema kellelt/millelt,abl,mitte kunagi,vahel,muu,lähenema,,1,,obl,
561,naeratama kellelt/millelt,abl,mitte kunagi,vahel,muu,naeratama,,1,,obl,
562,põrkuma kellelt/millelt,abl,mitte kunagi,alati,mitte kunagi,põrkuma,,1,,obl,
563,kiskuma maha kellelt/millelt,abl,mitte kunagi,alati,mitte kunagi,kiskuma,maha,1,,obl,
564,naeratama vastu kellelt/millelt,abl,mitte kunagi,alati,mitte kunagi,naeratama,vastu,1,,obl,
565,naerma kellelt/millelt,abl,mitte kunagi,mitte kunagi,muu,naerma,,1,,obl,
566,sekkuma kellelt/millelt,abl,mitte kunagi,vahel,muu,sekkuma,,1,,obl,
567,kiskuma kellelt/millelt,abl,vahel,vahel,mitte kunagi,kiskuma,,1,,obl,
568,põrkuma tagasi kellelt/millelt,abl,mitte kunagi,alati,mitte kunagi,põrkuma,tagasi,1,,obl,
569,ujuma kellelt/millelt,abl,mitte kunagi,alati,mitte kunagi,ujuma,,1,,obl,
570,tagandama kellelt/millelt,abl,mitte kunagi,alati,mitte kunagi,tagandama,,1,,obl,
571,kohustuma kellelt/millelt,abl,mitte kunagi,mitte kunagi,muu,kohustuma,,1,,obl,
572,kohustama kellelt/millelt,abl,mitte kunagi,mitte kunagi,muu,kohustama,,1,,obl,
573,piiluma kellelt/millelt,abl,mitte kunagi,alati,muu,piiluma,,1,,obl,
574,kohtama kellelt/millelt,abl,vahel,mitte kunagi,muu,kohtama,,1,,obl,
575,kohtuma kellelt/millelt,abl,mitte kunagi,mitte kunagi,muu,kohtuma,,1,,obl,
576,kolima ära kellelt/millelt,abl,mitte kunagi,alati,mitte kunagi,kolima,ära,1,,obl,
577,taganema kellelt/millelt,abl,mitte kunagi,alati,mitte kunagi,taganema,,1,,obl,
578,koguma kokku kellelt/millelt,abl,vahel,vahel,mitte kunagi,koguma,kokku,1,,obl,
579,seletama kellelt/millelt,abl,mitte kunagi,mitte kunagi,muu,seletama,,1,,obl,
580,kogema kellelt/millelt,abl,vahel,vahel,muu,kogema,,1,,obl,
581,kogunema kellelt/millelt,abl,vahel,vahel,muu,kogunema,,1,,obl,
582,tühistama kellelt/millelt,abl,mitte kunagi,mitte kunagi,muu,tühistama,,1,,obl,
583,müüma kellelt/millelt,abl,mitte kunagi,vahel,muu,müüma,,1,,obl,
584,tagama kellelt/millelt,abl,mitte kunagi,mitte kunagi,muu,tagama,,1,,obl,
585,kirjutama maha kellelt/millelt,abl,vahel,vahel,mitte kunagi,kirjutama,maha,1,,obl,
586,kirjutama alla kellelt/millelt,abl,mitte kunagi,mitte kunagi,muu,kirjutama,alla,1,,obl,
587,pigistama välja kellelt/millelt,abl,alati,mitte kunagi,mitte kunagi,pigistama,välja,1,,obl,
588,seostuma kellelt/millelt,abl,mitte kunagi,mitte kunagi,muu,seostuma,,1,,obl,
589,piirduma kellelt/millelt,abl,mitte kunagi,mitte kunagi,muu,piirduma,,1,,obl,
590,põhjendama kellelt/millelt,abl,mitte kunagi,mitte kunagi,muu,põhjendama,,1,,obl,
591,tõstma üles kellelt/millelt,abl,mitte kunagi,alati,mitte kunagi,tõstma,üles,1,,obl,
592,kopima kellelt/millelt,abl,mitte kunagi,alati,mitte kunagi,kopima,,1,,obl,
593,tõttama kellelt/millelt,abl,mitte kunagi,alati,mitte kunagi,tõttama,,1,,obl,
594,koosnema kellelt/millelt,abl,mitte kunagi,mitte kunagi,muu,koosnema,,1,,obl,
595,tõukama kellelt/millelt,abl,mitte kunagi,alati,mitte kunagi,tõukama,,1,,obl,
596,kopeerima kellelt/millelt,abl,mitte kunagi,alati,mitte kunagi,kopeerima,,1,,obl,
597,korjama kokku kellelt/millelt,abl,vahel,vahel,mitte kunagi,korjama,kokku,1,,obl,
598,koristama ära kellelt/millelt,abl,mitte kunagi,alati,mitte kunagi,koristama,ära,1,,obl,
599,korjama ära kellelt/millelt,abl,vahel,vahel,mitte kunagi,korjama,ära,1,,obl,
600,spurtima kellelt/millelt,abl,mitte kunagi,alati,muu,spurtima,,1,,obl,
601,korjama üles kellelt/millelt,abl,mitte kunagi,alati,mitte kunagi,korjama,üles,1,,obl,
602,põhinema kellelt/millelt,abl,mitte kunagi,mitte kunagi,muu,põhinema,,1,,obl,
603,kordama kellelt/millelt,abl,mitte kunagi,mitte kunagi,muu,kordama,,1,,obl,
604,koristama kellelt/millelt,abl,mitte kunagi,alati,mitte kunagi,koristama,,1,,obl,
605,uhtuma kellelt/millelt,abl,mitte kunagi,alati,mitte kunagi,uhtuma,,1,,obl,
606,klappima kellelt/millelt,abl,mitte kunagi,mitte kunagi,muu,klappima,,1,,obl,
607,kiskuma ära kellelt/millelt,abl,vahel,vahel,mitte kunagi,kiskuma,ära,1,,obl,
608,põrkama tagasi kellelt/millelt,abl,mitte kunagi,alati,mitte kunagi,põrkama,tagasi,1,,obl,
609,põrkama kellelt/millelt,abl,mitte kunagi,alati,mitte kunagi,põrkama,,1,,obl,
610,nõudma sisse kellelt/millelt,abl,alati,mitte kunagi,mitte kunagi,nõudma,sisse,1,,obl,
611,veerema kellelt/millelt,abl,mitte kunagi,alati,mitte kunagi,veerema,,1,,obl,
612,viibima kellelt/millelt,abl,mitte kunagi,mitte kunagi,muu,viibima,,1,,obl,
613,jätkuma kellelt/millelt,abl,mitte kunagi,mitte kunagi,muu,jätkuma,,1,,obl,
614,söandama kellelt/millelt,abl,vahel,mitte kunagi,pole kindel,söandama,,1,,obl,
615,vedama kellelt/millelt,abl,mitte kunagi,alati,mitte kunagi,vedama,,1,,obl,
616,jätma välja kellelt/millelt,abl,mitte kunagi,alati,mitte kunagi,jätma,välja,1,,obl,
617,sõitma välja kellelt/millelt,abl,mitte kunagi,alati,mitte kunagi,sõitma,välja,1,,obl,
618,jagunema kellelt/millelt,abl,mitte kunagi,mitte kunagi,muu,jagunema,,1,,obl,
619,jaguma kellelt/millelt,abl,mitte kunagi,mitte kunagi,muu,jaguma,,1,,obl,
620,registreerima kellelt/millelt,abl,mitte kunagi,alati,mitte kunagi,registreerima,,1,,obl,
621,jalutama kellelt/millelt,abl,mitte kunagi,alati,mitte kunagi,jalutama,,1,,obl,
622,olema kohal kellelt/millelt,abl,mitte kunagi,mitte kunagi,muu,olema,kohal,1,,obl,
623,jätma eemale kellelt/millelt,abl,mitte kunagi,alati,mitte kunagi,jätma,eemale,1,,obl,
624,viima kaasa kellelt/millelt,abl,mitte kunagi,alati,mitte kunagi,viima,kaasa,1,,obl,
625,istuma kellelt/millelt,abl,mitte kunagi,mitte kunagi,muu,istuma,,1,,obl,
626,viima kõrvale kellelt/millelt,abl,vahel,vahel,pole kindel,viima,kõrvale,1,,obl,
627,jagama kellelt/millelt,abl,mitte kunagi,vahel,muu,jagama,,1,,obl,
628,reguleerima kellelt/millelt,abl,mitte kunagi,mitte kunagi,muu,reguleerima,,1,,obl,
629,sõitma tagasi kellelt/millelt,abl,mitte kunagi,alati,mitte kunagi,sõitma,tagasi,1,,obl,
630,viima eemale kellelt/millelt,abl,mitte kunagi,alati,vaieldav märgendus,viima,eemale,1,,obl,
631,viima alla kellelt/millelt,abl,mitte kunagi,alati,vaieldav märgendus,viima,alla,1,,obl,
632,sõlmima kellelt/millelt,abl,mitte kunagi,mitte kunagi,muu,sõlmima,,1,,obl,
633,jooma kellelt/millelt,abl,mitte kunagi,mitte kunagi,muu,jooma,,1,,obl,
634,venitama kellelt/millelt,abl,mitte kunagi,mitte kunagi,muu,venitama,,1,,obl,
635,jätma kõrvale kellelt/millelt,abl,mitte kunagi,alati,mitte kunagi,jätma,kõrvale,1,,obl,
636,jääma kõrvale kellelt/millelt,abl,mitte kunagi,alati,mitte kunagi,jääma,kõrvale,1,,obl,
637,jutustama kellelt/millelt,abl,mitte kunagi,mitte kunagi,muu,jutustama,,1,,obl,
638,reageerima kellelt/millelt,abl,mitte kunagi,mitte kunagi,muu,reageerima,,1,,obl,
639,jälitama kellelt/millelt,abl,mitte kunagi,mitte kunagi,muu,jälitama,,1,,obl,
640,vedama ära kellelt/millelt,abl,mitte kunagi,alati,mitte kunagi,vedama,ära,1,,obl,
641,vedama välja kellelt/millelt,abl,mitte kunagi,alati,mitte kunagi,vedama,välja,1,,obl,
642,nõudma kokku kellelt/millelt,abl,alati,mitte kunagi,pole kindel,nõudma,kokku,1,,obl,
643,juhtima kõrvale kellelt/millelt,abl,mitte kunagi,mitte kunagi,muu,juhtima,kõrvale,1,,obl,
644,peletama kellelt/millelt,abl,mitte kunagi,alati,mitte kunagi,peletama,,1,,obl,
645,peletama eemale kellelt/millelt,abl,mitte kunagi,alati,mitte kunagi,peletama,eemale,1,,obl,
646,juhtima kellelt/millelt,abl,mitte kunagi,alati,pole kindel,juhtima,,1,,obl,
647,sõltuma kellelt/millelt,abl,mitte kunagi,mitte kunagi,muu,sõltuma,,1,,obl,
648,nõustuma kellelt/millelt,abl,mitte kunagi,mitte kunagi,muu,nõustuma,,1,,obl,
649,julgema kellelt/millelt,abl,mitte kunagi,mitte kunagi,muu,,julgema,1,,obl,
650,veeretama kellelt/millelt,abl,vahel,vahel,pole kindel,veeretama,,1,,obl,
651,sõnama kellelt/millelt,abl,mitte kunagi,alati,pole kindel,sõnama,,1,,obl,
652,juhtuma kellelt/millelt,abl,mitte kunagi,mitte kunagi,muu,juhtuma,,1,,obl,
653,nõutama kellelt/millelt,abl,alati,mitte kunagi,mitte kunagi,nõutama,,1,,obl,
654,raputama kellelt/millelt,abl,mitte kunagi,alati,mitte kunagi,raputama,,1,,obl,
655,raputama maha kellelt/millelt,abl,mitte kunagi,alati,mitte kunagi,raputama,maha,1,,obl,
656,jääma eemale kellelt/millelt,abl,mitte kunagi,alati,mitte kunagi,jääma,eemale,1,,obl,
657,pesema kellelt/millelt,abl,mitte kunagi,alati,mitte kunagi,pesema,,1,,obl,
658,varuma kellelt/millelt,abl,alati,mitte kunagi,mitte kunagi,varuma,,1,,obl,
659,kostuma kellelt/millelt,abl,mitte kunagi,alati,mitte kunagi,kostuma,,1,,obl,
660,tõrjuma välja kellelt/millelt,abl,mitte kunagi,alati,mitte kunagi,tõrjuma,välja,1,,obl,
661,ohkama kellelt/millelt,abl,mitte kunagi,mitte kunagi,muu,ohkama,,1,,obl,
662,tõrjuma kõrvale kellelt/millelt,abl,mitte kunagi,alati,mitte kunagi,tõrjuma,kõrvale,1,,obl,
663,seisnema kellelt/millelt,abl,mitte kunagi,mitte kunagi,muu,seisnema,,1,,obl,
664,unustama kellelt/millelt,abl,mitte kunagi,mitte kunagi,pole kindel,unustama,,1,,obl,
665,pöörama kellelt/millelt,abl,mitte kunagi,alati,vaieldav märgendus,pöörama,,1,,obl,
666,kiitma kellelt/millelt,abl,mitte kunagi,mitte kunagi,muu,kiitma,,1,,obl,
667,kiirendama kellelt/millelt,abl,mitte kunagi,mitte kunagi,muu,kiirendama,,1,,obl,
668,kiirustama kellelt/millelt,abl,mitte kunagi,alati,mitte kunagi,kiirustama,,1,,obl,
669,neelama kellelt/millelt,abl,vahel,vahel,mitte kunagi,neelama,,1,,obl,
670,kiirgama kellelt/millelt,abl,mitte kunagi,alati,mitte kunagi,kiirgama,,1,,obl,
671,kindlustama kellelt/millelt,abl,mitte kunagi,mitte kunagi,muu,kindlustama,,1,,obl,
672,nautima kellelt/millelt,abl,mitte kunagi,vahel,muu,nautima,,1,,obl,
673,vabanema kellelt/millelt,abl,mitte kunagi,alati,muu,vabanema,,1,,obl,
674,noogutama kellelt/millelt,abl,mitte kunagi,mitte kunagi,muu,noogutama,,1,,obl,
675,katkema kellelt/millelt,abl,mitte kunagi,mitte kunagi,muu,katkema,,1,,obl,
676,püsima kellelt/millelt,abl,mitte kunagi,mitte kunagi,muu,püsima,,1,,obl,
677,katkestama kellelt/millelt,abl,mitte kunagi,vahel,vaieldav märgendus,katkestama,,1,,obl,
678,kasvatama kellelt/millelt,abl,mitte kunagi,mitte kunagi,muu,kasvatama,,1,,obl,
679,noolima kellelt/millelt,abl,alati,mitte kunagi,mitte kunagi,noolima,,1,,obl,
680,vabastama kellelt/millelt,abl,mitte kunagi,vahel,muu,vabastama,,1,,obl,
681,kattuma kellelt/millelt,abl,mitte kunagi,mitte kunagi,muu,kattuma,,1,,obl,
682,kauplema kellelt/millelt,abl,alati,mitte kunagi,mitte kunagi,kauplema,,1,,obl,
683,nokkima kellelt/millelt,abl,mitte kunagi,alati,muu,nokkima,,1,,obl,
684,seirama kellelt/millelt,abl,mitte kunagi,alati,mitte kunagi,seirama,,1,,obl,
685,katma kellelt/millelt,abl,mitte kunagi,vahel,muu,katma,,1,,obl,
686,katsuma kellelt/millelt,abl,mitte kunagi,mitte kunagi,muu,katsuma,,1,,obl,
687,vaatlema kellelt/millelt,abl,mitte kunagi,alati,muu,vaatlema,,1,,obl,
688,vahetama kellelt/millelt,abl,mitte kunagi,mitte kunagi,muu,vahetama,,1,,obl,
689,kasseerima sisse kellelt/millelt,abl,alati,mitte kunagi,mitte kunagi,kasseerima,sisse,1,,obl,
690,ulatuma kellelt/millelt,abl,mitte kunagi,alati,mitte kunagi,ulatuma,,1,,obl,
691,kirjeldama kellelt/millelt,abl,mitte kunagi,mitte kunagi,muu,kirjeldama,,1,,obl,
692,keskenduma kellelt/millelt,abl,mitte kunagi,mitte kunagi,muu,keskenduma,,1,,obl,
693,tiirlema kellelt/millelt,abl,mitte kunagi,mitte kunagi,muu,tiirlema,,1,,obl,
694,kihutama kellelt/millelt,abl,mitte kunagi,mitte kunagi,muu,kihutama,,1,,obl,
695,pöörduma kellelt/millelt,abl,mitte kunagi,vahel,pole kindel,pöörduma,,1,,obl,
696,nihkuma kellelt/millelt,abl,vahel,vahel,pole kindel,nihkuma,,1,,obl,
697,uskuma kellelt/millelt,abl,mitte kunagi,mitte kunagi,muu,uskuma,,1,,obl,
698,uppuma kellelt/millelt,abl,mitte kunagi,mitte kunagi,muu,uppuma,,1,,obl,
699,kihutama välja kellelt/millelt,abl,mitte kunagi,alati,mitte kunagi,kihutama,välja,1,,obl,
700,pöörama kõrvale kellelt/millelt,abl,mitte kunagi,alati,mitte kunagi,pöörama,kõrvale,1,,obl,
701,nentima kellelt/millelt,abl,mitte kunagi,mitte kunagi,muu,nentima,,1,,obl,
702,kergitama kellelt/millelt,abl,mitte kunagi,mitte kunagi,muu,kergitama,,1,,obl,
703,pöörduma tagasi kellelt/millelt,abl,mitte kunagi,alati,mitte kunagi,pöörduma,tagasi,1,,obl,
704,kestma kellelt/millelt,abl,mitte kunagi,mitte kunagi,muu,kestma,,1,,obl,
705,põrutama kellelt/millelt,abl,mitte kunagi,alati,pole kindel,põrutama,,1,,obl,
706,taanduma kellelt/millelt,abl,mitte kunagi,alati,mitte kunagi,taanduma,,1,,obl,
707,taandama kellelt/millelt,abl,mitte kunagi,alati,mitte kunagi,taandama,,1,,obl,
708,kerjama kellelt/millelt,abl,alati,mitte kunagi,mitte kunagi,kerjama,,1,,obl,
709,nihutama kellelt/millelt,abl,mitte kunagi,alati,vaieldav märgendus,nihutama,,1,,obl,
710,kerkima esile kellelt/millelt,abl,mitte kunagi,vahel,muu,kerkima,esile,1,,obl,
711,ulatuma välja kellelt/millelt,abl,mitte kunagi,alati,mitte kunagi,ulatuma,välja,1,,obl,
712,kinnitama kellelt/millelt,abl,mitte kunagi,mitte kunagi,muu,kinnitama,,1,,obl,
713,kippuma kellelt/millelt,abl,mitte kunagi,mitte kunagi,muu,kippuma,,1,,obl,
714,kinkima kellelt/millelt,abl,mitte kunagi,mitte kunagi,muu,kinkima,,1,,obl,
715,napsama kellelt/millelt,abl,vahel,vahel,mitte kunagi,napsama,,1,,obl,
716,ulatama kellelt/millelt,abl,mitte kunagi,alati,muu,ulatama,,1,,obl,
717,kartma kellelt/millelt,abl,alati,mitte kunagi,muu,kartma,,1,,obl,
718,põlema kellelt/millelt,abl,mitte kunagi,mitte kunagi,muu,põlema,,1,,obl,
719,põikama kellelt/millelt,abl,mitte kunagi,alati,mitte kunagi,põikama,,1,,obl,
720,tõusma esile kellelt/millelt,abl,mitte kunagi,vahel,muu,tõusma,esile,1,,obl,
721,piirama kellelt/millelt,abl,mitte kunagi,vahel,muu,piirama,,1,,obl,
722,tõusma püsti kellelt/millelt,abl,mitte kunagi,alati,mitte kunagi,tõusma,püsti,1,,obl,
723,kontrollima kellelt/millelt,abl,mitte kunagi,vahel,muu,kontrollima,,1,,obl,
724,koorima kellelt/millelt,abl,vahel,vahel,mitte kunagi,koorima,,1,,obl,
725,mõõtma kellelt/millelt,abl,mitte kunagi,alati,muu,mõõtma,,1,,obl,
726,põhjustama kellelt/millelt,abl,mitte kunagi,mitte kunagi,muu,põhjustama,,1,,obl,
727,kooruma kellelt/millelt,abl,mitte kunagi,alati,mitte kunagi,kooruma,,1,,obl,
728,koondama kellelt/millelt,abl,mitte kunagi,mitte kunagi,pole kindel,koondama,,1,,obl,
729,koonduma kellelt/millelt,abl,mitte kunagi,mitte kunagi,muu,koonduma,,1,,obl,
730,töötama kellelt/millelt,abl,mitte kunagi,mitte kunagi,muu,töötama,,1,,obl,
731,pühkima maha kellelt/millelt,abl,mitte kunagi,alati,mitte kunagi,pühkima,maha,1,,obl,
732,mööduma kellelt/millelt,abl,mitte kunagi,vahel,muu,mööduma,,1,,obl,
733,selgitama kellelt/millelt,abl,mitte kunagi,mitte kunagi,muu,selgitama,,1,,obl,
734,tõusma üles kellelt/millelt,abl,mitte kunagi,alati,mitte kunagi,tõusma,üles,1,,obl,
735,konkureerima kellelt/millelt,abl,mitte kunagi,mitte kunagi,muu,konkureerima,,1,,obl,
736,konfiskeerima kellelt/millelt,abl,alati,mitte kunagi,mitte kunagi,konfiskeerima,,1,,obl,
737,kommenteerima kellelt/millelt,abl,mitte kunagi,mitte kunagi,muu,kommenteerima,,1,,obl,
738,selguma kellelt/millelt,abl,mitte kunagi,alati,mitte kunagi,selguma,,1,,obl,
739,tõstma esile kellelt/millelt,abl,mitte kunagi,vahel,muu,tõstma,esile,1,,obl,
740,tõstma maha kellelt/millelt,abl,mitte kunagi,alati,mitte kunagi,tõstma,maha,1,,obl,
741,korraldama kellelt/millelt,abl,mitte kunagi,mitte kunagi,muu,korraldama,,1,,obl,
742,mõtlema kellelt/millelt,abl,mitte kunagi,mitte kunagi,muu,mõtlema,,1,,obl,
743,keerama kellelt/millelt,abl,mitte kunagi,alati,mitte kunagi,keerama,,1,,obl,
744,vaatama otsa kellelt/millelt,abl,mitte kunagi,vahel,muu,vaatama,otsa,1,,obl,
745,kasvama välja kellelt/millelt,abl,mitte kunagi,alati,mitte kunagi,kasvama,välja,1,,obl,
746,süüdistama kellelt/millelt,abl,mitte kunagi,mitte kunagi,muu,süüdistama,,1,,obl,
747,sünnitama kellelt/millelt,abl,mitte kunagi,mitte kunagi,muu,sünnitama,,1,,obl,
748,norima kellelt/millelt,abl,alati,mitte kunagi,mitte kunagi,norima,,1,,obl,
749,vahendama kellelt/millelt,abl,vahel,vahel,mitte kunagi,vahendama,,1,,obl,
750,vaatama alla kellelt/millelt,abl,mitte kunagi,alati,mitte kunagi,vaatama,alla,1,,obl,
751,keerutama kellelt/millelt,abl,mitte kunagi,vahel,muu,keerutama,,1,,obl,
752,vaatama järele kellelt/millelt,abl,mitte kunagi,alati,mitte kunagi,vaatama,järele,1,,obl,
753,seisma kellelt/millelt,abl,mitte kunagi,mitte kunagi,muu,seisma,,1,,obl,
754,keerama ära kellelt/millelt,abl,mitte kunagi,alati,mitte kunagi,keerama,ära,1,,obl,
755,kehtestama kellelt/millelt,abl,mitte kunagi,mitte kunagi,muu,kehtestama,,1,,obl,
756,keerama maha kellelt/millelt,abl,mitte kunagi,alati,mitte kunagi,keerama,maha,1,,obl,
757,kehtima kellelt/millelt,abl,mitte kunagi,mitte kunagi,muu,kehtima,,1,,obl,
758,nimetama kellelt/millelt,abl,mitte kunagi,mitte kunagi,muu,nimetama,,1,,obl,
759,keelama kellelt/millelt,abl,mitte kunagi,mitte kunagi,pole kindel,keelama,,1,,obl,
760,keelduma kellelt/millelt,abl,mitte kunagi,mitte kunagi,pole kindel,keelduma,,1,,obl,
761,vaatama pealt kellelt/millelt,abl,mitte kunagi,alati,mitte kunagi,vaatama,pealt,1,,obl,
762,kauplema välja kellelt/millelt,abl,alati,mitte kunagi,mitte kunagi,kauplema,välja,1,,obl,
763,pürgima kellelt/millelt,abl,mitte kunagi,vahel,muu,pürgima,,1,,obl,
764,kavatsema kellelt/millelt,abl,mitte kunagi,mitte kunagi,muu,kavatsema,,1,,obl,
765,kavandama kellelt/millelt,abl,mitte kunagi,mitte kunagi,muu,kavandama,,1,,obl,
766,keerama kõrvale kellelt/millelt,abl,mitte kunagi,alati,mitte kunagi,keerama,kõrvale,1,,obl,
767,rebima maha kellelt/millelt,abl,mitte kunagi,alati,mitte kunagi,rebima,maha,1,,obl,
768,jahtima kellelt/millelt,abl,mitte kunagi,vahel,muu,jahtima,,1,,obl,
769,jooksma ära kellelt/millelt,abl,mitte kunagi,alati,mitte kunagi,jooksma,ära,1,,obl,
770,lehvitama kellelt/millelt,abl,mitte kunagi,alati,mitte kunagi,lehvitama,,1,,obl,
771,lavastama kellelt/millelt,abl,mitte kunagi,mitte kunagi,muu,lavastama,,1,,obl,
772,pistma kellelt/millelt,abl,mitte kunagi,mitte kunagi,muu,pistma,,1,,obl,
773,minema välja kellelt/millelt,abl,mitte kunagi,alati,mitte kunagi,minema,välja,1,,obl,
774,puhuma kellelt/millelt,abl,mitte kunagi,vahel,muu,puhuma,,1,,obl,
775,laskma välja kellelt/millelt,abl,vahel,vahel,muu,laskma,välja,1,,obl,
776,laskuma kellelt/millelt,abl,mitte kunagi,alati,mitte kunagi,laskuma,,1,,obl,
777,trügima kellelt/millelt,abl,mitte kunagi,vahel,muu,trügima,,1,,obl,
778,laskma läbi kellelt/millelt,abl,mitte kunagi,alati,mitte kunagi,laskma,läbi,1,,obl,
779,tormama kellelt/millelt,abl,mitte kunagi,alati,pole kindel,tormama,,1,,obl,
780,lendama ära kellelt/millelt,abl,mitte kunagi,alati,mitte kunagi,lendama,ära,1,,obl,
781,lendama välja kellelt/millelt,abl,mitte kunagi,alati,mitte kunagi,lendama,välja,1,,obl,
782,lendama maha kellelt/millelt,abl,mitte kunagi,alati,mitte kunagi,lendama,maha,1,,obl,
783,pudenema maha kellelt/millelt,abl,mitte kunagi,alati,mitte kunagi,pudenema,maha,1,,obl,
784,lendama kohale kellelt/millelt,abl,mitte kunagi,alati,mitte kunagi,lendama,kohale,1,,obl,
785,torkama kellelt/millelt,abl,mitte kunagi,mitte kunagi,muu,torkama,,1,,obl,
786,pudenema alla kellelt/millelt,abl,mitte kunagi,alati,mitte kunagi,pudenema,alla,1,,obl,
787,lennutama kellelt/millelt,abl,mitte kunagi,alati,mitte kunagi,lennutama,,1,,obl,
788,sisenema kellelt/millelt,abl,mitte kunagi,alati,muu,sisenema,,1,,obl,
789,pudenema kellelt/millelt,abl,mitte kunagi,alati,mitte kunagi,pudenema,,1,,obl,
790,lendama alla kellelt/millelt,abl,mitte kunagi,alati,mitte kunagi,lendama,alla,1,,obl,
791,leidma eest kellelt/millelt,abl,mitte kunagi,alati,mitte kunagi,leidma,eest,1,,obl,
792,minema läbi kellelt/millelt,abl,mitte kunagi,alati,mitte kunagi,minema,läbi,1,,obl,
793,minema maha kellelt/millelt,abl,mitte kunagi,alati,vaieldav märgendus,minema,maha,1,,obl,
794,puhastama kellelt/millelt,abl,mitte kunagi,alati,mitte kunagi,puhastama,,1,,obl,
795,minema mööda kellelt/millelt,abl,mitte kunagi,mitte kunagi,muu,minema,mööda,1,,obl,
796,lausuma kellelt/millelt,abl,mitte kunagi,vahel,muu,lausuma,,1,,obl,
797,minema tagasi kellelt/millelt,abl,mitte kunagi,alati,muu,minema,tagasi,1,,obl,
798,meelitama kellelt/millelt,abl,vahel,vahel,mitte kunagi,meelitama,,1,,obl,
799,levima kellelt/millelt,abl,mitte kunagi,alati,muu,levima,,1,,obl,
800,minema ette kellelt/millelt,abl,mitte kunagi,mitte kunagi,muu,minema,ette,1,,obl,
801,minema alla kellelt/millelt,abl,mitte kunagi,alati,muu,minema,alla,1,,obl,
802,tootma kellelt/millelt,abl,mitte kunagi,mitte kunagi,muu,tootma,,1,,obl,
803,minema edasi kellelt/millelt,abl,mitte kunagi,alati,muu,minema,edasi,1,,obl,
804,libisema välja kellelt/millelt,abl,mitte kunagi,alati,mitte kunagi,libisema,välja,1,,obl,
805,pruukima kellelt/millelt,abl,mitte kunagi,mitte kunagi,muu,pruukima,,1,,obl,
806,meelitama välja kellelt/millelt,abl,alati,mitte kunagi,mitte kunagi,meelitama,välja,1,,obl,
807,meenuma kellelt/millelt,abl,mitte kunagi,alati,muu,meenuma,,1,,obl,
808,toimima kellelt/millelt,abl,mitte kunagi,mitte kunagi,muu,toimima,,1,,obl,
809,prognoosima kellelt/millelt,abl,mitte kunagi,mitte kunagi,muu,prognoosima,,1,,obl,
810,teenima ära kellelt/millelt,abl,alati,mitte kunagi,mitte kunagi,teenima,ära,1,,obl,
811,laskuma alla kellelt/millelt,abl,mitte kunagi,alati,mitte kunagi,laskuma,alla,1,,obl,
812,tooma esile kellelt/millelt,abl,mitte kunagi,mitte kunagi,muu,tooma,esile,1,,obl,
813,linastuma kellelt/millelt,abl,alati,mitte kunagi,muu,linastuma,,1,,obl,
814,tooma alla kellelt/millelt,abl,mitte kunagi,alati,mitte kunagi,tooma,alla,1,,obl,
815,liituma kellelt/millelt,abl,mitte kunagi,alati,muu,liituma,,1,,obl,
816,rebima lahti kellelt/millelt,abl,mitte kunagi,alati,mitte kunagi,rebima,lahti,1,,obl,
817,lisama kellelt/millelt,abl,mitte kunagi,mitte kunagi,muu,lisama,,1,,obl,
818,proovima kellelt/millelt,abl,mitte kunagi,mitte kunagi,muu,proovima,,1,,obl,
819,laulma kellelt/millelt,abl,mitte kunagi,vahel,muu,laulma,,1,,obl,
820,sisaldama kellelt/millelt,abl,mitte kunagi,mitte kunagi,muu,sisaldama,,1,,obl,
821,libisema maha kellelt/millelt,abl,mitte kunagi,alati,mitte kunagi,libisema,maha,1,,obl,
822,lekkima kellelt/millelt,abl,vahel,vahel,mitte kunagi,lekkima,,1,,obl,
823,lükkama maha kellelt/millelt,abl,mitte kunagi,alati,mitte kunagi,lükkama,maha,1,,obl,
824,lükkama ära kellelt/millelt,abl,mitte kunagi,alati,mitte kunagi,lükkama,ära,1,,obl,
825,tekitama kellelt/millelt,abl,mitte kunagi,mitte kunagi,muu,tekitama,,1,,obl,
826,lükkama edasi kellelt/millelt,abl,mitte kunagi,vahel,muu,lükkama,edasi,1,,obl,
827,lükkama kellelt/millelt,abl,mitte kunagi,alati,mitte kunagi,lükkama,,1,,obl,
828,lootsima kellelt/millelt,abl,vahel,vahel,mitte kunagi,lootsima,,1,,obl,
829,loopima kellelt/millelt,abl,mitte kunagi,alati,mitte kunagi,loopima,,1,,obl,
830,looma üle kellelt/millelt,abl,mitte kunagi,mitte kunagi,muu,,looma,1,,obl,
831,toetama kellelt/millelt,abl,mitte kunagi,mitte kunagi,muu,toetama,,1,,obl,
832,sobima kokku kellelt/millelt,abl,mitte kunagi,mitte kunagi,muu,sobima,kokku,1,,obl,
833,pressima kellelt/millelt,abl,alati,mitte kunagi,pole kindel,pressima,,1,,obl,
834,tirima kellelt/millelt,abl,vahel,vahel,mitte kunagi,tirima,,1,,obl,
835,sooritama kellelt/millelt,abl,mitte kunagi,vahel,muu,sooritama,,1,,obl,
836,toimetama kellelt/millelt,abl,mitte kunagi,alati,pole kindel,toimetama,,1,,obl,
837,tegelema kellelt/millelt,abl,mitte kunagi,mitte kunagi,muu,tegelema,,1,,obl,
838,pritsima kellelt/millelt,abl,mitte kunagi,alati,mitte kunagi,pritsima,,1,,obl,
839,loobuma kellelt/millelt,abl,mitte kunagi,mitte kunagi,muu,loobuma,,1,,obl,
840,toetuma kellelt/millelt,abl,mitte kunagi,mitte kunagi,muu,toetuma,,1,,obl,
841,looma kellelt/millelt,abl,mitte kunagi,mitte kunagi,muu,,looma,1,,obl,
842,läkitama kellelt/millelt,abl,mitte kunagi,alati,mitte kunagi,läkitama,,1,,obl,
843,lööma maha kellelt/millelt,abl,mitte kunagi,alati,mitte kunagi,lööma,maha,1,,obl,
844,lööma üle kellelt/millelt,abl,vahel,vahel,mitte kunagi,lööma,üle,1,,obl,
845,soetama kellelt/millelt,abl,vahel,vahel,mitte kunagi,soetama,,1,,obl,
846,leiduma kellelt/millelt,abl,mitte kunagi,alati,muu,leiduma,,1,,obl,
847,leidma üles kellelt/millelt,abl,mitte kunagi,alati,mitte kunagi,leidma,üles,1,,obl,
848,lõppema kellelt/millelt,abl,mitte kunagi,mitte kunagi,muu,lõppema,,1,,obl,
849,lõpma kellelt/millelt,abl,mitte kunagi,mitte kunagi,muu,lõpma,,1,,obl,
850,mainima kellelt/millelt,abl,mitte kunagi,mitte kunagi,muu,mainima,,1,,obl,
851,pommitama kellelt/millelt,abl,mitte kunagi,alati,mitte kunagi,pommitama,,1,,obl,
852,pooldama kellelt/millelt,abl,mitte kunagi,mitte kunagi,muu,pooldama,,1,,obl,
853,lõikama kellelt/millelt,abl,mitte kunagi,alati,muu,lõikama,,1,,obl,
854,tervitama kellelt/millelt,abl,mitte kunagi,vahel,muu,tervitama,,1,,obl,
855,lõhkuma kellelt/millelt,abl,mitte kunagi,mitte kunagi,muu,lõhkuma,,1,,obl,
856,maanduma kellelt/millelt,abl,mitte kunagi,vahel,muu,maanduma,,1,,obl,
857,teostama kellelt/millelt,abl,mitte kunagi,mitte kunagi,muu,teostama,,1,,obl,
858,lõikama maha kellelt/millelt,abl,mitte kunagi,alati,mitte kunagi,lõikama,maha,1,,obl,
859,lõikama ära kellelt/millelt,abl,vahel,vahel,mitte kunagi,lõikama,ära,1,,obl,
860,meeldima kellelt/millelt,abl,mitte kunagi,mitte kunagi,muu,meeldima,,1,,obl,
861,lülituma kellelt/millelt,abl,mitte kunagi,vahel,muu,lülituma,,1,,obl,
862,lükkuma kellelt/millelt,abl,mitte kunagi,alati,mitte kunagi,lükkuma,,1,,obl,
863,mahtuma kellelt/millelt,abl,vahel,mitte kunagi,muu,mahtuma,,1,,obl,
864,tegema ära kellelt/millelt,abl,mitte kunagi,mitte kunagi,muu,tegema,ära,1,,obl,
865,magama kellelt/millelt,abl,mitte kunagi,mitte kunagi,muu,magama,,1,,obl,
866,tegutsema kellelt/millelt,abl,mitte kunagi,mitte kunagi,muu,tegutsema,,1,,obl,
867,maalima kellelt/millelt,abl,mitte kunagi,vahel,muu,maalima,,1,,obl,
868,teatama kellelt/millelt,abl,mitte kunagi,mitte kunagi,muu,teatama,,1,,obl,
869,libisema kellelt/millelt,abl,mitte kunagi,alati,mitte kunagi,libisema,,1,,obl,
870,sündima kellelt/millelt,abl,mitte kunagi,mitte kunagi,muu,sündima,,1,,obl,
871,kahetsema kellelt/millelt,abl,mitte kunagi,mitte kunagi,muu,kahetsema,,1,,obl,
872,kahmama kellelt/millelt,abl,vahel,vahel,mitte kunagi,kahmama,,1,,obl,
873,valguma kellelt/millelt,abl,mitte kunagi,alati,mitte kunagi,valguma,,1,,obl,
874,kajastama kellelt/millelt,abl,mitte kunagi,mitte kunagi,muu,kajastama,,1,,obl,
875,kajama vastu kellelt/millelt,abl,mitte kunagi,alati,mitte kunagi,kajama,vastu,1,,obl,
876,kajama kellelt/millelt,abl,mitte kunagi,alati,mitte kunagi,kajama,,1,,obl,
877,valdama kellelt/millelt,abl,mitte kunagi,mitte kunagi,muu,valdama,,1,,obl,
878,libisema alla kellelt/millelt,abl,mitte kunagi,alati,mitte kunagi,libisema,alla,1,,obl,
879,püüdma kinni kellelt/millelt,abl,mitte kunagi,alati,mitte kunagi,püüdma,kinni,1,,obl,
880,pidama kinni kellelt/millelt,abl,mitte kunagi,alati,vaieldav märgendus,pidama,kinni,1,,obl,
881,vahtima vastu kellelt/millelt,abl,mitte kunagi,alati,mitte kunagi,vahtima,vastu,1,,obl,
882,karjuma kellelt/millelt,abl,mitte kunagi,alati,mitte kunagi,karjuma,,1,,obl,
883,nägema välja kellelt/millelt,abl,mitte kunagi,mitte kunagi,muu,nägema,välja,1,,obl,
884,karistama kellelt/millelt,abl,mitte kunagi,mitte kunagi,muu,karistama,,1,,obl,
885,vahistama kellelt/millelt,abl,mitte kunagi,vahel,muu,vahistama,,1,,obl,
886,kargama kellelt/millelt,abl,mitte kunagi,alati,mitte kunagi,kargama,,1,,obl,
887,kargama püsti kellelt/millelt,abl,mitte kunagi,alati,mitte kunagi,kargama,püsti,1,,obl,
888,nuiama kellelt/millelt,abl,alati,mitte kunagi,mitte kunagi,nuiama,,1,,obl,
889,vahtima kellelt/millelt,abl,mitte kunagi,alati,muu,vahtima,,1,,obl,
890,segama kellelt/millelt,abl,mitte kunagi,mitte kunagi,muu,segama,,1,,obl,
891,kanduma kellelt/millelt,abl,vahel,vahel,muu,kanduma,,1,,obl,
892,kanduma edasi kellelt/millelt,abl,vahel,vahel,mitte kunagi,kanduma,edasi,1,,obl,
893,vajuma kellelt/millelt,abl,mitte kunagi,alati,pole kindel,vajuma,,1,,obl,
894,nuruma kellelt/millelt,abl,alati,mitte kunagi,mitte kunagi,nuruma,,1,,obl,
895,nähtuma kellelt/millelt,abl,mitte kunagi,alati,mitte kunagi,nähtuma,,1,,obl,
896,rahuldama kellelt/millelt,abl,mitte kunagi,mitte kunagi,muu,rahuldama,,1,,obl,
897,kanduma üle kellelt/millelt,abl,alati,mitte kunagi,mitte kunagi,kanduma,üle,1,,obl,
898,rebima ära kellelt/millelt,abl,vahel,vahel,mitte kunagi,rebima,ära,1,,obl,
899,juhatama kellelt/millelt,abl,mitte kunagi,alati,muu,juhatama,,1,,obl,
900,venima kellelt/millelt,abl,mitte kunagi,mitte kunagi,muu,venima,,1,,obl,
901,peksma välja kellelt/millelt,abl,alati,mitte kunagi,mitte kunagi,peksma,välja,1,,obl,
902,sõitma ära kellelt/millelt,abl,vahel,vahel,mitte kunagi,sõitma,ära,1,,obl,
903,jooksma alla kellelt/millelt,abl,mitte kunagi,alati,mitte kunagi,jooksma,alla,1,,obl,
904,jaotuma kellelt/millelt,abl,mitte kunagi,mitte kunagi,muu,jaotuma,,1,,obl,
905,jooksma läbi kellelt/millelt,abl,mitte kunagi,alati,mitte kunagi,jooksma,läbi,1,,obl,
906,suhtlema kellelt/millelt,abl,mitte kunagi,vahel,muu,suhtlema,,1,,obl,
907,kahtlustama kellelt/millelt,abl,mitte kunagi,mitte kunagi,muu,kahtlustama,,1,,obl,
908,vajutama kellelt/millelt,abl,mitte kunagi,mitte kunagi,muu,vajutama,,1,,obl,
909,nägema ette kellelt/millelt,abl,mitte kunagi,mitte kunagi,muu,nägema,ette,1,,obl,
910,kallinema kellelt/millelt,abl,mitte kunagi,mitte kunagi,muu,kallinema,,1,,obl,
911,valama kellelt/millelt,abl,mitte kunagi,vahel,muu,valama,,1,,obl,
912,kalduma kellelt/millelt,abl,mitte kunagi,vahel,muu,kalduma,,1,,obl,
913,kalduma välja kellelt/millelt,abl,mitte kunagi,alati,mitte kunagi,kalduma,välja,1,,obl,
914,kalduma kõrvale kellelt/millelt,abl,mitte kunagi,alati,mitte kunagi,kalduma,kõrvale,1,,obl,
915,kandideerima kellelt/millelt,abl,mitte kunagi,vahel,muu,kandideerima,,1,,obl,
916,rabama kellelt/millelt,abl,vahel,vahel,mitte kunagi,rabama,,1,,obl,
917,kandma kellelt/millelt,abl,mitte kunagi,vahel,muu,kandma,,1,,obl,
918,kannatama kellelt/millelt,abl,mitte kunagi,mitte kunagi,muu,kannatama,,1,,obl,
919,kaitsma kellelt/millelt,abl,mitte kunagi,mitte kunagi,muu,kaitsma,,1,,obl,
920,vallutama kellelt/millelt,abl,alati,mitte kunagi,muu,vallutama,,1,,obl,
921,valmistama kellelt/millelt,abl,mitte kunagi,mitte kunagi,muu,valmistama,,1,,obl,
922,vallutama tagasi kellelt/millelt,abl,alati,mitte kunagi,mitte kunagi,vallutama,tagasi,1,,obl,
923,valmima kellelt/millelt,abl,mitte kunagi,mitte kunagi,muu,valmima,,1,,obl,
924,valmistuma kellelt/millelt,abl,mitte kunagi,mitte kunagi,muu,valmistuma,,1,,obl,
925,petma kellelt/millelt,abl,alati,mitte kunagi,muu,petma,,1,,obl,
926,valmistama ette kellelt/millelt,abl,mitte kunagi,vahel,muu,valmistama,ette,1,,obl,
927,vallandama kellelt/millelt,abl,mitte kunagi,alati,mitte kunagi,vallandama,,1,,obl,
928,kaasnema kellelt/millelt,abl,mitte kunagi,mitte kunagi,muu,kaasnema,,1,,obl,
929,sööstma alla kellelt/millelt,abl,mitte kunagi,alati,mitte kunagi,sööstma,alla,1,,obl,
930,sööstma kellelt/millelt,abl,mitte kunagi,alati,mitte kunagi,sööstma,,1,,obl,
931,kaevama välja kellelt/millelt,abl,mitte kunagi,alati,mitte kunagi,kaevama,välja,1,,obl,
932,tooma välja kellelt/millelt,abl,mitte kunagi,alati,pole kindel,tooma,välja,1,,obl,
933,liikuma edasi kellelt/millelt,abl,mitte kunagi,alati,mitte kunagi,liikuma,edasi,1,,obl,
934,kangutama kellelt/millelt,abl,mitte kunagi,alati,mitte kunagi,kangutama,,1,,obl,
935,tooma ära kellelt/millelt,abl,mitte kunagi,alati,mitte kunagi,tooma,ära,1,,obl,
936,liigutama kellelt/millelt,abl,mitte kunagi,alati,muu,liigutama,,1,,obl,
937,liisima kellelt/millelt,abl,alati,mitte kunagi,mitte kunagi,liisima,,1,,obl,
938,tooma sisse kellelt/millelt,abl,mitte kunagi,alati,muu,tooma,sisse,1,,obl,
939,plaanima kellelt/millelt,abl,mitte kunagi,mitte kunagi,muu,plaanima,,1,,obl,
940,soostuma kellelt/millelt,abl,mitte kunagi,mitte kunagi,muu,soostuma,,1,,obl,
941,kaaluma kellelt/millelt,abl,mitte kunagi,mitte kunagi,muu,kaaluma,,1,,obl,
942,tooma tagasi kellelt/millelt,abl,mitte kunagi,alati,mitte kunagi,tooma,tagasi,1,,obl,
943,valima kellelt/millelt,abl,mitte kunagi,vahel,muu,valima,,1,,obl,
944,nähtuma ette kellelt/millelt,abl,mitte kunagi,mitte kunagi,muu,nähtuma,ette,1,,obl,
945,jõudma kohale kellelt/millelt,abl,mitte kunagi,alati,mitte kunagi,jõudma,kohale,1,,obl,
946,sööma kellelt/millelt,abl,mitte kunagi,alati,mitte kunagi,sööma,,1,,obl,
947,jõudma järele kellelt/millelt,abl,mitte kunagi,mitte kunagi,muu,jõudma,järele,1,,obl,
948,jõudma välja kellelt/millelt,abl,mitte kunagi,alati,muu,jõudma,välja,1,,obl,
949,jääma vahele kellelt/millelt,abl,mitte kunagi,mitte kunagi,muu,jääma,vahele,1,,obl,
950,pesema maha kellelt/millelt,abl,mitte kunagi,alati,mitte kunagi,pesema,maha,1,,obl,
951,näpsama kellelt/millelt,abl,vahel,vahel,mitte kunagi,näpsama,,1,,obl,
952,jääma puudu kellelt/millelt,abl,mitte kunagi,vahel,muu,jääma,puudu,1,,obl,
953,varjama kellelt/millelt,abl,mitte kunagi,vahel,muu,varjama,,1,,obl,
954,näppama kellelt/millelt,abl,alati,mitte kunagi,mitte kunagi,näppama,,1,,obl,
955,seadma kellelt/millelt,abl,mitte kunagi,mitte kunagi,muu,seadma,,1,,obl,
956,varisema kellelt/millelt,abl,mitte kunagi,alati,muu,varisema,,1,,obl,
957,valitsema kellelt/millelt,abl,mitte kunagi,mitte kunagi,muu,valitsema,,1,,obl,
958,kahandama kellelt/millelt,abl,mitte kunagi,mitte kunagi,muu,kahandama,,1,,obl,
959,jääma välja kellelt/millelt,abl,mitte kunagi,alati,mitte kunagi,jääma,välja,1,,obl,
960,kahanema kellelt/millelt,abl,mitte kunagi,mitte kunagi,muu,kahanema,,1,,obl,
961,kaduma ära kellelt/millelt,abl,mitte kunagi,alati,muu,kaduma,ära,1,,obl,
962,raiuma kellelt/millelt,abl,mitte kunagi,alati,pole kindel,raiuma,,1,,obl,
963,valima välja kellelt/millelt,abl,mitte kunagi,alati,muu,valima,välja,1,,obl,
964,näima kellelt/millelt,abl,mitte kunagi,vahel,muu,näima,,1,,obl,
965,jääma ära kellelt/millelt,abl,mitte kunagi,mitte kunagi,muu,jääma,ära,1,,obl,
966,jääma üle kellelt/millelt,abl,mitte kunagi,vahel,muu,jääma,üle,1,,obl,
967,varieeruma kellelt/millelt,abl,mitte kunagi,mitte kunagi,muu,varieeruma,,1,,obl,
968,leidma kokku kellelt/millelt,abl,mitte kunagi,alati,pole kindel,leidma,kokku,1,,obl,
969,jooksma maha kellelt/millelt,abl,mitte kunagi,alati,mitte kunagi,jooksma,maha,1,,obl,
970,tegema kaasa kellelt/millelt,abl,mitte kunagi,vahel,muu,tegema,kaasa,1,,obl,
971,vallanduma kellelt/millelt,abl,vahel,vahel,mitte kunagi,vallanduma,,1,,obl,
972,peituma kellelt/millelt,abl,mitte kunagi,mitte kunagi,muu,peituma,,1,,obl,
973,olema lahti kellelt/millelt,abl,mitte kunagi,vahel,muu,olema,lahti,1,,obl,
974,lühenema kellelt/millelt,abl,mitte kunagi,vahel,muu,lühenema,,1,,obl,
975,meelitama ära kellelt/millelt,abl,vahel,vahel,mitte kunagi,meelitama,ära,1,,obl,
976,maitsema kellelt/millelt,abl,mitte kunagi,mitte kunagi,muu,maitsema,,1,,obl,
977,kahekordistuma kellelt/millelt,abl,mitte kunagi,mitte kunagi,muu,kahekordistuma,,1,,obl,
978,pelgama kellelt/millelt,abl,mitte kunagi,mitte kunagi,muu,pelgama,,1,,obl,
979,julgustama kellelt/millelt,abl,mitte kunagi,mitte kunagi,muu,julgustama,,1,,obl,
980,lüpsma kellelt/millelt,abl,alati,mitte kunagi,mitte kunagi,lüpsma,,1,,obl,
981,rakendama kellelt/millelt,abl,mitte kunagi,mitte kunagi,muu,rakendama,,1,,obl,
982,teenima kokku kellelt/millelt,abl,vahel,vahel,mitte kunagi,teenima,kokku,1,,obl,
983,palkama kellelt/millelt,abl,vahel,vahel,muu,palkama,,1,,obl,
984,häbenema kellelt/millelt,abl,alati,mitte kunagi,pole kindel,häbenema,,1,,obl,
985,viima edasi kellelt/millelt,abl,mitte kunagi,alati,muu,viima,edasi,1,,obl,
986,aeguma kellelt/millelt,abl,mitte kunagi,mitte kunagi,muu,aeguma,,1,,obl,
987,veerema alla kellelt/millelt,abl,mitte kunagi,alati,mitte kunagi,veerema,alla,1,,obl,
988,potsatama kellelt/millelt,abl,mitte kunagi,alati,muu,potsatama,,1,,obl,
989,aeglustuma kellelt/millelt,abl,mitte kunagi,alati,vaieldav märgendus,aeglustuma,,1,,obl,
990,viipama kellelt/millelt,abl,mitte kunagi,alati,mitte kunagi,viipama,,1,,obl,
991,varastama ära kellelt/millelt,abl,alati,mitte kunagi,mitte kunagi,varastama,ära,1,,obl,
992,rühkima kellelt/millelt,abl,mitte kunagi,alati,mitte kunagi,rühkima,,1,,obl,
993,kallutama kellelt/millelt,abl,mitte kunagi,alati,pole kindel,kallutama,,1,,obl,
994,raiuma maha kellelt/millelt,abl,mitte kunagi,alati,mitte kunagi,raiuma,maha,1,,obl,
995,aktsepteerima kellelt/millelt,abl,mitte kunagi,mitte kunagi,muu,aktsepteerima,,1,,obl,
996,vihjama kellelt/millelt,abl,mitte kunagi,mitte kunagi,muu,vihjama,,1,,obl,
997,pommima kellelt/millelt,abl,alati,mitte kunagi,mitte kunagi,pommima,,1,,obl,
998,veerema maha kellelt/millelt,abl,mitte kunagi,alati,mitte kunagi,veerema,maha,1,,obl,
999,maitsma kellelt/millelt,abl,mitte kunagi,mitte kunagi,muu,maitsma,,1,,obl,
1000,minema kokku kellelt/millelt,abl,mitte kunagi,mitte kunagi,muu,minema,kokku,1,,obl,
1001,juhtima eemale kellelt/millelt,abl,mitte kunagi,alati,vaieldav märgendus,juhtima,eemale,1,,obl,
1002,hoidma kõrvale kellelt/millelt,abl,mitte kunagi,alati,mitte kunagi,hoidma,kõrvale,1,,obl,
1003,järgima kellelt/millelt,abl,vahel,vahel,muu,järgima,,1,,obl,
1004,puhkema kellelt/millelt,abl,vahel,vahel,ebakorrektne märgendus,puhkema,,1,,obl,
1005,saama peale kellelt/millelt,abl,vahel,vahel,muu,saama,peale,1,,obl,
1006,lenduma kellelt/millelt,abl,mitte kunagi,vahel,muu,lenduma,,1,,obl,
1007,jääma külge kellelt/millelt,abl,vahel,vahel,muu,jääma,külge,1,,obl,
1008,ajendama kellelt/millelt,abl,vahel,vahel,muu,ajendama,,1,,obl,
1009,lebama kellelt/millelt,abl,mitte kunagi,vahel,muu,lebama,,1,,obl,
1010,saama otsa kellelt/millelt,abl,mitte kunagi,vahel,muu,saama,otsa,1,,obl,
1011,planeerima kellelt/millelt,abl,vahel,vahel,muu,planeerima,,1,,obl,
1012,sukelduma kellelt/millelt,abl,mitte kunagi,alati,mitte kunagi,sukelduma,,1,,obl,
1013,kuulutama välja kellelt/millelt,abl,vahel,vahel,mitte kunagi,kuulutama,välja,1,,obl,
1014,purskuma kellelt/millelt,abl,vahel,vahel,mitte kunagi,purskuma,,1,,obl,
1015,niitma kellelt/millelt,abl,vahel,vahel,muu,niitma,,1,,obl,
1016,uurima välja kellelt/millelt,abl,vahel,vahel,mitte kunagi,uurima,välja,1,,obl,
1017,pidama vastu kellelt/millelt,abl,vahel,vahel,muu,pidama,vastu,1,,obl,
1018,uurima järele kellelt/millelt,abl,vahel,vahel,mitte kunagi,uurima,järele,1,,obl,
1019,pöörama tagasi kellelt/millelt,abl,vahel,vahel,mitte kunagi,pöörama,tagasi,1,,obl,
1020,kihutama alla kellelt/millelt,abl,mitte kunagi,alati,mitte kunagi,kihutama,alla,1,,obl,
1021,eelnema kellelt/millelt,abl,vahel,vahel,muu,eelnema,,1,,obl,
1022,sikutama kellelt/millelt,abl,mitte kunagi,alati,mitte kunagi,sikutama,,1,,obl,
1023,blokeerima kellelt/millelt,abl,mitte kunagi,vahel,muu,blokeerima,,1,,obl,
1024,sujuma kellelt/millelt,abl,mitte kunagi,vahel,muu,sujuma,,1,,obl,
1025,kusema kellelt/millelt,abl,vahel,vahel,mitte kunagi,kusema,,1,,obl,
1026,passima kellelt/millelt,abl,vahel,mitte kunagi,muu,passima,,1,,obl,
1027,põdema kellelt/millelt,abl,mitte kunagi,vahel,muu,põdema,,1,,obl,
1028,kosuma kellelt/millelt,abl,vahel,mitte kunagi,muu,kosuma,,1,,obl,
1029,puistama kellelt/millelt,abl,mitte kunagi,alati,mitte kunagi,puistama,,1,,obl,
1030,kraapima kellelt/millelt,abl,mitte kunagi,alati,mitte kunagi,kraapima,,1,,obl,
1031,kompenseerima kellelt/millelt,abl,vahel,vahel,mitte kunagi,kompenseerima,,1,,obl,
1032,taastama kellelt/millelt,abl,mitte kunagi,alati,mitte kunagi,taastama,,1,,obl,
1033,püstitama kellelt/millelt,abl,mitte kunagi,vahel,muu,püstitama,,1,,obl,
1034,kiskuma välja kellelt/millelt,abl,vahel,vahel,mitte kunagi,kiskuma,välja,1,,obl,
1035,pinnima kellelt/millelt,abl,alati,mitte kunagi,mitte kunagi,pinnima,,1,,obl,
1036,tutvuma kellelt/millelt,abl,mitte kunagi,vahel,muu,tutvuma,,1,,obl,
1037,silmitsema kellelt/millelt,abl,mitte kunagi,vahel,muu,silmitsema,,1,,obl,
1038,avalikustama kellelt/millelt,abl,vahel,vahel,muu,avalikustama,,1,,obl,
1039,kuluma ära kellelt/millelt,abl,vahel,vahel,muu,kuluma,ära,1,,obl,
1040,küsima juurde kellelt/millelt,abl,alati,mitte kunagi,mitte kunagi,küsima,juurde,1,,obl,
1041,tagastama kellelt/millelt,abl,vahel,vahel,muu,tagastama,,1,,obl,
1042,sadama alla kellelt/millelt,abl,mitte kunagi,alati,mitte kunagi,,sadama,1,,obl,
1043,täpsustama kellelt/millelt,abl,vahel,vahel,muu,täpsustama,,1,,obl,
1044,vurama kellelt/millelt,abl,mitte kunagi,vahel,muu,vurama,,1,,obl,
1045,astuma ära kellelt/millelt,abl,mitte kunagi,vahel,muu,astuma,ära,1,,obl,
1046,rõhutama kellelt/millelt,abl,vahel,vahel,muu,rõhutama,,1,,obl,
1047,ootama ära kellelt/millelt,abl,vahel,mitte kunagi,muu,ootama,ära,1,,obl,
1048,rippuma alla kellelt/millelt,abl,mitte kunagi,vahel,mitte kunagi,rippuma,alla,1,,obl,
1049,hiilgama kellelt/millelt,abl,mitte kunagi,vahel,muu,hiilgama,,1,,obl,
1050,käskima kellelt/millelt,abl,mitte kunagi,vahel,mitte kunagi,käskima,,1,,obl,
1051,lagunema kellelt/millelt,abl,mitte kunagi,vahel,muu,lagunema,,1,,obl,
1052,kooruma maha kellelt/millelt,abl,mitte kunagi,vahel,muu,kooruma,maha,1,,obl,
1053,tõmbuma kellelt/millelt,abl,mitte kunagi,vahel,muu,tõmbuma,,1,,obl,
1054,kandma edasi kellelt/millelt,abl,vahel,vahel,mitte kunagi,kandma,edasi,1,,obl,
1055,laskma alla kellelt/millelt,abl,mitte kunagi,vahel,muu,laskma,alla,1,,obl,
1056,kirjutama välja kellelt/millelt,abl,vahel,vahel,muu,kirjutama,välja,1,,obl,
1057,hüüatama kellelt/millelt,abl,vahel,vahel,muu,hüüatama,,1,,obl,
1058,nõrguma kellelt/millelt,abl,mitte kunagi,alati,mitte kunagi,nõrguma,,1,,obl,
1059,pakutama kellelt/millelt,abl,vahel,vahel,muu,pakutama,,1,,obl,
1060,minema lahti kellelt/millelt,abl,mitte kunagi,vahel,muu,minema,lahti,1,,obl,
1061,ütlema välja kellelt/millelt,abl,vahel,vahel,muu,ütlema,välja,1,,obl,
1062,koostama kellelt/millelt,abl,vahel,vahel,muu,koostama,,1,,obl,
1063,hüppama püsti kellelt/millelt,abl,mitte kunagi,alati,mitte kunagi,hüppama,püsti,1,,obl,
1064,lükkama alla kellelt/millelt,abl,mitte kunagi,alati,mitte kunagi,lükkama,alla,1,,obl,
1065,poetama kellelt/millelt,abl,vahel,vahel,muu,poetama,,1,,obl,
1066,viicima kellelt/millelt,abl,vahel,vahel,muu,,viicima,1,,obl,
1067,kasutama ära kellelt/millelt,abl,vahel,mitte kunagi,muu,kasutama,ära,1,,obl,
1068,vajuma maha kellelt/millelt,abl,mitte kunagi,vahel,muu,vajuma,maha,1,,obl,
1069,lakkuma kellelt/millelt,abl,mitte kunagi,vahel,muu,lakkuma,,1,,obl,
1070,vahetama välja kellelt/millelt,abl,vahel,vahel,muu,vahetama,välja,1,,obl,
1071,vaevuma kellelt/millelt,abl,vahel,vahel,muu,vaevuma,,1,,obl,
1072,seostama kellelt/millelt,abl,vahel,vahel,mitte kunagi,seostama,,1,,obl,
1073,võtma sisse kellelt/millelt,abl,vahel,vahel,mitte kunagi,võtma,sisse,1,,obl,
1074,arvutama kellelt/millelt,abl,mitte kunagi,mitte kunagi,muu,arvutama,,1,,obl,
1075,lükkama tagasi kellelt/millelt,abl,vahel,vahel,mitte kunagi,lükkama,tagasi,1,,obl,
1076,kaasama kellelt/millelt,abl,vahel,vahel,muu,kaasama,,1,,obl,
1077,viima üles kellelt/millelt,abl,mitte kunagi,alati,mitte kunagi,viima,üles,1,,obl,
1078,sirutuma kellelt/millelt,abl,mitte kunagi,alati,mitte kunagi,sirutuma,,1,,obl,
1079,kitkuma kellelt/millelt,abl,vahel,vahel,mitte kunagi,kitkuma,,1,,obl,
1080,söötma kellelt/millelt,abl,mitte kunagi,vahel,muu,söötma,,1,,obl,
1081,olema tagasi kellelt/millelt,abl,mitte kunagi,alati,mitte kunagi,olema,tagasi,1,,obl,
1082,lugema edasi kellelt/millelt,abl,mitte kunagi,alati,mitte kunagi,lugema,edasi,1,,obl,
1083,kaitsema kellelt/millelt,abl,mitte kunagi,vahel,muu,kaitsema,,1,,obl,
1084,sööstma välja kellelt/millelt,abl,mitte kunagi,vahel,muu,sööstma,välja,1,,obl,
1085,ääristama kellelt/millelt,abl,mitte kunagi,vahel,muu,ääristama,,1,,obl,
1086,helkima vastu kellelt/millelt,abl,mitte kunagi,alati,mitte kunagi,helkima,vastu,1,,obl,
1087,installima kellelt/millelt,abl,mitte kunagi,vahel,muu,installima,,1,,obl,
1088,alluma kellelt/millelt,abl,mitte kunagi,vahel,muu,alluma,,1,,obl,
1089,kajastuma kellelt/millelt,abl,mitte kunagi,vahel,muu,kajastuma,,1,,obl,
1090,katsetama kellelt/millelt,abl,vahel,vahel,muu,katsetama,,1,,obl,
1091,pilduma kellelt/millelt,abl,mitte kunagi,vahel,muu,pilduma,,1,,obl,
1092,kangutama lahti kellelt/millelt,abl,mitte kunagi,alati,mitte kunagi,kangutama,lahti,1,,obl,
1093,rajama kellelt/millelt,abl,mitte kunagi,vahel,muu,rajama,,1,,obl,
1094,tõukama alla kellelt/millelt,abl,mitte kunagi,alati,mitte kunagi,tõukama,alla,1,,obl,
1095,suudlema kellelt/millelt,abl,vahel,vahel,muu,suudlema,,1,,obl,
1096,leppima kokku kellelt/millelt,abl,mitte kunagi,vahel,muu,leppima,kokku,1,,obl,
1097,kukutama alla kellelt/millelt,abl,mitte kunagi,alati,mitte kunagi,kukutama,alla,1,,obl,
1098,jõustuma kellelt/millelt,abl,vahel,vahel,mitte kunagi,jõustuma,,1,,obl,
1099,sulgema kellelt/millelt,abl,mitte kunagi,alati,mitte kunagi,sulgema,,1,,obl,
1100,sopsama kellelt/millelt,abl,mitte kunagi,alati,mitte kunagi,sopsama,,1,,obl,
1101,teavitama kellelt/millelt,abl,vahel,vahel,muu,teavitama,,1,,obl,
1102,keerama alla kellelt/millelt,abl,mitte kunagi,alati,mitte kunagi,keerama,alla,1,,obl,
1103,hüplema kellelt/millelt,abl,mitte kunagi,vahel,muu,hüplema,,1,,obl,
1104,peksma kellelt/millelt,abl,vahel,vahel,muu,peksma,,1,,obl,
1105,käivitama kellelt/millelt,abl,vahel,vahel,muu,käivitama,,1,,obl,
1106,lipsama kellelt/millelt,abl,vahel,vahel,mitte kunagi,lipsama,,1,,obl,
1107,rapsima kellelt/millelt,abl,mitte kunagi,alati,mitte kunagi,rapsima,,1,,obl,
1108,põikama läbi kellelt/millelt,abl,mitte kunagi,alati,mitte kunagi,põikama,läbi,1,,obl,
1109,nägema ära kellelt/millelt,abl,mitte kunagi,alati,mitte kunagi,nägema,ära,1,,obl,
1110,kohama kellelt/millelt,abl,vahel,vahel,mitte kunagi,kohama,,1,,obl,
1111,ajama püsti kellelt/millelt,abl,mitte kunagi,alati,mitte kunagi,ajama,püsti,1,,obl,
1112,küünitama kellelt/millelt,abl,mitte kunagi,alati,mitte kunagi,küünitama,,1,,obl,
1113,taotlema juurde kellelt/millelt,abl,vahel,vahel,mitte kunagi,taotlema,juurde,1,,obl,
1114,imetlema kellelt/millelt,abl,mitte kunagi,alati,mitte kunagi,imetlema,,1,,obl,
1115,olenema kellelt/millelt,abl,vahel,vahel,muu,olenema,,1,,obl,
1116,laadima maha kellelt/millelt,abl,mitte kunagi,alati,mitte kunagi,laadima,maha,1,,obl,
1117,maksma kinni kellelt/millelt,abl,mitte kunagi,vahel,muu,maksma,kinni,1,,obl,
1118,veetma kellelt/millelt,abl,mitte kunagi,vahel,muu,veetma,,1,,obl,
1119,pidurdama kellelt/millelt,abl,vahel,vahel,muu,pidurdama,,1,,obl,
1120,nülgima kellelt/millelt,abl,vahel,mitte kunagi,muu,nülgima,,1,,obl,
1121,eksitama kellelt/millelt,abl,mitte kunagi,vahel,muu,eksitama,,1,,obl,
1122,kiikama kellelt/millelt,abl,vahel,vahel,muu,kiikama,,1,,obl,
1123,maksma ära kellelt/millelt,abl,vahel,vahel,muu,maksma,ära,1,,obl,
1124,suunduma edasi kellelt/millelt,abl,vahel,vahel,mitte kunagi,suunduma,edasi,1,,obl,
1125,kummarduma kellelt/millelt,abl,vahel,vahel,muu,kummarduma,,1,,obl,
1126,teenima tagasi kellelt/millelt,abl,vahel,mitte kunagi,muu,teenima,tagasi,1,,obl,
1127,lõikama välja kellelt/millelt,abl,mitte kunagi,vahel,muu,lõikama,välja,1,,obl,
1128,tooma kokku kellelt/millelt,abl,vahel,vahel,muu,tooma,kokku,1,,obl,
1129,fikseerima kellelt/millelt,abl,vahel,vahel,mitte kunagi,fikseerima,,1,,obl,
1130,odavnema kellelt/millelt,abl,mitte kunagi,vahel,muu,odavnema,,1,,obl,
1131,jõllitama kellelt/millelt,abl,mitte kunagi,alati,mitte kunagi,jõllitama,,1,,obl,
1132,küsima ära kellelt/millelt,abl,alati,mitte kunagi,mitte kunagi,küsima,ära,1,,obl,
1133,purskama kellelt/millelt,abl,vahel,vahel,muu,purskama,,1,,obl,
1134,riskima kellelt/millelt,abl,vahel,vahel,muu,riskima,,1,,obl,
1135,paotama kellelt/millelt,abl,mitte kunagi,mitte kunagi,muu,paotama,,1,,obl,
1136,riisuma kokku kellelt/millelt,abl,vahel,vahel,mitte kunagi,riisuma,kokku,1,,obl,
1137,omastama kellelt/millelt,abl,vahel,mitte kunagi,muu,omastama,,1,,obl,
1138,hilinema kellelt/millelt,abl,vahel,vahel,muu,hilinema,,1,,obl,
1139,kooskõlastuma kellelt/millelt,abl,alati,mitte kunagi,mitte kunagi,kooskõlastuma,,1,,obl,
1140,lükkama kõrvale kellelt/millelt,abl,vahel,vahel,muu,lükkama,kõrvale,1,,obl,
1141,vaatama üle kellelt/millelt,abl,mitte kunagi,vahel,muu,vaatama,üle,1,,obl,
1142,põikama kõrvale kellelt/millelt,abl,mitte kunagi,vahel,muu,põikama,kõrvale,1,,obl,
1143,lööma välja kellelt/millelt,abl,mitte kunagi,alati,mitte kunagi,lööma,välja,1,,obl,
1144,jaksama kellelt/millelt,abl,vahel,vahel,muu,jaksama,,1,,obl,
1145,lühendama kellelt/millelt,abl,mitte kunagi,alati,mitte kunagi,lühendama,,1,,obl,
1146,vormistama kellelt/millelt,abl,mitte kunagi,vahel,muu,vormistama,,1,,obl,
1147,paluma ette kellelt/millelt,abl,alati,mitte kunagi,mitte kunagi,paluma,ette,1,,obl,
1148,lülitama välja kellelt/millelt,abl,vahel,vahel,muu,lülitama,välja,1,,obl,
1149,elama kaasa kellelt/millelt,abl,mitte kunagi,vahel,muu,elama,kaasa,1,,obl,
1150,roolima kellelt/millelt,abl,vahel,vahel,muu,roolima,,1,,obl,
1151,levitama kellelt/millelt,abl,vahel,vahel,muu,levitama,,1,,obl,
1152,saama täis kellelt/millelt,abl,vahel,vahel,muu,saama,täis,1,,obl,
1153,tulema kaasa kellelt/millelt,abl,vahel,vahel,muu,tulema,kaasa,1,,obl,
1154,hoiduma kellelt/millelt,abl,vahel,vahel,muu,hoiduma,,1,,obl,
1155,tarvitsema kellelt/millelt,abl,vahel,vahel,muu,tarvitsema,,1,,obl,
1156,raatsima kellelt/millelt,abl,vahel,vahel,muu,raatsima,,1,,obl,
1157,tõstma välja kellelt/millelt,abl,mitte kunagi,alati,mitte kunagi,tõstma,välja,1,,obl,
1158,vaidlema kellelt/millelt,abl,vahel,vahel,muu,vaidlema,,1,,obl,
1159,vabandama kellelt/millelt,abl,vahel,vahel,muu,vabandama,,1,,obl,
1160,laskma ära kellelt/millelt,abl,mitte kunagi,vahel,muu,laskma,ära,1,,obl,
1161,minema vaja kellelt/millelt,abl,vahel,vahel,muu,minema,vaja,1,,obl,
1162,asetuma kellelt/millelt,abl,mitte kunagi,mitte kunagi,muu,asetuma,,1,,obl,
1163,tõstma ära kellelt/millelt,abl,mitte kunagi,alati,mitte kunagi,tõstma,ära,1,,obl,
1164,küsima kokku kellelt/millelt,abl,alati,mitte kunagi,mitte kunagi,küsima,kokku,1,,obl,
1165,õnnitlema kellelt/millelt,abl,vahel,vahel,mitte kunagi,õnnitlema,,1,,obl,
1166,paistma ära kellelt/millelt,abl,mitte kunagi,alati,mitte kunagi,paistma,ära,1,,obl,
1167,korduma kellelt/millelt,abl,vahel,vahel,muu,korduma,,1,,obl,
1168,tajuma kellelt/millelt,abl,mitte kunagi,vahel,muu,tajuma,,1,,obl,
1169,küsitlema kellelt/millelt,abl,vahel,vahel,mitte kunagi,küsitlema,,1,,obl,
1170,kargama maha kellelt/millelt,abl,mitte kunagi,vahel,muu,kargama,maha,1,,obl,
1171,kolima välja kellelt/millelt,abl,mitte kunagi,alati,mitte kunagi,kolima,välja,1,,obl,
1172,suruma peale kellelt/millelt,abl,vahel,vahel,muu,suruma,peale,1,,obl,
1173,protestima kellelt/millelt,abl,vahel,mitte kunagi,mitte kunagi,protestima,,1,,obl,
1174,ohustama kellelt/millelt,abl,mitte kunagi,vahel,muu,ohustama,,1,,obl,
1175,ümbritsema kellelt/millelt,abl,mitte kunagi,alati,mitte kunagi,ümbritsema,,1,,obl,
1176,saama valmis kellelt/millelt,abl,vahel,vahel,mitte kunagi,saama,valmis,1,,obl,
1177,teostuma kellelt/millelt,abl,vahel,vahel,mitte kunagi,teostuma,,1,,obl,
1178,kõrguma kellelt/millelt,abl,mitte kunagi,vahel,muu,kõrguma,,1,,obl,
1179,hoidma kinni kellelt/millelt,abl,vahel,vahel,mitte kunagi,hoidma,kinni,1,,obl,
1180,tõendama kellelt/millelt,abl,mitte kunagi,vahel,muu,tõendama,,1,,obl,
1181,vöttima kellelt/millelt,abl,vahel,mitte kunagi,muu,,vöttima,1,,obl,
1182,tõstatama kellelt/millelt,abl,vahel,vahel,mitte kunagi,tõstatama,,1,,obl,
1183,ergutama kellelt/millelt,abl,mitte kunagi,vahel,muu,ergutama,,1,,obl,
1184,sööma ära kellelt/millelt,abl,vahel,vahel,muu,sööma,ära,1,,obl,
1185,tõlkima kellelt/millelt,abl,vahel,vahel,muu,tõlkima,,1,,obl,
1186,prantsatama kellelt/millelt,abl,mitte kunagi,alati,mitte kunagi,prantsatama,,1,,obl,
1187,keerama tagasi kellelt/millelt,abl,mitte kunagi,alati,mitte kunagi,keerama,tagasi,1,,obl,
1188,kutsuma üles kellelt/millelt,abl,vahel,vahel,mitte kunagi,kutsuma,üles,1,,obl,
1189,kõlama vastu kellelt/millelt,abl,vahel,vahel,mitte kunagi,kõlama,vastu,1,,obl,
1190,pigistama kellelt/millelt,abl,vahel,vahel,mitte kunagi,pigistama,,1,,obl,
1191,ajama üles kellelt/millelt,abl,mitte kunagi,alati,mitte kunagi,ajama,üles,1,,obl,
1192,ostma kaasa kellelt/millelt,abl,vahel,vahel,mitte kunagi,ostma,kaasa,1,,obl,
1193,käivituma kellelt/millelt,abl,vahel,vahel,muu,käivituma,,1,,obl,
1194,hakkama peale kellelt/millelt,abl,mitte kunagi,vahel,muu,hakkama,peale,1,,obl,
1195,jääma alles kellelt/millelt,abl,mitte kunagi,vahel,muu,jääma,alles,1,,obl,
1196,manitsema kellelt/millelt,abl,vahel,vahel,mitte kunagi,manitsema,,1,,obl,
1197,piidlema kellelt/millelt,abl,mitte kunagi,vahel,muu,piidlema,,1,,obl,
1198,teenima välja kellelt/millelt,abl,vahel,mitte kunagi,muu,teenima,välja,1,,obl,
1199,rändama välja kellelt/millelt,abl,mitte kunagi,alati,mitte kunagi,rändama,välja,1,,obl,
1200,edenema kellelt/millelt,abl,mitte kunagi,mitte kunagi,muu,edenema,,1,,obl,
1201,buutima kellelt/millelt,abl,mitte kunagi,vahel,muu,buutima,,1,,obl,
1202,paigutama kellelt/millelt,abl,mitte kunagi,vahel,muu,paigutama,,1,,obl,
1203,hammustama ära kellelt/millelt,abl,vahel,mitte kunagi,muu,hammustama,ära,1,,obl,
1204,olema üle kellelt/millelt,abl,mitte kunagi,mitte kunagi,muu,olema,üle,1,,obl,
1205,saama ligi kellelt/millelt,abl,mitte kunagi,vahel,muu,saama,ligi,1,,obl,
1206,marssima välja kellelt/millelt,abl,mitte kunagi,alati,mitte kunagi,marssima,välja,1,,obl,
1207,loovutama kellelt/millelt,abl,mitte kunagi,vahel,muu,loovutama,,1,,obl,
1208,kuluma maha kellelt/millelt,abl,mitte kunagi,vahel,muu,kuluma,maha,1,,obl,
1209,lugema läbi kellelt/millelt,abl,mitte kunagi,vahel,muu,lugema,läbi,1,,obl,
1210,pääsema tagasi kellelt/millelt,abl,mitte kunagi,alati,mitte kunagi,pääsema,tagasi,1,,obl,
1211,igatsema kellelt/millelt,abl,vahel,mitte kunagi,muu,igatsema,,1,,obl,
1212,põrnitsema kellelt/millelt,abl,mitte kunagi,vahel,muu,põrnitsema,,1,,obl,
1213,spurtima eest kellelt/millelt,abl,vahel,mitte kunagi,muu,spurtima,eest,1,,obl,
1214,jätma maha kellelt/millelt,abl,vahel,vahel,muu,jätma,maha,1,,obl,
1215,tulema edasi kellelt/millelt,abl,vahel,vahel,mitte kunagi,tulema,edasi,1,,obl,
1216,keerama välja kellelt/millelt,abl,mitte kunagi,alati,mitte kunagi,keerama,välja,1,,obl,
1217,lükkuma edasi kellelt/millelt,abl,mitte kunagi,vahel,muu,lükkuma,edasi,1,,obl,
1218,lööma lahti kellelt/millelt,abl,mitte kunagi,vahel,muu,lööma,lahti,1,,obl,
1219,asuma ümber kellelt/millelt,abl,mitte kunagi,alati,mitte kunagi,asuma,ümber,1,,obl,
1220,laenutama kellelt/millelt,abl,vahel,vahel,mitte kunagi,laenutama,,1,,obl,
1221,peegeldama tagasi kellelt/millelt,abl,mitte kunagi,alati,mitte kunagi,peegeldama,tagasi,1,,obl,
1222,vaatama tagasi kellelt/millelt,abl,mitte kunagi,alati,mitte kunagi,vaatama,tagasi,1,,obl,
1223,möistima välja kellelt/millelt,abl,alati,mitte kunagi,mitte kunagi,,möistima,1,,obl,
1224,arendama kellelt/millelt,abl,vahel,vahel,muu,arendama,,1,,obl,
1225,süttima kellelt/millelt,abl,mitte kunagi,vahel,muu,süttima,,1,,obl,
1226,pühkima ära kellelt/millelt,abl,vahel,vahel,muu,pühkima,ära,1,,obl,
1227,jätma ära kellelt/millelt,abl,mitte kunagi,alati,mitte kunagi,jätma,ära,1,,obl,
1228,särama vastu kellelt/millelt,abl,mitte kunagi,vahel,muu,särama,vastu,1,,obl,
1229,veenduma kellelt/millelt,abl,vahel,vahel,muu,veenduma,,1,,obl,
1230,tapma kellelt/millelt,abl,vahel,vahel,muu,tapma,,1,,obl,
1231,kumama vastu kellelt/millelt,abl,mitte kunagi,alati,mitte kunagi,kumama,vastu,1,,obl,
1232,vastutama kellelt/millelt,abl,vahel,vahel,muu,vastutama,,1,,obl,
1233,haigestuma kellelt/millelt,abl,vahel,vahel,muu,haigestuma,,1,,obl,
1234,lunima välja kellelt/millelt,abl,alati,mitte kunagi,mitte kunagi,lunima,välja,1,,obl,
1235,kiitma heaks kellelt/millelt,abl,vahel,vahel,muu,kiitma,heaks,1,,obl,
1236,nöörima kellelt/millelt,abl,alati,mitte kunagi,mitte kunagi,nöörima,,1,,obl,
1237,pätsama kellelt/millelt,abl,vahel,vahel,mitte kunagi,pätsama,,1,,obl,
1238,lahutama kellelt/millelt,abl,mitte kunagi,vahel,muu,lahutama,,1,,obl,
1239,valgustama kellelt/millelt,abl,mitte kunagi,vahel,muu,valgustama,,1,,obl,
1240,minema kaasa kellelt/millelt,abl,mitte kunagi,vahel,muu,minema,kaasa,1,,obl,
1241,vaatama läbi kellelt/millelt,abl,vahel,vahel,muu,vaatama,läbi,1,,obl,
1242,osalema kokku kellelt/millelt,abl,vahel,vahel,mitte kunagi,osalema,kokku,1,,obl,
1243,külmuma kellelt/millelt,abl,mitte kunagi,vahel,muu,külmuma,,1,,obl,
1244,nihutama ära kellelt/millelt,abl,vahel,vahel,mitte kunagi,nihutama,ära,1,,obl,
1245,andma üle kellelt/millelt,abl,vahel,vahel,muu,andma,üle,1,,obl,
1246,liikuma läbi kellelt/millelt,abl,mitte kunagi,alati,mitte kunagi,liikuma,läbi,1,,obl,
1247,harrastama kellelt/millelt,abl,vahel,vahel,mitte kunagi,harrastama,,1,,obl,
1248,kaunistama kellelt/millelt,abl,mitte kunagi,alati,mitte kunagi,kaunistama,,1,,obl,
1249,tooma võidu kellelt/millelt,abl,mitte kunagi,alati,mitte kunagi,tooma,võidu,1,,obl,
1250,tormama alla kellelt/millelt,abl,vahel,vahel,mitte kunagi,tormama,alla,1,,obl,
1251,ytlema kellelt/millelt,abl,mitte kunagi,vahel,muu,ytlema,,1,,obl,
1252,nirisema kellelt/millelt,abl,mitte kunagi,alati,mitte kunagi,nirisema,,1,,obl,
1253,deklareerima kellelt/millelt,abl,vahel,vahel,mitte kunagi,deklareerima,,1,,obl,
1254,laenama juurde kellelt/millelt,abl,alati,mitte kunagi,mitte kunagi,laenama,juurde,1,,obl,
1255,libisema ära kellelt/millelt,abl,mitte kunagi,vahel,muu,libisema,ära,1,,obl,
1256,keelustama kellelt/millelt,abl,vahel,vahel,mitte kunagi,keelustama,,1,,obl,
1257,viskama ära kellelt/millelt,abl,vahel,vahel,mitte kunagi,viskama,ära,1,,obl,
1258,jääma ette kellelt/millelt,abl,mitte kunagi,alati,mitte kunagi,jääma,ette,1,,obl,
1259,kaikuma kellelt/millelt,abl,mitte kunagi,alati,mitte kunagi,kaikuma,,1,,obl,
1260,kaebama kellelt/millelt,abl,vahel,vahel,muu,kaebama,,1,,obl,
1261,pakkima kellelt/millelt,abl,vahel,vahel,muu,pakkima,,1,,obl,
1262,vupsama kellelt/millelt,abl,mitte kunagi,alati,mitte kunagi,vupsama,,1,,obl,
1263,kütma kellelt/millelt,abl,mitte kunagi,vahel,muu,kütma,,1,,obl,
1264,sisustama kellelt/millelt,abl,vahel,vahel,mitte kunagi,sisustama,,1,,obl,
1265,varastama kokku kellelt/millelt,abl,vahel,vahel,mitte kunagi,varastama,kokku,1,,obl,
1266,heitma alla kellelt/millelt,abl,mitte kunagi,alati,mitte kunagi,heitma,alla,1,,obl,
1267,paluma juurde kellelt/millelt,abl,alati,mitte kunagi,mitte kunagi,paluma,juurde,1,,obl,
1268,laekuma tagasi kellelt/millelt,abl,vahel,vahel,mitte kunagi,laekuma,tagasi,1,,obl,
1269,keerama ette kellelt/millelt,abl,mitte kunagi,vahel,muu,keerama,ette,1,,obl,
1270,levima edasi kellelt/millelt,abl,vahel,vahel,mitte kunagi,levima,edasi,1,,obl,
1271,kahjustama kellelt/millelt,abl,vahel,vahel,mitte kunagi,kahjustama,,1,,obl,
1272,seiskuma kellelt/millelt,abl,vahel,vahel,muu,seiskuma,,1,,obl,
1273,nakkama kellelt/millelt,abl,vahel,vahel,mitte kunagi,nakkama,,1,,obl,
1274,paiskuma alla kellelt/millelt,abl,mitte kunagi,vahel,muu,paiskuma,alla,1,,obl,
1275,jääma ilma kellelt/millelt,abl,mitte kunagi,vahel,muu,jääma,ilma,1,,obl,
1276,kargama alla kellelt/millelt,abl,mitte kunagi,alati,mitte kunagi,kargama,alla,1,,obl,
1277,kandma välja kellelt/millelt,abl,vahel,vahel,muu,kandma,välja,1,,obl,
1278,lohistama kellelt/millelt,abl,mitte kunagi,alati,mitte kunagi,lohistama,,1,,obl,
1279,naasma tagasi kellelt/millelt,abl,mitte kunagi,alati,mitte kunagi,naasma,tagasi,1,,obl,
1280,transportima kellelt/millelt,abl,mitte kunagi,vahel,muu,transportima,,1,,obl,
1281,leevendama kellelt/millelt,abl,vahel,vahel,muu,leevendama,,1,,obl,
1282,tungima sisse kellelt/millelt,abl,mitte kunagi,alati,mitte kunagi,tungima,sisse,1,,obl,
1283,paiskama välja kellelt/millelt,abl,mitte kunagi,alati,mitte kunagi,paiskama,välja,1,,obl,
1284,sagenema kellelt/millelt,abl,mitte kunagi,alati,mitte kunagi,sagenema,,1,,obl,
1285,treenima kellelt/millelt,abl,mitte kunagi,vahel,muu,treenima,,1,,obl,
1286,panema maha kellelt/millelt,abl,mitte kunagi,vahel,muu,panema,maha,1,,obl,
1287,tasuma ära kellelt/millelt,abl,vahel,vahel,muu,tasuma,ära,1,,obl,
1288,toimetama ära kellelt/millelt,abl,mitte kunagi,alati,mitte kunagi,toimetama,ära,1,,obl,
1289,troonima kellelt/millelt,abl,vahel,vahel,muu,troonima,,1,,obl,
1290,teenindama kellelt/millelt,abl,mitte kunagi,alati,mitte kunagi,teenindama,,1,,obl,
1291,tuhisema kellelt/millelt,abl,mitte kunagi,alati,mitte kunagi,tuhisema,,1,,obl,
1292,kandma ära kellelt/millelt,abl,vahel,vahel,mitte kunagi,kandma,ära,1,,obl,
1293,sõitma kokku kellelt/millelt,abl,mitte kunagi,alati,mitte kunagi,sõitma,kokku,1,,obl,
1294,mängima ette kellelt/millelt,abl,vahel,vahel,muu,mängima,ette,1,,obl,
1295,tohtima kellelt/millelt,abl,vahel,vahel,muu,tohtima,,1,,obl,
1296,kinnistuma kellelt/millelt,abl,vahel,vahel,mitte kunagi,kinnistuma,,1,,obl,
1297,kiskuma lahti kellelt/millelt,abl,mitte kunagi,vahel,muu,kiskuma,lahti,1,,obl,
1298,puutuma kokku kellelt/millelt,abl,vahel,vahel,muu,puutuma,kokku,1,,obl,
1299,jääma kinni kellelt/millelt,abl,mitte kunagi,alati,mitte kunagi,jääma,kinni,1,,obl,
1300,tirima ära kellelt/millelt,abl,vahel,vahel,muu,tirima,ära,1,,obl,
1301,kandma kokku kellelt/millelt,abl,mitte kunagi,alati,mitte kunagi,kandma,kokku,1,,obl,
1302,käima välja kellelt/millelt,abl,vahel,vahel,muu,käima,välja,1,,obl,
1303,laskma lahti kellelt/millelt,abl,mitte kunagi,vahel,muu,laskma,lahti,1,,obl,
1304,matkima kellelt/millelt,abl,mitte kunagi,mitte kunagi,muu,matkima,,1,,obl,
1305,väljenduma kellelt/millelt,abl,vahel,mitte kunagi,muu,väljenduma,,1,,obl,
1306,kandma üle kellelt/millelt,abl,vahel,vahel,mitte kunagi,kandma,üle,1,,obl,
1307,puhuma maha kellelt/millelt,abl,mitte kunagi,alati,mitte kunagi,puhuma,maha,1,,obl,
1308,ujuma välja kellelt/millelt,abl,mitte kunagi,vahel,muu,ujuma,välja,1,,obl,
1309,looma välja kellelt/millelt,abl,mitte kunagi,alati,mitte kunagi,,looma,1,,obl,
1310,kangastuma kellelt/millelt,abl,mitte kunagi,vahel,muu,kangastuma,,1,,obl,
1311,tulvama kellelt/millelt,abl,vahel,vahel,mitte kunagi,tulvama,,1,,obl,
1312,lippama kellelt/millelt,abl,mitte kunagi,vahel,muu,lippama,,1,,obl,
1313,vajuma ära kellelt/millelt,abl,mitte kunagi,vahel,muu,vajuma,ära,1,,obl,
1314,vehkima kellelt/millelt,abl,vahel,vahel,muu,vehkima,,1,,obl,
1315,võluma välja kellelt/millelt,abl,vahel,mitte kunagi,muu,võluma,välja,1,,obl,
1316,nühkima kellelt/millelt,abl,mitte kunagi,vahel,muu,nühkima,,1,,obl,
1317,tõlgendama kellelt/millelt,abl,vahel,vahel,muu,tõlgendama,,1,,obl,
1318,saama külge kellelt/millelt,abl,vahel,vahel,mitte kunagi,saama,külge,1,,obl,
1319,sõitma üle kellelt/millelt,abl,mitte kunagi,vahel,muu,sõitma,üle,1,,obl,
1320,tellima juurde kellelt/millelt,abl,alati,mitte kunagi,mitte kunagi,tellima,juurde,1,,obl,
1321,rookima kellelt/millelt,abl,mitte kunagi,vahel,muu,rookima,,1,,obl,
1322,juhendama kellelt/millelt,abl,vahel,vahel,mitte kunagi,juhendama,,1,,obl,
1323,väärtustama kellelt/millelt,abl,mitte kunagi,alati,mitte kunagi,väärtustama,,1,,obl,
1324,filmima kellelt/millelt,abl,mitte kunagi,alati,mitte kunagi,filmima,,1,,obl,
1325,lõikuma kellelt/millelt,abl,mitte kunagi,vahel,muu,lõikuma,,1,,obl,
1326,tegema maha kellelt/millelt,abl,vahel,vahel,muu,tegema,maha,1,,obl,
1327,kulmineeruma kellelt/millelt,abl,vahel,vahel,muu,kulmineeruma,,1,,obl,
1328,lõhnama kellelt/millelt,abl,mitte kunagi,mitte kunagi,muu,lõhnama,,1,,obl,
1329,finantseerima kellelt/millelt,abl,vahel,vahel,muu,finantseerima,,1,,obl,
1330,tõestama kellelt/millelt,abl,mitte kunagi,vahel,ebakorrektne märgendus,tõestama,,1,,obl,
1331,nühkima maha kellelt/millelt,abl,vahel,vahel,mitte kunagi,nühkima,maha,1,,obl,
1332,imestama kellelt/millelt,abl,mitte kunagi,alati,mitte kunagi,imestama,,1,,obl,
1333,sosistama kellelt/millelt,abl,mitte kunagi,vahel,muu,sosistama,,1,,obl,
1334,plahvatama kellelt/millelt,abl,vahel,vahel,muu,plahvatama,,1,,obl,
1335,elimineerima kellelt/millelt,abl,mitte kunagi,vahel,muu,elimineerima,,1,,obl,
1336,akkama kellelt/millelt,abl,mitte kunagi,mitte kunagi,muu,akkama,,1,,obl,
1337,veenma kellelt/millelt,abl,vahel,vahel,muu,veenma,,1,,obl,
1338,nõudma juurde kellelt/millelt,abl,alati,mitte kunagi,mitte kunagi,nõudma,juurde,1,,obl,
1339,maadlema kellelt/millelt,abl,mitte kunagi,vahel,muu,maadlema,,1,,obl,
1340,prantsatama alla kellelt/millelt,abl,mitte kunagi,alati,mitte kunagi,prantsatama,alla,1,,obl,
1341,irduma kellelt/millelt,abl,mitte kunagi,alati,mitte kunagi,irduma,,1,,obl,
1342,viima ette kellelt/millelt,abl,vahel,vahel,muu,viima,ette,1,,obl,
1343,pärima järele kellelt/millelt,abl,vahel,mitte kunagi,muu,pärima,järele,1,,obl,
1344,sõitma sisse kellelt/millelt,abl,mitte kunagi,alati,mitte kunagi,sõitma,sisse,1,,obl,
1345,lugema kokku kellelt/millelt,abl,mitte kunagi,vahel,muu,lugema,kokku,1,,obl,
1346,lükkama välja kellelt/millelt,abl,mitte kunagi,alati,mitte kunagi,lükkama,välja,1,,obl,
1347,kloppima kellelt/millelt,abl,vahel,vahel,muu,kloppima,,1,,obl,
1348,investeerima kellelt/millelt,abl,vahel,vahel,muu,investeerima,,1,,obl,
1349,möönma kellelt/millelt,abl,vahel,vahel,muu,möönma,,1,,obl,
1350,serveerima kellelt/millelt,abl,mitte kunagi,vahel,muu,serveerima,,1,,obl,
1351,imenduma kellelt/millelt,abl,mitte kunagi,vahel,muu,imenduma,,1,,obl,
1352,osatama kellelt/millelt,abl,vahel,vahel,mitte kunagi,osatama,,1,,obl,
1353,andma kokku kellelt/millelt,abl,vahel,vahel,muu,andma,kokku,1,,obl,
1354,sisalduma kellelt/millelt,abl,vahel,vahel,muu,sisalduma,,1,,obl,
1355,lindistama kellelt/millelt,abl,vahel,vahel,mitte kunagi,lindistama,,1,,obl,
1356,andma järele kellelt/millelt,abl,vahel,vahel,muu,andma,järele,1,,obl,
1357,pidama maha kellelt/millelt,abl,vahel,vahel,muu,pidama,maha,1,,obl,
1358,liikuma ära kellelt/millelt,abl,vahel,vahel,mitte kunagi,liikuma,ära,1,,obl,
1359,tooma kohale kellelt/millelt,abl,mitte kunagi,alati,mitte kunagi,tooma,kohale,1,,obl,
1360,purustama kellelt/millelt,abl,mitte kunagi,vahel,muu,purustama,,1,,obl,
1361,kerkima üles kellelt/millelt,abl,mitte kunagi,alati,mitte kunagi,kerkima,üles,1,,obl,
1362,sättima kellelt/millelt,abl,vahel,vahel,muu,sättima,,1,,obl,
1363,arvama maha kellelt/millelt,abl,mitte kunagi,vahel,muu,arvama,maha,1,,obl,
1364,varisema alla kellelt/millelt,abl,vahel,vahel,mitte kunagi,varisema,alla,1,,obl,
1365,taotlema tagasi kellelt/millelt,abl,vahel,vahel,mitte kunagi,taotlema,tagasi,1,,obl,
1366,kruvima kellelt/millelt,abl,mitte kunagi,mitte kunagi,muu,kruvima,,1,,obl,
1367,kiirguma kellelt/millelt,abl,mitte kunagi,alati,mitte kunagi,kiirguma,,1,,obl,
1368,likvideerima kellelt/millelt,abl,mitte kunagi,alati,mitte kunagi,likvideerima,,1,,obl,
1369,liikuma välja kellelt/millelt,abl,mitte kunagi,alati,mitte kunagi,liikuma,välja,1,,obl,
1370,limpsima kellelt/millelt,abl,mitte kunagi,alati,mitte kunagi,limpsima,,1,,obl,
1371,koordineerima kellelt/millelt,abl,mitte kunagi,alati,mitte kunagi,koordineerima,,1,,obl,
1372,mahutama kellelt/millelt,abl,vahel,alati,muu,mahutama,,1,,obl,
1373,vananema kellelt/millelt,abl,vahel,mitte kunagi,muu,vananema,,1,,obl,
1374,roomama kellelt/millelt,abl,mitte kunagi,alati,mitte kunagi,roomama,,1,,obl,
1375,vihkama kellelt/millelt,abl,mitte kunagi,vahel,muu,vihkama,,1,,obl,
1376,müüma maha kellelt/millelt,abl,vahel,mitte kunagi,muu,müüma,maha,1,,obl,
1377,kobama kellelt/millelt,abl,mitte kunagi,alati,mitte kunagi,kobama,,1,,obl,
1378,koorima maha kellelt/millelt,abl,vahel,vahel,muu,koorima,maha,1,,obl,
1379,elama üle kellelt/millelt,abl,mitte kunagi,vahel,muu,elama,üle,1,,obl,
1380,kogunema kokku kellelt/millelt,abl,vahel,vahel,mitte kunagi,kogunema,kokku,1,,obl,
1381,kupatama kellelt/millelt,abl,mitte kunagi,alati,mitte kunagi,kupatama,,1,,obl,
1382,veerema välja kellelt/millelt,abl,mitte kunagi,alati,mitte kunagi,veerema,välja,1,,obl,
1383,pääsema ära kellelt/millelt,abl,mitte kunagi,vahel,muu,pääsema,ära,1,,obl,
1384,rullima kellelt/millelt,abl,vahel,vahel,muu,rullima,,1,,obl,
1385,innustama kellelt/millelt,abl,mitte kunagi,vahel,muu,innustama,,1,,obl,
1386,viskama peale kellelt/millelt,abl,mitte kunagi,vahel,muu,viskama,peale,1,,obl,
1387,jäädvustama kellelt/millelt,abl,mitte kunagi,alati,mitte kunagi,jäädvustama,,1,,obl,
1388,kirjutama üles kellelt/millelt,abl,vahel,vahel,muu,kirjutama,üles,1,,obl,
1389,vaatama ära kellelt/millelt,abl,mitte kunagi,alati,mitte kunagi,vaatama,ära,1,,obl,
1390,sadama maha kellelt/millelt,abl,mitte kunagi,vahel,muu,,sadama,1,,obl,
1391,kavaldama välja kellelt/millelt,abl,vahel,vahel,mitte kunagi,kavaldama,välja,1,,obl,
1392,kaugenema kellelt/millelt,abl,mitte kunagi,alati,mitte kunagi,kaugenema,,1,,obl,
1393,vaatama üles kellelt/millelt,abl,mitte kunagi,vahel,muu,vaatama,üles,1,,obl,
1394,vilksatama kellelt/millelt,abl,vahel,vahel,mitte kunagi,vilksatama,,1,,obl,
1395,"petma välja, kokku kellelt/millelt",abl,alati,mitte kunagi,mitte kunagi,petma,välja,1,,obl,
1396,"petma välja, kokku kellelt/millelt",abl,alati,mitte kunagi,mitte kunagi,petma,kokku,1,,obl,
1397,sõudma kellelt/millelt,abl,mitte kunagi,vahel,muu,sõudma,,1,,obl,
1398,söestuma kellelt/millelt,abl,mitte kunagi,alati,mitte kunagi,söestuma,,1,,obl,
1399,halvenema kellelt/millelt,abl,mitte kunagi,vahel,muu,halvenema,,1,,obl,
1400,upitama kellelt/millelt,abl,mitte kunagi,alati,mitte kunagi,upitama,,1,,obl,
1401,kiskuma kõrvale kellelt/millelt,abl,mitte kunagi,vahel,muu,kiskuma,kõrvale,1,,obl,
1402,vedama kaasa kellelt/millelt,abl,mitte kunagi,alati,mitte kunagi,vedama,kaasa,1,,obl,
1403,põrutama mööda kellelt/millelt,abl,mitte kunagi,vahel,muu,põrutama,mööda,1,,obl,
1404,vedama kokku kellelt/millelt,abl,vahel,vahel,mitte kunagi,vedama,kokku,1,,obl,
1405,nakatuma kellelt/millelt,abl,vahel,vahel,muu,nakatuma,,1,,obl,
1406,seilama kellelt/millelt,abl,vahel,vahel,muu,seilama,,1,,obl,
1407,nõudma läbi kellelt/millelt,abl,alati,mitte kunagi,mitte kunagi,nõudma,läbi,1,,obl,
1408,sõeluma kellelt/millelt,abl,mitte kunagi,vahel,muu,sõeluma,,1,,obl,
1409,jooksma üle kellelt/millelt,abl,mitte kunagi,vahel,muu,jooksma,üle,1,,obl,
1410,peitma kellelt/millelt,abl,mitte kunagi,mitte kunagi,muu,peitma,,1,,obl,
1411,hälbima kellelt/millelt,abl,mitte kunagi,vahel,muu,hälbima,,1,,obl,
1412,hüppama üles kellelt/millelt,abl,mitte kunagi,alati,mitte kunagi,hüppama,üles,1,,obl,
1413,tõrjuma eemale kellelt/millelt,abl,mitte kunagi,vahel,muu,tõrjuma,eemale,1,,obl,
1414,rakenduma kellelt/millelt,abl,mitte kunagi,vahel,muu,rakenduma,,1,,obl,
1415,põletama kellelt/millelt,abl,mitte kunagi,vahel,muu,põletama,,1,,obl,
1416,jooksma välja kellelt/millelt,abl,mitte kunagi,vahel,muu,jooksma,välja,1,,obl,
1417,näitama üles kellelt/millelt,abl,vahel,vahel,muu,näitama,üles,1,,obl,
1418,valutama kellelt/millelt,abl,vahel,vahel,muu,valutama,,1,,obl,
1419,jooksma vastu kellelt/millelt,abl,mitte kunagi,alati,mitte kunagi,jooksma,vastu,1,,obl,
1420,otsima läbi kellelt/millelt,abl,mitte kunagi,vahel,muu,otsima,läbi,1,,obl,
1421,imestuma kellelt/millelt,abl,vahel,mitte kunagi,muu,imestuma,,1,,obl,
1422,süvendama kellelt/millelt,abl,vahel,vahel,mitte kunagi,süvendama,,1,,obl,
1423,vantsima kellelt/millelt,abl,mitte kunagi,alati,mitte kunagi,vantsima,,1,,obl,
1424,ilutsema kellelt/millelt,abl,vahel,vahel,muu,ilutsema,,1,,obl,
1425,pöörduma ära kellelt/millelt,abl,mitte kunagi,vahel,muu,pöörduma,ära,1,,obl,
1426,rammima kellelt/millelt,abl,vahel,vahel,mitte kunagi,rammima,,1,,obl,
1427,hõljuma kellelt/millelt,abl,mitte kunagi,alati,mitte kunagi,hõljuma,,1,,obl,
1428,kohkuma tagasi kellelt/millelt,abl,mitte kunagi,vahel,muu,kohkuma,tagasi,1,,obl,
1429,pühenduma kellelt/millelt,abl,vahel,mitte kunagi,muu,pühenduma,,1,,obl,
1430,väänama kellelt/millelt,abl,vahel,vahel,muu,väänama,,1,,obl,
1431,kehastama kellelt/millelt,abl,mitte kunagi,vahel,muu,kehastama,,1,,obl,
1432,hõiskama kellelt/millelt,abl,mitte kunagi,alati,mitte kunagi,hõiskama,,1,,obl,
1433,sattuma kõrvale kellelt/millelt,abl,mitte kunagi,vahel,muu,sattuma,kõrvale,1,,obl,
1434,viigistama kellelt/millelt,abl,vahel,vahel,muu,viigistama,,1,,obl,
1435,napsama ära kellelt/millelt,abl,vahel,vahel,mitte kunagi,napsama,ära,1,,obl,
1436,kannatama välja kellelt/millelt,abl,mitte kunagi,vahel,muu,kannatama,välja,1,,obl,
1437,hirmutama kellelt/millelt,abl,mitte kunagi,vahel,muu,hirmutama,,1,,obl,
1438,vahetuma kellelt/millelt,abl,mitte kunagi,vahel,muu,,vahetuma,1,,obl,
1439,erastama kellelt/millelt,abl,vahel,vahel,muu,erastama,,1,,obl,
1440,viima tagasi kellelt/millelt,abl,vahel,vahel,mitte kunagi,viima,tagasi,1,,obl,
1441,kallutama kõrvale kellelt/millelt,abl,mitte kunagi,alati,mitte kunagi,kallutama,kõrvale,1,,obl,
1442,mõtsima kellelt/millelt,abl,vahel,vahel,muu,,mõtsima,1,,obl,
1443,viima mööda kellelt/millelt,abl,mitte kunagi,vahel,muu,viima,mööda,1,,obl,
1444,sebima kellelt/millelt,abl,vahel,vahel,muu,sebima,,1,,obl,
1445,murdma läbi kellelt/millelt,abl,mitte kunagi,vahel,muu,murdma,läbi,1,,obl,
1446,kamandama kellelt/millelt,abl,mitte kunagi,vahel,muu,kamandama,,1,,obl,
1447,kallama kellelt/millelt,abl,vahel,vahel,muu,kallama,,1,,obl,
1448,sõimama kellelt/millelt,abl,mitte kunagi,vahel,muu,sõimama,,1,,obl,
1449,vaikima kellelt/millelt,abl,mitte kunagi,mitte kunagi,muu,vaikima,,1,,obl,
1450,seonduma kellelt/millelt,abl,mitte kunagi,vahel,muu,seonduma,,1,,obl,
1451,hoidma eemal kellelt/millelt,abl,mitte kunagi,alati,mitte kunagi,hoidma,eemal,1,,obl,
1452,eristama kellelt/millelt,abl,vahel,vahel,muu,eristama,,1,,obl,
1453,kandma maha kellelt/millelt,abl,mitte kunagi,alati,mitte kunagi,kandma,maha,1,,obl,
1454,nuruma välja kellelt/millelt,abl,alati,mitte kunagi,mitte kunagi,nuruma,välja,1,,obl,
1455,vaidlustama kellelt/millelt,abl,vahel,vahel,muu,vaidlustama,,1,,obl,
1456,vajuma alla kellelt/millelt,abl,mitte kunagi,vahel,muu,vajuma,alla,1,,obl,
1457,kahekordistama kellelt/millelt,abl,mitte kunagi,mitte kunagi,muu,kahekordistama,,1,,obl,
1458,kahtlema kellelt/millelt,abl,mitte kunagi,vahel,muu,kahtlema,,1,,obl,
1459,koorima ära kellelt/millelt,abl,mitte kunagi,vahel,muu,koorima,ära,1,,obl,
1460,põrutama välja kellelt/millelt,abl,mitte kunagi,alati,mitte kunagi,põrutama,välja,1,,obl,
1461,valetama kellelt/millelt,abl,vahel,vahel,muu,valetama,,1,,obl,
1462,järelduma kellelt/millelt,abl,mitte kunagi,vahel,muu,järelduma,,1,,obl,
1463,põristama kellelt/millelt,abl,vahel,vahel,mitte kunagi,põristama,,1,,obl,
1464,uuendama kellelt/millelt,abl,vahel,vahel,muu,uuendama,,1,,obl,
1465,kergendama kellelt/millelt,abl,mitte kunagi,vahel,muu,kergendama,,1,,obl,
1466,sööbima kellelt/millelt,abl,mitte kunagi,vahel,muu,sööbima,,1,,obl,
1467,uudistama kellelt/millelt,abl,mitte kunagi,alati,mitte kunagi,uudistama,,1,,obl,
1468,ilmuma välja kellelt/millelt,abl,mitte kunagi,vahel,muu,ilmuma,välja,1,,obl,
1469,rebenema kellelt/millelt,abl,mitte kunagi,vahel,muu,rebenema,,1,,obl,
1470,särama kellelt/millelt,abl,mitte kunagi,vahel,muu,särama,,1,,obl,
1471,varjutama kellelt/millelt,abl,mitte kunagi,vahel,muu,varjutama,,1,,obl,
1472,nõustama kellelt/millelt,abl,vahel,vahel,muu,nõustama,,1,,obl,
1473,"kihutama välja, vastu kellelt/millelt",abl,mitte kunagi,alati,mitte kunagi,kihutama,välja,1,,obl,
1474,"kihutama välja, vastu kellelt/millelt",abl,mitte kunagi,alati,mitte kunagi,kihutama,vastu,1,,obl,
1475,sõnastama kellelt/millelt,abl,mitte kunagi,vahel,muu,sõnastama,,1,,obl,
1476,ilmuma kokku kellelt/millelt,abl,alati,mitte kunagi,mitte kunagi,ilmuma,kokku,1,,obl,
1477,jääma rahule kellelt/millelt,abl,vahel,vahel,muu,jääma,rahule,1,,obl,
1478,juhtima välja kellelt/millelt,abl,vahel,vahel,muu,juhtima,välja,1,,obl,
1479,hülgama kellelt/millelt,abl,vahel,vahel,muu,hülgama,,1,,obl,
1480,jääma pooleli kellelt/millelt,abl,mitte kunagi,alati,mitte kunagi,jääma,pooleli,1,,obl,
1481,sekundeerima kellelt/millelt,abl,mitte kunagi,vahel,muu,sekundeerima,,1,,obl,
1482,rahastama kellelt/millelt,abl,mitte kunagi,alati,mitte kunagi,rahastama,,1,,obl,
1483,registreeruma kellelt/millelt,abl,mitte kunagi,vahel,muu,registreeruma,,1,,obl,
1484,liitma kellelt/millelt,abl,mitte kunagi,vahel,muu,liitma,,1,,obl,
1485,muhelema kellelt/millelt,abl,vahel,vahel,muu,muhelema,,1,,obl,
1486,murdma maha kellelt/millelt,abl,mitte kunagi,vahel,muu,murdma,maha,1,,obl,
1487,tihkama kellelt/millelt,abl,vahel,vahel,mitte kunagi,tihkama,,1,,obl,
1488,lammutama kellelt/millelt,abl,mitte kunagi,alati,mitte kunagi,lammutama,,1,,obl,
1489,paljastama kellelt/millelt,abl,mitte kunagi,vahel,muu,paljastama,,1,,obl,
1490,kraapima kokku kellelt/millelt,abl,vahel,vahel,mitte kunagi,kraapima,kokku,1,,obl,
1491,teisaldama kellelt/millelt,abl,mitte kunagi,alati,mitte kunagi,teisaldama,,1,,obl,
1492,saama ette kellelt/millelt,abl,vahel,mitte kunagi,muu,saama,ette,1,,obl,
1493,lööma vastu kellelt/millelt,abl,mitte kunagi,alati,mitte kunagi,lööma,vastu,1,,obl,
1494,kruttima maha kellelt/millelt,abl,mitte kunagi,vahel,muu,kruttima,maha,1,,obl,
1495,pankrotistuma kellelt/millelt,abl,vahel,vahel,mitte kunagi,pankrotistuma,,1,,obl,
1496,ärritama kellelt/millelt,abl,mitte kunagi,vahel,muu,ärritama,,1,,obl,
1497,tavatsema kellelt/millelt,abl,vahel,mitte kunagi,muu,tavatsema,,1,,obl,
1498,monteerima maha kellelt/millelt,abl,mitte kunagi,vahel,muu,monteerima,maha,1,,obl,
1499,"saama ringi, sisse kellelt/millelt",abl,alati,mitte kunagi,mitte kunagi,saama,ringi,1,,obl,
1500,"saama ringi, sisse kellelt/millelt",abl,alati,mitte kunagi,mitte kunagi,saama,sisse,1,,obl,
1501,õhkama kellelt/millelt,abl,mitte kunagi,vahel,muu,õhkama,,1,,obl,
1502,lahvatama kellelt/millelt,abl,mitte kunagi,vahel,muu,lahvatama,,1,,obl,
1503,kurvastama kellelt/millelt,abl,mitte kunagi,vahel,muu,kurvastama,,1,,obl,
1504,rändama sisse kellelt/millelt,abl,mitte kunagi,alati,mitte kunagi,rändama,sisse,1,,obl,
1505,siirdama kellelt/millelt,abl,vahel,vahel,mitte kunagi,siirdama,,1,,obl,
1506,kustutama ära kellelt/millelt,abl,mitte kunagi,vahel,muu,kustutama,ära,1,,obl,
1507,tähendama maha kellelt/millelt,abl,vahel,vahel,muu,tähendama,maha,1,,obl,
1508,toimetama välja kellelt/millelt,abl,mitte kunagi,alati,mitte kunagi,toimetama,välja,1,,obl,
1509,võtma alla kellelt/millelt,abl,vahel,vahel,muu,võtma,alla,1,,obl,
1510,krahmama kellelt/millelt,abl,vahel,vahel,mitte kunagi,krahmama,,1,,obl,
1511,tõmbuma välja kellelt/millelt,abl,mitte kunagi,alati,mitte kunagi,tõmbuma,välja,1,,obl,
1512,lükkama ümber kellelt/millelt,abl,mitte kunagi,vahel,muu,lükkama,ümber,1,,obl,
1513,laskma maha kellelt/millelt,abl,mitte kunagi,vahel,muu,laskma,maha,1,,obl,
1514,lendama tagasi kellelt/millelt,abl,mitte kunagi,vahel,muu,lendama,tagasi,1,,obl,
1515,tegema välja kellelt/millelt,abl,mitte kunagi,vahel,muu,tegema,välja,1,,obl,
1516,leppima kellelt/millelt,abl,mitte kunagi,vahel,muu,leppima,,1,,obl,
1517,trumpama üle kellelt/millelt,abl,vahel,mitte kunagi,muu,trumpama,üle,1,,obl,
1518,pakkuma välja kellelt/millelt,abl,mitte kunagi,vahel,muu,pakkuma,välja,1,,obl,
1519,lööma mööda kellelt/millelt,abl,mitte kunagi,vahel,muu,lööma,mööda,1,,obl,
1520,parkima kellelt/millelt,abl,vahel,vahel,muu,parkima,,1,,obl,
1521,minema sisse kellelt/millelt,abl,mitte kunagi,vahel,muu,minema,sisse,1,,obl,
1522,lasuma kellelt/millelt,abl,vahel,vahel,muu,lasuma,,1,,obl,
1523,asenduma kellelt/millelt,abl,mitte kunagi,vahel,muu,asenduma,,1,,obl,
1524,abistama kellelt/millelt,abl,vahel,vahel,muu,abistama,,1,,obl,
1525,korrigeerima kellelt/millelt,abl,vahel,mitte kunagi,muu,korrigeerima,,1,,obl,
1526,triivima kellelt/millelt,abl,mitte kunagi,vahel,muu,triivima,,1,,obl,
1527,arutlema kellelt/millelt,abl,mitte kunagi,vahel,muu,arutlema,,1,,obl,
1528,röövima ära kellelt/millelt,abl,vahel,vahel,mitte kunagi,röövima,ära,1,,obl,
1529,ärkama kellelt/millelt,abl,mitte kunagi,vahel,muu,ärkama,,1,,obl,
1530,ütlema ära kellelt/millelt,abl,mitte kunagi,vahel,muu,ütlema,ära,1,,obl,
1531,minema lahku kellelt/millelt,abl,mitte kunagi,vahel,muu,minema,lahku,1,,obl,
1532,minema peale kellelt/millelt,abl,mitte kunagi,vahel,muu,minema,peale,1,,obl,
1533,suvatsema kellelt/millelt,abl,vahel,vahel,mitte kunagi,suvatsema,,1,,obl,
1534,kätkema kellelt/millelt,abl,vahel,vahel,muu,kätkema,,1,,obl,
1535,tirima maha kellelt/millelt,abl,vahel,vahel,muu,tirima,maha,1,,obl,
1536,pääsema ligi kellelt/millelt,abl,vahel,vahel,muu,pääsema,ligi,1,,obl,
1537,panema peale kellelt/millelt,abl,mitte kunagi,vahel,muu,panema,peale,1,,obl,
1538,tõmbama alla kellelt/millelt,abl,mitte kunagi,vahel,muu,tõmbama,alla,1,,obl,
1539,määrima kellelt/millelt,abl,vahel,vahel,muu,määrima,,1,,obl,
1540,aurustuma kellelt/millelt,abl,mitte kunagi,alati,mitte kunagi,aurustuma,,1,,obl,
1541,panema välja kellelt/millelt,abl,mitte kunagi,vahel,muu,panema,välja,1,,obl,
1542,tulema esile kellelt/millelt,abl,mitte kunagi,vahel,muu,tulema,esile,1,,obl,
1543,lööma kaasa kellelt/millelt,abl,vahel,vahel,muu,lööma,kaasa,1,,obl,
1544,sisestama kellelt/millelt,abl,mitte kunagi,alati,mitte kunagi,sisestama,,1,,obl,
1545,libistama kellelt/millelt,abl,mitte kunagi,alati,mitte kunagi,libistama,,1,,obl,
1546,tarvitama kellelt/millelt,abl,vahel,mitte kunagi,muu,tarvitama,,1,,obl,
1547,andma juurde kellelt/millelt,abl,mitte kunagi,vahel,muu,andma,juurde,1,,obl,
1548,soosima kellelt/millelt,abl,mitte kunagi,vahel,muu,soosima,,1,,obl,
1549,võõrustama kellelt/millelt,abl,mitte kunagi,vahel,muu,võõrustama,,1,,obl,
1550,aitama välja kellelt/millelt,abl,mitte kunagi,alati,mitte kunagi,aitama,välja,1,,obl,
1551,rääkima edasi kellelt/millelt,abl,vahel,vahel,mitte kunagi,rääkima,edasi,1,,obl,
1552,kõndima ära kellelt/millelt,abl,mitte kunagi,alati,mitte kunagi,kõndima,ära,1,,obl,
1553,täituma kellelt/millelt,abl,mitte kunagi,vahel,muu,täituma,,1,,obl,
1554,eksima kõrvale kellelt/millelt,abl,mitte kunagi,vahel,mitte kunagi,eksima,kõrvale,1,,obl,
1555,pääsema maha kellelt/millelt,abl,mitte kunagi,vahel,muu,pääsema,maha,1,,obl,
1556,eksisteerima kellelt/millelt,abl,mitte kunagi,vahel,muu,eksisteerima,,1,,obl,
1557,andma tagasi kellelt/millelt,abl,vahel,vahel,muu,andma,tagasi,1,,obl,
1558,avastama kokku kellelt/millelt,abl,vahel,vahel,mitte kunagi,avastama,kokku,1,,obl,
1559,soodustama kellelt/millelt,abl,mitte kunagi,vahel,muu,soodustama,,1,,obl,
1560,kukkuma peale kellelt/millelt,abl,vahel,vahel,mitte kunagi,kukkuma,peale,1,,obl,
1561,kukkuma läbi kellelt/millelt,abl,mitte kunagi,vahel,muu,kukkuma,läbi,1,,obl,
1562,"pressima välja, kokku kellelt/millelt",abl,alati,mitte kunagi,mitte kunagi,pressima,välja,1,,obl,
1563,"pressima välja, kokku kellelt/millelt",abl,alati,mitte kunagi,mitte kunagi,pressima,kokku,1,,obl,
1564,kvalifitseeruma kellelt/millelt,abl,vahel,vahel,mitte kunagi,kvalifitseeruma,,1,,obl,
1565,panema mööda kellelt/millelt,abl,mitte kunagi,mitte kunagi,muu,panema,mööda,1,,obl,
1566,päädima kellelt/millelt,abl,vahel,vahel,mitte kunagi,päädima,,1,,obl,
1567,pretendeerima kellelt/millelt,abl,vahel,mitte kunagi,muu,pretendeerima,,1,,obl,
1568,käima ringi kellelt/millelt,abl,mitte kunagi,mitte kunagi,muu,käima,ringi,1,,obl,
1569,dirigeerima kellelt/millelt,abl,mitte kunagi,alati,mitte kunagi,dirigeerima,,1,,obl,
1570,allkirjastama kellelt/millelt,abl,vahel,vahel,muu,allkirjastama,,1,,obl,
1571,võtma juurde kellelt/millelt,abl,vahel,mitte kunagi,muu,võtma,juurde,1,,obl,
1572,looma mööda kellelt/millelt,abl,mitte kunagi,vahel,muu,,looma,1,,obl,
1573,võtma läbi kellelt/millelt,abl,vahel,vahel,muu,võtma,läbi,1,,obl,
1574,aimuma kellelt/millelt,abl,mitte kunagi,vahel,muu,aimuma,,1,,obl,
1575,tellima kokku kellelt/millelt,abl,alati,mitte kunagi,mitte kunagi,tellima,kokku,1,,obl,
1576,purjetama kellelt/millelt,abl,mitte kunagi,vahel,muu,purjetama,,1,,obl,
1577,ahvatlema kellelt/millelt,abl,vahel,vahel,muu,ahvatlema,,1,,obl,
1578,määratlema kellelt/millelt,abl,vahel,vahel,muu,määratlema,,1,,obl,
1579,pääsema sisse kellelt/millelt,abl,vahel,vahel,mitte kunagi,pääsema,sisse,1,,obl,
1580,liginema kellelt/millelt,abl,mitte kunagi,vahel,muu,liginema,,1,,obl,
1581,tarima kellelt/millelt,abl,vahel,vahel,mitte kunagi,tarima,,1,,obl,
1582,paigaldama kellelt/millelt,abl,mitte kunagi,vahel,muu,paigaldama,,1,,obl,
1583,andma ära kellelt/millelt,abl,vahel,vahel,muu,andma,ära,1,,obl,
1584,tõukama välja kellelt/millelt,abl,mitte kunagi,alati,mitte kunagi,tõukama,välja,1,,obl,
1585,minema kellesse/millesse,adit,vahel,vahel,mitte kunagi,minema,,1,,obl,
1586,kuuluma kellesse/millesse,adit,mitte kunagi,alati,mitte kunagi,kuuluma,,1,,obl,
1587,tulema kellesse/millesse,adit,vahel,vahel,muu,tulema,,1,,obl,
1588,jõudma kellesse/millesse,adit,mitte kunagi,alati,mitte kunagi,jõudma,,1,,obl,
1589,jääma kellesse/millesse,adit,mitte kunagi,vahel,muu,jääma,,1,,obl,
1590,sattuma kellesse/millesse,adit,mitte kunagi,vahel,muu,sattuma,,1,,obl,
1591,saama kellesse/millesse,adit,vahel,vahel,muu,saama,,1,,obl,
1592,puutuma kellesse/millesse,adit,mitte kunagi,mitte kunagi,muu,puutuma,,1,,obl,
1593,suhtuma kellesse/millesse,adit,vahel,mitte kunagi,muu,suhtuma,,1,,obl,
1594,viima kellesse/millesse,adit,mitte kunagi,alati,mitte kunagi,viima,,1,,obl,
1595,sõitma kellesse/millesse,adit,mitte kunagi,alati,mitte kunagi,sõitma,,1,,obl,
1596,tooma kellesse/millesse,adit,mitte kunagi,vahel,muu,tooma,,1,,obl,
1597,panema kellesse/millesse,adit,vahel,vahel,muu,panema,,1,,obl,
1598,tegema kellesse/millesse,adit,vahel,vahel,muu,tegema,,1,,obl,
1599,pääsema kellesse/millesse,adit,mitte kunagi,alati,mitte kunagi,pääsema,,1,,obl,
1600,astuma kellesse/millesse,adit,mitte kunagi,alati,mitte kunagi,astuma,,1,,obl,
1601,olema kellesse/millesse,adit,vahel,vahel,muu,olema,,1,,obl,
1602,andma kellesse/millesse,adit,mitte kunagi,vahel,muu,andma,,1,,obl,
1603,mahtuma kellesse/millesse,adit,mitte kunagi,alati,mitte kunagi,mahtuma,,1,,obl,
1604,saabuma kellesse/millesse,adit,mitte kunagi,alati,mitte kunagi,saabuma,,1,,obl,
1605,saatma kellesse/millesse,adit,mitte kunagi,vahel,muu,saatma,,1,,obl,
1606,kogunema kellesse/millesse,adit,mitte kunagi,alati,mitte kunagi,kogunema,,1,,obl,
1607,sobima kellesse/millesse,adit,mitte kunagi,vahel,muu,sobima,,1,,obl,
1608,võtma kellesse/millesse,adit,vahel,vahel,muu,võtma,,1,,obl,
1609,käima kellesse/millesse,adit,vahel,vahel,muu,käima,,1,,obl,
1610,asuma kellesse/millesse,adit,vahel,vahel,muu,asuma,,1,,obl,
1611,jätma kellesse/millesse,adit,vahel,vahel,muu,jätma,,1,,obl,
1612,tekkima kellesse/millesse,adit,mitte kunagi,vahel,muu,tekkima,,1,,obl,
1613,ilmuma kellesse/millesse,adit,mitte kunagi,alati,mitte kunagi,ilmuma,,1,,obl,
1614,tungima kellesse/millesse,adit,vahel,vahel,mitte kunagi,tungima,,1,,obl,
1615,kolima kellesse/millesse,adit,mitte kunagi,alati,mitte kunagi,kolima,,1,,obl,
1616,olema vaja kellesse/millesse,adit,vahel,vahel,muu,olema,vaja,1,,obl,
1617,suunduma kellesse/millesse,adit,mitte kunagi,alati,mitte kunagi,suunduma,,1,,obl,
1618,pidama kellesse/millesse,adit,vahel,vahel,muu,pidama,,1,,obl,
1619,langema kellesse/millesse,adit,mitte kunagi,vahel,muu,langema,,1,,obl,
1620,sisenema kellesse/millesse,adit,mitte kunagi,alati,mitte kunagi,sisenema,,1,,obl,
1621,kaduma kellesse/millesse,adit,mitte kunagi,alati,mitte kunagi,kaduma,,1,,obl,
1622,hakkama kellesse/millesse,adit,mitte kunagi,vahel,muu,hakkama,,1,,obl,
1623,kutsuma kellesse/millesse,adit,vahel,vahel,mitte kunagi,kutsuma,,1,,obl,
1624,maksma kellesse/millesse,adit,mitte kunagi,vahel,muu,maksma,,1,,obl,
1625,lendama kellesse/millesse,adit,mitte kunagi,alati,vaieldav märgendus,lendama,,1,,obl,
1626,tahtma kellesse/millesse,adit,vahel,vahel,muu,tahtma,,1,,obl,
1627,jooksma kellesse/millesse,adit,mitte kunagi,vahel,muu,jooksma,,1,,obl,
1628,liikuma kellesse/millesse,adit,mitte kunagi,vahel,muu,liikuma,,1,,obl,
1629,toimuma kellesse/millesse,adit,mitte kunagi,vahel,muu,toimuma,,1,,obl,
1630,siirduma kellesse/millesse,adit,mitte kunagi,alati,mitte kunagi,siirduma,,1,,obl,
1631,investeerima kellesse/millesse,adit,mitte kunagi,vahel,muu,investeerima,,1,,obl,
1632,lisanduma kellesse/millesse,adit,mitte kunagi,vahel,muu,lisanduma,,1,,obl,
1633,surema kellesse/millesse,adit,vahel,vahel,muu,surema,,1,,obl,
1634,kukkuma kellesse/millesse,adit,mitte kunagi,alati,mitte kunagi,kukkuma,,1,,obl,
1635,uskuma kellesse/millesse,adit,mitte kunagi,mitte kunagi,muu,uskuma,,1,,obl,
1636,laskma kellesse/millesse,adit,mitte kunagi,vahel,muu,laskma,,1,,obl,
1637,tõusma kellesse/millesse,adit,vahel,vahel,muu,tõusma,,1,,obl,
1638,helistama kellesse/millesse,adit,mitte kunagi,alati,mitte kunagi,helistama,,1,,obl,
1639,ajama kellesse/millesse,adit,mitte kunagi,alati,mitte kunagi,ajama,,1,,obl,
1640,ootama kellesse/millesse,adit,mitte kunagi,vahel,muu,ootama,,1,,obl,
1641,kandma kellesse/millesse,adit,mitte kunagi,vahel,muu,kandma,,1,,obl,
1642,naasma kellesse/millesse,adit,mitte kunagi,vahel,muu,naasma,,1,,obl,
1643,leidma kellesse/millesse,adit,mitte kunagi,vahel,muu,leidma,,1,,obl,
1644,nägema kellesse/millesse,adit,mitte kunagi,vahel,muu,nägema,,1,,obl,
1645,lööma kellesse/millesse,adit,vahel,vahel,muu,lööma,,1,,obl,
1646,istuma kellesse/millesse,adit,vahel,vahel,mitte kunagi,istuma,,1,,obl,
1647,ulatuma kellesse/millesse,adit,mitte kunagi,alati,vaieldav märgendus,ulatuma,,1,,obl,
1648,tõstma kellesse/millesse,adit,mitte kunagi,vahel,muu,tõstma,,1,,obl,
1649,viskama kellesse/millesse,adit,mitte kunagi,vahel,muu,viskama,,1,,obl,
1650,seadma kellesse/millesse,adit,mitte kunagi,vahel,muu,seadma,,1,,obl,
1651,pöörduma kellesse/millesse,adit,mitte kunagi,vahel,muu,pöörduma,,1,,obl,
1652,pakkuma kellesse/millesse,adit,vahel,vahel,muu,pakkuma,,1,,obl,
1653,juhtima kellesse/millesse,adit,mitte kunagi,vahel,muu,juhtima,,1,,obl,
1654,ostma kellesse/millesse,adit,mitte kunagi,vahel,muu,ostma,,1,,obl,
1655,tõmbama kellesse/millesse,adit,mitte kunagi,vahel,muu,tõmbama,,1,,obl,
1656,vaatama kellesse/millesse,adit,mitte kunagi,vahel,muu,vaatama,,1,,obl,
1657,alustama kellesse/millesse,adit,mitte kunagi,vahel,muu,alustama,,1,,obl,
1658,jätkuma kellesse/millesse,adit,mitte kunagi,vahel,muu,jätkuma,,1,,obl,
1659,vedama kellesse/millesse,adit,mitte kunagi,alati,mitte kunagi,vedama,,1,,obl,
1660,paigutama kellesse/millesse,adit,mitte kunagi,vahel,muu,paigutama,,1,,obl,
1661,minema tagasi kellesse/millesse,adit,mitte kunagi,alati,mitte kunagi,minema,tagasi,1,,obl,
1662,elama kellesse/millesse,adit,vahel,vahel,muu,elama,,1,,obl,
1663,tähendama kellesse/millesse,adit,mitte kunagi,vahel,muu,tähendama,,1,,obl,
1664,algama kellesse/millesse,adit,vahel,vahel,muu,algama,,1,,obl,
1665,lisama kellesse/millesse,adit,mitte kunagi,vahel,muu,lisama,,1,,obl,
1666,tulema tagasi kellesse/millesse,adit,mitte kunagi,vahel,muu,tulema,tagasi,1,,obl,
1667,sekkuma kellesse/millesse,adit,mitte kunagi,mitte kunagi,muu,sekkuma,,1,,obl,
1668,ronima kellesse/millesse,adit,mitte kunagi,alati,mitte kunagi,ronima,,1,,obl,
1669,tormama kellesse/millesse,adit,mitte kunagi,alati,mitte kunagi,tormama,,1,,obl,
1670,lubama kellesse/millesse,adit,vahel,vahel,muu,lubama,,1,,obl,
1671,kerkima kellesse/millesse,adit,mitte kunagi,vahel,muu,kerkima,,1,,obl,
1672,kirjutama kellesse/millesse,adit,mitte kunagi,vahel,muu,kirjutama,,1,,obl,
1673,laekuma kellesse/millesse,adit,mitte kunagi,vahel,muu,laekuma,,1,,obl,
1674,kihutama kellesse/millesse,adit,mitte kunagi,alati,mitte kunagi,kihutama,,1,,obl,
1675,kasutama kellesse/millesse,adit,vahel,vahel,muu,kasutama,,1,,obl,
1676,looma kellesse/millesse,adit,vahel,vahel,ebakorrektne märgendus,,looma,1,,obl,
1677,hüppama kellesse/millesse,adit,mitte kunagi,alati,mitte kunagi,hüppama,,1,,obl,
1678,koonduma kellesse/millesse,adit,mitte kunagi,alati,mitte kunagi,koonduma,,1,,obl,
1679,põgenema kellesse/millesse,adit,mitte kunagi,vahel,muu,põgenema,,1,,obl,
1680,tabama kellesse/millesse,adit,mitte kunagi,vahel,muu,tabama,,1,,obl,
1681,lahkuma kellesse/millesse,adit,mitte kunagi,alati,mitte kunagi,lahkuma,,1,,obl,
1682,toimetama kellesse/millesse,adit,mitte kunagi,vahel,muu,toimetama,,1,,obl,
1683,mängima kellesse/millesse,adit,mitte kunagi,vahel,muu,mängima,,1,,obl,
1684,näitama kellesse/millesse,adit,mitte kunagi,vahel,muu,näitama,,1,,obl,
1685,valitsema kellesse/millesse,adit,vahel,mitte kunagi,muu,valitsema,,1,,obl,
1686,jõudma tagasi kellesse/millesse,adit,vahel,vahel,mitte kunagi,jõudma,tagasi,1,,obl,
1687,soovima kellesse/millesse,adit,mitte kunagi,vahel,muu,soovima,,1,,obl,
1688,lõpetama kellesse/millesse,adit,mitte kunagi,vahel,muu,lõpetama,,1,,obl,
1689,muutuma kellesse/millesse,adit,vahel,vahel,muu,muutuma,,1,,obl,
1690,suunama kellesse/millesse,adit,mitte kunagi,vahel,muu,suunama,,1,,obl,
1691,juhtuma kellesse/millesse,adit,vahel,vahel,muu,juhtuma,,1,,obl,
1692,nõudma kellesse/millesse,adit,vahel,vahel,ebakorrektne märgendus,nõudma,,1,,obl,
1693,ütlema kellesse/millesse,adit,vahel,vahel,muu,ütlema,,1,,obl,
1694,asetama kellesse/millesse,adit,mitte kunagi,alati,mitte kunagi,asetama,,1,,obl,
1695,võitma kellesse/millesse,adit,vahel,vahel,muu,võitma,,1,,obl,
1696,lükkama kellesse/millesse,adit,mitte kunagi,vahel,muu,lükkama,,1,,obl,
1697,otsima kellesse/millesse,adit,vahel,vahel,muu,otsima,,1,,obl,
1698,rändama kellesse/millesse,adit,mitte kunagi,alati,mitte kunagi,rändama,,1,,obl,
1699,kuluma kellesse/millesse,adit,mitte kunagi,vahel,muu,kuluma,,1,,obl,
1700,rääkima kellesse/millesse,adit,mitte kunagi,vahel,muu,rääkima,,1,,obl,
1701,juhatama kellesse/millesse,adit,mitte kunagi,alati,mitte kunagi,juhatama,,1,,obl,
1702,teadma kellesse/millesse,adit,vahel,vahel,muu,teadma,,1,,obl,
1703,esitama kellesse/millesse,adit,mitte kunagi,vahel,muu,esitama,,1,,obl,
1704,suruma kellesse/millesse,adit,mitte kunagi,alati,mitte kunagi,suruma,,1,,obl,
1705,töötama kellesse/millesse,adit,vahel,vahel,muu,töötama,,1,,obl,
1706,ehitama kellesse/millesse,adit,mitte kunagi,vahel,muu,ehitama,,1,,obl,
1707,vajuma kellesse/millesse,adit,mitte kunagi,vahel,muu,vajuma,,1,,obl,
1708,tundma kellesse/millesse,adit,vahel,vahel,muu,tundma,,1,,obl,
1709,pistma kellesse/millesse,adit,mitte kunagi,alati,mitte kunagi,pistma,,1,,obl,
1710,heitma kellesse/millesse,adit,mitte kunagi,vahel,muu,heitma,,1,,obl,
1711,esinema kellesse/millesse,adit,vahel,vahel,ebakorrektne märgendus,esinema,,1,,obl,
1712,pöörduma tagasi kellesse/millesse,adit,mitte kunagi,alati,mitte kunagi,pöörduma,tagasi,1,,obl,
1713,sukelduma kellesse/millesse,adit,mitte kunagi,alati,mitte kunagi,sukelduma,,1,,obl,
1714,sündima kellesse/millesse,adit,vahel,vahel,muu,sündima,,1,,obl,
1715,haigestuma kellesse/millesse,adit,vahel,vahel,muu,haigestuma,,1,,obl,
1716,hoidma kellesse/millesse,adit,vahel,vahel,muu,hoidma,,1,,obl,
1717,kasvama kellesse/millesse,adit,mitte kunagi,vahel,muu,kasvama,,1,,obl,
1718,mahtuma ära kellesse/millesse,adit,mitte kunagi,vahel,muu,mahtuma,ära,1,,obl,
1719,pugema kellesse/millesse,adit,mitte kunagi,alati,mitte kunagi,pugema,,1,,obl,
1720,valima kellesse/millesse,adit,vahel,vahel,muu,valima,,1,,obl,
1721,jääma kinni kellesse/millesse,adit,mitte kunagi,vahel,muu,jääma,kinni,1,,obl,
1722,toetama kellesse/millesse,adit,vahel,vahel,muu,toetama,,1,,obl,
1723,voolama kellesse/millesse,adit,mitte kunagi,vahel,muu,voolama,,1,,obl,
1724,kippuma kellesse/millesse,adit,mitte kunagi,alati,mitte kunagi,kippuma,,1,,obl,
1725,seisma kellesse/millesse,adit,vahel,vahel,muu,seisma,,1,,obl,
1726,osalema kellesse/millesse,adit,vahel,vahel,ebakorrektne märgendus,osalema,,1,,obl,
1727,avama kellesse/millesse,adit,mitte kunagi,vahel,muu,avama,,1,,obl,
1728,meelitama kellesse/millesse,adit,mitte kunagi,alati,mitte kunagi,meelitama,,1,,obl,
1729,vajama kellesse/millesse,adit,mitte kunagi,vahel,muu,vajama,,1,,obl,
1730,levima kellesse/millesse,adit,mitte kunagi,vahel,muu,levima,,1,,obl,
1731,muutma kellesse/millesse,adit,vahel,mitte kunagi,muu,muutma,,1,,obl,
1732,müüma kellesse/millesse,adit,mitte kunagi,vahel,muu,müüma,,1,,obl,
1733,aitama kellesse/millesse,adit,mitte kunagi,vahel,muu,aitama,,1,,obl,
1734,kaotama kellesse/millesse,adit,vahel,vahel,muu,kaotama,,1,,obl,
1735,paluma kellesse/millesse,adit,vahel,vahel,muu,paluma,,1,,obl,
1736,külastama kellesse/millesse,adit,mitte kunagi,mitte kunagi,muu,külastama,,1,,obl,
1737,tekitama kellesse/millesse,adit,mitte kunagi,vahel,muu,tekitama,,1,,obl,
1738,paistma kellesse/millesse,adit,mitte kunagi,vahel,muu,paistma,,1,,obl,
1739,toppima kellesse/millesse,adit,mitte kunagi,vahel,muu,toppima,,1,,obl,
1740,süvenema kellesse/millesse,adit,mitte kunagi,mitte kunagi,muu,süvenema,,1,,obl,
1741,tasuma kellesse/millesse,adit,mitte kunagi,vahel,muu,tasuma,,1,,obl,
1742,laskuma kellesse/millesse,adit,mitte kunagi,vahel,muu,laskuma,,1,,obl,
1743,korraldama kellesse/millesse,adit,mitte kunagi,vahel,muu,korraldama,,1,,obl,
1744,jaguma kellesse/millesse,adit,mitte kunagi,vahel,muu,jaguma,,1,,obl,
1745,järgnema kellesse/millesse,adit,vahel,vahel,muu,järgnema,,1,,obl,
1746,kanduma kellesse/millesse,adit,mitte kunagi,vahel,muu,kanduma,,1,,obl,
1747,maanduma kellesse/millesse,adit,vahel,vahel,muu,maanduma,,1,,obl,
1748,nimetama kellesse/millesse,adit,vahel,vahel,muu,nimetama,,1,,obl,
1749,koguma kellesse/millesse,adit,vahel,vahel,muu,koguma,,1,,obl,
1750,võtma kaasa kellesse/millesse,adit,mitte kunagi,vahel,muu,võtma,kaasa,1,,obl,
1751,kõndima kellesse/millesse,adit,mitte kunagi,vahel,muu,kõndima,,1,,obl,
1752,astuma sisse kellesse/millesse,adit,mitte kunagi,alati,mitte kunagi,astuma,sisse,1,,obl,
1753,lugema kellesse/millesse,adit,mitte kunagi,vahel,muu,lugema,,1,,obl,
1754,rajama kellesse/millesse,adit,mitte kunagi,vahel,muu,rajama,,1,,obl,
1755,libisema kellesse/millesse,adit,mitte kunagi,vahel,muu,libisema,,1,,obl,
1756,uppuma kellesse/millesse,adit,mitte kunagi,vahel,muu,uppuma,,1,,obl,
1757,avanema kellesse/millesse,adit,mitte kunagi,alati,muu,avanema,,1,,obl,
1758,läbima kellesse/millesse,adit,mitte kunagi,vahel,muu,läbima,,1,,obl,
1759,kinnitama kellesse/millesse,adit,mitte kunagi,vahel,muu,kinnitama,,1,,obl,
1760,paiskama kellesse/millesse,adit,mitte kunagi,vahel,muu,paiskama,,1,,obl,
1761,usaldama kellesse/millesse,adit,mitte kunagi,vahel,muu,usaldama,,1,,obl,
1762,tulema sisse kellesse/millesse,adit,mitte kunagi,vahel,muu,tulema,sisse,1,,obl,
1763,tarima kellesse/millesse,adit,mitte kunagi,alati,mitte kunagi,tarima,,1,,obl,
1764,silitama kellesse/millesse,adit,vahel,mitte kunagi,muu,silitama,,1,,obl,
1765,küsima kellesse/millesse,adit,mitte kunagi,vahel,muu,küsima,,1,,obl,
1766,kühveldama kellesse/millesse,adit,mitte kunagi,vahel,muu,kühveldama,,1,,obl,
1767,murdma kellesse/millesse,adit,mitte kunagi,vahel,muu,murdma,,1,,obl,
1768,lahutama kellesse/millesse,adit,vahel,vahel,muu,lahutama,,1,,obl,
1769,tarduma kellesse/millesse,adit,mitte kunagi,vahel,muu,tarduma,,1,,obl,
1770,tunduma kellesse/millesse,adit,mitte kunagi,vahel,ebakorrektne märgendus,tunduma,,1,,obl,
1771,käsitlema kellesse/millesse,adit,mitte kunagi,vahel,muu,käsitlema,,1,,obl,
1772,siirduma edasi kellesse/millesse,adit,mitte kunagi,alati,mitte kunagi,siirduma,edasi,1,,obl,
1773,külvama kellesse/millesse,adit,mitte kunagi,vahel,muu,külvama,,1,,obl,
1774,kõnelema kellesse/millesse,adit,mitte kunagi,vahel,muu,kõnelema,,1,,obl,
1775,tappima kellesse/millesse,adit,vahel,vahel,muu,tappima,,1,,obl,
1776,murdma sisse kellesse/millesse,adit,mitte kunagi,alati,ebakorrektne märgendus,murdma,sisse,1,,obl,
1777,tulema üle kellesse/millesse,adit,mitte kunagi,alati,mitte kunagi,tulema,üle,1,,obl,
1778,pussitama kellesse/millesse,adit,vahel,vahel,ebakorrektne märgendus,pussitama,,1,,obl,
1779,murduma kellesse/millesse,adit,vahel,vahel,muu,murduma,,1,,obl,
1780,tulenema kellesse/millesse,adit,mitte kunagi,vahel,muu,tulenema,,1,,obl,
1781,tulema vastu kellesse/millesse,adit,mitte kunagi,vahel,mitte kunagi,tulema,vastu,1,,obl,
1782,kõrvetama kellesse/millesse,adit,mitte kunagi,vahel,muu,kõrvetama,,1,,obl,
1783,purunema kellesse/millesse,adit,vahel,vahel,muu,purunema,,1,,obl,
1784,tulema ära kellesse/millesse,adit,vahel,vahel,muu,tulema,ära,1,,obl,
1785,purustama kellesse/millesse,adit,mitte kunagi,vahel,muu,purustama,,1,,obl,
1786,tulema välja kellesse/millesse,adit,mitte kunagi,vahel,muu,tulema,välja,1,,obl,
1787,peitma ära kellesse/millesse,adit,mitte kunagi,alati,mitte kunagi,peitma,ära,1,,obl,
1788,taotlema kellesse/millesse,adit,mitte kunagi,vahel,muu,taotlema,,1,,obl,
1789,puudutama kellesse/millesse,adit,vahel,vahel,muu,puudutama,,1,,obl,
1790,pillama kellesse/millesse,adit,mitte kunagi,vahel,muu,pillama,,1,,obl,
1791,laiendama kellesse/millesse,adit,mitte kunagi,vahel,muu,laiendama,,1,,obl,
1792,tuikuma kellesse/millesse,adit,mitte kunagi,alati,mitte kunagi,tuikuma,,1,,obl,
1793,tuiskama kellesse/millesse,adit,mitte kunagi,vahel,muu,tuiskama,,1,,obl,
1794,moodustama kellesse/millesse,adit,mitte kunagi,vahel,ebakorrektne märgendus,moodustama,,1,,obl,
1795,lajatama kellesse/millesse,adit,mitte kunagi,alati,mitte kunagi,lajatama,,1,,obl,
1796,pumpama kellesse/millesse,adit,mitte kunagi,vahel,muu,pumpama,,1,,obl,
1797,laienema kellesse/millesse,adit,mitte kunagi,alati,mitte kunagi,laienema,,1,,obl,
1798,kõikuma kellesse/millesse,adit,vahel,vahel,ebakorrektne märgendus,kõikuma,,1,,obl,
1799,kõlama kellesse/millesse,adit,vahel,vahel,muu,kõlama,,1,,obl,
1800,puuduma kellesse/millesse,adit,mitte kunagi,vahel,muu,puuduma,,1,,obl,
1801,tulvama kellesse/millesse,adit,mitte kunagi,alati,mitte kunagi,tulvama,,1,,obl,
1802,siirduma tagasi kellesse/millesse,adit,mitte kunagi,alati,mitte kunagi,siirduma,tagasi,1,,obl,
1803,käsutama kellesse/millesse,adit,mitte kunagi,alati,muu,käsutama,,1,,obl,
1804,tulistama kellesse/millesse,adit,mitte kunagi,alati,mitte kunagi,tulistama,,1,,obl,
1805,kõmpima kellesse/millesse,adit,mitte kunagi,alati,mitte kunagi,kõmpima,,1,,obl,
1806,kõmmutama kellesse/millesse,adit,vahel,vahel,muu,kõmmutama,,1,,obl,
1807,kõlbama kellesse/millesse,adit,mitte kunagi,vahel,muu,kõlbama,,1,,obl,
1808,tapma kellesse/millesse,adit,vahel,vahel,muu,tapma,,1,,obl,
1809,muretsema kellesse/millesse,adit,vahel,vahel,muu,muretsema,,1,,obl,
1810,sikutama kellesse/millesse,adit,mitte kunagi,vahel,muu,sikutama,,1,,obl,
1811,puurima kellesse/millesse,adit,mitte kunagi,vahel,muu,puurima,,1,,obl,
1812,käivituma kellesse/millesse,adit,vahel,vahel,muu,käivituma,,1,,obl,
1813,tungima sisse kellesse/millesse,adit,mitte kunagi,alati,mitte kunagi,tungima,sisse,1,,obl,
1814,käivitama kellesse/millesse,adit,mitte kunagi,vahel,muu,käivitama,,1,,obl,
1815,blokeerima kellesse/millesse,adit,mitte kunagi,vahel,muu,blokeerima,,1,,obl,
1816,hõikama kellesse/millesse,adit,vahel,vahel,muu,hõikama,,1,,obl,
1817,passima kellesse/millesse,adit,mitte kunagi,alati,mitte kunagi,passima,,1,,obl,
1818,panema kokku kellesse/millesse,adit,mitte kunagi,vahel,muu,panema,kokku,1,,obl,
1819,andma tagasi kellesse/millesse,adit,vahel,vahel,muu,andma,tagasi,1,,obl,
1820,avastama kellesse/millesse,adit,mitte kunagi,vahel,muu,avastama,,1,,obl,
1821,sadama kellesse/millesse,adit,mitte kunagi,vahel,muu,,sadama,1,,obl,
1822,suikuma kellesse/millesse,adit,mitte kunagi,vahel,muu,suikuma,,1,,obl,
1823,välistama kellesse/millesse,adit,vahel,vahel,muu,välistama,,1,,obl,
1824,võtma tagasi kellesse/millesse,adit,vahel,vahel,muu,võtma,tagasi,1,,obl,
1825,suunduma tagasi kellesse/millesse,adit,mitte kunagi,alati,mitte kunagi,suunduma,tagasi,1,,obl,
1826,rändama tagasi kellesse/millesse,adit,mitte kunagi,alati,mitte kunagi,rändama,tagasi,1,,obl,
1827,sätestama kellesse/millesse,adit,vahel,vahel,muu,sätestama,,1,,obl,
1828,võtma vastu kellesse/millesse,adit,vahel,vahel,muu,võtma,vastu,1,,obl,
1829,hajuma kellesse/millesse,adit,mitte kunagi,vahel,muu,hajuma,,1,,obl,
1830,andma välja kellesse/millesse,adit,vahel,vahel,muu,andma,välja,1,,obl,
1831,võtma maha kellesse/millesse,adit,vahel,vahel,muu,võtma,maha,1,,obl,
1832,väljendama kellesse/millesse,adit,mitte kunagi,vahel,muu,väljendama,,1,,obl,
1833,paranema kellesse/millesse,adit,vahel,vahel,muu,paranema,,1,,obl,
1834,sõitma kokku kellesse/millesse,adit,mitte kunagi,alati,mitte kunagi,sõitma,kokku,1,,obl,
1835,ühendama kellesse/millesse,adit,mitte kunagi,vahel,muu,ühendama,,1,,obl,
1836,peatuma kellesse/millesse,adit,mitte kunagi,vahel,muu,peatuma,,1,,obl,
1837,panema kinni kellesse/millesse,adit,mitte kunagi,vahel,muu,panema,kinni,1,,obl,
1838,sättima kellesse/millesse,adit,vahel,vahel,muu,sättima,,1,,obl,
1839,võtma üle kellesse/millesse,adit,vahel,vahel,muu,võtma,üle,1,,obl,
1840,sõitma järele kellesse/millesse,adit,mitte kunagi,vahel,ebakorrektne märgendus,sõitma,järele,1,,obl,
1841,võtma ära kellesse/millesse,adit,vahel,vahel,ebakorrektne märgendus,võtma,ära,1,,obl,
1842,harrastama kellesse/millesse,adit,mitte kunagi,vahel,muu,harrastama,,1,,obl,
1843,olenema kellesse/millesse,adit,vahel,vahel,muu,olenema,,1,,obl,
1844,rüüpama kellesse/millesse,adit,mitte kunagi,mitte kunagi,muu,rüüpama,,1,,obl,
1845,hankima kellesse/millesse,adit,vahel,vahel,muu,hankima,,1,,obl,
1846,hargnema kellesse/millesse,adit,mitte kunagi,alati,mitte kunagi,hargnema,,1,,obl,
1847,saama peale kellesse/millesse,adit,mitte kunagi,vahel,muu,saama,peale,1,,obl,
1848,õppima kellesse/millesse,adit,mitte kunagi,vahel,muu,õppima,,1,,obl,
1849,harjutama kellesse/millesse,adit,mitte kunagi,vahel,muu,harjutama,,1,,obl,
1850,harjuma kellesse/millesse,adit,vahel,vahel,muu,harjuma,,1,,obl,
1851,andma edasi kellesse/millesse,adit,mitte kunagi,vahel,muu,andma,edasi,1,,obl,
1852,saama vastu kellesse/millesse,adit,vahel,vahel,muu,saama,vastu,1,,obl,
1853,hõivama kellesse/millesse,adit,vahel,mitte kunagi,muu,hõivama,,1,,obl,
1854,hõljuma kellesse/millesse,adit,mitte kunagi,vahel,muu,hõljuma,,1,,obl,
1855,vähenema kellesse/millesse,adit,mitte kunagi,vahel,muu,vähenema,,1,,obl,
1856,oskama kellesse/millesse,adit,vahel,vahel,muu,oskama,,1,,obl,
1857,vähendama kellesse/millesse,adit,vahel,vahel,muu,vähendama,,1,,obl,
1858,panema alla kellesse/millesse,adit,mitte kunagi,vahel,muu,panema,alla,1,,obl,
1859,sulgema kellesse/millesse,adit,mitte kunagi,alati,mitte kunagi,sulgema,,1,,obl,
1860,andma üle kellesse/millesse,adit,mitte kunagi,vahel,muu,andma,üle,1,,obl,
1861,hävitama kellesse/millesse,adit,vahel,mitte kunagi,muu,hävitama,,1,,obl,
1862,riputama üles kellesse/millesse,adit,mitte kunagi,vahel,muu,riputama,üles,1,,obl,
1863,suubuma kellesse/millesse,adit,mitte kunagi,vahel,muu,suubuma,,1,,obl,
1864,hääbuma kellesse/millesse,adit,mitte kunagi,vahel,muu,hääbuma,,1,,obl,
1865,õpetama kellesse/millesse,adit,vahel,vahel,muu,õpetama,,1,,obl,
1866,vurama kellesse/millesse,adit,vahel,vahel,muu,vurama,,1,,obl,
1867,hävima kellesse/millesse,adit,mitte kunagi,mitte kunagi,muu,hävima,,1,,obl,
1868,ytlema kellesse/millesse,adit,vahel,vahel,muu,ytlema,,1,,obl,
1869,hääletama kellesse/millesse,adit,vahel,vahel,muu,hääletama,,1,,obl,
1870,lahvatama kellesse/millesse,adit,vahel,vahel,muu,lahvatama,,1,,obl,
1871,puistama kellesse/millesse,adit,mitte kunagi,alati,mitte kunagi,puistama,,1,,obl,
1872,tilkuma kellesse/millesse,adit,mitte kunagi,alati,mitte kunagi,tilkuma,,1,,obl,
1873,tutvustama kellesse/millesse,adit,vahel,vahel,muu,tutvustama,,1,,obl,
1874,kuhjama kellesse/millesse,adit,mitte kunagi,vahel,muu,kuhjama,,1,,obl,
1875,pälvima kellesse/millesse,adit,vahel,vahel,ebakorrektne märgendus,pälvima,,1,,obl,
1876,siginema kellesse/millesse,adit,mitte kunagi,vahel,muu,siginema,,1,,obl,
1877,pildistama kellesse/millesse,adit,mitte kunagi,vahel,muu,pildistama,,1,,obl,
1878,talutama kellesse/millesse,adit,mitte kunagi,alati,mitte kunagi,talutama,,1,,obl,
1879,langema tagasi kellesse/millesse,adit,mitte kunagi,alati,mitte kunagi,langema,tagasi,1,,obl,
1880,kuuluma kokku kellesse/millesse,adit,vahel,vahel,mitte kunagi,kuuluma,kokku,1,,obl,
1881,kuulutama välja kellesse/millesse,adit,mitte kunagi,vahel,muu,kuulutama,välja,1,,obl,
1882,tutvuma kellesse/millesse,adit,vahel,vahel,muu,tutvuma,,1,,obl,
1883,kuulutama kellesse/millesse,adit,vahel,mitte kunagi,muu,kuulutama,,1,,obl,
1884,pilduma kellesse/millesse,adit,mitte kunagi,vahel,muu,pilduma,,1,,obl,
1885,tunnetama kellesse/millesse,adit,mitte kunagi,vahel,muu,tunnetama,,1,,obl,
1886,mõistma kellesse/millesse,adit,vahel,vahel,muu,mõistma,,1,,obl,
1887,kuduma kellesse/millesse,adit,mitte kunagi,vahel,muu,kuduma,,1,,obl,
1888,kuhjuma kellesse/millesse,adit,mitte kunagi,alati,mitte kunagi,kuhjuma,,1,,obl,
1889,määrima kellesse/millesse,adit,mitte kunagi,vahel,muu,määrima,,1,,obl,
1890,kujutama kellesse/millesse,adit,vahel,vahel,ebakorrektne märgendus,kujutama,,1,,obl,
1891,kujundama kellesse/millesse,adit,mitte kunagi,vahel,muu,kujundama,,1,,obl,
1892,tõmbama kaasa kellesse/millesse,adit,mitte kunagi,vahel,muu,tõmbama,kaasa,1,,obl,
1893,kujunema kellesse/millesse,adit,mitte kunagi,vahel,muu,kujunema,,1,,obl,
1894,tõmbuma tagasi kellesse/millesse,adit,mitte kunagi,alati,mitte kunagi,tõmbuma,tagasi,1,,obl,
1895,põdema kellesse/millesse,adit,mitte kunagi,mitte kunagi,muu,põdema,,1,,obl,
1896,piisama kellesse/millesse,adit,vahel,vahel,muu,piisama,,1,,obl,
1897,tõmbuma kellesse/millesse,adit,mitte kunagi,alati,mitte kunagi,tõmbuma,,1,,obl,
1898,mõjutama kellesse/millesse,adit,vahel,vahel,muu,mõjutama,,1,,obl,
1899,tõrjuma kellesse/millesse,adit,vahel,vahel,muu,tõrjuma,,1,,obl,
1900,krabama kellesse/millesse,adit,mitte kunagi,vahel,muu,krabama,,1,,obl,
1901,mõjuma kellesse/millesse,adit,vahel,vahel,muu,mõjuma,,1,,obl,
1902,sihtima kellesse/millesse,adit,mitte kunagi,vahel,muu,sihtima,,1,,obl,
1903,tunnistama kellesse/millesse,adit,vahel,vahel,muu,tunnistama,,1,,obl,
1904,käima ringi kellesse/millesse,adit,mitte kunagi,vahel,muu,käima,ringi,1,,obl,
1905,kupatama kellesse/millesse,adit,mitte kunagi,alati,mitte kunagi,kupatama,,1,,obl,
1906,kutsuma üles kellesse/millesse,adit,vahel,vahel,muu,kutsuma,üles,1,,obl,
1907,kuulama kellesse/millesse,adit,vahel,mitte kunagi,muu,kuulama,,1,,obl,
1908,kutsuma kokku kellesse/millesse,adit,mitte kunagi,alati,mitte kunagi,kutsuma,kokku,1,,obl,
1909,kutsuma tagasi kellesse/millesse,adit,mitte kunagi,alati,mitte kunagi,kutsuma,tagasi,1,,obl,
1910,siduma kellesse/millesse,adit,vahel,vahel,muu,siduma,,1,,obl,
1911,kuulma kellesse/millesse,adit,vahel,vahel,muu,kuulma,,1,,obl,
1912,taluma kellesse/millesse,adit,vahel,vahel,muu,taluma,,1,,obl,
1913,pärinema kellesse/millesse,adit,mitte kunagi,vahel,ebakorrektne märgendus,pärinema,,1,,obl,
1914,kuulduma kellesse/millesse,adit,vahel,vahel,muu,kuulduma,,1,,obl,
1915,kutsuma kaasa kellesse/millesse,adit,mitte kunagi,alati,mitte kunagi,kutsuma,kaasa,1,,obl,
1916,märkama kellesse/millesse,adit,vahel,vahel,ebakorrektne märgendus,märkama,,1,,obl,
1917,täiendama kellesse/millesse,adit,vahel,vahel,muu,täiendama,,1,,obl,
1918,märkima kellesse/millesse,adit,vahel,vahel,muu,märkima,,1,,obl,
1919,käituma kellesse/millesse,adit,vahel,vahel,ebakorrektne märgendus,käituma,,1,,obl,
1920,kustutama kellesse/millesse,adit,vahel,vahel,ebakorrektne märgendus,kustutama,,1,,obl,
1921,tähistama kellesse/millesse,adit,vahel,vahel,muu,tähistama,,1,,obl,
1922,kusema kellesse/millesse,adit,mitte kunagi,vahel,muu,kusema,,1,,obl,
1923,kustuma kellesse/millesse,adit,vahel,vahel,muu,kustuma,,1,,obl,
1924,pääsema edasi kellesse/millesse,adit,mitte kunagi,vahel,muu,pääsema,edasi,1,,obl,
1925,käima läbi kellesse/millesse,adit,vahel,vahel,muu,käima,läbi,1,,obl,
1926,tantsima kellesse/millesse,adit,vahel,vahel,muu,tantsima,,1,,obl,
1927,mäletama kellesse/millesse,adit,mitte kunagi,vahel,muu,mäletama,,1,,obl,
1928,mähkuma kellesse/millesse,adit,mitte kunagi,vahel,muu,mähkuma,,1,,obl,
1929,tunnustama kellesse/millesse,adit,vahel,vahel,muu,tunnustama,,1,,obl,
1930,käima välja kellesse/millesse,adit,mitte kunagi,vahel,muu,käima,välja,1,,obl,
1931,puutuma kokku kellesse/millesse,adit,vahel,vahel,muu,puutuma,kokku,1,,obl,
1932,settima kellesse/millesse,adit,mitte kunagi,alati,mitte kunagi,settima,,1,,obl,
1933,päästma kellesse/millesse,adit,vahel,vahel,muu,päästma,,1,,obl,
1934,kritiseerima kellesse/millesse,adit,vahel,vahel,ebakorrektne märgendus,kritiseerima,,1,,obl,
1935,tulema juurde kellesse/millesse,adit,vahel,vahel,mitte kunagi,tulema,juurde,1,,obl,
1936,lahendama kellesse/millesse,adit,vahel,vahel,muu,lahendama,,1,,obl,
1937,tassima kellesse/millesse,adit,mitte kunagi,alati,mitte kunagi,tassima,,1,,obl,
1938,tulema alla kellesse/millesse,adit,mitte kunagi,vahel,muu,tulema,alla,1,,obl,
1939,moodustuma kellesse/millesse,adit,mitte kunagi,vahel,muu,moodustuma,,1,,obl,
1940,lagunema kellesse/millesse,adit,vahel,vahel,muu,lagunema,,1,,obl,
1941,laastama kellesse/millesse,adit,vahel,mitte kunagi,muu,laastama,,1,,obl,
1942,kütma kellesse/millesse,adit,mitte kunagi,vahel,muu,kütma,,1,,obl,
1943,tarvitama kellesse/millesse,adit,vahel,vahel,muu,tarvitama,,1,,obl,
1944,küündima kellesse/millesse,adit,mitte kunagi,vahel,muu,küündima,,1,,obl,
1945,tulema kokku kellesse/millesse,adit,mitte kunagi,vahel,muu,tulema,kokku,1,,obl,
1946,tulema läbi kellesse/millesse,adit,mitte kunagi,vahel,muu,tulema,läbi,1,,obl,
1947,tulema järele kellesse/millesse,adit,mitte kunagi,alati,mitte kunagi,tulema,järele,1,,obl,
1948,laadima kellesse/millesse,adit,mitte kunagi,vahel,muu,laadima,,1,,obl,
1949,tulema kaasa kellesse/millesse,adit,mitte kunagi,alati,mitte kunagi,tulema,kaasa,1,,obl,
1950,tulema ette kellesse/millesse,adit,vahel,vahel,muu,tulema,ette,1,,obl,
1951,tulema kohale kellesse/millesse,adit,vahel,vahel,mitte kunagi,tulema,kohale,1,,obl,
1952,sillutama kellesse/millesse,adit,mitte kunagi,vahel,muu,sillutama,,1,,obl,
1953,tuhisema kellesse/millesse,adit,mitte kunagi,vahel,muu,tuhisema,,1,,obl,
1954,soovitama kellesse/millesse,adit,mitte kunagi,vahel,muu,soovitama,,1,,obl,
1955,tugevdama kellesse/millesse,adit,mitte kunagi,vahel,muu,tugevdama,,1,,obl,
1956,tasuma ära kellesse/millesse,adit,mitte kunagi,vahel,muu,tasuma,ära,1,,obl,
1957,langetama kellesse/millesse,adit,mitte kunagi,vahel,muu,langetama,,1,,obl,
1958,minema ära kellesse/millesse,adit,vahel,vahel,mitte kunagi,minema,ära,1,,obl,
1959,laotama kellesse/millesse,adit,mitte kunagi,alati,mitte kunagi,laotama,,1,,obl,
1960,langema välja kellesse/millesse,adit,mitte kunagi,vahel,ebakorrektne märgendus,langema,välja,1,,obl,
1961,tsiteerima kellesse/millesse,adit,vahel,mitte kunagi,muu,tsiteerima,,1,,obl,
1962,minema üles kellesse/millesse,adit,mitte kunagi,vahel,ebakorrektne märgendus,minema,üles,1,,obl,
1963,minema üle kellesse/millesse,adit,mitte kunagi,vahel,muu,minema,üle,1,,obl,
1964,laduma kellesse/millesse,adit,mitte kunagi,vahel,muu,laduma,,1,,obl,
1965,ladestuma kellesse/millesse,adit,mitte kunagi,alati,mitte kunagi,ladestuma,,1,,obl,
1966,tahtma tagasi kellesse/millesse,adit,mitte kunagi,alati,mitte kunagi,tahtma,tagasi,1,,obl,
1967,tõlkima kellesse/millesse,adit,vahel,vahel,ebakorrektne märgendus,tõlkima,,1,,obl,
1968,kujutama ette kellesse/millesse,adit,mitte kunagi,vahel,muu,kujutama,ette,1,,obl,
1969,kulmineeruma kellesse/millesse,adit,mitte kunagi,vahel,muu,kulmineeruma,,1,,obl,
1970,mässima kellesse/millesse,adit,mitte kunagi,vahel,muu,mässima,,1,,obl,
1971,tänama kellesse/millesse,adit,vahel,vahel,muu,tänama,,1,,obl,
1972,kulgema kellesse/millesse,adit,mitte kunagi,vahel,muu,kulgema,,1,,obl,
1973,pääsema läbi kellesse/millesse,adit,mitte kunagi,vahel,muu,pääsema,läbi,1,,obl,
1974,täitma kellesse/millesse,adit,vahel,vahel,ebakorrektne märgendus,täitma,,1,,obl,
1975,pikendama kellesse/millesse,adit,vahel,vahel,muu,pikendama,,1,,obl,
1976,kuluma ära kellesse/millesse,adit,vahel,vahel,muu,kuluma,ära,1,,obl,
1977,pääsema kokku kellesse/millesse,adit,mitte kunagi,alati,mitte kunagi,pääsema,kokku,1,,obl,
1978,kulutama kellesse/millesse,adit,vahel,vahel,muu,kulutama,,1,,obl,
1979,määratlema kellesse/millesse,adit,vahel,vahel,muu,määratlema,,1,,obl,
1980,kukkuma alla kellesse/millesse,adit,mitte kunagi,vahel,muu,kukkuma,alla,1,,obl,
1981,pääsema tagasi kellesse/millesse,adit,mitte kunagi,alati,mitte kunagi,pääsema,tagasi,1,,obl,
1982,laenama kellesse/millesse,adit,vahel,vahel,muu,laenama,,1,,obl,
1983,pääsema sisse kellesse/millesse,adit,vahel,vahel,mitte kunagi,pääsema,sisse,1,,obl,
1984,kujutlema kellesse/millesse,adit,mitte kunagi,vahel,muu,kujutlema,,1,,obl,
1985,takistama kellesse/millesse,adit,mitte kunagi,vahel,muu,takistama,,1,,obl,
1986,kukkuma vastu kellesse/millesse,adit,vahel,vahel,muu,kukkuma,vastu,1,,obl,
1987,kukutama kellesse/millesse,adit,vahel,vahel,mitte kunagi,kukutama,,1,,obl,
1988,määrama kellesse/millesse,adit,vahel,vahel,muu,määrama,,1,,obl,
1989,takerduma kellesse/millesse,adit,mitte kunagi,vahel,muu,takerduma,,1,,obl,
1990,tõestama kellesse/millesse,adit,mitte kunagi,alati,muu,tõestama,,1,,obl,
1991,kukkuma tagasi kellesse/millesse,adit,mitte kunagi,alati,mitte kunagi,kukkuma,tagasi,1,,obl,
1992,laekuma kokku kellesse/millesse,adit,mitte kunagi,vahel,muu,laekuma,kokku,1,,obl,
1993,silmitsema kellesse/millesse,adit,vahel,vahel,muu,silmitsema,,1,,obl,
1994,tulema edasi kellesse/millesse,adit,mitte kunagi,vahel,muu,tulema,edasi,1,,obl,
1995,surema ära kellesse/millesse,adit,mitte kunagi,vahel,muu,surema,ära,1,,obl,
1996,hammustama kellesse/millesse,adit,vahel,vahel,mitte kunagi,hammustama,,1,,obl,
1997,elama läbi kellesse/millesse,adit,mitte kunagi,mitte kunagi,muu,elama,läbi,1,,obl,
1998,saama edasi kellesse/millesse,adit,mitte kunagi,vahel,muu,saama,edasi,1,,obl,
1999,roolima kellesse/millesse,adit,vahel,vahel,muu,roolima,,1,,obl,
2000,elama sisse kellesse/millesse,adit,mitte kunagi,vahel,muu,elama,sisse,1,,obl,
2001,viipama kellesse/millesse,adit,mitte kunagi,alati,vaieldav märgendus,viipama,,1,,obl,
2002,panema üles kellesse/millesse,adit,mitte kunagi,alati,mitte kunagi,panema,üles,1,,obl,
2003,aheldama kellesse/millesse,adit,mitte kunagi,alati,mitte kunagi,aheldama,,1,,obl,
2004,saama otsa kellesse/millesse,adit,mitte kunagi,vahel,muu,saama,otsa,1,,obl,
2005,panema välja kellesse/millesse,adit,mitte kunagi,vahel,muu,panema,välja,1,,obl,
2006,eksportima kellesse/millesse,adit,mitte kunagi,vahel,muu,eksportima,,1,,obl,
2007,abielluma kellesse/millesse,adit,vahel,vahel,muu,abielluma,,1,,obl,
2008,suutma kellesse/millesse,adit,mitte kunagi,vahel,muu,suutma,,1,,obl,
2009,sammuma kellesse/millesse,adit,mitte kunagi,vahel,mitte kunagi,sammuma,,1,,obl,
2010,informeerima kellesse/millesse,adit,vahel,vahel,ebakorrektne märgendus,informeerima,,1,,obl,
2011,võtma kokku kellesse/millesse,adit,vahel,vahel,muu,võtma,kokku,1,,obl,
2012,vältima kellesse/millesse,adit,mitte kunagi,vahel,muu,vältima,,1,,obl,
2013,eraldama kellesse/millesse,adit,mitte kunagi,vahel,muu,eraldama,,1,,obl,
2014,alandama kellesse/millesse,adit,mitte kunagi,mitte kunagi,ebakorrektne märgendus,alandama,,1,,obl,
2015,haakuma kellesse/millesse,adit,mitte kunagi,vahel,muu,haakuma,,1,,obl,
2016,ebaõnnestuma kellesse/millesse,adit,vahel,vahel,muu,ebaõnnestuma,,1,,obl,
2017,saabuma tagasi kellesse/millesse,adit,mitte kunagi,vahel,muu,saabuma,tagasi,1,,obl,
2018,iseloomustama kellesse/millesse,adit,vahel,vahel,muu,iseloomustama,,1,,obl,
2019,haarama kellesse/millesse,adit,mitte kunagi,vahel,muu,haarama,,1,,obl,
2020,rentima kellesse/millesse,adit,mitte kunagi,vahel,muu,rentima,,1,,obl,
2021,edenema kellesse/millesse,adit,vahel,vahel,muu,edenema,,1,,obl,
2022,edestama kellesse/millesse,adit,vahel,mitte kunagi,muu,edestama,,1,,obl,
2023,panema peale kellesse/millesse,adit,vahel,vahel,muu,panema,peale,1,,obl,
2024,edastama kellesse/millesse,adit,mitte kunagi,vahel,muu,edastama,,1,,obl,
2025,esitlema kellesse/millesse,adit,vahel,vahel,muu,esitlema,,1,,obl,
2026,peitma kellesse/millesse,adit,mitte kunagi,alati,mitte kunagi,peitma,,1,,obl,
2027,viitama kellesse/millesse,adit,mitte kunagi,vahel,muu,viitama,,1,,obl,
2028,roomama kellesse/millesse,adit,vahel,vahel,mitte kunagi,roomama,,1,,obl,
2029,imbuma kellesse/millesse,adit,mitte kunagi,vahel,muu,imbuma,,1,,obl,
2030,saatma edasi kellesse/millesse,adit,mitte kunagi,alati,mitte kunagi,saatma,edasi,1,,obl,
2031,panema tagasi kellesse/millesse,adit,mitte kunagi,alati,mitte kunagi,panema,tagasi,1,,obl,
2032,võrdlema kellesse/millesse,adit,vahel,vahel,ebakorrektne märgendus,võrdlema,,1,,obl,
2033,sõitma maha kellesse/millesse,adit,mitte kunagi,vahel,muu,sõitma,maha,1,,obl,
2034,sulama kellesse/millesse,adit,mitte kunagi,vahel,muu,sulama,,1,,obl,
2035,viima sisse kellesse/millesse,adit,mitte kunagi,alati,mitte kunagi,viima,sisse,1,,obl,
2036,fikseerima kellesse/millesse,adit,vahel,vahel,muu,fikseerima,,1,,obl,
2037,elama üle kellesse/millesse,adit,mitte kunagi,vahel,muu,elama,üle,1,,obl,
2038,võima kellesse/millesse,adit,mitte kunagi,vahel,muu,võima,,1,,obl,
2039,otsustama kellesse/millesse,adit,vahel,vahel,muu,otsustama,,1,,obl,
2040,viima välja kellesse/millesse,adit,mitte kunagi,vahel,mitte kunagi,viima,välja,1,,obl,
2041,viima ära kellesse/millesse,adit,vahel,vahel,ebakorrektne märgendus,viima,ära,1,,obl,
2042,paeluma kellesse/millesse,adit,vahel,vahel,muu,paeluma,,1,,obl,
2043,sundima kellesse/millesse,adit,vahel,vahel,muu,sundima,,1,,obl,
2044,saama kokku kellesse/millesse,adit,mitte kunagi,vahel,ebakorrektne märgendus,saama,kokku,1,,obl,
2045,esindama kellesse/millesse,adit,vahel,mitte kunagi,muu,esindama,,1,,obl,
2046,reisima kellesse/millesse,adit,vahel,vahel,muu,reisima,,1,,obl,
2047,võimaldama kellesse/millesse,adit,vahel,vahel,muu,võimaldama,,1,,obl,
2048,viima üle kellesse/millesse,adit,mitte kunagi,vahel,muu,viima,üle,1,,obl,
2049,olema lahti kellesse/millesse,adit,mitte kunagi,vahel,muu,olema,lahti,1,,obl,
2050,pagema kellesse/millesse,adit,mitte kunagi,alati,mitte kunagi,pagema,,1,,obl,
2051,integreeruma kellesse/millesse,adit,vahel,vahel,mitte kunagi,integreeruma,,1,,obl,
2052,innustama kellesse/millesse,adit,vahel,vahel,muu,innustama,,1,,obl,
2053,igatsema kellesse/millesse,adit,vahel,vahel,muu,igatsema,,1,,obl,
2054,sõitma sisse kellesse/millesse,adit,mitte kunagi,alati,mitte kunagi,sõitma,sisse,1,,obl,
2055,väntama kellesse/millesse,adit,mitte kunagi,vahel,muu,väntama,,1,,obl,
2056,võtma ette kellesse/millesse,adit,mitte kunagi,alati,mitte kunagi,võtma,ette,1,,obl,
2057,osutuma kellesse/millesse,adit,mitte kunagi,vahel,muu,osutuma,,1,,obl,
2058,erinema kellesse/millesse,adit,mitte kunagi,vahel,muu,erinema,,1,,obl,
2059,väsima kellesse/millesse,adit,vahel,vahel,muu,väsima,,1,,obl,
2060,saama juurde kellesse/millesse,adit,mitte kunagi,vahel,muu,saama,juurde,1,,obl,
2061,sulanduma kellesse/millesse,adit,mitte kunagi,vahel,muu,sulanduma,,1,,obl,
2062,panema püsti kellesse/millesse,adit,mitte kunagi,vahel,muu,panema,püsti,1,,obl,
2063,salvestama kellesse/millesse,adit,mitte kunagi,vahel,muu,salvestama,,1,,obl,
2064,ruttama kellesse/millesse,adit,mitte kunagi,alati,mitte kunagi,ruttama,,1,,obl,
2065,säilitama kellesse/millesse,adit,vahel,vahel,muu,säilitama,,1,,obl,
2066,olema rahul kellesse/millesse,adit,mitte kunagi,vahel,muu,olema,rahul,1,,obl,
2067,parandama kellesse/millesse,adit,mitte kunagi,vahel,muu,parandama,,1,,obl,
2068,värbama kellesse/millesse,adit,mitte kunagi,alati,mitte kunagi,värbama,,1,,obl,
2069,eelistama kellesse/millesse,adit,mitte kunagi,vahel,muu,eelistama,,1,,obl,
2070,ületama kellesse/millesse,adit,mitte kunagi,vahel,muu,ületama,,1,,obl,
2071,suurenema kellesse/millesse,adit,vahel,vahel,muu,suurenema,,1,,obl,
2072,ihkama kellesse/millesse,adit,mitte kunagi,vahel,muu,ihkama,,1,,obl,
2073,võistlema kellesse/millesse,adit,mitte kunagi,vahel,muu,võistlema,,1,,obl,
2074,osutama kellesse/millesse,adit,mitte kunagi,vahel,muu,osutama,,1,,obl,
2075,eeldama kellesse/millesse,adit,vahel,vahel,muu,eeldama,,1,,obl,
2076,ilmestama kellesse/millesse,adit,mitte kunagi,vahel,muu,ilmestama,,1,,obl,
2077,ennustama kellesse/millesse,adit,vahel,vahel,muu,ennustama,,1,,obl,
2078,eemalduma kellesse/millesse,adit,mitte kunagi,vahel,muu,eemalduma,,1,,obl,
2079,ilmnema kellesse/millesse,adit,mitte kunagi,vahel,muu,ilmnema,,1,,obl,
2080,võitlema kellesse/millesse,adit,mitte kunagi,vahel,muu,võitlema,,1,,obl,
2081,ajendama kellesse/millesse,adit,vahel,vahel,muu,ajendama,,1,,obl,
2082,sumbuma kellesse/millesse,adit,mitte kunagi,vahel,muu,sumbuma,,1,,obl,
2083,paiknema kellesse/millesse,adit,mitte kunagi,vahel,muu,paiknema,,1,,obl,
2084,eelnema kellesse/millesse,adit,mitte kunagi,vahel,muu,eelnema,,1,,obl,
2085,paigutuma kellesse/millesse,adit,mitte kunagi,vahel,muu,paigutuma,,1,,obl,
2086,remontima kellesse/millesse,adit,mitte kunagi,vahel,muu,remontima,,1,,obl,
2087,võtma kinni kellesse/millesse,adit,vahel,vahel,ebakorrektne märgendus,võtma,kinni,1,,obl,
2088,rändama edasi kellesse/millesse,adit,mitte kunagi,vahel,mitte kunagi,rändama,edasi,1,,obl,
2089,domineerima kellesse/millesse,adit,vahel,vahel,muu,domineerima,,1,,obl,
2090,algatama kellesse/millesse,adit,vahel,vahel,muu,algatama,,1,,obl,
2091,olema tarvis kellesse/millesse,adit,mitte kunagi,vahel,muu,olema,tarvis,1,,obl,
2092,väljenduma kellesse/millesse,adit,mitte kunagi,vahel,muu,väljenduma,,1,,obl,
2093,alistama kellesse/millesse,adit,vahel,mitte kunagi,muu,alistama,,1,,obl,
2094,vinnama kellesse/millesse,adit,mitte kunagi,vahel,muu,vinnama,,1,,obl,
2095,haihtuma kellesse/millesse,adit,vahel,vahel,muu,haihtuma,,1,,obl,
2096,panustama kellesse/millesse,adit,mitte kunagi,mitte kunagi,muu,panustama,,1,,obl,
2097,saama läbi kellesse/millesse,adit,vahel,vahel,muu,saama,läbi,1,,obl,
2098,särama kellesse/millesse,adit,vahel,vahel,ebakorrektne märgendus,särama,,1,,obl,
2099,eralduma kellesse/millesse,adit,mitte kunagi,vahel,muu,eralduma,,1,,obl,
2100,suurendama kellesse/millesse,adit,mitte kunagi,vahel,muu,suurendama,,1,,obl,
2101,panema maha kellesse/millesse,adit,mitte kunagi,alati,mitte kunagi,panema,maha,1,,obl,
2102,väljuma kellesse/millesse,adit,vahel,vahel,muu,väljuma,,1,,obl,
2103,ühinema kellesse/millesse,adit,vahel,vahel,muu,ühinema,,1,,obl,
2104,haavama kellesse/millesse,adit,vahel,vahel,muu,haavama,,1,,obl,
2105,saavutama kellesse/millesse,adit,mitte kunagi,vahel,muu,saavutama,,1,,obl,
2106,hüüdma kellesse/millesse,adit,mitte kunagi,vahel,muu,hüüdma,,1,,obl,
2107,viima läbi kellesse/millesse,adit,mitte kunagi,vahel,muu,viima,läbi,1,,obl,
2108,üürima kellesse/millesse,adit,mitte kunagi,vahel,muu,üürima,,1,,obl,
2109,peatama kellesse/millesse,adit,mitte kunagi,vahel,muu,peatama,,1,,obl,
2110,ilmuma tagasi kellesse/millesse,adit,mitte kunagi,alati,mitte kunagi,ilmuma,tagasi,1,,obl,
2111,sõitma läbi kellesse/millesse,adit,mitte kunagi,vahel,muu,sõitma,läbi,1,,obl,
2112,üllatama kellesse/millesse,adit,vahel,vahel,ebakorrektne märgendus,üllatama,,1,,obl,
2113,väänama kellesse/millesse,adit,mitte kunagi,vahel,muu,väänama,,1,,obl,
2114,hoiatama kellesse/millesse,adit,vahel,vahel,muu,hoiatama,,1,,obl,
2115,hilinema kellesse/millesse,adit,mitte kunagi,alati,mitte kunagi,hilinema,,1,,obl,
2116,voogama kellesse/millesse,adit,mitte kunagi,vahel,muu,voogama,,1,,obl,
2117,asendama kellesse/millesse,adit,vahel,vahel,muu,asendama,,1,,obl,
2118,rikkuma kellesse/millesse,adit,mitte kunagi,vahel,muu,rikkuma,,1,,obl,
2119,ootama ees kellesse/millesse,adit,vahel,mitte kunagi,muu,ootama,ees,1,,obl,
2120,asetuma kellesse/millesse,adit,mitte kunagi,vahel,muu,asetuma,,1,,obl,
2121,hoidma kinni kellesse/millesse,adit,mitte kunagi,mitte kunagi,muu,hoidma,kinni,1,,obl,
2122,hoiduma kellesse/millesse,adit,mitte kunagi,vahel,muu,hoiduma,,1,,obl,
2123,sõidutama kellesse/millesse,adit,mitte kunagi,alati,ebakorrektne märgendus,sõidutama,,1,,obl,
2124,ärkama kellesse/millesse,adit,mitte kunagi,vahel,muu,ärkama,,1,,obl,
2125,õhkuma kellesse/millesse,adit,mitte kunagi,vahel,muu,õhkuma,,1,,obl,
2126,äratama kellesse/millesse,adit,vahel,vahel,muu,äratama,,1,,obl,
2127,suitsetama kellesse/millesse,adit,vahel,vahel,muu,suitsetama,,1,,obl,
2128,saama sisse kellesse/millesse,adit,vahel,vahel,muu,saama,sisse,1,,obl,
2129,röövima kellesse/millesse,adit,vahel,mitte kunagi,muu,röövima,,1,,obl,
2130,austama kellesse/millesse,adit,vahel,mitte kunagi,muu,austama,,1,,obl,
2131,arendama kellesse/millesse,adit,mitte kunagi,vahel,muu,arendama,,1,,obl,
2132,riputama kellesse/millesse,adit,mitte kunagi,vahel,muu,riputama,,1,,obl,
2133,vuhisema kellesse/millesse,adit,mitte kunagi,vahel,muu,vuhisema,,1,,obl,
2134,ähvardama kellesse/millesse,adit,vahel,vahel,muu,ähvardama,,1,,obl,
2135,arenema kellesse/millesse,adit,mitte kunagi,vahel,muu,arenema,,1,,obl,
2136,huvitama kellesse/millesse,adit,vahel,vahel,muu,huvitama,,1,,obl,
2137,suskama kellesse/millesse,adit,mitte kunagi,alati,mitte kunagi,suskama,,1,,obl,
2138,peegeldama kellesse/millesse,adit,vahel,vahel,muu,peegeldama,,1,,obl,
2139,astuma välja kellesse/millesse,adit,mitte kunagi,vahel,muu,astuma,välja,1,,obl,
2140,hoolitsema kellesse/millesse,adit,vahel,vahel,muu,hoolitsema,,1,,obl,
2141,ründama kellesse/millesse,adit,vahel,vahel,muu,ründama,,1,,obl,
2142,paljastama kellesse/millesse,adit,vahel,vahel,muu,paljastama,,1,,obl,
2143,hõlmama kellesse/millesse,adit,mitte kunagi,vahel,muu,hõlmama,,1,,obl,
2144,analüüsima kellesse/millesse,adit,mitte kunagi,vahel,muu,analüüsima,,1,,obl,
2145,virutama kellesse/millesse,adit,mitte kunagi,alati,ebakorrektne märgendus,virutama,,1,,obl,
2146,panema ette kellesse/millesse,adit,mitte kunagi,vahel,muu,panema,ette,1,,obl,
2147,väitma kellesse/millesse,adit,mitte kunagi,vahel,muu,väitma,,1,,obl,
2148,olema vastu kellesse/millesse,adit,vahel,vahel,muu,olema,vastu,1,,obl,
2149,võtma välja kellesse/millesse,adit,mitte kunagi,vahel,muu,võtma,välja,1,,obl,
2150,demonstreerima kellesse/millesse,adit,vahel,vahel,muu,demonstreerima,,1,,obl,
2151,paiskuma kellesse/millesse,adit,mitte kunagi,alati,mitte kunagi,paiskuma,,1,,obl,
2152,haldama kellesse/millesse,adit,vahel,mitte kunagi,muu,haldama,,1,,obl,
2153,hõõruma kellesse/millesse,adit,mitte kunagi,vahel,muu,hõõruma,,1,,obl,
2154,suunduma edasi kellesse/millesse,adit,mitte kunagi,alati,mitte kunagi,suunduma,edasi,1,,obl,
2155,väisama kellesse/millesse,adit,mitte kunagi,mitte kunagi,muu,väisama,,1,,obl,
2156,voorima kellesse/millesse,adit,mitte kunagi,alati,ebakorrektne märgendus,voorima,,1,,obl,
2157,ärgitama kellesse/millesse,adit,vahel,vahel,mitte kunagi,ärgitama,,1,,obl,
2158,rõõmustama kellesse/millesse,adit,vahel,vahel,muu,rõõmustama,,1,,obl,
2159,riivama kellesse/millesse,adit,mitte kunagi,mitte kunagi,muu,riivama,,1,,obl,
2160,hindama kellesse/millesse,adit,vahel,mitte kunagi,ebakorrektne märgendus,hindama,,1,,obl,
2161,astuma tagasi kellesse/millesse,adit,vahel,vahel,muu,astuma,tagasi,1,,obl,
2162,arvestama kellesse/millesse,adit,vahel,vahel,muu,arvestama,,1,,obl,
2163,sõimama kellesse/millesse,adit,vahel,vahel,muu,sõimama,,1,,obl,
2164,hingama kellesse/millesse,adit,mitte kunagi,vahel,muu,hingama,,1,,obl,
2165,arvama kellesse/millesse,adit,vahel,vahel,mitte kunagi,arvama,,1,,obl,
2166,astuma üles kellesse/millesse,adit,vahel,vahel,muu,astuma,üles,1,,obl,
2167,peegelduma kellesse/millesse,adit,vahel,vahel,muu,peegelduma,,1,,obl,
2168,saama tagasi kellesse/millesse,adit,mitte kunagi,vahel,muu,saama,tagasi,1,,obl,
2169,arutama kellesse/millesse,adit,mitte kunagi,vahel,muu,arutama,,1,,obl,
2170,taaruma kellesse/millesse,adit,vahel,vahel,muu,taaruma,,1,,obl,
2171,peibutama kellesse/millesse,adit,vahel,vahel,muu,peibutama,,1,,obl,
2172,üritama kellesse/millesse,adit,vahel,vahel,muu,üritama,,1,,obl,
2173,imenduma kellesse/millesse,adit,mitte kunagi,vahel,muu,imenduma,,1,,obl,
2174,eksima ära kellesse/millesse,adit,mitte kunagi,alati,mitte kunagi,eksima,ära,1,,obl,
2175,saama alla kellesse/millesse,adit,mitte kunagi,vahel,muu,saama,alla,1,,obl,
2176,saatma tagasi kellesse/millesse,adit,mitte kunagi,vahel,muu,saatma,tagasi,1,,obl,
2177,olema nõus kellesse/millesse,adit,vahel,vahel,muu,olema,nõus,1,,obl,
2178,imema kellesse/millesse,adit,mitte kunagi,vahel,muu,imema,,1,,obl,
2179,viima tagasi kellesse/millesse,adit,mitte kunagi,alati,mitte kunagi,viima,tagasi,1,,obl,
2180,otsima läbi kellesse/millesse,adit,vahel,vahel,muu,otsima,läbi,1,,obl,
2181,eksima kellesse/millesse,adit,vahel,vahel,muu,eksima,,1,,obl,
2182,viitsima kellesse/millesse,adit,vahel,vahel,muu,viitsima,,1,,obl,
2183,ümbritsema kellesse/millesse,adit,mitte kunagi,vahel,muu,ümbritsema,,1,,obl,
2184,eritama kellesse/millesse,adit,mitte kunagi,vahel,muu,eritama,,1,,obl,
2185,panema ümber kellesse/millesse,adit,mitte kunagi,vahel,muu,panema,ümber,1,,obl,
2186,investeerima kokku kellesse/millesse,adit,mitte kunagi,vahel,muu,investeerima,kokku,1,,obl,
2187,paigaldama kellesse/millesse,adit,mitte kunagi,alati,mitte kunagi,paigaldama,,1,,obl,
2188,reklaamima kellesse/millesse,adit,vahel,vahel,muu,reklaamima,,1,,obl,
2189,sõitma mööda kellesse/millesse,adit,vahel,vahel,muu,sõitma,mööda,1,,obl,
2190,salvestuma kellesse/millesse,adit,vahel,vahel,mitte kunagi,salvestuma,,1,,obl,
2191,eksisteerima kellesse/millesse,adit,mitte kunagi,vahel,muu,eksisteerima,,1,,obl,
2192,imetlema kellesse/millesse,adit,vahel,mitte kunagi,muu,imetlema,,1,,obl,
2193,väärima kellesse/millesse,adit,mitte kunagi,vahel,muu,väärima,,1,,obl,
2194,panema sisse kellesse/millesse,adit,vahel,vahel,muu,panema,sisse,1,,obl,
2195,võrduma kellesse/millesse,adit,mitte kunagi,vahel,muu,võrduma,,1,,obl,
2196,säilima kellesse/millesse,adit,mitte kunagi,vahel,muu,säilima,,1,,obl,
2197,ehtima kellesse/millesse,adit,vahel,vahel,muu,ehtima,,1,,obl,
2198,ehmatama kellesse/millesse,adit,vahel,vahel,muu,ehmatama,,1,,obl,
2199,ilmutama kellesse/millesse,adit,vahel,vahel,muu,ilmutama,,1,,obl,
2200,aitama kaasa kellesse/millesse,adit,mitte kunagi,vahel,muu,aitama,kaasa,1,,obl,
2201,riietuma kellesse/millesse,adit,mitte kunagi,mitte kunagi,muu,riietuma,,1,,obl,
2202,annetama kellesse/millesse,adit,vahel,vahel,muu,annetama,,1,,obl,
2203,avalduma kellesse/millesse,adit,vahel,vahel,muu,avalduma,,1,,obl,
2204,peetuma kellesse/millesse,adit,vahel,mitte kunagi,muu,,peetuma,1,,obl,
2205,sõitma edasi kellesse/millesse,adit,mitte kunagi,alati,mitte kunagi,sõitma,edasi,1,,obl,
2206,häirima kellesse/millesse,adit,vahel,vahel,muu,häirima,,1,,obl,
2207,avaldama kellesse/millesse,adit,vahel,vahel,muu,avaldama,,1,,obl,
2208,õnnestuma kellesse/millesse,adit,vahel,vahel,muu,õnnestuma,,1,,obl,
2209,viskama tagasi kellesse/millesse,adit,mitte kunagi,alati,mitte kunagi,viskama,tagasi,1,,obl,
2210,omama kellesse/millesse,adit,vahel,vahel,muu,omama,,1,,obl,
2211,sulguma kellesse/millesse,adit,mitte kunagi,alati,mitte kunagi,sulguma,,1,,obl,
2212,rühkima kellesse/millesse,adit,mitte kunagi,alati,mitte kunagi,rühkima,,1,,obl,
2213,armastama kellesse/millesse,adit,vahel,mitte kunagi,ebakorrektne märgendus,armastama,,1,,obl,
2214,sadama sisse kellesse/millesse,adit,mitte kunagi,alati,mitte kunagi,,sadama,1,,obl,
2215,ära kellesse/millesse,adit,mitte kunagi,vahel,muu,,ära,1,,obl,
2216,palkama kellesse/millesse,adit,mitte kunagi,vahel,ebakorrektne märgendus,palkama,,1,,obl,
2217,parkima kellesse/millesse,adit,mitte kunagi,alati,mitte kunagi,parkima,,1,,obl,
2218,rõhutama kellesse/millesse,adit,mitte kunagi,vahel,muu,rõhutama,,1,,obl,
2219,hiilima kellesse/millesse,adit,mitte kunagi,alati,mitte kunagi,hiilima,,1,,obl,
2220,opereerima kellesse/millesse,adit,vahel,vahel,muu,opereerima,,1,,obl,
2221,vormistama kellesse/millesse,adit,vahel,vahel,muu,vormistama,,1,,obl,
2222,rippuma kellesse/millesse,adit,mitte kunagi,vahel,muu,rippuma,,1,,obl,
2223,hukkuma kellesse/millesse,adit,vahel,vahel,muu,hukkuma,,1,,obl,
2224,armuma kellesse/millesse,adit,vahel,mitte kunagi,muu,armuma,,1,,obl,
2225,organiseerima kellesse/millesse,adit,mitte kunagi,alati,ebakorrektne märgendus,organiseerima,,1,,obl,
2226,asutama kellesse/millesse,adit,mitte kunagi,vahel,muu,asutama,,1,,obl,
2227,omandama kellesse/millesse,adit,mitte kunagi,vahel,muu,omandama,,1,,obl,
2228,viskuma kellesse/millesse,adit,mitte kunagi,alati,mitte kunagi,viskuma,,1,,obl,
2229,pakkima kellesse/millesse,adit,mitte kunagi,vahel,muu,pakkima,,1,,obl,
2230,tilgutama kellesse/millesse,adit,mitte kunagi,vahel,muu,tilgutama,,1,,obl,
2231,saama täis kellesse/millesse,adit,vahel,mitte kunagi,muu,saama,täis,1,,obl,
2232,tegema kaasa kellesse/millesse,adit,mitte kunagi,vahel,muu,tegema,kaasa,1,,obl,
2233,jutustama kellesse/millesse,adit,mitte kunagi,vahel,muu,jutustama,,1,,obl,
2234,sugenema kellesse/millesse,adit,mitte kunagi,alati,mitte kunagi,sugenema,,1,,obl,
2235,jätkama kellesse/millesse,adit,vahel,vahel,muu,jätkama,,1,,obl,
2236,ratsutama kellesse/millesse,adit,mitte kunagi,vahel,muu,ratsutama,,1,,obl,
2237,pelgama kellesse/millesse,adit,mitte kunagi,vahel,muu,pelgama,,1,,obl,
2238,ravima kellesse/millesse,adit,mitte kunagi,vahel,muu,ravima,,1,,obl,
2239,kallutama kellesse/millesse,adit,vahel,vahel,muu,kallutama,,1,,obl,
2240,jälgima kellesse/millesse,adit,vahel,mitte kunagi,muu,jälgima,,1,,obl,
2241,sattuma kokku kellesse/millesse,adit,mitte kunagi,vahel,muu,sattuma,kokku,1,,obl,
2242,veerema kellesse/millesse,adit,mitte kunagi,vahel,muu,veerema,,1,,obl,
2243,juurduma kellesse/millesse,adit,mitte kunagi,vahel,muu,juurduma,,1,,obl,
2244,tagama kellesse/millesse,adit,mitte kunagi,vahel,muu,tagama,,1,,obl,
2245,tühjendama kellesse/millesse,adit,mitte kunagi,vahel,muu,tühjendama,,1,,obl,
2246,jälitama kellesse/millesse,adit,vahel,vahel,muu,jälitama,,1,,obl,
2247,järgima kellesse/millesse,adit,vahel,mitte kunagi,muu,järgima,,1,,obl,
2248,peletama kellesse/millesse,adit,mitte kunagi,vahel,muu,peletama,,1,,obl,
2249,sõltuma kellesse/millesse,adit,vahel,vahel,muu,sõltuma,,1,,obl,
2250,veetma kellesse/millesse,adit,vahel,vahel,ebakorrektne märgendus,veetma,,1,,obl,
2251,juhendama kellesse/millesse,adit,vahel,vahel,muu,juhendama,,1,,obl,
2252,nõustuma kellesse/millesse,adit,vahel,vahel,muu,nõustuma,,1,,obl,
2253,reageerima kellesse/millesse,adit,mitte kunagi,vahel,muu,reageerima,,1,,obl,
2254,julgema kellesse/millesse,adit,mitte kunagi,vahel,muu,,julgema,1,,obl,
2255,veeretama kellesse/millesse,adit,vahel,vahel,muu,veeretama,,1,,obl,
2256,sõnama kellesse/millesse,adit,vahel,vahel,muu,sõnama,,1,,obl,
2257,jääma järele kellesse/millesse,adit,mitte kunagi,vahel,muu,jääma,järele,1,,obl,
2258,jääma ilma kellesse/millesse,adit,vahel,mitte kunagi,muu,jääma,ilma,1,,obl,
2259,vastama kellesse/millesse,adit,vahel,vahel,muu,vastama,,1,,obl,
2260,kogema kellesse/millesse,adit,vahel,vahel,muu,kogema,,1,,obl,
2261,müüma maha kellesse/millesse,adit,mitte kunagi,vahel,muu,müüma,maha,1,,obl,
2262,kleepima kellesse/millesse,adit,mitte kunagi,vahel,muu,kleepima,,1,,obl,
2263,tüürima kellesse/millesse,adit,vahel,vahel,mitte kunagi,tüürima,,1,,obl,
2264,põrkama kellesse/millesse,adit,mitte kunagi,alati,mitte kunagi,põrkama,,1,,obl,
2265,taastama kellesse/millesse,adit,vahel,vahel,muu,taastama,,1,,obl,
2266,kirjutama sisse kellesse/millesse,adit,mitte kunagi,alati,mitte kunagi,kirjutama,sisse,1,,obl,
2267,kirjutama alla kellesse/millesse,adit,vahel,vahel,muu,kirjutama,alla,1,,obl,
2268,naeratama kellesse/millesse,adit,vahel,vahel,mitte kunagi,naeratama,,1,,obl,
2269,kiruma kellesse/millesse,adit,vahel,vahel,muu,kiruma,,1,,obl,
2270,naerma kellesse/millesse,adit,vahel,vahel,muu,naerma,,1,,obl,
2271,kiskuma kellesse/millesse,adit,mitte kunagi,vahel,muu,kiskuma,,1,,obl,
2272,ujuma kellesse/millesse,adit,mitte kunagi,vahel,muu,ujuma,,1,,obl,
2273,töötama välja kellesse/millesse,adit,mitte kunagi,mitte kunagi,muu,töötama,välja,1,,obl,
2274,kobima kellesse/millesse,adit,mitte kunagi,alati,mitte kunagi,kobima,,1,,obl,
2275,kohustama kellesse/millesse,adit,vahel,vahel,ebakorrektne märgendus,kohustama,,1,,obl,
2276,piiluma kellesse/millesse,adit,mitte kunagi,alati,mitte kunagi,piiluma,,1,,obl,
2277,kohtuma kellesse/millesse,adit,mitte kunagi,vahel,muu,kohtuma,,1,,obl,
2278,kohtama kellesse/millesse,adit,vahel,vahel,muu,kohtama,,1,,obl,
2279,kolima tagasi kellesse/millesse,adit,mitte kunagi,alati,mitte kunagi,kolima,tagasi,1,,obl,
2280,kolima üle kellesse/millesse,adit,mitte kunagi,alati,mitte kunagi,kolima,üle,1,,obl,
2281,kolima ümber kellesse/millesse,adit,mitte kunagi,alati,mitte kunagi,kolima,ümber,1,,obl,
2282,kolima ära kellesse/millesse,adit,mitte kunagi,alati,mitte kunagi,kolima,ära,1,,obl,
2283,põletama kellesse/millesse,adit,mitte kunagi,vahel,muu,põletama,,1,,obl,
2284,taganema kellesse/millesse,adit,mitte kunagi,alati,pole kindel,taganema,,1,,obl,
2285,tükkima kellesse/millesse,adit,mitte kunagi,alati,mitte kunagi,tükkima,,1,,obl,
2286,müüma edasi kellesse/millesse,adit,mitte kunagi,vahel,muu,müüma,edasi,1,,obl,
2287,raputama kellesse/millesse,adit,mitte kunagi,vahel,ebakorrektne märgendus,raputama,,1,,obl,
2288,jääma alles kellesse/millesse,adit,mitte kunagi,alati,mitte kunagi,jääma,alles,1,,obl,
2289,jääma edasi kellesse/millesse,adit,mitte kunagi,alati,mitte kunagi,jääma,edasi,1,,obl,
2290,vigastama kellesse/millesse,adit,mitte kunagi,vahel,muu,vigastama,,1,,obl,
2291,viima ette kellesse/millesse,adit,vahel,vahel,mitte kunagi,viima,ette,1,,obl,
2292,viima edasi kellesse/millesse,adit,mitte kunagi,vahel,muu,viima,edasi,1,,obl,
2293,sõitma tagasi kellesse/millesse,adit,mitte kunagi,alati,mitte kunagi,sõitma,tagasi,1,,obl,
2294,istutama kellesse/millesse,adit,mitte kunagi,vahel,muu,istutama,,1,,obl,
2295,sõlmima kellesse/millesse,adit,vahel,vahel,muu,sõlmima,,1,,obl,
2296,venitama kellesse/millesse,adit,mitte kunagi,vahel,muu,venitama,,1,,obl,
2297,jooma kellesse/millesse,adit,mitte kunagi,vahel,muu,jooma,,1,,obl,
2298,jooksma tagasi kellesse/millesse,adit,mitte kunagi,alati,mitte kunagi,jooksma,tagasi,1,,obl,
2299,rebima kellesse/millesse,adit,mitte kunagi,vahel,muu,rebima,,1,,obl,
2300,venima kellesse/millesse,adit,mitte kunagi,vahel,ebakorrektne märgendus,venima,,1,,obl,
2301,joonistama kellesse/millesse,adit,vahel,vahel,muu,joonistama,,1,,obl,
2302,peituma kellesse/millesse,adit,mitte kunagi,vahel,muu,peituma,,1,,obl,
2303,jaotama kellesse/millesse,adit,mitte kunagi,alati,ebakorrektne märgendus,jaotama,,1,,obl,
2304,peksma kellesse/millesse,adit,mitte kunagi,vahel,muu,peksma,,1,,obl,
2305,jaotuma kellesse/millesse,adit,mitte kunagi,vahel,muu,jaotuma,,1,,obl,
2306,sarnanema kellesse/millesse,adit,vahel,vahel,muu,sarnanema,,1,,obl,
2307,ohustama kellesse/millesse,adit,vahel,mitte kunagi,muu,ohustama,,1,,obl,
2308,jooksma kokku kellesse/millesse,adit,mitte kunagi,vahel,muu,jooksma,kokku,1,,obl,
2309,suhtlema kellesse/millesse,adit,vahel,vahel,muu,suhtlema,,1,,obl,
2310,vajutama kellesse/millesse,adit,vahel,vahel,muu,vajutama,,1,,obl,
2311,kallama kellesse/millesse,adit,mitte kunagi,vahel,muu,kallama,,1,,obl,
2312,nägema ette kellesse/millesse,adit,mitte kunagi,vahel,muu,nägema,ette,1,,obl,
2313,kalduma kellesse/millesse,adit,mitte kunagi,alati,mitte kunagi,kalduma,,1,,obl,
2314,sülgama kellesse/millesse,adit,mitte kunagi,vahel,muu,sülgama,,1,,obl,
2315,kandideerima kellesse/millesse,adit,vahel,vahel,mitte kunagi,kandideerima,,1,,obl,
2316,registreeruma kellesse/millesse,adit,mitte kunagi,vahel,muu,registreeruma,,1,,obl,
2317,jagama kellesse/millesse,adit,mitte kunagi,vahel,muu,jagama,,1,,obl,
2318,jääma ette kellesse/millesse,adit,vahel,vahel,muu,jääma,ette,1,,obl,
2319,varuma kellesse/millesse,adit,mitte kunagi,vahel,muu,varuma,,1,,obl,
2320,jääma maha kellesse/millesse,adit,mitte kunagi,alati,mitte kunagi,jääma,maha,1,,obl,
2321,varjuma kellesse/millesse,adit,mitte kunagi,vahel,muu,varjuma,,1,,obl,
2322,jääma kõrvale kellesse/millesse,adit,vahel,vahel,muu,jääma,kõrvale,1,,obl,
2323,jääma kokku kellesse/millesse,adit,mitte kunagi,vahel,muu,jääma,kokku,1,,obl,
2324,varustama kellesse/millesse,adit,vahel,mitte kunagi,muu,varustama,,1,,obl,
2325,jääma alla kellesse/millesse,adit,vahel,vahel,muu,jääma,alla,1,,obl,
2326,jätma maha kellesse/millesse,adit,vahel,vahel,muu,jätma,maha,1,,obl,
2327,söandama kellesse/millesse,adit,mitte kunagi,vahel,muu,söandama,,1,,obl,
2328,sattuma tagasi kellesse/millesse,adit,mitte kunagi,alati,mitte kunagi,sattuma,tagasi,1,,obl,
2329,jäädvustama kellesse/millesse,adit,vahel,vahel,muu,jäädvustama,,1,,obl,
2330,vastutama kellesse/millesse,adit,vahel,vahel,muu,vastutama,,1,,obl,
2331,jahtima kellesse/millesse,adit,vahel,mitte kunagi,muu,jahtima,,1,,obl,
2332,sõitma välja kellesse/millesse,adit,mitte kunagi,vahel,muu,sõitma,välja,1,,obl,
2333,registreerima kellesse/millesse,adit,mitte kunagi,vahel,muu,registreerima,,1,,obl,
2334,sõitma vastu kellesse/millesse,adit,mitte kunagi,vahel,muu,sõitma,vastu,1,,obl,
2335,jagunema kellesse/millesse,adit,mitte kunagi,vahel,muu,jagunema,,1,,obl,
2336,vihkama kellesse/millesse,adit,vahel,mitte kunagi,muu,vihkama,,1,,obl,
2337,jaksama kellesse/millesse,adit,mitte kunagi,vahel,muu,jaksama,,1,,obl,
2338,jalutama kellesse/millesse,adit,mitte kunagi,alati,mitte kunagi,jalutama,,1,,obl,
2339,viibima kellesse/millesse,adit,vahel,vahel,ebakorrektne märgendus,viibima,,1,,obl,
2340,viima kaasa kellesse/millesse,adit,mitte kunagi,alati,ebakorrektne märgendus,viima,kaasa,1,,obl,
2341,istuma maha kellesse/millesse,adit,mitte kunagi,alati,ebakorrektne märgendus,istuma,maha,1,,obl,
2342,viima kokku kellesse/millesse,adit,vahel,vahel,ebakorrektne märgendus,viima,kokku,1,,obl,
2343,uhtuma kellesse/millesse,adit,mitte kunagi,vahel,muu,uhtuma,,1,,obl,
2344,korduma kellesse/millesse,adit,mitte kunagi,vahel,muu,korduma,,1,,obl,
2345,koristama kellesse/millesse,adit,vahel,vahel,muu,koristama,,1,,obl,
2346,vabanema kellesse/millesse,adit,vahel,vahel,muu,vabanema,,1,,obl,
2347,unustama kellesse/millesse,adit,mitte kunagi,vahel,muu,unustama,,1,,obl,
2348,pöörama kellesse/millesse,adit,vahel,vahel,mitte kunagi,pöörama,,1,,obl,
2349,kiirustama tagasi kellesse/millesse,adit,mitte kunagi,alati,mitte kunagi,kiirustama,tagasi,1,,obl,
2350,kiitma kellesse/millesse,adit,vahel,mitte kunagi,muu,kiitma,,1,,obl,
2351,ununema kellesse/millesse,adit,vahel,vahel,mitte kunagi,ununema,,1,,obl,
2352,kiirustama kellesse/millesse,adit,mitte kunagi,alati,mitte kunagi,kiirustama,,1,,obl,
2353,kiirendama kellesse/millesse,adit,mitte kunagi,vahel,muu,kiirendama,,1,,obl,
2354,kiinduma kellesse/millesse,adit,vahel,mitte kunagi,muu,kiinduma,,1,,obl,
2355,kiirgama kellesse/millesse,adit,mitte kunagi,vahel,muu,kiirgama,,1,,obl,
2356,ummistama kellesse/millesse,adit,mitte kunagi,vahel,muu,ummistama,,1,,obl,
2357,kindlustama kellesse/millesse,adit,mitte kunagi,vahel,muu,kindlustama,,1,,obl,
2358,nautima kellesse/millesse,adit,mitte kunagi,vahel,ebakorrektne märgendus,nautima,,1,,obl,
2359,kiitma heaks kellesse/millesse,adit,mitte kunagi,vahel,muu,kiitma,heaks,1,,obl,
2360,unistama kellesse/millesse,adit,vahel,vahel,muu,unistama,,1,,obl,
2361,katkema kellesse/millesse,adit,vahel,vahel,muu,katkema,,1,,obl,
2362,seisnema kellesse/millesse,adit,mitte kunagi,vahel,muu,seisnema,,1,,obl,
2363,püsima kellesse/millesse,adit,vahel,vahel,muu,püsima,,1,,obl,
2364,katkestama kellesse/millesse,adit,mitte kunagi,vahel,muu,katkestama,,1,,obl,
2365,kasvatama kellesse/millesse,adit,vahel,vahel,muu,kasvatama,,1,,obl,
2366,vabastama kellesse/millesse,adit,vahel,vahel,muu,vabastama,,1,,obl,
2367,süstima kellesse/millesse,adit,vahel,vahel,muu,süstima,,1,,obl,
2368,kauplema kellesse/millesse,adit,vahel,vahel,mitte kunagi,kauplema,,1,,obl,
2369,kaunistama kellesse/millesse,adit,mitte kunagi,mitte kunagi,muu,kaunistama,,1,,obl,
2370,katma kellesse/millesse,adit,vahel,vahel,muu,katma,,1,,obl,
2371,katsuma kellesse/millesse,adit,vahel,vahel,muu,katsuma,,1,,obl,
2372,vaatlema kellesse/millesse,adit,vahel,vahel,muu,vaatlema,,1,,obl,
2373,katsetama kellesse/millesse,adit,mitte kunagi,vahel,muu,katsetama,,1,,obl,
2374,sünnitama kellesse/millesse,adit,mitte kunagi,alati,mitte kunagi,sünnitama,,1,,obl,
2375,vahetama kellesse/millesse,adit,vahel,mitte kunagi,muu,vahetama,,1,,obl,
2376,kastma kellesse/millesse,adit,mitte kunagi,vahel,muu,kastma,,1,,obl,
2377,nakatuma kellesse/millesse,adit,vahel,mitte kunagi,muu,nakatuma,,1,,obl,
2378,püstitama kellesse/millesse,adit,vahel,vahel,mitte kunagi,püstitama,,1,,obl,
2379,süüvima kellesse/millesse,adit,mitte kunagi,vahel,muu,süüvima,,1,,obl,
2380,nihkuma kellesse/millesse,adit,mitte kunagi,vahel,muu,nihkuma,,1,,obl,
2381,kiikama kellesse/millesse,adit,mitte kunagi,alati,mitte kunagi,kiikama,,1,,obl,
2382,upitama kellesse/millesse,adit,mitte kunagi,vahel,muu,upitama,,1,,obl,
2383,uputama kellesse/millesse,adit,mitte kunagi,vahel,muu,uputama,,1,,obl,
2384,uurima kellesse/millesse,adit,mitte kunagi,vahel,muu,uurima,,1,,obl,
2385,pidama vastu kellesse/millesse,adit,mitte kunagi,vahel,muu,pidama,vastu,1,,obl,
2386,kergitama kellesse/millesse,adit,mitte kunagi,vahel,muu,kergitama,,1,,obl,
2387,uuenema kellesse/millesse,adit,vahel,vahel,muu,uuenema,,1,,obl,
2388,kerima kellesse/millesse,adit,vahel,vahel,ebakorrektne märgendus,kerima,,1,,obl,
2389,keskenduma kellesse/millesse,adit,vahel,vahel,muu,keskenduma,,1,,obl,
2390,kirjeldama kellesse/millesse,adit,mitte kunagi,vahel,muu,kirjeldama,,1,,obl,
2391,kestma kellesse/millesse,adit,vahel,vahel,muu,kestma,,1,,obl,
2392,taanduma kellesse/millesse,adit,mitte kunagi,vahel,muu,taanduma,,1,,obl,
2393,nihutama kellesse/millesse,adit,vahel,vahel,muu,nihutama,,1,,obl,
2394,ulatuma tagasi kellesse/millesse,adit,vahel,vahel,muu,ulatuma,tagasi,1,,obl,
2395,kinnituma kellesse/millesse,adit,mitte kunagi,vahel,muu,kinnituma,,1,,obl,
2396,kinkima kellesse/millesse,adit,mitte kunagi,vahel,muu,kinkima,,1,,obl,
2397,kinnistuma kellesse/millesse,adit,mitte kunagi,vahel,muu,kinnistuma,,1,,obl,
2398,pigistama kellesse/millesse,adit,mitte kunagi,vahel,muu,pigistama,,1,,obl,
2399,ulatama kellesse/millesse,adit,mitte kunagi,vahel,muu,ulatama,,1,,obl,
2400,põrutama kellesse/millesse,adit,mitte kunagi,vahel,ebakorrektne märgendus,põrutama,,1,,obl,
2401,kartma kellesse/millesse,adit,mitte kunagi,vahel,muu,kartma,,1,,obl,
2402,piirduma kellesse/millesse,adit,vahel,vahel,muu,piirduma,,1,,obl,
2403,koondama kellesse/millesse,adit,mitte kunagi,alati,mitte kunagi,koondama,,1,,obl,
2404,taguma kellesse/millesse,adit,vahel,vahel,muu,taguma,,1,,obl,
2405,põlema kellesse/millesse,adit,mitte kunagi,vahel,muu,põlema,,1,,obl,
2406,mööduma kellesse/millesse,adit,vahel,vahel,muu,mööduma,,1,,obl,
2407,selgitama kellesse/millesse,adit,mitte kunagi,vahel,muu,selgitama,,1,,obl,
2408,põimima kellesse/millesse,adit,mitte kunagi,vahel,muu,põimima,,1,,obl,
2409,konkureerima kellesse/millesse,adit,mitte kunagi,vahel,muu,konkureerima,,1,,obl,
2410,kommenteerima kellesse/millesse,adit,vahel,vahel,muu,kommenteerima,,1,,obl,
2411,selguma kellesse/millesse,adit,vahel,vahel,muu,selguma,,1,,obl,
2412,seostuma kellesse/millesse,adit,vahel,vahel,muu,seostuma,,1,,obl,
2413,mõõtma kellesse/millesse,adit,vahel,vahel,muu,mõõtma,,1,,obl,
2414,mõtlema kellesse/millesse,adit,mitte kunagi,vahel,muu,mõtlema,,1,,obl,
2415,kostuma kellesse/millesse,adit,mitte kunagi,vahel,muu,kostuma,,1,,obl,
2416,kostma kellesse/millesse,adit,vahel,mitte kunagi,muu,kostma,,1,,obl,
2417,põhjendama kellesse/millesse,adit,mitte kunagi,vahel,muu,põhjendama,,1,,obl,
2418,koputama kellesse/millesse,adit,mitte kunagi,vahel,muu,koputama,,1,,obl,
2419,tõttama kellesse/millesse,adit,mitte kunagi,alati,mitte kunagi,tõttama,,1,,obl,
2420,kopeerima kellesse/millesse,adit,mitte kunagi,vahel,muu,kopeerima,,1,,obl,
2421,tõukama kellesse/millesse,adit,mitte kunagi,vahel,muu,tõukama,,1,,obl,
2422,koosnema kellesse/millesse,adit,vahel,vahel,muu,koosnema,,1,,obl,
2423,koostama kellesse/millesse,adit,mitte kunagi,vahel,muu,koostama,,1,,obl,
2424,põhinema kellesse/millesse,adit,vahel,mitte kunagi,muu,põhinema,,1,,obl,
2425,korjama kellesse/millesse,adit,mitte kunagi,vahel,muu,korjama,,1,,obl,
2426,kordama kellesse/millesse,adit,vahel,vahel,muu,kordama,,1,,obl,
2427,põhjustama kellesse/millesse,adit,mitte kunagi,vahel,muu,põhjustama,,1,,obl,
2428,põikama sisse kellesse/millesse,adit,mitte kunagi,alati,mitte kunagi,põikama,sisse,1,,obl,
2429,vahendama kellesse/millesse,adit,vahel,vahel,muu,vahendama,,1,,obl,
2430,pühendama kellesse/millesse,adit,mitte kunagi,vahel,muu,pühendama,,1,,obl,
2431,vaevama kellesse/millesse,adit,vahel,vahel,muu,vaevama,,1,,obl,
2432,noppima kellesse/millesse,adit,vahel,vahel,muu,noppima,,1,,obl,
2433,keerutama kellesse/millesse,adit,mitte kunagi,vahel,muu,keerutama,,1,,obl,
2434,pühenduma kellesse/millesse,adit,vahel,vahel,muu,pühenduma,,1,,obl,
2435,süüdistama kellesse/millesse,adit,vahel,vahel,muu,süüdistama,,1,,obl,
2436,kehtestama kellesse/millesse,adit,mitte kunagi,vahel,muu,kehtestama,,1,,obl,
2437,süütama kellesse/millesse,adit,vahel,vahel,muu,süütama,,1,,obl,
2438,uuristama kellesse/millesse,adit,mitte kunagi,vahel,muu,uuristama,,1,,obl,
2439,kehtima kellesse/millesse,adit,mitte kunagi,vahel,muu,kehtima,,1,,obl,
2440,seisma ees kellesse/millesse,adit,mitte kunagi,vahel,muu,seisma,ees,1,,obl,
2441,startima kellesse/millesse,adit,mitte kunagi,vahel,muu,startima,,1,,obl,
2442,kontrollima kellesse/millesse,adit,mitte kunagi,mitte kunagi,muu,kontrollima,,1,,obl,
2443,pühkima kellesse/millesse,adit,vahel,vahel,muu,pühkima,,1,,obl,
2444,keelama kellesse/millesse,adit,mitte kunagi,vahel,muu,keelama,,1,,obl,
2445,keelduma kellesse/millesse,adit,vahel,vahel,muu,keelduma,,1,,obl,
2446,kavatsema kellesse/millesse,adit,vahel,vahel,muu,kavatsema,,1,,obl,
2447,pürgima kellesse/millesse,adit,mitte kunagi,alati,mitte kunagi,pürgima,,1,,obl,
2448,kavandama kellesse/millesse,adit,mitte kunagi,vahel,muu,kavandama,,1,,obl,
2449,süvendama kellesse/millesse,adit,mitte kunagi,vahel,muu,süvendama,,1,,obl,
2450,vaatama läbi kellesse/millesse,adit,vahel,mitte kunagi,muu,vaatama,läbi,1,,obl,
2451,keerama kellesse/millesse,adit,mitte kunagi,vahel,muu,keerama,,1,,obl,
2452,kontsentreeruma kellesse/millesse,adit,mitte kunagi,alati,mitte kunagi,kontsentreeruma,,1,,obl,
2453,põikama kellesse/millesse,adit,mitte kunagi,alati,mitte kunagi,põikama,,1,,obl,
2454,piirama kellesse/millesse,adit,mitte kunagi,vahel,muu,piirama,,1,,obl,
2455,rabama kellesse/millesse,adit,vahel,vahel,muu,rabama,,1,,obl,
2456,nühkima kellesse/millesse,adit,mitte kunagi,vahel,muu,nühkima,,1,,obl,
2457,sisalduma kellesse/millesse,adit,mitte kunagi,vahel,muu,sisalduma,,1,,obl,
2458,leidma üles kellesse/millesse,adit,mitte kunagi,vahel,muu,leidma,üles,1,,obl,
2459,leiduma kellesse/millesse,adit,mitte kunagi,vahel,muu,leiduma,,1,,obl,
2460,minema lahti kellesse/millesse,adit,vahel,vahel,muu,minema,lahti,1,,obl,
2461,lekkima kellesse/millesse,adit,mitte kunagi,vahel,muu,lekkima,,1,,obl,
2462,tormama tagasi kellesse/millesse,adit,mitte kunagi,vahel,muu,tormama,tagasi,1,,obl,
2463,laulma kellesse/millesse,adit,vahel,vahel,muu,laulma,,1,,obl,
2464,sisaldama kellesse/millesse,adit,vahel,vahel,muu,sisaldama,,1,,obl,
2465,puhastama kellesse/millesse,adit,mitte kunagi,mitte kunagi,muu,puhastama,,1,,obl,
2466,minema läbi kellesse/millesse,adit,mitte kunagi,vahel,muu,minema,läbi,1,,obl,
2467,pudenema kellesse/millesse,adit,mitte kunagi,vahel,muu,pudenema,,1,,obl,
2468,minema kaasa kellesse/millesse,adit,mitte kunagi,vahel,muu,minema,kaasa,1,,obl,
2469,majutama kellesse/millesse,adit,mitte kunagi,vahel,muu,majutama,,1,,obl,
2470,tellima kellesse/millesse,adit,mitte kunagi,vahel,muu,tellima,,1,,obl,
2471,lõppema kellesse/millesse,adit,mitte kunagi,vahel,muu,lõppema,,1,,obl,
2472,lõpma kellesse/millesse,adit,mitte kunagi,vahel,muu,lõpma,,1,,obl,
2473,soodustama kellesse/millesse,adit,vahel,vahel,muu,soodustama,,1,,obl,
2474,mainima kellesse/millesse,adit,vahel,vahel,muu,mainima,,1,,obl,
2475,pommitama kellesse/millesse,adit,vahel,vahel,muu,pommitama,,1,,obl,
2476,pooldama kellesse/millesse,adit,vahel,vahel,muu,pooldama,,1,,obl,
2477,sokutama kellesse/millesse,adit,mitte kunagi,alati,mitte kunagi,sokutama,,1,,obl,
2478,soetama kellesse/millesse,adit,mitte kunagi,vahel,muu,soetama,,1,,obl,
2479,lõikama kellesse/millesse,adit,mitte kunagi,vahel,muu,lõikama,,1,,obl,
2480,tervitama kellesse/millesse,adit,vahel,vahel,muu,tervitama,,1,,obl,
2481,tegema läbi kellesse/millesse,adit,mitte kunagi,vahel,muu,tegema,läbi,1,,obl,
2482,lõhkuma kellesse/millesse,adit,vahel,vahel,muu,lõhkuma,,1,,obl,
2483,maksma kinni kellesse/millesse,adit,vahel,mitte kunagi,muu,maksma,kinni,1,,obl,
2484,torkima kellesse/millesse,adit,vahel,vahel,muu,torkima,,1,,obl,
2485,lennutama kellesse/millesse,adit,mitte kunagi,vahel,mitte kunagi,lennutama,,1,,obl,
2486,minema vaja kellesse/millesse,adit,mitte kunagi,vahel,muu,minema,vaja,1,,obl,
2487,minema sisse kellesse/millesse,adit,mitte kunagi,alati,mitte kunagi,minema,sisse,1,,obl,
2488,lebama kellesse/millesse,adit,vahel,vahel,muu,lebama,,1,,obl,
2489,treenima kellesse/millesse,adit,vahel,mitte kunagi,muu,treenima,,1,,obl,
2490,minema peale kellesse/millesse,adit,mitte kunagi,vahel,muu,minema,peale,1,,obl,
2491,transportima kellesse/millesse,adit,mitte kunagi,alati,mitte kunagi,transportima,,1,,obl,
2492,leevendama kellesse/millesse,adit,mitte kunagi,vahel,ebakorrektne märgendus,leevendama,,1,,obl,
2493,lausuma kellesse/millesse,adit,vahel,vahel,muu,lausuma,,1,,obl,
2494,puhkama kellesse/millesse,adit,vahel,vahel,muu,puhkama,,1,,obl,
2495,trehvama kellesse/millesse,adit,mitte kunagi,vahel,muu,trehvama,,1,,obl,
2496,sirutama kellesse/millesse,adit,mitte kunagi,vahel,muu,sirutama,,1,,obl,
2497,minema välja kellesse/millesse,adit,mitte kunagi,vahel,muu,minema,välja,1,,obl,
2498,torkama kellesse/millesse,adit,mitte kunagi,vahel,muu,torkama,,1,,obl,
2499,laotuma kellesse/millesse,adit,vahel,vahel,mitte kunagi,laotuma,,1,,obl,
2500,minema vastu kellesse/millesse,adit,mitte kunagi,vahel,muu,minema,vastu,1,,obl,
2501,kamandama kellesse/millesse,adit,vahel,vahel,muu,kamandama,,1,,obl,
2502,minema tarvis kellesse/millesse,adit,mitte kunagi,vahel,muu,minema,tarvis,1,,obl,
2503,laskma tagasi kellesse/millesse,adit,mitte kunagi,alati,mitte kunagi,laskma,tagasi,1,,obl,
2504,laskma maha kellesse/millesse,adit,vahel,vahel,muu,laskma,maha,1,,obl,
2505,trügima kellesse/millesse,adit,mitte kunagi,alati,mitte kunagi,trügima,,1,,obl,
2506,lendama tagasi kellesse/millesse,adit,mitte kunagi,vahel,muu,lendama,tagasi,1,,obl,
2507,sisendama kellesse/millesse,adit,vahel,vahel,muu,sisendama,,1,,obl,
2508,minema kokku kellesse/millesse,adit,mitte kunagi,vahel,muu,minema,kokku,1,,obl,
2509,lendama edasi kellesse/millesse,adit,mitte kunagi,alati,mitte kunagi,lendama,edasi,1,,obl,
2510,minema järele kellesse/millesse,adit,mitte kunagi,alati,mitte kunagi,minema,järele,1,,obl,
2511,teostama kellesse/millesse,adit,vahel,vahel,muu,teostama,,1,,obl,
2512,maksma kokku kellesse/millesse,adit,mitte kunagi,vahel,muu,maksma,kokku,1,,obl,
2513,tirima kellesse/millesse,adit,mitte kunagi,alati,mitte kunagi,tirima,,1,,obl,
2514,mattuma kellesse/millesse,adit,mitte kunagi,vahel,muu,mattuma,,1,,obl,
2515,tegelema kellesse/millesse,adit,vahel,vahel,muu,tegelema,,1,,obl,
2516,toimetama tagasi kellesse/millesse,adit,mitte kunagi,alati,mitte kunagi,toimetama,tagasi,1,,obl,
2517,pritsima kellesse/millesse,adit,mitte kunagi,vahel,muu,pritsima,,1,,obl,
2518,lonkima kellesse/millesse,adit,mitte kunagi,alati,mitte kunagi,lonkima,,1,,obl,
2519,lonkama kellesse/millesse,adit,vahel,vahel,muu,lonkama,,1,,obl,
2520,sooritama kellesse/millesse,adit,mitte kunagi,vahel,muu,sooritama,,1,,obl,
2521,loobuma kellesse/millesse,adit,vahel,vahel,muu,loobuma,,1,,obl,
2522,smugeldama kellesse/millesse,adit,mitte kunagi,alati,mitte kunagi,smugeldama,,1,,obl,
2523,toetuma kellesse/millesse,adit,vahel,vahel,muu,toetuma,,1,,obl,
2524,matma kellesse/millesse,adit,mitte kunagi,vahel,pole kindel,matma,,1,,obl,
2525,planeerima kellesse/millesse,adit,mitte kunagi,vahel,muu,planeerima,,1,,obl,
2526,lähtuma kellesse/millesse,adit,vahel,vahel,muu,lähtuma,,1,,obl,
2527,loovutama kellesse/millesse,adit,vahel,vahel,muu,loovutama,,1,,obl,
2528,läkitama kellesse/millesse,adit,mitte kunagi,vahel,muu,läkitama,,1,,obl,
2529,manama kellesse/millesse,adit,mitte kunagi,vahel,muu,manama,,1,,obl,
2530,lähenema kellesse/millesse,adit,mitte kunagi,vahel,muu,lähenema,,1,,obl,
2531,tikkuma kellesse/millesse,adit,mitte kunagi,alati,mitte kunagi,tikkuma,,1,,obl,
2532,lähetama kellesse/millesse,adit,mitte kunagi,vahel,muu,lähetama,,1,,obl,
2533,sobituma kellesse/millesse,adit,mitte kunagi,vahel,muu,sobituma,,1,,obl,
2534,postitama kellesse/millesse,adit,mitte kunagi,vahel,muu,postitama,,1,,obl,
2535,testima kellesse/millesse,adit,vahel,vahel,muu,testima,,1,,obl,
2536,potsatama kellesse/millesse,adit,mitte kunagi,alati,mitte kunagi,potsatama,,1,,obl,
2537,prantsatama kellesse/millesse,adit,mitte kunagi,alati,ebakorrektne märgendus,prantsatama,,1,,obl,
2538,lukustama kellesse/millesse,adit,mitte kunagi,vahel,muu,lukustama,,1,,obl,
2539,tingima kellesse/millesse,adit,vahel,vahel,muu,tingima,,1,,obl,
2540,marssima kellesse/millesse,adit,mitte kunagi,alati,mitte kunagi,marssima,,1,,obl,
2541,sobitama kellesse/millesse,adit,mitte kunagi,vahel,muu,sobitama,,1,,obl,
2542,pressima kellesse/millesse,adit,mitte kunagi,vahel,muu,pressima,,1,,obl,
2543,lõikuma kellesse/millesse,adit,mitte kunagi,vahel,muu,lõikuma,,1,,obl,
2544,lööma sisse kellesse/millesse,adit,mitte kunagi,vahel,muu,lööma,sisse,1,,obl,
2545,lülituma kellesse/millesse,adit,mitte kunagi,vahel,muu,lülituma,,1,,obl,
2546,poetama kellesse/millesse,adit,mitte kunagi,alati,mitte kunagi,poetama,,1,,obl,
2547,maabuma kellesse/millesse,adit,mitte kunagi,alati,mitte kunagi,maabuma,,1,,obl,
2548,lülitama kellesse/millesse,adit,mitte kunagi,vahel,muu,lülitama,,1,,obl,
2549,lükkuma edasi kellesse/millesse,adit,mitte kunagi,vahel,muu,lükkuma,edasi,1,,obl,
2550,lükkuma kellesse/millesse,adit,mitte kunagi,vahel,muu,lükkuma,,1,,obl,
2551,tegema ära kellesse/millesse,adit,vahel,vahel,muu,tegema,ära,1,,obl,
2552,magama kellesse/millesse,adit,vahel,vahel,muu,magama,,1,,obl,
2553,tegutsema kellesse/millesse,adit,vahel,vahel,muu,tegutsema,,1,,obl,
2554,maalima kellesse/millesse,adit,mitte kunagi,vahel,ebakorrektne märgendus,maalima,,1,,obl,
2555,solvama kellesse/millesse,adit,vahel,vahel,muu,solvama,,1,,obl,
2556,tekkima juurde kellesse/millesse,adit,vahel,vahel,mitte kunagi,tekkima,juurde,1,,obl,
2557,lööma ära kellesse/millesse,adit,mitte kunagi,vahel,muu,lööma,ära,1,,obl,
2558,mahutama kellesse/millesse,adit,mitte kunagi,vahel,muu,mahutama,,1,,obl,
2559,lükkama tagasi kellesse/millesse,adit,vahel,vahel,muu,lükkama,tagasi,1,,obl,
2560,lükkama edasi kellesse/millesse,adit,mitte kunagi,vahel,muu,lükkama,edasi,1,,obl,
2561,mahtuma sisse kellesse/millesse,adit,mitte kunagi,alati,mitte kunagi,mahtuma,sisse,1,,obl,
2562,lootma kellesse/millesse,adit,mitte kunagi,vahel,muu,lootma,,1,,obl,
2563,loopima kellesse/millesse,adit,vahel,vahel,muu,loopima,,1,,obl,
2564,marssima sisse kellesse/millesse,adit,mitte kunagi,vahel,muu,marssima,sisse,1,,obl,
2565,puhkema kellesse/millesse,adit,vahel,vahel,ebakorrektne märgendus,puhkema,,1,,obl,
2566,puhuma kellesse/millesse,adit,mitte kunagi,alati,muu,puhuma,,1,,obl,
2567,lipsama kellesse/millesse,adit,mitte kunagi,vahel,muu,lipsama,,1,,obl,
2568,varastama kellesse/millesse,adit,mitte kunagi,mitte kunagi,ebakorrektne märgendus,varastama,,1,,obl,
2569,jõudma kohale kellesse/millesse,adit,mitte kunagi,alati,mitte kunagi,jõudma,kohale,1,,obl,
2570,rammima kellesse/millesse,adit,mitte kunagi,vahel,muu,rammima,,1,,obl,
2571,jõudma edasi kellesse/millesse,adit,mitte kunagi,vahel,muu,jõudma,edasi,1,,obl,
2572,jõudma välja kellesse/millesse,adit,mitte kunagi,alati,mitte kunagi,jõudma,välja,1,,obl,
2573,valvama kellesse/millesse,adit,mitte kunagi,vahel,muu,valvama,,1,,obl,
2574,jääma vahele kellesse/millesse,adit,vahel,vahel,muu,jääma,vahele,1,,obl,
2575,jääma vastu kellesse/millesse,adit,vahel,vahel,mitte kunagi,jääma,vastu,1,,obl,
2576,proovima kellesse/millesse,adit,mitte kunagi,vahel,muu,proovima,,1,,obl,
2577,jääma sisse kellesse/millesse,adit,mitte kunagi,vahel,muu,jääma,sisse,1,,obl,
2578,varjama kellesse/millesse,adit,mitte kunagi,vahel,muu,varjama,,1,,obl,
2579,sööbima kellesse/millesse,adit,mitte kunagi,alati,mitte kunagi,sööbima,,1,,obl,
2580,jääma välja kellesse/millesse,adit,mitte kunagi,vahel,muu,jääma,välja,1,,obl,
2581,kanduma üle kellesse/millesse,adit,mitte kunagi,alati,mitte kunagi,kanduma,üle,1,,obl,
2582,varisema kellesse/millesse,adit,mitte kunagi,alati,mitte kunagi,varisema,,1,,obl,
2583,jääma üle kellesse/millesse,adit,vahel,vahel,muu,jääma,üle,1,,obl,
2584,jääma ära kellesse/millesse,adit,mitte kunagi,vahel,muu,jääma,ära,1,,obl,
2585,tulema kellel/millel,ad,alati,vahel,muu,tulema,,1,,obl,
2586,olema kellel/millel,ad,vahel,vahel,muu,olema,,1,,obl,
2587,saama kellel/millel,ad,mitte kunagi,alati,vaieldav märgendus,saama,,1,,obl,
2588,jääma kellel/millel,ad,vahel,vahel,muu,jääma,,1,,obl,
2589,minema kellel/millel,ad,vahel,vahel,muu,minema,,1,,obl,
2590,käima kellel/millel,ad,vahel,alati,muu,käima,,1,,obl,
2591,tekkima kellel/millel,ad,alati,vahel,muu,tekkima,,1,,obl,
2592,puuduma kellel/millel,ad,vahel,vahel,muu,puuduma,,1,,obl,
2593,tegema kellel/millel,ad,mitte kunagi,vahel,muu,tegema,,1,,obl,
2594,õnnestuma kellel/millel,ad,alati,mitte kunagi,pole kindel,õnnestuma,,1,,obl,
2595,osalema kellel/millel,ad,mitte kunagi,alati,muu,osalema,,1,,obl,
2596,põhinema kellel/millel,ad,mitte kunagi,mitte kunagi,muu,põhinema,,1,,obl,
2597,toimuma kellel/millel,ad,vahel,vahel,muu,toimuma,,1,,obl,
2598,olema vaja kellel/millel,ad,vahel,mitte kunagi,muu,olema,vaja,1,,obl,
2599,laskma kellel/millel,ad,vahel,mitte kunagi,muu,laskma,,1,,obl,
2600,hakkama kellel/millel,ad,vahel,vahel,muu,hakkama,,1,,obl,
2601,esinema kellel/millel,ad,mitte kunagi,vahel,muu,esinema,,1,,obl,
2602,nägema kellel/millel,ad,mitte kunagi,vahel,muu,nägema,,1,,obl,
2603,andma kellel/millel,ad,mitte kunagi,vahel,muu,andma,,1,,obl,
2604,lubama kellel/millel,ad,vahel,vahel,muu,lubama,,1,,obl,
2605,võtma kellel/millel,ad,vahel,vahel,muu,võtma,,1,,obl,
2606,aitama kellel/millel,ad,vahel,vahel,muu,aitama,,1,,obl,
2607,jätkuma kellel/millel,ad,vahel,vahel,muu,jätkuma,,1,,obl,
2608,asuma kellel/millel,ad,mitte kunagi,alati,muu,asuma,,1,,obl,
2609,seisma kellel/millel,ad,mitte kunagi,alati,muu,seisma,,1,,obl,
2610,leidma kellel/millel,ad,mitte kunagi,alati,muu,leidma,,1,,obl,
2611,paluma kellel/millel,ad,vahel,vahel,muu,paluma,,1,,obl,
2612,pidama kellel/millel,ad,mitte kunagi,vahel,muu,pidama,,1,,obl,
2613,jõudma kellel/millel,ad,vahel,alati,vaieldav märgendus,jõudma,,1,,obl,
2614,kuluma kellel/millel,ad,alati,mitte kunagi,muu,kuluma,,1,,obl,
2615,soovitama kellel/millel,ad,alati,vahel,muu,soovitama,,1,,obl,
2616,mängima kellel/millel,ad,mitte kunagi,vahel,muu,mängima,,1,,obl,
2617,algama kellel/millel,ad,mitte kunagi,vahel,muu,algama,,1,,obl,
2618,töötama kellel/millel,ad,mitte kunagi,vahel,muu,töötama,,1,,obl,
2619,juhtuma kellel/millel,ad,mitte kunagi,vahel,muu,juhtuma,,1,,obl,
2620,ütlema kellel/millel,ad,mitte kunagi,alati,vaieldav märgendus,ütlema,,1,,obl,
2621,kasutama kellel/millel,ad,mitte kunagi,vahel,muu,kasutama,,1,,obl,
2622,võitma kellel/millel,ad,mitte kunagi,vahel,muu,võitma,,1,,obl,
2623,istuma kellel/millel,ad,mitte kunagi,alati,mitte kunagi,istuma,,1,,obl,
2624,elama kellel/millel,ad,mitte kunagi,alati,mitte kunagi,elama,,1,,obl,
2625,muutuma kellel/millel,ad,vahel,alati,muu,muutuma,,1,,obl,
2626,võimaldama kellel/millel,ad,vahel,vahel,muu,võimaldama,,1,,obl,
2627,sõitma kellel/millel,ad,mitte kunagi,alati,muu,sõitma,,1,,obl,
2628,hoidma kellel/millel,ad,vahel,vahel,muu,hoidma,,1,,obl,
2629,näitama kellel/millel,ad,mitte kunagi,alati,mitte kunagi,näitama,,1,,obl,
2630,panema kellel/millel,ad,mitte kunagi,alati,muu,panema,,1,,obl,
2631,viibima kellel/millel,ad,mitte kunagi,alati,muu,viibima,,1,,obl,
2632,sündima kellel/millel,ad,mitte kunagi,alati,muu,sündima,,1,,obl,
2633,tõusma kellel/millel,ad,mitte kunagi,alati,mitte kunagi,tõusma,,1,,obl,
2634,kasvama kellel/millel,ad,mitte kunagi,alati,muu,kasvama,,1,,obl,
2635,maksma kellel/millel,ad,vahel,alati,mitte kunagi,maksma,,1,,obl,
2636,kaduma kellel/millel,ad,vahel,vahel,muu,kaduma,,1,,obl,
2637,alustama kellel/millel,ad,mitte kunagi,alati,muu,alustama,,1,,obl,
2638,tahtma kellel/millel,ad,mitte kunagi,alati,mitte kunagi,tahtma,,1,,obl,
2639,rääkima kellel/millel,ad,mitte kunagi,alati,muu,rääkima,,1,,obl,
2640,kaotama kellel/millel,ad,mitte kunagi,alati,mitte kunagi,kaotama,,1,,obl,
2641,suutma kellel/millel,ad,mitte kunagi,alati,muu,suutma,,1,,obl,
2642,tasuma kellel/millel,ad,alati,mitte kunagi,mitte kunagi,tasuma,,1,,obl,
2643,pakkuma kellel/millel,ad,mitte kunagi,alati,mitte kunagi,pakkuma,,1,,obl,
2644,lõppema kellel/millel,ad,vahel,vahel,mitte kunagi,lõppema,,1,,obl,
2645,selguma kellel/millel,ad,mitte kunagi,alati,muu,selguma,,1,,obl,
2646,avanema kellel/millel,ad,vahel,alati,mitte kunagi,avanema,,1,,obl,
2647,ootama kellel/millel,ad,mitte kunagi,alati,mitte kunagi,ootama,,1,,obl,
2648,püsima kellel/millel,ad,vahel,vahel,muu,püsima,,1,,obl,
2649,tegutsema kellel/millel,ad,mitte kunagi,alati,vaieldav märgendus,tegutsema,,1,,obl,
2650,sattuma kellel/millel,ad,mitte kunagi,alati,muu,sattuma,,1,,obl,
2651,peatuma kellel/millel,ad,mitte kunagi,vahel,muu,peatuma,,1,,obl,
2652,kohtuma kellel/millel,ad,mitte kunagi,alati,mitte kunagi,kohtuma,,1,,obl,
2653,esitama kellel/millel,ad,mitte kunagi,alati,muu,esitama,,1,,obl,
2654,keelama kellel/millel,ad,vahel,vahel,mitte kunagi,keelama,,1,,obl,
2655,tundma kellel/millel,ad,vahel,alati,mitte kunagi,tundma,,1,,obl,
2656,liikuma kellel/millel,ad,mitte kunagi,alati,mitte kunagi,liikuma,,1,,obl,
2657,tekitama kellel/millel,ad,vahel,alati,mitte kunagi,tekitama,,1,,obl,
2658,kehtima kellel/millel,ad,mitte kunagi,alati,mitte kunagi,kehtima,,1,,obl,
2659,kandma kellel/millel,ad,mitte kunagi,alati,muu,kandma,,1,,obl,
2660,saavutama kellel/millel,ad,mitte kunagi,alati,mitte kunagi,saavutama,,1,,obl,
2661,saatma kellel/millel,ad,mitte kunagi,alati,muu,saatma,,1,,obl,
2662,leiduma kellel/millel,ad,vahel,alati,mitte kunagi,leiduma,,1,,obl,
2663,lõpetama kellel/millel,ad,mitte kunagi,vahel,muu,lõpetama,,1,,obl,
2664,lasuma kellel/millel,ad,alati,vahel,muu,lasuma,,1,,obl,
2665,paistma kellel/millel,ad,vahel,alati,muu,paistma,,1,,obl,
2666,vedama kellel/millel,ad,vahel,vahel,muu,vedama,,1,,obl,
2667,langema kellel/millel,ad,vahel,vahel,muu,langema,,1,,obl,
2668,tooma kellel/millel,ad,mitte kunagi,alati,muu,tooma,,1,,obl,
2669,jääma üle kellel/millel,ad,alati,mitte kunagi,mitte kunagi,jääma,üle,1,,obl,
2670,jätma kellel/millel,ad,mitte kunagi,alati,muu,jätma,,1,,obl,
2671,tabama kellel/millel,ad,vahel,vahel,muu,tabama,,1,,obl,
2672,kuuluma kellel/millel,ad,vahel,alati,mitte kunagi,kuuluma,,1,,obl,
2673,valitsema kellel/millel,ad,mitte kunagi,alati,mitte kunagi,valitsema,,1,,obl,
2674,ilmuma kellel/millel,ad,vahel,vahel,muu,ilmuma,,1,,obl,
2675,kujunema kellel/millel,ad,mitte kunagi,alati,mitte kunagi,kujunema,,1,,obl,
2676,teatama kellel/millel,ad,mitte kunagi,alati,muu,teatama,,1,,obl,
2677,jätkama kellel/millel,ad,mitte kunagi,alati,mitte kunagi,jätkama,,1,,obl,
2678,korraldama kellel/millel,ad,mitte kunagi,alati,muu,korraldama,,1,,obl,
2679,viima kellel/millel,ad,mitte kunagi,alati,vaieldav märgendus,viima,,1,,obl,
2680,pääsema kellel/millel,ad,mitte kunagi,alati,muu,pääsema,,1,,obl,
2681,kinnitama kellel/millel,ad,mitte kunagi,alati,mitte kunagi,kinnitama,,1,,obl,
2682,teenima kellel/millel,ad,mitte kunagi,alati,mitte kunagi,teenima,,1,,obl,
2683,püüdma kellel/millel,ad,mitte kunagi,alati,mitte kunagi,püüdma,,1,,obl,
2684,seisma ees kellel/millel,ad,mitte kunagi,alati,mitte kunagi,seisma,ees,1,,obl,
2685,lööma kellel/millel,ad,mitte kunagi,alati,muu,lööma,,1,,obl,
2686,ilmnema kellel/millel,ad,vahel,alati,muu,ilmnema,,1,,obl,
2687,takistama kellel/millel,ad,vahel,mitte kunagi,muu,takistama,,1,,obl,
2688,valmima kellel/millel,ad,vahel,vahel,muu,valmima,,1,,obl,
2689,vaatama kellel/millel,ad,mitte kunagi,alati,muu,vaatama,,1,,obl,
2690,nõudma kellel/millel,ad,mitte kunagi,alati,mitte kunagi,nõudma,,1,,obl,
2691,otsustama kellel/millel,ad,mitte kunagi,alati,mitte kunagi,otsustama,,1,,obl,
2692,tulema välja kellel/millel,ad,vahel,vahel,muu,tulema,välja,1,,obl,
2693,jääma puudu kellel/millel,ad,alati,mitte kunagi,mitte kunagi,jääma,puudu,1,,obl,
2694,piisama kellel/millel,ad,vahel,alati,mitte kunagi,piisama,,1,,obl,
2695,soovima kellel/millel,ad,mitte kunagi,alati,mitte kunagi,soovima,,1,,obl,
2696,jooksma kellel/millel,ad,mitte kunagi,vahel,muu,jooksma,,1,,obl,
2697,teadma kellel/millel,ad,vahel,mitte kunagi,vaieldav märgendus,teadma,,1,,obl,
2698,tähendama kellel/millel,ad,mitte kunagi,alati,muu,tähendama,,1,,obl,
2699,vähenema kellel/millel,ad,mitte kunagi,alati,mitte kunagi,vähenema,,1,,obl,
2700,astuma kellel/millel,ad,mitte kunagi,alati,mitte kunagi,astuma,,1,,obl,
2701,võistlema kellel/millel,ad,mitte kunagi,alati,mitte kunagi,võistlema,,1,,obl,
2702,kõlama kellel/millel,ad,mitte kunagi,alati,muu,kõlama,,1,,obl,
2703,üritama kellel/millel,ad,mitte kunagi,alati,muu,üritama,,1,,obl,
2704,saabuma kellel/millel,ad,vahel,alati,mitte kunagi,saabuma,,1,,obl,
2705,suurenema kellel/millel,ad,vahel,vahel,mitte kunagi,suurenema,,1,,obl,
2706,kukkuma kellel/millel,ad,mitte kunagi,alati,mitte kunagi,kukkuma,,1,,obl,
2707,ületama kellel/millel,ad,mitte kunagi,alati,muu,ületama,,1,,obl,
2708,avastama kellel/millel,ad,mitte kunagi,alati,mitte kunagi,avastama,,1,,obl,
2709,ajama kellel/millel,ad,vahel,vahel,muu,ajama,,1,,obl,
2710,pruukima kellel/millel,ad,alati,mitte kunagi,mitte kunagi,pruukima,,1,,obl,
2711,osutuma kellel/millel,ad,mitte kunagi,alati,mitte kunagi,osutuma,,1,,obl,
2712,kirjutama kellel/millel,ad,mitte kunagi,vahel,muu,kirjutama,,1,,obl,
2713,juhtima kellel/millel,ad,vahel,vahel,muu,juhtima,,1,,obl,
2714,toetama kellel/millel,ad,mitte kunagi,alati,muu,toetama,,1,,obl,
2715,looma kellel/millel,ad,mitte kunagi,vahel,muu,,looma,1,,obl,
2716,avaldama kellel/millel,ad,mitte kunagi,alati,muu,avaldama,,1,,obl,
2717,avama kellel/millel,ad,mitte kunagi,alati,muu,avama,,1,,obl,
2718,olema tarvis kellel/millel,ad,vahel,vahel,muu,olema,tarvis,1,,obl,
2719,kippuma kellel/millel,ad,vahel,vahel,muu,kippuma,,1,,obl,
2720,hukkuma kellel/millel,ad,mitte kunagi,alati,muu,hukkuma,,1,,obl,
2721,vajama kellel/millel,ad,mitte kunagi,vahel,muu,vajama,,1,,obl,
2722,kohtama kellel/millel,ad,mitte kunagi,alati,mitte kunagi,kohtama,,1,,obl,
2723,esindama kellel/millel,ad,mitte kunagi,alati,muu,esindama,,1,,obl,
2724,jagama kellel/millel,ad,mitte kunagi,vahel,muu,jagama,,1,,obl,
2725,vastama kellel/millel,ad,vahel,vahel,muu,vastama,,1,,obl,
2726,koguma kellel/millel,ad,mitte kunagi,alati,mitte kunagi,koguma,,1,,obl,
2727,kuulma kellel/millel,ad,vahel,vahel,muu,kuulma,,1,,obl,
2728,põhjustama kellel/millel,ad,vahel,alati,mitte kunagi,põhjustama,,1,,obl,
2729,küsima kellel/millel,ad,mitte kunagi,alati,mitte kunagi,küsima,,1,,obl,
2730,säilima kellel/millel,ad,vahel,mitte kunagi,muu,säilima,,1,,obl,
2731,kogunema kellel/millel,ad,mitte kunagi,vahel,muu,kogunema,,1,,obl,
2732,nappima kellel/millel,ad,vahel,vahel,muu,nappima,,1,,obl,
2733,märkama kellel/millel,ad,mitte kunagi,alati,muu,märkama,,1,,obl,
2734,muutma kellel/millel,ad,mitte kunagi,alati,muu,muutma,,1,,obl,
2735,surema kellel/millel,ad,mitte kunagi,alati,muu,surema,,1,,obl,
2736,lootma kellel/millel,ad,mitte kunagi,alati,muu,lootma,,1,,obl,
2737,mööduma kellel/millel,ad,vahel,alati,mitte kunagi,mööduma,,1,,obl,
2738,tunnistama kellel/millel,ad,mitte kunagi,alati,muu,tunnistama,,1,,obl,
2739,täitma kellel/millel,ad,vahel,vahel,muu,täitma,,1,,obl,
2740,moodustama kellel/millel,ad,mitte kunagi,alati,muu,moodustama,,1,,obl,
2741,näima kellel/millel,ad,mitte kunagi,alati,mitte kunagi,näima,,1,,obl,
2742,kerkima kellel/millel,ad,mitte kunagi,alati,muu,kerkima,,1,,obl,
2743,sobima kellel/millel,ad,vahel,vahel,muu,sobima,,1,,obl,
2744,tulema ette kellel/millel,ad,vahel,vahel,muu,tulema,ette,1,,obl,
2745,valima kellel/millel,ad,mitte kunagi,alati,muu,valima,,1,,obl,
2746,veetma kellel/millel,ad,mitte kunagi,alati,muu,veetma,,1,,obl,
2747,lendama kellel/millel,ad,mitte kunagi,alati,muu,lendama,,1,,obl,
2748,käskima kellel/millel,ad,vahel,vahel,mitte kunagi,käskima,,1,,obl,
2749,lugema kellel/millel,ad,mitte kunagi,vahel,muu,lugema,,1,,obl,
2750,paiknema kellel/millel,ad,mitte kunagi,vahel,muu,paiknema,,1,,obl,
2751,lisanduma kellel/millel,ad,vahel,vahel,muu,lisanduma,,1,,obl,
2752,kavatsema kellel/millel,ad,mitte kunagi,alati,muu,kavatsema,,1,,obl,
2753,toimima kellel/millel,ad,mitte kunagi,vahel,muu,toimima,,1,,obl,
2754,kutsuma kellel/millel,ad,mitte kunagi,alati,vaieldav märgendus,kutsuma,,1,,obl,
2755,laulma kellel/millel,ad,mitte kunagi,vahel,muu,laulma,,1,,obl,
2756,jaguma kellel/millel,ad,vahel,vahel,mitte kunagi,jaguma,,1,,obl,
2757,pälvima kellel/millel,ad,mitte kunagi,alati,mitte kunagi,pälvima,,1,,obl,
2758,läbima kellel/millel,ad,mitte kunagi,vahel,muu,läbima,,1,,obl,
2759,tutvustama kellel/millel,ad,mitte kunagi,vahel,muu,tutvustama,,1,,obl,
2760,astuma üles kellel/millel,ad,mitte kunagi,alati,muu,astuma,üles,1,,obl,
2761,õppima kellel/millel,ad,mitte kunagi,alati,muu,õppima,,1,,obl,
2762,tegelema kellel/millel,ad,mitte kunagi,alati,muu,tegelema,,1,,obl,
2763,meenutama kellel/millel,ad,mitte kunagi,vahel,vaieldav märgendus,meenutama,,1,,obl,
2764,baseeruma kellel/millel,ad,mitte kunagi,mitte kunagi,muu,baseeruma,,1,,obl,
2765,minema vaja kellel/millel,ad,vahel,vahel,mitte kunagi,minema,vaja,1,,obl,
2766,tõstma kellel/millel,ad,mitte kunagi,vahel,muu,tõstma,,1,,obl,
2767,ostma kellel/millel,ad,mitte kunagi,mitte kunagi,muu,ostma,,1,,obl,
2768,tagama kellel/millel,ad,mitte kunagi,alati,muu,tagama,,1,,obl,
2769,nimetama kellel/millel,ad,mitte kunagi,vahel,muu,nimetama,,1,,obl,
2770,rajanema kellel/millel,ad,vahel,vahel,muu,rajanema,,1,,obl,
2771,otsima kellel/millel,ad,mitte kunagi,alati,muu,otsima,,1,,obl,
2772,tegema kaasa kellel/millel,ad,mitte kunagi,alati,muu,tegema,kaasa,1,,obl,
2773,tõmbama kellel/millel,ad,vahel,vahel,mitte kunagi,tõmbama,,1,,obl,
2774,mõtlema kellel/millel,ad,mitte kunagi,vahel,muu,mõtlema,,1,,obl,
2775,lahkuma kellel/millel,ad,mitte kunagi,vahel,muu,lahkuma,,1,,obl,
2776,proovima kellel/millel,ad,mitte kunagi,alati,muu,proovima,,1,,obl,
2777,kihutama kellel/millel,ad,mitte kunagi,alati,muu,kihutama,,1,,obl,
2778,puhkema kellel/millel,ad,mitte kunagi,alati,muu,puhkema,,1,,obl,
2779,loobuma kellel/millel,ad,mitte kunagi,alati,mitte kunagi,loobuma,,1,,obl,
2780,võtma vastu kellel/millel,ad,mitte kunagi,alati,muu,võtma,vastu,1,,obl,
2781,kestma kellel/millel,ad,mitte kunagi,vahel,muu,kestma,,1,,obl,
2782,saama kokku kellel/millel,ad,mitte kunagi,alati,muu,saama,kokku,1,,obl,
2783,müüma kellel/millel,ad,mitte kunagi,vahel,muu,müüma,,1,,obl,
2784,ulatuma kellel/millel,ad,mitte kunagi,vahel,muu,ulatuma,,1,,obl,
2785,haarama kellel/millel,ad,vahel,vahel,vaieldav märgendus,haarama,,1,,obl,
2786,määrama kellel/millel,ad,mitte kunagi,vahel,muu,määrama,,1,,obl,
2787,hindama kellel/millel,ad,mitte kunagi,alati,mitte kunagi,hindama,,1,,obl,
2788,viskama kellel/millel,ad,mitte kunagi,vahel,muu,viskama,,1,,obl,
2789,peetuma kellel/millel,ad,vahel,vahel,mitte kunagi,,peetuma,1,,obl,
2790,seadma kellel/millel,ad,mitte kunagi,alati,muu,seadma,,1,,obl,
2791,põlema kellel/millel,ad,mitte kunagi,alati,muu,põlema,,1,,obl,
2792,levima kellel/millel,ad,mitte kunagi,alati,muu,levima,,1,,obl,
2793,kulgema kellel/millel,ad,vahel,vahel,muu,kulgema,,1,,obl,
2794,oskama kellel/millel,ad,mitte kunagi,vahel,muu ja vaieldav märgendus,oskama,,1,,obl,
2795,lähtuma kellel/millel,ad,mitte kunagi,alati,mitte kunagi,lähtuma,,1,,obl,
2796,järgnema kellel/millel,ad,mitte kunagi,alati,muu,järgnema,,1,,obl,
2797,arvama kellel/millel,ad,mitte kunagi,vahel,muu,arvama,,1,,obl,
2798,meeldima kellel/millel,ad,vahel,vahel,mitte kunagi,meeldima,,1,,obl,
2799,eksima kellel/millel,ad,mitte kunagi,alati,muu,eksima,,1,,obl,
2800,lõpma kellel/millel,ad,mitte kunagi,alati,muu,lõpma,,1,,obl,
2801,segama kellel/millel,ad,vahel,vahel,muu,segama,,1,,obl,
2802,jälgima kellel/millel,ad,mitte kunagi,alati,mitte kunagi,jälgima,,1,,obl,
2803,startima kellel/millel,ad,mitte kunagi,alati,mitte kunagi,startima,,1,,obl,
2804,vahetama kellel/millel,ad,mitte kunagi,alati,mitte kunagi,vahetama,,1,,obl,
2805,tutvuma kellel/millel,ad,mitte kunagi,alati,mitte kunagi,tutvuma,,1,,obl,
2806,ähvardama kellel/millel,ad,vahel,vahel,muu,ähvardama,,1,,obl,
2807,külastama kellel/millel,ad,mitte kunagi,alati,muu,külastama,,1,,obl,
2808,lisama kellel/millel,ad,mitte kunagi,alati,mitte kunagi,lisama,,1,,obl,
2809,ründama kellel/millel,ad,mitte kunagi,alati,muu,ründama,,1,,obl,
2810,tunduma kellel/millel,ad,mitte kunagi,alati,muu,tunduma,,1,,obl,
2811,harjutama kellel/millel,ad,mitte kunagi,alati,muu,harjutama,,1,,obl,
2812,rippuma kellel/millel,ad,mitte kunagi,alati,muu,rippuma,,1,,obl,
2813,purunema kellel/millel,ad,vahel,vahel,muu,purunema,,1,,obl,
2814,arutama kellel/millel,ad,mitte kunagi,alati,muu,arutama,,1,,obl,
2815,mõjuma kellel/millel,ad,mitte kunagi,vahel,muu,mõjuma,,1,,obl,
2816,arenema kellel/millel,ad,vahel,vahel,mitte kunagi,arenema,,1,,obl,
2817,arvestama kellel/millel,ad,mitte kunagi,alati,mitte kunagi,arvestama,,1,,obl,
2818,täituma kellel/millel,ad,vahel,vahel,muu,täituma,,1,,obl,
2819,käituma kellel/millel,ad,mitte kunagi,alati,muu,käituma,,1,,obl,
2820,tähistama kellel/millel,ad,mitte kunagi,vahel,muu,tähistama,,1,,obl,
2821,sõltuma kellel/millel,ad,mitte kunagi,alati,muu,sõltuma,,1,,obl,
2822,eelistama kellel/millel,ad,mitte kunagi,alati,muu,eelistama,,1,,obl,
2823,kontrollima kellel/millel,ad,mitte kunagi,alati,muu,kontrollima,,1,,obl,
2824,ilutsema kellel/millel,ad,mitte kunagi,alati,mitte kunagi,ilutsema,,1,,obl,
2825,kujunema välja kellel/millel,ad,mitte kunagi,vahel,muu,kujunema,välja,1,,obl,
2826,alistama kellel/millel,ad,mitte kunagi,alati,mitte kunagi,alistama,,1,,obl,
2827,jääma vahele kellel/millel,ad,mitte kunagi,alati,muu,jääma,vahele,1,,obl,
2828,lööma kaasa kellel/millel,ad,mitte kunagi,alati,pole kindel,lööma,kaasa,1,,obl,
2829,lebama kellel/millel,ad,mitte kunagi,alati,mitte kunagi,lebama,,1,,obl,
2830,maanduma kellel/millel,ad,mitte kunagi,alati,muu,maanduma,,1,,obl,
2831,süttima kellel/millel,ad,mitte kunagi,alati,muu,süttima,,1,,obl,
2832,jääma alla kellel/millel,ad,mitte kunagi,vahel,muu,jääma,alla,1,,obl,
2833,vähendama kellel/millel,ad,mitte kunagi,vahel,muu,vähendama,,1,,obl,
2834,kõndima kellel/millel,ad,mitte kunagi,alati,muu,kõndima,,1,,obl,
2835,pöörduma kellel/millel,ad,mitte kunagi,alati,muu,pöörduma,,1,,obl,
2836,särama kellel/millel,ad,mitte kunagi,alati,muu,särama,,1,,obl,
2837,uurima kellel/millel,ad,mitte kunagi,vahel,muu,uurima,,1,,obl,
2838,murdma kellel/millel,ad,vahel,vahel,muu,murdma,,1,,obl,
2839,kuulutama kellel/millel,ad,mitte kunagi,vahel,muu,kuulutama,,1,,obl,
2840,selgitama kellel/millel,ad,mitte kunagi,vahel,muu,selgitama,,1,,obl,
2841,tuginema kellel/millel,ad,mitte kunagi,vahel,muu,tuginema,,1,,obl,
2842,väitma kellel/millel,ad,mitte kunagi,alati,mitte kunagi,väitma,,1,,obl,
2843,võitlema kellel/millel,ad,mitte kunagi,alati,muu,võitlema,,1,,obl,
2844,kiitma kellel/millel,ad,mitte kunagi,vahel,muu,kiitma,,1,,obl,
2845,omama kellel/millel,ad,mitte kunagi,alati,pole kindel,omama,,1,,obl,
2846,üllatama kellel/millel,ad,mitte kunagi,alati,muu,üllatama,,1,,obl,
2847,mõjutama kellel/millel,ad,mitte kunagi,alati,muu,mõjutama,,1,,obl,
2848,suurendama kellel/millel,ad,mitte kunagi,alati,muu,suurendama,,1,,obl,
2849,rikkuma kellel/millel,ad,mitte kunagi,alati,muu,rikkuma,,1,,obl,
2850,saama otsa kellel/millel,ad,vahel,vahel,pole kindel,saama,otsa,1,,obl,
2851,jääma ära kellel/millel,ad,vahel,vahel,mitte kunagi,jääma,ära,1,,obl,
2852,magama kellel/millel,ad,mitte kunagi,alati,muu ja vaieldav märgendus,magama,,1,,obl,
2853,saama täis kellel/millel,ad,vahel,vahel,muu,saama,täis,1,,obl,
2854,tuvastama kellel/millel,ad,vahel,vahel,muu,tuvastama,,1,,obl,
2855,omandama kellel/millel,ad,mitte kunagi,vahel,muu,omandama,,1,,obl,
2856,piirduma kellel/millel,ad,mitte kunagi,alati,mitte kunagi,piirduma,,1,,obl,
2857,märkima kellel/millel,ad,mitte kunagi,alati,mitte kunagi,märkima,,1,,obl,
2858,pidama kinni kellel/millel,ad,mitte kunagi,alati,mitte kunagi,pidama,kinni,1,,obl,
2859,kõnelema kellel/millel,ad,mitte kunagi,alati,muu,kõnelema,,1,,obl,
2860,viitama kellel/millel,ad,mitte kunagi,alati,muu,viitama,,1,,obl,
2861,hüppama kellel/millel,ad,mitte kunagi,alati,mitte kunagi,hüppama,,1,,obl,
2862,asendama kellel/millel,ad,mitte kunagi,alati,muu,asendama,,1,,obl,
2863,kujutama kellel/millel,ad,mitte kunagi,alati,mitte kunagi,kujutama,,1,,obl,
2864,peatama kellel/millel,ad,mitte kunagi,vahel,muu,peatama,,1,,obl,
2865,tapma kellel/millel,ad,mitte kunagi,alati,muu,tapma,,1,,obl,
2866,abistama kellel/millel,ad,mitte kunagi,alati,mitte kunagi,abistama,,1,,obl,
2867,domineerima kellel/millel,ad,mitte kunagi,alati,mitte kunagi,domineerima,,1,,obl,
2868,katkema kellel/millel,ad,mitte kunagi,vahel,muu,katkema,,1,,obl,
2869,püstitama kellel/millel,ad,mitte kunagi,alati,mitte kunagi,püstitama,,1,,obl,
2870,sööma kellel/millel,ad,mitte kunagi,alati,muu ja vaieldav märgendus,sööma,,1,,obl,
2871,ebaõnnestuma kellel/millel,ad,vahel,vahel,muu,ebaõnnestuma,,1,,obl,
2872,esitlema kellel/millel,ad,mitte kunagi,alati,mitte kunagi,esitlema,,1,,obl,
2873,kogema kellel/millel,ad,mitte kunagi,alati,mitte kunagi,kogema,,1,,obl,
2874,võtma kinni kellel/millel,ad,vahel,vahel,mitte kunagi,võtma,kinni,1,,obl,
2875,kuulama kellel/millel,ad,mitte kunagi,vahel,muu,kuulama,,1,,obl,
2876,plahvatama kellel/millel,ad,mitte kunagi,alati,mitte kunagi,plahvatama,,1,,obl,
2877,rõhutama kellel/millel,ad,vahel,vahel,muu,rõhutama,,1,,obl,
2878,jalutama kellel/millel,ad,mitte kunagi,alati,mitte kunagi,jalutama,,1,,obl,
2879,mõistma kellel/millel,ad,mitte kunagi,alati,muu,mõistma,,1,,obl,
2880,valmistama kellel/millel,ad,mitte kunagi,alati,muu,valmistama,,1,,obl,
2881,katkestama kellel/millel,ad,mitte kunagi,alati,muu,katkestama,,1,,obl,
2882,pöörama kellel/millel,ad,mitte kunagi,vahel,muu,pöörama,,1,,obl,
2883,kindlustama kellel/millel,ad,mitte kunagi,vahel,muu,kindlustama,,1,,obl,
2884,tooma kaasa kellel/millel,ad,mitte kunagi,vahel,muu,tooma,kaasa,1,,obl,
2885,avalduma kellel/millel,ad,vahel,vahel,muu,avalduma,,1,,obl,
2886,pidama vastu kellel/millel,ad,mitte kunagi,alati,muu,pidama,vastu,1,,obl,
2887,helistama kellel/millel,ad,mitte kunagi,alati,muu,helistama,,1,,obl,
2888,sundima kellel/millel,ad,mitte kunagi,alati,muu,sundima,,1,,obl,
2889,suruma kellel/millel,ad,vahel,vahel,muu,suruma,,1,,obl,
2890,tervitama kellel/millel,ad,mitte kunagi,alati,muu,tervitama,,1,,obl,
2891,torkama kellel/millel,ad,vahel,alati,mitte kunagi,torkama,,1,,obl,
2892,keelduma kellel/millel,ad,mitte kunagi,alati,muu,keelduma,,1,,obl,
2893,kirjeldama kellel/millel,ad,mitte kunagi,alati,muu,kirjeldama,,1,,obl,
2894,olema kohal kellel/millel,ad,mitte kunagi,vahel,muu,olema,kohal,1,,obl,
2895,sõlmima kellel/millel,ad,mitte kunagi,vahel,muu,sõlmima,,1,,obl,
2896,uskuma kellel/millel,ad,mitte kunagi,vahel,muu,uskuma,,1,,obl,
2897,edestama kellel/millel,ad,mitte kunagi,alati,mitte kunagi,edestama,,1,,obl,
2898,heitma kellel/millel,ad,mitte kunagi,vahel,muu,heitma,,1,,obl,
2899,nautima kellel/millel,ad,mitte kunagi,alati,muu,nautima,,1,,obl,
2900,jooma kellel/millel,ad,mitte kunagi,alati,muu,jooma,,1,,obl,
2901,sadama kellel/millel,ad,mitte kunagi,alati,mitte kunagi,,sadama,1,,obl,
2902,sooritama kellel/millel,ad,mitte kunagi,alati,muu,sooritama,,1,,obl,
2903,kannatama kellel/millel,ad,mitte kunagi,alati,muu,kannatama,,1,,obl,
2904,käivituma kellel/millel,ad,mitte kunagi,vahel,muu,käivituma,,1,,obl,
2905,paranema kellel/millel,ad,mitte kunagi,vahel,muu,paranema,,1,,obl,
2906,tegema ära kellel/millel,ad,mitte kunagi,vahel,muu,tegema,ära,1,,obl,
2907,põrkama kokku kellel/millel,ad,mitte kunagi,alati,muu,põrkama,kokku,1,,obl,
2908,taotlema kellel/millel,ad,mitte kunagi,vahel,muu,taotlema,,1,,obl,
2909,olema lahti kellel/millel,ad,vahel,vahel,mitte kunagi,olema,lahti,1,,obl,
2910,ilmutama kellel/millel,ad,mitte kunagi,vahel,muu,ilmutama,,1,,obl,
2911,puudutama kellel/millel,ad,mitte kunagi,alati,muu,puudutama,,1,,obl,
2912,tõestama kellel/millel,ad,mitte kunagi,alati,muu,tõestama,,1,,obl,
2913,mahtuma kellel/millel,ad,mitte kunagi,vahel,muu,mahtuma,,1,,obl,
2914,puhkama kellel/millel,ad,mitte kunagi,alati,muu,puhkama,,1,,obl,
2915,väljuma kellel/millel,ad,mitte kunagi,vahel,muu,väljuma,,1,,obl,
2916,kaitsma kellel/millel,ad,mitte kunagi,alati,muu,kaitsma,,1,,obl,
2917,käsitlema kellel/millel,ad,mitte kunagi,alati,muu,käsitlema,,1,,obl,
2918,keerama kellel/millel,ad,mitte kunagi,vahel,muu,keerama,,1,,obl,
2919,tantsima kellel/millel,ad,mitte kunagi,alati,mitte kunagi,tantsima,,1,,obl,
2920,vajuma kellel/millel,ad,mitte kunagi,alati,muu,vajuma,,1,,obl,
2921,kasvatama kellel/millel,ad,mitte kunagi,vahel,muu,kasvatama,,1,,obl,
2922,kulutama kellel/millel,ad,mitte kunagi,alati,mitte kunagi,kulutama,,1,,obl,
2923,vedelema kellel/millel,ad,mitte kunagi,alati,mitte kunagi,vedelema,,1,,obl,
2924,kaaluma kellel/millel,ad,vahel,vahel,muu,kaaluma,,1,,obl,
2925,kehtestama kellel/millel,ad,mitte kunagi,vahel,muu,kehtestama,,1,,obl,
2926,keskenduma kellel/millel,ad,mitte kunagi,vahel,muu,keskenduma,,1,,obl,
2927,osutama kellel/millel,ad,mitte kunagi,alati,mitte kunagi,osutama,,1,,obl,
2928,lõikama kellel/millel,ad,mitte kunagi,vahel,muu,lõikama,,1,,obl,
2929,nägema ette kellel/millel,ad,mitte kunagi,vahel,muu,nägema,ette,1,,obl,
2930,toimetama kellel/millel,ad,mitte kunagi,alati,mitte kunagi,toimetama,,1,,obl,
2931,libisema kellel/millel,ad,mitte kunagi,alati,muu,libisema,,1,,obl,
2932,nägema välja kellel/millel,ad,mitte kunagi,alati,muu,nägema,välja,1,,obl,
2933,hääletama kellel/millel,ad,mitte kunagi,alati,muu,hääletama,,1,,obl,
2934,nõustuma kellel/millel,ad,mitte kunagi,vahel,muu,nõustuma,,1,,obl,
2935,parandama kellel/millel,ad,mitte kunagi,vahel,muu,parandama,,1,,obl,
2936,sulgema kellel/millel,ad,mitte kunagi,alati,muu,sulgema,,1,,obl,
2937,tulistama kellel/millel,ad,mitte kunagi,alati,muu,tulistama,,1,,obl,
2938,võtma maha kellel/millel,ad,vahel,vahel,muu,võtma,maha,1,,obl,
2939,möllama kellel/millel,ad,mitte kunagi,alati,muu,möllama,,1,,obl,
2940,kaduma ära kellel/millel,ad,vahel,vahel,muu,kaduma,ära,1,,obl,
2941,lamama kellel/millel,ad,mitte kunagi,alati,mitte kunagi,lamama,,1,,obl,
2942,murduma kellel/millel,ad,vahel,vahel,muu,murduma,,1,,obl,
2943,võidutsema kellel/millel,ad,mitte kunagi,alati,mitte kunagi,võidutsema,,1,,obl,
2944,langetama kellel/millel,ad,mitte kunagi,vahel,muu,langetama,,1,,obl,
2945,moodustuma kellel/millel,ad,mitte kunagi,vahel,muu,moodustuma,,1,,obl,
2946,julgema kellel/millel,ad,mitte kunagi,vahel,muu,,julgema,1,,obl,
2947,mõõtma kellel/millel,ad,vahel,vahel,muu,mõõtma,,1,,obl,
2948,eksisteerima kellel/millel,ad,mitte kunagi,vahel,muu,eksisteerima,,1,,obl,
2949,katma kellel/millel,ad,mitte kunagi,alati,muu,katma,,1,,obl,
2950,käima ära kellel/millel,ad,mitte kunagi,alati,muu,käima,ära,1,,obl,
2951,mäletama kellel/millel,ad,mitte kunagi,alati,mitte kunagi,mäletama,,1,,obl,
2952,hävima kellel/millel,ad,mitte kunagi,vahel,muu,hävima,,1,,obl,
2953,kuulutama välja kellel/millel,ad,mitte kunagi,vahel,muu,kuulutama,välja,1,,obl,
2954,plaanima kellel/millel,ad,mitte kunagi,vahel,muu,plaanima,,1,,obl,
2955,puhuma kellel/millel,ad,mitte kunagi,vahel,muu ja pole kindel,puhuma,,1,,obl,
2956,tänama kellel/millel,ad,mitte kunagi,vahel,muu,tänama,,1,,obl,
2957,kaasnema kellel/millel,ad,vahel,vahel,muu,kaasnema,,1,,obl,
2958,süüdistama kellel/millel,ad,mitte kunagi,alati,mitte kunagi,süüdistama,,1,,obl,
2959,korduma kellel/millel,ad,mitte kunagi,alati,mitte kunagi,korduma,,1,,obl,
2960,küündima kellel/millel,ad,vahel,vahel,muu,küündima,,1,,obl,
2961,lõhkuma kellel/millel,ad,mitte kunagi,vahel,muu,lõhkuma,,1,,obl,
2962,sõnama kellel/millel,ad,mitte kunagi,alati,mitte kunagi,sõnama,,1,,obl,
2963,kahanema kellel/millel,ad,vahel,vahel,muu,kahanema,,1,,obl,
2964,õpetama kellel/millel,ad,mitte kunagi,vahel,muu ja pole kindel,õpetama,,1,,obl,
2965,demonstreerima kellel/millel,ad,mitte kunagi,alati,mitte kunagi,demonstreerima,,1,,obl,
2966,ehitama kellel/millel,ad,mitte kunagi,alati,muu,ehitama,,1,,obl,
2967,laekuma kellel/millel,ad,mitte kunagi,vahel,muu,laekuma,,1,,obl,
2968,ühinema kellel/millel,ad,mitte kunagi,vahel,muu,ühinema,,1,,obl,
2969,edastama kellel/millel,ad,mitte kunagi,vahel,muu,edastama,,1,,obl,
2970,sõitma välja kellel/millel,ad,mitte kunagi,vahel,muu ja pole kindel,sõitma,välja,1,,obl,
2971,uppuma kellel/millel,ad,mitte kunagi,alati,muu,uppuma,,1,,obl,
2972,andma välja kellel/millel,ad,mitte kunagi,vahel,muu,andma,välja,1,,obl,
2973,vigastama kellel/millel,ad,mitte kunagi,vahel,muu,vigastama,,1,,obl,
2974,võtma ära kellel/millel,ad,vahel,vahel,muu,võtma,ära,1,,obl,
2975,minema lahti kellel/millel,ad,vahel,vahel,muu,minema,lahti,1,,obl,
2976,tõdema kellel/millel,ad,mitte kunagi,vahel,muu,tõdema,,1,,obl,
2977,häirima kellel/millel,ad,mitte kunagi,vahel,muu,häirima,,1,,obl,
2978,tulema kokku kellel/millel,ad,mitte kunagi,alati,muu,tulema,kokku,1,,obl,
2979,kinkima kellel/millel,ad,mitte kunagi,alati,mitte kunagi,kinkima,,1,,obl,
2980,purustama kellel/millel,ad,vahel,vahel,muu ja pole kindel,purustama,,1,,obl,
2981,vabanema kellel/millel,ad,mitte kunagi,vahel,muu,vabanema,,1,,obl,
2982,võtma ette kellel/millel,ad,mitte kunagi,vahel,muu ja pole kindel,võtma,ette,1,,obl,
2983,erinema kellel/millel,ad,mitte kunagi,vahel,muu ja pole kindel,erinema,,1,,obl,
2984,rakendama kellel/millel,ad,mitte kunagi,alati,muu,rakendama,,1,,obl,
2985,süütama kellel/millel,ad,mitte kunagi,alati,mitte kunagi,süütama,,1,,obl,
2986,lausuma kellel/millel,ad,mitte kunagi,alati,mitte kunagi,lausuma,,1,,obl,
2987,ennustama kellel/millel,ad,mitte kunagi,alati,pole kindel,ennustama,,1,,obl,
2988,jääma maha kellel/millel,ad,vahel,vahel,muu,jääma,maha,1,,obl,
2989,aitama kaasa kellel/millel,ad,mitte kunagi,vahel,muu,aitama,kaasa,1,,obl,
2990,andma üle kellel/millel,ad,mitte kunagi,vahel,muu,andma,üle,1,,obl,
2991,kartma kellel/millel,ad,vahel,vahel,muu,kartma,,1,,obl,
2992,välistama kellel/millel,ad,mitte kunagi,vahel,muu,välistama,,1,,obl,
2993,kaitsema kellel/millel,ad,mitte kunagi,vahel,muu,kaitsema,,1,,obl,
2994,säilitama kellel/millel,ad,mitte kunagi,vahel,muu,säilitama,,1,,obl,
2995,väljendama kellel/millel,ad,mitte kunagi,alati,pole kindel,väljendama,,1,,obl,
2996,hoiatama kellel/millel,ad,mitte kunagi,alati,muu,hoiatama,,1,,obl,
2997,kordama kellel/millel,ad,vahel,vahel,muu,kordama,,1,,obl,
2998,lagunema kellel/millel,ad,mitte kunagi,vahel,muu,lagunema,,1,,obl,
2999,päästma kellel/millel,ad,mitte kunagi,alati,muu,päästma,,1,,obl,
3000,tarvitsema kellel/millel,ad,alati,vahel,mitte kunagi,tarvitsema,,1,,obl,
3001,etendama kellel/millel,ad,mitte kunagi,alati,muu,etendama,,1,,obl,
3002,kukkuma alla kellel/millel,ad,mitte kunagi,alati,muu,kukkuma,alla,1,,obl,
3003,röövima kellel/millel,ad,mitte kunagi,alati,mitte kunagi,röövima,,1,,obl,
3004,lehvima kellel/millel,ad,mitte kunagi,vahel,muu,lehvima,,1,,obl,
3005,liituma kellel/millel,ad,mitte kunagi,vahel,muu,liituma,,1,,obl,
3006,koostama kellel/millel,ad,mitte kunagi,vahel,muu,koostama,,1,,obl,
3007,olema nõus kellel/millel,ad,mitte kunagi,alati,muu,olema,nõus,1,,obl,
3008,kostma kellel/millel,ad,mitte kunagi,alati,mitte kunagi,kostma,,1,,obl,
3009,olema alles kellel/millel,ad,vahel,vahel,muu ja pole kindel,olema,alles,1,,obl,
3010,käima läbi kellel/millel,ad,vahel,vahel,mitte kunagi,käima,läbi,1,,obl,
3011,rõõmustama kellel/millel,ad,mitte kunagi,alati,muu,rõõmustama,,1,,obl,
3012,teostama kellel/millel,ad,mitte kunagi,vahel,muu,teostama,,1,,obl,
3013,tungima kellel/millel,ad,mitte kunagi,vahel,muu,tungima,,1,,obl,
3014,hiilgama kellel/millel,ad,mitte kunagi,vahel,muu,hiilgama,,1,,obl,
3015,jääma pooleli kellel/millel,ad,vahel,alati,mitte kunagi,jääma,pooleli,1,,obl,
3016,juhatama kellel/millel,ad,mitte kunagi,alati,mitte kunagi,juhatama,,1,,obl,
3017,ärkama kellel/millel,ad,mitte kunagi,alati,muu,ärkama,,1,,obl,
3018,ronima kellel/millel,ad,mitte kunagi,vahel,muu,ronima,,1,,obl,
3019,hõivama kellel/millel,ad,mitte kunagi,alati,muu,hõivama,,1,,obl,
3020,jääma kinni kellel/millel,ad,vahel,vahel,muu,jääma,kinni,1,,obl,
3021,algatama kellel/millel,ad,mitte kunagi,vahel,muu,algatama,,1,,obl,
3022,kurtma kellel/millel,ad,vahel,vahel,muu,kurtma,,1,,obl,
3023,kõikuma kellel/millel,ad,mitte kunagi,alati,muu,kõikuma,,1,,obl,
3024,tooma välja kellel/millel,ad,mitte kunagi,alati,muu,tooma,välja,1,,obl,
3025,jääma ilma kellel/millel,ad,vahel,vahel,mitte kunagi,jääma,ilma,1,,obl,
3026,suunduma kellel/millel,ad,mitte kunagi,vahel,muu,suunduma,,1,,obl,
3027,unustama kellel/millel,ad,mitte kunagi,vahel,muu,unustama,,1,,obl,
3028,piirama kellel/millel,ad,mitte kunagi,vahel,muu,piirama,,1,,obl,
3029,treenima kellel/millel,ad,vahel,vahel,muu,treenima,,1,,obl,
3030,valmistuma kellel/millel,ad,mitte kunagi,alati,muu,valmistuma,,1,,obl,
3031,ootama ees kellel/millel,ad,mitte kunagi,alati,muu,ootama,ees,1,,obl,
3032,puutuma kokku kellel/millel,ad,mitte kunagi,vahel,muu,puutuma,kokku,1,,obl,
3033,põhjendama kellel/millel,ad,mitte kunagi,vahel,muu,põhjendama,,1,,obl,
3034,saama läbi kellel/millel,ad,mitte kunagi,vahel,muu,saama,läbi,1,,obl,
3035,äratama kellel/millel,ad,mitte kunagi,alati,muu,äratama,,1,,obl,
3036,täiendama kellel/millel,ad,mitte kunagi,alati,muu,täiendama,,1,,obl,
3037,asetsema kellel/millel,ad,mitte kunagi,alati,muu,asetsema,,1,,obl,
3038,olema kinni kellel/millel,ad,vahel,vahel,muu,olema,kinni,1,,obl,
3039,sisaldama kellel/millel,ad,mitte kunagi,vahel,muu,sisaldama,,1,,obl,
3040,leppima kokku kellel/millel,ad,mitte kunagi,vahel,muu,leppima,kokku,1,,obl,
3041,nähtuma kellel/millel,ad,mitte kunagi,alati,muu,nähtuma,,1,,obl,
3042,kandideerima kellel/millel,ad,mitte kunagi,vahel,muu,kandideerima,,1,,obl,
3043,meenuma kellel/millel,ad,mitte kunagi,vahel,muu,meenuma,,1,,obl,
3044,osalema kokku kellel/millel,ad,mitte kunagi,alati,mitte kunagi,osalema,kokku,1,,obl,
3045,tellima kellel/millel,ad,mitte kunagi,alati,muu,tellima,,1,,obl,
3046,vastutama kellel/millel,ad,mitte kunagi,alati,muu,vastutama,,1,,obl,
3047,eeldama kellel/millel,ad,mitte kunagi,alati,pole kindel,eeldama,,1,,obl,
3048,tulema tagasi kellel/millel,ad,vahel,vahel,muu,tulema,tagasi,1,,obl,
3049,lahendama kellel/millel,ad,mitte kunagi,vahel,muu ja pole kindel,lahendama,,1,,obl,
3050,armastama kellel/millel,ad,mitte kunagi,vahel,muu,armastama,,1,,obl,
3051,esietenduma kellel/millel,ad,mitte kunagi,vahel,muu,esietenduma,,1,,obl,
3052,hävitama kellel/millel,ad,mitte kunagi,vahel,muu ja pole kindel,hävitama,,1,,obl,
3053,naasma kellel/millel,ad,mitte kunagi,alati,muu,naasma,,1,,obl,
3054,registreerima kellel/millel,ad,mitte kunagi,vahel,muu,registreerima,,1,,obl,
3055,kukkuma välja kellel/millel,ad,mitte kunagi,alati,muu,kukkuma,välja,1,,obl,
3056,ujuma kellel/millel,ad,mitte kunagi,alati,muu,ujuma,,1,,obl,
3057,voolama kellel/millel,ad,vahel,alati,mitte kunagi,voolama,,1,,obl,
3058,kalduma kellel/millel,ad,mitte kunagi,alati,muu,kalduma,,1,,obl,
3059,kommenteerima kellel/millel,ad,mitte kunagi,vahel,muu,kommenteerima,,1,,obl,
3060,jagunema kellel/millel,ad,mitte kunagi,alati,mitte kunagi,jagunema,,1,,obl,
3061,konkureerima kellel/millel,ad,mitte kunagi,alati,mitte kunagi,konkureerima,,1,,obl,
3062,lükkama kellel/millel,ad,mitte kunagi,alati,muu,lükkama,,1,,obl,
3063,põgenema kellel/millel,ad,mitte kunagi,vahel,muu,põgenema,,1,,obl,
3064,sõitma otsa kellel/millel,ad,mitte kunagi,vahel,muu,sõitma,otsa,1,,obl,
3065,kajastuma kellel/millel,ad,mitte kunagi,vahel,muu,kajastuma,,1,,obl,
3066,laiutama kellel/millel,ad,vahel,vahel,muu,laiutama,,1,,obl,
3067,sujuma kellel/millel,ad,vahel,vahel,mitte kunagi,sujuma,,1,,obl,
3068,vabastama kellel/millel,ad,mitte kunagi,vahel,muu,vabastama,,1,,obl,
3069,kirjutama alla kellel/millel,ad,mitte kunagi,vahel,muu,kirjutama,alla,1,,obl,
3070,leppima kellel/millel,ad,mitte kunagi,alati,mitte kunagi,leppima,,1,,obl,
3071,sisenema kellel/millel,ad,mitte kunagi,alati,muu,sisenema,,1,,obl,
3072,tunnustama kellel/millel,ad,mitte kunagi,vahel,muu,tunnustama,,1,,obl,
3073,kavandama kellel/millel,ad,mitte kunagi,vahel,muu,kavandama,,1,,obl,
3074,laienema kellel/millel,ad,mitte kunagi,vahel,muu,laienema,,1,,obl,
3075,vestlema kellel/millel,ad,mitte kunagi,alati,mitte kunagi,vestlema,,1,,obl,
3076,huvitama kellel/millel,ad,mitte kunagi,alati,mitte kunagi,huvitama,,1,,obl,
3077,jääma alles kellel/millel,ad,vahel,vahel,muu,jääma,alles,1,,obl,
3078,lööma välja kellel/millel,ad,vahel,vahel,muu,lööma,välja,1,,obl,
3079,väljenduma kellel/millel,ad,vahel,vahel,muu ja pole kindel,väljenduma,,1,,obl,
3080,katsetama kellel/millel,ad,mitte kunagi,vahel,muu,katsetama,,1,,obl,
3081,kolima kellel/millel,ad,mitte kunagi,alati,mitte kunagi,kolima,,1,,obl,
3082,seletama kellel/millel,ad,mitte kunagi,alati,muu,seletama,,1,,obl,
3083,võrdlema kellel/millel,ad,mitte kunagi,alati,mitte kunagi,võrdlema,,1,,obl,
3084,ütlema üles kellel/millel,ad,vahel,vahel,muu,ütlema,üles,1,,obl,
3085,hoidma kinni kellel/millel,ad,vahel,vahel,pole kindel,hoidma,kinni,1,,obl,
3086,lähenema kellel/millel,ad,mitte kunagi,vahel,muu,lähenema,,1,,obl,
3087,taastama kellel/millel,ad,mitte kunagi,vahel,muu,taastama,,1,,obl,
3088,lõhkema kellel/millel,ad,mitte kunagi,vahel,muu,lõhkema,,1,,obl,
3089,vahendama kellel/millel,ad,mitte kunagi,vahel,muu,vahendama,,1,,obl,
3090,eraldama kellel/millel,ad,mitte kunagi,alati,muu,eraldama,,1,,obl,
3091,olema rahul kellel/millel,ad,mitte kunagi,alati,mitte kunagi,olema,rahul,1,,obl,
3092,saama valmis kellel/millel,ad,vahel,vahel,mitte kunagi,saama,valmis,1,,obl,
3093,asetama kellel/millel,ad,mitte kunagi,vahel,muu,asetama,,1,,obl,
3094,iseloomustama kellel/millel,ad,mitte kunagi,alati,muu,iseloomustama,,1,,obl,
3095,jõustuma kellel/millel,ad,mitte kunagi,alati,pole kindel,jõustuma,,1,,obl,
3096,laskma maha kellel/millel,ad,mitte kunagi,alati,muu,laskma,maha,1,,obl,
3097,saama tagasi kellel/millel,ad,mitte kunagi,alati,muu,saama,tagasi,1,,obl,
3098,tootma kellel/millel,ad,mitte kunagi,vahel,muu,tootma,,1,,obl,
3099,viima läbi kellel/millel,ad,mitte kunagi,vahel,muu,viima,läbi,1,,obl,
3100,nähtuma ette kellel/millel,ad,mitte kunagi,vahel,muu,nähtuma,ette,1,,obl,
3101,peksma kellel/millel,ad,mitte kunagi,vahel,muu,peksma,,1,,obl,
3102,hoidma peal kellel/millel,ad,vahel,vahel,muu,hoidma,peal,1,,obl,
3103,vajutama kellel/millel,ad,mitte kunagi,vahel,muu,vajutama,,1,,obl,
3104,järgima kellel/millel,ad,mitte kunagi,alati,muu,järgima,,1,,obl,
3105,kukkuma läbi kellel/millel,ad,mitte kunagi,alati,muu,kukkuma,läbi,1,,obl,
3106,käivitama kellel/millel,ad,mitte kunagi,alati,muu,käivitama,,1,,obl,
3107,koosnema kellel/millel,ad,mitte kunagi,vahel,muu,koosnema,,1,,obl,
3108,suhtlema kellel/millel,ad,mitte kunagi,vahel,muu,suhtlema,,1,,obl,
3109,tulema juurde kellel/millel,ad,mitte kunagi,vahel,muu,tulema,juurde,1,,obl,
3110,hoolitsema kellel/millel,ad,mitte kunagi,vahel,muu,hoolitsema,,1,,obl,
3111,kõlbama kellel/millel,ad,mitte kunagi,vahel,muu,kõlbama,,1,,obl,
3112,langema välja kellel/millel,ad,mitte kunagi,vahel,muu,langema,välja,1,,obl,
3113,loovutama kellel/millel,ad,mitte kunagi,vahel,muu,loovutama,,1,,obl,
3114,kritiseerima kellel/millel,ad,mitte kunagi,alati,muu,kritiseerima,,1,,obl,
3115,nentima kellel/millel,ad,mitte kunagi,alati,muu,nentima,,1,,obl,
3116,põrutama kellel/millel,ad,mitte kunagi,alati,mitte kunagi,põrutama,,1,,obl,
3117,tormama kellel/millel,ad,mitte kunagi,alati,muu,tormama,,1,,obl,
3118,halvenema kellel/millel,ad,mitte kunagi,alati,mitte kunagi,halvenema,,1,,obl,
3119,harjuma kellel/millel,ad,mitte kunagi,alati,muu,harjuma,,1,,obl,
3120,minema ära kellel/millel,ad,vahel,vahel,muu ja vaieldav märgendus,minema,ära,1,,obl,
3121,toetuma kellel/millel,ad,mitte kunagi,vahel,muu,toetuma,,1,,obl,
3122,kiskuma kellel/millel,ad,vahel,vahel,muu ja pole kindel,kiskuma,,1,,obl,
3123,venima kellel/millel,ad,mitte kunagi,vahel,muu,venima,,1,,obl,
3124,võtma sisse kellel/millel,ad,mitte kunagi,alati,muu,võtma,sisse,1,,obl,
3125,pakkuma välja kellel/millel,ad,mitte kunagi,vahel,muu,pakkuma,välja,1,,obl,
3126,vallutama kellel/millel,ad,mitte kunagi,alati,mitte kunagi,vallutama,,1,,obl,
3127,tundma ära kellel/millel,ad,mitte kunagi,alati,muu,tundma,ära,1,,obl,
3128,vahistama kellel/millel,ad,mitte kunagi,alati,muu,vahistama,,1,,obl,
3129,kulmineeruma kellel/millel,ad,mitte kunagi,alati,muu,kulmineeruma,,1,,obl,
3130,valvama kellel/millel,ad,mitte kunagi,vahel,muu ja pole kindel,valvama,,1,,obl,
3131,ühendama kellel/millel,ad,mitte kunagi,alati,muu,ühendama,,1,,obl,
3132,abielluma kellel/millel,ad,mitte kunagi,alati,muu,abielluma,,1,,obl,
3133,kustuma kellel/millel,ad,vahel,vahel,muu,kustuma,,1,,obl,
3134,suhtuma kellel/millel,ad,mitte kunagi,alati,mitte kunagi,suhtuma,,1,,obl,
3135,taastuma kellel/millel,ad,vahel,vahel,muu,taastuma,,1,,obl,
3136,valdama kellel/millel,ad,vahel,vahel,muu ja pole kindel,valdama,,1,,obl,
3137,edenema kellel/millel,ad,vahel,vahel,muu,edenema,,1,,obl,
3138,marssima kellel/millel,ad,mitte kunagi,vahel,muu,marssima,,1,,obl,
3139,asutama kellel/millel,ad,vahel,vahel,muu,asutama,,1,,obl,
3140,hõlmama kellel/millel,ad,mitte kunagi,vahel,muu ja pole kindel,hõlmama,,1,,obl,
3141,sekkuma kellel/millel,ad,mitte kunagi,vahel,muu ja pole kindel,sekkuma,,1,,obl,
3142,tuletama kellel/millel,ad,mitte kunagi,vahel,muu,tuletama,,1,,obl,
3143,varjama kellel/millel,ad,mitte kunagi,alati,muu,varjama,,1,,obl,
3144,kuluma ära kellel/millel,ad,vahel,vahel,muu,kuluma,ära,1,,obl,
3145,kõrguma kellel/millel,ad,mitte kunagi,alati,mitte kunagi,kõrguma,,1,,obl,
3146,vallandama kellel/millel,ad,mitte kunagi,alati,muu,vallandama,,1,,obl,
3147,tappima kellel/millel,ad,mitte kunagi,vahel,muu,tappima,,1,,obl,
3148,tõotama kellel/millel,ad,mitte kunagi,vahel,muu,tõotama,,1,,obl,
3149,väärima kellel/millel,ad,vahel,vahel,muu,väärima,,1,,obl,
3150,minema välja kellel/millel,ad,vahel,alati,mitte kunagi,minema,välja,1,,obl,
3151,poseerima kellel/millel,ad,mitte kunagi,alati,mitte kunagi,poseerima,,1,,obl,
3152,rebima kellel/millel,ad,vahel,vahel,muu,rebima,,1,,obl,
3153,jääma välja kellel/millel,ad,mitte kunagi,vahel,muu,jääma,välja,1,,obl,
3154,panema kinni kellel/millel,ad,vahel,vahel,muu,panema,kinni,1,,obl,
3155,vallanduma kellel/millel,ad,mitte kunagi,vahel,muu,vallanduma,,1,,obl,
3156,ihkama kellel/millel,ad,mitte kunagi,alati,muu,ihkama,,1,,obl,
3157,mainima kellel/millel,ad,mitte kunagi,alati,muu,mainima,,1,,obl,
3158,noppima kellel/millel,ad,mitte kunagi,alati,muu,noppima,,1,,obl,
3159,varastama kellel/millel,ad,mitte kunagi,alati,muu,varastama,,1,,obl,
3160,arendama kellel/millel,ad,mitte kunagi,vahel,muu,arendama,,1,,obl,
3161,jääma ette kellel/millel,ad,mitte kunagi,vahel,muu,jääma,ette,1,,obl,
3162,kallinema kellel/millel,ad,vahel,vahel,muu,kallinema,,1,,obl,
3163,siduma kellel/millel,ad,mitte kunagi,vahel,muu,siduma,,1,,obl,
3164,vahetama välja kellel/millel,ad,mitte kunagi,alati,mitte kunagi,vahetama,välja,1,,obl,
3165,õitsema kellel/millel,ad,mitte kunagi,alati,muu,õitsema,,1,,obl,
3166,tõrjuma kellel/millel,ad,mitte kunagi,alati,muu,tõrjuma,,1,,obl,
3167,korjama kellel/millel,ad,mitte kunagi,alati,mitte kunagi,korjama,,1,,obl,
3168,pesitsema kellel/millel,ad,mitte kunagi,alati,muu,pesitsema,,1,,obl,
3169,karjuma kellel/millel,ad,mitte kunagi,vahel,muu,karjuma,,1,,obl,
3170,olema ära kellel/millel,ad,vahel,vahel,muu,olema,ära,1,,obl,
3171,kasutama ära kellel/millel,ad,mitte kunagi,alati,muu,kasutama,ära,1,,obl,
3172,lahvatama kellel/millel,ad,mitte kunagi,vahel,muu,lahvatama,,1,,obl,
3173,minema tarvis kellel/millel,ad,vahel,vahel,pole kindel,minema,tarvis,1,,obl,
3174,reageerima kellel/millel,ad,mitte kunagi,vahel,muu,reageerima,,1,,obl,
3175,reisima kellel/millel,ad,mitte kunagi,vahel,muu,reisima,,1,,obl,
3176,kiitma heaks kellel/millel,ad,mitte kunagi,vahel,muu,kiitma,heaks,1,,obl,
3177,pistma kellel/millel,ad,mitte kunagi,vahel,muu,pistma,,1,,obl,
3178,siirduma kellel/millel,ad,mitte kunagi,vahel,muu,siirduma,,1,,obl,
3179,eralduma kellel/millel,ad,mitte kunagi,alati,mitte kunagi,eralduma,,1,,obl,
3180,katsuma kellel/millel,ad,mitte kunagi,alati,muu,katsuma,,1,,obl,
3181,käima ringi kellel/millel,ad,mitte kunagi,vahel,muu,käima,ringi,1,,obl,
3182,sõitma ringi kellel/millel,ad,mitte kunagi,alati,muu,sõitma,ringi,1,,obl,
3183,tegema ilma kellel/millel,ad,mitte kunagi,alati,muu,tegema,ilma,1,,obl,
3184,tulenema kellel/millel,ad,mitte kunagi,vahel,muu ja pole kindel,tulenema,,1,,obl,
3185,kahtlustama kellel/millel,ad,vahel,vahel,muu,kahtlustama,,1,,obl,
3186,kerkima esile kellel/millel,ad,mitte kunagi,alati,mitte kunagi,kerkima,esile,1,,obl,
3187,rändama kellel/millel,ad,mitte kunagi,vahel,muu,rändama,,1,,obl,
3188,saama sisse kellel/millel,ad,mitte kunagi,alati,muu,saama,sisse,1,,obl,
3189,taanduma kellel/millel,ad,vahel,vahel,muu,taanduma,,1,,obl,
3190,takerduma kellel/millel,ad,mitte kunagi,alati,mitte kunagi,takerduma,,1,,obl,
3191,teavitama kellel/millel,ad,mitte kunagi,alati,mitte kunagi,teavitama,,1,,obl,
3192,veenduma kellel/millel,ad,mitte kunagi,vahel,muu,veenduma,,1,,obl,
3193,haigestuma kellel/millel,ad,mitte kunagi,alati,mitte kunagi,haigestuma,,1,,obl,
3194,pooldama kellel/millel,ad,mitte kunagi,alati,muu,pooldama,,1,,obl,
3195,sätestama kellel/millel,ad,mitte kunagi,vahel,muu,sätestama,,1,,obl,
3196,diagnoosima kellel/millel,ad,vahel,vahel,muu,diagnoosima,,1,,obl,
3197,juhendama kellel/millel,ad,mitte kunagi,alati,muu,juhendama,,1,,obl,
3198,vahetuma kellel/millel,ad,mitte kunagi,vahel,muu ja vaieldav märgendus,,vahetuma,1,,obl,
3199,eitama kellel/millel,ad,mitte kunagi,alati,muu,eitama,,1,,obl,
3200,jaksama kellel/millel,ad,mitte kunagi,alati,muu,jaksama,,1,,obl,
3201,lakkama kellel/millel,ad,mitte kunagi,vahel,muu ja pole kindel,lakkama,,1,,obl,
3202,võõrustama kellel/millel,ad,mitte kunagi,alati,muu,võõrustama,,1,,obl,
3203,arutlema kellel/millel,ad,vahel,vahel,muu,arutlema,,1,,obl,
3204,askeldama kellel/millel,ad,mitte kunagi,alati,muu,askeldama,,1,,obl,
3205,kustutama kellel/millel,ad,mitte kunagi,alati,muu ja pole kindel,kustutama,,1,,obl,
3206,rajama kellel/millel,ad,mitte kunagi,vahel,muu,rajama,,1,,obl,
3207,veerema kellel/millel,ad,mitte kunagi,alati,mitte kunagi,veerema,,1,,obl,
3208,võtma kokku kellel/millel,ad,vahel,alati,mitte kunagi,võtma,kokku,1,,obl,
3209,võtma välja kellel/millel,ad,mitte kunagi,alati,mitte kunagi,võtma,välja,1,,obl,
3210,rahuldama kellel/millel,ad,mitte kunagi,alati,muu,rahuldama,,1,,obl,
3211,teenindama kellel/millel,ad,mitte kunagi,alati,mitte kunagi,teenindama,,1,,obl,
3212,täheldama kellel/millel,ad,mitte kunagi,alati,muu,täheldama,,1,,obl,
3213,avalikustama kellel/millel,ad,mitte kunagi,alati,mitte kunagi,avalikustama,,1,,obl,
3214,rabama kellel/millel,ad,mitte kunagi,alati,muu,rabama,,1,,obl,
3215,süvenema kellel/millel,ad,vahel,vahel,muu,süvenema,,1,,obl,
3216,tulema vastu kellel/millel,ad,mitte kunagi,alati,muu,tulema,vastu,1,,obl,
3217,varisema kokku kellel/millel,ad,mitte kunagi,alati,muu,varisema,kokku,1,,obl,
3218,vältima kellel/millel,ad,mitte kunagi,alati,muu,vältima,,1,,obl,
3219,koonduma kellel/millel,ad,mitte kunagi,alati,mitte kunagi,koonduma,,1,,obl,
3220,testima kellel/millel,ad,mitte kunagi,alati,mitte kunagi,testima,,1,,obl,
3221,hüüdma kellel/millel,ad,mitte kunagi,vahel,muu,hüüdma,,1,,obl,
3222,keerlema kellel/millel,ad,mitte kunagi,vahel,muu,keerlema,,1,,obl,
3223,tingima kellel/millel,ad,mitte kunagi,vahel,muu,tingima,,1,,obl,
3224,väljastama kellel/millel,ad,mitte kunagi,vahel,muu,väljastama,,1,,obl,
3225,jutustama kellel/millel,ad,mitte kunagi,vahel,muu,jutustama,,1,,obl,
3226,linastuma kellel/millel,ad,mitte kunagi,alati,mitte kunagi,linastuma,,1,,obl,
3227,seostuma kellel/millel,ad,vahel,vahel,muu,seostuma,,1,,obl,
3228,vormistama kellel/millel,ad,mitte kunagi,alati,muu,vormistama,,1,,obl,
3229,kujundama kellel/millel,ad,mitte kunagi,vahel,muu,kujundama,,1,,obl,
3230,minema üle kellel/millel,ad,vahel,vahel,muu,minema,üle,1,,obl,
3231,valima välja kellel/millel,ad,mitte kunagi,alati,mitte kunagi,valima,välja,1,,obl,
3232,kukkuma kokku kellel/millel,ad,mitte kunagi,alati,muu,kukkuma,kokku,1,,obl,
3233,näitama üles kellel/millel,ad,mitte kunagi,alati,muu,näitama,üles,1,,obl,
3234,panema välja kellel/millel,ad,mitte kunagi,alati,muu,panema,välja,1,,obl,
3235,olema koha kellel/millel,ad,mitte kunagi,alati,muu,olema,koha,1,,obl,
3236,organiseerima kellel/millel,ad,mitte kunagi,vahel,muu,organiseerima,,1,,obl,
3237,põlema maha kellel/millel,ad,mitte kunagi,alati,mitte kunagi,põlema,maha,1,,obl,
3238,seadma sisse kellel/millel,ad,mitte kunagi,vahel,muu,seadma,sisse,1,,obl,
3239,fikseerima kellel/millel,ad,mitte kunagi,alati,muu,fikseerima,,1,,obl,
3240,karistama kellel/millel,ad,mitte kunagi,alati,muu,karistama,,1,,obl,
3241,minema läbi kellel/millel,ad,mitte kunagi,vahel,muu,minema,läbi,1,,obl,
3242,tulema sisse kellel/millel,ad,vahel,vahel,muu,tulema,sisse,1,,obl,
3243,kutsuma üles kellel/millel,ad,mitte kunagi,vahel,muu,kutsuma,üles,1,,obl,
3244,meelitama kellel/millel,ad,mitte kunagi,alati,muu,meelitama,,1,,obl,
3245,debüteerima kellel/millel,ad,mitte kunagi,alati,muu,debüteerima,,1,,obl,
3246,lükkama tagasi kellel/millel,ad,mitte kunagi,vahel,muu,lükkama,tagasi,1,,obl,
3247,olenema kellel/millel,ad,mitte kunagi,vahel,muu,olenema,,1,,obl,
3248,puutuma kellel/millel,ad,mitte kunagi,vahel,muu,puutuma,,1,,obl,
3249,seiskuma kellel/millel,ad,mitte kunagi,alati,mitte kunagi,seiskuma,,1,,obl,
3250,tugevnema kellel/millel,ad,mitte kunagi,alati,muu,tugevnema,,1,,obl,
3251,tühistama kellel/millel,ad,mitte kunagi,alati,muu,tühistama,,1,,obl,
3252,mõlkuma kellel/millel,ad,alati,mitte kunagi,muu,mõlkuma,,1,,obl,
3253,naerma kellel/millel,ad,mitte kunagi,vahel,muu,naerma,,1,,obl,
3254,peegelduma kellel/millel,ad,mitte kunagi,vahel,muu,peegelduma,,1,,obl,
3255,peituma kellel/millel,ad,mitte kunagi,vahel,muu,peituma,,1,,obl,
3256,pikendama kellel/millel,ad,mitte kunagi,alati,muu,pikendama,,1,,obl,
3257,sarnanema kellel/millel,ad,vahel,vahel,muu,sarnanema,,1,,obl,
3258,suusatama kellel/millel,ad,mitte kunagi,alati,muu,suusatama,,1,,obl,
3259,tegema läbi kellel/millel,ad,mitte kunagi,vahel,muu,tegema,läbi,1,,obl,
3260,võimutsema kellel/millel,ad,mitte kunagi,alati,muu,võimutsema,,1,,obl,
3261,õigustama kellel/millel,ad,mitte kunagi,vahel,muu,õigustama,,1,,obl,
3262,kaebama kellel/millel,ad,mitte kunagi,alati,muu,kaebama,,1,,obl,
3263,tulema puudu kellel/millel,ad,alati,mitte kunagi,mitte kunagi,tulema,puudu,1,,obl,
3264,tärkama kellel/millel,ad,mitte kunagi,alati,muu,tärkama,,1,,obl,
3265,valmistama ette kellel/millel,ad,mitte kunagi,vahel,muu,valmistama,ette,1,,obl,
3266,helisema kellel/millel,ad,mitte kunagi,alati,muu,helisema,,1,,obl,
3267,käima kaasas kellel/millel,ad,mitte kunagi,alati,muu,käima,kaasas,1,,obl,
3268,paigutama kellel/millel,ad,mitte kunagi,vahel,muu,paigutama,,1,,obl,
3269,passima kellel/millel,ad,mitte kunagi,vahel,muu,passima,,1,,obl,
3270,pudenema kellel/millel,ad,vahel,vahel,muu ja pole kindel,pudenema,,1,,obl,
3271,reguleerima kellel/millel,ad,vahel,alati,mitte kunagi,reguleerima,,1,,obl,
3272,tarvitama kellel/millel,ad,mitte kunagi,alati,muu,tarvitama,,1,,obl,
3273,alandama kellel/millel,ad,mitte kunagi,vahel,muu,alandama,,1,,obl,
3274,astuma välja kellel/millel,ad,mitte kunagi,vahel,muu,astuma,välja,1,,obl,
3275,olema võlgu kellel/millel,ad,vahel,vahel,muu,olema,võlgu,1,,obl,
3276,seisnema kellel/millel,ad,mitte kunagi,vahel,muu,seisnema,,1,,obl,
3277,sulama kellel/millel,ad,mitte kunagi,alati,muu,sulama,,1,,obl,
3278,troonima kellel/millel,ad,mitte kunagi,alati,muu,troonima,,1,,obl,
3279,usaldama kellel/millel,ad,mitte kunagi,vahel,muu ja pole kindel,usaldama,,1,,obl,
3280,uuendama kellel/millel,ad,mitte kunagi,alati,muu,uuendama,,1,,obl,
3281,kohustama kellel/millel,ad,vahel,vahel,muu,kohustama,,1,,obl,
3282,pärima kellel/millel,ad,mitte kunagi,alati,muu,pärima,,1,,obl,
3283,pärinema kellel/millel,ad,mitte kunagi,vahel,muu ja pole kindel,pärinema,,1,,obl,
3284,ununema kellel/millel,ad,vahel,vahel,muu,ununema,,1,,obl,
3285,hankima kellel/millel,ad,mitte kunagi,vahel,muu,hankima,,1,,obl,
3286,keerutama kellel/millel,ad,mitte kunagi,alati,muu,keerutama,,1,,obl,
3287,levitama kellel/millel,ad,mitte kunagi,alati,muu,levitama,,1,,obl,
3288,valama kellel/millel,ad,mitte kunagi,alati,muu,valama,,1,,obl,
3289,ööbima kellel/millel,ad,mitte kunagi,vahel,muu,ööbima,,1,,obl,
3290,asenduma kellel/millel,ad,mitte kunagi,alati,muu,asenduma,,1,,obl,
3291,kükitama kellel/millel,ad,mitte kunagi,alati,muu,kükitama,,1,,obl,
3292,kimbutama kellel/millel,ad,mitte kunagi,alati,muu,kimbutama,,1,,obl,
3293,lugema ette kellel/millel,ad,mitte kunagi,alati,muu,lugema,ette,1,,obl,
3294,ohustama kellel/millel,ad,vahel,vahel,muu,ohustama,,1,,obl,
3295,rakenduma kellel/millel,ad,mitte kunagi,alati,muu,rakenduma,,1,,obl,
3296,suunama kellel/millel,ad,mitte kunagi,vahel,muu,suunama,,1,,obl,
3297,tungima kallale kellel/millel,ad,mitte kunagi,alati,muu,tungima,kallale,1,,obl,
3298,valutama kellel/millel,ad,vahel,vahel,mitte kunagi,valutama,,1,,obl,
3299,väsima kellel/millel,ad,mitte kunagi,vahel,muu,väsima,,1,,obl,
3300,alanema kellel/millel,ad,vahel,vahel,muu,alanema,,1,,obl,
3301,käima välja kellel/millel,ad,mitte kunagi,alati,muu,käima,välja,1,,obl,
3302,laiuma kellel/millel,ad,mitte kunagi,alati,muu,laiuma,,1,,obl,
3303,muretsema kellel/millel,ad,mitte kunagi,vahel,muu,muretsema,,1,,obl,
3304,pingutama kellel/millel,ad,mitte kunagi,alati,muu,pingutama,,1,,obl,
3305,sammuma kellel/millel,ad,mitte kunagi,alati,mitte kunagi,sammuma,,1,,obl,
3306,sünnitama kellel/millel,ad,mitte kunagi,vahel,muu,sünnitama,,1,,obl,
3307,triumfeerima kellel/millel,ad,mitte kunagi,alati,muu ja pole kindel,triumfeerima,,1,,obl,
3308,eemaldama kellel/millel,ad,vahel,vahel,muu,eemaldama,,1,,obl,
3309,heitlema kellel/millel,ad,mitte kunagi,alati,muu,heitlema,,1,,obl,
3310,ilmuma välja kellel/millel,ad,mitte kunagi,alati,muu,ilmuma,välja,1,,obl,
3311,paiskama kellel/millel,ad,mitte kunagi,alati,muu,paiskama,,1,,obl,
3312,paiskuma kellel/millel,ad,mitte kunagi,alati,muu,paiskuma,,1,,obl,
3313,paljastama kellel/millel,ad,mitte kunagi,alati,muu,paljastama,,1,,obl,
3314,patrullima kellel/millel,ad,mitte kunagi,alati,mitte kunagi,patrullima,,1,,obl,
3315,eelnema kellel/millel,ad,vahel,vahel,muu,eelnema,,1,,obl,
3316,maadlema kellel/millel,ad,mitte kunagi,vahel,muu,maadlema,,1,,obl,
3317,minema edasi kellel/millel,ad,mitte kunagi,vahel,muu,minema,edasi,1,,obl,
3318,põletama kellel/millel,ad,mitte kunagi,alati,muu,põletama,,1,,obl,
3319,pöörduma tagasi kellel/millel,ad,mitte kunagi,vahel,muu,pöörduma,tagasi,1,,obl,
3320,raputama kellel/millel,ad,mitte kunagi,alati,muu,raputama,,1,,obl,
3321,reklaamima kellel/millel,ad,mitte kunagi,alati,muu,reklaamima,,1,,obl,
3322,unistama kellel/millel,ad,mitte kunagi,alati,muu,unistama,,1,,obl,
3323,harrastama kellel/millel,ad,mitte kunagi,alati,muu,harrastama,,1,,obl,
3324,kerkima üles kellel/millel,ad,mitte kunagi,alati,muu,kerkima,üles,1,,obl,
3325,lahutama kellel/millel,ad,mitte kunagi,vahel,muu,lahutama,,1,,obl,
3326,liikuma ringi kellel/millel,ad,mitte kunagi,alati,muu,liikuma,ringi,1,,obl,
3327,panema maha kellel/millel,ad,mitte kunagi,alati,muu,panema,maha,1,,obl,
3328,rammima kellel/millel,ad,mitte kunagi,vahel,muu,rammima,,1,,obl,
3329,tajuma kellel/millel,ad,mitte kunagi,alati,muu,tajuma,,1,,obl,
3330,tõstatama kellel/millel,ad,vahel,vahel,muu,tõstatama,,1,,obl,
3331,viitsima kellel/millel,ad,mitte kunagi,alati,muu,viitsima,,1,,obl,
3332,jääma peale kellel/millel,ad,mitte kunagi,vahel,muu,jääma,peale,1,,obl,
3333,opereerima kellel/millel,ad,vahel,alati,mitte kunagi,opereerima,,1,,obl,
3334,paistma välja kellel/millel,ad,mitte kunagi,alati,muu,paistma,välja,1,,obl,
3335,seilama kellel/millel,ad,mitte kunagi,alati,mitte kunagi,seilama,,1,,obl,
3336,müüma maha kellel/millel,ad,mitte kunagi,alati,mitte kunagi,müüma,maha,1,,obl,
3337,võtma üles kellel/millel,ad,mitte kunagi,vahel,muu,võtma,üles,1,,obl,
3338,kattuma kellel/millel,ad,mitte kunagi,vahel,muu,kattuma,,1,,obl,
3339,kutsuma esile kellel/millel,ad,vahel,vahel,mitte kunagi,kutsuma,esile,1,,obl,
3340,soodustama kellel/millel,ad,vahel,vahel,mitte kunagi,soodustama,,1,,obl,
3341,astuma tagasi kellel/millel,ad,mitte kunagi,alati,muu,astuma,tagasi,1,,obl,
3342,blokeerima kellel/millel,ad,mitte kunagi,alati,mitte kunagi,blokeerima,,1,,obl,
3343,kandma ette kellel/millel,ad,mitte kunagi,alati,muu,kandma,ette,1,,obl,
3344,olema koht kellel/millel,ad,mitte kunagi,alati,mitte kunagi,olema,koht,1,,obl,
3345,puhastama kellel/millel,ad,vahel,vahel,muu,puhastama,,1,,obl,
3346,põrkama kellel/millel,ad,mitte kunagi,vahel,muu,põrkama,,1,,obl,
3347,tulema esile kellel/millel,ad,mitte kunagi,alati,mitte kunagi,tulema,esile,1,,obl,
3348,tõukama kellel/millel,ad,mitte kunagi,alati,muu,tõukama,,1,,obl,
3349,ütlema välja kellel/millel,ad,vahel,alati,mitte kunagi,ütlema,välja,1,,obl,
3350,alistuma kellel/millel,ad,mitte kunagi,alati,mitte kunagi,alistuma,,1,,obl,
3351,allkirjastama kellel/millel,ad,vahel,vahel,muu,allkirjastama,,1,,obl,
3352,kergitama kellel/millel,ad,mitte kunagi,alati,muu,kergitama,,1,,obl,
3353,looma kaasa kellel/millel,ad,mitte kunagi,alati,muu,,looma,1,,obl,
3354,tunnetama kellel/millel,ad,vahel,vahel,muu ja pole kindel,tunnetama,,1,,obl,
3355,vaidlema kellel/millel,ad,mitte kunagi,vahel,muu,vaidlema,,1,,obl,
3356,värisema kellel/millel,ad,vahel,vahel,muu,värisema,,1,,obl,
3357,võtma üle kellel/millel,ad,mitte kunagi,alati,mitte kunagi,võtma,üle,1,,obl,
3358,jõudma kohale kellel/millel,ad,vahel,vahel,muu,jõudma,kohale,1,,obl,
3359,keelustama kellel/millel,ad,mitte kunagi,alati,muu,keelustama,,1,,obl,
3360,komistama kellel/millel,ad,mitte kunagi,alati,muu,komistama,,1,,obl,
3361,küpsema kellel/millel,ad,vahel,vahel,muu,,küpsema,1,,obl,
3362,loopima kellel/millel,ad,mitte kunagi,vahel,muu,loopima,,1,,obl,
3363,lülitama välja kellel/millel,ad,vahel,vahel,muu,lülitama,välja,1,,obl,
3364,nihkuma kellel/millel,ad,vahel,vahel,muu,nihkuma,,1,,obl,
3365,nutma kellel/millel,ad,mitte kunagi,alati,muu,nutma,,1,,obl,
3366,deklareerima kellel/millel,ad,mitte kunagi,alati,muu,deklareerima,,1,,obl,
3367,jääma järele kellel/millel,ad,mitte kunagi,vahel,muu,jääma,järele,1,,obl,
3368,kohama kellel/millel,ad,mitte kunagi,vahel,muu ja vaieldav märgendus,kohama,,1,,obl,
3369,köitma kellel/millel,ad,mitte kunagi,alati,muu,köitma,,1,,obl,
3370,toonitama kellel/millel,ad,mitte kunagi,alati,muu,toonitama,,1,,obl,
3371,kujutama ette kellel/millel,ad,mitte kunagi,vahel,muu,kujutama,ette,1,,obl,
3372,luhtuma kellel/millel,ad,mitte kunagi,vahel,muu,luhtuma,,1,,obl,
3373,naeratama kellel/millel,ad,mitte kunagi,alati,muu,naeratama,,1,,obl,
3374,paisuma kellel/millel,ad,mitte kunagi,alati,muu,paisuma,,1,,obl,
3375,panema kokku kellel/millel,ad,mitte kunagi,alati,muu,panema,kokku,1,,obl,
3376,sööstma kellel/millel,ad,mitte kunagi,vahel,muu,sööstma,,1,,obl,
3377,tegema lahti kellel/millel,ad,mitte kunagi,alati,muu,tegema,lahti,1,,obl,
3378,tiirlema kellel/millel,ad,mitte kunagi,alati,muu,tiirlema,,1,,obl,
3379,varitsema kellel/millel,ad,mitte kunagi,vahel,muu,varitsema,,1,,obl,
3380,võrduma kellel/millel,ad,mitte kunagi,vahel,muu,võrduma,,1,,obl,
3381,kanduma kellel/millel,ad,mitte kunagi,vahel,muu,kanduma,,1,,obl,
3382,liigutama kellel/millel,ad,mitte kunagi,alati,mitte kunagi,liigutama,,1,,obl,
3383,minema kokku kellel/millel,ad,mitte kunagi,alati,muu,minema,kokku,1,,obl,
3384,musitseerima kellel/millel,ad,mitte kunagi,vahel,muu,musitseerima,,1,,obl,
3385,saama lahti kellel/millel,ad,mitte kunagi,alati,muu ja pole kindel,saama,lahti,1,,obl,
3386,sagenema kellel/millel,ad,mitte kunagi,alati,mitte kunagi,sagenema,,1,,obl,
3387,tasuma ära kellel/millel,ad,vahel,vahel,muu,tasuma,ära,1,,obl,
3388,tugevdama kellel/millel,ad,mitte kunagi,vahel,muu,tugevdama,,1,,obl,
3389,haarama kinni kellel/millel,ad,vahel,vahel,muu,haarama,kinni,1,,obl,
3390,jahtima kellel/millel,ad,mitte kunagi,vahel,muu,jahtima,,1,,obl,
3391,jätma maha kellel/millel,ad,mitte kunagi,alati,mitte kunagi,jätma,maha,1,,obl,
3392,kiirustama kellel/millel,ad,mitte kunagi,alati,mitte kunagi,kiirustama,,1,,obl,
3393,pikenema kellel/millel,ad,vahel,vahel,muu,pikenema,,1,,obl,
3394,salvestama kellel/millel,ad,mitte kunagi,alati,muu,salvestama,,1,,obl,
3395,taluma kellel/millel,ad,vahel,vahel,muu,taluma,,1,,obl,
3396,analüüsima kellel/millel,ad,mitte kunagi,alati,muu,analüüsima,,1,,obl,
3397,esilinastuma kellel/millel,ad,mitte kunagi,alati,muu,esilinastuma,,1,,obl,
3398,etenduma kellel/millel,ad,mitte kunagi,alati,muu,etenduma,,1,,obl,
3399,leidma üles kellel/millel,ad,mitte kunagi,vahel,muu,leidma,üles,1,,obl,
3400,lõikama läbi kellel/millel,ad,vahel,vahel,mitte kunagi,lõikama,läbi,1,,obl,
3401,riivama kellel/millel,ad,mitte kunagi,alati,muu,riivama,,1,,obl,
3402,surema välja kellel/millel,ad,vahel,vahel,mitte kunagi,surema,välja,1,,obl,
3403,vaatama üle kellel/millel,ad,mitte kunagi,vahel,muu,vaatama,üle,1,,obl,
3404,jääma kõrvale kellel/millel,ad,mitte kunagi,alati,mitte kunagi,jääma,kõrvale,1,,obl,
3405,kajastama kellel/millel,ad,mitte kunagi,alati,muu,kajastama,,1,,obl,
3406,kauplema kellel/millel,ad,mitte kunagi,alati,muu,kauplema,,1,,obl,
3407,lennutama kellel/millel,ad,mitte kunagi,alati,muu,lennutama,,1,,obl,
3408,soostuma kellel/millel,ad,mitte kunagi,alati,muu,soostuma,,1,,obl,
3409,tarbima kellel/millel,ad,mitte kunagi,vahel,muu,tarbima,,1,,obl,
3410,täpsustama kellel/millel,ad,mitte kunagi,vahel,muu,täpsustama,,1,,obl,
3411,võtma kaasa kellel/millel,ad,mitte kunagi,vahel,muu,võtma,kaasa,1,,obl,
3412,nihestama kellel/millel,ad,mitte kunagi,alati,muu,nihestama,,1,,obl,
3413,tarima kellel/millel,ad,mitte kunagi,alati,muu,tarima,,1,,obl,
3414,tulema otsa kellel/millel,ad,mitte kunagi,vahel,muu,tulema,otsa,1,,obl,
3415,kündma kellel/millel,ad,vahel,vahel,muu,kündma,,1,,obl,
3416,pimestama kellel/millel,ad,vahel,vahel,muu,pimestama,,1,,obl,
3417,tarnima kellel/millel,ad,mitte kunagi,vahel,muu,tarnima,,1,,obl,
3418,muigama kellel/millel,ad,mitte kunagi,alati,muu,muigama,,1,,obl,
3419,küpsetama kellel/millel,ad,mitte kunagi,alati,pole kindel,küpsetama,,1,,obl,
3420,tulema maha kellel/millel,ad,vahel,vahel,muu,tulema,maha,1,,obl,
3421,purskama kellel/millel,ad,mitte kunagi,alati,mitte kunagi,purskama,,1,,obl,
3422,külmuma kinni kellel/millel,ad,vahel,vahel,muu,külmuma,kinni,1,,obl,
3423,purjutama kellel/millel,ad,mitte kunagi,alati,muu,purjutama,,1,,obl,
3424,külmuma kellel/millel,ad,mitte kunagi,vahel,muu,külmuma,,1,,obl,
3425,soovitama valmis kellel/millel,ad,alati,mitte kunagi,mitte kunagi,soovitama,valmis,1,,obl,
3426,külmenema kellel/millel,ad,mitte kunagi,alati,muu,külmenema,,1,,obl,
3427,silitama kellel/millel,ad,vahel,vahel,muu,silitama,,1,,obl,
3428,külmetama kellel/millel,ad,vahel,alati,mitte kunagi,külmetama,,1,,obl,
3429,tulema peale kellel/millel,ad,vahel,vahel,mitte kunagi,tulema,peale,1,,obl,
3430,külvama kellel/millel,ad,mitte kunagi,vahel,muu,külvama,,1,,obl,
3431,külmuma ära kellel/millel,ad,vahel,vahel,mitte kunagi,külmuma,ära,1,,obl,
3432,külmutama kellel/millel,ad,mitte kunagi,vahel,muu,külmutama,,1,,obl,
3433,silkama kellel/millel,ad,mitte kunagi,alati,mitte kunagi,silkama,,1,,obl,
3434,kümblema kellel/millel,ad,mitte kunagi,alati,muu,kümblema,,1,,obl,
3435,kõndima välja kellel/millel,ad,mitte kunagi,vahel,muu ja pole kindel,kõndima,välja,1,,obl,
3436,külitama kellel/millel,ad,mitte kunagi,alati,mitte kunagi,külitama,,1,,obl,
3437,käsitama kellel/millel,ad,mitte kunagi,vahel,muu,käsitama,,1,,obl,
3438,munema kellel/millel,ad,mitte kunagi,alati,muu,munema,,1,,obl,
3439,tulema taga kellel/millel,ad,mitte kunagi,vahel,vaieldav märgendus,tulema,taga,1,,obl,
3440,tarduma kellel/millel,ad,mitte kunagi,alati,mitte kunagi,tarduma,,1,,obl,
3441,külastama kokku kellel/millel,ad,mitte kunagi,alati,muu,külastama,kokku,1,,obl,
3442,mulksuma kellel/millel,ad,vahel,vahel,muu,mulksuma,,1,,obl,
3443,targutama kellel/millel,ad,vahel,vahel,muu,targutama,,1,,obl,
3444,kössitama kellel/millel,ad,mitte kunagi,alati,muu,kössitama,,1,,obl,
3445,küllastuma kellel/millel,ad,mitte kunagi,vahel,muu,küllastuma,,1,,obl,
3446,tulema tarvis kellel/millel,ad,vahel,vahel,muu,tulema,tarvis,1,,obl,
3447,tulema täis kellel/millel,ad,mitte kunagi,alati,vaieldav märgendus,tulema,täis,1,,obl,
3448,köhima kellel/millel,ad,mitte kunagi,alati,muu,köhima,,1,,obl,
3449,kügelema kellel/millel,ad,mitte kunagi,alati,muu,kügelema,,1,,obl,
3450,purskuma kellel/millel,ad,vahel,vahel,muu,purskuma,,1,,obl,
3451,küdema kellel/millel,ad,vahel,vahel,muu,küdema,,1,,obl,
3452,murdma välja kellel/millel,ad,mitte kunagi,vahel,muu,murdma,välja,1,,obl,
3453,tulema üles kellel/millel,ad,mitte kunagi,vahel,muu,tulema,üles,1,,obl,
3454,kärssama kellel/millel,ad,vahel,vahel,muu,kärssama,,1,,obl,
3455,õppima kokku kellel/millel,ad,mitte kunagi,alati,muu,õppima,kokku,1,,obl,
3456,kõrgenema kellel/millel,ad,vahel,vahel,muu,kõrgenema,,1,,obl,
3457,andma kokku kellel/millel,ad,mitte kunagi,alati,mitte kunagi,andma,kokku,1,,obl,
3458,blokeeruma kellel/millel,ad,mitte kunagi,alati,muu,blokeeruma,,1,,obl,
3459,osatama kellel/millel,ad,mitte kunagi,vahel,muu,osatama,,1,,obl,
3460,viskama alla kellel/millel,ad,mitte kunagi,alati,muu,viskama,alla,1,,obl,
3461,olema üleval kellel/millel,ad,vahel,vahel,mitte kunagi,olema,üleval,1,,obl,
3462,viskama ette kellel/millel,ad,vahel,vahel,mitte kunagi,viskama,ette,1,,obl,
3463,pusima kellel/millel,ad,mitte kunagi,vahel,muu ja pole kindel,pusima,,1,,obl,
3464,hõikama kellel/millel,ad,mitte kunagi,alati,mitte kunagi,hõikama,,1,,obl,
3465,harima kellel/millel,ad,vahel,vahel,muu,harima,,1,,obl,
3466,sakkima kellel/millel,ad,vahel,vahel,mitte kunagi,sakkima,,1,,obl,
3467,vägivallatsema kellel/millel,ad,mitte kunagi,alati,muu,vägivallatsema,,1,,obl,
3468,rüüpama kellel/millel,ad,mitte kunagi,vahel,muu,rüüpama,,1,,obl,
3469,boikoteerima kellel/millel,ad,mitte kunagi,vahel,muu,boikoteerima,,1,,obl,
3470,andma järele kellel/millel,ad,mitte kunagi,vahel,muu,andma,järele,1,,obl,
3471,vöimaldama kellel/millel,ad,vahel,vahel,muu,vöimaldama,,1,,obl,
3472,vöitima kellel/millel,ad,mitte kunagi,alati,mitte kunagi,,vöitima,1,,obl,
3473,pillutama kellel/millel,ad,mitte kunagi,vahel,muu,pillutama,,1,,obl,
3474,tulema ära kellel/millel,ad,vahel,vahel,muu ja pole kindel,tulema,ära,1,,obl,
3475,kõnetama kellel/millel,ad,mitte kunagi,vahel,muu,kõnetama,,1,,obl,
3476,murdma sisse kellel/millel,ad,mitte kunagi,vahel,muu,murdma,sisse,1,,obl,
3477,tulema üle kellel/millel,ad,mitte kunagi,vahel,muu ja pole kindel,tulema,üle,1,,obl,
3478,kõngema kellel/millel,ad,mitte kunagi,alati,muu,kõngema,,1,,obl,
3479,pussitama kellel/millel,ad,mitte kunagi,alati,mitte kunagi,pussitama,,1,,obl,
3480,kõndima ringi kellel/millel,ad,mitte kunagi,alati,muu,kõndima,ringi,1,,obl,
3481,kõndima mööda kellel/millel,ad,mitte kunagi,alati,muu,kõndima,mööda,1,,obl,
3482,tapma ära kellel/millel,ad,vahel,vahel,muu,tapma,ära,1,,obl,
3483,murdma ära kellel/millel,ad,vahel,vahel,muu,murdma,ära,1,,obl,
3484,kõrvetama kellel/millel,ad,vahel,vahel,muu,kõrvetama,,1,,obl,
3485,kõrbema kellel/millel,ad,vahel,vahel,muu,kõrbema,,1,,obl,
3486,murdma läbi kellel/millel,ad,mitte kunagi,alati,muu,murdma,läbi,1,,obl,
3487,kõrvaldama kellel/millel,ad,vahel,vahel,mitte kunagi,kõrvaldama,,1,,obl,
3488,tulema valmis kellel/millel,ad,vahel,vahel,muu,tulema,valmis,1,,obl,
3489,kõõluma kellel/millel,ad,mitte kunagi,alati,muu,kõõluma,,1,,obl,
3490,tulema vahele kellel/millel,ad,vahel,vahel,muu,tulema,vahele,1,,obl,
3491,silduma kellel/millel,ad,mitte kunagi,alati,muu,silduma,,1,,obl,
3492,murdma lahti kellel/millel,ad,mitte kunagi,alati,muu,murdma,lahti,1,,obl,
3493,kõrvutama kellel/millel,ad,mitte kunagi,alati,muu,kõrvutama,,1,,obl,
3494,murdma maha kellel/millel,ad,mitte kunagi,alati,mitte kunagi,murdma,maha,1,,obl,
3495,puistama kellel/millel,ad,mitte kunagi,alati,mitte kunagi,puistama,,1,,obl,
3496,laitma maha kellel/millel,ad,mitte kunagi,vahel,muu,laitma,maha,1,,obl,
3497,laimama kellel/millel,ad,mitte kunagi,vahel,muu,laimama,,1,,obl,
3498,modelleerima kellel/millel,ad,mitte kunagi,vahel,muu,modelleerima,,1,,obl,
3499,pumpama kellel/millel,ad,mitte kunagi,vahel,muu,pumpama,,1,,obl,
3500,lainetama kellel/millel,ad,mitte kunagi,alati,muu,lainetama,,1,,obl,
3501,pinnima kellel/millel,ad,mitte kunagi,vahel,muu,pinnima,,1,,obl,
3502,tuhmuma kellel/millel,ad,vahel,vahel,muu,tuhmuma,,1,,obl,
3503,laisklema kellel/millel,ad,mitte kunagi,alati,muu,laisklema,,1,,obl,
3504,mobiliseerima kellel/millel,ad,mitte kunagi,vahel,muu,mobiliseerima,,1,,obl,
3505,tuhnima kellel/millel,ad,mitte kunagi,alati,muu,tuhnima,,1,,obl,
3506,mustama kellel/millel,ad,mitte kunagi,vahel,muu,mustama,,1,,obl,
3507,tuigerdama kellel/millel,ad,mitte kunagi,alati,muu,tuigerdama,,1,,obl,
3508,tumenema kellel/millel,ad,mitte kunagi,alati,muu,tumenema,,1,,obl,
3509,tumestama kellel/millel,ad,mitte kunagi,vahel,muu,tumestama,,1,,obl,
3510,tulvama kellel/millel,ad,mitte kunagi,vahel,muu,tulvama,,1,,obl,
3511,kõigutama kellel/millel,ad,mitte kunagi,vahel,muu,kõigutama,,1,,obl,
3512,käärima kellel/millel,ad,vahel,vahel,muu,käärima,,1,,obl,
3513,tundma kaasa kellel/millel,ad,vahel,vahel,muu,tundma,kaasa,1,,obl,
3514,pillama kellel/millel,ad,vahel,alati,muu,pillama,,1,,obl,
3515,tuiama kellel/millel,ad,mitte kunagi,alati,muu,tuiama,,1,,obl,
3516,muunduma kellel/millel,ad,mitte kunagi,vahel,muu,muunduma,,1,,obl,
3517,lahkama kellel/millel,ad,mitte kunagi,alati,muu,lahkama,,1,,obl,
3518,pingutama üle kellel/millel,ad,mitte kunagi,alati,muu,pingutama,üle,1,,obl,
3519,lahustuma kellel/millel,ad,mitte kunagi,vahel,muu ja pole kindel,lahustuma,,1,,obl,
3520,laiendama kellel/millel,ad,mitte kunagi,alati,muu,laiendama,,1,,obl,
3521,tuikuma kellel/millel,ad,mitte kunagi,alati,muu,tuikuma,,1,,obl,
3522,siplema kellel/millel,ad,mitte kunagi,alati,muu,siplema,,1,,obl,
3523,laiama kellel/millel,ad,mitte kunagi,alati,muu,laiama,,1,,obl,
3524,lahtuma kellel/millel,ad,mitte kunagi,alati,muu,lahtuma,,1,,obl,
3525,tuiskama kellel/millel,ad,vahel,vahel,muu,tuiskama,,1,,obl,
3526,punetama kellel/millel,ad,vahel,alati,mitte kunagi,punetama,,1,,obl,
3527,lahknema kellel/millel,ad,mitte kunagi,vahel,muu,lahknema,,1,,obl,
3528,tuhisema mööda kellel/millel,ad,mitte kunagi,alati,muu,tuhisema,mööda,1,,obl,
3529,simuleerima kellel/millel,ad,mitte kunagi,vahel,muu,simuleerima,,1,,obl,
3530,monteerima kellel/millel,ad,mitte kunagi,alati,muu,monteerima,,1,,obl,
3531,tuiskama ringi kellel/millel,ad,mitte kunagi,alati,muu,tuiskama,ringi,1,,obl,
3532,lajatama kellel/millel,ad,mitte kunagi,alati,mitte kunagi,lajatama,,1,,obl,
3533,sirama kellel/millel,ad,mitte kunagi,alati,mitte kunagi,sirama,,1,,obl,
3534,lakkuma kellel/millel,ad,vahel,vahel,muu,lakkuma,,1,,obl,
3535,mitmekordistuma kellel/millel,ad,mitte kunagi,vahel,muu,mitmekordistuma,,1,,obl,
3536,pulbitsema kellel/millel,ad,mitte kunagi,vahel,muu,pulbitsema,,1,,obl,
3537,muukima lahti kellel/millel,ad,mitte kunagi,alati,muu,muukima,lahti,1,,obl,
3538,käänama kellel/millel,ad,vahel,vahel,muu ja vaieldav märgendus,käänama,,1,,obl,
3539,kärutama kellel/millel,ad,mitte kunagi,alati,muu,kärutama,,1,,obl,
3540,kärbuma kellel/millel,ad,vahel,vahel,muu,kärbuma,,1,,obl,
3541,pilgutama kellel/millel,ad,mitte kunagi,alati,muu,pilgutama,,1,,obl,
3542,kärgatama kellel/millel,ad,mitte kunagi,alati,muu,kärgatama,,1,,obl,
3543,kätlema kellel/millel,ad,mitte kunagi,alati,mitte kunagi,kätlema,,1,,obl,
3544,muutma ära kellel/millel,ad,vahel,vahel,muu,muutma,ära,1,,obl,
3545,kärpima kellel/millel,ad,vahel,vahel,muu,kärpima,,1,,obl,
3546,puurima kellel/millel,ad,mitte kunagi,alati,mitte kunagi,puurima,,1,,obl,
3547,tungima peale kellel/millel,ad,mitte kunagi,vahel,muu,tungima,peale,1,,obl,
3548,tungima sisse kellel/millel,ad,mitte kunagi,alati,muu,tungima,sisse,1,,obl,
3549,käratama kellel/millel,ad,mitte kunagi,vahel,muu,käratama,,1,,obl,
3550,siirdama kellel/millel,ad,mitte kunagi,vahel,muu ja pole kindel,siirdama,,1,,obl,
3551,tungima läbi kellel/millel,ad,mitte kunagi,alati,muu,tungima,läbi,1,,obl,
3552,käsutama kellel/millel,ad,mitte kunagi,vahel,muu,käsutama,,1,,obl,
3553,kätkema kellel/millel,ad,mitte kunagi,vahel,muu,kätkema,,1,,obl,
3554,tundma vastu kellel/millel,ad,mitte kunagi,vahel,muu,tundma,vastu,1,,obl,
3555,käratsema kellel/millel,ad,mitte kunagi,alati,muu,käratsema,,1,,obl,
3556,tantsitama kellel/millel,ad,mitte kunagi,alati,muu,tantsitama,,1,,obl,
3557,kõhklema kellel/millel,ad,mitte kunagi,alati,mitte kunagi,kõhklema,,1,,obl,
3558,murduma lahti kellel/millel,ad,mitte kunagi,alati,mitte kunagi,murduma,lahti,1,,obl,
3559,kõhutama kellel/millel,ad,mitte kunagi,alati,mitte kunagi,kõhutama,,1,,obl,
3560,kõmistama kellel/millel,ad,mitte kunagi,vahel,muu,kõmistama,,1,,obl,
3561,tulistama alla kellel/millel,ad,mitte kunagi,alati,muu,tulistama,alla,1,,obl,
3562,kõlkuma kellel/millel,ad,vahel,alati,mitte kunagi,kõlkuma,,1,,obl,
3563,murenema kellel/millel,ad,mitte kunagi,alati,mitte kunagi,murenema,,1,,obl,
3564,sopsama kellel/millel,ad,mitte kunagi,alati,mitte kunagi,sopsama,,1,,obl,
3565,kõmatama kellel/millel,ad,mitte kunagi,alati,mitte kunagi,kõmatama,,1,,obl,
3566,kõmpima kellel/millel,ad,mitte kunagi,alati,muu,kõmpima,,1,,obl,
3567,puterdama kellel/millel,ad,mitte kunagi,alati,muu ja vaieldav märgendus,puterdama,,1,,obl,
3568,putitama kellel/millel,ad,mitte kunagi,alati,muu,putitama,,1,,obl,
3569,kärisema kellel/millel,ad,mitte kunagi,alati,muu,kärisema,,1,,obl,
3570,kõmmutama kellel/millel,ad,mitte kunagi,alati,mitte kunagi,kõmmutama,,1,,obl,
3571,murduma ära kellel/millel,ad,vahel,vahel,muu,murduma,ära,1,,obl,
3572,tulistama läbi kellel/millel,ad,vahel,vahel,muu,tulistama,läbi,1,,obl,
3573,sikutama kellel/millel,ad,mitte kunagi,alati,muu,sikutama,,1,,obl,
3574,kõlgutama kellel/millel,ad,mitte kunagi,alati,mitte kunagi,kõlgutama,,1,,obl,
3575,tulistama puruks kellel/millel,ad,mitte kunagi,alati,muu ja vaieldav märgendus,tulistama,puruks,1,,obl,
3576,kõlisema kellel/millel,ad,vahel,alati,mitte kunagi,kõlisema,,1,,obl,
3577,kõlistama kellel/millel,ad,mitte kunagi,alati,mitte kunagi,kõlistama,,1,,obl,
3578,rääkima edasi kellel/millel,ad,mitte kunagi,vahel,muu,rääkima,edasi,1,,obl,
3579,ristuma kellel/millel,ad,mitte kunagi,alati,muu,ristuma,,1,,obl,
3580,andma kaasa kellel/millel,ad,mitte kunagi,vahel,muu,andma,kaasa,1,,obl,
3581,võtma vahele kellel/millel,ad,mitte kunagi,alati,mitte kunagi,võtma,vahele,1,,obl,
3582,hüppama ette kellel/millel,ad,mitte kunagi,alati,muu,hüppama,ette,1,,obl,
3583,ostma kokku kellel/millel,ad,mitte kunagi,alati,muu,ostma,kokku,1,,obl,
3584,hakkama kinni kellel/millel,ad,vahel,vahel,muu,hakkama,kinni,1,,obl,
3585,devalveerima kellel/millel,ad,mitte kunagi,alati,muu,devalveerima,,1,,obl,
3586,suunduma tagasi kellel/millel,ad,mitte kunagi,alati,mitte kunagi,suunduma,tagasi,1,,obl,
3587,devalveeruma kellel/millel,ad,mitte kunagi,mitte kunagi,muu,devalveeruma,,1,,obl,
3588,ostma juurde kellel/millel,ad,mitte kunagi,vahel,muu,ostma,juurde,1,,obl,
3589,saavutama võidu kellel/millel,ad,mitte kunagi,vahel,muu,saavutama,võidu,1,,obl,
3590,võtma tagasi kellel/millel,ad,mitte kunagi,alati,mitte kunagi,võtma,tagasi,1,,obl,
3591,võtma täis kellel/millel,ad,mitte kunagi,alati,pole kindel,võtma,täis,1,,obl,
3592,välgatama kellel/millel,ad,vahel,vahel,mitte kunagi,välgatama,,1,,obl,
3593,rivistuma üles kellel/millel,ad,mitte kunagi,alati,mitte kunagi,rivistuma,üles,1,,obl,
3594,hüplema kellel/millel,ad,mitte kunagi,alati,mitte kunagi,hüplema,,1,,obl,
3595,sõitma kaasas kellel/millel,ad,mitte kunagi,alati,muu,sõitma,kaasas,1,,obl,
3596,rändama ringi kellel/millel,ad,mitte kunagi,alati,mitte kunagi,rändama,ringi,1,,obl,
3597,önnestuma kellel/millel,ad,alati,mitte kunagi,mitte kunagi,önnestuma,,1,,obl,
3598,represseerima kellel/millel,ad,mitte kunagi,mitte kunagi,muu,represseerima,,1,,obl,
3599,saama ära kellel/millel,ad,mitte kunagi,mitte kunagi,muu,saama,ära,1,,obl,
3600,hüppama alla kellel/millel,ad,mitte kunagi,vahel,muu,hüppama,alla,1,,obl,
3601,öiguma kellel/millel,ad,mitte kunagi,mitte kunagi,muu,öiguma,,1,,obl,
3602,häälestuma kellel/millel,ad,mitte kunagi,vahel,muu,häälestuma,,1,,obl,
3603,oletama kellel/millel,ad,mitte kunagi,vahel,muu,oletama,,1,,obl,
3604,suudlema kellel/millel,ad,mitte kunagi,alati,mitte kunagi,suudlema,,1,,obl,
3605,avardama kellel/millel,ad,mitte kunagi,mitte kunagi,muu,avardama,,1,,obl,
3606,vurama ringi kellel/millel,ad,mitte kunagi,alati,muu,vurama,ringi,1,,obl,
3607,häälestama kellel/millel,ad,mitte kunagi,vahel,muu,häälestama,,1,,obl,
3608,saama vaja kellel/millel,ad,mitte kunagi,mitte kunagi,muu,saama,vaja,1,,obl,
3609,hauduma kellel/millel,ad,mitte kunagi,vahel,muu,hauduma,,1,,obl,
3610,välgutama kellel/millel,ad,mitte kunagi,alati,muu,välgutama,,1,,obl,
3611,riskeerima kellel/millel,ad,mitte kunagi,alati,muu,riskeerima,,1,,obl,
3612,harutama lahti kellel/millel,ad,mitte kunagi,vahel,muu,harutama,lahti,1,,obl,
3613,avarduma kellel/millel,ad,mitte kunagi,mitte kunagi,muu,avarduma,,1,,obl,
3614,riskima kellel/millel,ad,mitte kunagi,vahel,muu,riskima,,1,,obl,
3615,sõitma eest kellel/millel,ad,vahel,vahel,mitte kunagi,sõitma,eest,1,,obl,
3616,suikuma kellel/millel,ad,mitte kunagi,alati,mitte kunagi,suikuma,,1,,obl,
3617,õpetama välja kellel/millel,ad,mitte kunagi,alati,muu,õpetama,välja,1,,obl,
3618,hakkama külge kellel/millel,ad,mitte kunagi,mitte kunagi,muu,hakkama,külge,1,,obl,
3619,sätendama kellel/millel,ad,mitte kunagi,alati,mitte kunagi,sätendama,,1,,obl,
3620,detoneerima kellel/millel,ad,mitte kunagi,alati,muu,detoneerima,,1,,obl,
3621,hakkama pihta kellel/millel,ad,mitte kunagi,alati,muu,hakkama,pihta,1,,obl,
3622,virisema kellel/millel,ad,mitte kunagi,vahel,muu,virisema,,1,,obl,
3623,hargnema kellel/millel,ad,mitte kunagi,alati,mitte kunagi,hargnema,,1,,obl,
3624,hüppama läbi kellel/millel,ad,mitte kunagi,alati,pole kindel,hüppama,läbi,1,,obl,
3625,reostuma kellel/millel,ad,mitte kunagi,vahel,muu,reostuma,,1,,obl,
3626,hakatama kellel/millel,ad,mitte kunagi,mitte kunagi,muu,hakatama,,1,,obl,
3627,võtma peale kellel/millel,ad,mitte kunagi,alati,mitte kunagi,võtma,peale,1,,obl,
3628,saama maha kellel/millel,ad,mitte kunagi,alati,mitte kunagi,saama,maha,1,,obl,
3629,dikteerima kellel/millel,ad,mitte kunagi,alati,muu,dikteerima,,1,,obl,
3630,sättima kellel/millel,ad,mitte kunagi,alati,muu,sättima,,1,,obl,
3631,virelema kellel/millel,ad,mitte kunagi,alati,muu,virelema,,1,,obl,
3632,amortiseeruma kellel/millel,ad,mitte kunagi,vahel,muu,amortiseeruma,,1,,obl,
3633,halvama kellel/millel,ad,mitte kunagi,vahel,muu,halvama,,1,,obl,
3634,halvendama kellel/millel,ad,mitte kunagi,mitte kunagi,muu,halvendama,,1,,obl,
3635,sõitma järele kellel/millel,ad,mitte kunagi,alati,mitte kunagi,sõitma,järele,1,,obl,
3636,ammutama kellel/millel,ad,mitte kunagi,alati,mitte kunagi,ammutama,,1,,obl,
3637,vähkrema kellel/millel,ad,mitte kunagi,alati,mitte kunagi,vähkrema,,1,,obl,
3638,defineerima kellel/millel,ad,mitte kunagi,vahel,muu,defineerima,,1,,obl,
3639,allutama kellel/millel,ad,mitte kunagi,alati,muu,allutama,,1,,obl,
3640,särisema kellel/millel,ad,mitte kunagi,alati,mitte kunagi,särisema,,1,,obl,
3641,panema juurde kellel/millel,ad,mitte kunagi,alati,mitte kunagi,panema,juurde,1,,obl,
3642,sõitma kinni kellel/millel,ad,mitte kunagi,alati,mitte kunagi,sõitma,kinni,1,,obl,
3643,paiskama välja kellel/millel,ad,mitte kunagi,alati,muu,paiskama,välja,1,,obl,
3644,hakkama peale kellel/millel,ad,mitte kunagi,vahel,pole kindel,hakkama,peale,1,,obl,
3645,salgama kellel/millel,ad,mitte kunagi,mitte kunagi,muu,salgama,,1,,obl,
3646,reostama kellel/millel,ad,mitte kunagi,vahel,muu,reostama,,1,,obl,
3647,hajuma kellel/millel,ad,mitte kunagi,vahel,muu,hajuma,,1,,obl,
3648,saama üle kellel/millel,ad,mitte kunagi,vahel,muu,saama,üle,1,,obl,
3649,disainima kellel/millel,ad,mitte kunagi,alati,muu,disainima,,1,,obl,
3650,dirigeerima kellel/millel,ad,mitte kunagi,alati,mitte kunagi,dirigeerima,,1,,obl,
3651,hajutama kellel/millel,ad,mitte kunagi,vahel,muu,hajutama,,1,,obl,
3652,alluma kellel/millel,ad,mitte kunagi,vahel,muu,alluma,,1,,obl,
3653,diskrimineerima kellel/millel,ad,mitte kunagi,mitte kunagi,muu,diskrimineerima,,1,,obl,
3654,diskuteerima kellel/millel,ad,mitte kunagi,alati,muu,diskuteerima,,1,,obl,
3655,"olema vaja, juurde kellel/millel",ad,vahel,vahel,muu,olema,vaja,1,,obl,
3656,"olema vaja, juurde kellel/millel",ad,vahel,vahel,muu,olema,juurde,1,,obl,
3657,sõitma kokku kellel/millel,ad,mitte kunagi,alati,mitte kunagi,sõitma,kokku,1,,obl,
3658,sõitma kohale kellel/millel,ad,mitte kunagi,vahel,muu,sõitma,kohale,1,,obl,
3659,digima kellel/millel,ad,mitte kunagi,mitte kunagi,muu,digima,,1,,obl,
3660,pasundama kellel/millel,ad,mitte kunagi,alati,muu,pasundama,,1,,obl,
3661,andma tagasi kellel/millel,ad,mitte kunagi,alati,muu,andma,tagasi,1,,obl,
3662,vurisema kellel/millel,ad,mitte kunagi,alati,muu,vurisema,,1,,obl,
3663,kihama kellel/millel,ad,mitte kunagi,alati,mitte kunagi,kihama,,1,,obl,
3664,võõranduma kellel/millel,ad,mitte kunagi,mitte kunagi,muu,võõranduma,,1,,obl,
3665,broneerima kellel/millel,ad,mitte kunagi,alati,muu,broneerima,,1,,obl,
3666,saama vastu kellel/millel,ad,mitte kunagi,alati,muu,saama,vastu,1,,obl,
3667,võõrandama kellel/millel,ad,mitte kunagi,vahel,muu,võõrandama,,1,,obl,
3668,andma alla kellel/millel,ad,mitte kunagi,vahel,muu,andma,alla,1,,obl,
3669,hõljuma kellel/millel,ad,mitte kunagi,alati,muu,hõljuma,,1,,obl,
3670,rüüstama kellel/millel,ad,mitte kunagi,alati,mitte kunagi,rüüstama,,1,,obl,
3671,paiskuma välja kellel/millel,ad,mitte kunagi,alati,muu,paiskuma,välja,1,,obl,
3672,hammustama ära kellel/millel,ad,alati,mitte kunagi,muu,hammustama,ära,1,,obl,
3673,paiskuma ümber kellel/millel,ad,mitte kunagi,alati,muu,paiskuma,ümber,1,,obl,
3674,õppima ära kellel/millel,ad,mitte kunagi,vahel,muu,õppima,ära,1,,obl,
3675,andma juurde kellel/millel,ad,mitte kunagi,vahel,muu,andma,juurde,1,,obl,
3676,olema üle kellel/millel,ad,mitte kunagi,alati,muu,olema,üle,1,,obl,
3677,andma ette kellel/millel,ad,mitte kunagi,vahel,pole kindel,andma,ette,1,,obl,
3678,panema alla kellel/millel,ad,mitte kunagi,alati,pole kindel,panema,alla,1,,obl,
3679,risustama kellel/millel,ad,mitte kunagi,mitte kunagi,muu,risustama,,1,,obl,
3680,hõiskama kellel/millel,ad,mitte kunagi,alati,mitte kunagi,hõiskama,,1,,obl,
3681,hõikama välja kellel/millel,ad,mitte kunagi,alati,mitte kunagi,hõikama,välja,1,,obl,
3682,võõrduma kellel/millel,ad,mitte kunagi,vahel,muu,võõrduma,,1,,obl,
3683,paistma läbi kellel/millel,ad,mitte kunagi,vahel,muu,paistma,läbi,1,,obl,
3684,palvetama kellel/millel,ad,mitte kunagi,alati,muu,palvetama,,1,,obl,
3685,rääkima kaasa kellel/millel,ad,mitte kunagi,mitte kunagi,muu,rääkima,kaasa,1,,obl,
3686,hääletama vastu kellel/millel,ad,mitte kunagi,alati,mitte kunagi,hääletama,vastu,1,,obl,
3687,sõitma ette kellel/millel,ad,mitte kunagi,alati,mitte kunagi,sõitma,ette,1,,obl,
3688,harjuma ära kellel/millel,ad,mitte kunagi,vahel,muu,harjuma,ära,1,,obl,
3689,saama peale kellel/millel,ad,mitte kunagi,vahel,muu,saama,peale,1,,obl,
3690,pedaalima kellel/millel,ad,mitte kunagi,alati,mitte kunagi,pedaalima,,1,,obl,
3691,ristima kellel/millel,ad,mitte kunagi,alati,muu,ristima,,1,,obl,
3692,hääletama sisse kellel/millel,ad,mitte kunagi,alati,muu,hääletama,sisse,1,,obl,
3693,andma edasi kellel/millel,ad,mitte kunagi,vahel,muu,andma,edasi,1,,obl,
3694,häälitsema kellel/millel,ad,mitte kunagi,alati,mitte kunagi,häälitsema,,1,,obl,
3695,vägistama kellel/millel,ad,mitte kunagi,alati,mitte kunagi,vägistama,,1,,obl,
3696,osalema üle kellel/millel,ad,mitte kunagi,alati,pole kindel,osalema,üle,1,,obl,
3697,suretama välja kellel/millel,ad,mitte kunagi,vahel,muu,suretama,välja,1,,obl,
3698,hääletama välja kellel/millel,ad,mitte kunagi,alati,muu,hääletama,välja,1,,obl,
3699,õppima edasi kellel/millel,ad,mitte kunagi,vahel,muu,õppima,edasi,1,,obl,
3700,rüvetama kellel/millel,ad,mitte kunagi,vahel,muu,rüvetama,,1,,obl,
3701,hanguma kellel/millel,ad,mitte kunagi,vahel,muu,hanguma,,1,,obl,
3702,restaureerima kellel/millel,ad,mitte kunagi,vahel,muu,restaureerima,,1,,obl,
3703,hõlbustama kellel/millel,ad,alati,mitte kunagi,muu,hõlbustama,,1,,obl,
3704,viskama maha kellel/millel,ad,mitte kunagi,alati,muu,viskama,maha,1,,obl,
3705,haukuma kellel/millel,ad,mitte kunagi,alati,muu,haukuma,,1,,obl,
3706,suubuma kellel/millel,ad,mitte kunagi,alati,muu,suubuma,,1,,obl,
3707,õnnitlema kellel/millel,ad,mitte kunagi,alati,mitte kunagi,õnnitlema,,1,,obl,
3708,heastama kellel/millel,ad,mitte kunagi,vahel,muu,heastama,,1,,obl,
3709,osalema alla kellel/millel,ad,mitte kunagi,alati,pole kindel,osalema,alla,1,,obl,
3710,andma sisse kellel/millel,ad,mitte kunagi,alati,muu,andma,sisse,1,,obl,
3711,avastama kokku kellel/millel,ad,mitte kunagi,alati,pole kindel,avastama,kokku,1,,obl,
3712,vuristama kellel/millel,ad,mitte kunagi,vahel,muu,vuristama,,1,,obl,
3713,peetuma kinni kellel/millel,ad,mitte kunagi,mitte kunagi,muu,,peetuma,1,,obl,
3714,viskama kokku kellel/millel,ad,mitte kunagi,alati,mitte kunagi,viskama,kokku,1,,obl,
3715,rääkima läbi kellel/millel,ad,mitte kunagi,vahel,muu,rääkima,läbi,1,,obl,
3716,surfama kellel/millel,ad,mitte kunagi,alati,mitte kunagi,surfama,,1,,obl,
3717,olima kellel/millel,ad,mitte kunagi,vahel,pole kindel,olima,,1,,obl,
3718,sajatama kellel/millel,ad,mitte kunagi,alati,mitte kunagi,sajatama,,1,,obl,
3719,balansseerima kellel/millel,ad,mitte kunagi,alati,mitte kunagi,balansseerima,,1,,obl,
3720,andma peksma kellel/millel,ad,mitte kunagi,alati,muu,peksma,andma,1,,obl,
3721,osalema peale kellel/millel,ad,mitte kunagi,alati,pole kindel,osalema,peale,1,,obl,
3722,saama valmima kellel/millel,ad,mitte kunagi,mitte kunagi,muu,valmima,saama,1,,obl,
3723,rüselema kellel/millel,ad,mitte kunagi,alati,muu,rüselema,,1,,obl,
3724,ristama kellel/millel,ad,mitte kunagi,alati,mitte kunagi,ristama,,1,,obl,
3725,hääletama maha kellel/millel,ad,mitte kunagi,alati,mitte kunagi,hääletama,maha,1,,obl,
3726,parasiteerima kellel/millel,ad,vahel,vahel,mitte kunagi,parasiteerima,,1,,obl,
3727,andma üles kellel/millel,ad,mitte kunagi,alati,muu,andma,üles,1,,obl,
3728,viskama mööda kellel/millel,ad,mitte kunagi,alati,muu,viskama,mööda,1,,obl,
3729,vurama kellel/millel,ad,mitte kunagi,alati,mitte kunagi,vurama,,1,,obl,
3730,yritama kellel/millel,ad,mitte kunagi,mitte kunagi,muu,yritama,,1,,obl,
3731,sättima üles kellel/millel,ad,mitte kunagi,alati,mitte kunagi,sättima,üles,1,,obl,
3732,ytlema kellel/millel,ad,mitte kunagi,mitte kunagi,muu,ytlema,,1,,obl,
3733,hävinema kellel/millel,ad,mitte kunagi,mitte kunagi,muu,hävinema,,1,,obl,
3734,riputama üles kellel/millel,ad,mitte kunagi,alati,muu,riputama,üles,1,,obl,
3735,andma ära kellel/millel,ad,mitte kunagi,vahel,muu,andma,ära,1,,obl,
3736,hääbuma kellel/millel,ad,mitte kunagi,alati,muu,hääbuma,,1,,obl,
3737,haukama kellel/millel,ad,mitte kunagi,vahel,muu,haukama,,1,,obl,
3738,sõitma ees kellel/millel,ad,vahel,vahel,muu,sõitma,ees,1,,obl,
3739,anduma kellel/millel,ad,mitte kunagi,mitte kunagi,muu,anduma,,1,,obl,
3740,õnnistama sisse kellel/millel,ad,mitte kunagi,alati,mitte kunagi,õnnistama,sisse,1,,obl,
3741,heidutama kellel/millel,ad,mitte kunagi,mitte kunagi,muu,heidutama,,1,,obl,
3742,vupsama välja kellel/millel,ad,mitte kunagi,alati,muu,vupsama,välja,1,,obl,
3743,viskama peale kellel/millel,ad,mitte kunagi,mitte kunagi,muu,viskama,peale,1,,obl,
3744,surisema kellel/millel,ad,mitte kunagi,alati,mitte kunagi,surisema,,1,,obl,
3745,hõrenema kellel/millel,ad,mitte kunagi,alati,mitte kunagi,hõrenema,,1,,obl,
3746,tunglema kellel/millel,ad,mitte kunagi,alati,mitte kunagi,tunglema,,1,,obl,
3747,tungima välja kellel/millel,ad,mitte kunagi,alati,muu,tungima,välja,1,,obl,
3748,käima üle kellel/millel,ad,mitte kunagi,alati,pole kindel,käima,üle,1,,obl,
3749,käima ümber kellel/millel,ad,mitte kunagi,alati,muu,käima,ümber,1,,obl,
3750,käima sees kellel/millel,ad,vahel,vahel,muu,käima,sees,1,,obl,
3751,käima sisse kellel/millel,ad,mitte kunagi,mitte kunagi,muu,käima,sisse,1,,obl,
3752,sihtima kellel/millel,ad,mitte kunagi,alati,muu,sihtima,,1,,obl,
3753,käima koht kellel/millel,ad,mitte kunagi,mitte kunagi,muu,käima,koht,1,,obl,
3754,pilduma kellel/millel,ad,mitte kunagi,alati,mitte kunagi,pilduma,,1,,obl,
3755,käima tagasi kellel/millel,ad,mitte kunagi,alati,pole kindel,käima,tagasi,1,,obl,
3756,mängima kaasa kellel/millel,ad,mitte kunagi,alati,muu,mängima,kaasa,1,,obl,
3757,talvituma kellel/millel,ad,mitte kunagi,alati,mitte kunagi,talvituma,,1,,obl,
3758,turvama kellel/millel,ad,mitte kunagi,alati,muu,turvama,,1,,obl,
3759,kuumenema kellel/millel,ad,mitte kunagi,mitte kunagi,muu,kuumenema,,1,,obl,
3760,kuumenema üle kellel/millel,ad,vahel,vahel,muu,kuumenema,üle,1,,obl,
3761,käima kokku kellel/millel,ad,mitte kunagi,alati,muu,käima,kokku,1,,obl,
3762,kuuluma kokku kellel/millel,ad,mitte kunagi,mitte kunagi,muu,kuuluma,kokku,1,,obl,
3763,tankima kellel/millel,ad,mitte kunagi,alati,mitte kunagi,tankima,,1,,obl,
3764,kurseerima kellel/millel,ad,mitte kunagi,alati,mitte kunagi,kurseerima,,1,,obl,
3765,kustuma ära kellel/millel,ad,vahel,vahel,muu,kustuma,ära,1,,obl,
3766,märatsema kellel/millel,ad,mitte kunagi,alati,mitte kunagi,märatsema,,1,,obl,
3767,pääsema edasi kellel/millel,ad,mitte kunagi,vahel,muu,pääsema,edasi,1,,obl,
3768,käima lahti kellel/millel,ad,vahel,mitte kunagi,muu,käima,lahti,1,,obl,
3769,tunnistama üles kellel/millel,ad,mitte kunagi,alati,muu,tunnistama,üles,1,,obl,
3770,sigitama kellel/millel,ad,mitte kunagi,alati,muu,sigitama,,1,,obl,
3771,käima kohal kellel/millel,ad,mitte kunagi,alati,muu,käima,kohal,1,,obl,
3772,käima koos kellel/millel,ad,mitte kunagi,alati,muu,käima,koos,1,,obl,
3773,mädanema kellel/millel,ad,mitte kunagi,alati,muu,mädanema,,1,,obl,
3774,käima peale kellel/millel,ad,mitte kunagi,vahel,muu,käima,peale,1,,obl,
3775,käima maha kellel/millel,ad,mitte kunagi,alati,muu,käima,maha,1,,obl,
3776,käima mööda kellel/millel,ad,mitte kunagi,vahel,muu,käima,mööda,1,,obl,
3777,käima peal kellel/millel,ad,vahel,vahel,pole kindel,käima,peal,1,,obl,
3778,mälestama kellel/millel,ad,mitte kunagi,alati,mitte kunagi,mälestama,,1,,obl,
3779,käima järel kellel/millel,ad,vahel,vahel,muu,käima,järel,1,,obl,
3780,mängima ette kellel/millel,ad,mitte kunagi,vahel,muu,mängima,ette,1,,obl,
3781,pikutama kellel/millel,ad,mitte kunagi,alati,mitte kunagi,pikutama,,1,,obl,
3782,piketeerima kellel/millel,ad,mitte kunagi,alati,muu,piketeerima,,1,,obl,
3783,tõmbama puruks kellel/millel,ad,vahel,vahel,muu,tõmbama,puruks,1,,obl,
3784,kuhjama kellel/millel,ad,mitte kunagi,vahel,muu,kuhjama,,1,,obl,
3785,tõmbama kokku kellel/millel,ad,mitte kunagi,vahel,muu,tõmbama,kokku,1,,obl,
3786,tõmbama lahti kellel/millel,ad,vahel,vahel,muu,tõmbama,lahti,1,,obl,
3787,kuduma kellel/millel,ad,mitte kunagi,vahel,muu,kuduma,,1,,obl,
3788,kuivama kellel/millel,ad,mitte kunagi,vahel,muu,kuivama,,1,,obl,
3789,kuivama kokku kellel/millel,ad,mitte kunagi,mitte kunagi,muu,kuivama,kokku,1,,obl,
3790,pääsema välja kellel/millel,ad,mitte kunagi,vahel,muu,pääsema,välja,1,,obl,
3791,kuhjuma kellel/millel,ad,mitte kunagi,vahel,muu,kuhjuma,,1,,obl,
3792,tõmbama kinni kellel/millel,ad,vahel,vahel,pole kindel,tõmbama,kinni,1,,obl,
3793,kruvima üles kellel/millel,ad,mitte kunagi,alati,muu,kruvima,üles,1,,obl,
3794,turritama kellel/millel,ad,mitte kunagi,alati,mitte kunagi,turritama,,1,,obl,
3795,tõmbama peale kellel/millel,ad,mitte kunagi,vahel,muu,tõmbama,peale,1,,obl,
3796,mõistma välja kellel/millel,ad,mitte kunagi,vahel,muu,mõistma,välja,1,,obl,
3797,kruvima kellel/millel,ad,mitte kunagi,alati,muu,kruvima,,1,,obl,
3798,krõbisema kellel/millel,ad,mitte kunagi,vahel,muu,krõbisema,,1,,obl,
3799,kubisema kellel/millel,ad,mitte kunagi,vahel,muu,kubisema,,1,,obl,
3800,tõmbama maha kellel/millel,ad,mitte kunagi,vahel,muu,tõmbama,maha,1,,obl,
3801,pääsema üle kellel/millel,ad,mitte kunagi,mitte kunagi,muu,pääsema,üle,1,,obl,
3802,mõistma hukka kellel/millel,ad,mitte kunagi,alati,muu,mõistma,hukka,1,,obl,
3803,tõmbama alla kellel/millel,ad,mitte kunagi,vahel,muu,tõmbama,alla,1,,obl,
3804,määrima kellel/millel,ad,mitte kunagi,vahel,muu,määrima,,1,,obl,
3805,päevituma kellel/millel,ad,mitte kunagi,mitte kunagi,muu,päevituma,,1,,obl,
3806,tammuma kellel/millel,ad,mitte kunagi,alati,muu,tammuma,,1,,obl,
3807,mängima lahti kellel/millel,ad,mitte kunagi,vahel,muu,mängima,lahti,1,,obl,
3808,kägistama kellel/millel,ad,mitte kunagi,alati,muu,kägistama,,1,,obl,
3809,mängima läbi kellel/millel,ad,mitte kunagi,alati,muu,mängima,läbi,1,,obl,
3810,tuulama kellel/millel,ad,mitte kunagi,alati,muu,tuulama,,1,,obl,
3811,pärandama kellel/millel,ad,mitte kunagi,vahel,muu,pärandama,,1,,obl,
3812,mängima koos kellel/millel,ad,mitte kunagi,vahel,muu,mängima,koos,1,,obl,
3813,mängima kokku kellel/millel,ad,mitte kunagi,vahel,muu,mängima,kokku,1,,obl,
3814,käibima kellel/millel,ad,mitte kunagi,alati,muu,käibima,,1,,obl,
3815,päevitama kellel/millel,ad,mitte kunagi,alati,mitte kunagi,päevitama,,1,,obl,
3816,pildistama kellel/millel,ad,mitte kunagi,alati,muu,pildistama,,1,,obl,
3817,turgutama kellel/millel,ad,mitte kunagi,vahel,muu,turgutama,,1,,obl,
3818,pädema kellel/millel,ad,mitte kunagi,vahel,muu,pädema,,1,,obl,
3819,turnima kellel/millel,ad,mitte kunagi,alati,mitte kunagi,turnima,,1,,obl,
3820,sigima kellel/millel,ad,mitte kunagi,alati,mitte kunagi,sigima,,1,,obl,
3821,käima alles kellel/millel,ad,mitte kunagi,vahel,pole kindel,käima,alles,1,,obl,
3822,turgatama kellel/millel,ad,alati,mitte kunagi,mitte kunagi,turgatama,,1,,obl,
3823,käima edasi kellel/millel,ad,mitte kunagi,alati,muu,käima,edasi,1,,obl,
3824,siginema kellel/millel,ad,vahel,vahel,mitte kunagi,siginema,,1,,obl,
3825,käima alla kellel/millel,ad,mitte kunagi,vahel,muu,käima,alla,1,,obl,
3826,kvalifitseeruma kellel/millel,ad,mitte kunagi,mitte kunagi,muu,kvalifitseeruma,,1,,obl,
3827,kuvama kellel/millel,ad,mitte kunagi,alati,muu,kuvama,,1,,obl,
3828,turustama kellel/millel,ad,mitte kunagi,alati,muu,turustama,,1,,obl,
3829,kuumutama kellel/millel,ad,mitte kunagi,alati,mitte kunagi,kuumutama,,1,,obl,
3830,kurvastama kellel/millel,ad,mitte kunagi,vahel,muu,kurvastama,,1,,obl,
3831,märgistama kellel/millel,ad,mitte kunagi,vahel,muu,märgistama,,1,,obl,
3832,langema tagasi kellel/millel,ad,mitte kunagi,vahel,muu,langema,tagasi,1,,obl,
3833,pragunema kellel/millel,ad,mitte kunagi,alati,muu,pragunema,,1,,obl,
3834,luurama kellel/millel,ad,mitte kunagi,vahel,muu,luurama,,1,,obl,
3835,praalima kellel/millel,ad,mitte kunagi,alati,muu,praalima,,1,,obl,
3836,läbima kokku kellel/millel,ad,mitte kunagi,alati,vaieldav märgendus,läbima,kokku,1,,obl,
3837,läbima ringi kellel/millel,ad,mitte kunagi,vahel,pole kindel,läbima,ringi,1,,obl,
3838,manduma kellel/millel,ad,mitte kunagi,vahel,muu,manduma,,1,,obl,
3839,tiksuma kellel/millel,ad,vahel,vahel,mitte kunagi,tiksuma,,1,,obl,
3840,sobitama kellel/millel,ad,mitte kunagi,alati,muu,sobitama,,1,,obl,
3841,lukustuma kellel/millel,ad,mitte kunagi,vahel,muu,lukustuma,,1,,obl,
3842,lunastama kellel/millel,ad,mitte kunagi,alati,mitte kunagi,lunastama,,1,,obl,
3843,lummama kellel/millel,ad,mitte kunagi,alati,mitte kunagi,lummama,,1,,obl,
3844,manipuleerima kellel/millel,ad,mitte kunagi,vahel,muu,manipuleerima,,1,,obl,
3845,manööverdama kellel/millel,ad,mitte kunagi,alati,pole kindel,manööverdama,,1,,obl,
3846,tilkuma kellel/millel,ad,vahel,vahel,mitte kunagi,tilkuma,,1,,obl,
3847,lustima kellel/millel,ad,mitte kunagi,alati,mitte kunagi,lustima,,1,,obl,
3848,manitsema kellel/millel,ad,mitte kunagi,mitte kunagi,muu,manitsema,,1,,obl,
3849,manustama kellel/millel,ad,mitte kunagi,vahel,muu,manustama,,1,,obl,
3850,trükkima ära kellel/millel,ad,mitte kunagi,alati,mitte kunagi,trükkima,ära,1,,obl,
3851,kutsuma ära kellel/millel,ad,mitte kunagi,alati,pole kindel,kutsuma,ära,1,,obl,
3852,kutsuma välja kellel/millel,ad,mitte kunagi,alati,muu,kutsuma,välja,1,,obl,
3853,taltuma kellel/millel,ad,mitte kunagi,alati,muu,taltuma,,1,,obl,
3854,luuletama kellel/millel,ad,mitte kunagi,alati,mitte kunagi,luuletama,,1,,obl,
3855,luusima ringi kellel/millel,ad,mitte kunagi,alati,muu,luusima,ringi,1,,obl,
3856,tegema järele kellel/millel,ad,mitte kunagi,vahel,muu,tegema,järele,1,,obl,
3857,tibutama kellel/millel,ad,mitte kunagi,alati,mitte kunagi,tibutama,,1,,obl,
3858,soojenema kellel/millel,ad,mitte kunagi,vahel,muu,soojenema,,1,,obl,
3859,tihendama kellel/millel,ad,mitte kunagi,vahel,muu,tihendama,,1,,obl,
3860,maksma ära kellel/millel,ad,mitte kunagi,vahel,muu,maksma,ära,1,,obl,
3861,manama esile kellel/millel,ad,mitte kunagi,vahel,muu,manama,esile,1,,obl,
3862,lugema üle kellel/millel,ad,mitte kunagi,alati,muu,lugema,üle,1,,obl,
3863,lugema peale kellel/millel,ad,mitte kunagi,vahel,muu,lugema,peale,1,,obl,
3864,markeerima kellel/millel,ad,mitte kunagi,alati,muu,markeerima,,1,,obl,
3865,prantsatama kellel/millel,ad,mitte kunagi,alati,muu,prantsatama,,1,,obl,
3866,lugema välja kellel/millel,ad,mitte kunagi,vahel,muu,lugema,välja,1,,obl,
3867,lugema üles kellel/millel,ad,mitte kunagi,vahel,muu,lugema,üles,1,,obl,
3868,praktiseerima kellel/millel,ad,mitte kunagi,mitte kunagi,muu,praktiseerima,,1,,obl,
3869,luusima kellel/millel,ad,mitte kunagi,alati,muu,luusima,,1,,obl,
3870,lukustama kellel/millel,ad,mitte kunagi,vahel,muu,lukustama,,1,,obl,
3871,luiskama kellel/millel,ad,mitte kunagi,vahel,muu,luiskama,,1,,obl,
3872,luhtama kellel/millel,ad,mitte kunagi,alati,muu,luhtama,,1,,obl,
3873,lugema kokku kellel/millel,ad,mitte kunagi,alati,muu,lugema,kokku,1,,obl,
3874,timmima kellel/millel,ad,mitte kunagi,alati,mitte kunagi,timmima,,1,,obl,
3875,lugema läbi kellel/millel,ad,mitte kunagi,vahel,muu,lugema,läbi,1,,obl,
3876,manifesteerima kellel/millel,ad,mitte kunagi,alati,muu,manifesteerima,,1,,obl,
3877,pärlendama kellel/millel,ad,mitte kunagi,alati,mitte kunagi,pärlendama,,1,,obl,
3878,pärssima kellel/millel,ad,mitte kunagi,vahel,muu,pärssima,,1,,obl,
3879,tähtsustama kellel/millel,ad,mitte kunagi,vahel,muu,tähtsustama,,1,,obl,
3880,siblima kellel/millel,ad,mitte kunagi,alati,mitte kunagi,siblima,,1,,obl,
3881,pääsema esile kellel/millel,ad,mitte kunagi,alati,muu,pääsema,esile,1,,obl,
3882,kurjustama kellel/millel,ad,mitte kunagi,vahel,muu,kurjustama,,1,,obl,
3883,kurnama kellel/millel,ad,mitte kunagi,vahel,muu,kurnama,,1,,obl,
3884,kureerima kellel/millel,ad,mitte kunagi,vahel,muu,kureerima,,1,,obl,
3885,kuritarvitama kellel/millel,ad,mitte kunagi,mitte kunagi,muu,kuritarvitama,,1,,obl,
3886,kummitama kellel/millel,ad,mitte kunagi,alati,mitte kunagi,kummitama,,1,,obl,
3887,tähtsustuma kellel/millel,ad,mitte kunagi,alati,muu,tähtsustuma,,1,,obl,
3888,tallama kellel/millel,ad,mitte kunagi,alati,mitte kunagi,tallama,,1,,obl,
3889,kuulduma kellel/millel,ad,mitte kunagi,mitte kunagi,muu,kuulduma,,1,,obl,
3890,kupatama kellel/millel,ad,mitte kunagi,alati,muu,kupatama,,1,,obl,
3891,kummutama kellel/millel,ad,mitte kunagi,alati,muu,kummutama,,1,,obl,
3892,kustutama ära kellel/millel,ad,mitte kunagi,alati,muu,kustutama,ära,1,,obl,
3893,mänglema kellel/millel,ad,mitte kunagi,alati,muu,mänglema,,1,,obl,
3894,talluma kellel/millel,ad,mitte kunagi,alati,mitte kunagi,talluma,,1,,obl,
3895,taltsutama kellel/millel,ad,mitte kunagi,vahel,muu,taltsutama,,1,,obl,
3896,kutsuma kaasa kellel/millel,ad,mitte kunagi,alati,muu,kutsuma,kaasa,1,,obl,
3897,pääsema ette kellel/millel,ad,mitte kunagi,vahel,muu,pääsema,ette,1,,obl,
3898,mängima üle kellel/millel,ad,mitte kunagi,vahel,muu,mängima,üle,1,,obl,
3899,tuurima kellel/millel,ad,mitte kunagi,alati,mitte kunagi,tuurima,,1,,obl,
3900,mängitama kellel/millel,ad,mitte kunagi,mitte kunagi,muu,mängitama,,1,,obl,
3901,kutsuma kohale kellel/millel,ad,mitte kunagi,alati,muu,kutsuma,kohale,1,,obl,
3902,kutsuma kokku kellel/millel,ad,mitte kunagi,alati,mitte kunagi,kutsuma,kokku,1,,obl,
3903,kutsuma tagasi kellel/millel,ad,mitte kunagi,alati,muu,kutsuma,tagasi,1,,obl,
3904,päädima kellel/millel,ad,mitte kunagi,alati,mitte kunagi,päädima,,1,,obl,
3905,tuuritama kellel/millel,ad,mitte kunagi,alati,muu,tuuritama,,1,,obl,
3906,sorteerima kellel/millel,ad,mitte kunagi,mitte kunagi,muu,sorteerima,,1,,obl,
3907,mängima sisse kellel/millel,ad,mitte kunagi,alati,vaieldav märgendus,mängima,sisse,1,,obl,
3908,mängima maha kellel/millel,ad,mitte kunagi,alati,muu,mängima,maha,1,,obl,
3909,kuulama ära kellel/millel,ad,mitte kunagi,alati,muu,kuulama,ära,1,,obl,
3910,kuulama üle kellel/millel,ad,mitte kunagi,alati,muu,kuulama,üle,1,,obl,
3911,siduma kinni kellel/millel,ad,alati,mitte kunagi,mitte kunagi,siduma,kinni,1,,obl,
3912,mängima välja kellel/millel,ad,mitte kunagi,vahel,muu,mängima,välja,1,,obl,
3913,kuulama pealt kellel/millel,ad,mitte kunagi,vahel,muu,kuulama,pealt,1,,obl,
3914,mängima vastu kellel/millel,ad,mitte kunagi,vahel,muu,mängima,vastu,1,,obl,
3915,tuuseldama kellel/millel,ad,mitte kunagi,vahel,muu,tuuseldama,,1,,obl,
3916,kuulatama kellel/millel,ad,mitte kunagi,vahel,muu,kuulatama,,1,,obl,
3917,shokeerima kellel/millel,ad,mitte kunagi,alati,pole kindel,shokeerima,,1,,obl,
3918,moodustama kokku kellel/millel,ad,mitte kunagi,alati,muu,moodustama,kokku,1,,obl,
3919,lahenema kellel/millel,ad,mitte kunagi,vahel,muu,lahenema,,1,,obl,
3920,punnima kellel/millel,ad,mitte kunagi,vahel,muu,punnima,,1,,obl,
3921,tulema alla kellel/millel,ad,mitte kunagi,vahel,muu,tulema,alla,1,,obl,
3922,tasandama kellel/millel,ad,mitte kunagi,vahel,muu,tasandama,,1,,obl,
3923,tulema alles kellel/millel,ad,vahel,mitte kunagi,pole kindel,tulema,alles,1,,obl,
3924,laenutama kellel/millel,ad,mitte kunagi,vahel,muu,laenutama,,1,,obl,
3925,siluma kellel/millel,ad,mitte kunagi,vahel,muu,siluma,,1,,obl,
3926,tasanduma kellel/millel,ad,mitte kunagi,alati,vaieldav märgendus,tasanduma,,1,,obl,
3927,tukkuma kellel/millel,ad,mitte kunagi,alati,muu,tukkuma,,1,,obl,
3928,tartuma kellel/millel,ad,mitte kunagi,mitte kunagi,muu,tartuma,,1,,obl,
3929,mudima kellel/millel,ad,mitte kunagi,alati,muu,mudima,,1,,obl,
3930,purema kellel/millel,ad,mitte kunagi,alati,muu,purema,,1,,obl,
3931,kütma kellel/millel,ad,mitte kunagi,alati,muu,kütma,,1,,obl,
3932,sillerdama kellel/millel,ad,mitte kunagi,alati,muu,sillerdama,,1,,obl,
3933,küüditama kellel/millel,ad,mitte kunagi,alati,muu,küüditama,,1,,obl,
3934,kütma üles kellel/millel,ad,mitte kunagi,alati,muu,kütma,üles,1,,obl,
3935,küttima üles kellel/millel,ad,mitte kunagi,alati,muu,küttima,üles,1,,obl,
3936,lahendama ära kellel/millel,ad,mitte kunagi,vahel,muu,lahendama,ära,1,,obl,
3937,tassima kellel/millel,ad,mitte kunagi,alati,muu,tassima,,1,,obl,
3938,muhelema kellel/millel,ad,mitte kunagi,alati,muu,muhelema,,1,,obl,
3939,tulema alt kellel/millel,ad,mitte kunagi,vahel,pole kindel,tulema,alt,1,,obl,
3940,kukkuma puruks kellel/millel,ad,mitte kunagi,alati,muu,kukkuma,puruks,1,,obl,
3941,silmitsema kellel/millel,ad,mitte kunagi,mitte kunagi,muu,silmitsema,,1,,obl,
3942,tasakaalustuma kellel/millel,ad,mitte kunagi,alati,muu,tasakaalustuma,,1,,obl,
3943,ladustama kellel/millel,ad,mitte kunagi,alati,muu,ladustama,,1,,obl,
3944,tulema edasi kellel/millel,ad,mitte kunagi,mitte kunagi,muu,tulema,edasi,1,,obl,
3945,tasakaalustama kellel/millel,ad,mitte kunagi,vahel,muu,tasakaalustama,,1,,obl,
3946,laekuma kokku kellel/millel,ad,mitte kunagi,vahel,muu,laekuma,kokku,1,,obl,
3947,laastama kellel/millel,ad,mitte kunagi,vahel,muu,laastama,,1,,obl,
3948,laenama kellel/millel,ad,mitte kunagi,mitte kunagi,muu,laenama,,1,,obl,
3949,"tulema alt, ära kellel/millel",ad,mitte kunagi,alati,vaieldav märgendus,tulema,alt,1,,obl,
3950,"tulema alt, ära kellel/millel",ad,mitte kunagi,alati,vaieldav märgendus,tulema,ära,1,,obl,
3951,moonduma kellel/millel,ad,mitte kunagi,vahel,muu,moonduma,,1,,obl,
3952,lagunema ära kellel/millel,ad,mitte kunagi,vahel,pole kindel,lagunema,ära,1,,obl,
3953,ladestuma kellel/millel,ad,mitte kunagi,alati,muu,ladestuma,,1,,obl,
3954,punnitama kellel/millel,ad,mitte kunagi,alati,muu,punnitama,,1,,obl,
3955,ladistama kellel/millel,ad,mitte kunagi,alati,mitte kunagi,ladistama,,1,,obl,
3956,silmama kellel/millel,ad,mitte kunagi,alati,mitte kunagi,silmama,,1,,obl,
3957,laduma kellel/millel,ad,mitte kunagi,alati,muu,laduma,,1,,obl,
3958,moonutama kellel/millel,ad,mitte kunagi,mitte kunagi,muu,moonutama,,1,,obl,
3959,lagunema laiali kellel/millel,ad,mitte kunagi,vahel,muu,lagunema,laiali,1,,obl,
3960,tuksuma kellel/millel,ad,vahel,vahel,muu,tuksuma,,1,,obl,
3961,küttima kellel/millel,ad,mitte kunagi,alati,muu,küttima,,1,,obl,
3962,tulema läbi kellel/millel,ad,mitte kunagi,mitte kunagi,muu,tulema,läbi,1,,obl,
3963,minetama kellel/millel,ad,mitte kunagi,vahel,muu,minetama,,1,,obl,
3964,lammutama kellel/millel,ad,mitte kunagi,alati,muu,lammutama,,1,,obl,
3965,tudeerima kellel/millel,ad,mitte kunagi,alati,muu,tudeerima,,1,,obl,
3966,minema ümber kellel/millel,ad,mitte kunagi,vahel,muu,minema,ümber,1,,obl,
3967,langema alla kellel/millel,ad,mitte kunagi,alati,muu,langema,alla,1,,obl,
3968,lamanduma kellel/millel,ad,mitte kunagi,vahel,muu,lamanduma,,1,,obl,
3969,tuhisema kellel/millel,ad,mitte kunagi,alati,mitte kunagi,tuhisema,,1,,obl,
3970,langema kokku kellel/millel,ad,mitte kunagi,vahel,muu,langema,kokku,1,,obl,
3971,minestama ära kellel/millel,ad,mitte kunagi,alati,mitte kunagi,minestama,ära,1,,obl,
3972,langema ära kellel/millel,ad,mitte kunagi,mitte kunagi,muu,langema,ära,1,,obl,
3973,laotama kellel/millel,ad,mitte kunagi,alati,muu,laotama,,1,,obl,
3974,siristama kellel/millel,ad,mitte kunagi,alati,mitte kunagi,siristama,,1,,obl,
3975,minema üles kellel/millel,ad,mitte kunagi,vahel,muu,minema,üles,1,,obl,
3976,langema maha kellel/millel,ad,mitte kunagi,vahel,muu,langema,maha,1,,obl,
3977,tsiteerima kellel/millel,ad,mitte kunagi,vahel,muu,tsiteerima,,1,,obl,
3978,langema peale kellel/millel,ad,mitte kunagi,vahel,pole kindel,langema,peale,1,,obl,
3979,tuduma kellel/millel,ad,mitte kunagi,vahel,muu,tuduma,,1,,obl,
3980,küsima juurde kellel/millel,ad,mitte kunagi,vahel,muu,küsima,juurde,1,,obl,
3981,tulema ilmsiks kellel/millel,ad,mitte kunagi,alati,mitte kunagi,tulema,ilmsiks,1,,obl,
3982,pingestama kellel/millel,ad,mitte kunagi,vahel,muu,pingestama,,1,,obl,
3983,küsitama kellel/millel,ad,mitte kunagi,mitte kunagi,muu,küsitama,,1,,obl,
3984,küsitlema kellel/millel,ad,mitte kunagi,alati,mitte kunagi,küsitlema,,1,,obl,
3985,tulema lahti kellel/millel,ad,mitte kunagi,mitte kunagi,muu,tulema,lahti,1,,obl,
3986,purjetama kellel/millel,ad,mitte kunagi,alati,mitte kunagi,purjetama,,1,,obl,
3987,tulema järele kellel/millel,ad,mitte kunagi,vahel,muu,tulema,järele,1,,obl,
3988,tulema kaasa kellel/millel,ad,mitte kunagi,mitte kunagi,muu,tulema,kaasa,1,,obl,
3989,laabuma kellel/millel,ad,mitte kunagi,vahel,muu,laabuma,,1,,obl,
3990,laadima kellel/millel,ad,mitte kunagi,mitte kunagi,muu,laadima,,1,,obl,
3991,pingestuma kellel/millel,ad,mitte kunagi,alati,muu,pingestuma,,1,,obl,
3992,laagerdama kellel/millel,ad,mitte kunagi,alati,muu,laagerdama,,1,,obl,
3993,laamendama kellel/millel,ad,mitte kunagi,alati,mitte kunagi,laamendama,,1,,obl,
3994,sirguma kellel/millel,ad,mitte kunagi,vahel,muu,sirguma,,1,,obl,
3995,tulema kohal kellel/millel,ad,mitte kunagi,mitte kunagi,muu,tulema,kohal,1,,obl,
3996,küünitama kellel/millel,ad,mitte kunagi,alati,muu,küünitama,,1,,obl,
3997,tulema kohale kellel/millel,ad,mitte kunagi,vahel,muu,tulema,kohale,1,,obl,
3998,punuma kellel/millel,ad,mitte kunagi,alati,muu,punuma,,1,,obl,
3999,sillutama kellel/millel,ad,mitte kunagi,vahel,muu,sillutama,,1,,obl,
4000,küürutama kellel/millel,ad,mitte kunagi,alati,mitte kunagi,küürutama,,1,,obl,
4001,motiveerima kellel/millel,ad,mitte kunagi,vahel,muu,motiveerima,,1,,obl,
4002,tulema kallale kellel/millel,ad,mitte kunagi,vahel,muu,tulema,kallale,1,,obl,
4003,minestama kellel/millel,ad,mitte kunagi,alati,muu,minestama,,1,,obl,
4004,kukkuma tagasi kellel/millel,ad,mitte kunagi,alati,muu,kukkuma,tagasi,1,,obl,
4005,kukkuma sisse kellel/millel,ad,mitte kunagi,vahel,muu,kukkuma,sisse,1,,obl,
4006,kripeldama kellel/millel,ad,vahel,vahel,muu,kripeldama,,1,,obl,
4007,kriiskama kellel/millel,ad,mitte kunagi,vahel,muu,kriiskama,,1,,obl,
4008,tõmblema kellel/millel,ad,mitte kunagi,vahel,muu,tõmblema,,1,,obl,
4009,kriipima kellel/millel,ad,vahel,vahel,muu,kriipima,,1,,obl,
4010,kristalliseeruma kellel/millel,ad,mitte kunagi,alati,muu,kristalliseeruma,,1,,obl,
4011,tõmbama välja kellel/millel,ad,mitte kunagi,vahel,muu,tõmbama,välja,1,,obl,
4012,tõmbama ära kellel/millel,ad,mitte kunagi,vahel,muu,tõmbama,ära,1,,obl,
4013,tõmbama üles kellel/millel,ad,mitte kunagi,vahel,muu,tõmbama,üles,1,,obl,
4014,spekuleerima kellel/millel,ad,mitte kunagi,alati,muu,spekuleerima,,1,,obl,
4015,päästma lahti kellel/millel,ad,mitte kunagi,alati,muu,päästma,lahti,1,,obl,
4016,kroonima kellel/millel,ad,mitte kunagi,vahel,muu,kroonima,,1,,obl,
4017,kultiveerima kellel/millel,ad,mitte kunagi,vahel,muu,kultiveerima,,1,,obl,
4018,pääsema ligi kellel/millel,ad,mitte kunagi,vahel,muu,pääsema,ligi,1,,obl,
4019,kulmineerima kellel/millel,ad,mitte kunagi,alati,mitte kunagi,kulmineerima,,1,,obl,
4020,kuluma kokku kellel/millel,ad,vahel,vahel,mitte kunagi,kuluma,kokku,1,,obl,
4021,täiustuma kellel/millel,ad,mitte kunagi,vahel,muu,täiustuma,,1,,obl,
4022,pääsema lahti kellel/millel,ad,mitte kunagi,alati,muu,pääsema,lahti,1,,obl,
4023,tõmbama täis kellel/millel,ad,vahel,vahel,muu,tõmbama,täis,1,,obl,
4024,tõmbama tagasi kellel/millel,ad,mitte kunagi,alati,muu,tõmbama,tagasi,1,,obl,
4025,sibama kellel/millel,ad,mitte kunagi,alati,muu,sibama,,1,,obl,
4026,kuivama ära kellel/millel,ad,mitte kunagi,alati,muu,kuivama,ära,1,,obl,
4027,kuivatama kellel/millel,ad,mitte kunagi,vahel,muu,kuivatama,,1,,obl,
4028,taipama kellel/millel,ad,mitte kunagi,vahel,muu,taipama,,1,,obl,
4029,kujundama välja kellel/millel,ad,vahel,vahel,muu,kujundama,välja,1,,obl,
4030,pääsema valla kellel/millel,ad,mitte kunagi,vahel,muu,pääsema,valla,1,,obl,
4031,kratsima kellel/millel,ad,mitte kunagi,alati,mitte kunagi,kratsima,,1,,obl,
4032,tõmbuma tagasi kellel/millel,ad,mitte kunagi,alati,muu,tõmbuma,tagasi,1,,obl,
4033,põdema kellel/millel,ad,mitte kunagi,vahel,muu,põdema,,1,,obl,
4034,mõjustama kellel/millel,ad,mitte kunagi,mitte kunagi,muu,mõjustama,,1,,obl,
4035,tõmbuma kokku kellel/millel,ad,mitte kunagi,alati,muu,tõmbuma,kokku,1,,obl,
4036,kruttima kellel/millel,ad,mitte kunagi,alati,muu,kruttima,,1,,obl,
4037,mõlkima kellel/millel,ad,mitte kunagi,alati,mitte kunagi,mõlkima,,1,,obl,
4038,serveerima kellel/millel,ad,mitte kunagi,alati,mitte kunagi,serveerima,,1,,obl,
4039,kraapima kellel/millel,ad,mitte kunagi,alati,muu,kraapima,,1,,obl,
4040,mõlgutama kellel/millel,ad,mitte kunagi,vahel,muu,mõlgutama,,1,,obl,
4041,krabama kellel/millel,ad,vahel,vahel,muu,krabama,,1,,obl,
4042,krabama kinni kellel/millel,ad,alati,mitte kunagi,mitte kunagi,krabama,kinni,1,,obl,
4043,tõmbuma kellel/millel,ad,mitte kunagi,vahel,muu,tõmbuma,,1,,obl,
4044,tahtma tagasi kellel/millel,ad,mitte kunagi,mitte kunagi,muu,tahtma,tagasi,1,,obl,
4045,pikeerima kellel/millel,ad,mitte kunagi,alati,muu,pikeerima,,1,,obl,
4046,pääsema läbi kellel/millel,ad,mitte kunagi,alati,muu,pääsema,läbi,1,,obl,
4047,sosistama kellel/millel,ad,mitte kunagi,vahel,muu,sosistama,,1,,obl,
4048,pääsema ringi kellel/millel,ad,mitte kunagi,alati,pole kindel,pääsema,ringi,1,,obl,
4049,määrama ära kellel/millel,ad,mitte kunagi,vahel,muu,määrama,ära,1,,obl,
4050,tõhustama kellel/millel,ad,mitte kunagi,vahel,muu,tõhustama,,1,,obl,
4051,tõlkima kellel/millel,ad,mitte kunagi,mitte kunagi,muu,tõlkima,,1,,obl,
4052,pääsema tagasi kellel/millel,ad,mitte kunagi,vahel,muu,pääsema,tagasi,1,,obl,
4053,määrduma kellel/millel,ad,mitte kunagi,mitte kunagi,muu,määrduma,,1,,obl,
4054,piiskama kellel/millel,ad,mitte kunagi,mitte kunagi,muu,piiskama,,1,,obl,
4055,tõlgendama kellel/millel,ad,mitte kunagi,mitte kunagi,muu,tõlgendama,,1,,obl,
4056,kujutlema kellel/millel,ad,mitte kunagi,vahel,muu,kujutlema,,1,,obl,
4057,tärisema kellel/millel,ad,mitte kunagi,alati,mitte kunagi,tärisema,,1,,obl,
4058,kukkuma ära kellel/millel,ad,vahel,vahel,muu,kukkuma,ära,1,,obl,
4059,pääsema mööda kellel/millel,ad,mitte kunagi,alati,mitte kunagi,pääsema,mööda,1,,obl,
4060,kukutama kellel/millel,ad,mitte kunagi,alati,muu,kukutama,,1,,obl,
4061,kukkuma ümber kellel/millel,ad,mitte kunagi,alati,muu,kukkuma,ümber,1,,obl,
4062,kukkuma maha kellel/millel,ad,vahel,vahel,pole kindel,kukkuma,maha,1,,obl,
4063,tõendama kellel/millel,ad,mitte kunagi,mitte kunagi,muu,tõendama,,1,,obl,
4064,piitsutama kellel/millel,ad,mitte kunagi,alati,mitte kunagi,piitsutama,,1,,obl,
4065,pääsema sisse kellel/millel,ad,mitte kunagi,vahel,muu,pääsema,sisse,1,,obl,
4066,tõkestama kellel/millel,ad,vahel,vahel,muu,tõkestama,,1,,obl,
4067,täpsustuma kellel/millel,ad,mitte kunagi,vahel,muu,täpsustuma,,1,,obl,
4068,täiustama kellel/millel,ad,mitte kunagi,vahel,muu,täiustama,,1,,obl,
4069,kumama kellel/millel,ad,vahel,vahel,muu,kumama,,1,,obl,
4070,talitama kellel/millel,ad,mitte kunagi,mitte kunagi,muu,talitama,,1,,obl,
4071,märkima ära kellel/millel,ad,mitte kunagi,alati,mitte kunagi,märkima,ära,1,,obl,
4072,kulutama ära kellel/millel,ad,mitte kunagi,vahel,muu,kulutama,ära,1,,obl,
4073,kumama läbi kellel/millel,ad,mitte kunagi,alati,vaieldav märgendus,kumama,läbi,1,,obl,
4074,täienema kellel/millel,ad,mitte kunagi,alati,muu,täienema,,1,,obl,
4075,kummardama kellel/millel,ad,mitte kunagi,alati,muu,kummardama,,1,,obl,
4076,märkima maha kellel/millel,ad,mitte kunagi,alati,muu,märkima,maha,1,,obl,
4077,kummarduma kellel/millel,ad,mitte kunagi,vahel,muu,kummarduma,,1,,obl,
4078,kumisema kellel/millel,ad,alati,mitte kunagi,muu,kumisema,,1,,obl,
4079,mässama kellel/millel,ad,mitte kunagi,alati,muu,mässama,,1,,obl,
4080,sibama ringi kellel/millel,ad,mitte kunagi,alati,muu,sibama,ringi,1,,obl,
4081,kulutama kokku kellel/millel,ad,mitte kunagi,vahel,muu,kulutama,kokku,1,,obl,
4082,kukutama läbi kellel/millel,ad,mitte kunagi,alati,muu,kukutama,läbi,1,,obl,
4083,määratlema kellel/millel,ad,mitte kunagi,vahel,muu,määratlema,,1,,obl,
4084,surema ära kellel/millel,ad,vahel,vahel,mitte kunagi,surema,ära,1,,obl,
4085,sodima kellel/millel,ad,mitte kunagi,alati,mitte kunagi,sodima,,1,,obl,
4086,saatma läbi kellel/millel,ad,mitte kunagi,vahel,muu,saatma,läbi,1,,obl,
4087,eksponeerima kellel/millel,ad,mitte kunagi,alati,mitte kunagi,eksponeerima,,1,,obl,
4088,aimama kellel/millel,ad,mitte kunagi,alati,muu,aimama,,1,,obl,
4089,erutama kellel/millel,ad,mitte kunagi,vahel,muu,erutama,,1,,obl,
4090,eksportima kellel/millel,ad,mitte kunagi,vahel,muu,eksportima,,1,,obl,
4091,ropendama kellel/millel,ad,mitte kunagi,alati,muu,ropendama,,1,,obl,
4092,improviseerima kellel/millel,ad,mitte kunagi,alati,mitte kunagi,improviseerima,,1,,obl,
4093,importima kellel/millel,ad,mitte kunagi,vahel,muu,importima,,1,,obl,
4094,ahvatlema kellel/millel,ad,mitte kunagi,vahel,muu,ahvatlema,,1,,obl,
4095,pabistama kellel/millel,ad,mitte kunagi,vahel,muu,pabistama,,1,,obl,
4096,ahastama kellel/millel,ad,mitte kunagi,vahel,muu,ahastama,,1,,obl,
4097,patseerima ringi kellel/millel,ad,mitte kunagi,alati,muu,patseerima,ringi,1,,obl,
4098,aheldama kellel/millel,ad,mitte kunagi,vahel,muu,aheldama,,1,,obl,
4099,pahandama kellel/millel,ad,mitte kunagi,vahel,muu,pahandama,,1,,obl,
4100,elama läbi kellel/millel,ad,mitte kunagi,alati,mitte kunagi,elama,läbi,1,,obl,
4101,elustuma kellel/millel,ad,mitte kunagi,alati,muu,elustuma,,1,,obl,
4102,panema üles kellel/millel,ad,mitte kunagi,vahel,muu,panema,üles,1,,obl,
4103,agiteerima kellel/millel,ad,mitte kunagi,vahel,muu,agiteerima,,1,,obl,
4104,esietendama kellel/millel,ad,mitte kunagi,alati,muu,esietendama,,1,,obl,
4105,viipama kellel/millel,ad,mitte kunagi,alati,muu,viipama,,1,,obl,
4106,rookima kellel/millel,ad,mitte kunagi,alati,muu,rookima,,1,,obl,
4107,embama kellel/millel,ad,mitte kunagi,alati,muu,embama,,1,,obl,
4108,innustama kellel/millel,ad,mitte kunagi,vahel,muu,innustama,,1,,obl,
4109,võlgnema kellel/millel,ad,mitte kunagi,vahel,muu,võlgnema,,1,,obl,
4110,saama ette kellel/millel,ad,vahel,vahel,muu,saama,ette,1,,obl,
4111,sõitma puruks kellel/millel,ad,vahel,vahel,mitte kunagi,sõitma,puruks,1,,obl,
4112,integreeruma kellel/millel,ad,mitte kunagi,mitte kunagi,muu,integreeruma,,1,,obl,
4113,aeglustama kellel/millel,ad,mitte kunagi,alati,muu,aeglustama,,1,,obl,
4114,samastama kellel/millel,ad,mitte kunagi,vahel,muu,samastama,,1,,obl,
4115,panema vastu kellel/millel,ad,mitte kunagi,alati,pole kindel,panema,vastu,1,,obl,
4116,otsima välja kellel/millel,ad,mitte kunagi,vahel,muu,otsima,välja,1,,obl,
4117,eskortima kellel/millel,ad,mitte kunagi,alati,mitte kunagi,eskortima,,1,,obl,
4118,võbelema kellel/millel,ad,mitte kunagi,alati,mitte kunagi,võbelema,,1,,obl,
4119,investeerima kokku kellel/millel,ad,mitte kunagi,alati,muu,investeerima,kokku,1,,obl,
4120,reisima ringi kellel/millel,ad,mitte kunagi,alati,muu,reisima,ringi,1,,obl,
4121,peitma kellel/millel,ad,mitte kunagi,alati,muu,peitma,,1,,obl,
4122,võimenduma kellel/millel,ad,mitte kunagi,alati,muu,võimenduma,,1,,obl,
4123,ahmima kellel/millel,ad,mitte kunagi,vahel,muu,ahmima,,1,,obl,
4124,elama edasi kellel/millel,ad,mitte kunagi,alati,muu,elama,edasi,1,,obl,
4125,rullima lahti kellel/millel,ad,mitte kunagi,alati,mitte kunagi,rullima,lahti,1,,obl,
4126,väärtustama kellel/millel,ad,mitte kunagi,mitte kunagi,muu,väärtustama,,1,,obl,
4127,saama alles kellel/millel,ad,mitte kunagi,mitte kunagi,muu,saama,alles,1,,obl,
4128,patseerima kellel/millel,ad,mitte kunagi,alati,mitte kunagi,patseerima,,1,,obl,
4129,elama sisse kellel/millel,ad,mitte kunagi,alati,muu,elama,sisse,1,,obl,
4130,saama hukka kellel/millel,ad,mitte kunagi,vahel,muu,saama,hukka,1,,obl,
4131,vingerdama kellel/millel,ad,mitte kunagi,vahel,muu,vingerdama,,1,,obl,
4132,painama kellel/millel,ad,mitte kunagi,alati,muu,painama,,1,,obl,
4133,saama kaasa kellel/millel,ad,mitte kunagi,vahel,muu,saama,kaasa,1,,obl,
4134,haakuma kellel/millel,ad,mitte kunagi,alati,muu,haakuma,,1,,obl,
4135,iganema kellel/millel,ad,mitte kunagi,mitte kunagi,muu,iganema,,1,,obl,
4136,olema tagasi kellel/millel,ad,mitte kunagi,alati,mitte kunagi,olema,tagasi,1,,obl,
4137,algama alles kellel/millel,ad,mitte kunagi,vahel,muu,algama,alles,1,,obl,
4138,saama ligi kellel/millel,ad,mitte kunagi,vahel,muu,saama,ligi,1,,obl,
4139,šokeerima kellel/millel,ad,mitte kunagi,alati,muu,šokeerima,,1,,obl,
4140,saabuma tagasi kellel/millel,ad,mitte kunagi,alati,mitte kunagi,saabuma,tagasi,1,,obl,
4141,painduma kellel/millel,ad,vahel,vahel,muu,painduma,,1,,obl,
4142,vinduma kellel/millel,ad,mitte kunagi,alati,muu,vinduma,,1,,obl,
4143,saama üles kellel/millel,ad,mitte kunagi,alati,muu,saama,üles,1,,obl,
4144,dubleerima kellel/millel,ad,mitte kunagi,mitte kunagi,muu,dubleerima,,1,,obl,
4145,ostma ära kellel/millel,ad,mitte kunagi,vahel,muu,ostma,ära,1,,obl,
4146,vältama kellel/millel,ad,mitte kunagi,alati,muu,vältama,,1,,obl,
4147,ühtima kellel/millel,ad,mitte kunagi,vahel,pole kindel,ühtima,,1,,obl,
4148,ühtlustama kellel/millel,ad,mitte kunagi,alati,muu,ühtlustama,,1,,obl,
4149,otsima üles kellel/millel,ad,mitte kunagi,alati,mitte kunagi,otsima,üles,1,,obl,
4150,ahhetama kellel/millel,ad,mitte kunagi,alati,muu,ahhetama,,1,,obl,
4151,elama lähedal kellel/millel,ad,vahel,vahel,muu,elama,lähedal,1,,obl,
4152,olema laiali kellel/millel,ad,mitte kunagi,vahel,muu,olema,laiali,1,,obl,
4153,võitma tagasi kellel/millel,ad,mitte kunagi,vahel,muu,võitma,tagasi,1,,obl,
4154,roolima kellel/millel,ad,mitte kunagi,alati,muu,roolima,,1,,obl,
4155,informeerima kellel/millel,ad,mitte kunagi,alati,muu,informeerima,,1,,obl,
4156,elama kaasa kellel/millel,ad,mitte kunagi,vahel,muu,elama,kaasa,1,,obl,
4157,elutsema kellel/millel,ad,mitte kunagi,alati,muu,elutsema,,1,,obl,
4158,samastuma kellel/millel,ad,mitte kunagi,vahel,muu,samastuma,,1,,obl,
4159,sulama kokku kellel/millel,ad,mitte kunagi,vahel,muu,sulama,kokku,1,,obl,
4160,viirastuma kellel/millel,ad,mitte kunagi,alati,muu,viirastuma,,1,,obl,
4161,ahistama kellel/millel,ad,mitte kunagi,alati,muu,ahistama,,1,,obl,
4162,saatma ilma kellel/millel,ad,mitte kunagi,alati,pole kindel,saatma,ilma,1,,obl,
4163,panema mööda kellel/millel,ad,mitte kunagi,vahel,muu,panema,mööda,1,,obl,
4164,investeerima kellel/millel,ad,mitte kunagi,vahel,muu,investeerima,,1,,obl,
4165,esitama vastu kellel/millel,ad,mitte kunagi,alati,pole kindel,esitama,vastu,1,,obl,
4166,elama koos kellel/millel,ad,mitte kunagi,alati,muu,elama,koos,1,,obl,
4167,rullima kellel/millel,ad,mitte kunagi,mitte kunagi,muu,rullima,,1,,obl,
4168,elama kokku kellel/millel,ad,mitte kunagi,alati,muu,elama,kokku,1,,obl,
4169,ahenema kellel/millel,ad,mitte kunagi,vahel,muu,ahenema,,1,,obl,
4170,saama edasi kellel/millel,ad,mitte kunagi,alati,muu,saama,edasi,1,,obl,
4171,identifitseerima kellel/millel,ad,mitte kunagi,vahel,muu,identifitseerima,,1,,obl,
4172,sulama ära kellel/millel,ad,mitte kunagi,alati,mitte kunagi,sulama,ära,1,,obl,
4173,aduma kellel/millel,ad,mitte kunagi,vahel,muu,aduma,,1,,obl,
4174,ehtima kellel/millel,ad,mitte kunagi,vahel,muu,ehtima,,1,,obl,
4175,olema peal kellel/millel,ad,vahel,vahel,muu,olema,peal,1,,obl,
4176,eristuma kellel/millel,ad,mitte kunagi,alati,mitte kunagi,eristuma,,1,,obl,
4177,imama kellel/millel,ad,mitte kunagi,vahel,vaieldav märgendus,imama,,1,,obl,
4178,võrdsustama kellel/millel,ad,mitte kunagi,vahel,muu,võrdsustama,,1,,obl,
4179,fikseeruma kellel/millel,ad,mitte kunagi,vahel,muu,fikseeruma,,1,,obl,
4180,einestama kellel/millel,ad,mitte kunagi,vahel,muu,einestama,,1,,obl,
4181,võrdsustuma kellel/millel,ad,mitte kunagi,vahel,muu,võrdsustuma,,1,,obl,
4182,väänama välja kellel/millel,ad,mitte kunagi,alati,mitte kunagi,väänama,välja,1,,obl,
4183,rekonstrueerima kellel/millel,ad,mitte kunagi,vahel,muu,rekonstrueerima,,1,,obl,
4184,filmima kellel/millel,ad,mitte kunagi,alati,mitte kunagi,filmima,,1,,obl,
4185,ajama alla kellel/millel,ad,mitte kunagi,alati,muu,ajama,alla,1,,obl,
4186,figureerima kellel/millel,ad,mitte kunagi,alati,muu,figureerima,,1,,obl,
4187,üllatuma kellel/millel,ad,mitte kunagi,vahel,muu,üllatuma,,1,,obl,
4188,eirama kellel/millel,ad,mitte kunagi,vahel,muu,eirama,,1,,obl,
4189,aitama välja kellel/millel,ad,mitte kunagi,alati,muu,aitama,välja,1,,obl,
4190,otsutama kellel/millel,ad,mitte kunagi,mitte kunagi,muu,otsutama,,1,,obl,
4191,ronima välja kellel/millel,ad,mitte kunagi,alati,muu,ronima,välja,1,,obl,
4192,saama kõrini kellel/millel,ad,alati,mitte kunagi,mitte kunagi,saama,kõrini,1,,obl,
4193,elama üle kellel/millel,ad,mitte kunagi,vahel,muu,elama,üle,1,,obl,
4194,saama eest kellel/millel,ad,mitte kunagi,vahel,muu,saama,eest,1,,obl,
4195,aerutama kellel/millel,ad,mitte kunagi,alati,mitte kunagi,aerutama,,1,,obl,
4196,sõitma maha kellel/millel,ad,mitte kunagi,vahel,muu,sõitma,maha,1,,obl,
4197,sähvima kellel/millel,ad,mitte kunagi,alati,mitte kunagi,sähvima,,1,,obl,
4198,võima kellel/millel,ad,mitte kunagi,mitte kunagi,muu,võima,,1,,obl,
4199,ehmatama kellel/millel,ad,mitte kunagi,alati,muu,ehmatama,,1,,obl,
4200,ajama läbi kellel/millel,ad,mitte kunagi,alati,mitte kunagi,ajama,läbi,1,,obl,
4201,peibutama kellel/millel,ad,mitte kunagi,alati,muu,peibutama,,1,,obl,
4202,finišeerima kellel/millel,ad,mitte kunagi,alati,mitte kunagi,finišeerima,,1,,obl,
4203,ennetama kellel/millel,ad,mitte kunagi,vahel,muu,ennetama,,1,,obl,
4204,väänama kellel/millel,ad,vahel,vahel,mitte kunagi,väänama,,1,,obl,
4205,finisheerima kellel/millel,ad,mitte kunagi,alati,pole kindel,finisheerima,,1,,obl,
4206,ajama laiali kellel/millel,ad,mitte kunagi,alati,mitte kunagi,ajama,laiali,1,,obl,
4207,otustama kellel/millel,ad,mitte kunagi,mitte kunagi,muu,otustama,,1,,obl,
4208,filosofeerima kellel/millel,ad,mitte kunagi,vahel,muu,filosofeerima,,1,,obl,
4209,üllitama kellel/millel,ad,mitte kunagi,alati,mitte kunagi,üllitama,,1,,obl,
4210,paugutama kellel/millel,ad,mitte kunagi,alati,mitte kunagi,paugutama,,1,,obl,
4211,rulluma lahti kellel/millel,ad,mitte kunagi,alati,muu,rulluma,lahti,1,,obl,
4212,panema tagasi kellel/millel,ad,mitte kunagi,vahel,muu,panema,tagasi,1,,obl,
4213,saatma edasi kellel/millel,ad,mitte kunagi,vahel,muu,saatma,edasi,1,,obl,
4214,imbuma kellel/millel,ad,mitte kunagi,alati,muu,imbuma,,1,,obl,
4215,viivitama kellel/millel,ad,mitte kunagi,vahel,muu,viivitama,,1,,obl,
4216,parafeerima kellel/millel,ad,mitte kunagi,alati,mitte kunagi,parafeerima,,1,,obl,
4217,olema otsa kellel/millel,ad,mitte kunagi,mitte kunagi,muu,olema,otsa,1,,obl,
4218,patsutama kellel/millel,ad,mitte kunagi,mitte kunagi,muu,patsutama,,1,,obl,
4219,elustama kellel/millel,ad,mitte kunagi,alati,muu,elustama,,1,,obl,
4220,paotama kellel/millel,ad,mitte kunagi,vahel,muu,paotama,,1,,obl,
4221,paeluma kellel/millel,ad,mitte kunagi,alati,muu,paeluma,,1,,obl,
4222,võitlema välja kellel/millel,ad,mitte kunagi,alati,muu,võitlema,välja,1,,obl,
4223,paukuma kellel/millel,ad,mitte kunagi,alati,mitte kunagi,paukuma,,1,,obl,
4224,intensiivistuma kellel/millel,ad,mitte kunagi,vahel,vaieldav märgendus,intensiivistuma,,1,,obl,
4225,otsustama ära kellel/millel,ad,mitte kunagi,vahel,muu,otsustama,ära,1,,obl,
4226,intervjueerima kellel/millel,ad,mitte kunagi,alati,muu,intervjueerima,,1,,obl,
4227,interpreteerima kellel/millel,ad,mitte kunagi,mitte kunagi,muu,interpreteerima,,1,,obl,
4228,olema küljes kellel/millel,ad,vahel,vahel,pole kindel,olema,küljes,1,,obl,
4229,viima üle kellel/millel,ad,mitte kunagi,vahel,muu,viima,üle,1,,obl,
4230,elatuma kellel/millel,ad,mitte kunagi,vahel,muu,elatuma,,1,,obl,
4231,võimendama kellel/millel,ad,mitte kunagi,mitte kunagi,muu,võimendama,,1,,obl,
4232,aeglustuma kellel/millel,ad,mitte kunagi,vahel,muu,aeglustuma,,1,,obl,
4233,sädelema kellel/millel,ad,mitte kunagi,alati,mitte kunagi,sädelema,,1,,obl,
4234,võima vaja kellel/millel,ad,alati,mitte kunagi,pole kindel,võima,vaja,1,,obl,
4235,pagema kellel/millel,ad,mitte kunagi,alati,muu,pagema,,1,,obl,
4236,esinema kokku kellel/millel,ad,mitte kunagi,alati,muu,esinema,kokku,1,,obl,
4237,intensiivistama kellel/millel,ad,mitte kunagi,alati,muu,intensiivistama,,1,,obl,
4238,elavnema kellel/millel,ad,mitte kunagi,alati,mitte kunagi,elavnema,,1,,obl,
4239,viima ära kellel/millel,ad,mitte kunagi,alati,mitte kunagi,viima,ära,1,,obl,
4240,viima üles kellel/millel,ad,mitte kunagi,alati,pole kindel,viima,üles,1,,obl,
4241,viima välja kellel/millel,ad,mitte kunagi,mitte kunagi,muu,viima,välja,1,,obl,
4242,aeguma kellel/millel,ad,mitte kunagi,alati,mitte kunagi,aeguma,,1,,obl,
4243,saatma mööda kellel/millel,ad,mitte kunagi,vahel,muu,saatma,mööda,1,,obl,
4244,installima kellel/millel,ad,mitte kunagi,vahel,muu,installima,,1,,obl,
4245,aelema kellel/millel,ad,mitte kunagi,alati,mitte kunagi,aelema,,1,,obl,
4246,ütlema lahti kellel/millel,ad,mitte kunagi,vahel,muu,ütlema,lahti,1,,obl,
4247,võitma juurde kellel/millel,ad,mitte kunagi,alati,muu,võitma,juurde,1,,obl,
4248,innustuma kellel/millel,ad,mitte kunagi,vahel,muu,innustuma,,1,,obl,
4249,elama välja kellel/millel,ad,mitte kunagi,alati,muu,elama,välja,1,,obl,
4250,invaliidistuma kellel/millel,ad,mitte kunagi,vahel,muu,invaliidistuma,,1,,obl,
4251,esitama kokku kellel/millel,ad,mitte kunagi,vahel,muu,esitama,kokku,1,,obl,
4252,panema ära kellel/millel,ad,mitte kunagi,vahel,muu,panema,ära,1,,obl,
4253,elavdama kellel/millel,ad,mitte kunagi,vahel,muu,elavdama,,1,,obl,
4254,roomama kellel/millel,ad,mitte kunagi,alati,muu,roomama,,1,,obl,
4255,elama ära kellel/millel,ad,mitte kunagi,vahel,muu,elama,ära,1,,obl,
4256,inspireerima kellel/millel,ad,mitte kunagi,mitte kunagi,muu,inspireerima,,1,,obl,
4257,inspekteerima kellel/millel,ad,mitte kunagi,alati,muu,inspekteerima,,1,,obl,
4258,võitma kokku kellel/millel,ad,mitte kunagi,alati,muu,võitma,kokku,1,,obl,
4259,viimistlema kellel/millel,ad,mitte kunagi,alati,muu,viimistlema,,1,,obl,
4260,elatama kellel/millel,ad,mitte kunagi,vahel,muu,elatama,,1,,obl,
4261,esinema koos kellel/millel,ad,mitte kunagi,alati,muu,esinema,koos,1,,obl,
4262,idanema kellel/millel,ad,mitte kunagi,vahel,muu,idanema,,1,,obl,
4263,rentima kellel/millel,ad,mitte kunagi,alati,muu,rentima,,1,,obl,
4264,panema peale kellel/millel,ad,mitte kunagi,vahel,muu,panema,peale,1,,obl,
4265,formeeruma kellel/millel,ad,mitte kunagi,alati,muu,formeeruma,,1,,obl,
4266,väsima ära kellel/millel,ad,vahel,vahel,muu,väsima,ära,1,,obl,
4267,ehitama valmis kellel/millel,ad,mitte kunagi,vahel,muu,ehitama,valmis,1,,obl,
4268,väsitama kellel/millel,ad,mitte kunagi,alati,muu,väsitama,,1,,obl,
4269,panema püsti kellel/millel,ad,mitte kunagi,alati,mitte kunagi,panema,püsti,1,,obl,
4270,vilistama kellel/millel,ad,mitte kunagi,alati,mitte kunagi,vilistama,,1,,obl,
4271,värvuma kellel/millel,ad,mitte kunagi,alati,muu,värvuma,,1,,obl,
4272,saagima maha kellel/millel,ad,vahel,vahel,muu,saagima,maha,1,,obl,
4273,ajama taga kellel/millel,ad,mitte kunagi,alati,muu,ajama,taga,1,,obl,
4274,saastuma kellel/millel,ad,mitte kunagi,vahel,muu,saastuma,,1,,obl,
4275,sulanduma kellel/millel,ad,mitte kunagi,vahel,muu,sulanduma,,1,,obl,
4276,ironiseerima kellel/millel,ad,mitte kunagi,vahel,muu,ironiseerima,,1,,obl,
4277,ilmuma kokku kellel/millel,ad,mitte kunagi,vahel,muu,ilmuma,kokku,1,,obl,
4278,ruttama kellel/millel,ad,mitte kunagi,vahel,muu,ruttama,,1,,obl,
4279,üürgama kellel/millel,ad,mitte kunagi,alati,mitte kunagi,üürgama,,1,,obl,
4280,ajama sisse kellel/millel,ad,mitte kunagi,alati,pole kindel,ajama,sisse,1,,obl,
4281,ilmuma kohale kellel/millel,ad,mitte kunagi,vahel,muu,ilmuma,kohale,1,,obl,
4282,formuleerima kellel/millel,ad,mitte kunagi,vahel,muu,formuleerima,,1,,obl,
4283,värbama kellel/millel,ad,mitte kunagi,vahel,muu,värbama,,1,,obl,
4284,ehitama välja kellel/millel,ad,mitte kunagi,vahel,muu,ehitama,välja,1,,obl,
4285,võrsuma kellel/millel,ad,mitte kunagi,alati,mitte kunagi,võrsuma,,1,,obl,
4286,võtma alla kellel/millel,ad,mitte kunagi,alati,muu,võtma,alla,1,,obl,
4287,ilmuma ette kellel/millel,ad,mitte kunagi,vahel,muu,ilmuma,ette,1,,obl,
4288,ajama välja kellel/millel,ad,mitte kunagi,alati,muu,ajama,välja,1,,obl,
4289,funktsioneerima kellel/millel,ad,mitte kunagi,mitte kunagi,muu,funktsioneerima,,1,,obl,
4290,summutama kellel/millel,ad,mitte kunagi,vahel,muu,summutama,,1,,obl,
4291,ergutama kellel/millel,ad,mitte kunagi,vahel,muu,ergutama,,1,,obl,
4292,paigutuma kellel/millel,ad,mitte kunagi,vahel,muu,paigutuma,,1,,obl,
4293,väristama kellel/millel,ad,mitte kunagi,alati,mitte kunagi,väristama,,1,,obl,
4294,pealkirjastama kellel/millel,ad,mitte kunagi,alati,mitte kunagi,pealkirjastama,,1,,obl,
4295,funkama kellel/millel,ad,vahel,vahel,pole kindel,funkama,,1,,obl,
4296,viljelema kellel/millel,ad,mitte kunagi,vahel,muu,viljelema,,1,,obl,
4297,värskendama kellel/millel,ad,mitte kunagi,vahel,muu,värskendama,,1,,obl,
4298,saama juurde kellel/millel,ad,mitte kunagi,mitte kunagi,muu,saama,juurde,1,,obl,
4299,suplema kellel/millel,ad,mitte kunagi,alati,muu,suplema,,1,,obl,
4300,ajama püsti kellel/millel,ad,alati,mitte kunagi,pole kindel,ajama,püsti,1,,obl,
4301,olema koos kellel/millel,ad,mitte kunagi,alati,muu,olema,koos,1,,obl,
4302,ajama segi kellel/millel,ad,vahel,vahel,muu,ajama,segi,1,,obl,
4303,pankrotistuma kellel/millel,ad,mitte kunagi,mitte kunagi,muu,pankrotistuma,,1,,obl,
4304,pehmenema kellel/millel,ad,mitte kunagi,vahel,vaieldav märgendus,pehmenema,,1,,obl,
4305,üürima välja kellel/millel,ad,mitte kunagi,mitte kunagi,muu,üürima,välja,1,,obl,
4306,peatama kinni kellel/millel,ad,mitte kunagi,alati,mitte kunagi,peatama,kinni,1,,obl,
4307,olema taga kellel/millel,ad,mitte kunagi,vahel,muu,olema,taga,1,,obl,
4308,vilksatama kellel/millel,ad,mitte kunagi,alati,muu,vilksatama,,1,,obl,
4309,ülistama kellel/millel,ad,mitte kunagi,alati,muu,ülistama,,1,,obl,
4310,ajama üles kellel/millel,ad,mitte kunagi,alati,muu,ajama,üles,1,,obl,
4311,sumbuma kellel/millel,ad,mitte kunagi,vahel,muu,sumbuma,,1,,obl,
4312,saastama kellel/millel,ad,mitte kunagi,mitte kunagi,muu,saastama,,1,,obl,
4313,eestima kellel/millel,ad,mitte kunagi,mitte kunagi,muu,,eestima,1,,obl,
4314,ajendama kellel/millel,ad,mitte kunagi,mitte kunagi,muu,ajendama,,1,,obl,
4315,säiluma kellel/millel,ad,mitte kunagi,vahel,muu,säiluma,,1,,obl,
4316,ronima maha kellel/millel,ad,mitte kunagi,vahel,muu,ronima,maha,1,,obl,
4317,ilkuma kellel/millel,ad,mitte kunagi,alati,muu,ilkuma,,1,,obl,
4318,saagima kellel/millel,ad,mitte kunagi,vahel,muu,saagima,,1,,obl,
4319,värelema kellel/millel,ad,mitte kunagi,alati,muu,värelema,,1,,obl,
4320,irvitama kellel/millel,ad,mitte kunagi,alati,muu,irvitama,,1,,obl,
4321,"olema kokku, võlgu kellel/millel",ad,alati,mitte kunagi,pole kindel,olema,kokku,1,,obl,
4322,"olema kokku, võlgu kellel/millel",ad,alati,mitte kunagi,pole kindel,olema,võlgu,1,,obl,
4323,illustreerima kellel/millel,ad,mitte kunagi,vahel,muu,illustreerima,,1,,obl,
4324,ajastama kellel/millel,ad,mitte kunagi,vahel,muu,ajastama,,1,,obl,
4325,ülendama kellel/millel,ad,mitte kunagi,alati,muu,ülendama,,1,,obl,
4326,panema pihta kellel/millel,ad,mitte kunagi,alati,mitte kunagi,panema,pihta,1,,obl,
4327,garanteerima kellel/millel,ad,mitte kunagi,vahel,muu,garanteerima,,1,,obl,
4328,ajama ära kellel/millel,ad,mitte kunagi,vahel,pole kindel,ajama,ära,1,,obl,
4329,eemalduma kellel/millel,ad,mitte kunagi,alati,vaieldav märgendus,eemalduma,,1,,obl,
4330,gastroleerima kellel/millel,ad,mitte kunagi,alati,muu,gastroleerima,,1,,obl,
4331,vilksatama läbi kellel/millel,ad,vahel,vahel,mitte kunagi,vilksatama,läbi,1,,obl,
4332,akkama kellel/millel,ad,mitte kunagi,mitte kunagi,muu,akkama,,1,,obl,
4333,ikalduma kellel/millel,ad,vahel,vahel,muu,ikalduma,,1,,obl,
4334,genereerima kellel/millel,ad,mitte kunagi,mitte kunagi,muu,genereerima,,1,,obl,
4335,aktiveerima kellel/millel,ad,mitte kunagi,alati,muu,aktiveerima,,1,,obl,
4336,sõitma külge kellel/millel,ad,mitte kunagi,alati,mitte kunagi,sõitma,külge,1,,obl,
4337,aktiveeruma kellel/millel,ad,mitte kunagi,vahel,muu,aktiveeruma,,1,,obl,
4338,saatma ära kellel/millel,ad,mitte kunagi,vahel,muu,saatma,ära,1,,obl,
4339,võtma juurde kellel/millel,ad,mitte kunagi,alati,muu,võtma,juurde,1,,obl,
4340,paterdama kellel/millel,ad,mitte kunagi,alati,muu,paterdama,,1,,obl,
4341,vilkuma kellel/millel,ad,mitte kunagi,vahel,muu,vilkuma,,1,,obl,
4342,võrgutama kellel/millel,ad,mitte kunagi,vahel,muu,võrgutama,,1,,obl,
4343,patustama kellel/millel,ad,mitte kunagi,vahel,muu,patustama,,1,,obl,
4344,saatma laiali kellel/millel,ad,mitte kunagi,alati,muu,saatma,laiali,1,,obl,
4345,ilmestama kellel/millel,ad,mitte kunagi,alati,muu,ilmestama,,1,,obl,
4346,ajama maha kellel/millel,ad,mitte kunagi,alati,muu,ajama,maha,1,,obl,
4347,remontima kellel/millel,ad,mitte kunagi,alati,muu,remontima,,1,,obl,
4348,dokumenteerima kellel/millel,ad,mitte kunagi,alati,muu,dokumenteerima,,1,,obl,
4349,saama ümber kellel/millel,ad,mitte kunagi,alati,pole kindel,saama,ümber,1,,obl,
4350,pantima kellel/millel,ad,mitte kunagi,vahel,muu,pantima,,1,,obl,
4351,väntama kellel/millel,ad,mitte kunagi,vahel,muu,väntama,,1,,obl,
4352,edendama kellel/millel,ad,mitte kunagi,vahel,muu,edendama,,1,,obl,
4353,vänderdama kellel/millel,ad,mitte kunagi,vahel,muu,vänderdama,,1,,obl,
4354,ühilduma kellel/millel,ad,mitte kunagi,mitte kunagi,muu,ühilduma,,1,,obl,
4355,distsiplineerima kellel/millel,ad,mitte kunagi,vahel,muu,distsiplineerima,,1,,obl,
4356,panema külge kellel/millel,ad,mitte kunagi,mitte kunagi,muu,panema,külge,1,,obl,
4357,haigutama kellel/millel,ad,mitte kunagi,vahel,muu,haigutama,,1,,obl,
4358,hüppama üles kellel/millel,ad,mitte kunagi,alati,mitte kunagi,hüppama,üles,1,,obl,
4359,surema kokku kellel/millel,ad,mitte kunagi,vahel,muu,surema,kokku,1,,obl,
4360,distantseeruma kellel/millel,ad,mitte kunagi,vahel,muu,distantseeruma,,1,,obl,
4361,rentima välja kellel/millel,ad,mitte kunagi,vahel,muu,rentima,välja,1,,obl,
4362,eraldama kokku kellel/millel,ad,mitte kunagi,vahel,muu,eraldama,kokku,1,,obl,
4363,suvitama kellel/millel,ad,mitte kunagi,alati,mitte kunagi,suvitama,,1,,obl,
4364,algatama vastu kellel/millel,ad,mitte kunagi,alati,pole kindel,algatama,vastu,1,,obl,
4365,panustama kellel/millel,ad,mitte kunagi,vahel,muu,panustama,,1,,obl,
4366,hüüatama kellel/millel,ad,mitte kunagi,alati,mitte kunagi,hüüatama,,1,,obl,
4367,olema täis kellel/millel,ad,mitte kunagi,mitte kunagi,muu,olema,täis,1,,obl,
4368,ostma tagasi kellel/millel,ad,mitte kunagi,vahel,muu,ostma,tagasi,1,,obl,
4369,aktualiseeruma kellel/millel,ad,mitte kunagi,vahel,muu,aktualiseeruma,,1,,obl,
4370,panema otsa kellel/millel,ad,mitte kunagi,vahel,pole kindel,panema,otsa,1,,obl,
4371,ennistama kellel/millel,ad,mitte kunagi,vahel,muu,ennistama,,1,,obl,
4372,pehmendama kellel/millel,ad,mitte kunagi,vahel,muu,pehmendama,,1,,obl,
4373,ignoreerima kellel/millel,ad,mitte kunagi,vahel,muu,ignoreerima,,1,,obl,
4374,ruulima kellel/millel,ad,mitte kunagi,alati,mitte kunagi,,ruulima,1,,obl,
4375,grillima kellel/millel,ad,mitte kunagi,alati,mitte kunagi,grillima,,1,,obl,
4376,igavlema kellel/millel,ad,mitte kunagi,alati,muu,igavlema,,1,,obl,
4377,aktsepteerima kellel/millel,ad,mitte kunagi,vahel,muu,aktsepteerima,,1,,obl,
4378,sõitma sisse kellel/millel,ad,mitte kunagi,alati,mitte kunagi,sõitma,sisse,1,,obl,
4379,aktiviseerima kellel/millel,ad,mitte kunagi,vahel,muu,aktiviseerima,,1,,obl,
4380,võtma järele kellel/millel,ad,mitte kunagi,alati,mitte kunagi,võtma,järele,1,,obl,
4381,ihaldama kellel/millel,ad,mitte kunagi,alati,muu,ihaldama,,1,,obl,
4382,villima kellel/millel,ad,mitte kunagi,mitte kunagi,muu,villima,,1,,obl,
4383,saama kinni kellel/millel,ad,vahel,vahel,muu,saama,kinni,1,,obl,
4384,aktiviseeruma kellel/millel,ad,mitte kunagi,vahel,muu,aktiviseeruma,,1,,obl,
4385,osundama kellel/millel,ad,mitte kunagi,vahel,muu,osundama,,1,,obl,
4386,renoveerima kellel/millel,ad,mitte kunagi,alati,mitte kunagi,renoveerima,,1,,obl,
4387,roostetama kellel/millel,ad,mitte kunagi,alati,muu,roostetama,,1,,obl,
4388,erastama kellel/millel,ad,mitte kunagi,vahel,muu,erastama,,1,,obl,
4389,haakima kellel/millel,ad,mitte kunagi,alati,muu,haakima,,1,,obl,
4390,ühtlustuma kellel/millel,ad,mitte kunagi,vahel,muu,ühtlustuma,,1,,obl,
4391,igatsema kellel/millel,ad,mitte kunagi,vahel,muu,igatsema,,1,,obl,
4392,alahindama kellel/millel,ad,mitte kunagi,mitte kunagi,muu,alahindama,,1,,obl,
4393,iseseisvuma kellel/millel,ad,mitte kunagi,vahel,muu,iseseisvuma,,1,,obl,
4394,võistlema kaasa kellel/millel,ad,mitte kunagi,alati,muu,võistlema,kaasa,1,,obl,
4395,vinguma kellel/millel,ad,mitte kunagi,alati,muu,vinguma,,1,,obl,
4396,sõitma koos kellel/millel,ad,mitte kunagi,alati,muu,sõitma,koos,1,,obl,
4397,algama peale kellel/millel,ad,mitte kunagi,alati,muu,algama,peale,1,,obl,
4398,haavama kellel/millel,ad,mitte kunagi,alati,muu,haavama,,1,,obl,
4399,doteerima kellel/millel,ad,mitte kunagi,vahel,muu,doteerima,,1,,obl,
4400,võtma lahti kellel/millel,ad,mitte kunagi,vahel,muu,võtma,lahti,1,,obl,
4401,patenteerima kellel/millel,ad,mitte kunagi,alati,muu,patenteerima,,1,,obl,
4402,sallima kellel/millel,ad,mitte kunagi,vahel,muu,sallima,,1,,obl,
4403,panema plehku kellel/millel,ad,mitte kunagi,alati,mitte kunagi,panema,plehku,1,,obl,
4404,värvima kellel/millel,ad,mitte kunagi,alati,muu,värvima,,1,,obl,
4405,üürima kellel/millel,ad,mitte kunagi,alati,muu,üürima,,1,,obl,
4406,flirtima kellel/millel,ad,mitte kunagi,vahel,muu,flirtima,,1,,obl,
4407,sõitma läbi kellel/millel,ad,mitte kunagi,mitte kunagi,muu,sõitma,läbi,1,,obl,
4408,saatma välja kellel/millel,ad,mitte kunagi,alati,muu,saatma,välja,1,,obl,
4409,ajama täis kellel/millel,ad,alati,mitte kunagi,mitte kunagi,ajama,täis,1,,obl,
4410,ehitama üles kellel/millel,ad,mitte kunagi,vahel,muu,ehitama,üles,1,,obl,
4411,peitma ära kellel/millel,ad,mitte kunagi,alati,muu,peitma,ära,1,,obl,
4412,panema lukku kellel/millel,ad,mitte kunagi,vahel,muu,panema,lukku,1,,obl,
4413,sulatama kellel/millel,ad,mitte kunagi,alati,muu,sulatama,,1,,obl,
4414,hüvitama kellel/millel,ad,mitte kunagi,mitte kunagi,muu,hüvitama,,1,,obl,
4415,rokkima kellel/millel,ad,mitte kunagi,vahel,muu,rokkima,,1,,obl,
4416,hüppama välja kellel/millel,ad,mitte kunagi,vahel,muu,hüppama,välja,1,,obl,
4417,saabuma kohale kellel/millel,ad,mitte kunagi,alati,muu,saabuma,kohale,1,,obl,
4418,haisema kellel/millel,ad,mitte kunagi,vahel,muu,haisema,,1,,obl,
4419,ostma sisse kellel/millel,ad,mitte kunagi,vahel,muu,ostma,sisse,1,,obl,
4420,võtma läbi kellel/millel,ad,mitte kunagi,vahel,muu,võtma,läbi,1,,obl,
4421,panema kõrvale kellel/millel,ad,mitte kunagi,alati,muu,panema,kõrvale,1,,obl,
4422,hüppama ära kellel/millel,ad,mitte kunagi,vahel,muu,hüppama,ära,1,,obl,
4423,vinnama kellel/millel,ad,mitte kunagi,vahel,muu,vinnama,,1,,obl,
4424,haihtuma kellel/millel,ad,mitte kunagi,vahel,muu,haihtuma,,1,,obl,
4425,ostma välja kellel/millel,ad,mitte kunagi,alati,muu,ostma,välja,1,,obl,
4426,parandama ära kellel/millel,ad,mitte kunagi,alati,muu,parandama,ära,1,,obl,
4427,haarama kaasa kellel/millel,ad,mitte kunagi,vahel,muu,haarama,kaasa,1,,obl,
4428,võtma käsile kellel/millel,ad,mitte kunagi,alati,mitte kunagi,võtma,käsile,1,,obl,
4429,välkuma kellel/millel,ad,mitte kunagi,alati,muu,välkuma,,1,,obl,
4430,sumpama kellel/millel,ad,mitte kunagi,alati,mitte kunagi,sumpama,,1,,obl,
4431,ilustama kellel/millel,ad,mitte kunagi,vahel,muu,ilustama,,1,,obl,
4432,õõnestama kellel/millel,ad,mitte kunagi,mitte kunagi,muu,õõnestama,,1,,obl,
4433,hoidma sees kellel/millel,ad,vahel,vahel,mitte kunagi,hoidma,sees,1,,obl,
4434,ässitama kellel/millel,ad,mitte kunagi,vahel,muu,ässitama,,1,,obl,
4435,riknema kellel/millel,ad,mitte kunagi,vahel,muu,riknema,,1,,obl,
4436,voogama kellel/millel,ad,mitte kunagi,alati,mitte kunagi,voogama,,1,,obl,
4437,hoidma eemale kellel/millel,ad,mitte kunagi,vahel,muu,hoidma,eemale,1,,obl,
4438,röögatama kellel/millel,ad,mitte kunagi,vahel,muu,röögatama,,1,,obl,
4439,hoidma tagasi kellel/millel,ad,mitte kunagi,vahel,muu,hoidma,tagasi,1,,obl,
4440,ärrituma kellel/millel,ad,mitte kunagi,vahel,muu,ärrituma,,1,,obl,
4441,suruma peale kellel/millel,ad,mitte kunagi,vahel,muu,suruma,peale,1,,obl,
4442,suruma maha kellel/millel,ad,mitte kunagi,vahel,muu,suruma,maha,1,,obl,
4443,hoidma kokku kellel/millel,ad,mitte kunagi,vahel,muu,hoidma,kokku,1,,obl,
4444,hoidma lahti kellel/millel,ad,mitte kunagi,alati,mitte kunagi,hoidma,lahti,1,,obl,
4445,pakkuma üle kellel/millel,ad,mitte kunagi,vahel,muu,pakkuma,üle,1,,obl,
4446,rikkuma ära kellel/millel,ad,mitte kunagi,vahel,muu,rikkuma,ära,1,,obl,
4447,voolama alla kellel/millel,ad,vahel,vahel,pole kindel,voolama,alla,1,,obl,
4448,hoidma kõrvale kellel/millel,ad,mitte kunagi,vahel,muu,hoidma,kõrvale,1,,obl,
4449,röökima kellel/millel,ad,mitte kunagi,alati,muu,röökima,,1,,obl,
4450,õgima kellel/millel,ad,mitte kunagi,vahel,muu,õgima,,1,,obl,
4451,asetuma kellel/millel,ad,mitte kunagi,alati,muu,asetuma,,1,,obl,
4452,riisuma kellel/millel,ad,mitte kunagi,alati,muu,riisuma,,1,,obl,
4453,sõimama täis kellel/millel,ad,alati,mitte kunagi,mitte kunagi,sõimama,täis,1,,obl,
4454,paljastuma kellel/millel,ad,mitte kunagi,alati,muu,paljastuma,,1,,obl,
4455,hoomama kellel/millel,ad,mitte kunagi,alati,mitte kunagi,hoomama,,1,,obl,
4456,suitsema kellel/millel,ad,mitte kunagi,alati,mitte kunagi,suitsema,,1,,obl,
4457,astuma vastu kellel/millel,ad,mitte kunagi,alati,muu,astuma,vastu,1,,obl,
4458,suruma välja kellel/millel,ad,mitte kunagi,vahel,muu,suruma,välja,1,,obl,
4459,astuma vahele kellel/millel,ad,mitte kunagi,vahel,muu,astuma,vahele,1,,obl,
4460,himustama kellel/millel,ad,mitte kunagi,vahel,muu,himustama,,1,,obl,
4461,vohama kellel/millel,ad,mitte kunagi,alati,mitte kunagi,vohama,,1,,obl,
4462,hiivama kellel/millel,ad,mitte kunagi,alati,muu,hiivama,,1,,obl,
4463,hilinema kellel/millel,ad,mitte kunagi,vahel,muu,hilinema,,1,,obl,
4464,hooplema kellel/millel,ad,mitte kunagi,alati,muu,hooplema,,1,,obl,
4465,ootama ära kellel/millel,ad,mitte kunagi,mitte kunagi,muu,ootama,ära,1,,obl,
4466,sõimama kellel/millel,ad,mitte kunagi,vahel,muu,sõimama,,1,,obl,
4467,äritsema kellel/millel,ad,mitte kunagi,vahel,muu,äritsema,,1,,obl,
4468,suruma läbi kellel/millel,ad,mitte kunagi,alati,muu,suruma,läbi,1,,obl,
4469,peetama kellel/millel,ad,mitte kunagi,mitte kunagi,muu,peetama,,1,,obl,
4470,sagima kellel/millel,ad,mitte kunagi,alati,mitte kunagi,sagima,,1,,obl,
4471,ärritama kellel/millel,ad,mitte kunagi,mitte kunagi,muu,ärritama,,1,,obl,
4472,pakutama kellel/millel,ad,mitte kunagi,mitte kunagi,muu,pakutama,,1,,obl,
4473,assisteerima kellel/millel,ad,mitte kunagi,vahel,muu,assisteerima,,1,,obl,
4474,voolama maha kellel/millel,ad,mitte kunagi,vahel,muu,voolama,maha,1,,obl,
4475,ärkama üles kellel/millel,ad,mitte kunagi,alati,muu,ärkama,üles,1,,obl,
4476,arvutama kellel/millel,ad,mitte kunagi,alati,muu,arvutama,,1,,obl,
4477,assotsieeruma kellel/millel,ad,alati,mitte kunagi,muu,assotsieeruma,,1,,obl,
4478,sõitma alla kellel/millel,ad,mitte kunagi,alati,muu,sõitma,alla,1,,obl,
4479,ärplema kellel/millel,ad,mitte kunagi,alati,mitte kunagi,ärplema,,1,,obl,
4480,austama kellel/millel,ad,mitte kunagi,vahel,muu,austama,,1,,obl,
4481,pajatama kellel/millel,ad,mitte kunagi,vahel,muu,pajatama,,1,,obl,
4482,ägenema kellel/millel,ad,mitte kunagi,vahel,muu,ägenema,,1,,obl,
4483,aurustuma kellel/millel,ad,mitte kunagi,vahel,muu,aurustuma,,1,,obl,
4484,pakatama kellel/millel,ad,mitte kunagi,alati,mitte kunagi,pakatama,,1,,obl,
4485,häbenema kellel/millel,ad,mitte kunagi,vahel,muu,häbenema,,1,,obl,
4486,heitma välja kellel/millel,ad,mitte kunagi,alati,mitte kunagi,heitma,välja,1,,obl,
4487,rühkima üles kellel/millel,ad,mitte kunagi,alati,mitte kunagi,rühkima,üles,1,,obl,
4488,õngitsema kellel/millel,ad,mitte kunagi,alati,mitte kunagi,õngitsema,,1,,obl,
4489,häbistama kellel/millel,ad,mitte kunagi,vahel,muu,häbistama,,1,,obl,
4490,suitsetama kellel/millel,ad,mitte kunagi,vahel,muu,suitsetama,,1,,obl,
4491,hoidma ära kellel/millel,ad,mitte kunagi,vahel,muu,hoidma,ära,1,,obl,
4492,rikastama kellel/millel,ad,mitte kunagi,vahel,muu,rikastama,,1,,obl,
4493,vonklema kellel/millel,ad,mitte kunagi,alati,mitte kunagi,vonklema,,1,,obl,
4494,hirmuma kellel/millel,ad,mitte kunagi,mitte kunagi,muu,hirmuma,,1,,obl,
4495,astuma esile kellel/millel,ad,mitte kunagi,vahel,muu,astuma,esile,1,,obl,
4496,astuma ette kellel/millel,ad,mitte kunagi,alati,pole kindel,astuma,ette,1,,obl,
4497,õhkima kellel/millel,ad,mitte kunagi,alati,muu,õhkima,,1,,obl,
4498,õhkama kellel/millel,ad,mitte kunagi,alati,muu,õhkama,,1,,obl,
4499,astuma edasi kellel/millel,ad,mitte kunagi,vahel,muu,astuma,edasi,1,,obl,
4500,hirmutama kellel/millel,ad,mitte kunagi,vahel,muu,hirmutama,,1,,obl,
4501,arvustama kellel/millel,ad,mitte kunagi,alati,muu,arvustama,,1,,obl,
4502,hoiduma kellel/millel,ad,mitte kunagi,vahel,muu,hoiduma,,1,,obl,
4503,sõidutama kellel/millel,ad,mitte kunagi,alati,muu,sõidutama,,1,,obl,
4504,peesitama kellel/millel,ad,mitte kunagi,alati,mitte kunagi,peesitama,,1,,obl,
4505,hingeldama kellel/millel,ad,mitte kunagi,alati,muu,hingeldama,,1,,obl,
4506,oopima kellel/millel,ad,mitte kunagi,mitte kunagi,muu,,oopima,1,,obl,
4507,sadestuma kellel/millel,ad,mitte kunagi,vahel,muu,sadestuma,,1,,obl,
4508,hingitsema kellel/millel,ad,mitte kunagi,vahel,muu,hingitsema,,1,,obl,
4509,õhkuma kellel/millel,ad,mitte kunagi,alati,muu,õhkuma,,1,,obl,
4510,astuma juurde kellel/millel,ad,mitte kunagi,alati,muu,astuma,juurde,1,,obl,
4511,arvutama välja kellel/millel,ad,mitte kunagi,vahel,muu,arvutama,välja,1,,obl,
4512,rikastuma kellel/millel,ad,mitte kunagi,alati,muu,rikastuma,,1,,obl,
4513,ringlema kellel/millel,ad,mitte kunagi,alati,muu,ringlema,,1,,obl,
4514,hiilima kõrvale kellel/millel,ad,mitte kunagi,vahel,muu,hiilima,kõrvale,1,,obl,
4515,õilmitsema kellel/millel,ad,mitte kunagi,alati,mitte kunagi,õilmitsema,,1,,obl,
4516,viima sisse kellel/millel,ad,mitte kunagi,vahel,muu,viima,sisse,1,,obl,
4517,rivistuma kellel/millel,ad,mitte kunagi,alati,mitte kunagi,rivistuma,,1,,obl,
4518,rändama välja kellel/millel,ad,mitte kunagi,vahel,muu,rändama,välja,1,,obl,
4519,reserveerima kellel/millel,ad,mitte kunagi,vahel,muu,reserveerima,,1,,obl,
4520,hakkama vastu kellel/millel,ad,mitte kunagi,alati,muu,hakkama,vastu,1,,obl,
4521,virutama kellel/millel,ad,mitte kunagi,alati,mitte kunagi,virutama,,1,,obl,
4522,saama mööda kellel/millel,ad,mitte kunagi,vahel,muu,saama,mööda,1,,obl,
4523,hülgama kellel/millel,ad,mitte kunagi,vahel,muu,hülgama,,1,,obl,
4524,sukelduma kellel/millel,ad,mitte kunagi,vahel,muu,sukelduma,,1,,obl,
4525,halastama kellel/millel,ad,mitte kunagi,alati,muu,halastama,,1,,obl,
4526,hööritama kellel/millel,ad,mitte kunagi,alati,mitte kunagi,hööritama,,1,,obl,
4527,suunduma edasi kellel/millel,ad,mitte kunagi,alati,muu,suunduma,edasi,1,,obl,
4528,võtma võidu kellel/millel,ad,mitte kunagi,alati,pole kindel,võtma,võidu,1,,obl,
4529,deklameerima kellel/millel,ad,mitte kunagi,vahel,muu,deklameerima,,1,,obl,
4530,olema välja kellel/millel,ad,mitte kunagi,vahel,muu,olema,välja,1,,obl,
4531,ammenduma kellel/millel,ad,mitte kunagi,mitte kunagi,muu,ammenduma,,1,,obl,
4532,deformeeruma kellel/millel,ad,mitte kunagi,mitte kunagi,muu,deformeeruma,,1,,obl,
4533,haldama kellel/millel,ad,mitte kunagi,vahel,muu,haldama,,1,,obl,
4534,hõõruma kellel/millel,ad,mitte kunagi,vahel,muu,hõõruma,,1,,obl,
4535,väisama kellel/millel,ad,mitte kunagi,alati,mitte kunagi,väisama,,1,,obl,
4536,resideerima kellel/millel,ad,mitte kunagi,alati,muu,resideerima,,1,,obl,
4537,väitlema kellel/millel,ad,mitte kunagi,alati,mitte kunagi,väitlema,,1,,obl,
4538,delegeerima kellel/millel,ad,mitte kunagi,mitte kunagi,muu,delegeerima,,1,,obl,
4539,õõtsuma kellel/millel,ad,mitte kunagi,alati,muu,õõtsuma,,1,,obl,
4540,hõõguma kellel/millel,ad,mitte kunagi,alati,mitte kunagi,hõõguma,,1,,obl,
4541,hammustama kellel/millel,ad,vahel,vahel,pole kindel,hammustama,,1,,obl,
4542,räuskama kellel/millel,ad,mitte kunagi,alati,mitte kunagi,räuskama,,1,,obl,
4543,saama välja kellel/millel,ad,mitte kunagi,alati,muu,saama,välja,1,,obl,
4544,sakutama kellel/millel,ad,mitte kunagi,alati,muu,sakutama,,1,,obl,
4545,andestama kellel/millel,ad,mitte kunagi,alati,muu,andestama,,1,,obl,
4546,saama villand kellel/millel,ad,alati,mitte kunagi,mitte kunagi,saama,villand,1,,obl,
4547,paiskuma vastu kellel/millel,ad,mitte kunagi,alati,mitte kunagi,paiskuma,vastu,1,,obl,
4548,visandama kellel/millel,ad,mitte kunagi,alati,muu,visandama,,1,,obl,
4549,halvustama kellel/millel,ad,mitte kunagi,vahel,muu,halvustama,,1,,obl,
4550,olema vastu kellel/millel,ad,mitte kunagi,mitte kunagi,muu,olema,vastu,1,,obl,
4551,virvendama kellel/millel,ad,mitte kunagi,alati,muu,virvendama,,1,,obl,
4552,räsima kellel/millel,ad,mitte kunagi,alati,mitte kunagi,räsima,,1,,obl,
4553,hambuma kellel/millel,ad,mitte kunagi,mitte kunagi,muu,hambuma,,1,,obl,
4554,"olema võlgu, kokku kellel/millel",ad,mitte kunagi,mitte kunagi,muu,olema,võlgu,1,,obl,
4555,"olema võlgu, kokku kellel/millel",ad,mitte kunagi,mitte kunagi,muu,olema,kokku,1,,obl,
4556,hakkama ära kellel/millel,ad,mitte kunagi,vahel,muu,hakkama,ära,1,,obl,
4557,saama võidu kellel/millel,ad,mitte kunagi,alati,mitte kunagi,saama,võidu,1,,obl,
4558,hakkima kellel/millel,ad,mitte kunagi,vahel,muu,hakkima,,1,,obl,
4559,panema ette kellel/millel,ad,mitte kunagi,alati,mitte kunagi,panema,ette,1,,obl,
4560,hindama üle kellel/millel,ad,mitte kunagi,vahel,muu,hindama,üle,1,,obl,
4561,hoogustama kellel/millel,ad,mitte kunagi,vahel,muu,hoogustama,,1,,obl,
4562,arvama välja kellel/millel,ad,mitte kunagi,vahel,muu,arvama,välja,1,,obl,
4563,voolima kellel/millel,ad,mitte kunagi,alati,muu,voolima,,1,,obl,
4564,õhutama kellel/millel,ad,mitte kunagi,alati,muu,õhutama,,1,,obl,
4565,ootama tagasi kellel/millel,ad,mitte kunagi,vahel,muu,ootama,tagasi,1,,obl,
4566,volitama kellel/millel,ad,mitte kunagi,vahel,muu,volitama,,1,,obl,
4567,hingama kellel/millel,ad,mitte kunagi,alati,muu,hingama,,1,,obl,
4568,astuma maha kellel/millel,ad,mitte kunagi,vahel,muu,astuma,maha,1,,obl,
4569,ärima kellel/millel,ad,mitte kunagi,mitte kunagi,muu,ärima,,1,,obl,
4570,rügama kellel/millel,ad,mitte kunagi,alati,mitte kunagi,rügama,,1,,obl,
4571,palistama kellel/millel,ad,mitte kunagi,alati,muu,palistama,,1,,obl,
4572,ripnema kellel/millel,ad,mitte kunagi,alati,mitte kunagi,ripnema,,1,,obl,
4573,arutama läbi kellel/millel,ad,mitte kunagi,vahel,muu,arutama,läbi,1,,obl,
4574,paljundama kellel/millel,ad,mitte kunagi,alati,pole kindel,paljundama,,1,,obl,
4575,astuma üle kellel/millel,ad,mitte kunagi,vahel,muu,astuma,üle,1,,obl,
4576,sahisema kellel/millel,ad,mitte kunagi,alati,mitte kunagi,sahisema,,1,,obl,
4577,omistama kellel/millel,ad,mitte kunagi,vahel,muu,omistama,,1,,obl,
4578,paljunema kellel/millel,ad,mitte kunagi,alati,muu,paljunema,,1,,obl,
4579,ärandama kellel/millel,ad,mitte kunagi,alati,muu,ärandama,,1,,obl,
4580,sõeluma kellel/millel,ad,mitte kunagi,alati,muu,sõeluma,,1,,obl,
4581,vormima kellel/millel,ad,mitte kunagi,alati,muu,vormima,,1,,obl,
4582,hingama sisse kellel/millel,ad,mitte kunagi,alati,muu,hingama,sisse,1,,obl,
4583,astuma kõrvale kellel/millel,ad,mitte kunagi,alati,muu,astuma,kõrvale,1,,obl,
4584,amelema kellel/millel,ad,mitte kunagi,alati,mitte kunagi,amelema,,1,,obl,
4585,arvama maha kellel/millel,ad,mitte kunagi,mitte kunagi,muu,arvama,maha,1,,obl,
4586,sõitma kaasa kellel/millel,ad,mitte kunagi,alati,muu,sõitma,kaasa,1,,obl,
4587,resideeruma kellel/millel,ad,mitte kunagi,alati,muu,resideeruma,,1,,obl,
4588,andma kellele/millele,all,vahel,mitte kunagi,muu,andma,,1,,obl,
4589,minema kellele/millele,all,vahel,vahel,mitte kunagi,minema,,1,,obl,
4590,tegema kellele/millele,all,vahel,vahel,muu,tegema,,1,,obl,
4591,tulema kellele/millele,all,vahel,vahel,muu,tulema,,1,,obl,
4592,jääma kellele/millele,all,vahel,vahel,muu,jääma,,1,,obl,
4593,saama kellele/millele,all,vahel,vahel,muu,saama,,1,,obl,
4594,panema kellele/millele,all,vahel,vahel,muu,panema,,1,,obl,
4595,kuuluma kellele/millele,all,vahel,mitte kunagi,muu,kuuluma,,1,,obl,
4596,viitama kellele/millele,all,vahel,mitte kunagi,muu,viitama,,1,,obl,
4597,pakkuma kellele/millele,all,vahel,mitte kunagi,mitte kunagi,pakkuma,,1,,obl,
4598,vastama kellele/millele,all,mitte kunagi,mitte kunagi,muu,vastama,,1,,obl,
4599,ütlema kellele/millele,all,alati,mitte kunagi,mitte kunagi,ütlema,,1,,obl,
4600,tooma kellele/millele,all,vahel,mitte kunagi,muu,tooma,,1,,obl,
4601,jõudma kellele/millele,all,vahel,vahel,muu,jõudma,,1,,obl,
4602,saatma kellele/millele,all,vahel,vahel,mitte kunagi,saatma,,1,,obl,
4603,järgnema kellele/millele,all,vahel,mitte kunagi,muu,järgnema,,1,,obl,
4604,esitama kellele/millele,all,vahel,vahel,muu,esitama,,1,,obl,
4605,keskenduma kellele/millele,all,vahel,mitte kunagi,muu,keskenduma,,1,,obl,
4606,sobima kellele/millele,all,vahel,vahel,muu,sobima,,1,,obl,
4607,meeldima kellele/millele,all,alati,mitte kunagi,mitte kunagi,meeldima,,1,,obl,
4608,mõjuma kellele/millele,all,vahel,mitte kunagi,muu,mõjuma,,1,,obl,
4609,viima kellele/millele,all,vahel,vahel,muu,viima,,1,,obl,
4610,maksma kellele/millele,all,vahel,vahel,muu,maksma,,1,,obl,
4611,mõtlema kellele/millele,all,mitte kunagi,vahel,muu,mõtlema,,1,,obl,
4612,jätma kellele/millele,all,vahel,vahel,muu,jätma,,1,,obl,
4613,olema kellele/millele,all,vahel,vahel,muu,olema,,1,,obl,
4614,lisama kellele/millele,all,vahel,vahel,muu,lisama,,1,,obl,
4615,kuluma kellele/millele,all,vahel,mitte kunagi,muu,kuluma,,1,,obl,
4616,tähendama kellele/millele,all,vahel,vahel,muu,tähendama,,1,,obl,
4617,jääma alla kellele/millele,all,vahel,mitte kunagi,muu,jääma,alla,1,,obl,
4618,osutama kellele/millele,all,mitte kunagi,vahel,muu,osutama,,1,,obl,
4619,pöörama kellele/millele,all,mitte kunagi,mitte kunagi,muu,pöörama,,1,,obl,
4620,lisanduma kellele/millele,all,vahel,mitte kunagi,muu,lisanduma,,1,,obl,
4621,avaldama kellele/millele,all,vahel,mitte kunagi,muu,avaldama,,1,,obl,
4622,teatama kellele/millele,all,alati,mitte kunagi,mitte kunagi,teatama,,1,,obl,
4623,kirjutama kellele/millele,all,vahel,vahel,mitte kunagi,kirjutama,,1,,obl,
4624,pääsema kellele/millele,all,mitte kunagi,vahel,muu,pääsema,,1,,obl,
4625,kaotama kellele/millele,all,vahel,mitte kunagi,mitte kunagi,kaotama,,1,,obl,
4626,langema kellele/millele,all,vahel,vahel,muu,langema,,1,,obl,
4627,sattuma kellele/millele,all,mitte kunagi,vahel,muu,sattuma,,1,,obl,
4628,sõitma kellele/millele,all,vahel,vahel,mitte kunagi,sõitma,,1,,obl,
4629,lubama kellele/millele,all,vahel,vahel,muu,lubama,,1,,obl,
4630,hakkama kellele/millele,all,vahel,vahel,muu,hakkama,,1,,obl,
4631,olema vaja kellele/millele,all,vahel,vahel,muu,olema,vaja,1,,obl,
4632,näitama kellele/millele,all,vahel,mitte kunagi,muu,näitama,,1,,obl,
4633,leidma kellele/millele,all,vahel,mitte kunagi,muu,leidma,,1,,obl,
4634,rääkima kellele/millele,all,vahel,mitte kunagi,mitte kunagi,rääkima,,1,,obl,
4635,eelistama kellele/millele,all,vahel,mitte kunagi,muu,eelistama,,1,,obl,
4636,aitama kaasa kellele/millele,all,mitte kunagi,mitte kunagi,muu,aitama,kaasa,1,,obl,
4637,toetuma kellele/millele,all,vahel,mitte kunagi,muu,toetuma,,1,,obl,
4638,lootma kellele/millele,all,vahel,mitte kunagi,muu,lootma,,1,,obl,
4639,pidama kellele/millele,all,vahel,mitte kunagi,muu,pidama,,1,,obl,
4640,tekitama kellele/millele,all,vahel,mitte kunagi,muu,tekitama,,1,,obl,
4641,saabuma kellele/millele,all,vahel,vahel,mitte kunagi,saabuma,,1,,obl,
4642,tekkima kellele/millele,all,vahel,vahel,muu,tekkima,,1,,obl,
4643,müüma kellele/millele,all,alati,mitte kunagi,mitte kunagi,müüma,,1,,obl,
4644,kinkima kellele/millele,all,vahel,mitte kunagi,muu,kinkima,,1,,obl,
4645,tahtma kellele/millele,all,vahel,vahel,muu,tahtma,,1,,obl,
4646,lähenema kellele/millele,all,vahel,vahel,muu,lähenema,,1,,obl,
4647,kutsuma kellele/millele,all,vahel,vahel,mitte kunagi,kutsuma,,1,,obl,
4648,käima kellele/millele,all,vahel,vahel,muu,käima,,1,,obl,
4649,soovima kellele/millele,all,vahel,vahel,muu,soovima,,1,,obl,
4650,kinnitama kellele/millele,all,vahel,vahel,muu,kinnitama,,1,,obl,
4651,jätkuma kellele/millele,all,vahel,mitte kunagi,muu,jätkuma,,1,,obl,
4652,võtma kellele/millele,all,mitte kunagi,vahel,muu,võtma,,1,,obl,
4653,helistama kellele/millele,all,alati,mitte kunagi,mitte kunagi,helistama,,1,,obl,
4654,tagama kellele/millele,all,vahel,vahel,muu,tagama,,1,,obl,
4655,reageerima kellele/millele,all,mitte kunagi,mitte kunagi,muu,reageerima,,1,,obl,
4656,seadma kellele/millele,all,vahel,mitte kunagi,muu,seadma,,1,,obl,
4657,juhtima kellele/millele,all,mitte kunagi,vahel,muu,juhtima,,1,,obl,
4658,tuginema kellele/millele,all,vahel,mitte kunagi,muu,tuginema,,1,,obl,
4659,kulutama kellele/millele,all,mitte kunagi,mitte kunagi,muu,kulutama,,1,,obl,
4660,looma kellele/millele,all,vahel,vahel,muu,,looma,1,,obl,
4661,eelnema kellele/millele,all,vahel,mitte kunagi,muu,eelnema,,1,,obl,
4662,määrama kellele/millele,all,vahel,mitte kunagi,muu,määrama,,1,,obl,
4663,heitma kellele/millele,all,vahel,vahel,muu,heitma,,1,,obl,
4664,muutuma kellele/millele,all,vahel,mitte kunagi,muu,muutuma,,1,,obl,
4665,kogunema kellele/millele,all,vahel,vahel,mitte kunagi,kogunema,,1,,obl,
4666,jagama kellele/millele,all,vahel,vahel,mitte kunagi,jagama,,1,,obl,
4667,tõusma kellele/millele,all,vahel,vahel,muu,tõusma,,1,,obl,
4668,valmistama kellele/millele,all,vahel,mitte kunagi,muu,valmistama,,1,,obl,
4669,alluma kellele/millele,all,vahel,mitte kunagi,muu,alluma,,1,,obl,
4670,ilmuma kellele/millele,all,vahel,vahel,muu,ilmuma,,1,,obl,
4671,laienema kellele/millele,all,vahel,vahel,muu,laienema,,1,,obl,
4672,asuma kellele/millele,all,vahel,vahel,muu,asuma,,1,,obl,
4673,korraldama kellele/millele,all,vahel,vahel,muu,korraldama,,1,,obl,
4674,vihjama kellele/millele,all,vahel,mitte kunagi,muu,vihjama,,1,,obl,
4675,toimuma kellele/millele,all,vahel,vahel,muu,toimuma,,1,,obl,
4676,soovitama kellele/millele,all,vahel,mitte kunagi,muu,soovitama,,1,,obl,
4677,pühendama kellele/millele,all,vahel,mitte kunagi,muu,pühendama,,1,,obl,
4678,kehtima kellele/millele,all,vahel,mitte kunagi,muu,kehtima,,1,,obl,
4679,suutma kellele/millele,all,vahel,mitte kunagi,muu,suutma,,1,,obl,
4680,nõudma kellele/millele,all,vahel,vahel,muu,nõudma,,1,,obl,
4681,otsima kellele/millele,all,vahel,vahel,muu,otsima,,1,,obl,
4682,vaatama kellele/millele,all,vahel,mitte kunagi,muu,vaatama,,1,,obl,
4683,avama kellele/millele,all,vahel,vahel,muu,avama,,1,,obl,
4684,edastama kellele/millele,all,alati,vahel,mitte kunagi,edastama,,1,,obl,
4685,pühenduma kellele/millele,all,mitte kunagi,mitte kunagi,muu,pühenduma,,1,,obl,
4686,tõmbama kellele/millele,all,vahel,vahel,muu,tõmbama,,1,,obl,
4687,astuma kellele/millele,all,vahel,vahel,muu,astuma,,1,,obl,
4688,tunduma kellele/millele,all,vahel,mitte kunagi,muu,tunduma,,1,,obl,
4689,lööma kellele/millele,all,vahel,vahel,muu,lööma,,1,,obl,
4690,andma üle kellele/millele,all,alati,mitte kunagi,mitte kunagi,andma,üle,1,,obl,
4691,laekuma kellele/millele,all,vahel,vahel,muu,laekuma,,1,,obl,
4692,kirjutama alla kellele/millele,all,vahel,vahel,muu,kirjutama,alla,1,,obl,
4693,sarnanema kellele/millele,all,mitte kunagi,mitte kunagi,muu,sarnanema,,1,,obl,
4694,nägema kellele/millele,all,vahel,vahel,muu,nägema,,1,,obl,
4695,piisama kellele/millele,all,alati,mitte kunagi,mitte kunagi,piisama,,1,,obl,
4696,kasvama kellele/millele,all,vahel,vahel,muu,kasvama,,1,,obl,
4697,ostma kellele/millele,all,vahel,vahel,muu,ostma,,1,,obl,
4698,kehtestama kellele/millele,all,vahel,mitte kunagi,muu,kehtestama,,1,,obl,
4699,asetama kellele/millele,all,mitte kunagi,vahel,muu,asetama,,1,,obl,
4700,heitma ette kellele/millele,all,alati,mitte kunagi,mitte kunagi,heitma,ette,1,,obl,
4701,kujunema kellele/millele,all,vahel,mitte kunagi,muu,kujunema,,1,,obl,
4702,ootama kellele/millele,all,mitte kunagi,vahel,muu,ootama,,1,,obl,
4703,kandma kellele/millele,all,vahel,vahel,muu,kandma,,1,,obl,
4704,eraldama kellele/millele,all,vahel,vahel,muu,eraldama,,1,,obl,
4705,avanema kellele/millele,all,vahel,vahel,muu,avanema,,1,,obl,
4706,jaguma kellele/millele,all,vahel,vahel,muu,jaguma,,1,,obl,
4707,viskama kellele/millele,all,vahel,vahel,mitte kunagi,viskama,,1,,obl,
4708,algama kellele/millele,all,vahel,mitte kunagi,muu,algama,,1,,obl,
4709,rõhuma kellele/millele,all,vahel,mitte kunagi,muu,rõhuma,,1,,obl,
4710,laskma kellele/millele,all,vahel,vahel,mitte kunagi,laskma,,1,,obl,
4711,kukkuma kellele/millele,all,vahel,vahel,muu,kukkuma,,1,,obl,
4712,tasuma kellele/millele,all,vahel,vahel,muu,tasuma,,1,,obl,
4713,selgitama kellele/millele,all,alati,mitte kunagi,mitte kunagi,selgitama,,1,,obl,
4714,pidama vastu kellele/millele,all,mitte kunagi,mitte kunagi,muu,pidama,vastu,1,,obl,
4715,võlgnema kellele/millele,all,vahel,mitte kunagi,muu,võlgnema,,1,,obl,
4716,alustama kellele/millele,all,vahel,vahel,muu,alustama,,1,,obl,
4717,tutvustama kellele/millele,all,alati,mitte kunagi,mitte kunagi,tutvustama,,1,,obl,
4718,istuma kellele/millele,all,vahel,vahel,mitte kunagi,istuma,,1,,obl,
4719,mängima kellele/millele,all,vahel,mitte kunagi,muu,mängima,,1,,obl,
4720,muutma kellele/millele,all,vahel,vahel,muu,muutma,,1,,obl,
4721,põhjustama kellele/millele,all,vahel,mitte kunagi,muu,põhjustama,,1,,obl,
4722,võimaldama kellele/millele,all,vahel,vahel,muu,võimaldama,,1,,obl,
4723,elama kaasa kellele/millele,all,vahel,mitte kunagi,muu,elama,kaasa,1,,obl,
4724,spetsialiseeruma kellele/millele,all,mitte kunagi,mitte kunagi,muu,spetsialiseeruma,,1,,obl,
4725,tõstma kellele/millele,all,vahel,vahel,muu,tõstma,,1,,obl,
4726,ehitama kellele/millele,all,vahel,vahel,muu,ehitama,,1,,obl,
4727,suunama kellele/millele,all,vahel,vahel,muu,suunama,,1,,obl,
4728,andma juurde kellele/millele,all,vahel,mitte kunagi,muu,andma,juurde,1,,obl,
4729,lõppema kellele/millele,all,vahel,vahel,muu,lõppema,,1,,obl,
4730,ennustama kellele/millele,all,vahel,vahel,mitte kunagi,ennustama,,1,,obl,
4731,suunduma kellele/millele,all,vahel,vahel,mitte kunagi,suunduma,,1,,obl,
4732,tooma kaasa kellele/millele,all,vahel,mitte kunagi,muu,tooma,kaasa,1,,obl,
4733,mahtuma kellele/millele,all,vahel,vahel,mitte kunagi,mahtuma,,1,,obl,
4734,meenuma kellele/millele,all,alati,mitte kunagi,mitte kunagi,meenuma,,1,,obl,
4735,tunnistama kellele/millele,all,alati,mitte kunagi,muu,tunnistama,,1,,obl,
4736,taanduma kellele/millele,all,vahel,vahel,muu,taanduma,,1,,obl,
4737,võitma kellele/millele,all,vahel,vahel,muu,võitma,,1,,obl,
4738,osutuma kellele/millele,all,vahel,mitte kunagi,muu,osutuma,,1,,obl,
4739,ulatama kellele/millele,all,alati,mitte kunagi,mitte kunagi,ulatama,,1,,obl,
4740,lendama kellele/millele,all,vahel,vahel,muu,lendama,,1,,obl,
4741,paluma kellele/millele,all,vahel,vahel,muu,paluma,,1,,obl,
4742,loovutama kellele/millele,all,vahel,mitte kunagi,muu,loovutama,,1,,obl,
4743,liikuma kellele/millele,all,vahel,vahel,muu,liikuma,,1,,obl,
4744,sõitma otsa kellele/millele,all,vahel,vahel,mitte kunagi,sõitma,otsa,1,,obl,
4745,paistma kellele/millele,all,vahel,vahel,muu,paistma,,1,,obl,
4746,aitama kellele/millele,all,vahel,vahel,muu,aitama,,1,,obl,
4747,leiduma kellele/millele,all,vahel,mitte kunagi,muu,leiduma,,1,,obl,
4748,kuulutama kellele/millele,all,vahel,mitte kunagi,muu,kuulutama,,1,,obl,
4749,kindlustama kellele/millele,all,vahel,mitte kunagi,muu,kindlustama,,1,,obl,
4750,kujutama kellele/millele,all,vahel,mitte kunagi,muu,kujutama,,1,,obl,
4751,otsustama kellele/millele,all,mitte kunagi,mitte kunagi,muu,otsustama,,1,,obl,
4752,õpetama kellele/millele,all,vahel,mitte kunagi,muu,õpetama,,1,,obl,
4753,õnnestuma kellele/millele,all,vahel,vahel,muu,õnnestuma,,1,,obl,
4754,mõistma kellele/millele,all,vahel,mitte kunagi,muu,mõistma,,1,,obl,
4755,vähenema kellele/millele,all,vahel,vahel,muu,vähenema,,1,,obl,
4756,taotlema kellele/millele,all,vahel,mitte kunagi,muu,taotlema,,1,,obl,
4757,kerkima kellele/millele,all,vahel,vahel,muu,kerkima,,1,,obl,
4758,pretendeerima kellele/millele,all,mitte kunagi,mitte kunagi,muu,pretendeerima,,1,,obl,
4759,vastanduma kellele/millele,all,vahel,mitte kunagi,muu,vastanduma,,1,,obl,
4760,nägema ette kellele/millele,all,vahel,vahel,muu,nägema,ette,1,,obl,
4761,valima kellele/millele,all,vahel,vahel,muu,valima,,1,,obl,
4762,rajama kellele/millele,all,vahel,vahel,muu,rajama,,1,,obl,
4763,suurenema kellele/millele,all,vahel,mitte kunagi,muu,suurenema,,1,,obl,
4764,minema üle kellele/millele,all,vahel,vahel,muu,minema,üle,1,,obl,
4765,tuletama kellele/millele,all,alati,mitte kunagi,mitte kunagi,tuletama,,1,,obl,
4766,meenutama kellele/millele,all,vahel,vahel,muu,meenutama,,1,,obl,
4767,teadma kellele/millele,all,vahel,mitte kunagi,muu,teadma,,1,,obl,
4768,toetama kellele/millele,all,vahel,vahel,muu,toetama,,1,,obl,
4769,jooksma kellele/millele,all,vahel,vahel,mitte kunagi,jooksma,,1,,obl,
4770,keerama kellele/millele,all,vahel,vahel,muu,keerama,,1,,obl,
4771,puuduma kellele/millele,all,vahel,vahel,muu,puuduma,,1,,obl,
4772,siirduma kellele/millele,all,mitte kunagi,alati,mitte kunagi,siirduma,,1,,obl,
4773,ajama kellele/millele,all,vahel,alati,mitte kunagi,ajama,,1,,obl,
4774,keelduma kellele/millele,all,vahel,mitte kunagi,muu,keelduma,,1,,obl,
4775,sundima kellele/millele,all,vahel,mitte kunagi,muu,sundima,,1,,obl,
4776,tegema ära kellele/millele,all,vahel,mitte kunagi,muu,tegema,ära,1,,obl,
4777,püüdma kellele/millele,all,vahel,vahel,muu,püüdma,,1,,obl,
4778,hoidma kellele/millele,all,vahel,mitte kunagi,muu,hoidma,,1,,obl,
4779,seletama kellele/millele,all,vahel,mitte kunagi,muu,seletama,,1,,obl,
4780,lugema kellele/millele,all,vahel,vahel,muu,lugema,,1,,obl,
4781,esinema kellele/millele,all,vahel,mitte kunagi,muu,esinema,,1,,obl,
4782,koostama kellele/millele,all,vahel,mitte kunagi,muu,koostama,,1,,obl,
4783,vajutama kellele/millele,all,mitte kunagi,vahel,muu,vajutama,,1,,obl,
4784,nähtuma ette kellele/millele,all,vahel,vahel,mitte kunagi,nähtuma,ette,1,,obl,
4785,kavatsema kellele/millele,all,vahel,vahel,muu,kavatsema,,1,,obl,
4786,väitma kellele/millele,all,vahel,mitte kunagi,muu,väitma,,1,,obl,
4787,seisma kellele/millele,all,vahel,vahel,muu,seisma,,1,,obl,
4788,jätkama kellele/millele,all,vahel,mitte kunagi,muu,jätkama,,1,,obl,
4789,nimetama kellele/millele,all,vahel,vahel,muu,nimetama,,1,,obl,
4790,andma edasi kellele/millele,all,vahel,mitte kunagi,muu,andma,edasi,1,,obl,
4791,andma ette kellele/millele,all,vahel,mitte kunagi,muu,andma,ette,1,,obl,
4792,ronima kellele/millele,all,mitte kunagi,vahel,muu,ronima,,1,,obl,
4793,teenima kellele/millele,all,vahel,vahel,muu,teenima,,1,,obl,
4794,märkima kellele/millele,all,vahel,vahel,muu,märkima,,1,,obl,
4795,vedama kellele/millele,all,vahel,vahel,muu,vedama,,1,,obl,
4796,tulema vastu kellele/millele,all,vahel,mitte kunagi,muu,tulema,vastu,1,,obl,
4797,elama kellele/millele,all,vahel,mitte kunagi,muu,elama,,1,,obl,
4798,tungima kallale kellele/millele,all,alati,mitte kunagi,mitte kunagi,tungima,kallale,1,,obl,
4799,jääma ette kellele/millele,all,vahel,vahel,muu,jääma,ette,1,,obl,
4800,kippuma kellele/millele,all,vahel,vahel,muu,kippuma,,1,,obl,
4801,lõpetama kellele/millele,all,vahel,vahel,muu,lõpetama,,1,,obl,
4802,oskama kellele/millele,all,vahel,vahel,muu,oskama,,1,,obl,
4803,vajama kellele/millele,all,vahel,vahel,muu,vajama,,1,,obl,
4804,tellima kellele/millele,all,vahel,vahel,muu,tellima,,1,,obl,
4805,moodustama kellele/millele,all,vahel,vahel,muu,moodustama,,1,,obl,
4806,kanduma kellele/millele,all,vahel,vahel,mitte kunagi,kanduma,,1,,obl,
4807,vaatama otsa kellele/millele,all,vahel,mitte kunagi,muu,vaatama,otsa,1,,obl,
4808,tõotama kellele/millele,all,alati,mitte kunagi,mitte kunagi,tõotama,,1,,obl,
4809,suruma kellele/millele,all,vahel,vahel,mitte kunagi,suruma,,1,,obl,
4810,jõudma järele kellele/millele,all,vahel,mitte kunagi,muu,jõudma,järele,1,,obl,
4811,pakkuma välja kellele/millele,all,vahel,mitte kunagi,muu,pakkuma,välja,1,,obl,
4812,sisaldama kellele/millele,all,vahel,mitte kunagi,muu,sisaldama,,1,,obl,
4813,annetama kellele/millele,all,vahel,mitte kunagi,pole kindel,annetama,,1,,obl,
4814,sündima kellele/millele,all,vahel,mitte kunagi,muu,sündima,,1,,obl,
4815,hakkama vastu kellele/millele,all,vahel,mitte kunagi,muu,hakkama,vastu,1,,obl,
4816,kutsuma üles kellele/millele,all,vahel,mitte kunagi,muu,kutsuma,üles,1,,obl,
4817,kasutama kellele/millele,all,vahel,vahel,muu,kasutama,,1,,obl,
4818,tundma kaasa kellele/millele,all,alati,mitte kunagi,mitte kunagi,tundma,kaasa,1,,obl,
4819,alistuma kellele/millele,all,alati,mitte kunagi,muu,alistuma,,1,,obl,
4820,ulatuma kellele/millele,all,vahel,vahel,muu,ulatuma,,1,,obl,
4821,kandideerima kellele/millele,all,mitte kunagi,vahel,muu,kandideerima,,1,,obl,
4822,töötama kellele/millele,all,vahel,vahel,muu,töötama,,1,,obl,
4823,hüppama kellele/millele,all,vahel,vahel,mitte kunagi,hüppama,,1,,obl,
4824,kõlbama kellele/millele,all,vahel,vahel,muu,kõlbama,,1,,obl,
4825,püsima kellele/millele,all,vahel,vahel,muu,püsima,,1,,obl,
4826,väljastama kellele/millele,all,vahel,mitte kunagi,muu,väljastama,,1,,obl,
4827,näima kellele/millele,all,vahel,mitte kunagi,muu,näima,,1,,obl,
4828,panustama kellele/millele,all,vahel,mitte kunagi,muu,panustama,,1,,obl,
4829,kolima kellele/millele,all,vahel,vahel,mitte kunagi,kolima,,1,,obl,
4830,koguma kellele/millele,all,vahel,vahel,muu,koguma,,1,,obl,
4831,lausuma kellele/millele,all,vahel,mitte kunagi,muu,lausuma,,1,,obl,
4832,vahendama kellele/millele,all,vahel,vahel,muu,vahendama,,1,,obl,
4833,pääsema ligi kellele/millele,all,vahel,vahel,muu,pääsema,ligi,1,,obl,
4834,tootma kellele/millele,all,vahel,vahel,muu,tootma,,1,,obl,
4835,kaduma kellele/millele,all,vahel,vahel,muu,kaduma,,1,,obl,
4836,kuluma ära kellele/millele,all,vahel,mitte kunagi,muu,kuluma,ära,1,,obl,
4837,kõlama kellele/millele,all,vahel,mitte kunagi,muu,kõlama,,1,,obl,
4838,lükkama kellele/millele,all,vahel,vahel,mitte kunagi,lükkama,,1,,obl,
4839,virutama kellele/millele,all,alati,mitte kunagi,mitte kunagi,virutama,,1,,obl,
4840,omistama kellele/millele,all,vahel,mitte kunagi,muu,omistama,,1,,obl,
4841,laulma kellele/millele,all,vahel,mitte kunagi,muu,laulma,,1,,obl,
4842,olema võlgu kellele/millele,all,alati,mitte kunagi,mitte kunagi,olema,võlgu,1,,obl,
4843,andma välja kellele/millele,all,vahel,mitte kunagi,muu,andma,välja,1,,obl,
4844,võtma kaasa kellele/millele,all,mitte kunagi,vahel,muu,võtma,kaasa,1,,obl,
4845,üritama kellele/millele,all,vahel,vahel,muu,üritama,,1,,obl,
4846,tungima kellele/millele,all,vahel,vahel,muu,tungima,,1,,obl,
4847,astuma vastu kellele/millele,all,vahel,mitte kunagi,muu,astuma,vastu,1,,obl,
4848,kavandama kellele/millele,all,vahel,mitte kunagi,muu,kavandama,,1,,obl,
4849,olema tarvis kellele/millele,all,vahel,vahel,muu,olema,tarvis,1,,obl,
4850,valama kellele/millele,all,vahel,mitte kunagi,muu,valama,,1,,obl,
4851,naasma kellele/millele,all,mitte kunagi,alati,mitte kunagi,naasma,,1,,obl,
4852,sättima kellele/millele,all,mitte kunagi,vahel,muu,sättima,,1,,obl,
4853,kurtma kellele/millele,all,alati,mitte kunagi,mitte kunagi,kurtma,,1,,obl,
4854,andma tagasi kellele/millele,all,vahel,mitte kunagi,muu,andma,tagasi,1,,obl,
4855,koonduma kellele/millele,all,vahel,vahel,muu,koonduma,,1,,obl,
4856,kalduma kellele/millele,all,vahel,vahel,muu,kalduma,,1,,obl,
4857,põhjendama kellele/millele,all,vahel,mitte kunagi,muu,põhjendama,,1,,obl,
4858,saama pihta kellele/millele,all,vahel,mitte kunagi,muu,saama,pihta,1,,obl,
4859,tõttama kellele/millele,all,vahel,vahel,mitte kunagi,tõttama,,1,,obl,
4860,usaldama kellele/millele,all,alati,mitte kunagi,mitte kunagi,usaldama,,1,,obl,
4861,hindama kellele/millele,all,mitte kunagi,vahel,muu,hindama,,1,,obl,
4862,toimetama kellele/millele,all,vahel,vahel,mitte kunagi,toimetama,,1,,obl,
4863,tegelema kellele/millele,all,vahel,mitte kunagi,muu,tegelema,,1,,obl,
4864,tagastama kellele/millele,all,alati,mitte kunagi,mitte kunagi,tagastama,,1,,obl,
4865,juhtuma kellele/millele,all,vahel,vahel,muu,juhtuma,,1,,obl,
4866,tundma kellele/millele,all,vahel,mitte kunagi,muu,tundma,,1,,obl,
4867,vähendama kellele/millele,all,vahel,vahel,muu,vähendama,,1,,obl,
4868,saavutama kellele/millele,all,mitte kunagi,mitte kunagi,muu,saavutama,,1,,obl,
4869,laenama kellele/millele,all,vahel,mitte kunagi,muu,laenama,,1,,obl,
4870,meelitama kellele/millele,all,mitte kunagi,alati,mitte kunagi,meelitama,,1,,obl,
4871,paigaldama kellele/millele,all,vahel,vahel,mitte kunagi,paigaldama,,1,,obl,
4872,pruukima kellele/millele,all,alati,mitte kunagi,mitte kunagi,pruukima,,1,,obl,
4873,maanduma kellele/millele,all,mitte kunagi,alati,muu,maanduma,,1,,obl,
4874,naeratama kellele/millele,all,vahel,mitte kunagi,muu,naeratama,,1,,obl,
4875,tormama kellele/millele,all,vahel,vahel,mitte kunagi,tormama,,1,,obl,
4876,küsima kellele/millele,all,vahel,vahel,muu,küsima,,1,,obl,
4877,tulema järele kellele/millele,all,vahel,mitte kunagi,muu,tulema,järele,1,,obl,
4878,toimima kellele/millele,all,vahel,vahel,muu,toimima,,1,,obl,
4879,minema vastu kellele/millele,all,vahel,mitte kunagi,muu,minema,vastu,1,,obl,
4880,sätestama kellele/millele,all,vahel,mitte kunagi,muu,sätestama,,1,,obl,
4881,hüüdma kellele/millele,all,alati,mitte kunagi,mitte kunagi,hüüdma,,1,,obl,
4882,jääma alles kellele/millele,all,vahel,vahel,mitte kunagi,jääma,alles,1,,obl,
4883,joonistama kellele/millele,all,vahel,vahel,mitte kunagi,joonistama,,1,,obl,
4884,levima kellele/millele,all,mitte kunagi,vahel,muu,levima,,1,,obl,
4885,pöörduma kellele/millele,all,vahel,vahel,muu,pöörduma,,1,,obl,
4886,kihutama kellele/millele,all,vahel,vahel,muu,kihutama,,1,,obl,
4887,osalema kellele/millele,all,vahel,mitte kunagi,muu,osalema,,1,,obl,
4888,vaidlema vastu kellele/millele,all,vahel,mitte kunagi,muu,vaidlema,vastu,1,,obl,
4889,vastandama kellele/millele,all,vahel,mitte kunagi,muu,vastandama,,1,,obl,
4890,sekundeerima kellele/millele,all,vahel,mitte kunagi,muu,sekundeerima,,1,,obl,
4891,lahkuma kellele/millele,all,mitte kunagi,vahel,muu,lahkuma,,1,,obl,
4892,keelama kellele/millele,all,vahel,vahel,muu,keelama,,1,,obl,
4893,orienteeruma kellele/millele,all,vahel,mitte kunagi,muu,orienteeruma,,1,,obl,
4894,seisma vastu kellele/millele,all,mitte kunagi,mitte kunagi,muu,seisma,vastu,1,,obl,
4895,saama vastu kellele/millele,all,vahel,mitte kunagi,muu,saama,vastu,1,,obl,
4896,tulema tagasi kellele/millele,all,vahel,vahel,mitte kunagi,tulema,tagasi,1,,obl,
4897,valmima kellele/millele,all,vahel,vahel,muu,valmima,,1,,obl,
4898,läkitama kellele/millele,all,vahel,vahel,mitte kunagi,läkitama,,1,,obl,
4899,sõnama kellele/millele,all,vahel,mitte kunagi,muu,sõnama,,1,,obl,
4900,julgema kellele/millele,all,vahel,vahel,mitte kunagi,,julgema,1,,obl,
4901,laskuma kellele/millele,all,mitte kunagi,vahel,muu,laskuma,,1,,obl,
4902,tooma sisse kellele/millele,all,alati,mitte kunagi,mitte kunagi,tooma,sisse,1,,obl,
4903,garanteerima kellele/millele,all,vahel,mitte kunagi,muu,garanteerima,,1,,obl,
4904,paigutama kellele/millele,all,mitte kunagi,alati,mitte kunagi,paigutama,,1,,obl,
4905,loobuma kellele/millele,all,alati,mitte kunagi,mitte kunagi,loobuma,,1,,obl,
4906,väljendama kellele/millele,all,vahel,mitte kunagi,muu,väljendama,,1,,obl,
4907,kaebama kellele/millele,all,alati,mitte kunagi,mitte kunagi,kaebama,,1,,obl,
4908,olema vastu kellele/millele,all,mitte kunagi,mitte kunagi,muu,olema,vastu,1,,obl,
4909,vajuma kellele/millele,all,mitte kunagi,alati,mitte kunagi,vajuma,,1,,obl,
4910,kaasnema kellele/millele,all,vahel,mitte kunagi,muu,kaasnema,,1,,obl,
4911,omama kellele/millele,all,vahel,mitte kunagi,muu,omama,,1,,obl,
4912,torkama kellele/millele,all,vahel,vahel,mitte kunagi,torkama,,1,,obl,
4913,kuulutama välja kellele/millele,all,vahel,mitte kunagi,muu,kuulutama,välja,1,,obl,
4914,selguma kellele/millele,all,vahel,vahel,muu,selguma,,1,,obl,
4915,juhatama kellele/millele,all,vahel,vahel,muu,juhatama,,1,,obl,
4916,minema kallale kellele/millele,all,alati,mitte kunagi,mitte kunagi,minema,kallale,1,,obl,
4917,tegutsema kellele/millele,all,vahel,vahel,muu,tegutsema,,1,,obl,
4918,suurendama kellele/millele,all,mitte kunagi,vahel,muu,suurendama,,1,,obl,
4919,jutustama kellele/millele,all,alati,mitte kunagi,mitte kunagi,jutustama,,1,,obl,
4920,kõnelema kellele/millele,all,vahel,mitte kunagi,muu,kõnelema,,1,,obl,
4921,kirjeldama kellele/millele,all,vahel,mitte kunagi,muu,kirjeldama,,1,,obl,
4922,puudutama kellele/millele,all,vahel,mitte kunagi,muu,puudutama,,1,,obl,
4923,müüma maha kellele/millele,all,alati,mitte kunagi,mitte kunagi,müüma,maha,1,,obl,
4924,nihkuma kellele/millele,all,mitte kunagi,vahel,muu,nihkuma,,1,,obl,
4925,põhinema kellele/millele,all,vahel,mitte kunagi,muu,põhinema,,1,,obl,
4926,kaaluma kellele/millele,all,vahel,vahel,muu,kaaluma,,1,,obl,
4927,säilitama kellele/millele,all,vahel,mitte kunagi,muu,säilitama,,1,,obl,
4928,säilima kellele/millele,all,vahel,mitte kunagi,muu,säilima,,1,,obl,
4929,kiirustama kellele/millele,all,vahel,vahel,mitte kunagi,kiirustama,,1,,obl,
4930,kahanema kellele/millele,all,mitte kunagi,vahel,muu,kahanema,,1,,obl,
4931,plaanima kellele/millele,all,vahel,vahel,muu,plaanima,,1,,obl,
4932,rõhutama kellele/millele,all,vahel,mitte kunagi,muu,rõhutama,,1,,obl,
4933,arvama kellele/millele,all,vahel,mitte kunagi,muu,arvama,,1,,obl,
4934,kiitma kellele/millele,all,vahel,vahel,muu,kiitma,,1,,obl,
4935,rentima kellele/millele,all,alati,mitte kunagi,mitte kunagi,rentima,,1,,obl,
4936,panema ette kellele/millele,all,vahel,vahel,muu,panema,ette,1,,obl,
4937,startima kellele/millele,all,vahel,vahel,muu,startima,,1,,obl,
4938,panema välja kellele/millele,all,vahel,vahel,muu,panema,välja,1,,obl,
4939,esitlema kellele/millele,all,vahel,mitte kunagi,muu,esitlema,,1,,obl,
4940,tõestama kellele/millele,all,vahel,mitte kunagi,muu,tõestama,,1,,obl,
4941,andma järele kellele/millele,all,vahel,mitte kunagi,muu,andma,järele,1,,obl,
4942,mööduma kellele/millele,all,vahel,vahel,muu,mööduma,,1,,obl,
4943,tulema juurde kellele/millele,all,vahel,vahel,muu,tulema,juurde,1,,obl,
4944,karjuma kellele/millele,all,vahel,vahel,muu,karjuma,,1,,obl,
4945,käituma kellele/millele,all,vahel,mitte kunagi,muu,käituma,,1,,obl,
4946,püstitama kellele/millele,all,vahel,vahel,muu,püstitama,,1,,obl,
4947,pistma kellele/millele,all,vahel,vahel,muu,pistma,,1,,obl,
4948,kulgema kellele/millele,all,vahel,vahel,muu,kulgema,,1,,obl,
4949,sõlmima kellele/millele,all,vahel,mitte kunagi,muu,sõlmima,,1,,obl,
4950,valetama kellele/millele,all,alati,mitte kunagi,mitte kunagi,valetama,,1,,obl,
4951,arutama kellele/millele,all,vahel,vahel,muu,arutama,,1,,obl,
4952,rändama kellele/millele,all,mitte kunagi,vahel,muu,rändama,,1,,obl,
4953,jääma vahele kellele/millele,all,vahel,mitte kunagi,muu,jääma,vahele,1,,obl,
4954,unustama kellele/millele,all,vahel,vahel,muu,unustama,,1,,obl,
4955,rajanema kellele/millele,all,mitte kunagi,mitte kunagi,muu,rajanema,,1,,obl,
4956,minema tagasi kellele/millele,all,vahel,vahel,mitte kunagi,minema,tagasi,1,,obl,
4957,takistama kellele/millele,all,vahel,vahel,muu,takistama,,1,,obl,
4958,täitma kellele/millele,all,vahel,vahel,muu,täitma,,1,,obl,
4959,lugema ette kellele/millele,all,alati,mitte kunagi,mitte kunagi,lugema,ette,1,,obl,
4960,sõitma sisse kellele/millele,all,vahel,vahel,muu,sõitma,sisse,1,,obl,
4961,tarnima kellele/millele,all,vahel,vahel,mitte kunagi,tarnima,,1,,obl,
4962,tulistama kellele/millele,all,vahel,vahel,mitte kunagi,tulistama,,1,,obl,
4963,minema peale kellele/millele,all,alati,mitte kunagi,mitte kunagi,minema,peale,1,,obl,
4964,põrutama kellele/millele,all,vahel,vahel,muu,põrutama,,1,,obl,
4965,maalima kellele/millele,all,vahel,vahel,mitte kunagi,maalima,,1,,obl,
4966,tooma juurde kellele/millele,all,vahel,vahel,mitte kunagi,tooma,juurde,1,,obl,
4967,kommenteerima kellele/millele,all,vahel,mitte kunagi,muu,kommenteerima,,1,,obl,
4968,kasvatama kellele/millele,all,vahel,vahel,muu,kasvatama,,1,,obl,
4969,käsitlema kellele/millele,all,vahel,vahel,muu,käsitlema,,1,,obl,
4970,sülitama kellele/millele,all,vahel,vahel,muu,sülitama,,1,,obl,
4971,sulgema kellele/millele,all,vahel,vahel,muu,sulgema,,1,,obl,
4972,hüvitama kellele/millele,all,alati,mitte kunagi,mitte kunagi,hüvitama,,1,,obl,
4973,langetama kellele/millele,all,vahel,vahel,muu,langetama,,1,,obl,
4974,viipama kellele/millele,all,vahel,vahel,muu,viipama,,1,,obl,
4975,sosistama kellele/millele,all,alati,mitte kunagi,mitte kunagi,sosistama,,1,,obl,
4976,anduma kellele/millele,all,vahel,mitte kunagi,muu,anduma,,1,,obl,
4977,lähendama kellele/millele,all,vahel,mitte kunagi,muu,lähendama,,1,,obl,
4978,panema peale kellele/millele,all,vahel,vahel,muu,panema,peale,1,,obl,
4979,süüdistama kellele/millele,all,vahel,vahel,muu,süüdistama,,1,,obl,
4980,pürgima kellele/millele,all,mitte kunagi,vahel,muu,pürgima,,1,,obl,
4981,raiskama kellele/millele,all,vahel,mitte kunagi,muu,raiskama,,1,,obl,
4982,riputama kellele/millele,all,vahel,vahel,mitte kunagi,riputama,,1,,obl,
4983,maksma välja kellele/millele,all,alati,mitte kunagi,mitte kunagi,maksma,välja,1,,obl,
4984,paiskama kellele/millele,all,vahel,vahel,mitte kunagi,paiskama,,1,,obl,
4985,sillutama kellele/millele,all,vahel,mitte kunagi,muu,sillutama,,1,,obl,
4986,lehvitama kellele/millele,all,vahel,vahel,mitte kunagi,lehvitama,,1,,obl,
4987,paranema kellele/millele,all,mitte kunagi,vahel,muu,paranema,,1,,obl,
4988,ruttama kellele/millele,all,vahel,vahel,mitte kunagi,ruttama,,1,,obl,
4989,laiendama kellele/millele,all,vahel,vahel,muu,laiendama,,1,,obl,
4990,saama ligi kellele/millele,all,vahel,vahel,muu,saama,ligi,1,,obl,
4991,vormistama kellele/millele,all,vahel,vahel,muu,vormistama,,1,,obl,
4992,kargama kellele/millele,all,vahel,vahel,mitte kunagi,kargama,,1,,obl,
4993,lähetama kellele/millele,all,vahel,vahel,mitte kunagi,lähetama,,1,,obl,
4994,muretsema kellele/millele,all,vahel,vahel,muu,muretsema,,1,,obl,
4995,apelleerima kellele/millele,all,mitte kunagi,vahel,muu,apelleerima,,1,,obl,
4996,kostma kellele/millele,all,vahel,vahel,muu,kostma,,1,,obl,
4997,kuulma kellele/millele,all,vahel,vahel,muu,kuulma,,1,,obl,
4998,määrima kellele/millele,all,vahel,vahel,mitte kunagi,määrima,,1,,obl,
4999,tooma tagasi kellele/millele,all,vahel,vahel,mitte kunagi,tooma,tagasi,1,,obl,
5000,andma kaasa kellele/millele,all,vahel,vahel,muu,andma,kaasa,1,,obl,
5001,sadama kellele/millele,all,vahel,vahel,muu,,sadama,1,,obl,
5002,andestama kellele/millele,all,alati,mitte kunagi,mitte kunagi,andestama,,1,,obl,
5003,hõikama kellele/millele,all,vahel,mitte kunagi,muu,hõikama,,1,,obl,
5004,maksma kinni kellele/millele,all,alati,mitte kunagi,mitte kunagi,maksma,kinni,1,,obl,
5005,müüma edasi kellele/millele,all,alati,mitte kunagi,mitte kunagi,müüma,edasi,1,,obl,
5006,nõustuma kellele/millele,all,vahel,vahel,muu,nõustuma,,1,,obl,
5007,puhuma kellele/millele,all,vahel,vahel,muu,puhuma,,1,,obl,
5008,olema nõus kellele/millele,all,vahel,mitte kunagi,muu,olema,nõus,1,,obl,
5009,poetama kellele/millele,all,vahel,vahel,muu,poetama,,1,,obl,
5010,prognoosima kellele/millele,all,vahel,mitte kunagi,muu,prognoosima,,1,,obl,
5011,laduma kellele/millele,all,vahel,vahel,muu,laduma,,1,,obl,
5012,uskuma kellele/millele,all,vahel,vahel,muu,uskuma,,1,,obl,
5013,kummarduma kellele/millele,all,vahel,vahel,muu,kummarduma,,1,,obl,
5014,mahtuma ära kellele/millele,all,mitte kunagi,alati,mitte kunagi,mahtuma,ära,1,,obl,
5015,pakutama kellele/millele,all,vahel,vahel,muu,pakutama,,1,,obl,
5016,valmistama ette kellele/millele,all,vahel,mitte kunagi,muu,valmistama,ette,1,,obl,
5017,hääletama kellele/millele,all,vahel,vahel,muu,hääletama,,1,,obl,
5018,tulema kokku kellele/millele,all,mitte kunagi,vahel,muu,tulema,kokku,1,,obl,
5019,kandma üle kellele/millele,all,vahel,vahel,muu,kandma,üle,1,,obl,
5020,kinnituma kellele/millele,all,mitte kunagi,vahel,muu,kinnituma,,1,,obl,
5021,trügima kellele/millele,all,mitte kunagi,vahel,muu,trügima,,1,,obl,
5022,võtma vastu kellele/millele,all,vahel,vahel,muu,võtma,vastu,1,,obl,
5023,ähvardama kellele/millele,all,vahel,vahel,muu,ähvardama,,1,,obl,
5024,koputama kellele/millele,all,vahel,vahel,mitte kunagi,koputama,,1,,obl,
5025,tulenema kellele/millele,all,vahel,mitte kunagi,muu,tulenema,,1,,obl,
5026,andma alla kellele/millele,all,vahel,mitte kunagi,muu,andma,alla,1,,obl,
5027,ületama kellele/millele,all,mitte kunagi,vahel,muu,ületama,,1,,obl,
5028,ilmutama kellele/millele,all,vahel,mitte kunagi,muu,ilmutama,,1,,obl,
5029,jõudma kohale kellele/millele,all,vahel,vahel,mitte kunagi,jõudma,kohale,1,,obl,
5030,minema järele kellele/millele,all,vahel,vahel,muu,minema,järele,1,,obl,
5031,registreerima kellele/millele,all,mitte kunagi,vahel,muu,registreerima,,1,,obl,
5032,ütlema ära kellele/millele,all,vahel,mitte kunagi,muu,ütlema,ära,1,,obl,
5033,organiseerima kellele/millele,all,vahel,vahel,mitte kunagi,organiseerima,,1,,obl,
5034,kujundama kellele/millele,all,vahel,vahel,muu,kujundama,,1,,obl,
5035,hankima kellele/millele,all,vahel,vahel,muu,hankima,,1,,obl,
5036,välistama kellele/millele,all,vahel,mitte kunagi,muu,välistama,,1,,obl,
5037,eeldama kellele/millele,all,vahel,vahel,muu,eeldama,,1,,obl,
5038,koondama kellele/millele,all,vahel,vahel,muu,koondama,,1,,obl,
5039,minema välja kellele/millele,all,vahel,vahel,muu,minema,välja,1,,obl,
5040,murdma kellele/millele,all,vahel,vahel,mitte kunagi,murdma,,1,,obl,
5041,sokutama kellele/millele,all,vahel,vahel,mitte kunagi,sokutama,,1,,obl,
5042,halastama kellele/millele,all,vahel,mitte kunagi,mitte kunagi,halastama,,1,,obl,
5043,mõjutama kellele/millele,all,vahel,vahel,muu,mõjutama,,1,,obl,
5044,planeerima kellele/millele,all,vahel,vahel,muu,planeerima,,1,,obl,
5045,rakendama kellele/millele,all,vahel,mitte kunagi,muu,rakendama,,1,,obl,
5046,sõitma ette kellele/millele,all,vahel,mitte kunagi,muu,sõitma,ette,1,,obl,
5047,tõukama kellele/millele,all,mitte kunagi,vahel,muu,tõukama,,1,,obl,
5048,kleepima kellele/millele,all,vahel,vahel,muu,kleepima,,1,,obl,
5049,liginema kellele/millele,all,vahel,vahel,muu,liginema,,1,,obl,
5050,mainima kellele/millele,all,vahel,mitte kunagi,muu,mainima,,1,,obl,
5051,puistama kellele/millele,all,vahel,vahel,mitte kunagi,puistama,,1,,obl,
5052,saatma edasi kellele/millele,all,vahel,vahel,mitte kunagi,saatma,edasi,1,,obl,
5053,sööstma kellele/millele,all,vahel,vahel,mitte kunagi,sööstma,,1,,obl,
5054,voolama kellele/millele,all,vahel,vahel,mitte kunagi,voolama,,1,,obl,
5055,väljuma kellele/millele,all,vahel,vahel,muu,väljuma,,1,,obl,
5056,konkureerima kellele/millele,all,mitte kunagi,vahel,muu,konkureerima,,1,,obl,
5057,maksma tagasi kellele/millele,all,alati,mitte kunagi,mitte kunagi,maksma,tagasi,1,,obl,
5058,suruma peale kellele/millele,all,vahel,mitte kunagi,muu,suruma,peale,1,,obl,
5059,tegema ette kellele/millele,all,vahel,vahel,muu,tegema,ette,1,,obl,
5060,kompenseerima kellele/millele,all,vahel,mitte kunagi,muu,kompenseerima,,1,,obl,
5061,tabama kellele/millele,all,vahel,vahel,muu,tabama,,1,,obl,
5062,tulema välja kellele/millele,all,vahel,vahel,muu,tulema,välja,1,,obl,
5063,pudenema kellele/millele,all,vahel,vahel,mitte kunagi,pudenema,,1,,obl,
5064,registreeruma kellele/millele,all,mitte kunagi,alati,mitte kunagi,registreeruma,,1,,obl,
5065,pärandama kellele/millele,all,alati,mitte kunagi,mitte kunagi,pärandama,,1,,obl,
5066,kordama kellele/millele,all,vahel,mitte kunagi,muu,kordama,,1,,obl,
5067,omandama kellele/millele,all,vahel,mitte kunagi,muu,omandama,,1,,obl,
5068,arenema kellele/millele,all,vahel,mitte kunagi,muu,arenema,,1,,obl,
5069,delegeerima kellele/millele,all,vahel,mitte kunagi,muu,delegeerima,,1,,obl,
5070,ihkama kellele/millele,all,vahel,vahel,muu,ihkama,,1,,obl,
5071,panema ära kellele/millele,all,vahel,mitte kunagi,muu,panema,ära,1,,obl,
5072,saama tagasi kellele/millele,all,vahel,vahel,mitte kunagi,saama,tagasi,1,,obl,
5073,demonstreerima kellele/millele,all,vahel,mitte kunagi,muu,demonstreerima,,1,,obl,
5074,kiskuma kellele/millele,all,vahel,vahel,muu,kiskuma,,1,,obl,
5075,töötama vastu kellele/millele,all,vahel,mitte kunagi,muu,töötama,vastu,1,,obl,
5076,asutama kellele/millele,all,mitte kunagi,vahel,muu,asutama,,1,,obl,
5077,avastama kellele/millele,all,vahel,mitte kunagi,muu,avastama,,1,,obl,
5078,kestma kellele/millele,all,vahel,vahel,muu,kestma,,1,,obl,
5079,libisema kellele/millele,all,vahel,vahel,mitte kunagi,libisema,,1,,obl,
5080,minema edasi kellele/millele,all,vahel,vahel,muu,minema,edasi,1,,obl,
5081,jõudma tagasi kellele/millele,all,mitte kunagi,alati,mitte kunagi,jõudma,tagasi,1,,obl,
5082,õhutama kellele/millele,all,vahel,mitte kunagi,muu,õhutama,,1,,obl,
5083,kartma kellele/millele,all,vahel,mitte kunagi,muu,kartma,,1,,obl,
5084,tegema välja kellele/millele,all,vahel,mitte kunagi,muu,tegema,välja,1,,obl,
5085,vilistama kellele/millele,all,vahel,mitte kunagi,muu,vilistama,,1,,obl,
5086,võitlema kellele/millele,all,vahel,vahel,mitte kunagi,võitlema,,1,,obl,
5087,kandma ette kellele/millele,all,vahel,vahel,muu,kandma,ette,1,,obl,
5088,seisnema kellele/millele,all,vahel,mitte kunagi,muu,seisnema,,1,,obl,
5089,jääma külge kellele/millele,all,vahel,mitte kunagi,muu,jääma,külge,1,,obl,
5090,jääma võlgu kellele/millele,all,vahel,mitte kunagi,muu,jääma,võlgu,1,,obl,
5091,kanduma üle kellele/millele,all,vahel,vahel,muu,kanduma,üle,1,,obl,
5092,kontrollima kellele/millele,all,vahel,mitte kunagi,muu,kontrollima,,1,,obl,
5093,allutama kellele/millele,all,vahel,mitte kunagi,muu,allutama,,1,,obl,
5094,pälvima kellele/millele,all,vahel,mitte kunagi,muu,pälvima,,1,,obl,
5095,sooritama kellele/millele,all,vahel,vahel,muu,sooritama,,1,,obl,
5096,vanduma kellele/millele,all,vahel,mitte kunagi,muu,vanduma,,1,,obl,
5097,lõpma kellele/millele,all,vahel,vahel,muu,lõpma,,1,,obl,
5098,pugema kellele/millele,all,vahel,vahel,muu,pugema,,1,,obl,
5099,sisendama kellele/millele,all,vahel,vahel,mitte kunagi,sisendama,,1,,obl,
5100,andma peksma kellele/millele,all,alati,mitte kunagi,mitte kunagi,peksma,andma,1,,obl,
5101,maksma peale kellele/millele,all,vahel,mitte kunagi,muu,maksma,peale,1,,obl,
5102,sõidutama kellele/millele,all,mitte kunagi,alati,mitte kunagi,sõidutama,,1,,obl,
5103,tühistama kellele/millele,all,vahel,mitte kunagi,muu,tühistama,,1,,obl,
5104,kallama kellele/millele,all,vahel,vahel,mitte kunagi,kallama,,1,,obl,
5105,pooldama kellele/millele,all,vahel,vahel,muu,pooldama,,1,,obl,
5106,sõltuma kellele/millele,all,vahel,vahel,muu,sõltuma,,1,,obl,
5107,söötma kellele/millele,all,alati,mitte kunagi,mitte kunagi,söötma,,1,,obl,
5108,tähistama kellele/millele,all,mitte kunagi,vahel,muu,tähistama,,1,,obl,
5109,kohtuma kellele/millele,all,vahel,mitte kunagi,muu,kohtuma,,1,,obl,
5110,saatma tagasi kellele/millele,all,vahel,vahel,mitte kunagi,saatma,tagasi,1,,obl,
5111,arvestama kellele/millele,all,vahel,mitte kunagi,muu,arvestama,,1,,obl,
5112,panema vastu kellele/millele,all,vahel,mitte kunagi,muu,panema,vastu,1,,obl,
5113,vastutama kellele/millele,all,vahel,mitte kunagi,muu,vastutama,,1,,obl,
5114,andma ära kellele/millele,all,vahel,mitte kunagi,vaieldav märgendus,andma,ära,1,,obl,
5115,ehitama üles kellele/millele,all,mitte kunagi,vahel,muu,ehitama,üles,1,,obl,
5116,istutama kellele/millele,all,vahel,vahel,muu,istutama,,1,,obl,
5117,loopima kellele/millele,all,vahel,vahel,muu,loopima,,1,,obl,
5118,paiskuma kellele/millele,all,vahel,vahel,muu,paiskuma,,1,,obl,
5119,õmblema kellele/millele,all,vahel,vahel,mitte kunagi,õmblema,,1,,obl,
5120,algatama kellele/millele,all,vahel,vahel,muu,algatama,,1,,obl,
5121,õppima kellele/millele,all,vahel,vahel,muu,õppima,,1,,obl,
5122,pihtima kellele/millele,all,alati,mitte kunagi,mitte kunagi,pihtima,,1,,obl,
5123,rakenduma kellele/millele,all,vahel,mitte kunagi,muu,rakenduma,,1,,obl,
5124,valmistuma kellele/millele,all,vahel,vahel,mitte kunagi,valmistuma,,1,,obl,
5125,üürima kellele/millele,all,vahel,vahel,mitte kunagi,üürima,,1,,obl,
5126,olema lahti kellele/millele,all,vahel,mitte kunagi,muu,olema,lahti,1,,obl,
5127,sisenema kellele/millele,all,mitte kunagi,alati,mitte kunagi,sisenema,,1,,obl,
5128,veerema kellele/millele,all,vahel,vahel,muu,veerema,,1,,obl,
5129,jagunema kellele/millele,all,vahel,mitte kunagi,muu,jagunema,,1,,obl,
5130,eksima kellele/millele,all,vahel,vahel,muu,eksima,,1,,obl,
5131,komistama kellele/millele,all,vahel,vahel,muu,komistama,,1,,obl,
5132,proovima kellele/millele,all,vahel,mitte kunagi,muu,proovima,,1,,obl,
5133,valitsema kellele/millele,all,vahel,vahel,muu,valitsema,,1,,obl,
5134,veeretama kellele/millele,all,vahel,mitte kunagi,muu,veeretama,,1,,obl,
5135,põrkuma kellele/millele,all,mitte kunagi,vahel,muu,põrkuma,,1,,obl,
5136,pöörduma tagasi kellele/millele,all,vahel,vahel,muu,pöörduma,tagasi,1,,obl,
5137,soostuma kellele/millele,all,vahel,vahel,muu,soostuma,,1,,obl,
5138,tooma võidu kellele/millele,all,vahel,mitte kunagi,muu,tooma,võidu,1,,obl,
5139,hilinema kellele/millele,all,mitte kunagi,vahel,muu,hilinema,,1,,obl,
5140,katma kellele/millele,all,vahel,vahel,muu,katma,,1,,obl,
5141,marssima kellele/millele,all,vahel,vahel,mitte kunagi,marssima,,1,,obl,
5142,tõmbama peale kellele/millele,all,vahel,mitte kunagi,muu,tõmbama,peale,1,,obl,
5143,vabastama kellele/millele,all,vahel,mitte kunagi,muu,vabastama,,1,,obl,
5144,valguma kellele/millele,all,vahel,vahel,mitte kunagi,valguma,,1,,obl,
5145,lennutama kellele/millele,all,vahel,vahel,mitte kunagi,lennutama,,1,,obl,
5146,piirduma kellele/millele,all,vahel,mitte kunagi,muu,piirduma,,1,,obl,
5147,põgenema kellele/millele,all,vahel,vahel,mitte kunagi,põgenema,,1,,obl,
5148,lähtuma kellele/millele,all,vahel,vahel,muu,lähtuma,,1,,obl,
5149,kauplema kellele/millele,all,vahel,vahel,muu,kauplema,,1,,obl,
5150,kätkema kellele/millele,all,vahel,mitte kunagi,muu,kätkema,,1,,obl,
5151,tappima kellele/millele,all,vahel,vahel,muu,tappima,,1,,obl,
5152,külmutama kellele/millele,all,vahel,vahel,muu,külmutama,,1,,obl,
5153,tulema peale kellele/millele,all,vahel,vahel,muu,tulema,peale,1,,obl,
5154,külvama kellele/millele,all,vahel,vahel,muu,külvama,,1,,obl,
5155,tarima kellele/millele,all,vahel,vahel,mitte kunagi,tarima,,1,,obl,
5156,külmuma kellele/millele,all,vahel,vahel,muu,külmuma,,1,,obl,
5157,küpsetama kellele/millele,all,vahel,mitte kunagi,muu,küpsetama,,1,,obl,
5158,muigama kellele/millele,all,vahel,mitte kunagi,muu,muigama,,1,,obl,
5159,tulema otsa kellele/millele,all,vahel,mitte kunagi,muu,tulema,otsa,1,,obl,
5160,küpsema kellele/millele,all,vahel,vahel,muu,,küpsema,1,,obl,
5161,purskama kellele/millele,all,vahel,vahel,mitte kunagi,purskama,,1,,obl,
5162,kühveldama kellele/millele,all,vahel,vahel,muu,kühveldama,,1,,obl,
5163,purskuma kellele/millele,all,vahel,vahel,mitte kunagi,purskuma,,1,,obl,
5164,köitma kellele/millele,all,vahel,mitte kunagi,muu,köitma,,1,,obl,
5165,tulema sisse kellele/millele,all,vahel,vahel,muu,tulema,sisse,1,,obl,
5166,kükitama kellele/millele,all,mitte kunagi,alati,mitte kunagi,kükitama,,1,,obl,
5167,munema kellele/millele,all,vahel,vahel,mitte kunagi,munema,,1,,obl,
5168,külastama kellele/millele,all,vahel,mitte kunagi,muu,külastama,,1,,obl,
5169,käsitama kellele/millele,all,vahel,vahel,muu,käsitama,,1,,obl,
5170,siirduma edasi kellele/millele,all,mitte kunagi,alati,mitte kunagi,siirduma,edasi,1,,obl,
5171,käsutama kellele/millele,all,mitte kunagi,vahel,muu,käsutama,,1,,obl,
5172,tulema üles kellele/millele,all,vahel,vahel,mitte kunagi,tulema,üles,1,,obl,
5173,murdma sisse kellele/millele,all,mitte kunagi,vahel,muu,murdma,sisse,1,,obl,
5174,andma kokku kellele/millele,all,alati,mitte kunagi,mitte kunagi,andma,kokku,1,,obl,
5175,hääletama vastu kellele/millele,all,vahel,mitte kunagi,muu,hääletama,vastu,1,,obl,
5176,viskama ette kellele/millele,all,vahel,vahel,mitte kunagi,viskama,ette,1,,obl,
5177,hargnema kellele/millele,all,mitte kunagi,vahel,muu,hargnema,,1,,obl,
5178,sujuma kellele/millele,all,vahel,mitte kunagi,muu,sujuma,,1,,obl,
5179,hõikama järele kellele/millele,all,alati,mitte kunagi,muu,hõikama,järele,1,,obl,
5180,viskama alla kellele/millele,all,vahel,vahel,muu,viskama,alla,1,,obl,
5181,rääkima edasi kellele/millele,all,alati,mitte kunagi,mitte kunagi,rääkima,edasi,1,,obl,
5182,blokeerima kellele/millele,all,vahel,vahel,muu,blokeerima,,1,,obl,
5183,osatama kellele/millele,all,vahel,vahel,muu,osatama,,1,,obl,
5184,tulema üle kellele/millele,all,vahel,vahel,muu,tulema,üle,1,,obl,
5185,kõrguma kellele/millele,all,vahel,vahel,muu,kõrguma,,1,,obl,
5186,purustama kellele/millele,all,vahel,mitte kunagi,muu,purustama,,1,,obl,
5187,tulema ära kellele/millele,all,vahel,vahel,muu,tulema,ära,1,,obl,
5188,purunema kellele/millele,all,vahel,vahel,muu,purunema,,1,,obl,
5189,kõrvaldama kellele/millele,all,vahel,mitte kunagi,muu,kõrvaldama,,1,,obl,
5190,kõrvetama kellele/millele,all,vahel,vahel,mitte kunagi,kõrvetama,,1,,obl,
5191,tarbima kellele/millele,all,vahel,vahel,muu,tarbima,,1,,obl,
5192,murduma kellele/millele,all,mitte kunagi,vahel,muu,murduma,,1,,obl,
5193,kõndima kellele/millele,all,vahel,vahel,muu,kõndima,,1,,obl,
5194,käskima kellele/millele,all,vahel,vahel,muu,käskima,,1,,obl,
5195,tuhisema kellele/millele,all,mitte kunagi,vahel,mitte kunagi,tuhisema,,1,,obl,
5196,tundma ära kellele/millele,all,vahel,mitte kunagi,muu,tundma,ära,1,,obl,
5197,pumpama kellele/millele,all,vahel,vahel,mitte kunagi,pumpama,,1,,obl,
5198,lakkama kellele/millele,all,vahel,vahel,muu,lakkama,,1,,obl,
5199,lajatama kellele/millele,all,vahel,vahel,mitte kunagi,lajatama,,1,,obl,
5200,tuiskama kellele/millele,all,vahel,vahel,mitte kunagi,tuiskama,,1,,obl,
5201,monteerima kellele/millele,all,vahel,vahel,muu,monteerima,,1,,obl,
5202,lahvatama kellele/millele,all,vahel,vahel,muu,lahvatama,,1,,obl,
5203,tassima kokku kellele/millele,all,vahel,vahel,mitte kunagi,tassima,kokku,1,,obl,
5204,langema tagasi kellele/millele,all,mitte kunagi,alati,mitte kunagi,langema,tagasi,1,,obl,
5205,langema peale kellele/millele,all,vahel,vahel,mitte kunagi,langema,peale,1,,obl,
5206,minema üles kellele/millele,all,vahel,vahel,mitte kunagi,minema,üles,1,,obl,
5207,tsiteerima kellele/millele,all,vahel,mitte kunagi,muu,tsiteerima,,1,,obl,
5208,laotama kellele/millele,all,mitte kunagi,alati,mitte kunagi,laotama,,1,,obl,
5209,minema ära kellele/millele,all,vahel,vahel,mitte kunagi,minema,ära,1,,obl,
5210,puiklema vastu kellele/millele,all,vahel,mitte kunagi,muu,puiklema,vastu,1,,obl,
5211,langema välja kellele/millele,all,vahel,vahel,mitte kunagi,langema,välja,1,,obl,
5212,tasuma ära kellele/millele,all,vahel,vahel,muu,tasuma,ära,1,,obl,
5213,langema kokku kellele/millele,all,vahel,vahel,muu,langema,kokku,1,,obl,
5214,tugevnema kellele/millele,all,vahel,vahel,muu,tugevnema,,1,,obl,
5215,tugevdama kellele/millele,all,vahel,mitte kunagi,muu,tugevdama,,1,,obl,
5216,laksatama kellele/millele,all,vahel,vahel,mitte kunagi,laksatama,,1,,obl,
5217,laksama kellele/millele,all,vahel,vahel,mitte kunagi,laksama,,1,,obl,
5218,kõigutama kellele/millele,all,vahel,vahel,muu,kõigutama,,1,,obl,
5219,kõikuma kellele/millele,all,vahel,vahel,muu,kõikuma,,1,,obl,
5220,pilgutama kellele/millele,all,alati,mitte kunagi,mitte kunagi,pilgutama,,1,,obl,
5221,käratama kellele/millele,all,vahel,vahel,mitte kunagi,käratama,,1,,obl,
5222,käivitama kellele/millele,all,vahel,mitte kunagi,muu,käivitama,,1,,obl,
5223,käivituma kellele/millele,all,vahel,mitte kunagi,muu,käivituma,,1,,obl,
5224,puutuma kellele/millele,all,vahel,mitte kunagi,muu,puutuma,,1,,obl,
5225,tungima peale kellele/millele,all,vahel,vahel,mitte kunagi,tungima,peale,1,,obl,
5226,puurima kellele/millele,all,vahel,vahel,mitte kunagi,puurima,,1,,obl,
5227,käristama kellele/millele,all,vahel,vahel,muu,käristama,,1,,obl,
5228,siirdama kellele/millele,all,vahel,mitte kunagi,muu,siirdama,,1,,obl,
5229,käristama välja kellele/millele,all,alati,mitte kunagi,mitte kunagi,käristama,välja,1,,obl,
5230,kärpima kellele/millele,all,vahel,vahel,muu,kärpima,,1,,obl,
5231,kärisema kellele/millele,all,mitte kunagi,vahel,muu,kärisema,,1,,obl,
5232,kõlistama kellele/millele,all,vahel,vahel,muu,kõlistama,,1,,obl,
5233,tapma kellele/millele,all,vahel,vahel,muu,tapma,,1,,obl,
5234,sikutama kellele/millele,all,vahel,vahel,mitte kunagi,sikutama,,1,,obl,
5235,kõmmutama kellele/millele,all,vahel,vahel,mitte kunagi,kõmmutama,,1,,obl,
5236,pillama kellele/millele,all,vahel,vahel,mitte kunagi,pillama,,1,,obl,
5237,käänama kellele/millele,all,vahel,vahel,muu,käänama,,1,,obl,
5238,siirduma tagasi kellele/millele,all,mitte kunagi,alati,mitte kunagi,siirduma,tagasi,1,,obl,
5239,tulvama kellele/millele,all,vahel,vahel,mitte kunagi,tulvama,,1,,obl,
5240,ristima kellele/millele,all,vahel,vahel,muu,ristima,,1,,obl,
5241,harjutama kellele/millele,all,vahel,vahel,muu,harjutama,,1,,obl,
5242,ostma kaasa kellele/millele,all,vahel,vahel,mitte kunagi,ostma,kaasa,1,,obl,
5243,ostma juurde kellele/millele,all,vahel,vahel,muu,ostma,juurde,1,,obl,
5244,rändama tagasi kellele/millele,all,vahel,vahel,mitte kunagi,rändama,tagasi,1,,obl,
5245,väitma vastu kellele/millele,all,vahel,mitte kunagi,muu,väitma,vastu,1,,obl,
5246,ostma kokku kellele/millele,all,vahel,mitte kunagi,muu,ostma,kokku,1,,obl,
5247,võtma sisse kellele/millele,all,vahel,vahel,muu,võtma,sisse,1,,obl,
5248,suunduma tagasi kellele/millele,all,mitte kunagi,alati,mitte kunagi,suunduma,tagasi,1,,obl,
5249,saama maha kellele/millele,all,vahel,vahel,muu,saama,maha,1,,obl,
5250,hüppama ette kellele/millele,all,vahel,vahel,mitte kunagi,hüppama,ette,1,,obl,
5251,saama ära kellele/millele,all,vahel,alati,muu,saama,ära,1,,obl,
5252,võtma tagasi kellele/millele,all,vahel,vahel,mitte kunagi,võtma,tagasi,1,,obl,
5253,panema kaasa kellele/millele,all,vahel,vahel,muu,panema,kaasa,1,,obl,
5254,hakkama külge kellele/millele,all,alati,mitte kunagi,mitte kunagi,hakkama,külge,1,,obl,
5255,avarduma kellele/millele,all,vahel,vahel,muu,avarduma,,1,,obl,
5256,riskima kellele/millele,all,vahel,vahel,muu,riskima,,1,,obl,
5257,häälestuma kellele/millele,all,mitte kunagi,mitte kunagi,muu,häälestuma,,1,,obl,
5258,harrastama kellele/millele,all,vahel,vahel,muu,harrastama,,1,,obl,
5259,hauduma kellele/millele,all,vahel,vahel,muu,hauduma,,1,,obl,
5260,oletama kellele/millele,all,vahel,mitte kunagi,muu,oletama,,1,,obl,
5261,andma vastu kellele/millele,all,vahel,mitte kunagi,muu,andma,vastu,1,,obl,
5262,häälestama kellele/millele,all,mitte kunagi,vahel,muu,häälestama,,1,,obl,
5263,suudlema kellele/millele,all,vahel,vahel,mitte kunagi,suudlema,,1,,obl,
5264,avardama kellele/millele,all,vahel,vahel,muu,avardama,,1,,obl,
5265,dikteerima kellele/millele,all,vahel,mitte kunagi,muu,dikteerima,,1,,obl,
5266,väljastama kokku kellele/millele,all,alati,mitte kunagi,mitte kunagi,väljastama,kokku,1,,obl,
5267,hakatama kellele/millele,all,vahel,vahel,muu,hakatama,,1,,obl,
5268,allkirjastama kellele/millele,all,vahel,vahel,muu,allkirjastama,,1,,obl,
5269,hüppama kallale kellele/millele,all,alati,mitte kunagi,mitte kunagi,hüppama,kallale,1,,obl,
5270,peatuma kellele/millele,all,vahel,vahel,muu,peatuma,,1,,obl,
5271,ühendama kellele/millele,all,vahel,vahel,muu,ühendama,,1,,obl,
5272,sõitma kokku kellele/millele,all,mitte kunagi,alati,mitte kunagi,sõitma,kokku,1,,obl,
5273,"olema vaja, juurde kellele/millele",all,vahel,vahel,muu,olema,vaja,1,,obl,
5274,"olema vaja, juurde kellele/millele",all,vahel,vahel,muu,olema,juurde,1,,obl,
5275,panema kokku kellele/millele,all,vahel,mitte kunagi,muu,panema,kokku,1,,obl,
5276,võtma maha kellele/millele,all,vahel,vahel,muu,võtma,maha,1,,obl,
5277,sõitma kohale kellele/millele,all,vahel,vahel,muu,sõitma,kohale,1,,obl,
5278,hajutama kellele/millele,all,mitte kunagi,vahel,muu,hajutama,,1,,obl,
5279,hüppama järele kellele/millele,all,vahel,mitte kunagi,muu,hüppama,järele,1,,obl,
5280,hajuma kellele/millele,all,mitte kunagi,vahel,muu,hajuma,,1,,obl,
5281,saama üle kellele/millele,all,vahel,mitte kunagi,muu,saama,üle,1,,obl,
5282,disainima kellele/millele,all,vahel,mitte kunagi,muu,disainima,,1,,obl,
5283,hüppama peale kellele/millele,all,vahel,mitte kunagi,muu,hüppama,peale,1,,obl,
5284,hakkama peale kellele/millele,all,mitte kunagi,vahel,muu,hakkama,peale,1,,obl,
5285,panema juurde kellele/millele,all,vahel,vahel,muu,panema,juurde,1,,obl,
5286,olenema kellele/millele,all,vahel,mitte kunagi,muu,olenema,,1,,obl,
5287,andma peale kellele/millele,all,vahel,mitte kunagi,muu,andma,peale,1,,obl,
5288,saama peale kellele/millele,all,vahel,vahel,muu,saama,peale,1,,obl,
5289,sättima ette kellele/millele,all,vahel,vahel,muu,sättima,ette,1,,obl,
5290,sättima üles kellele/millele,all,vahel,vahel,mitte kunagi,sättima,üles,1,,obl,
5291,paistma ära kellele/millele,all,vahel,vahel,mitte kunagi,paistma,ära,1,,obl,
5292,hõiskama kellele/millele,all,alati,mitte kunagi,mitte kunagi,hõiskama,,1,,obl,
5293,panema alla kellele/millele,all,vahel,vahel,muu,panema,alla,1,,obl,
5294,suunama tagasi kellele/millele,all,vahel,vahel,muu,suunama,tagasi,1,,obl,
5295,passima kellele/millele,all,vahel,vahel,muu,passima,,1,,obl,
5296,haukuma vastu kellele/millele,all,vahel,mitte kunagi,muu,haukuma,vastu,1,,obl,
5297,hõljuma kellele/millele,all,vahel,vahel,muu,hõljuma,,1,,obl,
5298,võõrandama kellele/millele,all,vahel,mitte kunagi,muu,võõrandama,,1,,obl,
5299,hõivama kellele/millele,all,vahel,mitte kunagi,muu,hõivama,,1,,obl,
5300,broneerima kellele/millele,all,vahel,vahel,mitte kunagi,broneerima,,1,,obl,
5301,hõlbustama kellele/millele,all,mitte kunagi,vahel,muu,hõlbustama,,1,,obl,
5302,suunama edasi kellele/millele,all,vahel,vahel,muu,suunama,edasi,1,,obl,
5303,andma kätte kellele/millele,all,alati,mitte kunagi,mitte kunagi,andma,kätte,1,,obl,
5304,baseeruma kellele/millele,all,mitte kunagi,mitte kunagi,muu,baseeruma,,1,,obl,
5305,harjuma kellele/millele,all,vahel,vahel,muu,harjuma,,1,,obl,
5306,hävitama kellele/millele,all,vahel,vahel,muu,hävitama,,1,,obl,
5307,viskama maha kellele/millele,all,vahel,vahel,mitte kunagi,viskama,maha,1,,obl,
5308,viskama peale kellele/millele,all,mitte kunagi,vahel,muu,viskama,peale,1,,obl,
5309,andma pihta kellele/millele,all,vahel,mitte kunagi,muu,andma,pihta,1,,obl,
5310,saama valmis kellele/millele,all,vahel,vahel,muu,saama,valmis,1,,obl,
5311,vuristama kellele/millele,all,vahel,vahel,mitte kunagi,vuristama,,1,,obl,
5312,paistma peale kellele/millele,all,vahel,vahel,muu,paistma,peale,1,,obl,
5313,andma sisse kellele/millele,all,vahel,mitte kunagi,muu,andma,sisse,1,,obl,
5314,andma üles kellele/millele,all,vahel,vahel,mitte kunagi,andma,üles,1,,obl,
5315,heastama kellele/millele,all,alati,mitte kunagi,mitte kunagi,heastama,,1,,obl,
5316,ytlema kellele/millele,all,vahel,mitte kunagi,muu,ytlema,,1,,obl,
5317,hävima kellele/millele,all,vahel,mitte kunagi,muu,hävima,,1,,obl,
5318,vurama kellele/millele,all,vahel,vahel,muu,vurama,,1,,obl,
5319,rääkima vastu kellele/millele,all,vahel,mitte kunagi,muu,rääkima,vastu,1,,obl,
5320,avalikustama kellele/millele,all,vahel,vahel,muu,avalikustama,,1,,obl,
5321,peetuma kellele/millele,all,vahel,mitte kunagi,muu,,peetuma,1,,obl,
5322,heegeldama kellele/millele,all,vahel,mitte kunagi,mitte kunagi,heegeldama,,1,,obl,
5323,andma võidu kellele/millele,all,alati,mitte kunagi,mitte kunagi,andma,võidu,1,,obl,
5324,suubuma kellele/millele,all,mitte kunagi,vahel,muu,suubuma,,1,,obl,
5325,saama vahele kellele/millele,all,mitte kunagi,mitte kunagi,muu,saama,vahele,1,,obl,
5326,riputama üles kellele/millele,all,mitte kunagi,vahel,muu,riputama,üles,1,,obl,
5327,paistma välja kellele/millele,all,vahel,vahel,muu,paistma,välja,1,,obl,
5328,pintseldama kellele/millele,all,vahel,vahel,mitte kunagi,pintseldama,,1,,obl,
5329,sirgeldama kellele/millele,all,mitte kunagi,alati,mitte kunagi,sirgeldama,,1,,obl,
5330,kutsuma esile kellele/millele,all,vahel,vahel,muu,kutsuma,esile,1,,obl,
5331,mängima kaasa kellele/millele,all,vahel,mitte kunagi,muu,mängima,kaasa,1,,obl,
5332,tutvuma kellele/millele,all,vahel,vahel,muu,tutvuma,,1,,obl,
5333,tunnetama kellele/millele,all,vahel,mitte kunagi,muu,tunnetama,,1,,obl,
5334,pilduma kellele/millele,all,vahel,vahel,mitte kunagi,pilduma,,1,,obl,
5335,sihtima kellele/millele,all,vahel,vahel,muu,sihtima,,1,,obl,
5336,käima välja kellele/millele,all,vahel,mitte kunagi,muu,käima,välja,1,,obl,
5337,puutuma kokku kellele/millele,all,vahel,vahel,muu,puutuma,kokku,1,,obl,
5338,käima vastu kellele/millele,all,vahel,mitte kunagi,muu,käima,vastu,1,,obl,
5339,tunglema kellele/millele,all,vahel,vahel,muu,tunglema,,1,,obl,
5340,tunnustama kellele/millele,all,vahel,mitte kunagi,muu,tunnustama,,1,,obl,
5341,mäletama kellele/millele,all,vahel,vahel,muu,mäletama,,1,,obl,
5342,tupsutama kellele/millele,all,vahel,vahel,mitte kunagi,tupsutama,,1,,obl,
5343,pildistama kellele/millele,all,vahel,vahel,muu,pildistama,,1,,obl,
5344,signaliseerima kellele/millele,all,vahel,mitte kunagi,muu,signaliseerima,,1,,obl,
5345,käima peale kellele/millele,all,alati,mitte kunagi,mitte kunagi,käima,peale,1,,obl,
5346,tantsima kellele/millele,all,vahel,vahel,mitte kunagi,tantsima,,1,,obl,
5347,käima läbi kellele/millele,all,vahel,mitte kunagi,muu,käima,läbi,1,,obl,
5348,tunnistama üles kellele/millele,all,alati,mitte kunagi,mitte kunagi,tunnistama,üles,1,,obl,
5349,pääsema edasi kellele/millele,all,vahel,vahel,muu,pääsema,edasi,1,,obl,
5350,kusema kellele/millele,all,vahel,vahel,mitte kunagi,kusema,,1,,obl,
5351,kustuma kellele/millele,all,vahel,vahel,muu,kustuma,,1,,obl,
5352,talletama kellele/millele,all,vahel,vahel,mitte kunagi,talletama,,1,,obl,
5353,kustutama kellele/millele,all,vahel,vahel,muu,kustutama,,1,,obl,
5354,tähendama kokku kellele/millele,all,vahel,mitte kunagi,muu,tähendama,kokku,1,,obl,
5355,mängima ette kellele/millele,all,alati,mitte kunagi,mitte kunagi,mängima,ette,1,,obl,
5356,päranduma kellele/millele,all,vahel,mitte kunagi,muu,päranduma,,1,,obl,
5357,tõmbama alla kellele/millele,all,vahel,vahel,muu,tõmbama,alla,1,,obl,
5358,kujunema välja kellele/millele,all,vahel,mitte kunagi,muu,kujunema,välja,1,,obl,
5359,kubisema kellele/millele,all,vahel,mitte kunagi,muu,kubisema,,1,,obl,
5360,kruvima kellele/millele,all,vahel,vahel,muu,kruvima,,1,,obl,
5361,mõistma välja kellele/millele,all,alati,mitte kunagi,mitte kunagi,mõistma,välja,1,,obl,
5362,kuhjuma kellele/millele,all,mitte kunagi,alati,mitte kunagi,kuhjuma,,1,,obl,
5363,pääsema välja kellele/millele,all,vahel,vahel,muu,pääsema,välja,1,,obl,
5364,kuivama kokku kellele/millele,all,mitte kunagi,vahel,muu,kuivama,kokku,1,,obl,
5365,kuivama kellele/millele,all,vahel,vahel,mitte kunagi,kuivama,,1,,obl,
5366,mõikama kellele/millele,all,vahel,mitte kunagi,muu,mõikama,,1,,obl,
5367,kuduma kellele/millele,all,vahel,mitte kunagi,muu,kuduma,,1,,obl,
5368,kuhjama kellele/millele,all,mitte kunagi,alati,mitte kunagi,kuhjama,,1,,obl,
5369,kuuluma kokku kellele/millele,all,alati,mitte kunagi,mitte kunagi,kuuluma,kokku,1,,obl,
5370,turustama kellele/millele,all,vahel,vahel,mitte kunagi,turustama,,1,,obl,
5371,kuvama kellele/millele,all,vahel,vahel,muu,kuvama,,1,,obl,
5372,kvalifitseeruma kellele/millele,all,vahel,vahel,mitte kunagi,kvalifitseeruma,,1,,obl,
5373,siginema kellele/millele,all,vahel,vahel,mitte kunagi,siginema,,1,,obl,
5374,turgatama kellele/millele,all,alati,mitte kunagi,mitte kunagi,turgatama,,1,,obl,
5375,turnima kellele/millele,all,vahel,vahel,mitte kunagi,turnima,,1,,obl,
5376,pädema kellele/millele,all,vahel,mitte kunagi,muu,pädema,,1,,obl,
5377,talutama kellele/millele,all,vahel,vahel,mitte kunagi,talutama,,1,,obl,
5378,talletuma kellele/millele,all,vahel,vahel,mitte kunagi,talletuma,,1,,obl,
5379,tilgutama kellele/millele,all,vahel,vahel,mitte kunagi,tilgutama,,1,,obl,
5380,manööverdama kellele/millele,all,mitte kunagi,alati,mitte kunagi,manööverdama,,1,,obl,
5381,tegema kaasa kellele/millele,all,vahel,vahel,muu,tegema,kaasa,1,,obl,
5382,tilkuma kellele/millele,all,mitte kunagi,vahel,muu,tilkuma,,1,,obl,
5383,lunastama kellele/millele,all,mitte kunagi,vahel,muu,lunastama,,1,,obl,
5384,tiksuma kellele/millele,all,vahel,vahel,mitte kunagi,tiksuma,,1,,obl,
5385,läbima kellele/millele,all,vahel,vahel,muu,läbima,,1,,obl,
5386,tikkuma ligi kellele/millele,all,alati,mitte kunagi,mitte kunagi,tikkuma,ligi,1,,obl,
5387,praalima kellele/millele,all,alati,mitte kunagi,mitte kunagi,praalima,,1,,obl,
5388,luuletama kellele/millele,all,vahel,mitte kunagi,muu,luuletama,,1,,obl,
5389,sobitama kellele/millele,all,vahel,vahel,muu,sobitama,,1,,obl,
5390,tiksuma juurde kellele/millele,all,vahel,vahel,muu,tiksuma,juurde,1,,obl,
5391,lugema läbi kellele/millele,all,vahel,vahel,muu,lugema,läbi,1,,obl,
5392,tingima kellele/millele,all,vahel,mitte kunagi,muu,tingima,,1,,obl,
5393,platseeruma kellele/millele,all,vahel,vahel,muu,platseeruma,,1,,obl,
5394,lugema peale kellele/millele,all,vahel,mitte kunagi,muu,lugema,peale,1,,obl,
5395,luhtuma kellele/millele,all,vahel,vahel,muu,luhtuma,,1,,obl,
5396,luiskama kellele/millele,all,alati,mitte kunagi,mitte kunagi,luiskama,,1,,obl,
5397,tegema juurde kellele/millele,all,vahel,mitte kunagi,muu,tegema,juurde,1,,obl,
5398,prantsatama kellele/millele,all,mitte kunagi,alati,mitte kunagi,prantsatama,,1,,obl,
5399,tikkuma kallale kellele/millele,all,alati,mitte kunagi,mitte kunagi,tikkuma,kallale,1,,obl,
5400,maksma ära kellele/millele,all,vahel,mitte kunagi,muu,maksma,ära,1,,obl,
5401,sodima kellele/millele,all,vahel,vahel,muu,sodima,,1,,obl,
5402,tihkama kellele/millele,all,vahel,vahel,muu,tihkama,,1,,obl,
5403,potsatama kellele/millele,all,vahel,vahel,mitte kunagi,potsatama,,1,,obl,
5404,postitama kellele/millele,all,vahel,vahel,mitte kunagi,postitama,,1,,obl,
5405,tegema liiga kellele/millele,all,vahel,mitte kunagi,muu,tegema,liiga,1,,obl,
5406,manitsema kellele/millele,all,mitte kunagi,vahel,muu,manitsema,,1,,obl,
5407,manustama kellele/millele,all,vahel,mitte kunagi,muu,manustama,,1,,obl,
5408,kuuletuma kellele/millele,all,vahel,mitte kunagi,muu,kuuletuma,,1,,obl,
5409,kummutama kellele/millele,all,vahel,vahel,mitte kunagi,kummutama,,1,,obl,
5410,kupatama kellele/millele,all,mitte kunagi,alati,mitte kunagi,kupatama,,1,,obl,
5411,pikenema kellele/millele,all,mitte kunagi,vahel,muu,pikenema,,1,,obl,
5412,pääsema juurde kellele/millele,all,vahel,mitte kunagi,muu,pääsema,juurde,1,,obl,
5413,kummitama kellele/millele,all,vahel,vahel,muu,kummitama,,1,,obl,
5414,täiendama kellele/millele,all,vahel,mitte kunagi,muu,täiendama,,1,,obl,
5415,märkama kellele/millele,all,vahel,vahel,muu,märkama,,1,,obl,
5416,pääsema ette kellele/millele,all,vahel,mitte kunagi,muu,pääsema,ette,1,,obl,
5417,kutsuma kaasa kellele/millele,all,mitte kunagi,alati,vaieldav märgendus,kutsuma,kaasa,1,,obl,
5418,pärinema kellele/millele,all,vahel,mitte kunagi,muu,pärinema,,1,,obl,
5419,kuulduma kellele/millele,all,vahel,vahel,muu,kuulduma,,1,,obl,
5420,taluma kellele/millele,all,vahel,vahel,muu,taluma,,1,,obl,
5421,kutsuma välja kellele/millele,all,vahel,vahel,mitte kunagi,kutsuma,välja,1,,obl,
5422,tuvastama kellele/millele,all,vahel,mitte kunagi,muu,tuvastama,,1,,obl,
5423,pärima kellele/millele,all,vahel,vahel,muu,pärima,,1,,obl,
5424,mängima maha kellele/millele,all,vahel,mitte kunagi,muu,mängima,maha,1,,obl,
5425,mängitama kellele/millele,all,vahel,vahel,muu,mängitama,,1,,obl,
5426,päädima kellele/millele,all,vahel,vahel,mitte kunagi,päädima,,1,,obl,
5427,täheldama kellele/millele,all,vahel,vahel,muu,täheldama,,1,,obl,
5428,kutsuma tagasi kellele/millele,all,vahel,vahel,mitte kunagi,kutsuma,tagasi,1,,obl,
5429,kutsuma kokku kellele/millele,all,vahel,vahel,muu,kutsuma,kokku,1,,obl,
5430,siduma kellele/millele,all,vahel,vahel,mitte kunagi,siduma,,1,,obl,
5431,pärssima kellele/millele,all,vahel,mitte kunagi,muu,pärssima,,1,,obl,
5432,kuulama kellele/millele,all,vahel,vahel,muu,kuulama,,1,,obl,
5433,määrduma kellele/millele,all,vahel,vahel,muu,määrduma,,1,,obl,
5434,tulema alla kellele/millele,all,vahel,vahel,mitte kunagi,tulema,alla,1,,obl,
5435,lahenema kellele/millele,all,vahel,mitte kunagi,muu,lahenema,,1,,obl,
5436,tassima kellele/millele,all,vahel,vahel,muu,tassima,,1,,obl,
5437,lahendama kellele/millele,all,vahel,mitte kunagi,muu,lahendama,,1,,obl,
5438,laenama edasi kellele/millele,all,alati,mitte kunagi,mitte kunagi,laenama,edasi,1,,obl,
5439,tulema esile kellele/millele,all,mitte kunagi,vahel,muu,tulema,esile,1,,obl,
5440,laduma ette kellele/millele,all,vahel,vahel,mitte kunagi,laduma,ette,1,,obl,
5441,laduma välja kellele/millele,all,vahel,vahel,mitte kunagi,laduma,välja,1,,obl,
5442,tulema ette kellele/millele,all,vahel,mitte kunagi,muu,tulema,ette,1,,obl,
5443,ladestuma kellele/millele,all,mitte kunagi,alati,mitte kunagi,ladestuma,,1,,obl,
5444,laekuma tagasi kellele/millele,all,vahel,vahel,mitte kunagi,laekuma,tagasi,1,,obl,
5445,punnima vastu kellele/millele,all,vahel,mitte kunagi,muu,punnima,vastu,1,,obl,
5446,laekuma kokku kellele/millele,all,vahel,vahel,mitte kunagi,laekuma,kokku,1,,obl,
5447,tulema edasi kellele/millele,all,vahel,vahel,muu,tulema,edasi,1,,obl,
5448,tasakaalustama kellele/millele,all,mitte kunagi,mitte kunagi,muu,tasakaalustama,,1,,obl,
5449,kukkuma peale kellele/millele,all,vahel,vahel,mitte kunagi,kukkuma,peale,1,,obl,
5450,kukkuma otsa kellele/millele,all,vahel,vahel,muu,kukkuma,otsa,1,,obl,
5451,kukkuma tagasi kellele/millele,all,mitte kunagi,vahel,muu,kukkuma,tagasi,1,,obl,
5452,tõendama kellele/millele,all,vahel,vahel,muu,tõendama,,1,,obl,
5453,määrama kokku kellele/millele,all,alati,mitte kunagi,mitte kunagi,määrama,kokku,1,,obl,
5454,kukkuma läbi kellele/millele,all,vahel,vahel,muu,kukkuma,läbi,1,,obl,
5455,kukkuma maha kellele/millele,all,vahel,vahel,mitte kunagi,kukkuma,maha,1,,obl,
5456,takerduma kellele/millele,all,vahel,vahel,muu,takerduma,,1,,obl,
5457,tätoveerima kellele/millele,all,vahel,vahel,mitte kunagi,tätoveerima,,1,,obl,
5458,laenama välja kellele/millele,all,alati,mitte kunagi,mitte kunagi,laenama,välja,1,,obl,
5459,tasandama kellele/millele,all,mitte kunagi,vahel,muu,tasandama,,1,,obl,
5460,moodustuma kellele/millele,all,mitte kunagi,vahel,muu,moodustuma,,1,,obl,
5461,tasuma kokku kellele/millele,all,vahel,mitte kunagi,muu,tasuma,kokku,1,,obl,
5462,laksima kellele/millele,all,vahel,vahel,mitte kunagi,laksima,,1,,obl,
5463,langema alla kellele/millele,all,vahel,vahel,muu,langema,alla,1,,obl,
5464,sirguma kellele/millele,all,vahel,mitte kunagi,muu,sirguma,,1,,obl,
5465,tulema kallale kellele/millele,all,alati,mitte kunagi,muu,tulema,kallale,1,,obl,
5466,motiveerima kellele/millele,all,vahel,vahel,muu,motiveerima,,1,,obl,
5467,punuma kellele/millele,all,vahel,vahel,mitte kunagi,punuma,,1,,obl,
5468,tarvitama kellele/millele,all,vahel,vahel,muu,tarvitama,,1,,obl,
5469,tulema kohale kellele/millele,all,vahel,vahel,muu,tulema,kohale,1,,obl,
5470,küünitama kellele/millele,all,vahel,vahel,mitte kunagi,küünitama,,1,,obl,
5471,tarvitsema kellele/millele,all,vahel,mitte kunagi,muu,tarvitsema,,1,,obl,
5472,laenama kokku kellele/millele,all,vahel,mitte kunagi,muu,laenama,kokku,1,,obl,
5473,laadima kellele/millele,all,vahel,vahel,mitte kunagi,laadima,,1,,obl,
5474,laabuma kellele/millele,all,vahel,mitte kunagi,muu,laabuma,,1,,obl,
5475,tulema kaasa kellele/millele,all,vahel,vahel,mitte kunagi,tulema,kaasa,1,,obl,
5476,purjetama kellele/millele,all,mitte kunagi,alati,mitte kunagi,purjetama,,1,,obl,
5477,küündima kellele/millele,all,vahel,vahel,muu,küündima,,1,,obl,
5478,kütma kellele/millele,all,vahel,mitte kunagi,muu,kütma,,1,,obl,
5479,pingutama kellele/millele,all,mitte kunagi,vahel,muu,pingutama,,1,,obl,
5480,laenutama kellele/millele,all,alati,mitte kunagi,mitte kunagi,laenutama,,1,,obl,
5481,lagunema kellele/millele,all,vahel,vahel,muu,lagunema,,1,,obl,
5482,kukutama kellele/millele,all,vahel,vahel,mitte kunagi,kukutama,,1,,obl,
5483,tõdema kellele/millele,all,vahel,vahel,muu,tõdema,,1,,obl,
5484,spekuleerima kellele/millele,all,vahel,mitte kunagi,muu,spekuleerima,,1,,obl,
5485,tõmbama ära kellele/millele,all,vahel,vahel,mitte kunagi,tõmbama,ära,1,,obl,
5486,tahtma tagasi kellele/millele,all,vahel,vahel,muu,tahtma,tagasi,1,,obl,
5487,tõmbama ümber kellele/millele,all,vahel,mitte kunagi,muu,tõmbama,ümber,1,,obl,
5488,kritiseerima kellele/millele,all,vahel,vahel,muu,kritiseerima,,1,,obl,
5489,päästma kellele/millele,all,vahel,mitte kunagi,muu,päästma,,1,,obl,
5490,kruttima kellele/millele,all,mitte kunagi,vahel,muu,kruttima,,1,,obl,
5491,tõmbama tagasi kellele/millele,all,vahel,vahel,muu,tõmbama,tagasi,1,,obl,
5492,kritseldama kellele/millele,all,mitte kunagi,alati,mitte kunagi,kritseldama,,1,,obl,
5493,settima kellele/millele,all,vahel,vahel,muu,settima,,1,,obl,
5494,serveerima kellele/millele,all,alati,mitte kunagi,mitte kunagi,serveerima,,1,,obl,
5495,kulmineeruma kellele/millele,all,vahel,mitte kunagi,muu,kulmineeruma,,1,,obl,
5496,kraapima kellele/millele,all,vahel,vahel,mitte kunagi,kraapima,,1,,obl,
5497,tõrjuma kellele/millele,all,vahel,vahel,muu,tõrjuma,,1,,obl,
5498,põdema kellele/millele,all,vahel,mitte kunagi,muu,põdema,,1,,obl,
5499,tõmbuma kellele/millele,all,mitte kunagi,vahel,mitte kunagi,tõmbuma,,1,,obl,
5500,kribima kellele/millele,all,vahel,vahel,mitte kunagi,kribima,,1,,obl,
5501,spetsialiseerima kellele/millele,all,mitte kunagi,mitte kunagi,muu,spetsialiseerima,,1,,obl,
5502,taipama kellele/millele,all,vahel,vahel,muu,taipama,,1,,obl,
5503,tõmbama ette kellele/millele,all,vahel,vahel,muu,tõmbama,ette,1,,obl,
5504,tõmbama kaasa kellele/millele,all,mitte kunagi,vahel,muu,tõmbama,kaasa,1,,obl,
5505,tõmbama järele kellele/millele,all,alati,mitte kunagi,mitte kunagi,tõmbama,järele,1,,obl,
5506,kujutama ette kellele/millele,all,vahel,vahel,muu,kujutama,ette,1,,obl,
5507,kukkuma välja kellele/millele,all,vahel,vahel,muu,kukkuma,välja,1,,obl,
5508,kulutama kokku kellele/millele,all,mitte kunagi,mitte kunagi,muu,kulutama,kokku,1,,obl,
5509,kujutlema kellele/millele,all,vahel,vahel,muu,kujutlema,,1,,obl,
5510,tõlgendama kellele/millele,all,vahel,mitte kunagi,muu,tõlgendama,,1,,obl,
5511,pääsema sisse kellele/millele,all,mitte kunagi,alati,mitte kunagi,pääsema,sisse,1,,obl,
5512,pääsema tagasi kellele/millele,all,mitte kunagi,vahel,muu,pääsema,tagasi,1,,obl,
5513,piiskama kellele/millele,all,vahel,vahel,mitte kunagi,piiskama,,1,,obl,
5514,tõlkima kellele/millele,all,vahel,vahel,mitte kunagi,tõlkima,,1,,obl,
5515,kukkuma alla kellele/millele,all,mitte kunagi,vahel,muu,kukkuma,alla,1,,obl,
5516,määratlema kellele/millele,all,vahel,vahel,muu,määratlema,,1,,obl,
5517,tajuma kellele/millele,all,vahel,mitte kunagi,muu,tajuma,,1,,obl,
5518,tõkestama kellele/millele,all,vahel,vahel,muu,tõkestama,,1,,obl,
5519,pikendama kellele/millele,all,vahel,vahel,muu,pikendama,,1,,obl,
5520,kuluma kokku kellele/millele,all,vahel,mitte kunagi,muu,kuluma,kokku,1,,obl,
5521,täituma kellele/millele,all,vahel,mitte kunagi,muu,täituma,,1,,obl,
5522,täienema kellele/millele,all,vahel,mitte kunagi,muu,täienema,,1,,obl,
5523,kummardama kellele/millele,all,alati,mitte kunagi,vaieldav märgendus,kummardama,,1,,obl,
5524,kumama kellele/millele,all,vahel,vahel,muu,kumama,,1,,obl,
5525,talitama kellele/millele,all,vahel,mitte kunagi,muu,talitama,,1,,obl,
5526,märkima ära kellele/millele,all,vahel,vahel,muu,märkima,ära,1,,obl,
5527,pääsema läbi kellele/millele,all,mitte kunagi,vahel,muu,pääsema,läbi,1,,obl,
5528,täpsustama kellele/millele,all,vahel,mitte kunagi,muu,täpsustama,,1,,obl,
5529,tärkama kellele/millele,all,vahel,vahel,muu,tärkama,,1,,obl,
5530,tänama kellele/millele,all,vahel,vahel,muu,tänama,,1,,obl,
5531,panema kinni kellele/millele,all,vahel,vahel,mitte kunagi,panema,kinni,1,,obl,
5532,rivistama kellele/millele,all,mitte kunagi,alati,mitte kunagi,rivistama,,1,,obl,
5533,testima kellele/millele,all,vahel,vahel,muu,testima,,1,,obl,
5534,sammuma kellele/millele,all,mitte kunagi,alati,mitte kunagi,sammuma,,1,,obl,
5535,esitama tagasi kellele/millele,all,vahel,vahel,mitte kunagi,esitama,tagasi,1,,obl,
5536,võitma tagasi kellele/millele,all,vahel,mitte kunagi,muu,võitma,tagasi,1,,obl,
5537,panema üles kellele/millele,all,mitte kunagi,vahel,mitte kunagi,panema,üles,1,,obl,
5538,ütlema edasi kellele/millele,all,alati,mitte kunagi,mitte kunagi,ütlema,edasi,1,,obl,
5539,esitama kokku kellele/millele,all,vahel,mitte kunagi,muu,esitama,kokku,1,,obl,
5540,otsima välja kellele/millele,all,vahel,vahel,mitte kunagi,otsima,välja,1,,obl,
5541,ahvatlema kellele/millele,all,vahel,vahel,muu,ahvatlema,,1,,obl,
5542,importima kellele/millele,all,vahel,vahel,muu,importima,,1,,obl,
5543,eksportima kellele/millele,all,vahel,vahel,muu,eksportima,,1,,obl,
5544,abielluma kellele/millele,all,vahel,vahel,muu,abielluma,,1,,obl,
5545,panema valmis kellele/millele,all,vahel,vahel,mitte kunagi,panema,valmis,1,,obl,
5546,võlgnema kokku kellele/millele,all,alati,mitte kunagi,mitte kunagi,võlgnema,kokku,1,,obl,
5547,eksponeerima kellele/millele,all,alati,mitte kunagi,mitte kunagi,eksponeerima,,1,,obl,
5548,aimama kellele/millele,all,vahel,vahel,muu,aimama,,1,,obl,
5549,imponeerima kellele/millele,all,alati,mitte kunagi,mitte kunagi,imponeerima,,1,,obl,
5550,võlgnema tänu kellele/millele,all,vahel,mitte kunagi,muu,võlgnema,tänu,1,,obl,
5551,sundima peale kellele/millele,all,alati,mitte kunagi,mitte kunagi,sundima,peale,1,,obl,
5552,väärtustama kellele/millele,all,vahel,mitte kunagi,muu,väärtustama,,1,,obl,
5553,panema vahele kellele/millele,all,vahel,vahel,mitte kunagi,panema,vahele,1,,obl,
5554,saama alles kellele/millele,all,vahel,vahel,mitte kunagi,saama,alles,1,,obl,
5555,eskortima kellele/millele,all,mitte kunagi,vahel,muu,eskortima,,1,,obl,
5556,peitma kellele/millele,all,vahel,vahel,mitte kunagi,peitma,,1,,obl,
5557,viima vastu kellele/millele,all,vahel,vahel,muu,viima,vastu,1,,obl,
5558,pahandama kellele/millele,all,vahel,vahel,muu,pahandama,,1,,obl,
5559,ütlema ette kellele/millele,all,alati,mitte kunagi,mitte kunagi,ütlema,ette,1,,obl,
5560,vältima kellele/millele,all,vahel,vahel,muu,vältima,,1,,obl,
5561,aktsepteerima kellele/millele,all,vahel,mitte kunagi,muu,aktsepteerima,,1,,obl,
5562,saama järele kellele/millele,all,vahel,mitte kunagi,muu,saama,järele,1,,obl,
5563,iseloomustama kellele/millele,all,vahel,mitte kunagi,muu,iseloomustama,,1,,obl,
5564,haarama kellele/millele,all,vahel,vahel,muu,haarama,,1,,obl,
5565,saabuma tagasi kellele/millele,all,vahel,vahel,mitte kunagi,saabuma,tagasi,1,,obl,
5566,saama kaasa kellele/millele,all,vahel,vahel,muu,saama,kaasa,1,,obl,
5567,ebaõnnestuma kellele/millele,all,vahel,vahel,muu,ebaõnnestuma,,1,,obl,
5568,alandama kellele/millele,all,vahel,vahel,muu,alandama,,1,,obl,
5569,haakuma kellele/millele,all,vahel,mitte kunagi,muu,haakuma,,1,,obl,
5570,sõitma peale kellele/millele,all,vahel,vahel,muu,sõitma,peale,1,,obl,
5571,võtma kokku kellele/millele,all,vahel,vahel,muu,võtma,kokku,1,,obl,
5572,alanema kellele/millele,all,vahel,vahel,muu,alanema,,1,,obl,
5573,ostma ära kellele/millele,all,vahel,vahel,muu,ostma,ära,1,,obl,
5574,informeerima kellele/millele,all,vahel,vahel,muu,informeerima,,1,,obl,
5575,investeerima kellele/millele,all,vahel,vahel,muu,investeerima,,1,,obl,
5576,saama edasi kellele/millele,all,vahel,vahel,muu,saama,edasi,1,,obl,
5577,esitama vastu kellele/millele,all,vahel,mitte kunagi,mitte kunagi,esitama,vastu,1,,obl,
5578,samastuma kellele/millele,all,vahel,mitte kunagi,muu,samastuma,,1,,obl,
5579,viirastuma kellele/millele,all,alati,mitte kunagi,mitte kunagi,viirastuma,,1,,obl,
5580,roolima kellele/millele,all,vahel,vahel,mitte kunagi,roolima,,1,,obl,
5581,esitama välja kellele/millele,all,vahel,vahel,muu,esitama,välja,1,,obl,
5582,suhtuma kellele/millele,all,vahel,mitte kunagi,muu,suhtuma,,1,,obl,
5583,elama edasi kellele/millele,all,vahel,mitte kunagi,muu,elama,edasi,1,,obl,
5584,viima üles kellele/millele,all,vahel,vahel,muu,viima,üles,1,,obl,
5585,saatma järele kellele/millele,all,vahel,mitte kunagi,muu,saatma,järele,1,,obl,
5586,aeguma kellele/millele,all,vahel,mitte kunagi,muu,aeguma,,1,,obl,
5587,sõitma pihta kellele/millele,all,vahel,vahel,muu,sõitma,pihta,1,,obl,
5588,esietenduma kellele/millele,all,vahel,vahel,mitte kunagi,esietenduma,,1,,obl,
5589,abistama kellele/millele,all,mitte kunagi,mitte kunagi,muu,abistama,,1,,obl,
5590,installeerima kellele/millele,all,vahel,vahel,muu ja pole kindel,installeerima,,1,,obl,
5591,elama üle kellele/millele,all,mitte kunagi,vahel,muu,elama,üle,1,,obl,
5592,võima kellele/millele,all,mitte kunagi,mitte kunagi,muu ja vaieldav märgendus,võima,,1,,obl,
5593,suvatsema kellele/millele,all,vahel,vahel,muu ja vaieldav märgendus,suvatsema,,1,,obl,
5594,fikseerima kellele/millele,all,vahel,mitte kunagi,muu,fikseerima,,1,,obl,
5595,sulama kellele/millele,all,vahel,vahel,muu,sulama,,1,,obl,
5596,viima sisse kellele/millele,all,vahel,mitte kunagi,muu,viima,sisse,1,,obl,
5597,viivitama kellele/millele,all,alati,mitte kunagi,muu,viivitama,,1,,obl,
5598,võrdlema kellele/millele,all,vahel,mitte kunagi,muu,võrdlema,,1,,obl,
5599,aitama tagasi kellele/millele,all,mitte kunagi,alati,muu,aitama,tagasi,1,,obl,
5600,ronima välja kellele/millele,all,mitte kunagi,alati,mitte kunagi,ronima,välja,1,,obl,
5601,eristuma kellele/millele,all,vahel,mitte kunagi,muu,eristuma,,1,,obl,
5602,imbuma kellele/millele,all,vahel,vahel,muu,imbuma,,1,,obl,
5603,panema tagasi kellele/millele,all,vahel,alati,mitte kunagi,panema,tagasi,1,,obl,
5604,eitama kellele/millele,all,alati,mitte kunagi,muu,eitama,,1,,obl,
5605,väänama kellele/millele,all,vahel,vahel,muu,väänama,,1,,obl,
5606,üllatama kellele/millele,all,vahel,mitte kunagi,muu ja vaieldav märgendus,üllatama,,1,,obl,
5607,saatma kokku kellele/millele,all,vahel,vahel,vaieldav märgendus,saatma,kokku,1,,obl,
5608,ajama ligi kellele/millele,all,alati,mitte kunagi,mitte kunagi,ajama,ligi,1,,obl,
5609,installima kellele/millele,all,vahel,vahel,muu,installima,,1,,obl,
5610,võitma juurde kellele/millele,all,vahel,mitte kunagi,muu,võitma,juurde,1,,obl,
5611,patsutama kellele/millele,all,vahel,vahel,muu,patsutama,,1,,obl,
5612,elistama kellele/millele,all,alati,mitte kunagi,mitte kunagi,elistama,,1,,obl,
5613,võimenduma kellele/millele,all,vahel,mitte kunagi,muu,võimenduma,,1,,obl,
5614,innustama kellele/millele,all,mitte kunagi,vahel,muu,innustama,,1,,obl,
5615,saama kokku kellele/millele,all,vahel,vahel,muu,saama,kokku,1,,obl,
5616,saama ette kellele/millele,all,vahel,mitte kunagi,muu,saama,ette,1,,obl,
5617,aeglustuma kellele/millele,all,mitte kunagi,vahel,muu,aeglustuma,,1,,obl,
5618,pagema kellele/millele,all,mitte kunagi,alati,mitte kunagi,pagema,,1,,obl,
5619,viima üle kellele/millele,all,mitte kunagi,alati,muu,viima,üle,1,,obl,
5620,võitlema vastu kellele/millele,all,mitte kunagi,mitte kunagi,muu,võitlema,vastu,1,,obl,
5621,paotama kellele/millele,all,alati,mitte kunagi,muu,paotama,,1,,obl,
5622,reisima kellele/millele,all,mitte kunagi,alati,mitte kunagi,reisima,,1,,obl,
5623,esindama kellele/millele,all,vahel,mitte kunagi,muu,esindama,,1,,obl,
5624,adresseerima kellele/millele,all,alati,mitte kunagi,mitte kunagi,adresseerima,,1,,obl,
5625,elavnema kellele/millele,all,mitte kunagi,mitte kunagi,muu,elavnema,,1,,obl,
5626,viima ära kellele/millele,all,vahel,vahel,muu,viima,ära,1,,obl,
5627,võitlema välja kellele/millele,all,vahel,vahel,muu,võitlema,välja,1,,obl,
5628,inspireerima kellele/millele,all,mitte kunagi,vahel,muu,inspireerima,,1,,obl,
5629,ütlema kaasa kellele/millele,all,vahel,vahel,muu ja pole kindel,ütlema,kaasa,1,,obl,
5630,roomama kellele/millele,all,vahel,alati,mitte kunagi,roomama,,1,,obl,
5631,viima välja kellele/millele,all,vahel,vahel,muu,viima,välja,1,,obl,
5632,edenema kellele/millele,all,vahel,mitte kunagi,muu,edenema,,1,,obl,
5633,ihaldama kellele/millele,all,vahel,vahel,muu,ihaldama,,1,,obl,
5634,võtma järele kellele/millele,all,alati,mitte kunagi,muu,võtma,järele,1,,obl,
5635,ruttama vastu kellele/millele,all,alati,mitte kunagi,muu,ruttama,vastu,1,,obl,
5636,saama lahti kellele/millele,all,alati,mitte kunagi,muu ja vaieldav märgendus,saama,lahti,1,,obl,
5637,ihuma kellele/millele,all,vahel,mitte kunagi,muu,ihuma,,1,,obl,
5638,värbama kellele/millele,all,alati,vahel,muu,värbama,,1,,obl,
5639,ilmuma kohale kellele/millele,all,mitte kunagi,alati,pole kindel,ilmuma,kohale,1,,obl,
5640,formuleerima kellele/millele,all,alati,mitte kunagi,muu,formuleerima,,1,,obl,
5641,ajama sisse kellele/millele,all,vahel,vahel,mitte kunagi,ajama,sisse,1,,obl,
5642,ehitama peale kellele/millele,all,vahel,alati,mitte kunagi,ehitama,peale,1,,obl,
5643,parandama kellele/millele,all,vahel,vahel,muu,parandama,,1,,obl,
5644,olema rahul kellele/millele,all,vahel,vahel,muu,olema,rahul,1,,obl,
5645,salvestama kellele/millele,all,vahel,alati,muu,salvestama,,1,,obl,
5646,saama külge kellele/millele,all,mitte kunagi,alati,muu,saama,külge,1,,obl,
5647,ehitama juurde kellele/millele,all,mitte kunagi,alati,mitte kunagi,ehitama,juurde,1,,obl,
5648,fokuseerima kellele/millele,all,vahel,vahel,mitte kunagi,fokuseerima,,1,,obl,
5649,panema püsti kellele/millele,all,vahel,vahel,mitte kunagi,panema,püsti,1,,obl,
5650,fokuseeruma kellele/millele,all,mitte kunagi,mitte kunagi,muu,fokuseeruma,,1,,obl,
5651,ehitama välja kellele/millele,all,vahel,mitte kunagi,muu,ehitama,välja,1,,obl,
5652,ajama peale kellele/millele,all,alati,vahel,mitte kunagi,ajama,peale,1,,obl,
5653,pankrotistuma kellele/millele,all,vahel,vahel,vaieldav märgendus,pankrotistuma,,1,,obl,
5654,väsima kellele/millele,all,vahel,vahel,muu ja pole kindel,väsima,,1,,obl,
5655,võrsuma kellele/millele,all,vahel,vahel,muu,võrsuma,,1,,obl,
5656,saama juurde kellele/millele,all,vahel,vahel,muu,saama,juurde,1,,obl,
5657,saatma vastu kellele/millele,all,vahel,vahel,mitte kunagi,saatma,vastu,1,,obl,
5658,ajama püsti kellele/millele,all,vahel,alati,mitte kunagi,ajama,püsti,1,,obl,
5659,võtma ette kellele/millele,all,vahel,vahel,muu,võtma,ette,1,,obl,
5660,akkama kellele/millele,all,vahel,vahel,muu,akkama,,1,,obl,
5661,saama jälile kellele/millele,all,vahel,mitte kunagi,muu,saama,jälile,1,,obl,
5662,ehitama ümber kellele/millele,all,vahel,vahel,muu,ehitama,ümber,1,,obl,
5663,eemaldama kellele/millele,all,vahel,vahel,muu,eemaldama,,1,,obl,
5664,panema pihta kellele/millele,all,vahel,vahel,muu,panema,pihta,1,,obl,
5665,ajastama kellele/millele,all,mitte kunagi,alati,mitte kunagi,ajastama,,1,,obl,
5666,vilgutama kellele/millele,all,vahel,mitte kunagi,muu,vilgutama,,1,,obl,
5667,irvitama kellele/millele,all,alati,mitte kunagi,muu,irvitama,,1,,obl,
5668,ajendama kellele/millele,all,mitte kunagi,alati,muu,ajendama,,1,,obl,
5669,saatma laiali kellele/millele,all,vahel,vahel,mitte kunagi,saatma,laiali,1,,obl,
5670,surema kellele/millele,all,mitte kunagi,vahel,muu,surema,,1,,obl,
5671,ilmnema kellele/millele,all,vahel,vahel,muu,ilmnema,,1,,obl,
5672,"olema kokku, võlgu kellele/millele",all,alati,mitte kunagi,mitte kunagi,olema,kokku,1,,obl,
5673,"olema kokku, võlgu kellele/millele",all,alati,mitte kunagi,mitte kunagi,olema,võlgu,1,,obl,
5674,paiknema kellele/millele,all,vahel,vahel,muu ja pole kindel,paiknema,,1,,obl,
5675,eemalduma kellele/millele,all,vahel,alati,muu,eemalduma,,1,,obl,
5676,ilmestama kellele/millele,all,mitte kunagi,vahel,muu,ilmestama,,1,,obl,
5677,üürima välja kellele/millele,all,alati,mitte kunagi,muu,üürima,välja,1,,obl,
5678,ihkama tagasi kellele/millele,all,mitte kunagi,alati,muu,ihkama,tagasi,1,,obl,
5679,genereerima kellele/millele,all,vahel,vahel,vaieldav märgendus,genereerima,,1,,obl,
5680,ilmuma välja kellele/millele,all,vahel,vahel,muu,ilmuma,välja,1,,obl,
5681,sõitma külge kellele/millele,all,vahel,mitte kunagi,muu,sõitma,külge,1,,obl,
5682,saatma ära kellele/millele,all,vahel,vahel,muu,saatma,ära,1,,obl,
5683,võistlema kellele/millele,all,mitte kunagi,vahel,muu,võistlema,,1,,obl,
5684,erinema kellele/millele,all,vahel,mitte kunagi,muu,erinema,,1,,obl,
5685,saatma välja kellele/millele,all,vahel,vahel,muu ja vaieldav märgendus,saatma,välja,1,,obl,
5686,panema külge kellele/millele,all,vahel,alati,mitte kunagi,panema,külge,1,,obl,
5687,hüüdma järele kellele/millele,all,alati,mitte kunagi,mitte kunagi,hüüdma,järele,1,,obl,
5688,vinnama kellele/millele,all,vahel,alati,mitte kunagi,vinnama,,1,,obl,
5689,rentima välja kellele/millele,all,alati,vahel,mitte kunagi,rentima,välja,1,,obl,
5690,alistama kellele/millele,all,vahel,mitte kunagi,muu,alistama,,1,,obl,
5691,väljenduma kellele/millele,all,vahel,vahel,muu,väljenduma,,1,,obl,
5692,paaduma kellele/millele,all,alati,mitte kunagi,muu,paaduma,,1,,obl,
5693,ostma tagasi kellele/millele,all,vahel,mitte kunagi,muu,ostma,tagasi,1,,obl,
5694,domineerima kellele/millele,all,mitte kunagi,mitte kunagi,muu,domineerima,,1,,obl,
5695,saabuma kokku kellele/millele,all,mitte kunagi,alati,mitte kunagi,saabuma,kokku,1,,obl,
5696,eraldama kokku kellele/millele,all,alati,vahel,muu,eraldama,kokku,1,,obl,
5697,igatsema tagasi kellele/millele,all,mitte kunagi,alati,muu,igatsema,tagasi,1,,obl,
5698,saama läbi kellele/millele,all,vahel,mitte kunagi,muu,saama,läbi,1,,obl,
5699,erastama kellele/millele,all,alati,mitte kunagi,mitte kunagi,erastama,,1,,obl,
5700,pantima kellele/millele,all,alati,mitte kunagi,muu,pantima,,1,,obl,
5701,saama ümber kellele/millele,all,vahel,vahel,muu,saama,ümber,1,,obl,
5702,ronima järele kellele/millele,all,alati,vahel,mitte kunagi,ronima,järele,1,,obl,
5703,panema otsa kellele/millele,all,mitte kunagi,alati,mitte kunagi,panema,otsa,1,,obl,
5704,igatsema kellele/millele,all,vahel,alati,muu,igatsema,,1,,obl,
5705,haakima kellele/millele,all,vahel,vahel,mitte kunagi,haakima,,1,,obl,
5706,väntama kellele/millele,all,vahel,vahel,muu ja vaieldav märgendus,väntama,,1,,obl,
5707,osundama kellele/millele,all,vahel,vahel,muu,osundama,,1,,obl,
5708,edestama kellele/millele,all,vahel,mitte kunagi,muu,edestama,,1,,obl,
5709,särama kellele/millele,all,vahel,vahel,muu,särama,,1,,obl,
5710,peatama kellele/millele,all,vahel,vahel,muu,peatama,,1,,obl,
5711,värvima kellele/millele,all,vahel,vahel,muu,värvima,,1,,obl,
5712,ajama välja kellele/millele,all,alati,vahel,mitte kunagi,ajama,välja,1,,obl,
5713,ronima otsa kellele/millele,all,vahel,vahel,mitte kunagi,ronima,otsa,1,,obl,
5714,ergutama kellele/millele,all,mitte kunagi,vahel,muu,ergutama,,1,,obl,
5715,paigutuma kellele/millele,all,mitte kunagi,alati,mitte kunagi,paigutuma,,1,,obl,
5716,funktsioneerima kellele/millele,all,vahel,mitte kunagi,muu,funktsioneerima,,1,,obl,
5717,sõitma läbi kellele/millele,all,mitte kunagi,alati,muu,sõitma,läbi,1,,obl,
5718,ilmuma tagasi kellele/millele,all,mitte kunagi,alati,mitte kunagi,ilmuma,tagasi,1,,obl,
5719,ajama vastu kellele/millele,all,mitte kunagi,mitte kunagi,muu,ajama,vastu,1,,obl,
5720,saama jaole kellele/millele,all,mitte kunagi,mitte kunagi,muu,saama,jaole,1,,obl,
5721,rentima edasi kellele/millele,all,alati,mitte kunagi,mitte kunagi,rentima,edasi,1,,obl,
5722,viima läbi kellele/millele,all,vahel,vahel,muu,viima,läbi,1,,obl,
5723,ühinema kellele/millele,all,vahel,mitte kunagi,muu ja vaieldav märgendus,ühinema,,1,,obl,
5724,hüüatama kellele/millele,all,vahel,mitte kunagi,muu,hüüatama,,1,,obl,
5725,sallima kellele/millele,all,vahel,mitte kunagi,muu,sallima,,1,,obl,
5726,panema maha kellele/millele,all,mitte kunagi,alati,muu,panema,maha,1,,obl,
5727,eralduma kellele/millele,all,vahel,vahel,muu,eralduma,,1,,obl,
5728,peibutama kellele/millele,all,mitte kunagi,vahel,muu,peibutama,,1,,obl,
5729,ehituma kellele/millele,all,mitte kunagi,alati,mitte kunagi,ehituma,,1,,obl,
5730,virutama vastu kellele/millele,all,alati,mitte kunagi,mitte kunagi,virutama,vastu,1,,obl,
5731,vormima kellele/millele,all,vahel,vahel,muu,vormima,,1,,obl,
5732,hoidma kokku kellele/millele,all,vahel,mitte kunagi,muu,hoidma,kokku,1,,obl,
5733,röökima kellele/millele,all,alati,mitte kunagi,mitte kunagi,röökima,,1,,obl,
5734,hoidma lahti kellele/millele,all,alati,mitte kunagi,muu,hoidma,lahti,1,,obl,
5735,rikkuma kellele/millele,all,alati,vahel,mitte kunagi,rikkuma,,1,,obl,
5736,ärritama kellele/millele,all,vahel,vahel,muu,ärritama,,1,,obl,
5737,asendama kellele/millele,all,vahel,vahel,muu,asendama,,1,,obl,
5738,pakkuma vastu kellele/millele,all,alati,mitte kunagi,muu,pakkuma,vastu,1,,obl,
5739,röögatama kellele/millele,all,alati,mitte kunagi,mitte kunagi,röögatama,,1,,obl,
5740,voogama kellele/millele,all,vahel,vahel,muu,voogama,,1,,obl,
5741,ässitama kellele/millele,all,vahel,vahel,mitte kunagi,ässitama,,1,,obl,
5742,asenduma kellele/millele,all,mitte kunagi,vahel,muu ja vaieldav märgendus,asenduma,,1,,obl,
5743,äsama kellele/millele,all,alati,mitte kunagi,mitte kunagi,äsama,,1,,obl,
5744,astuma välja kellele/millele,all,vahel,vahel,muu,astuma,välja,1,,obl,
5745,arutlema kellele/millele,all,vahel,mitte kunagi,muu,arutlema,,1,,obl,
5746,õigustama kellele/millele,all,vahel,mitte kunagi,muu,õigustama,,1,,obl,
5747,äratama kellele/millele,all,vahel,mitte kunagi,muu,äratama,,1,,obl,
5748,hiivama kellele/millele,all,mitte kunagi,alati,mitte kunagi,hiivama,,1,,obl,
5749,voorima kellele/millele,all,mitte kunagi,alati,mitte kunagi,voorima,,1,,obl,
5750,hoolitsema kellele/millele,all,vahel,vahel,muu ja pole kindel,hoolitsema,,1,,obl,
5751,astuma vahele kellele/millele,all,vahel,alati,mitte kunagi,astuma,vahele,1,,obl,
5752,paljastuma kellele/millele,all,vahel,vahel,muu,paljastuma,,1,,obl,
5753,asetuma kellele/millele,all,mitte kunagi,alati,muu,asetuma,,1,,obl,
5754,sagenema kellele/millele,all,vahel,vahel,muu,sagenema,,1,,obl,
5755,ässitama kallale kellele/millele,all,alati,mitte kunagi,mitte kunagi,ässitama,kallale,1,,obl,
5756,arvutama välja kellele/millele,all,vahel,mitte kunagi,muu,arvutama,välja,1,,obl,
5757,pajatama kellele/millele,all,alati,mitte kunagi,mitte kunagi,pajatama,,1,,obl,
5758,austama kellele/millele,all,vahel,vahel,muu,austama,,1,,obl,
5759,heitma tagasi kellele/millele,all,vahel,alati,muu,heitma,tagasi,1,,obl,
5760,säästma kellele/millele,all,vahel,vahel,muu,säästma,,1,,obl,
5761,assotsieeruma kellele/millele,all,alati,mitte kunagi,mitte kunagi,assotsieeruma,,1,,obl,
5762,suitsetama kellele/millele,all,vahel,mitte kunagi,muu ja vaieldav märgendus,suitsetama,,1,,obl,
5763,arvutama kellele/millele,all,vahel,vahel,muu,arvutama,,1,,obl,
5764,assisteerima kellele/millele,all,vahel,vahel,muu,assisteerima,,1,,obl,
5765,hoidma ära kellele/millele,all,mitte kunagi,alati,muu,hoidma,ära,1,,obl,
5766,hoiatama kellele/millele,all,vahel,vahel,muu,hoiatama,,1,,obl,
5767,pakkuma tagasi kellele/millele,all,alati,mitte kunagi,mitte kunagi,pakkuma,tagasi,1,,obl,
5768,saama sisse kellele/millele,all,vahel,vahel,muu,saama,sisse,1,,obl,
5769,rikastama kellele/millele,all,alati,vahel,mitte kunagi,rikastama,,1,,obl,
5770,astuma juurde kellele/millele,all,alati,mitte kunagi,mitte kunagi,astuma,juurde,1,,obl,
5771,õhkuma kellele/millele,all,vahel,vahel,muu,õhkuma,,1,,obl,
5772,ärkama kellele/millele,all,mitte kunagi,alati,muu,ärkama,,1,,obl,
5773,hoiduma kellele/millele,all,vahel,vahel,muu,hoiduma,,1,,obl,
5774,astuma ette kellele/millele,all,vahel,vahel,mitte kunagi,astuma,ette,1,,obl,
5775,hirmutama kellele/millele,all,alati,vahel,muu,hirmutama,,1,,obl,
5776,röövima kellele/millele,all,vahel,vahel,mitte kunagi,röövima,,1,,obl,
5777,õhkama kellele/millele,all,alati,mitte kunagi,mitte kunagi,õhkama,,1,,obl,
5778,sadestuma kellele/millele,all,mitte kunagi,alati,mitte kunagi,sadestuma,,1,,obl,
5779,hoidma kinni kellele/millele,all,vahel,mitte kunagi,muu,hoidma,kinni,1,,obl,
5780,ootama ees kellele/millele,all,mitte kunagi,vahel,muu,ootama,ees,1,,obl,
5781,hiilima ligi kellele/millele,all,alati,vahel,mitte kunagi,hiilima,ligi,1,,obl,
5782,sulguma kellele/millele,all,vahel,vahel,muu ja pole kindel,sulguma,,1,,obl,
5783,reserveerima kellele/millele,all,alati,vahel,mitte kunagi,reserveerima,,1,,obl,
5784,võtma välja kellele/millele,all,vahel,vahel,muu,võtma,välja,1,,obl,
5785,sõitma kaasa kellele/millele,all,mitte kunagi,alati,muu,sõitma,kaasa,1,,obl,
5786,saama võidu kellele/millele,all,mitte kunagi,mitte kunagi,muu,saama,võidu,1,,obl,
5787,saama mööda kellele/millele,all,vahel,vahel,muu,saama,mööda,1,,obl,
5788,delegeerima edasi kellele/millele,all,alati,mitte kunagi,mitte kunagi,delegeerima,edasi,1,,obl,
5789,analüüsima kellele/millele,all,mitte kunagi,vahel,muu ja vaieldav märgendus,analüüsima,,1,,obl,
5790,võtma üles kellele/millele,all,vahel,vahel,muu,võtma,üles,1,,obl,
5791,paiskuma otsa kellele/millele,all,vahel,alati,mitte kunagi,paiskuma,otsa,1,,obl,
5792,hõlmama kellele/millele,all,mitte kunagi,vahel,muu,hõlmama,,1,,obl,
5793,visandama kellele/millele,all,vahel,alati,muu,visandama,,1,,obl,
5794,saama välja kellele/millele,all,vahel,vahel,muu,saama,välja,1,,obl,
5795,saama otsa kellele/millele,all,vahel,vahel,muu,saama,otsa,1,,obl,
5796,urineerima kellele/millele,all,vahel,vahel,mitte kunagi,urineerima,,1,,obl,
5797,ammutama kellele/millele,all,vahel,vahel,muu,ammutama,,1,,obl,
5798,sõitma järele kellele/millele,all,alati,vahel,mitte kunagi,sõitma,järele,1,,obl,
5799,halvenema kellele/millele,all,vahel,vahel,muu,halvenema,,1,,obl,
5800,võtma üle kellele/millele,all,vahel,vahel,muu,võtma,üle,1,,obl,
5801,ammenduma kellele/millele,all,vahel,mitte kunagi,muu,ammenduma,,1,,obl,
5802,ärgitama kellele/millele,all,mitte kunagi,vahel,muu,ärgitama,,1,,obl,
5803,paljundama kellele/millele,all,alati,vahel,vaieldav märgendus,paljundama,,1,,obl,
5804,peegelduma kellele/millele,all,vahel,vahel,muu,peegelduma,,1,,obl,
5805,astuma üles kellele/millele,all,alati,mitte kunagi,muu,astuma,üles,1,,obl,
5806,volitama kellele/millele,all,vahel,vahel,muu,volitama,,1,,obl,
5807,hingama kellele/millele,all,vahel,vahel,mitte kunagi,hingama,,1,,obl,
5808,astuma peale kellele/millele,all,vahel,vahel,mitte kunagi,astuma,peale,1,,obl,
5809,pakkuma kokku kellele/millele,all,mitte kunagi,alati,muu,pakkuma,kokku,1,,obl,
5810,astuma ligi kellele/millele,all,alati,mitte kunagi,mitte kunagi,astuma,ligi,1,,obl,
5811,astuma tagasi kellele/millele,all,mitte kunagi,vahel,muu,astuma,tagasi,1,,obl,
5812,rõõmustama kellele/millele,all,alati,vahel,muu,rõõmustama,,1,,obl,
5813,astuma sisse kellele/millele,all,vahel,vahel,muu,astuma,sisse,1,,obl,
5814,pakkuma juurde kellele/millele,all,vahel,vahel,muu,pakkuma,juurde,1,,obl,
5815,paljastama kellele/millele,all,alati,mitte kunagi,mitte kunagi,paljastama,,1,,obl,
5816,ammendama kellele/millele,all,vahel,mitte kunagi,muu,ammendama,,1,,obl,
5817,deklareerima kellele/millele,all,vahel,mitte kunagi,muu,deklareerima,,1,,obl,
5818,suunduma edasi kellele/millele,all,mitte kunagi,alati,mitte kunagi,suunduma,edasi,1,,obl,
5819,räntsatama kellele/millele,all,mitte kunagi,alati,mitte kunagi,räntsatama,,1,,obl,
5820,hõõruma kellele/millele,all,vahel,alati,mitte kunagi,hõõruma,,1,,obl,
5821,haldama kellele/millele,all,vahel,mitte kunagi,muu,haldama,,1,,obl,
5822,rivistuma kellele/millele,all,mitte kunagi,alati,muu,rivistuma,,1,,obl,
5823,sukelduma kellele/millele,all,mitte kunagi,alati,mitte kunagi,sukelduma,,1,,obl,
5824,viskama tagasi kellele/millele,all,vahel,alati,mitte kunagi,viskama,tagasi,1,,obl,
5825,suskama kellele/millele,all,alati,vahel,mitte kunagi,suskama,,1,,obl,
5826,arendama kellele/millele,all,vahel,mitte kunagi,muu ja vaieldav märgendus,arendama,,1,,obl,
5827,häbenema kellele/millele,all,vahel,vahel,muu,häbenema,,1,,obl,
5828,imema kellele/millele,all,alati,vahel,muu,imema,,1,,obl,
5829,aitama järele kellele/millele,all,alati,mitte kunagi,muu,aitama,järele,1,,obl,
5830,saama alla kellele/millele,all,vahel,vahel,muu,saama,alla,1,,obl,
5831,imestama kellele/millele,all,vahel,vahel,muu,imestama,,1,,obl,
5832,eksima ära kellele/millele,all,mitte kunagi,alati,muu,eksima,ära,1,,obl,
5833,emiteerima kellele/millele,all,vahel,vahel,muu,emiteerima,,1,,obl,
5834,ronima üles kellele/millele,all,mitte kunagi,alati,mitte kunagi,ronima,üles,1,,obl,
5835,ümbritsema kellele/millele,all,vahel,vahel,muu,ümbritsema,,1,,obl,
5836,rulluma kellele/millele,all,mitte kunagi,alati,mitte kunagi,rulluma,,1,,obl,
5837,reklaamima kellele/millele,all,alati,mitte kunagi,mitte kunagi,reklaamima,,1,,obl,
5838,aretama kellele/millele,all,vahel,vahel,muu,aretama,,1,,obl,
5839,riietuma kellele/millele,all,mitte kunagi,vahel,muu,riietuma,,1,,obl,
5840,pakkima kellele/millele,all,vahel,vahel,mitte kunagi,pakkima,,1,,obl,
5841,helistama tagasi kellele/millele,all,alati,mitte kunagi,mitte kunagi,helistama,tagasi,1,,obl,
5842,viskuma kellele/millele,all,mitte kunagi,alati,mitte kunagi,viskuma,,1,,obl,
5843,peegeldama tagasi kellele/millele,all,vahel,vahel,mitte kunagi,peegeldama,tagasi,1,,obl,
5844,helisema kellele/millele,all,alati,mitte kunagi,muu,helisema,,1,,obl,
5845,pakkima kaasa kellele/millele,all,alati,vahel,mitte kunagi,pakkima,kaasa,1,,obl,
5846,saama kätte kellele/millele,all,vahel,vahel,muu,saama,kätte,1,,obl,
5847,viima tagasi kellele/millele,all,vahel,vahel,mitte kunagi,viima,tagasi,1,,obl,
5848,ehmatama kellele/millele,all,vahel,vahel,muu,ehmatama,,1,,obl,
5849,ütlema üles kellele/millele,all,vahel,vahel,mitte kunagi,ütlema,üles,1,,obl,
5850,ajama ette kellele/millele,all,vahel,alati,mitte kunagi,ajama,ette,1,,obl,
5851,võrduma kellele/millele,all,vahel,vahel,muu,võrduma,,1,,obl,
5852,ajama kokku kellele/millele,all,vahel,vahel,vaieldav märgendus,ajama,kokku,1,,obl,
5853,ronima tagasi kellele/millele,all,mitte kunagi,alati,mitte kunagi,ronima,tagasi,1,,obl,
5854,suusatama kellele/millele,all,vahel,alati,muu,suusatama,,1,,obl,
5855,panema sisse kellele/millele,all,vahel,alati,muu,panema,sisse,1,,obl,
5856,eristama kellele/millele,all,mitte kunagi,mitte kunagi,muu,eristama,,1,,obl,
5857,finantseerima kellele/millele,all,vahel,vahel,muu ja pole kindel,finantseerima,,1,,obl,
5858,väärima kellele/millele,all,vahel,vahel,muu,väärima,,1,,obl,
5859,salvestuma kellele/millele,all,mitte kunagi,alati,mitte kunagi,salvestuma,,1,,obl,
5860,eksisteerima kellele/millele,all,vahel,mitte kunagi,muu,eksisteerima,,1,,obl,
5861,viitsima kellele/millele,all,mitte kunagi,vahel,muu ja vaieldav märgendus,viitsima,,1,,obl,
5862,ütlema välja kellele/millele,all,alati,mitte kunagi,mitte kunagi,ütlema,välja,1,,obl,
5863,viitma kellele/millele,all,vahel,vahel,muu,viitma,,1,,obl,
5864,evima kellele/millele,all,vahel,vahel,muu,evima,,1,,obl,
5865,etendama kellele/millele,all,alati,mitte kunagi,mitte kunagi,etendama,,1,,obl,
5866,pahvatama kellele/millele,all,alati,mitte kunagi,muu,pahvatama,,1,,obl,
5867,panema ümber kellele/millele,all,vahel,vahel,muu,panema,ümber,1,,obl,
5868,ütlema vastu kellele/millele,all,alati,mitte kunagi,muu,ütlema,vastu,1,,obl,
5869,võluma kellele/millele,all,vahel,vahel,muu,võluma,,1,,obl,
5870,faksima kellele/millele,all,alati,mitte kunagi,muu,faksima,,1,,obl,
5871,panema taha kellele/millele,all,vahel,vahel,muu,taha,panema,1,,obl,
5872,hukkuma kellele/millele,all,alati,vahel,mitte kunagi,hukkuma,,1,,obl,
5873,ära kellele/millele,all,vahel,vahel,muu,,ära,1,,obl,
5874,rippuma kellele/millele,all,vahel,vahel,muu,rippuma,,1,,obl,
5875,rihtima kellele/millele,all,vahel,vahel,muu ja pole kindel,rihtima,,1,,obl,
5876,häirima kellele/millele,all,vahel,vahel,muu,häirima,,1,,obl,
5877,hämmastama kellele/millele,all,vahel,vahel,muu,hämmastama,,1,,obl,
5878,heitlema kellele/millele,all,mitte kunagi,mitte kunagi,muu,heitlema,,1,,obl,
5879,vupsama kellele/millele,all,mitte kunagi,alati,mitte kunagi,vupsama,,1,,obl,
5880,heiskama kellele/millele,all,mitte kunagi,alati,muu,heiskama,,1,,obl,
5881,avalduma kellele/millele,all,vahel,vahel,muu,avalduma,,1,,obl,
5882,sõitma edasi kellele/millele,all,mitte kunagi,alati,mitte kunagi,sõitma,edasi,1,,obl,
5883,avaldama tänu kellele/millele,all,alati,mitte kunagi,mitte kunagi,avaldama,tänu,1,,obl,
5884,ründama kellele/millele,all,vahel,vahel,muu,ründama,,1,,obl,
5885,rääkima välja kellele/millele,all,alati,mitte kunagi,muu,rääkima,välja,1,,obl,
5886,saama tänu kellele/millele,all,vahel,mitte kunagi,muu,saama,tänu,1,,obl,
5887,paisuma kellele/millele,all,mitte kunagi,vahel,muu ja vaieldav märgendus,paisuma,,1,,obl,
5888,anuma kellele/millele,all,vahel,vahel,muu,,anuma,1,,obl,
5889,huvituma kellele/millele,all,vahel,vahel,muu,huvituma,,1,,obl,
5890,peegeldama kellele/millele,all,vahel,vahel,muu,peegeldama,,1,,obl,
5891,viskama välja kellele/millele,all,vahel,vahel,muu,viskama,välja,1,,obl,
5892,parseldama maha kellele/millele,all,alati,mitte kunagi,muu,parseldama,maha,1,,obl,
5893,huvitama kellele/millele,all,vahel,vahel,muu ja vaieldav märgendus,huvitama,,1,,obl,
5894,aplodeerima kellele/millele,all,vahel,mitte kunagi,muu,aplodeerima,,1,,obl,
5895,orienteerima kellele/millele,all,vahel,vahel,muu,orienteerima,,1,,obl,
5896,heitma peale kellele/millele,all,vahel,vahel,muu,heitma,peale,1,,obl,
5897,hiilgama kellele/millele,all,vahel,vahel,muu ja vaieldav märgendus,hiilgama,,1,,obl,
5898,peetama kellele/millele,all,alati,vahel,muu,peetama,,1,,obl,
5899,õitsema kellele/millele,all,mitte kunagi,mitte kunagi,muu,õitsema,,1,,obl,
5900,opereerima kellele/millele,all,vahel,vahel,muu,opereerima,,1,,obl,
5901,hiilima kellele/millele,all,mitte kunagi,alati,mitte kunagi,hiilima,,1,,obl,
5902,parkima kellele/millele,all,mitte kunagi,alati,muu,parkima,,1,,obl,
5903,vorpima kellele/millele,all,alati,vahel,muu,vorpima,,1,,obl,
5904,oponeerima kellele/millele,all,vahel,mitte kunagi,muu,oponeerima,,1,,obl,
5905,äigama kellele/millele,all,alati,mitte kunagi,mitte kunagi,äigama,,1,,obl,
5906,sõdima kellele/millele,all,vahel,vahel,muu,sõdima,,1,,obl,
5907,saama taha kellele/millele,all,vahel,vahel,muu ja vaieldav märgendus,taha,saama,1,,obl,
5908,asuma lähedal kellele/millele,all,vahel,vahel,muu,asuma,lähedal,1,,obl,
5909,armastama kellele/millele,all,vahel,mitte kunagi,muu,armastama,,1,,obl,
5910,palkama kellele/millele,all,vahel,vahel,mitte kunagi,palkama,,1,,obl,
5911,rühkima kellele/millele,all,mitte kunagi,alati,muu,rühkima,,1,,obl,
5912,sõdima vastu kellele/millele,all,mitte kunagi,vahel,muu,sõdima,vastu,1,,obl,
5913,annuma kellele/millele,all,mitte kunagi,mitte kunagi,vaieldav märgendus,annuma,,1,,obl,
5914,paisutama kellele/millele,all,mitte kunagi,alati,muu,paisutama,,1,,obl,
5915,orienteeruma ümber kellele/millele,all,mitte kunagi,alati,mitte kunagi,orienteeruma,ümber,1,,obl,
5916,riputama külge kellele/millele,all,vahel,vahel,mitte kunagi,riputama,külge,1,,obl,
5917,rääkima ära kellele/millele,all,alati,mitte kunagi,mitte kunagi,rääkima,ära,1,,obl,
5918,sahkerdama kellele/millele,all,alati,mitte kunagi,mitte kunagi,sahkerdama,,1,,obl,
5919,saama täis kellele/millele,all,vahel,vahel,muu,saama,täis,1,,obl,
5920,võtma ära kellele/millele,all,vahel,vahel,muu,võtma,ära,1,,obl,
5921,taganema kellele/millele,all,vahel,vahel,muu,taganema,,1,,obl,
5922,jutlustama kellele/millele,all,alati,mitte kunagi,mitte kunagi,jutlustama,,1,,obl,
5923,jälgima kellele/millele,all,mitte kunagi,vahel,muu,jälgima,,1,,obl,
5924,vedelema kellele/millele,all,vahel,mitte kunagi,muu ja pole kindel,vedelema,,1,,obl,
5925,pelgama kellele/millele,all,vahel,vahel,muu,pelgama,,1,,obl,
5926,nõudma tagasi kellele/millele,all,alati,mitte kunagi,muu,nõudma,tagasi,1,,obl,
5927,kogunema kokku kellele/millele,all,mitte kunagi,alati,mitte kunagi,kogunema,kokku,1,,obl,
5928,kohanema kellele/millele,all,mitte kunagi,mitte kunagi,muu,kohanema,,1,,obl,
5929,kohanduma kellele/millele,all,vahel,vahel,muu,kohanduma,,1,,obl,
5930,kohendama kellele/millele,all,vahel,vahel,muu,kohendama,,1,,obl,
5931,kohama kellele/millele,all,vahel,vahel,muu ja vaieldav märgendus,kohama,,1,,obl,
5932,kohalduma kellele/millele,all,vahel,vahel,muu,kohalduma,,1,,obl,
5933,kohaldama kellele/millele,all,mitte kunagi,vahel,muu,kohaldama,,1,,obl,
5934,kohandama kellele/millele,all,mitte kunagi,vahel,muu,kohandama,,1,,obl,
5935,seletama lahti kellele/millele,all,vahel,vahel,mitte kunagi,seletama,lahti,1,,obl,
5936,müüma kokku kellele/millele,all,alati,mitte kunagi,muu,müüma,kokku,1,,obl,
5937,kogema kellele/millele,all,vahel,vahel,muu,kogema,,1,,obl,
5938,kobima kellele/millele,all,mitte kunagi,alati,mitte kunagi,kobima,,1,,obl,
5939,koguma kokku kellele/millele,all,vahel,vahel,muu,koguma,kokku,1,,obl,
5940,tükkima kellele/millele,all,mitte kunagi,vahel,muu,tükkima,,1,,obl,
5941,veenma kellele/millele,all,vahel,vahel,muu,veenma,,1,,obl,
5942,ravima kellele/millele,all,vahel,mitte kunagi,muu ja vaieldav märgendus,ravima,,1,,obl,
5943,veenduma kellele/millele,all,vahel,mitte kunagi,muu,veenduma,,1,,obl,
5944,juhtima tagasi kellele/millele,all,mitte kunagi,alati,mitte kunagi,juhtima,tagasi,1,,obl,
5945,sõnastama kellele/millele,all,alati,mitte kunagi,muu,sõnastama,,1,,obl,
5946,julgustama kellele/millele,all,mitte kunagi,vahel,muu,julgustama,,1,,obl,
5947,juhendama kellele/millele,all,vahel,vahel,muu,juhendama,,1,,obl,
5948,veetma kellele/millele,all,vahel,mitte kunagi,muu,veetma,,1,,obl,
5949,juhinduma kellele/millele,all,vahel,vahel,muu,juhinduma,,1,,obl,
5950,juhatama tagasi kellele/millele,all,mitte kunagi,alati,mitte kunagi,juhatama,tagasi,1,,obl,
5951,juhatama sisse kellele/millele,all,vahel,vahel,muu,juhatama,sisse,1,,obl,
5952,juhtima otsa kellele/millele,all,alati,mitte kunagi,muu,juhtima,otsa,1,,obl,
5953,realiseeruma kellele/millele,all,vahel,mitte kunagi,muu,realiseeruma,,1,,obl,
5954,realiseerima kellele/millele,all,vahel,vahel,muu,realiseerima,,1,,obl,
5955,nõudma välja kellele/millele,all,vahel,vahel,muu,nõudma,välja,1,,obl,
5956,reastama kellele/millele,all,vahel,vahel,muu,reastama,,1,,obl,
5957,peletama kellele/millele,all,vahel,alati,mitte kunagi,peletama,,1,,obl,
5958,järelduma kellele/millele,all,alati,mitte kunagi,muu,järelduma,,1,,obl,
5959,vedama välja kellele/millele,all,vahel,vahel,muu,vedama,välja,1,,obl,
5960,järgima kellele/millele,all,vahel,mitte kunagi,muu,järgima,,1,,obl,
5961,sugenema kellele/millele,all,vahel,vahel,muu,sugenema,,1,,obl,
5962,ratifitseerima kellele/millele,all,vahel,vahel,muu,ratifitseerima,,1,,obl,
5963,ratsutama kellele/millele,all,mitte kunagi,alati,vaieldav märgendus,ratsutama,,1,,obl,
5964,jutustama ümber kellele/millele,all,alati,mitte kunagi,mitte kunagi,jutustama,ümber,1,,obl,
5965,põletama kellele/millele,all,mitte kunagi,vahel,muu,põletama,,1,,obl,
5966,koitma kellele/millele,all,vahel,vahel,muu,koitma,,1,,obl,
5967,kolima ära kellele/millele,all,mitte kunagi,alati,mitte kunagi,kolima,ära,1,,obl,
5968,kirjutama tagasi kellele/millele,all,vahel,vahel,muu ja vaieldav märgendus,kirjutama,tagasi,1,,obl,
5969,kirjutama sisse kellele/millele,all,vahel,alati,muu,kirjutama,sisse,1,,obl,
5970,kirjutama välja kellele/millele,all,alati,mitte kunagi,muu,kirjutama,välja,1,,obl,
5971,kirjutama vastu kellele/millele,all,alati,mitte kunagi,muu ja vaieldav märgendus,kirjutama,vastu,1,,obl,
5972,kirjutama valmis kellele/millele,all,alati,vahel,vaieldav märgendus,kirjutama,valmis,1,,obl,
5973,taastama kellele/millele,all,vahel,vahel,muu,taastama,,1,,obl,
5974,pihustama kellele/millele,all,vahel,alati,muu,pihustama,,1,,obl,
5975,klikkima kellele/millele,all,mitte kunagi,alati,mitte kunagi,klikkima,,1,,obl,
5976,klikkama kellele/millele,all,vahel,alati,mitte kunagi,klikkama,,1,,obl,
5977,spurtima kellele/millele,all,mitte kunagi,vahel,muu,spurtima,,1,,obl,
5978,uhama kellele/millele,all,vahel,vahel,mitte kunagi,uhama,,1,,obl,
5979,põrkama kellele/millele,all,mitte kunagi,alati,muu,põrkama,,1,,obl,
5980,kleepuma külge kellele/millele,all,alati,vahel,mitte kunagi,kleepuma,külge,1,,obl,
5981,kleepima külge kellele/millele,all,alati,vahel,mitte kunagi,kleepima,külge,1,,obl,
5982,kleepuma kellele/millele,all,mitte kunagi,alati,mitte kunagi,kleepuma,,1,,obl,
5983,müüma tagasi kellele/millele,all,alati,mitte kunagi,mitte kunagi,müüma,tagasi,1,,obl,
5984,klõpsama kellele/millele,all,vahel,alati,muu ja vaieldav märgendus,klõpsama,,1,,obl,
5985,tüürima kellele/millele,all,mitte kunagi,alati,mitte kunagi,tüürima,,1,,obl,
5986,müüma ära kellele/millele,all,alati,mitte kunagi,mitte kunagi,müüma,ära,1,,obl,
5987,naalduma kellele/millele,all,mitte kunagi,alati,mitte kunagi,naalduma,,1,,obl,
5988,klammerduma kellele/millele,all,vahel,alati,mitte kunagi,klammerduma,,1,,obl,
5989,uhtuma kellele/millele,all,mitte kunagi,alati,mitte kunagi,uhtuma,,1,,obl,
5990,klappima kellele/millele,all,vahel,vahel,muu,klappima,,1,,obl,
5991,kirjutama üles kellele/millele,all,vahel,vahel,mitte kunagi,kirjutama,üles,1,,obl,
5992,kirjutama ära kellele/millele,all,vahel,vahel,mitte kunagi,kirjutama,ära,1,,obl,
5993,kirjutama ette kellele/millele,all,alati,mitte kunagi,mitte kunagi,kirjutama,ette,1,,obl,
5994,kisendama kellele/millele,all,alati,mitte kunagi,mitte kunagi,kisendama,,1,,obl,
5995,kolima ümber kellele/millele,all,mitte kunagi,alati,mitte kunagi,kolima,ümber,1,,obl,
5996,kolima üle kellele/millele,all,mitte kunagi,vahel,muu,kolima,üle,1,,obl,
5997,kolima tagasi kellele/millele,all,mitte kunagi,alati,mitte kunagi,kolima,tagasi,1,,obl,
5998,tagama võidu kellele/millele,all,alati,mitte kunagi,mitte kunagi,tagama,võidu,1,,obl,
5999,piiluma kellele/millele,all,vahel,alati,mitte kunagi,piiluma,,1,,obl,
6000,kohtama kellele/millele,all,vahel,vahel,muu ja vaieldav märgendus,kohtama,,1,,obl,
6001,kohtlema kellele/millele,all,mitte kunagi,mitte kunagi,muu,kohtlema,,1,,obl,
6002,seletama ära kellele/millele,all,alati,mitte kunagi,mitte kunagi,seletama,ära,1,,obl,
6003,kohustama kellele/millele,all,vahel,mitte kunagi,muu,kohustama,,1,,obl,
6004,kohustuma kellele/millele,all,vahel,vahel,muu,kohustuma,,1,,obl,
6005,töötama välja kellele/millele,all,vahel,mitte kunagi,muu,töötama,välja,1,,obl,
6006,töötlema kellele/millele,all,vahel,mitte kunagi,muu,töötlema,,1,,obl,
6007,ujuma kellele/millele,all,mitte kunagi,vahel,muu,ujuma,,1,,obl,
6008,sekkuma kellele/millele,all,vahel,vahel,muu,sekkuma,,1,,obl,
6009,naeratama vastu kellele/millele,all,alati,mitte kunagi,mitte kunagi,naeratama,vastu,1,,obl,
6010,naerma kellele/millele,all,alati,mitte kunagi,muu ja vaieldav märgendus,naerma,,1,,obl,
6011,põrkuma tagasi kellele/millele,all,mitte kunagi,alati,mitte kunagi,põrkuma,tagasi,1,,obl,
6012,kiruma kellele/millele,all,vahel,vahel,muu,kiruma,,1,,obl,
6013,taastuma kellele/millele,all,vahel,vahel,muu,taastuma,,1,,obl,
6014,uisutama kellele/millele,all,vahel,alati,mitte kunagi,uisutama,,1,,obl,
6015,naelutama kellele/millele,all,mitte kunagi,alati,mitte kunagi,naelutama,,1,,obl,
6016,kirjutama peale kellele/millele,all,mitte kunagi,alati,mitte kunagi,kirjutama,peale,1,,obl,
6017,kirjutama juurde kellele/millele,all,mitte kunagi,alati,muu,kirjutama,juurde,1,,obl,
6018,nõutama kellele/millele,all,vahel,mitte kunagi,vaieldav märgendus,nõutama,,1,,obl,
6019,jooksma vastu kellele/millele,all,vahel,alati,muu ja vaieldav märgendus,jooksma,vastu,1,,obl,
6020,jooma kellele/millele,all,mitte kunagi,vahel,muu,jooma,,1,,obl,
6021,venitama kellele/millele,all,vahel,vahel,muu,venitama,,1,,obl,
6022,sõitma tagasi kellele/millele,all,mitte kunagi,alati,mitte kunagi,sõitma,tagasi,1,,obl,
6023,reguleerima kellele/millele,all,vahel,mitte kunagi,muu,reguleerima,,1,,obl,
6024,istuma tagasi kellele/millele,all,mitte kunagi,alati,mitte kunagi,istuma,tagasi,1,,obl,
6025,olema kinni kellele/millele,all,vahel,mitte kunagi,muu,olema,kinni,1,,obl,
6026,viima ette kellele/millele,all,vahel,vahel,muu,viima,ette,1,,obl,
6027,viima edasi kellele/millele,all,mitte kunagi,alati,muu,viima,edasi,1,,obl,
6028,"olema juurde, vaja kellele/millele",all,alati,vahel,mitte kunagi,olema,juurde,1,,obl,
6029,"olema juurde, vaja kellele/millele",all,alati,vahel,mitte kunagi,olema,vaja,1,,obl,
6030,jagama kokku kellele/millele,all,alati,mitte kunagi,muu,jagama,kokku,1,,obl,
6031,viigistama kellele/millele,all,mitte kunagi,mitte kunagi,muu,viigistama,,1,,obl,
6032,peituma kellele/millele,all,vahel,vahel,muu,peituma,,1,,obl,
6033,registreeruma kokku kellele/millele,all,mitte kunagi,alati,muu,registreeruma,kokku,1,,obl,
6034,viima kokku kellele/millele,all,mitte kunagi,vahel,muu ja vaieldav märgendus,viima,kokku,1,,obl,
6035,sõitma tagant kellele/millele,all,alati,mitte kunagi,muu,sõitma,tagant,1,,obl,
6036,olema kokku kellele/millele,all,vahel,vahel,muu ja vaieldav märgendus,olema,kokku,1,,obl,
6037,"sõitma tagant, otsa kellele/millele",all,alati,mitte kunagi,muu,sõitma,tagant,1,,obl,
6038,"sõitma tagant, otsa kellele/millele",all,alati,mitte kunagi,muu,sõitma,otsa,1,,obl,
6039,istuma maha kellele/millele,all,mitte kunagi,alati,mitte kunagi,istuma,maha,1,,obl,
6040,"sõitma tagant, sisse kellele/millele",all,alati,mitte kunagi,muu,sõitma,tagant,1,,obl,
6041,"sõitma tagant, sisse kellele/millele",all,alati,mitte kunagi,muu,sõitma,sisse,1,,obl,
6042,viima kaasa kellele/millele,all,vahel,vahel,muu ja vaieldav märgendus,viima,kaasa,1,,obl,
6043,viibima kellele/millele,all,vahel,mitte kunagi,muu,viibima,,1,,obl,
6044,jalutama kellele/millele,all,vahel,alati,mitte kunagi,jalutama,,1,,obl,
6045,jooksma tagasi kellele/millele,all,vahel,alati,mitte kunagi,jooksma,tagasi,1,,obl,
6046,ohkama kellele/millele,all,alati,mitte kunagi,muu,ohkama,,1,,obl,
6047,jootma sisse kellele/millele,all,alati,mitte kunagi,mitte kunagi,jootma,sisse,1,,obl,
6048,peksma kellele/millele,all,vahel,vahel,mitte kunagi,peksma,,1,,obl,
6049,suhtlema kellele/millele,all,vahel,mitte kunagi,muu,suhtlema,,1,,obl,
6050,jooksma kokku kellele/millele,all,mitte kunagi,alati,mitte kunagi,jooksma,kokku,1,,obl,
6051,jooksma järele kellele/millele,all,alati,vahel,mitte kunagi,jooksma,järele,1,,obl,
6052,vestma kellele/millele,all,alati,mitte kunagi,mitte kunagi,vestma,,1,,obl,
6053,jooksma ette kellele/millele,all,vahel,alati,mitte kunagi,jooksma,ette,1,,obl,
6054,jooksma otsa kellele/millele,all,vahel,vahel,mitte kunagi,jooksma,otsa,1,,obl,
6055,ohustama kellele/millele,all,vahel,vahel,muu,ohustama,,1,,obl,
6056,jooksma peale kellele/millele,all,vahel,vahel,muu,jooksma,peale,1,,obl,
6057,ohverdama kellele/millele,all,vahel,vahel,muu,ohverdama,,1,,obl,
6058,vestlema kellele/millele,all,vahel,vahel,muu,vestlema,,1,,obl,
6059,jooksma sisse kellele/millele,all,vahel,vahel,muu,jooksma,sisse,1,,obl,
6060,jaotuma kellele/millele,all,vahel,vahel,muu,jaotuma,,1,,obl,
6061,refereerima kellele/millele,all,alati,mitte kunagi,mitte kunagi,refereerima,,1,,obl,
6062,jootma kellele/millele,all,alati,mitte kunagi,mitte kunagi,jootma,,1,,obl,
6063,jaotama kellele/millele,all,vahel,mitte kunagi,muu,jaotama,,1,,obl,
6064,oksendama kellele/millele,all,vahel,vahel,vaieldav märgendus,oksendama,,1,,obl,
6065,vigastama kellele/millele,all,vahel,vahel,muu,vigastama,,1,,obl,
6066,reetma kellele/millele,all,alati,mitte kunagi,muu,reetma,,1,,obl,
6067,sõitma ära kellele/millele,all,mitte kunagi,alati,muu,sõitma,ära,1,,obl,
6068,joonistuma kellele/millele,all,mitte kunagi,alati,mitte kunagi,joonistuma,,1,,obl,
6069,venima kellele/millele,all,mitte kunagi,vahel,muu,venima,,1,,obl,
6070,joonistama ette kellele/millele,all,alati,vahel,mitte kunagi,joonistama,ette,1,,obl,
6071,vehkima kellele/millele,all,vahel,mitte kunagi,muu,vehkima,,1,,obl,
6072,rebima kellele/millele,all,mitte kunagi,vahel,vaieldav märgendus,rebima,,1,,obl,
6073,jaksama kellele/millele,all,vahel,vahel,muu,jaksama,,1,,obl,
6074,jalutama vastu kellele/millele,all,alati,mitte kunagi,mitte kunagi,jalutama,vastu,1,,obl,
6075,jääma edasi kellele/millele,all,mitte kunagi,alati,muu,jääma,edasi,1,,obl,
6076,vedama ette kellele/millele,all,vahel,vahel,mitte kunagi,vedama,ette,1,,obl,
6077,varustama kellele/millele,all,vahel,vahel,muu,varustama,,1,,obl,
6078,jääma lahti kellele/millele,all,alati,mitte kunagi,mitte kunagi,jääma,lahti,1,,obl,
6079,jääma kokku kellele/millele,all,vahel,vahel,muu,jääma,kokku,1,,obl,
6080,jääma kõrvale kellele/millele,all,vahel,vahel,muu,jääma,kõrvale,1,,obl,
6081,varuma kellele/millele,all,vahel,vahel,muu,varuma,,1,,obl,
6082,jääma peale kellele/millele,all,vahel,vahel,muu,jääma,peale,1,,obl,
6083,jääma pooleli kellele/millele,all,vahel,vahel,muu,jääma,pooleli,1,,obl,
6084,varjuma kellele/millele,all,vahel,alati,muu,varjuma,,1,,obl,
6085,jääma maha kellele/millele,all,vahel,vahel,muu,jääma,maha,1,,obl,
6086,varjutama kellele/millele,all,vahel,vahel,muu,varjutama,,1,,obl,
6087,jätma lahti kellele/millele,all,alati,mitte kunagi,muu,jätma,lahti,1,,obl,
6088,nõjatuma kellele/millele,all,mitte kunagi,alati,muu,nõjatuma,,1,,obl,
6089,vastama ära kellele/millele,all,mitte kunagi,mitte kunagi,muu,vastama,ära,1,,obl,
6090,raputama kellele/millele,all,mitte kunagi,alati,muu,raputama,,1,,obl,
6091,jääma kinni kellele/millele,all,vahel,vahel,muu,jääma,kinni,1,,obl,
6092,jääma juurde kellele/millele,all,vahel,vahel,muu,jääma,juurde,1,,obl,
6093,jääma ilma kellele/millele,all,vahel,vahel,muu,jääma,ilma,1,,obl,
6094,jääma järele kellele/millele,all,vahel,vahel,muu,jääma,järele,1,,obl,
6095,sattuma ette kellele/millele,all,vahel,vahel,muu,sattuma,ette,1,,obl,
6096,juhtuma peale kellele/millele,all,vahel,vahel,muu,juhtuma,peale,1,,obl,
6097,jätma alles kellele/millele,all,alati,vahel,mitte kunagi,jätma,alles,1,,obl,
6098,raskendama kellele/millele,all,vahel,vahel,muu,raskendama,,1,,obl,
6099,olema alles kellele/millele,all,vahel,vahel,muu,olema,alles,1,,obl,
6100,viibutama kellele/millele,all,alati,vahel,mitte kunagi,viibutama,,1,,obl,
6101,sammuma vastu kellele/millele,all,vahel,vahel,mitte kunagi,sammuma,vastu,1,,obl,
6102,sõitma vastu kellele/millele,all,vahel,vahel,mitte kunagi,sõitma,vastu,1,,obl,
6103,jagama ära kellele/millele,all,vahel,vahel,muu,jagama,ära,1,,obl,
6104,jagama välja kellele/millele,all,alati,mitte kunagi,mitte kunagi,jagama,välja,1,,obl,
6105,sõitma välja kellele/millele,all,vahel,alati,muu,sõitma,välja,1,,obl,
6106,jagama laiali kellele/millele,all,alati,mitte kunagi,mitte kunagi,jagama,laiali,1,,obl,
6107,jätma välja kellele/millele,all,vahel,vahel,muu,jätma,välja,1,,obl,
6108,jätma külge kellele/millele,all,vahel,vahel,mitte kunagi,jätma,külge,1,,obl,
6109,jäädvustuma kellele/millele,all,vahel,alati,mitte kunagi,jäädvustuma,,1,,obl,
6110,jätma ära kellele/millele,all,vahel,vahel,muu,jätma,ära,1,,obl,
6111,jäädvustama kellele/millele,all,vahel,alati,mitte kunagi,jäädvustama,,1,,obl,
6112,söandama kellele/millele,all,vahel,vahel,muu,söandama,,1,,obl,
6113,jätma maha kellele/millele,all,vahel,alati,mitte kunagi,jätma,maha,1,,obl,
6114,sõudma kellele/millele,all,vahel,vahel,muu,sõudma,,1,,obl,
6115,vedama kaasa kellele/millele,all,mitte kunagi,alati,mitte kunagi,vedama,kaasa,1,,obl,
6116,sattuma peale kellele/millele,all,vahel,alati,mitte kunagi,sattuma,peale,1,,obl,
6117,nõrgenema kellele/millele,all,vahel,vahel,muu,nõrgenema,,1,,obl,
6118,põrkama otsa kellele/millele,all,vahel,vahel,muu,põrkama,otsa,1,,obl,
6119,korduma kellele/millele,all,vahel,vahel,muu,korduma,,1,,obl,
6120,stimuleerima kellele/millele,all,mitte kunagi,alati,muu,stimuleerima,,1,,obl,
6121,nakatuma kellele/millele,all,alati,vahel,muu,nakatuma,,1,,obl,
6122,katkema kellele/millele,all,vahel,vahel,muu,katkema,,1,,obl,
6123,vabanduma kellele/millele,all,mitte kunagi,mitte kunagi,vaieldav märgendus,vabanduma,,1,,obl,
6124,vabanema kellele/millele,all,vahel,mitte kunagi,muu,vabanema,,1,,obl,
6125,pidama maha kellele/millele,all,alati,mitte kunagi,muu,pidama,maha,1,,obl,
6126,unistama kellele/millele,all,vahel,vahel,muu,unistama,,1,,obl,
6127,taasiseseisvuma kellele/millele,all,vahel,mitte kunagi,muu,taasiseseisvuma,,1,,obl,
6128,pidurduma kellele/millele,all,mitte kunagi,vahel,muu,pidurduma,,1,,obl,
6129,kiitma heaks kellele/millele,all,alati,mitte kunagi,muu,kiitma,heaks,1,,obl,
6130,kiitma takka kellele/millele,all,vahel,mitte kunagi,muu,kiitma,takka,1,,obl,
6131,nautima kellele/millele,all,mitte kunagi,vahel,muu,nautima,,1,,obl,
6132,kimama kellele/millele,all,mitte kunagi,alati,mitte kunagi,kimama,,1,,obl,
6133,kiirenema kellele/millele,all,mitte kunagi,vahel,muu,kiirenema,,1,,obl,
6134,kiirgama kellele/millele,all,alati,mitte kunagi,muu,kiirgama,,1,,obl,
6135,neelama kellele/millele,all,vahel,mitte kunagi,muu ja vaieldav märgendus,neelama,,1,,obl,
6136,pöörama ette kellele/millele,all,vahel,mitte kunagi,muu,pöörama,ette,1,,obl,
6137,kiirendama kellele/millele,all,vahel,vahel,muu,kiirendama,,1,,obl,
6138,ununema kellele/millele,all,vahel,vahel,muu,ununema,,1,,obl,
6139,kiirustama tagasi kellele/millele,all,mitte kunagi,alati,vaieldav märgendus,kiirustama,tagasi,1,,obl,
6140,ulatama tagasi kellele/millele,all,alati,mitte kunagi,mitte kunagi,ulatama,tagasi,1,,obl,
6141,kippuma tagasi kellele/millele,all,mitte kunagi,alati,muu,kippuma,tagasi,1,,obl,
6142,kippuma kallale kellele/millele,all,alati,vahel,muu,kippuma,kallale,1,,obl,
6143,pigistama kellele/millele,all,vahel,alati,mitte kunagi,pigistama,,1,,obl,
6144,vabandama kellele/millele,all,vahel,mitte kunagi,muu,vabandama,,1,,obl,
6145,katkestama kellele/millele,all,mitte kunagi,vahel,muu,katkestama,,1,,obl,
6146,kasseerima kellele/millele,all,vahel,vahel,muu,kasseerima,,1,,obl,
6147,keerutama kellele/millele,all,vahel,vahel,muu,keerutama,,1,,obl,
6148,vaevuma kellele/millele,all,vahel,vahel,muu,vaevuma,,1,,obl,
6149,vahelduma kellele/millele,all,vahel,mitte kunagi,muu,vahelduma,,1,,obl,
6150,kasutama ära kellele/millele,all,vahel,mitte kunagi,muu,kasutama,ära,1,,obl,
6151,noppima kellele/millele,all,mitte kunagi,vahel,muu,noppima,,1,,obl,
6152,kasvama peale kellele/millele,all,vahel,vahel,mitte kunagi,kasvama,peale,1,,obl,
6153,seilama kellele/millele,all,mitte kunagi,alati,mitte kunagi,seilama,,1,,obl,
6154,karmistuma kellele/millele,all,vahel,vahel,muu,karmistuma,,1,,obl,
6155,vahetama välja kellele/millele,all,vahel,mitte kunagi,muu,vahetama,välja,1,,obl,
6156,karmistama kellele/millele,all,alati,mitte kunagi,mitte kunagi,karmistama,,1,,obl,
6157,sünnitama kellele/millele,all,alati,mitte kunagi,muu,sünnitama,,1,,obl,
6158,vahetama kellele/millele,all,vahel,vahel,muu,vahetama,,1,,obl,
6159,katsetama kellele/millele,all,vahel,mitte kunagi,muu,katsetama,,1,,obl,
6160,vaatlema kellele/millele,all,mitte kunagi,vahel,muu,vaatlema,,1,,obl,
6161,katsuma kellele/millele,all,alati,vahel,mitte kunagi,katsuma,,1,,obl,
6162,süstima kellele/millele,all,alati,mitte kunagi,muu,süstima,,1,,obl,
6163,kattuma kellele/millele,all,vahel,vahel,muu,kattuma,,1,,obl,
6164,vaatama üles kellele/millele,all,vahel,vahel,muu,vaatama,üles,1,,obl,
6165,vaatama üle kellele/millele,all,vahel,mitte kunagi,muu,vaatama,üle,1,,obl,
6166,noogutama kellele/millele,all,alati,mitte kunagi,mitte kunagi,noogutama,,1,,obl,
6167,noogutama kaasa kellele/millele,all,vahel,mitte kunagi,muu,noogutama,kaasa,1,,obl,
6168,kippuma peale kellele/millele,all,alati,mitte kunagi,mitte kunagi,kippuma,peale,1,,obl,
6169,stabiliseeruma kellele/millele,all,mitte kunagi,vahel,muu,stabiliseeruma,,1,,obl,
6170,kergendama kellele/millele,all,mitte kunagi,vahel,muu,kergendama,,1,,obl,
6171,niitma kellele/millele,all,vahel,vahel,muu,niitma,,1,,obl,
6172,kerima kellele/millele,all,vahel,alati,mitte kunagi,kerima,,1,,obl,
6173,uuenema kellele/millele,all,vahel,vahel,muu,uuenema,,1,,obl,
6174,kergitama kellele/millele,all,vahel,alati,muu,kergitama,,1,,obl,
6175,uurima kellele/millele,all,vahel,vahel,muu,uurima,,1,,obl,
6176,kihutama otsa kellele/millele,all,vahel,mitte kunagi,muu,kihutama,otsa,1,,obl,
6177,kihutama sisse kellele/millele,all,vahel,vahel,muu,kihutama,sisse,1,,obl,
6178,kihutama vastu kellele/millele,all,vahel,vahel,muu,kihutama,vastu,1,,obl,
6179,kihutama järele kellele/millele,all,alati,mitte kunagi,muu,kihutama,järele,1,,obl,
6180,nentima kellele/millele,all,alati,mitte kunagi,mitte kunagi,nentima,,1,,obl,
6181,seisma püsti kellele/millele,all,vahel,mitte kunagi,muu,seisma,püsti,1,,obl,
6182,pidurdama kellele/millele,all,vahel,vahel,muu,pidurdama,,1,,obl,
6183,upitama kellele/millele,all,mitte kunagi,alati,mitte kunagi,upitama,,1,,obl,
6184,kihutama välja kellele/millele,all,vahel,vahel,muu,kihutama,välja,1,,obl,
6185,kiikama kellele/millele,all,mitte kunagi,alati,mitte kunagi,kiikama,,1,,obl,
6186,uppuma kellele/millele,all,vahel,vahel,muu,uppuma,,1,,obl,
6187,kihutama ette kellele/millele,all,vahel,mitte kunagi,muu,kihutama,ette,1,,obl,
6188,seisma lähedal kellele/millele,all,vahel,mitte kunagi,muu,seisma,lähedal,1,,obl,
6189,kibelema kellele/millele,all,mitte kunagi,alati,mitte kunagi,kibelema,,1,,obl,
6190,pöörama tagasi kellele/millele,all,vahel,vahel,muu,pöörama,tagasi,1,,obl,
6191,tegema lahti kellele/millele,all,alati,mitte kunagi,muu,tegema,lahti,1,,obl,
6192,keskendama kellele/millele,all,mitte kunagi,alati,muu,keskendama,,1,,obl,
6193,kerkima üles kellele/millele,all,mitte kunagi,vahel,muu,kerkima,üles,1,,obl,
6194,ukerdama kellele/millele,all,mitte kunagi,alati,mitte kunagi,ukerdama,,1,,obl,
6195,kinkima ära kellele/millele,all,alati,mitte kunagi,mitte kunagi,kinkima,ära,1,,obl,
6196,nappima kellele/millele,all,vahel,vahel,muu,nappima,,1,,obl,
6197,põrutama sisse kellele/millele,all,vahel,mitte kunagi,muu,põrutama,sisse,1,,obl,
6198,kinnistama kellele/millele,all,vahel,alati,mitte kunagi,kinnistama,,1,,obl,
6199,kinnistuma kellele/millele,all,mitte kunagi,alati,muu,kinnistuma,,1,,obl,
6200,kindlustuma kellele/millele,all,alati,mitte kunagi,muu,kindlustuma,,1,,obl,
6201,napsama kellele/millele,all,vahel,mitte kunagi,muu ja vaieldav märgendus,napsama,,1,,obl,
6202,kindlustama võidu kellele/millele,all,alati,mitte kunagi,mitte kunagi,kindlustama,võidu,1,,obl,
6203,kinkima edasi kellele/millele,all,alati,mitte kunagi,muu,kinkima,edasi,1,,obl,
6204,põrutama otsa kellele/millele,all,vahel,vahel,muu,põrutama,otsa,1,,obl,
6205,ulatuma välja kellele/millele,all,mitte kunagi,alati,mitte kunagi,ulatuma,välja,1,,obl,
6206,utsitama kellele/millele,all,mitte kunagi,vahel,muu,utsitama,,1,,obl,
6207,kerkima esile kellele/millele,all,vahel,vahel,muu,kerkima,esile,1,,obl,
6208,nihutama kellele/millele,all,vahel,alati,mitte kunagi,nihutama,,1,,obl,
6209,taandama kellele/millele,all,vahel,mitte kunagi,muu,taandama,,1,,obl,
6210,uuendama kellele/millele,all,mitte kunagi,vahel,muu,uuendama,,1,,obl,
6211,vaatama alla kellele/millele,all,vahel,vahel,muu,vaatama,alla,1,,obl,
6212,keerama tagasi kellele/millele,all,vahel,alati,mitte kunagi,keerama,tagasi,1,,obl,
6213,korrutama kellele/millele,all,alati,mitte kunagi,muu ja vaieldav märgendus,korrutama,,1,,obl,
6214,korvama kellele/millele,all,alati,mitte kunagi,mitte kunagi,korvama,,1,,obl,
6215,tõstma esile kellele/millele,all,vahel,mitte kunagi,muu,tõstma,esile,1,,obl,
6216,sepistama kellele/millele,all,alati,mitte kunagi,muu,sepistama,,1,,obl,
6217,korrigeerima kellele/millele,all,mitte kunagi,vahel,muu,korrigeerima,,1,,obl,
6218,komplekteerima kellele/millele,all,vahel,vahel,muu,komplekteerima,,1,,obl,
6219,komponeerima kellele/millele,all,alati,vahel,mitte kunagi,komponeerima,,1,,obl,
6220,tõusma tagasi kellele/millele,all,mitte kunagi,alati,mitte kunagi,tõusma,tagasi,1,,obl,
6221,kondenseeruma kellele/millele,all,mitte kunagi,alati,pole kindel,kondenseeruma,,1,,obl,
6222,komistama otsa kellele/millele,all,alati,vahel,mitte kunagi,komistama,otsa,1,,obl,
6223,möönma kellele/millele,all,vahel,mitte kunagi,muu,möönma,,1,,obl,
6224,komberdama kellele/millele,all,mitte kunagi,alati,mitte kunagi,komberdama,,1,,obl,
6225,taguma kellele/millele,all,alati,vahel,mitte kunagi,taguma,,1,,obl,
6226,põlema kellele/millele,all,vahel,vahel,muu,põlema,,1,,obl,
6227,kooskõlastama kellele/millele,all,vahel,mitte kunagi,muu,kooskõlastama,,1,,obl,
6228,tagurdama otsa kellele/millele,all,alati,mitte kunagi,muu,tagurdama,otsa,1,,obl,
6229,seostuma kellele/millele,all,alati,mitte kunagi,mitte kunagi,seostuma,,1,,obl,
6230,tõstma ette kellele/millele,all,alati,vahel,muu,tõstma,ette,1,,obl,
6231,kopeerima kellele/millele,all,vahel,alati,muu ja vaieldav märgendus,kopeerima,,1,,obl,
6232,kordama üle kellele/millele,all,alati,mitte kunagi,mitte kunagi,kordama,üle,1,,obl,
6233,seostama kellele/millele,all,alati,mitte kunagi,muu,seostama,,1,,obl,
6234,korjama kokku kellele/millele,all,vahel,alati,muu,korjama,kokku,1,,obl,
6235,korjama kellele/millele,all,vahel,vahel,muu,korjama,,1,,obl,
6236,tõstma tagasi kellele/millele,all,mitte kunagi,alati,mitte kunagi,tõstma,tagasi,1,,obl,
6237,tõttama vastu kellele/millele,all,vahel,vahel,muu,tõttama,vastu,1,,obl,
6238,seonduma kellele/millele,all,vahel,vahel,muu,seonduma,,1,,obl,
6239,mõtlema välja kellele/millele,all,vahel,vahel,muu,mõtlema,välja,1,,obl,
6240,koosnema kellele/millele,all,vahel,mitte kunagi,muu,koosnema,,1,,obl,
6241,mõtlema tagasi kellele/millele,all,mitte kunagi,alati,muu,mõtlema,tagasi,1,,obl,
6242,kopima kellele/millele,all,vahel,vahel,mitte kunagi,kopima,,1,,obl,
6243,tõstma üles kellele/millele,all,vahel,vahel,muu,tõstma,üles,1,,obl,
6244,koperdama kellele/millele,all,vahel,alati,muu,koperdama,,1,,obl,
6245,tõstatama kellele/millele,all,alati,vahel,mitte kunagi,tõstatama,,1,,obl,
6246,kostuma kellele/millele,all,vahel,vahel,muu,kostuma,,1,,obl,
6247,tõrkuma kellele/millele,all,vahel,mitte kunagi,muu,tõrkuma,,1,,obl,
6248,kosuma kellele/millele,all,vahel,vahel,muu,kosuma,,1,,obl,
6249,koolitama kellele/millele,all,alati,vahel,muu,koolitama,,1,,obl,
6250,kooruma kellele/millele,all,vahel,vahel,muu,kooruma,,1,,obl,
6251,vaaritama kellele/millele,all,alati,mitte kunagi,mitte kunagi,vaaritama,,1,,obl,
6252,kauplema välja kellele/millele,all,alati,mitte kunagi,muu,kauplema,välja,1,,obl,
6253,keelama ära kellele/millele,all,alati,vahel,muu,keelama,ära,1,,obl,
6254,vaatama tagasi kellele/millele,all,mitte kunagi,alati,muu,vaatama,tagasi,1,,obl,
6255,vaatama sisse kellele/millele,all,alati,mitte kunagi,muu,vaatama,sisse,1,,obl,
6256,kehastama kellele/millele,all,vahel,vahel,muu,kehastama,,1,,obl,
6257,keetma kellele/millele,all,alati,mitte kunagi,muu,keetma,,1,,obl,
6258,keevitama kellele/millele,all,vahel,alati,mitte kunagi,keevitama,,1,,obl,
6259,vaatama viltu kellele/millele,all,vahel,vahel,muu,vaatama,viltu,1,,obl,
6260,uuristama kellele/millele,all,vahel,vahel,muu,uuristama,,1,,obl,
6261,süütama kellele/millele,all,vahel,mitte kunagi,muu ja vaieldav märgendus,süütama,,1,,obl,
6262,kehutama kellele/millele,all,mitte kunagi,vahel,muu,kehutama,,1,,obl,
6263,seisma ees kellele/millele,all,vahel,alati,muu,seisma,ees,1,,obl,
6264,keerama ära kellele/millele,all,vahel,vahel,muu,keerama,ära,1,,obl,
6265,keerlema kellele/millele,all,vahel,vahel,muu,keerlema,,1,,obl,
6266,"vaatama alt, üles kellele/millele",all,alati,mitte kunagi,mitte kunagi,vaatama,alt,1,,obl,
6267,"vaatama alt, üles kellele/millele",all,alati,mitte kunagi,mitte kunagi,vaatama,üles,1,,obl,
6268,keerama sisse kellele/millele,all,vahel,vahel,muu,keerama,sisse,1,,obl,
6269,keerama taha kellele/millele,all,alati,mitte kunagi,mitte kunagi,taha,keerama,1,,obl,
6270,vaatama järele kellele/millele,all,alati,mitte kunagi,mitte kunagi,vaatama,järele,1,,obl,
6271,vaatama välja kellele/millele,all,vahel,vahel,muu,vaatama,välja,1,,obl,
6272,koormama kellele/millele,all,vahel,mitte kunagi,muu,koormama,,1,,obl,
6273,süttima kellele/millele,all,vahel,vahel,muu,süttima,,1,,obl,
6274,mõõtma kellele/millele,all,vahel,vahel,muu,mõõtma,,1,,obl,
6275,koorima kellele/millele,all,alati,mitte kunagi,muu ja vaieldav märgendus,koorima,,1,,obl,
6276,tagurdama kellele/millele,all,vahel,vahel,muu,tagurdama,,1,,obl,
6277,konsulteerima kellele/millele,all,vahel,mitte kunagi,muu,konsulteerima,,1,,obl,
6278,tõusma püsti kellele/millele,all,mitte kunagi,vahel,muu,tõusma,püsti,1,,obl,
6279,konstrueerima kellele/millele,all,vahel,vahel,muu,konstrueerima,,1,,obl,
6280,piirama kellele/millele,all,vahel,vahel,muu,piirama,,1,,obl,
6281,möelduma kellele/millele,all,alati,mitte kunagi,muu,,möelduma,1,,obl,
6282,tõusma esile kellele/millele,all,vahel,mitte kunagi,muu,tõusma,esile,1,,obl,
6283,põikama kellele/millele,all,vahel,alati,mitte kunagi,põikama,,1,,obl,
6284,kontsentreeruma kellele/millele,all,vahel,vahel,muu,kontsentreeruma,,1,,obl,
6285,kontsentreerima kellele/millele,all,mitte kunagi,vahel,muu,kontsentreerima,,1,,obl,
6286,seiskuma kellele/millele,all,vahel,vahel,muu,seiskuma,,1,,obl,
6287,vaatama vastu kellele/millele,all,alati,mitte kunagi,muu,vaatama,vastu,1,,obl,
6288,nirisema kellele/millele,all,mitte kunagi,alati,mitte kunagi,nirisema,,1,,obl,
6289,keelitama kellele/millele,all,vahel,alati,mitte kunagi,keelitama,,1,,obl,
6290,keelustama kellele/millele,all,vahel,vahel,muu,keelustama,,1,,obl,
6291,pühkima kellele/millele,all,vahel,alati,mitte kunagi,pühkima,,1,,obl,
6292,süvenema kellele/millele,all,vahel,vahel,muu,süvenema,,1,,obl,
6293,keerama peale kellele/millele,all,vahel,vahel,muu,keerama,peale,1,,obl,
6294,keerama ette kellele/millele,all,vahel,mitte kunagi,muu,keerama,ette,1,,obl,
6295,keerama kokku kellele/millele,all,alati,vahel,mitte kunagi,keerama,kokku,1,,obl,
6296,vaatama läbi kellele/millele,all,vahel,mitte kunagi,muu ja vaieldav märgendus,vaatama,läbi,1,,obl,
6297,süvendama kellele/millele,all,vahel,vahel,muu,süvendama,,1,,obl,
6298,odavnema kellele/millele,all,vahel,vahel,muu,odavnema,,1,,obl,
6299,minema koos kellele/millele,all,mitte kunagi,alati,mitte kunagi,minema,koos,1,,obl,
6300,tormama vastu kellele/millele,all,alati,vahel,muu,tormama,vastu,1,,obl,
6301,pistma otsa kellele/millele,all,vahel,vahel,muu,pistma,otsa,1,,obl,
6302,leiutama kellele/millele,all,vahel,mitte kunagi,muu,leiutama,,1,,obl,
6303,minema mööda kellele/millele,all,vahel,vahel,muu ja vaieldav märgendus,minema,mööda,1,,obl,
6304,puhastama kellele/millele,all,vahel,mitte kunagi,muu,puhastama,,1,,obl,
6305,pugema sisse kellele/millele,all,alati,vahel,muu,pugema,sisse,1,,obl,
6306,minema läbi kellele/millele,all,vahel,vahel,muu,minema,läbi,1,,obl,
6307,minema kaasa kellele/millele,all,vahel,alati,muu,minema,kaasa,1,,obl,
6308,torkima kellele/millele,all,vahel,vahel,muu,torkima,,1,,obl,
6309,leppima kellele/millele,all,vahel,vahel,muu,leppima,,1,,obl,
6310,leppima kokku kellele/millele,all,vahel,vahel,muu,leppima,kokku,1,,obl,
6311,teadvustama kellele/millele,all,alati,mitte kunagi,muu,teadvustama,,1,,obl,
6312,tormama järele kellele/millele,all,alati,mitte kunagi,muu,tormama,järele,1,,obl,
6313,minema kohale kellele/millele,all,vahel,alati,mitte kunagi,minema,kohale,1,,obl,
6314,tormama kallale kellele/millele,all,alati,mitte kunagi,mitte kunagi,tormama,kallale,1,,obl,
6315,lendama järele kellele/millele,all,alati,vahel,muu,lendama,järele,1,,obl,
6316,minema kokku kellele/millele,all,vahel,vahel,muu,minema,kokku,1,,obl,
6317,lendama otsa kellele/millele,all,alati,mitte kunagi,muu,lendama,otsa,1,,obl,
6318,lekitama kellele/millele,all,alati,mitte kunagi,muu,lekitama,,1,,obl,
6319,sisalduma kellele/millele,all,vahel,mitte kunagi,muu,sisalduma,,1,,obl,
6320,lekkima kellele/millele,all,vahel,vahel,muu,lekkima,,1,,obl,
6321,soetama kellele/millele,all,vahel,vahel,muu,soetama,,1,,obl,
6322,maitsema kellele/millele,all,alati,mitte kunagi,muu,maitsema,,1,,obl,
6323,pookima kellele/millele,all,vahel,vahel,muu,pookima,,1,,obl,
6324,maitsma kellele/millele,all,alati,mitte kunagi,mitte kunagi,maitsma,,1,,obl,
6325,pookima külge kellele/millele,all,vahel,vahel,muu,pookima,külge,1,,obl,
6326,lööma kaasa kellele/millele,all,vahel,mitte kunagi,muu,lööma,kaasa,1,,obl,
6327,pommitama kellele/millele,all,mitte kunagi,vahel,muu,pommitama,,1,,obl,
6328,tegema ringi kellele/millele,all,vahel,vahel,mitte kunagi,tegema,ringi,1,,obl,
6329,soodustama kellele/millele,all,vahel,vahel,muu,soodustama,,1,,obl,
6330,lööma ette kellele/millele,all,vahel,vahel,muu,lööma,ette,1,,obl,
6331,tormama otsa kellele/millele,all,vahel,vahel,mitte kunagi,tormama,otsa,1,,obl,
6332,"tegema otsa, peale kellele/millele",all,alati,mitte kunagi,muu,tegema,otsa,1,,obl,
6333,"tegema otsa, peale kellele/millele",all,alati,mitte kunagi,muu,tegema,peale,1,,obl,
6334,tegema peale kellele/millele,all,vahel,vahel,muu,tegema,peale,1,,obl,
6335,laotama laiali kellele/millele,all,mitte kunagi,alati,mitte kunagi,laotama,laiali,1,,obl,
6336,leidma üles kellele/millele,all,vahel,vahel,muu,leidma,üles,1,,obl,
6337,minema laiali kellele/millele,all,vahel,vahel,muu,minema,laiali,1,,obl,
6338,minema lahti kellele/millele,all,vahel,vahel,muu,minema,lahti,1,,obl,
6339,lendama vastu kellele/millele,all,vahel,vahel,mitte kunagi,lendama,vastu,1,,obl,
6340,teadustama kellele/millele,all,alati,mitte kunagi,muu,teadustama,,1,,obl,
6341,terenduma kellele/millele,all,alati,mitte kunagi,mitte kunagi,terenduma,,1,,obl,
6342,lendama peale kellele/millele,all,alati,vahel,muu,lendama,peale,1,,obl,
6343,transportima kellele/millele,all,vahel,vahel,muu,transportima,,1,,obl,
6344,treenima kellele/millele,all,vahel,vahel,muu ja vaieldav märgendus,treenima,,1,,obl,
6345,lasuma kellele/millele,all,vahel,vahel,muu,lasuma,,1,,obl,
6346,minema sisse kellele/millele,all,vahel,vahel,vaieldav märgendus,minema,sisse,1,,obl,
6347,taunima kellele/millele,all,vahel,vahel,mitte kunagi,taunima,,1,,obl,
6348,pissima kellele/millele,all,vahel,alati,mitte kunagi,pissima,,1,,obl,
6349,puhkema kellele/millele,all,vahel,vahel,muu,puhkema,,1,,obl,
6350,triikima kellele/millele,all,vahel,vahel,vaieldav märgendus,triikima,,1,,obl,
6351,laulma kaasa kellele/millele,all,mitte kunagi,mitte kunagi,muu ja vaieldav märgendus,laulma,kaasa,1,,obl,
6352,triivima kellele/millele,all,mitte kunagi,alati,muu,triivima,,1,,obl,
6353,sirutuma kellele/millele,all,vahel,alati,mitte kunagi,sirutuma,,1,,obl,
6354,laulma ette kellele/millele,all,alati,mitte kunagi,mitte kunagi,laulma,ette,1,,obl,
6355,tavatsema kellele/millele,all,vahel,vahel,muu,tavatsema,,1,,obl,
6356,lipsama kellele/millele,all,vahel,alati,mitte kunagi,lipsama,,1,,obl,
6357,lippama kellele/millele,all,mitte kunagi,alati,muu,lippama,,1,,obl,
6358,projitseeruma kellele/millele,all,mitte kunagi,alati,muu,projitseeruma,,1,,obl,
6359,liputama kellele/millele,all,alati,mitte kunagi,muu,liputama,,1,,obl,
6360,lisama juurde kellele/millele,all,vahel,vahel,muu,lisama,juurde,1,,obl,
6361,likvideerima kellele/millele,all,vahel,vahel,muu,likvideerima,,1,,obl,
6362,leevendama kellele/millele,all,vahel,mitte kunagi,muu,leevendama,,1,,obl,
6363,minema otsa kellele/millele,all,mitte kunagi,alati,mitte kunagi,minema,otsa,1,,obl,
6364,lendama tagasi kellele/millele,all,mitte kunagi,alati,mitte kunagi,lendama,tagasi,1,,obl,
6365,lendama sisse kellele/millele,all,vahel,vahel,mitte kunagi,lendama,sisse,1,,obl,
6366,laskma peale kellele/millele,all,vahel,vahel,mitte kunagi,laskma,peale,1,,obl,
6367,laskma sisse kellele/millele,all,vahel,vahel,muu,laskma,sisse,1,,obl,
6368,laskma läbi kellele/millele,all,vahel,vahel,muu ja vaieldav märgendus,laskma,läbi,1,,obl,
6369,laskma ligi kellele/millele,all,vahel,vahel,muu,laskma,ligi,1,,obl,
6370,piserdama kellele/millele,all,vahel,alati,mitte kunagi,piserdama,,1,,obl,
6371,trummeldama kellele/millele,all,mitte kunagi,alati,mitte kunagi,trummeldama,,1,,obl,
6372,minema tarvis kellele/millele,all,vahel,vahel,muu,minema,tarvis,1,,obl,
6373,laskma välja kellele/millele,all,vahel,vahel,muu,laskma,välja,1,,obl,
6374,trükkima kellele/millele,all,vahel,alati,mitte kunagi,trükkima,,1,,obl,
6375,laotuma kellele/millele,all,mitte kunagi,alati,mitte kunagi,laotuma,,1,,obl,
6376,tatsama kellele/millele,all,mitte kunagi,alati,mitte kunagi,tatsama,,1,,obl,
6377,laskma lahti kellele/millele,all,mitte kunagi,alati,muu,laskma,lahti,1,,obl,
6378,minema vaja kellele/millele,all,vahel,mitte kunagi,muu,minema,vaja,1,,obl,
6379,sirutama kellele/millele,all,vahel,vahel,mitte kunagi,sirutama,,1,,obl,
6380,puhuma sisse kellele/millele,all,vahel,vahel,muu,puhuma,sisse,1,,obl,
6381,trehvama kellele/millele,all,vahel,vahel,muu,trehvama,,1,,obl,
6382,lavastama kellele/millele,all,alati,mitte kunagi,muu ja vaieldav märgendus,lavastama,,1,,obl,
6383,lõhnama kellele/millele,all,vahel,vahel,muu,lõhnama,,1,,obl,
6384,terendama kellele/millele,all,alati,mitte kunagi,mitte kunagi,terendama,,1,,obl,
6385,liituma kellele/millele,all,mitte kunagi,alati,muu,liituma,,1,,obl,
6386,lükkama edasi kellele/millele,all,vahel,vahel,muu,lükkama,edasi,1,,obl,
6387,pritsima kellele/millele,all,vahel,vahel,mitte kunagi,pritsima,,1,,obl,
6388,toimetama tagasi kellele/millele,all,vahel,vahel,mitte kunagi,toimetama,tagasi,1,,obl,
6389,toibuma kellele/millele,all,vahel,vahel,muu,toibuma,,1,,obl,
6390,toimetama edasi kellele/millele,all,alati,mitte kunagi,muu ja vaieldav märgendus,toimetama,edasi,1,,obl,
6391,tirima kellele/millele,all,mitte kunagi,alati,muu,tirima,,1,,obl,
6392,presenteerima kellele/millele,all,alati,mitte kunagi,mitte kunagi,presenteerima,,1,,obl,
6393,pressima kellele/millele,all,vahel,vahel,muu ja vaieldav märgendus,pressima,,1,,obl,
6394,premeerima kellele/millele,all,vahel,vahel,muu,premeerima,,1,,obl,
6395,tippima kellele/millele,all,mitte kunagi,alati,mitte kunagi,tippima,,1,,obl,
6396,tipnema kellele/millele,all,vahel,vahel,mitte kunagi,tipnema,,1,,obl,
6397,lubama kokku kellele/millele,all,alati,mitte kunagi,mitte kunagi,lubama,kokku,1,,obl,
6398,pressima peale kellele/millele,all,alati,mitte kunagi,mitte kunagi,pressima,peale,1,,obl,
6399,tegema alla kellele/millele,all,alati,mitte kunagi,mitte kunagi,tegema,alla,1,,obl,
6400,lootsima kellele/millele,all,vahel,mitte kunagi,muu,lootsima,,1,,obl,
6401,loosima kellele/millele,all,alati,mitte kunagi,mitte kunagi,loosima,,1,,obl,
6402,loosima välja kellele/millele,all,vahel,vahel,muu,loosima,välja,1,,obl,
6403,mahtuma sisse kellele/millele,all,alati,mitte kunagi,muu,mahtuma,sisse,1,,obl,
6404,lükkama ette kellele/millele,all,alati,mitte kunagi,muu,lükkama,ette,1,,obl,
6405,lonkima kellele/millele,all,mitte kunagi,alati,mitte kunagi,lonkima,,1,,obl,
6406,lonkama kellele/millele,all,mitte kunagi,alati,muu ja vaieldav märgendus,lonkama,,1,,obl,
6407,matma maha kellele/millele,all,mitte kunagi,alati,muu,matma,maha,1,,obl,
6408,tiivustama kellele/millele,all,mitte kunagi,vahel,muu,tiivustama,,1,,obl,
6409,praadima kellele/millele,all,alati,mitte kunagi,mitte kunagi,praadima,,1,,obl,
6410,tikkuma kellele/millele,all,vahel,vahel,mitte kunagi,tikkuma,,1,,obl,
6411,tikkima kellele/millele,all,mitte kunagi,alati,mitte kunagi,tikkima,,1,,obl,
6412,manama kellele/millele,all,vahel,vahel,mitte kunagi,manama,,1,,obl,
6413,tiirlema kellele/millele,all,vahel,vahel,muu,tiirlema,,1,,obl,
6414,tegema kokku kellele/millele,all,alati,mitte kunagi,mitte kunagi,tegema,kokku,1,,obl,
6415,läigatama kellele/millele,all,vahel,vahel,mitte kunagi,läigatama,,1,,obl,
6416,plaksutama kellele/millele,all,alati,mitte kunagi,mitte kunagi,plaksutama,,1,,obl,
6417,looma külge kellele/millele,all,alati,mitte kunagi,mitte kunagi,,looma,1,,obl,
6418,smugeldama kellele/millele,all,vahel,vahel,mitte kunagi,smugeldama,,1,,obl,
6419,tohtima kellele/millele,all,vahel,mitte kunagi,muu ja pole kindel,tohtima,,1,,obl,
6420,looma sisse kellele/millele,all,vahel,vahel,muu,,looma,1,,obl,
6421,looma rindu kellele/millele,all,alati,mitte kunagi,mitte kunagi,,looma,1,,obl,
6422,looma vastu kellele/millele,all,alati,mitte kunagi,mitte kunagi,,looma,1,,obl,
6423,matma kellele/millele,all,mitte kunagi,alati,mitte kunagi,matma,,1,,obl,
6424,plaksutama kaasa kellele/millele,all,vahel,mitte kunagi,muu,plaksutama,kaasa,1,,obl,
6425,printima kellele/millele,all,vahel,vahel,mitte kunagi,printima,,1,,obl,
6426,tegema säru kellele/millele,all,alati,mitte kunagi,mitte kunagi,tegema,säru,1,,obl,
6427,lühenema kellele/millele,all,vahel,alati,muu,lühenema,,1,,obl,
6428,lõikama kellele/millele,all,vahel,vahel,muu ja pole kindel,lõikama,,1,,obl,
6429,tegutsema edasi kellele/millele,all,mitte kunagi,vahel,muu,tegutsema,edasi,1,,obl,
6430,lükkuma kellele/millele,all,mitte kunagi,alati,mitte kunagi,lükkuma,,1,,obl,
6431,lükkuma edasi kellele/millele,all,vahel,alati,mitte kunagi,lükkuma,edasi,1,,obl,
6432,lülitama kellele/millele,all,mitte kunagi,alati,muu,lülitama,,1,,obl,
6433,maabuma kellele/millele,all,mitte kunagi,alati,mitte kunagi,maabuma,,1,,obl,
6434,m6elduma kellele/millele,all,alati,mitte kunagi,muu,,m6elduma,1,,obl,
6435,maadlema kellele/millele,all,mitte kunagi,vahel,muu,maadlema,,1,,obl,
6436,lülituma kellele/millele,all,vahel,vahel,muu,lülituma,,1,,obl,
6437,lülituma ümber kellele/millele,all,mitte kunagi,vahel,muu,lülituma,ümber,1,,obl,
6438,lööma külge kellele/millele,all,alati,mitte kunagi,muu,lööma,külge,1,,obl,
6439,maksma kokku kellele/millele,all,alati,mitte kunagi,mitte kunagi,maksma,kokku,1,,obl,
6440,lõikama ära kellele/millele,all,vahel,vahel,muu ja pole kindel,lõikama,ära,1,,obl,
6441,lõikuma kellele/millele,all,vahel,vahel,muu,lõikuma,,1,,obl,
6442,lõikama sisse kellele/millele,all,vahel,vahel,mitte kunagi,lõikama,sisse,1,,obl,
6443,teostuma kellele/millele,all,vahel,vahel,muu,teostuma,,1,,obl,
6444,tegema otsa kellele/millele,all,alati,vahel,muu,tegema,otsa,1,,obl,
6445,maksma ette kellele/millele,all,alati,mitte kunagi,mitte kunagi,maksma,ette,1,,obl,
6446,maksma juurde kellele/millele,all,vahel,vahel,muu,maksma,juurde,1,,obl,
6447,maksma edasi kellele/millele,all,alati,mitte kunagi,muu,maksma,edasi,1,,obl,
6448,teostama kellele/millele,all,vahel,vahel,muu ja pole kindel,teostama,,1,,obl,
6449,lõhkuma kellele/millele,all,vahel,vahel,muu,lõhkuma,,1,,obl,
6450,tegema läbi kellele/millele,all,vahel,vahel,muu ja vaieldav märgendus,tegema,läbi,1,,obl,
6451,poseerima kellele/millele,all,alati,mitte kunagi,muu,poseerima,,1,,obl,
6452,tervitama kellele/millele,all,vahel,vahel,muu,tervitama,,1,,obl,
6453,tegema valmis kellele/millele,all,alati,mitte kunagi,muu,tegema,valmis,1,,obl,
6454,magama kellele/millele,all,vahel,vahel,muu ja vaieldav märgendus,magama,,1,,obl,
6455,mahutama ära kellele/millele,all,vahel,alati,muu,mahutama,ära,1,,obl,
6456,lükkama tagasi kellele/millele,all,vahel,mitte kunagi,muu,lükkama,tagasi,1,,obl,
6457,lükkama ümber kellele/millele,all,alati,mitte kunagi,muu,lükkama,ümber,1,,obl,
6458,mahtuma kokku kellele/millele,all,mitte kunagi,alati,mitte kunagi,mahtuma,kokku,1,,obl,
6459,tekitama juurde kellele/millele,all,vahel,vahel,muu,tekitama,juurde,1,,obl,
6460,tegema tagasi kellele/millele,all,vahel,mitte kunagi,muu ja vaieldav märgendus,tegema,tagasi,1,,obl,
6461,tekitama kokku kellele/millele,all,alati,mitte kunagi,mitte kunagi,tekitama,kokku,1,,obl,
6462,lükkama sisse kellele/millele,all,mitte kunagi,alati,muu,lükkama,sisse,1,,obl,
6463,mahutama kellele/millele,all,vahel,vahel,muu,mahutama,,1,,obl,
6464,lööma rindu kellele/millele,all,alati,mitte kunagi,mitte kunagi,lööma,rindu,1,,obl,
6465,lööma peale kellele/millele,all,vahel,vahel,muu,lööma,peale,1,,obl,
6466,lööma läbi kellele/millele,all,mitte kunagi,mitte kunagi,muu,lööma,läbi,1,,obl,
6467,"tegema ringi, peale kellele/millele",all,vahel,alati,mitte kunagi,tegema,ringi,1,,obl,
6468,"tegema ringi, peale kellele/millele",all,vahel,alati,mitte kunagi,tegema,peale,1,,obl,
6469,lühendama kellele/millele,all,mitte kunagi,vahel,muu,lühendama,,1,,obl,
6470,tegema sisse kellele/millele,all,vahel,vahel,muu,tegema,sisse,1,,obl,
6471,lööma tagasi kellele/millele,all,alati,vahel,muu,lööma,tagasi,1,,obl,
6472,tekkima juurde kellele/millele,all,vahel,alati,muu,tekkima,juurde,1,,obl,
6473,lööma sisse kellele/millele,all,alati,mitte kunagi,muu,lööma,sisse,1,,obl,
6474,lööma vastu kellele/millele,all,alati,mitte kunagi,muu,lööma,vastu,1,,obl,
6475,pomisema kellele/millele,all,alati,mitte kunagi,muu,pomisema,,1,,obl,
6476,tegema ümber kellele/millele,all,vahel,alati,muu,tegema,ümber,1,,obl,
6477,solvama kellele/millele,all,alati,mitte kunagi,pole kindel,solvama,,1,,obl,
6478,maandama kellele/millele,all,mitte kunagi,alati,vaieldav märgendus,maandama,,1,,obl,
6479,liitma kellele/millele,all,mitte kunagi,alati,muu,liitma,,1,,obl,
6480,puhkama kellele/millele,all,vahel,vahel,muu,puhkama,,1,,obl,
6481,mekkima kellele/millele,all,alati,mitte kunagi,mitte kunagi,mekkima,,1,,obl,
6482,kaebama edasi kellele/millele,all,alati,mitte kunagi,mitte kunagi,kaebama,edasi,1,,obl,
6483,jõudma alles kellele/millele,all,mitte kunagi,alati,mitte kunagi,jõudma,alles,1,,obl,
6484,jõudma edasi kellele/millele,all,vahel,vahel,muu ja vaieldav märgendus,jõudma,edasi,1,,obl,
6485,vanduma alla kellele/millele,all,vahel,mitte kunagi,muu,vanduma,alla,1,,obl,
6486,jõudma järgi kellele/millele,all,vahel,vahel,muu,jõudma,järgi,1,,obl,
6487,jõudma ette kellele/millele,all,vahel,vahel,muu ja vaieldav märgendus,jõudma,ette,1,,obl,
6488,sööma kellele/millele,all,vahel,vahel,muu,sööma,,1,,obl,
6489,kangastuma kellele/millele,all,alati,vahel,muu,kangastuma,,1,,obl,
6490,sümboliseerima kellele/millele,all,alati,vahel,mitte kunagi,sümboliseerima,,1,,obl,
6491,segama kellele/millele,all,vahel,vahel,muu ja vaieldav märgendus,segama,,1,,obl,
6492,nutma kellele/millele,all,alati,vahel,muu,nutma,,1,,obl,
6493,vaidlustama kellele/millele,all,alati,vahel,muu,vaidlustama,,1,,obl,
6494,kannustama kellele/millele,all,mitte kunagi,alati,muu,kannustama,,1,,obl,
6495,kannatama kellele/millele,all,vahel,vahel,muu,kannatama,,1,,obl,
6496,sümpatiseerima kellele/millele,all,alati,mitte kunagi,mitte kunagi,sümpatiseerima,,1,,obl,
6497,vaikima kellele/millele,all,vahel,vahel,muu,vaikima,,1,,obl,
6498,raatsima kellele/millele,all,vahel,vahel,muu,raatsima,,1,,obl,
6499,kandma kokku kellele/millele,all,vahel,vahel,mitte kunagi,kandma,kokku,1,,obl,
6500,kandma edasi kellele/millele,all,alati,mitte kunagi,mitte kunagi,kandma,edasi,1,,obl,
6501,kanduma edasi kellele/millele,all,alati,vahel,mitte kunagi,kanduma,edasi,1,,obl,
6502,näitama ära kellele/millele,all,alati,mitte kunagi,muu,näitama,ära,1,,obl,
6503,näitama üles kellele/millele,all,vahel,vahel,muu,näitama,üles,1,,obl,
6504,varjama kellele/millele,all,vahel,vahel,muu,varjama,,1,,obl,
6505,jääma ära kellele/millele,all,vahel,vahel,muu,jääma,ära,1,,obl,
6506,jääma üle kellele/millele,all,alati,vahel,muu,jääma,üle,1,,obl,
6507,varieeruma kellele/millele,all,mitte kunagi,vahel,muu,varieeruma,,1,,obl,
6508,jääma väheks kellele/millele,all,alati,mitte kunagi,mitte kunagi,jääma,väheks,1,,obl,
6509,varisema kellele/millele,all,mitte kunagi,alati,mitte kunagi,varisema,,1,,obl,
6510,jääma välja kellele/millele,all,vahel,vahel,muu ja vaieldav märgendus,jääma,välja,1,,obl,
6511,jääma võlg kellele/millele,all,alati,mitte kunagi,muu,jääma,võlg,1,,obl,
6512,varastama kellele/millele,all,alati,mitte kunagi,muu ja vaieldav märgendus,varastama,,1,,obl,
6513,sööbima kellele/millele,all,alati,mitte kunagi,mitte kunagi,sööbima,,1,,obl,
6514,vapustama kellele/millele,all,vahel,vahel,muu,vapustama,,1,,obl,
6515,jääma üles kellele/millele,all,vahel,vahel,muu ja vaieldav märgendus,jääma,üles,1,,obl,
6516,näpistama kellele/millele,all,vahel,vahel,muu,näpistama,,1,,obl,
6517,jääma sisse kellele/millele,all,vahel,vahel,muu,jääma,sisse,1,,obl,
6518,näitama välja kellele/millele,all,alati,mitte kunagi,vaieldav märgendus,näitama,välja,1,,obl,
6519,jääma puudu kellele/millele,all,vahel,vahel,muu,jääma,puudu,1,,obl,
6520,jääma püsti kellele/millele,all,mitte kunagi,vahel,muu,jääma,püsti,1,,obl,
6521,jääma rahule kellele/millele,all,mitte kunagi,vahel,muu,jääma,rahule,1,,obl,
6522,raporteerima kellele/millele,all,alati,mitte kunagi,mitte kunagi,raporteerima,,1,,obl,
6523,jõudma pärale kellele/millele,all,alati,mitte kunagi,muu,jõudma,pärale,1,,obl,
6524,valvama kellele/millele,all,vahel,vahel,muu,valvama,,1,,obl,
6525,jõudma kokku kellele/millele,all,mitte kunagi,alati,mitte kunagi,jõudma,kokku,1,,obl,
6526,seadma ette kellele/millele,all,vahel,vahel,muu,seadma,ette,1,,obl,
6527,jõudma välja kellele/millele,all,mitte kunagi,alati,mitte kunagi,jõudma,välja,1,,obl,
6528,jõudma üles kellele/millele,all,vahel,alati,mitte kunagi,jõudma,üles,1,,obl,
6529,kandma tagasi kellele/millele,all,alati,vahel,mitte kunagi,kandma,tagasi,1,,obl,
6530,kahetsema kellele/millele,all,vahel,mitte kunagi,muu,kahetsema,,1,,obl,
6531,nähtuma kellele/millele,all,alati,mitte kunagi,muu,nähtuma,,1,,obl,
6532,kahjustama kellele/millele,all,vahel,vahel,muu,kahjustama,,1,,obl,
6533,pettuma kellele/millele,all,vahel,vahel,muu ja vaieldav märgendus,pettuma,,1,,obl,
6534,nägema välja kellele/millele,all,vahel,vahel,muu ja vaieldav märgendus,nägema,välja,1,,obl,
6535,seadustama kellele/millele,all,vahel,vahel,muu,seadustama,,1,,obl,
6536,kahtlema kellele/millele,all,vahel,vahel,muu,kahtlema,,1,,obl,
6537,kahtlustama kellele/millele,all,alati,mitte kunagi,mitte kunagi,kahtlustama,,1,,obl,
6538,rahuldama kellele/millele,all,vahel,vahel,muu,rahuldama,,1,,obl,
6539,kamandama kellele/millele,all,mitte kunagi,alati,muu,kamandama,,1,,obl,
6540,vajuma otsa kellele/millele,all,vahel,mitte kunagi,muu,vajuma,otsa,1,,obl,
6541,kajastama kellele/millele,all,vahel,vahel,muu,kajastama,,1,,obl,
6542,vajuma tagasi kellele/millele,all,mitte kunagi,alati,mitte kunagi,vajuma,tagasi,1,,obl,
6543,kallutama kellele/millele,all,vahel,alati,mitte kunagi,kallutama,,1,,obl,
6544,vajuma peale kellele/millele,all,vahel,vahel,muu,vajuma,peale,1,,obl,
6545,kandideerima kokku kellele/millele,all,mitte kunagi,alati,mitte kunagi,kandideerima,kokku,1,,obl,
6546,rabama kellele/millele,all,vahel,vahel,muu,rabama,,1,,obl,
6547,sülgama kellele/millele,all,vahel,vahel,muu,sülgama,,1,,obl,
6548,vajuma kokku kellele/millele,all,mitte kunagi,alati,muu,vajuma,kokku,1,,obl,
6549,söötma sisse kellele/millele,all,alati,mitte kunagi,mitte kunagi,söötma,sisse,1,,obl,
6550,söötma ette kellele/millele,all,alati,mitte kunagi,mitte kunagi,söötma,ette,1,,obl,
6551,kallinema kellele/millele,all,vahel,mitte kunagi,muu,kallinema,,1,,obl,
6552,valama peale kellele/millele,all,mitte kunagi,alati,muu,valama,peale,1,,obl,
6553,kargama kallale kellele/millele,all,alati,mitte kunagi,mitte kunagi,kargama,kallale,1,,obl,
6554,nurjuma kellele/millele,all,mitte kunagi,vahel,muu ja pole kindel,nurjuma,,1,,obl,
6555,vahtima kellele/millele,all,vahel,vahel,vaieldav märgendus,vahtima,,1,,obl,
6556,vahistama kellele/millele,all,vahel,vahel,muu,vahistama,,1,,obl,
6557,vahtima järele kellele/millele,all,alati,mitte kunagi,muu,vahtima,järele,1,,obl,
6558,püüdlema kellele/millele,all,mitte kunagi,mitte kunagi,muu,püüdlema,,1,,obl,
6559,karistama kellele/millele,all,vahel,vahel,muu,karistama,,1,,obl,
6560,vahetuma kellele/millele,all,vahel,vahel,muu,,vahetuma,1,,obl,
6561,vaibuma kellele/millele,all,mitte kunagi,vahel,muu,vaibuma,,1,,obl,
6562,kantima kellele/millele,all,alati,vahel,mitte kunagi,kantima,,1,,obl,
6563,nurjama kellele/millele,all,vahel,vahel,mitte kunagi,nurjama,,1,,obl,
6564,sebima kellele/millele,all,alati,vahel,mitte kunagi,sebima,,1,,obl,
6565,vaidlema kellele/millele,all,vahel,vahel,muu,vaidlema,,1,,obl,
6566,kappama kellele/millele,all,mitte kunagi,alati,muu,kappama,,1,,obl,
6567,segama vahele kellele/millele,all,vahel,alati,muu,segama,vahele,1,,obl,
6568,vahtima otsa kellele/millele,all,mitte kunagi,alati,muu,vahtima,otsa,1,,obl,
6569,pidama kinni kellele/millele,all,vahel,vahel,muu,pidama,kinni,1,,obl,
6570,püüdma kinni kellele/millele,all,vahel,vahel,muu,püüdma,kinni,1,,obl,
6571,valama välja kellele/millele,all,alati,vahel,muu,valama,välja,1,,obl,
6572,kaitsma kellele/millele,all,vahel,mitte kunagi,muu,kaitsma,,1,,obl,
6573,valdama kellele/millele,all,vahel,vahel,muu ja pole kindel,valdama,,1,,obl,
6574,kaitsema kellele/millele,all,vahel,mitte kunagi,muu,kaitsema,,1,,obl,
6575,rahastama kellele/millele,all,mitte kunagi,vahel,muu,rahastama,,1,,obl,
6576,kajastuma kellele/millele,all,vahel,vahel,muu,kajastuma,,1,,obl,
6577,näima ette kellele/millele,all,vahel,vahel,muu,näima,ette,1,,obl,
6578,protestima kellele/millele,all,vahel,alati,mitte kunagi,protestima,,1,,obl,
6579,sisistama kellele/millele,all,alati,mitte kunagi,mitte kunagi,sisistama,,1,,obl,
6580,libistama kellele/millele,all,vahel,vahel,mitte kunagi,libistama,,1,,obl,
6581,provotseerima kellele/millele,all,mitte kunagi,vahel,muu,provotseerima,,1,,obl,
6582,sisustama kellele/millele,all,alati,mitte kunagi,muu,sisustama,,1,,obl,
6583,minema alla kellele/millele,all,vahel,vahel,muu,minema,alla,1,,obl,
6584,lihtsustama kellele/millele,all,vahel,vahel,muu,lihtsustama,,1,,obl,
6585,toonitama kellele/millele,all,alati,mitte kunagi,muu,toonitama,,1,,obl,
6586,minema ette kellele/millele,all,mitte kunagi,vahel,muu ja vaieldav märgendus,minema,ette,1,,obl,
6587,toppima sisse kellele/millele,all,alati,mitte kunagi,vaieldav märgendus,toppima,sisse,1,,obl,
6588,levitama kellele/millele,all,vahel,vahel,vaieldav märgendus,levitama,,1,,obl,
6589,teadvustuma kellele/millele,all,alati,mitte kunagi,muu,teadvustuma,,1,,obl,
6590,minema juurde kellele/millele,all,vahel,vahel,muu,minema,juurde,1,,obl,
6591,levima edasi kellele/millele,all,mitte kunagi,alati,muu,levima,edasi,1,,obl,
6592,toppima kellele/millele,all,alati,vahel,mitte kunagi,toppima,,1,,obl,
6593,teatama ette kellele/millele,all,alati,mitte kunagi,mitte kunagi,teatama,ette,1,,obl,
6594,libisema otsa kellele/millele,all,vahel,vahel,muu,libisema,otsa,1,,obl,
6595,sisestama kellele/millele,all,vahel,vahel,muu,sisestama,,1,,obl,
6596,protesteerima kellele/millele,all,mitte kunagi,mitte kunagi,muu,protesteerima,,1,,obl,
6597,liikuma tagasi kellele/millele,all,mitte kunagi,alati,muu,liikuma,tagasi,1,,obl,
6598,teavitama kellele/millele,all,vahel,mitte kunagi,muu,teavitama,,1,,obl,
6599,liikuma vastu kellele/millele,all,vahel,vahel,mitte kunagi,liikuma,vastu,1,,obl,
6600,sittuma kellele/millele,all,mitte kunagi,alati,muu,sittuma,,1,,obl,
6601,lobisema kellele/millele,all,alati,mitte kunagi,mitte kunagi,lobisema,,1,,obl,
6602,lindistama kellele/millele,all,vahel,vahel,mitte kunagi,lindistama,,1,,obl,
6603,meisterdama kellele/millele,all,alati,mitte kunagi,mitte kunagi,meisterdama,,1,,obl,
6604,linkima kellele/millele,all,mitte kunagi,alati,mitte kunagi,linkima,,1,,obl,
6605,meilima kellele/millele,all,alati,mitte kunagi,mitte kunagi,meilima,,1,,obl,
6606,tooma ette kellele/millele,all,alati,mitte kunagi,mitte kunagi,tooma,ette,1,,obl,
6607,soosima kellele/millele,all,mitte kunagi,mitte kunagi,muu,soosima,,1,,obl,
6608,tooma esile kellele/millele,all,mitte kunagi,mitte kunagi,muu,tooma,esile,1,,obl,
6609,linastuma kellele/millele,all,alati,mitte kunagi,muu,linastuma,,1,,obl,
6610,produtseerima kellele/millele,all,alati,mitte kunagi,muu,produtseerima,,1,,obl,
6611,teenima välja kellele/millele,all,alati,mitte kunagi,muu,teenima,välja,1,,obl,
6612,loivama kellele/millele,all,mitte kunagi,alati,mitte kunagi,loivama,,1,,obl,
6613,lohistama kellele/millele,all,mitte kunagi,alati,mitte kunagi,lohistama,,1,,obl,
6614,sööstma järele kellele/millele,all,alati,mitte kunagi,mitte kunagi,sööstma,järele,1,,obl,
6615,teenima ära kellele/millele,all,mitte kunagi,mitte kunagi,muu,teenima,ära,1,,obl,
6616,teenindama kellele/millele,all,mitte kunagi,mitte kunagi,muu,teenindama,,1,,obl,
6617,loksuma kellele/millele,all,mitte kunagi,alati,mitte kunagi,loksuma,,1,,obl,
6618,projekteerima kellele/millele,all,vahel,vahel,mitte kunagi,projekteerima,,1,,obl,
6619,litsuma kellele/millele,all,mitte kunagi,alati,mitte kunagi,litsuma,,1,,obl,
6620,toksima kellele/millele,all,mitte kunagi,alati,muu,toksima,,1,,obl,
6621,liuglema kellele/millele,all,mitte kunagi,alati,mitte kunagi,liuglema,,1,,obl,
6622,projitseerima kellele/millele,all,mitte kunagi,alati,mitte kunagi,projitseerima,,1,,obl,
6623,teenima kokku kellele/millele,all,vahel,mitte kunagi,muu,teenima,kokku,1,,obl,
6624,skandeerima kellele/millele,all,alati,mitte kunagi,mitte kunagi,skandeerima,,1,,obl,
6625,loetlema kellele/millele,all,alati,mitte kunagi,muu,loetlema,,1,,obl,
6626,plahvatama kellele/millele,all,mitte kunagi,mitte kunagi,muu,plahvatama,,1,,obl,
6627,tooma kohale kellele/millele,all,mitte kunagi,vahel,muu,tooma,kohale,1,,obl,
6628,jõuduma kellele/millele,all,mitte kunagi,mitte kunagi,muu,jõuduma,,1,,obl,
6629,petma kellele/millele,all,mitte kunagi,mitte kunagi,muu,petma,,1,,obl,
6630,jõustuma kellele/millele,all,mitte kunagi,mitte kunagi,muu,jõustuma,,1,,obl,
6631,seadma sisse kellele/millele,all,mitte kunagi,vahel,muu,seadma,sisse,1,,obl,
6632,kaaluma üles kellele/millele,all,vahel,mitte kunagi,muu,kaaluma,üles,1,,obl,
6633,näitama ette kellele/millele,all,alati,mitte kunagi,mitte kunagi,näitama,ette,1,,obl,
6634,näitama kätte kellele/millele,all,alati,mitte kunagi,mitte kunagi,näitama,kätte,1,,obl,
6635,valgustama kellele/millele,all,alati,mitte kunagi,mitte kunagi,valgustama,,1,,obl,
6636,nähvama kellele/millele,all,alati,mitte kunagi,mitte kunagi,nähvama,,1,,obl,
6637,kaevama kellele/millele,all,alati,mitte kunagi,mitte kunagi,kaevama,,1,,obl,
6638,kahekordistuma kellele/millele,all,mitte kunagi,mitte kunagi,muu,kahekordistuma,,1,,obl,
6639,kahandama kellele/millele,all,mitte kunagi,vahel,vaieldav märgendus,kahandama,,1,,obl,
6640,valima välja kellele/millele,all,vahel,mitte kunagi,muu,valima,välja,1,,obl,
6641,raiuma kellele/millele,all,vahel,vahel,muu,raiuma,,1,,obl,
6642,kaduma ära kellele/millele,all,mitte kunagi,vahel,muu,kaduma,ära,1,,obl,
6643,seadma vastu kellele/millele,all,vahel,vahel,muu,seadma,vastu,1,,obl,
6644,kaebama ära kellele/millele,all,alati,mitte kunagi,mitte kunagi,kaebama,ära,1,,obl,
6645,seadma üles kellele/millele,all,vahel,vahel,mitte kunagi,seadma,üles,1,,obl,
6646,sööstma kallale kellele/millele,all,alati,mitte kunagi,mitte kunagi,sööstma,kallale,1,,obl,
6647,liisima kellele/millele,all,alati,mitte kunagi,muu,liisima,,1,,obl,
6648,jõutama kellele/millele,all,mitte kunagi,mitte kunagi,muu,jõutama,,1,,obl,
6649,tooma välja kellele/millele,all,vahel,vahel,muu,tooma,välja,1,,obl,
6650,liimima kellele/millele,all,vahel,vahel,mitte kunagi,liimima,,1,,obl,
6651,propageerima kellele/millele,all,alati,mitte kunagi,muu,propageerima,,1,,obl,
6652,tooma kokku kellele/millele,all,mitte kunagi,alati,mitte kunagi,tooma,kokku,1,,obl,
6653,liikuma üles kellele/millele,all,mitte kunagi,vahel,muu,liikuma,üles,1,,obl,
6654,liigutama kellele/millele,all,mitte kunagi,vahel,muu,liigutama,,1,,obl,
6655,liibuma kellele/millele,all,mitte kunagi,alati,mitte kunagi,liibuma,,1,,obl,
6656,tooma üle kellele/millele,all,mitte kunagi,vahel,muu,tooma,üle,1,,obl,
6657,liigitama kellele/millele,all,mitte kunagi,mitte kunagi,muu,liigitama,,1,,obl,
6658,tooma ära kellele/millele,all,alati,mitte kunagi,muu,tooma,ära,1,,obl,
6659,liikuma edasi kellele/millele,all,mitte kunagi,vahel,muu,liikuma,edasi,1,,obl,
6660,petma välja kellele/millele,all,mitte kunagi,mitte kunagi,muu,petma,välja,1,,obl,
6661,kaasama kellele/millele,all,mitte kunagi,alati,mitte kunagi,kaasama,,1,,obl,
6662,vallutama kellele/millele,all,mitte kunagi,mitte kunagi,muu,vallutama,,1,,obl,
6663,kaasuma kellele/millele,all,mitte kunagi,mitte kunagi,muu,kaasuma,,1,,obl,
6664,sööma sisse kellele/millele,all,vahel,vahel,muu,sööma,sisse,1,,obl,
6665,vallandama kellele/millele,all,mitte kunagi,mitte kunagi,muu,vallandama,,1,,obl,
6666,lõbustama kellele/millele,all,mitte kunagi,mitte kunagi,muu,lõbustama,,1,,obl,
6667,viicima kellele/millele,all,mitte kunagi,mitte kunagi,muu,,viicima,1,,obl,
6668,hülgama kellele/millele,all,mitte kunagi,vahel,muu,hülgama,,1,,obl,
6669,tegutsema vastu kellele/millele,all,mitte kunagi,mitte kunagi,muu,tegutsema,vastu,1,,obl,
6670,plaadistama kellele/millele,all,vahel,vahel,mitte kunagi,plaadistama,,1,,obl,
6671,lööma välja kellele/millele,all,mitte kunagi,mitte kunagi,muu,lööma,välja,1,,obl,
6672,viskama ära kellele/millele,all,mitte kunagi,alati,muu,viskama,ära,1,,obl,
6673,ülistama kellele/millele,all,alati,mitte kunagi,mitte kunagi,ülistama,,1,,obl,
6674,jahtima kellele/millele,all,vahel,mitte kunagi,muu,jahtima,,1,,obl,
6675,lugema välja kellele/millele,all,mitte kunagi,mitte kunagi,muu,lugema,välja,1,,obl,
6676,rahustama kellele/millele,all,mitte kunagi,mitte kunagi,muu,rahustama,,1,,obl,
6677,looma juurde kellele/millele,all,alati,mitte kunagi,mitte kunagi,,looma,1,,obl,
6678,ponnistama kellele/millele,all,mitte kunagi,alati,muu,ponnistama,,1,,obl,
6679,lehvima kellele/millele,all,mitte kunagi,mitte kunagi,muu,lehvima,,1,,obl,
6680,nõrgendama kellele/millele,all,mitte kunagi,mitte kunagi,muu,nõrgendama,,1,,obl,
6681,hoolima kellele/millele,all,mitte kunagi,mitte kunagi,muu,hoolima,,1,,obl,
6682,ühmama kellele/millele,all,alati,mitte kunagi,mitte kunagi,ühmama,,1,,obl,
6683,vaaruma kellele/millele,all,mitte kunagi,alati,muu,vaaruma,,1,,obl,
6684,torisema kellele/millele,all,alati,mitte kunagi,muu,torisema,,1,,obl,
6685,pudistama kellele/millele,all,mitte kunagi,alati,mitte kunagi,pudistama,,1,,obl,
6686,tõestama ära kellele/millele,all,alati,mitte kunagi,mitte kunagi,tõestama,ära,1,,obl,
6687,lööma üles kellele/millele,all,mitte kunagi,alati,pole kindel,lööma,üles,1,,obl,
6688,komandeerima kellele/millele,all,mitte kunagi,alati,mitte kunagi,komandeerima,,1,,obl,
6689,evakueerima kellele/millele,all,mitte kunagi,alati,mitte kunagi,evakueerima,,1,,obl,
6690,sähvatama kellele/millele,all,mitte kunagi,vahel,muu,sähvatama,,1,,obl,
6691,lülitama ümber kellele/millele,all,mitte kunagi,alati,vaieldav märgendus,lülitama,ümber,1,,obl,
6692,sõitma ringi kellele/millele,all,mitte kunagi,mitte kunagi,muu,sõitma,ringi,1,,obl,
6693,andma valmis kellele/millele,all,mitte kunagi,mitte kunagi,muu,andma,valmis,1,,obl,
6694,lisandama kellele/millele,all,mitte kunagi,mitte kunagi,muu,lisandama,,1,,obl,
6695,liikuma järele kellele/millele,all,alati,mitte kunagi,mitte kunagi,liikuma,järele,1,,obl,
6696,veeretama ette kellele/millele,all,alati,mitte kunagi,mitte kunagi,veeretama,ette,1,,obl,
6697,jäätuma kellele/millele,all,mitte kunagi,vahel,muu,jäätuma,,1,,obl,
6698,ajama külge kellele/millele,all,alati,mitte kunagi,mitte kunagi,ajama,külge,1,,obl,
6699,teadma ette kellele/millele,all,mitte kunagi,mitte kunagi,muu,teadma,ette,1,,obl,
6700,omastama kellele/millele,all,vahel,mitte kunagi,muu,omastama,,1,,obl,
6701,tirima tagasi kellele/millele,all,mitte kunagi,alati,mitte kunagi,tirima,tagasi,1,,obl,
6702,lobisema välja kellele/millele,all,alati,mitte kunagi,mitte kunagi,lobisema,välja,1,,obl,
6703,panema kõrvale kellele/millele,all,alati,mitte kunagi,mitte kunagi,panema,kõrvale,1,,obl,
6704,suruma läbi kellele/millele,all,mitte kunagi,mitte kunagi,muu,suruma,läbi,1,,obl,
6705,närima kellele/millele,all,mitte kunagi,mitte kunagi,muu,närima,,1,,obl,
6706,juhtuma ette kellele/millele,all,vahel,vahel,mitte kunagi,juhtuma,ette,1,,obl,
6707,reekima kellele/millele,all,mitte kunagi,mitte kunagi,muu,,reekima,1,,obl,
6708,lükkama peale kellele/millele,all,vahel,vahel,mitte kunagi,lükkama,peale,1,,obl,
6709,rehmama kellele/millele,all,vahel,mitte kunagi,muu,rehmama,,1,,obl,
6710,vingerdama kellele/millele,all,mitte kunagi,vahel,muu,vingerdama,,1,,obl,
6711,jooksma ära kellele/millele,all,mitte kunagi,vahel,muu,jooksma,ära,1,,obl,
6712,nõudma kokku kellele/millele,all,alati,mitte kunagi,muu,nõudma,kokku,1,,obl,
6713,olema kohal kellele/millele,all,mitte kunagi,mitte kunagi,muu,olema,kohal,1,,obl,
6714,menetlema kellele/millele,all,mitte kunagi,mitte kunagi,muu,menetlema,,1,,obl,
6715,tegema üles kellele/millele,all,mitte kunagi,mitte kunagi,muu,tegema,üles,1,,obl,
6716,vilksatama kellele/millele,all,vahel,mitte kunagi,muu,vilksatama,,1,,obl,
6717,jooksma välja kellele/millele,all,mitte kunagi,alati,mitte kunagi,jooksma,välja,1,,obl,
6718,kukkuma ette kellele/millele,all,vahel,mitte kunagi,muu,kukkuma,ette,1,,obl,
6719,tegema vastu kellele/millele,all,mitte kunagi,mitte kunagi,muu,tegema,vastu,1,,obl,
6720,lendama välja kellele/millele,all,mitte kunagi,alati,mitte kunagi,lendama,välja,1,,obl,
6721,asetama tagasi kellele/millele,all,mitte kunagi,alati,mitte kunagi,asetama,tagasi,1,,obl,
6722,vihkama kellele/millele,all,mitte kunagi,mitte kunagi,muu,vihkama,,1,,obl,
6723,surema välja kellele/millele,all,mitte kunagi,mitte kunagi,muu,surema,välja,1,,obl,
6724,sokutama ette kellele/millele,all,alati,mitte kunagi,mitte kunagi,sokutama,ette,1,,obl,
6725,vihastama kellele/millele,all,mitte kunagi,mitte kunagi,muu,vihastama,,1,,obl,
6726,imetlema kellele/millele,all,mitte kunagi,mitte kunagi,muu,imetlema,,1,,obl,
6727,agiteerima kellele/millele,all,mitte kunagi,mitte kunagi,muu,agiteerima,,1,,obl,
6728,andma ilma kellele/millele,all,mitte kunagi,mitte kunagi,muu,andma,ilma,1,,obl,
6729,hõikuma kellele/millele,all,alati,mitte kunagi,mitte kunagi,hõikuma,,1,,obl,
6730,kallama peale kellele/millele,all,vahel,vahel,mitte kunagi,kallama,peale,1,,obl,
6731,plaanitsema kellele/millele,all,mitte kunagi,mitte kunagi,muu,plaanitsema,,1,,obl,
6732,valutama kellele/millele,all,mitte kunagi,mitte kunagi,muu,valutama,,1,,obl,
6733,sattuma tagasi kellele/millele,all,mitte kunagi,vahel,muu,sattuma,tagasi,1,,obl,
6734,rehkendama kellele/millele,all,vahel,mitte kunagi,muu,rehkendama,,1,,obl,
6735,ühtlustuma kellele/millele,all,mitte kunagi,mitte kunagi,muu,ühtlustuma,,1,,obl,
6736,jõudma läbi kellele/millele,all,mitte kunagi,alati,pole kindel,jõudma,läbi,1,,obl,
6737,vuhisema kellele/millele,all,mitte kunagi,alati,muu,vuhisema,,1,,obl,
6738,võimendama kellele/millele,all,vahel,mitte kunagi,muu,võimendama,,1,,obl,
6739,keema kellele/millele,all,mitte kunagi,mitte kunagi,muu,keema,,1,,obl,
6740,võtma peale kellele/millele,all,mitte kunagi,vahel,muu,võtma,peale,1,,obl,
6741,rääkima kaasa kellele/millele,all,mitte kunagi,mitte kunagi,muu,rääkima,kaasa,1,,obl,
6742,tarduma kellele/millele,all,mitte kunagi,alati,muu,tarduma,,1,,obl,
6743,kõssama kellele/millele,all,alati,mitte kunagi,mitte kunagi,kõssama,,1,,obl,
6744,tähtsustama kellele/millele,all,mitte kunagi,mitte kunagi,muu,tähtsustama,,1,,obl,
6745,tühjendama kellele/millele,all,mitte kunagi,alati,mitte kunagi,tühjendama,,1,,obl,
6746,tulema vahele kellele/millele,all,vahel,mitte kunagi,muu,tulema,vahele,1,,obl,
6747,kinkima võidu kellele/millele,all,alati,mitte kunagi,mitte kunagi,kinkima,võidu,1,,obl,
6748,hakkama kinni kellele/millele,all,alati,mitte kunagi,muu,hakkama,kinni,1,,obl,
6749,käima ära kellele/millele,all,mitte kunagi,mitte kunagi,muu,käima,ära,1,,obl,
6750,turvama kellele/millele,all,mitte kunagi,mitte kunagi,muu,turvama,,1,,obl,
6751,kinkima tagasi kellele/millele,all,alati,mitte kunagi,mitte kunagi,kinkima,tagasi,1,,obl,
6752,painutama kellele/millele,all,mitte kunagi,vahel,muu,painutama,,1,,obl,
6753,dirigeerima kellele/millele,all,vahel,mitte kunagi,muu,dirigeerima,,1,,obl,
6754,kirjama kellele/millele,all,alati,mitte kunagi,pole kindel,kirjama,,1,,obl,
6755,ujuma välja kellele/millele,all,mitte kunagi,vahel,muu,ujuma,välja,1,,obl,
6756,kohastuma kellele/millele,all,mitte kunagi,mitte kunagi,muu,kohastuma,,1,,obl,
6757,põlistama kellele/millele,all,alati,mitte kunagi,mitte kunagi,põlistama,,1,,obl,
6758,kloppima kellele/millele,all,mitte kunagi,alati,muu,kloppima,,1,,obl,
6759,emigreeruma kellele/millele,all,mitte kunagi,alati,mitte kunagi,emigreeruma,,1,,obl,
6760,kombineerima kellele/millele,all,mitte kunagi,vahel,muu,kombineerima,,1,,obl,
6761,ennistama kellele/millele,all,mitte kunagi,vahel,muu,ennistama,,1,,obl,
6762,laskma tagasi kellele/millele,all,mitte kunagi,alati,muu,laskma,tagasi,1,,obl,
6763,vahtima vastu kellele/millele,all,alati,mitte kunagi,mitte kunagi,vahtima,vastu,1,,obl,
6764,karjuma vastu kellele/millele,all,alati,mitte kunagi,mitte kunagi,karjuma,vastu,1,,obl,
6765,astuma edasi kellele/millele,all,mitte kunagi,vahel,muu,astuma,edasi,1,,obl,
6766,kapituleeruma kellele/millele,all,alati,mitte kunagi,mitte kunagi,kapituleeruma,,1,,obl,
6767,põristama kellele/millele,all,mitte kunagi,alati,muu,põristama,,1,,obl,
6768,saatma kallale kellele/millele,all,alati,mitte kunagi,mitte kunagi,saatma,kallale,1,,obl,
6769,pakkuma kaasa kellele/millele,all,vahel,vahel,muu,pakkuma,kaasa,1,,obl,
6770,tõmbuma tagasi kellele/millele,all,mitte kunagi,alati,muu,tõmbuma,tagasi,1,,obl,
6771,murdma välja kellele/millele,all,mitte kunagi,alati,muu,murdma,välja,1,,obl,
6772,märgistama kellele/millele,all,mitte kunagi,vahel,muu,märgistama,,1,,obl,
6773,kihutama tagasi kellele/millele,all,mitte kunagi,alati,mitte kunagi,kihutama,tagasi,1,,obl,
6774,põrnitsema otsa kellele/millele,all,alati,mitte kunagi,mitte kunagi,põrnitsema,otsa,1,,obl,
6775,ennetama kellele/millele,all,mitte kunagi,mitte kunagi,muu,ennetama,,1,,obl,
6776,kiirustama järele kellele/millele,all,alati,mitte kunagi,muu,kiirustama,järele,1,,obl,
6777,täpsustuma kellele/millele,all,mitte kunagi,mitte kunagi,muu,täpsustuma,,1,,obl,
6778,tuksuma kellele/millele,all,alati,mitte kunagi,muu,tuksuma,,1,,obl,
6779,vaevlema kellele/millele,all,mitte kunagi,mitte kunagi,muu,vaevlema,,1,,obl,
6780,koordineerima kellele/millele,all,mitte kunagi,mitte kunagi,muu,koordineerima,,1,,obl,
6781,kriipima kellele/millele,all,mitte kunagi,alati,mitte kunagi,kriipima,,1,,obl,
6782,elama ära kellele/millele,all,mitte kunagi,mitte kunagi,muu,elama,ära,1,,obl,
6783,tõmbama maha kellele/millele,all,mitte kunagi,vahel,muu,tõmbama,maha,1,,obl,
6784,keerama välja kellele/millele,all,mitte kunagi,alati,muu,keerama,välja,1,,obl,
6785,kaugenema kellele/millele,all,mitte kunagi,mitte kunagi,muu,kaugenema,,1,,obl,
6786,kehtestuma kellele/millele,all,vahel,mitte kunagi,muu,kehtestuma,,1,,obl,
6787,tulema läbi kellele/millele,all,mitte kunagi,mitte kunagi,muu,tulema,läbi,1,,obl,
6788,pääsema kokku kellele/millele,all,mitte kunagi,alati,pole kindel,pääsema,kokku,1,,obl,
6789,eirama kellele/millele,all,mitte kunagi,mitte kunagi,muu,eirama,,1,,obl,
6790,vaagima kellele/millele,all,vahel,mitte kunagi,muu,vaagima,,1,,obl,
6791,võtma juurde kellele/millele,all,vahel,vahel,muu,võtma,juurde,1,,obl,
6792,põimima kellele/millele,all,vahel,vahel,muu,põimima,,1,,obl,
6793,ladustama kellele/millele,all,mitte kunagi,alati,muu,ladustama,,1,,obl,
6794,asuma vastu kellele/millele,all,vahel,mitte kunagi,muu,asuma,vastu,1,,obl,
6795,taotlema kokku kellele/millele,all,vahel,mitte kunagi,muu,taotlema,kokku,1,,obl,
6796,asuma ümber kellele/millele,all,mitte kunagi,alati,mitte kunagi,asuma,ümber,1,,obl,
6797,mängima välja kellele/millele,all,alati,mitte kunagi,muu,mängima,välja,1,,obl,
6798,graveerima kellele/millele,all,mitte kunagi,alati,mitte kunagi,graveerima,,1,,obl,
6799,kuulama ära kellele/millele,all,mitte kunagi,mitte kunagi,muu,kuulama,ära,1,,obl,
6800,kituma ära kellele/millele,all,alati,mitte kunagi,mitte kunagi,kituma,ära,1,,obl,
6801,ummistama kellele/millele,all,mitte kunagi,mitte kunagi,muu,ummistama,,1,,obl,
6802,kuuluma üle kellele/millele,all,alati,mitte kunagi,pole kindel,kuuluma,üle,1,,obl,
6803,kiitlema kellele/millele,all,alati,mitte kunagi,mitte kunagi,kiitlema,,1,,obl,
6804,põrkama tagasi kellele/millele,all,vahel,vahel,mitte kunagi,põrkama,tagasi,1,,obl,
6805,määrima peale kellele/millele,all,mitte kunagi,alati,mitte kunagi,määrima,peale,1,,obl,
6806,lahutama kellele/millele,all,mitte kunagi,mitte kunagi,muu,lahutama,,1,,obl,
6807,möjuma kellele/millele,all,alati,mitte kunagi,muu,möjuma,,1,,obl,
6808,parseldama kellele/millele,all,alati,mitte kunagi,mitte kunagi,parseldama,,1,,obl,
6809,sadama maha kellele/millele,all,mitte kunagi,alati,muu,,sadama,1,,obl,
6810,pressima välja kellele/millele,all,vahel,mitte kunagi,muu,pressima,välja,1,,obl,
6811,jätma kokku kellele/millele,all,mitte kunagi,mitte kunagi,muu,jätma,kokku,1,,obl,
6812,haigestuma kellele/millele,all,mitte kunagi,mitte kunagi,muu,haigestuma,,1,,obl,
6813,kisama kellele/millele,all,alati,mitte kunagi,mitte kunagi,kisama,,1,,obl,
6814,lülitama välja kellele/millele,all,mitte kunagi,mitte kunagi,muu,lülitama,välja,1,,obl,
6815,sirutuma vastu kellele/millele,all,alati,mitte kunagi,muu,sirutuma,vastu,1,,obl,
6816,juurutama kellele/millele,all,vahel,vahel,muu,juurutama,,1,,obl,
6817,tõttama järele kellele/millele,all,alati,mitte kunagi,mitte kunagi,tõttama,järele,1,,obl,
6818,treima kellele/millele,all,alati,mitte kunagi,muu,treima,,1,,obl,
6819,jätma sisse kellele/millele,all,vahel,vahel,muu,jätma,sisse,1,,obl,
6820,saatma üle kellele/millele,all,mitte kunagi,mitte kunagi,muu,saatma,üle,1,,obl,
6821,kähvama kellele/millele,all,alati,mitte kunagi,mitte kunagi,kähvama,,1,,obl,
6822,minema pihta kellele/millele,all,vahel,vahel,mitte kunagi,minema,pihta,1,,obl,
6823,suruma tagasi kellele/millele,all,mitte kunagi,alati,mitte kunagi,suruma,tagasi,1,,obl,
6824,jätma edasi kellele/millele,all,mitte kunagi,alati,muu,jätma,edasi,1,,obl,
6825,sobima alla kellele/millele,all,vahel,vahel,pole kindel,sobima,alla,1,,obl,
6826,iitsatama kellele/millele,all,alati,mitte kunagi,mitte kunagi,iitsatama,,1,,obl,
6827,käima kaasas kellele/millele,all,mitte kunagi,mitte kunagi,muu,käima,kaasas,1,,obl,
6828,haarama kaasa kellele/millele,all,vahel,vahel,muu,haarama,kaasa,1,,obl,
6829,kasvama alla kellele/millele,all,alati,mitte kunagi,vaieldav märgendus,kasvama,alla,1,,obl,
6830,kutsustuma kellele/millele,all,mitte kunagi,mitte kunagi,muu,kutsustuma,,1,,obl,
6831,kutsuma vastu kellele/millele,all,vahel,vahel,muu,kutsuma,vastu,1,,obl,
6832,minema ligi kellele/millele,all,vahel,mitte kunagi,muu,minema,ligi,1,,obl,
6833,rikastuma kellele/millele,all,mitte kunagi,mitte kunagi,muu,rikastuma,,1,,obl,
6834,ringlema kellele/millele,all,mitte kunagi,mitte kunagi,muu,ringlema,,1,,obl,
6835,ignoreerima kellele/millele,all,mitte kunagi,mitte kunagi,muu,ignoreerima,,1,,obl,
6836,hüppama tagasi kellele/millele,all,mitte kunagi,alati,mitte kunagi,hüppama,tagasi,1,,obl,
6837,ostma välja kellele/millele,all,vahel,mitte kunagi,muu,ostma,välja,1,,obl,
6838,leidma eest kellele/millele,all,mitte kunagi,mitte kunagi,muu,leidma,eest,1,,obl,
6839,himustama kellele/millele,all,vahel,vahel,mitte kunagi,himustama,,1,,obl,
6840,kasvama sisse kellele/millele,all,alati,mitte kunagi,mitte kunagi,kasvama,sisse,1,,obl,
6841,tormama tagasi kellele/millele,all,mitte kunagi,alati,mitte kunagi,tormama,tagasi,1,,obl,
6842,vaevama kellele/millele,all,mitte kunagi,mitte kunagi,muu,vaevama,,1,,obl,
6843,jälitama kellele/millele,all,mitte kunagi,vahel,muu,jälitama,,1,,obl,
6844,korrastama kellele/millele,all,mitte kunagi,mitte kunagi,muu,korrastama,,1,,obl,
6845,kastma kellele/millele,all,mitte kunagi,mitte kunagi,muu,kastma,,1,,obl,
6846,aeglustama kellele/millele,all,mitte kunagi,mitte kunagi,muu,aeglustama,,1,,obl,
6847,asetsema kellele/millele,all,mitte kunagi,mitte kunagi,muu,asetsema,,1,,obl,
6848,hukutama kellele/millele,all,mitte kunagi,mitte kunagi,muu,hukutama,,1,,obl,
6849,viskuma ette kellele/millele,all,mitte kunagi,mitte kunagi,muu,viskuma,ette,1,,obl,
6850,nurruma kellele/millele,all,alati,mitte kunagi,muu,nurruma,,1,,obl,
6851,hüppama otsa kellele/millele,all,alati,mitte kunagi,muu,hüppama,otsa,1,,obl,
6852,dikteerima ette kellele/millele,all,alati,mitte kunagi,mitte kunagi,dikteerima,ette,1,,obl,
6853,saama üles kellele/millele,all,mitte kunagi,alati,muu,saama,üles,1,,obl,
6854,tegema ilma kellele/millele,all,mitte kunagi,mitte kunagi,muu,tegema,ilma,1,,obl,
6855,lendama edasi kellele/millele,all,mitte kunagi,alati,muu,lendama,edasi,1,,obl,
6856,raputama peale kellele/millele,all,mitte kunagi,alati,vaieldav märgendus,raputama,peale,1,,obl,
6857,kutsuma järele kellele/millele,all,alati,mitte kunagi,mitte kunagi,kutsuma,järele,1,,obl,
6858,vastama välja kellele/millele,all,mitte kunagi,mitte kunagi,muu,vastama,välja,1,,obl,
6859,lendama laiali kellele/millele,all,mitte kunagi,alati,muu,lendama,laiali,1,,obl,
6860,imiteerima kellele/millele,all,mitte kunagi,mitte kunagi,muu,imiteerima,,1,,obl,
6861,tahtma ära kellele/millele,all,mitte kunagi,mitte kunagi,muu,tahtma,ära,1,,obl,
6862,söitima kellele/millele,all,mitte kunagi,mitte kunagi,muu,,söitima,1,,obl,
6863,võtma kinni kellele/millele,all,mitte kunagi,mitte kunagi,muu,võtma,kinni,1,,obl,
6864,vilksama kellele/millele,all,mitte kunagi,alati,mitte kunagi,vilksama,,1,,obl,
6865,nakkama kellele/millele,all,alati,mitte kunagi,mitte kunagi,nakkama,,1,,obl,
6866,ruttama järele kellele/millele,all,alati,mitte kunagi,mitte kunagi,ruttama,järele,1,,obl,
6867,kajama vastu kellele/millele,all,vahel,vahel,muu,kajama,vastu,1,,obl,
6868,mõtestama lahti kellele/millele,all,vahel,mitte kunagi,muu,mõtestama,lahti,1,,obl,
6869,eestima kellele/millele,all,mitte kunagi,mitte kunagi,muu,,eestima,1,,obl,
6870,nurisema kellele/millele,all,mitte kunagi,mitte kunagi,muu,nurisema,,1,,obl,
6871,sugereerima kellele/millele,all,alati,mitte kunagi,mitte kunagi,sugereerima,,1,,obl,
6872,kaunistama kellele/millele,all,mitte kunagi,mitte kunagi,muu,kaunistama,,1,,obl,
6873,sirutama vastu kellele/millele,all,alati,mitte kunagi,muu,sirutama,vastu,1,,obl,
6874,nuputama kellele/millele,all,vahel,vahel,mitte kunagi,nuputama,,1,,obl,
6875,jahvatama kellele/millele,all,vahel,vahel,muu,jahvatama,,1,,obl,
6876,ajama üles kellele/millele,all,mitte kunagi,mitte kunagi,muu,ajama,üles,1,,obl,
6877,lööma püsti kellele/millele,all,mitte kunagi,alati,mitte kunagi,lööma,püsti,1,,obl,
6878,jääma kohale kellele/millele,all,mitte kunagi,mitte kunagi,muu,jääma,kohale,1,,obl,
6879,halvendama kellele/millele,all,mitte kunagi,mitte kunagi,muu,halvendama,,1,,obl,
6880,mõtlema kaasa kellele/millele,all,mitte kunagi,mitte kunagi,muu,mõtlema,kaasa,1,,obl,
6881,andma võlgu kellele/millele,all,alati,mitte kunagi,mitte kunagi,andma,võlgu,1,,obl,
6882,pesitsema kellele/millele,all,mitte kunagi,mitte kunagi,muu,pesitsema,,1,,obl,
6883,sõitma alla kellele/millele,all,mitte kunagi,alati,muu,sõitma,alla,1,,obl,
6884,moonduma kellele/millele,all,mitte kunagi,mitte kunagi,muu,moonduma,,1,,obl,
6885,kimbutama kellele/millele,all,mitte kunagi,mitte kunagi,muu,kimbutama,,1,,obl,
6886,silmama kellele/millele,all,mitte kunagi,mitte kunagi,muu,silmama,,1,,obl,
6887,tiirutama kellele/millele,all,mitte kunagi,vahel,muu,tiirutama,,1,,obl,
6888,hüplema kellele/millele,all,mitte kunagi,vahel,muu,hüplema,,1,,obl,
6889,tulema taha kellele/millele,all,vahel,vahel,muu,taha,tulema,1,,obl,
6890,vuristama ette kellele/millele,all,alati,mitte kunagi,mitte kunagi,vuristama,ette,1,,obl,
6891,jõustama kellele/millele,all,alati,mitte kunagi,mitte kunagi,jõustama,,1,,obl,
6892,ehtima kellele/millele,all,mitte kunagi,mitte kunagi,muu,ehtima,,1,,obl,
6893,vantsima kellele/millele,all,mitte kunagi,alati,mitte kunagi,vantsima,,1,,obl,
6894,olema ära kellele/millele,all,mitte kunagi,mitte kunagi,muu,olema,ära,1,,obl,
6895,jõllitama otsa kellele/millele,all,alati,mitte kunagi,mitte kunagi,jõllitama,otsa,1,,obl,
6896,tooma peale kellele/millele,all,mitte kunagi,mitte kunagi,muu,tooma,peale,1,,obl,
6897,jöudnuma kellele/millele,all,mitte kunagi,mitte kunagi,muu,jöudnuma,,1,,obl,
6898,keerama kinni kellele/millele,all,vahel,mitte kunagi,pole kindel,keerama,kinni,1,,obl,
6899,rullima kellele/millele,all,mitte kunagi,vahel,muu,rullima,,1,,obl,
6900,lendlema kellele/millele,all,mitte kunagi,alati,mitte kunagi,lendlema,,1,,obl,
6901,tulema alles kellele/millele,all,mitte kunagi,mitte kunagi,muu,tulema,alles,1,,obl,
6902,musitseerima kellele/millele,all,alati,mitte kunagi,muu,musitseerima,,1,,obl,
6903,kiitma kaasa kellele/millele,all,vahel,mitte kunagi,muu,kiitma,kaasa,1,,obl,
6904,möllama kellele/millele,all,mitte kunagi,mitte kunagi,muu,möllama,,1,,obl,
6905,soojenema kellele/millele,all,mitte kunagi,mitte kunagi,muu,soojenema,,1,,obl,
6906,vibutama kellele/millele,all,alati,mitte kunagi,mitte kunagi,vibutama,,1,,obl,
6907,kuuluma alla kellele/millele,all,mitte kunagi,mitte kunagi,muu,kuuluma,alla,1,,obl,
6908,kebima kellele/millele,all,mitte kunagi,alati,mitte kunagi,kebima,,1,,obl,
6909,kaikuma kellele/millele,all,mitte kunagi,vahel,muu,kaikuma,,1,,obl,
6910,torkama sisse kellele/millele,all,vahel,mitte kunagi,muu,torkama,sisse,1,,obl,
6911,passitama kellele/millele,all,alati,mitte kunagi,muu,passitama,,1,,obl,
6912,möirgama kellele/millele,all,alati,mitte kunagi,mitte kunagi,möirgama,,1,,obl,
6913,võtma alla kellele/millele,all,mitte kunagi,mitte kunagi,muu,võtma,alla,1,,obl,
6914,kinkima üle kellele/millele,all,alati,mitte kunagi,pole kindel,kinkima,üle,1,,obl,
6915,sattuma vastu kellele/millele,all,alati,mitte kunagi,mitte kunagi,sattuma,vastu,1,,obl,
6916,õppima ära kellele/millele,all,mitte kunagi,mitte kunagi,muu,õppima,ära,1,,obl,
6917,süstima sisse kellele/millele,all,alati,mitte kunagi,vaieldav märgendus,süstima,sisse,1,,obl,
6918,figureerima kellele/millele,all,mitte kunagi,mitte kunagi,muu,figureerima,,1,,obl,
6919,listima kellele/millele,all,mitte kunagi,mitte kunagi,muu,listima,,1,,obl,
6920,annetama kokku kellele/millele,all,alati,mitte kunagi,mitte kunagi,annetama,kokku,1,,obl,
6921,varisema peale kellele/millele,all,vahel,vahel,mitte kunagi,varisema,peale,1,,obl,
6922,improviseerima kellele/millele,all,vahel,mitte kunagi,muu,improviseerima,,1,,obl,
6923,käänduma kellele/millele,all,mitte kunagi,alati,vaieldav märgendus,käänduma,,1,,obl,
6924,reastuma kellele/millele,all,mitte kunagi,alati,muu,reastuma,,1,,obl,
6925,kelkima kellele/millele,all,alati,mitte kunagi,muu,kelkima,,1,,obl,
6926,"olema võlgu, kokku kellele/millele",all,alati,mitte kunagi,pole kindel,olema,võlgu,1,,obl,
6927,"olema võlgu, kokku kellele/millele",all,alati,mitte kunagi,pole kindel,olema,kokku,1,,obl,
6928,kõhklema kellele/millele,all,mitte kunagi,mitte kunagi,muu,kõhklema,,1,,obl,
6929,miksima kellele/millele,all,alati,mitte kunagi,mitte kunagi,miksima,,1,,obl,
6930,kaardistama kellele/millele,all,mitte kunagi,mitte kunagi,muu,kaardistama,,1,,obl,
6931,küsima juurde kellele/millele,all,vahel,mitte kunagi,muu,küsima,juurde,1,,obl,
6932,sööma ära kellele/millele,all,mitte kunagi,mitte kunagi,muu,sööma,ära,1,,obl,
6933,üllatuma kellele/millele,all,mitte kunagi,mitte kunagi,muu,üllatuma,,1,,obl,
6934,hääbuma kellele/millele,all,mitte kunagi,mitte kunagi,muu,hääbuma,,1,,obl,
6935,sörkima kellele/millele,all,mitte kunagi,alati,mitte kunagi,sörkima,,1,,obl,
6936,maksma alla kellele/millele,all,vahel,mitte kunagi,muu,maksma,alla,1,,obl,
6937,jääma vastu kellele/millele,all,mitte kunagi,mitte kunagi,muu,jääma,vastu,1,,obl,
6938,kehitama kellele/millele,all,mitte kunagi,mitte kunagi,muu,kehitama,,1,,obl,
6939,liitma otsa kellele/millele,all,mitte kunagi,mitte kunagi,muu,liitma,otsa,1,,obl,
6940,kõndima vastu kellele/millele,all,alati,mitte kunagi,muu,kõndima,vastu,1,,obl,
6941,raksatama kellele/millele,all,mitte kunagi,alati,mitte kunagi,raksatama,,1,,obl,
6942,rääkima juurde kellele/millele,all,vahel,mitte kunagi,muu,rääkima,juurde,1,,obl,
6943,tulema külge kellele/millele,all,vahel,mitte kunagi,muu,tulema,külge,1,,obl,
6944,räppima kellele/millele,all,vahel,mitte kunagi,muu,räppima,,1,,obl,
6945,õnnitlema kellele/millele,all,mitte kunagi,mitte kunagi,muu,õnnitlema,,1,,obl,
6946,programmeerima kellele/millele,all,vahel,mitte kunagi,muu,programmeerima,,1,,obl,
6947,defineerima kellele/millele,all,vahel,mitte kunagi,muu,defineerima,,1,,obl,
6948,märkima maha kellele/millele,all,mitte kunagi,alati,muu,märkima,maha,1,,obl,
6949,sattuma alla kellele/millele,all,mitte kunagi,mitte kunagi,muu,sattuma,alla,1,,obl,
6950,selgitama välja kellele/millele,all,mitte kunagi,mitte kunagi,muu,selgitama,välja,1,,obl,
6951,unustama ära kellele/millele,all,mitte kunagi,mitte kunagi,muu,unustama,ära,1,,obl,
6952,lihtsustuma kellele/millele,all,vahel,mitte kunagi,muu,lihtsustuma,,1,,obl,
6953,laskuma tagasi kellele/millele,all,mitte kunagi,alati,mitte kunagi,laskuma,tagasi,1,,obl,
6954,kostitama kellele/millele,all,mitte kunagi,mitte kunagi,muu,kostitama,,1,,obl,
6955,murdma läbi kellele/millele,all,mitte kunagi,vahel,muu,murdma,läbi,1,,obl,
6956,andma vaja kellele/millele,all,mitte kunagi,mitte kunagi,muu,andma,vaja,1,,obl,
6957,hellitama kellele/millele,all,mitte kunagi,mitte kunagi,muu,hellitama,,1,,obl,
6958,tekkima ette kellele/millele,all,mitte kunagi,vahel,vaieldav märgendus,tekkima,ette,1,,obl,
6959,valama sisse kellele/millele,all,alati,mitte kunagi,muu,valama,sisse,1,,obl,
6960,asuma läbi kellele/millele,all,mitte kunagi,mitte kunagi,muu,asuma,läbi,1,,obl,
6961,tõmbama sisse kellele/millele,all,vahel,vahel,vaieldav märgendus,tõmbama,sisse,1,,obl,
6962,piitsutama kellele/millele,all,mitte kunagi,mitte kunagi,muu,piitsutama,,1,,obl,
6963,hoidma alles kellele/millele,all,alati,mitte kunagi,mitte kunagi,hoidma,alles,1,,obl,
6964,nullima kellele/millele,all,mitte kunagi,mitte kunagi,muu,nullima,,1,,obl,
6965,pobisema kellele/millele,all,alati,mitte kunagi,mitte kunagi,pobisema,,1,,obl,
6966,tõstma peale kellele/millele,all,vahel,vahel,mitte kunagi,tõstma,peale,1,,obl,
6967,keppima kellele/millele,all,vahel,vahel,muu,keppima,,1,,obl,
6968,sumama kellele/millele,all,mitte kunagi,alati,mitte kunagi,sumama,,1,,obl,
6969,"tegema otsa, lahti kellele/millele",all,mitte kunagi,mitte kunagi,muu,tegema,otsa,1,,obl,
6970,"tegema otsa, lahti kellele/millele",all,mitte kunagi,mitte kunagi,muu,tegema,lahti,1,,obl,
6971,puhuma peale kellele/millele,all,vahel,vahel,mitte kunagi,puhuma,peale,1,,obl,
6972,irvitama vastu kellele/millele,all,alati,mitte kunagi,mitte kunagi,irvitama,vastu,1,,obl,
6973,töusima kellele/millele,all,mitte kunagi,mitte kunagi,muu,,töusima,1,,obl,
6974,tooma vastu kellele/millele,all,mitte kunagi,mitte kunagi,muu,tooma,vastu,1,,obl,
6975,silkama kellele/millele,all,mitte kunagi,alati,muu,silkama,,1,,obl,
6976,tagurdama ette kellele/millele,all,alati,mitte kunagi,vaieldav märgendus,tagurdama,ette,1,,obl,
6977,jõudma vastu kellele/millele,all,mitte kunagi,mitte kunagi,muu,jõudma,vastu,1,,obl,
6978,ütlema sisse kellele/millele,all,alati,mitte kunagi,muu,ütlema,sisse,1,,obl,
6979,teadma vaja kellele/millele,all,mitte kunagi,mitte kunagi,muu,teadma,vaja,1,,obl,
6980,sööstma vastu kellele/millele,all,vahel,mitte kunagi,muu,sööstma,vastu,1,,obl,
6981,ootama tagasi kellele/millele,all,mitte kunagi,alati,mitte kunagi,ootama,tagasi,1,,obl,
6982,keerama üles kellele/millele,all,mitte kunagi,alati,muu,keerama,üles,1,,obl,
6983,seadma kokku kellele/millele,all,vahel,mitte kunagi,muu,seadma,kokku,1,,obl,
6984,istuma ümber kellele/millele,all,mitte kunagi,alati,mitte kunagi,istuma,ümber,1,,obl,
6985,ahenema kellele/millele,all,mitte kunagi,mitte kunagi,muu,ahenema,,1,,obl,
6986,mölisema kellele/millele,all,mitte kunagi,mitte kunagi,muu,mölisema,,1,,obl,
6987,pakkuma läbi kellele/millele,all,mitte kunagi,mitte kunagi,muu,pakkuma,läbi,1,,obl,
6988,langema ära kellele/millele,all,mitte kunagi,mitte kunagi,muu,langema,ära,1,,obl,
6989,elatuma kellele/millele,all,mitte kunagi,mitte kunagi,muu,elatuma,,1,,obl,
6990,tõmbama välja kellele/millele,all,mitte kunagi,mitte kunagi,muu,tõmbama,välja,1,,obl,
6991,kroonima kellele/millele,all,mitte kunagi,mitte kunagi,muu,kroonima,,1,,obl,
6992,sedastama kellele/millele,all,vahel,mitte kunagi,muu,sedastama,,1,,obl,
6993,mobiliseerima kellele/millele,all,mitte kunagi,vahel,muu,mobiliseerima,,1,,obl,
6994,jagama ümber kellele/millele,all,alati,mitte kunagi,muu,jagama,ümber,1,,obl,
6995,paeluma kellele/millele,all,mitte kunagi,mitte kunagi,muu,paeluma,,1,,obl,
6996,laiutama kellele/millele,all,mitte kunagi,mitte kunagi,muu,laiutama,,1,,obl,
6997,laiuma kellele/millele,all,mitte kunagi,mitte kunagi,muu,laiuma,,1,,obl,
6998,kasvama välja kellele/millele,all,mitte kunagi,mitte kunagi,muu,kasvama,välja,1,,obl,
6999,kasvama juurde kellele/millele,all,vahel,vahel,vaieldav märgendus,kasvama,juurde,1,,obl,
7000,mojuma kellele/millele,all,mitte kunagi,mitte kunagi,muu,mojuma,,1,,obl,
7001,sadama peale kellele/millele,all,vahel,vahel,mitte kunagi,,sadama,1,,obl,
7002,esitama edasi kellele/millele,all,vahel,mitte kunagi,muu,esitama,edasi,1,,obl,
7003,suruma vastu kellele/millele,all,alati,mitte kunagi,pole kindel,suruma,vastu,1,,obl,
7004,teisenema kellele/millele,all,mitte kunagi,mitte kunagi,muu,teisenema,,1,,obl,
7005,paluma ära kellele/millele,all,mitte kunagi,mitte kunagi,muu,paluma,ära,1,,obl,
7006,selginema kellele/millele,all,alati,mitte kunagi,mitte kunagi,selginema,,1,,obl,
7007,viima kohale kellele/millele,all,alati,mitte kunagi,muu,viima,kohale,1,,obl,
7008,sirutama välja kellele/millele,all,mitte kunagi,vahel,muu,sirutama,välja,1,,obl,
7009,kandma maha kellele/millele,all,mitte kunagi,mitte kunagi,muu,kandma,maha,1,,obl,
7010,yritama kellele/millele,all,mitte kunagi,mitte kunagi,muu,yritama,,1,,obl,
7011,kehtima edasi kellele/millele,all,vahel,mitte kunagi,muu,kehtima,edasi,1,,obl,
7012,iseseisvuma kellele/millele,all,mitte kunagi,mitte kunagi,muu,iseseisvuma,,1,,obl,
7013,teravnema kellele/millele,all,mitte kunagi,mitte kunagi,muu,teravnema,,1,,obl,
7014,tõrvama kellele/millele,all,mitte kunagi,mitte kunagi,muu,tõrvama,,1,,obl,
7015,viima peale kellele/millele,all,mitte kunagi,mitte kunagi,muu,viima,peale,1,,obl,
7016,nikerdama kellele/millele,all,vahel,vahel,mitte kunagi,nikerdama,,1,,obl,
7017,sõitma üles kellele/millele,all,mitte kunagi,alati,mitte kunagi,sõitma,üles,1,,obl,
7018,meldima kellele/millele,all,mitte kunagi,mitte kunagi,muu,meldima,,1,,obl,
7019,seisma ette kellele/millele,all,vahel,mitte kunagi,muu,seisma,ette,1,,obl,
7020,tulema maha kellele/millele,all,mitte kunagi,mitte kunagi,muu,tulema,maha,1,,obl,
7021,istuma otsa kellele/millele,all,alati,mitte kunagi,muu,istuma,otsa,1,,obl,
7022,olema koha kellele/millele,all,mitte kunagi,mitte kunagi,muu,olema,koha,1,,obl,
7023,immitsema kellele/millele,all,mitte kunagi,alati,muu,immitsema,,1,,obl,
7024,kargama ette kellele/millele,all,vahel,vahel,mitte kunagi,kargama,ette,1,,obl,
7025,soojendama kellele/millele,all,vahel,mitte kunagi,muu,soojendama,,1,,obl,
7026,kukkuma kokku kellele/millele,all,mitte kunagi,vahel,muu,kukkuma,kokku,1,,obl,
7027,lihvima kellele/millele,all,mitte kunagi,mitte kunagi,muu,lihvima,,1,,obl,
7028,hävinema kellele/millele,all,mitte kunagi,mitte kunagi,muu,hävinema,,1,,obl,
7029,vallanduma kellele/millele,all,mitte kunagi,mitte kunagi,muu,vallanduma,,1,,obl,
7030,mötlema kellele/millele,all,mitte kunagi,mitte kunagi,muu,mötlema,,1,,obl,
7031,saatma kohale kellele/millele,all,vahel,vahel,muu,saatma,kohale,1,,obl,
7032,vananema kellele/millele,all,mitte kunagi,mitte kunagi,muu,vananema,,1,,obl,
7033,piinama kellele/millele,all,mitte kunagi,mitte kunagi,muu,piinama,,1,,obl,
7034,küttima kellele/millele,all,alati,mitte kunagi,mitte kunagi,küttima,,1,,obl,
7035,pakkuma valmis kellele/millele,all,alati,mitte kunagi,pole kindel,pakkuma,valmis,1,,obl,
7036,põlema maha kellele/millele,all,mitte kunagi,mitte kunagi,muu,põlema,maha,1,,obl,
7037,hääletama maha kellele/millele,all,mitte kunagi,mitte kunagi,muu,hääletama,maha,1,,obl,
7038,imenduma kellele/millele,all,mitte kunagi,vahel,muu,imenduma,,1,,obl,
7039,kaotama ära kellele/millele,all,mitte kunagi,vahel,muu,kaotama,ära,1,,obl,
7040,andma läbi kellele/millele,all,mitte kunagi,mitte kunagi,muu,andma,läbi,1,,obl,
7041,liitma juurde kellele/millele,all,mitte kunagi,mitte kunagi,muu,liitma,juurde,1,,obl,
7042,lõpetama ära kellele/millele,all,mitte kunagi,mitte kunagi,muu,lõpetama,ära,1,,obl,
7043,õpetama välja kellele/millele,all,vahel,mitte kunagi,muu,õpetama,välja,1,,obl,
7044,ümisema kellele/millele,all,vahel,mitte kunagi,muu,ümisema,,1,,obl,
7045,sepitsema kellele/millele,all,alati,mitte kunagi,mitte kunagi,sepitsema,,1,,obl,
7046,minema vahele kellele/millele,all,vahel,mitte kunagi,muu,minema,vahele,1,,obl,
7047,tänama kaasa kellele/millele,all,mitte kunagi,mitte kunagi,muu,tänama,kaasa,1,,obl,
7048,pakkuma üle kellele/millele,all,mitte kunagi,mitte kunagi,muu,pakkuma,üle,1,,obl,
7049,koristama kellele/millele,all,mitte kunagi,mitte kunagi,muu,koristama,,1,,obl,
7050,määrama ära kellele/millele,all,vahel,mitte kunagi,pole kindel,määrama,ära,1,,obl,
7051,joonduma kellele/millele,all,vahel,vahel,mitte kunagi,joonduma,,1,,obl,
7052,kehastuma kellele/millele,all,vahel,mitte kunagi,muu,kehastuma,,1,,obl,
7053,riputama välja kellele/millele,all,mitte kunagi,alati,muu,riputama,välja,1,,obl,
7054,resümeerima kellele/millele,all,alati,mitte kunagi,mitte kunagi,resümeerima,,1,,obl,
7055,tõrkuma vastu kellele/millele,all,vahel,mitte kunagi,muu,tõrkuma,vastu,1,,obl,
7056,selgitama ära kellele/millele,all,alati,mitte kunagi,muu,selgitama,ära,1,,obl,
7057,pääsema ringi kellele/millele,all,mitte kunagi,mitte kunagi,muu,pääsema,ringi,1,,obl,
7058,ytsima kellele/millele,all,mitte kunagi,mitte kunagi,muu,,ytsima,1,,obl,
7059,rändama edasi kellele/millele,all,alati,mitte kunagi,mitte kunagi,rändama,edasi,1,,obl,
7060,suruma sisse kellele/millele,all,mitte kunagi,vahel,muu,suruma,sisse,1,,obl,
7061,pesema kellele/millele,all,mitte kunagi,mitte kunagi,muu,pesema,,1,,obl,
7062,looklema kellele/millele,all,mitte kunagi,alati,muu,looklema,,1,,obl,
7063,kogunema üle kellele/millele,all,mitte kunagi,alati,pole kindel,kogunema,üle,1,,obl,
7064,naima kellele/millele,all,mitte kunagi,mitte kunagi,muu,naima,,1,,obl,
7065,prahvatama kellele/millele,all,vahel,vahel,mitte kunagi,prahvatama,,1,,obl,
7066,haistma kellele/millele,all,mitte kunagi,mitte kunagi,muu,haistma,,1,,obl,
7067,jääma all kellele/millele,all,mitte kunagi,mitte kunagi,muu,jääma,all,1,,obl,
7068,kuritarvitama kellele/millele,all,mitte kunagi,mitte kunagi,muu,kuritarvitama,,1,,obl,
7069,digima kellele/millele,all,mitte kunagi,mitte kunagi,muu,digima,,1,,obl,
7070,kinkima kokku kellele/millele,all,alati,mitte kunagi,pole kindel,kinkima,kokku,1,,obl,
7071,tungima sisse kellele/millele,all,vahel,vahel,muu,tungima,sisse,1,,obl,
7072,hüppama alla kellele/millele,all,mitte kunagi,alati,muu,hüppama,alla,1,,obl,
7073,loksutama kellele/millele,all,mitte kunagi,alati,mitte kunagi,loksutama,,1,,obl,
7074,põlvitama kellele/millele,all,mitte kunagi,alati,mitte kunagi,põlvitama,,1,,obl,
7075,veerema otsa kellele/millele,all,vahel,mitte kunagi,muu,veerema,otsa,1,,obl,
7076,panema järele kellele/millele,all,vahel,mitte kunagi,muu,panema,järele,1,,obl,
7077,välgutama kellele/millele,all,alati,mitte kunagi,mitte kunagi,välgutama,,1,,obl,
7078,viljelema kellele/millele,all,mitte kunagi,mitte kunagi,muu,viljelema,,1,,obl,
7079,manama ette kellele/millele,all,alati,mitte kunagi,mitte kunagi,manama,ette,1,,obl,
7080,ajama tagasi kellele/millele,all,mitte kunagi,alati,muu,ajama,tagasi,1,,obl,
7081,remontima kellele/millele,all,vahel,mitte kunagi,muu,remontima,,1,,obl,
7082,välgatama kellele/millele,all,alati,mitte kunagi,muu,välgatama,,1,,obl,
7083,nakkuma kellele/millele,all,alati,mitte kunagi,muu,nakkuma,,1,,obl,
7084,diferentseerima kellele/millele,all,mitte kunagi,mitte kunagi,muu,diferentseerima,,1,,obl,
7085,vastama kokku kellele/millele,all,mitte kunagi,mitte kunagi,muu,vastama,kokku,1,,obl,
7086,lohutuma kellele/millele,all,mitte kunagi,mitte kunagi,muu,lohutuma,,1,,obl,
7087,surema ära kellele/millele,all,mitte kunagi,vahel,muu,surema,ära,1,,obl,
7088,põrutama ette kellele/millele,all,mitte kunagi,vahel,muu,põrutama,ette,1,,obl,
7089,doteerima kellele/millele,all,vahel,mitte kunagi,muu,doteerima,,1,,obl,
7090,kasvama külge kellele/millele,all,vahel,mitte kunagi,muu,kasvama,külge,1,,obl,
7091,vedama kokku kellele/millele,all,mitte kunagi,alati,pole kindel,vedama,kokku,1,,obl,
7092,painduma kellele/millele,all,mitte kunagi,mitte kunagi,muu,painduma,,1,,obl,
7093,vedama sisse kellele/millele,all,vahel,vahel,mitte kunagi,vedama,sisse,1,,obl,
7094,lubama ära kellele/millele,all,alati,mitte kunagi,mitte kunagi,lubama,ära,1,,obl,
7095,ilutsema kellele/millele,all,mitte kunagi,mitte kunagi,muu,ilutsema,,1,,obl,
7096,tegema edasi kellele/millele,all,mitte kunagi,mitte kunagi,muu,tegema,edasi,1,,obl,
7097,kiskuma tagasi kellele/millele,all,mitte kunagi,alati,mitte kunagi,kiskuma,tagasi,1,,obl,
7098,jäljendama kellele/millele,all,mitte kunagi,mitte kunagi,muu,jäljendama,,1,,obl,
7099,vedama järele kellele/millele,all,alati,mitte kunagi,mitte kunagi,vedama,järele,1,,obl,
7100,loovutama kokku kellele/millele,all,alati,mitte kunagi,pole kindel,loovutama,kokku,1,,obl,
7101,ilustama kellele/millele,all,vahel,mitte kunagi,muu,ilustama,,1,,obl,
7102,ühtlustama kellele/millele,all,vahel,mitte kunagi,muu,ühtlustama,,1,,obl,
7103,mängima vastu kellele/millele,all,alati,mitte kunagi,muu,mängima,vastu,1,,obl,
7104,masendama kellele/millele,all,mitte kunagi,mitte kunagi,muu,masendama,,1,,obl,
7105,jõudma koha kellele/millele,all,mitte kunagi,mitte kunagi,muu,jõudma,koha,1,,obl,
7106,olema tagasi kellele/millele,all,mitte kunagi,mitte kunagi,muu,olema,tagasi,1,,obl,
7107,koksama kellele/millele,all,vahel,mitte kunagi,muu,koksama,,1,,obl,
7108,müütama kellele/millele,all,alati,mitte kunagi,mitte kunagi,müütama,,1,,obl,
7109,kituma kellele/millele,all,alati,mitte kunagi,mitte kunagi,kituma,,1,,obl,
7110,kulutama alla kellele/millele,all,mitte kunagi,mitte kunagi,muu,kulutama,alla,1,,obl,
7111,lohutama kellele/millele,all,mitte kunagi,mitte kunagi,muu,lohutama,,1,,obl,
7112,soristama kellele/millele,all,mitte kunagi,alati,mitte kunagi,soristama,,1,,obl,
7113,nöudima kellele/millele,all,mitte kunagi,mitte kunagi,muu,,nöudima,1,,obl,
7114,põrnitsema kellele/millele,all,mitte kunagi,vahel,muu,põrnitsema,,1,,obl,
7115,tampima kellele/millele,all,vahel,vahel,mitte kunagi,tampima,,1,,obl,
7116,väsitama kellele/millele,all,mitte kunagi,mitte kunagi,muu,väsitama,,1,,obl,
7117,saabuma kohale kellele/millele,all,mitte kunagi,vahel,muu,saabuma,kohale,1,,obl,
7118,varisema kokku kellele/millele,all,mitte kunagi,vahel,muu,varisema,kokku,1,,obl,
7119,klõbistama kellele/millele,all,mitte kunagi,vahel,muu,klõbistama,,1,,obl,
7120,langema maha kellele/millele,all,mitte kunagi,alati,muu,langema,maha,1,,obl,
7121,lööma kinni kellele/millele,all,vahel,mitte kunagi,pole kindel,lööma,kinni,1,,obl,
7122,koppima kellele/millele,all,vahel,vahel,muu,koppima,,1,,obl,
7123,möistima kellele/millele,all,mitte kunagi,mitte kunagi,muu,,möistima,1,,obl,
7124,kahekordistama kellele/millele,all,mitte kunagi,mitte kunagi,muu,kahekordistama,,1,,obl,
7125,rahunema kellele/millele,all,mitte kunagi,mitte kunagi,muu,rahunema,,1,,obl,
7126,ütlema alla kellele/millele,all,mitte kunagi,mitte kunagi,muu,ütlema,alla,1,,obl,
7127,tõstma ümber kellele/millele,all,mitte kunagi,alati,muu,tõstma,ümber,1,,obl,
7128,valguma laiali kellele/millele,all,mitte kunagi,vahel,muu,valguma,laiali,1,,obl,
7129,leevenduma kellele/millele,all,vahel,vahel,muu,leevenduma,,1,,obl,
7130,helistama ette kellele/millele,all,alati,mitte kunagi,mitte kunagi,helistama,ette,1,,obl,
7131,vaatama valmis kellele/millele,all,alati,mitte kunagi,mitte kunagi,vaatama,valmis,1,,obl,
7132,lööma maha kellele/millele,all,mitte kunagi,mitte kunagi,muu,lööma,maha,1,,obl,
7133,olema järele kellele/millele,all,mitte kunagi,mitte kunagi,muu,olema,järele,1,,obl,
7134,lööma lahti kellele/millele,all,mitte kunagi,mitte kunagi,muu,lööma,lahti,1,,obl,
7135,arenema edasi kellele/millele,all,mitte kunagi,mitte kunagi,muu,arenema,edasi,1,,obl,
7136,vilkuma kellele/millele,all,alati,mitte kunagi,mitte kunagi,vilkuma,,1,,obl,
7137,õmblema külge kellele/millele,all,vahel,vahel,vaieldav märgendus,õmblema,külge,1,,obl,
7138,niristama kellele/millele,all,mitte kunagi,alati,mitte kunagi,niristama,,1,,obl,
7139,randuma kellele/millele,all,mitte kunagi,alati,muu,randuma,,1,,obl,
7140,pakatama kellele/millele,all,mitte kunagi,mitte kunagi,muu,pakatama,,1,,obl,
7141,kirjutama ümber kellele/millele,all,vahel,vahel,mitte kunagi,kirjutama,ümber,1,,obl,
7142,tammuma kellele/millele,all,mitte kunagi,alati,vaieldav märgendus,tammuma,,1,,obl,
7143,turgutama kellele/millele,all,mitte kunagi,mitte kunagi,muu,turgutama,,1,,obl,
7144,"maksma välja, kokku kellele/millele",all,alati,mitte kunagi,mitte kunagi,maksma,välja,1,,obl,
7145,"maksma välja, kokku kellele/millele",all,alati,mitte kunagi,mitte kunagi,maksma,kokku,1,,obl,
7146,nügima kellele/millele,all,mitte kunagi,alati,mitte kunagi,nügima,,1,,obl,
7147,üldistama kellele/millele,all,vahel,mitte kunagi,vaieldav märgendus,üldistama,,1,,obl,
7148,naerma vastu kellele/millele,all,alati,mitte kunagi,mitte kunagi,naerma,vastu,1,,obl,
7149,toitma kellele/millele,all,vahel,mitte kunagi,muu,toitma,,1,,obl,
7150,lisanduma kokku kellele/millele,all,vahel,mitte kunagi,muu,lisanduma,kokku,1,,obl,
7151,ujuma järele kellele/millele,all,alati,mitte kunagi,mitte kunagi,ujuma,järele,1,,obl,
7152,sõitma koos kellele/millele,all,mitte kunagi,alati,pole kindel,sõitma,koos,1,,obl,
7153,raugema kellele/millele,all,mitte kunagi,mitte kunagi,muu,raugema,,1,,obl,
7154,jätma kätte kellele/millele,all,alati,mitte kunagi,pole kindel,jätma,kätte,1,,obl,
7155,hüppama vastu kellele/millele,all,alati,mitte kunagi,mitte kunagi,hüppama,vastu,1,,obl,
7156,deklameerima kellele/millele,all,alati,mitte kunagi,mitte kunagi,deklameerima,,1,,obl,
7157,tihenema kellele/millele,all,mitte kunagi,mitte kunagi,muu,tihenema,,1,,obl,
7158,põlgama kellele/millele,all,mitte kunagi,mitte kunagi,muu,põlgama,,1,,obl,
7159,jutustama edasi kellele/millele,all,alati,mitte kunagi,mitte kunagi,jutustama,edasi,1,,obl,
7160,vilistama järele kellele/millele,all,alati,mitte kunagi,mitte kunagi,vilistama,järele,1,,obl,
7161,ehitama valmis kellele/millele,all,vahel,vahel,muu,ehitama,valmis,1,,obl,
7162,jääma tagasi kellele/millele,all,mitte kunagi,mitte kunagi,muu,jääma,tagasi,1,,obl,
7163,õõnestama kellele/millele,all,mitte kunagi,mitte kunagi,muu,õõnestama,,1,,obl,
7164,müüma välja kellele/millele,all,mitte kunagi,vahel,muu,müüma,välja,1,,obl,
7165,valetama sisse kellele/millele,all,alati,mitte kunagi,pole kindel,valetama,sisse,1,,obl,
7166,keerama otsa kellele/millele,all,vahel,vahel,muu,keerama,otsa,1,,obl,
7167,asustama kellele/millele,all,mitte kunagi,vahel,muu,asustama,,1,,obl,
7168,heitma maha kellele/millele,all,mitte kunagi,alati,mitte kunagi,heitma,maha,1,,obl,
7169,arenema välja kellele/millele,all,mitte kunagi,mitte kunagi,muu,arenema,välja,1,,obl,
7170,seadma valmis kellele/millele,all,alati,mitte kunagi,mitte kunagi,seadma,valmis,1,,obl,
7171,helendama kellele/millele,all,vahel,mitte kunagi,muu,helendama,,1,,obl,
7172,laekuma edasi kellele/millele,all,vahel,vahel,mitte kunagi,laekuma,edasi,1,,obl,
7173,arendama välja kellele/millele,all,vahel,mitte kunagi,muu,arendama,välja,1,,obl,
7174,orgunnima kellele/millele,all,alati,mitte kunagi,pole kindel,orgunnima,,1,,obl,
7175,prõmmima kellele/millele,all,mitte kunagi,alati,mitte kunagi,prõmmima,,1,,obl,
7176,sütitama kellele/millele,all,mitte kunagi,mitte kunagi,muu,sütitama,,1,,obl,
7177,heitma välja kellele/millele,all,mitte kunagi,mitte kunagi,muu,heitma,välja,1,,obl,
7178,rühkima järele kellele/millele,all,alati,mitte kunagi,mitte kunagi,rühkima,järele,1,,obl,
7179,muhelema kellele/millele,all,mitte kunagi,mitte kunagi,muu,muhelema,,1,,obl,
7180,seaduma kellele/millele,all,mitte kunagi,mitte kunagi,muu,seaduma,,1,,obl,
7181,tassima kaasa kellele/millele,all,mitte kunagi,alati,mitte kunagi,tassima,kaasa,1,,obl,
7182,liikuma ringi kellele/millele,all,mitte kunagi,mitte kunagi,muu,liikuma,ringi,1,,obl,
7183,süüvima kellele/millele,all,mitte kunagi,vahel,muu,süüvima,,1,,obl,
7184,sadama sisse kellele/millele,all,alati,mitte kunagi,mitte kunagi,,sadama,1,,obl,
7185,tulema lahti kellele/millele,all,mitte kunagi,mitte kunagi,muu,tulema,lahti,1,,obl,
7186,"andma üle, kokku kellele/millele",all,alati,mitte kunagi,pole kindel,andma,üle,1,,obl,
7187,"andma üle, kokku kellele/millele",all,alati,mitte kunagi,pole kindel,andma,kokku,1,,obl,
7188,tulema ligi kellele/millele,all,alati,mitte kunagi,mitte kunagi,tulema,ligi,1,,obl,
7189,õnnistama kellele/millele,all,mitte kunagi,mitte kunagi,muu,õnnistama,,1,,obl,
7190,küsitama kellele/millele,all,mitte kunagi,mitte kunagi,muu,küsitama,,1,,obl,
7191,muganduma kellele/millele,all,mitte kunagi,mitte kunagi,muu,muganduma,,1,,obl,
7192,küüditama kellele/millele,all,mitte kunagi,alati,mitte kunagi,küüditama,,1,,obl,
7193,sööstma otsa kellele/millele,all,alati,mitte kunagi,vaieldav märgendus,sööstma,otsa,1,,obl,
7194,voolima kellele/millele,all,vahel,vahel,mitte kunagi,voolima,,1,,obl,
7195,tulema koos kellele/millele,all,mitte kunagi,alati,mitte kunagi,tulema,koos,1,,obl,
7196,asuma tagasi kellele/millele,all,mitte kunagi,alati,mitte kunagi,asuma,tagasi,1,,obl,
7197,toksama kellele/millele,all,vahel,vahel,pole kindel,toksama,,1,,obl,
7198,pöörlema kellele/millele,all,mitte kunagi,mitte kunagi,muu,pöörlema,,1,,obl,
7199,püsima püsti kellele/millele,all,mitte kunagi,mitte kunagi,muu,püsima,püsti,1,,obl,
7200,trahvima kellele/millele,all,mitte kunagi,mitte kunagi,muu,trahvima,,1,,obl,
7201,minema maha kellele/millele,all,mitte kunagi,mitte kunagi,muu,minema,maha,1,,obl,
7202,teenima tagasi kellele/millele,all,alati,mitte kunagi,mitte kunagi,teenima,tagasi,1,,obl,
7203,rivistama üles kellele/millele,all,mitte kunagi,alati,mitte kunagi,rivistama,üles,1,,obl,
7204,minetama kellele/millele,all,mitte kunagi,mitte kunagi,muu,minetama,,1,,obl,
7205,andma alles kellele/millele,all,alati,mitte kunagi,pole kindel,andma,alles,1,,obl,
7206,pulbitsema kellele/millele,all,mitte kunagi,mitte kunagi,muu,pulbitsema,,1,,obl,
7207,tulistama järele kellele/millele,all,alati,mitte kunagi,muu,tulistama,järele,1,,obl,
7208,paiskuma välja kellele/millele,all,mitte kunagi,alati,muu,paiskuma,välja,1,,obl,
7209,puterdama kellele/millele,all,vahel,vahel,mitte kunagi,puterdama,,1,,obl,
7210,rabelema kellele/millele,all,mitte kunagi,vahel,muu,rabelema,,1,,obl,
7211,lisanduma juurde kellele/millele,all,mitte kunagi,alati,vaieldav märgendus,lisanduma,juurde,1,,obl,
7212,näppama kellele/millele,all,mitte kunagi,mitte kunagi,muu,näppama,,1,,obl,
7213,jääma ümber kellele/millele,all,mitte kunagi,mitte kunagi,muu,jääma,ümber,1,,obl,
7214,putkama kellele/millele,all,mitte kunagi,alati,mitte kunagi,putkama,,1,,obl,
7215,paiskuma vastu kellele/millele,all,alati,mitte kunagi,mitte kunagi,paiskuma,vastu,1,,obl,
7216,teenima juurde kellele/millele,all,vahel,vahel,mitte kunagi,teenima,juurde,1,,obl,
7217,"kihutama tagant, sisse kellele/millele",all,mitte kunagi,mitte kunagi,pole kindel,kihutama,tagant,1,,obl,
7218,"kihutama tagant, sisse kellele/millele",all,mitte kunagi,mitte kunagi,pole kindel,kihutama,sisse,1,,obl,
7219,hammustama kellele/millele,all,mitte kunagi,mitte kunagi,muu,hammustama,,1,,obl,
7220,pühitsema kellele/millele,all,vahel,mitte kunagi,muu,pühitsema,,1,,obl,
7221,minema eemale kellele/millele,all,mitte kunagi,vahel,muu,minema,eemale,1,,obl,
7222,tulema kaasas kellele/millele,all,mitte kunagi,mitte kunagi,muu,tulema,kaasas,1,,obl,
7223,valetama kokku kellele/millele,all,alati,mitte kunagi,mitte kunagi,valetama,kokku,1,,obl,
7224,viskama sisse kellele/millele,all,mitte kunagi,alati,muu,viskama,sisse,1,,obl,
7225,keksima kellele/millele,all,mitte kunagi,alati,muu,keksima,,1,,obl,
7226,naasma tagasi kellele/millele,all,mitte kunagi,alati,mitte kunagi,naasma,tagasi,1,,obl,
7227,pudenema laiali kellele/millele,all,mitte kunagi,alati,mitte kunagi,pudenema,laiali,1,,obl,
7228,kaarduma kellele/millele,all,mitte kunagi,alati,muu,kaarduma,,1,,obl,
7229,nuruma kellele/millele,all,mitte kunagi,mitte kunagi,muu,nuruma,,1,,obl,
7230,pakkuma ära kellele/millele,all,mitte kunagi,mitte kunagi,muu,pakkuma,ära,1,,obl,
7231,hakkama ära kellele/millele,all,mitte kunagi,mitte kunagi,muu,hakkama,ära,1,,obl,
7232,kuuluma välja kellele/millele,all,mitte kunagi,mitte kunagi,muu,kuuluma,välja,1,,obl,
7233,ühtima kellele/millele,all,mitte kunagi,mitte kunagi,muu,ühtima,,1,,obl,
7234,käratama peale kellele/millele,all,alati,mitte kunagi,mitte kunagi,käratama,peale,1,,obl,
7235,ärima kellele/millele,all,alati,mitte kunagi,muu,ärima,,1,,obl,
7236,öeldnuma kellele/millele,all,mitte kunagi,mitte kunagi,muu,öeldnuma,,1,,obl,
7237,deponeerima kellele/millele,all,vahel,vahel,muu,deponeerima,,1,,obl,
7238,rikkuma ära kellele/millele,all,mitte kunagi,mitte kunagi,muu,rikkuma,ära,1,,obl,
7239,identifitseerima kellele/millele,all,mitte kunagi,mitte kunagi,muu,identifitseerima,,1,,obl,
7240,minema ümber kellele/millele,all,mitte kunagi,vahel,vaieldav märgendus,minema,ümber,1,,obl,
7241,ärima maha kellele/millele,all,alati,mitte kunagi,mitte kunagi,ärima,maha,1,,obl,
7242,lohisema järele kellele/millele,all,vahel,mitte kunagi,muu,lohisema,järele,1,,obl,
7243,lubama ligi kellele/millele,all,mitte kunagi,vahel,muu,lubama,ligi,1,,obl,
7244,kärutama kellele/millele,all,mitte kunagi,alati,mitte kunagi,kärutama,,1,,obl,
7245,kitsendama kellele/millele,all,mitte kunagi,mitte kunagi,muu,kitsendama,,1,,obl,
7246,voolama alla kellele/millele,all,mitte kunagi,alati,muu,voolama,alla,1,,obl,
7247,plartsatama kellele/millele,all,mitte kunagi,vahel,muu,plartsatama,,1,,obl,
7248,haakima külge kellele/millele,all,vahel,vahel,mitte kunagi,haakima,külge,1,,obl,
7249,lubama välja kellele/millele,all,alati,mitte kunagi,muu,lubama,välja,1,,obl,
7250,ööbima kellele/millele,all,mitte kunagi,mitte kunagi,muu,ööbima,,1,,obl,
7251,nuputama välja kellele/millele,all,alati,mitte kunagi,muu,nuputama,välja,1,,obl,
7252,karjatama kellele/millele,all,alati,mitte kunagi,mitte kunagi,karjatama,,1,,obl,
7253,hakkama pihta kellele/millele,all,mitte kunagi,mitte kunagi,muu,hakkama,pihta,1,,obl,
7254,hõõruma laiali kellele/millele,all,mitte kunagi,alati,mitte kunagi,hõõruma,laiali,1,,obl,
7255,meltima kellele/millele,all,mitte kunagi,mitte kunagi,muu,,meltima,1,,obl,
7256,"kirjutama alla, kokku kellele/millele",all,mitte kunagi,alati,pole kindel,kirjutama,alla,1,,obl,
7257,"kirjutama alla, kokku kellele/millele",all,mitte kunagi,alati,pole kindel,kirjutama,kokku,1,,obl,
7258,vastustama kellele/millele,all,mitte kunagi,mitte kunagi,muu,vastustama,,1,,obl,
7259,ostma sisse kellele/millele,all,vahel,vahel,muu,ostma,sisse,1,,obl,
7260,arvestama välja kellele/millele,all,alati,mitte kunagi,muu,arvestama,välja,1,,obl,
7261,sõitma eemale kellele/millele,all,mitte kunagi,alati,mitte kunagi,sõitma,eemale,1,,obl,
7262,rääkima vahele kellele/millele,all,alati,mitte kunagi,mitte kunagi,rääkima,vahele,1,,obl,
7263,jääma kaasa kellele/millele,all,mitte kunagi,mitte kunagi,muu,jääma,kaasa,1,,obl,
7264,mõtisklema kellele/millele,all,mitte kunagi,mitte kunagi,muu,mõtisklema,,1,,obl,
7265,kandma laiali kellele/millele,all,vahel,vahel,muu,kandma,laiali,1,,obl,
7266,masseerima kellele/millele,all,mitte kunagi,alati,muu,masseerima,,1,,obl,
7267,mängima edasi kellele/millele,all,mitte kunagi,mitte kunagi,muu,mängima,edasi,1,,obl,
7268,nõjatama kellele/millele,all,mitte kunagi,alati,mitte kunagi,nõjatama,,1,,obl,
7269,sündima kaasa kellele/millele,all,alati,mitte kunagi,mitte kunagi,sündima,kaasa,1,,obl,
7270,puhuma vastu kellele/millele,all,alati,mitte kunagi,mitte kunagi,puhuma,vastu,1,,obl,
7271,saabuma järele kellele/millele,all,vahel,mitte kunagi,muu,saabuma,järele,1,,obl,
7272,pakkuma peale kellele/millele,all,mitte kunagi,mitte kunagi,muu,pakkuma,peale,1,,obl,
7273,loovutama tagasi kellele/millele,all,alati,mitte kunagi,mitte kunagi,loovutama,tagasi,1,,obl,
7274,mälestama kellele/millele,all,mitte kunagi,mitte kunagi,muu,mälestama,,1,,obl,
7275,naljatama kellele/millele,all,vahel,mitte kunagi,muu,naljatama,,1,,obl,
7276,kinnitama tagasi kellele/millele,all,mitte kunagi,mitte kunagi,muu,kinnitama,tagasi,1,,obl,
7277,põruma kellele/millele,all,mitte kunagi,mitte kunagi,muu,põruma,,1,,obl,
7278,pissima peale kellele/millele,all,vahel,vahel,mitte kunagi,pissima,peale,1,,obl,
7279,perima kellele/millele,all,mitte kunagi,mitte kunagi,muu,,perima,1,,obl,
7280,loopima laiali kellele/millele,all,mitte kunagi,alati,muu,loopima,laiali,1,,obl,
7281,särama vastu kellele/millele,all,alati,mitte kunagi,mitte kunagi,särama,vastu,1,,obl,
7282,looma kaasa kellele/millele,all,mitte kunagi,mitte kunagi,muu,,looma,1,,obl,
7283,ulatama edasi kellele/millele,all,alati,mitte kunagi,mitte kunagi,ulatama,edasi,1,,obl,
7284,sõidutama tagasi kellele/millele,all,mitte kunagi,vahel,muu,sõidutama,tagasi,1,,obl,
7285,looma ette kellele/millele,all,mitte kunagi,vahel,muu,,looma,1,,obl,
7286,haavama kellele/millele,all,mitte kunagi,mitte kunagi,muu,haavama,,1,,obl,
7287,hoogustuma kellele/millele,all,mitte kunagi,mitte kunagi,muu,hoogustuma,,1,,obl,
7288,seljatama kellele/millele,all,mitte kunagi,mitte kunagi,muu,seljatama,,1,,obl,
7289,usutama kellele/millele,all,mitte kunagi,mitte kunagi,muu,usutama,,1,,obl,
7290,tegema maha kellele/millele,all,mitte kunagi,mitte kunagi,muu,tegema,maha,1,,obl,
7291,krabama kellele/millele,all,vahel,mitte kunagi,muu,krabama,,1,,obl,
7292,uhtma kellele/millele,all,mitte kunagi,alati,muu,uhtma,,1,,obl,
7293,lükkima kellele/millele,all,mitte kunagi,alati,muu,lükkima,,1,,obl,
7294,renoveerima kellele/millele,all,alati,mitte kunagi,muu,renoveerima,,1,,obl,
7295,mõlgutama kellele/millele,all,mitte kunagi,mitte kunagi,muu,mõlgutama,,1,,obl,
7296,lukustama kellele/millele,all,mitte kunagi,alati,mitte kunagi,lukustama,,1,,obl,
7297,mängima üle kellele/millele,all,mitte kunagi,mitte kunagi,muu,mängima,üle,1,,obl,
7298,koperdama otsa kellele/millele,all,vahel,vahel,mitte kunagi,koperdama,otsa,1,,obl,
7299,akrediteerima kellele/millele,all,mitte kunagi,vahel,muu,akrediteerima,,1,,obl,
7300,juhatama kätte kellele/millele,all,alati,mitte kunagi,mitte kunagi,juhatama,kätte,1,,obl,
7301,aimuma kellele/millele,all,alati,mitte kunagi,mitte kunagi,aimuma,,1,,obl,
7302,ekslema kellele/millele,all,mitte kunagi,vahel,muu,ekslema,,1,,obl,
7303,tüdima kellele/millele,all,mitte kunagi,mitte kunagi,muu,tüdima,,1,,obl,
7304,majutuma kellele/millele,all,mitte kunagi,mitte kunagi,muu,majutuma,,1,,obl,
7305,pooma kellele/millele,all,mitte kunagi,mitte kunagi,muu,pooma,,1,,obl,
7306,läxima kellele/millele,all,mitte kunagi,mitte kunagi,muu,,läxima,1,,obl,
7307,pääsema peale kellele/millele,all,vahel,mitte kunagi,muu,pääsema,peale,1,,obl,
7308,suplema kellele/millele,all,mitte kunagi,mitte kunagi,muu,suplema,,1,,obl,
7309,läkitama tagasi kellele/millele,all,vahel,vahel,mitte kunagi,läkitama,tagasi,1,,obl,
7310,okkima kellele/millele,all,mitte kunagi,mitte kunagi,muu,,okkima,1,,obl,
7311,tõusma üles kellele/millele,all,mitte kunagi,vahel,muu,tõusma,üles,1,,obl,
7312,võltsima kellele/millele,all,vahel,vahel,muu,võltsima,,1,,obl,
7313,maksma võidu kellele/millele,all,alati,mitte kunagi,mitte kunagi,maksma,võidu,1,,obl,
7314,rullima lahti kellele/millele,all,mitte kunagi,alati,mitte kunagi,rullima,lahti,1,,obl,
7315,võrdsustama kellele/millele,all,mitte kunagi,mitte kunagi,muu,võrdsustama,,1,,obl,
7316,pikeerima kellele/millele,all,mitte kunagi,alati,mitte kunagi,pikeerima,,1,,obl,
7317,imama kellele/millele,all,mitte kunagi,mitte kunagi,muu,imama,,1,,obl,
7318,lugema kokku kellele/millele,all,mitte kunagi,mitte kunagi,muu,lugema,kokku,1,,obl,
7319,tegema üle kellele/millele,all,mitte kunagi,mitte kunagi,muu,tegema,üle,1,,obl,
7320,mängima ümber kellele/millele,all,vahel,mitte kunagi,pole kindel,mängima,ümber,1,,obl,
7321,itsitama kellele/millele,all,vahel,mitte kunagi,muu,itsitama,,1,,obl,
7322,sahisema kellele/millele,all,mitte kunagi,alati,muu,sahisema,,1,,obl,
7323,solvuma kellele/millele,all,mitte kunagi,mitte kunagi,muu,solvuma,,1,,obl,
7324,roostetama kellele/millele,all,mitte kunagi,mitte kunagi,muu,roostetama,,1,,obl,
7325,interpreteerima kellele/millele,all,mitte kunagi,mitte kunagi,muu,interpreteerima,,1,,obl,
7326,mõtlema ära kellele/millele,all,mitte kunagi,mitte kunagi,muu,mõtlema,ära,1,,obl,
7327,mahtuma peale kellele/millele,all,mitte kunagi,alati,mitte kunagi,mahtuma,peale,1,,obl,
7328,põgenema tagasi kellele/millele,all,mitte kunagi,alati,mitte kunagi,põgenema,tagasi,1,,obl,
7329,esilinastuma kellele/millele,all,mitte kunagi,mitte kunagi,muu,esilinastuma,,1,,obl,
7330,jutustama ära kellele/millele,all,alati,mitte kunagi,mitte kunagi,jutustama,ära,1,,obl,
7331,vedama tagasi kellele/millele,all,mitte kunagi,alati,mitte kunagi,vedama,tagasi,1,,obl,
7332,tahtma juurde kellele/millele,all,mitte kunagi,vahel,pole kindel,tahtma,juurde,1,,obl,
7333,panema üle kellele/millele,all,mitte kunagi,mitte kunagi,muu,panema,üle,1,,obl,
7334,poetuma kellele/millele,all,mitte kunagi,alati,muu,poetuma,,1,,obl,
7335,jagama kaasa kellele/millele,all,alati,mitte kunagi,muu,jagama,kaasa,1,,obl,
7336,lülitama sisse kellele/millele,all,mitte kunagi,mitte kunagi,muu,lülitama,sisse,1,,obl,
7337,maalima ette kellele/millele,all,alati,mitte kunagi,mitte kunagi,maalima,ette,1,,obl,
7338,emigreerima kellele/millele,all,mitte kunagi,alati,mitte kunagi,emigreerima,,1,,obl,
7339,kostma ära kellele/millele,all,mitte kunagi,alati,mitte kunagi,kostma,ära,1,,obl,
7340,eritama kellele/millele,all,mitte kunagi,mitte kunagi,muu,eritama,,1,,obl,
7341,põrkama kokku kellele/millele,all,mitte kunagi,mitte kunagi,muu,põrkama,kokku,1,,obl,
7342,saluteerima kellele/millele,all,alati,mitte kunagi,mitte kunagi,saluteerima,,1,,obl,
7343,ihalema kellele/millele,all,mitte kunagi,mitte kunagi,muu,ihalema,,1,,obl,
7344,tegema tuupi kellele/millele,all,alati,mitte kunagi,mitte kunagi,tegema,tuupi,1,,obl,
7345,tuupima kellele/millele,all,vahel,mitte kunagi,pole kindel,tuupima,,1,,obl,
7346,pehmendama kellele/millele,all,mitte kunagi,mitte kunagi,muu,pehmendama,,1,,obl,
7347,mõtlema valmis kellele/millele,all,vahel,mitte kunagi,muu,mõtlema,valmis,1,,obl,
7348,mühatama kellele/millele,all,alati,mitte kunagi,muu,mühatama,,1,,obl,
7349,lugema üles kellele/millele,all,alati,mitte kunagi,muu,lugema,üles,1,,obl,
7350,ajama alla kellele/millele,all,mitte kunagi,mitte kunagi,muu,ajama,alla,1,,obl,
7351,ehitama ette kellele/millele,all,mitte kunagi,alati,pole kindel,ehitama,ette,1,,obl,
7352,saatma peale kellele/millele,all,vahel,vahel,mitte kunagi,saatma,peale,1,,obl,
7353,lähenema tagant kellele/millele,all,vahel,mitte kunagi,muu,lähenema,tagant,1,,obl,
7354,otsima üles kellele/millele,all,vahel,mitte kunagi,muu,otsima,üles,1,,obl,
7355,meisterdama valmis kellele/millele,all,vahel,mitte kunagi,muu,meisterdama,valmis,1,,obl,
7356,kasvama üles kellele/millele,all,mitte kunagi,mitte kunagi,muu,kasvama,üles,1,,obl,
7357,pöörama ära kellele/millele,all,mitte kunagi,vahel,muu,pöörama,ära,1,,obl,
7358,bluffima kellele/millele,all,alati,mitte kunagi,mitte kunagi,bluffima,,1,,obl,
7359,tormama peale kellele/millele,all,alati,mitte kunagi,mitte kunagi,tormama,peale,1,,obl,
7360,sõeluma kellele/millele,all,mitte kunagi,vahel,muu,sõeluma,,1,,obl,
7361,jõudma lähedale kellele/millele,all,mitte kunagi,mitte kunagi,muu,jõudma,lähedale,1,,obl,
7362,söötma tagasi kellele/millele,all,alati,mitte kunagi,mitte kunagi,söötma,tagasi,1,,obl,
7363,hoovama kellele/millele,all,mitte kunagi,vahel,muu,hoovama,,1,,obl,
7364,jõudma jälile kellele/millele,all,vahel,mitte kunagi,muu,jõudma,jälile,1,,obl,
7365,rabelema välja kellele/millele,all,mitte kunagi,mitte kunagi,muu,rabelema,välja,1,,obl,
7366,kõndima järele kellele/millele,all,alati,mitte kunagi,mitte kunagi,kõndima,järele,1,,obl,
7367,urisema kellele/millele,all,vahel,mitte kunagi,muu,urisema,,1,,obl,
7368,tooma alles kellele/millele,all,mitte kunagi,mitte kunagi,muu,tooma,alles,1,,obl,
7369,liikuma üle kellele/millele,all,mitte kunagi,vahel,muu,liikuma,üle,1,,obl,
7370,armuma kellele/millele,all,mitte kunagi,mitte kunagi,muu,armuma,,1,,obl,
7371,tulema valmis kellele/millele,all,mitte kunagi,mitte kunagi,muu,tulema,valmis,1,,obl,
7372,viskama järele kellele/millele,all,alati,mitte kunagi,mitte kunagi,viskama,järele,1,,obl,
7373,paistma läbi kellele/millele,all,vahel,mitte kunagi,muu,paistma,läbi,1,,obl,
7374,valama juurde kellele/millele,all,vahel,vahel,mitte kunagi,valama,juurde,1,,obl,
7375,liikuma välja kellele/millele,all,mitte kunagi,vahel,muu,liikuma,välja,1,,obl,
7376,kakama kellele/millele,all,mitte kunagi,alati,muu,kakama,,1,,obl,
7377,joonistama ümber kellele/millele,all,mitte kunagi,alati,muu,joonistama,ümber,1,,obl,
7378,rääkima ette kellele/millele,all,alati,mitte kunagi,mitte kunagi,rääkima,ette,1,,obl,
7379,kogunema ette kellele/millele,all,mitte kunagi,mitte kunagi,muu,kogunema,ette,1,,obl,
7380,püsima koos kellele/millele,all,mitte kunagi,mitte kunagi,muu,püsima,koos,1,,obl,
7381,mailima kellele/millele,all,alati,mitte kunagi,mitte kunagi,,mailima,1,,obl,
7382,tõusetuma kellele/millele,all,mitte kunagi,vahel,muu,tõusetuma,,1,,obl,
7383,müksama külge kellele/millele,all,alati,mitte kunagi,mitte kunagi,müksama,külge,1,,obl,
7384,veerema tagasi kellele/millele,all,mitte kunagi,alati,mitte kunagi,veerema,tagasi,1,,obl,
7385,saalima kellele/millele,all,mitte kunagi,mitte kunagi,muu,saalima,,1,,obl,
7386,tagandama kellele/millele,all,mitte kunagi,mitte kunagi,muu,tagandama,,1,,obl,
7387,kulutama ära kellele/millele,all,mitte kunagi,mitte kunagi,muu,kulutama,ära,1,,obl,
7388,vermima kellele/millele,all,vahel,vahel,muu,vermima,,1,,obl,
7389,tallama kellele/millele,all,mitte kunagi,vahel,muu,tallama,,1,,obl,
7390,saagima kellele/millele,all,vahel,vahel,muu,saagima,,1,,obl,
7391,nõustama kellele/millele,all,mitte kunagi,mitte kunagi,muu,nõustama,,1,,obl,
7392,innustuma kellele/millele,all,mitte kunagi,mitte kunagi,muu,innustuma,,1,,obl,
7393,juhtuma vastu kellele/millele,all,alati,mitte kunagi,mitte kunagi,juhtuma,vastu,1,,obl,
7394,elama välja kellele/millele,all,mitte kunagi,mitte kunagi,muu,elama,välja,1,,obl,
7395,vääratama kellele/millele,all,mitte kunagi,mitte kunagi,muu,vääratama,,1,,obl,
7396,pääsema alla kellele/millele,all,mitte kunagi,mitte kunagi,muu,pääsema,alla,1,,obl,
7397,põhjustama kokku kellele/millele,all,vahel,mitte kunagi,muu,põhjustama,kokku,1,,obl,
7398,tõlkima ära kellele/millele,all,alati,mitte kunagi,mitte kunagi,tõlkima,ära,1,,obl,
7399,juhtima ette kellele/millele,all,mitte kunagi,mitte kunagi,muu,juhtima,ette,1,,obl,
7400,sositama kellele/millele,all,mitte kunagi,mitte kunagi,muu,sositama,,1,,obl,
7401,johtuma kellele/millele,all,mitte kunagi,mitte kunagi,muu,johtuma,,1,,obl,
7402,maksustama kellele/millele,all,mitte kunagi,mitte kunagi,muu,maksustama,,1,,obl,
7403,üllitama kellele/millele,all,vahel,vahel,mitte kunagi,üllitama,,1,,obl,
7404,kristalliseeruma kellele/millele,all,mitte kunagi,alati,mitte kunagi,kristalliseeruma,,1,,obl,
7405,tähendama edasi kellele/millele,all,mitte kunagi,mitte kunagi,muu,tähendama,edasi,1,,obl,
7406,klõpsima kellele/millele,all,mitte kunagi,vahel,muu,klõpsima,,1,,obl,
7407,soleerima kellele/millele,all,vahel,mitte kunagi,muu,soleerima,,1,,obl,
7408,pääsema alles kellele/millele,all,mitte kunagi,alati,pole kindel,pääsema,alles,1,,obl,
7409,juubeldama kellele/millele,all,mitte kunagi,mitte kunagi,muu,juubeldama,,1,,obl,
7410,kasvatama ette kellele/millele,all,vahel,vahel,mitte kunagi,kasvatama,ette,1,,obl,
7411,jääma eemale kellele/millele,all,mitte kunagi,mitte kunagi,muu,jääma,eemale,1,,obl,
7412,unustama maha kellele/millele,all,mitte kunagi,alati,muu,unustama,maha,1,,obl,
7413,etenduma kellele/millele,all,alati,mitte kunagi,muu,etenduma,,1,,obl,
7414,seadma tagasi kellele/millele,all,mitte kunagi,alati,muu,seadma,tagasi,1,,obl,
7415,möllima kellele/millele,all,mitte kunagi,vahel,muu,möllima,,1,,obl,
7416,hälbima kellele/millele,all,mitte kunagi,vahel,muu,hälbima,,1,,obl,
7417,kolksatama kellele/millele,all,mitte kunagi,vahel,muu,kolksatama,,1,,obl,
7418,vudima kellele/millele,all,mitte kunagi,vahel,muu,vudima,,1,,obl,
7419,viitama tagasi kellele/millele,all,mitte kunagi,vahel,pole kindel,viitama,tagasi,1,,obl,
7420,jooksma juurde kellele/millele,all,alati,mitte kunagi,mitte kunagi,jooksma,juurde,1,,obl,
7421,esitama peale kellele/millele,all,mitte kunagi,mitte kunagi,muu,esitama,peale,1,,obl,
7422,kaapima kellele/millele,all,vahel,vahel,muu,kaapima,,1,,obl,
7423,jamama kellele/millele,all,mitte kunagi,mitte kunagi,muu,jamama,,1,,obl,
7424,hiilima järele kellele/millele,all,alati,mitte kunagi,mitte kunagi,hiilima,järele,1,,obl,
7425,kasvatama juurde kellele/millele,all,mitte kunagi,mitte kunagi,muu,kasvatama,juurde,1,,obl,
7426,vihisema kellele/millele,all,mitte kunagi,alati,mitte kunagi,vihisema,,1,,obl,
7427,hüüdma vahele kellele/millele,all,alati,mitte kunagi,mitte kunagi,hüüdma,vahele,1,,obl,
7428,sattuma kokku kellele/millele,all,mitte kunagi,alati,mitte kunagi,sattuma,kokku,1,,obl,
7429,kinkima kaasa kellele/millele,all,alati,mitte kunagi,mitte kunagi,kinkima,kaasa,1,,obl,
7430,nõrguma kellele/millele,all,mitte kunagi,alati,mitte kunagi,nõrguma,,1,,obl,
7431,inkrimineerima kellele/millele,all,alati,mitte kunagi,mitte kunagi,inkrimineerima,,1,,obl,
7432,nakatama kellele/millele,all,mitte kunagi,mitte kunagi,muu,nakatama,,1,,obl,
7433,nõudma juurde kellele/millele,all,vahel,mitte kunagi,muu,nõudma,juurde,1,,obl,
7434,"põrutama tagant, sisse kellele/millele",all,alati,mitte kunagi,vaieldav märgendus,põrutama,tagant,1,,obl,
7435,"põrutama tagant, sisse kellele/millele",all,alati,mitte kunagi,vaieldav märgendus,põrutama,sisse,1,,obl,
7436,kirgastuma kellele/millele,all,alati,mitte kunagi,muu,kirgastuma,,1,,obl,
7437,jätma ilma kellele/millele,all,mitte kunagi,mitte kunagi,muu,jätma,ilma,1,,obl,
7438,järgnema välja kellele/millele,all,mitte kunagi,mitte kunagi,muu,järgnema,välja,1,,obl,
7439,väisama kellele/millele,all,mitte kunagi,mitte kunagi,muu,väisama,,1,,obl,
7440,ratsutama vastu kellele/millele,all,alati,mitte kunagi,mitte kunagi,ratsutama,vastu,1,,obl,
7441,ostma valmis kellele/millele,all,alati,mitte kunagi,muu,ostma,valmis,1,,obl,
7442,nõiduma kellele/millele,all,alati,mitte kunagi,muu,nõiduma,,1,,obl,
7443,ronima alla kellele/millele,all,mitte kunagi,alati,mitte kunagi,ronima,alla,1,,obl,
7444,kiinduma kellele/millele,all,mitte kunagi,mitte kunagi,muu,kiinduma,,1,,obl,
7445,vältama kellele/millele,all,mitte kunagi,mitte kunagi,muu,vältama,,1,,obl,
7446,vassima kellele/millele,all,alati,mitte kunagi,mitte kunagi,vassima,,1,,obl,
7447,ootama ära kellele/millele,all,mitte kunagi,mitte kunagi,muu,ootama,ära,1,,obl,
7448,jooksma üle kellele/millele,all,mitte kunagi,alati,muu,jooksma,üle,1,,obl,
7449,kasvatama üles kellele/millele,all,mitte kunagi,mitte kunagi,muu,kasvatama,üles,1,,obl,
7450,jooma peale kellele/millele,all,mitte kunagi,mitte kunagi,muu,jooma,peale,1,,obl,
7451,nimetama ära kellele/millele,all,vahel,mitte kunagi,muu,nimetama,ära,1,,obl,
7452,viitama välja kellele/millele,all,mitte kunagi,mitte kunagi,muu,viitama,välja,1,,obl,
7453,väärama kellele/millele,all,mitte kunagi,mitte kunagi,muu,,väärama,1,,obl,
7454,keerama edasi kellele/millele,all,mitte kunagi,alati,muu,keerama,edasi,1,,obl,
7455,jooksma üles kellele/millele,all,mitte kunagi,alati,mitte kunagi,jooksma,üles,1,,obl,
7456,vaatama ette kellele/millele,all,mitte kunagi,vahel,muu,vaatama,ette,1,,obl,
7457,töötama üles kellele/millele,all,mitte kunagi,mitte kunagi,muu,töötama,üles,1,,obl,
7458,vaatama järgi kellele/millele,all,alati,mitte kunagi,mitte kunagi,vaatama,järgi,1,,obl,
7459,"keerama ette, tagant kellele/millele",all,mitte kunagi,mitte kunagi,muu,keerama,ette,1,,obl,
7460,"keerama ette, tagant kellele/millele",all,mitte kunagi,mitte kunagi,muu,keerama,tagant,1,,obl,
7461,hääletama sisse kellele/millele,all,mitte kunagi,mitte kunagi,muu,hääletama,sisse,1,,obl,
7462,viskama juurde kellele/millele,all,mitte kunagi,alati,muu,viskama,juurde,1,,obl,
7463,filmima kellele/millele,all,mitte kunagi,vahel,muu,filmima,,1,,obl,
7464,teravdama kellele/millele,all,mitte kunagi,mitte kunagi,muu,teravdama,,1,,obl,
7465,tulema vaja kellele/millele,all,mitte kunagi,mitte kunagi,muu,tulema,vaja,1,,obl,
7466,ümardama kellele/millele,all,mitte kunagi,mitte kunagi,muu,ümardama,,1,,obl,
7467,kirendama kellele/millele,all,mitte kunagi,mitte kunagi,muu,kirendama,,1,,obl,
7468,vaatama kõrvalt kellele/millele,all,mitte kunagi,alati,vaieldav märgendus,vaatama,kõrvalt,1,,obl,
7469,jöudima kellele/millele,all,mitte kunagi,alati,mitte kunagi,,jöudima,1,,obl,
7470,sähvama kellele/millele,all,alati,mitte kunagi,mitte kunagi,sähvama,,1,,obl,
7471,finišeerima kellele/millele,all,mitte kunagi,mitte kunagi,muu,finišeerima,,1,,obl,
7472,esitama ära kellele/millele,all,alati,mitte kunagi,muu,esitama,ära,1,,obl,
7473,nähvama vastu kellele/millele,all,alati,mitte kunagi,mitte kunagi,nähvama,vastu,1,,obl,
7474,jõllitama kellele/millele,all,mitte kunagi,mitte kunagi,muu,jõllitama,,1,,obl,
7475,joonistama juurde kellele/millele,all,alati,mitte kunagi,muu,joonistama,juurde,1,,obl,
7476,fokusseeruma kellele/millele,all,mitte kunagi,vahel,muu,fokusseeruma,,1,,obl,
7477,fokusseerima kellele/millele,all,mitte kunagi,alati,mitte kunagi,fokusseerima,,1,,obl,
7478,tagama kokku kellele/millele,all,alati,mitte kunagi,pole kindel,tagama,kokku,1,,obl,
7479,heidutama kellele/millele,all,mitte kunagi,mitte kunagi,muu,heidutama,,1,,obl,
7480,restaureerima kellele/millele,all,mitte kunagi,mitte kunagi,muu,restaureerima,,1,,obl,
7481,heietama kellele/millele,all,vahel,mitte kunagi,muu,heietama,,1,,obl,
7482,heiastuma kellele/millele,all,alati,mitte kunagi,muu,heiastuma,,1,,obl,
7483,kohmama kellele/millele,all,vahel,mitte kunagi,muu,kohmama,,1,,obl,
7484,tükeldama kellele/millele,all,mitte kunagi,vahel,muu,tükeldama,,1,,obl,
7485,rammima kellele/millele,all,vahel,vahel,mitte kunagi,rammima,,1,,obl,
7486,müüma alla kellele/millele,all,mitte kunagi,mitte kunagi,muu,müüma,alla,1,,obl,
7487,joonistuma välja kellele/millele,all,vahel,mitte kunagi,muu,joonistuma,välja,1,,obl,
7488,"põrutama tagant, otsa kellele/millele",all,alati,mitte kunagi,vaieldav märgendus,põrutama,tagant,1,,obl,
7489,"põrutama tagant, otsa kellele/millele",all,alati,mitte kunagi,vaieldav märgendus,põrutama,otsa,1,,obl,
7490,hoogustama kellele/millele,all,mitte kunagi,mitte kunagi,muu,hoogustama,,1,,obl,
7491,järjestama kellele/millele,all,mitte kunagi,mitte kunagi,muu,järjestama,,1,,obl,
7492,kippuma kaasa kellele/millele,all,mitte kunagi,alati,muu,kippuma,kaasa,1,,obl,
7493,erituma kellele/millele,all,mitte kunagi,vahel,muu,erituma,,1,,obl,
7494,istuma kõrvale kellele/millele,all,mitte kunagi,alati,pole kindel,istuma,kõrvale,1,,obl,
7495,integreeruma kellele/millele,all,mitte kunagi,vahel,muu,integreeruma,,1,,obl,
7496,mõõtma välja kellele/millele,all,alati,mitte kunagi,muu,mõõtma,välja,1,,obl,
7497,jahtuma kellele/millele,all,mitte kunagi,mitte kunagi,muu,jahtuma,,1,,obl,
7498,peegelduma tagasi kellele/millele,all,alati,mitte kunagi,mitte kunagi,peegelduma,tagasi,1,,obl,
7499,jahmatama kellele/millele,all,mitte kunagi,mitte kunagi,muu,jahmatama,,1,,obl,
7500,kalpsama kellele/millele,all,mitte kunagi,alati,muu,kalpsama,,1,,obl,
7501,kargama kinni kellele/millele,all,alati,mitte kunagi,muu,kargama,kinni,1,,obl,
7502,kasima kellele/millele,all,mitte kunagi,alati,muu,kasima,,1,,obl,
7503,kooruma välja kellele/millele,all,mitte kunagi,mitte kunagi,muu,kooruma,välja,1,,obl,
7504,mõõtma tagasi kellele/millele,all,alati,mitte kunagi,mitte kunagi,mõõtma,tagasi,1,,obl,
7505,reisima edasi kellele/millele,all,mitte kunagi,alati,mitte kunagi,reisima,edasi,1,,obl,
7506,peeretama kellele/millele,all,mitte kunagi,mitte kunagi,muu,peeretama,,1,,obl,
7507,"olema kõrvale, vaja kellele/millele",all,alati,mitte kunagi,mitte kunagi,olema,kõrvale,1,,obl,
7508,"olema kõrvale, vaja kellele/millele",all,alati,mitte kunagi,mitte kunagi,olema,vaja,1,,obl,
7509,paugutama kellele/millele,all,mitte kunagi,mitte kunagi,muu,paugutama,,1,,obl,
7510,voolama tagasi kellele/millele,all,mitte kunagi,alati,mitte kunagi,voolama,tagasi,1,,obl,
7511,lõikama vahele kellele/millele,all,mitte kunagi,alati,vaieldav märgendus,lõikama,vahele,1,,obl,
7512,koogutama kellele/millele,all,vahel,mitte kunagi,muu,koogutama,,1,,obl,
7513,istuma lähedal kellele/millele,all,vahel,vahel,mitte kunagi,istuma,lähedal,1,,obl,
7514,söövitama kellele/millele,all,vahel,vahel,mitte kunagi,söövitama,,1,,obl,
7515,karjuma järele kellele/millele,all,alati,mitte kunagi,mitte kunagi,karjuma,järele,1,,obl,
7516,olema koht kellele/millele,all,mitte kunagi,mitte kunagi,muu,olema,koht,1,,obl,
7517,kasvama ette kellele/millele,all,alati,mitte kunagi,mitte kunagi,kasvama,ette,1,,obl,
7518,hurjutama kellele/millele,all,mitte kunagi,mitte kunagi,muu,hurjutama,,1,,obl,
7519,tõttama tagasi kellele/millele,all,mitte kunagi,alati,mitte kunagi,tõttama,tagasi,1,,obl,
7520,mõtlema lahti kellele/millele,all,mitte kunagi,mitte kunagi,muu,mõtlema,lahti,1,,obl,
7521,vahetama ümber kellele/millele,all,mitte kunagi,vahel,muu,vahetama,ümber,1,,obl,
7522,statuma kellele/millele,all,mitte kunagi,mitte kunagi,muu,statuma,,1,,obl,
7523,ootama kokku kellele/millele,all,mitte kunagi,alati,pole kindel,ootama,kokku,1,,obl,
7524,kahenema kellele/millele,all,vahel,vahel,pole kindel,kahenema,,1,,obl,
7525,saatma läbi kellele/millele,all,mitte kunagi,mitte kunagi,muu,saatma,läbi,1,,obl,
7526,sammuma järele kellele/millele,all,alati,mitte kunagi,mitte kunagi,sammuma,järele,1,,obl,
7527,istutama tagasi kellele/millele,all,alati,mitte kunagi,muu,istutama,tagasi,1,,obl,
7528,istuma peale kellele/millele,all,vahel,vahel,mitte kunagi,istuma,peale,1,,obl,
7529,viima alla kellele/millele,all,mitte kunagi,alati,mitte kunagi,viima,alla,1,,obl,
7530,kargama ligi kellele/millele,all,alati,mitte kunagi,mitte kunagi,kargama,ligi,1,,obl,
7531,konverteerima kellele/millele,all,mitte kunagi,mitte kunagi,muu,konverteerima,,1,,obl,
7532,nägema ära kellele/millele,all,mitte kunagi,mitte kunagi,muu,nägema,ära,1,,obl,
7533,rabisema kellele/millele,all,mitte kunagi,alati,mitte kunagi,rabisema,,1,,obl,
7534,vinguma kellele/millele,all,mitte kunagi,mitte kunagi,muu,vinguma,,1,,obl,
7535,ronima peale kellele/millele,all,alati,mitte kunagi,mitte kunagi,ronima,peale,1,,obl,
7536,vägistama kellele/millele,all,mitte kunagi,mitte kunagi,muu,vägistama,,1,,obl,
7537,olema välja kellele/millele,all,mitte kunagi,mitte kunagi,muu,olema,välja,1,,obl,
7538,kerkima tagasi kellele/millele,all,mitte kunagi,alati,mitte kunagi,kerkima,tagasi,1,,obl,
7539,vedama alla kellele/millele,all,mitte kunagi,alati,vaieldav märgendus,vedama,alla,1,,obl,
7540,jätma peale kellele/millele,all,mitte kunagi,alati,pole kindel,jätma,peale,1,,obl,
7541,sõitma kõrvale kellele/millele,all,alati,mitte kunagi,mitte kunagi,sõitma,kõrvale,1,,obl,
7542,nõudma sisse kellele/millele,all,mitte kunagi,mitte kunagi,muu,nõudma,sisse,1,,obl,
7543,seadistama kellele/millele,all,mitte kunagi,mitte kunagi,muu,seadistama,,1,,obl,
7544,kirjutama otsa kellele/millele,all,mitte kunagi,alati,mitte kunagi,kirjutama,otsa,1,,obl,
7545,kirjutama edasi kellele/millele,all,vahel,vahel,muu,kirjutama,edasi,1,,obl,
7546,hüüdma vastu kellele/millele,all,alati,mitte kunagi,mitte kunagi,hüüdma,vastu,1,,obl,
7547,nõristama kellele/millele,all,mitte kunagi,alati,mitte kunagi,nõristama,,1,,obl,
7548,põrutama järele kellele/millele,all,alati,mitte kunagi,mitte kunagi,põrutama,järele,1,,obl,
7549,pendeldama kellele/millele,all,mitte kunagi,mitte kunagi,muu,pendeldama,,1,,obl,
7550,vedama laiali kellele/millele,all,vahel,vahel,mitte kunagi,vedama,laiali,1,,obl,
7551,vurisema kellele/millele,all,mitte kunagi,alati,muu,vurisema,,1,,obl,
7552,kerjama kellele/millele,all,vahel,mitte kunagi,muu,kerjama,,1,,obl,
7553,segama kokku kellele/millele,all,alati,mitte kunagi,muu,segama,kokku,1,,obl,
7554,nördima kellele/millele,all,mitte kunagi,mitte kunagi,muu,nördima,,1,,obl,
7555,mõtlema ette kellele/millele,all,mitte kunagi,vahel,muu,mõtlema,ette,1,,obl,
7556,riivama kellele/millele,all,mitte kunagi,mitte kunagi,muu,riivama,,1,,obl,
7557,jahuma kellele/millele,all,alati,mitte kunagi,mitte kunagi,jahuma,,1,,obl,
7558,kaotama lahti kellele/millele,all,mitte kunagi,mitte kunagi,muu,kaotama,lahti,1,,obl,
7559,kandideerima kohale kellele/millele,all,mitte kunagi,mitte kunagi,muu,kandideerima,kohale,1,,obl,
7560,segama sisse kellele/millele,all,alati,mitte kunagi,muu,segama,sisse,1,,obl,
7561,onama kellele/millele,all,mitte kunagi,mitte kunagi,muu,onama,,1,,obl,
7562,sattuma edasi kellele/millele,all,mitte kunagi,alati,mitte kunagi,sattuma,edasi,1,,obl,
7563,kerima tagasi kellele/millele,all,mitte kunagi,vahel,muu,kerima,tagasi,1,,obl,
7564,kleepima peale kellele/millele,all,mitte kunagi,alati,mitte kunagi,kleepima,peale,1,,obl,
7565,pöörama vastu kellele/millele,all,alati,mitte kunagi,mitte kunagi,pöörama,vastu,1,,obl,
7566,harima kellele/millele,all,mitte kunagi,mitte kunagi,muu,harima,,1,,obl,
7567,kivistuma kellele/millele,all,mitte kunagi,vahel,muu,kivistuma,,1,,obl,
7568,reageerima üle kellele/millele,all,mitte kunagi,mitte kunagi,muu,reageerima,üle,1,,obl,
7569,kihutama külge kellele/millele,all,alati,mitte kunagi,vaieldav märgendus,kihutama,külge,1,,obl,
7570,kobima tagasi kellele/millele,all,mitte kunagi,alati,mitte kunagi,kobima,tagasi,1,,obl,
7571,lõikama välja kellele/millele,all,vahel,mitte kunagi,muu,lõikama,välja,1,,obl,
7572,kysima kellele/millele,all,mitte kunagi,mitte kunagi,muu,,kysima,1,,obl,
7573,andma säru kellele/millele,all,alati,mitte kunagi,muu,andma,säru,1,,obl,
7574,andma tarvis kellele/millele,all,mitte kunagi,mitte kunagi,muu,andma,tarvis,1,,obl,
7575,sumpama kellele/millele,all,mitte kunagi,alati,mitte kunagi,sumpama,,1,,obl,
7576,ütlema läbi kellele/millele,all,mitte kunagi,mitte kunagi,muu,ütlema,läbi,1,,obl,
7577,tatistama kellele/millele,all,mitte kunagi,alati,muu,tatistama,,1,,obl,
7578,elatuma kaasa kellele/millele,all,vahel,mitte kunagi,muu,elatuma,kaasa,1,,obl,
7579,laotama peale kellele/millele,all,vahel,vahel,pole kindel,laotama,peale,1,,obl,
7580,tuigerdama kellele/millele,all,mitte kunagi,alati,mitte kunagi,tuigerdama,,1,,obl,
7581,maalima peale kellele/millele,all,mitte kunagi,alati,mitte kunagi,maalima,peale,1,,obl,
7582,kruvima külge kellele/millele,all,mitte kunagi,alati,mitte kunagi,kruvima,külge,1,,obl,
7583,laulma peale kellele/millele,all,mitte kunagi,alati,vaieldav märgendus,laulma,peale,1,,obl,
7584,lapsendama kellele/millele,all,mitte kunagi,mitte kunagi,muu,lapsendama,,1,,obl,
7585,tormama ette kellele/millele,all,vahel,vahel,muu,tormama,ette,1,,obl,
7586,lahustuma kellele/millele,all,mitte kunagi,mitte kunagi,muu,lahustuma,,1,,obl,
7587,rõkkama kellele/millele,all,vahel,mitte kunagi,muu,rõkkama,,1,,obl,
7588,lartsatama kellele/millele,all,mitte kunagi,vahel,muu,lartsatama,,1,,obl,
7589,puksima kellele/millele,all,mitte kunagi,vahel,muu,puksima,,1,,obl,
7590,pistma alla kellele/millele,all,mitte kunagi,mitte kunagi,muu,pistma,alla,1,,obl,
7591,soovima kokku kellele/millele,all,mitte kunagi,mitte kunagi,muu,soovima,kokku,1,,obl,
7592,kroolima kellele/millele,all,mitte kunagi,alati,mitte kunagi,kroolima,,1,,obl,
7593,saama püsti kellele/millele,all,mitte kunagi,mitte kunagi,muu,saama,püsti,1,,obl,
7594,trükkima peale kellele/millele,all,mitte kunagi,alati,muu,trükkima,peale,1,,obl,
7595,toimetama kohale kellele/millele,all,vahel,mitte kunagi,muu,toimetama,kohale,1,,obl,
7596,amortiseeruma kellele/millele,all,mitte kunagi,mitte kunagi,muu,amortiseeruma,,1,,obl,
7597,meelitama välja kellele/millele,all,mitte kunagi,mitte kunagi,muu,meelitama,välja,1,,obl,
7598,toituma kellele/millele,all,mitte kunagi,mitte kunagi,muu,toituma,,1,,obl,
7599,piketeerima kellele/millele,all,mitte kunagi,mitte kunagi,muu,piketeerima,,1,,obl,
7600,käima ümber kellele/millele,all,mitte kunagi,mitte kunagi,muu,käima,ümber,1,,obl,
7601,käima ringi kellele/millele,all,mitte kunagi,mitte kunagi,muu,käima,ringi,1,,obl,
7602,tikkuma peale kellele/millele,all,alati,mitte kunagi,pole kindel,tikkuma,peale,1,,obl,
7603,kurjustama kellele/millele,all,vahel,mitte kunagi,muu,kurjustama,,1,,obl,
7604,tuikuma kellele/millele,all,mitte kunagi,alati,muu,tuikuma,,1,,obl,
7605,meeldima üle kellele/millele,all,mitte kunagi,mitte kunagi,muu,meeldima,üle,1,,obl,
7606,saama kellest/millest,el,vahel,mitte kunagi,muu,saama,,1,,obl,
7607,rääkima kellest/millest,el,vahel,mitte kunagi,muu,rääkima,,1,,obl,
7608,tulema kellest/millest,el,vahel,vahel,muu,tulema,,1,,obl,
7609,jääma kellest/millest,el,mitte kunagi,mitte kunagi,muu,jääma,,1,,obl,
7610,tegema kellest/millest,el,mitte kunagi,mitte kunagi,muu,tegema,,1,,obl,
7611,sõltuma kellest/millest,el,mitte kunagi,mitte kunagi,muu,sõltuma,,1,,obl,
7612,koosnema kellest/millest,el,vahel,mitte kunagi,muu,koosnema,,1,,obl,
7613,piisama kellest/millest,el,mitte kunagi,mitte kunagi,muu,piisama,,1,,obl,
7614,teadma kellest/millest,el,vahel,mitte kunagi,muu,teadma,,1,,obl,
7615,leidma kellest/millest,el,vahel,vahel,muu,leidma,,1,,obl,
7616,loobuma kellest/millest,el,mitte kunagi,mitte kunagi,muu,loobuma,,1,,obl,
7617,võtma kellest/millest,el,vahel,mitte kunagi,muu,võtma,,1,,obl,
7618,andma kellest/millest,el,vahel,mitte kunagi,muu,andma,,1,,obl,
7619,minema kellest/millest,el,vahel,vahel,ebakorrektne märgendus,minema,,1,,obl,
7620,olema kellest/millest,el,vahel,vahel,muu,olema,,1,,obl,
7621,kirjutama kellest/millest,el,vahel,mitte kunagi,muu,kirjutama,,1,,obl,
7622,erinema kellest/millest,el,vahel,mitte kunagi,muu,erinema,,1,,obl,
7623,kuulma kellest/millest,el,vahel,vahel,muu,kuulma,,1,,obl,
7624,tulenema kellest/millest,el,mitte kunagi,mitte kunagi,muu,tulenema,,1,,obl,
7625,käima kellest/millest,el,mitte kunagi,mitte kunagi,muu,käima,,1,,obl,
7626,pääsema kellest/millest,el,mitte kunagi,vahel,muu,pääsema,,1,,obl,
7627,teatama kellest/millest,el,vahel,mitte kunagi,muu,teatama,,1,,obl,
7628,pidama kellest/millest,el,vahel,mitte kunagi,muu,pidama,,1,,obl,
7629,algama kellest/millest,el,mitte kunagi,vahel,muu,algama,,1,,obl,
7630,jõudma kellest/millest,el,vahel,vahel,muu,jõudma,,1,,obl,
7631,hakkama kellest/millest,el,vahel,mitte kunagi,muu,hakkama,,1,,obl,
7632,pärinema kellest/millest,el,mitte kunagi,vahel,muu,pärinema,,1,,obl,
7633,tekkima kellest/millest,el,mitte kunagi,mitte kunagi,muu,tekkima,,1,,obl,
7634,moodustama kellest/millest,el,vahel,mitte kunagi,muu,moodustama,,1,,obl,
7635,lähtuma kellest/millest,el,mitte kunagi,mitte kunagi,muu,lähtuma,,1,,obl,
7636,lahkuma kellest/millest,el,vahel,vahel,mitte kunagi,lahkuma,,1,,obl,
7637,arvama kellest/millest,el,vahel,vahel,muu,arvama,,1,,obl,
7638,alustama kellest/millest,el,mitte kunagi,vahel,muu,alustama,,1,,obl,
7639,tooma kellest/millest,el,vahel,vahel,muu,tooma,,1,,obl,
7640,olenema kellest/millest,el,vahel,mitte kunagi,muu,olenema,,1,,obl,
7641,tundma kellest/millest,el,vahel,mitte kunagi,muu,tundma,,1,,obl,
7642,asuma kellest/millest,el,vahel,vahel,muu,asuma,,1,,obl,
7643,kõnelema kellest/millest,el,vahel,mitte kunagi,muu,kõnelema,,1,,obl,
7644,ütlema kellest/millest,el,vahel,vahel,muu,ütlema,,1,,obl,
7645,lugema kellest/millest,el,vahel,vahel,muu,lugema,,1,,obl,
7646,tahtma kellest/millest,el,vahel,vahel,muu,tahtma,,1,,obl,
7647,nägema kellest/millest,el,vahel,vahel,muu,nägema,,1,,obl,
7648,jääma ilma kellest/millest,el,mitte kunagi,mitte kunagi,muu,jääma,ilma,1,,obl,
7649,tulema välja kellest/millest,el,mitte kunagi,vahel,muu,tulema,välja,1,,obl,
7650,mööduma kellest/millest,el,vahel,mitte kunagi,muu,mööduma,,1,,obl,
7651,kuuluma kellest/millest,el,vahel,vahel,muu,kuuluma,,1,,obl,
7652,tõusma kellest/millest,el,vahel,vahel,muu,tõusma,,1,,obl,
7653,kujunema kellest/millest,el,vahel,mitte kunagi,muu,kujunema,,1,,obl,
7654,kaduma kellest/millest,el,mitte kunagi,vahel,ebakorrektne märgendus,kaduma,,1,,obl,
7655,otsima kellest/millest,el,vahel,alati,muu,otsima,,1,,obl,
7656,unistama kellest/millest,el,vahel,mitte kunagi,muu,unistama,,1,,obl,
7657,ostma kellest/millest,el,mitte kunagi,vahel,muu,ostma,,1,,obl,
7658,aitama kellest/millest,el,mitte kunagi,mitte kunagi,muu,aitama,,1,,obl,
7659,võitma kellest/millest,el,vahel,vahel,muu,võitma,,1,,obl,
7660,elama kellest/millest,el,vahel,mitte kunagi,ebakorrektne märgendus,elama,,1,,obl,
7661,sündima kellest/millest,el,vahel,vahel,muu,sündima,,1,,obl,
7662,sõitma kellest/millest,el,vahel,vahel,muu,sõitma,,1,,obl,
7663,muutuma kellest/millest,el,vahel,vahel,muu,muutuma,,1,,obl,
7664,viima kellest/millest,el,vahel,vahel,muu,viima,,1,,obl,
7665,saabuma kellest/millest,el,mitte kunagi,vahel,muu,saabuma,,1,,obl,
7666,selguma kellest/millest,el,mitte kunagi,vahel,muu,selguma,,1,,obl,
7667,hoolima kellest/millest,el,mitte kunagi,mitte kunagi,muu,hoolima,,1,,obl,
7668,puuduma kellest/millest,el,vahel,vahel,muu,puuduma,,1,,obl,
7669,väljuma kellest/millest,el,mitte kunagi,vahel,muu,väljuma,,1,,obl,
7670,pakkuma kellest/millest,el,vahel,vahel,muu,pakkuma,,1,,obl,
7671,suutma kellest/millest,el,vahel,mitte kunagi,muu,suutma,,1,,obl,
7672,esitama kellest/millest,el,vahel,mitte kunagi,muu,esitama,,1,,obl,
7673,maksma kellest/millest,el,mitte kunagi,vahel,muu,maksma,,1,,obl,
7674,jääma maha kellest/millest,el,vahel,mitte kunagi,muu,jääma,maha,1,,obl,
7675,jätma kellest/millest,el,vahel,mitte kunagi,muu,jätma,,1,,obl,
7676,keelduma kellest/millest,el,mitte kunagi,vahel,muu,keelduma,,1,,obl,
7677,panema kellest/millest,el,vahel,vahel,muu,panema,,1,,obl,
7678,jääma puudu kellest/millest,el,mitte kunagi,mitte kunagi,muu,jääma,puudu,1,,obl,
7679,saama lahti kellest/millest,el,vahel,mitte kunagi,muu,saama,lahti,1,,obl,
7680,toimuma kellest/millest,el,mitte kunagi,vahel,muu,toimuma,,1,,obl,
7681,saatma kellest/millest,el,mitte kunagi,vahel,muu,saatma,,1,,obl,
7682,mõtlema kellest/millest,el,vahel,vahel,ebakorrektne märgendus,mõtlema,,1,,obl,
7683,vaatama kellest/millest,el,vahel,vahel,muu,vaatama,,1,,obl,
7684,jutustama kellest/millest,el,vahel,mitte kunagi,muu,jutustama,,1,,obl,
7685,kasvama kellest/millest,el,mitte kunagi,vahel,muu,kasvama,,1,,obl,
7686,kasvama välja kellest/millest,el,mitte kunagi,mitte kunagi,muu,kasvama,välja,1,,obl,
7687,sattuma kellest/millest,el,vahel,vahel,muu,sattuma,,1,,obl,
7688,näitama kellest/millest,el,vahel,vahel,muu,näitama,,1,,obl,
7689,huvituma kellest/millest,el,vahel,mitte kunagi,muu,huvituma,,1,,obl,
7690,kasutama kellest/millest,el,vahel,vahel,muu,kasutama,,1,,obl,
7691,kaotama kellest/millest,el,vahel,mitte kunagi,muu,kaotama,,1,,obl,
7692,ulatuma kellest/millest,el,vahel,vahel,muu,ulatuma,,1,,obl,
7693,ootama kellest/millest,el,vahel,vahel,muu,ootama,,1,,obl,
7694,vabanema kellest/millest,el,vahel,mitte kunagi,muu,vabanema,,1,,obl,
7695,liikuma kellest/millest,el,vahel,vahel,muu,liikuma,,1,,obl,
7696,päästma kellest/millest,el,mitte kunagi,vahel,muu,päästma,,1,,obl,
7697,vabastama kellest/millest,el,mitte kunagi,vahel,muu,vabastama,,1,,obl,
7698,paistma kellest/millest,el,mitte kunagi,vahel,muu,paistma,,1,,obl,
7699,ilmuma kellest/millest,el,vahel,vahel,muu,ilmuma,,1,,obl,
7700,eristama kellest/millest,el,vahel,mitte kunagi,muu,eristama,,1,,obl,
7701,avaldama kellest/millest,el,vahel,vahel,muu,avaldama,,1,,obl,
7702,mäletama kellest/millest,el,vahel,vahel,muu,mäletama,,1,,obl,
7703,teavitama kellest/millest,el,mitte kunagi,mitte kunagi,muu,teavitama,,1,,obl,
7704,avastama kellest/millest,el,mitte kunagi,vahel,ebakorrektne märgendus,avastama,,1,,obl,
7705,jätkuma kellest/millest,el,vahel,vahel,muu,jätkuma,,1,,obl,
7706,käima läbi kellest/millest,el,vahel,vahel,muu,käima,läbi,1,,obl,
7707,hoidma kellest/millest,el,vahel,vahel,muu,hoidma,,1,,obl,
7708,langema kellest/millest,el,vahel,mitte kunagi,muu,langema,,1,,obl,
7709,lahutama kellest/millest,el,vahel,mitte kunagi,muu,lahutama,,1,,obl,
7710,saama üle kellest/millest,el,vahel,mitte kunagi,muu,saama,üle,1,,obl,
7711,jääma välja kellest/millest,el,vahel,vahel,muu,jääma,välja,1,,obl,
7712,teenima kellest/millest,el,vahel,vahel,muu,teenima,,1,,obl,
7713,lootma kellest/millest,el,vahel,vahel,muu,lootma,,1,,obl,
7714,kinnitama kellest/millest,el,vahel,vahel,muu,kinnitama,,1,,obl,
7715,soovima kellest/millest,el,vahel,vahel,muu,soovima,,1,,obl,
7716,tähendama kellest/millest,el,vahel,vahel,muu,tähendama,,1,,obl,
7717,töötama kellest/millest,el,vahel,vahel,muu,töötama,,1,,obl,
7718,seisma kellest/millest,el,vahel,vahel,muu,seisma,,1,,obl,
7719,nimetama kellest/millest,el,vahel,mitte kunagi,muu,nimetama,,1,,obl,
7720,kandma kellest/millest,el,vahel,mitte kunagi,muu,kandma,,1,,obl,
7721,mängima kellest/millest,el,vahel,vahel,ebakorrektne märgendus,mängima,,1,,obl,
7722,valima kellest/millest,el,vahel,vahel,muu,valima,,1,,obl,
7723,osalema kellest/millest,el,vahel,vahel,muu,osalema,,1,,obl,
7724,laskma kellest/millest,el,mitte kunagi,alati,mitte kunagi,laskma,,1,,obl,
7725,oskama kellest/millest,el,vahel,vahel,muu,oskama,,1,,obl,
7726,looma kellest/millest,el,vahel,vahel,muu,,looma,1,,obl,
7727,küsima kellest/millest,el,vahel,vahel,muu,küsima,,1,,obl,
7728,hoiduma kellest/millest,el,mitte kunagi,mitte kunagi,muu,hoiduma,,1,,obl,
7729,vastama kellest/millest,el,mitte kunagi,vahel,muu,vastama,,1,,obl,
7730,jääma järele kellest/millest,el,vahel,mitte kunagi,muu,jääma,järele,1,,obl,
7731,väsima kellest/millest,el,vahel,mitte kunagi,muu,väsima,,1,,obl,
7732,esinema kellest/millest,el,vahel,vahel,muu,esinema,,1,,obl,
7733,laekuma kellest/millest,el,mitte kunagi,vahel,muu,laekuma,,1,,obl,
7734,kuluma kellest/millest,el,vahel,vahel,muu,kuluma,,1,,obl,
7735,kostma kellest/millest,el,mitte kunagi,vahel,muu,kostma,,1,,obl,
7736,jätkama kellest/millest,el,mitte kunagi,vahel,muu,jätkama,,1,,obl,
7737,lendama kellest/millest,el,vahel,vahel,vaieldav märgendus,lendama,,1,,obl,
7738,lõpetama kellest/millest,el,vahel,mitte kunagi,muu,lõpetama,,1,,obl,
7739,osutuma kellest/millest,el,vahel,mitte kunagi,muu,osutuma,,1,,obl,
7740,toetama kellest/millest,el,vahel,mitte kunagi,muu,toetama,,1,,obl,
7741,jääma kõrvale kellest/millest,el,vahel,vahel,muu,jääma,kõrvale,1,,obl,
7742,nõudma kellest/millest,el,vahel,vahel,muu,nõudma,,1,,obl,
7743,õnnestuma kellest/millest,el,vahel,vahel,muu,õnnestuma,,1,,obl,
7744,püüdma kellest/millest,el,mitte kunagi,vahel,muu,püüdma,,1,,obl,
7745,tasuma kellest/millest,el,mitte kunagi,vahel,muu,tasuma,,1,,obl,
7746,kubisema kellest/millest,el,vahel,mitte kunagi,muu,kubisema,,1,,obl,
7747,tabama kellest/millest,el,vahel,vahel,muu,tabama,,1,,obl,
7748,lubama kellest/millest,el,vahel,vahel,muu,lubama,,1,,obl,
7749,olema vaja kellest/millest,el,mitte kunagi,vahel,muu,olema,vaja,1,,obl,
7750,jagama kellest/millest,el,mitte kunagi,vahel,muu,jagama,,1,,obl,
7751,juhtima kellest/millest,el,vahel,vahel,muu,juhtima,,1,,obl,
7752,haarama kellest/millest,el,vahel,vahel,muu,haarama,,1,,obl,
7753,vajama kellest/millest,el,mitte kunagi,vahel,muu,vajama,,1,,obl,
7754,otsustama kellest/millest,el,vahel,vahel,muu,otsustama,,1,,obl,
7755,moodustuma kellest/millest,el,vahel,mitte kunagi,muu,moodustuma,,1,,obl,
7756,jooksma kellest/millest,el,vahel,vahel,muu,jooksma,,1,,obl,
7757,tekitama kellest/millest,el,vahel,vahel,muu,tekitama,,1,,obl,
7758,koguma kellest/millest,el,vahel,vahel,muu,koguma,,1,,obl,
7759,eraldama kellest/millest,el,vahel,vahel,muu,eraldama,,1,,obl,
7760,põgenema kellest/millest,el,vahel,vahel,muu,põgenema,,1,,obl,
7761,meenutama kellest/millest,el,vahel,vahel,muu,meenutama,,1,,obl,
7762,astuma kellest/millest,el,vahel,vahel,muu,astuma,,1,,obl,
7763,levima kellest/millest,el,mitte kunagi,vahel,muu,levima,,1,,obl,
7764,meeldima kellest/millest,el,vahel,vahel,muu,meeldima,,1,,obl,
7765,pajatama kellest/millest,el,vahel,mitte kunagi,muu,pajatama,,1,,obl,
7766,kutsuma kellest/millest,el,vahel,vahel,muu,kutsuma,,1,,obl,
7767,hindama kellest/millest,el,vahel,vahel,muu,hindama,,1,,obl,
7768,õppima kellest/millest,el,vahel,vahel,muu,õppima,,1,,obl,
7769,naasma kellest/millest,el,mitte kunagi,vahel,muu,naasma,,1,,obl,
7770,tõstma kellest/millest,el,vahel,vahel,muu,tõstma,,1,,obl,
7771,kolima kellest/millest,el,mitte kunagi,vahel,muu,kolima,,1,,obl,
7772,minema mööda kellest/millest,el,vahel,vahel,muu,minema,mööda,1,,obl,
7773,hoidma kinni kellest/millest,el,vahel,vahel,muu,hoidma,kinni,1,,obl,
7774,muutma kellest/millest,el,vahel,vahel,muu,muutma,,1,,obl,
7775,tellima kellest/millest,el,vahel,vahel,muu,tellima,,1,,obl,
7776,tunnistama kellest/millest,el,vahel,vahel,muu,tunnistama,,1,,obl,
7777,ütlema ära kellest/millest,el,vahel,mitte kunagi,muu,ütlema,ära,1,,obl,
7778,sobima kellest/millest,el,vahel,mitte kunagi,muu,sobima,,1,,obl,
7779,pidama kinni kellest/millest,el,mitte kunagi,vahel,muu,pidama,kinni,1,,obl,
7780,müüma kellest/millest,el,mitte kunagi,vahel,muu,müüma,,1,,obl,
7781,lööma kellest/millest,el,vahel,vahel,muu,lööma,,1,,obl,
7782,kerkima kellest/millest,el,vahel,vahel,muu,kerkima,,1,,obl,
7783,paluma kellest/millest,el,vahel,vahel,muu,paluma,,1,,obl,
7784,astuma välja kellest/millest,el,mitte kunagi,vahel,muu,astuma,välja,1,,obl,
7785,eelistama kellest/millest,el,vahel,mitte kunagi,muu,eelistama,,1,,obl,
7786,kõlama kellest/millest,el,mitte kunagi,vahel,muu,kõlama,,1,,obl,
7787,tõmbama kellest/millest,el,mitte kunagi,vahel,muu,tõmbama,,1,,obl,
7788,kavatsema kellest/millest,el,vahel,vahel,muu,kavatsema,,1,,obl,
7789,korraldama kellest/millest,el,vahel,vahel,muu,korraldama,,1,,obl,
7790,nähtuma kellest/millest,el,mitte kunagi,vahel,muu,nähtuma,,1,,obl,
7791,eralduma kellest/millest,el,mitte kunagi,vahel,muu,eralduma,,1,,obl,
7792,informeerima kellest/millest,el,vahel,mitte kunagi,muu,informeerima,,1,,obl,
7793,õhkuma kellest/millest,el,vahel,vahel,muu,õhkuma,,1,,obl,
7794,sisaldama kellest/millest,el,mitte kunagi,vahel,muu,sisaldama,,1,,obl,
7795,saama edasi kellest/millest,el,vahel,vahel,muu,saama,edasi,1,,obl,
7796,kukkuma kellest/millest,el,mitte kunagi,vahel,muu,kukkuma,,1,,obl,
7797,ilmnema kellest/millest,el,vahel,vahel,muu,ilmnema,,1,,obl,
7798,jääma alles kellest/millest,el,mitte kunagi,vahel,muu,jääma,alles,1,,obl,
7799,katma kellest/millest,el,mitte kunagi,vahel,muu,katma,,1,,obl,
7800,meenuma kellest/millest,el,vahel,vahel,muu,meenuma,,1,,obl,
7801,valmistama kellest/millest,el,vahel,vahel,muu,valmistama,,1,,obl,
7802,tüdima kellest/millest,el,mitte kunagi,mitte kunagi,muu,tüdima,,1,,obl,
7803,lõikama kellest/millest,el,vahel,vahel,muu,lõikama,,1,,obl,
7804,ajama kellest/millest,el,vahel,mitte kunagi,muu,ajama,,1,,obl,
7805,istuma kellest/millest,el,vahel,vahel,muu,istuma,,1,,obl,
7806,hõlmama kellest/millest,el,mitte kunagi,vahel,muu,hõlmama,,1,,obl,
7807,juhtuma kellest/millest,el,mitte kunagi,vahel,muu,juhtuma,,1,,obl,
7808,hoidma eemale kellest/millest,el,vahel,vahel,muu,hoidma,eemale,1,,obl,
7809,kogunema kellest/millest,el,vahel,vahel,muu,kogunema,,1,,obl,
7810,tooma välja kellest/millest,el,mitte kunagi,vahel,muu,tooma,välja,1,,obl,
7811,soovitama kellest/millest,el,mitte kunagi,vahel,muu,soovitama,,1,,obl,
7812,laulma kellest/millest,el,vahel,vahel,muu,laulma,,1,,obl,
7813,ületama kellest/millest,el,vahel,mitte kunagi,muu,ületama,,1,,obl,
7814,surema kellest/millest,el,vahel,vahel,muu,surema,,1,,obl,
7815,võtma välja kellest/millest,el,mitte kunagi,vahel,muu,võtma,välja,1,,obl,
7816,varastama kellest/millest,el,mitte kunagi,vahel,muu,varastama,,1,,obl,
7817,tegutsema kellest/millest,el,vahel,vahel,muu,tegutsema,,1,,obl,
7818,jääma eemale kellest/millest,el,vahel,vahel,muu,jääma,eemale,1,,obl,
7819,avama kellest/millest,el,vahel,vahel,muu,avama,,1,,obl,
7820,käima üle kellest/millest,el,vahel,vahel,muu,käima,üle,1,,obl,
7821,uskuma kellest/millest,el,vahel,mitte kunagi,muu,uskuma,,1,,obl,
7822,valmima kellest/millest,el,mitte kunagi,mitte kunagi,muu,valmima,,1,,obl,
7823,lisama kellest/millest,el,vahel,vahel,muu,lisama,,1,,obl,
7824,tüdinema kellest/millest,el,vahel,mitte kunagi,muu,tüdinema,,1,,obl,
7825,helistama kellest/millest,el,mitte kunagi,vahel,muu,helistama,,1,,obl,
7826,leiduma kellest/millest,el,vahel,vahel,muu,leiduma,,1,,obl,
7827,ammutama kellest/millest,el,vahel,vahel,muu,ammutama,,1,,obl,
7828,minema välja kellest/millest,el,mitte kunagi,vahel,muu,minema,välja,1,,obl,
7829,saama välja kellest/millest,el,mitte kunagi,vahel,muu,saama,välja,1,,obl,
7830,puudutama kellest/millest,el,vahel,mitte kunagi,muu,puudutama,,1,,obl,
7831,tegelema kellest/millest,el,vahel,vahel,muu,tegelema,,1,,obl,
7832,täitma kellest/millest,el,vahel,vahel,muu,täitma,,1,,obl,
7833,üritama kellest/millest,el,mitte kunagi,vahel,muu,üritama,,1,,obl,
7834,püsima kellest/millest,el,mitte kunagi,vahel,muu,püsima,,1,,obl,
7835,omama kellest/millest,el,vahel,vahel,muu,omama,,1,,obl,
7836,tulema tagasi kellest/millest,el,mitte kunagi,vahel,muu,tulema,tagasi,1,,obl,
7837,koostama kellest/millest,el,vahel,mitte kunagi,muu,koostama,,1,,obl,
7838,lisanduma kellest/millest,el,mitte kunagi,vahel,muu,lisanduma,,1,,obl,
7839,näima kellest/millest,el,vahel,vahel,muu,näima,,1,,obl,
7840,jätma ilma kellest/millest,el,vahel,mitte kunagi,muu,jätma,ilma,1,,obl,
7841,säilima kellest/millest,el,mitte kunagi,vahel,muu,säilima,,1,,obl,
7842,uurima kellest/millest,el,mitte kunagi,vahel,muu,uurima,,1,,obl,
7843,jääma üle kellest/millest,el,mitte kunagi,vahel,muu,jääma,üle,1,,obl,
7844,startima kellest/millest,el,vahel,vahel,mitte kunagi,startima,,1,,obl,
7845,tegema välja kellest/millest,el,vahel,mitte kunagi,muu,tegema,välja,1,,obl,
7846,viibima kellest/millest,el,vahel,vahel,muu,viibima,,1,,obl,
7847,ehitama kellest/millest,el,mitte kunagi,vahel,muu,ehitama,,1,,obl,
7848,kuulama kellest/millest,el,mitte kunagi,mitte kunagi,muu,kuulama,,1,,obl,
7849,pruukima kellest/millest,el,vahel,mitte kunagi,muu,pruukima,,1,,obl,
7850,seadma kellest/millest,el,vahel,vahel,muu,seadma,,1,,obl,
7851,suunduma kellest/millest,el,vahel,vahel,muu,suunduma,,1,,obl,
7852,toituma kellest/millest,el,vahel,vahel,muu,toituma,,1,,obl,
7853,juhinduma kellest/millest,el,mitte kunagi,mitte kunagi,muu,juhinduma,,1,,obl,
7854,jälgima kellest/millest,el,vahel,vahel,muu,jälgima,,1,,obl,
7855,kippuma kellest/millest,el,mitte kunagi,vahel,muu,kippuma,,1,,obl,
7856,vedama kellest/millest,el,mitte kunagi,vahel,muu,vedama,,1,,obl,
7857,lõppema kellest/millest,el,mitte kunagi,vahel,muu,lõppema,,1,,obl,
7858,kulgema kellest/millest,el,vahel,vahel,mitte kunagi,kulgema,,1,,obl,
7859,eemalduma kellest/millest,el,vahel,vahel,muu,eemalduma,,1,,obl,
7860,kehtima kellest/millest,el,vahel,vahel,muu,kehtima,,1,,obl,
7861,saavutama kellest/millest,el,vahel,vahel,muu,saavutama,,1,,obl,
7862,siirduma kellest/millest,el,vahel,vahel,mitte kunagi,siirduma,,1,,obl,
7863,johtuma kellest/millest,el,mitte kunagi,mitte kunagi,muu,johtuma,,1,,obl,
7864,selgitama kellest/millest,el,mitte kunagi,vahel,muu,selgitama,,1,,obl,
7865,eristuma kellest/millest,el,vahel,vahel,muu,eristuma,,1,,obl,
7866,vaimustuma kellest/millest,el,vahel,mitte kunagi,muu,vaimustuma,,1,,obl,
7867,viskama kellest/millest,el,vahel,vahel,muu,viskama,,1,,obl,
7868,pälvima kellest/millest,el,vahel,vahel,muu,pälvima,,1,,obl,
7869,langema välja kellest/millest,el,vahel,vahel,muu,langema,välja,1,,obl,
7870,haarama kinni kellest/millest,el,mitte kunagi,vahel,muu,haarama,kinni,1,,obl,
7871,täituma kellest/millest,el,mitte kunagi,mitte kunagi,muu,täituma,,1,,obl,
7872,läbima kellest/millest,el,vahel,vahel,muu,läbima,,1,,obl,
7873,arenema kellest/millest,el,mitte kunagi,vahel,muu,arenema,,1,,obl,
7874,tootma kellest/millest,el,mitte kunagi,vahel,muu,tootma,,1,,obl,
7875,säästma kellest/millest,el,mitte kunagi,mitte kunagi,muu,säästma,,1,,obl,
7876,suurenema kellest/millest,el,mitte kunagi,vahel,muu,suurenema,,1,,obl,
7877,avanema kellest/millest,el,mitte kunagi,vahel,muu,avanema,,1,,obl,
7878,järgnema kellest/millest,el,mitte kunagi,vahel,muu,järgnema,,1,,obl,
7879,taotlema kellest/millest,el,mitte kunagi,vahel,muu,taotlema,,1,,obl,
7880,olema alles kellest/millest,el,mitte kunagi,vahel,muu,olema,alles,1,,obl,
7881,mõistma kellest/millest,el,vahel,vahel,muu,mõistma,,1,,obl,
7882,mõjuma kellest/millest,el,vahel,vahel,muu,mõjuma,,1,,obl,
7883,põhjustama kellest/millest,el,mitte kunagi,vahel,muu,põhjustama,,1,,obl,
7884,kontrollima kellest/millest,el,mitte kunagi,vahel,muu,kontrollima,,1,,obl,
7885,tunduma kellest/millest,el,vahel,vahel,muu,tunduma,,1,,obl,
7886,hukkuma kellest/millest,el,vahel,vahel,mitte kunagi,hukkuma,,1,,obl,
7887,viima välja kellest/millest,el,mitte kunagi,vahel,muu,viima,välja,1,,obl,
7888,võtma vastu kellest/millest,el,vahel,vahel,muu,võtma,vastu,1,,obl,
7889,vähenema kellest/millest,el,mitte kunagi,vahel,muu,vähenema,,1,,obl,
7890,väitma kellest/millest,el,vahel,vahel,ebakorrektne märgendus,väitma,,1,,obl,
7891,saama mööda kellest/millest,el,vahel,vahel,muu,saama,mööda,1,,obl,
7892,lugema välja kellest/millest,el,mitte kunagi,vahel,muu,lugema,välja,1,,obl,
7893,sööma kellest/millest,el,vahel,vahel,muu,sööma,,1,,obl,
7894,voolama kellest/millest,el,vahel,vahel,muu,voolama,,1,,obl,
7895,märkima kellest/millest,el,vahel,vahel,muu,märkima,,1,,obl,
7896,võtma kaasa kellest/millest,el,vahel,vahel,mitte kunagi,võtma,kaasa,1,,obl,
7897,puhastama kellest/millest,el,vahel,vahel,muu,puhastama,,1,,obl,
7898,tõmbama välja kellest/millest,el,vahel,vahel,muu,tõmbama,välja,1,,obl,
7899,ähvardama kellest/millest,el,vahel,vahel,muu,ähvardama,,1,,obl,
7900,kestma kellest/millest,el,vahel,vahel,muu,kestma,,1,,obl,
7901,paistma välja kellest/millest,el,mitte kunagi,vahel,muu,paistma,välja,1,,obl,
7902,tooma kaasa kellest/millest,el,mitte kunagi,vahel,muu,tooma,kaasa,1,,obl,
7903,kulutama kellest/millest,el,mitte kunagi,mitte kunagi,muu,kulutama,,1,,obl,
7904,edastama kellest/millest,el,vahel,vahel,muu,edastama,,1,,obl,
7905,esindama kellest/millest,el,vahel,vahel,muu,esindama,,1,,obl,
7906,kohtuma kellest/millest,el,vahel,vahel,muu,kohtuma,,1,,obl,
7907,jätma välja kellest/millest,el,mitte kunagi,alati,mitte kunagi,jätma,välja,1,,obl,
7908,kirjeldama kellest/millest,el,vahel,vahel,muu,kirjeldama,,1,,obl,
7909,eemaldama kellest/millest,el,vahel,vahel,muu,eemaldama,,1,,obl,
7910,kartma kellest/millest,el,vahel,vahel,muu,kartma,,1,,obl,
7911,toibuma kellest/millest,el,mitte kunagi,mitte kunagi,muu,toibuma,,1,,obl,
7912,määrama kellest/millest,el,vahel,vahel,muu,määrama,,1,,obl,
7913,taanduma kellest/millest,el,mitte kunagi,vahel,muu,taanduma,,1,,obl,
7914,ütlema lahti kellest/millest,el,vahel,mitte kunagi,muu,ütlema,lahti,1,,obl,
7915,kujutama kellest/millest,el,vahel,vahel,muu,kujutama,,1,,obl,
7916,saama kokku kellest/millest,el,vahel,vahel,muu,saama,kokku,1,,obl,
7917,tulema puudu kellest/millest,el,mitte kunagi,mitte kunagi,muu,tulema,puudu,1,,obl,
7918,võtma ära kellest/millest,el,mitte kunagi,vahel,muu,võtma,ära,1,,obl,
7919,paranema kellest/millest,el,mitte kunagi,vahel,muu,paranema,,1,,obl,
7920,tagama kellest/millest,el,mitte kunagi,vahel,muu,tagama,,1,,obl,
7921,võrsuma kellest/millest,el,mitte kunagi,vahel,muu,võrsuma,,1,,obl,
7922,mõjutama kellest/millest,el,mitte kunagi,vahel,muu,mõjutama,,1,,obl,
7923,piiskama kellest/millest,el,mitte kunagi,mitte kunagi,muu,piiskama,,1,,obl,
7924,pääsema välja kellest/millest,el,mitte kunagi,alati,mitte kunagi,pääsema,välja,1,,obl,
7925,jooma kellest/millest,el,vahel,vahel,muu,jooma,,1,,obl,
7926,kukkuma välja kellest/millest,el,vahel,vahel,muu,kukkuma,välja,1,,obl,
7927,omandama kellest/millest,el,mitte kunagi,vahel,muu,omandama,,1,,obl,
7928,väärima kellest/millest,el,vahel,mitte kunagi,muu,väärima,,1,,obl,
7929,elatuma kellest/millest,el,mitte kunagi,mitte kunagi,muu,elatuma,,1,,obl,
7930,kannatama kellest/millest,el,vahel,vahel,muu,kannatama,,1,,obl,
7931,leidma üles kellest/millest,el,mitte kunagi,alati,mitte kunagi,leidma,üles,1,,obl,
7932,paiknema kellest/millest,el,vahel,vahel,muu,paiknema,,1,,obl,
7933,võtma kinni kellest/millest,el,vahel,vahel,muu,võtma,kinni,1,,obl,
7934,kuulutama kellest/millest,el,vahel,vahel,muu,kuulutama,,1,,obl,
7935,saama tagasi kellest/millest,el,vahel,vahel,muu,saama,tagasi,1,,obl,
7936,vestlema kellest/millest,el,vahel,vahel,muu,vestlema,,1,,obl,
7937,röövima kellest/millest,el,vahel,vahel,muu,röövima,,1,,obl,
7938,minema läbi kellest/millest,el,mitte kunagi,vahel,muu,minema,läbi,1,,obl,
7939,vaatama vastu kellest/millest,el,mitte kunagi,alati,mitte kunagi,vaatama,vastu,1,,obl,
7940,valitsema kellest/millest,el,mitte kunagi,vahel,muu,valitsema,,1,,obl,
7941,hääletama kellest/millest,el,vahel,vahel,mitte kunagi,hääletama,,1,,obl,
7942,käsitlema kellest/millest,el,mitte kunagi,vahel,muu,käsitlema,,1,,obl,
7943,minema ära kellest/millest,el,mitte kunagi,alati,mitte kunagi,minema,ära,1,,obl,
7944,taganema kellest/millest,el,vahel,vahel,muu,taganema,,1,,obl,
7945,tõstma esile kellest/millest,el,vahel,vahel,muu,tõstma,esile,1,,obl,
7946,üllatuma kellest/millest,el,mitte kunagi,mitte kunagi,muu,üllatuma,,1,,obl,
7947,võimaldama kellest/millest,el,mitte kunagi,vahel,muu,võimaldama,,1,,obl,
7948,proovima kellest/millest,el,vahel,vahel,muu,proovima,,1,,obl,
7949,pöörduma kellest/millest,el,mitte kunagi,vahel,muu,pöörduma,,1,,obl,
7950,valima välja kellest/millest,el,vahel,vahel,muu,valima,välja,1,,obl,
7951,armastama kellest/millest,el,vahel,vahel,muu,armastama,,1,,obl,
7952,kihutama kellest/millest,el,mitte kunagi,vahel,muu,kihutama,,1,,obl,
7953,olema nõus kellest/millest,el,vahel,vahel,muu,olema,nõus,1,,obl,
7954,tutvustama kellest/millest,el,vahel,vahel,muu,tutvustama,,1,,obl,
7955,hankima kellest/millest,el,vahel,vahel,mitte kunagi,hankima,,1,,obl,
7956,põhjendama kellest/millest,el,vahel,vahel,muu,põhjendama,,1,,obl,
7957,viskama välja kellest/millest,el,mitte kunagi,alati,mitte kunagi,viskama,välja,1,,obl,
7958,hüppama kellest/millest,el,mitte kunagi,vahel,muu,hüppama,,1,,obl,
7959,kiitma kellest/millest,el,vahel,vahel,muu,kiitma,,1,,obl,
7960,märkama kellest/millest,el,vahel,vahel,muu,märkama,,1,,obl,
7961,tulistama kellest/millest,el,vahel,vahel,muu,tulistama,,1,,obl,
7962,julgema kellest/millest,el,vahel,mitte kunagi,muu,,julgema,1,,obl,
7963,mahtuma kellest/millest,el,vahel,vahel,muu,mahtuma,,1,,obl,
7964,veetma kellest/millest,el,vahel,vahel,muu,veetma,,1,,obl,
7965,saama täis kellest/millest,el,vahel,vahel,muu,saama,täis,1,,obl,
7966,pudenema kellest/millest,el,vahel,vahel,muu,pudenema,,1,,obl,
7967,järelduma kellest/millest,el,mitte kunagi,vahel,muu,järelduma,,1,,obl,
7968,seletama kellest/millest,el,mitte kunagi,vahel,muu,seletama,,1,,obl,
7969,tapma kellest/millest,el,vahel,vahel,muu,tapma,,1,,obl,
7970,iseloomustama kellest/millest,el,vahel,vahel,muu,iseloomustama,,1,,obl,
7971,maalima kellest/millest,el,vahel,vahel,muu,maalima,,1,,obl,
7972,kommenteerima kellest/millest,el,vahel,vahel,muu,kommenteerima,,1,,obl,
7973,sõitma mööda kellest/millest,el,vahel,vahel,muu,sõitma,mööda,1,,obl,
7974,huvitama kellest/millest,el,vahel,vahel,muu,huvitama,,1,,obl,
7975,külastama kellest/millest,el,vahel,vahel,muu,külastama,,1,,obl,
7976,minema lahku kellest/millest,el,vahel,mitte kunagi,muu,minema,lahku,1,,obl,
7977,tegema kaasa kellest/millest,el,vahel,vahel,muu,tegema,kaasa,1,,obl,
7978,kujundama kellest/millest,el,vahel,mitte kunagi,muu,kujundama,,1,,obl,
7979,rändama kellest/millest,el,mitte kunagi,vahel,muu,rändama,,1,,obl,
7980,süüdistama kellest/millest,el,vahel,vahel,muu,süüdistama,,1,,obl,
7981,jõudma tagasi kellest/millest,el,mitte kunagi,vahel,muu,jõudma,tagasi,1,,obl,
7982,nõustuma kellest/millest,el,vahel,vahel,muu,nõustuma,,1,,obl,
7983,tähistama kellest/millest,el,mitte kunagi,mitte kunagi,muu,tähistama,,1,,obl,
7984,ajama välja kellest/millest,el,mitte kunagi,vahel,muu,ajama,välja,1,,obl,
7985,kasvatama kellest/millest,el,vahel,vahel,muu,kasvatama,,1,,obl,
7986,kõikuma kellest/millest,el,mitte kunagi,vahel,muu,kõikuma,,1,,obl,
7987,arutama kellest/millest,el,mitte kunagi,vahel,muu,arutama,,1,,obl,
7988,kaaluma kellest/millest,el,vahel,vahel,muu,kaaluma,,1,,obl,
7989,sõitma välja kellest/millest,el,mitte kunagi,alati,mitte kunagi,sõitma,välja,1,,obl,
7990,vahendama kellest/millest,el,mitte kunagi,vahel,muu,vahendama,,1,,obl,
7991,jooksma läbi kellest/millest,el,mitte kunagi,alati,mitte kunagi,jooksma,läbi,1,,obl,
7992,viima ära kellest/millest,el,mitte kunagi,alati,mitte kunagi,viima,ära,1,,obl,
7993,kaugenema kellest/millest,el,mitte kunagi,vahel,muu,kaugenema,,1,,obl,
7994,kostuma kellest/millest,el,mitte kunagi,vahel,muu,kostuma,,1,,obl,
7995,kumama läbi kellest/millest,el,mitte kunagi,vahel,muu,kumama,läbi,1,,obl,
7996,küllastuma kellest/millest,el,vahel,mitte kunagi,muu,küllastuma,,1,,obl,
7997,ründama kellest/millest,el,vahel,vahel,muu,ründama,,1,,obl,
7998,distantseeruma kellest/millest,el,mitte kunagi,vahel,muu,distantseeruma,,1,,obl,
7999,kaduma ära kellest/millest,el,mitte kunagi,vahel,muu,kaduma,ära,1,,obl,
8000,pooldama kellest/millest,el,vahel,mitte kunagi,muu,pooldama,,1,,obl,
8001,puhkema kellest/millest,el,mitte kunagi,vahel,muu,puhkema,,1,,obl,
8002,sõnama kellest/millest,el,mitte kunagi,vahel,muu,sõnama,,1,,obl,
8003,taastuma kellest/millest,el,mitte kunagi,vahel,muu,taastuma,,1,,obl,
8004,lükkama kellest/millest,el,mitte kunagi,vahel,muu,lükkama,,1,,obl,
8005,kinkima kellest/millest,el,vahel,vahel,muu,kinkima,,1,,obl,
8006,lausuma kellest/millest,el,vahel,vahel,muu,lausuma,,1,,obl,
8007,ronima välja kellest/millest,el,mitte kunagi,alati,mitte kunagi,ronima,välja,1,,obl,
8008,tulema ära kellest/millest,el,mitte kunagi,alati,mitte kunagi,tulema,ära,1,,obl,
8009,astuma läbi kellest/millest,el,mitte kunagi,vahel,muu,astuma,läbi,1,,obl,
8010,lendama välja kellest/millest,el,mitte kunagi,alati,mitte kunagi,lendama,välja,1,,obl,
8011,panema kokku kellest/millest,el,mitte kunagi,vahel,muu,panema,kokku,1,,obl,
8012,suurendama kellest/millest,el,vahel,vahel,muu,suurendama,,1,,obl,
8013,tundma ära kellest/millest,el,mitte kunagi,mitte kunagi,muu,tundma,ära,1,,obl,
8014,keelama kellest/millest,el,vahel,vahel,muu,keelama,,1,,obl,
8015,laenama kellest/millest,el,vahel,vahel,mitte kunagi,laenama,,1,,obl,
8016,põlema kellest/millest,el,mitte kunagi,vahel,muu,põlema,,1,,obl,
8017,toimima kellest/millest,el,mitte kunagi,vahel,muu,toimima,,1,,obl,
8018,õpetama kellest/millest,el,vahel,vahel,muu,õpetama,,1,,obl,
8019,nakatuma kellest/millest,el,vahel,vahel,muu,nakatuma,,1,,obl,
8020,sirguma kellest/millest,el,vahel,mitte kunagi,muu,sirguma,,1,,obl,
8021,korjama kellest/millest,el,vahel,vahel,muu,korjama,,1,,obl,
8022,pakatama kellest/millest,el,mitte kunagi,mitte kunagi,muu,pakatama,,1,,obl,
8023,sõitma üle kellest/millest,el,vahel,vahel,muu,sõitma,üle,1,,obl,
8024,võtma maha kellest/millest,el,mitte kunagi,vahel,muu,võtma,maha,1,,obl,
8025,jõudma ette kellest/millest,el,vahel,vahel,muu,jõudma,ette,1,,obl,
8026,toimetama kellest/millest,el,vahel,vahel,muu,toimetama,,1,,obl,
8027,mainima kellest/millest,el,vahel,vahel,muu,mainima,,1,,obl,
8028,taipama kellest/millest,el,mitte kunagi,mitte kunagi,muu,taipama,,1,,obl,
8029,viitama kellest/millest,el,vahel,vahel,muu,viitama,,1,,obl,
8030,andma välja kellest/millest,el,mitte kunagi,vahel,muu,andma,välja,1,,obl,
8031,lekkima kellest/millest,el,mitte kunagi,alati,mitte kunagi,lekkima,,1,,obl,
8032,vaikima kellest/millest,el,mitte kunagi,mitte kunagi,muu,vaikima,,1,,obl,
8033,vahetama kellest/millest,el,vahel,vahel,muu,vahetama,,1,,obl,
8034,sundima kellest/millest,el,vahel,vahel,muu,sundima,,1,,obl,
8035,kumama kellest/millest,el,mitte kunagi,vahel,muu,kumama,,1,,obl,
8036,küündima kellest/millest,el,vahel,mitte kunagi,muu,küündima,,1,,obl,
8037,pääsema mööda kellest/millest,el,vahel,vahel,muu,pääsema,mööda,1,,obl,
8038,sõitma läbi kellest/millest,el,mitte kunagi,vahel,muu,sõitma,läbi,1,,obl,
8039,võistlema kellest/millest,el,vahel,vahel,mitte kunagi,võistlema,,1,,obl,
8040,kõrvaldama kellest/millest,el,mitte kunagi,alati,mitte kunagi,kõrvaldama,,1,,obl,
8041,jaguma kellest/millest,el,mitte kunagi,vahel,muu,jaguma,,1,,obl,
8042,nägema ette kellest/millest,el,mitte kunagi,vahel,muu,nägema,ette,1,,obl,
8043,säilitama kellest/millest,el,vahel,vahel,muu,säilitama,,1,,obl,
8044,hoiatama kellest/millest,el,vahel,vahel,muu,hoiatama,,1,,obl,
8045,tooma ära kellest/millest,el,mitte kunagi,vahel,ebakorrektne märgendus,tooma,ära,1,,obl,
8046,võitlema kellest/millest,el,vahel,vahel,muu,võitlema,,1,,obl,
8047,saama läbi kellest/millest,el,vahel,vahel,muu,saama,läbi,1,,obl,
8048,vaatama mööda kellest/millest,el,vahel,mitte kunagi,muu,vaatama,mööda,1,,obl,
8049,eeldama kellest/millest,el,vahel,mitte kunagi,muu,eeldama,,1,,obl,
8050,hoidma kõrvale kellest/millest,el,vahel,vahel,muu,hoidma,kõrvale,1,,obl,
8051,kehtestama kellest/millest,el,vahel,vahel,muu,kehtestama,,1,,obl,
8052,süttima kellest/millest,el,mitte kunagi,vahel,muu,süttima,,1,,obl,
8053,pöörama kellest/millest,el,vahel,vahel,muu,pöörama,,1,,obl,
8054,takistama kellest/millest,el,vahel,vahel,muu,takistama,,1,,obl,
8055,liituma kellest/millest,el,vahel,vahel,muu,liituma,,1,,obl,
8056,sõlmima kellest/millest,el,vahel,vahel,muu,sõlmima,,1,,obl,
8057,vähendama kellest/millest,el,mitte kunagi,vahel,muu,vähendama,,1,,obl,
8058,peatuma kellest/millest,el,vahel,vahel,muu,peatuma,,1,,obl,
8059,hüppama välja kellest/millest,el,mitte kunagi,alati,mitte kunagi,hüppama,välja,1,,obl,
8060,heitma kellest/millest,el,mitte kunagi,vahel,muu,heitma,,1,,obl,
8061,olema rahul kellest/millest,el,vahel,mitte kunagi,muu,olema,rahul,1,,obl,
8062,plaanima kellest/millest,el,vahel,vahel,muu,plaanima,,1,,obl,
8063,kustutama kellest/millest,el,mitte kunagi,vahel,muu,kustutama,,1,,obl,
8064,pagema kellest/millest,el,mitte kunagi,vahel,muu,pagema,,1,,obl,
8065,sooritama kellest/millest,el,vahel,vahel,muu,sooritama,,1,,obl,
8066,väljendama kellest/millest,el,mitte kunagi,vahel,muu,väljendama,,1,,obl,
8067,kohtama kellest/millest,el,vahel,mitte kunagi,muu,kohtama,,1,,obl,
8068,puhkama kellest/millest,el,mitte kunagi,vahel,muu,puhkama,,1,,obl,
8069,põhinema kellest/millest,el,vahel,mitte kunagi,muu,põhinema,,1,,obl,
8070,pühkima kellest/millest,el,mitte kunagi,vahel,muu,pühkima,,1,,obl,
8071,rõhutama kellest/millest,el,vahel,vahel,muu,rõhutama,,1,,obl,
8072,kandideerima kellest/millest,el,vahel,vahel,muu,kandideerima,,1,,obl,
8073,varieeruma kellest/millest,el,mitte kunagi,vahel,muu,varieeruma,,1,,obl,
8074,olema kohal kellest/millest,el,vahel,vahel,muu,olema,kohal,1,,obl,
8075,tuletama kellest/millest,el,vahel,vahel,muu,tuletama,,1,,obl,
8076,edestama kellest/millest,el,vahel,vahel,muu,edestama,,1,,obl,
8077,kõndima kellest/millest,el,mitte kunagi,vahel,muu,kõndima,,1,,obl,
8078,minema üle kellest/millest,el,mitte kunagi,vahel,muu,minema,üle,1,,obl,
8079,ennustama kellest/millest,el,vahel,vahel,muu,ennustama,,1,,obl,
8080,hakkama pihta kellest/millest,el,mitte kunagi,vahel,muu,hakkama,pihta,1,,obl,
8081,käima mööda kellest/millest,el,vahel,mitte kunagi,muu,käima,mööda,1,,obl,
8082,peatama kellest/millest,el,mitte kunagi,vahel,muu,peatama,,1,,obl,
8083,olema lahti kellest/millest,el,mitte kunagi,vahel,muu,olema,lahti,1,,obl,
8084,peletama eemale kellest/millest,el,vahel,vahel,muu,peletama,eemale,1,,obl,
8085,aitama välja kellest/millest,el,mitte kunagi,vahel,muu,aitama,välja,1,,obl,
8086,murdma kellest/millest,el,vahel,vahel,muu,murdma,,1,,obl,
8087,jooksma välja kellest/millest,el,mitte kunagi,alati,mitte kunagi,jooksma,välja,1,,obl,
8088,kanduma kellest/millest,el,vahel,vahel,muu,kanduma,,1,,obl,
8089,pääsema edasi kellest/millest,el,vahel,vahel,mitte kunagi,pääsema,edasi,1,,obl,
8090,suhtuma kellest/millest,el,vahel,vahel,muu,suhtuma,,1,,obl,
8091,käituma kellest/millest,el,vahel,mitte kunagi,muu,käituma,,1,,obl,
8092,kiskuma kellest/millest,el,vahel,vahel,muu,kiskuma,,1,,obl,
8093,nautima kellest/millest,el,vahel,vahel,muu,nautima,,1,,obl,
8094,noppima kellest/millest,el,vahel,vahel,muu,noppima,,1,,obl,
8095,nägema välja kellest/millest,el,vahel,vahel,muu,nägema,välja,1,,obl,
8096,tungima kellest/millest,el,mitte kunagi,vahel,muu,tungima,,1,,obl,
8097,ärkama kellest/millest,el,mitte kunagi,vahel,muu,ärkama,,1,,obl,
8098,üllatama kellest/millest,el,vahel,mitte kunagi,muu,üllatama,,1,,obl,
8099,kaitsma kellest/millest,el,vahel,vahel,muu,kaitsma,,1,,obl,
8100,tõdema kellest/millest,el,vahel,vahel,muu,tõdema,,1,,obl,
8101,harjutama kellest/millest,el,mitte kunagi,vahel,muu,harjutama,,1,,obl,
8102,murdma läbi kellest/millest,el,mitte kunagi,vahel,muu,murdma,läbi,1,,obl,
8103,pääsema läbi kellest/millest,el,mitte kunagi,vahel,muu,pääsema,läbi,1,,obl,
8104,kavandama kellest/millest,el,vahel,vahel,muu,kavandama,,1,,obl,
8105,tõrjuma kellest/millest,el,mitte kunagi,vahel,muu,tõrjuma,,1,,obl,
8106,saama kaasa kellest/millest,el,mitte kunagi,vahel,muu,saama,kaasa,1,,obl,
8107,segama kellest/millest,el,vahel,vahel,muu,segama,,1,,obl,
8108,tulema kokku kellest/millest,el,mitte kunagi,vahel,muu,tulema,kokku,1,,obl,
8109,lõpma kellest/millest,el,mitte kunagi,vahel,muu,lõpma,,1,,obl,
8110,lööma lahku kellest/millest,el,alati,mitte kunagi,mitte kunagi,lööma,lahku,1,,obl,
8111,rebima kellest/millest,el,vahel,vahel,muu,rebima,,1,,obl,
8112,rippuma kellest/millest,el,vahel,vahel,muu,rippuma,,1,,obl,
8113,vajuma kellest/millest,el,vahel,vahel,muu,vajuma,,1,,obl,
8114,tooma esile kellest/millest,el,vahel,vahel,muu,tooma,esile,1,,obl,
8115,tormama kellest/millest,el,vahel,vahel,mitte kunagi,tormama,,1,,obl,
8116,imbuma kellest/millest,el,vahel,vahel,muu,imbuma,,1,,obl,
8117,olema üle kellest/millest,el,vahel,mitte kunagi,muu,olema,üle,1,,obl,
8118,innustuma kellest/millest,el,mitte kunagi,mitte kunagi,muu,innustuma,,1,,obl,
8119,kosuma kellest/millest,el,mitte kunagi,mitte kunagi,muu,kosuma,,1,,obl,
8120,kukkuma alla kellest/millest,el,mitte kunagi,vahel,muu,kukkuma,alla,1,,obl,
8121,valdama kellest/millest,el,vahel,vahel,muu,valdama,,1,,obl,
8122,voolama välja kellest/millest,el,mitte kunagi,vahel,muu,voolama,välja,1,,obl,
8123,asetama kellest/millest,el,vahel,mitte kunagi,muu,asetama,,1,,obl,
8124,laienema kellest/millest,el,mitte kunagi,vahel,muu,laienema,,1,,obl,
8125,nappima kellest/millest,el,mitte kunagi,vahel,muu,nappima,,1,,obl,
8126,olema ilma kellest/millest,el,vahel,mitte kunagi,muu,olema,ilma,1,,obl,
8127,arvestama kellest/millest,el,vahel,vahel,muu,arvestama,,1,,obl,
8128,puhuma kellest/millest,el,mitte kunagi,vahel,muu,puhuma,,1,,obl,
8129,sisenema kellest/millest,el,vahel,vahel,muu,sisenema,,1,,obl,
8130,jõudma välja kellest/millest,el,mitte kunagi,vahel,muu,jõudma,välja,1,,obl,
8131,kuulduma kellest/millest,el,vahel,vahel,muu,kuulduma,,1,,obl,
8132,tarbima kellest/millest,el,vahel,vahel,muu,tarbima,,1,,obl,
8133,torkama kellest/millest,el,vahel,vahel,muu,torkama,,1,,obl,
8134,tõotama kellest/millest,el,vahel,vahel,muu,tõotama,,1,,obl,
8135,tõstatama kellest/millest,el,mitte kunagi,mitte kunagi,muu,tõstatama,,1,,obl,
8136,tõstma välja kellest/millest,el,mitte kunagi,vahel,muu,tõstma,välja,1,,obl,
8137,astuma üles kellest/millest,el,vahel,vahel,muu,astuma,üles,1,,obl,
8138,hõivama kellest/millest,el,mitte kunagi,mitte kunagi,muu,hõivama,,1,,obl,
8139,maksma kinni kellest/millest,el,vahel,vahel,muu,maksma,kinni,1,,obl,
8140,ilmutama kellest/millest,el,vahel,vahel,muu,ilmutama,,1,,obl,
8141,imbuma läbi kellest/millest,el,mitte kunagi,vahel,muu,imbuma,läbi,1,,obl,
8142,jõudma kohale kellest/millest,el,vahel,vahel,muu,jõudma,kohale,1,,obl,
8143,siduma kellest/millest,el,vahel,vahel,muu,siduma,,1,,obl,
8144,ulatuma välja kellest/millest,el,mitte kunagi,vahel,muu,ulatuma,välja,1,,obl,
8145,asendama kellest/millest,el,mitte kunagi,vahel,muu,asendama,,1,,obl,
8146,jääma alla kellest/millest,el,vahel,vahel,muu,jääma,alla,1,,obl,
8147,kiirgama kellest/millest,el,vahel,vahel,muu,kiirgama,,1,,obl,
8148,lülitama välja kellest/millest,el,mitte kunagi,vahel,muu,lülitama,välja,1,,obl,
8149,rikkuma kellest/millest,el,mitte kunagi,vahel,muu,rikkuma,,1,,obl,
8150,jõustuma kellest/millest,el,vahel,vahel,muu,jõustuma,,1,,obl,
8151,katkestama kellest/millest,el,mitte kunagi,vahel,muu,katkestama,,1,,obl,
8152,keerama kellest/millest,el,vahel,vahel,muu,keerama,,1,,obl,
8153,saama juurde kellest/millest,el,mitte kunagi,vahel,muu,saama,juurde,1,,obl,
8154,elama ära kellest/millest,el,vahel,mitte kunagi,muu,elama,ära,1,,obl,
8155,kalduma kõrvale kellest/millest,el,mitte kunagi,vahel,muu,kalduma,kõrvale,1,,obl,
8156,neelama kellest/millest,el,mitte kunagi,vahel,muu,neelama,,1,,obl,
8157,suunama kellest/millest,el,vahel,vahel,muu,suunama,,1,,obl,
8158,tulema kohale kellest/millest,el,vahel,vahel,muu,tulema,kohale,1,,obl,
8159,hävitama kellest/millest,el,vahel,vahel,muu,hävitama,,1,,obl,
8160,nördima kellest/millest,el,vahel,mitte kunagi,muu,nördima,,1,,obl,
8161,rebima lahti kellest/millest,el,vahel,vahel,muu,rebima,lahti,1,,obl,
8162,juhatama kellest/millest,el,vahel,vahel,muu,juhatama,,1,,obl,
8163,osutama kellest/millest,el,vahel,vahel,muu,osutama,,1,,obl,
8164,pöörduma tagasi kellest/millest,el,vahel,vahel,muu,pöörduma,tagasi,1,,obl,
8165,usaldama kellest/millest,el,vahel,vahel,muu,usaldama,,1,,obl,
8166,äratama kellest/millest,el,mitte kunagi,mitte kunagi,muu,äratama,,1,,obl,
8167,ühinema kellest/millest,el,vahel,vahel,muu,ühinema,,1,,obl,
8168,koondama kellest/millest,el,vahel,vahel,muu,koondama,,1,,obl,
8169,kooruma välja kellest/millest,el,mitte kunagi,vahel,muu,kooruma,välja,1,,obl,
8170,soostuma kellest/millest,el,vahel,mitte kunagi,muu,soostuma,,1,,obl,
8171,tilkuma kellest/millest,el,mitte kunagi,vahel,muu,tilkuma,,1,,obl,
8172,keskenduma kellest/millest,el,mitte kunagi,vahel,muu,keskenduma,,1,,obl,
8173,esitlema kellest/millest,el,vahel,vahel,muu,esitlema,,1,,obl,
8174,kurtma kellest/millest,el,vahel,vahel,muu,kurtma,,1,,obl,
8175,käivituma kellest/millest,el,mitte kunagi,vahel,muu,käivituma,,1,,obl,
8176,laskma lahti kellest/millest,el,vahel,vahel,muu,laskma,lahti,1,,obl,
8177,laskma välja kellest/millest,el,mitte kunagi,vahel,muu,laskma,välja,1,,obl,
8178,sulgema kellest/millest,el,mitte kunagi,vahel,muu,sulgema,,1,,obl,
8179,välistama kellest/millest,el,vahel,vahel,muu,välistama,,1,,obl,
8180,jalutama kellest/millest,el,vahel,vahel,muu,jalutama,,1,,obl,
8181,loovutama kellest/millest,el,mitte kunagi,vahel,muu,loovutama,,1,,obl,
8182,pakkuma välja kellest/millest,el,vahel,vahel,muu,pakkuma,välja,1,,obl,
8183,alistama kellest/millest,el,mitte kunagi,vahel,muu,alistama,,1,,obl,
8184,eksisteerima kellest/millest,el,vahel,vahel,muu,eksisteerima,,1,,obl,
8185,nentima kellest/millest,el,vahel,vahel,mitte kunagi,nentima,,1,,obl,
8186,ronima kellest/millest,el,vahel,vahel,muu,ronima,,1,,obl,
8187,tervitama kellest/millest,el,vahel,vahel,muu,tervitama,,1,,obl,
8188,unustama kellest/millest,el,vahel,vahel,muu,unustama,,1,,obl,
8189,langetama kellest/millest,el,vahel,vahel,muu,langetama,,1,,obl,
8190,ihkama kellest/millest,el,mitte kunagi,vahel,muu,ihkama,,1,,obl,
8191,lükkama ümber kellest/millest,el,mitte kunagi,mitte kunagi,muu,lükkama,ümber,1,,obl,
8192,minema edasi kellest/millest,el,mitte kunagi,vahel,muu,minema,edasi,1,,obl,
8193,piirama kellest/millest,el,vahel,vahel,mitte kunagi,piirama,,1,,obl,
8194,rõõmustama kellest/millest,el,vahel,vahel,muu,rõõmustama,,1,,obl,
8195,suruma kellest/millest,el,mitte kunagi,vahel,muu,suruma,,1,,obl,
8196,eksima kellest/millest,el,vahel,vahel,muu,eksima,,1,,obl,
8197,kihama kellest/millest,el,vahel,mitte kunagi,muu,kihama,,1,,obl,
8198,kogema kellest/millest,el,vahel,vahel,muu,kogema,,1,,obl,
8199,saama sisse kellest/millest,el,vahel,vahel,muu,saama,sisse,1,,obl,
8200,tsiteerima kellest/millest,el,mitte kunagi,vahel,muu,tsiteerima,,1,,obl,
8201,võõrduma kellest/millest,el,vahel,vahel,muu,võõrduma,,1,,obl,
8202,karjuma kellest/millest,el,vahel,vahel,muu,karjuma,,1,,obl,
8203,peegelduma kellest/millest,el,vahel,mitte kunagi,muu,peegelduma,,1,,obl,
8204,särama kellest/millest,el,vahel,vahel,muu,särama,,1,,obl,
8205,ilmuma välja kellest/millest,el,vahel,vahel,mitte kunagi,ilmuma,välja,1,,obl,
8206,kaitsema kellest/millest,el,vahel,vahel,muu,kaitsema,,1,,obl,
8207,tõusma esile kellest/millest,el,vahel,vahel,muu,tõusma,esile,1,,obl,
8208,kindlustama kellest/millest,el,mitte kunagi,vahel,muu,kindlustama,,1,,obl,
8209,laskma läbi kellest/millest,el,mitte kunagi,vahel,muu,laskma,läbi,1,,obl,
8210,raporteerima kellest/millest,el,mitte kunagi,vahel,muu,raporteerima,,1,,obl,
8211,ehmuma kellest/millest,el,vahel,mitte kunagi,muu,ehmuma,,1,,obl,
8212,hävima kellest/millest,el,mitte kunagi,vahel,muu,hävima,,1,,obl,
8213,libisema kellest/millest,el,vahel,vahel,muu,libisema,,1,,obl,
8214,minema lahti kellest/millest,el,vahel,vahel,muu,minema,lahti,1,,obl,
8215,lõikama välja kellest/millest,el,mitte kunagi,vahel,muu,lõikama,välja,1,,obl,
8216,pärima kellest/millest,el,vahel,vahel,muu,pärima,,1,,obl,
8217,sadama kellest/millest,el,mitte kunagi,vahel,muu,,sadama,1,,obl,
8218,tulema läbi kellest/millest,el,mitte kunagi,vahel,muu,tulema,läbi,1,,obl,
8219,varjama kellest/millest,el,vahel,vahel,muu,varjama,,1,,obl,
8220,järeldama kellest/millest,el,vahel,mitte kunagi,muu,järeldama,,1,,obl,
8221,reisima kellest/millest,el,vahel,vahel,mitte kunagi,reisima,,1,,obl,
8222,viitsima kellest/millest,el,vahel,vahel,muu,viitsima,,1,,obl,
8223,ühendama kellest/millest,el,vahel,vahel,muu,ühendama,,1,,obl,
8224,kahanema kellest/millest,el,vahel,vahel,muu,kahanema,,1,,obl,
8225,kooruma kellest/millest,el,mitte kunagi,mitte kunagi,muu,kooruma,,1,,obl,
8226,mõõtma kellest/millest,el,mitte kunagi,vahel,muu,mõõtma,,1,,obl,
8227,pigistama välja kellest/millest,el,vahel,vahel,muu,pigistama,välja,1,,obl,
8228,plahvatama kellest/millest,el,mitte kunagi,vahel,muu,plahvatama,,1,,obl,
8229,uppuma kellest/millest,el,vahel,vahel,muu,uppuma,,1,,obl,
8230,venima kellest/millest,el,vahel,vahel,muu,venima,,1,,obl,
8231,kordama kellest/millest,el,vahel,vahel,muu,kordama,,1,,obl,
8232,maanduma kellest/millest,el,mitte kunagi,vahel,muu,maanduma,,1,,obl,
8233,tulema juurde kellest/millest,el,mitte kunagi,vahel,muu,tulema,juurde,1,,obl,
8234,distantseerima kellest/millest,el,vahel,vahel,muu,distantseerima,,1,,obl,
8235,jääma ära kellest/millest,el,vahel,vahel,muu,jääma,ära,1,,obl,
8236,otsima üles kellest/millest,el,mitte kunagi,alati,mitte kunagi,otsima,üles,1,,obl,
8237,paiskuma kellest/millest,el,mitte kunagi,vahel,muu,paiskuma,,1,,obl,
8238,tulema ette kellest/millest,el,mitte kunagi,vahel,muu,tulema,ette,1,,obl,
8239,ujuma kellest/millest,el,vahel,vahel,muu,ujuma,,1,,obl,
8240,vestma kellest/millest,el,vahel,mitte kunagi,muu,vestma,,1,,obl,
8241,võrduma kellest/millest,el,mitte kunagi,vahel,muu,võrduma,,1,,obl,
8242,kandma ette kellest/millest,el,mitte kunagi,mitte kunagi,muu,kandma,ette,1,,obl,
8243,kujunema välja kellest/millest,el,vahel,vahel,muu,kujunema,välja,1,,obl,
8244,meelitama kellest/millest,el,mitte kunagi,vahel,muu,meelitama,,1,,obl,
8245,pidama vastu kellest/millest,el,vahel,vahel,muu,pidama,vastu,1,,obl,
8246,saama villand kellest/millest,el,mitte kunagi,mitte kunagi,muu,saama,villand,1,,obl,
8247,tegema ära kellest/millest,el,vahel,mitte kunagi,muu,tegema,ära,1,,obl,
8248,tirima kellest/millest,el,mitte kunagi,vahel,muu,tirima,,1,,obl,
8249,treenima kellest/millest,el,vahel,vahel,muu,treenima,,1,,obl,
8250,lööma välja kellest/millest,el,vahel,vahel,muu,lööma,välja,1,,obl,
8251,meisterdama kellest/millest,el,mitte kunagi,mitte kunagi,muu,meisterdama,,1,,obl,
8252,registreerima kellest/millest,el,vahel,vahel,muu,registreerima,,1,,obl,
8253,vastutama kellest/millest,el,vahel,vahel,muu,vastutama,,1,,obl,
8254,domineerima kellest/millest,el,vahel,vahel,muu,domineerima,,1,,obl,
8255,eitama kellest/millest,el,mitte kunagi,vahel,muu,eitama,,1,,obl,
8256,jutlustama kellest/millest,el,mitte kunagi,mitte kunagi,muu,jutlustama,,1,,obl,
8257,kirjutama alla kellest/millest,el,vahel,vahel,muu,kirjutama,alla,1,,obl,
8258,otsima välja kellest/millest,el,mitte kunagi,vahel,muu,otsima,välja,1,,obl,
8259,suhtlema kellest/millest,el,vahel,vahel,muu,suhtlema,,1,,obl,
8260,valama kellest/millest,el,mitte kunagi,vahel,muu,valama,,1,,obl,
8261,külvama kellest/millest,el,mitte kunagi,vahel,muu,külvama,,1,,obl,
8262,tarima kellest/millest,el,mitte kunagi,vahel,muu,tarima,,1,,obl,
8263,külmutama kellest/millest,el,mitte kunagi,vahel,muu,külmutama,,1,,obl,
8264,tappima kellest/millest,el,vahel,vahel,muu,tappima,,1,,obl,
8265,kõndima üle kellest/millest,el,vahel,vahel,muu,kõndima,üle,1,,obl,
8266,murdma välja kellest/millest,el,vahel,vahel,muu,murdma,välja,1,,obl,
8267,tulema üles kellest/millest,el,mitte kunagi,vahel,muu,tulema,üles,1,,obl,
8268,kõndima välja kellest/millest,el,mitte kunagi,alati,mitte kunagi,kõndima,välja,1,,obl,
8269,murdma sisse kellest/millest,el,mitte kunagi,vahel,muu,murdma,sisse,1,,obl,
8270,tulema üle kellest/millest,el,vahel,vahel,muu,tulema,üle,1,,obl,
8271,murduma kellest/millest,el,vahel,vahel,muu,murduma,,1,,obl,
8272,kõndima mööda kellest/millest,el,vahel,vahel,muu,kõndima,mööda,1,,obl,
8273,kõndima läbi kellest/millest,el,mitte kunagi,vahel,muu,kõndima,läbi,1,,obl,
8274,tulema peale kellest/millest,el,vahel,vahel,muu,tulema,peale,1,,obl,
8275,tulema vastu kellest/millest,el,mitte kunagi,vahel,pole kindel,tulema,vastu,1,,obl,
8276,silitama kellest/millest,el,mitte kunagi,vahel,muu,silitama,,1,,obl,
8277,targutama kellest/millest,el,mitte kunagi,mitte kunagi,muu,targutama,,1,,obl,
8278,purskama kellest/millest,el,mitte kunagi,vahel,muu,purskama,,1,,obl,
8279,tulema sisse kellest/millest,el,mitte kunagi,vahel,muu,tulema,sisse,1,,obl,
8280,köitma kellest/millest,el,vahel,vahel,muu,köitma,,1,,obl,
8281,purskuma välja kellest/millest,el,vahel,vahel,muu,purskuma,välja,1,,obl,
8282,purskuma kellest/millest,el,mitte kunagi,vahel,muu,purskuma,,1,,obl,
8283,küpsema kellest/millest,el,vahel,vahel,muu,,küpsema,1,,obl,
8284,tulema mööda kellest/millest,el,vahel,vahel,muu,tulema,mööda,1,,obl,
8285,kündma kellest/millest,el,vahel,vahel,muu,kündma,,1,,obl,
8286,tulema maha kellest/millest,el,mitte kunagi,vahel,muu,tulema,maha,1,,obl,
8287,küpsetama kellest/millest,el,mitte kunagi,mitte kunagi,muu,küpsetama,,1,,obl,
8288,muigama kellest/millest,el,vahel,vahel,muu,muigama,,1,,obl,
8289,külmuma kellest/millest,el,mitte kunagi,vahel,muu,külmuma,,1,,obl,
8290,kõrvetama kellest/millest,el,vahel,vahel,muu,kõrvetama,,1,,obl,
8291,hõlbustama kellest/millest,el,mitte kunagi,vahel,muu,hõlbustama,,1,,obl,
8292,suunama mööda kellest/millest,el,vahel,vahel,muu,suunama,mööda,1,,obl,
8293,sujuma kellest/millest,el,vahel,mitte kunagi,muu,sujuma,,1,,obl,
8294,andma kaasa kellest/millest,el,vahel,vahel,muu,andma,kaasa,1,,obl,
8295,hargnema kellest/millest,el,mitte kunagi,vahel,muu,hargnema,,1,,obl,
8296,hääletama vastu kellest/millest,el,vahel,vahel,muu,hääletama,vastu,1,,obl,
8297,ristima kellest/millest,el,vahel,vahel,muu,ristima,,1,,obl,
8298,palvetama kellest/millest,el,vahel,vahel,muu,palvetama,,1,,obl,
8299,peetuma kinni kellest/millest,el,mitte kunagi,vahel,muu,,peetuma,1,,obl,
8300,harjuma kellest/millest,el,mitte kunagi,vahel,muu,harjuma,,1,,obl,
8301,vägistama kellest/millest,el,vahel,vahel,muu,vägistama,,1,,obl,
8302,osalema üle kellest/millest,el,vahel,vahel,mitte kunagi,osalema,üle,1,,obl,
8303,hääletama välja kellest/millest,el,mitte kunagi,vahel,muu,hääletama,välja,1,,obl,
8304,sõitma ette kellest/millest,el,mitte kunagi,vahel,muu,sõitma,ette,1,,obl,
8305,baseeruma kellest/millest,el,vahel,vahel,muu,baseeruma,,1,,obl,
8306,andma järele kellest/millest,el,mitte kunagi,vahel,muu,andma,järele,1,,obl,
8307,viskama alla kellest/millest,el,mitte kunagi,vahel,muu,viskama,alla,1,,obl,
8308,murdma lahti kellest/millest,el,mitte kunagi,vahel,muu,murdma,lahti,1,,obl,
8309,hõikama kellest/millest,el,vahel,vahel,muu,hõikama,,1,,obl,
8310,kõssama kellest/millest,el,vahel,mitte kunagi,muu,kõssama,,1,,obl,
8311,purunema kellest/millest,el,mitte kunagi,vahel,muu,purunema,,1,,obl,
8312,murdma maha kellest/millest,el,vahel,vahel,muu,murdma,maha,1,,obl,
8313,kõrbema kellest/millest,el,vahel,mitte kunagi,muu,kõrbema,,1,,obl,
8314,sikutama välja kellest/millest,el,mitte kunagi,alati,mitte kunagi,sikutama,välja,1,,obl,
8315,purustama kellest/millest,el,vahel,vahel,muu,purustama,,1,,obl,
8316,kõrguma kellest/millest,el,mitte kunagi,vahel,muu,kõrguma,,1,,obl,
8317,andma kokku kellest/millest,el,vahel,mitte kunagi,muu,andma,kokku,1,,obl,
8318,osatama kellest/millest,el,vahel,vahel,muu,osatama,,1,,obl,
8319,rääkima edasi kellest/millest,el,vahel,mitte kunagi,muu,rääkima,edasi,1,,obl,
8320,harima kellest/millest,el,vahel,vahel,muu,harima,,1,,obl,
8321,blokeerima kellest/millest,el,mitte kunagi,vahel,muu,blokeerima,,1,,obl,
8322,munema kellest/millest,el,vahel,vahel,muu,munema,,1,,obl,
8323,purskama välja kellest/millest,el,vahel,vahel,mitte kunagi,purskama,välja,1,,obl,
8324,tarduma kellest/millest,el,vahel,mitte kunagi,muu,tarduma,,1,,obl,
8325,pulbitsema kellest/millest,el,mitte kunagi,vahel,muu,pulbitsema,,1,,obl,
8326,lakkama kellest/millest,el,mitte kunagi,vahel,muu,lakkama,,1,,obl,
8327,laiutama kellest/millest,el,mitte kunagi,vahel,muu,laiutama,,1,,obl,
8328,tassima välja kellest/millest,el,vahel,vahel,mitte kunagi,tassima,välja,1,,obl,
8329,laiuma kellest/millest,el,mitte kunagi,vahel,muu,laiuma,,1,,obl,
8330,tuhmuma kellest/millest,el,vahel,mitte kunagi,muu,tuhmuma,,1,,obl,
8331,lainetama kellest/millest,el,mitte kunagi,mitte kunagi,muu,lainetama,,1,,obl,
8332,mustama kellest/millest,el,vahel,vahel,muu,mustama,,1,,obl,
8333,tumenema kellest/millest,el,mitte kunagi,mitte kunagi,muu,tumenema,,1,,obl,
8334,kõigutama kellest/millest,el,mitte kunagi,vahel,muu,kõigutama,,1,,obl,
8335,musitseerima kellest/millest,el,vahel,vahel,muu,musitseerima,,1,,obl,
8336,tulvama kellest/millest,el,mitte kunagi,vahel,mitte kunagi,tulvama,,1,,obl,
8337,käärima kellest/millest,el,vahel,vahel,muu,käärima,,1,,obl,
8338,tundma kaasa kellest/millest,el,mitte kunagi,vahel,muu,tundma,kaasa,1,,obl,
8339,tuhisema mööda kellest/millest,el,vahel,mitte kunagi,muu,tuhisema,mööda,1,,obl,
8340,lakkuma kellest/millest,el,mitte kunagi,vahel,muu,lakkuma,,1,,obl,
8341,tuikuma välja kellest/millest,el,mitte kunagi,alati,mitte kunagi,tuikuma,välja,1,,obl,
8342,pumpama välja kellest/millest,el,vahel,vahel,muu,pumpama,välja,1,,obl,
8343,lahustuma kellest/millest,el,mitte kunagi,mitte kunagi,muu,lahustuma,,1,,obl,
8344,laiendama kellest/millest,el,mitte kunagi,vahel,ebakorrektne märgendus,laiendama,,1,,obl,
8345,lahknema kellest/millest,el,vahel,vahel,muu,lahknema,,1,,obl,
8346,punetama kellest/millest,el,mitte kunagi,vahel,muu,punetama,,1,,obl,
8347,moodustama alla kellest/millest,el,vahel,mitte kunagi,muu,moodustama,alla,1,,obl,
8348,lahkama kellest/millest,el,vahel,vahel,muu,lahkama,,1,,obl,
8349,tuiskama kellest/millest,el,vahel,vahel,muu,tuiskama,,1,,obl,
8350,monteerima kellest/millest,el,mitte kunagi,mitte kunagi,muu,monteerima,,1,,obl,
8351,punastama kellest/millest,el,vahel,mitte kunagi,muu,punastama,,1,,obl,
8352,tuiskama mööda kellest/millest,el,alati,mitte kunagi,mitte kunagi,tuiskama,mööda,1,,obl,
8353,lahkuma tagasi kellest/millest,el,mitte kunagi,vahel,muu,lahkuma,tagasi,1,,obl,
8354,pumpama kellest/millest,el,mitte kunagi,vahel,muu,pumpama,,1,,obl,
8355,lajatama kellest/millest,el,mitte kunagi,vahel,muu,lajatama,,1,,obl,
8356,tumestama kellest/millest,el,vahel,vahel,muu,tumestama,,1,,obl,
8357,tundma peale kellest/millest,el,vahel,vahel,muu,tundma,peale,1,,obl,
8358,muunduma kellest/millest,el,vahel,mitte kunagi,muu,muunduma,,1,,obl,
8359,pillama kellest/millest,el,vahel,vahel,muu,pillama,,1,,obl,
8360,käivitama kellest/millest,el,mitte kunagi,vahel,muu,käivitama,,1,,obl,
8361,tungima sisse kellest/millest,el,mitte kunagi,vahel,muu,tungima,sisse,1,,obl,
8362,tungima kallale kellest/millest,el,mitte kunagi,vahel,muu,tungima,kallale,1,,obl,
8363,tungima läbi kellest/millest,el,vahel,vahel,muu,tungima,läbi,1,,obl,
8364,käskima kellest/millest,el,mitte kunagi,vahel,muu,käskima,,1,,obl,
8365,käsutama välja kellest/millest,el,mitte kunagi,alati,mitte kunagi,käsutama,välja,1,,obl,
8366,kätkema kellest/millest,el,vahel,vahel,muu,kätkema,,1,,obl,
8367,käsutama kellest/millest,el,vahel,vahel,muu,käsutama,,1,,obl,
8368,siirduma edasi kellest/millest,el,mitte kunagi,vahel,muu,siirduma,edasi,1,,obl,
8369,puutuma kellest/millest,el,vahel,vahel,muu,puutuma,,1,,obl,
8370,puurima kellest/millest,el,mitte kunagi,vahel,muu,puurima,,1,,obl,
8371,kõmmutama kellest/millest,el,mitte kunagi,vahel,muu,kõmmutama,,1,,obl,
8372,kõmisema kellest/millest,el,vahel,mitte kunagi,muu,kõmisema,,1,,obl,
8373,sikutama kellest/millest,el,mitte kunagi,vahel,muu,sikutama,,1,,obl,
8374,murduma lahti kellest/millest,el,mitte kunagi,vahel,muu,murduma,lahti,1,,obl,
8375,pussitama kellest/millest,el,vahel,vahel,muu,pussitama,,1,,obl,
8376,tuletuma kellest/millest,el,mitte kunagi,vahel,muu,tuletuma,,1,,obl,
8377,sopsama kellest/millest,el,mitte kunagi,mitte kunagi,muu,sopsama,,1,,obl,
8378,kärpima kellest/millest,el,mitte kunagi,vahel,muu,kärpima,,1,,obl,
8379,kõlbama kellest/millest,el,vahel,vahel,muu,kõlbama,,1,,obl,
8380,kõlama läbi kellest/millest,el,mitte kunagi,mitte kunagi,muu,kõlama,läbi,1,,obl,
8381,muretsema kellest/millest,el,vahel,vahel,muu,muretsema,,1,,obl,
8382,kärisema kellest/millest,el,mitte kunagi,vahel,muu,kärisema,,1,,obl,
8383,kärgatama kellest/millest,el,mitte kunagi,vahel,muu,kärgatama,,1,,obl,
8384,õppima ära kellest/millest,el,vahel,vahel,muu,õppima,ära,1,,obl,
8385,saama vastu kellest/millest,el,vahel,vahel,muu,saama,vastu,1,,obl,
8386,disainima kellest/millest,el,vahel,mitte kunagi,muu,disainima,,1,,obl,
8387,hajuma kellest/millest,el,vahel,vahel,muu,hajuma,,1,,obl,
8388,hüppama maha kellest/millest,el,mitte kunagi,vahel,muu,hüppama,maha,1,,obl,
8389,sõitma kohale kellest/millest,el,mitte kunagi,alati,mitte kunagi,sõitma,kohale,1,,obl,
8390,hajutama kellest/millest,el,mitte kunagi,vahel,muu,hajutama,,1,,obl,
8391,dirigeerima kellest/millest,el,vahel,vahel,muu,dirigeerima,,1,,obl,
8392,pasundama kellest/millest,el,mitte kunagi,mitte kunagi,muu,pasundama,,1,,obl,
8393,alistuma kellest/millest,el,vahel,mitte kunagi,muu,alistuma,,1,,obl,
8394,sõitma kokku kellest/millest,el,vahel,vahel,mitte kunagi,sõitma,kokku,1,,obl,
8395,hüppama sisse kellest/millest,el,mitte kunagi,alati,mitte kunagi,hüppama,sisse,1,,obl,
8396,haistma kellest/millest,el,vahel,vahel,mitte kunagi,haistma,,1,,obl,
8397,hakkama peale kellest/millest,el,mitte kunagi,vahel,muu,hakkama,peale,1,,obl,
8398,ostma kaasa kellest/millest,el,vahel,vahel,mitte kunagi,ostma,kaasa,1,,obl,
8399,paiskama välja kellest/millest,el,mitte kunagi,vahel,muu,paiskama,välja,1,,obl,
8400,ööbima kellest/millest,el,vahel,vahel,muu,ööbima,,1,,obl,
8401,hakkama kinni kellest/millest,el,vahel,mitte kunagi,muu,hakkama,kinni,1,,obl,
8402,diagnoosima kellest/millest,el,vahel,vahel,muu,diagnoosima,,1,,obl,
8403,saama maha kellest/millest,el,vahel,vahel,muu,saama,maha,1,,obl,
8404,ostma kokku kellest/millest,el,mitte kunagi,vahel,muu,ostma,kokku,1,,obl,
8405,võtma sisse kellest/millest,el,vahel,mitte kunagi,muu,võtma,sisse,1,,obl,
8406,virguma kellest/millest,el,mitte kunagi,vahel,muu,virguma,,1,,obl,
8407,ostma juurde kellest/millest,el,mitte kunagi,vahel,muu,ostma,juurde,1,,obl,
8408,rändama sisse kellest/millest,el,mitte kunagi,alati,mitte kunagi,rändama,sisse,1,,obl,
8409,välgatama kellest/millest,el,vahel,vahel,muu,välgatama,,1,,obl,
8410,sätestama kellest/millest,el,vahel,vahel,muu,sätestama,,1,,obl,
8411,hüplema kellest/millest,el,mitte kunagi,vahel,muu,hüplema,,1,,obl,
8412,rändama ringi kellest/millest,el,vahel,vahel,muu,rändama,ringi,1,,obl,
8413,alluma kellest/millest,el,vahel,vahel,muu,alluma,,1,,obl,
8414,diferentseerima kellest/millest,el,vahel,vahel,muu,diferentseerima,,1,,obl,
8415,andma edasi kellest/millest,el,mitte kunagi,vahel,muu,andma,edasi,1,,obl,
8416,defineerima kellest/millest,el,mitte kunagi,vahel,muu,defineerima,,1,,obl,
8417,hõõguma kellest/millest,el,mitte kunagi,vahel,muu,hõõguma,,1,,obl,
8418,andestama kellest/millest,el,vahel,vahel,muu,andestama,,1,,obl,
8419,sakutama kellest/millest,el,mitte kunagi,vahel,muu,sakutama,,1,,obl,
8420,hammustama kellest/millest,el,mitte kunagi,mitte kunagi,muu,hammustama,,1,,obl,
8421,visandama kellest/millest,el,vahel,mitte kunagi,muu,visandama,,1,,obl,
8422,olema ära kellest/millest,el,mitte kunagi,vahel,muu,olema,ära,1,,obl,
8423,võtma üles kellest/millest,el,vahel,vahel,muu,võtma,üles,1,,obl,
8424,analüüsima kellest/millest,el,vahel,mitte kunagi,muu,analüüsima,,1,,obl,
8425,paiskuma alla kellest/millest,el,mitte kunagi,alati,mitte kunagi,paiskuma,alla,1,,obl,
8426,hakkama välja kellest/millest,el,mitte kunagi,vahel,muu,hakkama,välja,1,,obl,
8427,virutama kellest/millest,el,vahel,vahel,mitte kunagi,virutama,,1,,obl,
8428,räppima kellest/millest,el,vahel,mitte kunagi,muu,räppima,,1,,obl,
8429,rändama läbi kellest/millest,el,mitte kunagi,vahel,muu,rändama,läbi,1,,obl,
8430,ampsama kellest/millest,el,vahel,vahel,muu,ampsama,,1,,obl,
8431,väljastama kellest/millest,el,mitte kunagi,vahel,muu,väljastama,,1,,obl,
8432,hüppama läbi kellest/millest,el,mitte kunagi,vahel,muu,hüppama,läbi,1,,obl,
8433,allkirjastama kellest/millest,el,mitte kunagi,vahel,muu,allkirjastama,,1,,obl,
8434,dikteerima kellest/millest,el,mitte kunagi,vahel,muu,dikteerima,,1,,obl,
8435,suunduma välja kellest/millest,el,mitte kunagi,alati,mitte kunagi,suunduma,välja,1,,obl,
8436,võtma peale kellest/millest,el,mitte kunagi,vahel,muu,võtma,peale,1,,obl,
8437,panema kinni kellest/millest,el,mitte kunagi,vahel,muu,panema,kinni,1,,obl,
8438,debüteerima kellest/millest,el,vahel,vahel,muu,debüteerima,,1,,obl,
8439,hõnguma kellest/millest,el,vahel,vahel,muu,hõnguma,,1,,obl,
8440,surema ära kellest/millest,el,vahel,mitte kunagi,muu,surema,ära,1,,obl,
8441,amortiseeruma kellest/millest,el,mitte kunagi,vahel,muu,amortiseeruma,,1,,obl,
8442,võtma üle kellest/millest,el,mitte kunagi,vahel,muu,võtma,üle,1,,obl,
8443,halvenema kellest/millest,el,mitte kunagi,vahel,muu,halvenema,,1,,obl,
8444,sättima kellest/millest,el,vahel,vahel,muu,sättima,,1,,obl,
8445,kihisema kellest/millest,el,vahel,mitte kunagi,muu,kihisema,,1,,obl,
8446,saama ära kellest/millest,el,vahel,vahel,mitte kunagi,saama,ära,1,,obl,
8447,hüppama alla kellest/millest,el,mitte kunagi,vahel,muu,hüppama,alla,1,,obl,
8448,võtma tagasi kellest/millest,el,mitte kunagi,vahel,muu,võtma,tagasi,1,,obl,
8449,võõrustama kellest/millest,el,vahel,vahel,muu,võõrustama,,1,,obl,
8450,panema alla kellest/millest,el,vahel,vahel,muu,panema,alla,1,,obl,
8451,hõiskama kellest/millest,el,mitte kunagi,vahel,muu,hõiskama,,1,,obl,
8452,paistma ära kellest/millest,el,mitte kunagi,vahel,muu,paistma,ära,1,,obl,
8453,rääkima tagasi kellest/millest,el,mitte kunagi,mitte kunagi,muu,rääkima,tagasi,1,,obl,
8454,andma ära kellest/millest,el,mitte kunagi,vahel,muu,andma,ära,1,,obl,
8455,sõitma eemale kellest/millest,el,vahel,vahel,muu,sõitma,eemale,1,,obl,
8456,viskama maha kellest/millest,el,vahel,vahel,muu,viskama,maha,1,,obl,
8457,hääbuma kellest/millest,el,vahel,vahel,muu,hääbuma,,1,,obl,
8458,suubuma kellest/millest,el,mitte kunagi,vahel,muu,suubuma,,1,,obl,
8459,haukama kellest/millest,el,mitte kunagi,vahel,muu,haukama,,1,,obl,
8460,peetuma kellest/millest,el,mitte kunagi,vahel,muu,,peetuma,1,,obl,
8461,andma ette kellest/millest,el,vahel,vahel,muu,andma,ette,1,,obl,
8462,salgama kellest/millest,el,vahel,vahel,muu,salgama,,1,,obl,
8463,broneerima kellest/millest,el,vahel,vahel,muu,broneerima,,1,,obl,
8464,hõljuma kellest/millest,el,vahel,vahel,muu,hõljuma,,1,,obl,
8465,andma alla kellest/millest,el,vahel,mitte kunagi,muu,andma,alla,1,,obl,
8466,võõrandama kellest/millest,el,vahel,mitte kunagi,muu,võõrandama,,1,,obl,
8467,saama otsa kellest/millest,el,mitte kunagi,vahel,muu,saama,otsa,1,,obl,
8468,paiskuma välja kellest/millest,el,vahel,vahel,muu,paiskuma,välja,1,,obl,
8469,hammustama ära kellest/millest,el,mitte kunagi,vahel,muu,hammustama,ära,1,,obl,
8470,võõranduma kellest/millest,el,vahel,mitte kunagi,muu,võõranduma,,1,,obl,
8471,passima kellest/millest,el,vahel,vahel,muu,passima,,1,,obl,
8472,võõrutama kellest/millest,el,mitte kunagi,mitte kunagi,muu,võõrutama,,1,,obl,
8473,andma juurde kellest/millest,el,mitte kunagi,vahel,muu,andma,juurde,1,,obl,
8474,rüüpama kellest/millest,el,mitte kunagi,alati,mitte kunagi,rüüpama,,1,,obl,
8475,vupsama välja kellest/millest,el,mitte kunagi,vahel,muu,vupsama,välja,1,,obl,
8476,hämmelduma kellest/millest,el,mitte kunagi,mitte kunagi,muu,hämmelduma,,1,,obl,
8477,heidutama kellest/millest,el,vahel,vahel,muu,heidutama,,1,,obl,
8478,avalikustama kellest/millest,el,vahel,mitte kunagi,muu,avalikustama,,1,,obl,
8479,avardama kellest/millest,el,vahel,mitte kunagi,muu,avardama,,1,,obl,
8480,paistma sisse kellest/millest,el,mitte kunagi,vahel,muu,paistma,sisse,1,,obl,
8481,suudlema kellest/millest,el,vahel,mitte kunagi,muu,suudlema,,1,,obl,
8482,harutama lahti kellest/millest,el,mitte kunagi,vahel,muu,harutama,lahti,1,,obl,
8483,saama vaja kellest/millest,el,mitte kunagi,vahel,muu,saama,vaja,1,,obl,
8484,vurama mööda kellest/millest,el,vahel,vahel,muu,vurama,mööda,1,,obl,
8485,oletama kellest/millest,el,vahel,mitte kunagi,muu,oletama,,1,,obl,
8486,hauduma kellest/millest,el,mitte kunagi,mitte kunagi,muu,hauduma,,1,,obl,
8487,riskima kellest/millest,el,vahel,vahel,muu,riskima,,1,,obl,
8488,harrastama kellest/millest,el,vahel,vahel,muu,harrastama,,1,,obl,
8489,andma tagasi kellest/millest,el,mitte kunagi,vahel,muu,andma,tagasi,1,,obl,
8490,õnnistama kellest/millest,el,vahel,vahel,muu,õnnistama,,1,,obl,
8491,hakkama külge kellest/millest,el,mitte kunagi,vahel,muu,hakkama,külge,1,,obl,
8492,osalema kokku kellest/millest,el,vahel,vahel,mitte kunagi,osalema,kokku,1,,obl,
8493,paistma läbi kellest/millest,el,mitte kunagi,vahel,muu,paistma,läbi,1,,obl,
8494,viskama mööda kellest/millest,el,vahel,mitte kunagi,muu,viskama,mööda,1,,obl,
8495,anduma kellest/millest,el,vahel,vahel,muu,anduma,,1,,obl,
8496,andma üle kellest/millest,el,vahel,vahel,muu,andma,üle,1,,obl,
8497,vurama kellest/millest,el,mitte kunagi,vahel,muu,vurama,,1,,obl,
8498,ytlema kellest/millest,el,vahel,mitte kunagi,muu,ytlema,,1,,obl,
8499,andma üles kellest/millest,el,vahel,vahel,muu,andma,üles,1,,obl,
8500,õnnitlema kellest/millest,el,vahel,vahel,muu,õnnitlema,,1,,obl,
8501,hääletama maha kellest/millest,el,mitte kunagi,vahel,muu,hääletama,maha,1,,obl,
8502,rääkima mööda kellest/millest,el,vahel,mitte kunagi,muu,rääkima,mööda,1,,obl,
8503,avastama kokku kellest/millest,el,mitte kunagi,alati,mitte kunagi,avastama,kokku,1,,obl,
8504,rääkima läbi kellest/millest,el,vahel,mitte kunagi,muu,rääkima,läbi,1,,obl,
8505,saama valmis kellest/millest,el,vahel,vahel,muu,saama,valmis,1,,obl,
8506,saama peale kellest/millest,el,mitte kunagi,vahel,muu,saama,peale,1,,obl,
8507,lahvatama kellest/millest,el,mitte kunagi,vahel,muu,lahvatama,,1,,obl,
8508,puistama kellest/millest,el,vahel,vahel,muu,puistama,,1,,obl,
8509,sõitma kaasa kellest/millest,el,vahel,vahel,muu,sõitma,kaasa,1,,obl,
8510,käima ringi kellest/millest,el,vahel,vahel,muu,käima,ringi,1,,obl,
8511,sihtima kellest/millest,el,mitte kunagi,vahel,muu,sihtima,,1,,obl,
8512,pilduma kellest/millest,el,mitte kunagi,vahel,muu,pilduma,,1,,obl,
8513,tunnetama kellest/millest,el,vahel,mitte kunagi,muu,tunnetama,,1,,obl,
8514,talutama välja kellest/millest,el,mitte kunagi,alati,mitte kunagi,talutama,välja,1,,obl,
8515,tutvuma kellest/millest,el,vahel,vahel,muu,tutvuma,,1,,obl,
8516,mängima kaasa kellest/millest,el,vahel,vahel,muu,mängima,kaasa,1,,obl,
8517,talvituma kellest/millest,el,vahel,mitte kunagi,muu,talvituma,,1,,obl,
8518,turvama kellest/millest,el,mitte kunagi,vahel,muu,turvama,,1,,obl,
8519,kuulutama välja kellest/millest,el,vahel,vahel,muu,kuulutama,välja,1,,obl,
8520,kuuluma kokku kellest/millest,el,vahel,vahel,muu,kuuluma,kokku,1,,obl,
8521,mängima koos kellest/millest,el,mitte kunagi,vahel,muu,mängima,koos,1,,obl,
8522,pärandama kellest/millest,el,vahel,vahel,muu,pärandama,,1,,obl,
8523,käima sisse kellest/millest,el,mitte kunagi,vahel,muu,käima,sisse,1,,obl,
8524,tungima välja kellest/millest,el,mitte kunagi,vahel,muu,tungima,välja,1,,obl,
8525,käima edasi kellest/millest,el,vahel,vahel,muu,käima,edasi,1,,obl,
8526,käima koos kellest/millest,el,mitte kunagi,vahel,muu,käima,koos,1,,obl,
8527,käima peale kellest/millest,el,mitte kunagi,alati,mitte kunagi,käima,peale,1,,obl,
8528,mädanema kellest/millest,el,mitte kunagi,vahel,muu,mädanema,,1,,obl,
8529,tantsima kellest/millest,el,vahel,vahel,muu,tantsima,,1,,obl,
8530,signaliseerima kellest/millest,el,mitte kunagi,mitte kunagi,muu,signaliseerima,,1,,obl,
8531,pildistama kellest/millest,el,vahel,vahel,muu,pildistama,,1,,obl,
8532,käima ees kellest/millest,el,vahel,mitte kunagi,muu,käima,ees,1,,obl,
8533,käima kaasas kellest/millest,el,vahel,vahel,muu,käima,kaasas,1,,obl,
8534,käima kohal kellest/millest,el,vahel,vahel,muu,käima,kohal,1,,obl,
8535,käima kokku kellest/millest,el,vahel,vahel,muu,käima,kokku,1,,obl,
8536,tunnustama kellest/millest,el,vahel,vahel,muu,tunnustama,,1,,obl,
8537,käima ära kellest/millest,el,vahel,vahel,muu,käima,ära,1,,obl,
8538,puutuma kokku kellest/millest,el,vahel,vahel,muu,puutuma,kokku,1,,obl,
8539,tunglema kellest/millest,el,vahel,vahel,muu,tunglema,,1,,obl,
8540,käima välja kellest/millest,el,vahel,vahel,muu,käima,välja,1,,obl,
8541,käibima kellest/millest,el,vahel,vahel,muu,käibima,,1,,obl,
8542,krahmama kinni kellest/millest,el,mitte kunagi,vahel,muu,krahmama,kinni,1,,obl,
8543,tahtma ära kellest/millest,el,mitte kunagi,vahel,muu,tahtma,ära,1,,obl,
8544,mõistma välja kellest/millest,el,mitte kunagi,vahel,muu,mõistma,välja,1,,obl,
8545,kruvima kellest/millest,el,mitte kunagi,vahel,muu,kruvima,,1,,obl,
8546,tõmbama maha kellest/millest,el,mitte kunagi,vahel,muu,tõmbama,maha,1,,obl,
8547,pääsema üle kellest/millest,el,mitte kunagi,vahel,muu,pääsema,üle,1,,obl,
8548,tõmbama läbi kellest/millest,el,mitte kunagi,vahel,muu,tõmbama,läbi,1,,obl,
8549,määrima kellest/millest,el,vahel,vahel,muu,määrima,,1,,obl,
8550,tõmbama alla kellest/millest,el,mitte kunagi,vahel,muu,tõmbama,alla,1,,obl,
8551,määrduma kellest/millest,el,vahel,vahel,muu,määrduma,,1,,obl,
8552,tõmbama eemale kellest/millest,el,vahel,vahel,muu,tõmbama,eemale,1,,obl,
8553,päästma ära kellest/millest,el,vahel,vahel,muu,päästma,ära,1,,obl,
8554,tõmbama sisse kellest/millest,el,mitte kunagi,vahel,muu,tõmbama,sisse,1,,obl,
8555,tõmbama lahti kellest/millest,el,vahel,vahel,muu,tõmbama,lahti,1,,obl,
8556,käima alla kellest/millest,el,vahel,vahel,muu,käima,alla,1,,obl,
8557,kuhjuma kellest/millest,el,mitte kunagi,vahel,muu,kuhjuma,,1,,obl,
8558,siginema kellest/millest,el,mitte kunagi,vahel,muu,siginema,,1,,obl,
8559,kvalifitseeruma kellest/millest,el,vahel,vahel,muu,kvalifitseeruma,,1,,obl,
8560,turustama kellest/millest,el,mitte kunagi,vahel,muu,turustama,,1,,obl,
8561,turritama kellest/millest,el,vahel,vahel,muu,turritama,,1,,obl,
8562,tursuma kellest/millest,el,mitte kunagi,mitte kunagi,muu,tursuma,,1,,obl,
8563,turritama välja kellest/millest,el,mitte kunagi,alati,mitte kunagi,turritama,välja,1,,obl,
8564,kummarduma kellest/millest,el,mitte kunagi,vahel,muu,kummarduma,,1,,obl,
8565,pääsema ära kellest/millest,el,mitte kunagi,vahel,muu,pääsema,ära,1,,obl,
8566,piisama vaja kellest/millest,el,vahel,mitte kunagi,muu,piisama,vaja,1,,obl,
8567,mõikama kellest/millest,el,mitte kunagi,mitte kunagi,muu,mõikama,,1,,obl,
8568,kuduma kellest/millest,el,mitte kunagi,vahel,muu,kuduma,,1,,obl,
8569,kuivama kellest/millest,el,mitte kunagi,vahel,muu,kuivama,,1,,obl,
8570,piisama välja kellest/millest,el,mitte kunagi,vahel,muu,piisama,välja,1,,obl,
8571,tankima kellest/millest,el,vahel,alati,mitte kunagi,tankima,,1,,obl,
8572,tunnistama üles kellest/millest,el,vahel,vahel,muu,tunnistama,üles,1,,obl,
8573,lunastama kellest/millest,el,vahel,vahel,muu,lunastama,,1,,obl,
8574,lummama kellest/millest,el,vahel,vahel,muu,lummama,,1,,obl,
8575,manitsema kellest/millest,el,vahel,vahel,muu,manitsema,,1,,obl,
8576,manustama kellest/millest,el,vahel,vahel,muu,manustama,,1,,obl,
8577,kutsuma üles kellest/millest,el,vahel,vahel,muu,kutsuma,üles,1,,obl,
8578,kutsuma ära kellest/millest,el,vahel,vahel,mitte kunagi,kutsuma,ära,1,,obl,
8579,kutsuma välja kellest/millest,el,vahel,vahel,muu,kutsuma,välja,1,,obl,
8580,kutsuma kaasa kellest/millest,el,mitte kunagi,vahel,muu,kutsuma,kaasa,1,,obl,
8581,pärlendama kellest/millest,el,mitte kunagi,mitte kunagi,muu,pärlendama,,1,,obl,
8582,mängima üle kellest/millest,el,vahel,mitte kunagi,muu,mängima,üle,1,,obl,
8583,pärssima kellest/millest,el,mitte kunagi,vahel,muu,pärssima,,1,,obl,
8584,kutsuma kokku kellest/millest,el,vahel,vahel,muu,kutsuma,kokku,1,,obl,
8585,tiksuma kellest/millest,el,mitte kunagi,vahel,muu,tiksuma,,1,,obl,
8586,praakima välja kellest/millest,el,vahel,vahel,muu,praakima,välja,1,,obl,
8587,luuletama kellest/millest,el,vahel,mitte kunagi,muu,luuletama,,1,,obl,
8588,tilkuma välja kellest/millest,el,vahel,vahel,mitte kunagi,tilkuma,välja,1,,obl,
8589,prantsatama kellest/millest,el,vahel,vahel,muu,prantsatama,,1,,obl,
8590,lugema üle kellest/millest,el,vahel,vahel,muu,lugema,üle,1,,obl,
8591,platseeruma kellest/millest,el,vahel,vahel,muu,platseeruma,,1,,obl,
8592,lugema tagasi kellest/millest,el,mitte kunagi,vahel,muu,lugema,tagasi,1,,obl,
8593,luiskama kellest/millest,el,vahel,vahel,muu,luiskama,,1,,obl,
8594,luhtuma kellest/millest,el,vahel,vahel,muu,luhtuma,,1,,obl,
8595,tingima kellest/millest,el,mitte kunagi,mitte kunagi,muu,tingima,,1,,obl,
8596,lugema edasi kellest/millest,el,mitte kunagi,vahel,muu,lugema,edasi,1,,obl,
8597,tegema ilma kellest/millest,el,vahel,vahel,muu,tegema,ilma,1,,obl,
8598,lugema ette kellest/millest,el,vahel,vahel,muu,lugema,ette,1,,obl,
8599,lugema kokku kellest/millest,el,mitte kunagi,vahel,muu,lugema,kokku,1,,obl,
8600,lugema maha kellest/millest,el,mitte kunagi,alati,mitte kunagi,lugema,maha,1,,obl,
8601,marssima kellest/millest,el,vahel,vahel,muu,marssima,,1,,obl,
8602,lugema läbi kellest/millest,el,vahel,vahel,muu,lugema,läbi,1,,obl,
8603,luurama kellest/millest,el,mitte kunagi,vahel,muu,luurama,,1,,obl,
8604,kutsuma kohale kellest/millest,el,mitte kunagi,alati,mitte kunagi,kutsuma,kohale,1,,obl,
8605,täheldama kellest/millest,el,vahel,vahel,muu,täheldama,,1,,obl,
8606,minema kellesse/millesse,ill,mitte kunagi,alati,pole kindel,minema,,1,,obl,
8607,jõudma kellesse/millesse,ill,vahel,vahel,mitte kunagi,jõudma,,1,,obl,
8608,suhtuma kellesse/millesse,ill,vahel,mitte kunagi,mitte kunagi,suhtuma,,1,,obl,
8609,puutuma kellesse/millesse,ill,mitte kunagi,mitte kunagi,pole kindel,puutuma,,1,,obl,
8610,tulema kellesse/millesse,ill,mitte kunagi,vahel,muu,tulema,,1,,obl,
8611,jääma kellesse/millesse,ill,mitte kunagi,vahel,muu,jääma,,1,,obl,
8612,kuuluma kellesse/millesse,ill,vahel,vahel,mitte kunagi,kuuluma,,1,,obl,
8613,sattuma kellesse/millesse,ill,mitte kunagi,vahel,muu,sattuma,,1,,obl,
8614,viima kellesse/millesse,ill,vahel,vahel,mitte kunagi,viima,,1,,obl,
8615,sõitma kellesse/millesse,ill,mitte kunagi,vahel,mitte kunagi,sõitma,,1,,obl,
8616,tooma kellesse/millesse,ill,mitte kunagi,vahel,mitte kunagi,tooma,,1,,obl,
8617,panema kellesse/millesse,ill,mitte kunagi,vahel,mitte kunagi,panema,,1,,obl,
8618,saama kellesse/millesse,ill,mitte kunagi,vahel,mitte kunagi,saama,,1,,obl,
8619,uskuma kellesse/millesse,ill,vahel,mitte kunagi,mitte kunagi,uskuma,,1,,obl,
8620,pääsema kellesse/millesse,ill,mitte kunagi,vahel,mitte kunagi,pääsema,,1,,obl,
8621,saatma kellesse/millesse,ill,mitte kunagi,alati,mitte kunagi,saatma,,1,,obl,
8622,saabuma kellesse/millesse,ill,mitte kunagi,alati,mitte kunagi,saabuma,,1,,obl,
8623,tegema kellesse/millesse,ill,mitte kunagi,alati,mitte kunagi,tegema,,1,,obl,
8624,mahtuma kellesse/millesse,ill,mitte kunagi,vahel,muu,mahtuma,,1,,obl,
8625,kogunema kellesse/millesse,ill,mitte kunagi,vahel,mitte kunagi,kogunema,,1,,obl,
8626,sobima kellesse/millesse,ill,mitte kunagi,vahel,muu,sobima,,1,,obl,
8627,investeerima kellesse/millesse,ill,mitte kunagi,vahel,pole kindel,investeerima,,1,,obl,
8628,kolima kellesse/millesse,ill,mitte kunagi,alati,mitte kunagi,kolima,,1,,obl,
8629,astuma kellesse/millesse,ill,vahel,vahel,pole kindel,astuma,,1,,obl,
8630,suunduma kellesse/millesse,ill,mitte kunagi,vahel,mitte kunagi,suunduma,,1,,obl,
8631,jätma kellesse/millesse,ill,mitte kunagi,vahel,mitte kunagi,jätma,,1,,obl,
8632,siirduma kellesse/millesse,ill,mitte kunagi,alati,mitte kunagi,siirduma,,1,,obl,
8633,tungima kellesse/millesse,ill,mitte kunagi,alati,mitte kunagi,tungima,,1,,obl,
8634,lendama kellesse/millesse,ill,mitte kunagi,alati,mitte kunagi,lendama,,1,,obl,
8635,ilmuma kellesse/millesse,ill,mitte kunagi,alati,mitte kunagi,ilmuma,,1,,obl,
8636,armuma kellesse/millesse,ill,alati,mitte kunagi,mitte kunagi,armuma,,1,,obl,
8637,andma kellesse/millesse,ill,mitte kunagi,alati,mitte kunagi,andma,,1,,obl,
8638,tekkima kellesse/millesse,ill,mitte kunagi,alati,mitte kunagi,tekkima,,1,,obl,
8639,kutsuma kellesse/millesse,ill,mitte kunagi,alati,mitte kunagi,kutsuma,,1,,obl,
8640,asuma kellesse/millesse,ill,mitte kunagi,alati,mitte kunagi,asuma,,1,,obl,
8641,helistama kellesse/millesse,ill,vahel,vahel,mitte kunagi,helistama,,1,,obl,
8642,olema kellesse/millesse,ill,vahel,vahel,mitte kunagi,olema,,1,,obl,
8643,võtma kellesse/millesse,ill,mitte kunagi,vahel,pole kindel,võtma,,1,,obl,
8644,kirjutama kellesse/millesse,ill,mitte kunagi,vahel,pole kindel,kirjutama,,1,,obl,
8645,sisenema kellesse/millesse,ill,vahel,vahel,mitte kunagi,sisenema,,1,,obl,
8646,tahtma kellesse/millesse,ill,vahel,vahel,pole kindel,tahtma,,1,,obl,
8647,paigutama kellesse/millesse,ill,vahel,vahel,mitte kunagi,paigutama,,1,,obl,
8648,lisama kellesse/millesse,ill,mitte kunagi,mitte kunagi,pole kindel,lisama,,1,,obl,
8649,liikuma kellesse/millesse,ill,vahel,mitte kunagi,pole kindel,liikuma,,1,,obl,
8650,kaduma kellesse/millesse,ill,mitte kunagi,vahel,pole kindel,kaduma,,1,,obl,
8651,naasma kellesse/millesse,ill,vahel,vahel,mitte kunagi,naasma,,1,,obl,
8652,ulatuma kellesse/millesse,ill,mitte kunagi,vahel,pole kindel,ulatuma,,1,,obl,
8653,koonduma kellesse/millesse,ill,vahel,vahel,muu,koonduma,,1,,obl,
8654,lisanduma kellesse/millesse,ill,mitte kunagi,vahel,muu,lisanduma,,1,,obl,
8655,laskma kellesse/millesse,ill,mitte kunagi,vahel,mitte kunagi,laskma,,1,,obl,
8656,langema kellesse/millesse,ill,mitte kunagi,vahel,pole kindel,langema,,1,,obl,
8657,hakkama kellesse/millesse,ill,vahel,vahel,mitte kunagi,hakkama,,1,,obl,
8658,pöörduma kellesse/millesse,ill,vahel,vahel,mitte kunagi,pöörduma,,1,,obl,
8659,olema vaja kellesse/millesse,ill,vahel,vahel,mitte kunagi,olema,vaja,1,,obl,
8660,sekkuma kellesse/millesse,ill,mitte kunagi,vahel,pole kindel,sekkuma,,1,,obl,
8661,vedama kellesse/millesse,ill,mitte kunagi,vahel,pole kindel,vedama,,1,,obl,
8662,minema tagasi kellesse/millesse,ill,mitte kunagi,alati,mitte kunagi,minema,tagasi,1,,obl,
8663,alustama kellesse/millesse,ill,mitte kunagi,alati,pole kindel,alustama,,1,,obl,
8664,kukkuma kellesse/millesse,ill,mitte kunagi,vahel,pole kindel,kukkuma,,1,,obl,
8665,vaatama kellesse/millesse,ill,vahel,vahel,mitte kunagi,vaatama,,1,,obl,
8666,jooksma kellesse/millesse,ill,mitte kunagi,vahel,pole kindel,jooksma,,1,,obl,
8667,lahkuma kellesse/millesse,ill,mitte kunagi,alati,mitte kunagi,lahkuma,,1,,obl,
8668,kandma kellesse/millesse,ill,mitte kunagi,vahel,pole kindel,kandma,,1,,obl,
8669,takerduma kellesse/millesse,ill,mitte kunagi,vahel,pole kindel,takerduma,,1,,obl,
8670,tõusma kellesse/millesse,ill,mitte kunagi,vahel,pole kindel,tõusma,,1,,obl,
8671,ootama kellesse/millesse,ill,mitte kunagi,alati,mitte kunagi,ootama,,1,,obl,
8672,põgenema kellesse/millesse,ill,vahel,vahel,mitte kunagi,põgenema,,1,,obl,
8673,istuma kellesse/millesse,ill,mitte kunagi,vahel,pole kindel,istuma,,1,,obl,
8674,käima kellesse/millesse,ill,mitte kunagi,vahel,mitte kunagi,käima,,1,,obl,
8675,suruma kellesse/millesse,ill,mitte kunagi,vahel,pole kindel,suruma,,1,,obl,
8676,toimetama kellesse/millesse,ill,mitte kunagi,alati,mitte kunagi,toimetama,,1,,obl,
8677,leidma kellesse/millesse,ill,mitte kunagi,vahel,pole kindel,leidma,,1,,obl,
8678,lööma kellesse/millesse,ill,mitte kunagi,vahel,pole kindel,lööma,,1,,obl,
8679,rändama kellesse/millesse,ill,mitte kunagi,alati,mitte kunagi,rändama,,1,,obl,
8680,tulema tagasi kellesse/millesse,ill,mitte kunagi,alati,pole kindel,tulema,tagasi,1,,obl,
8681,ehitama kellesse/millesse,ill,mitte kunagi,alati,mitte kunagi,ehitama,,1,,obl,
8682,uppuma kellesse/millesse,ill,mitte kunagi,vahel,pole kindel,uppuma,,1,,obl,
8683,kanduma kellesse/millesse,ill,mitte kunagi,vahel,pole kindel,kanduma,,1,,obl,
8684,levima kellesse/millesse,ill,mitte kunagi,alati,pole kindel,levima,,1,,obl,
8685,ajama kellesse/millesse,ill,mitte kunagi,vahel,muu,ajama,,1,,obl,
8686,lubama kellesse/millesse,ill,vahel,vahel,mitte kunagi,lubama,,1,,obl,
8687,süvenema kellesse/millesse,ill,mitte kunagi,vahel,pole kindel,süvenema,,1,,obl,
8688,laekuma kellesse/millesse,ill,vahel,vahel,pole kindel,laekuma,,1,,obl,
8689,suunama kellesse/millesse,ill,mitte kunagi,vahel,pole kindel,suunama,,1,,obl,
8690,pugema kellesse/millesse,ill,mitte kunagi,vahel,pole kindel,pugema,,1,,obl,
8691,toppima kellesse/millesse,ill,mitte kunagi,vahel,pole kindel,toppima,,1,,obl,
8692,viskama kellesse/millesse,ill,mitte kunagi,vahel,pole kindel,viskama,,1,,obl,
8693,pidama kellesse/millesse,ill,mitte kunagi,mitte kunagi,muu,pidama,,1,,obl,
8694,tõmbama kellesse/millesse,ill,mitte kunagi,alati,pole kindel,tõmbama,,1,,obl,
8695,kippuma kellesse/millesse,ill,mitte kunagi,alati,mitte kunagi,kippuma,,1,,obl,
8696,pistma kellesse/millesse,ill,mitte kunagi,vahel,pole kindel,pistma,,1,,obl,
8697,ronima kellesse/millesse,ill,mitte kunagi,vahel,muu,ronima,,1,,obl,
8698,tõstma kellesse/millesse,ill,mitte kunagi,alati,pole kindel,tõstma,,1,,obl,
8699,seadma kellesse/millesse,ill,mitte kunagi,vahel,pole kindel,seadma,,1,,obl,
8700,jääma kinni kellesse/millesse,ill,mitte kunagi,vahel,pole kindel,jääma,kinni,1,,obl,
8701,kerkima kellesse/millesse,ill,mitte kunagi,vahel,pole kindel,kerkima,,1,,obl,
8702,jätkuma kellesse/millesse,ill,mitte kunagi,alati,muu,jätkuma,,1,,obl,
8703,voolama kellesse/millesse,ill,mitte kunagi,alati,mitte kunagi,voolama,,1,,obl,
8704,kihutama kellesse/millesse,ill,mitte kunagi,vahel,muu,kihutama,,1,,obl,
8705,imbuma kellesse/millesse,ill,mitte kunagi,alati,mitte kunagi,imbuma,,1,,obl,
8706,looma kellesse/millesse,ill,vahel,vahel,pole kindel,,looma,1,,obl,
8707,sukelduma kellesse/millesse,ill,mitte kunagi,vahel,pole kindel,sukelduma,,1,,obl,
8708,vajuma kellesse/millesse,ill,mitte kunagi,vahel,muu,vajuma,,1,,obl,
8709,peitma kellesse/millesse,ill,mitte kunagi,vahel,pole kindel,peitma,,1,,obl,
8710,surema kellesse/millesse,ill,mitte kunagi,vahel,muu,surema,,1,,obl,
8711,meelitama kellesse/millesse,ill,vahel,vahel,mitte kunagi,meelitama,,1,,obl,
8712,jõudma tagasi kellesse/millesse,ill,mitte kunagi,vahel,pole kindel,jõudma,tagasi,1,,obl,
8713,mahtuma ära kellesse/millesse,ill,mitte kunagi,vahel,muu,mahtuma,ära,1,,obl,
8714,pöörduma tagasi kellesse/millesse,ill,vahel,vahel,mitte kunagi,pöörduma,tagasi,1,,obl,
8715,maksma kellesse/millesse,ill,mitte kunagi,vahel,muu,maksma,,1,,obl,
8716,soovima kellesse/millesse,ill,mitte kunagi,vahel,pole kindel,soovima,,1,,obl,
8717,asetama kellesse/millesse,ill,mitte kunagi,vahel,muu,asetama,,1,,obl,
8718,valama kellesse/millesse,ill,mitte kunagi,vahel,pole kindel,valama,,1,,obl,
8719,ostma kellesse/millesse,ill,mitte kunagi,vahel,pole kindel,ostma,,1,,obl,
8720,korraldama kellesse/millesse,ill,mitte kunagi,vahel,muu,korraldama,,1,,obl,
8721,lükkama kellesse/millesse,ill,mitte kunagi,vahel,pole kindel,lükkama,,1,,obl,
8722,tormama kellesse/millesse,ill,mitte kunagi,alati,mitte kunagi,tormama,,1,,obl,
8723,rajama kellesse/millesse,ill,mitte kunagi,vahel,pole kindel,rajama,,1,,obl,
8724,saama sisse kellesse/millesse,ill,mitte kunagi,alati,mitte kunagi,saama,sisse,1,,obl,
8725,toimuma kellesse/millesse,ill,mitte kunagi,vahel,pole kindel,toimuma,,1,,obl,
8726,tähendama kellesse/millesse,ill,mitte kunagi,mitte kunagi,pole kindel,tähendama,,1,,obl,
8727,esitama kellesse/millesse,ill,vahel,vahel,mitte kunagi,esitama,,1,,obl,
8728,kiinduma kellesse/millesse,ill,vahel,mitte kunagi,pole kindel,kiinduma,,1,,obl,
8729,pakkuma kellesse/millesse,ill,mitte kunagi,mitte kunagi,vaieldav märgendus,pakkuma,,1,,obl,
8730,kasvama kellesse/millesse,ill,vahel,vahel,mitte kunagi,kasvama,,1,,obl,
8731,heitma kellesse/millesse,ill,mitte kunagi,vahel,pole kindel,heitma,,1,,obl,
8732,hüppama kellesse/millesse,ill,mitte kunagi,vahel,pole kindel,hüppama,,1,,obl,
8733,võtma kaasa kellesse/millesse,ill,mitte kunagi,alati,mitte kunagi,võtma,kaasa,1,,obl,
8734,tekitama kellesse/millesse,ill,mitte kunagi,vahel,pole kindel,tekitama,,1,,obl,
8735,murdma sisse kellesse/millesse,ill,mitte kunagi,vahel,pole kindel,murdma,sisse,1,,obl,
8736,süstima kellesse/millesse,ill,vahel,vahel,mitte kunagi,süstima,,1,,obl,
8737,valima kellesse/millesse,ill,mitte kunagi,vahel,pole kindel,valima,,1,,obl,
8738,nõudma kellesse/millesse,ill,mitte kunagi,alati,mitte kunagi,nõudma,,1,,obl,
8739,ütlema kellesse/millesse,ill,mitte kunagi,mitte kunagi,pole kindel,ütlema,,1,,obl,
8740,keerama kellesse/millesse,ill,mitte kunagi,mitte kunagi,pole kindel,keerama,,1,,obl,
8741,teatama kellesse/millesse,ill,vahel,vahel,mitte kunagi,teatama,,1,,obl,
8742,torkama kellesse/millesse,ill,mitte kunagi,vahel,pole kindel,torkama,,1,,obl,
8743,jaguma kellesse/millesse,ill,vahel,vahel,pole kindel,jaguma,,1,,obl,
8744,paigaldama kellesse/millesse,ill,vahel,vahel,mitte kunagi,paigaldama,,1,,obl,
8745,põrutama kellesse/millesse,ill,mitte kunagi,vahel,pole kindel,põrutama,,1,,obl,
8746,minema edasi kellesse/millesse,ill,vahel,vahel,mitte kunagi,minema,edasi,1,,obl,
8747,algama kellesse/millesse,ill,vahel,vahel,mitte kunagi,algama,,1,,obl,
8748,müüma kellesse/millesse,ill,mitte kunagi,alati,mitte kunagi,müüma,,1,,obl,
8749,laskuma kellesse/millesse,ill,vahel,vahel,pole kindel,laskuma,,1,,obl,
8750,muutuma kellesse/millesse,ill,mitte kunagi,mitte kunagi,pole kindel,muutuma,,1,,obl,
8751,jääma alles kellesse/millesse,ill,vahel,vahel,mitte kunagi,jääma,alles,1,,obl,
8752,reisima kellesse/millesse,ill,mitte kunagi,alati,mitte kunagi,reisima,,1,,obl,
8753,sööstma kellesse/millesse,ill,mitte kunagi,vahel,pole kindel,sööstma,,1,,obl,
8754,otsima kellesse/millesse,ill,vahel,vahel,mitte kunagi,otsima,,1,,obl,
8755,murdma kellesse/millesse,ill,mitte kunagi,alati,mitte kunagi,murdma,,1,,obl,
8756,paluma kellesse/millesse,ill,vahel,vahel,mitte kunagi,paluma,,1,,obl,
8757,aitama kellesse/millesse,ill,mitte kunagi,vahel,pole kindel,aitama,,1,,obl,
8758,mattuma kellesse/millesse,ill,mitte kunagi,mitte kunagi,pole kindel,mattuma,,1,,obl,
8759,panustama kellesse/millesse,ill,mitte kunagi,vahel,pole kindel,panustama,,1,,obl,
8760,koguma kellesse/millesse,ill,mitte kunagi,alati,pole kindel,koguma,,1,,obl,
8761,laienema kellesse/millesse,ill,mitte kunagi,vahel,pole kindel,laienema,,1,,obl,
8762,näitama kellesse/millesse,ill,mitte kunagi,vahel,pole kindel,näitama,,1,,obl,
8763,pürgima kellesse/millesse,ill,mitte kunagi,alati,mitte kunagi,pürgima,,1,,obl,
8764,juhatama kellesse/millesse,ill,mitte kunagi,vahel,pole kindel,juhatama,,1,,obl,
8765,tooma tagasi kellesse/millesse,ill,mitte kunagi,alati,mitte kunagi,tooma,tagasi,1,,obl,
8766,tooma kaasa kellesse/millesse,ill,mitte kunagi,vahel,pole kindel,tooma,kaasa,1,,obl,
8767,vajama kellesse/millesse,ill,mitte kunagi,vahel,mitte kunagi,vajama,,1,,obl,
8768,kalduma kellesse/millesse,ill,mitte kunagi,vahel,pole kindel,kalduma,,1,,obl,
8769,paiskama kellesse/millesse,ill,mitte kunagi,vahel,pole kindel,paiskama,,1,,obl,
8770,sõitma tagasi kellesse/millesse,ill,mitte kunagi,alati,mitte kunagi,sõitma,tagasi,1,,obl,
8771,juhtima kellesse/millesse,ill,mitte kunagi,vahel,pole kindel,juhtima,,1,,obl,
8772,soovitama kellesse/millesse,ill,mitte kunagi,vahel,pole kindel,soovitama,,1,,obl,
8773,kinnitama kellesse/millesse,ill,mitte kunagi,mitte kunagi,pole kindel,kinnitama,,1,,obl,
8774,pagema kellesse/millesse,ill,mitte kunagi,vahel,pole kindel,pagema,,1,,obl,
8775,sõidutama kellesse/millesse,ill,mitte kunagi,alati,mitte kunagi,sõidutama,,1,,obl,
8776,süüvima kellesse/millesse,ill,mitte kunagi,vahel,pole kindel,süüvima,,1,,obl,
8777,pöörama tagasi kellesse/millesse,ill,mitte kunagi,vahel,pole kindel,pöörama,tagasi,1,,obl,
8778,pillama kellesse/millesse,ill,mitte kunagi,vahel,pole kindel,pillama,,1,,obl,
8779,tundma kellesse/millesse,ill,mitte kunagi,vahel,pole kindel,tundma,,1,,obl,
8780,tulistama kellesse/millesse,ill,mitte kunagi,alati,mitte kunagi,tulistama,,1,,obl,
8781,kõmpima kellesse/millesse,ill,mitte kunagi,alati,mitte kunagi,kõmpima,,1,,obl,
8782,sikutama kellesse/millesse,ill,mitte kunagi,alati,mitte kunagi,sikutama,,1,,obl,
8783,kõlbama kellesse/millesse,ill,mitte kunagi,vahel,pole kindel,kõlbama,,1,,obl,
8784,muretsema kellesse/millesse,ill,mitte kunagi,mitte kunagi,pole kindel,muretsema,,1,,obl,
8785,putkama kellesse/millesse,ill,mitte kunagi,alati,mitte kunagi,putkama,,1,,obl,
8786,siirdama kellesse/millesse,ill,mitte kunagi,alati,mitte kunagi,siirdama,,1,,obl,
8787,puurima kellesse/millesse,ill,mitte kunagi,vahel,pole kindel,puurima,,1,,obl,
8788,tungima sisse kellesse/millesse,ill,mitte kunagi,alati,mitte kunagi,tungima,sisse,1,,obl,
8789,kühveldama kellesse/millesse,ill,mitte kunagi,vahel,pole kindel,kühveldama,,1,,obl,
8790,siirduma edasi kellesse/millesse,ill,mitte kunagi,alati,mitte kunagi,siirduma,edasi,1,,obl,
8791,kätkema kellesse/millesse,ill,mitte kunagi,alati,mitte kunagi,kätkema,,1,,obl,
8792,käsutama kellesse/millesse,ill,mitte kunagi,vahel,pole kindel,käsutama,,1,,obl,
8793,muutma kellesse/millesse,ill,vahel,vahel,pole kindel,muutma,,1,,obl,
8794,puudutama kellesse/millesse,ill,mitte kunagi,vahel,mitte kunagi,puudutama,,1,,obl,
8795,taotlema kellesse/millesse,ill,mitte kunagi,vahel,pole kindel,taotlema,,1,,obl,
8796,käsitlema kellesse/millesse,ill,mitte kunagi,mitte kunagi,pole kindel,käsitlema,,1,,obl,
8797,tunduma kellesse/millesse,ill,vahel,vahel,mitte kunagi,tunduma,,1,,obl,
8798,külastama kellesse/millesse,ill,mitte kunagi,mitte kunagi,pole kindel,külastama,,1,,obl,
8799,munema kellesse/millesse,ill,mitte kunagi,vahel,pole kindel,munema,,1,,obl,
8800,tulema sisse kellesse/millesse,ill,mitte kunagi,vahel,pole kindel,tulema,sisse,1,,obl,
8801,siirduma tagasi kellesse/millesse,ill,mitte kunagi,vahel,pole kindel,siirduma,tagasi,1,,obl,
8802,tulvama kellesse/millesse,ill,mitte kunagi,alati,mitte kunagi,tulvama,,1,,obl,
8803,puuduma kellesse/millesse,ill,mitte kunagi,mitte kunagi,muu,puuduma,,1,,obl,
8804,kõlama kellesse/millesse,ill,mitte kunagi,mitte kunagi,pole kindel,kõlama,,1,,obl,
8805,tulema kohale kellesse/millesse,ill,mitte kunagi,alati,mitte kunagi,tulema,kohale,1,,obl,
8806,tulema kaasa kellesse/millesse,ill,mitte kunagi,alati,mitte kunagi,tulema,kaasa,1,,obl,
8807,punuma kellesse/millesse,ill,mitte kunagi,vahel,pole kindel,punuma,,1,,obl,
8808,tuhisema kellesse/millesse,ill,mitte kunagi,alati,mitte kunagi,tuhisema,,1,,obl,
8809,pukseerima kellesse/millesse,ill,mitte kunagi,alati,mitte kunagi,pukseerima,,1,,obl,
8810,langetama kellesse/millesse,ill,mitte kunagi,vahel,pole kindel,langetama,,1,,obl,
8811,minema ära kellesse/millesse,ill,mitte kunagi,vahel,pole kindel,minema,ära,1,,obl,
8812,tasuma ära kellesse/millesse,ill,mitte kunagi,mitte kunagi,pole kindel,tasuma,ära,1,,obl,
8813,minema üles kellesse/millesse,ill,mitte kunagi,vahel,pole kindel,minema,üles,1,,obl,
8814,minema üle kellesse/millesse,ill,mitte kunagi,alati,mitte kunagi,minema,üle,1,,obl,
8815,langema tagasi kellesse/millesse,ill,mitte kunagi,vahel,muu,langema,tagasi,1,,obl,
8816,puistama kellesse/millesse,ill,mitte kunagi,alati,mitte kunagi,puistama,,1,,obl,
8817,lahustuma kellesse/millesse,ill,vahel,vahel,pole kindel,lahustuma,,1,,obl,
8818,pumpama kellesse/millesse,ill,mitte kunagi,alati,mitte kunagi,pumpama,,1,,obl,
8819,laiendama kellesse/millesse,ill,mitte kunagi,alati,mitte kunagi,laiendama,,1,,obl,
8820,moodustama kellesse/millesse,ill,mitte kunagi,mitte kunagi,pole kindel,moodustama,,1,,obl,
8821,tuiskama kellesse/millesse,ill,mitte kunagi,alati,mitte kunagi,tuiskama,,1,,obl,
8822,monteerima kellesse/millesse,ill,mitte kunagi,alati,mitte kunagi,monteerima,,1,,obl,
8823,lajatama kellesse/millesse,ill,mitte kunagi,alati,mitte kunagi,lajatama,,1,,obl,
8824,tasuma kellesse/millesse,ill,mitte kunagi,vahel,pole kindel,tasuma,,1,,obl,
8825,kõigutama kellesse/millesse,ill,mitte kunagi,mitte kunagi,muu,kõigutama,,1,,obl,
8826,tarduma kellesse/millesse,ill,mitte kunagi,vahel,muu,tarduma,,1,,obl,
8827,avastama kellesse/millesse,ill,mitte kunagi,mitte kunagi,pole kindel,avastama,,1,,obl,
8828,õpetama kellesse/millesse,ill,mitte kunagi,mitte kunagi,muu,õpetama,,1,,obl,
8829,avanema kellesse/millesse,ill,mitte kunagi,vahel,pole kindel,avanema,,1,,obl,
8830,hääbuma kellesse/millesse,ill,mitte kunagi,mitte kunagi,pole kindel,hääbuma,,1,,obl,
8831,riputama üles kellesse/millesse,ill,mitte kunagi,alati,mitte kunagi,riputama,üles,1,,obl,
8832,osalema kellesse/millesse,ill,mitte kunagi,mitte kunagi,pole kindel,osalema,,1,,obl,
8833,avama kellesse/millesse,ill,mitte kunagi,mitte kunagi,muu,avama,,1,,obl,
8834,vurama kellesse/millesse,ill,mitte kunagi,alati,mitte kunagi,vurama,,1,,obl,
8835,andma sisse kellesse/millesse,ill,mitte kunagi,alati,mitte kunagi,andma,sisse,1,,obl,
8836,sulgema kellesse/millesse,ill,mitte kunagi,alati,mitte kunagi,sulgema,,1,,obl,
8837,hääletama kellesse/millesse,ill,mitte kunagi,alati,mitte kunagi,hääletama,,1,,obl,
8838,sadama kellesse/millesse,ill,mitte kunagi,alati,mitte kunagi,,sadama,1,,obl,
8839,suubuma kellesse/millesse,ill,mitte kunagi,vahel,pole kindel,suubuma,,1,,obl,
8840,välistama kellesse/millesse,ill,mitte kunagi,alati,mitte kunagi,välistama,,1,,obl,
8841,võtma vastu kellesse/millesse,ill,mitte kunagi,alati,mitte kunagi,võtma,vastu,1,,obl,
8842,rändama tagasi kellesse/millesse,ill,mitte kunagi,alati,mitte kunagi,rändama,tagasi,1,,obl,
8843,peatuma kellesse/millesse,ill,mitte kunagi,alati,mitte kunagi,peatuma,,1,,obl,
8844,hajuma kellesse/millesse,ill,mitte kunagi,alati,mitte kunagi,hajuma,,1,,obl,
8845,paranema kellesse/millesse,ill,mitte kunagi,alati,mitte kunagi,paranema,,1,,obl,
8846,väljendama kellesse/millesse,ill,mitte kunagi,mitte kunagi,muu,väljendama,,1,,obl,
8847,hüppama sisse kellesse/millesse,ill,mitte kunagi,alati,mitte kunagi,hüppama,sisse,1,,obl,
8848,hankima kellesse/millesse,ill,mitte kunagi,vahel,mitte kunagi,hankima,,1,,obl,
8849,oskama kellesse/millesse,ill,mitte kunagi,vahel,muu,oskama,,1,,obl,
8850,vähendama kellesse/millesse,ill,vahel,alati,mitte kunagi,vähendama,,1,,obl,
8851,küsima kellesse/millesse,ill,mitte kunagi,alati,mitte kunagi,küsima,,1,,obl,
8852,külmuma kellesse/millesse,ill,mitte kunagi,alati,mitte kunagi,külmuma,,1,,obl,
8853,külvama kellesse/millesse,ill,vahel,vahel,mitte kunagi,külvama,,1,,obl,
8854,tarima kellesse/millesse,ill,mitte kunagi,alati,mitte kunagi,tarima,,1,,obl,
8855,kõnelema kellesse/millesse,ill,mitte kunagi,mitte kunagi,pole kindel,kõnelema,,1,,obl,
8856,tulema ära kellesse/millesse,ill,mitte kunagi,alati,mitte kunagi,tulema,ära,1,,obl,
8857,tulema üle kellesse/millesse,ill,mitte kunagi,alati,mitte kunagi,tulema,üle,1,,obl,
8858,tuletama kellesse/millesse,ill,mitte kunagi,alati,mitte kunagi,tuletama,,1,,obl,
8859,kõndima kellesse/millesse,ill,mitte kunagi,vahel,pole kindel,kõndima,,1,,obl,
8860,tulenema kellesse/millesse,ill,mitte kunagi,mitte kunagi,muu,tulenema,,1,,obl,
8861,tulema vastu kellesse/millesse,ill,mitte kunagi,alati,mitte kunagi,tulema,vastu,1,,obl,
8862,tulema välja kellesse/millesse,ill,mitte kunagi,alati,mitte kunagi,tulema,välja,1,,obl,
8863,blokeerima kellesse/millesse,ill,mitte kunagi,alati,mitte kunagi,blokeerima,,1,,obl,
8864,paistma kellesse/millesse,ill,mitte kunagi,alati,mitte kunagi,paistma,,1,,obl,
8865,hõikama kellesse/millesse,ill,mitte kunagi,vahel,pole kindel,hõikama,,1,,obl,
8866,hargnema kellesse/millesse,ill,mitte kunagi,vahel,pole kindel,hargnema,,1,,obl,
8867,õppima kellesse/millesse,ill,mitte kunagi,vahel,pole kindel,õppima,,1,,obl,
8868,hääletama sisse kellesse/millesse,ill,mitte kunagi,alati,mitte kunagi,hääletama,sisse,1,,obl,
8869,andma edasi kellesse/millesse,ill,mitte kunagi,alati,mitte kunagi,andma,edasi,1,,obl,
8870,broneerima kellesse/millesse,ill,mitte kunagi,alati,mitte kunagi,broneerima,,1,,obl,
8871,passima kellesse/millesse,ill,mitte kunagi,alati,mitte kunagi,passima,,1,,obl,
8872,rääkima kellesse/millesse,ill,mitte kunagi,alati,mitte kunagi,rääkima,,1,,obl,
8873,tulema juurde kellesse/millesse,ill,mitte kunagi,vahel,pole kindel,tulema,juurde,1,,obl,
8874,laadima kellesse/millesse,ill,mitte kunagi,alati,mitte kunagi,laadima,,1,,obl,
8875,tulema järele kellesse/millesse,ill,mitte kunagi,alati,mitte kunagi,tulema,järele,1,,obl,
8876,sorteerima kellesse/millesse,ill,mitte kunagi,alati,mitte kunagi,sorteerima,,1,,obl,
8877,kutsuma tagasi kellesse/millesse,ill,mitte kunagi,alati,mitte kunagi,kutsuma,tagasi,1,,obl,
8878,kuulma kellesse/millesse,ill,mitte kunagi,alati,mitte kunagi,kuulma,,1,,obl,
8879,pikkima kellesse/millesse,ill,mitte kunagi,alati,mitte kunagi,pikkima,,1,,obl,
8880,märkama kellesse/millesse,ill,mitte kunagi,mitte kunagi,pole kindel,märkama,,1,,obl,
8881,pikenema kellesse/millesse,ill,mitte kunagi,vahel,muu,pikenema,,1,,obl,
8882,tähistama kellesse/millesse,ill,mitte kunagi,vahel,muu,tähistama,,1,,obl,
8883,kupatama kellesse/millesse,ill,mitte kunagi,alati,mitte kunagi,kupatama,,1,,obl,
8884,täiendama kellesse/millesse,ill,mitte kunagi,alati,mitte kunagi,täiendama,,1,,obl,
8885,märkima kellesse/millesse,ill,mitte kunagi,alati,mitte kunagi,märkima,,1,,obl,
8886,talletuma kellesse/millesse,ill,vahel,vahel,mitte kunagi,talletuma,,1,,obl,
8887,kusema kellesse/millesse,ill,mitte kunagi,alati,mitte kunagi,kusema,,1,,obl,
8888,tarnima kellesse/millesse,ill,mitte kunagi,alati,mitte kunagi,tarnima,,1,,obl,
8889,talletama kellesse/millesse,ill,mitte kunagi,alati,mitte kunagi,talletama,,1,,obl,
8890,pääsema edasi kellesse/millesse,ill,mitte kunagi,alati,mitte kunagi,pääsema,edasi,1,,obl,
8891,mähkima kellesse/millesse,ill,vahel,vahel,muu,mähkima,,1,,obl,
8892,mäletama kellesse/millesse,ill,mitte kunagi,vahel,muu,mäletama,,1,,obl,
8893,mähkuma kellesse/millesse,ill,mitte kunagi,mitte kunagi,pole kindel,mähkuma,,1,,obl,
8894,tunglema kellesse/millesse,ill,mitte kunagi,vahel,pole kindel,tunglema,,1,,obl,
8895,tunnistama kellesse/millesse,ill,mitte kunagi,vahel,pole kindel,tunnistama,,1,,obl,
8896,sihtima kellesse/millesse,ill,mitte kunagi,alati,mitte kunagi,sihtima,,1,,obl,
8897,pilduma kellesse/millesse,ill,mitte kunagi,alati,mitte kunagi,pilduma,,1,,obl,
8898,kuulutama kellesse/millesse,ill,mitte kunagi,vahel,muu,kuulutama,,1,,obl,
8899,tutvuma kellesse/millesse,ill,mitte kunagi,alati,mitte kunagi,tutvuma,,1,,obl,
8900,pälvima kellesse/millesse,ill,mitte kunagi,vahel,muu,pälvima,,1,,obl,
8901,kutsuma kaasa kellesse/millesse,ill,mitte kunagi,alati,mitte kunagi,kutsuma,kaasa,1,,obl,
8902,kutsuma kokku kellesse/millesse,ill,mitte kunagi,alati,mitte kunagi,kutsuma,kokku,1,,obl,
8903,siduma kellesse/millesse,ill,mitte kunagi,vahel,muu,siduma,,1,,obl,
8904,lonkima kellesse/millesse,ill,mitte kunagi,alati,mitte kunagi,lonkima,,1,,obl,
8905,loobuma kellesse/millesse,ill,mitte kunagi,alati,mitte kunagi,loobuma,,1,,obl,
8906,matma kellesse/millesse,ill,mitte kunagi,alati,mitte kunagi,matma,,1,,obl,
8907,looma sisse kellesse/millesse,ill,mitte kunagi,alati,mitte kunagi,,looma,1,,obl,
8908,smugeldama kellesse/millesse,ill,mitte kunagi,alati,mitte kunagi,smugeldama,,1,,obl,
8909,läkitama kellesse/millesse,ill,mitte kunagi,alati,mitte kunagi,läkitama,,1,,obl,
8910,tikkuma kellesse/millesse,ill,vahel,vahel,mitte kunagi,tikkuma,,1,,obl,
8911,lähetama kellesse/millesse,ill,mitte kunagi,vahel,muu,lähetama,,1,,obl,
8912,sobituma kellesse/millesse,ill,mitte kunagi,mitte kunagi,pole kindel,sobituma,,1,,obl,
8913,maksma tagasi kellesse/millesse,ill,mitte kunagi,alati,mitte kunagi,maksma,tagasi,1,,obl,
8914,potsatama kellesse/millesse,ill,mitte kunagi,alati,mitte kunagi,potsatama,,1,,obl,
8915,lämbuma kellesse/millesse,ill,mitte kunagi,mitte kunagi,muu,lämbuma,,1,,obl,
8916,postitama kellesse/millesse,ill,mitte kunagi,alati,mitte kunagi,postitama,,1,,obl,
8917,prantsatama kellesse/millesse,ill,mitte kunagi,mitte kunagi,pole kindel,prantsatama,,1,,obl,
8918,lukustama kellesse/millesse,ill,mitte kunagi,alati,mitte kunagi,lukustama,,1,,obl,
8919,tingima kellesse/millesse,ill,mitte kunagi,vahel,muu,tingima,,1,,obl,
8920,marssima kellesse/millesse,ill,mitte kunagi,alati,mitte kunagi,marssima,,1,,obl,
8921,sobitama kellesse/millesse,ill,mitte kunagi,vahel,muu,sobitama,,1,,obl,
8922,läbima kellesse/millesse,ill,mitte kunagi,alati,mitte kunagi,läbima,,1,,obl,
8923,tilkuma kellesse/millesse,ill,mitte kunagi,alati,mitte kunagi,tilkuma,,1,,obl,
8924,lunastama kellesse/millesse,ill,mitte kunagi,alati,mitte kunagi,lunastama,,1,,obl,
8925,manitsema kellesse/millesse,ill,mitte kunagi,vahel,pole kindel,manitsema,,1,,obl,
8926,tegema kaasa kellesse/millesse,ill,mitte kunagi,alati,mitte kunagi,tegema,kaasa,1,,obl,
8927,tilgutama kellesse/millesse,ill,mitte kunagi,alati,mitte kunagi,tilgutama,,1,,obl,
8928,kuuluma kokku kellesse/millesse,ill,vahel,vahel,mitte kunagi,kuuluma,kokku,1,,obl,
8929,kuuluma peale kellesse/millesse,ill,vahel,vahel,mitte kunagi,kuuluma,peale,1,,obl,
8930,kulgema kellesse/millesse,ill,mitte kunagi,alati,mitte kunagi,kulgema,,1,,obl,
8931,täitma kellesse/millesse,ill,mitte kunagi,alati,mitte kunagi,täitma,,1,,obl,
8932,kuluma ära kellesse/millesse,ill,mitte kunagi,alati,mitte kunagi,kuluma,ära,1,,obl,
8933,kulutama kellesse/millesse,ill,mitte kunagi,mitte kunagi,muu,kulutama,,1,,obl,
8934,tõkestama kellesse/millesse,ill,mitte kunagi,alati,mitte kunagi,tõkestama,,1,,obl,
8935,kukkuma alla kellesse/millesse,ill,mitte kunagi,alati,mitte kunagi,kukkuma,alla,1,,obl,
8936,tõlkima kellesse/millesse,ill,mitte kunagi,mitte kunagi,muu,tõlkima,,1,,obl,
8937,pääsema sisse kellesse/millesse,ill,mitte kunagi,alati,muu,pääsema,sisse,1,,obl,
8938,kukutama kellesse/millesse,ill,mitte kunagi,vahel,pole kindel,kukutama,,1,,obl,
8939,määrama kellesse/millesse,ill,mitte kunagi,mitte kunagi,muu,määrama,,1,,obl,
8940,ladustama kellesse/millesse,ill,mitte kunagi,alati,mitte kunagi,ladustama,,1,,obl,
8941,laenama kellesse/millesse,ill,vahel,mitte kunagi,muu,laenama,,1,,obl,
8942,laekuma kokku kellesse/millesse,ill,vahel,vahel,mitte kunagi,laekuma,kokku,1,,obl,
8943,ladestuma kellesse/millesse,ill,mitte kunagi,alati,mitte kunagi,ladestuma,,1,,obl,
8944,laduma kellesse/millesse,ill,mitte kunagi,vahel,muu,laduma,,1,,obl,
8945,tassima kellesse/millesse,ill,mitte kunagi,alati,mitte kunagi,tassima,,1,,obl,
8946,moodustuma kellesse/millesse,ill,mitte kunagi,vahel,pole kindel,moodustuma,,1,,obl,
8947,kütma kellesse/millesse,ill,mitte kunagi,vahel,pole kindel,kütma,,1,,obl,
8948,tulema kokku kellesse/millesse,ill,mitte kunagi,alati,mitte kunagi,tulema,kokku,1,,obl,
8949,küüditama kellesse/millesse,ill,mitte kunagi,alati,mitte kunagi,küüditama,,1,,obl,
8950,küündima kellesse/millesse,ill,mitte kunagi,vahel,muu,küündima,,1,,obl,
8951,purjetama kellesse/millesse,ill,mitte kunagi,alati,mitte kunagi,purjetama,,1,,obl,
8952,takistama kellesse/millesse,ill,mitte kunagi,vahel,muu,takistama,,1,,obl,
8953,pääsema ligi kellesse/millesse,ill,mitte kunagi,alati,mitte kunagi,pääsema,ligi,1,,obl,
8954,tutvustama kellesse/millesse,ill,mitte kunagi,vahel,pole kindel,tutvustama,,1,,obl,
8955,mässima kellesse/millesse,ill,mitte kunagi,mitte kunagi,muu,mässima,,1,,obl,
8956,siginema kellesse/millesse,ill,mitte kunagi,alati,mitte kunagi,siginema,,1,,obl,
8957,kvalifitseeruma kellesse/millesse,ill,vahel,vahel,pole kindel,kvalifitseeruma,,1,,obl,
8958,mängima kellesse/millesse,ill,mitte kunagi,vahel,muu,mängima,,1,,obl,
8959,kuhjama kellesse/millesse,ill,mitte kunagi,mitte kunagi,muu,kuhjama,,1,,obl,
8960,kuhjuma kellesse/millesse,ill,mitte kunagi,mitte kunagi,muu,kuhjuma,,1,,obl,
8961,mõistma kellesse/millesse,ill,vahel,vahel,muu,mõistma,,1,,obl,
8962,kujutama kellesse/millesse,ill,vahel,vahel,pole kindel,kujutama,,1,,obl,
8963,pääsema tagasi kellesse/millesse,ill,mitte kunagi,alati,mitte kunagi,pääsema,tagasi,1,,obl,
8964,kujundama kellesse/millesse,ill,mitte kunagi,vahel,muu,kujundama,,1,,obl,
8965,tõmbama kaasa kellesse/millesse,ill,mitte kunagi,vahel,muu,tõmbama,kaasa,1,,obl,
8966,kujunema kellesse/millesse,ill,mitte kunagi,alati,mitte kunagi,kujunema,,1,,obl,
8967,tõmbuma tagasi kellesse/millesse,ill,mitte kunagi,vahel,muu,tõmbuma,tagasi,1,,obl,
8968,mõjutama kellesse/millesse,ill,vahel,vahel,muu,mõjutama,,1,,obl,
8969,tõmbuma kellesse/millesse,ill,mitte kunagi,alati,mitte kunagi,tõmbuma,,1,,obl,
8970,tõrjuma kellesse/millesse,ill,mitte kunagi,alati,mitte kunagi,tõrjuma,,1,,obl,
8971,tõotama kellesse/millesse,ill,mitte kunagi,vahel,pole kindel,tõotama,,1,,obl,
8972,päästma kellesse/millesse,ill,mitte kunagi,alati,mitte kunagi,päästma,,1,,obl,
8973,mõjuma kellesse/millesse,ill,vahel,vahel,muu,mõjuma,,1,,obl,
8974,tõmbama tagasi kellesse/millesse,ill,vahel,vahel,mitte kunagi,tõmbama,tagasi,1,,obl,
8975,piisama kellesse/millesse,ill,mitte kunagi,mitte kunagi,muu,piisama,,1,,obl,
8976,tahtma tagasi kellesse/millesse,ill,mitte kunagi,alati,mitte kunagi,tahtma,tagasi,1,,obl,
8977,tänama kellesse/millesse,ill,mitte kunagi,mitte kunagi,muu,tänama,,1,,obl,
8978,kuluma kellesse/millesse,ill,mitte kunagi,mitte kunagi,muu,kuluma,,1,,obl,
8979,ühendama kellesse/millesse,ill,mitte kunagi,mitte kunagi,pole kindel,ühendama,,1,,obl,
8980,suunduma tagasi kellesse/millesse,ill,mitte kunagi,alati,muu,suunduma,tagasi,1,,obl,
8981,pritsima kellesse/millesse,ill,mitte kunagi,vahel,muu,pritsima,,1,,obl,
8982,saama edasi kellesse/millesse,ill,mitte kunagi,vahel,pole kindel,saama,edasi,1,,obl,
8983,suutma kellesse/millesse,ill,mitte kunagi,alati,mitte kunagi,suutma,,1,,obl,
8984,üritama kellesse/millesse,ill,vahel,vahel,mitte kunagi,üritama,,1,,obl,
8985,viitama kellesse/millesse,ill,mitte kunagi,vahel,muu,viitama,,1,,obl,
8986,eskortima kellesse/millesse,ill,mitte kunagi,alati,mitte kunagi,eskortima,,1,,obl,
8987,importima kellesse/millesse,ill,mitte kunagi,alati,mitte kunagi,importima,,1,,obl,
8988,eksportima kellesse/millesse,ill,mitte kunagi,alati,mitte kunagi,eksportima,,1,,obl,
8989,aheldama kellesse/millesse,ill,mitte kunagi,vahel,pole kindel,aheldama,,1,,obl,
8990,panema välja kellesse/millesse,ill,mitte kunagi,alati,mitte kunagi,panema,välja,1,,obl,
8991,panema üles kellesse/millesse,ill,mitte kunagi,vahel,pole kindel,panema,üles,1,,obl,
8992,haakuma kellesse/millesse,ill,vahel,vahel,pole kindel,haakuma,,1,,obl,
8993,igatsema kellesse/millesse,ill,vahel,mitte kunagi,pole kindel,igatsema,,1,,obl,
8994,võtma kokku kellesse/millesse,ill,mitte kunagi,vahel,muu,võtma,kokku,1,,obl,
8995,sõitma sisse kellesse/millesse,ill,mitte kunagi,alati,mitte kunagi,sõitma,sisse,1,,obl,
8996,ebaõnnestuma kellesse/millesse,ill,mitte kunagi,alati,mitte kunagi,ebaõnnestuma,,1,,obl,
8997,haarama kellesse/millesse,ill,vahel,vahel,pole kindel,haarama,,1,,obl,
8998,suurendama kellesse/millesse,ill,mitte kunagi,vahel,muu,suurendama,,1,,obl,
8999,eraldama kellesse/millesse,ill,mitte kunagi,vahel,pole kindel,eraldama,,1,,obl,
9000,vältima kellesse/millesse,ill,mitte kunagi,vahel,pole kindel,vältima,,1,,obl,
9001,saabuma tagasi kellesse/millesse,ill,mitte kunagi,alati,mitte kunagi,saabuma,tagasi,1,,obl,
9002,väntama kellesse/millesse,ill,mitte kunagi,vahel,pole kindel,väntama,,1,,obl,
9003,saatma ära kellesse/millesse,ill,mitte kunagi,alati,mitte kunagi,saatma,ära,1,,obl,
9004,elama kellesse/millesse,ill,mitte kunagi,alati,mitte kunagi,elama,,1,,obl,
9005,integreeruma kellesse/millesse,ill,mitte kunagi,vahel,pole kindel,integreeruma,,1,,obl,
9006,võitma kellesse/millesse,ill,mitte kunagi,vahel,pole kindel,võitma,,1,,obl,
9007,esinema kellesse/millesse,ill,vahel,vahel,muu,esinema,,1,,obl,
9008,väänama kellesse/millesse,ill,mitte kunagi,vahel,muu,väänama,,1,,obl,
9009,eitama kellesse/millesse,ill,mitte kunagi,vahel,muu,eitama,,1,,obl,
9010,panema tagasi kellesse/millesse,ill,mitte kunagi,alati,mitte kunagi,panema,tagasi,1,,obl,
9011,võrdlema kellesse/millesse,ill,mitte kunagi,vahel,muu,võrdlema,,1,,obl,
9012,imbuma sisse kellesse/millesse,ill,vahel,vahel,mitte kunagi,imbuma,sisse,1,,obl,
9013,viima sisse kellesse/millesse,ill,mitte kunagi,alati,mitte kunagi,viima,sisse,1,,obl,
9014,fikseerima kellesse/millesse,ill,mitte kunagi,vahel,mitte kunagi,fikseerima,,1,,obl,
9015,installeerima kellesse/millesse,ill,mitte kunagi,alati,mitte kunagi,installeerima,,1,,obl,
9016,viima välja kellesse/millesse,ill,mitte kunagi,alati,mitte kunagi,viima,välja,1,,obl,
9017,sundima kellesse/millesse,ill,mitte kunagi,mitte kunagi,muu,sundima,,1,,obl,
9018,elama sisse kellesse/millesse,ill,vahel,vahel,pole kindel,elama,sisse,1,,obl,
9019,otsustama kellesse/millesse,ill,mitte kunagi,vahel,pole kindel,otsustama,,1,,obl,
9020,roomama kellesse/millesse,ill,mitte kunagi,alati,mitte kunagi,roomama,,1,,obl,
9021,võimaldama kellesse/millesse,ill,mitte kunagi,vahel,muu,võimaldama,,1,,obl,
9022,viima ära kellesse/millesse,ill,mitte kunagi,alati,mitte kunagi,viima,ära,1,,obl,
9023,integreerima kellesse/millesse,ill,mitte kunagi,alati,mitte kunagi,integreerima,,1,,obl,
9024,viima üle kellesse/millesse,ill,mitte kunagi,alati,mitte kunagi,viima,üle,1,,obl,
9025,akumuleeruma kellesse/millesse,ill,mitte kunagi,vahel,pole kindel,akumuleeruma,,1,,obl,
9026,edastama kellesse/millesse,ill,mitte kunagi,alati,mitte kunagi,edastama,,1,,obl,
9027,panema kinni kellesse/millesse,ill,mitte kunagi,alati,mitte kunagi,panema,kinni,1,,obl,
9028,võtma ette kellesse/millesse,ill,mitte kunagi,alati,mitte kunagi,võtma,ette,1,,obl,
9029,osutuma kellesse/millesse,ill,mitte kunagi,vahel,muu,osutuma,,1,,obl,
9030,salvestama kellesse/millesse,ill,mitte kunagi,alati,mitte kunagi,salvestama,,1,,obl,
9031,panema püsti kellesse/millesse,ill,mitte kunagi,alati,mitte kunagi,panema,püsti,1,,obl,
9032,erinema kellesse/millesse,ill,vahel,vahel,pole kindel,erinema,,1,,obl,
9033,ruttama kellesse/millesse,ill,mitte kunagi,alati,muu,ruttama,,1,,obl,
9034,saatma laiali kellesse/millesse,ill,mitte kunagi,alati,mitte kunagi,saatma,laiali,1,,obl,
9035,sõitma läbi kellesse/millesse,ill,mitte kunagi,alati,mitte kunagi,sõitma,läbi,1,,obl,
9036,sulanduma kellesse/millesse,ill,mitte kunagi,vahel,pole kindel,sulanduma,,1,,obl,
9037,saama juurde kellesse/millesse,ill,vahel,vahel,mitte kunagi,saama,juurde,1,,obl,
9038,eelistama kellesse/millesse,ill,mitte kunagi,vahel,muu,eelistama,,1,,obl,
9039,värbama kellesse/millesse,ill,vahel,vahel,muu,värbama,,1,,obl,
9040,ihkama kellesse/millesse,ill,mitte kunagi,vahel,muu,ihkama,,1,,obl,
9041,igatsema tagasi kellesse/millesse,ill,vahel,mitte kunagi,pole kindel,igatsema,tagasi,1,,obl,
9042,osutama kellesse/millesse,ill,mitte kunagi,vahel,pole kindel,osutama,,1,,obl,
9043,eeldama kellesse/millesse,ill,vahel,vahel,mitte kunagi,eeldama,,1,,obl,
9044,peatama kellesse/millesse,ill,vahel,vahel,mitte kunagi,peatama,,1,,obl,
9045,ilmnema kellesse/millesse,ill,vahel,vahel,pole kindel,ilmnema,,1,,obl,
9046,saatma välja kellesse/millesse,ill,mitte kunagi,alati,mitte kunagi,saatma,välja,1,,obl,
9047,paigutuma kellesse/millesse,ill,vahel,vahel,muu,paigutuma,,1,,obl,
9048,suurenema kellesse/millesse,ill,mitte kunagi,alati,mitte kunagi,suurenema,,1,,obl,
9049,garanteerima kellesse/millesse,ill,vahel,vahel,pole kindel,garanteerima,,1,,obl,
9050,ajendama kellesse/millesse,ill,vahel,vahel,muu,ajendama,,1,,obl,
9051,eelnema kellesse/millesse,ill,mitte kunagi,vahel,muu,eelnema,,1,,obl,
9052,ennustama kellesse/millesse,ill,mitte kunagi,vahel,pole kindel,ennustama,,1,,obl,
9053,ületama kellesse/millesse,ill,mitte kunagi,vahel,muu,ületama,,1,,obl,
9054,ilmuma tagasi kellesse/millesse,ill,mitte kunagi,vahel,pole kindel,ilmuma,tagasi,1,,obl,
9055,villima kellesse/millesse,ill,mitte kunagi,alati,mitte kunagi,villima,,1,,obl,
9056,rändama edasi kellesse/millesse,ill,mitte kunagi,alati,mitte kunagi,rändama,edasi,1,,obl,
9057,sulatama kellesse/millesse,ill,mitte kunagi,alati,mitte kunagi,sulatama,,1,,obl,
9058,algatama kellesse/millesse,ill,mitte kunagi,alati,mitte kunagi,algatama,,1,,obl,
9059,haigestuma kellesse/millesse,ill,vahel,vahel,muu,haigestuma,,1,,obl,
9060,saavutama kellesse/millesse,ill,mitte kunagi,vahel,pole kindel,saavutama,,1,,obl,
9061,sõitma kokku kellesse/millesse,ill,mitte kunagi,alati,mitte kunagi,sõitma,kokku,1,,obl,
9062,haihtuma kellesse/millesse,ill,mitte kunagi,vahel,pole kindel,haihtuma,,1,,obl,
9063,panema kokku kellesse/millesse,ill,mitte kunagi,vahel,pole kindel,panema,kokku,1,,obl,
9064,väljenduma kellesse/millesse,ill,vahel,vahel,pole kindel,väljenduma,,1,,obl,
9065,vinnama kellesse/millesse,ill,mitte kunagi,vahel,pole kindel,vinnama,,1,,obl,
9066,eralduma kellesse/millesse,ill,mitte kunagi,vahel,muu,eralduma,,1,,obl,
9067,iseloomustama kellesse/millesse,ill,vahel,mitte kunagi,pole kindel,iseloomustama,,1,,obl,
9068,olema tarvis kellesse/millesse,ill,mitte kunagi,alati,mitte kunagi,olema,tarvis,1,,obl,
9069,saama kaasa kellesse/millesse,ill,mitte kunagi,vahel,pole kindel,saama,kaasa,1,,obl,
9070,väljuma kellesse/millesse,ill,mitte kunagi,alati,mitte kunagi,väljuma,,1,,obl,
9071,ühinema kellesse/millesse,ill,vahel,mitte kunagi,pole kindel,ühinema,,1,,obl,
9072,hüüdma kellesse/millesse,ill,mitte kunagi,vahel,pole kindel,hüüdma,,1,,obl,
9073,parandama kellesse/millesse,ill,vahel,vahel,pole kindel,parandama,,1,,obl,
9074,olema rahul kellesse/millesse,ill,mitte kunagi,vahel,muu,olema,rahul,1,,obl,
9075,võitlema kellesse/millesse,ill,mitte kunagi,vahel,pole kindel,võitlema,,1,,obl,
9076,üllatama kellesse/millesse,ill,vahel,vahel,muu,üllatama,,1,,obl,
9077,säilima kellesse/millesse,ill,mitte kunagi,alati,mitte kunagi,säilima,,1,,obl,
9078,ootama ees kellesse/millesse,ill,mitte kunagi,alati,mitte kunagi,ootama,ees,1,,obl,
9079,hilinema kellesse/millesse,ill,mitte kunagi,alati,muu,hilinema,,1,,obl,
9080,sulguma kellesse/millesse,ill,mitte kunagi,mitte kunagi,pole kindel,sulguma,,1,,obl,
9081,voorima kellesse/millesse,ill,vahel,vahel,mitte kunagi,voorima,,1,,obl,
9082,õigustama kellesse/millesse,ill,mitte kunagi,vahel,pole kindel,õigustama,,1,,obl,
9083,äratama kellesse/millesse,ill,vahel,vahel,muu,äratama,,1,,obl,
9084,sagenema kellesse/millesse,ill,vahel,vahel,pole kindel,sagenema,,1,,obl,
9085,rikkuma kellesse/millesse,ill,mitte kunagi,alati,mitte kunagi,rikkuma,,1,,obl,
9086,hoidma kellesse/millesse,ill,vahel,vahel,muu,hoidma,,1,,obl,
9087,asetuma kellesse/millesse,ill,mitte kunagi,mitte kunagi,pole kindel,asetuma,,1,,obl,
9088,voogama kellesse/millesse,ill,mitte kunagi,vahel,pole kindel,voogama,,1,,obl,
9089,panema sisse kellesse/millesse,ill,mitte kunagi,alati,mitte kunagi,panema,sisse,1,,obl,
9090,pakkuma välja kellesse/millesse,ill,mitte kunagi,vahel,pole kindel,pakkuma,välja,1,,obl,
9091,hoiduma kellesse/millesse,ill,mitte kunagi,vahel,muu,hoiduma,,1,,obl,
9092,hoiatama kellesse/millesse,ill,mitte kunagi,vahel,pole kindel,hoiatama,,1,,obl,
9093,voolama kokku kellesse/millesse,ill,mitte kunagi,alati,mitte kunagi,voolama,kokku,1,,obl,
9094,hoidma ära kellesse/millesse,ill,mitte kunagi,vahel,muu,hoidma,ära,1,,obl,
9095,suskama kellesse/millesse,ill,mitte kunagi,vahel,muu,suskama,,1,,obl,
9096,riputama kellesse/millesse,ill,mitte kunagi,vahel,pole kindel,riputama,,1,,obl,
9097,riietama kellesse/millesse,ill,mitte kunagi,mitte kunagi,pole kindel,riietama,,1,,obl,
9098,arutama kellesse/millesse,ill,mitte kunagi,alati,mitte kunagi,arutama,,1,,obl,
9099,saama tagasi kellesse/millesse,ill,mitte kunagi,vahel,muu,saama,tagasi,1,,obl,
9100,parkima kellesse/millesse,ill,mitte kunagi,vahel,muu,parkima,,1,,obl,
9101,hingama kellesse/millesse,ill,mitte kunagi,mitte kunagi,pole kindel,hingama,,1,,obl,
9102,saama välja kellesse/millesse,ill,mitte kunagi,vahel,pole kindel,saama,välja,1,,obl,
9103,rüütama kellesse/millesse,ill,mitte kunagi,mitte kunagi,muu,rüütama,,1,,obl,
9104,ammutama kellesse/millesse,ill,mitte kunagi,alati,mitte kunagi,ammutama,,1,,obl,
9105,vähenema kellesse/millesse,ill,vahel,vahel,pole kindel,vähenema,,1,,obl,
9106,sättima kellesse/millesse,ill,mitte kunagi,alati,mitte kunagi,sättima,,1,,obl,
9107,hõlmama kellesse/millesse,ill,vahel,vahel,mitte kunagi,hõlmama,,1,,obl,
9108,virutama kellesse/millesse,ill,mitte kunagi,mitte kunagi,pole kindel,virutama,,1,,obl,
9109,väitma kellesse/millesse,ill,mitte kunagi,vahel,mitte kunagi,väitma,,1,,obl,
9110,sõitma kaasa kellesse/millesse,ill,mitte kunagi,alati,mitte kunagi,sõitma,kaasa,1,,obl,
9111,rändama välja kellesse/millesse,ill,mitte kunagi,alati,mitte kunagi,rändama,välja,1,,obl,
9112,paiskuma kellesse/millesse,ill,vahel,vahel,mitte kunagi,paiskuma,,1,,obl,
9113,sätestama kellesse/millesse,ill,mitte kunagi,vahel,pole kindel,sätestama,,1,,obl,
9114,hõõruma kellesse/millesse,ill,mitte kunagi,vahel,pole kindel,hõõruma,,1,,obl,
9115,suunduma edasi kellesse/millesse,ill,mitte kunagi,alati,mitte kunagi,suunduma,edasi,1,,obl,
9116,sõitma järele kellesse/millesse,ill,mitte kunagi,alati,mitte kunagi,sõitma,järele,1,,obl,
9117,astuma sisse kellesse/millesse,ill,mitte kunagi,alati,mitte kunagi,astuma,sisse,1,,obl,
9118,arvama kellesse/millesse,ill,mitte kunagi,vahel,muu,arvama,,1,,obl,
9119,astuma tagasi kellesse/millesse,ill,mitte kunagi,vahel,muu,astuma,tagasi,1,,obl,
9120,hindama kellesse/millesse,ill,mitte kunagi,vahel,pole kindel,hindama,,1,,obl,
9121,rõõmustama kellesse/millesse,ill,mitte kunagi,vahel,muu,rõõmustama,,1,,obl,
9122,arvestama kellesse/millesse,ill,mitte kunagi,vahel,pole kindel,arvestama,,1,,obl,
9123,vuhisema kellesse/millesse,ill,mitte kunagi,alati,mitte kunagi,vuhisema,,1,,obl,
9124,huvitama kellesse/millesse,ill,mitte kunagi,vahel,pole kindel,huvitama,,1,,obl,
9125,asuma ümber kellesse/millesse,ill,mitte kunagi,alati,mitte kunagi,asuma,ümber,1,,obl,
9126,aitama kaasa kellesse/millesse,ill,vahel,vahel,pole kindel,aitama,kaasa,1,,obl,
9127,eksima kellesse/millesse,ill,mitte kunagi,vahel,pole kindel,eksima,,1,,obl,
9128,eksima ära kellesse/millesse,ill,mitte kunagi,alati,mitte kunagi,eksima,ära,1,,obl,
9129,imenduma kellesse/millesse,ill,mitte kunagi,alati,mitte kunagi,imenduma,,1,,obl,
9130,imema kellesse/millesse,ill,vahel,vahel,pole kindel,imema,,1,,obl,
9131,viima tagasi kellesse/millesse,ill,mitte kunagi,alati,mitte kunagi,viima,tagasi,1,,obl,
9132,saatma edasi kellesse/millesse,ill,mitte kunagi,alati,mitte kunagi,saatma,edasi,1,,obl,
9133,sulama kellesse/millesse,ill,mitte kunagi,vahel,pole kindel,sulama,,1,,obl,
9134,olema nõus kellesse/millesse,ill,mitte kunagi,alati,mitte kunagi,olema,nõus,1,,obl,
9135,viitsima kellesse/millesse,ill,mitte kunagi,alati,mitte kunagi,viitsima,,1,,obl,
9136,saatma tagasi kellesse/millesse,ill,mitte kunagi,alati,mitte kunagi,saatma,tagasi,1,,obl,
9137,faksima kellesse/millesse,ill,mitte kunagi,alati,mitte kunagi,faksima,,1,,obl,
9138,investeerima kokku kellesse/millesse,ill,mitte kunagi,alati,mitte kunagi,investeerima,kokku,1,,obl,
9139,emigreerima kellesse/millesse,ill,mitte kunagi,alati,mitte kunagi,emigreerima,,1,,obl,
9140,viitma kellesse/millesse,ill,mitte kunagi,alati,mitte kunagi,viitma,,1,,obl,
9141,salvestuma kellesse/millesse,ill,mitte kunagi,vahel,pole kindel,salvestuma,,1,,obl,
9142,väärima kellesse/millesse,ill,mitte kunagi,alati,mitte kunagi,väärima,,1,,obl,
9143,emigreeruma kellesse/millesse,ill,mitte kunagi,alati,mitte kunagi,emigreeruma,,1,,obl,
9144,sammuma kellesse/millesse,ill,mitte kunagi,alati,mitte kunagi,sammuma,,1,,obl,
9145,evakueerima kellesse/millesse,ill,mitte kunagi,alati,mitte kunagi,evakueerima,,1,,obl,
9146,sumbuma kellesse/millesse,ill,mitte kunagi,vahel,pole kindel,sumbuma,,1,,obl,
9147,riietuma kellesse/millesse,ill,mitte kunagi,mitte kunagi,muu,riietuma,,1,,obl,
9148,peegeldama kellesse/millesse,ill,vahel,vahel,pole kindel,peegeldama,,1,,obl,
9149,viskuma kellesse/millesse,ill,mitte kunagi,vahel,muu,viskuma,,1,,obl,
9150,ründama kellesse/millesse,ill,mitte kunagi,vahel,muu,ründama,,1,,obl,
9151,annetama kellesse/millesse,ill,vahel,mitte kunagi,pole kindel,annetama,,1,,obl,
9152,avalduma kellesse/millesse,ill,vahel,mitte kunagi,pole kindel,avalduma,,1,,obl,
9153,sõitma edasi kellesse/millesse,ill,mitte kunagi,alati,mitte kunagi,sõitma,edasi,1,,obl,
9154,avaldama kellesse/millesse,ill,vahel,vahel,muu,avaldama,,1,,obl,
9155,õnnestuma kellesse/millesse,ill,vahel,vahel,mitte kunagi,õnnestuma,,1,,obl,
9156,omama kellesse/millesse,ill,mitte kunagi,vahel,muu,omama,,1,,obl,
9157,rõivastuma kellesse/millesse,ill,mitte kunagi,mitte kunagi,muu,rõivastuma,,1,,obl,
9158,palkama kellesse/millesse,ill,vahel,vahel,mitte kunagi,palkama,,1,,obl,
9159,rühkima kellesse/millesse,ill,vahel,vahel,mitte kunagi,rühkima,,1,,obl,
9160,armastama kellesse/millesse,ill,vahel,vahel,muu,armastama,,1,,obl,
9161,armuma ära kellesse/millesse,ill,vahel,mitte kunagi,mitte kunagi,armuma,ära,1,,obl,
9162,hiilima kellesse/millesse,ill,mitte kunagi,alati,mitte kunagi,hiilima,,1,,obl,
9163,hukkuma kellesse/millesse,ill,mitte kunagi,mitte kunagi,muu,hukkuma,,1,,obl,
9164,vormistama kellesse/millesse,ill,mitte kunagi,alati,mitte kunagi,vormistama,,1,,obl,
9165,organiseerima kellesse/millesse,ill,mitte kunagi,alati,mitte kunagi,organiseerima,,1,,obl,
9166,ähvardama kellesse/millesse,ill,vahel,mitte kunagi,pole kindel,ähvardama,,1,,obl,
9167,arenema kellesse/millesse,ill,mitte kunagi,vahel,pole kindel,arenema,,1,,obl,
9168,asutama kellesse/millesse,ill,mitte kunagi,alati,mitte kunagi,asutama,,1,,obl,
9169,rõhutama kellesse/millesse,ill,vahel,vahel,mitte kunagi,rõhutama,,1,,obl,
9170,pakkima kellesse/millesse,ill,mitte kunagi,vahel,pole kindel,pakkima,,1,,obl,
9171,sooritama kellesse/millesse,ill,mitte kunagi,alati,mitte kunagi,sooritama,,1,,obl,
9172,sõitma kohale kellesse/millesse,ill,mitte kunagi,alati,mitte kunagi,sõitma,kohale,1,,obl,
9173,tegelema kellesse/millesse,ill,mitte kunagi,vahel,pole kindel,tegelema,,1,,obl,
9174,tükkima kellesse/millesse,ill,vahel,vahel,pole kindel,tükkima,,1,,obl,
9175,piiluma kellesse/millesse,ill,mitte kunagi,alati,mitte kunagi,piiluma,,1,,obl,
9176,kohtuma kellesse/millesse,ill,mitte kunagi,alati,mitte kunagi,kohtuma,,1,,obl,
9177,kolima sisse kellesse/millesse,ill,mitte kunagi,alati,mitte kunagi,kolima,sisse,1,,obl,
9178,kolima tagasi kellesse/millesse,ill,mitte kunagi,alati,mitte kunagi,kolima,tagasi,1,,obl,
9179,kolima üle kellesse/millesse,ill,mitte kunagi,alati,mitte kunagi,kolima,üle,1,,obl,
9180,kolima ümber kellesse/millesse,ill,mitte kunagi,alati,mitte kunagi,kolima,ümber,1,,obl,
9181,kolima ära kellesse/millesse,ill,mitte kunagi,alati,mitte kunagi,kolima,ära,1,,obl,
9182,taganema kellesse/millesse,ill,mitte kunagi,alati,mitte kunagi,taganema,,1,,obl,
9183,põletama kellesse/millesse,ill,mitte kunagi,vahel,pole kindel,põletama,,1,,obl,
9184,müüma edasi kellesse/millesse,ill,mitte kunagi,alati,muu,müüma,edasi,1,,obl,
9185,jätkama kellesse/millesse,ill,mitte kunagi,alati,muu,jätkama,,1,,obl,
9186,kogema kellesse/millesse,ill,vahel,vahel,pole kindel,kogema,,1,,obl,
9187,kobima kellesse/millesse,ill,mitte kunagi,vahel,pole kindel,kobima,,1,,obl,
9188,seletama kellesse/millesse,ill,mitte kunagi,vahel,muu,seletama,,1,,obl,
9189,tühistama kellesse/millesse,ill,mitte kunagi,vahel,muu,tühistama,,1,,obl,
9190,tühjendama kellesse/millesse,ill,mitte kunagi,vahel,pole kindel,tühjendama,,1,,obl,
9191,tagama kellesse/millesse,ill,mitte kunagi,alati,mitte kunagi,tagama,,1,,obl,
9192,karjuma kellesse/millesse,ill,mitte kunagi,mitte kunagi,pole kindel,karjuma,,1,,obl,
9193,pelgama kellesse/millesse,ill,vahel,vahel,mitte kunagi,pelgama,,1,,obl,
9194,juurduma kellesse/millesse,ill,vahel,vahel,mitte kunagi,juurduma,,1,,obl,
9195,jälgima kellesse/millesse,ill,mitte kunagi,alati,mitte kunagi,jälgima,,1,,obl,
9196,veenma kellesse/millesse,ill,vahel,vahel,mitte kunagi,veenma,,1,,obl,
9197,ujuma kellesse/millesse,ill,mitte kunagi,alati,mitte kunagi,ujuma,,1,,obl,
9198,kiskuma kellesse/millesse,ill,mitte kunagi,vahel,pole kindel,kiskuma,,1,,obl,
9199,naelutama kellesse/millesse,ill,mitte kunagi,vahel,pole kindel,naelutama,,1,,obl,
9200,põhjendama kellesse/millesse,ill,mitte kunagi,vahel,pole kindel,põhjendama,,1,,obl,
9201,tõttama kellesse/millesse,ill,mitte kunagi,alati,mitte kunagi,tõttama,,1,,obl,
9202,kopeerima kellesse/millesse,ill,mitte kunagi,alati,mitte kunagi,kopeerima,,1,,obl,
9203,tõukama kellesse/millesse,ill,mitte kunagi,vahel,muu,tõukama,,1,,obl,
9204,koosnema kellesse/millesse,ill,mitte kunagi,vahel,pole kindel,koosnema,,1,,obl,
9205,koostama kellesse/millesse,ill,mitte kunagi,vahel,pole kindel,koostama,,1,,obl,
9206,põhinema kellesse/millesse,ill,vahel,vahel,muu,põhinema,,1,,obl,
9207,tõstma tagasi kellesse/millesse,ill,mitte kunagi,alati,mitte kunagi,tõstma,tagasi,1,,obl,
9208,korjama kellesse/millesse,ill,mitte kunagi,alati,mitte kunagi,korjama,,1,,obl,
9209,korduma kellesse/millesse,ill,mitte kunagi,mitte kunagi,pole kindel,korduma,,1,,obl,
9210,klammerduma kellesse/millesse,ill,vahel,mitte kunagi,pole kindel,klammerduma,,1,,obl,
9211,kleepima kellesse/millesse,ill,mitte kunagi,alati,mitte kunagi,kleepima,,1,,obl,
9212,tabama kellesse/millesse,ill,mitte kunagi,alati,mitte kunagi,tabama,,1,,obl,
9213,naasma tagasi kellesse/millesse,ill,mitte kunagi,alati,mitte kunagi,naasma,tagasi,1,,obl,
9214,kivistuma kellesse/millesse,ill,mitte kunagi,mitte kunagi,pole kindel,kivistuma,,1,,obl,
9215,tüürima kellesse/millesse,ill,mitte kunagi,alati,mitte kunagi,tüürima,,1,,obl,
9216,kirjutama sisse kellesse/millesse,ill,mitte kunagi,vahel,pole kindel,kirjutama,sisse,1,,obl,
9217,naerma kellesse/millesse,ill,vahel,mitte kunagi,pole kindel,naerma,,1,,obl,
9218,taastama kellesse/millesse,ill,vahel,vahel,muu,taastama,,1,,obl,
9219,kirjutama alla kellesse/millesse,ill,mitte kunagi,vahel,pole kindel,kirjutama,alla,1,,obl,
9220,põrkuma kellesse/millesse,ill,mitte kunagi,vahel,pole kindel,põrkuma,,1,,obl,
9221,järgnema kellesse/millesse,ill,mitte kunagi,alati,mitte kunagi,järgnema,,1,,obl,
9222,sõlmima kellesse/millesse,ill,mitte kunagi,vahel,pole kindel,sõlmima,,1,,obl,
9223,viibima kellesse/millesse,ill,mitte kunagi,alati,mitte kunagi,viibima,,1,,obl,
9224,jätma ära kellesse/millesse,ill,mitte kunagi,alati,mitte kunagi,jätma,ära,1,,obl,
9225,jätma maha kellesse/millesse,ill,mitte kunagi,alati,mitte kunagi,jätma,maha,1,,obl,
9226,jätma sisse kellesse/millesse,ill,mitte kunagi,vahel,pole kindel,jätma,sisse,1,,obl,
9227,jagunema kellesse/millesse,ill,vahel,mitte kunagi,pole kindel,jagunema,,1,,obl,
9228,sõitma välja kellesse/millesse,ill,mitte kunagi,alati,mitte kunagi,sõitma,välja,1,,obl,
9229,registreerima kellesse/millesse,ill,vahel,mitte kunagi,pole kindel,registreerima,,1,,obl,
9230,jagama laiali kellesse/millesse,ill,mitte kunagi,alati,mitte kunagi,jagama,laiali,1,,obl,
9231,peituma kellesse/millesse,ill,mitte kunagi,alati,mitte kunagi,peituma,,1,,obl,
9232,jalutama kellesse/millesse,ill,mitte kunagi,alati,mitte kunagi,jalutama,,1,,obl,
9233,sugenema kellesse/millesse,ill,vahel,vahel,pole kindel,sugenema,,1,,obl,
9234,jaksama kellesse/millesse,ill,vahel,vahel,pole kindel,jaksama,,1,,obl,
9235,viima kaasa kellesse/millesse,ill,vahel,vahel,pole kindel,viima,kaasa,1,,obl,
9236,istuma maha kellesse/millesse,ill,mitte kunagi,alati,mitte kunagi,istuma,maha,1,,obl,
9237,peitma ära kellesse/millesse,ill,mitte kunagi,alati,mitte kunagi,peitma,ära,1,,obl,
9238,registreeruma kellesse/millesse,ill,mitte kunagi,alati,mitte kunagi,registreeruma,,1,,obl,
9239,jagama kellesse/millesse,ill,mitte kunagi,vahel,pole kindel,jagama,,1,,obl,
9240,viima edasi kellesse/millesse,ill,mitte kunagi,alati,mitte kunagi,viima,edasi,1,,obl,
9241,istutama kellesse/millesse,ill,mitte kunagi,alati,mitte kunagi,istutama,,1,,obl,
9242,venitama kellesse/millesse,ill,mitte kunagi,alati,mitte kunagi,venitama,,1,,obl,
9243,jäädvustama kellesse/millesse,ill,mitte kunagi,vahel,pole kindel,jäädvustama,,1,,obl,
9244,söandama kellesse/millesse,ill,mitte kunagi,vahel,pole kindel,söandama,,1,,obl,
9245,vedama kaasa kellesse/millesse,ill,mitte kunagi,alati,mitte kunagi,vedama,kaasa,1,,obl,
9246,sõudma kellesse/millesse,ill,mitte kunagi,alati,mitte kunagi,sõudma,,1,,obl,
9247,peletama kellesse/millesse,ill,mitte kunagi,alati,muu,peletama,,1,,obl,
9248,sõltuma kellesse/millesse,ill,vahel,vahel,pole kindel,sõltuma,,1,,obl,
9249,julgema kellesse/millesse,ill,vahel,vahel,pole kindel,,julgema,1,,obl,
9250,veerema kellesse/millesse,ill,mitte kunagi,alati,mitte kunagi,veerema,,1,,obl,
9251,julgustama kellesse/millesse,ill,vahel,vahel,pole kindel,julgustama,,1,,obl,
9252,veeretama kellesse/millesse,ill,mitte kunagi,vahel,pole kindel,veeretama,,1,,obl,
9253,juhtuma kellesse/millesse,ill,mitte kunagi,vahel,pole kindel,juhtuma,,1,,obl,
9254,nõustuma kellesse/millesse,ill,mitte kunagi,vahel,pole kindel,nõustuma,,1,,obl,
9255,jääma järele kellesse/millesse,ill,mitte kunagi,vahel,mitte kunagi,jääma,järele,1,,obl,
9256,vastama kellesse/millesse,ill,vahel,vahel,pole kindel,vastama,,1,,obl,
9257,raputama kellesse/millesse,ill,mitte kunagi,vahel,pole kindel,raputama,,1,,obl,
9258,sattuma tagasi kellesse/millesse,ill,mitte kunagi,alati,mitte kunagi,sattuma,tagasi,1,,obl,
9259,jääma edasi kellesse/millesse,ill,mitte kunagi,alati,mitte kunagi,jääma,edasi,1,,obl,
9260,jääma maha kellesse/millesse,ill,mitte kunagi,alati,mitte kunagi,jääma,maha,1,,obl,
9261,varjuma kellesse/millesse,ill,mitte kunagi,alati,pole kindel,varjuma,,1,,obl,
9262,jääma kokku kellesse/millesse,ill,mitte kunagi,vahel,pole kindel,jääma,kokku,1,,obl,
9263,varuma kellesse/millesse,ill,mitte kunagi,alati,mitte kunagi,varuma,,1,,obl,
9264,jätma alles kellesse/millesse,ill,mitte kunagi,vahel,pole kindel,jätma,alles,1,,obl,
9265,vedama laiali kellesse/millesse,ill,mitte kunagi,alati,mitte kunagi,vedama,laiali,1,,obl,
9266,kostma kellesse/millesse,ill,mitte kunagi,vahel,pole kindel,kostma,,1,,obl,
9267,kostuma kellesse/millesse,ill,mitte kunagi,vahel,pole kindel,kostuma,,1,,obl,
9268,mõtlema kellesse/millesse,ill,mitte kunagi,vahel,muu,mõtlema,,1,,obl,
9269,seisnema kellesse/millesse,ill,mitte kunagi,alati,mitte kunagi,seisnema,,1,,obl,
9270,kinnituma kellesse/millesse,ill,mitte kunagi,vahel,mitte kunagi,kinnituma,,1,,obl,
9271,kinkima kellesse/millesse,ill,mitte kunagi,alati,mitte kunagi,kinkima,,1,,obl,
9272,kinnistama kellesse/millesse,ill,mitte kunagi,vahel,pole kindel,kinnistama,,1,,obl,
9273,kinnistuma kellesse/millesse,ill,vahel,vahel,pole kindel,kinnistuma,,1,,obl,
9274,ulatama kellesse/millesse,ill,mitte kunagi,vahel,pole kindel,ulatama,,1,,obl,
9275,kirjeldama kellesse/millesse,ill,vahel,vahel,pole kindel,kirjeldama,,1,,obl,
9276,nakatuma kellesse/millesse,ill,mitte kunagi,mitte kunagi,pole kindel,nakatuma,,1,,obl,
9277,nakatama kellesse/millesse,ill,mitte kunagi,mitte kunagi,pole kindel,nakatama,,1,,obl,
9278,kippuma tagasi kellesse/millesse,ill,mitte kunagi,alati,mitte kunagi,kippuma,tagasi,1,,obl,
9279,pigistama kellesse/millesse,ill,mitte kunagi,vahel,muu,pigistama,,1,,obl,
9280,unustama kellesse/millesse,ill,mitte kunagi,alati,mitte kunagi,unustama,,1,,obl,
9281,kiirustama kellesse/millesse,ill,mitte kunagi,alati,mitte kunagi,kiirustama,,1,,obl,
9282,kiitma kellesse/millesse,ill,vahel,vahel,pole kindel,kiitma,,1,,obl,
9283,kiirustama tagasi kellesse/millesse,ill,mitte kunagi,alati,mitte kunagi,kiirustama,tagasi,1,,obl,
9284,ununema kellesse/millesse,ill,mitte kunagi,alati,mitte kunagi,ununema,,1,,obl,
9285,kiirgama kellesse/millesse,ill,mitte kunagi,alati,mitte kunagi,kiirgama,,1,,obl,
9286,pöörama kellesse/millesse,ill,mitte kunagi,vahel,pole kindel,pöörama,,1,,obl,
9287,kimama kellesse/millesse,ill,mitte kunagi,alati,mitte kunagi,kimama,,1,,obl,
9288,kindlustama kellesse/millesse,ill,mitte kunagi,alati,mitte kunagi,kindlustama,,1,,obl,
9289,nautima kellesse/millesse,ill,mitte kunagi,vahel,pole kindel,nautima,,1,,obl,
9290,kiitma heaks kellesse/millesse,ill,mitte kunagi,alati,mitte kunagi,kiitma,heaks,1,,obl,
9291,unistama kellesse/millesse,ill,mitte kunagi,alati,mitte kunagi,unistama,,1,,obl,
9292,ulatuma tagasi kellesse/millesse,ill,mitte kunagi,alati,mitte kunagi,ulatuma,tagasi,1,,obl,
9293,ulatuma välja kellesse/millesse,ill,mitte kunagi,vahel,pole kindel,ulatuma,välja,1,,obl,
9294,kibelema kellesse/millesse,ill,mitte kunagi,alati,mitte kunagi,kibelema,,1,,obl,
9295,usaldama kellesse/millesse,ill,mitte kunagi,vahel,pole kindel,usaldama,,1,,obl,
9296,nihkuma kellesse/millesse,ill,mitte kunagi,alati,mitte kunagi,nihkuma,,1,,obl,
9297,neelduma kellesse/millesse,ill,vahel,vahel,mitte kunagi,neelduma,,1,,obl,
9298,upitama kellesse/millesse,ill,mitte kunagi,alati,mitte kunagi,upitama,,1,,obl,
9299,kiiluma kellesse/millesse,ill,mitte kunagi,alati,mitte kunagi,kiiluma,,1,,obl,
9300,uppuma ära kellesse/millesse,ill,mitte kunagi,alati,pole kindel,uppuma,ära,1,,obl,
9301,uputama kellesse/millesse,ill,mitte kunagi,vahel,muu,uputama,,1,,obl,
9302,kihutama tagasi kellesse/millesse,ill,mitte kunagi,alati,mitte kunagi,kihutama,tagasi,1,,obl,
9303,kergitama kellesse/millesse,ill,mitte kunagi,vahel,pole kindel,kergitama,,1,,obl,
9304,uurima kellesse/millesse,ill,mitte kunagi,alati,mitte kunagi,uurima,,1,,obl,
9305,kestma kellesse/millesse,ill,mitte kunagi,alati,mitte kunagi,kestma,,1,,obl,
9306,kerima kellesse/millesse,ill,mitte kunagi,vahel,pole kindel,kerima,,1,,obl,
9307,keskenduma kellesse/millesse,ill,vahel,mitte kunagi,muu,keskenduma,,1,,obl,
9308,usutama kellesse/millesse,ill,vahel,mitte kunagi,pole kindel,usutama,,1,,obl,
9309,taanduma kellesse/millesse,ill,mitte kunagi,alati,mitte kunagi,taanduma,,1,,obl,
9310,nihutama kellesse/millesse,ill,mitte kunagi,alati,mitte kunagi,nihutama,,1,,obl,
9311,kiiluma kinni kellesse/millesse,ill,mitte kunagi,alati,mitte kunagi,kiiluma,kinni,1,,obl,
9312,püsima kellesse/millesse,ill,vahel,vahel,mitte kunagi,püsima,,1,,obl,
9313,katkema kellesse/millesse,ill,mitte kunagi,alati,mitte kunagi,katkema,,1,,obl,
9314,katkestama kellesse/millesse,ill,mitte kunagi,alati,mitte kunagi,katkestama,,1,,obl,
9315,keelduma kellesse/millesse,ill,mitte kunagi,alati,mitte kunagi,keelduma,,1,,obl,
9316,keelustama kellesse/millesse,ill,mitte kunagi,alati,mitte kunagi,keelustama,,1,,obl,
9317,kontsentreeruma kellesse/millesse,ill,vahel,vahel,pole kindel,kontsentreeruma,,1,,obl,
9318,põikama kellesse/millesse,ill,mitte kunagi,alati,mitte kunagi,põikama,,1,,obl,
9319,kontrollima kellesse/millesse,ill,mitte kunagi,alati,mitte kunagi,kontrollima,,1,,obl,
9320,põikama sisse kellesse/millesse,ill,mitte kunagi,alati,mitte kunagi,põikama,sisse,1,,obl,
9321,põhjustama kellesse/millesse,ill,mitte kunagi,vahel,pole kindel,põhjustama,,1,,obl,
9322,piirama kellesse/millesse,ill,mitte kunagi,alati,mitte kunagi,piirama,,1,,obl,
9323,koondama kellesse/millesse,ill,mitte kunagi,alati,mitte kunagi,koondama,,1,,obl,
9324,taguma kellesse/millesse,ill,mitte kunagi,vahel,muu,taguma,,1,,obl,
9325,komandeerima kellesse/millesse,ill,mitte kunagi,alati,mitte kunagi,komandeerima,,1,,obl,
9326,põlema kellesse/millesse,ill,mitte kunagi,alati,mitte kunagi,põlema,,1,,obl,
9327,komistama kellesse/millesse,ill,mitte kunagi,mitte kunagi,muu,komistama,,1,,obl,
9328,mööduma kellesse/millesse,ill,mitte kunagi,alati,mitte kunagi,mööduma,,1,,obl,
9329,töötama kellesse/millesse,ill,mitte kunagi,vahel,muu,töötama,,1,,obl,
9330,selgitama kellesse/millesse,ill,vahel,vahel,mitte kunagi,selgitama,,1,,obl,
9331,selguma kellesse/millesse,ill,mitte kunagi,alati,mitte kunagi,selguma,,1,,obl,
9332,konkureerima kellesse/millesse,ill,mitte kunagi,alati,mitte kunagi,konkureerima,,1,,obl,
9333,põimima kellesse/millesse,ill,mitte kunagi,alati,mitte kunagi,põimima,,1,,obl,
9334,kommenteerima kellesse/millesse,ill,mitte kunagi,alati,mitte kunagi,kommenteerima,,1,,obl,
9335,põimuma kellesse/millesse,ill,mitte kunagi,vahel,pole kindel,põimuma,,1,,obl,
9336,pühkima kellesse/millesse,ill,mitte kunagi,vahel,pole kindel,pühkima,,1,,obl,
9337,kavandama kellesse/millesse,ill,mitte kunagi,alati,mitte kunagi,kavandama,,1,,obl,
9338,kasvatama kellesse/millesse,ill,vahel,vahel,pole kindel,kasvatama,,1,,obl,
9339,kauplema kellesse/millesse,ill,mitte kunagi,alati,mitte kunagi,kauplema,,1,,obl,
9340,vahetama kellesse/millesse,ill,mitte kunagi,mitte kunagi,pole kindel,vahetama,,1,,obl,
9341,kastma kellesse/millesse,ill,mitte kunagi,vahel,pole kindel,kastma,,1,,obl,
9342,vahendama kellesse/millesse,ill,mitte kunagi,alati,mitte kunagi,vahendama,,1,,obl,
9343,kasutama kellesse/millesse,ill,mitte kunagi,alati,mitte kunagi,kasutama,,1,,obl,
9344,püstitama kellesse/millesse,ill,mitte kunagi,alati,mitte kunagi,püstitama,,1,,obl,
9345,kartma kellesse/millesse,ill,mitte kunagi,alati,mitte kunagi,kartma,,1,,obl,
9346,seilama kellesse/millesse,ill,mitte kunagi,alati,mitte kunagi,seilama,,1,,obl,
9347,pühenduma kellesse/millesse,ill,vahel,mitte kunagi,pole kindel,pühenduma,,1,,obl,
9348,startima kellesse/millesse,ill,mitte kunagi,alati,mitte kunagi,startima,,1,,obl,
9349,süüdistama kellesse/millesse,ill,mitte kunagi,vahel,pole kindel,süüdistama,,1,,obl,
9350,seisma kellesse/millesse,ill,mitte kunagi,vahel,pole kindel,seisma,,1,,obl,
9351,nimetama kellesse/millesse,ill,vahel,vahel,pole kindel,nimetama,,1,,obl,
9352,seisma ees kellesse/millesse,ill,mitte kunagi,alati,mitte kunagi,seisma,ees,1,,obl,
9353,kehtestama kellesse/millesse,ill,mitte kunagi,vahel,pole kindel,kehtestama,,1,,obl,
9354,uuristama kellesse/millesse,ill,mitte kunagi,vahel,pole kindel,uuristama,,1,,obl,
9355,kehtima kellesse/millesse,ill,mitte kunagi,alati,mitte kunagi,kehtima,,1,,obl,
9356,pühendama kellesse/millesse,ill,vahel,vahel,pole kindel,pühendama,,1,,obl,
9357,vaatama sisse kellesse/millesse,ill,mitte kunagi,alati,mitte kunagi,vaatama,sisse,1,,obl,
9358,kavatsema kellesse/millesse,ill,mitte kunagi,vahel,pole kindel,kavatsema,,1,,obl,
9359,vaatama tagasi kellesse/millesse,ill,mitte kunagi,alati,mitte kunagi,vaatama,tagasi,1,,obl,
9360,keelama kellesse/millesse,ill,mitte kunagi,alati,mitte kunagi,keelama,,1,,obl,
9361,jooma kellesse/millesse,ill,mitte kunagi,vahel,pole kindel,jooma,,1,,obl,
9362,kiikama kellesse/millesse,ill,mitte kunagi,alati,mitte kunagi,kiikama,,1,,obl,
9363,jooksma sisse kellesse/millesse,ill,mitte kunagi,alati,mitte kunagi,jooksma,sisse,1,,obl,
9364,sisendama kellesse/millesse,ill,vahel,vahel,pole kindel,sisendama,,1,,obl,
9365,minema vaja kellesse/millesse,ill,mitte kunagi,alati,pole kindel,minema,vaja,1,,obl,
9366,sirutama kellesse/millesse,ill,mitte kunagi,vahel,muu,sirutama,,1,,obl,
9367,minema välja kellesse/millesse,ill,mitte kunagi,alati,mitte kunagi,minema,välja,1,,obl,
9368,laotuma kellesse/millesse,ill,mitte kunagi,alati,mitte kunagi,laotuma,,1,,obl,
9369,minema vastu kellesse/millesse,ill,mitte kunagi,alati,mitte kunagi,minema,vastu,1,,obl,
9370,trükkima kellesse/millesse,ill,mitte kunagi,alati,mitte kunagi,trükkima,,1,,obl,
9371,puhuma kellesse/millesse,ill,vahel,vahel,muu,puhuma,,1,,obl,
9372,trügima kellesse/millesse,ill,mitte kunagi,alati,mitte kunagi,trügima,,1,,obl,
9373,laskma sisse kellesse/millesse,ill,mitte kunagi,alati,mitte kunagi,laskma,sisse,1,,obl,
9374,lendama tagasi kellesse/millesse,ill,mitte kunagi,alati,mitte kunagi,lendama,tagasi,1,,obl,
9375,minema kokku kellesse/millesse,ill,mitte kunagi,alati,mitte kunagi,minema,kokku,1,,obl,
9376,logima sisse kellesse/millesse,ill,mitte kunagi,vahel,pole kindel,logima,sisse,1,,obl,
9377,lendama edasi kellesse/millesse,ill,mitte kunagi,alati,mitte kunagi,lendama,edasi,1,,obl,
9378,minema kohale kellesse/millesse,ill,mitte kunagi,vahel,pole kindel,minema,kohale,1,,obl,
9379,minema järele kellesse/millesse,ill,mitte kunagi,alati,mitte kunagi,minema,järele,1,,obl,
9380,leppima kokku kellesse/millesse,ill,mitte kunagi,alati,mitte kunagi,leppima,kokku,1,,obl,
9381,lennutama kellesse/millesse,ill,mitte kunagi,alati,mitte kunagi,lennutama,,1,,obl,
9382,minema kaasa kellesse/millesse,ill,mitte kunagi,alati,mitte kunagi,minema,kaasa,1,,obl,
9383,pudenema kellesse/millesse,ill,mitte kunagi,vahel,pole kindel,pudenema,,1,,obl,
9384,minema läbi kellesse/millesse,ill,mitte kunagi,alati,mitte kunagi,minema,läbi,1,,obl,
9385,sisaldama kellesse/millesse,ill,mitte kunagi,alati,mitte kunagi,sisaldama,,1,,obl,
9386,teadma kellesse/millesse,ill,mitte kunagi,vahel,pole kindel,teadma,,1,,obl,
9387,lausuma kellesse/millesse,ill,mitte kunagi,vahel,pole kindel,lausuma,,1,,obl,
9388,toksima kellesse/millesse,ill,mitte kunagi,vahel,pole kindel,toksima,,1,,obl,
9389,meeldima kellesse/millesse,ill,vahel,vahel,pole kindel,meeldima,,1,,obl,
9390,toimima kellesse/millesse,ill,vahel,vahel,pole kindel,toimima,,1,,obl,
9391,lohistama kellesse/millesse,ill,mitte kunagi,alati,mitte kunagi,lohistama,,1,,obl,
9392,projitseerima kellesse/millesse,ill,vahel,vahel,pole kindel,projitseerima,,1,,obl,
9393,liituma kellesse/millesse,ill,mitte kunagi,alati,mitte kunagi,liituma,,1,,obl,
9394,liitma kellesse/millesse,ill,mitte kunagi,vahel,pole kindel,liitma,,1,,obl,
9395,tooma juurde kellesse/millesse,ill,mitte kunagi,alati,mitte kunagi,tooma,juurde,1,,obl,
9396,lipsama sisse kellesse/millesse,ill,mitte kunagi,alati,muu,lipsama,sisse,1,,obl,
9397,meenutama kellesse/millesse,ill,mitte kunagi,vahel,pole kindel,meenutama,,1,,obl,
9398,lippama kellesse/millesse,ill,mitte kunagi,alati,muu,lippama,,1,,obl,
9399,teenima kellesse/millesse,ill,mitte kunagi,alati,mitte kunagi,teenima,,1,,obl,
9400,proovima kellesse/millesse,ill,mitte kunagi,alati,mitte kunagi,proovima,,1,,obl,
9401,lipsama kellesse/millesse,ill,mitte kunagi,alati,pole kindel,lipsama,,1,,obl,
9402,laulma kellesse/millesse,ill,mitte kunagi,vahel,pole kindel,laulma,,1,,obl,
9403,triivima kellesse/millesse,ill,mitte kunagi,alati,mitte kunagi,triivima,,1,,obl,
9404,minema sisse kellesse/millesse,ill,mitte kunagi,vahel,pole kindel,minema,sisse,1,,obl,
9405,transportima kellesse/millesse,ill,mitte kunagi,alati,mitte kunagi,transportima,,1,,obl,
9406,lekkima kellesse/millesse,ill,mitte kunagi,alati,mitte kunagi,lekkima,,1,,obl,
9407,maanduma kellesse/millesse,ill,mitte kunagi,alati,mitte kunagi,maanduma,,1,,obl,
9408,tekkima juurde kellesse/millesse,ill,mitte kunagi,vahel,pole kindel,tekkima,juurde,1,,obl,
9409,mahutama kellesse/millesse,ill,mitte kunagi,alati,mitte kunagi,mahutama,,1,,obl,
9410,lükkama tagasi kellesse/millesse,ill,mitte kunagi,vahel,pole kindel,lükkama,tagasi,1,,obl,
9411,lükkama edasi kellesse/millesse,ill,mitte kunagi,alati,mitte kunagi,lükkama,edasi,1,,obl,
9412,mahtuma sisse kellesse/millesse,ill,vahel,vahel,pole kindel,mahtuma,sisse,1,,obl,
9413,lootma kellesse/millesse,ill,mitte kunagi,vahel,pole kindel,lootma,,1,,obl,
9414,planeerima kellesse/millesse,ill,mitte kunagi,alati,pole kindel,planeerima,,1,,obl,
9415,loopima kellesse/millesse,ill,mitte kunagi,vahel,pole kindel,loopima,,1,,obl,
9416,matkama kellesse/millesse,ill,mitte kunagi,alati,mitte kunagi,matkama,,1,,obl,
9417,toetama kellesse/millesse,ill,mitte kunagi,vahel,pole kindel,toetama,,1,,obl,
9418,marssima sisse kellesse/millesse,ill,mitte kunagi,alati,mitte kunagi,marssima,sisse,1,,obl,
9419,tippima kellesse/millesse,ill,mitte kunagi,vahel,pole kindel,tippima,,1,,obl,
9420,lugema kellesse/millesse,ill,mitte kunagi,vahel,pole kindel,lugema,,1,,obl,
9421,pressima kellesse/millesse,ill,mitte kunagi,vahel,pole kindel,pressima,,1,,obl,
9422,loovutama kellesse/millesse,ill,mitte kunagi,alati,mitte kunagi,loovutama,,1,,obl,
9423,tirima kellesse/millesse,ill,mitte kunagi,alati,mitte kunagi,tirima,,1,,obl,
9424,lööma sisse kellesse/millesse,ill,mitte kunagi,vahel,pole kindel,lööma,sisse,1,,obl,
9425,tegutsema kellesse/millesse,ill,mitte kunagi,vahel,pole kindel,tegutsema,,1,,obl,
9426,minema laiali kellesse/millesse,ill,mitte kunagi,alati,mitte kunagi,minema,laiali,1,,obl,
9427,maalima kellesse/millesse,ill,vahel,vahel,pole kindel,maalima,,1,,obl,
9428,leiduma kellesse/millesse,ill,mitte kunagi,alati,mitte kunagi,leiduma,,1,,obl,
9429,majutama kellesse/millesse,ill,mitte kunagi,alati,mitte kunagi,majutama,,1,,obl,
9430,tellima kellesse/millesse,ill,mitte kunagi,alati,mitte kunagi,tellima,,1,,obl,
9431,lõpma kellesse/millesse,ill,mitte kunagi,vahel,mitte kunagi,lõpma,,1,,obl,
9432,lõppema kellesse/millesse,ill,mitte kunagi,alati,mitte kunagi,lõppema,,1,,obl,
9433,pooldama kellesse/millesse,ill,mitte kunagi,alati,mitte kunagi,pooldama,,1,,obl,
9434,soodustama kellesse/millesse,ill,vahel,vahel,pole kindel,soodustama,,1,,obl,
9435,sokutama kellesse/millesse,ill,mitte kunagi,alati,mitte kunagi,sokutama,,1,,obl,
9436,soetama kellesse/millesse,ill,mitte kunagi,alati,mitte kunagi,soetama,,1,,obl,
9437,lõikama kellesse/millesse,ill,mitte kunagi,vahel,pole kindel,lõikama,,1,,obl,
9438,tervitama kellesse/millesse,ill,mitte kunagi,alati,mitte kunagi,tervitama,,1,,obl,
9439,lõhkuma kellesse/millesse,ill,mitte kunagi,vahel,pole kindel,lõhkuma,,1,,obl,
9440,lõpetama kellesse/millesse,ill,mitte kunagi,vahel,pole kindel,lõpetama,,1,,obl,
9441,lõikuma kellesse/millesse,ill,vahel,vahel,pole kindel,lõikuma,,1,,obl,
9442,poetama kellesse/millesse,ill,mitte kunagi,alati,mitte kunagi,poetama,,1,,obl,
9443,lülituma kellesse/millesse,ill,mitte kunagi,alati,mitte kunagi,lülituma,,1,,obl,
9444,maabuma kellesse/millesse,ill,mitte kunagi,alati,mitte kunagi,maabuma,,1,,obl,
9445,lükkuma edasi kellesse/millesse,ill,mitte kunagi,alati,mitte kunagi,lükkuma,edasi,1,,obl,
9446,lükkima kellesse/millesse,ill,vahel,vahel,pole kindel,lükkima,,1,,obl,
9447,lükkuma kellesse/millesse,ill,mitte kunagi,alati,mitte kunagi,lükkuma,,1,,obl,
9448,lülitama kellesse/millesse,ill,vahel,vahel,pole kindel,lülitama,,1,,obl,
9449,tegema ära kellesse/millesse,ill,mitte kunagi,vahel,pole kindel,tegema,ära,1,,obl,
9450,liuglema kellesse/millesse,ill,mitte kunagi,alati,mitte kunagi,liuglema,,1,,obl,
9451,laskma tagasi kellesse/millesse,ill,mitte kunagi,alati,mitte kunagi,laskma,tagasi,1,,obl,
9452,programmeerima kellesse/millesse,ill,vahel,vahel,pole kindel,programmeerima,,1,,obl,
9453,kannatama kellesse/millesse,ill,mitte kunagi,alati,mitte kunagi,kannatama,,1,,obl,
9454,kaotama kellesse/millesse,ill,vahel,vahel,pole kindel,kaotama,,1,,obl,
9455,kargama kellesse/millesse,ill,mitte kunagi,alati,mitte kunagi,kargama,,1,,obl,
9456,püüdlema kellesse/millesse,ill,mitte kunagi,vahel,pole kindel,püüdlema,,1,,obl,
9457,kapselduma kellesse/millesse,ill,vahel,vahel,mitte kunagi,kapselduma,,1,,obl,
9458,vahtima kellesse/millesse,ill,vahel,vahel,pole kindel,vahtima,,1,,obl,
9459,kandma üle kellesse/millesse,ill,mitte kunagi,vahel,pole kindel,kandma,üle,1,,obl,
9460,kanduma edasi kellesse/millesse,ill,mitte kunagi,alati,mitte kunagi,kanduma,edasi,1,,obl,
9461,sülitama kellesse/millesse,ill,vahel,vahel,pole kindel,sülitama,,1,,obl,
9462,kanduma üle kellesse/millesse,ill,mitte kunagi,vahel,pole kindel,kanduma,üle,1,,obl,
9463,jääma sisse kellesse/millesse,ill,mitte kunagi,vahel,pole kindel,jääma,sisse,1,,obl,
9464,segama kellesse/millesse,ill,mitte kunagi,mitte kunagi,pole kindel,segama,,1,,obl,
9465,sööma kellesse/millesse,ill,mitte kunagi,vahel,pole kindel,sööma,,1,,obl,
9466,jõudma kohale kellesse/millesse,ill,mitte kunagi,alati,mitte kunagi,jõudma,kohale,1,,obl,
9467,sööbima kellesse/millesse,ill,mitte kunagi,vahel,pole kindel,sööbima,,1,,obl,
9468,jõudma alles kellesse/millesse,ill,mitte kunagi,alati,mitte kunagi,jõudma,alles,1,,obl,
9469,valmistuma kellesse/millesse,ill,mitte kunagi,alati,mitte kunagi,valmistuma,,1,,obl,
9470,jõudma välja kellesse/millesse,ill,mitte kunagi,alati,pole kindel,jõudma,välja,1,,obl,
9471,raksatama kellesse/millesse,ill,mitte kunagi,vahel,pole kindel,raksatama,,1,,obl,
9472,jõudma kokku kellesse/millesse,ill,mitte kunagi,alati,mitte kunagi,jõudma,kokku,1,,obl,
9473,sündima kellesse/millesse,ill,mitte kunagi,vahel,pole kindel,sündima,,1,,obl,
9474,vaibuma kellesse/millesse,ill,mitte kunagi,mitte kunagi,muu,vaibuma,,1,,obl,
9475,kantima kellesse/millesse,ill,mitte kunagi,alati,mitte kunagi,kantima,,1,,obl,
9476,kappama kellesse/millesse,ill,mitte kunagi,alati,mitte kunagi,kappama,,1,,obl,
9477,venima kellesse/millesse,ill,mitte kunagi,alati,mitte kunagi,venima,,1,,obl,
9478,joonistama kellesse/millesse,ill,mitte kunagi,alati,mitte kunagi,joonistama,,1,,obl,
9479,rebima kellesse/millesse,ill,mitte kunagi,vahel,pole kindel,rebima,,1,,obl,
9480,sõitma ära kellesse/millesse,ill,mitte kunagi,alati,mitte kunagi,sõitma,ära,1,,obl,
9481,peksma kellesse/millesse,ill,mitte kunagi,vahel,mitte kunagi,peksma,,1,,obl,
9482,jaotama kellesse/millesse,ill,mitte kunagi,mitte kunagi,muu,jaotama,,1,,obl,
9483,jaotuma kellesse/millesse,ill,mitte kunagi,mitte kunagi,muu,jaotuma,,1,,obl,
9484,ohustama kellesse/millesse,ill,mitte kunagi,alati,mitte kunagi,ohustama,,1,,obl,
9485,jooksma kokku kellesse/millesse,ill,mitte kunagi,alati,mitte kunagi,jooksma,kokku,1,,obl,
9486,kallama kellesse/millesse,ill,mitte kunagi,alati,mitte kunagi,kallama,,1,,obl,
9487,vajutama kellesse/millesse,ill,mitte kunagi,mitte kunagi,pole kindel,vajutama,,1,,obl,
9488,vajuma tagasi kellesse/millesse,ill,mitte kunagi,alati,muu,vajuma,tagasi,1,,obl,
9489,nägema ette kellesse/millesse,ill,mitte kunagi,alati,mitte kunagi,nägema,ette,1,,obl,
9490,kallinema kellesse/millesse,ill,mitte kunagi,alati,mitte kunagi,kallinema,,1,,obl,
9491,kandideerima kellesse/millesse,ill,mitte kunagi,alati,mitte kunagi,kandideerima,,1,,obl,
9492,pruukima kellesse/millesse,ill,mitte kunagi,vahel,pole kindel,pruukima,,1,,obl,
9493,nägema kellesse/millesse,ill,mitte kunagi,alati,mitte kunagi,nägema,,1,,obl,
9494,kamandama kellesse/millesse,ill,mitte kunagi,alati,mitte kunagi,kamandama,,1,,obl,
9495,valguma kellesse/millesse,ill,mitte kunagi,alati,mitte kunagi,valguma,,1,,obl,
9496,söötma kellesse/millesse,ill,mitte kunagi,alati,mitte kunagi,söötma,,1,,obl,
9497,püüdma kellesse/millesse,ill,mitte kunagi,vahel,pole kindel,püüdma,,1,,obl,
9498,jääma vahele kellesse/millesse,ill,mitte kunagi,alati,mitte kunagi,jääma,vahele,1,,obl,
9499,kallutama kellesse/millesse,ill,mitte kunagi,vahel,pole kindel,kallutama,,1,,obl,
9500,varjama kellesse/millesse,ill,vahel,vahel,pole kindel,varjama,,1,,obl,
9501,tooma välja kellesse/millesse,ill,mitte kunagi,alati,mitte kunagi,tooma,välja,1,,obl,
9502,liikuma edasi kellesse/millesse,ill,mitte kunagi,alati,mitte kunagi,liikuma,edasi,1,,obl,
9503,tooma ära kellesse/millesse,ill,mitte kunagi,alati,mitte kunagi,tooma,ära,1,,obl,
9504,tooma üle kellesse/millesse,ill,mitte kunagi,alati,mitte kunagi,tooma,üle,1,,obl,
9505,liigitama kellesse/millesse,ill,mitte kunagi,vahel,pole kindel,liigitama,,1,,obl,
9506,liigutama kellesse/millesse,ill,mitte kunagi,alati,mitte kunagi,liigutama,,1,,obl,
9507,tooma kokku kellesse/millesse,ill,mitte kunagi,alati,mitte kunagi,tooma,kokku,1,,obl,
9508,tooma sisse kellesse/millesse,ill,mitte kunagi,alati,mitte kunagi,tooma,sisse,1,,obl,
9509,protestima kellesse/millesse,ill,mitte kunagi,vahel,pole kindel,protestima,,1,,obl,
9510,liikuma tagasi kellesse/millesse,ill,mitte kunagi,alati,mitte kunagi,liikuma,tagasi,1,,obl,
9511,libisema kellesse/millesse,ill,mitte kunagi,alati,mitte kunagi,libisema,,1,,obl,
9512,sisestama kellesse/millesse,ill,mitte kunagi,alati,mitte kunagi,sisestama,,1,,obl,
9513,levima edasi kellesse/millesse,ill,mitte kunagi,alati,mitte kunagi,levima,edasi,1,,obl,
9514,levitama kellesse/millesse,ill,mitte kunagi,alati,mitte kunagi,levitama,,1,,obl,
9515,minema alla kellesse/millesse,ill,mitte kunagi,alati,mitte kunagi,minema,alla,1,,obl,
9516,lihtsustama kellesse/millesse,ill,mitte kunagi,alati,mitte kunagi,lihtsustama,,1,,obl,
9517,libistama kellesse/millesse,ill,mitte kunagi,vahel,pole kindel,libistama,,1,,obl,
9518,varisema kellesse/millesse,ill,mitte kunagi,alati,mitte kunagi,varisema,,1,,obl,
9519,plaanima kellesse/millesse,ill,mitte kunagi,alati,mitte kunagi,plaanima,,1,,obl,
9520,seadma üles kellesse/millesse,ill,mitte kunagi,alati,mitte kunagi,seadma,üles,1,,obl,
9521,rammima kellesse/millesse,ill,mitte kunagi,alati,mitte kunagi,rammima,,1,,obl,
9522,jääma ära kellesse/millesse,ill,mitte kunagi,alati,mitte kunagi,jääma,ära,1,,obl,
9523,kaebama edasi kellesse/millesse,ill,mitte kunagi,alati,mitte kunagi,kaebama,edasi,1,,obl,
9524,kaasama kellesse/millesse,ill,mitte kunagi,alati,mitte kunagi,kaasama,,1,,obl,
9525,näima kellesse/millesse,ill,mitte kunagi,vahel,pole kindel,näima,,1,,obl,
9526,kaduma ära kellesse/millesse,ill,mitte kunagi,alati,mitte kunagi,kaduma,ära,1,,obl,
9527,raiuma kellesse/millesse,ill,mitte kunagi,alati,mitte kunagi,raiuma,,1,,obl,
9528,kahanema kellesse/millesse,ill,mitte kunagi,vahel,pole kindel,kahanema,,1,,obl,
9529,kahandama kellesse/millesse,ill,vahel,vahel,mitte kunagi,kahandama,,1,,obl,
9530,kaevuma kellesse/millesse,ill,mitte kunagi,alati,mitte kunagi,kaevuma,,1,,obl,
9531,nähtuma ette kellesse/millesse,ill,mitte kunagi,alati,mitte kunagi,nähtuma,ette,1,,obl,
9532,kaevama kellesse/millesse,ill,mitte kunagi,alati,mitte kunagi,kaevama,,1,,obl,
9533,kaebama kellesse/millesse,ill,mitte kunagi,vahel,pole kindel,kaebama,,1,,obl,
9534,jõustuma kellesse/millesse,ill,mitte kunagi,alati,mitte kunagi,jõustuma,,1,,obl,
9535,kaasnema kellesse/millesse,ill,mitte kunagi,alati,mitte kunagi,kaasnema,,1,,obl,
9536,rakendama kellesse/millesse,ill,mitte kunagi,vahel,muu,rakendama,,1,,obl,
9537,valmistama ette kellesse/millesse,ill,mitte kunagi,alati,mitte kunagi,valmistama,ette,1,,obl,
9538,seadma sisse kellesse/millesse,ill,mitte kunagi,alati,mitte kunagi,seadma,sisse,1,,obl,
9539,tootma kellesse/millesse,ill,mitte kunagi,alati,mitte kunagi,tootma,,1,,obl,
9540,valmima kellesse/millesse,ill,mitte kunagi,alati,mitte kunagi,valmima,,1,,obl,
9541,valmistama kellesse/millesse,ill,mitte kunagi,alati,mitte kunagi,valmistama,,1,,obl,
9542,kaaluma kellesse/millesse,ill,mitte kunagi,alati,mitte kunagi,kaaluma,,1,,obl,
9543,mahtuma kokku kellesse/millesse,ill,mitte kunagi,alati,mitte kunagi,mahtuma,kokku,1,,obl,
9544,häkkima kellesse/millesse,ill,vahel,vahel,mitte kunagi,häkkima,,1,,obl,
9545,andma välja kellesse/millesse,ill,mitte kunagi,alati,mitte kunagi,andma,välja,1,,obl,
9546,rebenema kellesse/millesse,ill,mitte kunagi,alati,mitte kunagi,rebenema,,1,,obl,
9547,olema lahti kellesse/millesse,ill,mitte kunagi,alati,mitte kunagi,olema,lahti,1,,obl,
9548,projekteerima kellesse/millesse,ill,mitte kunagi,alati,mitte kunagi,projekteerima,,1,,obl,
9549,ahvatlema kellesse/millesse,ill,mitte kunagi,alati,mitte kunagi,ahvatlema,,1,,obl,
9550,aitama tagasi kellesse/millesse,ill,mitte kunagi,alati,mitte kunagi,aitama,tagasi,1,,obl,
9551,lõikama sisse kellesse/millesse,ill,mitte kunagi,alati,mitte kunagi,lõikama,sisse,1,,obl,
9552,maksma kokku kellesse/millesse,ill,mitte kunagi,alati,mitte kunagi,maksma,kokku,1,,obl,
9553,ajama tagasi kellesse/millesse,ill,mitte kunagi,vahel,pole kindel,ajama,tagasi,1,,obl,
9554,taunima kellesse/millesse,ill,mitte kunagi,alati,mitte kunagi,taunima,,1,,obl,
9555,loksuma kellesse/millesse,ill,mitte kunagi,alati,mitte kunagi,loksuma,,1,,obl,
9556,üürima kellesse/millesse,ill,mitte kunagi,alati,mitte kunagi,üürima,,1,,obl,
9557,kahjustama kellesse/millesse,ill,mitte kunagi,alati,mitte kunagi,kahjustama,,1,,obl,
9558,valitsema kellesse/millesse,ill,vahel,vahel,mitte kunagi,valitsema,,1,,obl,
9559,hoolitsema kellesse/millesse,ill,mitte kunagi,vahel,pole kindel,hoolitsema,,1,,obl,
9560,reisima edasi kellesse/millesse,ill,mitte kunagi,alati,mitte kunagi,reisima,edasi,1,,obl,
9561,reguleerima kellesse/millesse,ill,mitte kunagi,alati,mitte kunagi,reguleerima,,1,,obl,
9562,saama kokku kellesse/millesse,ill,mitte kunagi,alati,mitte kunagi,saama,kokku,1,,obl,
9563,sööma sisse kellesse/millesse,ill,mitte kunagi,alati,mitte kunagi,sööma,sisse,1,,obl,
9564,jääma puudu kellesse/millesse,ill,mitte kunagi,alati,mitte kunagi,jääma,puudu,1,,obl,
9565,kritiseerima kellesse/millesse,ill,mitte kunagi,alati,mitte kunagi,kritiseerima,,1,,obl,
9566,lähtuma kellesse/millesse,ill,mitte kunagi,alati,mitte kunagi,lähtuma,,1,,obl,
9567,neelama kellesse/millesse,ill,mitte kunagi,alati,mitte kunagi,neelama,,1,,obl,
9568,vastutama kellesse/millesse,ill,mitte kunagi,alati,mitte kunagi,vastutama,,1,,obl,
9569,sulama sisse kellesse/millesse,ill,mitte kunagi,alati,mitte kunagi,sulama,sisse,1,,obl,
9570,kustuma kellesse/millesse,ill,mitte kunagi,vahel,pole kindel,kustuma,,1,,obl,
9571,kodeerima kellesse/millesse,ill,mitte kunagi,vahel,pole kindel,kodeerima,,1,,obl,
9572,suunama edasi kellesse/millesse,ill,mitte kunagi,alati,mitte kunagi,suunama,edasi,1,,obl,
9573,eemalduma kellesse/millesse,ill,mitte kunagi,alati,mitte kunagi,eemalduma,,1,,obl,
9574,kirjutama üles kellesse/millesse,ill,mitte kunagi,alati,mitte kunagi,kirjutama,üles,1,,obl,
9575,võtma tagasi kellesse/millesse,ill,mitte kunagi,alati,mitte kunagi,võtma,tagasi,1,,obl,
9576,võtma juurde kellesse/millesse,ill,mitte kunagi,alati,mitte kunagi,võtma,juurde,1,,obl,
9577,voolama sisse kellesse/millesse,ill,mitte kunagi,alati,mitte kunagi,voolama,sisse,1,,obl,
9578,talutama kellesse/millesse,ill,mitte kunagi,alati,mitte kunagi,talutama,,1,,obl,
9579,põlema sisse kellesse/millesse,ill,mitte kunagi,alati,mitte kunagi,põlema,sisse,1,,obl,
9580,vabastama kellesse/millesse,ill,mitte kunagi,alati,mitte kunagi,vabastama,,1,,obl,
9581,ronima tagasi kellesse/millesse,ill,mitte kunagi,alati,mitte kunagi,ronima,tagasi,1,,obl,
9582,surema ära kellesse/millesse,ill,mitte kunagi,vahel,muu,surema,ära,1,,obl,
9583,keerutama kellesse/millesse,ill,mitte kunagi,alati,mitte kunagi,keerutama,,1,,obl,
9584,kasvama sisse kellesse/millesse,ill,mitte kunagi,alati,mitte kunagi,kasvama,sisse,1,,obl,
9585,võima kellesse/millesse,ill,mitte kunagi,alati,mitte kunagi,võima,,1,,obl,
9586,viima alla kellesse/millesse,ill,mitte kunagi,alati,mitte kunagi,viima,alla,1,,obl,
9587,sigima kellesse/millesse,ill,mitte kunagi,alati,mitte kunagi,sigima,,1,,obl,
9588,põrkama kellesse/millesse,ill,mitte kunagi,alati,mitte kunagi,põrkama,,1,,obl,
9589,sattuma kokku kellesse/millesse,ill,mitte kunagi,alati,mitte kunagi,sattuma,kokku,1,,obl,
9590,investeerima tagasi kellesse/millesse,ill,mitte kunagi,alati,mitte kunagi,investeerima,tagasi,1,,obl,
9591,poetuma kellesse/millesse,ill,mitte kunagi,alati,mitte kunagi,poetuma,,1,,obl,
9592,rabama kellesse/millesse,ill,mitte kunagi,alati,mitte kunagi,rabama,,1,,obl,
9593,saabuma kokku kellesse/millesse,ill,mitte kunagi,alati,mitte kunagi,saabuma,kokku,1,,obl,
9594,raskendama kellesse/millesse,ill,mitte kunagi,vahel,pole kindel,raskendama,,1,,obl,
9595,pretendeerima kellesse/millesse,ill,mitte kunagi,alati,mitte kunagi,pretendeerima,,1,,obl,
9596,kraapima kellesse/millesse,ill,mitte kunagi,vahel,pole kindel,kraapima,,1,,obl,
9597,noppima kellesse/millesse,ill,mitte kunagi,alati,mitte kunagi,noppima,,1,,obl,
9598,vajuma sisse kellesse/millesse,ill,vahel,vahel,pole kindel,vajuma,sisse,1,,obl,
9599,maskeeruma kellesse/millesse,ill,mitte kunagi,mitte kunagi,pole kindel,maskeeruma,,1,,obl,
9600,pugema tagasi kellesse/millesse,ill,mitte kunagi,alati,mitte kunagi,pugema,tagasi,1,,obl,
9601,peegelduma kellesse/millesse,ill,mitte kunagi,vahel,pole kindel,peegelduma,,1,,obl,
9602,arvutama kellesse/millesse,ill,mitte kunagi,alati,mitte kunagi,arvutama,,1,,obl,
9603,kutsuma üles kellesse/millesse,ill,mitte kunagi,alati,pole kindel,kutsuma,üles,1,,obl,
9604,tantsima kellesse/millesse,ill,mitte kunagi,vahel,pole kindel,tantsima,,1,,obl,
9605,õhutama kellesse/millesse,ill,mitte kunagi,alati,mitte kunagi,õhutama,,1,,obl,
9606,saama kelles/milles,in,mitte kunagi,alati,mitte kunagi,saama,,1,,obl,
9607,käima kelles/milles,in,mitte kunagi,alati,mitte kunagi,käima,,1,,obl,
9608,toimuma kelles/milles,in,mitte kunagi,alati,mitte kunagi,toimuma,,1,,obl,
9609,tegema kelles/milles,in,mitte kunagi,alati,muu,tegema,,1,,obl,
9610,tulema kelles/milles,in,mitte kunagi,mitte kunagi,muu,tulema,,1,,obl,
9611,olema kelles/milles,in,mitte kunagi,vahel,muu,olema,,1,,obl,
9612,nägema kelles/milles,in,mitte kunagi,alati,pole kindel,nägema,,1,,obl,
9613,töötama kelles/milles,in,mitte kunagi,alati,mitte kunagi,töötama,,1,,obl,
9614,jääma kelles/milles,in,mitte kunagi,vahel,muu,jääma,,1,,obl,
9615,elama kelles/milles,in,mitte kunagi,alati,mitte kunagi,elama,,1,,obl,
9616,leidma kelles/milles,in,mitte kunagi,alati,muu,leidma,,1,,obl,
9617,asuma kelles/milles,in,mitte kunagi,alati,mitte kunagi,asuma,,1,,obl,
9618,osalema kelles/milles,in,mitte kunagi,alati,muu,osalema,,1,,obl,
9619,minema kelles/milles,in,mitte kunagi,mitte kunagi,muu,minema,,1,,obl,
9620,andma kelles/milles,in,mitte kunagi,vahel,muu,andma,,1,,obl,
9621,mängima kelles/milles,in,mitte kunagi,alati,mitte kunagi,mängima,,1,,obl,
9622,hakkama kelles/milles,in,mitte kunagi,mitte kunagi,muu,hakkama,,1,,obl,
9623,seisma kelles/milles,in,mitte kunagi,alati,pole kindel,seisma,,1,,obl,
9624,esinema kelles/milles,in,mitte kunagi,alati,mitte kunagi,esinema,,1,,obl,
9625,pidama kelles/milles,in,mitte kunagi,mitte kunagi,muu,pidama,,1,,obl,
9626,tekkima kelles/milles,in,mitte kunagi,alati,muu,tekkima,,1,,obl,
9627,jõudma kelles/milles,in,mitte kunagi,mitte kunagi,muu,jõudma,,1,,obl,
9628,võtma kelles/milles,in,mitte kunagi,vahel,pole kindel,võtma,,1,,obl,
9629,ütlema kelles/milles,in,mitte kunagi,vahel,muu,ütlema,,1,,obl,
9630,algama kelles/milles,in,mitte kunagi,alati,mitte kunagi,algama,,1,,obl,
9631,istuma kelles/milles,in,mitte kunagi,alati,muu,istuma,,1,,obl,
9632,alustama kelles/milles,in,mitte kunagi,alati,pole kindel,alustama,,1,,obl,
9633,tekitama kelles/milles,in,mitte kunagi,mitte kunagi,muu,tekitama,,1,,obl,
9634,sündima kelles/milles,in,mitte kunagi,alati,mitte kunagi,sündima,,1,,obl,
9635,leiduma kelles/milles,in,mitte kunagi,alati,mitte kunagi,leiduma,,1,,obl,
9636,süüdistama kelles/milles,in,mitte kunagi,mitte kunagi,muu,süüdistama,,1,,obl,
9637,võitma kelles/milles,in,mitte kunagi,alati,mitte kunagi,võitma,,1,,obl,
9638,muutuma kelles/milles,in,mitte kunagi,alati,pole kindel,muutuma,,1,,obl,
9639,viibima kelles/milles,in,mitte kunagi,alati,mitte kunagi,viibima,,1,,obl,
9640,peituma kelles/milles,in,mitte kunagi,alati,mitte kunagi,peituma,,1,,obl,
9641,panema kelles/milles,in,mitte kunagi,mitte kunagi,muu,panema,,1,,obl,
9642,puuduma kelles/milles,in,mitte kunagi,alati,mitte kunagi,puuduma,,1,,obl,
9643,juhtuma kelles/milles,in,mitte kunagi,alati,mitte kunagi,juhtuma,,1,,obl,
9644,kaotama kelles/milles,in,mitte kunagi,vahel,muu,kaotama,,1,,obl,
9645,tegutsema kelles/milles,in,mitte kunagi,alati,mitte kunagi,tegutsema,,1,,obl,
9646,seisnema kelles/milles,in,mitte kunagi,alati,pole kindel,seisnema,,1,,obl,
9647,rääkima kelles/milles,in,mitte kunagi,vahel,muu,rääkima,,1,,obl,
9648,valitsema kelles/milles,in,mitte kunagi,alati,muu,valitsema,,1,,obl,
9649,kasutama kelles/milles,in,mitte kunagi,vahel,muu,kasutama,,1,,obl,
9650,näitama kelles/milles,in,mitte kunagi,alati,muu,näitama,,1,,obl,
9651,kohtuma kelles/milles,in,mitte kunagi,alati,mitte kunagi,kohtuma,,1,,obl,
9652,jätkuma kelles/milles,in,mitte kunagi,alati,mitte kunagi,jätkuma,,1,,obl,
9653,ootama kelles/milles,in,mitte kunagi,alati,mitte kunagi,ootama,,1,,obl,
9654,tahtma kelles/milles,in,mitte kunagi,mitte kunagi,muu,tahtma,,1,,obl,
9655,maksma kelles/milles,in,mitte kunagi,alati,pole kindel,maksma,,1,,obl,
9656,kirjutama kelles/milles,in,mitte kunagi,mitte kunagi,muu,kirjutama,,1,,obl,
9657,tundma kelles/milles,in,mitte kunagi,alati,mitte kunagi,tundma,,1,,obl,
9658,jätkama kelles/milles,in,mitte kunagi,alati,mitte kunagi,jätkama,,1,,obl,
9659,kasvama kelles/milles,in,mitte kunagi,alati,muu,kasvama,,1,,obl,
9660,tõusma kelles/milles,in,mitte kunagi,alati,pole kindel,tõusma,,1,,obl,
9661,teenima kelles/milles,in,mitte kunagi,vahel,muu,teenima,,1,,obl,
9662,lõpetama kelles/milles,in,mitte kunagi,mitte kunagi,muu,lõpetama,,1,,obl,
9663,ilmuma kelles/milles,in,mitte kunagi,alati,mitte kunagi,ilmuma,,1,,obl,
9664,pakkuma kelles/milles,in,mitte kunagi,alati,muu,pakkuma,,1,,obl,
9665,suutma kelles/milles,in,mitte kunagi,vahel,muu,suutma,,1,,obl,
9666,õppima kelles/milles,in,mitte kunagi,alati,mitte kunagi,õppima,,1,,obl,
9667,liikuma kelles/milles,in,mitte kunagi,vahel,muu,liikuma,,1,,obl,
9668,lõppema kelles/milles,in,mitte kunagi,vahel,muu,lõppema,,1,,obl,
9669,sõitma kelles/milles,in,mitte kunagi,alati,mitte kunagi,sõitma,,1,,obl,
9670,veetma kelles/milles,in,mitte kunagi,vahel,muu,veetma,,1,,obl,
9671,hoidma kelles/milles,in,mitte kunagi,vahel,muu,hoidma,,1,,obl,
9672,tähendama kelles/milles,in,mitte kunagi,mitte kunagi,muu,tähendama,,1,,obl,
9673,avama kelles/milles,in,mitte kunagi,alati,muu,avama,,1,,obl,
9674,korraldama kelles/milles,in,mitte kunagi,alati,mitte kunagi,korraldama,,1,,obl,
9675,hukkuma kelles/milles,in,mitte kunagi,alati,mitte kunagi,hukkuma,,1,,obl,
9676,kuuluma kelles/milles,in,mitte kunagi,mitte kunagi,muu,kuuluma,,1,,obl,
9677,esitama kelles/milles,in,mitte kunagi,alati,mitte kunagi,esitama,,1,,obl,
9678,tooma kelles/milles,in,mitte kunagi,mitte kunagi,muu,tooma,,1,,obl,
9679,kehtima kelles/milles,in,mitte kunagi,alati,mitte kunagi,kehtima,,1,,obl,
9680,teatama kelles/milles,in,mitte kunagi,alati,mitte kunagi,teatama,,1,,obl,
9681,langema kelles/milles,in,mitte kunagi,vahel,muu,langema,,1,,obl,
9682,püsima kelles/milles,in,mitte kunagi,alati,muu,püsima,,1,,obl,
9683,väljenduma kelles/milles,in,mitte kunagi,mitte kunagi,pole kindel,väljenduma,,1,,obl,
9684,kinnitama kelles/milles,in,mitte kunagi,vahel,muu,kinnitama,,1,,obl,
9685,jätma kelles/milles,in,mitte kunagi,mitte kunagi,muu,jätma,,1,,obl,
9686,surema kelles/milles,in,mitte kunagi,vahel,muu,surema,,1,,obl,
9687,saavutama kelles/milles,in,mitte kunagi,vahel,muu,saavutama,,1,,obl,
9688,sattuma kelles/milles,in,mitte kunagi,mitte kunagi,muu,sattuma,,1,,obl,
9689,olema vaja kelles/milles,in,mitte kunagi,vahel,muu,olema,vaja,1,,obl,
9690,tunnistama kelles/milles,in,mitte kunagi,vahel,muu,tunnistama,,1,,obl,
9691,lubama kelles/milles,in,mitte kunagi,mitte kunagi,muu,lubama,,1,,obl,
9692,teadma kelles/milles,in,mitte kunagi,mitte kunagi,muu,teadma,,1,,obl,
9693,vaatama kelles/milles,in,mitte kunagi,vahel,muu,vaatama,,1,,obl,
9694,kohtama kelles/milles,in,mitte kunagi,alati,mitte kunagi,kohtama,,1,,obl,
9695,kõlama kelles/milles,in,mitte kunagi,alati,mitte kunagi,kõlama,,1,,obl,
9696,viima kelles/milles,in,mitte kunagi,vahel,muu,viima,,1,,obl,
9697,kandma kelles/milles,in,mitte kunagi,mitte kunagi,muu,kandma,,1,,obl,
9698,pääsema kelles/milles,in,mitte kunagi,vahel,muu,pääsema,,1,,obl,
9699,juhtima kelles/milles,in,mitte kunagi,alati,muu,juhtima,,1,,obl,
9700,lööma kelles/milles,in,mitte kunagi,mitte kunagi,muu,lööma,,1,,obl,
9701,astuma kelles/milles,in,mitte kunagi,vahel,muu,astuma,,1,,obl,
9702,avaldama kelles/milles,in,mitte kunagi,alati,muu,avaldama,,1,,obl,
9703,levima kelles/milles,in,mitte kunagi,alati,mitte kunagi,levima,,1,,obl,
9704,selguma kelles/milles,in,mitte kunagi,vahel,pole kindel,selguma,,1,,obl,
9705,looma kelles/milles,in,mitte kunagi,vahel,muu,,looma,1,,obl,
9706,nõudma kelles/milles,in,mitte kunagi,vahel,muu,nõudma,,1,,obl,
9707,põhjustama kelles/milles,in,mitte kunagi,alati,mitte kunagi,põhjustama,,1,,obl,
9708,paistma kelles/milles,in,mitte kunagi,alati,mitte kunagi,paistma,,1,,obl,
9709,sisalduma kelles/milles,in,mitte kunagi,alati,mitte kunagi,sisalduma,,1,,obl,
9710,võistlema kelles/milles,in,mitte kunagi,alati,mitte kunagi,võistlema,,1,,obl,
9711,püüdma kelles/milles,in,mitte kunagi,vahel,muu,püüdma,,1,,obl,
9712,kajastuma kelles/milles,in,mitte kunagi,alati,mitte kunagi,kajastuma,,1,,obl,
9713,saatma kelles/milles,in,mitte kunagi,vahel,muu,saatma,,1,,obl,
9714,paiknema kelles/milles,in,mitte kunagi,alati,mitte kunagi,paiknema,,1,,obl,
9715,puhkema kelles/milles,in,mitte kunagi,alati,mitte kunagi,puhkema,,1,,obl,
9716,tegelema kelles/milles,in,mitte kunagi,alati,muu,tegelema,,1,,obl,
9717,tabama kelles/milles,in,mitte kunagi,alati,mitte kunagi,tabama,,1,,obl,
9718,jooksma kelles/milles,in,mitte kunagi,alati,mitte kunagi,jooksma,,1,,obl,
9719,valmima kelles/milles,in,mitte kunagi,alati,mitte kunagi,valmima,,1,,obl,
9720,ilmnema kelles/milles,in,mitte kunagi,vahel,muu,ilmnema,,1,,obl,
9721,avalduma kelles/milles,in,mitte kunagi,alati,muu,avalduma,,1,,obl,
9722,kuulma kelles/milles,in,mitte kunagi,alati,muu,kuulma,,1,,obl,
9723,moodustama kelles/milles,in,mitte kunagi,vahel,muu,moodustama,,1,,obl,
9724,laskma kelles/milles,in,mitte kunagi,vahel,muu,laskma,,1,,obl,
9725,peetuma kelles/milles,in,mitte kunagi,mitte kunagi,muu,,peetuma,1,,obl,
9726,vastama kelles/milles,in,mitte kunagi,mitte kunagi,muu,vastama,,1,,obl,
9727,nimetama kelles/milles,in,mitte kunagi,vahel,muu,nimetama,,1,,obl,
9728,avastama kelles/milles,in,mitte kunagi,mitte kunagi,muu,avastama,,1,,obl,
9729,soovima kelles/milles,in,mitte kunagi,vahel,muu,soovima,,1,,obl,
9730,kujunema kelles/milles,in,mitte kunagi,alati,muu,kujunema,,1,,obl,
9731,kaduma kelles/milles,in,mitte kunagi,alati,muu,kaduma,,1,,obl,
9732,ületama kelles/milles,in,mitte kunagi,vahel,muu,ületama,,1,,obl,
9733,jagama kelles/milles,in,mitte kunagi,vahel,muu,jagama,,1,,obl,
9734,aitama kelles/milles,in,mitte kunagi,alati,muu,aitama,,1,,obl,
9735,otsima kelles/milles,in,mitte kunagi,alati,muu,otsima,,1,,obl,
9736,näima kelles/milles,in,mitte kunagi,mitte kunagi,muu,näima,,1,,obl,
9737,vajama kelles/milles,in,mitte kunagi,vahel,pole kindel,vajama,,1,,obl,
9738,esindama kelles/milles,in,mitte kunagi,alati,mitte kunagi,esindama,,1,,obl,
9739,koguma kelles/milles,in,mitte kunagi,alati,mitte kunagi,koguma,,1,,obl,
9740,märkama kelles/milles,in,mitte kunagi,vahel,muu,märkama,,1,,obl,
9741,kahtlema kelles/milles,in,mitte kunagi,mitte kunagi,muu,kahtlema,,1,,obl,
9742,suurenema kelles/milles,in,mitte kunagi,alati,mitte kunagi,suurenema,,1,,obl,
9743,õnnestuma kelles/milles,in,mitte kunagi,vahel,muu,õnnestuma,,1,,obl,
9744,toimima kelles/milles,in,mitte kunagi,alati,muu,toimima,,1,,obl,
9745,vähenema kelles/milles,in,mitte kunagi,alati,mitte kunagi,vähenema,,1,,obl,
9746,meenutama kelles/milles,in,mitte kunagi,mitte kunagi,muu,meenutama,,1,,obl,
9747,mööduma kelles/milles,in,mitte kunagi,vahel,muu,mööduma,,1,,obl,
9748,ajama kelles/milles,in,mitte kunagi,vahel,muu,ajama,,1,,obl,
9749,lugema kelles/milles,in,mitte kunagi,vahel,muu,lugema,,1,,obl,
9750,alistama kelles/milles,in,mitte kunagi,alati,mitte kunagi,alistama,,1,,obl,
9751,küsima kelles/milles,in,mitte kunagi,alati,mitte kunagi,küsima,,1,,obl,
9752,muutma kelles/milles,in,mitte kunagi,vahel,muu,muutma,,1,,obl,
9753,üritama kelles/milles,in,mitte kunagi,vahel,muu,üritama,,1,,obl,
9754,laulma kelles/milles,in,mitte kunagi,alati,mitte kunagi,laulma,,1,,obl,
9755,müüma kelles/milles,in,mitte kunagi,vahel,muu,müüma,,1,,obl,
9756,meeldima kelles/milles,in,mitte kunagi,vahel,muu,meeldima,,1,,obl,
9757,otsustama kelles/milles,in,mitte kunagi,vahel,muu,otsustama,,1,,obl,
9758,täitma kelles/milles,in,mitte kunagi,vahel,muu,täitma,,1,,obl,
9759,mõjuma kelles/milles,in,mitte kunagi,alati,mitte kunagi,mõjuma,,1,,obl,
9760,domineerima kelles/milles,in,mitte kunagi,alati,mitte kunagi,domineerima,,1,,obl,
9761,säilima kelles/milles,in,mitte kunagi,alati,mitte kunagi,säilima,,1,,obl,
9762,toetama kelles/milles,in,mitte kunagi,mitte kunagi,muu,toetama,,1,,obl,
9763,tegema kaasa kelles/milles,in,mitte kunagi,alati,mitte kunagi,tegema,kaasa,1,,obl,
9764,jääma alla kelles/milles,in,mitte kunagi,alati,mitte kunagi,jääma,alla,1,,obl,
9765,saabuma kelles/milles,in,mitte kunagi,alati,muu,saabuma,,1,,obl,
9766,tõstma kelles/milles,in,mitte kunagi,vahel,muu,tõstma,,1,,obl,
9767,märkima kelles/milles,in,mitte kunagi,vahel,muu,märkima,,1,,obl,
9768,saama kokku kelles/milles,in,mitte kunagi,alati,mitte kunagi,saama,kokku,1,,obl,
9769,kestma kelles/milles,in,mitte kunagi,alati,mitte kunagi,kestma,,1,,obl,
9770,järgnema kelles/milles,in,mitte kunagi,mitte kunagi,muu,järgnema,,1,,obl,
9771,ostma kelles/milles,in,mitte kunagi,vahel,muu,ostma,,1,,obl,
9772,omandama kelles/milles,in,mitte kunagi,alati,mitte kunagi,omandama,,1,,obl,
9773,kukkuma kelles/milles,in,mitte kunagi,alati,muu,kukkuma,,1,,obl,
9774,väitma kelles/milles,in,mitte kunagi,alati,mitte kunagi,väitma,,1,,obl,
9775,mõistma kelles/milles,in,mitte kunagi,vahel,muu,mõistma,,1,,obl,
9776,mõtlema kelles/milles,in,mitte kunagi,mitte kunagi,muu,mõtlema,,1,,obl,
9777,osutuma kelles/milles,in,mitte kunagi,mitte kunagi,muu,osutuma,,1,,obl,
9778,tapma kelles/milles,in,mitte kunagi,alati,muu,tapma,,1,,obl,
9779,leppima kokku kelles/milles,in,mitte kunagi,mitte kunagi,muu,leppima,kokku,1,,obl,
9780,arvama kelles/milles,in,mitte kunagi,vahel,muu,arvama,,1,,obl,
9781,pälvima kelles/milles,in,mitte kunagi,vahel,muu,pälvima,,1,,obl,
9782,läbima kelles/milles,in,mitte kunagi,mitte kunagi,pole kindel,läbima,,1,,obl,
9783,oskama kelles/milles,in,mitte kunagi,mitte kunagi,muu,oskama,,1,,obl,
9784,kuluma kelles/milles,in,mitte kunagi,vahel,muu,kuluma,,1,,obl,
9785,tähistama kelles/milles,in,mitte kunagi,alati,mitte kunagi,tähistama,,1,,obl,
9786,lootma kelles/milles,in,mitte kunagi,vahel,muu,lootma,,1,,obl,
9787,kogunema kelles/milles,in,mitte kunagi,vahel,muu,kogunema,,1,,obl,
9788,võtma vastu kelles/milles,in,mitte kunagi,alati,mitte kunagi,võtma,vastu,1,,obl,
9789,tulema välja kelles/milles,in,mitte kunagi,vahel,muu,tulema,välja,1,,obl,
9790,tutvustama kelles/milles,in,mitte kunagi,alati,muu,tutvustama,,1,,obl,
9791,viitama kelles/milles,in,mitte kunagi,vahel,muu,viitama,,1,,obl,
9792,kahtlustama kelles/milles,in,mitte kunagi,mitte kunagi,muu,kahtlustama,,1,,obl,
9793,ründama kelles/milles,in,mitte kunagi,alati,muu,ründama,,1,,obl,
9794,paluma kelles/milles,in,mitte kunagi,vahel,muu,paluma,,1,,obl,
9795,valima kelles/milles,in,mitte kunagi,alati,muu,valima,,1,,obl,
9796,proovima kelles/milles,in,mitte kunagi,alati,mitte kunagi,proovima,,1,,obl,
9797,võitlema kelles/milles,in,mitte kunagi,alati,muu,võitlema,,1,,obl,
9798,kirjeldama kelles/milles,in,mitte kunagi,mitte kunagi,muu,kirjeldama,,1,,obl,
9799,põlema kelles/milles,in,mitte kunagi,vahel,muu,põlema,,1,,obl,
9800,tagama kelles/milles,in,mitte kunagi,mitte kunagi,muu,tagama,,1,,obl,
9801,plahvatama kelles/milles,in,mitte kunagi,alati,mitte kunagi,plahvatama,,1,,obl,
9802,peatuma kelles/milles,in,mitte kunagi,alati,mitte kunagi,peatuma,,1,,obl,
9803,tulema ette kelles/milles,in,mitte kunagi,alati,pole kindel,tulema,ette,1,,obl,
9804,hindama kelles/milles,in,mitte kunagi,alati,mitte kunagi,hindama,,1,,obl,
9805,avanema kelles/milles,in,mitte kunagi,alati,pole kindel,avanema,,1,,obl,
9806,kulgema kelles/milles,in,mitte kunagi,alati,muu,kulgema,,1,,obl,
9807,lööma kaasa kelles/milles,in,mitte kunagi,alati,mitte kunagi,lööma,kaasa,1,,obl,
9808,kippuma kelles/milles,in,mitte kunagi,alati,pole kindel,kippuma,,1,,obl,
9809,kerkima kelles/milles,in,mitte kunagi,alati,muu,kerkima,,1,,obl,
9810,peegelduma kelles/milles,in,mitte kunagi,alati,mitte kunagi,peegelduma,,1,,obl,
9811,viskama kelles/milles,in,mitte kunagi,alati,muu,viskama,,1,,obl,
9812,määrama kelles/milles,in,mitte kunagi,alati,pole kindel,määrama,,1,,obl,
9813,arutama kelles/milles,in,mitte kunagi,alati,mitte kunagi,arutama,,1,,obl,
9814,eksisteerima kelles/milles,in,mitte kunagi,alati,mitte kunagi,eksisteerima,,1,,obl,
9815,uurima kelles/milles,in,mitte kunagi,alati,muu,uurima,,1,,obl,
9816,kutsuma kelles/milles,in,mitte kunagi,vahel,muu,kutsuma,,1,,obl,
9817,omama kelles/milles,in,mitte kunagi,mitte kunagi,muu,omama,,1,,obl,
9818,selgitama kelles/milles,in,mitte kunagi,vahel,muu,selgitama,,1,,obl,
9819,soovitama kelles/milles,in,mitte kunagi,mitte kunagi,muu,soovitama,,1,,obl,
9820,jälgima kelles/milles,in,mitte kunagi,alati,mitte kunagi,jälgima,,1,,obl,
9821,sobima kelles/milles,in,mitte kunagi,mitte kunagi,muu,sobima,,1,,obl,
9822,äratama kelles/milles,in,vahel,vahel,muu,äratama,,1,,obl,
9823,pruukima kelles/milles,in,mitte kunagi,mitte kunagi,muu,pruukima,,1,,obl,
9824,harjutama kelles/milles,in,mitte kunagi,alati,mitte kunagi,harjutama,,1,,obl,
9825,magama kelles/milles,in,mitte kunagi,alati,mitte kunagi,magama,,1,,obl,
9826,õpetama kelles/milles,in,mitte kunagi,alati,muu,õpetama,,1,,obl,
9827,kuulutama kelles/milles,in,mitte kunagi,alati,muu,kuulutama,,1,,obl,
9828,seadma kelles/milles,in,mitte kunagi,mitte kunagi,muu,seadma,,1,,obl,
9829,loobuma kelles/milles,in,mitte kunagi,mitte kunagi,muu,loobuma,,1,,obl,
9830,ulatuma kelles/milles,in,mitte kunagi,vahel,muu,ulatuma,,1,,obl,
9831,astuma üles kelles/milles,in,mitte kunagi,alati,mitte kunagi,astuma,üles,1,,obl,
9832,lendama kelles/milles,in,mitte kunagi,vahel,muu,lendama,,1,,obl,
9833,rõhutama kelles/milles,in,mitte kunagi,alati,mitte kunagi,rõhutama,,1,,obl,
9834,tunduma kelles/milles,in,mitte kunagi,vahel,muu,tunduma,,1,,obl,
9835,tooma kaasa kelles/milles,in,mitte kunagi,vahel,muu,tooma,kaasa,1,,obl,
9836,lisanduma kelles/milles,in,mitte kunagi,mitte kunagi,muu,lisanduma,,1,,obl,
9837,maanduma kelles/milles,in,mitte kunagi,alati,mitte kunagi,maanduma,,1,,obl,
9838,lisama kelles/milles,in,mitte kunagi,mitte kunagi,muu,lisama,,1,,obl,
9839,pettuma kelles/milles,in,vahel,mitte kunagi,muu,pettuma,,1,,obl,
9840,sõltuma kelles/milles,in,mitte kunagi,vahel,muu,sõltuma,,1,,obl,
9841,tasuma kelles/milles,in,mitte kunagi,mitte kunagi,muu,tasuma,,1,,obl,
9842,püstitama kelles/milles,in,mitte kunagi,vahel,muu,püstitama,,1,,obl,
9843,käituma kelles/milles,in,mitte kunagi,alati,muu,käituma,,1,,obl,
9844,puudutama kelles/milles,in,mitte kunagi,vahel,muu,puudutama,,1,,obl,
9845,lahkuma kelles/milles,in,mitte kunagi,mitte kunagi,muu,lahkuma,,1,,obl,
9846,käsitlema kelles/milles,in,mitte kunagi,vahel,muu,käsitlema,,1,,obl,
9847,veenduma kelles/milles,in,mitte kunagi,mitte kunagi,muu,veenduma,,1,,obl,
9848,tutvuma kelles/milles,in,mitte kunagi,alati,mitte kunagi,tutvuma,,1,,obl,
9849,rippuma kelles/milles,in,mitte kunagi,vahel,muu,rippuma,,1,,obl,
9850,kavatsema kelles/milles,in,mitte kunagi,mitte kunagi,muu,kavatsema,,1,,obl,
9851,arenema kelles/milles,in,mitte kunagi,mitte kunagi,muu,arenema,,1,,obl,
9852,kujutama kelles/milles,in,mitte kunagi,mitte kunagi,muu,kujutama,,1,,obl,
9853,eelistama kelles/milles,in,mitte kunagi,mitte kunagi,muu,eelistama,,1,,obl,
9854,piisama kelles/milles,in,mitte kunagi,alati,muu,piisama,,1,,obl,
9855,pidama kinni kelles/milles,in,mitte kunagi,vahel,muu,pidama,kinni,1,,obl,
9856,kannatama kelles/milles,in,mitte kunagi,alati,mitte kunagi,kannatama,,1,,obl,
9857,tõmbama kelles/milles,in,mitte kunagi,alati,pole kindel,tõmbama,,1,,obl,
9858,suurendama kelles/milles,in,mitte kunagi,mitte kunagi,muu,suurendama,,1,,obl,
9859,lõpma kelles/milles,in,mitte kunagi,mitte kunagi,muu,lõpma,,1,,obl,
9860,möllama kelles/milles,in,mitte kunagi,alati,muu,möllama,,1,,obl,
9861,väljendama kelles/milles,in,mitte kunagi,vahel,muu,väljendama,,1,,obl,
9862,esitlema kelles/milles,in,mitte kunagi,vahel,muu,esitlema,,1,,obl,
9863,kontrollima kelles/milles,in,mitte kunagi,vahel,muu,kontrollima,,1,,obl,
9864,kuulama kelles/milles,in,mitte kunagi,vahel,muu,kuulama,,1,,obl,
9865,olema kinni kelles/milles,in,mitte kunagi,alati,mitte kunagi,olema,kinni,1,,obl,
9866,särama kelles/milles,in,mitte kunagi,alati,mitte kunagi,särama,,1,,obl,
9867,vahetama kelles/milles,in,mitte kunagi,vahel,muu,vahetama,,1,,obl,
9868,kõnelema kelles/milles,in,mitte kunagi,alati,muu,kõnelema,,1,,obl,
9869,tulistama kelles/milles,in,mitte kunagi,alati,mitte kunagi,tulistama,,1,,obl,
9870,säilitama kelles/milles,in,mitte kunagi,alati,mitte kunagi,säilitama,,1,,obl,
9871,haarama kelles/milles,in,mitte kunagi,mitte kunagi,muu,haarama,,1,,obl,
9872,kindlustama kelles/milles,in,mitte kunagi,alati,mitte kunagi,kindlustama,,1,,obl,
9873,süttima kelles/milles,in,mitte kunagi,alati,mitte kunagi,süttima,,1,,obl,
9874,vedama kelles/milles,in,mitte kunagi,alati,mitte kunagi,vedama,,1,,obl,
9875,valmistama kelles/milles,in,mitte kunagi,mitte kunagi,muu,valmistama,,1,,obl,
9876,külastama kelles/milles,in,mitte kunagi,alati,muu,külastama,,1,,obl,
9877,nägema välja kelles/milles,in,mitte kunagi,alati,mitte kunagi,nägema,välja,1,,obl,
9878,sööma kelles/milles,in,mitte kunagi,alati,muu,sööma,,1,,obl,
9879,asendama kelles/milles,in,mitte kunagi,mitte kunagi,muu,asendama,,1,,obl,
9880,lebama kelles/milles,in,mitte kunagi,alati,mitte kunagi,lebama,,1,,obl,
9881,võimaldama kelles/milles,in,mitte kunagi,mitte kunagi,muu,võimaldama,,1,,obl,
9882,mõjutama kelles/milles,in,mitte kunagi,mitte kunagi,muu,mõjutama,,1,,obl,
9883,sooritama kelles/milles,in,mitte kunagi,mitte kunagi,muu,sooritama,,1,,obl,
9884,kogema kelles/milles,in,mitte kunagi,alati,muu,kogema,,1,,obl,
9885,ähvardama kelles/milles,in,mitte kunagi,vahel,muu,ähvardama,,1,,obl,
9886,startima kelles/milles,in,mitte kunagi,alati,muu,startima,,1,,obl,
9887,üllatama kelles/milles,in,mitte kunagi,vahel,muu,üllatama,,1,,obl,
9888,taotlema kelles/milles,in,mitte kunagi,mitte kunagi,muu,taotlema,,1,,obl,
9889,edestama kelles/milles,in,mitte kunagi,alati,mitte kunagi,edestama,,1,,obl,
9890,torkama kelles/milles,in,mitte kunagi,mitte kunagi,muu,torkama,,1,,obl,
9891,kaitsma kelles/milles,in,mitte kunagi,alati,mitte kunagi,kaitsma,,1,,obl,
9892,pöörduma kelles/milles,in,mitte kunagi,alati,muu,pöörduma,,1,,obl,
9893,osutama kelles/milles,in,mitte kunagi,vahel,muu,osutama,,1,,obl,
9894,korduma kelles/milles,in,mitte kunagi,alati,mitte kunagi,korduma,,1,,obl,
9895,murdma kelles/milles,in,mitte kunagi,alati,pole kindel,murdma,,1,,obl,
9896,hüppama kelles/milles,in,mitte kunagi,alati,mitte kunagi,hüppama,,1,,obl,
9897,nautima kelles/milles,in,mitte kunagi,alati,muu,nautima,,1,,obl,
9898,piirduma kelles/milles,in,mitte kunagi,alati,pole kindel,piirduma,,1,,obl,
9899,erinema kelles/milles,in,mitte kunagi,mitte kunagi,muu,erinema,,1,,obl,
9900,puhkama kelles/milles,in,mitte kunagi,alati,muu,puhkama,,1,,obl,
9901,kihutama kelles/milles,in,mitte kunagi,alati,mitte kunagi,kihutama,,1,,obl,
9902,uskuma kelles/milles,in,mitte kunagi,vahel,mitte kunagi,uskuma,,1,,obl,
9903,eksima kelles/milles,in,mitte kunagi,alati,mitte kunagi,eksima,,1,,obl,
9904,sõlmima kelles/milles,in,mitte kunagi,vahel,muu,sõlmima,,1,,obl,
9905,vähendama kelles/milles,in,mitte kunagi,alati,mitte kunagi,vähendama,,1,,obl,
9906,keelama kelles/milles,in,mitte kunagi,vahel,muu,keelama,,1,,obl,
9907,kordama kelles/milles,in,mitte kunagi,alati,mitte kunagi,kordama,,1,,obl,
9908,tundma ära kelles/milles,in,vahel,vahel,mitte kunagi,tundma,ära,1,,obl,
9909,jääma vahele kelles/milles,in,mitte kunagi,vahel,muu,jääma,vahele,1,,obl,
9910,heitma kelles/milles,in,mitte kunagi,vahel,muu,heitma,,1,,obl,
9911,kiitma kelles/milles,in,mitte kunagi,vahel,muu,kiitma,,1,,obl,
9912,tantsima kelles/milles,in,mitte kunagi,alati,mitte kunagi,tantsima,,1,,obl,
9913,vaevlema kelles/milles,in,mitte kunagi,mitte kunagi,muu,vaevlema,,1,,obl,
9914,mäletama kelles/milles,in,mitte kunagi,mitte kunagi,muu,mäletama,,1,,obl,
9915,pidama vastu kelles/milles,in,mitte kunagi,alati,mitte kunagi,pidama,vastu,1,,obl,
9916,sisaldama kelles/milles,in,mitte kunagi,mitte kunagi,muu,sisaldama,,1,,obl,
9917,vastutama kelles/milles,in,mitte kunagi,vahel,muu,vastutama,,1,,obl,
9918,tooma välja kelles/milles,in,mitte kunagi,alati,mitte kunagi,tooma,välja,1,,obl,
9919,nähtuma kelles/milles,in,mitte kunagi,mitte kunagi,muu,nähtuma,,1,,obl,
9920,kasvatama kelles/milles,in,mitte kunagi,alati,muu,kasvatama,,1,,obl,
9921,varjama kelles/milles,in,mitte kunagi,alati,mitte kunagi,varjama,,1,,obl,
9922,tõestama kelles/milles,in,mitte kunagi,alati,muu,tõestama,,1,,obl,
9923,keskenduma kelles/milles,in,mitte kunagi,vahel,muu,keskenduma,,1,,obl,
9924,vedelema kelles/milles,in,mitte kunagi,alati,mitte kunagi,vedelema,,1,,obl,
9925,keelduma kelles/milles,in,mitte kunagi,mitte kunagi,muu,keelduma,,1,,obl,
9926,kaitsema kelles/milles,in,mitte kunagi,vahel,muu,kaitsema,,1,,obl,
9927,nägema ette kelles/milles,in,mitte kunagi,vahel,muu,nägema,ette,1,,obl,
9928,nähtuma ette kelles/milles,in,mitte kunagi,mitte kunagi,muu,nähtuma,ette,1,,obl,
9929,ilmutama kelles/milles,in,mitte kunagi,vahel,pole kindel,ilmutama,,1,,obl,
9930,kurtma kelles/milles,in,mitte kunagi,alati,mitte kunagi,kurtma,,1,,obl,
9931,lähtuma kelles/milles,in,mitte kunagi,alati,pole kindel,lähtuma,,1,,obl,
9932,pesitsema kelles/milles,in,mitte kunagi,alati,mitte kunagi,pesitsema,,1,,obl,
9933,mahtuma kelles/milles,in,mitte kunagi,mitte kunagi,muu,mahtuma,,1,,obl,
9934,sadama kelles/milles,in,mitte kunagi,alati,mitte kunagi,,sadama,1,,obl,
9935,hävima kelles/milles,in,mitte kunagi,alati,mitte kunagi,hävima,,1,,obl,
9936,käivituma kelles/milles,in,mitte kunagi,alati,mitte kunagi,käivituma,,1,,obl,
9937,vahistama kelles/milles,in,mitte kunagi,vahel,muu,vahistama,,1,,obl,
9938,puutuma kokku kelles/milles,in,mitte kunagi,alati,mitte kunagi,puutuma,kokku,1,,obl,
9939,treenima kelles/milles,in,mitte kunagi,alati,mitte kunagi,treenima,,1,,obl,
9940,jooma kelles/milles,in,mitte kunagi,alati,mitte kunagi,jooma,,1,,obl,
9941,nappima kelles/milles,in,mitte kunagi,alati,mitte kunagi,nappima,,1,,obl,
9942,pöörama kelles/milles,in,mitte kunagi,mitte kunagi,muu,pöörama,,1,,obl,
9943,hõivama kelles/milles,in,mitte kunagi,alati,pole kindel,hõivama,,1,,obl,
9944,tervitama kelles/milles,in,mitte kunagi,alati,muu,tervitama,,1,,obl,
9945,toimetama kelles/milles,in,mitte kunagi,alati,muu,toimetama,,1,,obl,
9946,ärkama kelles/milles,in,vahel,vahel,muu,ärkama,,1,,obl,
9947,peatama kelles/milles,in,mitte kunagi,alati,muu,peatama,,1,,obl,
9948,sõnama kelles/milles,in,mitte kunagi,alati,muu,sõnama,,1,,obl,
9949,ujuma kelles/milles,in,mitte kunagi,alati,muu,ujuma,,1,,obl,
9950,valmistuma kelles/milles,in,mitte kunagi,alati,mitte kunagi,valmistuma,,1,,obl,
9951,purustama kelles/milles,in,mitte kunagi,vahel,muu,purustama,,1,,obl,
9952,arvestama kelles/milles,in,mitte kunagi,vahel,muu,arvestama,,1,,obl,
9953,hoiatama kelles/milles,in,mitte kunagi,vahel,muu,hoiatama,,1,,obl,
9954,kirjutama alla kelles/milles,in,mitte kunagi,vahel,muu,kirjutama,alla,1,,obl,
9955,tegema ära kelles/milles,in,mitte kunagi,vahel,muu,tegema,ära,1,,obl,
9956,julgema kelles/milles,in,mitte kunagi,vahel,muu,,julgema,1,,obl,
9957,iseloomustama kelles/milles,in,mitte kunagi,vahel,muu,iseloomustama,,1,,obl,
9958,takistama kelles/milles,in,mitte kunagi,alati,vaieldav märgendus,takistama,,1,,obl,
9959,segama kelles/milles,in,mitte kunagi,vahel,muu,segama,,1,,obl,
9960,ehitama kelles/milles,in,mitte kunagi,alati,mitte kunagi,ehitama,,1,,obl,
9961,rikkuma kelles/milles,in,mitte kunagi,mitte kunagi,muu,rikkuma,,1,,obl,
9962,esietenduma kelles/milles,in,mitte kunagi,alati,mitte kunagi,esietenduma,,1,,obl,
9963,seletama kelles/milles,in,mitte kunagi,alati,pole kindel,seletama,,1,,obl,
9964,ennustama kelles/milles,in,mitte kunagi,vahel,mitte kunagi,ennustama,,1,,obl,
9965,etendama kelles/milles,in,mitte kunagi,alati,mitte kunagi,etendama,,1,,obl,
9966,häirima kelles/milles,in,mitte kunagi,alati,mitte kunagi,häirima,,1,,obl,
9967,kulutama kelles/milles,in,mitte kunagi,vahel,muu,kulutama,,1,,obl,
9968,ööbima kelles/milles,in,mitte kunagi,alati,mitte kunagi,ööbima,,1,,obl,
9969,tõdema kelles/milles,in,mitte kunagi,alati,mitte kunagi,tõdema,,1,,obl,
9970,kukkuma alla kelles/milles,in,mitte kunagi,alati,mitte kunagi,kukkuma,alla,1,,obl,
9971,kasvama üles kelles/milles,in,mitte kunagi,alati,mitte kunagi,kasvama,üles,1,,obl,
9972,röövima kelles/milles,in,mitte kunagi,alati,mitte kunagi,röövima,,1,,obl,
9973,sundima kelles/milles,in,mitte kunagi,vahel,muu,sundima,,1,,obl,
9974,kutsuma esile kelles/milles,in,vahel,vahel,mitte kunagi,kutsuma,esile,1,,obl,
9975,parandama kelles/milles,in,mitte kunagi,alati,mitte kunagi,parandama,,1,,obl,
9976,tappima kelles/milles,in,mitte kunagi,mitte kunagi,muu,tappima,,1,,obl,
9977,jalutama kelles/milles,in,mitte kunagi,alati,muu,jalutama,,1,,obl,
9978,kujunema välja kelles/milles,in,mitte kunagi,alati,muu,kujunema,välja,1,,obl,
9979,täiendama kelles/milles,in,mitte kunagi,alati,pole kindel,täiendama,,1,,obl,
9980,kehtestama kelles/milles,in,mitte kunagi,vahel,muu,kehtestama,,1,,obl,
9981,käima ära kelles/milles,in,mitte kunagi,alati,mitte kunagi,käima,ära,1,,obl,
9982,kõndima kelles/milles,in,mitte kunagi,alati,mitte kunagi,kõndima,,1,,obl,
9983,mainima kelles/milles,in,mitte kunagi,alati,muu,mainima,,1,,obl,
9984,katkestama kelles/milles,in,mitte kunagi,alati,muu,katkestama,,1,,obl,
9985,võrdlema kelles/milles,in,mitte kunagi,vahel,muu,võrdlema,,1,,obl,
9986,kartma kelles/milles,in,mitte kunagi,vahel,muu,kartma,,1,,obl,
9987,lamama kelles/milles,in,mitte kunagi,alati,muu,lamama,,1,,obl,
9988,ringlema kelles/milles,in,mitte kunagi,alati,mitte kunagi,ringlema,,1,,obl,
9989,kommenteerima kelles/milles,in,mitte kunagi,alati,muu,kommenteerima,,1,,obl,
9990,ühinema kelles/milles,in,mitte kunagi,vahel,muu,ühinema,,1,,obl,
9991,eeldama kelles/milles,in,mitte kunagi,mitte kunagi,muu,eeldama,,1,,obl,
9992,armastama kelles/milles,in,mitte kunagi,alati,vaieldav märgendus,armastama,,1,,obl,
9993,kaaluma kelles/milles,in,mitte kunagi,mitte kunagi,muu,kaaluma,,1,,obl,
9994,lausuma kelles/milles,in,mitte kunagi,alati,muu,lausuma,,1,,obl,
9995,jääma puudu kelles/milles,in,mitte kunagi,alati,muu,jääma,puudu,1,,obl,
9996,registreerima kelles/milles,in,mitte kunagi,alati,muu,registreerima,,1,,obl,
9997,viima läbi kelles/milles,in,mitte kunagi,alati,mitte kunagi,viima,läbi,1,,obl,
9998,ootama ees kelles/milles,in,mitte kunagi,alati,mitte kunagi,ootama,ees,1,,obl,
9999,nõustuma kelles/milles,in,mitte kunagi,mitte kunagi,muu,nõustuma,,1,,obl,
10000,olema kohal kelles/milles,in,mitte kunagi,alati,mitte kunagi,olema,kohal,1,,obl,
10001,käima ringi kelles/milles,in,mitte kunagi,alati,mitte kunagi,käima,ringi,1,,obl,
10002,paranema kelles/milles,in,mitte kunagi,alati,muu,paranema,,1,,obl,
10003,kostma kelles/milles,in,mitte kunagi,alati,vaieldav märgendus,kostma,,1,,obl,
10004,minema vaja kelles/milles,in,mitte kunagi,alati,muu,minema,vaja,1,,obl,
10005,nentima kelles/milles,in,mitte kunagi,vahel,muu,nentima,,1,,obl,
10006,tootma kelles/milles,in,mitte kunagi,vahel,muu,tootma,,1,,obl,
10007,harjuma kelles/milles,in,mitte kunagi,alati,pole kindel,harjuma,,1,,obl,
10008,jaguma kelles/milles,in,mitte kunagi,alati,mitte kunagi,jaguma,,1,,obl,
10009,laskma maha kelles/milles,in,mitte kunagi,alati,mitte kunagi,laskma,maha,1,,obl,
10010,unustama kelles/milles,in,mitte kunagi,alati,vaieldav märgendus,unustama,,1,,obl,
10011,kandideerima kelles/milles,in,mitte kunagi,alati,mitte kunagi,kandideerima,,1,,obl,
10012,liikuma ringi kelles/milles,in,mitte kunagi,alati,mitte kunagi,liikuma,ringi,1,,obl,
10013,küündima kelles/milles,in,mitte kunagi,vahel,muu,küündima,,1,,obl,
10014,kritiseerima kelles/milles,in,mitte kunagi,alati,muu,kritiseerima,,1,,obl,
10015,hääletama kelles/milles,in,mitte kunagi,alati,mitte kunagi,hääletama,,1,,obl,
10016,olema nõus kelles/milles,in,mitte kunagi,alati,muu,olema,nõus,1,,obl,
10017,figureerima kelles/milles,in,mitte kunagi,alati,mitte kunagi,figureerima,,1,,obl,
10018,olema rahul kelles/milles,in,mitte kunagi,mitte kunagi,muu,olema,rahul,1,,obl,
10019,vigastama kelles/milles,in,mitte kunagi,vahel,muu,vigastama,,1,,obl,
10020,väärima kelles/milles,in,mitte kunagi,mitte kunagi,muu,väärima,,1,,obl,
10021,mõõtma kelles/milles,in,mitte kunagi,alati,muu,mõõtma,,1,,obl,
10022,puhuma kelles/milles,in,mitte kunagi,alati,mitte kunagi,puhuma,,1,,obl,
10023,võidutsema kelles/milles,in,mitte kunagi,alati,mitte kunagi,võidutsema,,1,,obl,
10024,põhjendama kelles/milles,in,mitte kunagi,mitte kunagi,muu,põhjendama,,1,,obl,
10025,asutama kelles/milles,in,mitte kunagi,vahel,muu,asutama,,1,,obl,
10026,huvitama kelles/milles,in,mitte kunagi,mitte kunagi,muu,huvitama,,1,,obl,
10027,naasma kelles/milles,in,mitte kunagi,mitte kunagi,muu,naasma,,1,,obl,
10028,katkema kelles/milles,in,mitte kunagi,vahel,muu,katkema,,1,,obl,
10029,tungima kelles/milles,in,mitte kunagi,alati,mitte kunagi,tungima,,1,,obl,
10030,algatama kelles/milles,in,mitte kunagi,alati,muu,algatama,,1,,obl,
10031,langetama kelles/milles,in,mitte kunagi,mitte kunagi,muu,langetama,,1,,obl,
10032,lõhkuma kelles/milles,in,mitte kunagi,alati,mitte kunagi,lõhkuma,,1,,obl,
10033,olema alles kelles/milles,in,mitte kunagi,alati,mitte kunagi,olema,alles,1,,obl,
10034,uppuma kelles/milles,in,mitte kunagi,alati,mitte kunagi,uppuma,,1,,obl,
10035,andma üle kelles/milles,in,mitte kunagi,alati,muu,andma,üle,1,,obl,
10036,juhatama kelles/milles,in,mitte kunagi,alati,mitte kunagi,juhatama,,1,,obl,
10037,jääma maha kelles/milles,in,mitte kunagi,vahel,muu,jääma,maha,1,,obl,
10038,minema lahti kelles/milles,in,mitte kunagi,alati,pole kindel,minema,lahti,1,,obl,
10039,teostama kelles/milles,in,mitte kunagi,vahel,pole kindel,teostama,,1,,obl,
10040,päästma kelles/milles,in,mitte kunagi,alati,mitte kunagi,päästma,,1,,obl,
10041,leppima kelles/milles,in,mitte kunagi,vahel,muu,leppima,,1,,obl,
10042,välistama kelles/milles,in,mitte kunagi,mitte kunagi,muu,välistama,,1,,obl,
10043,kuulutama välja kelles/milles,in,mitte kunagi,alati,muu,kuulutama,välja,1,,obl,
10044,põrkama kokku kelles/milles,in,mitte kunagi,alati,muu,põrkama,kokku,1,,obl,
10045,demonstreerima kelles/milles,in,mitte kunagi,alati,mitte kunagi,demonstreerima,,1,,obl,
10046,olema tarvis kelles/milles,in,mitte kunagi,alati,mitte kunagi,olema,tarvis,1,,obl,
10047,kahanema kelles/milles,in,mitte kunagi,vahel,muu,kahanema,,1,,obl,
10048,andma välja kelles/milles,in,mitte kunagi,vahel,muu,andma,välja,1,,obl,
10049,lõhkema kelles/milles,in,mitte kunagi,alati,mitte kunagi,lõhkema,,1,,obl,
10050,tajuma kelles/milles,in,mitte kunagi,alati,mitte kunagi,tajuma,,1,,obl,
10051,kavandama kelles/milles,in,mitte kunagi,mitte kunagi,muu,kavandama,,1,,obl,
10052,tulema esile kelles/milles,in,mitte kunagi,alati,mitte kunagi,tulema,esile,1,,obl,
10053,purunema kelles/milles,in,mitte kunagi,alati,mitte kunagi,purunema,,1,,obl,
10054,vallandama kelles/milles,in,vahel,vahel,mitte kunagi,vallandama,,1,,obl,
10055,süütama kelles/milles,in,mitte kunagi,alati,mitte kunagi,süütama,,1,,obl,
10056,eitama kelles/milles,in,mitte kunagi,mitte kunagi,muu,eitama,,1,,obl,
10057,katma kelles/milles,in,mitte kunagi,mitte kunagi,muu,katma,,1,,obl,
10058,kehastama kelles/milles,in,mitte kunagi,alati,mitte kunagi,kehastama,,1,,obl,
10059,suhtlema kelles/milles,in,mitte kunagi,vahel,muu,suhtlema,,1,,obl,
10060,sulgema kelles/milles,in,mitte kunagi,vahel,muu,sulgema,,1,,obl,
10061,jutustama kelles/milles,in,mitte kunagi,alati,muu,jutustama,,1,,obl,
10062,hiilgama kelles/milles,in,mitte kunagi,alati,mitte kunagi,hiilgama,,1,,obl,
10063,rakendama kelles/milles,in,mitte kunagi,alati,pole kindel,rakendama,,1,,obl,
10064,sünnitama kelles/milles,in,mitte kunagi,alati,mitte kunagi,sünnitama,,1,,obl,
10065,tuletama kelles/milles,in,mitte kunagi,vahel,muu,tuletama,,1,,obl,
10066,jääma peale kelles/milles,in,mitte kunagi,alati,mitte kunagi,jääma,peale,1,,obl,
10067,askeldama kelles/milles,in,mitte kunagi,alati,mitte kunagi,askeldama,,1,,obl,
10068,liituma kelles/milles,in,mitte kunagi,mitte kunagi,muu,liituma,,1,,obl,
10069,olema lahti kelles/milles,in,mitte kunagi,alati,mitte kunagi,olema,lahti,1,,obl,
10070,elama edasi kelles/milles,in,mitte kunagi,alati,mitte kunagi,elama,edasi,1,,obl,
10071,seadma sisse kelles/milles,in,mitte kunagi,alati,mitte kunagi,seadma,sisse,1,,obl,
10072,hävitama kelles/milles,in,vahel,vahel,pole kindel,hävitama,,1,,obl,
10073,keerama kelles/milles,in,mitte kunagi,vahel,muu,keerama,,1,,obl,
10074,võtma ette kelles/milles,in,mitte kunagi,vahel,muu,võtma,ette,1,,obl,
10075,jagunema kelles/milles,in,mitte kunagi,alati,pole kindel,jagunema,,1,,obl,
10076,kõikuma kelles/milles,in,mitte kunagi,alati,muu,kõikuma,,1,,obl,
10077,hõlmama kelles/milles,in,mitte kunagi,mitte kunagi,muu,hõlmama,,1,,obl,
10078,vahendama kelles/milles,in,mitte kunagi,vahel,muu,vahendama,,1,,obl,
10079,koostama kelles/milles,in,mitte kunagi,vahel,muu,koostama,,1,,obl,
10080,vajuma kelles/milles,in,mitte kunagi,alati,mitte kunagi,vajuma,,1,,obl,
10081,vestlema kelles/milles,in,mitte kunagi,alati,muu,vestlema,,1,,obl,
10082,peksma kelles/milles,in,mitte kunagi,alati,mitte kunagi,peksma,,1,,obl,
10083,rõõmustama kelles/milles,in,mitte kunagi,mitte kunagi,muu,rõõmustama,,1,,obl,
10084,tuvastama kelles/milles,in,mitte kunagi,alati,mitte kunagi,tuvastama,,1,,obl,
10085,väljuma kelles/milles,in,mitte kunagi,mitte kunagi,muu,väljuma,,1,,obl,
10086,seisma ees kelles/milles,in,mitte kunagi,alati,mitte kunagi,seisma,ees,1,,obl,
10087,valvama kelles/milles,in,mitte kunagi,vahel,muu,valvama,,1,,obl,
10088,voolama kelles/milles,in,mitte kunagi,alati,mitte kunagi,voolama,,1,,obl,
10089,võtma kokku kelles/milles,in,mitte kunagi,alati,pole kindel,võtma,kokku,1,,obl,
10090,ühendama kelles/milles,in,mitte kunagi,mitte kunagi,muu,ühendama,,1,,obl,
10091,koosnema kelles/milles,in,mitte kunagi,mitte kunagi,muu,koosnema,,1,,obl,
10092,käivitama kelles/milles,in,mitte kunagi,alati,mitte kunagi,käivitama,,1,,obl,
10093,tulema kokku kelles/milles,in,mitte kunagi,vahel,muu,tulema,kokku,1,,obl,
10094,kinkima kelles/milles,in,mitte kunagi,vahel,muu,kinkima,,1,,obl,
10095,põgenema kelles/milles,in,mitte kunagi,mitte kunagi,muu,põgenema,,1,,obl,
10096,debüteerima kelles/milles,in,mitte kunagi,alati,mitte kunagi,debüteerima,,1,,obl,
10097,jääma ilma kelles/milles,in,mitte kunagi,vahel,muu,jääma,ilma,1,,obl,
10098,pakkuma välja kelles/milles,in,mitte kunagi,vahel,muu,pakkuma,välja,1,,obl,
10099,suruma kelles/milles,in,mitte kunagi,alati,muu,suruma,,1,,obl,
10100,abielluma kelles/milles,in,mitte kunagi,vahel,muu,abielluma,,1,,obl,
10101,süvenema kelles/milles,in,vahel,vahel,muu,süvenema,,1,,obl,
10102,vabanema kelles/milles,in,mitte kunagi,alati,muu,vabanema,,1,,obl,
10103,piirama kelles/milles,in,mitte kunagi,vahel,muu,piirama,,1,,obl,
10104,edastama kelles/milles,in,mitte kunagi,vahel,muu,edastama,,1,,obl,
10105,kulmineeruma kelles/milles,in,mitte kunagi,alati,mitte kunagi,kulmineeruma,,1,,obl,
10106,jääma ära kelles/milles,in,mitte kunagi,alati,muu,jääma,ära,1,,obl,
10107,suhtuma kelles/milles,in,mitte kunagi,vahel,muu,suhtuma,,1,,obl,
10108,sõitma välja kelles/milles,in,mitte kunagi,alati,mitte kunagi,sõitma,välja,1,,obl,
10109,sisenema kelles/milles,in,mitte kunagi,vahel,muu,sisenema,,1,,obl,
10110,tellima kelles/milles,in,mitte kunagi,vahel,muu,tellima,,1,,obl,
10111,plaanima kelles/milles,in,mitte kunagi,alati,muu,plaanima,,1,,obl,
10112,tooma esile kelles/milles,in,mitte kunagi,vahel,muu,tooma,esile,1,,obl,
10113,arutlema kelles/milles,in,mitte kunagi,alati,muu,arutlema,,1,,obl,
10114,rahuldama kelles/milles,in,mitte kunagi,mitte kunagi,muu,rahuldama,,1,,obl,
10115,asetsema kelles/milles,in,mitte kunagi,vahel,muu,asetsema,,1,,obl,
10116,lükkama kelles/milles,in,mitte kunagi,alati,pole kindel,lükkama,,1,,obl,
10117,taastama kelles/milles,in,mitte kunagi,vahel,muu,taastama,,1,,obl,
10118,kaasnema kelles/milles,in,mitte kunagi,mitte kunagi,muu,kaasnema,,1,,obl,
10119,asetama kelles/milles,in,mitte kunagi,mitte kunagi,muu,asetama,,1,,obl,
10120,sarnanema kelles/milles,in,mitte kunagi,vahel,vaieldav märgendus,sarnanema,,1,,obl,
10121,toetuma kelles/milles,in,mitte kunagi,vahel,muu,toetuma,,1,,obl,
10122,meenuma kelles/milles,in,mitte kunagi,mitte kunagi,muu,meenuma,,1,,obl,
10123,saama otsa kelles/milles,in,mitte kunagi,alati,mitte kunagi,saama,otsa,1,,obl,
10124,võõrustama kelles/milles,in,mitte kunagi,alati,mitte kunagi,võõrustama,,1,,obl,
10125,konkureerima kelles/milles,in,mitte kunagi,alati,mitte kunagi,konkureerima,,1,,obl,
10126,laienema kelles/milles,in,mitte kunagi,alati,muu,laienema,,1,,obl,
10127,küpsema kelles/milles,in,mitte kunagi,alati,muu,,küpsema,1,,obl,
10128,laiutama kelles/milles,in,mitte kunagi,alati,mitte kunagi,laiutama,,1,,obl,
10129,pistma kelles/milles,in,mitte kunagi,alati,pole kindel,pistma,,1,,obl,
10130,saama läbi kelles/milles,in,mitte kunagi,alati,mitte kunagi,saama,läbi,1,,obl,
10131,tingima kelles/milles,in,mitte kunagi,mitte kunagi,muu,tingima,,1,,obl,
10132,kerkima esile kelles/milles,in,mitte kunagi,alati,mitte kunagi,kerkima,esile,1,,obl,
10133,lahendama kelles/milles,in,mitte kunagi,vahel,muu,lahendama,,1,,obl,
10134,ronima kelles/milles,in,mitte kunagi,alati,muu,ronima,,1,,obl,
10135,taanduma kelles/milles,in,mitte kunagi,vahel,muu,taanduma,,1,,obl,
10136,lähenema kelles/milles,in,mitte kunagi,vahel,muu,lähenema,,1,,obl,
10137,siduma kelles/milles,in,mitte kunagi,vahel,muu,siduma,,1,,obl,
10138,lahvatama kelles/milles,in,mitte kunagi,alati,mitte kunagi,lahvatama,,1,,obl,
10139,vallanduma kelles/milles,in,mitte kunagi,alati,mitte kunagi,vallanduma,,1,,obl,
10140,õitsema kelles/milles,in,mitte kunagi,alati,mitte kunagi,õitsema,,1,,obl,
10141,peitma kelles/milles,in,mitte kunagi,alati,mitte kunagi,peitma,,1,,obl,
10142,sõitma ringi kelles/milles,in,mitte kunagi,alati,mitte kunagi,sõitma,ringi,1,,obl,
10143,järgima kelles/milles,in,mitte kunagi,alati,muu,järgima,,1,,obl,
10144,kujutama ette kelles/milles,in,mitte kunagi,vahel,muu,kujutama,ette,1,,obl,
10145,laekuma kelles/milles,in,mitte kunagi,vahel,muu,laekuma,,1,,obl,
10146,juhendama kelles/milles,in,mitte kunagi,alati,mitte kunagi,juhendama,,1,,obl,
10147,kujundama kelles/milles,in,mitte kunagi,alati,mitte kunagi,kujundama,,1,,obl,
10148,moodustuma kelles/milles,in,mitte kunagi,vahel,muu,moodustuma,,1,,obl,
10149,pooldama kelles/milles,in,mitte kunagi,mitte kunagi,muu,pooldama,,1,,obl,
10150,tulenema kelles/milles,in,mitte kunagi,mitte kunagi,muu,tulenema,,1,,obl,
10151,arendama kelles/milles,in,mitte kunagi,alati,mitte kunagi,arendama,,1,,obl,
10152,lavastama kelles/milles,in,mitte kunagi,alati,muu,lavastama,,1,,obl,
10153,katsetama kelles/milles,in,mitte kunagi,alati,muu,katsetama,,1,,obl,
10154,rajama kelles/milles,in,mitte kunagi,vahel,muu,rajama,,1,,obl,
10155,tegema ilma kelles/milles,in,mitte kunagi,alati,mitte kunagi,tegema,ilma,1,,obl,
10156,linastuma kelles/milles,in,mitte kunagi,alati,mitte kunagi,linastuma,,1,,obl,
10157,sätestama kelles/milles,in,mitte kunagi,vahel,muu,sätestama,,1,,obl,
10158,kajastama kelles/milles,in,mitte kunagi,mitte kunagi,muu,kajastama,,1,,obl,
10159,hoidma kinni kelles/milles,in,mitte kunagi,alati,muu,hoidma,kinni,1,,obl,
10160,orienteeruma kelles/milles,in,mitte kunagi,mitte kunagi,muu,orienteeruma,,1,,obl,
10161,võimutsema kelles/milles,in,mitte kunagi,alati,mitte kunagi,võimutsema,,1,,obl,
10162,võtma sisse kelles/milles,in,mitte kunagi,alati,pole kindel,võtma,sisse,1,,obl,
10163,karjuma kelles/milles,in,mitte kunagi,vahel,muu,karjuma,,1,,obl,
10164,põhinema kelles/milles,in,mitte kunagi,vahel,muu,põhinema,,1,,obl,
10165,tulema tagasi kelles/milles,in,mitte kunagi,vahel,muu,tulema,tagasi,1,,obl,
10166,naerma kelles/milles,in,mitte kunagi,mitte kunagi,muu,naerma,,1,,obl,
10167,paljastama kelles/milles,in,mitte kunagi,vahel,muu,paljastama,,1,,obl,
10168,hõljuma kelles/milles,in,mitte kunagi,alati,muu,hõljuma,,1,,obl,
10169,ilutsema kelles/milles,in,mitte kunagi,alati,mitte kunagi,ilutsema,,1,,obl,
10170,jõustuma kelles/milles,in,mitte kunagi,alati,mitte kunagi,jõustuma,,1,,obl,
10171,lööma välja kelles/milles,in,vahel,vahel,mitte kunagi,lööma,välja,1,,obl,
10172,lõikama kelles/milles,in,mitte kunagi,mitte kunagi,muu,lõikama,,1,,obl,
10173,tõotama kelles/milles,in,mitte kunagi,mitte kunagi,muu,tõotama,,1,,obl,
10174,elutsema kelles/milles,in,mitte kunagi,alati,mitte kunagi,elutsema,,1,,obl,
10175,tõusma esile kelles/milles,in,mitte kunagi,vahel,muu,tõusma,esile,1,,obl,
10176,eraldama kelles/milles,in,mitte kunagi,vahel,muu,eraldama,,1,,obl,
10177,loovutama kelles/milles,in,mitte kunagi,alati,muu,loovutama,,1,,obl,
10178,organiseerima kelles/milles,in,mitte kunagi,vahel,muu,organiseerima,,1,,obl,
10179,tormama kelles/milles,in,mitte kunagi,mitte kunagi,muu,tormama,,1,,obl,
10180,hoolitsema kelles/milles,in,mitte kunagi,alati,muu,hoolitsema,,1,,obl,
10181,keerlema kelles/milles,in,mitte kunagi,vahel,muu,keerlema,,1,,obl,
10182,kolima kelles/milles,in,mitte kunagi,vahel,muu,kolima,,1,,obl,
10183,lehvima kelles/milles,in,mitte kunagi,alati,mitte kunagi,lehvima,,1,,obl,
10184,viigistama kelles/milles,in,mitte kunagi,alati,mitte kunagi,viigistama,,1,,obl,
10185,reisima kelles/milles,in,mitte kunagi,vahel,muu,reisima,,1,,obl,
10186,vallutama kelles/milles,in,mitte kunagi,vahel,muu,vallutama,,1,,obl,
10187,õigustama kelles/milles,in,mitte kunagi,vahel,muu,õigustama,,1,,obl,
10188,liigutama kelles/milles,in,mitte kunagi,alati,mitte kunagi,liigutama,,1,,obl,
10189,tegema läbi kelles/milles,in,mitte kunagi,vahel,muu,tegema,läbi,1,,obl,
10190,tiirlema kelles/milles,in,mitte kunagi,alati,pole kindel,tiirlema,,1,,obl,
10191,võtma kinni kelles/milles,in,mitte kunagi,alati,mitte kunagi,võtma,kinni,1,,obl,
10192,edenema kelles/milles,in,mitte kunagi,alati,mitte kunagi,edenema,,1,,obl,
10193,helistama kelles/milles,in,mitte kunagi,vahel,muu,helistama,,1,,obl,
10194,kustuma kelles/milles,in,mitte kunagi,vahel,muu,kustuma,,1,,obl,
10195,vaatlema kelles/milles,in,mitte kunagi,vahel,muu,vaatlema,,1,,obl,
10196,vahetuma kelles/milles,in,mitte kunagi,alati,mitte kunagi,,vahetuma,1,,obl,
10197,marssima kelles/milles,in,mitte kunagi,alati,mitte kunagi,marssima,,1,,obl,
10198,tänama kelles/milles,in,mitte kunagi,vahel,muu,tänama,,1,,obl,
10199,ihkama kelles/milles,in,mitte kunagi,vahel,muu,ihkama,,1,,obl,
10200,tunnetama kelles/milles,in,mitte kunagi,alati,pole kindel,tunnetama,,1,,obl,
10201,vaatama ringi kelles/milles,in,mitte kunagi,alati,muu,vaatama,ringi,1,,obl,
10202,noppima kelles/milles,in,mitte kunagi,alati,muu,noppima,,1,,obl,
10203,reklaamima kelles/milles,in,mitte kunagi,alati,mitte kunagi,reklaamima,,1,,obl,
10204,suunduma kelles/milles,in,mitte kunagi,vahel,muu,suunduma,,1,,obl,
10205,eelnema kelles/milles,in,mitte kunagi,vahel,muu,eelnema,,1,,obl,
10206,lööma läbi kelles/milles,in,mitte kunagi,alati,mitte kunagi,lööma,läbi,1,,obl,
10207,rändama kelles/milles,in,mitte kunagi,alati,mitte kunagi,rändama,,1,,obl,
10208,unistama kelles/milles,in,mitte kunagi,mitte kunagi,muu,unistama,,1,,obl,
10209,vabastama kelles/milles,in,mitte kunagi,vahel,muu,vabastama,,1,,obl,
10210,kalduma kelles/milles,in,mitte kunagi,vahel,muu,kalduma,,1,,obl,
10211,lagunema kelles/milles,in,mitte kunagi,alati,mitte kunagi,lagunema,,1,,obl,
10212,pärinema kelles/milles,in,mitte kunagi,mitte kunagi,muu,pärinema,,1,,obl,
10213,helisema kelles/milles,in,mitte kunagi,alati,mitte kunagi,helisema,,1,,obl,
10214,segunema kelles/milles,in,mitte kunagi,vahel,muu,segunema,,1,,obl,
10215,vahetama välja kelles/milles,in,mitte kunagi,alati,muu,vahetama,välja,1,,obl,
10216,käima läbi kelles/milles,in,mitte kunagi,mitte kunagi,muu,käima,läbi,1,,obl,
10217,reageerima kelles/milles,in,mitte kunagi,mitte kunagi,muu,reageerima,,1,,obl,
10218,täituma kelles/milles,in,mitte kunagi,mitte kunagi,muu,täituma,,1,,obl,
10219,vihjama kelles/milles,in,mitte kunagi,vahel,muu,vihjama,,1,,obl,
10220,kasutama ära kelles/milles,in,mitte kunagi,alati,mitte kunagi,kasutama,ära,1,,obl,
10221,köitma kelles/milles,in,mitte kunagi,mitte kunagi,muu,köitma,,1,,obl,
10222,varisema kokku kelles/milles,in,mitte kunagi,alati,mitte kunagi,varisema,kokku,1,,obl,
10223,vilksatama kelles/milles,in,mitte kunagi,alati,vaieldav märgendus,vilksatama,,1,,obl,
10224,alistuma kelles/milles,in,mitte kunagi,alati,mitte kunagi,alistuma,,1,,obl,
10225,analüüsima kelles/milles,in,mitte kunagi,vahel,muu,analüüsima,,1,,obl,
10226,ebaõnnestuma kelles/milles,in,mitte kunagi,alati,pole kindel,ebaõnnestuma,,1,,obl,
10227,juurduma kelles/milles,in,vahel,vahel,mitte kunagi,juurduma,,1,,obl,
10228,tuginema kelles/milles,in,mitte kunagi,vahel,vaieldav märgendus,tuginema,,1,,obl,
10229,usaldama kelles/milles,in,mitte kunagi,alati,mitte kunagi,usaldama,,1,,obl,
10230,valdama kelles/milles,in,mitte kunagi,vahel,muu,valdama,,1,,obl,
10231,etenduma kelles/milles,in,mitte kunagi,alati,mitte kunagi,etenduma,,1,,obl,
10232,varastama kelles/milles,in,mitte kunagi,vahel,muu,varastama,,1,,obl,
10233,viitsima kelles/milles,in,mitte kunagi,alati,mitte kunagi,viitsima,,1,,obl,
10234,maadlema kelles/milles,in,mitte kunagi,vahel,muu,maadlema,,1,,obl,
10235,võrduma kelles/milles,in,mitte kunagi,vahel,muu,võrduma,,1,,obl,
10236,kustutama kelles/milles,in,mitte kunagi,vahel,muu,kustutama,,1,,obl,
10237,poseerima kelles/milles,in,mitte kunagi,vahel,muu,poseerima,,1,,obl,
10238,valmistama ette kelles/milles,in,mitte kunagi,vahel,muu,valmistama,ette,1,,obl,
10239,teenindama kelles/milles,in,mitte kunagi,alati,mitte kunagi,teenindama,,1,,obl,
10240,hüüdma kelles/milles,in,mitte kunagi,vahel,muu,hüüdma,,1,,obl,
10241,keerutama kelles/milles,in,mitte kunagi,vahel,muu,keerutama,,1,,obl,
10242,kohama kelles/milles,in,mitte kunagi,mitte kunagi,muu,kohama,,1,,obl,
10243,levitama kelles/milles,in,mitte kunagi,alati,mitte kunagi,levitama,,1,,obl,
10244,sõitma otsa kelles/milles,in,mitte kunagi,alati,mitte kunagi,sõitma,otsa,1,,obl,
10245,jääma alles kelles/milles,in,mitte kunagi,alati,mitte kunagi,jääma,alles,1,,obl,
10246,saama tagasi kelles/milles,in,mitte kunagi,alati,pole kindel,saama,tagasi,1,,obl,
10247,saama valmis kelles/milles,in,mitte kunagi,alati,mitte kunagi,saama,valmis,1,,obl,
10248,testima kelles/milles,in,mitte kunagi,alati,mitte kunagi,testima,,1,,obl,
10249,tõrjuma kelles/milles,in,mitte kunagi,vahel,muu,tõrjuma,,1,,obl,
10250,murduma kelles/milles,in,mitte kunagi,alati,mitte kunagi,murduma,,1,,obl,
10251,passima kelles/milles,in,mitte kunagi,alati,mitte kunagi,passima,,1,,obl,
10252,seostuma kelles/milles,in,mitte kunagi,vahel,muu,seostuma,,1,,obl,
10253,tarvitama kelles/milles,in,mitte kunagi,vahel,muu,tarvitama,,1,,obl,
10254,tõstatama kelles/milles,in,mitte kunagi,alati,mitte kunagi,tõstatama,,1,,obl,
10255,allkirjastama kelles/milles,in,mitte kunagi,vahel,muu,allkirjastama,,1,,obl,
10256,haigutama kelles/milles,in,mitte kunagi,vahel,muu,haigutama,,1,,obl,
10257,kaduma ära kelles/milles,in,mitte kunagi,vahel,muu,kaduma,ära,1,,obl,
10258,kaebama kelles/milles,in,mitte kunagi,vahel,muu,kaebama,,1,,obl,
10259,võtma maha kelles/milles,in,mitte kunagi,alati,pole kindel,võtma,maha,1,,obl,
10260,maalima kelles/milles,in,mitte kunagi,alati,mitte kunagi,maalima,,1,,obl,
10261,veenma kelles/milles,in,mitte kunagi,vahel,muu,veenma,,1,,obl,
10262,venima kelles/milles,in,mitte kunagi,alati,mitte kunagi,venima,,1,,obl,
10263,ütlema välja kelles/milles,in,mitte kunagi,alati,mitte kunagi,ütlema,välja,1,,obl,
10264,täheldama kelles/milles,in,mitte kunagi,vahel,pole kindel,täheldama,,1,,obl,
10265,võtma ära kelles/milles,in,mitte kunagi,vahel,muu,võtma,ära,1,,obl,
10266,üürima kelles/milles,in,mitte kunagi,alati,mitte kunagi,üürima,,1,,obl,
10267,jääma välja kelles/milles,in,mitte kunagi,mitte kunagi,muu,jääma,välja,1,,obl,
10268,kükitama kelles/milles,in,mitte kunagi,alati,mitte kunagi,kükitama,,1,,obl,
10269,olema ära kelles/milles,in,mitte kunagi,mitte kunagi,muu,olema,ära,1,,obl,
10270,paistma välja kelles/milles,in,mitte kunagi,alati,mitte kunagi,paistma,välja,1,,obl,
10271,panema kokku kelles/milles,in,mitte kunagi,vahel,pole kindel,panema,kokku,1,,obl,
10272,tulema vastu kelles/milles,in,mitte kunagi,vahel,muu,tulema,vastu,1,,obl,
10273,asenduma kelles/milles,in,mitte kunagi,vahel,muu,asenduma,,1,,obl,
10274,haigestuma kelles/milles,in,mitte kunagi,alati,mitte kunagi,haigestuma,,1,,obl,
10275,kukkuma läbi kelles/milles,in,mitte kunagi,alati,mitte kunagi,kukkuma,läbi,1,,obl,
10276,takerduma kelles/milles,in,mitte kunagi,vahel,muu,takerduma,,1,,obl,
10277,aitama kaasa kelles/milles,in,mitte kunagi,vahel,muu,aitama,kaasa,1,,obl,
10278,protestima kelles/milles,in,mitte kunagi,alati,muu,protestima,,1,,obl,
10279,taastuma kelles/milles,in,mitte kunagi,alati,muu,taastuma,,1,,obl,
10280,heitlema kelles/milles,in,mitte kunagi,alati,mitte kunagi,heitlema,,1,,obl,
10281,kutsuma üles kelles/milles,in,mitte kunagi,alati,mitte kunagi,kutsuma,üles,1,,obl,
10282,muretsema kelles/milles,in,mitte kunagi,vahel,muu,muretsema,,1,,obl,
10283,sõdima kelles/milles,in,mitte kunagi,alati,mitte kunagi,sõdima,,1,,obl,
10284,vahelduma kelles/milles,in,mitte kunagi,vahel,muu,vahelduma,,1,,obl,
10285,langema välja kelles/milles,in,mitte kunagi,alati,mitte kunagi,langema,välja,1,,obl,
10286,panema välja kelles/milles,in,mitte kunagi,alati,mitte kunagi,panema,välja,1,,obl,
10287,lasuma kelles/milles,in,mitte kunagi,vahel,muu,lasuma,,1,,obl,
10288,minema läbi kelles/milles,in,mitte kunagi,alati,muu,minema,läbi,1,,obl,
10289,põletama kelles/milles,in,mitte kunagi,alati,pole kindel,põletama,,1,,obl,
10290,suusatama kelles/milles,in,mitte kunagi,alati,muu,suusatama,,1,,obl,
10291,tunnustama kelles/milles,in,mitte kunagi,vahel,muu,tunnustama,,1,,obl,
10292,töötama kokku kelles/milles,in,mitte kunagi,alati,mitte kunagi,töötama,kokku,1,,obl,
10293,fikseerima kelles/milles,in,mitte kunagi,alati,muu,fikseerima,,1,,obl,
10294,peetama kelles/milles,in,mitte kunagi,mitte kunagi,muu,peetama,,1,,obl,
10295,sammuma kelles/milles,in,mitte kunagi,alati,muu,sammuma,,1,,obl,
10296,troonima kelles/milles,in,mitte kunagi,alati,mitte kunagi,troonima,,1,,obl,
10297,vältima kelles/milles,in,mitte kunagi,alati,pole kindel,vältima,,1,,obl,
10298,keema kelles/milles,in,mitte kunagi,alati,muu,keema,,1,,obl,
10299,saama täis kelles/milles,in,mitte kunagi,alati,muu,saama,täis,1,,obl,
10300,eristama kelles/milles,in,mitte kunagi,vahel,muu,eristama,,1,,obl,
10301,pärima kelles/milles,in,mitte kunagi,mitte kunagi,muu,pärima,,1,,obl,
10302,tärkama kelles/milles,in,vahel,vahel,mitte kunagi,tärkama,,1,,obl,
10303,katsuma kelles/milles,in,mitte kunagi,vahel,muu,katsuma,,1,,obl,
10304,minema edasi kelles/milles,in,mitte kunagi,mitte kunagi,muu,minema,edasi,1,,obl,
10305,paigutama kelles/milles,in,mitte kunagi,vahel,muu,paigutama,,1,,obl,
10306,tungima kallale kelles/milles,in,mitte kunagi,alati,mitte kunagi,tungima,kallale,1,,obl,
10307,abistama kelles/milles,in,mitte kunagi,alati,mitte kunagi,abistama,,1,,obl,
10308,karistama kelles/milles,in,mitte kunagi,vahel,muu,karistama,,1,,obl,
10309,nutma kelles/milles,in,mitte kunagi,alati,mitte kunagi,nutma,,1,,obl,
10310,põimuma kelles/milles,in,mitte kunagi,alati,mitte kunagi,põimuma,,1,,obl,
10311,rebima kelles/milles,in,mitte kunagi,vahel,muu,rebima,,1,,obl,
10312,vormistama kelles/milles,in,mitte kunagi,vahel,muu,vormistama,,1,,obl,
10313,toonitama kelles/milles,in,mitte kunagi,vahel,muu,toonitama,,1,,obl,
10314,puutuma kelles/milles,in,mitte kunagi,mitte kunagi,muu,puutuma,,1,,obl,
10315,reguleerima kelles/milles,in,mitte kunagi,alati,muu,reguleerima,,1,,obl,
10316,seiklema kelles/milles,in,mitte kunagi,alati,muu,seiklema,,1,,obl,
10317,valama kelles/milles,in,mitte kunagi,alati,pole kindel,valama,,1,,obl,
10318,kallinema kelles/milles,in,mitte kunagi,alati,mitte kunagi,kallinema,,1,,obl,
10319,looma kaasa kelles/milles,in,mitte kunagi,mitte kunagi,muu,,looma,1,,obl,
10320,pakutama kelles/milles,in,mitte kunagi,mitte kunagi,muu,pakutama,,1,,obl,
10321,pesema kelles/milles,in,mitte kunagi,alati,muu,pesema,,1,,obl,
10322,pidutsema kelles/milles,in,mitte kunagi,alati,mitte kunagi,pidutsema,,1,,obl,
10323,täpsustama kelles/milles,in,mitte kunagi,vahel,muu,täpsustama,,1,,obl,
10324,jääma üle kelles/milles,in,mitte kunagi,alati,pole kindel,jääma,üle,1,,obl,
10325,kõrguma kelles/milles,in,mitte kunagi,alati,muu,kõrguma,,1,,obl,
10326,mängima kaasa kelles/milles,in,mitte kunagi,alati,mitte kunagi,mängima,kaasa,1,,obl,
10327,suitsetama kelles/milles,in,mitte kunagi,alati,muu,suitsetama,,1,,obl,
10328,kiskuma kelles/milles,in,mitte kunagi,vahel,muu,kiskuma,,1,,obl,
10329,lahutama kelles/milles,in,mitte kunagi,alati,vaieldav märgendus,lahutama,,1,,obl,
10330,langema kokku kelles/milles,in,mitte kunagi,alati,pole kindel,langema,kokku,1,,obl,
10331,minema kokku kelles/milles,in,mitte kunagi,alati,muu,minema,kokku,1,,obl,
10332,peegeldama kelles/milles,in,mitte kunagi,mitte kunagi,muu,peegeldama,,1,,obl,
10333,sulama kelles/milles,in,mitte kunagi,vahel,muu,sulama,,1,,obl,
10334,tõstma esile kelles/milles,in,mitte kunagi,alati,vaieldav märgendus,tõstma,esile,1,,obl,
10335,vohama kelles/milles,in,mitte kunagi,alati,mitte kunagi,vohama,,1,,obl,
10336,tuhnima kelles/milles,in,mitte kunagi,alati,mitte kunagi,tuhnima,,1,,obl,
10337,avalikustama kelles/milles,in,mitte kunagi,vahel,muu,avalikustama,,1,,obl,
10338,eksponeerima kelles/milles,in,mitte kunagi,alati,muu,eksponeerima,,1,,obl,
10339,kiitma heaks kelles/milles,in,mitte kunagi,alati,muu,kiitma,heaks,1,,obl,
10340,korjama kelles/milles,in,mitte kunagi,vahel,muu,korjama,,1,,obl,
10341,tugevdama kelles/milles,in,mitte kunagi,mitte kunagi,muu,tugevdama,,1,,obl,
10342,varitsema kelles/milles,in,mitte kunagi,alati,mitte kunagi,varitsema,,1,,obl,
10343,esilinastuma kelles/milles,in,mitte kunagi,alati,mitte kunagi,esilinastuma,,1,,obl,
10344,joonistama kelles/milles,in,mitte kunagi,alati,muu,joonistama,,1,,obl,
10345,kukkuma kokku kelles/milles,in,mitte kunagi,alati,mitte kunagi,kukkuma,kokku,1,,obl,
10346,ohustama kelles/milles,in,mitte kunagi,mitte kunagi,muu,ohustama,,1,,obl,
10347,olenema kelles/milles,in,mitte kunagi,mitte kunagi,muu,olenema,,1,,obl,
10348,jääma kinni kelles/milles,in,mitte kunagi,mitte kunagi,muu,jääma,kinni,1,,obl,
10349,kattuma kelles/milles,in,mitte kunagi,vahel,muu,kattuma,,1,,obl,
10350,koonduma kelles/milles,in,mitte kunagi,vahel,muu,koonduma,,1,,obl,
10351,kummitama kelles/milles,in,mitte kunagi,alati,mitte kunagi,kummitama,,1,,obl,
10352,libisema kelles/milles,in,mitte kunagi,alati,pole kindel,libisema,,1,,obl,
10353,kõlbama kelles/milles,in,mitte kunagi,vahel,muu,kõlbama,,1,,obl,
10354,määratlema kelles/milles,in,mitte kunagi,mitte kunagi,muu,määratlema,,1,,obl,
10355,seiskuma kelles/milles,in,mitte kunagi,alati,mitte kunagi,seiskuma,,1,,obl,
10356,tulema juurde kelles/milles,in,mitte kunagi,alati,mitte kunagi,tulema,juurde,1,,obl,
10357,tühistama kelles/milles,in,mitte kunagi,vahel,muu,tühistama,,1,,obl,
10358,eristuma kelles/milles,in,mitte kunagi,vahel,muu,eristuma,,1,,obl,
10359,ilmuma välja kelles/milles,in,mitte kunagi,alati,mitte kunagi,ilmuma,välja,1,,obl,
10360,müüma maha kelles/milles,in,mitte kunagi,vahel,muu,müüma,maha,1,,obl,
10361,realiseeruma kelles/milles,in,mitte kunagi,alati,muu,realiseeruma,,1,,obl,
10362,sujuma kelles/milles,in,mitte kunagi,alati,mitte kunagi,sujuma,,1,,obl,
10363,halvenema kelles/milles,in,mitte kunagi,vahel,muu,halvenema,,1,,obl,
10364,käskima kelles/milles,in,mitte kunagi,alati,vaieldav märgendus,käskima,,1,,obl,
10365,lükkama tagasi kelles/milles,in,mitte kunagi,vahel,muu,lükkama,tagasi,1,,obl,
10366,vaidlema kelles/milles,in,mitte kunagi,alati,muu,vaidlema,,1,,obl,
10367,deklareerima kelles/milles,in,mitte kunagi,alati,mitte kunagi,deklareerima,,1,,obl,
10368,hargnema kelles/milles,in,mitte kunagi,alati,mitte kunagi,hargnema,,1,,obl,
10369,põrutama kelles/milles,in,mitte kunagi,mitte kunagi,muu,põrutama,,1,,obl,
10370,kerkima üles kelles/milles,in,mitte kunagi,alati,mitte kunagi,kerkima,üles,1,,obl,
10371,käima välja kelles/milles,in,mitte kunagi,alati,muu,käima,välja,1,,obl,
10372,nakatuma kelles/milles,in,mitte kunagi,alati,mitte kunagi,nakatuma,,1,,obl,
10373,siplema kelles/milles,in,mitte kunagi,alati,vaieldav märgendus,siplema,,1,,obl,
10374,ajama taga kelles/milles,in,mitte kunagi,alati,mitte kunagi,ajama,taga,1,,obl,
10375,astuma välja kelles/milles,in,mitte kunagi,vahel,pole kindel,astuma,välja,1,,obl,
10376,minema välja kelles/milles,in,mitte kunagi,vahel,muu,minema,välja,1,,obl,
10377,möönma kelles/milles,in,mitte kunagi,mitte kunagi,muu,möönma,,1,,obl,
10378,tsiteerima kelles/milles,in,mitte kunagi,alati,mitte kunagi,tsiteerima,,1,,obl,
10379,soodustama kelles/milles,in,mitte kunagi,vahel,muu,soodustama,,1,,obl,
10380,taguma kelles/milles,in,mitte kunagi,alati,mitte kunagi,taguma,,1,,obl,
10381,tugevnema kelles/milles,in,mitte kunagi,mitte kunagi,muu,tugevnema,,1,,obl,
10382,jalutama ringi kelles/milles,in,mitte kunagi,alati,mitte kunagi,jalutama,ringi,1,,obl,
10383,kukkuma välja kelles/milles,in,mitte kunagi,vahel,muu,kukkuma,välja,1,,obl,
10384,raputama kelles/milles,in,mitte kunagi,vahel,pole kindel,raputama,,1,,obl,
10385,taluma kelles/milles,in,mitte kunagi,mitte kunagi,muu,taluma,,1,,obl,
10386,vaidlustama kelles/milles,in,mitte kunagi,vahel,muu,vaidlustama,,1,,obl,
10387,valetama kelles/milles,in,mitte kunagi,vahel,muu,valetama,,1,,obl,
10388,arreteerima kelles/milles,in,mitte kunagi,vahel,muu,arreteerima,,1,,obl,
10389,blokeerima kelles/milles,in,mitte kunagi,vahel,muu,blokeerima,,1,,obl,
10390,jääma pooleli kelles/milles,in,mitte kunagi,vahel,muu,jääma,pooleli,1,,obl,
10391,lahustuma kelles/milles,in,mitte kunagi,alati,mitte kunagi,lahustuma,,1,,obl,
10392,meelitama kelles/milles,in,mitte kunagi,vahel,muu,meelitama,,1,,obl,
10393,kuluma ära kelles/milles,in,mitte kunagi,vahel,muu,kuluma,ära,1,,obl,
10394,panema kinni kelles/milles,in,mitte kunagi,vahel,muu,panema,kinni,1,,obl,
10395,sättima kelles/milles,in,mitte kunagi,mitte kunagi,muu,sättima,,1,,obl,
10396,hankima kelles/milles,in,mitte kunagi,alati,muu,hankima,,1,,obl,
10397,kinnistuma kelles/milles,in,mitte kunagi,alati,muu,kinnistuma,,1,,obl,
10398,kõndima ringi kelles/milles,in,mitte kunagi,alati,mitte kunagi,kõndima,ringi,1,,obl,
10399,ümbritsema kelles/milles,in,mitte kunagi,vahel,muu,ümbritsema,,1,,obl,
10400,jahtima kelles/milles,in,mitte kunagi,alati,mitte kunagi,jahtima,,1,,obl,
10401,jääma rahule kelles/milles,in,mitte kunagi,alati,mitte kunagi,jääma,rahule,1,,obl,
10402,prognoosima kelles/milles,in,mitte kunagi,vahel,muu,prognoosima,,1,,obl,
10403,ravima kelles/milles,in,mitte kunagi,alati,mitte kunagi,ravima,,1,,obl,
10404,rentima kelles/milles,in,mitte kunagi,alati,mitte kunagi,rentima,,1,,obl,
10405,tõukama kelles/milles,in,mitte kunagi,vahel,muu,tõukama,,1,,obl,
10406,värisema kelles/milles,in,mitte kunagi,alati,muu,värisema,,1,,obl,
10407,alluma kelles/milles,in,mitte kunagi,vahel,muu,alluma,,1,,obl,
10408,andma järele kelles/milles,in,mitte kunagi,vahel,muu,andma,järele,1,,obl,
10409,kergitama kelles/milles,in,mitte kunagi,alati,pole kindel,kergitama,,1,,obl,
10410,pühendama kelles/milles,in,mitte kunagi,vahel,muu,pühendama,,1,,obl,
10411,sagenema kelles/milles,in,mitte kunagi,alati,mitte kunagi,sagenema,,1,,obl,
10412,sekkuma kelles/milles,in,mitte kunagi,alati,mitte kunagi,sekkuma,,1,,obl,
10413,siirduma kelles/milles,in,mitte kunagi,alati,mitte kunagi,siirduma,,1,,obl,
10414,küsitlema kelles/milles,in,mitte kunagi,alati,mitte kunagi,küsitlema,,1,,obl,
10415,loksuma kelles/milles,in,mitte kunagi,alati,mitte kunagi,loksuma,,1,,obl,
10416,osalema kokku kelles/milles,in,mitte kunagi,alati,mitte kunagi,osalema,kokku,1,,obl,
10417,saama juurde kelles/milles,in,mitte kunagi,alati,mitte kunagi,saama,juurde,1,,obl,
10418,saama peksma kelles/milles,in,mitte kunagi,mitte kunagi,muu,peksma,saama,1,,obl,
10419,soosima kelles/milles,in,mitte kunagi,alati,vaieldav märgendus,soosima,,1,,obl,
10420,võtma välja kelles/milles,in,mitte kunagi,vahel,muu,võtma,välja,1,,obl,
10421,imestama kelles/milles,in,mitte kunagi,alati,muu,imestama,,1,,obl,
10422,jaksama kelles/milles,in,mitte kunagi,vahel,pole kindel,jaksama,,1,,obl,
10423,maksma kinni kelles/milles,in,mitte kunagi,mitte kunagi,muu,maksma,kinni,1,,obl,
10424,müttama kelles/milles,in,mitte kunagi,alati,mitte kunagi,müttama,,1,,obl,
10425,uuendama kelles/milles,in,mitte kunagi,alati,vaieldav märgendus,uuendama,,1,,obl,
10426,vägistama kelles/milles,in,mitte kunagi,alati,mitte kunagi,vägistama,,1,,obl,
10427,liikuma edasi kelles/milles,in,mitte kunagi,alati,mitte kunagi,liikuma,edasi,1,,obl,
10428,lükkama ümber kelles/milles,in,mitte kunagi,alati,mitte kunagi,lükkama,ümber,1,,obl,
10429,paiskama kelles/milles,in,mitte kunagi,alati,mitte kunagi,paiskama,,1,,obl,
10430,põrkuma kelles/milles,in,mitte kunagi,vahel,muu,põrkuma,,1,,obl,
10431,seostama kelles/milles,in,mitte kunagi,mitte kunagi,muu,seostama,,1,,obl,
10432,väsima kelles/milles,in,mitte kunagi,vahel,muu,väsima,,1,,obl,
10433,alanema kelles/milles,in,mitte kunagi,alati,mitte kunagi,alanema,,1,,obl,
10434,saama üle kelles/milles,in,mitte kunagi,mitte kunagi,muu,saama,üle,1,,obl,
10435,salvestama kelles/milles,in,mitte kunagi,alati,mitte kunagi,salvestama,,1,,obl,
10436,sirguma kelles/milles,in,mitte kunagi,alati,mitte kunagi,sirguma,,1,,obl,
10437,tarbima kelles/milles,in,mitte kunagi,vahel,muu,tarbima,,1,,obl,
10438,teavitama kelles/milles,in,mitte kunagi,alati,muu,teavitama,,1,,obl,
10439,vahtima kelles/milles,in,mitte kunagi,alati,mitte kunagi,vahtima,,1,,obl,
10440,elama kaasa kelles/milles,in,mitte kunagi,alati,mitte kunagi,elama,kaasa,1,,obl,
10441,laduma kelles/milles,in,mitte kunagi,mitte kunagi,muu,laduma,,1,,obl,
10442,loopima kelles/milles,in,mitte kunagi,alati,mitte kunagi,loopima,,1,,obl,
10443,märatsema kelles/milles,in,mitte kunagi,alati,mitte kunagi,märatsema,,1,,obl,
10444,tunglema kelles/milles,in,mitte kunagi,alati,muu,tunglema,,1,,obl,
10445,võluma kelles/milles,in,mitte kunagi,alati,pole kindel,võluma,,1,,obl,
10446,koondama kelles/milles,in,mitte kunagi,vahel,muu,koondama,,1,,obl,
10447,leidma üles kelles/milles,in,mitte kunagi,vahel,muu,leidma,üles,1,,obl,
10448,minema ära kelles/milles,in,mitte kunagi,vahel,muu,minema,ära,1,,obl,
10449,rabama kelles/milles,in,mitte kunagi,vahel,muu,rabama,,1,,obl,
10450,väljastama kelles/milles,in,mitte kunagi,vahel,muu,väljastama,,1,,obl,
10451,võtma üle kelles/milles,in,mitte kunagi,vahel,muu,võtma,üle,1,,obl,
10452,investeerima kelles/milles,in,mitte kunagi,vahel,muu,investeerima,,1,,obl,
10453,triumfeerima kelles/milles,in,mitte kunagi,alati,mitte kunagi,triumfeerima,,1,,obl,
10454,vabandama kelles/milles,in,mitte kunagi,mitte kunagi,muu,vabandama,,1,,obl,
10455,laiendama kelles/milles,in,mitte kunagi,vahel,muu,laiendama,,1,,obl,
10456,lugema ette kelles/milles,in,mitte kunagi,alati,mitte kunagi,lugema,ette,1,,obl,
10457,pajatama kelles/milles,in,mitte kunagi,alati,muu,pajatama,,1,,obl,
10458,ehmatama kelles/milles,in,mitte kunagi,vahel,muu,ehmatama,,1,,obl,
10459,heitma ette kelles/milles,in,mitte kunagi,alati,mitte kunagi,heitma,ette,1,,obl,
10460,kuivama kelles/milles,in,mitte kunagi,alati,muu,kuivama,,1,,obl,
10461,redutama kelles/milles,in,mitte kunagi,alati,mitte kunagi,redutama,,1,,obl,
10462,vajutama kelles/milles,in,mitte kunagi,alati,pole kindel,vajutama,,1,,obl,
10463,harrastama kelles/milles,in,mitte kunagi,vahel,muu,harrastama,,1,,obl,
10464,mõrvama kelles/milles,in,mitte kunagi,alati,mitte kunagi,mõrvama,,1,,obl,
10465,opereerima kelles/milles,in,mitte kunagi,alati,mitte kunagi,opereerima,,1,,obl,
10466,patrullima kelles/milles,in,mitte kunagi,alati,mitte kunagi,patrullima,,1,,obl,
10467,sõnastama kelles/milles,in,mitte kunagi,alati,mitte kunagi,sõnastama,,1,,obl,
10468,tipnema kelles/milles,in,mitte kunagi,vahel,muu,tipnema,,1,,obl,
10469,tooma ära kelles/milles,in,mitte kunagi,alati,muu,tooma,ära,1,,obl,
10470,hoiduma kelles/milles,in,mitte kunagi,alati,muu,hoiduma,,1,,obl,
10471,kosuma kelles/milles,in,mitte kunagi,alati,muu,kosuma,,1,,obl,
10472,realiseerima kelles/milles,in,mitte kunagi,alati,muu,realiseerima,,1,,obl,
10473,seljatama kelles/milles,in,mitte kunagi,alati,mitte kunagi,seljatama,,1,,obl,
10474,vaatama üle kelles/milles,in,mitte kunagi,alati,muu,vaatama,üle,1,,obl,
10475,valima välja kelles/milles,in,mitte kunagi,alati,muu,valima,välja,1,,obl,
10476,lakkama kelles/milles,in,mitte kunagi,vahel,muu,lakkama,,1,,obl,
10477,rabelema kelles/milles,in,mitte kunagi,alati,mitte kunagi,rabelema,,1,,obl,
10478,rõhuma kelles/milles,in,mitte kunagi,alati,muu,rõhuma,,1,,obl,
10479,saama sisse kelles/milles,in,mitte kunagi,vahel,muu,saama,sisse,1,,obl,
10480,alandama kelles/milles,in,mitte kunagi,vahel,muu,alandama,,1,,obl,
10481,kahjustama kelles/milles,in,mitte kunagi,vahel,muu,kahjustama,,1,,obl,
10482,konutama kelles/milles,in,mitte kunagi,alati,mitte kunagi,konutama,,1,,obl,
10483,naeratama kelles/milles,in,mitte kunagi,vahel,muu,naeratama,,1,,obl,
10484,nihkuma kelles/milles,in,mitte kunagi,vahel,muu,nihkuma,,1,,obl,
10485,pildistama kelles/milles,in,mitte kunagi,alati,muu,pildistama,,1,,obl,
10486,lõõmama kelles/milles,in,mitte kunagi,alati,muu,lõõmama,,1,,obl,
10487,võtma üles kelles/milles,in,mitte kunagi,alati,pole kindel,võtma,üles,1,,obl,
10488,aktsepteerima kelles/milles,in,mitte kunagi,alati,mitte kunagi,aktsepteerima,,1,,obl,
10489,külmuma kelles/milles,in,mitte kunagi,alati,mitte kunagi,külmuma,,1,,obl,
10490,külvama kelles/milles,in,vahel,vahel,mitte kunagi,külvama,,1,,obl,
10491,laiuma kelles/milles,in,mitte kunagi,vahel,muu,laiuma,,1,,obl,
10492,pussitama kelles/milles,in,mitte kunagi,alati,mitte kunagi,pussitama,,1,,obl,
10493,rakenduma kelles/milles,in,mitte kunagi,alati,muu,rakenduma,,1,,obl,
10494,sihtima kelles/milles,in,mitte kunagi,alati,mitte kunagi,sihtima,,1,,obl,
10495,sõimama kelles/milles,in,mitte kunagi,vahel,muu,sõimama,,1,,obl,
10496,tegema lahti kelles/milles,in,mitte kunagi,alati,pole kindel,tegema,lahti,1,,obl,
10497,kihama kelles/milles,in,mitte kunagi,alati,muu,kihama,,1,,obl,
10498,külmetama kelles/milles,in,mitte kunagi,alati,mitte kunagi,külmetama,,1,,obl,
10499,tulema täis kelles/milles,in,mitte kunagi,mitte kunagi,muu,tulema,täis,1,,obl,
10500,köhima kelles/milles,in,mitte kunagi,alati,muu,köhima,,1,,obl,
10501,küdema kelles/milles,in,vahel,vahel,muu,küdema,,1,,obl,
10502,kügelema kelles/milles,in,mitte kunagi,alati,muu,kügelema,,1,,obl,
10503,silduma kelles/milles,in,mitte kunagi,alati,mitte kunagi,silduma,,1,,obl,
10504,kössitama kelles/milles,in,mitte kunagi,alati,mitte kunagi,kössitama,,1,,obl,
10505,küllastuma kelles/milles,in,mitte kunagi,mitte kunagi,muu,küllastuma,,1,,obl,
10506,pimestama kelles/milles,in,mitte kunagi,vahel,muu,pimestama,,1,,obl,
10507,tulema maha kelles/milles,in,mitte kunagi,alati,pole kindel,tulema,maha,1,,obl,
10508,silkama kelles/milles,in,mitte kunagi,alati,muu,silkama,,1,,obl,
10509,kümblema kelles/milles,in,mitte kunagi,alati,mitte kunagi,kümblema,,1,,obl,
10510,kündma kelles/milles,in,mitte kunagi,alati,mitte kunagi,kündma,,1,,obl,
10511,küpsetama kelles/milles,in,mitte kunagi,alati,muu,küpsetama,,1,,obl,
10512,muigama kelles/milles,in,mitte kunagi,vahel,muu,muigama,,1,,obl,
10513,silitama kelles/milles,in,mitte kunagi,vahel,muu,silitama,,1,,obl,
10514,purjutama kelles/milles,in,mitte kunagi,alati,mitte kunagi,purjutama,,1,,obl,
10515,tarduma kelles/milles,in,mitte kunagi,mitte kunagi,muu,tarduma,,1,,obl,
10516,tulema sisse kelles/milles,in,mitte kunagi,alati,pole kindel,tulema,sisse,1,,obl,
10517,mulksuma kelles/milles,in,mitte kunagi,alati,muu,mulksuma,,1,,obl,
10518,sihvama kelles/milles,in,mitte kunagi,mitte kunagi,muu,sihvama,,1,,obl,
10519,kätkema kelles/milles,in,mitte kunagi,vahel,muu,kätkema,,1,,obl,
10520,käsutama kelles/milles,in,mitte kunagi,vahel,muu,käsutama,,1,,obl,
10521,purskama kelles/milles,in,mitte kunagi,alati,muu,purskama,,1,,obl,
10522,kärvama kelles/milles,in,mitte kunagi,alati,muu,kärvama,,1,,obl,
10523,käsitama kelles/milles,in,mitte kunagi,vahel,muu,käsitama,,1,,obl,
10524,purskama välja kelles/milles,in,mitte kunagi,alati,mitte kunagi,purskama,välja,1,,obl,
10525,munema kelles/milles,in,mitte kunagi,alati,muu,munema,,1,,obl,
10526,külitama kelles/milles,in,mitte kunagi,alati,mitte kunagi,külitama,,1,,obl,
10527,külastama kokku kelles/milles,in,mitte kunagi,alati,mitte kunagi,külastama,kokku,1,,obl,
10528,külmetuma kelles/milles,in,mitte kunagi,alati,mitte kunagi,külmetuma,,1,,obl,
10529,tulema puudu kelles/milles,in,mitte kunagi,alati,mitte kunagi,tulema,puudu,1,,obl,
10530,murdma maha kelles/milles,in,mitte kunagi,alati,mitte kunagi,murdma,maha,1,,obl,
10531,kõrbema kelles/milles,in,mitte kunagi,alati,muu,kõrbema,,1,,obl,
10532,kõrgenema kelles/milles,in,mitte kunagi,alati,vaieldav märgendus,kõrgenema,,1,,obl,
10533,murdma läbi kelles/milles,in,mitte kunagi,alati,mitte kunagi,murdma,läbi,1,,obl,
10534,rääkima edasi kelles/milles,in,mitte kunagi,alati,muu,rääkima,edasi,1,,obl,
10535,ristlema kelles/milles,in,mitte kunagi,alati,mitte kunagi,ristlema,,1,,obl,
10536,harima kelles/milles,in,mitte kunagi,vahel,muu,harima,,1,,obl,
10537,õppima kokku kelles/milles,in,mitte kunagi,alati,mitte kunagi,õppima,kokku,1,,obl,
10538,sõitma ette kelles/milles,in,mitte kunagi,alati,mitte kunagi,sõitma,ette,1,,obl,
10539,andma kokku kelles/milles,in,mitte kunagi,alati,mitte kunagi,andma,kokku,1,,obl,
10540,hõikama kelles/milles,in,mitte kunagi,alati,mitte kunagi,hõikama,,1,,obl,
10541,osatama kelles/milles,in,mitte kunagi,mitte kunagi,muu,osatama,,1,,obl,
10542,peetuma kinni kelles/milles,in,mitte kunagi,mitte kunagi,muu,,peetuma,1,,obl,
10543,bluffima kelles/milles,in,mitte kunagi,alati,pole kindel,bluffima,,1,,obl,
10544,viskama alla kelles/milles,in,mitte kunagi,alati,muu,viskama,alla,1,,obl,
10545,kõrvutama kelles/milles,in,mitte kunagi,alati,muu,kõrvutama,,1,,obl,
10546,tulema valmis kelles/milles,in,mitte kunagi,mitte kunagi,muu,tulema,valmis,1,,obl,
10547,pusima kelles/milles,in,mitte kunagi,alati,mitte kunagi,pusima,,1,,obl,
10548,tulema peale kelles/milles,in,mitte kunagi,vahel,muu,tulema,peale,1,,obl,
10549,külmuma ära kelles/milles,in,mitte kunagi,alati,mitte kunagi,külmuma,ära,1,,obl,
10550,külmutama kelles/milles,in,mitte kunagi,mitte kunagi,muu,külmutama,,1,,obl,
10551,puskima kelles/milles,in,mitte kunagi,mitte kunagi,muu,puskima,,1,,obl,
10552,tapma ära kelles/milles,in,mitte kunagi,alati,muu,tapma,ära,1,,obl,
10553,tulema ära kelles/milles,in,mitte kunagi,mitte kunagi,muu,tulema,ära,1,,obl,
10554,kõnetama kelles/milles,in,mitte kunagi,vahel,muu,kõnetama,,1,,obl,
10555,murdma sisse kelles/milles,in,mitte kunagi,alati,mitte kunagi,murdma,sisse,1,,obl,
10556,tulema üle kelles/milles,in,mitte kunagi,vahel,muu,tulema,üle,1,,obl,
10557,kõõluma kelles/milles,in,mitte kunagi,alati,mitte kunagi,kõõluma,,1,,obl,
10558,kõndima mööda kelles/milles,in,mitte kunagi,vahel,muu,kõndima,mööda,1,,obl,
10559,murdma välja kelles/milles,in,mitte kunagi,vahel,muu,murdma,välja,1,,obl,
10560,kõrvaldama kelles/milles,in,mitte kunagi,alati,muu,kõrvaldama,,1,,obl,
10561,murdma lahti kelles/milles,in,mitte kunagi,alati,muu,murdma,lahti,1,,obl,
10562,kõrvetama kelles/milles,in,mitte kunagi,alati,muu,kõrvetama,,1,,obl,
10563,tantsisklema kelles/milles,in,mitte kunagi,alati,mitte kunagi,tantsisklema,,1,,obl,
10564,tungima sisse kelles/milles,in,mitte kunagi,alati,muu,tungima,sisse,1,,obl,
10565,minema üle kelles/milles,in,mitte kunagi,alati,pole kindel,minema,üle,1,,obl,
10566,mitmekordistuma kelles/milles,in,mitte kunagi,alati,mitte kunagi,mitmekordistuma,,1,,obl,
10567,pulbitsema kelles/milles,in,vahel,vahel,mitte kunagi,pulbitsema,,1,,obl,
10568,lakkuma kelles/milles,in,mitte kunagi,vahel,muu,lakkuma,,1,,obl,
10569,pinnima kelles/milles,in,mitte kunagi,alati,mitte kunagi,pinnima,,1,,obl,
10570,pummeldama kelles/milles,in,mitte kunagi,alati,mitte kunagi,pummeldama,,1,,obl,
10571,tuiama ringi kelles/milles,in,mitte kunagi,alati,mitte kunagi,tuiama,ringi,1,,obl,
10572,tuiama kelles/milles,in,mitte kunagi,alati,mitte kunagi,tuiama,,1,,obl,
10573,modelleerima kelles/milles,in,mitte kunagi,alati,muu,modelleerima,,1,,obl,
10574,tuigerdama kelles/milles,in,mitte kunagi,alati,mitte kunagi,tuigerdama,,1,,obl,
10575,laimama kelles/milles,in,mitte kunagi,alati,muu,laimama,,1,,obl,
10576,tuhmuma kelles/milles,in,mitte kunagi,alati,mitte kunagi,tuhmuma,,1,,obl,
10577,laitma maha kelles/milles,in,mitte kunagi,alati,muu,laitma,maha,1,,obl,
10578,lainetama kelles/milles,in,mitte kunagi,alati,mitte kunagi,lainetama,,1,,obl,
10579,mobiliseerima kelles/milles,in,mitte kunagi,alati,muu,mobiliseerima,,1,,obl,
10580,siputama kelles/milles,in,mitte kunagi,alati,muu,siputama,,1,,obl,
10581,pulseerima kelles/milles,in,mitte kunagi,vahel,muu,pulseerima,,1,,obl,
10582,laitma kelles/milles,in,mitte kunagi,alati,muu,laitma,,1,,obl,
10583,sirama kelles/milles,in,mitte kunagi,alati,mitte kunagi,sirama,,1,,obl,
10584,tuhlama kelles/milles,in,mitte kunagi,alati,mitte kunagi,tuhlama,,1,,obl,
10585,puistama kelles/milles,in,mitte kunagi,alati,mitte kunagi,puistama,,1,,obl,
10586,langema sisse kelles/milles,in,mitte kunagi,vahel,muu,langema,sisse,1,,obl,
10587,punetama kelles/milles,in,mitte kunagi,alati,mitte kunagi,punetama,,1,,obl,
10588,pingutama üle kelles/milles,in,mitte kunagi,alati,muu,pingutama,üle,1,,obl,
10589,lahtuma kelles/milles,in,mitte kunagi,alati,mitte kunagi,lahtuma,,1,,obl,
10590,lahustama kelles/milles,in,mitte kunagi,alati,muu,lahustama,,1,,obl,
10591,pumpama kelles/milles,in,mitte kunagi,alati,muu,pumpama,,1,,obl,
10592,tuikuma kelles/milles,in,mitte kunagi,alati,muu,tuikuma,,1,,obl,
10593,lajatama kelles/milles,in,mitte kunagi,alati,muu,lajatama,,1,,obl,
10594,tuikama kelles/milles,in,mitte kunagi,alati,muu,tuikama,,1,,obl,
10595,lahknema kelles/milles,in,mitte kunagi,vahel,muu,lahknema,,1,,obl,
10596,lahkama kelles/milles,in,mitte kunagi,alati,mitte kunagi,lahkama,,1,,obl,
10597,lahmima kelles/milles,in,mitte kunagi,alati,muu,lahmima,,1,,obl,
10598,tuiskama kelles/milles,in,mitte kunagi,mitte kunagi,muu,tuiskama,,1,,obl,
10599,monteerima kelles/milles,in,mitte kunagi,alati,muu,monteerima,,1,,obl,
10600,tuiskama ringi kelles/milles,in,mitte kunagi,alati,mitte kunagi,tuiskama,ringi,1,,obl,
10601,musitseerima kelles/milles,in,mitte kunagi,alati,muu,musitseerima,,1,,obl,
10602,kõigutama kelles/milles,in,mitte kunagi,mitte kunagi,muu,kõigutama,,1,,obl,
10603,kätlema kelles/milles,in,mitte kunagi,alati,muu,kätlema,,1,,obl,
10604,kõmmutama kelles/milles,in,mitte kunagi,alati,mitte kunagi,kõmmutama,,1,,obl,
10605,sikutama kelles/milles,in,mitte kunagi,alati,muu,sikutama,,1,,obl,
