verb,verb_compound,advmod_count,verb_count,relative_diff,absolute_diff
002kutsuma,,2,2,0,0
09rõõmustama,,1,1,0,0
10kordama,,1,1,0,0
1991pooldama,,1,1,0,0
1arvama,,1,1,0,0
1pagema,,1,1,0,0
2009hakkama,,1,1,0,0
20kordistuma,,1,1,0,0
20saama,,1,1,0,0
30GB-segama,,2,2,0,0
3olema,,2,2,0,0
3olema,kaasa,1,1,0,0
3tulema,,1,1,0,0
40GB-segama,,1,1,0,0
40keema,üle,1,1,0,0
45olema,,1,1,0,0
4MB-segama,,1,1,0,0
50segama,,1,1,0,0
6elutsema,,1,1,0,0
6petma,edasi,1,1,0,0
6tahtma,,1,1,0,0
6tulema,,1,1,0,0
88kimama,,1,1,0,0
8ootama,,1,1,0,0
8petma,,1,1,0,0
900P-olema,,1,1,0,0
92olema,,1,1,0,0
98segama,,2,2,0,0
A . kappima,,1,1,0,0
A. R. katsuma,ümber,1,1,0,0
A. S. esitama,,1,1,0,0
A. julgema,,1,1,0,0
A. sisaldama,,1,1,0,0
A.keelduma,,1,1,0,0
Ameerika-stiilima,,1,1,0,0
B. B. kinkima,,1,1,0,0
B. hoidma,,1,1,0,0
B.B. kinkima,,1,1,0,0
BIOS-olema,,1,1,0,0
BW-saatma,ilma,1,1,0,0
C . kontrollima,,1,1,0,0
C. segama,,1,1,0,0
Cola-reklaamima,,1,1,0,0
Digilaamendama,,1,1,0,0
Digiraporteerima,ette,1,1,0,0
Driveimama,,1,1,0,0
Eesti-hulluma,,1,1,0,0
Ei . Ei . pärima,,1,1,0,0
Grammy-võiduma,,1,1,0,0
H.J. mõtlema,,2,2,0,0
Haanja-kandma,,1,1,0,0
HoochiMamatankima,,1,1,0,0
I. toimima,,1,1,0,0
II-luus-olema,,1,1,0,0
Jamaica-stiilima,,1,1,0,0
K . R . lugema,,1,1,0,0
K . püüdma,,1,1,0,0
K. alustama,,1,1,0,0
Knight17-magama,,1,1,0,0
Külategema,,1,1,0,0
Leadtekkima,,1,1,0,0
NT-toetama,,1,1,0,0
Network-vormima,,1,1,0,0
O. protokollima,,1,1,0,0
O. võima,,1,1,0,0
O.K . kutsuma,,1,1,0,0
PlaysForsurema,,1,1,0,0
Q. katsuma,,1,1,0,0
Q. tulema,,1,1,0,0
R.summima,,1,1,0,0
Rabbitmagama,,1,1,0,0
Rootsi-laadima,,1,1,0,0
S . T. olema,,1,1,0,0
S. paluma,ära,1,1,0,0
Saksamaa-lembuma,,1,1,0,0
T. tulema,,2,2,0,0
Tasklistima,,1,1,0,0
Teeled-tootma,,1,1,0,0
TrÜkkimama,,1,1,0,0
Türgi-stiilima,,1,1,0,0
X. naeratama,,1,1,0,0
X. uurima,,1,1,0,0
a-saalima,,2,2,0,0
aa-teadma,,1,1,0,0
aadeldama,,1,1,0,0
aakkama,,1,1,0,0
aalikustama,,1,1,0,0
aalustama,,1,1,0,0
aarnema,,1,1,0,0
aasima,edasi,1,1,0,0
aasima,tagasi,1,1,0,0
aastaks-garanteerima,,1,1,0,0
aavastama,,1,1,0,0
abdima,,1,1,0,0
abieeluma,,1,1,0,0
abielluma,maha,1,1,0,0
abielluma,peale,1,1,0,0
abistama,sisse,1,1,0,0
abistama,välja,1,1,0,0
abistastama,,1,1,0,0
ablasnutma,,1,1,0,0
aborteerima,,1,1,0,0
actuma,,1,1,0,0
adermann-töötama,,1,1,0,0
adnima,läbi,1,1,0,0
adsorbeeruma,,1,1,0,0
adsorbeeruma,ära,2,2,0,0
advendi-särama,,1,1,0,0
advokateerima,,1,1,0,0
aeglustama,maha,1,1,0,0
aeguma,kinni,1,1,0,0
aelema,kohale,1,1,0,0
aeroobitsema,,1,1,0,0
aerutama,sisse,1,1,0,0
aerutama,tagasi,1,1,0,0
aetama,alla,1,1,0,0
aetama,maha,1,1,0,0
aetama,ära,1,1,0,0
aetama,üles,1,1,0,0
afishsheerima,,1,1,0,0
agapetama,taga,1,1,0,0
agiteerima,kaasa,1,1,0,0
agoniseerima,,3,3,0,0
agulistuma,,1,1,0,0
agunema,,1,1,0,0
ahelsuitsetama,,1,1,0,0
ahistama,läbi,1,1,0,0
ahistama,ära,3,3,0,0
ahkuma,,1,1,0,0
ahmama,kokku,1,1,0,0
ahmima,edasi,1,1,0,0
ahutama,,1,1,0,0
ahvardama,,1,1,0,0
ahvatlema,läbi,1,1,0,0
ahvatlema,tagasi,1,1,0,0
ahvima,maha,1,1,0,0
aimama,"taga, ära",1,1,0,0
aimama,tagasi,1,1,0,0
aimuma,läbi,1,1,0,0
aimuma,välja,1,1,0,0
aimuma,ümber,1,1,0,0
aitama,"alla, välja",1,1,0,0
aitama,"edasi, kaasa",2,2,0,0
aitama,"edasi, maha",1,1,0,0
aitama,ilma,1,1,0,0
aitama,juurde,2,2,0,0
aitama,"kaasa, ilma",1,1,0,0
aitama,"kaasa, kokku",1,1,0,0
aitama,"kaasa, läbi",1,1,0,0
aitama,"kinni, kaasa",1,1,0,0
aitama,kohale,5,5,0,0
aitama,"kokku, välja",1,1,0,0
aitama,lahku,1,1,0,0
aitama,"mööda, kaasa",1,1,0,0
aitama,otsas,1,1,0,0
aitama,taga,2,2,0,0
aitama,valla,1,1,0,0
aitama,"välja, kaasa",1,1,0,0
aitklaabima,,1,1,0,0
aivima,,1,1,0,0
ajama,"alla, taga",1,1,0,0
ajama,"alt, püsti",1,1,0,0
ajama,"edasi, taga",1,1,0,0
ajama,"edasi, ära",1,1,0,0
ajama,eest,2,2,0,0
ajama,kallale,2,2,0,0
ajama,kusjuures,1,1,0,0
ajama,käpuli,1,1,0,0
ajama,kõrvalt,1,1,0,0
ajama,"läbi, ilma",1,1,0,0
ajama,närvi,2,2,0,0
ajama,"peale, välja",1,1,0,0
ajama,"pealt, ära",2,2,0,0
ajama,"puudu, alla",1,1,0,0
ajama,"sees, ringi",1,1,0,0
ajama,"taga, vaja",5,5,0,0
ajama,vahel,1,1,0,0
ajama,"vaja, välja",1,1,0,0
ajama,"vaja, ära",1,1,0,0
ajama,"ära, välja",1,1,0,0
ajama,"ära, ära",1,1,0,0
ajatama,peale,1,1,0,0
ajatama,võlgu,1,1,0,0
ajuparenhüümima,,1,1,0,0
akiviseeruma,,1,1,0,0
akkama,eemale,1,1,0,0
akkama,kinni,1,1,0,0
akkama,kohale,1,1,0,0
akkama,tagasi,1,1,0,0
aklimatiseeruma,üle,1,1,0,0
aksutama,ära,1,1,0,0
aktiivistama,,1,1,0,0
aktiveeruma,mööda,1,1,0,0
aktsepteerima,ette,3,3,0,0
aktsetama,,1,1,0,0
ala-hindama,,1,1,0,0
alahindama,välja,1,1,0,0
alahindama,üle,1,1,0,0
alalõppmatama,,1,1,0,0
alandama,tagasi,1,1,0,0
alanema,sisse,2,2,0,0
alarahastama,,1,1,0,0
alasäritama,,1,1,0,0
alavääristama,ära,2,2,0,0
albmima,,1,1,0,0
algama,kohale,1,1,0,0
algama,kõrvale,1,1,0,0
algama,kõrvalt,1,1,0,0
algama,lähedal,2,2,0,0
algama,otsa,1,1,0,0
algama,pealt,1,1,0,0
algama,sees,1,1,0,0
algama,tagant,1,1,0,0
algama,"vaja, kohal",1,1,0,0
algama,"üles, alla",1,1,0,0
algatama,juurde,1,1,0,0
algatama,maha,1,1,0,0
algatama,pooleli,1,1,0,0
algatama,"tagasi, välja",1,1,0,0
algustama,,1,1,0,0
alistama,täis,1,1,0,0
alistuma,ees,1,1,0,0
alistuma,ette,1,1,0,0
allakirjastama,,1,1,0,0
allandama,,1,1,0,0
allikirjastama,,2,2,0,0
allkirjastama,eest,1,1,0,0
allkirjastama,kokku,1,1,0,0
allkirjastama,lahti,1,1,0,0
alluma,rahul,1,1,0,0
allutama,ette,1,1,0,0
alssima,,1,1,0,0
alssima,välja,1,1,0,0
alt-pealt-pikkima,,1,1,0,0
altuma,ära,1,1,0,0
alustama,"edasi, tagasi",1,1,0,0
alustama,eemale,2,2,0,0
alustama,järel,1,1,0,0
alustama,kaasa,2,2,0,0
alustama,kohal,1,1,0,0
alustama,"koos, kokku",1,1,0,0
alustama,peal,1,1,0,0
alustama,püsti,1,1,0,0
amdima,,1,1,0,0
ameerikastuma,,2,2,0,0
ammustama,ära,1,1,0,0
ammutama,sisse,1,1,0,0
ampsama,pealt,1,1,0,0
ampsama,tagasi,1,1,0,0
amputeerima,välja,1,1,0,0
amrmastama,,1,1,0,0
analogiseerima,,1,1,0,0
analüüsima,alla,1,1,0,0
analüüsima,välja,2,2,0,0
analüüsime-arutlema,,1,1,0,0
andestama,ette,1,1,0,0
andestama,vahele,1,1,0,0
andistama,,1,1,0,0
andma,=,1,1,0,0
andma,"alles, üle",1,1,0,0
andma,"edasi, tarvis",1,1,0,0
andma,"edasi, vaja",1,1,0,0
andma,"edasi, vastu",1,1,0,0
andma,eksju,1,1,0,0
andma,ennem,1,1,0,0
andma,"ette, alla",1,1,0,0
andma,"ette, kaasa",1,1,0,0
andma,"ette, üle",1,1,0,0
andma,"ilma, ära",1,1,0,0
andma,"järele, juurde",1,1,0,0
andma,"järgi, välja",2,2,0,0
andma,"kaasa, välja",1,1,0,0
andma,"kaudu, sisse",1,1,0,0
andma,kohal,3,3,0,0
andma,koht,1,1,0,0
andma,"kokku, alla",1,1,0,0
andma,"kokku, edasi",1,1,0,0
andma,"kokku, üle",1,1,0,0
andma,"käest, ära",1,1,0,0
andma,küljes,2,2,0,0
andma,laiali,2,2,0,0
andma,"läbi, alla",1,1,0,0
andma,"maha, välja",1,1,0,0
andma,mood,1,1,0,0
andma,nõus,1,1,0,0
andma,pidama,1,1,0,0
andma,püsti,1,1,0,0
andma,"taga, juurde",1,1,0,0
andma,vahele,2,2,0,0
andma,"vastu, üle",1,1,0,0
andma,"välja, ära",1,1,0,0
andma,"ära, järgi",1,1,0,0
andma,"üle, kinni",1,1,0,0
andma,"üle, tänu",1,1,0,0
andma,"üle, üle",1,1,0,0
andma,"üles, ette",1,1,0,0
andma,"üles, ära",1,1,0,0
andnima,,1,1,0,0
anduma,ette,1,1,0,0
anduma,juurde,1,1,0,0
anduma,kaasa,1,1,0,0
aneratama,,1,1,0,0
ankima,,1,1,0,0
anlüüsima,,1,1,0,0
annan-annan-andma,,1,1,0,0
anne-olema,,1,1,0,0
annetama,edasi,1,1,0,0
annetama,ette,1,1,0,0
annetama,ära,1,1,0,0
annihileeruma,ära,1,1,0,0
anntsima,,1,1,0,0
antiigistuma,,1,1,0,0
antima,juurde,1,1,0,0
antsima,võlgu,1,1,0,0
antuma,,1,1,0,0
anulleerima,,2,2,0,0
anuma,järele,1,1,0,0
anytama,,2,2,0,0
aokima,,1,1,0,0
apelleerima,edasi,1,1,0,0
apima,,3,3,0,0
aplitseeruma,,1,1,0,0
aplluma,,1,1,0,0
aplodeerima,ette,1,1,0,0
applema,,1,1,0,0
arendama,juurde,2,2,0,0
arendama,lahti,1,1,0,0
arenema,eemale,1,1,0,0
arenema,"eest, ära",1,1,0,0
arenema,juurde,1,1,0,0
arenema,laiali,1,1,0,0
arenema,moodi,1,1,0,0
arenema,mööda,2,2,0,0
arenema,peale,1,1,0,0
arenema,sees,1,1,0,0
arenema,"tagasi, välja",1,1,0,0
arenema,valmis,1,1,0,0
arenema,üles,1,1,0,0
arenevad-muutuma,,1,1,0,0
aretama,ette,1,1,0,0
aretama,peale,4,4,0,0
aretama,sisse,1,1,0,0
aretama,üle,1,1,0,0
argipäevastuma,,1,1,0,0
arglema,,1,1,0,0
argnema,,1,1,0,0
argumenteerima,edasi,1,1,0,0
arhustama,,1,1,0,0
arinema,,3,3,0,0
aritama,,2,2,0,0
arjuma,ära,1,1,0,0
arjutama,,3,3,0,0
armaanima,"kaasa, vaja",1,1,0,0
armasstama,,1,1,0,0
armastama,ette,1,1,0,0
armastama,ilma,3,3,0,0
armastama,kõrvale,1,1,0,0
armastama,tarvis,1,1,0,0
armotiseeruma,,1,1,0,0
armsatama,,1,1,0,0
armukadetsema,ära,1,1,0,0
arnastama,,1,1,0,0
aroomitsema,,1,1,0,0
arranzeerima,,1,1,0,0
arrituma,,1,1,0,0
arrrrrrmastama,,1,1,0,0
arruma,,1,1,0,0
artikuleeruma,,2,2,0,0
artsima,,1,1,0,0
arutama,juurde,1,1,0,0
arutama,pealt,1,1,0,0
arutama,rahul,1,1,0,0
arutama,vast,1,1,0,0
arutanud-arvutama,läbi,1,1,0,0
arutanud-hääletama,,1,1,0,0
arutlema,ette,1,1,0,0
arutlema,juurde,1,1,0,0
arutlema,kaasa,2,2,0,0
arutlema,vaja,1,1,0,0
arutlema,ümber,2,2,0,0
arvama,"edasi, tagasi",1,1,0,0
arvama,ees,1,1,0,0
arvama,järele,1,1,0,0
arvama,koha,1,1,0,0
arvama,kohal,1,1,0,0
arvama,kõrvale,1,1,0,0
arvama,mööda,1,1,0,0
arvama,peal,1,1,0,0
arvestama,ees,1,1,0,0
arvestama,"ette, sisse",1,1,0,0
arvestama,"ette, ära",1,1,0,0
arvestama,külge,1,1,0,0
arvestama,otsa,1,1,0,0
arvestama,"välja, maha",1,1,0,0
arvestama,üles,1,1,0,0
arvetama,,1,1,0,0
arvsima,,3,3,0,0
arvustama,läbi,1,1,0,0
arvustama,ühte,1,1,0,0
arvustan-analüüsima,,1,1,0,0
arvutama,ilma,1,1,0,0
arvutama,otsa,1,1,0,0
arvutama,peale,1,1,0,0
aryuma,,1,1,0,0
asendama,kõrvalt,1,1,0,0
asendama,taga,1,1,0,0
asendama,üle,1,1,0,0
asenduma,tagasi,1,1,0,0
asetama,keskele,3,3,0,0
asetama,läbi,1,1,0,0
asetama,otsa,1,1,0,0
asetama,väljapoole,1,1,0,0
asetatama,,1,1,0,0
asetsema,koos,1,1,0,0
asetsema,taga,1,1,0,0
asetsema,vastu,2,2,0,0
asetuma,tagasi,1,1,0,0
asfalteerima,üle,1,1,0,0
asima,ära,1,1,0,0
asiotsiaalima,,1,1,0,0
askeldama,kinni,1,1,0,0
askeldama,käsikäes,1,1,0,0
askeldama,vaja,1,1,0,0
askeldama,välja,1,1,0,0
asmerdama,,1,1,0,0
aspireerima,,5,5,0,0
assostsieeruma,,1,1,0,0
assuma,,1,1,0,0
astmestama,,2,2,0,0
astnuma,välja,1,1,0,0
astuma,algama,1,1,0,0
astuma,"alla, tagasi",1,1,0,0
astuma,alt,1,1,0,0
astuma,"alt, ära",1,1,0,0
astuma,"ilma, sisse",1,1,0,0
astuma,järgi,1,1,0,0
astuma,"kaasa, välja",1,1,0,0
astuma,kallale,1,1,0,0
astuma,keskele,1,1,0,0
astuma,"koos, mööda",2,2,0,0
astuma,"läbi, läbi",1,1,0,0
astuma,nõus,1,1,0,0
astuma,"peale, sisse",1,1,0,0
astuma,"pealt, ära",1,1,0,0
astuma,pidama,1,1,0,0
astuma,"püsti, sisse",1,1,0,0
astuma,"sisse, üle",1,1,0,0
astuma,"tagant, välja",1,1,0,0
astuma,"tagasi, sisse",1,1,0,0
astuma,"vahel, sisse",1,1,0,0
astuma,"välja, läbi",1,1,0,0
astuma,"ära, kõrvale",1,1,0,0
astuma,"ära, üle",1,1,0,0
astuma,ühte,1,1,0,0
astuma,"üle, välja",2,2,0,0
astuma,"üles, alla",2,2,0,0
astuma,"üles, lahti",1,1,0,0
astus-lendama,läbi,1,1,0,0
astus-taastama,,1,1,0,0
asuma,"alt, üles",1,1,0,0
asuma,kallal,1,1,0,0
asuma,keskele,2,2,0,0
asuma,pealt,1,1,0,0
asuma,püsti,1,1,0,0
asuma,tahtma,1,1,0,0
asuma,"vastu, ette",1,1,0,0
asuma,võlgu,1,1,0,0
asuma,"üle, laiali",1,1,0,0
asustama,kokku,1,1,0,0
atkuma,,2,2,0,0
atoimuma,,1,1,0,0
atribuuttima,,1,1,0,0
atuma,sisse,1,1,0,0
aurama,lahti,1,1,0,0
austama,kohal,1,1,0,0
austama,üle,8,8,0,0
autasustama,alla,1,1,0,0
autogruppima,,1,1,0,0
autouinutuma,,1,1,0,0
autuma,täis,1,1,0,0
avaldama,püsti,1,1,0,0
avaldama,vahele,1,1,0,0
avaldama,valmis,1,1,0,0
avalduma,juurde,1,1,0,0
avalduma,kinni,1,1,0,0
avalduma,lahku,1,1,0,0
avalduma,valmis,1,1,0,0
avalduma,ära,1,1,0,0
avaletama,,1,1,0,0
avama,all,1,1,0,0
avama,ilma,1,1,0,0
avama,kinni,2,2,0,0
avama,maha,1,1,0,0
avama,mööda,1,1,0,0
avama,sees,1,1,0,0
avama,ümber,1,1,0,0
avanema,"edasi, alles",1,1,0,0
avanema,kõrvale,1,1,0,0
avanema,lahti,1,1,0,0
avanema,laiali,1,1,0,0
avanema,tagant,1,1,0,0
avanema,tarvis,1,1,0,0
avanema,valla,1,1,0,0
avarduma,"eest, ära",1,1,0,0
avastama,all,1,1,0,0
avastama,edasi,1,1,0,0
avastama,enne,1,1,0,0
avastama,«,1,1,0,0
avastama,ühte,1,1,0,0
avastama,üles,2,2,0,0
avastanud-leiutama,,1,1,0,0
avatare-teadma,,1,1,0,0
avatlema,kokku,1,1,0,0
aviicima,,1,1,0,0
avjuma,,1,1,0,0
avoodima,,1,1,0,0
ballaadima,,1,1,0,0
ballistuma,,1,1,0,0
bannatama,,1,1,0,0
bannema,peal,1,1,0,0
bannerdama,,1,1,0,0
bannuma,,1,1,0,0
barima,,1,1,0,0
baseeruma,valmis,1,1,0,0
batima,,1,1,0,0
beachima,,1,1,0,0
beatima,,1,1,0,0
beefima,,1,1,0,0
beetanema,,1,1,0,0
beibetama,,1,1,0,0
beigima,,1,1,0,0
belestama,,1,1,0,0
benima,,1,1,0,0
benjima,,1,1,0,0
biancapidutsema,,1,1,0,0
bieluma,,1,1,0,0
biisima,,1,1,0,0
binaarima,,1,1,0,0
bintima,,1,1,0,0
biosima,ära,1,1,0,0
biosŽima,,1,1,0,0
blackoutima,,1,1,0,0
blenderdama,juurde,1,1,0,0
bleshima,,1,1,0,0
bljäditama,,1,1,0,0
blockeerima,,1,1,0,0
bloggerdama,,1,1,0,0
blokeerima,ette,1,1,0,0
blokeerima,"vaja, ära",1,1,0,0
blokeerima,vastu,1,1,0,0
blokeerima,välja,1,1,0,0
blokkama,,1,1,0,0
blondeerima,üle,1,1,0,0
blonuma,,1,1,0,0
blovsjoobima,,1,1,0,0
blurrima,,1,1,0,0
blurrima,ära,1,1,0,0
bläkutama,,1,1,0,0
bolejetama,,1,1,0,0
bopima,,1,1,0,0
brausima,edasi,1,1,0,0
braveerima,,1,1,0,0
braveerima,vastu,1,1,0,0
broneerima,edasi,1,1,0,0
broneerima,tagasi,1,1,0,0
broneerima,täis,1,1,0,0
broneerima,üle,1,1,0,0
broneerima,ümber,1,1,0,0
bronnima,,1,1,0,0
brünett-olema,rahul,1,1,0,0
bubeteerima,,1,1,0,0
buginema,,1,1,0,0
bukvuma,,2,2,0,0
bunnyhoppima,,1,1,0,0
burksima,,1,1,0,0
businema,,1,1,0,0
bustima,,1,1,0,0
buustima,,2,2,0,0
buutima,pealt,1,1,0,0
bvalutama,,1,1,0,0
bändimehistuma,,1,1,0,0
bängima,,1,1,0,0
bännittima,,1,1,0,0
camama,,1,1,0,0
cannema,,1,1,0,0
carnema,vaja,1,1,0,0
castima,,2,2,0,0
caupzima,,1,1,0,0
celima,,1,1,0,0
chassima,,1,1,0,0
chatima,läbi,1,1,0,0
chekkima,ära,1,1,0,0
chiilima,,1,1,0,0
chillima,kinni,1,1,0,0
chillima,ringi,2,2,0,0
chmodima,,1,1,0,0
chätima,,1,1,0,0
chättima,,1,1,0,0
cielima,,1,1,0,0
ciicima,,1,1,0,0
cillima,,2,2,0,0
clokima,,1,1,0,0
cojonema,,1,1,0,0
compailima,,1,1,0,0
complainima,,1,1,0,0
coomama,,2,2,0,0
copeerima,,1,1,0,0
copydama,,3,3,0,0
coverdattima,,1,1,0,0
creepima,,1,1,0,0
cruisima,,1,1,0,0
crushima,peale,1,1,0,0
cräkkima,,1,1,0,0
cuttima,,2,2,0,0
cviitsima,,1,1,0,0
daandzima,,1,1,0,0
darmastama,,1,1,0,0
datsuma,,1,1,0,0
davaikima,,1,1,0,0
deadminema,,1,1,0,0
dealima,,1,1,0,0
deatima,,1,1,0,0
debattima,,1,1,0,0
debüteerima,lahti,1,1,0,0
dedutseerima,,1,1,0,0
deebuma,,1,1,0,0
deffineerima,,1,1,0,0
defineeruma,ümber,1,1,0,0
definineerima,,1,1,0,0
deformeerima,ära,1,1,0,0
deformeeruma,edasi,1,1,0,0
defragmenteeruma,,1,1,0,0
deftonema,,2,2,0,0
degusteerima,läbi,1,1,0,0
dekarboksüüluma,,1,1,0,0
deklameerima,vahele,1,1,0,0
deklareerima,koos,1,1,0,0
deklareerima,välja,1,1,0,0
deklareerima,ümber,1,1,0,0
dekodeerima,tagasi,1,1,0,0
dekoloniseerima,,1,1,0,0
dekoreerima,välja,1,1,0,0
dekrüpteerima,lahti,1,1,0,0
delegeeruma,"alt, üles",1,1,0,0
delfima,ees,1,1,0,0
deliitima,,1,1,0,0
delokaliseerima,,1,1,0,0
delvima,,1,1,0,0
demagneetima,ära,1,1,0,0
demagoogitsema,kokku,1,1,0,0
dementeerima,,2,2,0,0
demobiliseerima,,1,1,0,0
demonsreerima,,1,1,0,0
demonstreeri-minema,,1,1,0,0
demonstreerima,edasi,3,3,0,0
demonstreerima,pimesi,1,1,0,0
demonstreerima,vastu,1,1,0,0
demosstreerima,,1,1,0,0
dempntsreerima,,1,1,0,0
depersonaliseeruma,,1,1,0,0
depresioonima,,1,1,0,0
desaereeruma,,1,1,0,0
desavueerima,,1,1,0,0
deselekteerima,,2,2,0,0
desifintseerima,,1,1,0,0
desifreerima,,1,1,0,0
desinfitseerima,ära,1,1,0,0
desinstalleeruma,,1,1,0,0
desintegreeruma,,1,1,0,0
desktoppima,,1,1,0,0
destilleerima,välja,1,1,0,0
determineerima,"ette, ära",1,1,0,0
devalveerumisema,,1,1,0,0
developpima,,1,1,0,0
dhakkama,,1,1,0,0
diagnoosima,ümber,1,1,0,0
dialogiseeruma,,2,2,0,0
didima,kaasa,1,1,0,0
difuma,,1,1,0,0
digima,ees,1,1,0,0
digima,vastu,1,1,0,0
diibitsema,,1,1,0,0
dikteerima,edasi,1,1,0,0
dikteerima,kaasa,1,1,0,0
dikteerima,peale,1,1,0,0
diplomeerima,kokku,1,1,0,0
dippima,sisse,1,1,0,0
dirigeerima,koos,1,1,0,0
dirigeerima,läbi,1,1,0,0
dirigeerima,ringi,1,1,0,0
disainima,juurde,1,1,0,0
disainima,peale,1,1,0,0
disainima,tarvis,2,2,0,0
diskuteegima,,1,1,0,0
dislotseeruma,ümber,1,1,0,0
dispaisima,,1,1,0,0
disponeerima,,1,1,0,0
dissemineeruma,,1,1,0,0
dissonantseeruma,,1,1,0,0
distsiplineeruma,,2,2,0,0
ditherdama,,1,1,0,0
divergeeruma,,2,2,0,0
diversifitseerima,,1,1,0,0
dluguma,,1,1,0,0
dogma-stiilima,,1,1,0,0
domineerima,vastu,2,2,0,0
dopima,,1,1,0,0
dorrul6ikuma,,1,1,0,0
downlaatima,,1,1,0,0
downloadima,alla,1,1,0,0
downloadittima,,1,1,0,0
dramatiseerima,ära,1,1,0,0
drapeerima,,1,1,0,0
dresseerima,ära,2,2,0,0
dresskooditama,,1,1,0,0
drillima,välja,1,1,0,0
drillima,üles,1,1,0,0
dringima,,1,1,0,0
dromama,,1,1,0,0
dropittima,,1,1,0,0
dsaatima,,1,1,0,0
dubleerima,üle,1,1,0,0
dujaokaukima,,1,1,0,0
duuzatama,,1,1,0,0
dõnguma,,1,1,0,0
džässima,,1,1,0,0
e-versioonima,,1,1,0,0
eadnuma,,1,1,0,0
eahuma,,1,1,0,0
eakaas-laskma,,1,1,0,0
eattima,,1,1,0,0
ebameeldima,,1,1,0,0
ebamäärastuma,,1,1,0,0
ebastuma,,1,1,0,0
ebausaldama,,1,1,0,0
ebaónnestuma,,1,1,0,0
ebaõnnestuma,sisse,1,1,0,0
ebaühtlustuma,,2,2,0,0
ebenema,lahti,1,1,0,0
ebima,,1,1,0,0
ebsima,,1,1,0,0
edastama,alla,1,1,0,0
edastama,lahti,1,1,0,0
edastama,rahule,1,1,0,0
edastama,tarvis,1,1,0,0
edastama,vaja,1,1,0,0
edatama,,1,1,0,0
edendama,edasi,1,1,0,0
edenema,läbi,1,1,0,0
edenema,pealt,1,1,0,0
edestama,välja,1,1,0,0
edestama,üle,1,1,0,0
edittima,,3,3,0,0
edutama,välja,1,1,0,0
eekima,,1,1,0,0
eelallkirjastama,,1,1,0,0
eelarvepiiritasoovitama,,1,1,0,0
eeldama,juurde,1,1,0,0
eeldama,järele,1,1,0,0
eeldama,kohale,2,2,0,0
eeldama,tagasi,1,1,0,0
eeldama,tarvis,1,1,0,0
eeldama,vahele,1,1,0,0
eeldama,valmis,1,1,0,0
eeldama,ära,1,1,0,0
eelfinantseerima,,1,1,0,0
eelistama,all,1,1,0,0
eelistama,alla,1,1,0,0
eelistama,juurde,1,1,0,0
eelistama,kaasas,1,1,0,0
eelistama,kohal,1,1,0,0
eelistama,koht,1,1,0,0
eelistama,pihta,1,1,0,0
eelistama,ringi,2,2,0,0
eelistama,sees,1,1,0,0
eelistama,vaja,1,1,0,0
eelistama,ära,1,1,0,0
eeltootuma,,1,1,0,0
eemaldama,"otsa, pealt",1,1,0,0
eemaldama,sisse,1,1,0,0
eemaldama,välja,2,2,0,0
eemalduma,üle,1,1,0,0
eerittima,,1,1,0,0
eeskujustama,,1,1,0,0
eestima,koht,1,1,0,0
eestima,puudu,1,1,0,0
eestima,ringi,3,3,0,0
eestima,tagasi,2,2,0,0
eestima,välja,1,1,0,0
eestistama,ära,1,1,0,0
eestistuma,ära,1,1,0,0
egima,,2,2,0,0
ehitama,alt,1,1,0,0
ehitama,"edasi, tagasi",1,1,0,0
ehitama,kohale,2,2,0,0
ehitama,"kõrvalt, valmis",1,1,0,0
ehitama,mööda,1,1,0,0
ehitama,peal,1,1,0,0
ehitama,taha,1,1,0,0
ehitama,võlgu,2,2,0,0
ehitama,"üles, koos",2,2,0,0
ehitatattima,,1,1,0,0
ehitattuma,ümber,1,1,0,0
ehitavad-remontima,,1,1,0,0
ehituma,ära,1,1,0,0
ehmata-jahmatama,,1,1,0,0
ehmatama,"kaasas, ära",1,1,0,0
ehmatama,keskel,1,1,0,0
ehmatama,koos,1,1,0,0
ehmatama,lukku,1,1,0,0
ehmatama,"pealt, ära",1,1,0,0
ehmatas-jahmatas-üllatama,,1,1,0,0
ehmuma,eemale,1,1,0,0
ehmuma,enne,1,1,0,0
ehmuma,üle,1,1,0,0
ehmunud-kahvatuma,,1,1,0,0
ei-vaatama,ära,1,1,0,0
eikahetsema,,1,1,0,0
eikeppima,,1,1,0,0
eikkama,,1,1,0,0
eindzlima,,1,1,0,0
einestama,edasi,1,1,0,0
einsuma,,1,1,0,0
eioleulluma,,1,1,0,0
eiotsustama,,1,1,0,0
eiteamima,edasi,1,1,0,0
eiusaldama,,1,1,0,0
ejakuleeruma,välja,1,1,0,0
ekmuma,,1,1,0,0
ekraniseeruma,,1,1,0,0
eksekuteerima,,1,1,0,0
ekseldama,,1,1,0,0
ekshibeerima,,1,1,0,0
eksima,alles,1,1,0,0
eksima,kinni,1,1,0,0
eksima,sisse,2,2,0,0
eksima,tagasi,1,1,0,0
eksima,üle,1,1,0,0
eksima,"üles, ära",2,2,0,0
eksisateerima,,1,1,0,0
eksisteerima,ees,1,1,0,0
eksisteerima,kõrvu,1,1,0,0
eksistreerima,,1,1,0,0
ekslema,"kõrvale, üles",1,1,0,0
ekslema,ära,1,1,0,0
ekspertiisima,välja,1,1,0,0
eksponeerima,juurde,1,1,0,0
eksponeerima,koos,1,1,0,0
eksportima,alla,1,1,0,0
ekstisteerima,,1,1,0,0
ekstraheeruma,välja,1,1,0,0
ekstrapoleeruma,,1,1,0,0
ekuteerima,,1,1,0,0
ekvalaisima,,1,1,0,0
elab-sõltuma,,1,1,0,0
elab-ujuma,ringi,2,2,0,0
elama,eel,1,1,0,0
elama,esile,1,1,0,0
elama,"ette, ära",1,1,0,0
elama,kaasas,2,2,0,0
elama,kant,1,1,0,0
elama,kõrvalt,3,3,0,0
elama,"lahti, lähedal",1,1,0,0
elama,ligi,1,1,0,0
elama,"mööda, üle",1,1,0,0
elama,otsa,2,2,0,0
elama,"otsa, ära",1,1,0,0
elama,peal,6,6,0,0
elama,pärast,1,1,0,0
elama,tarvis,1,1,0,0
elama,"täis, kaasa",1,1,0,0
elama,vahel,1,1,0,0
elama,vaja,2,2,0,0
elama,"välja, peal",1,1,0,0
elama,"ära, maha",1,1,0,0
elama,"üle, üle",1,1,0,0
elanik-kondama,,1,1,0,0
elanikke-olema,,1,1,0,0
elanud-harjutama,,1,1,0,0
elanud-kasvama,,1,1,0,0
elanud-magama,,1,1,0,0
elanud-vaevlema,,1,1,0,0
elanud-võistlema,,1,1,0,0
elatama,sees,1,1,0,0
elate-töötama,,1,1,0,0
elatuma,koos,1,1,0,0
elatuma,sisse,3,3,0,0
elavad-käituma,,1,1,0,0
elavnema,lahti,1,1,0,0
elavnema,pealt,1,1,0,0
elgitama,,1,1,0,0
elimineerima,välja,1,1,0,0
elistama,ette,1,1,0,0
elistama,tagasi,1,1,0,0
elistama,ära,1,1,0,0
elueeruma,koos,1,1,0,0
elustama,tagasi,1,1,0,0
elustama,välja,1,1,0,0
elutama,,1,1,0,0
elutsema,kinni,1,1,0,0
elutsema,ümber,1,1,0,0
emaileerima,,1,1,0,0
embuma,,2,2,0,0
emergeeruma,,1,1,0,0
emeriteeruma,,1,1,0,0
emilikokkama,valmis,1,1,0,0
emineeruma,,1,1,0,0
emmima,,1,1,0,0
emtima,,1,1,0,0
emuma,,1,1,0,0
emäletama,,1,1,0,0
enda-lõbuks-tunnis-tegema,,1,1,0,0
endaomama,püsti,1,1,0,0
ennestuma,,1,1,0,0
ennustab-pakkuma,,1,1,0,0
ennustama,"ette, lahti",1,1,0,0
ennustama,juurde,1,1,0,0
ennustama,otsa,1,1,0,0
ennustama,tagasi,1,1,0,0
ennustama,välja,1,1,0,0
eoinhakkama,,1,1,0,0
epateerima,tarvis,1,1,0,0
eraldama,"kokku, alla",1,1,0,0
eraldama,valmis,1,1,0,0
eraldama,välja,1,1,0,0
eralduma,ees,1,1,0,0
eralduma,valmis,2,2,0,0
eratama,,1,1,0,0
ergutama,tagant,1,1,0,0
erinema,kinni,1,1,0,0
erinema,valmis,1,1,0,0
erinema,võrra,1,1,0,0
erinnema,,1,1,0,0
eristama,sees,1,1,0,0
eristama,ära,4,4,0,0
eristuma,alla,1,1,0,0
erituma,tagasi,1,1,0,0
erutama,kaasa,1,1,0,0
erutama,lahti,1,1,0,0
erutama,ära,1,1,0,0
erutama,üles,1,1,0,0
erutuma,ilma,1,1,0,0
escima,,2,2,0,0
esialistama,,1,1,0,0
esiisade-aeguma,,1,1,0,0
esilinastama,,1,1,0,0
esilinastuma,ette,1,1,0,0
esilinastuma,täis,1,1,0,0
esindama,lahti,1,1,0,0
esine-minema,,2,2,0,0
esinema,eemal,1,1,0,0
esinema,kõrval,1,1,0,0
esinema,lahti,2,2,0,0
esinema,läbi,3,3,0,0
esinema,maha,1,1,0,0
esinema,üles,1,1,0,0
esita-minema,,1,1,0,0
esitama,ilma,2,2,0,0
esitama,lahti,1,1,0,0
esitlema,poole,1,1,0,0
esitlema,tagasi,1,1,0,0
esitlema,tuna,1,1,0,0
eskortima,edasi,1,1,0,0
esksiteerima,,1,1,0,0
eskteerima,,2,2,0,0
esmalinastuma,,1,1,0,0
esteeditsema,,1,1,0,0
estitama,,1,1,0,0
etendama,lahti,1,1,0,0
etendama,läbi,1,1,0,0
etendama,ära,1,1,0,0
etkeppima,,1,1,0,0
etnbuputama,,1,1,0,0
etoimuma,,1,1,0,0
etsima,järele,1,1,0,0
etsima,kokku,1,1,0,0
ette-elama,,1,1,0,0
ettevalmistmattama,,1,1,0,0
eurolaulima,,1,1,0,0
europiseerima,,1,1,0,0
euroteriifima,,1,1,0,0
evakueertuma,,1,1,0,0
evalveerima,,2,2,0,0
evima,kokku,1,1,0,0
evolutsioneerima,,1,1,0,0
evolveeruma,,1,1,0,0
evuleerima,välja,1,1,0,0
ewrinema,,1,1,0,0
exima,taga,1,1,0,0
exima,tagasi,1,1,0,0
existreerima,,1,1,0,0
exploitima,,1,1,0,0
exponeerima,,3,3,0,0
extaasima,,2,2,0,0
extreemnema,,1,1,0,0
exxisteerima,,1,1,0,0
fabritseerima,juurde,1,1,0,0
fakkima,ära,1,1,0,0
falima,,1,1,0,0
faulitsema,,1,1,0,0
fdiskima,,1,1,0,0
feikima,,1,1,0,0
ferraarima,,1,1,0,0
fetierima,,1,1,0,0
fetima,,1,1,0,0
fightima,,2,2,0,0
figureerima,koos,1,1,0,0
figureerimahakkama,,1,1,0,0
fikseerima,tagasi,1,1,0,0
filtreerima,läbi,1,1,0,0
filtreeruma,välja,1,1,0,0
filtuma,,1,1,0,0
finantseerima,edasi,2,2,0,0
finantseerima,sisse,1,1,0,0
finisheerima,koos,1,1,0,0
fishmanmagama,,1,1,0,0
flashima,peale,1,1,0,0
flasima,,1,1,0,0
flickrima,,1,1,0,0
floodima,välja,1,1,0,0
flopp-stiilima,,1,1,0,0
fluffima,,1,1,0,0
fluktueerima,,1,1,0,0
flushima,,2,2,0,0
fluutima,,1,1,0,0
fokuseerima,"ette, keskele",1,1,0,0
fokuseerima,ümber,1,1,0,0
folkloriseeruma,,2,2,0,0
foltima,,1,1,0,0
fookuseerima,,1,1,0,0
foormima,,1,1,0,0
formaadima,ära,2,2,0,0
formaliseerima,ära,1,1,0,0
formateerima,,2,2,0,0
formeeruma,alles,1,1,0,0
formuleerima,ära,1,1,0,0
forsseeruma,,1,1,0,0
fragima,,1,1,0,0
fragmeeruma,,1,1,0,0
fragmenteeruma,ära,1,1,0,0
fraklema,,1,1,0,0
fraktsioneeruma,,1,1,0,0
frapsima,,1,1,0,0
fredima,,2,2,0,0
freesima,maha,1,1,0,0
friigima,,1,1,0,0
frondööritsema,,1,1,0,0
froteerima,üle,1,1,0,0
fstabima,,1,1,0,0
funkama,edasi,1,1,0,0
funkama,kusjuures,1,1,0,0
funkama,peale,1,1,0,0
funkama,tagasi,1,1,0,0
funkima,,3,3,0,0
funkstioneerima,,1,1,0,0
funktsioneerima,alla,1,1,0,0
futtima,,1,1,0,0
föönima,,1,1,0,0
garaazima,edasi,1,1,0,0
garaazima,sees,1,1,0,0
garanteerima,ette,2,2,0,0
garanteerima,läbi,2,2,0,0
garanteerima,võidu,1,1,0,0
gasifitseerima,,1,1,0,0
geerima,,1,1,0,0
geneerima,,1,1,0,0
genereerima,sisse,2,2,0,0
genereerima,ära,1,1,0,0
gentima,,1,1,0,0
gettima,,1,1,0,0
gigahertsi-kandma,,1,1,0,0
gimama,,1,1,0,0
giuzuma,,1,1,0,0
glaseerima,,1,1,0,0
gnarlema,,1,1,0,0
grilli-minema,,1,1,0,0
grillima,juurde,1,1,0,0
grillima,seltsis,1,1,0,0
grillima,tagasi,1,1,0,0
grillima,ära,1,1,0,0
grimmeerima,,1,1,0,0
grindima,,1,1,0,0
gräppima,,1,1,0,0
guessima,,1,1,0,0
guildima,,4,4,0,0
gurmaanitsema,,1,1,0,0
guugeldama,ringi,1,1,0,0
guuglima,,1,1,0,0
h2ngituma,,1,1,0,0
haakima,alla,1,1,0,0
haakima,juurde,1,1,0,0
haakima,järele,1,1,0,0
haakima,"tagasi, külge",1,1,0,0
haakkama,,1,1,0,0
haaklema,,1,1,0,0
haakuma,eemale,1,1,0,0
haakuma,kinni,2,2,0,0
haakuma,rahul,1,1,0,0
haakuvad-põimuma,,1,1,0,0
haamerdama,peale,1,1,0,0
haarama,ilma,1,1,0,0
haarama,"kinni, ilma",1,1,0,0
haarama,ligi,1,1,0,0
haarama,püsti,1,1,0,0
haarama,valmis,1,1,0,0
haarama,vastu,2,2,0,0
haarama,"ära, kinni",1,1,0,0
haavuma,ette,1,1,0,0
habiliteeruma,,1,1,0,0
habisema,ringi,1,1,0,0
hai-laitma,,1,1,0,0
haigestuma,eemale,1,1,0,0
haigestuma,välja,1,1,0,0
haigustama,,1,1,0,0
haigutama,all,1,1,0,0
haigutama,ette,1,1,0,0
haigutama,järele,1,1,0,0
haigutama,koha,1,1,0,0
haigutama,välja,1,1,0,0
haihtuma,laiali,1,1,0,0
haihtuma,sisse,1,1,0,0
haipima,ette,1,1,0,0
hairlinema,,1,1,0,0
haisema,kaasa,1,1,0,0
haisema,sees,1,1,0,0
haisema,vastu,1,1,0,0
haisema,välja,1,1,0,0
haistuma,,1,1,0,0
haisutama,ringi,1,1,0,0
haituma,ära,1,1,0,0
hajameelistuma,,1,1,0,0
hajuma,sisse,1,1,0,0
hajuma,valmis,1,1,0,0
hajustuma,,1,1,0,0
hajutama,tagasi,1,1,0,0
hajutuma,,1,1,0,0
hakatama,koha,1,1,0,0
hakkab-hakkama,,1,1,0,0
hakkama,"alles, pihta",1,1,0,0
hakkama,"alt, maha",1,1,0,0
hakkama,"edasi, pihta",1,1,0,0
hakkama,igavavõitu,1,1,0,0
hakkama,järel,1,1,0,0
hakkama,keskel,1,1,0,0
hakkama,kõrval,1,1,0,0
hakkama,"külge, vastu",1,1,0,0
hakkama,mõne-võrra,1,1,0,0
hakkama,nõus,3,3,0,0
hakkama,peal,3,3,0,0
hakkama,"peale, vaja",1,1,0,0
hakkama,"peale, välja",1,1,0,0
hakkama,"pihta, alles",1,1,0,0
hakkama,"pihta, edasi",1,1,0,0
hakkama,"pihta, ette",1,1,0,0
hakkama,"pihta, välja",1,1,0,0
hakkama,sekka,1,1,0,0
hakkama,võidu,1,1,0,0
hakkama,võlgu,1,1,0,0
hakkasid-seadma,,1,1,0,0
hakkattima,,2,2,0,0
hakkgima,,1,1,0,0
hakknuma,,2,2,0,0
hakseldama,läbi,1,1,0,0
haktuma,,1,1,0,0
halama,lahti,1,1,0,0
haldavad-valdama,,1,1,0,0
haltima,,1,1,0,0
halvendama,üle,1,1,0,0
halvenema,peale,1,1,0,0
hammuma,,1,1,0,0
hangaarima,,1,1,0,0
hanguma,läbi,1,1,0,0
hanguma,"sisse, ära",1,1,0,0
hanguma,üles,1,1,0,0
hanitama,maha,1,1,0,0
hankima,lahti,1,1,0,0
hankima,vaja,1,1,0,0
hapestuma,,1,1,0,0
harastama,,1,1,0,0
hardstailima,,1,1,0,0
hargnema,"edasi, edasi",1,1,0,0
hargnema,na,1,1,0,0
harinema,,2,2,0,0
harjama,ära,1,1,0,0
harjuma,asemel,1,1,0,0
harjuma,ette,2,2,0,0
harjuma,kõrvalt,1,1,0,0
harjuma,pärast,1,1,0,0
harjuma,tagasi,2,2,0,0
harjuma,ühte,1,1,0,0
harjuma,"üles, ära",1,1,0,0
harjutama,laiali,1,1,0,0
harjutama,moodi,1,1,0,0
harjutama,pealt,1,1,0,0
harjutama,püsti,1,1,0,0
harjutama,sees,2,2,0,0
harjutama,seltsis,1,1,0,0
harmoniseeruma,kokku,1,1,0,0
harrastama,ära,1,1,0,0
hastima,läbi,1,1,0,0
hauduma,läbi,2,2,0,0
hauduma,ära,2,2,0,0
hauduma,üle,1,1,0,0
haugestuma,,1,1,0,0
haugutama,ees,1,1,0,0
haukama,kokku,1,1,0,0
hautama,lahti,1,1,0,0
hautama,läbi,3,3,0,0
hautama,välja,1,1,0,0
hautama,ära,1,1,0,0
hautama,üle,1,1,0,0
havitama,,1,1,0,0
hbmogima,,1,1,0,0
hea-olema,,1,1,0,0
headphonema,ära,1,1,0,0
heasshtima,,1,1,0,0
hebkima,,1,1,0,0
heegeldama,"üle, peale",1,1,0,0
heiastuma,alla,1,1,0,0
heidutama,alla,1,1,0,0
heidutama,ära,1,1,0,0
heitlema,pärast,1,1,0,0
heitlema,ringi,1,1,0,0
heitlema,võidu,1,1,0,0
heitma,ees,1,1,0,0
heitma,"ette, vastu",1,1,0,0
heitma,"kinni, maha",1,1,0,0
heitma,käpuli,1,1,0,0
heitma,kätte,1,1,0,0
heitma,kõhuli,1,1,0,0
heitma,"lahti, ette",1,1,0,0
heitma,pihta,1,1,0,0
heitma,pikali,1,1,0,0
heitma,pärast,1,1,0,0
heitma,püsti,1,1,0,0
heitma,risti,2,2,0,0
heitma,vastu,1,1,0,0
heitma,"välja, välja",1,1,0,0
heitma,"ära, ette",1,1,0,0
heittima,,1,1,0,0
heklistama,,1,1,0,0
helahtama,,2,2,0,0
helendama,ees,1,1,0,0
helendama,kinni,1,1,0,0
helipildistama,,1,1,0,0
helisema,kokku,1,1,0,0
helisstama,välja,1,1,0,0
helistama,alles,1,1,0,0
helistama,alt,1,1,0,0
helistama,koos,1,1,0,0
helistama,mööda,1,1,0,0
helistama,pooleli,1,1,0,0
helistama,"pärast, tagasi",1,1,0,0
helistama,täis,1,1,0,0
heljuma,ringi,1,1,0,0
heljuma,üle,1,1,0,0
heljuma,ümber,1,1,0,0
helkima,tagasi,1,1,0,0
helkima,üle,3,3,0,0
hellitama,kaasa,1,1,0,0
hellitama,kohale,1,1,0,0
hellitama,läbi,1,1,0,0
hellitama,"nõus, ära",1,1,0,0
hellitlema,,1,1,0,0
hellutama,,1,1,0,0
helplema,,1,1,0,0
hennima,,1,1,0,0
heppama,,1,1,0,0
heterogeniseerima,,1,1,0,0
higisatama,,1,1,0,0
higistama,alla,1,1,0,0
higistama,eemale,1,1,0,0
higistama,vaja,1,1,0,0
hiilahtama,,1,1,0,0
hiilgama,välja,1,1,0,0
hiilgama,"üle, ilma",1,1,0,0
hiilgama,üles,1,1,0,0
hiilima,"kokku, kõrvale",1,1,0,0
hiilima,peale,1,1,0,0
hiilima,taha,1,1,0,0
hiilima,vastu,2,2,0,0
hiilima,"välja, kõrvale",1,1,0,0
hiilima,üle,1,1,0,0
hiilima,ümber,2,2,0,0
hiivama,sisse,1,1,0,0
hilberdama,,1,1,0,0
hilinema,esile,1,1,0,0
hilinema,vaja,1,1,0,0
hilisüheksakümnendama,,1,1,0,0
hilpama,,1,1,0,0
himruma,,1,1,0,0
himustama,otsa,1,1,0,0
hindama,"alla, üle",1,1,0,0
hindama,eksju,1,1,0,0
hindama,juurde,1,1,0,0
hindama,kõrvalt,2,2,0,0
hindama,külge,1,1,0,0
hindama,pihta,1,1,0,0
hindama,taga,1,1,0,0
hindama,tarvis,1,1,0,0
hindama,vaja,1,1,0,0
hindama,"üle, alla",1,1,0,0
hingama,all,1,1,0,0
hingama,kaasa,3,3,0,0
hingama,moodi,1,1,0,0
hingama,mööda,1,1,0,0
hingeldama,läbi,2,2,0,0
hingeldama,"sisse, välja, sisse, välja",1,1,0,0
hingitsema,ära,1,1,0,0
hingitsema,üles,1,1,0,0
hinkuma,,1,1,0,0
hinnasoodustuma,,1,1,0,0
hinnatama,üle,1,1,0,0
hipnotiseerima,,1,1,0,0
hirima,,1,1,0,0
hirmutama,ette,1,1,0,0
hirmutama,sisse,1,1,0,0
hirmutama,vastu,1,1,0,0
hirnatama,vastu,1,1,0,0
hirnuma,läbi,1,1,0,0
hispaaniapärastuma,,1,1,0,0
hiuvitama,,1,1,0,0
hkkasima,,1,1,0,0
hobitsema,,1,1,0,0
hodima,,1,1,0,0
hoiad-arvama,,1,1,0,0
hoiatama,alles,1,1,0,0
hoiatama,edasi,1,1,0,0
hoiatama,esile,1,1,0,0
hoiatama,kaasas,1,1,0,0
hoiatama,vastu,1,1,0,0
hoiatama,välja,1,1,0,0
hoiatanud-ähvardama,,1,1,0,0
hoidistama,,1,1,0,0
hoidma,"ees, koos",1,1,0,0
hoidma,järele,1,1,0,0
hoidma,"kaasas, välja",1,1,0,0
hoidma,kikki,1,1,0,0
hoidma,koha,2,2,0,0
hoidma,koht,2,2,0,0
hoidma,käsi,1,1,0,0
hoidma,käsikäes,1,1,0,0
hoidma,küljes,2,2,0,0
hoidma,moodi,1,1,0,0
hoidma,"peal, edasi",1,1,0,0
hoidma,"ringi, tagasi",1,1,0,0
hoidma,salajas,1,1,0,0
hoidma,"sees, ligi",2,2,0,0
hoidma,"taga, kinni",1,1,0,0
hoidma,tagant,1,1,0,0
hoidma,vahele,1,1,0,0
hoidma,varjus,3,3,0,0
hoidma,võlgu,1,1,0,0
hoidma,"ära, välja",1,1,0,0
hoidsima,eemale,1,1,0,0
hoiduma,ees,1,1,0,0
hoiduma,juurde,1,1,0,0
hoiduma,pealt,1,1,0,0
hoiopistükkima,,1,1,0,0
hoitsima,,1,1,0,0
holitsema,,2,2,0,0
hoo-ajama,,1,1,0,0
hoogustuma,peale,1,1,0,0
hoogustuma,vastu,1,1,0,0
hoolduma,,1,1,0,0
hoolima,kuigivõrd,1,1,0,0
hoolitsema,ette,1,1,0,0
hoolitsema,ilma,1,1,0,0
hoolitsema,vastu,1,1,0,0
hoooooooooopima,,1,1,0,0
hoooooopima,,1,1,0,0
hoopima,,1,1,0,0
hooplema,ette,1,1,0,0
hoopsikkima,,1,1,0,0
hoorama,ilma,1,1,0,0
hoovama,sekka,1,1,0,0
hoovama,välja,2,2,0,0
hoppama,,1,1,0,0
hopsama,välja,1,1,0,0
hospitaliseeruma,,1,1,0,0
hubisema,kaasa,1,1,0,0
hucitama,välja,1,1,0,0
huikkama,,1,1,0,0
huilatama,,3,3,0,0
huilgama,välja,1,1,0,0
huilgama,võidu,1,1,0,0
huilgavad-kargama,,1,1,0,0
hukkas-olema,,1,1,0,0
hukkuma,pealt,1,1,0,0
hukkuma,üles,1,1,0,0
hukutama,ära,1,1,0,0
huligaanitsema,edasi,1,1,0,0
huligaanitsema,ees,1,1,0,0
hulkuma,"kaasa, ringi",1,1,0,0
hulkuma,otsa,1,1,0,0
hulkuma,pidama,1,1,0,0
hulkuma,sees,1,1,0,0
hulkuma,välja,1,1,0,0
hulkuma,"ära, ringi",2,2,0,0
hull-nokitsema,,1,1,0,0
hullama,kokku,1,1,0,0
hullmima,,1,1,0,0
hulluma,nõus,1,1,0,0
hulpima,edasi,1,1,0,0
hulpima,peal,1,1,0,0
hurjutama,ette,1,1,0,0
huugama,lahti,2,2,0,0
huugama,välja,1,1,0,0
huuvitama,,1,1,0,0
huvitama,eest,1,1,0,0
huvitama,kohal,1,1,0,0
huvitama,kokku,1,1,0,0
huvitama,koos,1,1,0,0
huvitama,lahti,2,2,0,0
huvitama,peal,1,1,0,0
huvitama,pärast,1,1,0,0
huvitama,saati,1,1,0,0
huvitama,sees,1,1,0,0
huvituma,koos,1,1,0,0
huvituma,üle,1,1,0,0
huvutama,,1,1,0,0
hymnima,,1,1,0,0
hyppama,alt,3,3,0,0
hyppama,ette,2,2,0,0
hyppama,puruks,1,1,0,0
hyppama,ringi,1,1,0,0
hyppama,sekka,1,1,0,0
hyppama,sisse,3,3,0,0
hysteeritsema,,1,1,0,0
hyydsima,,1,1,0,0
häbbenema,,2,2,0,0
häbenema,ette,1,1,0,0
häbenema,peale,1,1,0,0
häbenema,vaja,2,2,0,0
häbistama,läbi,2,2,0,0
häbivääristama,,2,2,0,0
häbnema,,1,1,0,0
hädavaletama,,2,2,0,0
hägustama,ära,1,1,0,0
häiirima,,1,1,0,0
häirima,keskel,2,2,0,0
häirima,mööda,1,1,0,0
häirima,taga,1,1,0,0
häirima,vastu,1,1,0,0
häirima,välja,1,1,0,0
häirkima,,1,1,0,0
häkerdama,,1,1,0,0
häkerdama,sisse,1,1,0,0
häkkama,,2,2,0,0
häkkima,"ette, sisse",1,1,0,0
häkkima,kaasa,1,1,0,0
häkkima,kokku,1,1,0,0
häkkima,ringi,1,1,0,0
hämastama,,1,1,0,0
hämmastanud-kurvastama,,1,1,0,0
händlima,ära,1,1,0,0
hängima,läbi,1,1,0,0
häsima,,1,1,0,0
hätima,,1,1,0,0
hävima,ette,1,1,0,0
hävima,ära,2,2,0,0
hävinema,ära,1,1,0,0
hävitama,kaupa,1,1,0,0
hävitama,tagasi,1,1,0,0
häwitama,ära,1,1,0,0
hääbub-suubuma,,1,1,0,0
hääetama,,1,1,0,0
hääldama,üle,1,1,0,0
häälestama,järgi,1,1,0,0
häälestama,sisse,1,1,0,0
häälestama,tarvis,1,1,0,0
häälestama,üles,1,1,0,0
häälestuma,taga,1,1,0,0
häälestuma,üle,1,1,0,0
hääletad-ootama,,1,1,0,0
hääletama,heaks,1,1,0,0
hääletama,ilma,1,1,0,0
hääletama,kohale,1,1,0,0
hääletama,saadik,1,1,0,0
hääletama,"vastu, välja",1,1,0,0
hääletama,"välja, maha",1,1,0,0
häälima,sees,1,1,0,0
häälitsema,juurde,1,1,0,0
häälitsema,üle,1,1,0,0
häääääääääääääääääästima,,1,1,0,0
hõikama,püsti,1,1,0,0
hõiksima,,1,1,0,0
hõikuma,ette,1,1,0,0
hõikuma,kaasa,3,3,0,0
hõikuma,vastu,1,1,0,0
hõisatama,,2,2,0,0
hõiskama,edasi,1,1,0,0
hõiskama,ette,1,1,0,0
hõituma,,1,1,0,0
hõlbustama,üles,1,1,0,0
hõljuma,ees,1,1,0,0
hõljuma,koha,1,1,0,0
hõljuma,kohale,1,1,0,0
hõljuma,sisse,2,2,0,0
hõljuma,taga,1,1,0,0
hõljuma,"taga, lahti",1,1,0,0
hõljuma,tagant,1,1,0,0
hõljuma,üle,1,1,0,0
hõljuma,üles,1,1,0,0
hõlmama,all,1,1,0,0
hõngama,järele,1,1,0,0
hõnguma,välja,1,1,0,0
hõrendama,üle,1,1,0,0
hõustima,,1,1,0,0
hõõguma,sees,1,1,0,0
hõõguma,vastu,1,1,0,0
hõõrduma,läbi,1,1,0,0
hõõrduma,välja,1,1,0,0
hõõrduma,ära,1,1,0,0
hõõruma,ette,3,3,0,0
hõõruma,katki,3,3,0,0
hõõruma,seest,1,1,0,0
hõõruma,"vastu, külge",1,1,0,0
hõõrusid-torkima,,1,1,0,0
hõõrutama,alla,1,1,0,0
hööritavad-pööritama,,1,1,0,0
höörtima,,1,1,0,0
hööruma,ära,1,1,0,0
hööveldama,vaja,1,1,0,0
hüdrolüüsima,alla,1,1,0,0
hülgama,ilma,1,1,0,0
hülgama,seoses,1,1,0,0
hüpake-kargama,,1,1,0,0
hüpatama,üle,1,1,0,0
hüperpolariseeruma,,1,1,0,0
hüpleb-kargleb-lendlema,kaasa,1,1,0,0
hüpleb-kepslema,,1,1,0,0
hüplema,ilma,1,1,0,0
hüplema,ära,1,1,0,0
hüplema,ümber,1,1,0,0
hüples-keksima,,1,1,0,0
hüples-lipnema,,1,1,0,0
hüpnotiseerima,otsa,1,1,0,0
hüpnuma,,1,1,0,0
hüppab-keerutab-puhuma,,1,1,0,0
hüppama,all,2,2,0,0
hüppama,"alla, tagasi",1,1,0,0
hüppama,alles,1,1,0,0
hüppama,"alt, üles",1,1,0,0
hüppama,edasi-tagasi,1,1,0,0
hüppama,"ette, üles",2,2,0,0
hüppama,katki,1,1,0,0
hüppama,keskel,2,2,0,0
hüppama,koha,1,1,0,0
hüppama,kohale,3,3,0,0
hüppama,"maha, peale",1,1,0,0
hüppama,peal,2,2,0,0
hüppama,pihta,1,1,0,0
hüppama,"sisse, tagasi",1,1,0,0
hüppama,"sisse, välja, sisse, välja",1,1,0,0
hüppama,täis,3,3,0,0
hüppama,vaja,1,1,0,0
hüppama,"vastu, alt",1,1,0,0
hüppama,ülesse,1,1,0,0
hüppima,peal,1,1,0,0
hüpplema,vastu,1,1,0,0
hüvitama,alla,1,1,0,0
hüüatama,üle,2,2,0,0
hüüdma,juurde,1,1,0,0
hüüdma,tagant,1,1,0,0
hüüdsima,,1,1,0,0
ianema,,1,1,0,0
iasuma,,1,1,0,0
icccima,,1,1,0,0
ickima,,1,1,0,0
idandama,ette,1,1,0,0
idandama,ära,1,1,0,0
idanema,ees,1,1,0,0
idaplokkimema,,1,1,0,0
idendifitseerima,,1,1,0,0
ideologiseeruma,,1,1,0,0
idiaalima,,1,1,0,0
idioodistuma,,1,1,0,0
idlema,ära,1,1,0,0
idlema,‹,1,1,0,0
iegnema,,1,1,0,0
igat-pidama,,1,1,0,0
igatsema,ette,1,1,0,0
igatsema,juurde,2,2,0,0
igatsema,ümber,1,1,0,0
igavakkama,,1,1,0,0
igavlema,kaasa,1,1,0,0
igaühele-midagi-stiilima,,1,1,0,0
igvlema,,1,1,0,0
ihaldama,tagasi,1,1,0,0
ihkama,"kaasa, tagasi",1,1,0,0
ihkama,kokku,1,1,0,0
ihkama,lahti,1,1,0,0
ihkama,läbi,1,1,0,0
ihnima,,1,1,0,0
ihuma,ringi,1,1,0,0
iilima,kõrvale,1,1,0,0
iisima,,1,1,0,0
iitsima,,1,1,0,0
ikardama,,1,1,0,0
ikoonistuma,,1,1,0,0
ilbuma,,1,1,0,0
ilkuma,pärast,1,1,0,0
ilkuma,tagasi,1,1,0,0
illmutama,,1,1,0,0
illusteerima,,1,1,0,0
illustreerima,välja,1,1,0,0
ilmendama,,1,1,0,0
ilmnema,tagasi,1,1,0,0
ilmuma,"alla, äärde",1,1,0,0
ilmuma,eal,1,1,0,0
ilmuma,järel,1,1,0,0
ilmuma,kaasa,1,1,0,0
ilmuma,kinni,1,1,0,0
ilmuma,käsikäes,1,1,0,0
ilmuma,kõrvalt,1,1,0,0
ilmuma,külge,1,1,0,0
ilmuma,"tagant, välja",1,1,0,0
ilmuma,vaatamata,1,1,0,0
ilmuma,"välja, alt",1,1,0,0
ilmuma,»,1,1,0,0
ilmuma,üle,2,2,0,0
ilmutama,kohale,1,1,0,0
ilmutama,koos,1,1,0,0
ilmutama,üles,1,1,0,0
ilnema,,1,1,0,0
ilustama,ära,1,1,0,0
ilutsema,taga,1,1,0,0
imama,vaja,1,1,0,0
imbuma,esile,1,1,0,0
imbuma,kaasa,1,1,0,0
imbuma,"sisse, läbi",1,1,0,0
imbuma,tagasi,9,9,0,0
imbuma,"tagasi, välja",1,1,0,0
imbuma,väljapoole,1,1,0,0
imbuma,üle,1,1,0,0
imema,vastu,1,1,0,0
imestama,puudu,1,1,0,0
imestama,tarvis,1,1,0,0
imetelema,,1,1,0,0
imetlema,üle,1,1,0,0
imgtoolima,,1,1,0,0
imima,,1,1,0,0
iminema,,1,1,0,0
imiteerima,juurde,1,1,0,0
imiteerima,ära,1,1,0,0
imlema,,1,1,0,0
immuniseerima,,1,1,0,0
importeerima,,1,1,0,0
importima,sisse,1,1,0,0
importima,tagasi,1,1,0,0
improviseerima,alla,2,2,0,0
improviseerima,koos,1,1,0,0
improviseerima,vahele,1,1,0,0
imustama,,1,1,0,0
imutsema,,1,1,0,0
inaugureeruma,,1,1,0,0
incluutima,sisse,1,1,0,0
indentifitseerima,,2,2,0,0
individuaalitsema,,2,2,0,0
inerpreteerima,,1,1,0,0
inetuma,,1,1,0,0
inevesteerima,,1,1,0,0
ingitsema,,2,2,0,0
inglisekeel-oskama,,1,1,0,0
inima,vastu,2,2,0,0
inimesedpöörduma,,1,1,0,0
inisema,lähedal,1,1,0,0
inisema,rahule,1,1,0,0
initseerima,,3,3,0,0
inkarneeruma,,1,1,0,0
inkorporeeruma,,1,1,0,0
inkrusteerima,,1,1,0,0
innuma,,1,1,0,0
innustama,ette,2,2,0,0
innustama,juurde,1,1,0,0
innustama,kohale,1,1,0,0
innustuma,juurde,1,1,0,0
inokuleerima,,1,1,0,0
insalleeruma,,1,1,0,0
insinueerima,,3,3,0,0
inskribeeruma,,1,1,0,0
inspireerima,läbi,1,1,0,0
instaleerima,,1,1,0,0
installeerima,maha,1,1,0,0
installeeruma,ära,1,1,0,0
installima,peal,1,1,0,0
installima,"tagasi, peale",1,1,0,0
installima,ümber,1,1,0,0
instseneerib-lavastama,,1,1,0,0
interfereeruma,,1,1,0,0
internaliseerima,,1,1,0,0
internet-olema,,1,1,0,0
internetiseerima,,2,2,0,0
interpreteerima,üle,1,1,0,0
interptereerima,,1,1,0,0
intervjueerima,koos,1,1,0,0
intervjueerima,läbi,1,1,0,0
intervjueerisid-pildistama,,1,1,0,0
intervujeerima,,1,1,0,0
intesiivistama,,1,1,0,0
intrevjueerima,,1,1,0,0
intrigeerima,üle,1,1,0,0
invaitima,man,1,1,0,0
inverteerima,,2,2,0,0
inverteerima,ära,1,1,0,0
investeerima,ette,1,1,0,0
investeerima,koos,1,1,0,0
investeerima,otsa,1,1,0,0
investeerima,valmis,1,1,0,0
ircima,,1,1,0,0
irmuma,küljes,1,1,0,0
irvitama,peale,1,1,0,0
irwatama,,1,1,0,0
irääkima,,1,1,0,0
isegenereeruma,,1,1,0,0
isekirjutama,,1,1,0,0
iseloomustama,tagasi,1,1,0,0
iseloomustama,ühte,1,1,0,0
iseloonustama,,1,1,0,0
isiklikustama,,1,1,0,0
iskuma,ära,1,1,0,0
isoleerima,ära,3,3,0,0
istuma,"ette, maha",2,2,0,0
istuma,juures,2,2,0,0
istuma,katki,1,1,0,0
istuma,"kõrvale, kohale",1,1,0,0
istuma,"kõrvale, maha",1,1,0,0
istuma,kõrvu,1,1,0,0
istuma,külge,4,4,0,0
istuma,lahku,2,2,0,0
istuma,ligi,1,1,0,0
istuma,"maha, kõrvale",1,1,0,0
istuma,"peale, ringi, maha",1,1,0,0
istuma,"pealt, peale",1,1,0,0
istuma,poolt,1,1,0,0
istuma,pärast,1,1,0,0
istuma,saati,2,2,0,0
istuma,"taga, kinni",1,1,0,0
istuma,tagant,1,1,0,0
istuma,tarvis,1,1,0,0
istuma,vahele,1,1,0,0
istuma,vaja,1,1,0,0
istume-seisma,,1,1,0,0
istuvad-ootama,,1,1,0,0
isuma,otsa,1,1,0,0
itkuma,,1,1,0,0
itnuma,,1,1,0,0
itsitama,peale,2,2,0,0
itsitama,sisse,1,1,0,0
iólima,,1,1,0,0
iütlema,,1,1,0,0
j2idkima,ilma,1,1,0,0
j2relduma,,1,1,0,0
j2taksima,,1,1,0,0
j2taksima,maha,1,1,0,0
j2udnuma,,1,1,0,0
j5udnuma,,1,1,0,0
j6uagima,,1,1,0,0
j6udima,"peale, kohale",1,1,0,0
j6udnuma,edasi,1,1,0,0
j6udnuma,kohale,2,2,0,0
j6uttima,,1,1,0,0
j8udima,,1,1,0,0
jaamama,,1,1,0,0
jaatama,kaasa,1,1,0,0
jaatuma,,1,1,0,0
jabberdama,,1,1,0,0
jagama,ette,1,1,0,0
jagama,kohale,1,1,0,0
jagama,"maha, peale",1,1,0,0
jagama,poolmuidu,2,2,0,0
jagama,poolt,1,1,0,0
jagama,üles,1,1,0,0
jaganud-müüma,,1,1,0,0
jagelema,edasi,2,2,0,0
jagelema,ära,1,1,0,0
jaguma,edasi,1,1,0,0
jaguma,juurde,1,1,0,0
jaguma,kaasa,2,2,0,0
jaguma,laiali,1,1,0,0
jagunema,nõus,1,1,0,0
jagunema,peale,1,1,0,0
jagunema,vastu,4,4,0,0
jah-häälima,,1,1,0,0
jah-olema,,1,1,0,0
jahattima,,1,1,0,0
jahhuma,,1,1,0,0
jahmerdama,ringi,1,1,0,0
jahtima,läbi,1,1,0,0
jahtuma,välja,1,1,0,0
jahuma,ees,1,1,0,0
jahuma,kinni,1,1,0,0
jahuma,üle,2,2,0,0
jahustuma,,1,1,0,0
jahutama,ilma,3,3,0,0
jahutama,koos,2,2,0,0
jahvatama,otsa,1,1,0,0
jahvatama,peal,1,1,0,0
jahvatama,üleval,1,1,0,0
jahvatavad-puistama,,1,1,0,0
jaksama,iial,1,1,0,0
jaksama,koos,1,1,0,0
jaksama,üle,1,1,0,0
jalanõusima,,1,1,0,0
jalgpalli-aeguma,,1,1,0,0
jalutama,kaasas,1,1,0,0
jalutama,kahekesi,1,1,0,0
jalutama,kõrvale,1,1,0,0
jalutama,peale,1,1,0,0
jalutama,"sisse, juurde",1,1,0,0
jalutama,"vastu, alla",1,1,0,0
jalutama,"vastu, sisse",1,1,0,0
jalutama,"üles, sisse",1,1,0,0
jama-pidama,,1,1,0,0
jamama,kokku,1,1,0,0
jamama,läbi,1,1,0,0
jamama,ringi,1,1,0,0
jamama,taga,1,1,0,0
jankuma,,1,1,0,0
jannatama,,1,1,0,0
jannima,,1,1,0,0
jaotama,"edasi, laiali",1,1,0,0
jaotama,vastu,1,1,0,0
jaotuma,üle,1,1,0,0
jatsutama,,1,1,0,0
jattkuma,,1,1,0,0
jaurama,koos,1,1,0,0
jaurama,läbi,1,1,0,0
jaurama,ringi,2,2,0,0
jauratama,,1,1,0,0
jazzuma,,1,1,0,0
jebima,läbi,1,1,0,0
jeebima,kohale,1,1,0,0
jeebuma,,1,1,0,0
jennkima,,1,1,0,0
jessitama,,1,1,0,0
jeudnuma,,1,1,0,0
jhäänuma,,2,2,0,0
jippima,,2,2,0,0
jjoksima,,1,1,0,0
jjätuma,maha,1,1,0,0
jjõudnuma,,1,1,0,0
jkoduma,,1,1,0,0
jkoolima,,1,1,0,0
jkuhtuma,,1,1,0,0
jobima,,1,1,0,0
jobisema,,1,1,0,0
jobutama,ära,1,1,0,0
joksima,kokku,1,1,0,0
jolguma,,1,1,0,0
jomama,,1,1,0,0
jongutama,,1,1,0,0
jonksutama,ette,1,1,0,0
jonksutama,ära,1,1,0,0
jonnima,ette,1,1,0,0
jonuma,,1,1,0,0
joodame-söötma,,1,1,0,0
joodima,ära,1,1,0,0
jookse-hüppa-lobisema,,1,1,0,0
jooksen-olema,üle,1,1,0,0
jooksevad-painutama,,1,1,0,0
jooksevad-võistlema,,1,1,0,0
jooksin-sööma,maha,2,2,0,0
jooksis-hüppama,,1,1,0,0
jooksma,"edasi, juurde",1,1,0,0
jooksma,"edasi, tagasi, ringi",1,1,0,0
jooksma,ilma,2,2,0,0
jooksma,"ilma, ringi",1,1,0,0
jooksma,"keskele, kokku",1,1,0,0
jooksma,"kinni, kinni",1,1,0,0
jooksma,"kokku, sisse",1,1,0,0
jooksma,käpuli,1,1,0,0
jooksma,külge,1,1,0,0
jooksma,"laiali, kohal",1,1,0,0
jooksma,mood,1,1,0,0
jooksma,"mööda, ilma, laiali",1,1,0,0
jooksma,"mööda, sisse",1,1,0,0
jooksma,"mööda, tagasi",1,1,0,0
jooksma,"otsa, puruks",1,1,0,0
jooksma,pihta,1,1,0,0
jooksma,sassi,1,1,0,0
jooksma,"tagasi, ära",1,1,0,0
jooksma,vaja,7,7,0,0
jooksma,varjule,1,1,0,0
jooksma,"vastu, pool",1,1,0,0
jooksma,"välja, edasi",1,1,0,0
jooksma,"välja, tagasi",1,1,0,0
jooksma,"ära, all",1,1,0,0
jooksma,"ära, eest",1,1,0,0
jooksma,"ära, tagasi",1,1,0,0
jooksma,"üles, otsa, välja",1,1,0,0
jooksutama,ilma,1,1,0,0
jooksutama,peal,1,1,0,0
jooksutama,"välja, tarvis",1,1,0,0
jookustama,"rahul, ära",1,1,0,0
jookutama,,1,1,0,0
jooma,eest,2,2,0,0
jooma,"ette, ära",1,1,0,0
jooma,lahti,1,1,0,0
jooma,pealt,1,1,0,0
jooma,pidama,1,1,0,0
jooma,taga,1,1,0,0
jooma,"täis, maha",1,1,0,0
jooma,"ära, tagasi",1,1,0,0
jooma,"ära, ära",1,1,0,0
jooma,ümber,1,1,0,0
joonestama,edasi,1,1,0,0
joonistab-jutustama,,1,1,0,0
joonistama,alles,1,1,0,0
joonistama,alt,1,1,0,0
joonistama,keskele,1,1,0,0
joonistama,kohale,1,1,0,0
joonistama,koos,2,2,0,0
joonistama,otsa,1,1,0,0
joonistama,vahele,1,1,0,0
joonistama,viltu,2,2,0,0
joonistama,ühte,1,1,0,0
joonistas-maalima,,1,1,0,0
joonistuma,esile,1,1,0,0
joonistuma,valmis,1,1,0,0
joonistuma,ümber,2,2,0,0
joosima,välja,1,1,0,0
jooskima,,1,1,0,0
jooskima,tagasi,1,1,0,0
joosnuma,järele,1,1,0,0
joosnuma,kaasa,1,1,0,0
joostima,kallale,1,1,0,0
jootma,kinni,2,2,0,0
jootuma,,1,1,0,0
jooxnuma,,4,4,0,0
jooxnuma,kohale,1,1,0,0
jooxsnuma,,1,1,0,0
jooxutama,kokku,2,2,0,0
jorisema,ära,1,1,0,0
jorutama,maha,2,2,0,0
joudnuma,kohale,1,1,0,0
joudsima,,3,3,0,0
jouduma,,1,1,0,0
joxima,,1,1,0,0
ju8nnima,,1,1,0,0
juba-saama,valmis,1,1,0,0
jubima,"välja, edasi",1,1,0,0
jughtuma,,1,1,0,0
juhatama,"otsa, peale",1,1,0,0
juhatama,tagant,1,1,0,0
juhatama,ära,1,1,0,0
juhatatama,edasi,1,1,0,0
juhendama,kõrvalt,1,1,0,0
juhendama,läbi,1,1,0,0
juhruma,,1,1,0,0
juhtima,all,1,1,0,0
juhtima,kinni,2,2,0,0
juhtima,kõrvalt,1,1,0,0
juhtima,laiali,1,1,0,0
juhtima,ligi,1,1,0,0
juhtima,täis,1,1,0,0
juhtruma,,2,2,0,0
juhtuma,all,2,2,0,0
juhtuma,juurde,1,1,0,0
juhtuma,koos,1,1,0,0
juhtuma,kõrval,1,1,0,0
juhtuma,rahul,2,2,0,0
juhtuma,"tagasi, välja",1,1,0,0
juhtuma,tarvis,1,1,0,0
juhtuma,vahel,1,1,0,0
jukerdama,edasi,1,1,0,0
jukima,,1,1,0,0
jukuma,läbi,1,1,0,0
julge-tahtma,,1,1,0,0
julgema,ette,2,2,0,0
julgema,juurde,1,1,0,0
julgema,kaasa,2,2,0,0
julgema,peal,1,1,0,0
julgima,,1,1,0,0
julgustama,tagant,3,3,0,0
jumaldama,edasi,1,1,0,0
jumestuma,vaja,1,1,0,0
jummima,,1,1,0,0
jungima,,1,1,0,0
junkima,,1,1,0,0
junnima,,1,1,0,0
junnuma,,1,1,0,0
junxima,,1,1,0,0
juonuma,,1,1,0,0
jupitama,läbi,1,1,0,0
jupitama,välja,1,1,0,0
jupsima,sees,1,1,0,0
jura-andma,,1,1,0,0
jurama,otsa,1,1,0,0
juristama,,1,1,0,0
jutlustama,ära,1,1,0,0
jutustama,ette,1,1,0,0
jutustama,ilma,1,1,0,0
jutustama,kaasa,1,1,0,0
jutustama,koos,1,1,0,0
jutustama,üle,2,2,0,0
juubeldama,läbi,1,1,0,0
juurdlema,kallal,1,1,0,0
juurutama,välja,2,2,0,0
jäeksima,,2,2,0,0
jäestuma,,1,1,0,0
jägunema,,1,1,0,0
jäinkolmandama,,1,1,0,0
jälestama,üle,1,1,0,0
jälgima,otsa,1,1,0,0
jälgima,tagasi,1,1,0,0
jälgima,üles,1,1,0,0
jälgis-kuulama,,1,1,0,0
jälrgima,,1,1,0,0
jämmima,kinni,1,1,0,0
jämmima,kokku,1,1,0,0
jämmima,välja,1,1,0,0
jändama,taga,1,1,0,0
järama,puruks,1,1,0,0
järama,välja,1,1,0,0
järeldama,edasi,1,1,0,0
järeldama,ära,1,1,0,0
järgima,alla,1,1,0,0
järgima,"alt, üles",1,1,0,0
järgima,kohal,1,1,0,0
järgima,tagasi,1,1,0,0
järgima,ära,1,1,0,0
järgima,üles,1,1,0,0
järgnema,all,1,1,0,0
järgnema,eemale,1,1,0,0
järgnema,ära,1,1,0,0
järjekindel-teadma,,1,1,0,0
järjestama,ära,2,2,0,0
järsima,,1,1,0,0
järtkuma,,1,1,0,0
jätab-unustama,,1,1,0,0
jätkama,"edasi, mööda",1,1,0,0
jätkama,ees,1,1,0,0
jätkama,moodi,1,1,0,0
jätkama,pidama,1,1,0,0
jätkama,täis,2,2,0,0
jätkama,valmis,1,1,0,0
jätknuma,välja,1,1,0,0
jätkuma,"ette, kõrvale",1,1,0,0
jätkuma,jaoks,1,1,0,0
jätkuma,juurde,1,1,0,0
jätkuma,järel,1,1,0,0
jätkuma,lahti,1,1,0,0
jätkuma,mööda,1,1,0,0
jätkuma,sees,1,1,0,0
jätkuma,tagasi,1,1,0,0
jätkuma,vaatamata,1,1,0,0
jätma,"alla, maha",1,1,0,0
jätma,alt,1,1,0,0
jätma,"edasi, kohale",1,1,0,0
jätma,"ette, välja",2,2,0,0
jätma,"ilma, kinni",1,1,0,0
jätma,jaoks,1,1,0,0
jätma,"kohale, maha",1,1,0,0
jätma,"koos, maha",1,1,0,0
jätma,lahku,1,1,0,0
jätma,lokki,1,1,0,0
jätma,lukku,4,4,0,0
jätma,"maha, ära",1,1,0,0
jätma,rahul,2,2,0,0
jätma,rääma,1,1,0,0
jätma,saadik,1,1,0,0
jätma,sees,1,1,0,0
jätma,soiku,1,1,0,0
jätma,"tagasi, ära",1,1,0,0
jätma,väljapoole,2,2,0,0
jätma,"ära, maha",1,1,0,0
jätma,ööseks,1,1,0,0
jättama,maha,1,1,0,0
jättama,vahele,1,1,0,0
jäädvustama,ette,1,1,0,0
jääksima,,1,1,0,0
jääksskima,,1,1,0,0
jääma,"alles, valmis",1,1,0,0
jääma,"alt, kinni",1,1,0,0
jääma,"edasi, kinni",1,1,0,0
jääma,"edasi, vahele",1,1,0,0
jääma,eelpool,1,1,0,0
jääma,"ette, külge",1,1,0,0
jääma,"ette, ära",1,1,0,0
jääma,igasugu,1,1,0,0
jääma,"ilma, ilma",1,1,0,0
jääma,"ilma, peale",2,2,0,0
jääma,"ilma, taha",1,1,0,0
jääma,"ilma, välja",1,1,0,0
jääma,"järele, täis",1,1,0,0
jääma,"järele, valmis",1,1,0,0
jääma,jõle,1,1,0,0
jääma,"kinni, kinni",1,1,0,0
jääma,"kinni, seespool",1,1,0,0
jääma,"kinni, vahele",1,1,0,0
jääma,"kinni, üle",1,1,0,0
jääma,"koha, kinni",1,1,0,0
jääma,"kokku, üle",2,2,0,0
jääma,kõrval,1,1,0,0
jääma,"kõrvale, ette",1,1,0,0
jääma,"kõrvale, ilma",2,2,0,0
jääma,"kõrvale, maha",1,1,0,0
jääma,"kõrvale, ära",1,1,0,0
jääma,"külge, kinni",2,2,0,0
jääma,"lahti, alles",1,1,0,0
jääma,"lahti, külge",1,1,0,0
jääma,"lahti, pooleli",1,1,0,0
jääma,"maha, edasi",1,1,0,0
jääma,"maha, ringi",1,1,0,0
jääma,"maha, üles",1,1,0,0
jääma,mood,3,3,0,0
jääma,mööda,2,2,0,0
jääma,näpuvahele,1,1,0,0
jääma,"otsa, lahti",1,1,0,0
jääma,"peale, alles",2,2,0,0
jääma,"peale, ilma",2,2,0,0
jääma,peidus,1,1,0,0
jääma,"pihta, püsti",1,1,0,0
jääma,pooleks,2,2,0,0
jääma,"pooleli, keskel",1,1,0,0
jääma,puht,1,1,0,0
jääma,"puudu, vastu",1,1,0,0
jääma,"püsti, peale",1,1,0,0
jääma,"püsti, üles",1,1,0,0
jääma,"rahule, vaja",2,2,0,0
jääma,"ringi, juurde",1,1,0,0
jääma,"ringi, kokku",1,1,0,0
jääma,"sees, laiali",1,1,0,0
jääma,segi,1,1,0,0
jääma,"sisse, alles",1,1,0,0
jääma,"sisse, välja",2,2,0,0
jääma,"tagasi, katki",2,2,0,0
jääma,"tagasi, kinni",1,1,0,0
jääma,"täis, maha",1,1,0,0
jääma,tänu,1,1,0,0
jääma,vagusi,1,1,0,0
jääma,"vahele, valmis",1,1,0,0
jääma,"vahele, välja",1,1,0,0
jääma,vaiki,1,1,0,0
jääma,"vaja, lahti",1,1,0,0
jääma,vasakule,1,1,0,0
jääma,"vastu, ilma",1,1,0,0
jääma,"väheks, vaja",1,1,0,0
jääma,"välja, ära",1,1,0,0
jääma,"võlgu, maha",1,1,0,0
jääma,"ära, lähedal",1,1,0,0
jääma,"ära, maha",1,1,0,0
jääma,"ära, täis",1,1,0,0
jääma,"üle, rahul",1,1,0,0
jääma,"üle, vaja",1,1,0,0
jääma,"üle, valmis",1,1,0,0
jääma,"üle, välja",1,1,0,0
jääma,"üle, ära",2,2,0,0
jääma,"üles, alles",1,1,0,0
jääma,"üles, edasi",1,1,0,0
jääma,"üles, ära",1,1,0,0
jääpkima,,2,2,0,0
jäätuma,ilma,1,1,0,0
jäätuma,kokku,1,1,0,0
jäätuma,sisse,1,1,0,0
jäätuma,vahele,1,1,0,0
jäätuma,välja,2,2,0,0
jäätuma,"välja, ära",1,1,0,0
jäävustuma,,1,1,0,0
jääxima,vait,1,1,0,0
jäääänuma,,1,1,0,0
jääääätuma,maha,1,1,0,0
jóudnuma,,1,1,0,0
jóudsima,,1,1,0,0
jôudima,,1,1,0,0
jõdsima,,1,1,0,0
jõduma,edasi,1,1,0,0
jõidima,,1,1,0,0
jõlgutama,,2,2,0,0
jõlkuma,järel,3,3,0,0
jõlkuma,läbi,2,2,0,0
jõllitama,edasi,1,1,0,0
jõlpnema,,1,1,0,0
jõmisema,kaasa,1,1,0,0
jõmmistuma,,1,1,0,0
jõnklema,,1,1,0,0
jõnkslema,edasi,1,1,0,0
jõnksutama,alles,1,1,0,0
jõnksutama,üle,1,1,0,0
jõnxuma,,1,1,0,0
jõucima,,1,1,0,0
jõudma,"alla, valmis",1,1,0,0
jõudma,"alt, ära",1,1,0,0
jõudma,"alt, üles",1,1,0,0
jõudma,asemele,1,1,0,0
jõudma,"edasi, edasi",1,1,0,0
jõudma,"edasi, välja",2,2,0,0
jõudma,ees,1,1,0,0
jõudma,"ette, läbi",1,1,0,0
jõudma,"ette, tagasi",1,1,0,0
jõudma,"ilma, tagasi",1,1,0,0
jõudma,"järele, kokku",1,1,0,0
jõudma,"järele, üle",1,1,0,0
jõudma,kallale,1,1,0,0
jõudma,kand,1,1,0,0
jõudma,kaudu,1,1,0,0
jõudma,"kohale, koos",1,1,0,0
jõudma,"kohale, läbi",1,1,0,0
jõudma,käibele,1,1,0,0
jõudma,kõrval,1,1,0,0
jõudma,"läbi, peale",1,1,0,0
jõudma,manu,1,1,0,0
jõudma,nõus,1,1,0,0
jõudma,pealt,1,1,0,0
jõudma,"pealt, kohale",1,1,0,0
jõudma,"pealt, tagasi",1,1,0,0
jõudma,pihta,1,1,0,0
jõudma,puudu,1,1,0,0
jõudma,"ringi, välja",1,1,0,0
jõudma,"tagasi, alles",1,1,0,0
jõudma,taha,2,2,0,0
jõudma,tasa,1,1,0,0
jõudma,"välja, peale",1,1,0,0
jõudma,"välja, tagasi",1,1,0,0
jõudma,"välja, välja",2,2,0,0
jõudma,võidu,1,1,0,0
jõuduma,juurde,1,1,0,0
jõuduma,kaasa,1,1,0,0
jõuduma,tagasi,1,1,0,0
jõundnuma,,1,1,0,0
jõunima,,1,1,0,0
jõunksutama,,1,1,0,0
jõusima,,1,1,0,0
jõustnuma,,1,1,0,0
jõustuma,ilma,1,1,0,0
jõustuma,kinni,1,1,0,0
jõustuma,tagasi,1,1,0,0
jõustuma,välja,1,1,0,0
jõutama,edasi,1,1,0,0
jõutama,välja,1,1,0,0
jõutima,,1,1,0,0
jöhvima,,1,1,0,0
jöntsima,järele,1,1,0,0
jöristama,,1,1,0,0
jöudnuma,ette,1,1,0,0
jüuakima,,1,1,0,0
k2bisima,,1,1,0,0
k2iduma,ringi,1,1,0,0
k2isima,ilma,1,1,0,0
k2isima,tagasi,1,1,0,0
k2ivituma,,1,1,0,0
k6iguma,"edasi, tagasi",1,1,0,0
k6ikuma,,1,1,0,0
k6lagima,,1,1,0,0
k8etuma,,1,1,0,0
ka-tegema,ära,1,1,0,0
kaagutama,läbi,1,1,0,0
kaahhjuma,,1,1,0,0
kaaluma,järele,2,2,0,0
kaaluma,"ligi, üles",1,1,0,0
kaaluma,pealt,1,1,0,0
kaaluma,vaja,1,1,0,0
kaalutlema,läbi,1,1,0,0
kaalutlema,ära,1,1,0,0
kaalutlema,üle,1,1,0,0
kaanima,peale,1,1,0,0
kaapima,all,1,1,0,0
kaapima,edasi,1,1,0,0
kaapima,eemale,1,1,0,0
kaapima,sisse,2,2,0,0
kaapima,tagasi,1,1,0,0
kaapima,täis,1,1,0,0
kaapima,võlgu,1,1,0,0
kaarduma,eemale,1,1,0,0
kaarduma,"eest, ära",1,1,0,0
kaarduma,ligi,2,2,0,0
kaartima,,1,1,0,0
kaas-ajastama,,1,1,0,0
kaasa-olema,,1,1,0,0
kaasnema,alla,1,1,0,0
kaasnema,juurde,1,1,0,0
kaasnema,peale,1,1,0,0
kaasnema,sisse,1,1,0,0
kaasnema,üle,2,2,0,0
kaasnema,üles,1,1,0,0
kabistama,rahul,1,1,0,0
kablutama,edasi,1,1,0,0
kablutama,ette,1,1,0,0
kadetama,,1,1,0,0
kadlima,,1,1,0,0
kadnuma,,2,2,0,0
kadreerima,ringi,1,1,0,0
kadsima,,1,1,0,0
kaduma,alles,2,2,0,0
kaduma,ees,2,2,0,0
kaduma,ette,1,1,0,0
kaduma,"ilma, pealt",1,1,0,0
kaduma,kaupa,1,1,0,0
kaduma,"keskel, ära",1,1,0,0
kaduma,kinni,2,2,0,0
kaduma,kodunt,1,1,0,0
kaduma,koos,1,1,0,0
kaduma,kuskile,1,1,0,0
kaduma,meelest,1,1,0,0
kaduma,püsti,1,1,0,0
kaduma,ringi,1,1,0,0
kaduma,seest,1,1,0,0
kaduma,"vahele, kohal",1,1,0,0
kaduma,"vahele, ära",2,2,0,0
kaduma,"vastu, ära",1,1,0,0
kaduma,"välja, ära",2,2,0,0
kaduma,"võlgu, ära",1,1,0,0
kaduma,"ära, eest",1,1,0,0
kaduma,"ära, pärast",1,1,0,0
kaduma,"ära, tagant",1,1,0,0
kaduma,"ära, välja",1,1,0,0
kaebama,läbi,2,2,0,0
kaebama,poole,1,1,0,0
kaebama,valmis,1,1,0,0
kaema,otsa,1,1,0,0
kaevama,alla,1,1,0,0
kaevama,"alla, välja",1,1,0,0
kaevama,katki,1,1,0,0
kaevama,"kinni, tagasi",1,1,0,0
kaevama,ringi,2,2,0,0
kaevama,"taga, välja",1,1,0,0
kaevama,tarvis,1,1,0,0
kaevama,"vaja, välja",1,1,0,0
kaevama,"välja, järel",1,1,0,0
kaevuma,sisse,1,1,0,0
kahandama,tagasi,1,1,0,0
kahanema,ära,1,1,0,0
kahanema,üle,1,1,0,0
kaheksakymnendama,,1,1,0,0
kaheksakümmnendama,,1,1,0,0
kahekymnendama,,1,1,0,0
kahisema,kaasa,1,1,0,0
kahistama,ära,1,1,0,0
kahjatsema,tagasi,1,1,0,0
kahjetsema,,1,1,0,0
kahkuma,,1,1,0,0
kahlama,välja,1,1,0,0
kahmama,ümber,1,1,0,0
kahmima,sisse,1,1,0,0
kahtima,,1,1,0,0
kahtle-matma,,1,1,0,0
kahtlema,ette,1,1,0,0
kahtlema,lahti,1,1,0,0
kahtlema,peale,1,1,0,0
kahtlema,pealt,1,1,0,0
kahtlema,sees,1,1,0,0
kahtlustama,vaja,1,1,0,0
kaifima,üle,1,1,0,0
kaimama,,1,1,0,0
kainestuma,,1,1,0,0
kaisima,tagasi,1,1,0,0
kaisu-valvama,,1,1,0,0
kaisutama,sees,1,1,0,0
kaitsema,ette,1,1,0,0
kaitsema,kaasa,1,1,0,0
kaitsema,laiali,1,1,0,0
kaitsema,tagant,1,1,0,0
kaitsema,tagasi,1,1,0,0
kaitsma,lahti,1,1,0,0
kaitsma,laiali,1,1,0,0
kaitsma,peale,1,1,0,0
kaitsma,pihta,1,1,0,0
kaitsma,püsti,1,1,0,0
kaitsma,üle,1,1,0,0
kajahtama,,1,1,0,0
kajama,kokku,2,2,0,0
kajastama,ette,1,1,0,0
kajastuma,ette,1,1,0,0
kajastuma,läbi,1,1,0,0
kajatama,täis,1,1,0,0
kakama,kinni,1,1,0,0
kakerdama,ees,2,2,0,0
kakerdama,läbi,1,1,0,0
kakima,peale,1,1,0,0
kakkuma,laiali,1,1,0,0
kakrjuma,,1,1,0,0
kaksama,edasi,1,1,0,0
kakutama,,1,1,0,0
kalastama,kallale,1,1,0,0
kalberdama,sisse,1,1,0,0
kalduma,heaks,1,1,0,0
kalduma,rahul,1,1,0,0
kalduma,ringi,1,1,0,0
kalduma,viltu,1,1,0,0
kalduma,ühte,2,2,0,0
kalgestuma,,1,1,0,0
kalgistama,,1,1,0,0
kalkuleerima,kaasa,1,1,0,0
kalkuleerima,kokku,1,1,0,0
kallama,"edasi, sisse",1,1,0,0
kallama,"maha, eemale",1,1,0,0
kallama,tagasi,4,4,0,0
kallama,valmis,3,3,0,0
kallinema,järel,1,1,0,0
kallinema,peale,1,1,0,0
kallistama,ära,1,1,0,0
kalllima,,2,2,0,0
kallutama,sisse,1,1,0,0
kallutama,tagasi,4,4,0,0
kalpsama,alla,2,2,0,0
kalpsama,edasi,1,1,0,0
kaluma,,1,1,0,0
kamandama,kõrvalt,1,1,0,0
kamandama,põlvili,1,1,0,0
kambatama,,1,1,0,0
kammima,kohale,1,1,0,0
kammima,laiali,1,1,0,0
kammima,taha,2,2,0,0
kamuflaažima,,1,1,0,0
kamõistama,,1,1,0,0
kanaliseerima,ümber,1,1,0,0
kanalistasioonima,,1,1,0,0
kanatama,,1,1,0,0
kanbseldama,,1,1,0,0
kandestuma,,1,1,0,0
kandideerima,üles,1,1,0,0
kandidheerima,,1,1,0,0
kandma,"edasi, välja",1,1,0,0
kandma,esile,1,1,0,0
kandma,"ette, kokku",1,1,0,0
kandma,"ette, ära",1,1,0,0
kandma,"kaasas, kaasa",1,1,0,0
kandma,kaudu,1,1,0,0
kandma,koht,1,1,0,0
kandma,koos,1,1,0,0
kandma,lahus,1,1,0,0
kandma,nahka,1,1,0,0
kandma,puudu,1,1,0,0
kandma,rahul,1,1,0,0
kandma,"ringi, täis",1,1,0,0
kandma,vaja,1,1,0,0
kandma,"välja, lahti",1,1,0,0
kandma,võlgu,1,1,0,0
kandma,"ära, tagasi",1,1,0,0
kandma,üll,1,1,0,0
kanduma,"alt, üles",1,1,0,0
kanduma,kant,1,1,0,0
kanduma,kohale,2,2,0,0
kanduma,"kokku, edasi",1,1,0,0
kanduma,"üle, ilma",1,1,0,0
kandus-kinnistuma,,1,1,0,0
kangastuma,ette,1,1,0,0
kangema,seas,1,1,0,0
kangestuma,ära,2,2,0,0
kangutama,eemale,3,3,0,0
kangutama,eest,1,1,0,0
kangutama,"pealt, ära, üles, taha",1,1,0,0
kanlima,,1,1,0,0
kannatama,maha,1,1,0,0
kannatama,otsa,1,1,0,0
kannatama,peale,2,2,0,0
kannatama,"peale, ära",1,1,0,0
kannatama,pooleli,1,1,0,0
kannatama,puht,1,1,0,0
kannatama,püsti,1,1,0,0
kannatama,sisse,1,1,0,0
kannatama,valmis,1,1,0,0
kannatama,ümber,1,1,0,0
kannaytama,,1,1,0,0
kanteseldama,,1,1,0,0
kantima,"otsa, kinni",1,1,0,0
kantsli-stiilima,,1,1,0,0
kaotama,alt,1,1,0,0
kaotama,"ilma, pealt, ära",1,1,0,0
kaotama,pealt,1,1,0,0
kaotama,pidama,1,1,0,0
kaotama,sees,1,1,0,0
kaotama,taga,1,1,0,0
kaotama,"vahelt, ära",1,1,0,0
kaotama,"üle, ringi",1,1,0,0
kaotatama,,1,1,0,0
kaotsima,ära,1,1,0,0
kaotsis-põlema,,1,1,0,0
kappama,ees,2,2,0,0
kappama,"eest, ära",1,1,0,0
kappama,ära,1,1,0,0
kappama,"üle, välja",1,1,0,0
kappima,peale,1,1,0,0
kapsaks-kakerdama,,1,1,0,0
karastuma,ära,1,1,0,0
karcima,,1,1,0,0
kardavad-kurtma,,1,1,0,0
kargama,alles,1,1,0,0
kargama,eest,1,1,0,0
kargama,"kallale, taga",1,1,0,0
kargama,pealt,1,1,0,0
kargama,sirgu,1,1,0,0
kargama,tagant,1,1,0,0
karglema,ette,1,1,0,0
karistama,hoolimata,1,1,0,0
karistama,vaja,1,1,0,0
karistatama,,1,1,0,0
karjatama,kaasa,1,1,0,0
karjatama,vaja,1,1,0,0
karjhuma,,1,1,0,0
karjuma,ette,4,4,0,0
karjuma,jaoks,1,1,0,0
karjuma,"juurde, juurde",1,1,0,0
karjuma,järel,1,1,0,0
karjuma,järgi,1,1,0,0
karjuma,kõrvale,1,1,0,0
karjuma,peal,1,1,0,0
karjuma,sekka,1,1,0,0
karjuma,"taga, järele",1,1,0,0
karjuma,vaja,1,1,0,0
karjutama,vahele,1,1,0,0
karrigeerima,,1,1,0,0
kartma,kokku,2,2,0,0
kartma,pärast,1,1,0,0
kartma,ringi,2,2,0,0
kartma,tagant,1,1,0,0
kartma,vaja,1,1,0,0
kartusettuma,,1,1,0,0
kartzima,,1,1,0,0
karvendama,,1,1,0,0
karvuma,vaja,1,1,0,0
karvustama,,2,2,0,0
karwanema,,1,1,0,0
kas-vanuma,üles,1,1,0,0
kasduma,ära,1,1,0,0
kasoovima,,1,1,0,0
kassifitseerima,,1,1,0,0
kastma,lahti,2,2,0,0
kastma,tagasi,1,1,0,0
kasuta-käsutama,,1,1,0,0
kasutab-kuulab-nautima,,1,1,0,0
kasutajanime-võtma,,1,1,0,0
kasutama,all,1,1,0,0
kasutama,eest,1,1,0,0
kasutama,esile,1,1,0,0
kasutama,jaoks,1,1,0,0
kasutama,juurde,2,2,0,0
kasutama,koha,1,1,0,0
kasutama,laiali,1,1,0,0
kasutama,lukku,1,1,0,0
kasutama,moodi,1,1,0,0
kasutama,peal,2,2,0,0
kasutama,puruks,1,1,0,0
kasutama,vaja,5,5,0,0
kasutama,üles,3,3,0,0
kasutatama,ära,1,1,0,0
kasuttama,,1,1,0,0
kasvab-tulema,,1,1,0,0
kasvama,alles,4,4,0,0
kasvama,esile,1,1,0,0
kasvama,järgi,1,1,0,0
kasvama,keskel,3,3,0,0
kasvama,"kokku, lahku",1,1,0,0
kasvama,kõrvale,3,3,0,0
kasvama,"pealt, kinni",1,1,0,0
kasvama,ringi,1,1,0,0
kasvama,sekka,1,1,0,0
kasvama,taga,2,2,0,0
kasvama,vahele,2,2,0,0
kasvama,vaja,1,1,0,0
kasvama,võrra,1,1,0,0
kasvama,ühte,3,3,0,0
kasvama,"üles, üles",1,1,0,0
kasvanud-küpsema,,1,1,0,0
kasvatama,algama,1,1,0,0
kasvatama,ilma,1,1,0,0
kasvatama,lahku,3,3,0,0
kasvatama,otsa,1,1,0,0
kasvatama,pärast,1,1,0,0
kasvatama,vaja,1,1,0,0
kasvatama,"üles, alla",1,1,0,0
kasvavad-elama,,1,1,0,0
kasvavad-kosuma,,1,1,0,0
kataboliseerima,,1,1,0,0
kataloogima,maha,1,1,0,0
kathtlema,,1,1,0,0
katkema,lähedal,2,2,0,0
katkema,pealt,1,1,0,0
katkema,üle,1,1,0,0
katkestama,edasi,1,1,0,0
katkestama,tagasi,1,1,0,0
katkuma,edasi,1,1,0,0
katma,kaasa,1,1,0,0
katma,"kinni, alla",1,1,0,0
katma,kusjuures,1,1,0,0
katma,valmis,1,1,0,0
katma,võlgu,1,1,0,0
katma,"ära, välja",1,1,0,0
katsetama,järele,2,2,0,0
katsetama,kokku,1,1,0,0
katsetama,koos,1,1,0,0
katsetama,tagasi,1,1,0,0
katsetama,tarvis,1,1,0,0
katsuma,edasi,2,2,0,0
katsuma,valmis,2,2,0,0
kattuma,kinni,1,1,0,0
kattuma,tagasi,1,1,0,0
kattuma,ära,1,1,0,0
katuma,,1,1,0,0
katõtama,,1,1,0,0
kaunistama,"ette, ära",1,1,0,0
kaunistuma,,1,1,0,0
kauplema,ette,1,1,0,0
kauplema,tarvis,1,1,0,0
kausutama,,1,1,0,0
kavandama,sisse,2,2,0,0
kavandama,vastu,2,2,0,0
kavatsema,ees,1,1,0,0
kavatsema,kinni,1,1,0,0
kavatsema,läbi,1,1,0,0
kavatsema,peale,1,1,0,0
kawasakkima,,1,1,0,0
kdagima,,1,1,0,0
keakima,,1,1,0,0
kebima,alla,1,1,0,0
kebima,eemale,1,1,0,0
kebima,kohale,1,1,0,0
kee-rasima,ringi,1,1,0,0
keekima,,1,1,0,0
keelama,"edasi, ära",1,1,0,0
keelama,kohale,1,1,0,0
keelama,kõrvale,1,1,0,0
keelan-lubama,,1,1,0,0
keeldnuma,,1,1,0,0
keelduma,all,1,1,0,0
keelduma,eemale,1,1,0,0
keelduma,eest,3,3,0,0
keelduma,ette,1,1,0,0
keelduma,nõus,1,1,0,0
keelduma,peal,1,1,0,0
keelitama,valmis,1,1,0,0
keeltuma,,1,1,0,0
keelustama,üle,2,2,0,0
keelustama,ümber,1,1,0,0
keema,peale,1,1,0,0
keema,valmis,1,1,0,0
keepima,kinni,1,1,0,0
keerama,"ette, ette",1,1,0,0
keerama,"ilma, ära",3,3,0,0
keerama,kohale,1,1,0,0
keerama,käpuli,1,1,0,0
keerama,ligi,1,1,0,0
keerama,lukk,1,1,0,0
keerama,lähedal,1,1,0,0
keerama,"mööda, tagasi",1,1,0,0
keerama,"otsa, üles",1,1,0,0
keerama,pidi,1,1,0,0
keerama,sassi,1,1,0,0
keerama,"sisse, maha",1,1,0,0
keerama,"sisse, püsti",1,1,0,0
keerama,"sisse, välja",1,1,0,0
keerama,"tagasi, kinni",1,1,0,0
keerama,vasakule,1,1,0,0
keerama,"ära, kinni",1,1,0,0
keerama,"ära, kõrval",1,1,0,0
keerlema,koos,1,1,0,0
keerlema,maas,1,1,0,0
keerlema,üles,1,1,0,0
keerulisustama,,1,1,0,0
keerulitsema,,1,1,0,0
keerutab-tiirutama,ees,1,1,0,0
keerutama,ees,1,1,0,0
keerutama,maha,1,1,0,0
keerutama,otsa,1,1,0,0
keerutama,segi,1,1,0,0
keetma,otsa,1,1,0,0
keeustama,,1,1,0,0
keevitama,edasi,1,1,0,0
keevitama,mööda,1,1,0,0
keevitama,peale,2,2,0,0
keevitama,"sisse, otsa",1,1,0,0
kehastama,alla,1,1,0,0
kehastuma,alla,1,1,0,0
kehastuma,juurde,1,1,0,0
kehastuma,tagasi,1,1,0,0
kehittima,,1,1,0,0
kehtestuma,läbi,1,1,0,0
kehtima,alt,1,1,0,0
kehtima,ette,1,1,0,0
kehtima,ilma,1,1,0,0
kehtima,kõrvalt,1,1,0,0
kehtima,sees,1,1,0,0
kehtima,ära,1,1,0,0
kehutama,tagant,1,1,0,0
kehutama,üles,1,1,0,0
keimama,ringi,1,1,0,0
kejtima,,1,1,0,0
kekgutama,,1,1,0,0
kekkama,ilma,1,1,0,0
kekkama,vaja,1,1,0,0
keksima,ligi,1,1,0,0
keksima,maha,1,1,0,0
keksima,vastu,1,1,0,0
kelgutama,järele,1,1,0,0
kelgutama,läbi,1,1,0,0
kellama,vaja,1,1,0,0
kelluma,,1,1,0,0
kelmitsema,,2,2,0,0
kelrima,,3,3,0,0
kemiseerima,,1,1,0,0
kemplema,edasi,3,3,0,0
kenima,,1,1,0,0
kenitama,,1,1,0,0
kenzopurjusmagama,,1,1,0,0
kepitama,,1,1,0,0
kepsama,,2,2,0,0
kepslema,kaasa,1,1,0,0
kepslema,üles,1,1,0,0
kera-laskma,,1,1,0,0
kergandama,,1,1,0,0
kergesti-ärrituma,,1,1,0,0
kergima,,2,2,0,0
kerima,edasi-tagasi,1,1,0,0
kerima,püsti,1,1,0,0
kerima,sisse,1,1,0,0
kerima,tagant,1,1,0,0
kerima,"ümber, kokku",1,1,0,0
kerjama,välja,1,1,0,0
kerkima,alla,2,2,0,0
kerkima,"esile, peale",1,1,0,0
kerkima,"esile, vaja",2,2,0,0
kerkima,"esile, üle",1,1,0,0
kerkima,rahul,1,1,0,0
kerkima,seest,1,1,0,0
kerkima,täis,1,1,0,0
kerkima,"üles, välja",1,1,0,0
kerkima,"üles, ära",1,1,0,0
kerkima,"üles, üles",1,1,0,0
kerrtuma,,1,1,0,0
kertsima,,1,1,0,0
keskenduma,külge,1,1,0,0
keskenduma,maha,1,1,0,0
keskenduma,pealt,1,1,0,0
keskenduma,rahule,1,1,0,0
keskenduma,taga,1,1,0,0
kesnuma,,1,1,0,0
kestendama,maha,1,1,0,0
kestima,,1,1,0,0
kestma,all,1,1,0,0
kestma,ilma,1,1,0,0
kestma,"ilma, peal",1,1,0,0
kestma,kinni,1,1,0,0
kestma,tarvis,1,1,0,0
kestma,vaja,4,4,0,0
kestma,ära,1,1,0,0
ketnuma,,1,1,0,0
ketrama,lahti,1,1,0,0
ketrama,ringi,1,1,0,0
ketrama,üles,1,1,0,0
kexima,,3,3,0,0
keyboardima,tagasi,1,1,0,0
kfridsima,,1,1,0,0
kibelema,eemale,1,1,0,0
kibelema,kohal,1,1,0,0
kibelema,ligi,1,1,0,0
kibestuma,üle,1,1,0,0
kickima,ära,1,1,0,0
kiejutama,kinni,1,1,0,0
kihisema,all,1,1,0,0
kihistuma,"alla, kokku",1,1,0,0
kihutama,"alla, tagasi",1,1,0,0
kihutama,"edasi, alla",1,1,0,0
kihutama,igasugu,1,1,0,0
kihutama,juurde,1,1,0,0
kihutama,kinni,2,2,0,0
kihutama,"kõrval, sisse",1,1,0,0
kihutama,kõrvale,1,1,0,0
kihutama,rindu,1,1,0,0
kihutama,"tagant, mööda",1,1,0,0
kihutama,"tagant, välja",1,1,0,0
kihutama,vaja,1,1,0,0
kihutama,"välja, alla",1,1,0,0
kihutama,"välja, üles",1,1,0,0
kihutama,ümber,1,1,0,0
kihvtitama,,2,2,0,0
kiidate-laitma,,1,1,0,0
kiiganud-postitama,,1,1,0,0
kiigutama,edasi-tagasi,1,1,0,0
kiigutama,tagasi,1,1,0,0
kiikama,eemale,1,1,0,0
kiikama,kõrvale,1,1,0,0
kiikama,läbi,2,2,0,0
kiikama,tagant,1,1,0,0
kiikama,üle,1,1,0,0
kiikuma,üles,1,1,0,0
kiiluma,"all, kinni",1,1,0,0
kiiluma,alla,1,1,0,0
kiiluma,sisse,2,2,0,0
kiindnuma,,1,1,0,0
kiinnostama,,2,2,0,0
kiinostama,,2,2,0,0
kiipuma,,1,1,0,0
kiirendama,alla,3,3,0,0
kiirendama,kõrvalt,1,1,0,0
kiirendama,läbi,1,1,0,0
kiirendama,mööda,1,1,0,0
kiirendama,üles,1,1,0,0
kiirgama,"alla, tagasi",1,1,0,0
kiirgama,edasi,2,2,0,0
kiirguma,vastu,1,1,0,0
kiirhääbuma,,1,1,0,0
kiirstima,,1,1,0,0
kiirustama,"alla, tagasi",1,1,0,0
kiirustama,üle,2,2,0,0
kiirutama,,1,1,0,0
kiitlema,ees,1,1,0,0
kiitlema,tagasi,1,1,0,0
kiitma,alles,1,1,0,0
kiitma,ette,1,1,0,0
kiitma,"heaks, alla",1,1,0,0
kiitma,maha,1,1,0,0
kiitma,sisse,1,1,0,0
kiitma,tagasi,1,1,0,0
kiitma,võidu,1,1,0,0
kiitnud-poputama,,1,1,0,0
kijeldama,,1,1,0,0
kikima,vaja,1,1,0,0
kilgatama,,1,1,0,0
kiljahtama,,1,1,0,0
kiljuma,vastu,1,1,0,0
kilkama,tagasi,1,1,0,0
kilkas-möirgama,,1,1,0,0
kilksutama,kokku,1,1,0,0
killustuma,vaja,1,1,0,0
kilreldama,,1,1,0,0
kimama,edasi-tagasi,1,1,0,0
kimama,lahti,1,1,0,0
kimama,otsa,1,1,0,0
kimama,ära,3,3,0,0
kimama,üle,1,1,0,0
kimbutama,alla,1,1,0,0
kimbutanud-kiusama,,1,1,0,0
kimbutattama,,1,1,0,0
kimutama,,1,1,0,0
kinbdkima,,1,1,0,0
kindlustama,ilma,1,1,0,0
kindlustama,peale,1,1,0,0
kindlustuma,läbi,1,1,0,0
kinema,,1,1,0,0
kinituma,,1,1,0,0
kinkima,vaja,2,2,0,0
kinkima,"üle, kokku",2,2,0,0
kinnitama,otsa,1,1,0,0
kinnitama,ühte,1,1,0,0
kinnuma,,1,1,0,0
kiokskima,,1,1,0,0
kipitama,sees,1,1,0,0
kipitama,tagasi,1,1,0,0
kippuma,ees,2,2,0,0
kippuma,ilma,2,2,0,0
kippuma,juurde,1,1,0,0
kippuma,järele,3,3,0,0
kippuma,kusjuures,1,1,0,0
kippuma,lahku,1,1,0,0
kippuma,nõus,1,1,0,0
kippuma,peal,1,1,0,0
kippuma,rahul,1,1,0,0
kippuma,"sisse, ära",1,1,0,0
kippuma,vaja,2,2,0,0
kippuma,üles,2,2,0,0
kippuma,ümber,1,1,0,0
kipuma,,1,1,0,0
kirema,kaasa,1,1,0,0
kirema,vastu,1,1,0,0
kirendama,vaja,1,1,0,0
kirjas-teadma,,1,1,0,0
kirjeldama,ilma,3,3,0,0
kirjeldama,järgi,1,1,0,0
kirjeldama,pärast,1,1,0,0
kirjutada-maandama,,1,1,0,0
kirjutama,"alla, valmis",1,1,0,0
kirjutama,"ette, kokku",1,1,0,0
kirjutama,"ette, lahti",1,1,0,0
kirjutama,jaoks,2,2,0,0
kirjutama,"juurde, pärast",1,1,0,0
kirjutama,"juurde, vaja",1,1,0,0
kirjutama,"kokku, välja",1,1,0,0
kirjutama,"kokku, ära",1,1,0,0
kirjutama,"koos, alla",1,1,0,0
kirjutama,külge,1,1,0,0
kirjutama,"lahku, kokku",1,1,0,0
kirjutama,moodi,1,1,0,0
kirjutama,peal,1,1,0,0
kirjutama,pealt,2,2,0,0
kirjutama,"sisse, sisse, välja",1,1,0,0
kirjutama,valmima,3,3,0,0
kirjutama,väljapoole,1,1,0,0
kirjutama,"ära, alla",1,1,0,0
kirjutame-rääkima,,1,1,0,0
kirjutan-lugema,,1,1,0,0
kirjutanud-esitama,,1,1,0,0
kirjutanud-ilmutama,,1,1,0,0
kirjutatama,,1,1,0,0
kirjutavad-lavastama,,1,1,0,0
kirjutavad-räägivad-joonistama,,1,1,0,0
kirjutuma,,2,2,0,0
kirkeldama,,1,1,0,0
kirratama,,1,1,0,0
kirsipuu-pidama,,1,1,0,0
kirssuma,,1,1,0,0
kirste-säästma,,1,1,0,0
kirtjutama,,1,1,0,0
kiruma,kaasa,1,1,0,0
kiruma,koos,1,1,0,0
kisama,ilma,1,1,0,0
kisama,koos,1,1,0,0
kisama,tagasi,1,1,0,0
kisendama,kaasa,1,1,0,0
kisendama,peale,1,1,0,0
kisklema,edasi,2,2,0,0
kisklema,välja,2,2,0,0
kiskuma,kant,2,2,0,0
kiskuma,kiiva,4,4,0,0
kiskuma,"lahti, välja",1,1,0,0
kiskuma,mööda,1,1,0,0
kiskuma,sisse,1,1,0,0
kiskuma,tagant,1,1,0,0
kiskuma,"täis, ära",1,1,0,0
kiskuma,võidu,1,1,0,0
kitkumaskäisima,,1,1,0,0
kitrjutama,,1,1,0,0
kitsendama,ära,1,1,0,0
kiuksatama,,1,1,0,0
kiunuma,pärast,1,1,0,0
kiusa-ütlema,"ära, välja",1,1,0,0
kiusama,kinni,1,1,0,0
kiusama,"taga, kohal",1,1,0,0
kiustama,,1,1,0,0
kizzima,,1,1,0,0
kjunema,,1,1,0,0
kjäisima,,1,1,0,0
kjüsima,,1,1,0,0
kkasima,,1,1,0,0
kkäisima,,1,1,0,0
klaabuma,,1,1,0,0
klaarima,pärast,1,1,0,0
klaaritama,ära,1,1,0,0
klaaruma,ära,2,2,0,0
klaasistuma,ära,1,1,0,0
klahkuma,,1,1,0,0
klammerdama,kokku,2,2,0,0
klammerduma,ette,1,1,0,0
klammerduma,taha,1,1,0,0
klammerduma,ära,1,1,0,0
klapitama,edasi,1,1,0,0
klapitama,otsa,1,1,0,0
klappima,alla,1,1,0,0
klappima,kinni,1,1,0,0
klappima,puudu,1,1,0,0
klappima,sees,1,1,0,0
klassifitseerima,alla,2,2,0,0
klassifitseerima,ära,2,2,0,0
klassifitseerima,ümber,1,1,0,0
klatšima,ringi,1,1,0,0
klaunema,,1,1,0,0
kleepima,"kokku, tagasi",1,1,0,0
kleeppima,,1,1,0,0
kleeppima,kokku,1,1,0,0
kleepuma,pärast,1,1,0,0
kleepuma,"püsti, kinni",1,1,0,0
kleepuma,sisse,1,1,0,0
klikkama,edasi,1,1,0,0
klikkima,ees,1,1,0,0
klikkima,lahti,1,1,0,0
klikkima,peal,1,1,0,0
klikkima,sisse,1,1,0,0
klimberdama,kõrvale,1,1,0,0
klimberdama,maha,1,1,0,0
klipima,,1,1,0,0
klirisema,sees,1,1,0,0
klirisesid-tärisema,,1,1,0,0
kliristama,,1,1,0,0
klišeerima,,1,1,0,0
klobistama,kohale,1,1,0,0
klokima,,3,3,0,0
klokkama,ära,1,1,0,0
klokkima,üles,1,1,0,0
klombistuma,,2,2,0,0
kloonima,juurde,1,1,0,0
kloppima,alla,1,1,0,0
klorifitseerima,,1,1,0,0
klouneerima,,1,1,0,0
klugisema,,1,1,0,0
klähmima,,1,1,0,0
klähvima,"ära, järele",1,1,0,0
kläituma,,1,1,0,0
klõbisema,peal,1,1,0,0
klõbistama,kokku,1,1,0,0
klõbistama,otsa,1,1,0,0
klõksatama,kinni,1,1,0,0
klõpsama,ette,2,2,0,0
klõpsama,peale,2,2,0,0
klõpsatama,all,1,1,0,0
klõpsima,kaasa,1,1,0,0
klõpsima,lahti,1,1,0,0
klõpsima,läbi,3,3,0,0
klõpsuma,välja,1,1,0,0
klõpsustama,,1,1,0,0
klõpsutama,edasi,1,1,0,0
klõpsutama,tagasi,2,2,0,0
klõpsutama,üles,2,2,0,0
klöbistama,,1,1,0,0
knagima,,1,1,0,0
koaguleerima,,1,1,0,0
kobama,edasi,1,1,0,0
kobama,peale,1,1,0,0
kobarduma,,3,3,0,0
kobatama,,3,3,0,0
kobatama,sisse,1,1,0,0
kobatsema,,1,1,0,0
kobestama,läbi,1,1,0,0
kobima,eemale,1,1,0,0
kobima,ringi,2,2,0,0
kobisema,juurde,1,1,0,0
kobistama,ringi,1,1,0,0
kobrutama,välja,1,1,0,0
kobrutama,üle,1,1,0,0
kodeerima,ära,2,2,0,0
kodumaaviisima,,1,1,0,0
kodunema,ära,2,2,0,0
kodustuma,ära,1,1,0,0
koffetama,,1,1,0,0
kogema,peale,2,2,0,0
kogema,pealt,1,1,0,0
kogema,vastu,1,1,0,0
kogemetama,,1,1,0,0
kogenud-suutma,,1,1,0,0
kognima,,1,1,0,0
koguma,järel,1,1,0,0
koguma,kusjuures,1,1,0,0
koguma,puudu,1,1,0,0
koguma,sees,1,1,0,0
koguma,sekka,1,1,0,0
koguma,"vaatamata, üle",1,1,0,0
koguma,välja,1,1,0,0
kogunema,ilma,1,1,0,0
kogunema,laiali,1,1,0,0
kogunema,ligi,3,3,0,0
kogunema,lähedal,2,2,0,0
kogunema,millalgi,1,1,0,0
kogunema,vaevu,1,1,0,0
kogunema,vahele,3,3,0,0
kohaldama,järele,1,1,0,0
kohama,ära,1,1,0,0
kohanema,ette,1,1,0,0
kohatama,,2,2,0,0
kohendama,üle,2,2,0,0
kohisema,lähedal,1,1,0,0
kohisema,maha,1,1,0,0
kohisema,vastu,1,1,0,0
kohitsema,ära,2,2,0,0
kohkuma,eemale,2,2,0,0
kohkuma,ees,1,1,0,0
kohkuma,ilma,1,1,0,0
kohkuma,"tagasi, kaasas",1,1,0,0
kohmerdama,ära,1,1,0,0
kohmitsema,kallal,1,1,0,0
koht-mida-ei-olema,,1,1,0,0
kohtalnema,,1,1,0,0
kohtama,koos,1,1,0,0
kohtama,läbi,2,2,0,0
kohtama,tänu,1,1,0,0
kohtama,välja,1,1,0,0
kohtlema,edasi,1,1,0,0
kohtuma,kaasa,1,1,0,0
kohtuma,taga,1,1,0,0
kohtuma,võidu,1,1,0,0
kohtuma,üles,1,1,0,0
kohtumajasteadma,,1,1,0,0
kohtuprotsema,,1,1,0,0
kohtusite-suhtlema,,1,1,0,0
kohuma,üles,2,2,0,0
kohustama,nõus,1,1,0,0
kohustuma,välja,2,2,0,0
koigima,,1,1,0,0
koikkima,,1,1,0,0
kojuma,,1,1,0,0
kokkama,edasi,1,1,0,0
kokkima,,1,1,0,0
kokkuleppima,,1,1,0,0
kokkupuutuma,,1,1,0,0
kokkusobitama,,1,1,0,0
koksama,"maha, vastu",1,1,0,0
koksima,maha,3,3,0,0
kokutama,ees,1,1,0,0
kolama,kaasas,1,1,0,0
kolama,lähedal,1,1,0,0
kolima,järele,3,3,0,0
kolima,laiali,2,2,0,0
kolima,peale,3,3,0,0
kolima,ringi,1,1,0,0
kolima,"valmis, üle",1,1,0,0
kolisema,alla,2,2,0,0
kolisema,läbi,1,1,0,0
kolistama,"edasi, tagasi",1,1,0,0
kolistama,vastu,1,1,0,0
kolkima,"ilma, läbi",1,1,0,0
kolkima,ära,1,1,0,0
kolksatama,ette,1,1,0,0
kolletama,ära,2,2,0,0
kollitama,järel,1,1,0,0
kolmekümendama,,1,1,0,0
kolmkümmnema,,1,1,0,0
koltuma,nõus,1,1,0,0
komberdama,juurde,1,1,0,0
komberdama,taha,1,1,0,0
komberdama,ära,1,1,0,0
kombineerima,edasi,1,1,0,0
kombineerima,juurde,1,1,0,0
kombineerima,kaasa,1,1,0,0
kombineerima,sisse,2,2,0,0
kombineerima,ümber,1,1,0,0
kommanteerima,,1,1,0,0
kommenteerima,ette,2,2,0,0
kommenteerima,juurde,2,2,0,0
kommenteerima,koos,1,1,0,0
kommenteerima,vahele,2,2,0,0
kommenteerima,üle,2,2,0,0
kommenteervima,,1,1,0,0
kommertsistuma,,1,1,0,0
kommneteerima,,1,1,0,0
kommuteerima,,2,2,0,0
kompiilima,,1,1,0,0
kompileerima,ilma,1,1,0,0
kompileerima,üle,2,2,0,0
kompileerima,ümber,1,1,0,0
kompilleerima,kokku,1,1,0,0
komplekteerima,ümber,2,2,0,0
komponeerima,ümber,1,1,0,0
kompreseerima,kokku,1,1,0,0
kondama,mööda,1,1,0,0
kondenseerima,,1,1,0,0
kondenseeruma,ära,1,1,0,0
kondsima,,1,1,0,0
konflikteeruma,,1,1,0,0
konkreerima,,1,1,0,0
konkureerima,alla,1,1,0,0
konkureerima,alt,1,1,0,0
konservima,,1,1,0,0
konstrueerima,ümber,1,1,0,0
konstrueeruma,,2,2,0,0
konstruima,juurde,1,1,0,0
konsulteerima,läbi,1,1,0,0
konsulteerima,vaja,1,1,0,0
kontakteeruma,taga,1,1,0,0
kontcentreeruma,,2,2,0,0
kontrastima,kõrvale,1,1,0,0
kontreerima,üle,1,1,0,0
kontrollima,alt,1,1,0,0
kontrollima,järgi,3,3,0,0
kontrollima,"sisse, välja",1,1,0,0
kontrollima,"üle, üle",1,1,0,0
kontuurima,ära,1,1,0,0
konutama,sees,1,1,0,0
konvergeeruma,pealt,1,1,0,0
konverseerima,,1,1,0,0
konverteerima,ära,2,2,0,0
konvoeerima,tagasi,1,1,0,0
konvoeerima,ära,1,1,0,0
koodima,edasi,1,1,0,0
koogutama,edasi,3,3,0,0
koogutama,ette,1,1,0,0
koogutama,järele,1,1,0,0
koogutama,kohal,1,1,0,0
kookima,,1,1,0,0
kooksima,kokku,1,1,0,0
kookõlastama,,1,1,0,0
koolduma,alla,1,1,0,0
koolduma,üles,1,1,0,0
kooletama,ära,1,1,0,0
koolitama,tagasi,1,1,0,0
koolma,kokku,1,1,0,0
koolutama,maha,1,1,0,0
koomatsema,,2,2,0,0
koomiks-filmima,,1,1,0,0
koomima,,1,1,0,0
koondama,vastu,1,1,0,0
koondama,ühte,1,1,0,0
koonduma,"alles, laiali, edasi",2,2,0,0
koonduma,ette,1,1,0,0
koonduma,laiali,2,2,0,0
koonduma,välja,1,1,0,0
koonuma,välja,1,1,0,0
koordineerib-toetama,,1,1,0,0
koordineerima,koos,1,1,0,0
koorima,alla,1,1,0,0
koorima,ette,3,3,0,0
koorima,kokku,3,3,0,0
koorima,peale,1,1,0,0
koorima,tagasi,2,2,0,0
koorima,"ära, sisse",1,1,0,0
koormama,edasi,1,1,0,0
koormama,kokku,1,1,0,0
koormama,ringi,1,1,0,0
koormuma,üle,1,1,0,0
kooruma,"alt, välja",1,1,0,0
kooruma,"pealt, maha",1,1,0,0
kooruma,üle,1,1,0,0
koos-minema,,1,1,0,0
kooserdama,"läbi, ringi",1,1,0,0
kooserdama,"välja, ringi",1,1,0,0
kooskõlastama,valmis,1,1,0,0
koosnema,hulgas,1,1,0,0
koosnema,juurde,1,1,0,0
koosnema,keskel,1,1,0,0
kopeerima,alla,1,1,0,0
kopeerima,ette,1,1,0,0
kopeerima,peale,1,1,0,0
koperdama,püsti,2,2,0,0
koperdama,sisse,1,1,0,0
kopima,maha,1,1,0,0
kopima,pealt,1,1,0,0
kopima,üle,1,1,0,0
kopsatama,läbi,2,2,0,0
kopsima,all,1,1,0,0
kopuleerima,,2,2,0,0
koputama,otsa,1,1,0,0
koputama,vaja,1,1,0,0
kordama,tagant,1,1,0,0
kordama,valmis,1,1,0,0
kordama,ühte,1,1,0,0
kordama,üles,2,2,0,0
korduma,iial,1,1,0,0
korduma,kokku,1,1,0,0
korduma,sees,1,1,0,0
korisema,vastu,1,1,0,0
koristama,alles,1,1,0,0
koristama,"kõrvalt, ära",2,2,0,0
koristama,läbi,1,1,0,0
koristama,seest,1,1,0,0
koristama,üle,1,1,0,0
koristasin-pesema,,1,1,0,0
koristuma,,1,1,0,0
korjama,"alla, kokku",1,1,0,0
korjama,"alt, ära",1,1,0,0
korjama,ette,3,3,0,0
korjama,"kokku, kusjuures",1,1,0,0
korjama,"pealt, sisse",1,1,0,0
korjama,"vahelt, välja",2,2,0,0
korkima,ära,1,1,0,0
korraldama,heaks,1,1,0,0
korrigeerima,peale,1,1,0,0
korrigeerima,tagasi,1,1,0,0
korrigeerima,ümber,2,2,0,0
korrigeeruma,alla,1,1,0,0
korrutama,alt,1,1,0,0
korrutama,edasi,1,1,0,0
korrutama,pealt,1,1,0,0
korvama,tagasi,1,1,0,0
kostitama,juurde,1,1,0,0
kostitama,«,1,1,0,0
kostma,eemale,1,1,0,0
kostrueerima,,2,2,0,0
kostuma,pealt,1,1,0,0
kostuma,sisse,1,1,0,0
kosuma,ära,2,2,0,0
koteilima,,1,1,0,0
kottima,ära,7,7,0,0
kotuma,,1,1,0,0
koukima,esile,1,1,0,0
koukima,kokku,1,1,0,0
koukima,pealt,1,1,0,0
koukima,"ringi, välja",1,1,0,0
kraaklema,välja,1,1,0,0
kraaksatama,ära,1,1,0,0
kraaksuma,kaasa,1,1,0,0
kraamivad-küpsetama,,1,1,0,0
kraapima,ette,1,1,0,0
kraapima,"pealt, ära",1,1,0,0
krabama,välja,2,2,0,0
krabistama,välja,2,2,0,0
krabistama,ära,1,1,0,0
kragistama,,1,1,0,0
krahlima,sisse,1,1,0,0
krahmama,järele,1,1,0,0
krahmama,kokku,4,4,0,0
krahmima,,1,1,0,0
krambitama,,2,2,0,0
krampima,,1,1,0,0
krapsama,edasi,1,1,0,0
krashima,,2,2,0,0
kratsima,peale,1,1,0,0
kratsima,ära,1,1,0,0
kreatiinima,,2,2,0,0
kreemitama,alla,1,1,0,0
kreemitama,sisse,4,4,0,0
kribima,edasi,1,1,0,0
kribima,täis,2,2,0,0
kribima,valmis,2,2,0,0
kribima,"üles, tagasi",1,1,0,0
kribisema,,2,2,0,0
kribitsema,,1,1,0,0
krigistama,ilma,1,1,0,0
kriipima,sisse,1,1,0,0
kriipseldama,maha,1,1,0,0
kriipsima,täis,1,1,0,0
kriipuma,,1,1,0,0
kriisatama,,1,1,0,0
kriiskama,vastu,2,2,0,0
kriiskama,välja,1,1,0,0
krimpsus-krompsuma,,1,1,0,0
krimpsutama,rahul,1,1,0,0
krimpsutama,ära,1,1,0,0
kripitsema,,1,1,0,0
kristianiseeruma,,1,1,0,0
kritiseetima,,1,1,0,0
kritseldama,peale,1,1,0,0
kritseldama,vahele,1,1,0,0
krobistama,sees,1,1,0,0
krogima,,2,2,0,0
krokuma,,1,1,0,0
krompsuma,,1,1,0,0
kronksatama,,1,1,0,0
krooksatama,,1,1,0,0
kroolima,tagasi,1,1,0,0
kroomima,vaja,1,1,0,0
kroonika-laadima,,1,1,0,0
kroonima,kinni,1,1,0,0
kroonima,kokku,1,1,0,0
krudima,edasi,1,1,0,0
krudistama,alla,1,1,0,0
krussitama,,1,1,0,0
krutima,,2,2,0,0
kruttima,ette,2,2,0,0
kruttima,tagant,1,1,0,0
kruttima,tagasi,1,1,0,0
kruttima,ümber,1,1,0,0
kruvima,"ette, üles",1,1,0,0
kruvima,mööda,2,2,0,0
kruvima,täis,1,1,0,0
kruvima,vastu,1,1,0,0
kruvima,"üles, alla",1,1,0,0
kräkima,lahti,1,1,0,0
kräkkima,kokku,1,1,0,0
kräpima,,1,1,0,0
kräuksatama,,1,1,0,0
kräuksuma,,2,2,0,0
kräunuma,lahku,1,1,0,0
krääääksuma,,1,1,0,0
krõbisema,peal,1,1,0,0
krõbistama,tagasi,1,1,0,0
krõbistama,"ära, tagasi",1,1,0,0
krõksutama,valmis,1,1,0,0
kröpsutama,,1,1,0,0
ksaksima,peale,1,1,0,0
ksiidima,,1,1,0,0
kuangima,,2,2,0,0
kubisema,välja,1,1,0,0
kuccuma,,1,1,0,0
kucuma,esile,1,1,0,0
kucutama,,1,1,0,0
kudistama,koos,1,1,0,0
kudrutama,vastu,1,1,0,0
kuduma,täis,1,1,0,0
kuduma,ära,1,1,0,0
kugistama,peale,1,1,0,0
kuhjama,kaasa,1,1,0,0
kuhjama,pooleli,1,1,0,0
kuhjuma,juurde,2,2,0,0
kuhjuma,kõrvale,2,2,0,0
kuhjuma,peale,1,1,0,0
kuhjuma,sisse,1,1,0,0
kuhjuma,üle,1,1,0,0
kui-vanuma,,1,1,0,0
kuidaagima,,1,1,0,0
kuidutama,ette,1,1,0,0
kuitima,,1,1,0,0
kuitoimuma,,2,2,0,0
kuitsuma,,1,1,0,0
kuivama,juurde,1,1,0,0
kuivama,"külge, ära",1,1,0,0
kuivama,lahti,1,1,0,0
kuivama,"ära, ära",1,1,0,0
kuivatama,läbi,2,2,0,0
kuivatama,sisse,2,2,0,0
kuivatama,välja,1,1,0,0
kujundama,juurde,1,1,0,0
kujundama,sisse,2,2,0,0
kujundama,täis,1,1,0,0
kujundlikustama,,1,1,0,0
kujunema,ette,4,4,0,0
kujunema,ilma,1,1,0,0
kujunema,kohale,1,1,0,0
kujunema,vahele,1,1,0,0
kujutama,"algul, ette",1,1,0,0
kujutama,eemale,1,1,0,0
kujutama,"ette, edasi",1,1,0,0
kujutama,"ette, vastu",1,1,0,0
kujutama,"ette, üles",2,2,0,0
kujutama,kaasa,1,1,0,0
kujutama,"läbi, ette",3,3,0,0
kujutama,maha,1,1,0,0
kujutama,"tagasi, ette",2,2,0,0
kujutlema,juurde,3,3,0,0
kujutlema,"ringi, ette",2,2,0,0
kuketsema,,2,2,0,0
kukitama,,1,1,0,0
kukkuma,all,1,1,0,0
kukkuma,"alla, kokku",1,1,0,0
kukkuma,"alla, maha",1,1,0,0
kukkuma,"alla, otsa",1,1,0,0
kukkuma,"alla, puruks",1,1,0,0
kukkuma,"alla, ringi, pihta",1,1,0,0
kukkuma,"alla, vahel",1,1,0,0
kukkuma,"alla, üles",1,1,0,0
kukkuma,"alt, välja",1,1,0,0
kukkuma,"alt, ära",2,2,0,0
kukkuma,kaasa,1,1,0,0
kukkuma,kant,1,1,0,0
kukkuma,"kokku, peale",1,1,0,0
kukkuma,"kokku, välja",1,1,0,0
kukkuma,"kõrvalt, alla",1,1,0,0
kukkuma,ligi,1,1,0,0
kukkuma,"läbi, läbi",1,1,0,0
kukkuma,"maha, välja",1,1,0,0
kukkuma,"peale, ära",1,1,0,0
kukkuma,"pealt, läbi",1,1,0,0
kukkuma,pikali,1,1,0,0
kukkuma,püsti,1,1,0,0
kukkuma,rahul,1,1,0,0
kukkuma,"ringi, välja",1,1,0,0
kukkuma,"tagasi, läbi",1,1,0,0
kukkuma,taha,1,1,0,0
kukkuma,"välja, üles",1,1,0,0
kukkuma,üles,1,1,0,0
kukkutama,maha,1,1,0,0
kuklisöömima,,1,1,0,0
kukuma,alla,1,1,0,0
kukuma,välja,2,2,0,0
kukutama,"ette, läbi",1,1,0,0
kulgema,alt,2,2,0,0
kulgema,pooleli,1,1,0,0
kulgema,täis,1,1,0,0
kulgema,vaja,1,1,0,0
kulmineeruma,läbi,1,1,0,0
kultiveerima,ära,1,1,0,0
kultuuristuma,,1,1,0,0
kuluma,"ette, ära",1,1,0,0
kuluma,ilma,1,1,0,0
kuluma,juurde,2,2,0,0
kuluma,"kokku, alla",1,1,0,0
kuluma,"sisse, ära",1,1,0,0
kuluma,"taga, ära",1,1,0,0
kuluma,täis,1,1,0,0
kuluma,"vastu, ära",1,1,0,0
kuluma,"välja, ära",1,1,0,0
kuluma,"ära, vaja",1,1,0,0
kuluma,"ära, valmis",1,1,0,0
kuluma,"ära, ära",1,1,0,0
kuluma,"ära, üles",1,1,0,0
kuluma,üle,3,3,0,0
kulutama,"ette, ära",2,2,0,0
kulutama,lõhki,2,2,0,0
kulutan-teenima,,1,1,0,0
kulutasid-kasutama,,1,1,0,0
kumaarima,,1,1,0,0
kumama,alla,1,1,0,0
kumama,kaasa,2,2,0,0
kumama,laiali,1,1,0,0
kumama,"läbi, läbi",1,1,0,0
kumama,"peale, välja",1,1,0,0
kumerduma,vastu,1,1,0,0
kumisema,vastu,1,1,0,0
kummalikustama,,1,1,0,0
kummardama,edasi,3,3,0,0
kummardama,tagasi,1,1,0,0
kummarduma,ees,1,1,0,0
kummitama,lahti,1,1,0,0
kummitama,läbi,2,2,0,0
kummitama,ringi,3,3,0,0
kummitama,taga,1,1,0,0
kummuma,üle,1,1,0,0
kunstinõuguma,,1,1,0,0
kunstistama,,1,1,0,0
kupatama,kohale,1,1,0,0
kupatama,lahti,1,1,0,0
kupatama,maha,1,1,0,0
kupeerima,,1,1,0,0
kupeldama,ära,1,1,0,0
kurdistuma,ära,1,1,0,0
kureerima,lähedal,1,1,0,0
kuri-kuuluma,,1,1,0,0
kurieerima,,1,1,0,0
kuritarvitama,alla,1,1,0,0
kuritarvitama,edasi,2,2,0,0
kuritegu-olema,,1,1,0,0
kurjustama,edasi,1,1,0,0
kurjutsema,,1,1,0,0
kurnama,alla,1,1,0,0
kurnima,,1,1,0,0
kurptuma,,1,1,0,0
kurrdima,,1,1,0,0
kurruma,,1,1,0,0
kurseerima,üle,1,1,0,0
kurtma,ette,1,1,0,0
kurvastama,ette,1,1,0,0
kurvastama,kaasa,1,1,0,0
kurvastama,lahti,1,1,0,0
kurvastama,sisse,1,1,0,0
kurvima,,1,1,0,0
kusduma,,1,1,0,0
kuskäisima,,1,1,0,0
kussutame-sussutama,edasi,1,1,0,0
kustatama,,2,2,0,0
kustuma,kohale,1,1,0,0
kustuma,sisse,1,1,0,0
kustuma,välja,1,1,0,0
kustuma,üle,1,1,0,0
kustutage-kustutama,,1,1,0,0
kustutama,ennem,1,1,0,0
kustutama,"peale, ära",1,1,0,0
kustutama,täis,1,1,0,0
kustutama,võlgu,2,2,0,0
kustutama,"ära, mööda",1,1,0,0
kutistama,,1,1,0,0
kutsuma,"esile, edasi",1,1,0,0
kutsuma,"kokku, vastu",1,1,0,0
kutsuma,manu,1,1,0,0
kutsuma,poolt,1,1,0,0
kutsuma,"sees, välja",1,1,0,0
kutsuma,täis,2,2,0,0
kutsuma,"välja, pealt",1,1,0,0
kutsuma,"ära, välja",1,1,0,0
kutsuma,"üle, esile",1,1,0,0
kutsuma,"üles, kaasa",4,4,0,0
kutsuma,"üles, tagasi",2,2,0,0
kutsustuma,tagasi,1,1,0,0
kutsutama,,1,1,0,0
kuttuma,,2,2,0,0
kutustuma,kohale,1,1,0,0
kuu-lamama,ära,1,1,0,0
kuujnema,,1,1,0,0
kuukkima,,2,2,0,0
kuuks-paarima,,2,2,0,0
kuula-vaata-mõtlema,,1,1,0,0
kuulake-vaatama,,1,1,0,0
kuulaksid-mõtlema,,1,1,0,0
kuulama,all,1,1,0,0
kuulama,alla,3,3,0,0
kuulama,"juurde, vaja",1,1,0,0
kuulama,keskel,1,1,0,0
kuulama,koht,1,1,0,0
kuulama,"kokku, läbi",1,1,0,0
kuulama,laiali,1,1,0,0
kuulama,otsa,1,1,0,0
kuulama,peal,1,1,0,0
kuulama,puudu,1,1,0,0
kuulama,sees,1,1,0,0
kuulama,sui,1,1,0,0
kuulama,tagasi,3,3,0,0
kuulama,tarvis,2,2,0,0
kuulama,täis,1,1,0,0
kuulama,vaja,1,1,0,0
kuulama,vast,1,1,0,0
kuulama,"ära, ära",1,1,0,0
kuulatakannatama,,1,1,0,0
kuulatama,pealt,1,1,0,0
kuulatama,üle,1,1,0,0
kuulduma,järgi,1,1,0,0
kuulduma,sekka,1,1,0,0
kuulduma,välja,1,1,0,0
kuulete-nägema,,1,1,0,0
kuulkuma,,1,1,0,0
kuulma,"alla, ära",1,1,0,0
kuulma,iial,2,2,0,0
kuulma,kallale,1,1,0,0
kuulma,poolt,2,2,0,0
kuulma,seest,1,1,0,0
kuulma,"ära, taga",1,1,0,0
kuulnud-kuulama,,1,1,0,0
kuulnud-rääkima,,1,1,0,0
kuulsime-lugema,,2,2,0,0
kuulsjima,,1,1,0,0
kuulub-kanduma,,1,1,0,0
kuuluma,ette,1,1,0,0
kuuluma,"järgi, kaasa",1,1,0,0
kuuluma,kaasas,1,1,0,0
kuuluma,"kokku, alla",1,1,0,0
kuuluma,käsikäes,1,1,0,0
kuuluma,"kõrvale, vahele",1,1,0,0
kuuluma,külge,1,1,0,0
kuuluma,ligi,1,1,0,0
kuuluma,peal,2,2,0,0
kuuluma,pärast,1,1,0,0
kuuluma,"sisse, rahul",1,1,0,0
kuulutama,alles,1,1,0,0
kuulutama,juurde,1,1,0,0
kuulutama,kinni,1,1,0,0
kuulutama,lahti,1,1,0,0
kuulutama,peale,3,3,0,0
kuulutama,rahul,1,1,0,0
kuulutama,täis,1,1,0,0
kuulutama,"välja, võidu",1,1,0,0
kuumpressima,,1,1,0,0
kuumutama,maha,1,1,0,0
kuvandama,,1,1,0,0
kvaklifitseeruma,,1,1,0,0
kvaletama,,1,1,0,0
kvalifitseeruma,alla,6,6,0,0
kvalifitseeruma,ringi,1,1,0,0
kvalifitseeruma,välja,1,1,0,0
kvalitsifeeruma,,1,1,0,0
kvantima,,1,1,0,0
kylgkyljevastama,,1,1,0,0
kysdima,,1,1,0,0
kysitama,,1,1,0,0
kytsima,edasi,1,1,0,0
kyynitama,,1,1,0,0
kyyruma,,1,1,0,0
käbustama,,1,1,0,0
kädistama,edasi,1,1,0,0
kägistama,lähedal,3,3,0,0
kähisema,vahele,1,1,0,0
kähmlema,sees,1,1,0,0
käiama,läbi,1,1,0,0
käibhüppabkepsutama,,1,1,0,0
käibima,koos,1,1,0,0
käima,algul,1,1,0,0
käima,"alla, maha",1,1,0,0
käima,altpoolt,1,1,0,0
käima,"eest, lahti",1,1,0,0
käima,"ette, ringi",1,1,0,0
käima,jälil,1,1,0,0
käima,järgi,1,1,0,0
käima,"kohal, alla",1,1,0,0
käima,"koht, alla",1,1,0,0
käima,"kokku, tagasi",1,1,0,0
käima,koletu,1,1,0,0
käima,"lahti, alla",1,1,0,0
käima,"lahti, kinni",1,1,0,0
käima,ligi,1,1,0,0
käima,lõhki,1,1,0,0
käima,"maha, ülle",1,1,0,0
käima,millalgi,1,1,0,0
käima,moodi,3,3,0,0
käima,"mööda, üle",1,1,0,0
käima,nõus,2,2,0,0
käima,otsas,2,2,0,0
käima,"peale, läbi",1,1,0,0
käima,"pealt, läbi",1,1,0,0
käima,puht,1,1,0,0
käima,puruks,2,2,0,0
käima,"pärast, ära",1,1,0,0
käima,"püsti, läbi",3,3,0,0
käima,"ringi, ees",1,1,0,0
käima,"ringi, koos",2,2,0,0
käima,"ringi, külge",1,1,0,0
käima,"ringi, laiali",1,1,0,0
käima,"ringi, peale",1,1,0,0
käima,"sees, ära",4,4,0,0
käima,suunas,1,1,0,0
käima,"tagasi, sees",1,1,0,0
käima,"vastu, kõrvu",1,1,0,0
käima,õues,1,1,0,0
käima,"üle, maha",1,1,0,0
käima,"üle, sisse",1,1,0,0
käima,"üles, ette",1,1,0,0
käima,"ümber, kaasas",1,1,0,0
käituma,alla,1,1,0,0
käituma,"alt, üles",1,1,0,0
käituma,ette,1,1,0,0
käituma,koos,1,1,0,0
käituma,lahti,1,1,0,0
käituma,läbi,1,1,0,0
käituma,maha,2,2,0,0
käituma,moodi,2,2,0,0
käituma,peal,1,1,0,0
käituma,seas,1,1,0,0
käituma,tagasi,1,1,0,0
käituma,vastu,6,6,0,0
käitunud-töötama,,1,1,0,0
käivitama,järgi,1,1,0,0
käivitama,peal,1,1,0,0
käivitama,pealt,1,1,0,0
käivituma,läbi,1,1,0,0
käivituma,peale,2,2,0,0
käivituma,ära,1,1,0,0
käivutuma,,2,2,0,0
käkistama,,1,1,0,0
käkruma,kokku,1,1,0,0
känetama,,1,1,0,0
kängima,lahti,1,1,0,0
känguma,ligi,1,1,0,0
känguma,ära,2,2,0,0
känuma,,2,2,0,0
känuma,läbi,1,1,0,0
käonuma,,1,1,0,0
käperdama,tagasi,1,1,0,0
käperdama,ära,1,1,0,0
kärama,ees,2,2,0,0
kärama,vaja,1,1,0,0
kärama,ära,3,3,0,0
käratama,vait,1,1,0,0
käratsema,otsa,1,1,0,0
kärbuma,kokku,1,1,0,0
kärbutama,,1,1,0,0
kärgatama,all,1,1,0,0
kärgatama,kõrvale,1,1,0,0
kärgatama,välja,1,1,0,0
kärisema,laiali,1,1,0,0
kärisema,tagant,1,1,0,0
kärisema,vastu,1,1,0,0
käristama,juurde,1,1,0,0
käristama,katki,1,1,0,0
käristama,laiali,1,1,0,0
käristama,lõhki,1,1,0,0
käristama,sisse,1,1,0,0
käristama,vahele,1,1,0,0
kärpima,"ette, maha",1,1,0,0
kärsima,ilma,1,1,0,0
kärssama,üles,1,1,0,0
kärtsutama,läbi,1,1,0,0
kärutama,edasi-tagasi,1,1,0,0
kärutama,kohale,1,1,0,0
kärutama,laiali,1,1,0,0
käsin-keelama,,1,1,0,0
käsitlema,ette,1,1,0,0
käsitlema,kinni,1,1,0,0
käsitlema,tarvis,1,1,0,0
käskima,edasi,1,1,0,0
käskima,eest,1,1,0,0
käskima,läbi,2,2,0,0
käskima,üles,1,1,0,0
käsutama,edasi,1,1,0,0
kätkema,vastu,1,1,0,0
kätlima,,1,1,0,0
kätlima,ära,2,2,0,0
kättima,,1,1,0,0
kääksutama,maha,1,1,0,0
käänama,ette,1,1,0,0
käänama,käpuli,1,1,0,0
käänama,"otsa, pealt",1,1,0,0
käänduma,kõrvale,1,1,0,0
käänduma,tasa,1,1,0,0
käänduma,ümber,1,1,0,0
käärima,maha,1,1,0,0
käärima,sees,1,1,0,0
kääritama,üles,1,1,0,0
käätsatama,,2,2,0,0
kõbisema,,2,2,0,0
kõdistama,ära,1,1,0,0
kõdundama,,1,1,0,0
kõetuma,,1,1,0,0
kõhelema,tarvis,1,1,0,0
kõhklema,tarvis,1,1,0,0
kõhtima,,1,1,0,0
kõhtima,välja,1,1,0,0
kõhutama,edasi,1,1,0,0
kõigutama,edasi,1,1,0,0
kõigutama,ette,1,1,0,0
kõigutama,"kõrvale, üles",1,1,0,0
kõigutama,tagasi,1,1,0,0
kõikuma,juurde,1,1,0,0
kõikuma,otsas,1,1,0,0
kõikuma,sekka,1,1,0,0
kõikuma,sisse,1,1,0,0
kõikuma,tagasi,1,1,0,0
kõikuma,"välja, sisse",1,1,0,0
kõituma,,1,1,0,0
kõksama,läbi,1,1,0,0
kõksuma,ette,2,2,0,0
kõlab-sähvima,,1,1,0,0
kõlahtama,,1,1,0,0
kõlama,ette,1,1,0,0
kõlama,juurde,1,1,0,0
kõlama,järel,1,1,0,0
kõlama,lahku,1,1,0,0
kõlama,maas,1,1,0,0
kõlama,pealt,1,1,0,0
kõlama,sisse,1,1,0,0
kõlama,taga,1,1,0,0
kõlama,üles,1,1,0,0
kõlama,ümber,1,1,0,0
kõlatama,,1,1,0,0
kõlatsema,,1,1,0,0
kõlbama,edasi,2,2,0,0
kõlbama,ette,1,1,0,0
kõlbama,jaoks,1,1,0,0
kõlbama,juurde,1,1,0,0
kõlbama,kõrvale,1,1,0,0
kõlbama,peale,2,2,0,0
kõlbama,tagasi,1,1,0,0
kõlbama,vahele,1,1,0,0
kõlbama,vaja,2,2,0,0
kõlima,välja,1,1,0,0
kõlistama,sisse,1,1,0,0
kõlksama,sisse,1,1,0,0
kõlksatama,vastu,2,2,0,0
kõlkuma,ees,1,1,0,0
kõlkuma,kaasa,1,1,0,0
kõlkuma,lähedal,1,1,0,0
kõllima,,1,1,0,0
kõlmuma,kinni,2,2,0,0
kõmahtama,,1,1,0,0
kõmahtama,kokku,1,1,0,0
kõmama,kaasa,1,1,0,0
kõmatama,lõhki,1,1,0,0
kõmberdama,,1,1,0,0
kõmisema,all,1,1,0,0
kõmmeldama,,1,1,0,0
kõmmima,vastu,1,1,0,0
kõmmutama,peale,1,1,0,0
kõmmutama,vastu,1,1,0,0
kõmmutama,üle,1,1,0,0
kõmpima,alla,1,1,0,0
kõmpima,eemale,1,1,0,0
kõmpima,juurde,1,1,0,0
kõmpima,"üles, peale",1,1,0,0
kõmpsima,,1,1,0,0
kõndima,ette,1,1,0,0
kõndima,peal,3,3,0,0
kõndima,pihta,1,1,0,0
kõndima,püsti,2,2,0,0
kõndima,"ringi, kinni",1,1,0,0
kõndima,"ringi, mööda",1,1,0,0
kõndima,"ringi, valmis",1,1,0,0
kõndima,tagant,1,1,0,0
kõndima,taha,1,1,0,0
kõndisid-jooksma,,1,1,0,0
kõneleda-otsima,,1,1,0,0
kõnelema,eest,1,1,0,0
kõnelema,juurde,2,2,0,0
kõnelema,täis,1,1,0,0
kõnima,,1,1,0,0
kõnneldama,,1,1,0,0
kõnnib-tantsisklema,,1,1,0,0
kõnuma,,1,1,0,0
kõplama,kokku,1,1,0,0
kõpsutama,tagasi,1,1,0,0
kõrbema,pealt,1,1,0,0
kõrbestama,ära,1,1,0,0
kõrguma,koos,1,1,0,0
kõrvaldama,kinni,1,1,0,0
kõrvetama,edasi,2,2,0,0
kõrvetama,kokku,1,1,0,0
kõrvetama,tagant,1,1,0,0
kõssa-kõssama,,1,1,0,0
kõssima,,1,1,0,0
kõverdama,tagasi,1,1,0,0
kõõluma,lahti,1,1,0,0
kõõluma,läbi,1,1,0,0
kõõluma,peal,1,1,0,0
kõõluma,ringi,1,1,0,0
kõõluma,vastu,1,1,0,0
kõõluma,ära,1,1,0,0
kõõritama,lahti,1,1,0,0
kõõritama,tagasi,1,1,0,0
köhatama,juurde,1,1,0,0
köhima,alles,1,1,0,0
köhima,järele,1,1,0,0
köhima,tagasi,1,1,0,0
köhnuma,,1,1,0,0
köietama,,1,1,0,0
köietama,ilma,2,2,0,0
köitma,alla,1,1,0,0
köitma,ette,1,1,0,0
köitma,läbi,1,1,0,0
köitma,ühte,1,1,0,0
kökerdama,,1,1,0,0
köksima,,1,1,0,0
köndima,,1,1,0,0
köndistuma,,1,1,0,0
könnima,,1,1,0,0
könnima,mööda,2,2,0,0
köögutama,all,1,1,0,0
kööpama,,1,1,0,0
kühmlema,,1,1,0,0
kühveldama,ees,1,1,0,0
kühveldama,kinni,1,1,0,0
kühveldama,üle,2,2,0,0
kükitama,peal,1,1,0,0
külastama,ilma,1,1,0,0
külastama,koos,1,1,0,0
külastama,läbi,1,1,0,0
külastama,vaja,1,1,0,0
külatstama,,1,1,0,0
külima,maha,1,1,0,0
küljes-lõgistama,,1,1,0,0
külmenema,edasi,1,1,0,0
külmetama,"eest, taga",1,1,0,0
külmetama,üle,1,1,0,0
külmetuma,kallal,1,1,0,0
külmuma,ilma,1,1,0,0
külmuma,lõhki,1,1,0,0
külmuma,pealt,1,1,0,0
külmuma,puruks,1,1,0,0
külmutama,valmis,1,1,0,0
külmutama,üle,1,1,0,0
küluma,ära,1,1,0,0
külvama,edasi,1,1,0,0
külvama,ilma,1,1,0,0
külvama,kõrvale,1,1,0,0
külvama,lahti,1,1,0,0
kündma,koos,1,1,0,0
kündma,ümber,1,1,0,0
künomorfiseerima,,2,2,0,0
küpsema,järele,1,1,0,0
küpsema,"välja, edasi",1,1,0,0
küpsetama,alt,1,1,0,0
küpsetama,tarvis,1,1,0,0
küpsetan-keetma,,1,1,0,0
küsiisima,,1,1,0,0
küsima,alles,1,1,0,0
küsima,esile,1,1,0,0
küsima,keskel,1,1,0,0
küsima,kinni,1,1,0,0
küsima,"kõrvalt, järele",1,1,0,0
küsima,lähedal,1,1,0,0
küsima,maha,1,1,0,0
küsima,sisse,3,3,0,0
küsima,valmis,2,2,0,0
küsima,võlgu,2,2,0,0
küsima,"üle, nõus",1,1,0,0
küsima,üles,1,1,0,0
küsin-vastama,,1,1,0,0
küsitama,juurde,1,1,0,0
küsitama,kohale,1,1,0,0
küsitlema,ühte,1,1,0,0
kütima,,1,1,0,0
kütkestama,üles,1,1,0,0
kütma,"all, üle",1,1,0,0
kütma,läbi,1,1,0,0
kütma,taga,1,1,0,0
kütma,"taga, üles",1,1,0,0
kütma,täis,1,1,0,0
küündima,edasi,1,1,0,0
küündima,lähedale,1,1,0,0
küündima,ringi,1,1,0,0
küünitama,eemale,1,1,0,0
küünitama,kaasa,1,1,0,0
küünitama,kohale,1,1,0,0
küünitama,maha,1,1,0,0
küünitama,tagant,1,1,0,0
küünitama,üle,1,1,0,0
küünituma,välja,3,3,0,0
küütlema,välja,1,1,0,0
l2hebkima,,1,1,0,0
l2henkima,,1,1,0,0
l2igima,,1,1,0,0
l6butsema,,1,1,0,0
l6unatama,,1,1,0,0
laaberdama,välja,1,1,0,0
laabuma,vaja,2,2,0,0
laabuma,üle,1,1,0,0
laadima,lahti,2,2,0,0
laagerdama,sekka,1,1,0,0
laagerduma,ära,1,1,0,0
laagima,,1,1,0,0
laakima,,1,1,0,0
laamendama,taga,2,2,0,0
laapima,,1,1,0,0
laastama,edasi,1,1,0,0
labisoiduma,,1,1,0,0
labitama,kaasa,1,1,0,0
ladenema,,1,1,0,0
ladisema,alla,1,1,0,0
ladistama,maha,1,1,0,0
laduma,kukile,1,1,0,0
laduma,mööda,1,1,0,0
laduma,pealt,1,1,0,0
laduma,püsti,1,1,0,0
laduma,taha,1,1,0,0
laekima,,1,1,0,0
laekuma,alla,3,3,0,0
laekuma,mööda,1,1,0,0
laekuma,vaja,1,1,0,0
laenama,"edasi, välja",1,1,0,0
laenama,läbi,2,2,0,0
laename-ostame-varastama,,1,1,0,0
laenuma,taga,1,1,0,0
lagastama,edasi,1,1,0,0
lagnetama,,1,1,0,0
laguma,laiali,1,1,0,0
lagundama,ära,3,3,0,0
lagunema,kokku,2,2,0,0
lagunema,maha,1,1,0,0
lagunema,tagasi,2,2,0,0
lagunema,valmis,1,1,0,0
lagunema,vastu,1,1,0,0
lagunema,välja,2,2,0,0
lahe-panema,edasi,1,1,0,0
lahedattoimuma,,1,1,0,0
lahendama,keskel,1,1,0,0
lahendama,lahti,1,1,0,0
lahendama,mood,1,1,0,0
lahendama,"ära, vaja",1,1,0,0
lahendama,ümber,1,1,0,0
lahenema,peale,1,1,0,0
lahistama,sisse,1,1,0,0
lahjkuma,,1,1,0,0
lahkama,lahti,1,1,0,0
lahkama,ära,1,1,0,0
lahkenema,,1,1,0,0
lahkluma,,1,1,0,0
lahknema,edasi,1,1,0,0
lahkuma,juurde,1,1,0,0
lahkuma,kõrvalt,2,2,0,0
lahkuma,laiali,1,1,0,0
lahkuma,nõus,1,1,0,0
lahkuma,pealt,1,1,0,0
lahkuma,püsti,1,1,0,0
lahkuma,salaja,1,1,0,0
lahkuma,vaja,1,1,0,0
lahkuma,üles,1,1,0,0
lahkume-või-leppima,,1,1,0,0
lahkuminevad-kattuma,,1,1,0,0
lahmama,alla,1,1,0,0
lahmama,ette,1,1,0,0
lahmama,sisse,1,1,0,0
lahmerdama,,2,2,0,0
lahmima,alla,1,1,0,0
lahmima,edasi,1,1,0,0
lahmima,kaasa,1,1,0,0
lahmima,lahti,2,2,0,0
lahmima,mööda,1,1,0,0
lahmima,peale,1,1,0,0
lahmima,täis,3,3,0,0
lahterdama,alla,1,1,0,0
lahtuma,lahti,1,1,0,0
lahtutama,,1,1,0,0
lahustama,lahti,1,1,0,0
lahustuma,koos,1,1,0,0
lahustuma,läbi,1,1,0,0
lahustuma,tagasi,1,1,0,0
lahutama,lahti,2,2,0,0
lahvatama,alt,1,1,0,0
lahvatama,esile,4,4,0,0
lahvatama,kinni,2,2,0,0
lahvatama,sisse,1,1,0,0
lahvatama,üle,1,1,0,0
lahverdama,,2,2,0,0
lahytama,,1,1,0,0
laiama,ees,1,1,0,0
laiatama,,1,1,0,0
laiduma,,1,1,0,0
laiendama,alles,1,1,0,0
laiendama,edasi,2,2,0,0
laiendanud-suurendama,,1,1,0,0
laieneb-muutuma,,1,1,0,0
laienema,"kaudu, edasi",1,1,0,0
laienema,kinni,1,1,0,0
laienema,külge,1,1,0,0
laiguma,,1,1,0,0
laima-sõimama,,1,1,0,0
lainetama,peale,1,1,0,0
lainetama,ümber,1,1,0,0
laiolema,,1,1,0,0
laisklema,edasi,1,1,0,0
laitma,"ette, maha",1,1,0,0
laiuma,edasi,1,1,0,0
laiuma,ees,1,1,0,0
laiuma,taga,1,1,0,0
laiuma,üle,1,1,0,0
laiuma,üles,1,1,0,0
laiutaks-laamendama,,1,1,0,0
laiutama,all,2,2,0,0
laiutama,kaasa,1,1,0,0
laiutama,kõrvalt,1,1,0,0
laiutama,läbi,1,1,0,0
laiutama,peal,1,1,0,0
laiutama,ringi,1,1,0,0
laiutama,tagasi,1,1,0,0
lajastama,,1,1,0,0
lajatama,kõrvale,1,1,0,0
lajatama,laiali,2,2,0,0
lajatama,mööda,4,4,0,0
lajatama,peale,3,3,0,0
lajatama,pihta,1,1,0,0
lakkama,kinni,1,1,0,0
lakkima,küüsi,1,1,0,0
lakkuma,edasi,2,2,0,0
lakkuma,"edasi, peale",1,1,0,0
lakkuma,otsa,1,1,0,0
lakkuma,"täis, kokku",1,1,0,0
lakkuma,vastu,1,1,0,0
lakkuma,"ära, lahku",1,1,0,0
laksama,alla,1,1,0,0
laksama,välja,1,1,0,0
laksatama,"peale, peal",1,1,0,0
laksatama,vastu,1,1,0,0
laksima,lahti,1,1,0,0
laksima,sisse,1,1,0,0
laksima,välja,1,1,0,0
laksima,üles,1,1,0,0
laksnuma,üle,1,1,0,0
lalisema,kaasa,2,2,0,0
lalisema,taga,1,1,0,0
lalisema,vahele,1,1,0,0
lamama,külili,1,1,0,0
lamama,ligi,1,1,0,0
lamama,otsa,2,2,0,0
lamama,täis,1,1,0,0
lamasklema,edasi,1,1,0,0
lametsema,,1,1,0,0
lamima,"välja, ära, ära",1,1,0,0
lamisema,edasi,1,1,0,0
lammutama,tagant,1,1,0,0
lammutama,"ära, laiali",1,1,0,0
lanatama,,1,1,0,0
langema,"alla, tagasi",1,1,0,0
langema,"edasi, kokku",1,1,0,0
langema,ilma,1,1,0,0
langema,juurde,1,1,0,0
langema,järele,2,2,0,0
langema,koha,1,1,0,0
langema,"kokku, juurde",1,1,0,0
langema,koos,3,3,0,0
langema,lahku,1,1,0,0
langema,"maha, tagasi",1,1,0,0
langema,mööda,1,1,0,0
langema,"ära, ümber",1,1,0,0
langema,üles,2,2,0,0
langetama,alla,2,2,0,0
langetama,"alla, tagasi",1,1,0,0
langetama,ees,1,1,0,0
langetama,ette,1,1,0,0
langetama,koos,1,1,0,0
langetama,lahti,1,1,0,0
langetama,ringi,1,1,0,0
langetavad-tõstma,,1,1,0,0
lanketama,,1,1,0,0
lantima,edasi,1,1,0,0
lantima,kinni,1,1,0,0
laotama,"ette, laiali",1,1,0,0
laotama,"ilma, laiali",1,1,0,0
laotama,tagasi,1,1,0,0
laotuma,kinni,2,2,0,0
laotuma,välja,1,1,0,0
laperdama,kinni,1,1,0,0
laperdama,ringi,1,1,0,0
laperdama,taga,1,1,0,0
laperdama,ümber,1,1,0,0
lappama,laiali,1,1,0,0
lappama,"läbi, välja",1,1,0,0
lappama,üle,1,1,0,0
lappama,üles,1,1,0,0
lappima,edasi,2,2,0,0
lappima,"ette, kinni",1,1,0,0
lapsestama,,1,1,0,0
lapsi-olema,,1,1,0,0
laratama,,1,1,0,0
larrima,,1,1,0,0
lashuma,,1,1,0,0
laskma,all,1,1,0,0
laskma,"alla, peale",1,1,0,0
laskma,"alla, sisse",1,1,0,0
laskma,"alla, tagasi",10,10,0,0
laskma,"edasi, ringi",1,1,0,0
laskma,"edasi, välja",1,1,0,0
laskma,"ilma, edasi",1,1,0,0
laskma,järgi,1,1,0,0
laskma,keskele,1,1,0,0
laskma,"kinni, tagasi",1,1,0,0
laskma,"kokku, tagasi",2,2,0,0
laskma,loha,1,1,0,0
laskma,"läbi, kokku",1,1,0,0
laskma,"läbi, rahul",1,1,0,0
laskma,"maha, peale, tagasi",1,1,0,0
laskma,"maha, tagasi",1,1,0,0
laskma,"otsa, lahti",1,1,0,0
laskma,"peale, alla",1,1,0,0
laskma,"peale, maha",1,1,0,0
laskma,"peale, tagasi",1,1,0,0
laskma,"peale, välja",1,1,0,0
laskma,pooleli,1,1,0,0
laskma,pärast,1,1,0,0
laskma,"ringi, läbi",1,1,0,0
laskma,sirgu,1,1,0,0
laskma,"sisse, tagasi",1,1,0,0
laskma,"tagasi, lahti",1,1,0,0
laskma,takka,1,1,0,0
laskma,"ära, lahti",2,2,0,0
laskma,"üles, tagasi",1,1,0,0
laskuma,all,1,1,0,0
laskuma,"ette, maha",1,1,0,0
laskuma,järele,1,1,0,0
laskuma,kallale,1,1,0,0
laskuma,käpuli,1,1,0,0
laskuma,ringi,1,1,0,0
laskuma,sisse,1,1,0,0
lasnkuma,,1,1,0,0
lasnuma,sisse,1,1,0,0
lasnuma,täis,1,1,0,0
lasnuma,ära,1,1,0,0
lastima,maha,2,2,0,0
lastima,täis,1,1,0,0
lasuma,ees,1,1,0,0
latiniseerima,,1,1,0,0
latrama,"ette, ära",1,1,0,0
latrama,ära,1,1,0,0
latsatama,maha,1,1,0,0
lauatama,,1,1,0,0
lauduma,,1,1,0,0
lauglema,peale,1,1,0,0
laulab-luulendama,,1,1,0,0
laulma,alles,1,1,0,0
laulma,alt,1,1,0,0
laulma,"ilma, koos",1,1,0,0
laulma,"ilma, tagasi",1,1,0,0
laulma,järel,1,1,0,0
laulma,"koos, ära",1,1,0,0
laulma,kusjuures,1,1,0,0
laulma,lähedal,1,1,0,0
laulma,tarvis,1,1,0,0
laulma,vahele,2,2,0,0
laulma,vaja,1,1,0,0
laulma,"ära, ära",1,1,0,0
lausdoteerima,,1,1,0,0
lausestama,,1,1,0,0
lausima,,1,1,0,0
lausima,järele,1,1,0,0
lausuma,täis,1,1,0,0
lausvaletama,,1,1,0,0
lavastama,peale,1,1,0,0
lavastama,pärast,1,1,0,0
lavastama,valmis,1,1,0,0
laveerima,ringi,1,1,0,0
laxima,sisse,1,1,0,0
leatuma,,1,1,0,0
lebama,asemel,1,1,0,0
lebama,ees,1,1,0,0
lebama,ilma,1,1,0,0
lebama,kaasa,1,1,0,0
lebama,koos,2,2,0,0
lebama,ringi,1,1,0,0
lebama,sees,1,1,0,0
lebotama,edasi,2,2,0,0
lednuma,,2,2,0,0
leebus-õrnuma,,1,1,0,0
leeduma,maha,1,1,0,0
leegitsema,"alt, üles",1,1,0,0
leegitsema,kokku,1,1,0,0
leelotama,kaasa,1,1,0,0
leelotama,mööda,1,1,0,0
leetima,,1,1,0,0
leetuma,ära,1,1,0,0
leevandama,,1,1,0,0
leevendama,kokku,1,1,0,0
leevendama,ära,1,1,0,0
leftima,,1,1,0,0
legima,sees,1,1,0,0
lehenema,,1,1,0,0
lehitsema,eest,1,1,0,0
lehkuma,,1,1,0,0
lehvima,all,1,1,0,0
lehvima,üles,1,1,0,0
lehvisid-leegitsema,,1,1,0,0
lehvitama,ees,1,1,0,0
lehvitama,läbi,1,1,0,0
lehvitama,pärast,1,1,0,0
lehvitama,ringi,2,2,0,0
lehvitama,tagasi,2,2,0,0
lehvitama,täis,1,1,0,0
lehvitama,ära,2,2,0,0
lehvitama,"üle, välja",1,1,0,0
lehvitama,"üles, alla",1,1,0,0
leidma,"alla, peale",1,1,0,0
leidma,"edasi, kõrvale",1,1,0,0
leidma,ette,3,3,0,0
leidma,"ette, üles",1,1,0,0
leidma,"ilma, üles",1,1,0,0
leidma,järele,1,1,0,0
leidma,"kaasas, üles",1,1,0,0
leidma,kohal,1,1,0,0
leidma,koht,1,1,0,0
leidma,kusjuures,1,1,0,0
leidma,laiali,2,2,0,0
leidma,pooleli,1,1,0,0
leidma,sees,2,2,0,0
leidma,"üles, vaja",2,2,0,0
leidruma,,1,1,0,0
leidsikkima,,1,1,0,0
leiduma,esile,1,1,0,0
leiduma,ette,1,1,0,0
leiduma,hambusse,1,1,0,0
leiduma,ilma,2,2,0,0
leiduma,keskel,1,1,0,0
leiduma,koht,1,1,0,0
leiduma,koos,1,1,0,0
leiduma,kõrvalt,1,1,0,0
leiduma,läbi,2,2,0,0
leiduma,maha,1,1,0,0
leiduma,nõus,1,1,0,0
leiduma,ringi,1,1,0,0
leiduma,"sees, ära",1,1,0,0
leiduma,sekka,1,1,0,0
leiduma,tarvis,1,1,0,0
leiduma,valmis,1,1,0,0
leiduma,ära,3,3,0,0
leiduma,ümber,1,1,0,0
leiidima,,1,1,0,0
leilitama,alla,1,1,0,0
leinama,ette,1,1,0,0
leinama,kaasa,1,1,0,0
leindkima,üles,1,1,0,0
leisima,,2,2,0,0
leitcima,,1,1,0,0
leitima,pealt,1,1,0,0
leitsima,üles,1,1,0,0
leituma,,1,1,0,0
leiutama,ilma,1,1,0,0
leiutama,kaasas,1,1,0,0
leiutama,kokku,2,2,0,0
leiutama,peale,1,1,0,0
leiutama,vahele,1,1,0,0
leiutama,vaja,1,1,0,0
leiutama,valmis,1,1,0,0
leiutama,vastu,1,1,0,0
leiutanud-patenteerima,,1,1,0,0
leksima,,2,2,0,0
lemama,,1,1,0,0
lendad-lendama,,1,1,0,0
lendama,"alla, tagasi",1,1,0,0
lendama,"alt, läbi",1,1,0,0
lendama,"edasi, peale",1,1,0,0
lendama,ilma,2,2,0,0
lendama,kallale,4,4,0,0
lendama,keskele,1,1,0,0
lendama,käpuli,1,1,0,0
lendama,"kõrvale, maha",1,1,0,0
lendama,"kõrvalt, läbi",1,1,0,0
lendama,lähedal,1,1,0,0
lendama,"maha, vastu",1,1,0,0
lendama,"peale, ilma",1,1,0,0
lendama,sees,1,1,0,0
lendama,"sisse, välja",2,2,0,0
lendama,"tagant, välja",1,1,0,0
lendama,"tagasi, peale",1,1,0,0
lendama,"tagasi, vaja",1,1,0,0
lendama,"välja, vastu",1,1,0,0
lendlema,tagasi,1,1,0,0
lendlema,ära,1,1,0,0
lendlema,üle,1,1,0,0
lendsima,,1,1,0,0
lenduma,nõus,1,1,0,0
lenkomnatama,,1,1,0,0
lennutama,esile,1,1,0,0
lennutama,kokku,1,1,0,0
lennutama,pihta,1,1,0,0
lennutama,vaja,1,1,0,0
leoduma,,1,1,0,0
leotama,välja,1,1,0,0
leotama,üle,1,1,0,0
lepima,ära,3,3,0,0
lepituma,,1,1,0,0
lepotama,,1,1,0,0
leppima,"ette, kokku",1,1,0,0
leppima,"kokku, lahti",1,1,0,0
lesima,läbi,1,1,0,0
lettima,,1,1,0,0
levima,all,1,1,0,0
levima,järele,1,1,0,0
levima,koos,2,2,0,0
levima,mööda,1,1,0,0
levima,peale,1,1,0,0
levima,tarvis,1,1,0,0
levima,vaja,1,1,0,0
levima,üles,2,2,0,0
levitama,juurde,1,1,0,0
levitama,välja,1,1,0,0
libahtama,,1,1,0,0
libastuma,alla,1,1,0,0
libastuma,vaja,1,1,0,0
liberiensima,,1,1,0,0
libisema,"alla, tagasi",1,1,0,0
libisema,"ees, üle",1,1,0,0
libisema,juurde,1,1,0,0
libisema,järel,1,1,0,0
libisema,kaasa,1,1,0,0
libisema,peale,4,4,0,0
libisema,taga,1,1,0,0
libisema,taha,2,2,0,0
libisema,vahele,1,1,0,0
libisesid-pidama,,4,4,0,0
libistama,kaasa,1,1,0,0
libistama,kõrvale,1,1,0,0
libistama,laiali,1,1,0,0
libistama,üles,1,1,0,0
lideerima,,1,1,0,0
lidisema,ringi,1,1,0,0
lidistama,,1,1,0,0
liduma,"alt, üles",1,1,0,0
liduma,"eest, ära",1,1,0,0
liduma,üles,3,3,0,0
lieduma,,1,1,0,0
liffima,,1,1,0,0
ligunema,sees,2,2,0,0
lihnema,,1,1,0,0
lihtlabastama,,2,2,0,0
lihtsustama,edasi,1,1,0,0
lihtsustuma,sisse,1,1,0,0
liialdama,üle,2,2,0,0
liibuma,eest,1,1,0,0
liibuma,"kaasa, edasi",1,1,0,0
liidlema,,2,2,0,0
liigendama,ära,1,1,0,0
liigestuma,,1,1,0,0
liigima,,3,3,0,0
liigitama,edasi,1,1,0,0
liigitama,"ette, ära",1,1,0,0
liigutama,"edasi, tagasi",2,2,0,0
liigutama,ette,1,1,0,0
liigutama,kaasa,2,2,0,0
liigutama,kinni,1,1,0,0
liigutama,kohale,1,1,0,0
liigutama,lahku,1,1,0,0
liigutama,sees,1,1,0,0
liigutama,taga,1,1,0,0
liigutama,tarvis,1,1,0,0
liigutama,vaja,1,1,0,0
liigutama,"üles, alla",2,2,0,0
liiguvad-liiklema,,1,1,0,0
liikima,,1,1,0,0
liikuma,"all, ringi",1,1,0,0
liikuma,"alla, tagasi",1,1,0,0
liikuma,"alt, ära, edasi",1,1,0,0
liikuma,"edasi, edasi",1,1,0,0
liikuma,"edasi, valmis",1,1,0,0
liikuma,"eemale, läbi",1,1,0,0
liikuma,"kaasa, välja",1,1,0,0
liikuma,kaudu,1,1,0,0
liikuma,keskel,2,2,0,0
liikuma,kohal,1,1,0,0
liikuma,"koos, läbi",1,1,0,0
liikuma,külge,1,1,0,0
liikuma,peal,2,2,0,0
liikuma,"ringi, kaasas",1,1,0,0
liikuma,suhtes,1,1,0,0
liikuma,"tagasi, alla, välja",1,1,0,0
liikuma,teps,1,1,0,0
liikuma,"vastu, otsa",1,1,0,0
liikuma,"välja, sisse",1,1,0,0
liikuma,"ära, ringi",1,1,0,0
liikuma,"ära, tagasi",1,1,0,0
liikuma,"üles, kõrvale",1,1,0,0
liikuma,"üles, välja",1,1,0,0
liimima,"kokku, ära",1,1,0,0
liimima,sisse,1,1,0,0
liimima,tagasi,1,1,0,0
liimima,vaja,1,1,0,0
liimitama,,1,1,0,0
liipama,eemale,1,1,0,0
liipama,järel,1,1,0,0
liipama,kaasa,1,1,0,0
liisima,tagasi,1,1,0,0
liisima,välja,1,1,0,0
liitma,"alla, kokku",1,1,0,0
liitma,"kokku, vastu",1,1,0,0
liitma,välja,1,1,0,0
liituma,all,1,1,0,0
liituma,juurde,2,2,0,0
liituma,lahti,1,1,0,0
liituma,rahul,1,1,0,0
liivastuma,,1,1,0,0
liivatama,ees,1,1,0,0
liivatama,ära,1,1,0,0
likvideerima,üle,1,1,0,0
limama,,1,1,0,0
limpima,kaasa,1,1,0,0
limpsama,välja,2,2,0,0
limpsama,ära,1,1,0,0
limpsima,kõrvale,1,1,0,0
limpsima,pealt,1,1,0,0
limpsima,pärast,1,1,0,0
limpsima,üle,1,1,0,0
limuma,,1,1,0,0
linastuma,kinni,1,1,0,0
linastuma,tagasi,1,1,0,0
lindistama,"taga, vahele",1,1,0,0
lingatama,,1,1,0,0
linkima,edasi,1,1,0,0
linkima,sisse,1,1,0,0
linkuma,,1,1,0,0
lipendama,kaasa,1,1,0,0
lipendama,taga,1,1,0,0
lipolüüsuma,,1,1,0,0
lippama,"edasi, tagasi",1,1,0,0
lippama,koha,1,1,0,0
lippama,kokku,2,2,0,0
lippama,kõrvale,1,1,0,0
lippama,"ringi, kaasa",1,1,0,0
lippama,"üles, tagasi",1,1,0,0
lippuma,,1,1,0,0
lipputama,,1,1,0,0
lipsama,sekka,3,3,0,0
lipsustama,,1,1,0,0
liputama,edasi,1,1,0,0
liputama,ringi,1,1,0,0
liputama,välja,1,1,0,0
liristama,ette,1,1,0,0
lisama,alles,1,1,0,0
lisama,juures,1,1,0,0
lisama,kohal,1,1,0,0
lisama,koos,1,1,0,0
lisama,pealt,1,1,0,0
lisama,poolt,1,1,0,0
lisama,pärast,1,1,0,0
lisama,taha,1,1,0,0
lisama,üles,1,1,0,0
lisama,ümber,1,1,0,0
lisanduma,ilma,1,1,0,0
lisanduma,"juurde, välja",1,1,0,0
lisanduma,vast,1,1,0,0
lisanduma,ära,1,1,0,0
listima,läbi,2,2,0,0
listuma,,1,1,0,0
lithnema,,1,1,0,0
litsema,,1,1,0,0
litsentsima,sees,2,2,0,0
litslema,,1,1,0,0
litsuma,edasi,2,2,0,0
litsuma,kõrvale,1,1,0,0
litsuma,laiali,1,1,0,0
litsuma,vastu,1,1,0,0
littima,edasi,1,1,0,0
littima,ära,1,1,0,0
littlema,sees,1,1,0,0
liuglema,allapoole,1,1,0,0
liuglema,eest,1,1,0,0
liuglema,tagasi,1,1,0,0
liuglema,üle,2,2,0,0
lizuma,,1,1,0,0
lkeerlema,,1,1,0,0
lkäksima,,1,1,0,0
lkõpetama,,1,1,0,0
llahkuma,,1,1,0,0
lnogima,,1,1,0,0
loatima,ära,3,3,0,0
lobeerittima,,1,1,0,0
lobisema,taga,1,1,0,0
lobisema,"ära, välja",1,1,0,0
lobistama,otsa,1,1,0,0
lobustama,,1,1,0,0
lobustuma,,1,1,0,0
loe-vaata-kuulama,,1,1,0,0
loeb-rääkima,,1,1,0,0
loeb-vastab-vahetama,,1,1,0,0
loeme-kuulama,,1,1,0,0
loeme-rääkima,,1,1,0,0
loen-kuulma,,2,2,0,0
loen-uurin-otsima,edasi,1,1,0,0
loendama,alla,1,1,0,0
loendama,edasi,1,1,0,0
loendama,välja,1,1,0,0
loeng-etenduma,,1,1,0,0
loetlema,juurde,1,1,0,0
loetud-nähtuma,,1,1,0,0
loevad-kirjutama,,1,1,0,0
loevad-kuulama,,1,1,0,0
logima,läbi,1,1,0,0
logima,"sisse, edasi",1,1,0,0
logima,"sisse, kaudu",1,1,0,0
logima,"sisse, sisse",1,1,0,0
logima,vaja,1,1,0,0
logima,ära,1,1,0,0
logisema,järele,1,1,0,0
logisema,sees,1,1,0,0
logisema,tagasi,1,1,0,0
logistama,ringi,1,1,0,0
logistama,välja,1,1,0,0
lohetama,,1,1,0,0
lohisema,alates,1,1,0,0
lohisema,all,1,1,0,0
lohisema,kohale,1,1,0,0
lohisema,kõrvale,1,1,0,0
lohisema,ringi,1,1,0,0
lohistama,alla,2,2,0,0
lohistama,"edasi, tagasi",1,1,0,0
lohistama,ette,1,1,0,0
lohistama,valmis,2,2,0,0
lohutama,koos,1,1,0,0
loivama,edasi,1,1,0,0
loivama,eemale,1,1,0,0
loivama,järel,1,1,0,0
loivama,läbi,1,1,0,0
loivama,tagasi,1,1,0,0
loivama,ära,1,1,0,0
lokeerima,,1,1,0,0
lokkama,üle,1,1,0,0
lokkima,ära,1,1,0,0
loksuma,taga,1,1,0,0
loksuma,valmis,1,1,0,0
loksuma,üles,1,1,0,0
loksusid-rippuma,,1,1,0,0
loksutama,ilma,1,1,0,0
loksutama,tagasi,1,1,0,0
lollitama,koos,1,1,0,0
lollitama,ringi,1,1,0,0
lollitama,välja,1,1,0,0
lollotama,,1,1,0,0
lominaatima,,1,1,0,0
lonkama,pärast,1,1,0,0
lonkama,sisse,1,1,0,0
lonkama,taga,1,1,0,0
lonkama,vastu,1,1,0,0
lonkama,üles,1,1,0,0
lonkima,juurde,1,1,0,0
lonkima,kaasa,1,1,0,0
lonkima,kohale,2,2,0,0
lonkima,lähedal,1,1,0,0
lonkima,sisse,2,2,0,0
lonkima,ümber,1,1,0,0
lonksutama,ees,1,1,0,0
loobduma,,1,1,0,0
loobuma,järel,1,1,0,0
loobuma,kaasa,1,1,0,0
loobuma,mööda,1,1,0,0
loobuma,vahel,1,1,0,0
loobuma,valmis,1,1,0,0
loobuma,üle,1,1,0,0
loodame-eeldama,,1,1,0,0
looderdama,ringi,1,1,0,0
loojahoopima,,1,1,0,0
lookima,,1,1,0,0
looklema,edasi,2,2,0,0
looklema,eemale,1,1,0,0
looklema,ringi,1,1,0,0
looma,"alla, laiali",1,1,0,0
looma,"alla, tagasi",1,1,0,0
looma,"alt, üles",1,1,0,0
looma,heaks,1,1,0,0
looma,"kinni, tagasi",1,1,0,0
looma,kohale,1,1,0,0
looma,na,1,1,0,0
looma,"puruks, ära",1,1,0,0
looma,raudu,1,1,0,0
looma,"tagant, välja",1,1,0,0
looma,"tagasi, läbi",1,1,0,0
looma,"ära, ära",1,1,0,0
looma,"üle, kokku",1,1,0,0
loopima,"alt, mööda",1,1,0,0
loopima,esile,1,1,0,0
loopima,katki,1,1,0,0
loopima,tagant,1,1,0,0
loopima,vahele,1,1,0,0
looppima,,2,2,0,0
lootcima,,1,1,0,0
lootis-uskuma,,1,1,0,0
lootma,alla,1,1,0,0
lootma,kaasa,1,1,0,0
lootma,kohale,3,3,0,0
lootma,maha,3,3,0,0
lootma,rahul,1,1,0,0
lootma,vahele,1,1,0,0
lootusestuma,,1,1,0,0
loovima,edasi,1,1,0,0
loovima,järele,1,1,0,0
loovima,kõrvale,1,1,0,0
loovutama,edasi,1,1,0,0
loovutama,ette,1,1,0,0
loovutama,valmis,1,1,0,0
loovutama,välja,1,1,0,0
loovutanud-kinkima,,1,1,0,0
lopendama,järel,1,1,0,0
loputama,kohal,1,1,0,0
loputama,peale,1,1,0,0
loputama,valmis,1,1,0,0
lovima,,1,1,0,0
lubama,eemal,1,1,0,0
lubama,lähedale,1,1,0,0
lubama,plehku,1,1,0,0
lubama,püsti,1,1,0,0
lubama,vahel,1,1,0,0
lubama,valla,1,1,0,0
lubama,ümber,1,1,0,0
lubjatama,,1,1,0,0
lubluma,,1,1,0,0
ludistama,läbi,1,1,0,0
ludistama,maha,1,1,0,0
luegsima,välja,1,1,0,0
lugema,algama,1,1,0,0
lugema,all,3,3,0,0
lugema,"alla, üles",1,1,0,0
lugema,"alt, üles",1,1,0,0
lugema,"edasi, üles",1,1,0,0
lugema,peksma,1,1,0,0
lugema,poolt,4,4,0,0
lugema,"tagasi, läbi",1,1,0,0
lugema,vaja,1,1,0,0
lugema,"välja, alla",1,1,0,0
lugema,"ära, edasi",1,1,0,0
lugema,"ära, kokku",1,1,0,0
lugema,"ära, välja",1,1,0,0
lugema,"üle, alla",1,1,0,0
lugemis-salvestuma,,1,1,0,0
lugnuma,,1,1,0,0
luguma,,1,1,0,0
luhendama,,1,1,0,0
luhtama,vastu,1,1,0,0
luhtuma,kokku,1,1,0,0
luiglema,,1,1,0,0
luigutama,edasi,1,1,0,0
luiskama,edasi,1,1,0,0
luiskama,ette,1,1,0,0
luiskama,sisse,2,2,0,0
luiskama,täis,1,1,0,0
luiskama,ära,2,2,0,0
lulima,,1,1,0,0
lumelauatama,alla,1,1,0,0
lummama,vast,1,1,0,0
lummutama,,1,1,0,0
lunima,püsti,1,1,0,0
lupjuma,ära,1,1,0,0
lupsama,sisse,4,4,0,0
luristama,alla,2,2,0,0
lurtsama,,1,1,0,0
lurvastama,,1,1,0,0
lustima,koos,1,1,0,0
lutsutama,üle,1,1,0,0
luuetama,,1,1,0,0
luuletama,edasi,3,3,0,0
luuletama,üle,1,1,0,0
luuletama,ümber,1,1,0,0
luurima,ringi,3,3,0,0
luurima,ümber,1,1,0,0
luvima,,1,1,0,0
lvalima,,1,1,0,0
lyhendama,,1,1,0,0
lyhistama,,1,1,0,0
lykkama,kokku,1,1,0,0
lykkama,peale,1,1,0,0
lykkama,välja,1,1,0,0
lykkama,ära,2,2,0,0
lykkanlükkama,"sisse, välja",1,1,0,0
lylitama,"kinni, lahti, vaja",1,1,0,0
lypsnuma,,1,1,0,0
lypstuma,kuivama,1,1,0,0
läbi-elatuma,,1,1,0,0
läbilõigatama,,1,1,0,0
läbima,ees,1,1,0,0
läbima,kaldu,1,1,0,0
läbima,peale,3,3,0,0
läbima,poolt,1,1,0,0
läbima,rahul,1,1,0,0
läbima,tänu,1,1,0,0
lägastuma,,1,1,0,0
lähedus-kauguma,,1,1,0,0
lähendama,pealt,1,1,0,0
lähenema,alt,1,1,0,0
lähenema,krapsti,1,1,0,0
lähenema,maha,1,1,0,0
lähenema,peale,2,2,0,0
lähenema,välja,2,2,0,0
lähenema,üles,1,1,0,0
lähgima,,1,1,0,0
lähtub-nähtuma,,1,1,0,0
lähtuma,esile,1,1,0,0
lähtuma,ette,1,1,0,0
lähtuma,järele,1,1,0,0
lähtuma,valmis,1,1,0,0
lähtutatama,,1,1,0,0
läiduma,,1,1,0,0
läigatama,peale,1,1,0,0
läikima,edasi,1,1,0,0
läindgima,,1,1,0,0
läindkima,lahti,1,1,0,0
läindkima,tarvis,1,1,0,0
läindkima,välja,1,1,0,0
läindkima,ära,1,1,0,0
läinnuma,,1,1,0,0
läinud-leidma,,1,1,0,0
läituma,,1,1,0,0
läkastuma,,1,1,0,0
läkitama,ette,1,1,0,0
läkitama,järele,2,2,0,0
läkitama,kohale,1,1,0,0
läkitama,otsa,1,1,0,0
läkitama,välja,1,1,0,0
läkitama,üles,1,1,0,0
lällerdama,edasi,1,1,0,0
lällutama,edasi,1,1,0,0
lällutama,kaasa,1,1,0,0
lällutama,"tagant, vastu",1,1,0,0
lämbuma,sees,1,1,0,0
lämisema,kaasa,1,1,0,0
lännuma,edasi,1,1,0,0
läpatama,peale,1,1,0,0
lärahtama,,1,1,0,0
lärmama,välja,2,2,0,0
lärtsutama,ära,1,1,0,0
läteõnautima,,1,1,0,0
lätrama,ette,1,1,0,0
lätsuma,,1,1,0,0
läxkima,,1,1,0,0
läxsima,,3,3,0,0
lääduma,sisse,1,1,0,0
lääfima,,1,1,0,0
läägima,tagasi,1,1,0,0
lääguma,,1,1,0,0
lôhutuma,,1,1,0,0
lõbima,,1,1,0,0
lõbulendama,,1,1,0,0
lõbustama,edasi,1,1,0,0
lõbustama,kokku,1,1,0,0
lõbustama,välja,2,2,0,0
lõbytsema,,1,1,0,0
lõdventatama,,1,1,0,0
lõhestama,edasi,1,1,0,0
lõhestama,kokku,1,1,0,0
lõhestuma,koos,1,1,0,0
lõhestuma,välja,1,1,0,0
lõhkama,lähedal,1,1,0,0
lõhkema,lähedal,1,1,0,0
lõhkema,ära,1,1,0,0
lõhkuma,ilma,1,1,0,0
lõhkuma,"kokku, ära",1,1,0,0
lõhkuma,otsas,2,2,0,0
lõhkuma,tagasi,2,2,0,0
lõhkuma,ümber,1,1,0,0
lõhkus-laamendama,,1,1,0,0
lõhkusid-rüüstama,,1,1,0,0
lõhnastama,juurde,1,1,0,0
lõhnastama,üle,1,1,0,0
lõhverdama,,3,3,0,0
lõid-lööma,,1,1,0,0
lõiganud-värvima,,1,1,0,0
lõigtuma,,1,1,0,0
lõigustama,,1,1,0,0
lõigutama,,1,1,0,0
lõikama,edasi,1,1,0,0
lõikama,juurde,2,2,0,0
lõikama,keskele,1,1,0,0
lõikama,"kinni, lahti",1,1,0,0
lõikama,"koos, lahti",1,1,0,0
lõikama,"kõrvalt, välja",1,1,0,0
lõikama,"maha, otsa",1,1,0,0
lõikama,"maha, välja",1,1,0,0
lõikama,"maha, ära",1,1,0,0
lõikama,manu,1,1,0,0
lõikama,nahka,2,2,0,0
lõikama,pärast,1,1,0,0
lõikama,"ringi, välja, sisse",1,1,0,0
lõikama,tagant,1,1,0,0
lõikama,"välja, pärast",1,1,0,0
lõikama,võidu,1,1,0,0
lõikuma,sisse,3,3,0,0
lõikuma,valmis,1,1,0,0
lõimima,läbi,2,2,0,0
lõimuma,ära,1,1,0,0
lõkkama,kokku,1,1,0,0
lõksustama,,1,1,0,0
lõksutama,lahti,1,1,0,0
lõmmutama,,1,1,0,0
lõnksuma,edasi-tagasi,1,1,0,0
lõnkuma,ringi,2,2,0,0
lõpestama,,1,1,0,0
lõpetama,millalgi,1,1,0,0
lõpetama,peal,1,1,0,0
lõpetama,"ringi, ringi",1,1,0,0
lõpetama,vaja,1,1,0,0
lõpetama,üles,1,1,0,0
lõpetama,ümber,1,1,0,0
lõpma,edasi,1,1,0,0
lõpma,"edasi, ära",1,1,0,0
lõpma,läbi,1,1,0,0
lõppema,all,1,1,0,0
lõppema,"alt, ära",1,1,0,0
lõppema,"edasi, ära",1,1,0,0
lõppema,"ees, ära",1,1,0,0
lõppema,kokku,1,1,0,0
lõppema,moodi,1,1,0,0
lõppema,mööda,1,1,0,0
lõppema,puruks,1,1,0,0
lõppema,tarvis,1,1,0,0
lõppema,täis,1,1,0,0
lõppema,vaja,1,1,0,0
lõppetama,ära,1,1,0,0
lõppima,lahti,1,1,0,0
lõppriimuma,,1,1,0,0
lõrisema,järele,1,1,0,0
lõugama,otsas,1,1,0,0
lõugama,tagasi,1,1,0,0
lõugama,ära,1,1,0,0
lõõduma,maha,1,1,0,0
lõõgatuma,,1,1,0,0
lõõnuma,,1,1,0,0
lõõpbima,,1,1,0,0
lõõpima,kõrvalt,1,1,0,0
lõõritama,kaasa,2,2,0,0
lõõritama,maha,1,1,0,0
lõõritama,ära,1,1,0,0
lõõskama,peale,1,1,0,0
lõõtsatama,,1,1,0,0
lõööduma,,1,1,0,0
lömitama,peale,1,1,0,0
lömitama,võlgu,1,1,0,0
löngerdama,,1,1,0,0
löntsima,välja,1,1,0,0
lörtsatama,välja,1,1,0,0
lötutama,,1,1,0,0
lööberdama,välja,1,1,0,0
lööma,all,1,1,0,0
lööma,"alla, tagasi",1,1,0,0
lööma,alles,2,2,0,0
lööma,"ette, üles",1,1,0,0
lööma,järel,1,1,0,0
lööma,kaasas,1,1,0,0
lööma,koos,2,2,0,0
lööma,"koos, püsti",1,1,0,0
lööma,krampi,1,1,0,0
lööma,"läbi, peale",1,1,0,0
lööma,lähedal,1,1,0,0
lööma,maoli,1,1,0,0
lööma,pea,1,1,0,0
lööma,"pealt, läbi",1,1,0,0
lööma,"pealt, ära",1,1,0,0
lööma,pingule,1,1,0,0
lööma,põmdi,1,1,0,0
lööma,"sisse, lahti",1,1,0,0
lööma,"tagasi, ära",1,1,0,0
lööma,vaja,1,1,0,0
lööma,"vastu, külge",1,1,0,0
lööma,"vastu, mööda",1,1,0,0
lööma,"vastu, ära",4,4,0,0
lööma,"välja, välja",1,1,0,0
lööma,ylema,1,1,0,0
lööma,"ära, külge",1,1,0,0
lööma,"ära, maha",1,1,0,0
lööma,"ära, vastu",1,1,0,0
lööma,ühte,1,1,0,0
löömima,,2,2,0,0
lühendama,edasi,1,1,0,0
lükkama,"edasi, kõrvale",1,1,0,0
lükkama,"edasi, välja",1,1,0,0
lükkama,"ette, ümber",1,1,0,0
lükkama,"ilma, edasi",1,1,0,0
lükkama,"ilma, tagasi",1,1,0,0
lükkama,kaldu,1,1,0,0
lükkama,kõhuli,1,1,0,0
lükkama,"lahti, kinni",1,1,0,0
lükkama,"peale, tagasi",1,1,0,0
lükkama,"pealt, kinni",1,1,0,0
lükkama,"rahule, tagasi",1,1,0,0
lükkama,"sees, lahti",1,1,0,0
lükkama,sirgu,1,1,0,0
lükkama,"sisse, alt",1,1,0,0
lükkama,"sisse, tagasi",1,1,0,0
lükkama,"tagasi, edasi",1,1,0,0
lükkama,tahtma,1,1,0,0
lükkama,täis,1,1,0,0
lükkama,"vaja, ümber",1,1,0,0
lükkama,"ära, tagasi",1,1,0,0
lükkama,õlule,1,1,0,0
lükkasid-tõmbama,,1,1,0,0
lükkima,edasi,1,1,0,0
lükkima,juurde,1,1,0,0
lükkima,kokku,1,1,0,0
lükkima,otsa,1,1,0,0
lükkima,tagasi,1,1,0,0
lükkima,vahele,1,1,0,0
lükkuma,eemale,1,1,0,0
lükkuma,kohale,1,1,0,0
lükkuma,peale,1,1,0,0
lükkuma,"välja, edasi",1,1,0,0
lülitadeshakkama,,1,1,0,0
lülitama,alla,2,2,0,0
lülitama,alles,1,1,0,0
lülitama,ilma,1,1,0,0
lülitama,läbi,1,1,0,0
lülitama,"läbi, välja",1,1,0,0
lülitama,"sisse, tagasi, välja",1,1,0,0
lülitama,"tagasi, sisse",1,1,0,0
lülitama,"välja, tagasi",2,2,0,0
lülitama,"välja, vastu",1,1,0,0
lülitama,"välja, välja",1,1,0,0
lülitama,"üle, välja",1,1,0,0
lülituma,kinni,1,1,0,0
lülituma,"peale, välja",1,1,0,0
lülituma,"pärast, juurde",1,1,0,0
lülituma,"sisse, välja",2,2,0,0
lüllitama,välja,1,1,0,0
lüpsma,edasi,4,4,0,0
lüpsma,läbi,1,1,0,0
lüpsma,maha,1,1,0,0
lürpima,püsti,1,1,0,0
lürpima,sisse,2,2,0,0
lüüdima,sisse,1,1,0,0
m2rkasima,,1,1,0,0
m6istatama,,2,2,0,0
m6istsima,,2,2,0,0
m6klesima,,1,1,0,0
m6leduma,,2,2,0,0
m6lesima,,1,1,0,0
m6ndagima,,1,1,0,0
m6telssima,,1,1,0,0
maadlema,alla,2,2,0,0
maadlema,koos,1,1,0,0
maadlema,läbi,2,2,0,0
maadlema,tarvis,1,1,0,0
maadlema,üle,1,1,0,0
maailma-esilinastuma,,1,1,0,0
maailmalõpu-stiilima,,1,1,0,0
maailmastuma,,3,3,0,0
maakima,juurde,1,1,0,0
maalib-joonistama,,1,1,0,0
maalima,kinni,1,1,0,0
maalima,taga,1,1,0,0
maalima,ümber,1,1,0,0
maanduma,alles,1,1,0,0
maanduma,edasi,1,1,0,0
maanduma,eemale,1,1,0,0
maanduma,keskel,1,1,0,0
maanduma,kinni,1,1,0,0
maanduma,kohal,1,1,0,0
maanduma,maha,2,2,0,0
maanduma,sisse,2,2,0,0
maanduma,"tagant, otsa",1,1,0,0
maanduma,vahele,1,1,0,0
maanduma,ära,1,1,0,0
maarima,,1,1,0,0
maasuma,,1,1,0,0
macrouruma,,1,1,0,0
madandama,,1,1,0,0
madistama,edasi,2,2,0,0
madistama,mööda,1,1,0,0
madistama,ringi,1,1,0,0
maeisaama,,1,1,0,0
maeiteamima,,1,1,0,0
maeratama,,1,1,0,0
maetima,,1,1,0,0
magama,alla,1,1,0,0
magama,eel,1,1,0,0
magama,järele,1,1,0,0
magama,"läbi, «",1,1,0,0
magama,lääbakil,1,1,0,0
magama,"maha, sisse",2,2,0,0
magama,peal,3,3,0,0
magama,ringi,1,1,0,0
magama,tarvis,1,1,0,0
magama,vaja,1,1,0,0
magama,"välja, vaja",1,1,0,0
magama,"üles, maha",1,1,0,0
magatama,edasi,1,1,0,0
magnetiseeruma,ära,1,1,0,0
mahaistuma,,1,1,0,0
mahendama,peale,1,1,0,0
mahhineerima,,1,1,0,0
mahhitama,,1,1,0,0
mahtima,ära,1,1,0,0
mahtuma,"alla, ära",5,5,0,0
mahtuma,ilma,1,1,0,0
mahtuma,keskele,1,1,0,0
mahtuma,kinni,4,4,0,0
mahtuma,"kohal, sisse",1,1,0,0
mahtuma,"kohale, ära",2,2,0,0
mahtuma,lahti,2,2,0,0
mahtuma,"läbi, ära",1,1,0,0
mahtuma,otsa,1,1,0,0
mahtuma,peal,1,1,0,0
mahtuma,"püsti, ära",4,4,0,0
mahtuma,reedeti,1,1,0,0
mahtuma,"sisse, välja",1,1,0,0
mahtuma,"vahele, juurde",1,1,0,0
mahtuma,vaja,2,2,0,0
mahtuma,"vaja, ära",1,1,0,0
mahtuma,"välja, ära",1,1,0,0
mahtuma,ümber,2,2,0,0
mahutama,juurde,1,1,0,0
mahutama,kohale,1,1,0,0
mahvima,ära,1,1,0,0
maigutama,kaasa,2,2,0,0
mailima,vastu,1,1,0,0
mainima,"ette, ära",1,1,0,0
mainima,kõrvalt,1,1,0,0
mainima,vaja,1,1,0,0
mairääkima,,1,1,0,0
maitestuma,,1,1,0,0
maitsema,ilma,1,1,0,0
maitsema,kusjuures,1,1,0,0
maitsema,peale,2,2,0,0
maitsema,sees,1,1,0,0
maitsema,sekka,1,1,0,0
maitsema,ära,4,4,0,0
maitsestama,tagasi,1,1,0,0
maitsma,sekka,2,2,0,0
maitsma,vaja,1,1,0,0
maiytlema,,1,1,0,0
majandama,peal,1,1,0,0
majuma,sisse,1,1,0,0
maks-minema,,1,1,0,0
maksimiseerima,,1,1,0,0
maksma,"ette, välja",1,1,0,0
maksma,"kinni, ette, ära",1,1,0,0
maksma,lahti,1,1,0,0
maksma,rahul,3,3,0,0
maksma,tagant,2,2,0,0
maksma,"tagasi, sisse",1,1,0,0
maksma,"tagasi, ära",1,1,0,0
maksma,vast,1,1,0,0
maksma,"võlgu, kinni",1,1,0,0
malbuma,,1,1,0,0
maletama,edasi,1,1,0,0
maletama,läbi,1,1,0,0
maletama,sees,1,1,0,0
malgutama,,1,1,0,0
malgutama,läbi,1,1,0,0
manama,sisse,1,1,0,0
manduma,välja,1,1,0,0
maneriseeruma,,1,1,0,0
mangima,maha,1,1,0,0
manhattama,,1,1,0,0
manifesteerima,ette,1,1,0,0
manipuleerima,üle,2,2,0,0
manipuleettima,,1,1,0,0
manitsema,alla,1,1,0,0
manitsema,kohale,1,1,0,0
mannduma,,1,1,0,0
mannnhuma,,1,1,0,0
manustama,sisse,1,1,0,0
manööverdama,tagasi,1,1,0,0
mappima,,1,1,0,0
margguma,,1,1,0,0
mariliisima,,1,1,0,0
marineeruma,,2,2,0,0
markeerima,sisse,1,1,0,0
markotama,,1,1,0,0
marrssima,,1,1,0,0
marssima,koha,1,1,0,0
marssima,ligi,1,1,0,0
marssima,sees,1,1,0,0
marutsema,,1,1,0,0
masenduma,ära,1,1,0,0
masendustekkima,,1,1,0,0
masindama,,3,3,0,0
maskeerima,ära,7,7,0,0
masseerima,laiali,1,1,0,0
masseerima,nahka,1,1,0,0
massisteenima,,1,1,0,0
masspostitama,,1,1,0,0
mastulbeerima,,1,1,0,0
mastupeerima,,1,1,0,0
masturbeerima,ees,1,1,0,0
matchima,ära,2,2,0,0
materdama,edasi,1,1,0,0
materdama,läbi,1,1,0,0
materjaliseeruma,,1,1,0,0
matima,,1,1,0,0
matistuma,,1,1,0,0
matkama,kaasa,1,1,0,0
matkama,kohale,1,1,0,0
matkama,koos,1,1,0,0
matkima,eemale,1,1,0,0
matkima,lahti,1,1,0,0
matma,"ilma, sisse",1,1,0,0
matma,järel,1,1,0,0
matma,"koos, maha",2,2,0,0
matma,pealt,1,1,0,0
matma,rahul,2,2,0,0
matma,täis,1,1,0,0
matsuma,ära,1,1,0,0
matsutama,täis,1,1,0,0
mattima,,1,1,0,0
mauguma,,1,1,0,0
maxima,kinni,1,1,0,0
maxima,tagasi,1,1,0,0
maxima,ära,1,1,0,0
maxsima,,1,1,0,0
maxustama,,1,1,0,0
maxxima,,2,2,0,0
mazendama,,1,1,0,0
mdeeltima,,1,1,0,0
meeddima,,1,1,0,0
meedlima,ära,1,1,0,0
meeeeeeeltima,,1,1,0,0
meeeeldima,,1,1,0,0
meeldima,alla,1,1,0,0
meeldima,eemale,1,1,0,0
meeldima,juurde,2,2,0,0
meeldima,juures,1,1,0,0
meeldima,keskel,1,1,0,0
meeldima,kusjuures,1,1,0,0
meeldima,nõus,1,1,0,0
meeldima,sisse,1,1,0,0
meeldima,taga,1,1,0,0
meeldima,ääres,1,1,0,0
meeldima,ülal,1,1,0,0
meeldima,"üle, vastu",1,1,0,0
meelitama,esile,1,1,0,0
meelitama,koht,1,1,0,0
meelitama,ringi,1,1,0,0
meelitama,"tagasi, vahel",1,1,0,0
meelituma,,1,1,0,0
meelldima,,1,1,0,0
meelssima,,1,1,0,0
meentuma,,2,2,0,0
meentutama,,2,2,0,0
meenuma,alla,1,1,0,0
meenuma,pealt,1,1,0,0
meenuma,välja,2,2,0,0
meenuma,ära,1,1,0,0
meenutab-olema,,1,1,0,0
meenutama,alles,1,1,0,0
meenutama,alt,1,1,0,0
meenutama,taga,1,1,0,0
meenutama,ümber,1,1,0,0
meenutame-täpsustama,,1,1,0,0
mehed-vaatama,,1,1,0,0
mehitama,koos,1,1,0,0
meilima,vastu,2,2,0,0
meisterdama,otsa,1,1,0,0
meisterdama,ära,1,1,0,0
meistridkustuma,,1,1,0,0
mekitama,,1,1,0,0
mekkima,edasi,2,2,0,0
mekkima,mood,1,1,0,0
mekkima,peal,1,1,0,0
mekkima,ringi,1,1,0,0
melitama,,1,1,0,0
melldima,,1,1,0,0
meltima,sisse,1,1,0,0
melutsema,ringi,1,1,0,0
membraalnema,,1,1,0,0
memoreerima,üle,1,1,0,0
memuma,,1,1,0,0
menuma,,1,1,0,0
metropoliseeruma,,1,1,0,0
mettama,,1,1,0,0
mgagima,,1,1,0,0
mgamama,,1,1,0,0
mi9llema,,1,1,0,0
mibnema,,1,1,0,0
midagi-tühjuma,,1,1,0,0
midagi-ütlema,,1,1,0,0
mikrouuunima,,1,1,0,0
mikseeruma,,1,1,0,0
miksima,valmis,1,1,0,0
miksima,välja,1,1,0,0
miksima,ära,1,1,0,0
miksima,ümber,1,1,0,0
mikuma,ligi,1,1,0,0
militariseerima,,1,1,0,0
mimmistuma,,1,1,0,0
mina-minema,,1,1,0,0
minbuma,peale,1,1,0,0
minema,"all, katki",1,1,0,0
minema,"alla, alla",1,1,0,0
minema,"alla, vastu",1,1,0,0
minema,"alla, välja",1,1,0,0
minema,allapoole,1,1,0,0
minema,arvele,1,1,0,0
minema,"edasi, alla",1,1,0,0
minema,"edasi, juurde",1,1,0,0
minema,"edasi, kokku",1,1,0,0
minema,"edasi, vaja",1,1,0,0
minema,"ees, taga",1,1,0,0
minema,eksi,1,1,0,0
minema,"ette, üle",1,1,0,0
minema,harki,1,1,0,0
minema,"ilma, kaasa",1,1,0,0
minema,"ilma, tagasi",1,1,0,0
minema,"ilma, üle",1,1,0,0
minema,jaa,1,1,0,0
minema,jutti,1,1,0,0
minema,"juurde, tagasi",1,1,0,0
minema,"juurde, tarvis",1,1,0,0
minema,"juurde, vaja",2,2,0,0
minema,kallal,1,1,0,0
minema,kaudu,2,2,0,0
minema,keskele,1,1,0,0
minema,kikki,1,1,0,0
minema,"kinni, edasi",1,1,0,0
minema,"kinni, lahti",1,1,0,0
minema,"kinni, tagasi",2,2,0,0
minema,"kohale, koos",1,1,0,0
minema,kohta,1,1,0,0
minema,"kokku, lähedal",1,1,0,0
minema,kolmekesi,3,3,0,0
minema,kupla,1,1,0,0
minema,käpuli,1,1,0,0
minema,kõrval,1,1,0,0
minema,"lahku, vastu",1,1,0,0
minema,"lahti, välja",1,1,0,0
minema,"lahti, ära",1,1,0,0
minema,"laiali, kokku",1,1,0,0
minema,lukk,1,1,0,0
minema,"läbi, lahti",1,1,0,0
minema,"läbi, sisse",1,1,0,0
minema,"läbi, tagasi",1,1,0,0
minema,"läbi, vastu",2,2,0,0
minema,lähedal,1,1,0,0
minema,lömmi,1,1,0,0
minema,lössi,1,1,0,0
minema,mossi,1,1,0,0
minema,"mööda, järele",1,1,0,0
minema,"mööda, läbi",1,1,0,0
minema,"mööda, üles",1,1,0,0
minema,nõus,3,3,0,0
minema,"otsa, sisse",1,1,0,0
minema,paljuks,1,1,0,0
minema,"peale, igasugu",1,1,0,0
minema,"peale, tagasi",1,1,0,0
minema,"peale, välja",8,8,0,0
minema,"peale, üle",2,2,0,0
minema,poolt,2,2,0,0
minema,"puruks, täis",1,1,0,0
minema,puudu,1,1,0,0
minema,pärani,1,1,0,0
minema,"pärast, lahku",1,1,0,0
minema,"püsti, edasi",1,1,0,0
minema,"ringi, eest",1,1,0,0
minema,"sees, lahti",1,1,0,0
minema,sekka,1,1,0,0
minema,"sisse, sisse",1,1,0,0
minema,"tagasi, alla",1,1,0,0
minema,"tagasi, ette",1,1,0,0
minema,"tagasi, katki",1,1,0,0
minema,"tagasi, püsti",1,1,0,0
minema,"tagasi, ära, lahti",1,1,0,0
minema,"tagasi, üles",1,1,0,0
minema,teps,1,1,0,0
minema,turri,1,1,0,0
minema,tähele,2,2,0,0
minema,untsu,1,1,0,0
minema,vahel,1,1,0,0
minema,"vaja, ühte",1,1,0,0
minema,"valmis, läbi",1,1,0,0
minema,"vastu, üle",1,1,0,0
minema,"välja, kohale",2,2,0,0
minema,"välja, sisse",1,1,0,0
minema,"välja, vaja",1,1,0,0
minema,"ära, ligi",2,2,0,0
minema,"ära, maha",1,1,0,0
minema,"ära, ära, tagasi",1,1,0,0
minema,"üle, ilma",1,1,0,0
minema,"üles, peale",1,1,0,0
minema,"üles, ära",1,1,0,0
minemiemama,,1,1,0,0
minestama,pealt,1,1,0,0
minetama,vastu,1,1,0,0
minetama,ära,1,1,0,0
mineteerima,,1,1,0,0
minguma,,1,1,0,0
minnima,välja,1,1,0,0
missuurendama,,1,1,0,0
mistuma,,1,1,0,0
mitmekümnekordistuma,,1,1,0,0
mitmesndama,,1,1,0,0
mitsuma,,1,1,0,0
mitte-eksima,ära,1,1,0,0
mitte-esietenduma,,1,1,0,0
mitte-magama-jääma,,1,1,0,0
mittekommunikeeruma,,1,1,0,0
mitteparteilane-ajama,,1,1,0,0
mjauguma,,1,1,0,0
mjäuguma,,1,1,0,0
mküsima,,1,1,0,0
mmeldima,ära,1,1,0,0
mmäletama,,1,1,0,0
mneeldima,,1,1,0,0
mobiil-parkima,,1,1,0,0
modelleerima,ümber,1,1,0,0
molgutama,kaasa,1,1,0,0
molluma,,2,2,0,0
molutama,edasi,3,3,0,0
monnema,,2,2,0,0
monologiseeruma,,1,1,0,0
monteerima,"kokku, valmis",1,1,0,0
monumentaalima,,1,1,0,0
moodustama,"alla, alla",1,1,0,0
moodustama,"eemale, kokku",1,1,0,0
moodustama,ette,1,1,0,0
moodustama,kaldu,1,1,0,0
moodustama,lahti,1,1,0,0
moodustama,poole,2,2,0,0
moodustama,taga,1,1,0,0
moodustama,tagasi,1,1,0,0
moodustama,ära,1,1,0,0
moodustuma,edasi,2,2,0,0
moodustuma,vahele,1,1,0,0
moonduma,"alla, üles",1,1,0,0
moonduma,kokku,1,1,0,0
moonutama,ära,1,1,0,0
mootorlippama,,1,1,0,0
moppima,ringi,1,1,0,0
mopstima,,1,1,0,0
moptlema,,2,2,0,0
moretsema,,1,1,0,0
mosaiikuma,kokku,1,1,0,0
mossitama,ilma,1,1,0,0
mossitama,vastu,1,1,0,0
motlema,kinni,2,2,0,0
moššima,,1,1,0,0
msikima,,1,1,0,0
mudelleerima,,1,1,0,0
mudiks-masseerima,,1,1,0,0
muduma,ette,1,1,0,0
muduma,ära,1,1,0,0
muganduma,ligi,1,1,0,0
mugima,taga,1,1,0,0
mugima,täis,1,1,0,0
muhenema,,1,1,0,0
muigama,kohal,1,1,0,0
muigama,tagant,1,1,0,0
muigama,ära,1,1,0,0
muigama,ümber,1,1,0,0
muigatama,,1,1,0,0
mujluma,otsa,1,1,0,0
mul-on-aga-sul-olema,,2,2,0,0
mulisema,ette,1,1,0,0
mulisema,lahti,1,1,0,0
mulisema,vahele,1,1,0,0
muljetama,välja,1,1,0,0
mulksatama,,2,2,0,0
mulksuma,sees,1,1,0,0
mulksutama,,2,2,0,0
mumpsuma,,1,1,0,0
munatama,,1,1,0,0
munauuduma,,1,1,0,0
munema,ette,1,1,0,0
munema,peale,1,1,0,0
munema,vaja,1,1,0,0
munema,välja,2,2,0,0
munima,,2,2,0,0
murdima,,1,1,0,0
murdma,alt,1,1,0,0
murdma,"alt, ära",1,1,0,0
murdma,eemale,1,1,0,0
murdma,eest,2,2,0,0
murdma,ligi,1,1,0,0
murdma,"läbi, sisse",1,1,0,0
murdma,"lähedal, sisse",1,1,0,0
murdma,"sisse, läbi",1,1,0,0
murduma,katki,1,1,0,0
murduma,läbi,1,1,0,0
murduma,"lähedal, lahti",1,1,0,0
murenema,valmis,1,1,0,0
muretseb-tegutsema,,1,1,0,0
muretsema,tagasi,1,1,0,0
muretsema,võlgu,2,2,0,0
murjendama,,1,1,0,0
murrutama,lahti,1,1,0,0
murtsima,,4,4,0,0
musdsima,,1,1,0,0
musima,vastu,1,1,0,0
musitama,ära,1,1,0,0
musseerima,,1,1,0,0
mustima,,1,1,0,0
muukima,maha,1,1,0,0
muundama,ringi,1,1,0,0
muunduma,peal,1,1,0,0
muunduma,tagasi,1,1,0,0
muundunud-moonduma,,1,1,0,0
muutma,alt,1,1,0,0
muutma,juurde,1,1,0,0
muutma,maha,1,1,0,0
muutma,rahule,1,1,0,0
muutma,tagant,1,1,0,0
muutma,"tagasi, sisse",1,1,0,0
muutma,vaja,2,2,0,0
muutma,vastu,2,2,0,0
muutma,"ära, alt",1,1,0,0
muutma,üle,2,2,0,0
muutuma,algama,1,1,0,0
muutuma,all,1,1,0,0
muutuma,ilma,1,1,0,0
muutuma,lahti,1,1,0,0
muutuma,sees,1,1,0,0
muutuma,tarvis,2,2,0,0
muutuma,vaatamata,1,1,0,0
muutuma,vaja,1,1,0,0
muutunud-suurenema,,1,1,0,0
muututuma,,1,1,0,0
muuusima,,1,1,0,0
mviitsima,,1,1,0,0
myrgitama,ära,1,1,0,0
myrtsuma,,1,1,0,0
myssima,,1,1,0,0
mytsuma,,1,1,0,0
myyb-asendama,,1,1,0,0
myyduma,edasi,1,1,0,0
myyduma,välja,1,1,0,0
myymama,,1,1,0,0
myyssima,ära,1,1,0,0
myytima,,1,1,0,0
mädandama,läbi,1,1,0,0
mädanema,alt,1,1,0,0
mädanema,"ees, taga",1,1,0,0
mädanema,maha,2,2,0,0
mägima,maha,1,1,0,0
mähkima,ära,1,1,0,0
mähkmetama,,1,1,0,0
mäkerdama,alla,1,1,0,0
mäketama,,1,1,0,0
mäkitama,koos,1,1,0,0
mälestama,üle,1,1,0,0
mäletama,ees,1,1,0,0
mäletama,ilma,2,2,0,0
mäletama,kohal,1,1,0,0
mäletama,kokku,2,2,0,0
mäletama,maha,1,1,0,0
mäletama,otsa,1,1,0,0
mäletama,peal,1,1,0,0
mäletama,puhul,1,1,0,0
mäletama,rahul,1,1,0,0
mäletama,sees,1,1,0,0
mäletsema,edasi,1,1,0,0
mällerdama,,1,1,0,0
mäluma,ette,1,1,0,0
mäluma,ära,1,1,0,0
mälätama,,1,1,0,0
mämmutama,,1,1,0,0
mänedzheerima,,1,1,0,0
mängima,eest,1,1,0,0
mängima,kohale,1,1,0,0
mängima,koht,2,2,0,0
mängima,"kokku, peale",1,1,0,0
mängima,kõrvale,1,1,0,0
mängima,laiali,1,1,0,0
mängima,nõus,1,1,0,0
mängima,peal,1,1,0,0
mängima,pealt,2,2,0,0
mängima,pärast,1,1,0,0
mängima,ringis,2,2,0,0
mängima,"tagant, läbi",1,1,0,0
mängima,vastamisi,1,1,0,0
mängima,"välja, sisse",1,1,0,0
mängima,"ümber, üle",1,1,0,0
mänginud-lindistama,,1,1,0,0
mängitama,peale,1,1,0,0
mängitama,sisse,1,1,0,0
mängitama,ära,2,2,0,0
mängivad-õpetama,,1,1,0,0
mängnuma,koos,1,1,0,0
mängu-töötama,,1,1,0,0
mäppuma,,1,1,0,0
märatsema,välja,1,1,0,0
märatsema,ära,1,1,0,0
märduma,,1,1,0,0
märgistama,üle,1,1,0,0
märkama,all,2,2,0,0
märkama,alla,1,1,0,0
märkama,edasi,2,2,0,0
märkama,kinni,1,1,0,0
märkama,pärast,1,1,0,0
märkama,ringi,3,3,0,0
märkama,üles,1,1,0,0
märkima,ette,1,1,0,0
märkima,"ette, ära",1,1,0,0
märkima,järel,1,1,0,0
märkima,kaasa,1,1,0,0
märkima,mööda,1,1,0,0
märkima,otsa,2,2,0,0
märkpildistama,,2,2,0,0
mässama,sees,1,1,0,0
mätsima,edasi,1,1,0,0
mätsima,peale,1,1,0,0
mätsima,sisse,1,1,0,0
mätsima,täis,3,3,0,0
määrama,"kokku, kokku",1,1,0,0
määrama,rahule,1,1,0,0
määrama,vahele,1,1,0,0
määratlema,alla,1,1,0,0
määrattuma,,1,1,0,0
määrduma,alt,1,1,0,0
määrduma,laiali,1,1,0,0
määrduma,välja,1,1,0,0
määrima,alt,1,1,0,0
määrima,seest,1,1,0,0
määrima,"tagasi, ära",1,1,0,0
määrima,välja,2,2,0,0
määrima,ümber,2,2,0,0
määrnuma,,1,1,0,0
mäöetama,,1,1,0,0
mótlesima,,1,1,0,0
móöjuma,,1,1,0,0
mõdlema,,1,1,0,0
mõdlema,sisse,1,1,0,0
mõeldgima,,1,1,0,0
mõeldkima,,1,1,0,0
mõeldnuma,välja,2,2,0,0
mõelnud-tegema,,1,1,0,0
mõelssima,,1,1,0,0
mõikama,alles,2,2,0,0
mõikavad-lõikama,,1,1,0,0
mõikkama,,3,3,0,0
mõistatama,edasi,2,2,0,0
mõistavad-tajuma,,1,1,0,0
mõistima,,2,2,0,0
mõistma,alla,4,4,0,0
mõistma,ette,7,7,0,0
mõistma,järel,1,1,0,0
mõistma,"kokku, välja",1,1,0,0
mõistma,koos,1,1,0,0
mõistma,mööda,2,2,0,0
mõistma,pealt,1,1,0,0
mõistma,pärast,1,1,0,0
mõistma,taga,1,1,0,0
mõistma,täis,1,1,0,0
mõistma,vaja,2,2,0,0
mõistma,"välja, üle",1,1,0,0
mõiststuma,,1,1,0,0
mõjuma,"alt, ära",1,1,0,0
mõjuma,ilma,2,2,0,0
mõjuma,juurde,2,2,0,0
mõjuma,kinni,1,1,0,0
mõjuma,käibele,1,1,0,0
mõjuma,mööda,1,1,0,0
mõjuma,pealt,1,1,0,0
mõjuma,pidama,1,1,0,0
mõjuma,rahule,1,1,0,0
mõjuma,sekka,1,1,0,0
mõjuma,sisse,1,1,0,0
mõjuma,täis,2,2,0,0
mõjuma,vahele,2,2,0,0
mõjuma,ära,2,2,0,0
mõjuma,üle,2,2,0,0
mõjuma,üles,1,1,0,0
mõjustama,ilma,1,1,0,0
mõjutama,pooleli,2,2,0,0
mõjutama,valmis,1,1,0,0
mõjutama,üles,1,1,0,0
mõjutavad-kujundama,,1,1,0,0
mõlgutama,kõrvale,1,1,0,0
mõlkima,vastu,1,1,0,0
mõllima,,1,1,0,0
mõllutama,,1,1,0,0
mõnulema,ette,3,3,0,0
mõrlema,,1,1,0,0
mõrssima,,1,1,0,0
mõrvama,kinni,1,1,0,0
mõrvuma,,1,1,0,0
mõstima,,2,2,0,0
mõtcima,,1,1,0,0
mõteldama,välja,1,1,0,0
mõtestama,peale,1,1,0,0
mõtestuma,lahti,1,1,0,0
mõtisklema,täis,1,1,0,0
mõtleb-tegutsema,,1,1,0,0
mõtlema,algama,1,1,0,0
mõtlema,asemel,1,1,0,0
mõtlema,"ette, taha",1,1,0,0
mõtlema,"ette, vaja",1,1,0,0
mõtlema,heaks,1,1,0,0
mõtlema,"ilma, järele",1,1,0,0
mõtlema,"juurde, välja",1,1,0,0
mõtlema,järel,1,1,0,0
mõtlema,kaasas,1,1,0,0
mõtlema,"otsa, järele",1,1,0,0
mõtlema,taha,1,1,0,0
mõtlema,"tarvis, välja",1,1,0,0
mõtlen-rääkima,,1,1,0,0
mõtlen-vaatama,,1,1,0,0
mõtles-rääkima,,1,1,0,0
mõtles-tundma,,1,1,0,0
mõtles-ütlema,,1,1,0,0
mõtsima,vaja,1,1,0,0
mõtsima,välja,1,1,0,0
mõttlema,ette,1,1,0,0
mõtzima,,1,1,0,0
mõtöesima,,1,1,0,0
mõxutama,,1,1,0,0
mõõdavad-analüüsima,,1,1,0,0
mõõdistama,ära,1,1,0,0
mõõletama,,1,1,0,0
mõõnama,sisse,1,1,0,0
mõõtma,ilma,1,1,0,0
mõõtma,juurde,3,3,0,0
mõõtma,vaja,1,1,0,0
mõõtma,"välja, üle",1,1,0,0
mõünuma,,1,1,0,0
möirgama,all,1,1,0,0
möirgama,ette,1,1,0,0
möirgama,peale,1,1,0,0
möirgama,vaja,1,1,0,0
mökitama,kaasa,1,1,0,0
mökutama,edasi,1,1,0,0
mölama,edasi,2,2,0,0
mölisema,otsa,1,1,0,0
mölkima,,1,1,0,0
mölla-hüppa-jooma,,1,1,0,0
möllab-hängib-tsillib-kängima,ringi,1,1,0,0
möllama,ette,1,1,0,0
möllama,koos,1,1,0,0
möllama,taga,1,1,0,0
möllama,täis,1,1,0,0
möllama,välja,1,1,0,0
möllama,"välja, välja",1,1,0,0
möllima,sisse,2,2,0,0
möngima,,1,1,0,0
mönima,,7,7,0,0
mörisema,vastu,1,1,0,0
möätlema,,1,1,0,0
möödima,,1,1,0,0
mööduma,alla,1,1,0,0
mööduma,peal,1,1,0,0
mööduma,peale,1,1,0,0
mööduma,täis,1,1,0,0
möönma,kaasa,1,1,0,0
müdisema,taga,1,1,0,0
müdistama,ette,1,1,0,0
müdistama,ära,1,1,0,0
mühatama,juurde,1,1,0,0
mühisema,edasi,2,2,0,0
mühistama,ette,1,1,0,0
münema,,1,1,0,0
mürama,peale,1,1,0,0
mürama,ringi,1,1,0,0
mürgitama,lahti,1,1,0,0
mürise-kohisema,,2,2,0,0
müristama,all,1,1,0,0
müristama,kaasa,1,1,0,0
müristama,peal,2,2,0,0
mürtsuma,kinni,1,1,0,0
mürtsuma,täis,1,1,0,0
mütiseerima,,1,1,0,0
mütsuma,edasi,1,1,0,0
mütsutama,kokku,1,1,0,0
müttama,"all, välja",1,1,0,0
müttama,"ilma, edasi",1,1,0,0
müttama,kaasa,1,1,0,0
müttama,koos,1,1,0,0
müttama,sees,1,1,0,0
müttama,ümber,1,1,0,0
müõtlema,,1,1,0,0
müüma,"alla, maha",1,1,0,0
müüma,eest,2,2,0,0
müüma,"ette, ära",1,1,0,0
müüma,kinni,1,1,0,0
müüma,"kinni, kaasa",1,1,0,0
müüma,kõrvale,1,1,0,0
müüma,"läbi, ära",1,1,0,0
müüma,"maha, maha",1,1,0,0
müüma,"maha, välja",2,2,0,0
müüma,pärast,1,1,0,0
müüma,"tagasi, tagasi",1,1,0,0
müüma,vaja,3,3,0,0
müüma,"välja, maha",1,1,0,0
müündkima,,1,1,0,0
müürima,ära,1,1,0,0
müüristama,,1,1,0,0
müütama,edasi,1,1,0,0
müütama,maha,1,1,0,0
müütnuma,,2,2,0,0
mōelduma,,1,1,0,0
n0lif3sima,,1,1,0,0
n2gemama,välja,1,1,0,0
naaksuma,ära,2,2,0,0
naalduma,ette,1,1,0,0
naasma,etteotsa,1,1,0,0
naasma,ilma,1,1,0,0
naasma,kõrvale,1,1,0,0
naasma,ligi,1,1,0,0
naelutama,maha,1,1,0,0
naelutama,sisse,2,2,0,0
naelutama,tagasi,1,1,0,0
naeratama,kõrval,1,1,0,0
naeratama,kõrvale,2,2,0,0
naeratama,otsa,1,1,0,0
naeratama,peale,2,2,0,0
naeratama,tagant,1,1,0,0
naeratama,"vastu, kõrvale",1,1,0,0
naeratavad-irvitama,,1,1,0,0
naerma,kokku,4,4,0,0
naerma,läbi,1,1,0,0
naerma,taga,1,1,0,0
naerssima,,3,3,0,0
naeruvääristuma,,1,1,0,0
naesima,,1,1,0,0
naexima,,1,1,0,0
naghuma,,1,1,0,0
nagista-minema,,1,1,0,0
nahhaalima,,1,1,0,0
nahhuineerima,,1,1,0,0
nahisema,,1,1,0,0
nahistama,ringi,1,1,0,0
nahistama,ära,1,1,0,0
naima,peal,1,1,0,0
naima,pealt,1,1,0,0
naima,puudu,1,1,0,0
naisterõivima,,1,1,0,0
najatuma,,1,1,0,0
nakatama,edasi,1,1,0,0
nakitsema,sees,1,1,0,0
nakitsema,ära,1,1,0,0
nakkuma,peale,1,1,0,0
naksama,katki,1,1,0,0
naksama,välja,1,1,0,0
naljastreikima,,1,1,0,0
naljatama,läbi,1,1,0,0
nallatama,,1,1,0,0
nannytama,,1,1,0,0
nanuma,,1,1,0,0
nappama,,1,1,0,0
napsama,juurde,1,1,0,0
napsama,pealt,1,1,0,0
napsama,välja,1,1,0,0
napsitama,otsa,1,1,0,0
napsitama,sekka,1,1,0,0
napsitama,üle,1,1,0,0
narima,,1,1,0,0
narmaalnema,,1,1,0,0
narmastama,,1,1,0,0
narmastuma,,2,2,0,0
narmendama,all,1,1,0,0
narvitsema,,1,1,0,0
nasseriitima,,1,1,0,0
natsionaliseerima,kinni,1,1,0,0
natuma,täis,1,1,0,0
natuma,ära,1,1,0,0
nauatima,,1,1,0,0
nautima,alla,1,1,0,0
nautima,kallal,1,1,0,0
nautima,profivõitu,1,1,0,0
nautima,valmis,1,1,0,0
navigeerima,läbi,1,1,0,0
nazmima,,1,1,0,0
ndatima,,1,1,0,0
nedkima,läbi,1,1,0,0
needima,,1,1,0,0
needma,ette,1,1,0,0
needma,välja,1,1,0,0
needma,üles,1,1,0,0
neelama,otsa,1,1,0,0
neelatama,alla,1,1,0,0
neelduma,tagasi,1,1,0,0
neelduma,ära,1,1,0,0
negreppima,,1,1,0,0
neimdroppima,,1,1,0,0
neiuigavlema,tagasi,1,1,0,0
neljakümnendateviiekümnendama,,1,1,0,0
neljapaatidelvahendama,,1,1,0,0
neljutama,eemale,1,1,0,0
nentima,eemale,1,1,0,0
nenuma,välja,1,1,0,0
nerveerima,,1,1,0,0
nettama,,2,2,0,0
neuguma,,1,1,0,0
neutronpommitama,,1,1,0,0
newsima,välja,1,1,0,0
nibima,,1,1,0,0
niguma,lahti,1,1,0,0
nihklema,,1,1,0,0
nihkuma,alla,4,4,0,0
nihkuma,järele,1,1,0,0
nihkuma,sisse,1,1,0,0
nihkuma,taha,1,1,0,0
nihkuma,väljapoole,1,1,0,0
nihutama,edasi-tagasi,1,1,0,0
nihutama,ees,1,1,0,0
nihutama,eest,1,1,0,0
nihutama,mööda,1,1,0,0
nihutama,ringi,1,1,0,0
nihutama,vaja,1,1,0,0
nihutama,üles,3,3,0,0
nihutama,ümber,2,2,0,0
nihveldama,,1,1,0,0
nihverdama,kohal,1,1,0,0
nihverdama,sisse,1,1,0,0
nihverdama,tagasi,1,1,0,0
nihverdama,välja,1,1,0,0
nii-põhjendama,,1,1,0,0
niilima,,1,1,0,0
niilustama,,1,1,0,0
niimoodi-tirima,pihta,1,1,0,0
niisama-olema,,1,1,0,0
niisamaldama,ringi,1,1,0,0
niisutama,juurde,1,1,0,0
niitima,välja,1,1,0,0
niitima,ära,2,2,0,0
niitma,välja,1,1,0,0
niitsatama,,1,1,0,0
niitsuma,,1,1,0,0
nikastama,jala,1,1,0,0
nikastama,välja,1,1,0,0
nikastuma,,2,2,0,0
nikerdama,alla,1,1,0,0
nikerdama,välja,3,3,0,0
nikerdama,ära,1,1,0,0
nikotiinitsema,,1,1,0,0
nillima,ringi,1,1,0,0
nimetama,"ette, ära",1,1,0,0
nimetama,juurde,1,1,0,0
nimetama,peal,1,1,0,0
nimetama,pooleks,1,1,0,0
nimetama,vahel,1,1,0,0
nimetama,vaja,1,1,0,0
nimooduma,,1,1,0,0
nipi-nappima,,3,3,0,0
nipitama,,1,1,0,0
nipitiritama,,1,1,0,0
nirguma,mööda,1,1,0,0
nirguma,sisse,1,1,0,0
niriseb-kohisema,,1,1,0,0
nirisema,tagasi,1,1,0,0
nirisema,täis,1,1,0,0
nirisema,valmis,1,1,0,0
niristama,sisse,1,1,0,0
nitruma,,1,1,0,0
niutsatama,vastu,1,1,0,0
niutsuma,edasi,1,1,0,0
nivherdama,,1,1,0,0
nkannatama,,1,1,0,0
nohisema,edasi,2,2,0,0
nohistama,edasi,1,1,0,0
nohmima,kokku,1,1,0,0
nohtima,,1,1,0,0
nokautreerima,,1,1,0,0
nokitsema,maha,1,1,0,0
nokitsema,"ära, omapäi",1,1,0,0
nokkima,kokku,1,1,0,0
nokkima,puruks,1,1,0,0
nokkima,sisse,1,1,0,0
nokkima,üles,3,3,0,0
nollima,,1,1,0,0
nomama,,1,1,0,0
noogutama,vahele,1,1,0,0
noogutanud-raputama,kaasa,1,1,0,0
noomima,edasi,1,1,0,0
noormaalnema,,1,1,0,0
noosima,välja,1,1,0,0
noppima,juurde,1,1,0,0
noppima,järel,1,1,0,0
noppima,kaasa,1,1,0,0
noppima,kõrvale,1,1,0,0
noppima,võit,1,1,0,0
noraamnema,,1,1,0,0
norima,all,1,1,0,0
norima,ees,1,1,0,0
norima,ette,1,1,0,0
normaaaaaaaalnema,,1,1,0,0
normaaaaaaalnema,,1,1,0,0
normaaaalnema,,2,2,0,0
normaaliseerima,,1,1,0,0
normaalnnema,,1,1,0,0
normaliseeruma,välja,1,1,0,0
normmaalnema,,1,1,0,0
normsima,,1,1,0,0
norrrrrrrrrrrrrrmaalnema,,1,1,0,0
norskama,kõrval,1,1,0,0
norskama,ära,1,1,0,0
noräägima,,1,1,0,0
nosima,sisse,2,2,0,0
nosserdama,,1,1,0,0
notariseerima,,1,1,0,0
noxima,,1,1,0,0
nssituma,,1,1,0,0
nuhatama,,1,1,0,0
nuhitama,,1,1,0,0
nuhkerdama,,1,1,0,0
nuhkima,heaks,1,1,0,0
nuhkima,läbi,2,2,0,0
nuhkima,üles,1,1,0,0
nuhkima,ümber,1,1,0,0
nuiama,kaasa,1,1,0,0
nuissima,,1,1,0,0
nukruma,,1,1,0,0
nukrutsema,edasi,2,2,0,0
nukrutsema,üles,1,1,0,0
null-paikama,,1,1,0,0
nummerdama,edasi,1,1,0,0
nummima,,2,2,0,0
nunnutama,ära,1,1,0,0
nuputama,kokku,1,1,0,0
nuretsema,,1,1,0,0
nurisema,ette,1,1,0,0
nurjuma,ette,1,1,0,0
nurkuma,,1,1,0,0
nusserdama,ära,3,3,0,0
nussima,edasi,1,1,0,0
nutma,all,1,1,0,0
nutma,ette,2,2,0,0
nutma,"ette, taga",1,1,0,0
nutma,järgi,1,1,0,0
nutma,kõrvale,1,1,0,0
nutsima,välja,1,1,0,0
nuuksuma,vahele,1,1,0,0
nuumama,tagasi,1,1,0,0
nuusatama,,1,1,0,0
nuusutama,edasi,1,1,0,0
nyhkima,kokku,1,1,0,0
näcutama,,1,1,0,0
näegmuma,,1,1,0,0
näekkima,välja,1,1,0,0
näeksgima,,1,1,0,0
näeme-kompama,,1,1,0,0
näen-tean-uskuma,,1,1,0,0
näete-kuulma,,1,1,0,0
näexima,,1,1,0,0
nägema,"all, välja",2,2,0,0
nägema,"alt, läbi",1,1,0,0
nägema,eemale,1,1,0,0
nägema,iial,1,1,0,0
nägema,"juurde, välja",1,1,0,0
nägema,"kõrvalt, välja",2,2,0,0
nägema,liikvel,1,1,0,0
nägema,lähedal,1,1,0,0
nägema,nõus,3,3,0,0
nägema,"pealt, ära",1,1,0,0
nägema,poolt,1,1,0,0
nägema,"tagant, välja",1,1,0,0
nägema,vahelt,1,1,0,0
nägema,"välja, kokku",1,1,0,0
nägema,"välja, lahti",1,1,0,0
nägema,"välja, moodi",1,1,0,0
nägema,"välja, peale",1,1,0,0
nägema,"välja, täis",1,1,0,0
nägema,"välja, vaja",2,2,0,0
nägema,"ära, vaatamata",1,1,0,0
nägema,"üle, ette",1,1,0,0
näginema,,1,1,0,0
nägite-märkama,,1,1,0,0
nähtuma,"ette, alla",1,1,0,0
nähtuma,kõrvalt,1,1,0,0
nähtuma,pealt,1,1,0,0
nähtuma,tagasi,2,2,0,0
nähtuma,"vastu, ette",2,2,0,0
nähvama,välja,1,1,0,0
näiatama,otsa,1,1,0,0
näidanud-näitlikustama,,1,1,0,0
näidatati-hankima,,1,1,0,0
näidnuma,,2,2,0,0
näigima,,1,1,0,0
näihtuma,,1,1,0,0
näikima,,2,2,0,0
näima,ees,1,1,0,0
näima,peal,2,2,0,0
näima,rahule,1,1,0,0
näima,seest,1,1,0,0
näima,taha,1,1,0,0
näima,vaatamata,1,1,0,0
näima,vaja,3,3,0,0
näinud-kogema,,2,2,0,0
näinud-kuulma,kõrvalt,1,1,0,0
näinud-kuulnud-tegema,,1,1,0,0
näinud-nautima,,1,1,0,0
näinud-proovima,,1,1,0,0
näinud-uurima,,1,1,0,0
näitama,"all, peal",1,1,0,0
näitama,asemel,1,1,0,0
näitama,juurde,1,1,0,0
näitama,lahku,1,1,0,0
näitama,"pealt, välja",1,1,0,0
näitama,rahul,1,1,0,0
näitama,"sisse, ära",1,1,0,0
näitama,"vastu, üles",3,3,0,0
näitama,"välja, ära",1,1,0,0
näitama,"ära, välja",3,3,0,0
näitasid-ütlema,,1,1,0,0
näitlema,juurde,2,2,0,0
näitlema,vaja,1,1,0,0
näitsima,,1,1,0,0
näituma,,1,1,0,0
näkitsema,ära,1,1,0,0
näkkama,tagasi,1,1,0,0
näksama,ära,1,1,0,0
näksima,edasi,1,1,0,0
nälgima,ära,5,5,0,0
näljutama,otsa,1,1,0,0
näljutama,ära,2,2,0,0
nämmatama,,1,1,0,0
nämmutama,edasi,1,1,0,0
nänema,,1,1,0,0
nänkima,,1,1,0,0
nännutama,puruks,1,1,0,0
näonuma,,1,1,0,0
näpistama,juurde,1,1,0,0
näpistama,tagasi,2,2,0,0
näpistama,täis,1,1,0,0
näppima,edasi,2,2,0,0
näppima,ees,1,1,0,0
näppima,kaasa,1,1,0,0
näppima,läbi,1,1,0,0
näppsima,,1,1,0,0
näpsama,"eest, ära",1,1,0,0
näpsima,"alt, üles",1,1,0,0
näpukas-tahtma,,1,1,0,0
närbeerima,,1,1,0,0
närima,ette,1,1,0,0
närima,lahti,2,2,0,0
närima,vastu,1,1,0,0
närima,ümber,2,2,0,0
näritsema,,1,1,0,0
närpima,,4,4,0,0
närtsima,välja,1,1,0,0
närveerima,ette,1,1,0,0
närwwima,,1,1,0,0
nässerdama,kokku,1,1,0,0
nätsutama,alles,1,1,0,0
näugatama,,2,2,0,0
nääguma,läbi,1,1,0,0
nääsklema,,1,1,0,0
nõelama,edasi,1,1,0,0
nõelama,läbi,1,1,0,0
nõelama,taga,1,1,0,0
nõelus-lappima,kokku,1,1,0,0
nõgistama,,1,1,0,0
nõiduma,esile,1,1,0,0
nõiduma,kokku,1,1,0,0
nõjuma,,1,1,0,0
nõksatama,alla,1,1,0,0
nõksatama,sisse,1,1,0,0
nõksatama,tagasi,1,1,0,0
nõksatama,välja,1,1,0,0
nõksatama,üles,1,1,0,0
nõksuma,läbi,1,1,0,0
nõksutama,edasi,1,1,0,0
nõlguma,alla,1,1,0,0
nõmestama,,1,1,0,0
nõmetsema,edasi,2,2,0,0
nõrdlema,,1,1,0,0
nõrgenema,ilma,1,1,0,0
nõrgenema,vastu,1,1,0,0
nõrgestama,ära,1,1,0,0
nõrguma,laiali,1,1,0,0
nõrguma,sisse,1,1,0,0
nõrguma,ära,2,2,0,0
nõrguma,üle,1,1,0,0
nõrisema,tagasi,1,1,0,0
nõristama,mööda,1,1,0,0
nõristama,välja,1,1,0,0
nõrkema,sisse,1,1,0,0
nõrutama,sisse,1,1,0,0
nõuab-nõiduma,kohale,1,1,0,0
nõudma,algul,1,1,0,0
nõudma,ilma,2,2,0,0
nõudma,kohal,1,1,0,0
nõudma,maas,1,1,0,0
nõudma,pihta,1,1,0,0
nõudma,puudu,2,2,0,0
nõudma,pärast,1,1,0,0
nõudma,vahele,1,1,0,0
nõudma,vaja,1,1,0,0
nõudma,ümber,2,2,0,0
nõustama,edasi,1,1,0,0
nõustima,,1,1,0,0
nõustuma,alla,1,1,0,0
nõustuma,kaasa,2,2,0,0
nõustuma,üle,1,1,0,0
nögima,,1,1,0,0
nökerdama,,1,1,0,0
nördima,ette,1,1,0,0
nördima,peale,1,1,0,0
nöökima,edasi,1,1,0,0
nöönuma,,1,1,0,0
nööpima,,3,3,0,0
nööpima,"sisse, lahti",1,1,0,0
nööpima,valla,1,1,0,0
nöörima,kokku,1,1,0,0
nöörima,ära,1,1,0,0
nügima,kõrvale,2,2,0,0
nügima,tagant,1,1,0,0
nügima,tagasi,1,1,0,0
nügima,ära,1,1,0,0
nühkima,"peale, maha",1,1,0,0
nüpeldama,ringi,1,1,0,0
nüpeldama,välja,1,1,0,0
nüpõldama,,1,1,0,0
nürima,ära,1,1,0,0
nüristuma,ära,2,2,0,0
nüüd-tänama,,1,1,0,0
nüüdgima,,1,1,0,0
obenema,,1,1,0,0
obootima,,1,1,0,0
obunema,,1,1,0,0
ocsima,,1,1,0,0
odavnema,tagasi,1,1,0,0
odima,,1,1,0,0
odima,koos,1,1,0,0
oduma,vaja,1,1,0,0
oelenema,,1,1,0,0
oenkima,,1,1,0,0
offtopicutama,,1,1,0,0
ogima,sisse,1,1,0,0
ohatama,,1,1,0,0
ohjama,valmis,1,1,0,0
ohjama,ära,1,1,0,0
ohkama,edasi,2,2,0,0
ohkama,taga,1,1,0,0
ohkama,vastu,1,1,0,0
ohotama,,1,1,0,0
ohtlima,,1,1,0,0
ohustavad-mõjutama,,1,1,0,0
ohutama,,2,2,0,0
ohverdatama,,1,1,0,0
oiahtama,,1,1,0,0
oietama,,1,1,0,0
oigama,vahel,1,1,0,0
oigama,ära,1,1,0,0
oilgima,,1,1,0,0
oituma,kinni,1,1,0,0
okendama,,1,1,0,0
okhtuma,,1,1,0,0
okima,tagasi,3,3,0,0
okkima,"eemale, tagasi",1,1,0,0
okkima,kohale,1,1,0,0
okkima,ära,1,1,0,0
oknuma,,1,1,0,0
okolaadima,,1,1,0,0
okräägima,,1,1,0,0
oksendama,alla,1,1,0,0
oksendama,laiali,1,1,0,0
oksendama,peale,1,1,0,0
oksendama,"sisse, välja",1,1,0,0
oksüdeerima,ära,1,1,0,0
oksüdeeruma,edasi,1,1,0,0
okuma,,1,1,0,0
okupeerima,ära,1,1,0,0
ole-tegema,,2,2,0,0
ole-tulema,,1,1,0,0
oleamama,,1,1,0,0
oled-kasvama,,1,1,0,0
olekkima,nõus,1,1,0,0
oleksitama,,1,1,0,0
oleksvaadatama,,1,1,0,0
olema,Nõus,1,1,0,0
olema,abi,1,1,0,0
olema,"all, kinni",1,1,0,0
olema,"all, vaja",1,1,0,0
olema,"alla, rahul",1,1,0,0
olema,"alla, välja",1,1,0,0
olema,"alla, üles, ette",1,1,0,0
olema,allapoole,1,1,0,0
olema,"alles, kaasas",1,1,0,0
olema,"alles, lahti",1,1,0,0
olema,"alt, lahti",1,1,0,0
olema,dial-uppi,1,1,0,0
olema,"edasi, kohal",1,1,0,0
olema,"edasi, lahti",1,1,0,0
olema,"edasi, vaja, ette",1,1,0,0
olema,"ees, hulgi",1,1,0,0
olema,ehku,1,1,0,0
olema,eksole,2,2,0,0
olema,"ennem, tähele",1,1,0,0
olema,"ette, rahul",1,1,0,0
olema,igavavõitu,1,1,0,0
olema,"ilma, lahti",1,1,0,0
olema,kaldu,3,3,0,0
olema,kallale,1,1,0,0
olema,kaupa,1,1,0,0
olema,kiiva,1,1,0,0
olema,"kinni, välja",1,1,0,0
olema,"kirjas, tarvis",1,1,0,0
olema,kissis,1,1,0,0
olema,"kodunt, ära",3,3,0,0
olema,"kohal, tarvis",1,1,0,0
olema,"koht, täis",1,1,0,0
olema,"kokku, lahti",1,1,0,0
olema,"kokku, ligi",2,2,0,0
olema,"kokku, nõus",1,1,0,0
olema,"kokku, ümber",1,1,0,0
olema,"koos, kaasa",1,1,0,0
olema,kuipalju,1,1,0,0
olema,käkkis,1,1,0,0
olema,käpuli,1,1,0,0
olema,"kõrvale, tarvis",2,2,0,0
olema,"kõrvalt, vaja",1,1,0,0
olema,kõrvu,1,1,0,0
olema,l2bi,1,1,0,0
olema,"lahti, ette",1,1,0,0
olema,"lahti, koos",1,1,0,0
olema,"lahti, rahul",2,2,0,0
olema,"laiali, tarvis",1,1,0,0
olema,loppis,1,1,0,0
olema,"läbi, vaatamata",1,1,0,0
olema,"läbi, ära",1,1,0,0
olema,lörri,1,1,0,0
olema,madalal,1,1,0,0
olema,mõneti,1,1,0,0
olema,"nõus, kaasa",1,1,0,0
olema,"nõus, kokku",1,1,0,0
olema,"nõus, vastu",4,4,0,0
olema,"nõus, võidu",1,1,0,0
olema,"nõus, võlgu",1,1,0,0
olema,okei,1,1,0,0
olema,"otsa, vaja",2,2,0,0
olema,"otsa, ära",1,1,0,0
olema,otsaees,1,1,0,0
olema,otsekohe,1,1,0,0
olema,otseti,1,1,0,0
olema,"peal, kohal",1,1,0,0
olema,"peal, laiali",1,1,0,0
olema,"peale, tagasi",1,1,0,0
olema,purjus,1,1,0,0
olema,põlvili,3,3,0,0
olema,"püsti, lahti",1,1,0,0
olema,"püsti, vaja",1,1,0,0
olema,"rahul, alla",1,1,0,0
olema,"rahul, lahti",1,1,0,0
olema,"rahul, sees",1,1,0,0
olema,"rahul, vaja",1,1,0,0
olema,"rahul, vast",1,1,0,0
olema,"rahul, välja",1,1,0,0
olema,"ringi, sees",1,1,0,0
olema,ripakil,1,1,0,0
olema,saatel,1,1,0,0
olema,sealtpoolt,1,1,0,0
olema,"sees, nõus",1,1,0,0
olema,"sees, tarvis",1,1,0,0
olema,"seespool, vaja",1,1,0,0
olema,"sekka, vaja",1,1,0,0
olema,selili,2,2,0,0
olema,"taga, rahul",1,1,0,0
olema,"tagasi, kinni",1,1,0,0
olema,"tagasi, tagasi",1,1,0,0
olema,"tagasi, üleval",1,1,0,0
olema,"tarvis, lahti",1,1,0,0
olema,"tarvis, puudu",1,1,0,0
olema,"tarvis, vastu",1,1,0,0
olema,tuksis,1,1,0,0
olema,vagusi,1,1,0,0
olema,"vaja, ennem",1,1,0,0
olema,"vaja, juurde, vaja",1,1,0,0
olema,"vaja, järel",1,1,0,0
olema,"vaja, kaasa",1,1,0,0
olema,"vaja, koha",1,1,0,0
olema,"vaja, kohale",1,1,0,0
olema,"vaja, kõrvalt",1,1,0,0
olema,"vaja, laiali",1,1,0,0
olema,"vaja, sees",1,1,0,0
olema,"vaja, tagasi",2,2,0,0
olema,"vaja, ümber",2,2,0,0
olema,"varjul, iial",1,1,0,0
olema,vasakule,1,1,0,0
olema,"vast, alles",1,1,0,0
olema,vidukil,1,1,0,0
olema,vingu,1,1,0,0
olema,väga-väga,1,1,0,0
olema,"välja, kinni",1,1,0,0
olema,võidu,1,1,0,0
olema,"võõrsil, vaja",1,1,0,0
olema,"ära, sassi",1,1,0,0
olema,"ära, vastu",1,1,0,0
olema,"ära, ära, ära",1,1,0,0
olema,ükspuha,1,1,0,0
olema,ülalpool,1,1,0,0
olema,"üle, ilma",1,1,0,0
olema,"üles, rahul",1,1,0,0
olema,"ümber, lahti",1,1,0,0
olemas-elama,,1,1,0,0
olemas-suhtlema,,1,1,0,0
olenema,kokku,2,2,0,0
olenema,lahti,2,2,0,0
olenema,peal,1,1,0,0
olenema,ringi,1,1,0,0
olenema,sisse,1,1,0,0
olesklema,ringi,1,1,0,0
olesklema,ära,1,1,0,0
oletama,ära,2,2,0,0
oli/olema,,2,2,0,0
olima,koos,3,3,0,0
olksima,,1,1,0,0
olla-minema,,1,1,0,0
olla-saama,ilma,1,1,0,0
ollema,ilma,1,1,0,0
ollema,sees,1,1,0,0
ollima,ära,1,1,0,0
olndgima,,1,1,0,0
olnduma,koos,1,1,0,0
olnuma,,1,1,0,0
olulisustuma,,1,1,0,0
omama,ees,1,1,0,0
omama,järele,1,1,0,0
omama,laiali,1,1,0,0
omama,maha,1,1,0,0
omama,pealt,1,1,0,0
omama,sees,1,1,0,0
omama,sisse,1,1,0,0
omama,üles,1,1,0,0
omama,ümber,1,1,0,0
omandama,eemale,1,1,0,0
omandama,ette,2,2,0,0
omandama,vaja,1,1,0,0
omandama,ära,2,2,0,0
omistama,ära,1,1,0,0
omkuma,,1,1,0,0
ommima,,1,1,0,0
omuma,,1,1,0,0
on-aitama,,1,1,0,0
on-mäletama,,1,1,0,0
on-pidama,,1,1,0,0
on-seletama,ära,1,1,0,0
on-tulema,,1,1,0,0
onama,"maha, maha",1,1,0,0
onama,peale,1,1,0,0
onama,tagasi,1,1,0,0
onanaarima,,1,1,0,0
onareerima,,2,2,0,0
oodetama,,1,1,0,0
ooduma,,1,1,0,0
ookima,,1,1,0,0
ooksendama,välja,1,1,0,0
oomama,,1,1,0,0
oonistuma,,1,1,0,0
oooopima,,1,1,0,0
ootama,"ees, kinni",1,1,0,0
ootama,"kaasas, ära",1,1,0,0
ootama,kallale,2,2,0,0
ootama,"kinni, ees",1,1,0,0
ootama,kohal,1,1,0,0
ootama,koht,1,1,0,0
ootama,kõrval,1,1,0,0
ootama,kõrvale,1,1,0,0
ootama,"läbi, ees",1,1,0,0
ootama,pealt,3,3,0,0
ootama,püsti,1,1,0,0
ootama,"ringi, ära",1,1,0,0
ootama,sealtpoolt,1,1,0,0
ootama,"tagasi, ära",1,1,0,0
ootama,vaja,3,3,0,0
ootama,"vastu, ära",1,1,0,0
ootama,ümber,1,1,0,0
ootasin-vaatama,,1,1,0,0
ootavad-hoidma,,1,1,0,0
ootereziimima,,1,1,0,0
ootmima,,1,1,0,0
ootnuma,,1,1,0,0
opereerima,maha,1,1,0,0
opkuma,,1,1,0,0
oplema,vaja,1,1,0,0
oplima,,1,1,0,0
oponeeruma,,2,2,0,0
orbiteerima,,1,1,0,0
organiseerima,kõrvale,1,1,0,0
organiseerima,laiali,1,1,0,0
organiseeruma,kaasa,1,1,0,0
organiseervima,,1,1,0,0
orgasmitsema,,1,1,0,0
orginaalima,,2,2,0,0
orgunnima,sisse,1,1,0,0
orgunnima,tagasi,1,1,0,0
orienteeruma,kohale,1,1,0,0
orienteeruma,ringi,1,1,0,0
orima,,1,1,0,0
orjama,kokku,1,1,0,0
orkima,,1,1,0,0
orpima,,1,1,0,0
ortografeerima,,2,2,0,0
osalema,kohal,1,1,0,0
osalema,ära,1,1,0,0
osalistuma,,1,1,0,0
osanema,,2,2,0,0
osatama,ette,1,1,0,0
osatama,kinni,1,1,0,0
osatama,vastu,1,1,0,0
oscima,,1,1,0,0
oska-toetama,,1,1,0,0
oskama,alt,1,1,0,0
oskama,eest,1,1,0,0
oskama,järele,1,1,0,0
oskama,kohale,1,1,0,0
oskama,koht,1,1,0,0
oskama,koos,1,1,0,0
oskama,lahku,2,2,0,0
oskama,mood,1,1,0,0
oskama,täis,1,1,0,0
oskama,ümber,1,1,0,0
oskame-julgema,,1,1,0,0
ostalgitsema,,1,1,0,0
ostan-laenama,,2,2,0,0
ostan-tellima,,1,1,0,0
ostdima,,1,1,0,0
ostima,ära,1,1,0,0
ostma,"kokku, kokku",1,1,0,0
ostma,kõrvalt,1,1,0,0
ostma,"kõrvalt, ära",2,2,0,0
ostma,lahti,2,2,0,0
ostma,peal,2,2,0,0
ostma,pealt,1,1,0,0
ostma,purjuspäi,1,1,0,0
ostma,rahule,1,1,0,0
ostma,sees,1,1,0,0
ostma,taha,1,1,0,0
ostma,vahel,1,1,0,0
ostma,"ära, juurde",1,1,0,0
ostma,"üle, kokku",1,1,0,0
ostma,"üle, ära",2,2,0,0
ostmssima,,1,1,0,0
ostnud-müünud-vahetama,,1,1,0,0
ostsustama,,2,2,0,0
osutama,ette,1,1,0,0
osutama,lahti,1,1,0,0
osutama,sisse,1,1,0,0
osutuma,hulgas,1,1,0,0
othima,,1,1,0,0
otsib-valima,,1,1,0,0
otsima,all,1,1,0,0
otsima,"edasi, üles",1,1,0,0
otsima,järele,2,2,0,0
otsima,kaasa,2,2,0,0
otsima,kohale,2,2,0,0
otsima,rahul,2,2,0,0
otsima,sees,1,1,0,0
otsima,sisse,2,2,0,0
otsima,"üle, taga",1,1,0,0
otsima,"üles, kinni",1,1,0,0
otsis-ostma,,2,2,0,0
otsustama,omapäi,2,2,0,0
otsustama,otsa,1,1,0,0
otsustama,vaja,1,1,0,0
ottima,,1,1,0,0
ottzima,,1,1,0,0
oudima,,1,1,0,0
oulima,,1,1,0,0
outima,,1,1,0,0
outlinema,,1,1,0,0
ovatsioneerima,,1,1,0,0
ovima,,1,1,0,0
ownima,vastu,1,1,0,0
oxendama,ära,1,1,0,0
ozima,,2,2,0,0
p2ttusima,,1,1,0,0
paaduma,välja,1,1,0,0
paaduma,ümber,1,1,0,0
paanikalobatoomitsema,,1,1,0,0
paanitsema,edasi,1,1,0,0
paanitsema,ette,1,1,0,0
paarima,kokku,1,1,0,0
paaritama,ära,1,1,0,0
paartykkima,,1,1,0,0
paarutama,ringi,1,1,0,0
paastsima,,1,1,0,0
paastuma,edasi,1,1,0,0
pabistama,ette,2,2,0,0
pablama,sees,1,1,0,0
packima,,1,1,0,0
pacutama,,1,1,0,0
padruma,,1,1,0,0
paelama,,1,1,0,0
paeluma,peale,1,1,0,0
paeluma,üle,1,1,0,0
paenema,,3,3,0,0
paenutama,,1,1,0,0
pagema,alla,3,3,0,0
pagema,kinni,1,1,0,0
pahandama,ilma,1,1,0,0
pahistama,välja,1,1,0,0
pahvatama,koos,1,1,0,0
pahvatama,lahti,1,1,0,0
pahvatama,üles,1,1,0,0
paidekiizuma,,1,1,0,0
paiduma,alla,1,1,0,0
paigal-tammuma,,1,1,0,0
paigaldama,alla,1,1,0,0
paigaldama,kohale,1,1,0,0
paigaldama,ligi,1,1,0,0
paigaldama,maha,1,1,0,0
paigaltatama,,1,1,0,0
paigutama,"ette, ära",1,1,0,0
paigutama,ilma,2,2,0,0
paigutama,järele,1,1,0,0
paigutama,läbi,1,1,0,0
paigutuma,ära,1,1,0,0
paiknema,koos,1,1,0,0
paiknema,sees,2,2,0,0
paiknema,üle,1,1,0,0
painduma,"edasi, peale",1,1,0,0
painduma,eemale,1,1,0,0
painduma,ette,2,2,0,0
painduma,maha,1,1,0,0
painduma,tagasi,1,1,0,0
painduma,taha,1,1,0,0
painduma,ümber,2,2,0,0
painutama,otsa,1,1,0,0
painutama,sees,1,1,0,0
painutama,tagasi,3,3,0,0
painutama,taha,1,1,0,0
painutama,vastu,1,1,0,0
painutama,üles,1,1,0,0
paiskama,kinni,1,1,0,0
paiskama,otsa,2,2,0,0
paiskama,pärani,2,2,0,0
paiskama,ringi,1,1,0,0
paiskama,"tagant, välja",1,1,0,0
paiskuma,"edasi, välja",1,1,0,0
paiskuma,juurde,1,1,0,0
paiskuma,mööda,1,1,0,0
paiskuma,tagant,3,3,0,0
paiskuma,"tagant, otsa",1,1,0,0
paistetama,"kinni, tagasi",1,1,0,0
paistetama,täis,1,1,0,0
paistma,esile,1,1,0,0
paistma,hulgas,1,1,0,0
paistma,järele,1,1,0,0
paistma,kohale,1,1,0,0
paistma,"kokku, läbi",1,1,0,0
paistma,kõrvale,1,1,0,0
paistma,lahjavõitu,1,1,0,0
paistma,poolt,1,1,0,0
paistma,päri,1,1,0,0
paistma,püsti,1,1,0,0
paistma,"välja, alla",1,1,0,0
paistma,"välja, läbi",1,1,0,0
paistma,"välja, ära",1,1,0,0
paistma,"üle, ilma",2,2,0,0
paistma,ümber,1,1,0,0
paisub-kahanema,,1,1,0,0
paisuma,kokku,1,1,0,0
paisuma,"tagant, välja",1,1,0,0
paisuma,tagasi,1,1,0,0
paisuma,üles,1,1,0,0
paisutama,laiali,1,1,0,0
paisutama,sisse,1,1,0,0
paisuvad-kahanema,,1,1,0,0
paitama,ära,1,1,0,0
paitama,üles,1,1,0,0
paitima,välja,1,1,0,0
pajatama,juurde,1,1,0,0
pajatama,pärast,1,1,0,0
pajatama,ära,1,1,0,0
pakendama,ära,1,1,0,0
pakkima,"pärast, kokku",1,1,0,0
pakkima,"tagasi, lahti",1,1,0,0
pakkuma,"alla, üles",1,1,0,0
pakkuma,alt,2,2,0,0
pakkuma,kaasas,1,1,0,0
pakkuma,"kaupa, välja",1,1,0,0
pakkuma,lõhki,1,1,0,0
pakkuma,nõus,2,2,0,0
pakkuma,otsa,1,1,0,0
pakkuma,pooleli,1,1,0,0
pakkuma,vaja,2,2,0,0
pakkuma,"välja, peale",1,1,0,0
pakkuma,"välja, pealt",1,1,0,0
pakkuma,"välja, sisse",1,1,0,0
pakkuma,võidu,1,1,0,0
pakkus-hankima,,1,1,0,0
pakkus-pakkuma,,1,1,0,0
paksima,,3,3,0,0
pakutama,ära,1,1,0,0
paljanema,,1,1,0,0
paljastama,ette,1,1,0,0
paljastama,tagant,1,1,0,0
paljastuma,osakaupa,1,1,0,0
palju6nnema,,1,1,0,0
paljukordistama,,1,1,0,0
paljunema,koos,1,1,0,0
paljunema,tagasi,1,1,0,0
paljunema,vaja,1,1,0,0
paljuvõimima,,1,1,0,0
palkama,tagasi,1,1,0,0
pallima,vastu,2,2,0,0
palmima,lahti,1,1,0,0
paluma,"ette, ära",1,1,0,0
paluma,pihta,1,1,0,0
paluma,rahul,1,1,0,0
paluma,"ära, lahku",1,1,0,0
palwetama,,1,1,0,0
pammima,,1,1,0,0
pandgima,,1,1,0,0
pandgima,mööda,1,1,0,0
pandsima,,1,1,0,0
panduma,,1,1,0,0
panema,"alla, kinni",2,2,0,0
panema,"alla, nahka",1,1,0,0
panema,"alla, tagasi",1,1,0,0
panema,"alla, ära",1,1,0,0
panema,"alt, peal",1,1,0,0
panema,"edasi, ära",1,1,0,0
panema,"eest, taga",1,1,0,0
panema,"ette, ette",1,1,0,0
panema,"ette, sisse",1,1,0,0
panema,"ette, vaja",1,1,0,0
panema,"ilma, kinni",1,1,0,0
panema,"ilma, ära",1,1,0,0
panema,ilusti,1,1,0,0
panema,"juurde, taga",1,1,0,0
panema,järel,1,1,0,0
panema,"kinni, järgi",1,1,0,0
panema,"kinni, maha",1,1,0,0
panema,"kokku, välja",2,2,0,0
panema,"koos, alla",1,1,0,0
panema,"kõrvale, juurde",1,1,0,0
panema,loha,1,1,0,0
panema,"läbi, välja",1,1,0,0
panema,"maha, kinni",1,1,0,0
panema,"maha, tagasi",1,1,0,0
panema,mood,1,1,0,0
panema,moodi,1,1,0,0
panema,"mööda, plehku",1,1,0,0
panema,nõus,3,3,0,0
panema,"otsa, ette",1,1,0,0
panema,"otsa, kokku",1,1,0,0
panema,"otsa, ringi",1,1,0,0
panema,otsas,2,2,0,0
panema,paigale,1,1,0,0
panema,"peale, ringi",1,1,0,0
panema,pidama,1,1,0,0
panema,"pooleli, kõrvale",1,1,0,0
panema,purju,1,1,0,0
panema,"pärast, tagasi",1,1,0,0
panema,"püsti, edasi",1,1,0,0
panema,"püsti, ringi",1,1,0,0
panema,"ringi, ära",1,1,0,0
panema,selili,1,1,0,0
panema,"sisse, ringi",1,1,0,0
panema,"sisse, üles",1,1,0,0
panema,säru,1,1,0,0
panema,"tagasi, kohale",1,1,0,0
panema,"tagasi, kokku",1,1,0,0
panema,"tagasi, ära",2,2,0,0
panema,"täis, tähele",1,1,0,0
panema,vasakule,1,1,0,0
panema,vastamisi,1,1,0,0
panema,"vastu, mööda",1,1,0,0
panema,"vastu, mööda, ära",1,1,0,0
panema,"välja, vahele",1,1,0,0
panema,võima,1,1,0,0
panema,»,2,2,0,0
panema,"ära, pärast",1,1,0,0
panema,"ära, tagasi",1,1,0,0
panema,"ära, ära",1,1,0,0
panema,"üle, välja",1,1,0,0
panema,"üles, kõrvale",1,1,0,0
panema,"üles, võlgu",1,1,0,0
panema,"üles, üle",1,1,0,0
panema,"ümber, tagasi",1,1,0,0
panenema,,1,1,0,0
panetama,ära,1,1,0,0
pangetsema,,1,1,0,0
panin-kuulma,,1,1,0,0
panitsema,,1,1,0,0
pannema,ära,1,1,0,0
pansjonaadima,,1,1,0,0
pantima,kinni,1,1,0,0
pantima,kokku,2,2,0,0
pantima,maha,1,1,0,0
pantima,peale,3,3,0,0
pantima,välja,1,1,0,0
pantuma,sisse,1,1,0,0
panuma,tähele,1,1,0,0
panustama,edasi,1,1,0,0
panustama,järele,2,2,0,0
panustama,peale,2,2,0,0
paotuma,ees,1,1,0,0
paotuma,vaja,1,1,0,0
paraarima,ära,1,1,0,0
paradokslema,,2,2,0,0
parandama,heaks,1,1,0,0
parandama,kinni,1,1,0,0
parandama,kohal,2,2,0,0
parandama,koos,1,1,0,0
parandama,nõus,1,1,0,0
parandama,pärast,1,1,0,0
parandama,vahele,1,1,0,0
parandama,ümber,1,1,0,0
paranema,edasi,2,2,0,0
paranema,kinni,1,1,0,0
paranema,sees,1,1,0,0
paranema,välja,1,1,0,0
paranema,ümber,1,1,0,0
parantatama,,1,1,0,0
parareerima,,1,1,0,0
parastama,peale,1,1,0,0
pareerima,ette,3,3,0,0
pareerima,"ette, ära",1,1,0,0
pareerima,kõrvale,1,1,0,0
pareerima,vahele,1,1,0,0
parem-klikkima,,1,1,0,0
paremustama,,1,1,0,0
paristama,välja,2,2,0,0
park-stiilima,,1,1,0,0
parkima,edasi,2,2,0,0
parkima,vaja,1,1,0,0
parteiustama,,1,1,0,0
partsama,välja,1,1,0,0
partsima,edasi,1,1,0,0
partsima,juurde,1,1,0,0
partsima,poolt,1,1,0,0
partsutama,,1,1,0,0
parvetama,kohale,1,1,0,0
parvlema,ümber,1,1,0,0
pasandama,alla,1,1,0,0
paseeruma,,1,1,0,0
passima,all,1,1,0,0
passima,"ees, taga",1,1,0,0
passima,ilma,1,1,0,0
passima,kõrvale,2,2,0,0
passima,kõrvalt,1,1,0,0
passima,lähedal,2,2,0,0
passima,ringi,1,1,0,0
passima,vastu,1,1,0,0
passima,ümber,1,1,0,0
passitama,peale,2,2,0,0
pasundama,ette,1,1,0,0
patchima,,4,4,0,0
patenteerima,"ette, ära",1,1,0,0
patenteerima,peale,1,1,0,0
paterdama,tagasi,2,2,0,0
paterdama,välja,1,1,0,0
patrama,kõrvale,1,1,0,0
patsatama,alla,1,1,0,0
patsatama,rahul,1,1,0,0
patseerima,"ringi, ringi",1,1,0,0
patsutama,edasi,1,1,0,0
patsutama,kinni,1,1,0,0
patsutama,pärast,1,1,0,0
pattu-sööma,täis,1,1,0,0
patustama,koos,1,1,0,0
patustama,vastu,2,2,0,0
paugutama,ees,1,1,0,0
paugutama,"ees, taga",1,1,0,0
paugutama,lahti,1,1,0,0
paugutama,ringi,2,2,0,0
paukuma,üle,1,1,0,0
pausi-töötama,,1,1,0,0
pausima,,1,1,0,0
pausitama,,2,2,0,0
peab-kestma,,1,1,0,0
peadirigeerima,,1,1,0,0
peaistama,,1,1,0,0
peakima,,2,2,0,0
peakkima,,1,1,0,0
peakksima,,1,1,0,0
peaksid-võima,,1,1,0,0
pealkirjastama,tagasi,1,1,0,0
peamurdmist-olema,ringi,1,1,0,0
pean-olema,,1,1,0,0
pearlima,,1,1,0,0
peatama,ringi,1,1,0,0
peatuma,all,1,1,0,0
peatuma,alla,1,1,0,0
peatuma,klirinal,1,1,0,0
peatuma,koha,1,1,0,0
peatuma,kõrvale,1,1,0,0
peatuma,peal,1,1,0,0
peatuma,sees,1,1,0,0
peatuma,täis,1,1,0,0
peatuma,"üles, üles",1,1,0,0
peatun-parkima,,1,1,0,0
peavad-teadma,,1,1,0,0
peaxkima,,1,1,0,0
pedaalima,ees,1,1,0,0
pedaalima,koos,1,1,0,0
pedaalima,läbi,1,1,0,0
pedaalima,omapäi,1,1,0,0
pedaliseerima,,1,1,0,0
pedereerima,vastu,1,1,0,0
pedestuma,,1,1,0,0
peeeeerima,,1,1,0,0
peegeldama,kinni,1,1,0,0
peegeldama,peale,1,1,0,0
peegeldama,ringi,1,1,0,0
peegeldama,sisse,1,1,0,0
peegeldama,ära,2,2,0,0
peegeldama,üle,1,1,0,0
peegelduma,järele,1,1,0,0
peegelduma,"sisse, tagasi",2,2,0,0
peenestama,mööda,1,1,0,0
peensoolebioptaadima,,1,1,0,0
peenutsema,üle,1,1,0,0
peeretama,läbi,1,1,0,0
peeretama,otsa,1,1,0,0
peeretama,ära,2,2,0,0
peesitama,all,1,1,0,0
peesitama,edasi,1,1,0,0
peesitama,kõrval,1,1,0,0
peetama,vaja,1,1,0,0
peetima,,1,1,0,0
peetruma,,1,1,0,0
peetuma,ette,3,3,0,0
peetuma,tagasi,1,1,0,0
peetuma,"välja, välja",1,1,0,0
pehkima,ära,1,1,0,0
pehmendama,välja,1,1,0,0
pehmenema,ära,1,1,0,0
peibuma,,1,1,0,0
peitma,"alla, ära",2,2,0,0
peitma,eest,1,1,0,0
peitma,ringi,1,1,0,0
peitma,vahele,1,1,0,0
peitma,"ära, ära",1,1,0,0
peitma,üle,1,1,0,0
peituma,eest,1,1,0,0
peituma,läbi,1,1,0,0
peituma,peale,1,1,0,0
peituma,taha,1,1,0,0
peituma,vastu,1,1,0,0
pekslema,alla,1,1,0,0
pekslema,üles,1,1,0,0
peksma,ette,2,2,0,0
peksma,juurde,1,1,0,0
peksma,kaasa,1,1,0,0
peksma,rahul,1,1,0,0
peksma,taga,2,2,0,0
peksma,tagant,1,1,0,0
pekuma,ära,1,1,0,0
peletama,edasi,2,2,0,0
peletama,"eemale, ära",1,1,0,0
peletama,külge,1,1,0,0
peletama,ringi,1,1,0,0
pelgama,kaasa,1,1,0,0
pendeldama,edasi,1,1,0,0
pendeldama,tagasi,1,1,0,0
pendeldama,üle,1,1,0,0
penema,,5,5,0,0
pensioneerima,kinni,1,1,0,0
peputama,,1,1,0,0
pere-kondama,,1,1,0,0
perima,alles,1,1,0,0
perima,läbi,1,1,0,0
perima,lähedal,1,1,0,0
perima,ringi,1,1,0,0
perlima,,2,2,0,0
perspektiiiivima,,1,1,0,0
perverssnema,,2,2,0,0
pervertnema,,1,1,0,0
pervima,,1,1,0,0
pervotsema,,1,1,0,0
perätuma,,1,1,0,0
pesema,all,2,2,0,0
pesema,"all, maha",1,1,0,0
pesema,alt,1,1,0,0
pesema,"läbi, kokku",1,1,0,0
pesema,nõus,1,1,0,0
pesinema,,2,2,0,0
pesitsema,all,1,1,0,0
pesitsema,kaasa,2,2,0,0
pesitsema,kokku,1,1,0,0
pesitsema,üle,2,2,0,0
pestitsema,,1,1,0,0
pettama,,1,1,0,0
pettuma,põrmugi,1,1,0,0
pettuma,ära,1,1,0,0
pexlema,,1,1,0,0
piBima,,1,1,0,0
pianema,,1,1,0,0
pickima,,1,1,0,0
pidama,"edasi, vastu",1,1,0,0
pidama,"eest, kinni",1,1,0,0
pidama,"kaasa, vastu",1,1,0,0
pidama,kaldu,1,1,0,0
pidama,keskel,1,1,0,0
pidama,keskele,1,1,0,0
pidama,"kinni, alla",1,1,0,0
pidama,"kinni, maha",1,1,0,0
pidama,"kinni, tagasi",1,1,0,0
pidama,"kinni, valmis",1,1,0,0
pidama,"kokku, vastu",1,1,0,0
pidama,"lahti, vastu",2,2,0,0
pidama,"laiali, üle",1,1,0,0
pidama,"läbi, vastu",1,1,0,0
pidama,millalgi,1,1,0,0
pidama,onju,1,1,0,0
pidama,peksma,1,1,0,0
pidama,pool,1,1,0,0
pidama,"tagasi, vastu",1,1,0,0
pidama,vait,1,1,0,0
pidama,võõrsil,1,1,0,0
pidama,"ära, üleval",1,1,0,0
pidama,"üle, vastu",3,3,0,0
pidurdama,edasi,1,1,0,0
pidurdama,kuigivõrd,1,1,0,0
pidurdama,peal,1,1,0,0
pidurisysteemima,,1,1,0,0
pidustama,,1,1,0,0
pidutsema,ilma,1,1,0,0
pidutsema,täis,1,1,0,0
pidutsema,üle,1,1,0,0
piengima,,1,1,0,0
pigistama,alla,1,1,0,0
pigistama,"kohal, kinni",1,1,0,0
pigistama,vahele,1,1,0,0
pigituma,kinni,1,1,0,0
pignuma,,1,1,0,0
pihklema,,2,2,0,0
pihtima,kõrvale,1,1,0,0
pihtima,ära,1,1,0,0
pihunema,,1,1,0,0
pihustama,ära,1,1,0,0
piidlema,otsa,1,1,0,0
piidlema,sisse,1,1,0,0
piiksuma,kõrvalt,1,1,0,0
piiksutama,lahti,1,1,0,0
piiluma,"alla, ringi",1,1,0,0
piiluma,eemale,1,1,0,0
piiluma,"tagant, välja",1,1,0,0
piiluma,taha,1,1,0,0
piiluma,vahelt,1,1,0,0
piin-sööma,,1,1,0,0
piinama,kinni,1,1,0,0
piinavõima,,1,1,0,0
piinutama,saati,1,1,0,0
piirama,"sisse, lähedal",1,1,0,0
piirduma,esile,1,1,0,0
piirduma,ilma,1,1,0,0
piirduma,juurde,1,1,0,0
piirduma,lahti,1,1,0,0
piirduma,tarvis,1,1,0,0
piirduma,ära,2,2,0,0
piiritlema,välja,2,2,0,0
piiritlema,ära,3,3,0,0
piisab-piisab-piisama,,1,1,0,0
piisama,juurde,2,2,0,0
piisama,kohal,1,1,0,0
piisama,kohale,1,1,0,0
piisama,läbi,1,1,0,0
piisama,nõus,1,1,0,0
piitima,,1,1,0,0
pikandama,,1,1,0,0
pikenema,edasi,3,3,0,0
pikenevad-lühenema,,1,1,0,0
pilama,läbi,1,1,0,0
pilastama,ära,1,1,0,0
pildista-katsetama,,1,1,0,0
pildistama,välja,1,1,0,0
pilduma,järele,2,2,0,0
pilduma,kokku,1,1,0,0
pilduma,mööda,2,2,0,0
piletama,,1,1,0,0
pilkama,edasi,1,1,0,0
pillama,ette,1,1,0,0
pillama,katki,1,1,0,0
pillama,käest,1,1,0,0
pillama,lahti,1,1,0,0
pillama,üles,2,2,0,0
pillutama,mööda,1,1,0,0
pillutama,välja,1,1,0,0
pillutama,üle,1,1,0,0
pilt-oskama,,1,1,0,0
pilttima,,1,1,0,0
pimpima,,1,1,0,0
pingereastama,,1,1,0,0
pingestama,ette,1,1,0,0
pinguma,,2,2,0,0
pingutama,alla,1,1,0,0
pingutama,ees,1,1,0,0
pingutama,ette,1,1,0,0
pingutama,järele,3,3,0,0
pingutama,kaasa,1,1,0,0
pingutama,koos,1,1,0,0
pingutama,ringi,1,1,0,0
pingutama,tarvis,1,1,0,0
pingutama,vaja,1,1,0,0
pingutama,"üle, ära",3,3,0,0
pingutama,üles,1,1,0,0
pingŽima,,1,1,0,0
pinisema,ette,1,1,0,0
pinistama,"läbi, tagasi",1,1,0,0
pintseldama,alla,1,1,0,0
pintseldama,kokku,1,1,0,0
piparda-soolama,,2,2,0,0
piraadistama,,1,1,0,0
pirisevad-sumisema,,2,2,0,0
piristama,,1,1,0,0
pirtsuma,,1,1,0,0
pisardama,teispool,1,1,0,0
piserdama,all,1,1,0,0
piskuma,,2,2,0,0
pissima,püsti,1,1,0,0
pissima,sisse,4,4,0,0
pissivad-kakama,,1,1,0,0
pissueerima,,1,1,0,0
pistma,külge,1,1,0,0
pistma,väljapoole,1,1,0,0
pistma,üles,1,1,0,0
piuksuma,vahele,1,1,0,0
piuxuma,,2,2,0,0
pixlima,,1,1,0,0
pizzima,,1,1,0,0
plaadistama,edasi,1,1,0,0
plaadistama,ära,1,1,0,0
plaanima,algul,1,1,0,0
plaanima,juurde,1,1,0,0
plaanima,kohal,2,2,0,0
plaanima,kohale,1,1,0,0
plaanima,sisse,1,1,0,0
plaanima,valmis,1,1,0,0
plaanima,üle,1,1,0,0
plaanima,üles,1,1,0,0
plaanis-minema,välja,1,1,0,0
plaanistama,,1,1,0,0
plaatima,ära,1,1,0,0
placima,,2,2,0,0
plaffatama,,2,2,0,0
plageerima,ära,1,1,0,0
plahavatama,,1,1,0,0
plahevatama,,1,1,0,0
plahvatama,all,4,4,0,0
plahvatama,sees,2,2,0,0
plahvatama,täis,2,2,0,0
plaksama,,3,3,0,0
plaksama,lahti,1,1,0,0
plaksama,puruks,1,1,0,0
plaksutama,lahti,1,1,0,0
planeerima,"ette, ära",1,1,0,0
planeerima,kõrvale,1,1,0,0
planeerima,külge,1,1,0,0
planeerima,tagasi,1,1,0,0
planeerima,valmis,1,1,0,0
planeerima,vastu,1,1,0,0
plapima,,1,1,0,0
platseerima,,1,1,0,0
platseeruma,keskele,1,1,0,0
pleegitama,välja,1,1,0,0
pleegitama,ära,1,1,0,0
pleekkima,,1,1,0,0
plekkima,edasi,1,1,0,0
plekkima,pärast,1,1,0,0
plessima,,1,1,0,0
plinkima,alla,2,2,0,0
plinkima,edasi,1,1,0,0
plinkima,tagasi,1,1,0,0
plinkima,vastu,2,2,0,0
plixxsima,,1,1,0,0
plokeerima,taga,1,1,0,0
pluhvima,,2,2,0,0
plumpsuma,,1,1,0,0
pluristama,,1,1,0,0
plusima,,1,1,0,0
pläkerdama,täis,1,1,0,0
pläkutama,edasi,1,1,0,0
plämama,edasi,1,1,0,0
plärisema,sees,1,1,0,0
plärisema,välja,1,1,0,0
plärtsatama,lahti,1,1,0,0
plärtsatama,välja,1,1,0,0
plärtsuma,peale,1,1,0,0
plärtuma,,1,1,0,0
plätsima,kokku,1,1,0,0
pläänima,sisse,1,1,0,0
plõksatama,lahti,1,1,0,0
plõksatama,peal,1,1,0,0
plõksatama,puruks,1,1,0,0
plõksima,edasi,1,1,0,0
plõksima,taga,1,1,0,0
plõksima,vastu,1,1,0,0
plõksuma,üle,1,1,0,0
plõnksuma,,2,2,0,0
plõnnitama,võidu,1,1,0,0
plökerdama,peale,1,1,0,0
plötserdama,valmis,1,1,0,0
plöxima,ära,1,1,0,0
pnaduma,,1,1,0,0
poakuma,,1,1,0,0
pobisema,edasi,1,1,0,0
pobisema,vastu,2,2,0,0
podistama,läbi,1,1,0,0
poegima,peale,1,1,0,0
poetama,ette,1,1,0,0
poetama,järel,1,1,0,0
poetama,kaasas,2,2,0,0
poetama,laiali,1,1,0,0
poetama,läbi,1,1,0,0
poetama,täis,1,1,0,0
poetiseerima,läbi,1,1,0,0
poetuma,tagasi,1,1,0,0
pohjendama,,2,2,0,0
poiduma,,1,1,0,0
pointlema,,1,1,0,0
poksima,edasi,2,2,0,0
pokslema,,2,2,0,0
poleerima,edasi,1,1,0,0
poleerima,läbi,1,1,0,0
poletama,,1,1,0,0
polgima,,1,1,0,0
politiseerima,välja,1,1,0,0
polnnuma,,1,1,0,0
polümeriseerima,,1,1,0,0
pomiauguma,,1,1,0,0
pomisema,eemale,1,1,0,0
pommitama,maatasa,1,1,0,0
pommitama,peale,1,1,0,0
pommitama,üle,1,1,0,0
ponema,,1,1,0,0
ponnestama,,1,1,0,0
ponnistama,vastu,1,1,0,0
ponuma,nõus,1,1,0,0
ponuma,valmis,1,1,0,0
poodima,,1,1,0,0
pookima,kaasa,1,1,0,0
pooldama,ilma,1,1,0,0
pooldama,kaasa,1,1,0,0
pooldama,maha,2,2,0,0
pooldama,tarvis,1,1,0,0
pooldama,vaja,1,1,0,0
pooma,alla,1,1,0,0
pooma,"külge, üles",1,1,0,0
pooma,"tagasi, üles",1,1,0,0
pooratama,,1,1,0,0
poosetama,ringi,1,1,0,0
poottima,,1,1,0,0
poovima,,2,2,0,0
popima,,1,1,0,0
poppima,,1,1,0,0
popsuma,tagasi,1,1,0,0
popsutama,edasi,2,2,0,0
popsutama,tagasi,1,1,0,0
popsutama,vastu,1,1,0,0
popsutama,ära,1,1,0,0
populariseeruma,,2,2,0,0
poputama,üles,1,1,0,0
porgatama,,1,1,0,0
porkuma,,1,1,0,0
pornima,,1,1,0,0
pornografiseeruma,,1,1,0,0
portima,ära,1,1,0,0
posima,tagasi,1,1,0,0
positsioneerima,ümber,1,1,0,0
postitama,tagasi,1,1,0,0
postitama,vaja,1,1,0,0
postitama,valmis,1,1,0,0
postitama,üle,1,1,0,0
postuleerima,ümber,1,1,0,0
potensitama,,1,1,0,0
potesteerima,,1,1,0,0
potima,,1,1,0,0
potitama,ära,1,1,0,0
potsama,alla,1,1,0,0
potsama,välja,1,1,0,0
potsatama,juurde,1,1,0,0
potsatama,kinni,1,1,0,0
potsatama,läbi,1,1,0,0
potsatama,ringi,1,1,0,0
pouutuma,,1,1,0,0
pośtitama,,1,1,0,0
praadima,pealt,1,1,0,0
praadima,vahel,1,1,0,0
praalima,ringi,1,1,0,0
praalima,välja,1,1,0,0
praavitama,ära,1,1,0,0
praavuma,,1,1,0,0
praegu-segama,,1,1,0,0
pragistama,,1,1,0,0
prahtima,edasi,2,2,0,0
prakiirima,,1,1,0,0
praksatama,laiali,1,1,0,0
praksuma,edasi,1,1,0,0
prantsatama,"alla, tagasi",1,1,0,0
prantsatama,kaasa,1,1,0,0
prantsatama,külili,1,1,0,0
prantsatama,valla,1,1,0,0
prantsatama,välja,2,2,0,0
preeguma,,1,1,0,0
premeeruma,,1,1,0,0
prepareerima,välja,1,1,0,0
presenteerima,ära,3,3,0,0
pressima,esile,2,2,0,0
pressima,"tagasi, kinni",1,1,0,0
pressima,takka,2,2,0,0
pressima,tarvis,1,1,0,0
pressima,täis,1,1,0,0
pressima,üle,1,1,0,0
pressuma,,1,1,0,0
pretendeerima,lahti,1,1,0,0
pretendeerima,peale,2,2,0,0
pretendeerima,välja,1,1,0,0
prevaleerima,välja,1,1,0,0
pricima,,1,1,0,0
prillipapastuma,,1,1,0,0
primama,,2,2,0,0
printima,alles,1,1,0,0
printsiip-rääkima,,1,1,0,0
printuma,,1,1,0,0
printuma,välja,1,1,0,0
priorideetima,,1,1,0,0
pritsema,,1,1,0,0
pritsima,sisse,3,3,0,0
privatama,,1,1,0,0
probleemitähendama,,1,1,0,0
produtseerima,üle,1,1,0,0
proffotseerima,,1,1,0,0
profileerima,ümber,1,1,0,0
progageerima,,1,1,0,0
progema,juurde,2,2,0,0
progema,kinni,1,1,0,0
progema,sees,1,1,0,0
progetama,,1,1,0,0
prognoosima,sisse,2,2,0,0
programeerima,,2,2,0,0
progreseeruma,,1,1,0,0
proijtseeruma,,1,1,0,0
projekteerima,alla,1,1,0,0
projekteerima,juurde,3,3,0,0
projekteerima,sisse,1,1,0,0
projekteerima,tarvis,1,1,0,0
projekteerinud-ehitama,,1,1,0,0
projitseerima,ette,1,1,0,0
prolifereeruma,,1,1,0,0
promoma,edasi,2,2,0,0
promoma,vaja,1,1,0,0
promoma,üles,1,1,0,0
proneerima,ära,1,1,0,0
pronnima,kinni,1,1,0,0
proogima,,1,1,0,0
proovima,kaudu,1,1,0,0
proovima,keskele,1,1,0,0
proovima,peal,2,2,0,0
proovima,pealt,1,1,0,0
proovima,püsti,1,1,0,0
proovima,uppi,1,1,0,0
proovima,"valmis, ära",1,1,0,0
proovima,vast,1,1,0,0
proovima,vastu,3,3,0,0
proovima,"ära, peal",1,1,0,0
proovima,ühte,1,1,0,0
proovima,"üles, alla",1,1,0,0
proovime-arutama,,1,1,0,0
propageerima,välja,1,1,0,0
propageerima,ära,1,1,0,0
proportsionaalima,,1,1,0,0
prosotseerima,,1,1,0,0
protestima,ette,1,1,0,0
protestima,nõus,1,1,0,0
protestima,välja,1,1,0,0
protsessima,üle,1,1,0,0
protsettima,,1,1,0,0
proveteerima,,1,1,0,0
provotseerima,välja,2,2,0,0
prtisima,,1,1,0,0
prugima,,2,2,0,0
prussima,,1,1,0,0
pruukima,esile,1,1,0,0
pruukima,pealt,1,1,0,0
pruukima,püsti,1,1,0,0
pruukima,sees,1,1,0,0
pruukima,välja,2,2,0,0
pruukinud-tohtima,,1,1,0,0
pruulima,nõus,1,1,0,0
pruulima,valmis,1,1,0,0
pruunistuma,pealt,2,2,0,0
pruuskama,välja,1,1,0,0
prvasima,,1,1,0,0
präguma,,1,1,0,0
präuksuma,,1,1,0,0
prõksama,,1,1,0,0
prõksatama,pooleks,1,1,0,0
prõxuma,,1,1,0,0
pröökama,üle,1,1,0,0
prügikastuma,,1,1,0,0
psaalima,,1,1,0,0
psühholoogitsema,,1,1,0,0
publitseerima,välja,1,1,0,0
pudelistama,,1,1,0,0
pudenema,järele,1,1,0,0
pudenema,kõrvale,1,1,0,0
pudenema,otsa,1,1,0,0
pudenenud-kogunema,,1,1,0,0
pudisema,maha,1,1,0,0
pudistama,välja,1,1,0,0
pudistama,ära,2,2,0,0
puditsema,,1,1,0,0
pugema,esile,1,1,0,0
pugema,juurde,2,2,0,0
pugema,"tagant, välja",1,1,0,0
pugema,tuttu,1,1,0,0
pugima,ära,2,2,0,0
puguma,,1,1,0,0
puha-olema,,1,1,0,0
puhandama,,1,1,0,0
puhastama,alla,1,1,0,0
puhastama,nahka,1,1,0,0
puhastama,"sisse, ära",1,1,0,0
puhastama,"ära, peale",1,1,0,0
puhatud-hakkama,,1,1,0,0
puhkama,tagasi,1,1,0,0
puhkama,täis,2,2,0,0
puhkama,vahel,1,1,0,0
puhkavad-võistlevad-lõbutsema,,1,1,0,0
puhkema,kohal,1,1,0,0
puhkema,kokku,2,2,0,0
puhkema,lähedal,1,1,0,0
puhkima,välja,1,1,0,0
puhklema,,1,1,0,0
puhmastuma,,1,1,0,0
puhsatama,ära,1,1,0,0
puhtuma,üles,1,1,0,0
puhu-ja-pigistama,,1,1,0,0
puhul-olema,,1,1,0,0
puhultoimima,,1,1,0,0
puhuma,"eest, ära",1,1,0,0
puhuma,lõhki,1,1,0,0
puhuma,"tagant, ära",1,1,0,0
puhuma,"tagasi, sisse",1,1,0,0
puhuma,"vahelt, läbi",1,1,0,0
puhuma,vast,1,1,0,0
puhuma,"üles, üles",1,1,0,0
puid-olema,,1,1,0,0
puiklema,alul,1,1,0,0
puistama,kõrvale,1,1,0,0
puksatama,,1,1,0,0
pukseerima,välja,1,1,0,0
pukseerima,ära,1,1,0,0
puksima,eemale,1,1,0,0
pulgastuma,,1,1,0,0
pulitama,,1,1,0,0
pulkama,peale,1,1,0,0
pullerdama,,1,1,0,0
pulseeruma,,1,1,0,0
pulsseerima,kaasa,1,1,0,0
pultima,,1,1,0,0
pumpama,üle,1,1,0,0
punama,nõus,1,1,0,0
punastama,läbi,1,1,0,0
punerdama,,3,3,0,0
pungestama,,1,1,0,0
pungima,,2,2,0,0
pungitama,välja,3,3,0,0
pungituma,,1,1,0,0
punima,vastu,1,1,0,0
punkari-stiilima,,1,1,0,0
punnima,eest,1,1,0,0
punnima,juurde,1,1,0,0
punnima,ära,2,2,0,0
punnitama,järele,1,1,0,0
punnitama,kaasa,1,1,0,0
punnitama,kokku,1,1,0,0
punnitama,otsa,1,1,0,0
punnitama,sisse,1,1,0,0
punnitama,täis,1,1,0,0
punnituma,,2,2,0,0
punsuma,esile,1,1,0,0
punuma,"eest, ära",1,1,0,0
punuma,ette,1,1,0,0
punuma,järel,1,1,0,0
punuma,ümber,1,1,0,0
puputama,,1,1,0,0
purema,edasi,1,1,0,0
purema,sisse,1,1,0,0
purema,välja,1,1,0,0
purjetama,eest,2,2,0,0
purjuma,,2,2,0,0
purjutama,edasi,1,1,0,0
purskama,läbi,1,1,0,0
purskama,mööda,1,1,0,0
purskuma,ette,2,2,0,0
purskuma,lahti,1,1,0,0
purunema,alles,1,1,0,0
purunema,lähedal,1,1,0,0
purustama,läbi,1,1,0,0
purustama,nõus,1,1,0,0
purustama,peale,1,1,0,0
purustama,ringi,1,1,0,0
puseldama,,1,1,0,0
pushi-tuduma,,1,1,0,0
pushima,,1,1,0,0
pushshima,edasi,1,1,0,0
pushshima,taga,1,1,0,0
pusima,alla,2,2,0,0
pusima,sisse,1,1,0,0
pusima,vastu,2,2,0,0
pusima,ära,1,1,0,0
puskima,alla,2,2,0,0
puskima,kallal,1,1,0,0
pusklema,välja,1,1,0,0
pussutama,,2,2,0,0
puterdama,edasi,1,1,0,0
puterdama,sees,1,1,0,0
putitama,edasi,1,1,0,0
puttama,,3,3,0,0
puttima,tagasi,1,1,0,0
puttima,täis,1,1,0,0
puudkuma,,1,1,0,0
puudnuma,,3,3,0,0
puuduma,edasi,3,3,0,0
puuduma,eest,1,1,0,0
puuduma,pärast,1,1,0,0
puuduma,taga,1,1,0,0
puuduma,tagant,1,1,0,0
puuduma,vahelt,1,1,0,0
puudutama,ilma,2,2,0,0
puudutama,kõrvale,1,1,0,0
puudutama,külge,1,1,0,0
puudutama,ligi,1,1,0,0
puudutama,pealt,2,2,0,0
puudutama,saadik,1,1,0,0
puurima,maha,1,1,0,0
puurima,täis,1,1,0,0
puurima,üle,1,1,0,0
puutuma,all,1,1,0,0
puutuma,edasi,1,1,0,0
puutuma,ilma,1,1,0,0
puutuma,"kokku, läbi",3,3,0,0
puutuma,"kokku, vaja",1,1,0,0
puutuma,nõus,1,1,0,0
puutuma,peale,1,1,0,0
puutuma,pealt,2,2,0,0
puutuma,puudu,1,1,0,0
puutuma,tarvis,1,1,0,0
puutuma,üles,1,1,0,0
pygima,,1,1,0,0
pyhkima,ära,1,1,0,0
pyhtima,,2,2,0,0
pyrkima,sisse,1,1,0,0
pysima,sees,2,2,0,0
pystatama,,1,1,0,0
pyyaxima,,1,1,0,0
pyytsima,,1,1,0,0
pädema,koos,1,1,0,0
päestnuma,,1,1,0,0
päevaks-paarima,vaja,1,1,0,0
päevitama,juurde,1,1,0,0
päevituma,peal,1,1,0,0
pähjendama,,1,1,0,0
pähvima,,1,1,0,0
päikepaistama,,1,1,0,0
päikestpaistama,,1,1,0,0
päiknema,,1,1,0,0
pälvima,juurde,1,1,0,0
pändima,,1,1,0,0
pänema,,1,1,0,0
pärastkuuekümnendama,,1,1,0,0
pärima,alla,2,2,0,0
pärima,eemale,1,1,0,0
pärima,ette,1,1,0,0
pärima,lahti,1,1,0,0
pärima,läbi,1,1,0,0
pärima,puruks,1,1,0,0
pärima,sisse,1,1,0,0
pärinema,alla,1,1,0,0
pärinema,kaasa,1,1,0,0
pärinema,kõrvale,1,1,0,0
pärinema,ringi,1,1,0,0
pärnema,,1,1,0,0
päterdama,,1,1,0,0
päterdama,ringi,1,1,0,0
pätsama,kokku,1,1,0,0
päädima,tarvis,1,1,0,0
päärima,tagasi,1,1,0,0
pääsema,"ette, läbi",1,1,0,0
pääsema,"kokku, sisse",1,1,0,0
pääsema,kuskile,1,1,0,0
pääsema,"ligi, peal",1,1,0,0
pääsema,liikvele,1,1,0,0
pääsema,"läbi, ees",1,1,0,0
pääsema,"maha, välja",1,1,0,0
pääsema,nõus,1,1,0,0
pääsema,"pooleks, edasi",1,1,0,0
pääsema,putku,4,4,0,0
pääsema,pärale,2,2,0,0
pääsema,"sisse, alla",1,1,0,0
pääsema,taga,1,1,0,0
pääsema,"tagant, lahti",1,1,0,0
pääsema,täis,1,1,0,0
pääsema,varjule,1,1,0,0
pääsema,"välja, tagasi",1,1,0,0
pääsema,"välja, üle",1,1,0,0
pääsema,"üle, välja",1,1,0,0
pääsnuma,"tagant, valla",1,1,0,0
päässtäjįamama,,1,1,0,0
päästma,kinni,1,1,0,0
päästma,läbi,1,1,0,0
päästma,sisse,1,1,0,0
päästma,tagant,1,1,0,0
päävitama,,1,1,0,0
pääävitama,,1,1,0,0
päörima,,1,1,0,0
põdema,edasi,1,1,0,0
põdema,eemale,1,1,0,0
põdema,ette,2,2,0,0
põgenema,ees,1,1,0,0
põgenema,mööda,1,1,0,0
põhinema,ette,1,1,0,0
põhinema,kaasa,1,1,0,0
põhinema,maha,1,1,0,0
põhinema,mõjul,1,1,0,0
põhjama,kokku,1,1,0,0
põhjemdama,,1,1,0,0
põhjendama,järele,1,1,0,0
põhjendama,läbi,1,1,0,0
põhjendama,vaja,1,1,0,0
põhjendama,valmis,1,1,0,0
põhjsutama,,1,1,0,0
põhju-segama,,1,1,0,0
põhjustama,ette,4,4,0,0
põhjustama,juurde,1,1,0,0
põhjustama,koos,1,1,0,0
põhjustama,läbi,1,1,0,0
põhjustama,nõus,1,1,0,0
põikama,"kõrvale, tagasi",1,1,0,0
põikama,"tagasi, alla",1,1,0,0
põikuma,,1,1,0,0
põimima,tagasi,2,2,0,0
põimima,vahele,2,2,0,0
põimima,välja,1,1,0,0
põinema,,1,1,0,0
põjkuma,,1,1,0,0
põkitsema,koos,1,1,0,0
põkkima,,1,1,0,0
põksima,välja,1,1,0,0
põlema,ilma,1,1,0,0
põlema,lahti,2,2,0,0
põlema,"läbi, sees",1,1,0,0
põlema,"maha, kokku",1,1,0,0
põlema,pealt,1,1,0,0
põlema,puudu,1,1,0,0
põlema,"sees, edasi",1,1,0,0
põlema,"tagasi, maha",1,1,0,0
põlema,"tagasi, ära",1,1,0,0
põletama,koos,1,1,0,0
põletuma,,1,1,0,0
põlgama,nahka,1,1,0,0
põlgama,"ära, ära",1,1,0,0
põlvitama,ees,1,1,0,0
põlvitama,"ette, maha",1,1,0,0
põmmima,lahti,1,1,0,0
põmmutama,mööda,2,2,0,0
põntsatama,,3,3,0,0
põrbima,,1,1,0,0
põrbitsema,,1,1,0,0
põrgatama,alla,1,1,0,0
põrgatama,eemale,1,1,0,0
põrima,,2,2,0,0
põrisema,taga,1,1,0,0
põristama,kaasa,1,1,0,0
põristama,üle,1,1,0,0
põrkama,alla,1,1,0,0
põrkama,"külge, kokku",2,2,0,0
põrkama,"läbi, kokku",1,1,0,0
põrkama,mööda,2,2,0,0
põrkama,"tagasi, üles",1,1,0,0
põrkama,välja,4,4,0,0
põrkama,"üles, alla",1,1,0,0
põrkima,peale,1,1,0,0
põrklema,ringi,1,1,0,0
põrkuma,ette,4,4,0,0
põrkuma,kõrvale,1,1,0,0
põrkuma,läbi,1,1,0,0
põrkuma,otsa,2,2,0,0
põrkuma,"välja, tagasi",1,1,0,0
põrkuma,üles,1,1,0,0
põrnitsema,välja,1,1,0,0
põrnuma,,1,1,0,0
põrpima,,2,2,0,0
põruma,"läbi, sees",1,1,0,0
põruma,sees,1,1,0,0
põruma,sisse,1,1,0,0
põruma,tagasi,2,2,0,0
põruma,vastu,1,1,0,0
põruma,ära,2,2,0,0
põrutama,ees,1,1,0,0
põrutama,"eest, ära",1,1,0,0
põrutama,ilma,1,1,0,0
põrutama,sekka,1,1,0,0
põrutama,"sisse, ära",1,1,0,0
põrutama,"tagant, peale",1,1,0,0
põrutama,"tagasi, ära",1,1,0,0
põrutama,"üle, mööda",1,1,0,0
põtkima,tagasi,1,1,0,0
põxima,,1,1,0,0
põõnama,välja,1,1,0,0
põõrduma,,1,1,0,0
pöletama,ära,1,1,0,0
pönema,,2,2,0,0
pöpsutama,,1,1,0,0
pörduma,,1,1,0,0
pöristama,,1,1,0,0
pöxsima,,1,1,0,0
pöödruma,,1,1,0,0
pöörama,alles,2,2,0,0
pöörama,edasi,2,2,0,0
pöörama,heaks,2,2,0,0
pöörama,ilma,1,1,0,0
pöörama,"ilma, ära",1,1,0,0
pöörama,kokku,3,3,0,0
pöörama,pahupidi,3,3,0,0
pöörama,sassi,1,1,0,0
pöörama,sees,1,1,0,0
pöörama,"tagasi, sisse",1,1,0,0
pöörama,vaja,1,1,0,0
pöörama,"ära, ära",1,1,0,0
pöörama,üle,1,1,0,0
pöördama,välja,1,1,0,0
pöörduma,heaks,2,2,0,0
pöörduma,"juurde, tagasi",3,3,0,0
pöörduma,koos,1,1,0,0
pöörduma,lahti,1,1,0,0
pöörduma,lähedal,1,1,0,0
pöörduma,"pealt, tagasi",1,1,0,0
pöörduma,püsti,1,1,0,0
pöörduma,üle,2,2,0,0
pöörduma,"ümber, tagasi",1,1,0,0
pöörduttuma,tagasi,1,1,0,0
pööritama,ringi,1,1,0,0
pöörlema,täis,1,1,0,0
pöörles-tiirlema,,1,1,0,0
pöörlevad-tiirlema,,1,1,0,0
pöörsima,,1,1,0,0
püanema,,1,1,0,0
pühendama,edasi,1,1,0,0
pühendama,koha,1,1,0,0
pühendama,"tagasi, kokku",1,1,0,0
pühenduma,peale,1,1,0,0
pühenduma,tagasi,1,1,0,0
pühitsema,kaasa,1,1,0,0
pühkima,alla,3,3,0,0
pühkima,ringi,3,3,0,0
pühkima,üles,1,1,0,0
pühuma,,1,1,0,0
püidima,,1,1,0,0
pürgima,ette,1,1,0,0
pürgima,järele,1,1,0,0
pürgima,koos,1,1,0,0
pürgima,ringi,1,1,0,0
püromaanitsema,,1,1,0,0
püroovima,,1,1,0,0
püroovima,järele,1,1,0,0
püsima,all,1,1,0,0
püsima,"edasi, koos",2,2,0,0
püsima,jõus,2,2,0,0
püsima,kaasa,1,1,0,0
püsima,kaasas,1,1,0,0
püsima,kannul,2,2,0,0
püsima,keskel,1,1,0,0
püsima,loruvõitu,1,1,0,0
püsima,maas,3,3,0,0
püsima,mööda,1,1,0,0
püsima,"peal, paigal",1,1,0,0
püsima,peale,1,1,0,0
püsima,rahule,1,1,0,0
püsima,"sees, alles",2,2,0,0
püsima,valla,1,1,0,0
püsima,vastu,1,1,0,0
püsima,ülal,1,1,0,0
püsima,üle,1,1,0,0
püstitama,ilma,1,1,0,0
püstitama,juurde,1,1,0,0
püstitama,üles,1,1,0,0
püstuma,,2,2,0,0
püüd-lesima,,1,1,0,0
püüdma,algama,1,1,0,0
püüdma,"all, kinni",1,1,0,0
püüdma,alles,1,1,0,0
püüdma,ette,1,1,0,0
püüdma,juurde,1,1,0,0
püüdma,"kinni, tagasi",1,1,0,0
püüdma,kätte,1,1,0,0
püüdma,plehku,1,1,0,0
püüdma,püsti,1,1,0,0
püüdma,"tagant, kinni",1,1,0,0
püüduma,,1,1,0,0
püülima,,1,1,0,0
püüttsima,,1,1,0,0
qulsima,,1,1,0,0
quootima,,1,1,0,0
r2ndagima,,1,1,0,0
raagytama,,1,1,0,0
raakkima,,1,1,0,0
raamistama,ära,1,1,0,0
raamtuma,,1,1,0,0
raapima,,1,1,0,0
raatsima,maha,1,1,0,0
raavima,,1,1,0,0
rabama,alla,2,2,0,0
rabama,ette,1,1,0,0
rabama,järele,1,1,0,0
rabama,koht,1,1,0,0
rabama,mööda,1,1,0,0
rabama,sees,1,1,0,0
rabelema,vaja,1,1,0,0
rabistama,mööda,1,1,0,0
rabistama,vastu,1,1,0,0
rabistama,ära,1,1,0,0
raevuma,välja,1,1,0,0
raevutsema,vaja,1,1,0,0
rafuma,tagasi,1,1,0,0
rageerima,,1,1,0,0
raggatama,,1,1,0,0
ragisema,välja,1,1,0,0
ragistama,kinni,1,1,0,0
ragistama,läbi,1,1,0,0
rahastama,tagasi,1,1,0,0
rahastastama,,1,1,0,0
rahmeldama,vastu,1,1,0,0
rahmeldama,ümber,1,1,0,0
rahmima,edasi,1,1,0,0
rahuldama,peale,1,1,0,0
rahuldama,ringi,1,1,0,0
rahuldama,üle,1,1,0,0
rahulduma,edasi,1,1,0,0
rahulduma,välja,1,1,0,0
rahuma,,1,1,0,0
rahunema,ees,1,1,0,0
rahunema,"lahti, maha",1,1,0,0
rahunema,"maha, tagasi",1,1,0,0
rahustama,otsa,1,1,0,0
rahvarõivima,,1,1,0,0
rahvas-saama,,1,1,0,0
raiskama,edasi,2,2,0,0
raiskama,peal,1,1,0,0
raiskama,välja,1,1,0,0
raiuma,juurde,2,2,0,0
raiuma,katki,1,1,0,0
raiuma,lahku,1,1,0,0
raiuma,laiali,1,1,0,0
raiuma,peal,1,1,0,0
raiuma,üle,1,1,0,0
rajama,eemale,1,1,0,0
rajama,mööda,1,1,0,0
rajama,välja,1,1,0,0
rajama,ümber,1,1,0,0
rajjuma,edasi,1,1,0,0
rajoneerima,,1,1,0,0
rajoonima,,1,1,0,0
rajustama,,1,1,0,0
rakenduma,peale,1,1,0,0
rakenduma,sisse,1,1,0,0
rakenduma,taha,1,1,0,0
raksama,sisse,1,1,0,0
raksatama,puruks,1,1,0,0
raksatama,tagasi,2,2,0,0
raksatama,vahele,1,1,0,0
raksuma,vastu,1,1,0,0
rallima,edasi,1,1,0,0
rallima,üles,1,1,0,0
ramastama,,1,1,0,0
rambotsema,,1,1,0,0
randaalima,üle,1,1,0,0
rantsatama,maha,1,1,0,0
raporteerima,tagasi,1,1,0,0
raportima,kokku,1,1,0,0
rappuma,alles,1,1,0,0
rappuma,maha,1,1,0,0
rapsama,mööda,1,1,0,0
rapsima,alla,1,1,0,0
rapsima,eemale,1,1,0,0
rapsima,välja,1,1,0,0
raputama,eemale,2,2,0,0
raputama,järele,1,1,0,0
raputama,otsa,1,1,0,0
raputama,taga,1,1,0,0
raputan-lõhun-kavaldama,,1,1,0,0
rasatama,,1,1,0,0
raskendama,kaasa,1,1,0,0
raskuma,läbi,1,1,0,0
rasmuma,sisse,1,1,0,0
rassima,"kokku, üle",1,1,0,0
rassima,üles,1,1,0,0
ratkuma,,1,1,0,0
ratsema,,1,1,0,0
ratsustama,,1,1,0,0
ratsutama,ette,1,1,0,0
ratsutama,juurde,1,1,0,0
ratsutama,"keset, välja",1,1,0,0
ratsutama,koos,1,1,0,0
rattaga-sõitma,ära,1,1,0,0
rattatama,ilma,1,1,0,0
rauhuldama,,1,1,0,0
ravima,edasi,1,1,0,0
ravima,pealt,1,1,0,0
ravima,vaja,1,1,0,0
reaalsuseksosutuma,,1,1,0,0
reaalsust-pehmendama,,1,1,0,0
reageerima,alt,1,1,0,0
reageerima,ilma,1,1,0,0
reageerima,pihta,1,1,0,0
reageerima,vaja,1,1,0,0
reakrediteerima,,1,1,0,0
realiseerima,ette,1,1,0,0
realiseerima,lahti,1,1,0,0
realiseerima,otsa,1,1,0,0
realiseeruma,välja,1,1,0,0
reastama,edasi,1,1,0,0
reastuma,ette,1,1,0,0
reastuma,"ette, tagasi",1,1,0,0
reastuma,üles,1,1,0,0
rebasekattima,,1,1,0,0
rebenema,katki,1,1,0,0
rebenema,lõhki,1,1,0,0
rebenema,tagant,5,5,0,0
rebima,alles,1,1,0,0
rebima,"lahti, ringi",1,1,0,0
rebima,"lahti, tagasi",1,1,0,0
rebima,"otsa, üles",2,2,0,0
rebima,peal,1,1,0,0
rebima,vahelt,1,1,0,0
rebima,võidu,1,1,0,0
reboodima,,1,1,0,0
rebuudima,,1,1,0,0
recoverdama,,1,1,0,0
redistama,,1,1,0,0
redutab-elutsema,,1,1,0,0
redutama,ringi,2,2,0,0
redutama,tagasi,1,1,0,0
redutsema,,1,1,0,0
reeeeeekima,,1,1,0,0
reeeegima,maha,1,1,0,0
reeegima,,1,1,0,0
reegima,edasi,1,1,0,0
reegittima,,1,1,0,0
reekima,edasi,3,3,0,0
refereerima,ära,1,1,0,0
reflekteeruma,tagasi,1,1,0,0
reformima,ära,2,2,0,0
regama,läbi,1,1,0,0
regama,"ära, ära",1,1,0,0
registeerima,ümber,1,1,0,0
registreerima,alla,2,2,0,0
registreerima,alles,2,2,0,0
registreerima,edasi,1,1,0,0
registreerima,maha,1,1,0,0
registreerima,tagasi,1,1,0,0
registreerima,üles,1,1,0,0
registreeruma,ära,1,1,0,0
regleerima,,1,1,0,0
regristreerima,ära,1,1,0,0
regrupeeruma,,1,1,0,0
reguleerima,tagasi,1,1,0,0
regullima,kinni,1,1,0,0
rehitsema,laiali,1,1,0,0
rehkendama,edasi,1,1,0,0
rehkendama,ette,1,1,0,0
rehkendama,juurde,1,1,0,0
rehkendama,sisse,1,1,0,0
rehkendama,tagasi,1,1,0,0
rehkendama,ära,1,1,0,0
rehmama,üle,1,1,0,0
rehumaniseerima,,1,1,0,0
rehvima,kinni,1,1,0,0
rehvima,laiali,1,1,0,0
rehüdreerima,,1,1,0,0
reidistuma,,1,1,0,0
reippima,,1,1,0,0
reisima,all,1,1,0,0
reisima,laiali,1,1,0,0
reisima,"ringi, kokku",1,1,0,0
reisima,üles,1,1,0,0
reklaamiandama,,1,1,0,0
relativeerima,,1,1,0,0
relativeeruma,,1,1,0,0
remedieerima,,1,1,0,0
remiksima,ära,1,1,0,0
remineraliseeruma,,1,1,0,0
remontima,tarvis,1,1,0,0
remontima,ümber,1,1,0,0
remsuma,,1,1,0,0
rendardama,,1,1,0,0
renderdama,valmis,1,1,0,0
renoveeruma,,4,4,0,0
rentima,läbi,1,1,0,0
rentima,ringi,1,1,0,0
repatrieerima,,1,1,0,0
repima,tagasi,1,1,0,0
replitseeruma,,1,1,0,0
reply-pannema,,3,3,0,0
represioonima,,1,1,0,0
resaisima,,1,1,0,0
reserveerima,ära,1,1,0,0
resoneerima,peal,1,1,0,0
resrvuaadima,,1,1,0,0
restarditama,,1,1,0,0
restartima,külge,1,1,0,0
restartima,tagasi,1,1,0,0
restitueerima,,2,2,0,0
restoorima,,1,1,0,0
resümeerima,üle,1,1,0,0
retireerima,välja,1,1,0,0
retklema,,2,2,0,0
retroduktsioonima,,1,1,0,0
retsepteerima,,1,1,0,0
reunionema,,1,1,0,0
revanÜeerima,,2,2,0,0
revolutsioneeruma,,2,2,0,0
ridarääkima,,1,1,0,0
riflema,,1,1,0,0
rihtima,pihta,1,1,0,0
rihtima,sisse,1,1,0,0
rihtnuma,ära,1,1,0,0
riidlema,läbi,1,1,0,0
riidlema,pihta,1,1,0,0
riidlema,täis,1,1,0,0
riietuma,ära,1,1,0,0
riimima,edasi,1,1,0,0
riivama,külge,1,1,0,0
riivama,ringi,2,2,0,0
riivama,välja,1,1,0,0
riivima,maha,1,1,0,0
riivima,sisse,1,1,0,0
rikastama,kokku,1,1,0,0
rikastuma,kõrvale,1,1,0,0
rikastuma,läbi,1,1,0,0
rikkuma,juurde,1,1,0,0
rikkuma,kinni,1,1,0,0
rikkuma,läbi,1,1,0,0
rikkuma,"ära, otsa",1,1,0,0
riknema,kaupa,1,1,0,0
rikuma,,1,1,0,0
riliisima,,1,1,0,0
rinema,,2,2,0,0
ringlema,läbi,1,1,0,0
ringlema,ringi,5,5,0,0
ringlema,sees,1,1,0,0
ringreisima,,2,2,0,0
ringutama,alles,1,1,0,0
ringutama,vahel,2,2,0,0
ringutuma,,1,1,0,0
rinnastuma,,1,1,0,0
rinnutama,välja,1,1,0,0
ripendama,alla,2,2,0,0
rippuma,hallivõitu,2,2,0,0
rippuma,kaasas,2,2,0,0
rippuma,koht,1,1,0,0
rippuma,lahti,1,1,0,0
rippuma,laiali,1,1,0,0
rippuma,otsa,1,1,0,0
rippuma,tagant,1,1,0,0
riputama,järele,1,1,0,0
riputama,"kohale, üles",1,1,0,0
riputama,lahti,2,2,0,0
riputama,läbi,2,2,0,0
riski-kindlustuma,,1,1,0,0
riskima,alla,1,1,0,0
riskima,kinni,1,1,0,0
riskima,tagasi,1,1,0,0
riskima,üle,1,1,0,0
ristilükkama,,1,1,0,0
ristima,alla,1,1,0,0
ristpostitama,tagasi,1,1,0,0
ritualiseeruma,,1,1,0,0
rivistama,ringi,1,1,0,0
rivistama,ümber,1,1,0,0
rivistuma,tagasi,1,1,0,0
ro9nima,,1,1,0,0
robbuma,,1,1,0,0
robistama,,1,1,0,0
robistama,kinni,1,1,0,0
rohetama,ümber,1,1,0,0
rohkemmeeltima,,1,1,0,0
rohtuma,otsas,1,1,0,0
rohupoesleiduma,,1,1,0,0
roikuma,,1,1,0,0
roikuma,ringi,1,1,0,0
roiskuma,nõus,1,1,0,0
rokkima,kokku,1,1,0,0
rokkima,läbi,2,2,0,0
rokkima,välja,2,2,0,0
rolmutama,,1,1,0,0
romantiseerima,üle,1,1,0,0
romima,,1,1,0,0
romutama,edasi,1,1,0,0
ronima,all,1,1,0,0
ronima,"alla, peal",1,1,0,0
ronima,alt,1,1,0,0
ronima,esile,1,1,0,0
ronima,järel,1,1,0,0
ronima,lähedal,1,1,0,0
ronima,"mööda, sisse",1,1,0,0
ronima,poole,1,1,0,0
ronima,püsti,2,2,0,0
ronima,"seest, sisse",2,2,0,0
ronima,"tagasi, sisse",1,1,0,0
ronima,"välja, välja",1,1,0,0
ronima,ühte,1,1,0,0
ronima,"üles, välja",1,1,0,0
ronivad-ujuvad-tormama,,1,1,0,0
ronkskima,,1,1,0,0
roocima,,1,1,0,0
rookima,kokku,1,1,0,0
roolima,edasi,1,1,0,0
roolima,ees,1,1,0,0
roolima,vaja,1,1,0,0
rooma-minema,,1,1,0,0
roomama,ees,1,1,0,0
roomama,kõrvale,1,1,0,0
roomama,"läbi, välja",1,1,0,0
roomama,"sisse, kinni",1,1,0,0
roomama,võidu,1,1,0,0
roomama,ümber,1,1,0,0
roomasklema,edasi,1,1,0,0
roosastuma,,1,1,0,0
roostetama,"ilma, laiali",1,1,0,0
roostetama,maha,1,1,0,0
roostetama,puruks,1,1,0,0
ropendama,alles,1,1,0,0
ropp-väsima,,1,1,0,0
roppima,,1,1,0,0
roteeruma,tagasi,1,1,0,0
rotistama,,2,2,0,0
rotistuma,,2,2,0,0
roxima,,1,1,0,0
rubima,,1,1,0,0
ruigama,vastu,1,1,0,0
ruiguma,peal,1,1,0,0
ruikuma,,1,1,0,0
rukittima,,1,1,0,0
ruleerima,"edasi, välja",1,1,0,0
rullima,"lahti, kokku",1,1,0,0
rullitama,,1,1,0,0
rulluisutama,kohale,1,1,0,0
rulluma,edasi,2,2,0,0
rulluma,kinni,1,1,0,0
rulluma,kõrvale,1,1,0,0
rulluma,"pealt, ära",1,1,0,0
rulluma,tagasi,2,2,0,0
runneldama,,1,1,0,0
ruruma,ära,1,1,0,0
rushima,,1,1,0,0
rutjuma,mööda,1,1,0,0
rutjuma,sisse,1,1,0,0
ruttama,kaasa,1,1,0,0
ruttama,sisse,2,2,0,0
ruulima,ringi,1,1,0,0
ruumuma,,1,1,0,0
ruunima,,1,1,0,0
ruupsima,,1,1,0,0
ruuuuuuuulima,,1,1,0,0
ryhkima,edasi,1,1,0,0
rägima,edasi,1,1,0,0
rägima,taga,1,1,0,0
rähitsema,,1,1,0,0
rähklema,ringi,1,1,0,0
räitima,,1,1,0,0
räkkima,,1,1,0,0
räksima,,1,1,0,0
rändama,"edasi, tagasi",2,2,0,0
rändama,jälil,1,1,0,0
rändama,otsas,1,1,0,0
rändama,üle,1,1,0,0
rändama,"üle, laiali",1,1,0,0
rändama,üles,1,1,0,0
rändama,ümber,1,1,0,0
räntsatama,asemele,1,1,0,0
räntsatama,kinni,1,1,0,0
räntsatama,lahti,1,1,0,0
räuklema,,2,2,0,0
räuskama,ringi,1,1,0,0
räägid-suhtlema,,1,1,0,0
räägime-näitama,,2,2,0,0
rääkgima,,1,1,0,0
rääkigu-kirjutama,,1,1,0,0
rääkima,"alt, üles",1,1,0,0
rääkima,"edasi, ep",1,1,0,0
rääkima,"ette, välja",1,1,0,0
rääkima,"ette, ära",2,2,0,0
rääkima,hulgas,1,1,0,0
rääkima,kusjuures,1,1,0,0
rääkima,millalgi,1,1,0,0
rääkima,mood,1,1,0,0
rääkima,"peale, ära",1,1,0,0
rääkima,pihta,2,2,0,0
rääkima,puudu,1,1,0,0
rääkima,"tagasi, edasi",1,1,0,0
rääkima,valmis,1,1,0,0
rääkima,"välja, ära",1,1,0,0
rääkima,"üle, läbi",1,1,0,0
rääkindukkima,,2,2,0,0
rääkisid-kirjutama,,1,1,0,0
rääkittima,,1,1,0,0
rääksima,ära,1,1,0,0
räärima,,1,1,0,0
räävima,,1,1,0,0
räääääägima,,1,1,0,0
rõemustama,,1,1,0,0
rõhuma,tagasi,1,1,0,0
rõhutama,alla,1,1,0,0
rõhutama,juurde,2,2,0,0
rõhutama,välja,2,2,0,0
rõkatama,vastu,1,1,0,0
rõkkama,täis,1,1,0,0
rõnguma,,1,1,0,0
rõnutama,,1,1,0,0
rõõmustama,ees,1,1,0,0
rõõmustama,tarvis,1,1,0,0
rõõmustama,ära,1,1,0,0
rõõmustuma,,2,2,0,0
rõõmutsema,ette,1,1,0,0
rõõmutsema,koos,1,1,0,0
röhatsema,,1,1,0,0
röhkima,edasi,1,1,0,0
rööbastuma,,1,1,0,0
röökima,maas,1,1,0,0
röökima,üle,2,2,0,0
rööksima,,1,1,0,0
röörima,,1,1,0,0
rügama,"eest, ära",1,1,0,0
rühkima,ees,1,1,0,0
rühkima,esile,1,1,0,0
rühkima,"ette, tagasi",1,1,0,0
rühkima,"ette, üles",1,1,0,0
rühkima,järgi,1,1,0,0
rühkima,püsti,1,1,0,0
rühklema,,1,1,0,0
rühmitama,kokku,1,1,0,0
rühmituma,valmis,1,1,0,0
rümama,edasi,1,1,0,0
rümama,mööda,1,1,0,0
ründama,alles,1,1,0,0
ründama,alt,1,1,0,0
ründama,eest,1,1,0,0
ründama,ligi,1,1,0,0
ründama,mööda,1,1,0,0
ründama,peale,2,2,0,0
ründama,ühte,1,1,0,0
ründama,üles,1,1,0,0
rüüpama,alla,1,1,0,0
s-olema,,1,1,0,0
s0ovima,,1,1,0,0
s2ilitama,edasi,1,1,0,0
s2imama,,1,1,0,0
s6detuma,,1,1,0,0
s6imama,edasi,1,1,0,0
s6imlema,,1,1,0,0
s6itima,otsa,1,1,0,0
s6itima,ringi,1,1,0,0
s6itsima,alla,1,1,0,0
s6ituma,,1,1,0,0
s6masima,,1,1,0,0
saaaruma,,1,1,0,0
saab-viitsima,,1,1,0,0
saabuma,hiljavõitu,1,1,0,0
saabuma,kohal,1,1,0,0
saabuma,käsil,1,1,0,0
saabuma,maas,1,1,0,0
saabuma,manu,1,1,0,0
saabuma,sisse,1,1,0,0
saabuma,"taga, ees",1,1,0,0
saabuma,"tagasi, ära",1,1,0,0
saabuma,ära,1,1,0,0
saada-riputama,,1,1,0,0
saadsima,ära,1,1,0,0
saagastuma,,1,1,0,0
saagima,alla,1,1,0,0
saagima,"otsa, maha",1,1,0,0
saagima,sisse,2,2,0,0
saagima,"välja, kaasa",1,1,0,0
saaksgima,,1,1,0,0
saaksmima,,1,1,0,0
saalima,välja,1,1,0,0
saama,"alla, kokku",1,1,0,0
saama,"alla, tagasi, alla",1,1,0,0
saama,"alla, üle",1,1,0,0
saama,"alt, läbi",1,1,0,0
saama,"edasi, kokku",1,1,0,0
saama,"edasi, laiali",1,1,0,0
saama,egas,1,1,0,0
saama,ei,1,1,0,0
saama,ep,1,1,0,0
saama,esile,1,1,0,0
saama,"ette, tagasi",1,1,0,0
saama,igavavõitu,1,1,0,0
saama,"ilma, ilma",1,1,0,0
saama,"ilma, vastu",2,2,0,0
saama,ilmaski,1,1,0,0
saama,joonde,2,2,0,0
saama,järgi,2,2,0,0
saama,jõus,1,1,0,0
saama,"kaasa, vaja",1,1,0,0
saama,kahasse,1,1,0,0
saama,kannul,1,1,0,0
saama,kehvavõitu,1,1,0,0
saama,"kinni, valmis",1,1,0,0
saama,kohta,1,1,0,0
saama,"kokku, keskel",1,1,0,0
saama,"kokku, läbi",1,1,0,0
saama,"kokku, pihta",1,1,0,0
saama,"kokku, vaja",1,1,0,0
saama,"koos, täis",1,1,0,0
saama,kuis,1,1,0,0
saama,kukile,3,3,0,0
saama,kuskile,1,1,0,0
saama,käsil,1,1,0,0
saama,"kätte, lahku",1,1,0,0
saama,kõrval,1,1,0,0
saama,"kõrval, valmis",2,2,0,0
saama,"kõrvalt, üle",1,1,0,0
saama,külili,1,1,0,0
saama,"lahti, pihta",1,1,0,0
saama,"lahti, sisse",1,1,0,0
saama,"lahti, taga",1,1,0,0
saama,"lahti, välja",1,1,0,0
saama,lohku,1,1,0,0
saama,"läbi, edasi",1,1,0,0
saama,"läbi, kaasa",1,1,0,0
saama,"läbi, kohale",1,1,0,0
saama,"läbi, kusjuures",1,1,0,0
saama,"läbi, lahti",1,1,0,0
saama,"läbi, läbi",1,1,0,0
saama,"läbi, sisse",1,1,0,0
saama,"läbi, üle",1,1,0,0
saama,"maha, ees",1,1,0,0
saama,"maha, lahti",1,1,0,0
saama,"maha, mööda",1,1,0,0
saama,"maha, poolt",1,1,0,0
saama,"maha, vastu",1,1,0,0
saama,"maha, välja",1,1,0,0
saama,millalgi,4,4,0,0
saama,moodi,1,1,0,0
saama,onju,2,2,0,0
saama,"otsa, edasi",1,1,0,0
saama,"otsa, ringi",1,1,0,0
saama,otsas,2,2,0,0
saama,paiguti,2,2,0,0
saama,"peal, sisse",1,1,0,0
saama,"peal, ära",1,1,0,0
saama,"peale, ilma",1,1,0,0
saama,"peale, lahti",1,1,0,0
saama,"peale, ligi",1,1,0,0
saama,"peale, tagasi",1,1,0,0
saama,"peale, üles",1,1,0,0
saama,"pealt, külge",1,1,0,0
saama,"peksma, kokku",2,2,0,0
saama,"peksma, taga",1,1,0,0
saama,"peksma, täis",1,1,0,0
saama,"pihta, alles",1,1,0,0
saama,"pihta, vahele",1,1,0,0
saama,pooleks,2,2,0,0
saama,"pärast, kokku",1,1,0,0
saama,"pärast, peale",1,1,0,0
saama,"püsti, alla",1,1,0,0
saama,"püsti, ümber",1,1,0,0
saama,"rahul, juurde",1,1,0,0
saama,"ringi, valmis",1,1,0,0
saama,"ringi, ümber",1,1,0,0
saama,rutem,1,1,0,0
saama,"sisse, all",1,1,0,0
saama,"sisse, alla",1,1,0,0
saama,"sisse, ees",1,1,0,0
saama,"sisse, kohale",1,1,0,0
saama,"sisse, läbi",4,4,0,0
saama,"sisse, tagasi, välja",1,1,0,0
saama,taaskord,1,1,0,0
saama,"taga, läbi",5,5,0,0
saama,"taga, välja",1,1,0,0
saama,"tagant, ette",1,1,0,0
saama,"tagant, sisse",1,1,0,0
saama,"tagasi, lahti",1,1,0,0
saama,"tagasi, tagant, ära",1,1,0,0
saama,"tagasi, vastu",2,2,0,0
saama,"tagasi, üles",2,2,0,0
saama,"takka, läbi",1,1,0,0
saama,torti,1,1,0,0
saama,tuttu,1,1,0,0
saama,"vahelt, välja",1,1,0,0
saama,vait,1,1,0,0
saama,"vaja, eest",1,1,0,0
saama,"vaja, kallale",1,1,0,0
saama,"vaja, kokku",1,1,0,0
saama,"vaja, lahti",1,1,0,0
saama,"vaja, välja",1,1,0,0
saama,"vaja, ära",1,1,0,0
saama,"vaja, üles",1,1,0,0
saama,vallali,1,1,0,0
saama,"valmis, alla",1,1,0,0
saama,"valmis, kohal",1,1,0,0
saama,"vastu, kaasa",1,1,0,0
saama,"vastu, täis",1,1,0,0
saama,"välja, lahti",1,1,0,0
saama,"välja, vaja",1,1,0,0
saama,"välja, vast",1,1,0,0
saama,"võlgu, otsa",1,1,0,0
saama,«,1,1,0,0
saama,"ära, alla",1,1,0,0
saama,"ära, edasi",1,1,0,0
saama,"üle, läbi",1,1,0,0
saama,"üle, maha",1,1,0,0
saama,"üles, alla",1,1,0,0
saama,"üles, kallale",1,1,0,0
saama,"üles, mööda",1,1,0,0
saama,"üles, peksma",1,1,0,0
saama,ülesse,1,1,0,0
saama,"ümber, valmis",1,1,0,0
saama,"ümber, üle",1,1,0,0
saamaimutsema,,1,1,0,0
saamama,,1,1,0,0
saanud-andma,,1,1,0,0
saaskima,,1,1,0,0
saastama,kokku,4,4,0,0
saastuma,ära,1,1,0,0
saatcima,,1,1,0,0
saatma,"alla, kaudu",1,1,0,0
saatma,"alt, üles",1,1,0,0
saatma,"ette, ära",2,2,0,0
saatma,jälile,2,2,0,0
saatma,järel,1,1,0,0
saatma,kohta,1,1,0,0
saatma,peksma,1,1,0,0
saatma,püsti,1,1,0,0
saatma,võlgu,1,1,0,0
saatma,»,1,1,0,0
saavnuma,,1,1,0,0
saavutuma,,1,1,0,0
saaxima,lahti,1,1,0,0
saba-pidama,,1,1,0,0
sabata-minema,,1,1,0,0
sabistama,ette,1,1,0,0
sadama,"edasi, välja",1,1,0,0
sadama,hulgi,1,1,0,0
sadama,järele,1,1,0,0
sadama,kinni,2,2,0,0
sadama,pihta,1,1,0,0
sadama,võidu,1,1,0,0
sadenema,välja,1,1,0,0
sadima,,1,1,0,0
saeb-lõhkuma,,1,1,0,0
saebima,,1,1,0,0
saevad-raiuma,,1,1,0,0
sagenema,ära,1,1,0,0
sagima,tagasi,1,1,0,0
sahisema,sisse,1,1,0,0
sahisema,välja,1,1,0,0
sahisema,ära,1,1,0,0
sahistama,ringi,2,2,0,0
sahkama,kinni,1,1,0,0
sahkerdama,välja,1,1,0,0
sahmerdama,maha,1,1,0,0
sahmima,edasi,1,1,0,0
sahmima,vastu,1,1,0,0
saidgima,,2,2,0,0
sailuma,,1,1,0,0
saimama,läbi,1,1,0,0
saitsmekümnendama,,1,1,0,0
sajama,,1,1,0,0
sajaprotsendistuma,,1,1,0,0
sajatama,koos,1,1,0,0
sajatama,maha,1,1,0,0
saksastama,,1,1,0,0
saksima,lahti,1,1,0,0
sala-armuma,,1,1,0,0
salenema,edasi,1,1,0,0
salgama,kokku,1,1,0,0
salgama,mööda,1,1,0,0
salgama,üle,1,1,0,0
salgutama,,1,1,0,0
sallima,kõrvalt,1,1,0,0
sallima,vaja,1,1,0,0
sallima,üle,1,1,0,0
salme-lubama,,1,1,0,0
salmima,kokku,1,1,0,0
salmistama,,1,1,0,0
saltotama,edasi,1,1,0,0
salvama,edasi,1,1,0,0
salvama,tagasi,1,1,0,0
salvestama,alt,1,1,0,0
salvestama,maha,2,2,0,0
salvestama,"tagasi, üle",1,1,0,0
salvestatama,,1,1,0,0
salvuma,,1,1,0,0
sammalduma,kinni,1,1,0,0
sammuma,kohale,2,2,0,0
sammuma,koos,1,1,0,0
sammuma,ligi,2,2,0,0
sammuma,omapäi,1,1,0,0
sammuma,ringi,3,3,0,0
sammuma,"üle, välja",1,1,0,0
sampeldama,,1,1,0,0
samplima,sees,1,1,0,0
sandistama,ära,1,1,0,0
sanktsioneerima,kokku,1,1,0,0
sanuma,läbi,1,1,0,0
saranema,,3,3,0,0
sarjama,läbi,2,2,0,0
sarjatama,,1,1,0,0
sarnanema,alla,1,1,0,0
sarnanema,lahti,1,1,0,0
sarnanema,ringi,1,1,0,0
sarvestuma,läbi,1,1,0,0
sasima,üles,1,1,0,0
satsima,,1,1,0,0
sattuma,"alla, juurde",2,2,0,0
sattuma,"alla, vahel",1,1,0,0
sattuma,"alla, ära",1,1,0,0
sattuma,jälile,1,1,0,0
sattuma,kaasas,1,1,0,0
sattuma,kehvavõitu,1,1,0,0
sattuma,kimpu,3,3,0,0
sattuma,koht,1,1,0,0
sattuma,maha,2,2,0,0
sattuma,"otsa, peale",1,1,0,0
sattuma,püsti,1,1,0,0
sattuma,ujedavõitu,1,1,0,0
sattuma,valmis,1,1,0,0
sattuma,vast,1,1,0,0
sawima,,1,1,0,0
scannima,sisse,3,3,0,0
scannima,välja,1,1,0,0
scattima,juurde,1,1,0,0
scootrima,,1,1,0,0
scoutsima,,1,1,0,0
screenima,,1,1,0,0
screenisid-filtreerima,,1,1,0,0
scriptima,sees,1,1,0,0
scrptituma,ära,1,1,0,0
scännima,,1,1,0,0
seadistama,vastu,1,1,0,0
seadistama,ära,2,2,0,0
seadistuma,ära,1,1,0,0
seadma,"sisse, ilma",1,1,0,0
seadma,võidu,1,1,0,0
seadnuma,,1,1,0,0
seadtuma,,1,1,0,0
seaduma,ees,1,1,0,0
sealkohtama,,1,1,0,0
sebima,edasi-tagasi,1,1,0,0
sebima,heaks,1,1,0,0
sebima,jalus,2,2,0,0
sebima,kokku,1,1,0,0
sebima,pärast,1,1,0,0
sebima,taga,1,1,0,0
sebima,tagasi,1,1,0,0
sebivad-käima,,1,1,0,0
sedaallema,,1,1,0,0
seebistuma,,1,1,0,0
seebitama,edasi,1,1,0,0
seebitama,kokku,1,1,0,0
seeduma,ära,1,1,0,0
seenitama,,1,1,0,0
seeparast-olema,,1,1,0,0
seevenitama,,1,1,0,0
segama,alles,1,1,0,0
segama,"alt, üles, läbi",1,1,0,0
segama,ilmatu,1,1,0,0
segama,kinni,2,2,0,0
segama,mööda,1,1,0,0
segama,"sisse, kokku",1,1,0,0
segama,taga,2,2,0,0
segama,vaja,1,1,0,0
segama,"ära, ära",1,1,0,0
segama,ääres,1,1,0,0
segama,ümber,1,1,0,0
seganema,,1,1,0,0
segistama,,1,1,0,0
segunema,all,1,1,0,0
segunema,alla,1,1,0,0
segunema,kokku,1,1,0,0
segunema,lahti,1,1,0,0
segunema,ära,1,1,0,0
segzzzzzzzima,,1,1,0,0
sehkendama,edasi,2,2,0,0
sehkendama,ringi,1,1,0,0
seiklema,ilma,1,1,0,0
seiklema,välja,1,1,0,0
seilama,koos,1,1,0,0
seilama,kõrvale,1,1,0,0
seilama,võidu,1,1,0,0
seirama,"alt, üles",1,1,0,0
seirama,pealt,2,2,0,0
seisaks-saama,,1,1,0,0
seisatama,ees,1,1,0,0
seisatama,koha,2,2,0,0
seiskama,edasi,1,1,0,0
seiskama,välja,2,2,0,0
seiskuma,ees,1,1,0,0
seiskuma,tagasi,1,1,0,0
seisma,"ees, ringi",1,1,0,0
seisma,"ees, üles",1,1,0,0
seisma,"ette, püsti",1,1,0,0
seisma,hambus,1,1,0,0
seisma,jalus,2,2,0,0
seisma,kaasa,1,1,0,0
seisma,kukil,1,1,0,0
seisma,"lahti, kinni",1,1,0,0
seisma,otsas,1,1,0,0
seisma,"tagasi, ees",1,1,0,0
seisma,"vastu, ees",1,1,0,0
seisma,väljaspool,1,1,0,0
seisma,üleval,1,1,0,0
seisnema,esile,1,1,0,0
seisnema,koos,1,1,0,0
seissnema,,1,1,0,0
seitse-null-viima,,1,1,0,0
seitsmekordistama,,1,1,0,0
sekeldama,edasi,1,1,0,0
sekeldavad-toimetama,,1,1,0,0
sekkama,,2,2,0,0
sekkuma,alles,1,1,0,0
sekkuma,vaja,2,2,0,0
seksima,kõrvale,1,1,0,0
seksima,ringi,2,2,0,0
seksponeerima,,1,1,0,0
seksualiseerima,,1,1,0,0
seksutama,,1,1,0,0
sekundeerin-nägema,,1,1,0,0
selebreitima,,1,1,0,0
selekteerima,"edasi, välja",1,1,0,0
seletama,ilma,1,1,0,0
seletama,kokku,1,1,0,0
seletama,mööda,1,1,0,0
seletama,nõus,1,1,0,0
seletama,peal,1,1,0,0
seletama,"välja, lahti",1,1,0,0
seletama,"üle, lahti",1,1,0,0
selginema,välja,2,2,0,0
selginema,ära,1,1,0,0
selgitama,läbi,1,1,0,0
selgitama,tagasi,1,1,0,0
selguma,ette,1,1,0,0
selguma,ilma,2,2,0,0
selguma,kaasa,1,1,0,0
selguma,kinni,1,1,0,0
selguma,mööda,1,1,0,0
selguma,võlgu,1,1,0,0
selitama,välja,1,1,0,0
seljatama,ära,1,1,0,0
seljatuma,,1,1,0,0
selliinema,,1,1,0,0
seltksondama,,1,1,0,0
seltsima,juurde,1,1,0,0
seltsitama,,1,1,0,0
semmima,edasi,1,1,0,0
senuma,,1,1,0,0
seostama,ette,1,1,0,0
seostama,kokku,1,1,0,0
seostama,ringi,1,1,0,0
seostama,tagasi,1,1,0,0
seostuma,kinni,1,1,0,0
sepistama,edasi,1,1,0,0
sepistama,juurde,1,1,0,0
sepitsema,kokku,1,1,0,0
serjaalima,,1,1,0,0
serveerima,läbi,2,2,0,0
serveeruma,,1,1,0,0
servima,peale,1,1,0,0
settima,maha,1,1,0,0
sexima,täis,1,1,0,0
sexima,ära,1,1,0,0
sexutama,,1,1,0,0
sexzima,,1,1,0,0
shekkima,,1,1,0,0
shipima,,2,2,0,0
shituma,,2,2,0,0
shlikerdama,edasi,1,1,0,0
shoppama,ära,1,1,0,0
shufflema,,1,1,0,0
shuttima,maha,1,1,0,0
shveikkima,,1,1,0,0
shvepsima,,1,1,0,0
shätima,,1,1,0,0
sibama,ees,1,1,0,0
sibama,kokku,1,1,0,0
sibama,maha,1,1,0,0
sibama,"mööda, ees",1,1,0,0
sibama,"ringi, läbi",1,1,0,0
sibama,üles,2,2,0,0
siblima,alla,1,1,0,0
siblima,"edasi, tagasi",1,1,0,0
siblima,koos,1,1,0,0
siblima,ära,1,1,0,0
siduma,järele,1,1,0,0
siduma,"kokku, tagasi",1,1,0,0
siduma,taha,1,1,0,0
siduma,valmis,1,1,0,0
sidurdama,,1,1,0,0
sienema,,1,1,0,0
sigima,ilma,1,1,0,0
siginema,kohale,1,1,0,0
siginema,võlgu,1,1,0,0
sigivad-sagima,,1,1,0,0
signima,sisse,1,1,0,0
signima,välja,2,2,0,0
sihisema,edasi-tagasi,1,1,0,0
sihkendama,,1,1,0,0
sihkenema,,1,1,0,0
sihtima,kõrvale,1,1,0,0
sihtima,mööda,1,1,0,0
sihtima,üle,1,1,0,0
sihuma,,1,1,0,0
sihvama,"edasi, edasi",1,1,0,0
sihvama,tagasi,1,1,0,0
sihverdama,,1,1,0,0
siia-tekitama,,1,1,0,0
siiberdama,mööda,1,1,0,0
siicima,,1,1,0,0
siimnema,,1,1,0,0
siin-viima,,1,1,0,0
siirdama,juures,2,2,0,0
siirduma,kohale,1,1,0,0
siirduma,üle,2,2,0,0
siirutama,,1,1,0,0
siitima,,1,1,0,0
siituma,,1,1,0,0
siksima,ringi,1,1,0,0
sikuma,,1,1,0,0
sikutama,otsa,1,1,0,0
sileeruma,,10,10,0,0
silitama,kaasa,2,2,0,0
silkama,ees,1,1,0,0
silkama,järele,1,1,0,0
sillerdama,edasi,1,1,0,0
sillutama,maha,1,1,0,0
silmama,koos,1,1,0,0
silmama,läbi,1,1,0,0
silmima,,1,1,0,0
siluma,püsti,1,1,0,0
silwima,,1,1,0,0
simplima,,1,1,0,0
sinama,juurde,1,1,0,0
sindkütama,,1,1,0,0
sinerdama,,1,1,0,0
sinetama,ees,1,1,0,0
sinkuma,vastu,1,1,0,0
sinna-jääma,,1,1,0,0
sioovima,,4,4,0,0
siplema,ees,1,1,0,0
siplema,kaasa,1,1,0,0
siplema,sees,1,1,0,0
siputama,maas,1,1,0,0
siputama,peale,1,1,0,0
siputama,taga,1,1,0,0
siputama,tagasi,1,1,0,0
sirgeldama,juurde,1,1,0,0
sirgeldama,valmis,1,1,0,0
sirgendama,,1,1,0,0
sirgnuma,,1,1,0,0
sirguma,edasi,2,2,0,0
sirguma,ilma,1,1,0,0
sirguma,juurde,2,2,0,0
sirguma,varal,1,1,0,0
sirisema,kinni,1,1,0,0
siristama,ära,1,1,0,0
sirkuma,,1,1,0,0
sirlima,,1,1,0,0
sirtsama,sisse,1,1,0,0
siruta-kõverdama,,1,1,0,0
sirutama,lahti,1,1,0,0
sirutama,tagasi,1,1,0,0
sirutama,vahele,1,1,0,0
sirutama,"välja, vaja",1,1,0,0
sirutuma,laiali,1,1,0,0
sirutuma,maha,1,1,0,0
sirutuma,taha,1,1,0,0
sirutuma,üle,1,1,0,0
sirutusid-kumerduma,,1,1,0,0
sirvima,alla,1,1,0,0
sirvima,eest,1,1,0,0
sirvima,koos,1,1,0,0
sirvima,ringi,1,1,0,0
sirvima,vastu,1,1,0,0
sisaldama,hulgas,1,1,0,0
sisaldama,ilma,1,1,0,0
sisaldama,kõrvale,1,1,0,0
sisaldama,"sekka, vahele",1,1,0,0
sisaldama,taga,2,2,0,0
sisalduma,ette,1,1,0,0
sisendavad-sisendama,,1,1,0,0
sisenema,alla,1,1,0,0
sisenema,tagasi,1,1,0,0
sisenema,ühte,1,1,0,0
sisenevad-väljuma,,1,1,0,0
sisisema,peale,1,1,0,0
sisisema,ära,1,1,0,0
sisistama,sisse,1,1,0,0
sisser2ndama,,1,1,0,0
sisteemima,,1,1,0,0
sittama,edasi,1,1,0,0
sittama,kaasa,1,1,0,0
sittama,pihta,1,1,0,0
sittama,ümber,1,1,0,0
sittuma,edasi,1,1,0,0
sittuma,kõrvale,1,1,0,0
sittuma,tagasi,1,1,0,0
siuglema,kaasa,1,1,0,0
siuglema,taga,1,1,0,0
siuhkama,,3,3,0,0
siullema,,1,1,0,0
sixima,,1,1,0,0
skaathreadima,,1,1,0,0
skandeerima,juurde,1,1,0,0
skandeerima,üle,1,1,0,0
skandinaavima,,1,1,0,0
skematiseeruma,,1,1,0,0
skriinittima,,1,1,0,0
skrollima,alla,1,1,0,0
skrollima,üles,1,1,0,0
skämmima,,1,1,0,0
skätima,,1,1,0,0
slaavistuma,,1,1,0,0
sleeppima,,2,2,0,0
slikerdama,mööda,1,1,0,0
slutima,sees,1,1,0,0
slängistuma,,1,1,0,0
slängitsema,,1,1,0,0
släpima,,2,2,0,0
smartphonema,,1,1,0,0
smugeldama,edasi,1,1,0,0
smuutuma,,1,1,0,0
snoupima,,1,1,0,0
snäkkima,,1,1,0,0
soatima,,1,1,0,0
sobbima,,1,1,0,0
soberdama,kokku,1,1,0,0
sobima,keskele,1,1,0,0
sobima,kohal,1,1,0,0
sobima,"kokku, üles",1,1,0,0
sobima,"kõrvale, juurde",1,1,0,0
sobima,rahul,1,1,0,0
sobima,tagant,1,1,0,0
sobima,vast,1,1,0,0
sobima,ühte,1,1,0,0
sobima,üles,1,1,0,0
sobima,ümber,2,2,0,0
sobitama,alla,1,1,0,0
sobitama,otsa,1,1,0,0
sobitama,peale,1,1,0,0
sobitama,ära,1,1,0,0
sockima,,1,1,0,0
sodima,edasi,1,1,0,0
soetama,alles,1,1,0,0
soetama,kaasa,1,1,0,0
soetama,ära,1,1,0,0
softima,kokku,1,1,0,0
softima,puudu,1,1,0,0
sogama,edasi,1,1,0,0
sogama,ära,2,2,0,0
sogastama,,1,1,0,0
sogastuma,,2,2,0,0
soid-rabama,,1,1,0,0
soitnuma,edasi,1,1,0,0
soitnuma,sisse,1,1,0,0
soitsima,edasi,1,1,0,0
sokkima,edasi,1,1,0,0
sokkutama,,1,1,0,0
sokutama,kohale,1,1,0,0
sokutama,kõrvale,1,1,0,0
sokutama,otsa,1,1,0,0
sokutama,sekka,1,1,0,0
sokutama,vahele,2,2,0,0
sokutama,välja,2,2,0,0
sokutama,üles,2,2,0,0
solberdama,ringi,1,1,0,0
solgutama,ära,1,1,0,0
solidaariseeruma,,1,1,0,0
solisema,välja,1,1,0,0
solksama,alla,1,1,0,0
solksatama,,1,1,0,0
solpsima,,1,1,0,0
solvab-haavab-rooskab-rabama,,1,1,0,0
solvama,alles,1,1,0,0
solvama,edasi,1,1,0,0
solvama,tagasi,1,1,0,0
solvama,vastu,1,1,0,0
solvima,,1,1,0,0
solvub-vihastama,,1,1,0,0
solvuma,edasi,1,1,0,0
sondeerima,läbi,1,1,0,0
songerdama,,2,2,0,0
songib-tuhnima,,1,1,0,0
songima,ära,1,1,0,0
sonkima,edasi,1,1,0,0
sonkima,ära,1,1,0,0
soodustama,alla,1,1,0,0
soodustama,kõrvale,1,1,0,0
soodustama,tagant,1,1,0,0
soojendama,järele,1,1,0,0
soojendama,kokku,1,1,0,0
soojenema,ilma,1,1,0,0
soojenema,kaasa,1,1,0,0
soometuma,,1,1,0,0
soomustuma,,1,1,0,0
soonima,ära,1,1,0,0
sooritama,kohal,1,1,0,0
sooritama,poolt,1,1,0,0
sooritama,ringi,1,1,0,0
sooritama,vaatamata,1,1,0,0
sooritama,üles,1,1,0,0
soosima,edasi,1,1,0,0
soosima,eest,1,1,0,0
soosima,tagant,1,1,0,0
soosima,ära,1,1,0,0
soostama,sisse,1,1,0,0
soostuma,kaasa,1,1,0,0
soostuma,kohale,2,2,0,0
sooviks-tahtma,,1,1,0,0
soovima,ees,3,3,0,0
soovima,iial,1,1,0,0
soovima,kättpidi,1,1,0,0
soovima,pealt,2,2,0,0
soovima,"ära, eemale",1,1,0,0
soovitama,ette,2,2,0,0
soovitama,kant,1,1,0,0
soovitama,koha,1,1,0,0
soovitama,peale,2,2,0,0
soovkima,,1,1,0,0
soowitama,,1,1,0,0
soowitama,ära,1,1,0,0
soperdama,valmis,1,1,0,0
sopistuma,kõrvale,1,1,0,0
sopovitama,,1,1,0,0
soppama,kokku,1,1,0,0
sopsutama,sisse,1,1,0,0
sorbeeruma,,1,1,0,0
sorima,vaja,1,1,0,0
sorisema,välja,1,1,0,0
soristama,alla,1,1,0,0
soristama,peale,1,1,0,0
soristama,sisse,1,1,0,0
sorkima,ringi,1,1,0,0
sorkima,sees,2,2,0,0
sorkima,vastu,1,1,0,0
sorkima,ära,1,1,0,0
sortima,ära,1,1,0,0
sortsutama,maha,1,1,0,0
sosisema,,1,1,0,0
sosistama,läbi,1,1,0,0
sosistama,maha,1,1,0,0
sosistama,välja,1,1,0,0
sotnuma,,1,1,0,0
sotsiaalsäästama,,1,1,0,0
sotuma,,2,2,0,0
soul-stiilima,,1,1,0,0
sountima,,1,1,0,0
soustima,,1,1,0,0
spammima,ära,1,1,0,0
spawnima,,1,1,0,0
speccima,,1,1,0,0
spikerdama,võidu,1,1,0,0
spikuma,,1,1,0,0
spiritualiseeruma,,2,2,0,0
spokerdama,,1,1,0,0
spondeerima,peale,1,1,0,0
sportima,kaasa,1,1,0,0
spurtima,"eest, ära",4,4,0,0
spurtima,"kokku, ette",1,1,0,0
spurtima,"tagant, esile",1,1,0,0
spämmatama,,1,1,0,0
spämmerdama,edasi,1,1,0,0
sreikima,,1,1,0,0
srmunnuma,,1,1,0,0
srvutima,,1,1,0,0
ssatima,,1,1,0,0
sssagima,otsa,1,1,0,0
staarima,,1,1,0,0
stagneeruma,rahul,1,1,0,0
stalkima,,1,1,0,0
stambima,,1,1,0,0
standardima,kaasas,1,1,0,0
standardzoomima,,1,1,0,0
stantsima,välja,1,1,0,0
startima,lahti,4,4,0,0
startima,ringi,2,2,0,0
startima,tagant,2,2,0,0
startima,ära,1,1,0,0
statima,ees,1,1,0,0
stealima,,1,1,0,0
stealima,ära,1,1,0,0
stetuma,,1,1,0,0
stickima,,1,1,0,0
stokima,,2,2,0,0
stoppima,,1,1,0,0
storyboartima,,1,1,0,0
stradima,,1,1,0,0
stratifitseerima,,1,1,0,0
streikima,täis,1,1,0,0
streikima,välja,1,1,0,0
stressima,,1,1,0,0
subquerima,,1,1,0,0
subsisteerima,,2,2,0,0
substansieerima,,1,1,0,0
subventsioneerima,,1,1,0,0
sudima,mööda,2,2,0,0
sudima,tagant,1,1,0,0
sudima,takka,1,1,0,0
sudima,vaja,1,1,0,0
sueltuma,,1,1,0,0
sugenema,sisse,2,2,0,0
sugenema,vahele,1,1,0,0
sugereerima,ette,1,1,0,0
suhdlema,,1,1,0,0
suhestuma,läbi,1,1,0,0
suhlema,,1,1,0,0
suhtlema,alla,1,1,0,0
suhtlema,ette,3,3,0,0
suhtlema,püsti,1,1,0,0
suhtlema,tagasi,1,1,0,0
suhtlema,vaja,2,2,0,0
suhtlema,vastu,1,1,0,0
suhtlevastuma,,1,1,0,0
suhtuma,all,1,1,0,0
suhtuma,alla,3,3,0,0
suhtuma,ette,7,7,0,0
suhtuma,ilma,1,1,0,0
suhtuma,kaasa,2,2,0,0
suhtuma,kinni,1,1,0,0
suhtuma,maha,1,1,0,0
suhtuma,pooleli,1,1,0,0
suhtuma,sisse,1,1,0,0
suhtuma,tagasi,2,2,0,0
suhtuma,valmis,2,2,0,0
suhtutama,,1,1,0,0
suicetama,edasi,1,1,0,0
suigahtama,,3,3,0,0
suistuma,,1,1,0,0
suitsema,vastu,1,1,0,0
suitsetama,alles,1,1,0,0
suitsetama,järel,1,1,0,0
suitsetama,kallale,1,1,0,0
suitsetama,poolt,1,1,0,0
suitsetama,tagasi,1,1,0,0
suitsetama,täis,2,2,0,0
suitsetama,"ära, vaja",1,1,0,0
suitsuma,läbi,1,1,0,0
suitsuma,peale,1,1,0,0
suitsuma,ära,1,1,0,0
suitsutama,läbi,1,1,0,0
sujuma,ilma,3,3,0,0
sujuma,kohale,1,1,0,0
sujuma,peale,1,1,0,0
sujuma,välja,1,1,0,0
sukelduma,"sisse, välja",1,1,0,0
sukelduma,ära,2,2,0,0
suklema,,1,1,0,0
sulama,juurde,1,1,0,0
sulama,keskel,1,1,0,0
sulama,laiali,2,2,0,0
sulama,peale,1,1,0,0
sulama,"peale, ära",1,1,0,0
sulama,pealt,1,1,0,0
sulama,sees,2,2,0,0
sulama,"sisse, ära",2,2,0,0
sulama,valmis,1,1,0,0
sulatama,peale,1,1,0,0
sulatama,sees,1,1,0,0
sulatama,tagasi,1,1,0,0
sulgema,ees,1,1,0,0
sulgema,ilma,1,1,0,0
sulgema,läbi,1,1,0,0
sulgema,tasa,1,1,0,0
sulgima,vahel,1,1,0,0
sulguma,kinni,2,2,0,0
sulguma,ringi,1,1,0,0
sulguma,välja,1,1,0,0
sulima,sisse,1,1,0,0
sulima,täis,1,1,0,0
sulistama,edasi,1,1,0,0
sulistama,läbi,1,1,0,0
sullema,,1,1,0,0
sullima,,1,1,0,0
sumatama,kinni,1,1,0,0
sumatraensima,,1,1,0,0
sumisema,vaja,1,1,0,0
sumistama,ringi,2,2,0,0
sumpama,üle,1,1,0,0
sumpsima,,2,2,0,0
sundima,alt,2,2,0,0
sundima,juurde,1,1,0,0
sundima,kohal,1,1,0,0
sundima,laiali,1,1,0,0
sundima,ringi,1,1,0,0
sundliitma,,1,1,0,0
sundvärbama,kokku,1,1,0,0
sunrnuma,,1,1,0,0
super-digi-muutuma,,1,1,0,0
superoluliseinfomispiltidespeituma,,1,1,0,0
suplema,edasi,1,1,0,0
supsima,,1,1,0,0
suratama,,1,1,0,0
surdkima,ära,1,1,0,0
surema,all,3,3,0,0
surema,"alla, ära",1,1,0,0
surema,ees,1,1,0,0
surema,"eest, ära",1,1,0,0
surema,"ilma, ära",1,1,0,0
surema,kinni,1,1,0,0
surema,kätte,1,1,0,0
surema,lähedal,2,2,0,0
surema,otsa,2,2,0,0
surema,pärast,1,1,0,0
surema,ringi,2,2,0,0
surema,"taga, ära",1,1,0,0
surema,vaja,2,2,0,0
surema,üles,1,1,0,0
surenema,,1,1,0,0
suretama,Välja,1,1,0,0
suretama,maha,1,1,0,0
surfama,välja,2,2,0,0
surfima,sisse,1,1,0,0
surfima,täis,1,1,0,0
surisema,all,1,1,0,0
surisema,mööda,1,1,0,0
surisema,pärast,1,1,0,0
suristama,välja,1,1,0,0
surkima,ette,1,1,0,0
surra-murdma,välja,1,1,0,0
surrima,,1,1,0,0
surtsatama,välja,1,1,0,0
surtsutama,,1,1,0,0
suruma,all,3,3,0,0
suruma,"alla, kokku",1,1,0,0
suruma,"alt, üles",1,1,0,0
suruma,esile,2,2,0,0
suruma,juurde,1,1,0,0
suruma,"kinni, tagasi",1,1,0,0
suruma,käpuli,1,1,0,0
suruma,"läbi, välja",1,1,0,0
suruma,"pealt, ära",1,1,0,0
suruma,rindu,1,1,0,0
suruma,taga,1,1,0,0
suruma,"tagasi, üles",1,1,0,0
suruma,taha,1,1,0,0
suruma,täis,2,2,0,0
suruma,vahele,2,2,0,0
suruma,"vahele, tarvis",1,1,0,0
survestuma,,1,1,0,0
susisema,kõrvalt,1,1,0,0
susisema,läbi,1,1,0,0
susisema,sees,1,1,0,0
susistama,edasi,1,1,0,0
suskama,ette,2,2,0,0
suskama,läbi,1,1,0,0
suskama,mööda,1,1,0,0
suskama,otsa,2,2,0,0
suskama,rindu,1,1,0,0
suskama,ära,3,3,0,0
susserdama,sisse,1,1,0,0
susserdama,valmis,2,2,0,0
sutisetama,,1,1,0,0
suubuma,tagasi,4,4,0,0
suuda-viitsima,,1,1,0,0
suudlema,kokku,2,2,0,0
suudlema,üle,1,1,0,0
suudnduma,,1,1,0,0
suudnuma,,1,1,0,0
suudsima,,1,1,0,0
suuduma,edasi,1,1,0,0
suunama,kohal,1,1,0,0
suunama,ringi,1,1,0,0
suunama,sisse,1,1,0,0
suunama,tagant,1,1,0,0
suunama,"täis, alla",1,1,0,0
suunama,vaja,1,1,0,0
suunduma,"edasi, edasi",1,1,0,0
suunduma,kohale,1,1,0,0
suunduma,kõrvale,1,1,0,0
suunduma,lahti,2,2,0,0
suunduma,laiali,1,1,0,0
suur-koristama,,1,1,0,0
suurendama,edasi,2,2,0,0
suurendama,koos,1,1,0,0
suurenema,ees,2,2,0,0
suurenema,ette,1,1,0,0
suurenema,kinni,1,1,0,0
suurenema,sisse,1,1,0,0
suurenema,välja,1,1,0,0
suurenema,võlgu,1,1,0,0
suurtnuma,,1,1,0,0
suurustlema,ära,1,1,0,0
suusatama,"eest, ära",1,1,0,0
suusatama,kohale,1,1,0,0
suusatama,ringi,2,2,0,0
suusatama,sekka,1,1,0,0
suusatama,taga,1,1,0,0
suusatama,ära,4,4,0,0
suusatama,üle,1,1,0,0
suusatama,üles,1,1,0,0
suusklema,alla,1,1,0,0
suutma,esile,1,1,0,0
suutma,heaks,1,1,0,0
suutma,kaasas,1,1,0,0
suutma,kaudu,1,1,0,0
suutma,kinni,1,1,0,0
suutma,kohal,3,3,0,0
suutma,kohale,1,1,0,0
suutma,maha,1,1,0,0
suutma,nõus,1,1,0,0
suutma,peal,1,1,0,0
suutma,vaja,3,3,0,0
suutma,"välja, pealt",1,1,0,0
suutma,võlgu,2,2,0,0
suutnud-oskama,,1,1,0,0
suvatsema,sisse,1,1,0,0
suvatsema,täis,1,1,0,0
suvatsema,üles,1,1,0,0
suvenema,,1,1,0,0
suveräniseeruma,,1,1,0,0
suvitama,välja,1,1,0,0
suxxordama,,1,1,0,0
sveeduma,,1,1,0,0
swappima,edasi,1,1,0,0
syimama,,1,1,0,0
syitsetama,,1,1,0,0
sympatiseerima,,3,3,0,0
syndmuma,,1,1,0,0
synnima,juurde,3,3,0,0
synnipäevitama,,1,1,0,0
syydima,,1,1,0,0
sädistama,ringi,1,1,0,0
säetuma,alla,1,1,0,0
sähvama,välja,1,1,0,0
sähvatama,alla,1,1,0,0
sähvima,laiali,1,1,0,0
säilima,ees,2,2,0,0
säilima,järele,1,1,0,0
säilima,välja,1,1,0,0
säilima,ära,1,1,0,0
säilima,ümber,1,1,0,0
säilitama,ilma,1,1,0,0
säilitama,kohale,1,1,0,0
säilitama,nõus,1,1,0,0
säilitama,ringi,1,1,0,0
sämpeldama,,1,1,0,0
sämpltuma,,1,1,0,0
sängituma,,1,1,0,0
särama,ette,1,1,0,0
särama,ringi,1,1,0,0
särama,ümber,1,1,0,0
säratama,alla,1,1,0,0
särituma,,1,1,0,0
särtsuma,"läbi, kaasa",1,1,0,0
sätestama,juurde,1,1,0,0
sätetama,,1,1,0,0
sättima,eemale,1,1,0,0
sättima,esile,1,1,0,0
sättima,ilma,1,1,0,0
sättima,juurde,1,1,0,0
sättima,"kokku, tarvis",1,1,0,0
sättima,lahti,1,1,0,0
sättima,vahele,1,1,0,0
sättuma,,1,1,0,0
säukkima,,1,1,0,0
säutsuma,vastu,1,1,0,0
sääastama,,1,1,0,0
säädnuma,kokku,1,1,0,0
säägima,,1,1,0,0
säästma,ette,1,1,0,0
säästma,tarvis,3,3,0,0
säästma,valmis,1,1,0,0
sõbima,,1,1,0,0
sõdima,kaasa,1,1,0,0
sõeluma,edasi,1,1,0,0
sõeluma,ees,1,1,0,0
sõeluma,juurde,1,1,0,0
sõeluma,maha,1,1,0,0
sõeluma,üle,1,1,0,0
sõhtuma,,1,1,0,0
sõidsima,,1,1,0,0
sõidutama,maha,1,1,0,0
sõidutama,"üles, alla",1,1,0,0
sõidutama,"üles, alla, välja",1,1,0,0
sõimama,koos,1,1,0,0
sõimama,peale,1,1,0,0
sõimama,peksma,1,1,0,0
sõimlema,läbi,1,1,0,0
sõitima,koos,1,1,0,0
sõitlema,"ees, taga",1,1,0,0
sõitma,Ami-ja,1,1,0,0
sõitma,"edasi, edasi",1,1,0,0
sõitma,"edasi, ette",1,1,0,0
sõitma,"edasi, tagasi, edasi",1,1,0,0
sõitma,"edasi, ära",1,1,0,0
sõitma,"ees, taga",1,1,0,0
sõitma,"ees, ära",1,1,0,0
sõitma,"eest, sisse",1,1,0,0
sõitma,"ilma, läbi",1,1,0,0
sõitma,"juurde, kohale",1,1,0,0
sõitma,kannul,1,1,0,0
sõitma,"kokku, maha",1,1,0,0
sõitma,kukile,1,1,0,0
sõitma,kõrvalt,2,2,0,0
sõitma,lahku,1,1,0,0
sõitma,"läbi, edasi",2,2,0,0
sõitma,"läbi, tagasi",1,1,0,0
sõitma,"läbi, täis",1,1,0,0
sõitma,"läbi, välja",1,1,0,0
sõitma,"lähedal, otsa",1,1,0,0
sõitma,"maha, ringi",1,1,0,0
sõitma,millalgi,1,1,0,0
sõitma,"mööda, otsa",1,1,0,0
sõitma,onju,1,1,0,0
sõitma,sassi,1,1,0,0
sõitma,sees,2,2,0,0
sõitma,"taga, ringi",1,1,0,0
sõitma,"tagasi, edasi",1,1,0,0
sõitma,"tagasi, koos",1,1,0,0
sõitma,"tagasi, ära",1,1,0,0
sõitma,vahel,1,1,0,0
sõitma,valmis,1,1,0,0
sõitma,"välja, alla",2,2,0,0
sõitma,"üle, ette",1,1,0,0
sõitsdima,,1,1,0,0
sõittuma,,1,1,0,0
sõjaskäituma,,1,1,0,0
sõkkuma,,1,1,0,0
sõlmima,vastu,1,1,0,0
sõlmima,ümber,2,2,0,0
sõltuma,kokku,1,1,0,0
sõltuma,ringi,1,1,0,0
sõltuma,taga,2,2,0,0
sõltuma,vaja,2,2,0,0
sõnama,läbi,1,1,0,0
sõnastama,ette,1,1,0,0
sõnastama,üle,1,1,0,0
sõnatama,,1,1,0,0
sõnelema,pärast,2,2,0,0
sõnuma,ümber,1,1,0,0
sõrgenema,,1,1,0,0
sõrmittima,koos,1,1,0,0
sõtkuma,alla,1,1,0,0
sõtkuma,valmis,1,1,0,0
sõtkuma,välja,1,1,0,0
sõtkuma,üles,1,1,0,0
sõudma,eemale,2,2,0,0
sõudma,ees,1,1,0,0
sõudma,juurde,1,1,0,0
sõudma,taga,1,1,0,0
sõudma,ära,1,1,0,0
sõudma,üle,1,1,0,0
sõõksima,,1,1,0,0
sõõmama,peale,1,1,0,0
söandama,järele,1,1,0,0
söandama,lahti,2,2,0,0
söandama,üle,1,1,0,0
södima,vastu,1,1,0,0
söimlema,,1,1,0,0
söitima,ette,1,1,0,0
söitima,mööda,1,1,0,0
söitnuma,ära,1,1,0,0
söitsuma,,1,1,0,0
söittama,,1,1,0,0
söltuma,tagasi,1,1,0,0
sörkima,eest,1,1,0,0
sörkima,järele,1,1,0,0
sörkima,kohale,1,1,0,0
sösstima,maha,1,1,0,0
söö-palju-jõudma,,1,1,0,0
sööma,"ette, ära",2,2,0,0
sööma,juures,1,1,0,0
sööma,lahti,1,1,0,0
sööma,lähedal,1,1,0,0
sööma,otsa,1,1,0,0
sööma,"sisse, ilma",1,1,0,0
sööma,"sisse, välja",1,1,0,0
sööma,"üle, ära",1,1,0,0
sööndkima,,1,1,0,0
sööstma,poole,1,1,0,0
sööstma,püsti,1,1,0,0
sööstma,vahele,1,1,0,0
sööstma,"üle, välja",1,1,0,0
söötma,kõrvale,1,1,0,0
söötsima,,1,1,0,0
söövad-jooma,ära,1,1,0,0
söövitama,ära,1,1,0,0
süEttima,,1,1,0,0
sügelema,alla,1,1,0,0
sügelema,sees,1,1,0,0
sülgama,täis,1,1,0,0
sülitama,juurde,1,1,0,0
sülitama,pihta,3,3,0,0
sümboliseerima,taga,1,1,0,0
sümpaatia-avalduma,,1,1,0,0
sündima,ajel,1,1,0,0
sündima,"ilma, tagasi",1,1,0,0
sündima,järele,1,1,0,0
sündima,kaasas,1,1,0,0
sündima,koht,1,1,0,0
sündima,otsa,1,1,0,0
sündima,tagant,1,1,0,0
sündima,võlgu,1,1,0,0
sündima,ühte,1,1,0,0
süngenema,,1,1,0,0
sünkoopima,,1,1,0,0
sünni-surema,,1,1,0,0
sünnitama,edasi,1,1,0,0
sünnitama,läbi,1,1,0,0
sünnitama,ümber,2,2,0,0
sünunüümima,,1,1,0,0
süpatiseerima,,1,1,0,0
süstima,ringi,1,1,0,0
sütituma,,1,1,0,0
süttima,koos,1,1,0,0
süvattima,,1,1,0,0
süvenema,edasi,2,2,0,0
süvnema,,1,1,0,0
süwenema,,1,1,0,0
süübima,,2,2,0,0
süüdistama,ette,3,3,0,0
süüdistama,hulgas,1,1,0,0
süüdistama,tarvis,1,1,0,0
süüdistama,võlgu,1,1,0,0
süüduma,,1,1,0,0
süütama,sees,1,1,0,0
süütama,tagasi,1,1,0,0
süütama,tarvis,1,1,0,0
süütama,täis,1,1,0,0
süütima,,1,1,0,0
t2iustuma,,1,1,0,0
t6lgiksima,,1,1,0,0
t6stetuma,,1,1,0,0
t6usnuma,peale,1,1,0,0
taahksima,,1,1,0,0
taakaalustama,,1,1,0,0
taandama,vastu,1,1,0,0
taanduma,alla,1,1,0,0
taanduma,kohale,1,1,0,0
taanduma,kokku,1,1,0,0
taanduma,kõrvale,1,1,0,0
taanduma,"tagasi, sisse",1,1,0,0
taaruma,alla,2,2,0,0
taaruma,eemale,1,1,0,0
taarutama,edasi,1,1,0,0
taas-avama,,1,1,0,0
taas-lahendama,,1,1,0,0
taasabielluma,,1,1,0,0
taasannetama,,1,1,0,0
taasavama,üle,1,1,0,0
taaselavdama,,1,1,0,0
taashaarama,,1,1,0,0
taasilmutama,,1,1,0,0
taasjutustama,,1,1,0,0
taaskeskenduma,,1,1,0,0
taaskinkima,,1,1,0,0
taaskujundama,,1,1,0,0
taasladinapärastama,,1,1,0,0
taasleiduma,,1,1,0,0
taaslevitama,,1,1,0,0
taasläitma,,1,1,0,0
taaslülituma,,2,2,0,0
taasorganiseeruma,,1,1,0,0
taassalvestama,,1,1,0,0
taassukelduma,,1,1,0,0
taastama,ette,1,1,0,0
taastama,ligi,1,1,0,0
taastama,läbi,1,1,0,0
taastama,seest,1,1,0,0
taastama,vastu,1,1,0,0
taastama,üle,1,1,0,0
taastavad-soojustama,,1,1,0,0
taasteostuma,,1,1,0,0
taastrehvama,,1,1,0,0
taastuma,üle,4,4,0,0
taastõstma,,1,1,0,0
tabama,"edasi, tagasi",1,1,0,0
tabama,kaasas,1,1,0,0
tabama,keset,1,1,0,0
tabama,peal,1,1,0,0
tabama,"ära, järele",1,1,0,0
tabletitama,,1,1,0,0
taednuma,,1,1,0,0
taegima,,1,1,0,0
tagama,ette,2,2,0,0
tagama,toona,1,1,0,0
tagama,vaatamata,1,1,0,0
tagama,vaja,1,1,0,0
tagandama,tagasi,1,1,0,0
taganema,sisse,1,1,0,0
tagasisidestama,,1,1,0,0
tagastama,tagasi,1,1,0,0
tagima,valmis,1,1,0,0
tagtsima,,1,1,0,0
taguma,külge,1,1,0,0
taguma,peale,1,1,0,0
taguma,poolt,1,1,0,0
taguma,tagant,1,1,0,0
taguma,"vastu, rindu",1,1,0,0
tagurdama,katki,1,1,0,0
tagurdama,üles,1,1,0,0
tahagikeekima,,1,1,0,0
tahakkima,,2,2,0,0
tahandama,,1,1,0,0
tahdnuma,,1,1,0,0
tahenema,ära,2,2,0,0
tahetama,,1,1,0,0
tahgtsima,,1,1,0,0
tahntuma,,1,1,0,0
tahtcima,,1,1,0,0
tahtdsima,,1,1,0,0
tahtma,"alla, tagasi",1,1,0,0
tahtma,alt,2,2,0,0
tahtma,eel,1,1,0,0
tahtma,kaudu,1,1,0,0
tahtma,keskel,1,1,0,0
tahtma,pihta,1,1,0,0
tahtma,"tagasi, eemale",1,1,0,0
tahtma,"tagasi, vaja",1,1,0,0
tahtma,"välja, tagasi",1,1,0,0
tahtma,"ära, tagasi",2,2,0,0
tahtma,"ära, välja",2,2,0,0
tahtma,"üles, tagasi",1,1,0,0
tahtsima,välja,1,1,0,0
tahtsuma,,1,1,0,0
tahtvat-vajama,,1,1,0,0
tahxima,koos,3,3,0,0
taidlema,otsa,1,1,0,0
taiendama,,1,1,0,0
taipama,ette,1,1,0,0
taipama,ilma,1,1,0,0
taipama,läbi,1,1,0,0
taipama,tarvis,1,1,0,0
taipama,välja,1,1,0,0
tajuma,asemel,1,1,0,0
tajuma,"ilma, üles",1,1,0,0
tajuma,kõrvalt,1,1,0,0
tajuma,laiali,1,1,0,0
tajuma,taga,1,1,0,0
takaaluma,,1,1,0,0
takerduma,külge,1,1,0,0
takistama,ees,1,1,0,0
takseerima,ringi,1,1,0,0
taktistama,,1,1,0,0
talitama,koos,1,1,0,0
talitama,rahul,2,2,0,0
talitama,ära,1,1,0,0
tallama,edasi,1,1,0,0
tallama,kaasa,1,1,0,0
tallama,mööda,1,1,0,0
tallama,peale,1,1,0,0
talluma,ette,1,1,0,0
tallutama,ära,1,1,0,0
taluma,läbi,1,1,0,0
taluma,lähedal,1,1,0,0
taluma,sees,1,1,0,0
talupojatsema,,1,1,0,0
talutama,kohale,1,1,0,0
talutama,läbi,1,1,0,0
talveunestuma,,1,1,0,0
tammuma,"edasi, tagasi",1,1,0,0
tammuma,tagasi,1,1,0,0
tammuma,täis,1,1,0,0
tampi-minema,,1,1,0,0
tampima,"ette, maha",1,1,0,0
tampima,ringi,1,1,0,0
tampima,"täis, välja",1,1,0,0
tampima,valmis,1,1,0,0
tampima,ära,2,2,0,0
tamponeerima,kinni,1,1,0,0
tankima,juurde,1,1,0,0
tansima,,2,2,0,0
tantsib-mängib-laulma,kaasa,1,1,0,0
tantsima,juurde,1,1,0,0
tantsima,kõrvale,1,1,0,0
tantsima,otsa,1,1,0,0
tantsima,sees,1,1,0,0
tantsima,sekka,1,1,0,0
tantsima,üle,1,1,0,0
tantsisklema,edasi,1,1,0,0
tantsisklema,läbi,1,1,0,0
tantsisklema,ringi,1,1,0,0
tantsisklema,välja,3,3,0,0
tantsitama,sees,1,1,0,0
tantsivad-laulma,,1,1,0,0
taohima,,1,1,0,0
taotlema,ette,1,1,0,0
tapeetiliimima,,1,1,0,0
tapma,eemale,1,1,0,0
tapma,moodi,1,1,0,0
tapma,nõus,1,1,0,0
tapma,peale,1,1,0,0
tapma,sees,1,1,0,0
tapnud-vägistama,,1,1,0,0
tappama,maha,2,2,0,0
tarbima,ette,1,1,0,0
tarbima,vastu,1,1,0,0
tarbima,ümber,1,1,0,0
targutama,täis,1,1,0,0
tarima,kokku,1,1,0,0
tartuma,ette,1,1,0,0
tartuma,kokku,1,1,0,0
tartuma,välja,1,1,0,0
tarvitama,kõrvale,1,1,0,0
tarvitsema,ette,1,1,0,0
tarvitsema,valmis,2,2,0,0
tasakaalustama,alla,1,1,0,0
tasandama,maha,1,1,0,0
tasandama,vastu,1,1,0,0
tasenema,,1,1,0,0
tasima,,1,1,0,0
taskaalustama,,1,1,0,0
tassima,üle,1,1,0,0
tasuma,alt,1,1,0,0
tasuma,"ette, ära",1,1,0,0
tasuma,ilma,1,1,0,0
tasuma,juurde,1,1,0,0
tasuma,"kokku, ära",1,1,0,0
tasuma,lahti,2,2,0,0
tasuma,lähedal,1,1,0,0
tasuma,otsa,1,1,0,0
tasuma,ringi,1,1,0,0
tasuma,sees,1,1,0,0
tasuma,tarvis,1,1,0,0
tasuma,vahele,1,1,0,0
tasuma,vast,1,1,0,0
tasuma,"ära, maha",1,1,0,0
tasuma,üles,1,1,0,0
tatariseeruma,,1,1,0,0
tatistama,edasi,1,1,0,0
tatistama,mööda,1,1,0,0
tatnuma,,1,1,0,0
tatoveerima,,1,1,0,0
tatruma,,1,1,0,0
tatsama,edasi-tagasi,1,1,0,0
tatsama,järele,2,2,0,0
tatsama,"mööda, ringi",1,1,0,0
tatsama,püsti,1,1,0,0
tatsama,sees,1,1,0,0
tatsuma,edasi,1,1,0,0
tatsuma,kaasa,1,1,0,0
taunima,edasi,1,1,0,0
taunima,ette,1,1,0,0
taunima,läbi,1,1,0,0
taunima,vastu,1,1,0,0
taunitsema,,1,1,0,0
taurima,alles,1,1,0,0
tausuma,,1,1,0,0
tautnima,,1,1,0,0
tava-ärima,,1,1,0,0
tavaimama,,1,1,0,0
taévaśurimķssepuuttuma,,1,1,0,0
tcekkama,,1,1,0,0
tea-ärama,,1,1,0,0
teab-arvama,,1,1,0,0
teab-mäletama,,1,1,0,0
teab-olema,,1,1,0,0
teadima,,1,1,0,0
teadma,all,1,1,0,0
teadma,alles,1,1,0,0
teadma,juures,1,1,0,0
teadma,järele,2,2,0,0
teadma,keskel,1,1,0,0
teadma,kõrvale,1,1,0,0
teadma,külge,1,1,0,0
teadma,lahku,1,1,0,0
teadma,nõus,2,2,0,0
teadma,"otsa, vaja",1,1,0,0
teadma,sees,2,2,0,0
teadma,taha,1,1,0,0
teadma,võlgu,1,1,0,0
teadma,"ära, ette",1,1,0,0
teadma,"ära, sisse",1,1,0,0
teadma,ühte,2,2,0,0
teadnud-tundma,,1,1,0,0
teadustuma,,1,1,0,0
teaduvstama,,1,1,0,0
teadvustama,ära,1,1,0,0
teadvustama,üle,1,1,0,0
teagmima,,1,1,0,0
teasima,,1,1,0,0
teasnuma,,1,1,0,0
teatama,"ette, ette",1,1,0,0
teatama,kohale,1,1,0,0
teatama,laiali,1,1,0,0
teatama,mööda,1,1,0,0
teatama,ringi,1,1,0,0
teatama,taga,2,2,0,0
teatama,"üles, alla",2,2,0,0
teatraliseeruma,,2,2,0,0
teatuma,,1,1,0,0
teavad-nägema,,1,1,0,0
teavad-pidama,,1,1,0,0
teavitama,kinni,1,1,0,0
teavitama,peale,1,1,0,0
teavitama,välja,1,1,0,0
teavituma,,1,1,0,0
techzonema,,1,1,0,0
tee-mis-tahtma,,1,1,0,0
teeb-ütlema,,1,1,0,0
teecsima,,1,1,0,0
teede-ehituma,,1,1,0,0
teedotsima,,1,1,0,0
teekima,,1,1,0,0
teema-elama,edasi,1,1,0,0
teemad-olema,,1,1,0,0
teenima,ette,1,1,0,0
teenima,"ette, ära",1,1,0,0
teenima,ilma,1,1,0,0
teenima,"kokku, kokku",2,2,0,0
teenima,laiali,1,1,0,0
teenima,otsa,2,2,0,0
teenima,rahul,1,1,0,0
teenima,sisse,2,2,0,0
teenima,"tänu, ära",2,2,0,0
teenima,vahelt,2,2,0,0
teenimi-segama,,1,1,0,0
teenindama,valmis,1,1,0,0
teenindama,vastu,1,1,0,0
teenusepakkuma,,1,1,0,0
teevad-viima,vaja,1,1,0,0
tegelema,koos,1,1,0,0
tegelema,lahti,1,1,0,0
tegelema,sees,1,1,0,0
tegema,ajel,1,1,0,0
tegema,"alt, üles",1,1,0,0
tegema,"alt, ümber",1,1,0,0
tegema,"edasi, tagasi",2,2,0,0
tegema,"edasi, ära",1,1,0,0
tegema,"ette, kokku",1,1,0,0
tegema,"ilma, valmis",1,1,0,0
tegema,"kaasa, vastu",1,1,0,0
tegema,keskele,2,2,0,0
tegema,"kinni, ära",1,1,0,0
tegema,koha,1,1,0,0
tegema,"koos, edasi",1,1,0,0
tegema,"kõrvale, lahti",1,1,0,0
tegema,"kõrvalt, ära",2,2,0,0
tegema,"lahti, lahti",1,1,0,0
tegema,lingu,1,1,0,0
tegema,"läbi, alla",1,1,0,0
tegema,"läbi, üle",1,1,0,0
tegema,millalgi,2,2,0,0
tegema,nahka,1,1,0,0
tegema,otsas,1,1,0,0
tegema,"peale, valmis",1,1,0,0
tegema,"pealt, lahti",1,1,0,0
tegema,poole,2,2,0,0
tegema,puudu,1,1,0,0
tegema,"puudu, tagasi",1,1,0,0
tegema,"püsti, eest",1,1,0,0
tegema,"rahul, valmis",1,1,0,0
tegema,"ringi, kokku",1,1,0,0
tegema,"ringi, tagasi",1,1,0,0
tegema,"ringi, vaja",1,1,0,0
tegema,"säru, vaja",1,1,0,0
tegema,"vastu, lahti",1,1,0,0
tegema,"vastu, ära",1,1,0,0
tegema,viltu,1,1,0,0
tegema,"välja, tagasi",1,1,0,0
tegema,"välja, välja",1,1,0,0
tegema,"ära, ees",1,1,0,0
tegema,"ära, järele",1,1,0,0
tegema,"ära, kokku",1,1,0,0
tegema,"üle, ära",1,1,0,0
tegema,"üles, alla",1,1,0,0
tegemist-otsima,,2,2,0,0
teglema,,3,3,0,0
tegtuma,,2,2,0,0
tegutsema,algama,1,1,0,0
tegutsema,keskel,1,1,0,0
tegutsema,laiali,1,1,0,0
tegutsema,nõus,2,2,0,0
tegutsema,omapäi,1,1,0,0
tegutsema,vaja,2,2,0,0
tegutsema,ääres,1,1,0,0
tegvuma,,1,1,0,0
tehduma,valmis,1,1,0,0
tehima,,1,1,0,0
tehkuma,,1,1,0,0
tehttuma,,2,2,0,0
teidnuma,,2,2,0,0
teidnuma,edasi,1,1,0,0
teiegarääkima,,1,1,0,0
teiljuma,,1,1,0,0
teimuma,,1,1,0,0
teinduma,,1,1,0,0
teinnuma,,1,1,0,0
teinud-nägema,,1,1,0,0
teisaldama,ära,1,1,0,0
teisendama,välja,1,1,0,0
teisenema,välja,1,1,0,0
teisi-vaatavad-ennast-näitama,,1,1,0,0
teist-pidama,,1,1,0,0
tekiatama,,1,1,0,0
tekikkima,,1,1,0,0
tekitama,krampi,1,1,0,0
tekitama,kusjuures,1,1,0,0
tekitama,ligi,1,1,0,0
tekitama,taga,2,2,0,0
tekittima,,1,1,0,0
tekkima,all,2,2,0,0
tekkima,asemele,1,1,0,0
tekkima,esile,1,1,0,0
tekkima,kaasas,1,1,0,0
tekkima,keskel,1,1,0,0
tekkima,keskele,2,2,0,0
tekkima,kohale,1,1,0,0
tekkima,lähedal,1,1,0,0
tekkima,millalgi,1,1,0,0
tekkima,peksma,1,1,0,0
tekkima,sekka,1,1,0,0
tekkima,"tagasi, peal",1,1,0,0
tekkima,vahel,1,1,0,0
tekkima,"vahele, sisse",1,1,0,0
tekkima,vast,1,1,0,0
tekkima,"välja, juurde",1,1,0,0
tekkima,"ära, alla",1,1,0,0
tekkima,üles,3,3,0,0
teksima,,1,1,0,0
tekstima,,1,1,0,0
tekstlema,,1,1,0,0
tekstreziimima,,1,1,0,0
tekuma,,1,1,0,0
tele-esilinastuma,,1,1,0,0
teleportateerima,,1,1,0,0
telerdama,,1,1,0,0
telfima,,1,1,0,0
tellib-ostma,,1,1,0,0
tellima,eest,1,1,0,0
tellima,"kokku, üle",1,1,0,0
tellima,"püsti, ära",1,1,0,0
tellima,"tagasi, ära",1,1,0,0
tellima,vaja,1,1,0,0
tellima,valmis,2,2,0,0
tellin-lugema,,1,1,0,0
tema-kes-teadma,,1,1,0,0
tematiseeruma,,1,1,0,0
temetama,,1,1,0,0
temostreerima,,2,2,0,0
tempeldama,,1,1,0,0
teoskoosnema,,1,1,0,0
teostama,kõrvalt,1,1,0,0
teostama,ära,2,2,0,0
teostuma,läbi,1,1,0,0
teostuma,ringi,2,2,0,0
tepsima,,1,1,0,0
teravdama,ära,2,2,0,0
teravustama,ära,1,1,0,0
teravustuma,,5,5,0,0
tere-paluma,,1,1,0,0
tere-tulema,,1,1,0,0
terendama,edasi,2,2,0,0
terenduma,ees,2,2,0,0
teretetama,,1,1,0,0
terfitama,,1,1,0,0
teritama,küüsi,1,1,0,0
teritama,peale,1,1,0,0
termineerima,,1,1,0,0
terroriseerima,edasi,1,1,0,0
terrotsema,,1,1,0,0
tervistuma,poolt,1,1,0,0
tervitama,kohale,1,1,0,0
tervitama,maha,1,1,0,0
tervitama,ringi,1,1,0,0
testamenteerima,,1,1,0,0
testima,"ees, ära",1,1,0,0
thatsima,,2,2,0,0
thetuma,,1,1,0,0
tiaxima,,1,1,0,0
tibama,mööda,1,1,0,0
tibima,,2,2,0,0
tibitsema,,1,1,0,0
tifitseerima,,1,1,0,0
tigenema,,1,1,0,0
tihendama,kokku,1,1,0,0
tihendama,välja,1,1,0,0
tihenema,ligi,1,1,0,0
tiirlema,edasi,3,3,0,0
tiirlema,ees,1,1,0,0
tiirutama,"edasi, tagasi",1,1,0,0
tiirutama,edasi-tagasi,1,1,0,0
tiirutama,keskele,1,1,0,0
tiirutama,läbi,1,1,0,0
tikid-kuduma,,1,1,0,0
tikin-koon-heegeldama,läbi,2,2,0,0
tikkama,,1,1,0,0
tikkima,peale,3,3,0,0
tikkima,üle,1,1,0,0
tikkuma,edasi,1,1,0,0
tikkuma,esile,3,3,0,0
tikkuma,ette,1,1,0,0
tikkuma,kinni,1,1,0,0
tiksatama,,1,1,0,0
tiksuma,"kõrvalt, ära",1,1,0,0
tiksuma,peale,1,1,0,0
tiksuma,ringi,4,4,0,0
tiksuma,valmis,1,1,0,0
tiksuma,üles,2,2,0,0
tilbendavad-särama,,1,1,0,0
tilgutama,tagasi,1,1,0,0
tilkuma,alt,1,1,0,0
tilkuma,edasi,4,4,0,0
tilkuma,järele,1,1,0,0
tilkuma,kaasas,1,1,0,0
tilkuma,kokku,3,3,0,0
tillendama,,1,1,0,0
tilliakkima,,1,1,0,0
tilpnema,sisse,1,1,0,0
timeouttima,,1,1,0,0
timmima,kokku,1,1,0,0
timpima,eemale,1,1,0,0
tingima,üle,1,1,0,0
tinisema,kaasa,1,1,0,0
tinutama,valmis,1,1,0,0
tinutama,üle,2,2,0,0
tipima,,1,1,0,0
tippima,ees,1,1,0,0
tippima,maha,1,1,0,0
tippima,täis,1,1,0,0
tipsima,ringi,1,1,0,0
tipsutama,ringi,1,1,0,0
tirima,"alla, tagasi",1,1,0,0
tirima,"alt, välja",1,1,0,0
tirima,täis,2,2,0,0
tirima,"üles, tagasi",1,1,0,0
tirima,ümber,1,1,0,0
tiris-lohistama,,1,1,0,0
tiris-tassima,,1,1,0,0
tiroolima,,1,1,0,0
tirtsatama,,2,2,0,0
tirtsutama,alla,1,1,0,0
tirtsutama,edasi,1,1,0,0
tirtsutama,laiali,1,1,0,0
titastuma,,1,1,0,0
tituleerima,ette,3,3,0,0
tixuma,juurde,1,1,0,0
tiähendama,,1,1,0,0
tlaulima,,1,1,0,0
tmeeltima,,1,1,0,0
toestama,ära,2,2,0,0
toestima,,1,1,0,0
toestima,vaja,1,1,0,0
toestuma,,1,1,0,0
toetama,alt,1,1,0,0
toetama,ette,2,2,0,0
toetama,heaks,1,1,0,0
toetama,juurde,1,1,0,0
toetama,kaasas,2,2,0,0
toetama,kohale,1,1,0,0
toetama,koht,1,1,0,0
toetama,nõus,1,1,0,0
toetama,sees,1,1,0,0
toetama,sisse,1,1,0,0
toetama,"tagasi, maha",1,1,0,0
toetama,toona,1,1,0,0
toetama,täis,1,1,0,0
toetama,ümber,1,1,0,0
toetatama,,1,1,0,0
toetavad-selgitama,,1,1,0,0
toetuma,kõrvale,1,1,0,0
togglema,,1,1,0,0
togima,takka,1,1,0,0
togima,üles,1,1,0,0
tohkima,,1,1,0,0
tohkima,ära,1,1,0,0
tohmerdama,,1,1,0,0
tohtima,nõus,1,1,0,0
tohtnuma,,1,1,0,0
toibuma,ära,1,1,0,0
toibuma,üles,1,1,0,0
toidab-katma,ära,1,1,0,0
toilpnema,,1,1,0,0
toimatama,,1,1,0,0
toimatama,ära,2,2,0,0
toimetama,all,1,1,0,0
toimetama,edasi-tagasi,1,1,0,0
toimetama,"kohale, koos",2,2,0,0
toimetama,koos,1,1,0,0
toimetama,lahti,1,1,0,0
toimetama,sees,1,1,0,0
toimetama,vahel,1,1,0,0
toimiku-sarjama,,1,1,0,0
toimima,alla,1,1,0,0
toimima,ette,1,1,0,0
toimima,juurde,1,1,0,0
toimima,kokku,3,3,0,0
toimima,"kokku, välja",1,1,0,0
toimima,moodi,2,2,0,0
toimima,pidama,1,1,0,0
toimima,rahul,1,1,0,0
toimima,tarvis,1,1,0,0
toiminud-mõtlema,,1,1,0,0
toimitama,,1,1,0,0
toimuma,juurde,2,2,0,0
toimuma,kaasas,2,2,0,0
toimuma,kõrval,1,1,0,0
toimuma,kõrvalt,1,1,0,0
toimuma,pealt,1,1,0,0
toimuma,pihta,1,1,0,0
toimuma,püsti,1,1,0,0
toimuma,räpasevõitu,1,1,0,0
toimuma,tagant,1,1,0,0
toimuma,tähele,1,1,0,0
toimuma,vahel,1,1,0,0
toimuma,valmis,1,1,0,0
toimuma,"ära, vastu",1,1,0,0
toinmuma,,1,1,0,0
toitma,otsa,1,1,0,0
toitma,sisse,1,1,0,0
toitma,võlgu,2,2,0,0
toituma,koos,1,1,0,0
toituma,ära,1,1,0,0
tokistuma,sisse,1,1,0,0
toklema,,1,1,0,0
toksama,vastu,1,1,0,0
toksima,juurde,1,1,0,0
toksima,kinni,1,1,0,0
tolberdama,,1,1,0,0
tolgendama,edasi,2,2,0,0
tolgendama,ees,1,1,0,0
tolgendama,ringi,5,5,0,0
tolknema,taga,1,1,0,0
tolkstima,,1,1,0,0
tollima,ära,1,1,0,0
tolmnema,,1,1,0,0
tolmuma,täis,1,1,0,0
tolmutama,edasi,1,1,0,0
tomima,edasi,1,1,0,0
tomutama,edasi,1,1,0,0
toob-vedama,,1,1,0,0
toodavad-konkureerima,,1,1,0,0
toohima,,1,1,0,0
tooma,"ette, esile",2,2,0,0
tooma,"koos, kaasa",1,1,0,0
tooma,"läbi, ära",1,1,0,0
tooma,"maha, kaasa",1,1,0,0
tooma,mööda,1,1,0,0
tooma,otsa,2,2,0,0
tooma,"peale, tagasi",1,1,0,0
tooma,pooleli,1,1,0,0
tooma,"ringi, kaasa",1,1,0,0
tooma,"sisse, edasi",1,1,0,0
tooma,"sisse, tagasi",1,1,0,0
tooma,"taga, esile",1,1,0,0
tooma,"tagasi, kaasa",2,2,0,0
tooma,ümber,3,3,0,0
toonitama,maha,1,1,0,0
toooooooooooohtima,,1,1,0,0
toosistama,,1,1,0,0
tootma,läbi,1,1,0,0
tootma,"tagasi, kokku",1,1,0,0
toovad-saatma,,1,1,0,0
topestuma,,2,2,0,0
topima,,1,1,0,0
toppima,"ette, sisse",1,1,0,0
toppima,järele,1,1,0,0
toppima,läbi,1,1,0,0
toppima,seest,1,1,0,0
toppima,taha,1,1,0,0
topsima,,1,1,0,0
torgnuma,,1,1,0,0
torkama,kohal,1,1,0,0
torkama,lõhki,1,1,0,0
torkama,"otsa, tagasi",1,1,0,0
torkama,peale,1,1,0,0
torkama,plaksti,1,1,0,0
torkama,taha,1,1,0,0
torkama,tänu,1,1,0,0
torkama,õlule,1,1,0,0
torkima,sisse,1,1,0,0
tormama,"all, ringi",1,1,0,0
tormama,"alla, üles",1,1,0,0
tormama,pärast,1,1,0,0
tormama,valmis,1,1,0,0
tormama,"välja, tagasi",4,4,0,0
tormitsema,läbi,1,1,0,0
torssima,,1,1,0,0
tossama,edasi,4,4,0,0
tossama,tagasi,1,1,0,0
tossutama,ees,1,1,0,0
tostnuma,,1,1,0,0
totutama,,2,2,0,0
toumima,,1,1,0,0
toxima,sisse,1,1,0,0
tpoppima,ette,1,1,0,0
traageldama,külge,1,1,0,0
traavima,edasi-tagasi,1,1,0,0
traavima,eemale,1,1,0,0
traavima,sisse,1,1,0,0
tradeerima,,1,1,0,0
trallitama,edasi,1,1,0,0
trambivad-tantsima,ringi,1,1,0,0
tramima,,1,1,0,0
trampima,alla,2,2,0,0
trampima,peal,1,1,0,0
trampima,"välja, ringi",1,1,0,0
transformeerima,välja,1,1,0,0
transformeeruma,tagasi,1,1,0,0
transgeensima,,1,1,0,0
transleerima,läbi,1,1,0,0
transportima,edasi,1,1,0,0
transportima,läbi,1,1,0,0
transportima,ära,2,2,0,0
traumeeruma,,1,1,0,0
travesteerima,,1,1,0,0
treblema,,1,1,0,0
treenima,kaasa,1,1,0,0
treenima,kuuekesi,1,1,0,0
treenima,ära,1,1,0,0
treenima,üles,1,1,0,0
trehvama,ette,2,2,0,0
trehvama,kõrvale,1,1,0,0
trehvama,sekka,2,2,0,0
trehvanud-rääkima,,1,1,0,0
treima,juurde,1,1,0,0
treima,vahele,1,1,0,0
trigguma,läbi,1,1,0,0
triiputama,alla,1,1,0,0
triivima,kohale,1,1,0,0
triivima,peale,1,1,0,0
trikitama,edasi,1,1,0,0
trikkitama,,1,1,0,0
trimmerdama,maha,1,1,0,0
trimmima,ära,1,1,0,0
trippama,,1,1,0,0
trippima,tagasi,1,1,0,0
triumfeerima,üle,1,1,0,0
trixima,,1,1,0,0
trollima,ringi,1,1,0,0
tromboseeruma,,4,4,0,0
troonima,püsti,1,1,0,0
troppima,,1,1,0,0
trugima,,4,4,0,0
trukima,,2,2,0,0
trullima,,1,1,0,0
trummeldanud-pasundama,,1,1,0,0
trunnema,,1,1,0,0
trunnistama,,1,1,0,0
trygima,taga,1,1,0,0
trykima,edasi,1,1,0,0
trykima,sisse,1,1,0,0
trykkima,välja,1,1,0,0
trääkima,,1,1,0,0
trügima,"edasi, peale",1,1,0,0
trügima,lahku,1,1,0,0
trügima,lähedal,1,1,0,0
trügima,sekka,1,1,0,0
trükimustetama,,1,1,0,0
trükkima,edasi,1,1,0,0
trükkima,"ette, välja",1,1,0,0
trükkima,üle,2,2,0,0
trükkuma,,1,1,0,0
tsaaritsema,,1,1,0,0
tsautama,ilma,1,1,0,0
tsekima,üle,2,2,0,0
tsekkima,üle,1,1,0,0
tsenderdama,peale,1,1,0,0
tsenseerima,ära,1,1,0,0
tshekkima,ära,1,1,0,0
tshättima,peale,1,1,0,0
tsilksuma,,1,1,0,0
tsiteerima,ära,1,1,0,0
tsolgutama,,1,1,0,0
tsotsitaalima,,1,1,0,0
tssatuma,,1,1,0,0
tsubima,edasi,1,1,0,0
tsunglima,,2,2,0,0
tsyklima,,1,1,0,0
tubduma,,1,1,0,0
tudeerima,alles,1,1,0,0
tuduma,välja,2,2,0,0
tudunema,alles,1,1,0,0
tugevdama,sisse,1,1,0,0
tuginema,valmis,1,1,0,0
tuginema,ära,1,1,0,0
tugvnema,,1,1,0,0
tuhandekordistuma,,1,1,0,0
tuhisema,tagasi,1,1,0,0
tuhistama,alla,1,1,0,0
tuhmunud-tuimenema,,1,1,0,0
tuhnima,ümber,1,1,0,0
tuhveldama,,1,1,0,0
tuiama,alla,1,1,0,0
tuiama,"ilma, ringi",1,1,0,0
tuikama,sees,1,1,0,0
tuikuma,alla,1,1,0,0
tuikuma,vastu,2,2,0,0
tuimestama,ära,1,1,0,0
tuiskama,edasi-tagasi,1,1,0,0
tuiskama,ees,1,1,0,0
tuiskama,järgi,1,1,0,0
tuiskama,"ringi, ees",1,1,0,0
tuittama,,1,1,0,0
tuiutama,edasi,1,1,0,0
tukastuma,,1,1,0,0
tukitama,,1,1,0,0
tukkuma,lahti,1,1,0,0
tukkuma,lähedal,1,1,0,0
tukkuma,püsti,1,1,0,0
tukkuma,ära,1,1,0,0
tuksatama,ümber,1,1,0,0
tuksuma,maas,1,1,0,0
tulblima,,1,1,0,0
tule-olema,,1,1,0,0
tule-sära-laulma,,1,1,0,0
tuleb-saama,,2,2,0,0
tuleb-tuleb-tuleb-tulema,,1,1,0,0
tuleikuma,,1,1,0,0
tulema,"alla, alla",1,1,0,0
tulema,"alla, lahti",1,1,0,0
tulema,"alla, peale",1,1,0,0
tulema,"alles, välja",2,2,0,0
tulema,"alt, lahti",1,1,0,0
tulema,"alt, vastu",1,1,0,0
tulema,"edasi, alles",1,1,0,0
tulema,"edasi, edasi",1,1,0,0
tulema,"edasi, juurde",2,2,0,0
tulema,"edasi, lahti",1,1,0,0
tulema,"edasi, puudu",1,1,0,0
tulema,"edasi, tagasi",1,1,0,0
tulema,"eest, lahti",1,1,0,0
tulema,eksju,1,1,0,0
tulema,eluski,1,1,0,0
tulema,"ette, ette",1,1,0,0
tulema,"ette, vaja",1,1,0,0
tulema,igasugu,1,1,0,0
tulema,jaa,1,1,0,0
tulema,"kaasa, juurde, tagasi",1,1,0,0
tulema,"kaasa, välja",1,1,0,0
tulema,kahekesi,1,1,0,0
tulema,keskel,1,1,0,0
tulema,"kinni, vahele",1,1,0,0
tulema,"kokku, kaasa",1,1,0,0
tulema,"kokku, üle, ilma",1,1,0,0
tulema,"koos, välja",1,1,0,0
tulema,kukile,2,2,0,0
tulema,käsile,1,1,0,0
tulema,kõrval,2,2,0,0
tulema,lahku,2,2,0,0
tulema,"ligi, peale",1,1,0,0
tulema,lukku,1,1,0,0
tulema,"läbi, enne",1,1,0,0
tulema,"läbi, tagasi",1,1,0,0
tulema,lähedale,1,1,0,0
tulema,man,1,1,0,0
tulema,"mööda, järele",1,1,0,0
tulema,"mööda, kokku",1,1,0,0
tulema,na,2,2,0,0
tulema,nahka,1,1,0,0
tulema,"otsa, peale",1,1,0,0
tulema,pahupidi,1,1,0,0
tulema,"peale, maha, peale",1,1,0,0
tulema,"peale, tagasi",1,1,0,0
tulema,"pealt, pealt",1,1,0,0
tulema,pooleks,1,1,0,0
tulema,pooleli,2,2,0,0
tulema,poolt,3,3,0,0
tulema,"ringi, juurde",1,1,0,0
tulema,"ringi, järele",1,1,0,0
tulema,rutem,1,1,0,0
tulema,"sisse, pooleli",1,1,0,0
tulema,taaskord,1,1,0,0
tulema,"tagant, vastu",1,1,0,0
tulema,"tagasi, kinni",1,1,0,0
tulema,"tagasi, puruks",2,2,0,0
tulema,"tagasi, pärast",1,1,0,0
tulema,"tagasi, sisse",1,1,0,0
tulema,"tagasi, ära",1,1,0,0
tulema,takka,1,1,0,0
tulema,"tarvis, kokku",1,1,0,0
tulema,"vahele, tagasi",1,1,0,0
tulema,"vaja, kohale",1,1,0,0
tulema,"vastu, kaasas",1,1,0,0
tulema,"vastu, laiali",1,1,0,0
tulema,"vastu, vastu",1,1,0,0
tulema,"välja, kinni",1,1,0,0
tulema,"välja, kõrvalt",1,1,0,0
tulema,"välja, läbi",1,1,0,0
tulema,"välja, maha",2,2,0,0
tulema,"välja, mööda",2,2,0,0
tulema,"välja, ringi",1,1,0,0
tulema,"välja, välja, välja",1,1,0,0
tulema,"ära, kallale",1,1,0,0
tulema,"ära, taha",1,1,0,0
tulema,"ära, välja",1,1,0,0
tulema,"üle, kokku",1,1,0,0
tulema,"üle, lahti",1,1,0,0
tulema,"üle, ära",1,1,0,0
tulema,"üles, kokku",1,1,0,0
tulema,üleöö,1,1,0,0
tulema,"ümber, ette",1,1,0,0
tulenema,ilma,1,1,0,0
tulenema,läbi,1,1,0,0
tulenema,võlgu,1,1,0,0
tuletama,all,1,1,0,0
tuletama,edasi,1,1,0,0
tuletama,juurde,1,1,0,0
tuletama,külge,1,1,0,0
tuletama,pealt,1,1,0,0
tuli-nägi-võitma,,1,1,0,0
tulima,välja,2,2,0,0
tulime-nägime-tegema,,1,1,0,0
tulistama,"kokku, välja",1,1,0,0
tulistama,otsa,1,1,0,0
tulistama,püsti,1,1,0,0
tulistama,sekka,1,1,0,0
tulistama,takka,1,1,0,0
tulistama,vaja,1,1,0,0
tulistama,üle,3,3,0,0
tulletama,,1,1,0,0
tulnuma,,1,1,0,0
tultima,,1,1,0,0
tulvama,esile,2,2,0,0
tulvama,täis,1,1,0,0
tumestama,ette,1,1,0,0
tummenema,,1,1,0,0
tummuma,,2,2,0,0
tundinema,ära,1,1,0,0
tundma,alles,2,2,0,0
tundma,alt,1,1,0,0
tundma,"ette, ära",1,1,0,0
tundma,"kaasa, ära",1,1,0,0
tundma,keskel,1,1,0,0
tundma,koha,1,1,0,0
tundma,kohal,1,1,0,0
tundma,krampi,1,1,0,0
tundma,"lahti, ära",1,1,0,0
tundma,ligi,1,1,0,0
tundma,otsa,1,1,0,0
tundma,peal,3,3,0,0
tundma,"peale, ära",1,1,0,0
tundma,püsti,1,1,0,0
tundma,sisse,1,1,0,0
tundma,"sisse, ära",1,1,0,0
tundma,tänu,1,1,0,0
tundma,valmima,1,1,0,0
tundma,ühte,1,1,0,0
tundma,"üle, kõrvale",1,1,0,0
tundma,"üles, ära",1,1,0,0
tundsite-mõtlema,,1,1,0,0
tunduma,alles,1,1,0,0
tunduma,alt,1,1,0,0
tunduma,juurde,1,1,0,0
tunduma,kohal,1,1,0,0
tunduma,kõhedavõitu,1,1,0,0
tunduma,kõrgevõitu,1,1,0,0
tunduma,läilavõitu,1,1,0,0
tunduma,maha,1,1,0,0
tunduma,moodi,1,1,0,0
tunduma,mööda,2,2,0,0
tunduma,nõus,3,3,0,0
tunduma,otsa,1,1,0,0
tunduma,püsti,1,1,0,0
tunduma,rahule,1,1,0,0
tunduma,"sisse, välja",1,1,0,0
tunduma,taga,1,1,0,0
tunduma,ümber,1,1,0,0
tunfuma,,1,1,0,0
tungima,all,1,1,0,0
tungima,"alt, üles",1,1,0,0
tungima,"edasi, mööda",1,1,0,0
tungima,ette,1,1,0,0
tungima,kaasa,1,1,0,0
tungima,kaudu,1,1,0,0
tungima,"sisse, tagasi",2,2,0,0
tungima,vahele,1,1,0,0
tunginema,,1,1,0,0
tunglema,välja,1,1,0,0
tunneb-käsitlema,,1,1,0,0
tunnetama,alla,1,1,0,0
tunnetama,pärast,1,1,0,0
tunnetama,vaja,1,1,0,0
tunnetama,vastu,1,1,0,0
tunnistama,kõrvalt,1,1,0,0
tunnistama,otsa,1,1,0,0
tunnistama,sisse,1,1,0,0
tunnistama,"üles, alles",1,1,0,0
tunnistama,"üles, kokku",1,1,0,0
tunniustama,,1,1,0,0
tunnustama,ette,1,1,0,0
tunnustama,"üle, ilma",1,1,0,0
tunnustustama,,1,1,0,0
tunta-teatama,,1,1,0,0
tunuma,lahti,1,1,0,0
tunuma,tagasi,1,1,0,0
tupsuma,,1,1,0,0
tupsutama,peale,1,1,0,0
tupsutama,välja,1,1,0,0
turgutama,tagasi,1,1,0,0
turmama,rahul,1,1,0,0
turnima,otsas,1,1,0,0
turnima,peal,1,1,0,0
turritama,läbi,1,1,0,0
turritama,sisse,1,1,0,0
turritama,üles,1,1,0,0
turtsuma,järele,1,1,0,0
turustama,edasi,1,1,0,0
turustama,välja,1,1,0,0
turvama,all,1,1,0,0
turvavööd-peatuma,,1,1,0,0
tustima,läbi,1,1,0,0
tutbustama,,1,1,0,0
tuttuma,,2,2,0,0
tuttvuma,,1,1,0,0
tuttvuma,sees,1,1,0,0
tutvuma,lahti,2,2,0,0
tutvustama,ees,1,1,0,0
tutvustama,kaasa,1,1,0,0
tutvustama,rahul,1,1,0,0
tuuduma,,1,1,0,0
tuulama,"mööda, ringi",1,1,0,0
tuulutama,läbi,1,1,0,0
tuulutama,ringi,1,1,0,0
tuulutama,ära,1,1,0,0
tuupima,sisse,1,1,0,0
tuurima,edasi,1,1,0,0
tuuritama,"ilma, ringi",1,1,0,0
tuuseldama,"kaasa, läbi",1,1,0,0
tuuseldama,laiali,1,1,0,0
tuuseldama,mööda,1,1,0,0
tuusteldama,,2,2,0,0
tuustima,maha,1,1,0,0
tuustima,sees,1,1,0,0
tuututama,edasi,1,1,0,0
tuututama,kaasa,2,2,0,0
tuututsema,läbi,1,1,0,0
tuvastama,tagasi,1,1,0,0
tuwima,,1,1,0,0
tvajuma,,1,1,0,0
tweakima,,1,1,0,0
tweaksima,ära,1,1,0,0
tyakima,,1,1,0,0
tyhistama,,2,2,0,0
tylima,välja,1,1,0,0
tyntsima,,2,2,0,0
tyrima,,1,1,0,0
tyssatama,,1,1,0,0
tyydatama,,1,1,0,0
tyähendama,,1,1,0,0
tzaukkima,,1,1,0,0
tzauukima,,1,1,0,0
tädisaabuma,,1,1,0,0
tädistuma,ära,1,1,0,0
tägima,ära,1,1,0,0
täheldama,kõrvale,1,1,0,0
täheldama,välja,2,2,0,0
tähendama,ees,2,2,0,0
tähendama,enne,1,1,0,0
tähendama,hulgas,1,1,0,0
tähendama,nõus,2,2,0,0
tähendama,otsas,1,1,0,0
tähendama,peksma,1,1,0,0
tähendama,püsti,1,1,0,0
tähendama,täis,1,1,0,0
tähendama,võlgu,1,1,0,0
tähendama,ümber,3,3,0,0
tähistama,alles,1,1,0,0
tähistama,esile,1,1,0,0
tähistama,kokku,1,1,0,0
tähistama,lahti,1,1,0,0
tähistama,man,1,1,0,0
tähtnuma,,1,1,0,0
tähtuma,,1,1,0,0
tähtustama,,1,1,0,0
täidavad-tühjendama,,1,1,0,0
täidima,välja,1,1,0,0
täiendab-kohendama,,1,1,0,0
täiendama,alla,1,1,0,0
täiendama,lahti,1,1,0,0
täiendama,puudu,1,1,0,0
täiendama,pärast,1,1,0,0
täitma,"alla, ära",1,1,0,0
täitma,kinni,1,1,0,0
täitma,lahti,1,1,0,0
täitma,läbi,1,1,0,0
täitma,mõneti,2,2,0,0
täitma,täis,2,2,0,0
täitma,"välja, ära",1,1,0,0
täitma,ühte,1,1,0,0
täitma,üle,1,1,0,0
täitsima,,1,1,0,0
täituma,alles,1,1,0,0
täituma,ära,1,1,0,0
täksima,läbi,1,1,0,0
täksima,täis,1,1,0,0
tänama,ees,1,1,0,0
tänama,"ette, ära",2,2,0,0
tänama,rahul,1,1,0,0
tänatoimuma,,1,1,0,0
tänendama,,1,1,0,0
tänitama,läbi,1,1,0,0
tärgatama,,1,1,0,0
tääcima,,1,1,0,0
täädima,,1,1,0,0
täädsima,,1,1,0,0
tôusima,,2,2,0,0
tõdema,ette,1,1,0,0
tõdema,ilma,1,1,0,0
tõdema,"üle, valmis",1,1,0,0
tõenduma,,2,2,0,0
tõeotama,,1,1,0,0
tõesrima,,1,1,0,0
tõestama,kohale,1,1,0,0
tõestama,sisse,1,1,0,0
tõestama,taga,1,1,0,0
tõistima,,1,1,0,0
tõkestama,üles,1,1,0,0
tõksima,,2,2,0,0
tõlgendama,välja,2,2,0,0
tõlkima,kokku,1,1,0,0
tõlkima,kõrvalt,1,1,0,0
tõlkima,mööda,1,1,0,0
tõlkima,üle,2,2,0,0
tõllerdama,,1,1,0,0
tõmama,maha,1,1,0,0
tõmama,sisse,2,2,0,0
tõmama,ära,2,2,0,0
tõmbama,"alla, sisse",1,1,0,0
tõmbama,"alt, välja",1,1,0,0
tõmbama,"alt, üle",1,1,0,0
tõmbama,"kaasa, ligi",1,1,0,0
tõmbama,"kaasas, peale",1,1,0,0
tõmbama,kaudu,1,1,0,0
tõmbama,"kinni, ära",1,1,0,0
tõmbama,"kokku, kokku",1,1,0,0
tõmbama,"kokku, tagasi",1,1,0,0
tõmbama,koomale,1,1,0,0
tõmbama,lingu,1,1,0,0
tõmbama,lohku,1,1,0,0
tõmbama,"läbi, sisse",1,1,0,0
tõmbama,"läbi, ära",1,1,0,0
tõmbama,"maha, välja",1,1,0,0
tõmbama,"maha, ära",1,1,0,0
tõmbama,nahka,1,1,0,0
tõmbama,otseks,1,1,0,0
tõmbama,"peale, ära",1,1,0,0
tõmbama,plehku,1,1,0,0
tõmbama,pooleks,1,1,0,0
tõmbama,rahule,1,1,0,0
tõmbama,takka,1,1,0,0
tõmbama,tongi,1,1,0,0
tõmbama,vaja,3,3,0,0
tõmbama,"valmis, kokku",1,1,0,0
tõmbama,vasakule,1,1,0,0
tõmbama,"välja, tagasi",1,1,0,0
tõmbama,"üle, ilma",1,1,0,0
tõmbama,"üle, välja",1,1,0,0
tõmbama,"üle, üle",1,1,0,0
tõmbama,"üles, välja",1,1,0,0
tõmblema,alla,1,1,0,0
tõmblema,pool,1,1,0,0
tõmbu-tõukuma,,1,1,0,0
tõmbuma,ette,1,1,0,0
tõmbuma,mossi,1,1,0,0
tõmbuma,peale,1,1,0,0
tõmbuma,sees,1,1,0,0
tõmbuma,sirgu,1,1,0,0
tõmbuma,tagant,1,1,0,0
tõmbuma,täis,2,2,0,0
tõmbuma,vastu,1,1,0,0
tõotama,ette,1,1,0,0
tõotama,välja,1,1,0,0
tõrenema,,1,1,0,0
tõrjuma,alt,1,1,0,0
tõrjuma,"peale, eemale",1,1,0,0
tõrjuma,"peale, välja",1,1,0,0
tõrjuma,ringi,1,1,0,0
tõrjuma,vasakule,1,1,0,0
tõrkuma,ära,1,1,0,0
tõrvama,valmis,1,1,0,0
tõstad-ja-tulistama,,1,1,0,0
tõstatama,peale,1,1,0,0
tõstma,"esile, välja",1,1,0,0
tõstma,"ette, välja",1,1,0,0
tõstma,"ilma, välja",3,3,0,0
tõstma,keskele,2,2,0,0
tõstma,"kätte, edasi",1,1,0,0
tõstma,kõrvalt,1,1,0,0
tõstma,"kõrvalt, üles",1,1,0,0
tõstma,"lahti, kõrvale",1,1,0,0
tõstma,millalgi,1,1,0,0
tõstma,"otsa, peale",1,1,0,0
tõstma,peal,1,1,0,0
tõstma,"üles, edasi",1,1,0,0
tõstma,ülesse,1,1,0,0
tõstuma,,1,1,0,0
tõtsima,,2,2,0,0
tõttama,ees,2,2,0,0
tõttama,"eest, ära",1,1,0,0
tõttama,kaasas,1,1,0,0
tõttama,ära,1,1,0,0
tõukama,ringi,1,1,0,0
tõukama,"ära, tagant",1,1,0,0
tõuklema,sisse,1,1,0,0
tõukuma,eemale,1,1,0,0
tõukuma,ära,1,1,0,0
tõuseb-maanduma,,2,2,0,0
tõusetuma,üles,2,2,0,0
tõusev-laskuma,,1,1,0,0
tõusku-maanduma,,2,2,0,0
tõusma,"ette, ära",1,1,0,0
tõusma,juurde,1,1,0,0
tõusma,keskele,1,1,0,0
tõusma,kõrvalt,2,2,0,0
tõusma,läbi,4,4,0,0
tõusma,maha,2,2,0,0
tõusma,pea,1,1,0,0
tõusma,"püsti, ette",1,1,0,0
tõusma,taga,1,1,0,0
tõusma,"välja, kohale",1,1,0,0
tõusma,"ära, ära",1,1,0,0
tõusma,ümber,2,2,0,0
tõusuma,,1,1,0,0
tõõtlema,,1,1,0,0
töestima,,1,1,0,0
tögama,ära,1,1,0,0
töllerdama,jalus,1,1,0,0
töllerdama,maha,1,1,0,0
töllerdama,otsa,1,1,0,0
töllerdama,vastu,1,1,0,0
töllutama,,1,1,0,0
tölpnema,järel,1,1,0,0
tölssima,,2,2,0,0
töntsima,,1,1,0,0
töpslima,,1,1,0,0
törtsustama,,1,1,0,0
törtsutama,ringi,1,1,0,0
töusima,püsti,1,1,0,0
töö-minema,välja,1,1,0,0
töödatama,,2,2,0,0
töödtegema,,1,1,0,0
tööristama,,1,1,0,0
töötama,alles,3,3,0,0
töötama,eestima,1,1,0,0
töötama,ilusti,1,1,0,0
töötama,käsikäes,2,2,0,0
töötama,kõrvu,2,2,0,0
töötama,"läbi, sisse",1,1,0,0
töötama,maha,1,1,0,0
töötama,moodi,1,1,0,0
töötama,mööda,1,1,0,0
töötama,puudu,1,1,0,0
töötama,väljaspool,1,1,0,0
töötama,võlgu,1,1,0,0
töötama,«,1,1,0,0
töötavad-teenima,,1,1,0,0
töötlema,ette,1,1,0,0
töötlema,juurde,1,1,0,0
töötuks-tulema,,1,1,0,0
töövima,,1,1,0,0
tüdinema,alla,1,1,0,0
tüdinema,ette,1,1,0,0
tühistama,maha,2,2,0,0
tühistama,vastu,1,1,0,0
tühjendama,lähedal,1,1,0,0
tühjenema,nõus,1,1,0,0
tühjuma,edasi,1,1,0,0
tühuma,,1,1,0,0
tükeldab-hakkima,ära,1,1,0,0
tükeldama,valmis,2,2,0,0
tükkima,ette,1,1,0,0
tükkima,maha,1,1,0,0
tükkima,nahka,1,1,0,0
tükkima,puudu,1,1,0,0
tükkima,tähele,1,1,0,0
tükkima,üle,1,1,0,0
tülitsema,ära,1,1,0,0
tülpima,tagasi,1,1,0,0
tümitama,edasi,1,1,0,0
tümitama,puruks,2,2,0,0
tümitama,ära,2,2,0,0
tümpsuma,edasi,2,2,0,0
tümpsutama,kaasa,1,1,0,0
tünnema,,1,1,0,0
tüpaazima,kinni,1,1,0,0
türgima,,1,1,0,0
tütvustama,,1,1,0,0
tüüpima,,1,1,0,0
tüütama,"edasi, ära",1,1,0,0
tüütama,"ette, ära",1,1,0,0
tüütama,ilma,1,1,0,0
tüütama,"ära, ära",1,1,0,0
tüütuma,ära,1,1,0,0
tšekkama,järele,1,1,0,0
tšekkama,üle,1,1,0,0
tšekkima,ära,2,2,0,0
tšätima,,1,1,0,0
tšättima,,2,2,0,0
udima,taga,1,1,0,0
udutama,ära,1,1,0,0
ugandama,,1,1,0,0
uhama,"peale, mööda",1,1,0,0
uhama,viltu,1,1,0,0
uhkama,alla,2,2,0,0
uhkama,esile,1,1,0,0
uhkama,välja,1,1,0,0
uhkeldama,püsti,2,2,0,0
uhkeldama,ära,1,1,0,0
uhkustama,taga,1,1,0,0
uhtma,edasi,2,2,0,0
uhtuma,eemale,1,1,0,0
uhtuma,juurde,1,1,0,0
uhtuma,"maha, laiali",1,1,0,0
uhtuma,sisse,1,1,0,0
uhtuma,tagasi,2,2,0,0
uimama,vaja,1,1,0,0
uimastama,peale,1,1,0,0
uimerdama,edasi,2,2,0,0
uinuma,alles,1,1,0,0
uinuma,tagasi,1,1,0,0
uinutama,vaja,1,1,0,0
uiskama,ära,1,1,0,0
uisklema,kokku,1,1,0,0
uisutama,täis,1,1,0,0
uitama,välja,2,2,0,0
uitama,ära,1,1,0,0
uitama,ümber,1,1,0,0
uizutama,,1,1,0,0
ujuma,"eest, ära",2,2,0,0
ujuma,keskel,1,1,0,0
ujuma,lähedal,1,1,0,0
ujuma,vahele,1,1,0,0
ujuma,ühte,1,1,0,0
ujutama,läbi,1,1,0,0
ukerdama,ette,1,1,0,0
ukerdama,kinni,1,1,0,0
ukerdama,kohale,1,1,0,0
ukerdama,otsa,1,1,0,0
ukerdama,otsas,1,1,0,0
ukerdama,sisse,1,1,0,0
ukerdama,tagasi,1,1,0,0
ukerdama,"tagasi, üles",1,1,0,0
ulatama,"eest, kinni",1,1,0,0
ulatama,kaasa,1,1,0,0
ulatama,"pealt, maha",1,1,0,0
ulatuma,iial,1,1,0,0
ulatuma,"ilma, üles",1,1,0,0
ulatuma,kinni,1,1,0,0
ulatuma,kohal,1,1,0,0
ulatuma,kohale,1,1,0,0
ulatuma,kõrvale,1,1,0,0
ulatuma,laiali,2,2,0,0
ulatuma,lähedale,1,1,0,0
ulatuma,mööda,1,1,0,0
ulatuma,sees,1,1,0,0
ulatuma,taha,1,1,0,0
ulatuma,vaja,1,1,0,0
ulguma,peale,1,1,0,0
ulguma,sisse,1,1,0,0
ulguma,vastu,1,1,0,0
ulima,täis,1,1,0,0
uljutsema,,1,1,0,0
ulkuma,,1,1,0,0
ullitama,,1,1,0,0
ullutama,,1,1,0,0
uluma,all,1,1,0,0
uluma,edasi,1,1,0,0
uluma,lähedal,1,1,0,0
uluma,ära,1,1,0,0
umbrohustama,,1,1,0,0
umbusaldama,ette,2,2,0,0
umbusaldama,ilma,1,1,0,0
umbusaldama,ära,1,1,0,0
undama,mööda,3,3,0,0
undama,ringi,2,2,0,0
undama,välja,1,1,0,0
uneloppima,,1,1,0,0
unenäguesietenduma,,1,1,0,0
unetama,maha,1,1,0,0
unettima,,1,1,0,0
unifitseeruma,,1,1,0,0
unistama,alla,1,1,0,0
unistama,tagasi,1,1,0,0
unksima,,1,1,0,0
unnistama,,1,1,0,0
ununema,vahele,1,1,0,0
unuonuma,,1,1,0,0
unustama,eest,1,1,0,0
unustama,kaasa,1,1,0,0
unustama,kaasas,1,1,0,0
unustama,kinni,2,2,0,0
unustama,"peale, ära",2,2,0,0
unustama,pealt,1,1,0,0
unustama,"sisse, ära",1,1,0,0
unustama,vastu,1,1,0,0
unustama,"ära, maha",2,2,0,0
unustama,"ära, vaja",1,1,0,0
unustas-kaotama,,1,1,0,0
unustatattima,,1,1,0,0
updattima,,1,1,0,0
uperkuutima,,1,1,0,0
upgradeeruma,,1,1,0,0
upgreitima,,1,1,0,0
upima,vastu,1,1,0,0
upitama,edasi,1,1,0,0
upitama,järele,1,1,0,0
upitama,kohale,1,1,0,0
upitama,külge,1,1,0,0
upituma,kohale,1,1,0,0
uploadima,ära,1,1,0,0
uploatima,ära,1,1,0,0
uplõudima,üles,1,1,0,0
urbaniseerima,,1,1,0,0
urgitsema,kinni,1,1,0,0
urhgitsema,välja,1,1,0,0
urigitsema,,1,1,0,0
urineerima,alla,2,2,0,0
urineerima,peale,2,2,0,0
urineerima,sisse,1,1,0,0
urisema,kõrval,1,1,0,0
uruulima,,1,1,0,0
urvitama,välja,1,1,0,0
usaldama,kallale,1,1,0,0
usaldama,peale,1,1,0,0
usaldama,tagasi,1,1,0,0
usaldama,tarvis,1,1,0,0
usaldama,täis,2,2,0,0
usaldama,üle,2,2,0,0
usiiauguma,,1,1,0,0
usknuma,,1,1,0,0
uskuda-kahtlema,,1,1,0,0
uskuma,ette,3,3,0,0
uskuma,kohal,2,2,0,0
uskuma,kõrvale,1,1,0,0
uskuma,peal,1,1,0,0
uskuma,pealt,1,1,0,0
uskuma,tarvis,2,2,0,0
usub-kartma,,1,1,0,0
usub-lootma,,1,1,0,0
utlema,välja,1,1,0,0
utlema,üles,1,1,0,0
utnnema,,1,1,0,0
utsitama,üles,1,1,0,0
uudisimutsema,,1,1,0,0
uudistama,lahti,1,1,0,0
uudistama,tagant,1,1,0,0
uudistama,välja,1,1,0,0
uuduma,vaja,1,1,0,0
uued-töötama,,1,1,0,0
uuendama,edasi,1,1,0,0
uuendama,peale,1,1,0,0
uuendama,tagasi,1,1,0,0
uulatama,,1,1,0,0
uulatuma,,1,1,0,0
uurendama,,2,2,0,0
uurib-parandama,,1,1,0,0
uurima,"ilma, edasi",1,1,0,0
uurima,kõrvalt,1,1,0,0
uurima,otsa,1,1,0,0
uurima,peal,1,1,0,0
uurima,puudu,1,1,0,0
uurima,täis,1,1,0,0
uurinud-austama,,1,1,0,0
uurinud-kuulma,,1,1,0,0
uurisid-puurima,,1,1,0,0
uurisite-puurima,,1,1,0,0
uuristama,esile,1,1,0,0
uuristama,täis,2,2,0,0
uuristama,üles,1,1,0,0
uuritsema,,1,1,0,0
uuruma,,2,2,0,0
uuvitama,,1,1,0,0
uyuma,,4,4,0,0
v6tagima,sisse,1,1,0,0
v6tankima,,1,1,0,0
vaadake-kuulama,,1,1,0,0
vaadakem-kuulama,,1,1,0,0
vaagima,välja,1,1,0,0
vaaritama,koos,1,1,0,0
vaat-mis-juhtuma,,1,1,0,0
vaataksime-kuulama,,1,1,0,0
vaatama,"alla, peale",1,1,0,0
vaatama,"alla, üles",1,1,0,0
vaatama,"edasi, vaja",1,1,0,0
vaatama,"edasi, üles",1,1,0,0
vaatama,"ette, edasi",1,1,0,0
vaatama,"ette, taha",1,1,0,0
vaatama,keskel,1,1,0,0
vaatama,keskele,1,1,0,0
vaatama,kusjuures,1,1,0,0
vaatama,"läbi, otsa",1,1,0,0
vaatama,"maha, mööda",1,1,0,0
vaatama,olema,1,1,0,0
vaatama,"otsa, sees",1,1,0,0
vaatama,"pealt, lahti",1,1,0,0
vaatama,"pealt, peale",1,1,0,0
vaatama,poole,2,2,0,0
vaatama,pooleli,1,1,0,0
vaatama,poolt,2,2,0,0
vaatama,"ringi, järele",1,1,0,0
vaatama,"sisse, tagasi",1,1,0,0
vaatama,"tagasi, järgi",1,1,0,0
vaatama,"tagasi, läbi",1,1,0,0
vaatama,"tagasi, ära",1,1,0,0
vaatama,"tagasi, üle",1,1,0,0
vaatama,tähele,1,1,0,0
vaatama,"täis, ringi",1,1,0,0
vaatama,vahel,1,1,0,0
vaatama,"välja, pealt",1,1,0,0
vaatama,"välja, ära",1,1,0,0
vaatama,"välja, üle",1,1,0,0
vaatama,"ära, alla",1,1,0,0
vaatama,"ära, pealt",1,1,0,0
vaatama,"üle, ilma",1,1,0,0
vaatama,"üle, mööda",1,1,0,0
vaatame-mis-saama,,1,1,0,0
vaatan-uurima,,1,1,0,0
vaatlema,alla,1,1,0,0
vaatlema,"alt, üles",1,1,0,0
vaatlema,"ilma, edasi",1,1,0,0
vaatsima,järele,1,1,0,0
vaba-aja-ärima,välja,1,1,0,0
vabandama,esile,1,1,0,0
vabandama,koht,1,1,0,0
vabandama,kokku,1,1,0,0
vabandama,kõrvale,1,1,0,0
vabandama,kõrvalt,1,1,0,0
vabandama,läbi,1,1,0,0
vabandama,peal,1,1,0,0
vabandama,tagant,1,1,0,0
vabandama,tagasi,2,2,0,0
vabandama,tarvis,1,1,0,0
vabandama,üles,1,1,0,0
vabandattama,,1,1,0,0
vabanduma,kokku,1,1,0,0
vabanema,koos,1,1,0,0
vabanema,kõiksugu,1,1,0,0
vabanema,läbi,1,1,0,0
vabnema,,1,1,0,0
vadama,järgi,1,1,0,0
vadistama,alla,1,1,0,0
vadistama,järele,1,1,0,0
vadistama,ümber,1,1,0,0
vaesutsema,,1,1,0,0
vaevama,ette,1,1,0,0
vaevama,järele,1,1,0,0
vaevama,vaja,1,1,0,0
vaevlema,all,1,1,0,0
vaevlema,maha,1,1,0,0
vaevuma,kallal,1,1,0,0
vahatab-depileerib-kreemitama,,1,1,0,0
vahatama,üle,1,1,0,0
vaheldama,välja,1,1,0,0
vahelduma,üles,1,1,0,0
vahelduspiirduma,,1,1,0,0
vahendama,ilma,1,1,0,0
vahendama,maha,1,1,0,0
vahetama,alles,1,1,0,0
vahetama,edasi,2,2,0,0
vahetama,"ilma, välja",1,1,0,0
vahetama,juurde,1,1,0,0
vahetama,keskel,1,1,0,0
vahetama,kohal,2,2,0,0
vahetama,läbi,2,2,0,0
vahetama,"läbi, ära",2,2,0,0
vahetama,vaja,2,2,0,0
vahetama,"vastu, tagasi",1,1,0,0
vahetama,"ära, ära",1,1,0,0
vahetama,"üles, alla",1,1,0,0
vahettuma,,1,1,0,0
vahetuma,taga,1,1,0,0
vahhetama,,1,1,0,0
vahistama,seoses,1,1,0,0
vahtima,all,1,1,0,0
vahtima,alles,1,1,0,0
vahtima,järgi,1,1,0,0
vahtima,kõrval,1,1,0,0
vahtima,kõrvale,1,1,0,0
vahtima,"läbi, kõrvale",1,1,0,0
vahtima,päi,1,1,0,0
vahutama,alles,1,1,0,0
vaibuma,eal,1,1,0,0
vaibuma,tagasi,1,1,0,0
vaibuma,ära,5,5,0,0
vaidle-väitle-avaldama,,1,1,0,0
vaidlema,peale,1,1,0,0
vaidlema,poolt,1,1,0,0
vaidlema,taga,1,1,0,0
vaidlema,tagasi,3,3,0,0
vaidlema,"vastu, vaja",2,2,0,0
vaidlema,"ära, vastu",1,1,0,0
vaidlustama,peale,2,2,0,0
vaidlustama,vastu,1,1,0,0
vaikkuma,,1,1,0,0
vaimsustama,,1,1,0,0
vaimustuma,tagasi,1,1,0,0
vaimutsema,vastu,1,1,0,0
vainguma,,1,1,0,0
vait-nägema,välja,1,1,0,0
vajama,kaasa,2,2,0,0
vajama,kallale,1,1,0,0
vajama,kinni,1,1,0,0
vajama,mööda,1,1,0,0
vajnuma,ära,1,1,0,0
vajuma,"alla, kokku",1,1,0,0
vajuma,"alla, tagasi",2,2,0,0
vajuma,"edasi, laiali",1,1,0,0
vajuma,"ette, maha",1,1,0,0
vajuma,kaldu,4,4,0,0
vajuma,"kokku, tagasi",1,1,0,0
vajuma,pealt,1,1,0,0
vajuma,puruks,1,1,0,0
vajuma,rippu,2,2,0,0
vajuma,tasa,1,1,0,0
vajuma,vahele,1,1,0,0
vajutama,edasi-tagasi,1,1,0,0
vajutama,esile,1,1,0,0
vajutama,juurde,1,1,0,0
vajutama,järgi,1,1,0,0
vajutama,kallal,1,1,0,0
vajutama,otsa,1,1,0,0
vajutama,peal,2,2,0,0
vajutama,põlvili,1,1,0,0
vajutama,rahul,1,1,0,0
vajutama,taga,1,1,0,0
vajutama,vaja,1,1,0,0
vakatama,alla,1,1,0,0
vaklema,,1,1,0,0
vakmistama,,1,1,0,0
vakuma,,1,1,0,0
valama,alles,1,1,0,0
valama,alt,1,1,0,0
valama,koha,1,1,0,0
valama,"peale, valmis",1,1,0,0
valama,"peale, välja",1,1,0,0
valama,segi,1,1,0,0
valama,tagant,1,1,0,0
valavad-viskama,,1,1,0,0
valetama,alles,1,1,0,0
valetama,asemel,2,2,0,0
valetama,ette,1,1,0,0
valetama,üle,1,1,0,0
valetanud-pidama,maha,1,1,0,0
valeytama,,1,1,0,0
valgendama,ära,2,2,0,0
valgevenestuma,,1,1,0,0
valguma,ette,1,1,0,0
valguma,kohale,1,1,0,0
valguma,"kokku, laiali",1,1,0,0
valguma,kõrvale,1,1,0,0
valguma,"kõrvalt, sisse",1,1,0,0
valguma,"üle, laiali",1,1,0,0
valgustab-soojendama,,2,2,0,0
valgustama,pealt,2,2,0,0
valgustuma,valmis,1,1,0,0
valgutama,,1,1,0,0
valima,edasi,2,2,0,0
valima,"edasi, välja",1,1,0,0
valima,"ette, otsa",1,1,0,0
valima,"lahti, ette",1,1,0,0
valima,otsa,2,2,0,0
valima,poole,1,1,0,0
valima,poolt,1,1,0,0
valima,sisse,3,3,0,0
valima,vast,1,1,0,0
valima,"välja, vaja",1,1,0,0
valima,"välja, ära",2,2,0,0
valimisedvõitima,,1,1,0,0
valitsema,alla,2,2,0,0
valitsema,taga,1,1,0,0
valitsema,tänu,1,1,0,0
vallatsema,,1,1,0,0
valmima,kõrvale,2,2,0,0
valmima,pealt,1,1,0,0
valmima,sisse,1,1,0,0
valmima,tarvis,2,2,0,0
valmima,vastu,1,1,0,0
valmistama,edasi,2,2,0,0
valmistama,"kokku, ette",1,1,0,0
valmistama,ringi,1,1,0,0
valmistama,"ringi, ette",1,1,0,0
valmistama,tagasi,2,2,0,0
valmistama,vaja,1,1,0,0
valmistama,vast,1,1,0,0
valmistatama,,1,1,0,0
valmistuma,lahus,2,2,0,0
valmituma,,1,1,0,0
valtetama,,1,1,0,0
valutama,sees,2,2,0,0
valutama,sisse,1,1,0,0
valvama,sisse,1,1,0,0
valvama,ümber,1,1,0,0
vamama,,1,1,0,0
vanamutistuma,,1,1,0,0
vananeb-ununema,,1,1,0,0
vandaliseerima,,1,1,0,0
vanduma,taga,1,1,0,0
vanenema,,2,2,0,0
vangutama,pealt,1,1,0,0
vantsima,kohale,3,3,0,0
vantsima,mööda,1,1,0,0
vantsima,sisse,1,1,0,0
varastab-ärastama,,1,1,0,0
varastama,maha,1,1,0,0
varastama,peale,1,1,0,0
varastama,tagant,3,3,0,0
varastama,"ära, maha",1,1,0,0
varisema,läbi,2,2,0,0
varisema,mööda,1,1,0,0
varisema,"pealt, sisse",1,1,0,0
varisema,"valmis, kokku",1,1,0,0
varisema,"üles, sisse",1,1,0,0
varistama,maha,1,1,0,0
varitsema,lähedal,1,1,0,0
varjama,nõus,1,1,0,0
varjuma,ette,1,1,0,0
varjuma,peale,1,1,0,0
varjuma,taga,1,1,0,0
varjuma,taha,1,1,0,0
varjutama,ette,1,1,0,0
varjutama,vastu,1,1,0,0
varsdima,,1,1,0,0
varuma,tarvis,1,1,0,0
varustama,alla,1,1,0,0
varustama,ette,3,3,0,0
varustama,ära,1,1,0,0
vasardama,ära,1,1,0,0
vasima,,5,5,0,0
vaskuma,,1,1,0,0
vassima,edasi,2,2,0,0
vastama,alles,1,1,0,0
vastama,kinni,1,1,0,0
vastama,moodi,1,1,0,0
vastama,taga,1,1,0,0
vastama,vahele,1,1,0,0
vastama,valla,1,1,0,0
vastama,ülalpool,2,2,0,0
vastama,ümber,1,1,0,0
vastastama,,2,2,0,0
vastastikmõjustuma,,2,2,0,0
vastlema,,1,1,0,0
vastnuma,,2,2,0,0
vastu-tulema,,1,1,0,0
vastutama,moodi,1,1,0,0
vatrama,ära,1,1,0,0
vatsema,,1,1,0,0
vaöetama,,1,1,0,0
vbiitsima,,1,1,0,0
vcalutama,,1,1,0,0
vebima,,1,1,0,0
vedama,"edasi, välja",1,1,0,0
vedama,"eemale, kokku",1,1,0,0
vedama,ees,1,1,0,0
vedama,"ilma, välja",1,1,0,0
vedama,keskele,1,1,0,0
vedama,koos,3,3,0,0
vedama,"välja, sisse",2,2,0,0
vedama,"üles, alla",1,1,0,0
vedama,"üles, mööda",1,1,0,0
vedeleb-mädanema,,1,1,0,0
vedelema,lähedal,1,1,0,0
vedelema,maha,1,1,0,0
vedelema,puruks,1,1,0,0
vedelema,ringi,1,1,0,0
vedelema,taga,1,1,0,0
vedelema,vaja,3,3,0,0
vedima,kaasa,1,1,0,0
vedima,kokku,1,1,0,0
vedima,ülle,2,2,0,0
vedrutama,püsti,1,1,0,0
vedrutama,tagasi,1,1,0,0
veeluma,all,1,1,0,0
veenduma,ilma,1,1,0,0
veenduma,üle,1,1,0,0
veenvad-haarama,,1,1,0,0
veereb-libisema,,1,1,0,0
veereb-veerema,,1,1,0,0
veereks-põrkama,,1,1,0,0
veerema,"edasi, läbi",1,1,0,0
veerema,"eest, ära",2,2,0,0
veerema,juurde,2,2,0,0
veerema,koha,1,1,0,0
veerema,lahti,1,1,0,0
veerema,pihta,1,1,0,0
veerema,"tagasi, alla",1,1,0,0
veerema,vaja,1,1,0,0
veeretama,esile,2,2,0,0
veeretama,kaasa,1,1,0,0
veeretama,pärale,1,1,0,0
veeretama,valmis,1,1,0,0
veerima,edasi,1,1,0,0
veerima,valmis,1,1,0,0
veerima,välja,4,4,0,0
veerssima,,1,1,0,0
veetlema,üle,1,1,0,0
veetma,eemal,1,1,0,0
veetma,kinni,1,1,0,0
veetma,sees,1,1,0,0
veetma,tarvis,1,1,0,0
vehkima,ette,1,1,0,0
vehkima,valmima,1,1,0,0
vehklema,kaasa,2,2,0,0
veiderdama,edasi,1,1,0,0
veidima,,1,1,0,0
veidiveitima,,1,1,0,0
veihkima,,1,1,0,0
vektordama,,1,1,0,0
veljamõelduma,,1,1,0,0
veljendama,,1,1,0,0
velkima,edasi,1,1,0,0
vendima,,1,1,0,0
vene-stiilima,,1,1,0,0
venestuma,ära,1,1,0,0
venima,eemale,1,1,0,0
venima,ette,1,1,0,0
venima,kõrvale,1,1,0,0
venima,laiali,2,2,0,0
venima,nõus,1,1,0,0
venima,viltu,1,1,0,0
venitama,all,1,1,0,0
venitama,järele,1,1,0,0
venitama,"järele, kinni",1,1,0,0
venitama,kohale,1,1,0,0
venitama,kokku,1,1,0,0
venitama,peale,5,5,0,0
venitama,"peale, välja",1,1,0,0
venitama,"välja, ära",1,1,0,0
vennaskond-olema,,1,1,0,0
verdima,ära,1,1,0,0
verduma,,1,1,0,0
vermendama,,1,1,0,0
vermima,edasi,1,1,0,0
vermima,juurde,1,1,0,0
vervima,,1,1,0,0
vesistuma,,1,1,0,0
vestlema,üle,1,1,0,0
vestlema,ümber,1,1,0,0
vestma,edasi,1,1,0,0
vetima,,1,1,0,0
vetruma,all,1,1,0,0
vetuma,sisse,1,1,0,0
vibutama,"üles, alla",1,1,0,0
vicatama,,1,1,0,0
vigima,,1,1,0,0
vihisema,kõrvale,1,1,0,0
vihisema,ringi,1,1,0,0
vihisema,"tagasi, alla",1,1,0,0
vihisema,üle,2,2,0,0
vihistama,mööda,1,1,0,0
vihjama,kokku,1,1,0,0
vihjama,välja,3,3,0,0
vihjama,ära,2,2,0,0
vihkama,ette,3,3,0,0
vihkama,kokku,1,1,0,0
vihkama,maha,1,1,0,0
vihtlema,läbi,1,1,0,0
vihtuma,ilma,1,1,0,0
vihtuma,mööda,1,1,0,0
viib-tooma,,1,1,0,0
viibima,peale,2,2,0,0
viibima,seespool,1,1,0,0
viibituma,,4,4,0,0
viibutama,ette,2,2,0,0
viibutama,"kõrvale, ette",1,1,0,0
viiccima,,2,2,0,0
viicima,välja,2,2,0,0
viiidsima,,1,1,0,0
viiiiduma,,1,1,0,0
viilima,välja,1,1,0,0
viima,"alla, üles",1,1,0,0
viima,"edasi, edasi",1,1,0,0
viima,"edasi, eemale",1,1,0,0
viima,"edasi, lahku",1,1,0,0
viima,"edasi, tagasi",2,2,0,0
viima,ees,1,1,0,0
viima,"ette, kokku",2,2,0,0
viima,"ette, ära",1,1,0,0
viima,"kinni, lahti",1,1,0,0
viima,"koos, kaasa",1,1,0,0
viima,krampi,1,1,0,0
viima,kõrval,1,1,0,0
viima,"kõrvalt, ette",1,1,0,0
viima,moodi,1,1,0,0
viima,otsas,1,1,0,0
viima,peal,1,1,0,0
viima,pärale,1,1,0,0
viima,rahul,1,1,0,0
viima,tarvis,1,1,0,0
viima,täis,2,2,0,0
viima,"välja, kinni",1,1,0,0
viima,"välja, läbi",1,1,0,0
viima,"välja, välja",1,1,0,0
viima,"üle, ilma, laiali",1,1,0,0
viima,"üle, laiali",1,1,0,0
viima,"üle, välja",1,1,0,0
viima,"üles, alla",1,1,0,0
viima,"üles, tagasi",2,2,0,0
viima,"üles, üles",1,1,0,0
viimistlema,edasi,1,1,0,0
viimistlema,kusjuures,1,1,0,0
viimistlema,võidu,1,1,0,0
viipama,poole,1,1,0,0
viiplema,kaasa,1,1,0,0
viiplema,vastu,2,2,0,0
viirastuma,ees,1,1,0,0
viirastuma,läbi,1,1,0,0
viirastuma,mööda,1,1,0,0
viirutama,ära,1,1,0,0
viistima,edasi,1,1,0,0
viistsima,,2,2,0,0
viitama,alt,1,1,0,0
viitama,ette,1,1,0,0
viitama,üle,1,1,0,0
viitma,järele,1,1,0,0
viitma,kaasa,1,1,0,0
viitrsima,,1,1,0,0
viitsib-oskama,,1,1,0,0
viitsima,alla,1,1,0,0
viitsima,ees,1,1,0,0
viitsima,koos,1,1,0,0
viitsima,kusjuures,1,1,0,0
viitsima,lahku,1,1,0,0
viitsima,sisse,1,1,0,0
viitsima,taha,3,3,0,0
viitsima,vaja,4,4,0,0
viitsite-tahate-jaksama,,1,1,0,0
viittama,,1,1,0,0
viittsima,,2,2,0,0
viitvcima,,1,1,0,0
viksima,kokku,1,1,0,0
vikuma,,2,2,0,0
vilisema,ümber,1,1,0,0
vilistama,kaasa,2,2,0,0
vilistama,peale,2,2,0,0
vilistama,sisse,1,1,0,0
vilistama,tagasi,4,4,0,0
vilistama,vahele,1,1,0,0
viljelema,kokku,1,1,0,0
vilksama,kõrvale,1,1,0,0
vilksama,ringi,1,1,0,0
vilksama,tagasi,1,1,0,0
vilksama,välja,1,1,0,0
vilksatama,"alt, üles",1,1,0,0
vilksatama,otsa,1,1,0,0
vilksatama,sekka,1,1,0,0
vilksatama,välja,1,1,0,0
vilksatuma,läbi,1,1,0,0
vilksutama,,1,1,0,0
vilkuma,edasi,1,1,0,0
vilkuma,läbi,1,1,0,0
vilkuma,ringi,1,1,0,0
vilkuma,tagasi,1,1,0,0
vilkuma,välja,1,1,0,0
vilkuma,ääres,1,1,0,0
vilkuvad-pöörlema,,1,1,0,0
villima,ära,1,1,0,0
viltima,külge,1,1,0,0
vimima,,1,1,0,0
vinditama,sisse,1,1,0,0
vinduma,sees,1,1,0,0
vingahtama,,1,1,0,0
vingerdama,edasi,2,2,0,0
vingerdama,kohale,1,1,0,0
vingerdama,"kõrvalt, mööda",1,1,0,0
vingerdama,otsas,1,1,0,0
vingerdama,üle,1,1,0,0
vingerpussitama,,2,2,0,0
vinguma,alles,1,1,0,0
vinguma,pärast,1,1,0,0
vinguma,taga,1,1,0,0
vinkima,,1,1,0,0
vinnama,kukile,1,1,0,0
vinnama,tagasi,1,1,0,0
vinnima,välja,1,1,0,0
vintsutama,läbi,1,1,0,0
vintsutama,ära,3,3,0,0
vinuma,,1,1,0,0
violetama,,1,1,0,0
viosatama,,1,1,0,0
virdama,,1,1,0,0
virguma,kaasa,1,1,0,0
virgutama,kokku,1,1,0,0
virisema,kallal,1,1,0,0
virisema,"lahku, ära",1,1,0,0
virisema,läbi,2,2,0,0
virisema,üle,1,1,0,0
virtualiseeruma,,1,1,0,0
virutama,ees,1,1,0,0
virutama,kokku,1,1,0,0
virutama,lahti,2,2,0,0
virutama,tagant,1,1,0,0
virutama,taha,1,1,0,0
virutama,täis,1,1,0,0
virutama,ümber,1,1,0,0
virvendama,kinni,1,1,0,0
virvendama,mööda,1,1,0,0
visattama,välja,1,1,0,0
visisema,juurde,1,1,0,0
visisema,sees,1,1,0,0
viskama,algul,1,1,0,0
viskama,"alla, mööda",1,1,0,0
viskama,"eemale, maha",1,1,0,0
viskama,"ette, vaja",1,1,0,0
viskama,"ette, üles",1,1,0,0
viskama,jutti,1,1,0,0
viskama,järel,1,1,0,0
viskama,"kaasa, üle",1,1,0,0
viskama,"kinni, mööda",1,1,0,0
viskama,"kõrvale, ära",1,1,0,0
viskama,"lahti, sisse",1,1,0,0
viskama,lukku,1,1,0,0
viskama,"otsa, üles",1,1,0,0
viskama,"peale, maha",1,1,0,0
viskama,"peale, üles",1,1,0,0
viskama,"pealt, täis",1,1,0,0
viskama,sees,1,1,0,0
viskama,selili,1,1,0,0
viskama,"sisse, tagasi",2,2,0,0
viskama,taga,1,1,0,0
viskama,"tagasi, välja",2,2,0,0
viskama,"tagasi, ära",1,1,0,0
viskama,"vahelt, ära",1,1,0,0
viskama,vaja,1,1,0,0
viskama,"välja, mööda",1,1,0,0
viskama,ühte,1,1,0,0
viskama,üll,1,1,0,0
visklema,üles,1,1,0,0
viskuma,edasi,3,3,0,0
viskuma,põlvili,1,1,0,0
viskuma,sisse,1,1,0,0
viskuma,"sisse, maha",1,1,0,0
viskuma,tagasi,2,2,0,0
vista-tähendama,,1,1,0,0
vistuma,välja,1,1,0,0
visualiseerima,ära,1,1,0,0
vitaminiseerima,,1,1,0,0
vitnuma,,1,1,0,0
vitoonima,,1,1,0,0
vitsutama,sisse,1,1,0,0
vitsutama,ära,1,1,0,0
vitsutama,"ära, täis",1,1,0,0
viuksutama,,1,1,0,0
vivendama,,1,1,0,0
vixima,maha,1,1,0,0
vizzima,,3,3,0,0
vodima,,1,1,0,0
vohama,ringi,1,1,0,0
vohama,tagasi,1,1,0,0
vohama,valmis,1,1,0,0
vohmima,püsti,1,1,0,0
vohmima,tagasi,1,1,0,0
vohmima,valmis,1,1,0,0
voimendama,,1,1,0,0
voissima,,1,1,0,0
voituma,,1,1,0,0
voixima,,1,1,0,0
voldistama,,1,1,0,0
volitama,sisse,1,1,0,0
volitama,välja,1,1,0,0
volksama,otsa,1,1,0,0
volletama,,1,1,0,0
voltima,"kokku, kokku",1,1,0,0
voltima,maha,1,1,0,0
vomima,,1,1,0,0
vonguma,,1,1,0,0
vonklema,edasi,2,2,0,0
vonklema,kaasa,1,1,0,0
vonklema,läbi,1,1,0,0
vonklema,tagasi,2,2,0,0
vonklema,üles,1,1,0,0
vonkslema,üles,1,1,0,0
voogama,tagant,1,1,0,0
voogama,välja,1,1,0,0
voolama,"alla, välja",1,1,0,0
voolama,ette,1,1,0,0
voolama,"ilma, välja",1,1,0,0
voolama,järele,2,2,0,0
voolama,kõrvale,1,1,0,0
voolama,lahinal,1,1,0,0
voolima,edasi,1,1,0,0
voolima,ümber,1,1,0,0
voorima,vastu,1,1,0,0
voorima,ümber,1,1,0,0
vopsama,,2,2,0,0
vopsama,välja,1,1,0,0
vorduma,,1,1,0,0
vorkuma,,2,2,0,0
vormivad-disainima,,1,1,0,0
vormuma,juurde,1,1,0,0
vormuma,välja,3,3,0,0
vormuma,üle,1,1,0,0
vorpima,edasi,1,1,0,0
vorpima,juurde,1,1,0,0
vorrima,,1,1,0,0
vpenima,,1,1,0,0
vudima,juurde,1,1,0,0
vudima,kohale,2,2,0,0
vudima,mööda,1,1,0,0
vudima,välja,1,1,0,0
vudima,ära,1,1,0,0
vudistama,välja,1,1,0,0
vuhisema,kohale,2,2,0,0
vuhistama,edasi,1,1,0,0
vuhistama,mööda,1,1,0,0
vuhkima,edasi,1,1,0,0
vuhtima,edasi,1,1,0,0
vuhvatama,,1,1,0,0
vuhveldama,kokku,1,1,0,0
vukerdama,,1,1,0,0
vulisema,läbi,1,1,0,0
vulistama,,1,1,0,0
vulpsama,,1,1,0,0
vundamenteerima,,2,2,0,0
vundeerima,,1,1,0,0
vunkima,,1,1,0,0
vuntsima,üle,2,2,0,0
vuplima,,2,2,0,0
vupsama,ette,1,1,0,0
vupsama,"sisse, tagasi",1,1,0,0
vupsama,üle,2,2,0,0
vupsama,üles,1,1,0,0
vupsatama,välja,2,2,0,0
vupsuma,,1,1,0,0
vurama,juurde,1,1,0,0
vurisema,kaasa,1,1,0,0
vurisema,maha,1,1,0,0
vurisema,sekka,1,1,0,0
vuristama,kohale,1,1,0,0
vuristama,maha,1,1,0,0
vurrkannitama,ringi,1,1,0,0
vurtsama,välja,1,1,0,0
vurtsatama,kohale,1,1,0,0
vurtsuma,,3,3,0,0
vusserdama,kokku,4,4,0,0
vussima,kokku,1,1,0,0
vviicima,,1,1,0,0
vvvirvendama,,1,1,0,0
väetama,üle,2,2,0,0
vägameeldima,,1,1,0,0
vägistama,nõus,1,1,0,0
vägistama,sisse,2,2,0,0
vägistama,tagasi,1,1,0,0
vägistama,välja,1,1,0,0
vägistatud-olema,,1,1,0,0
vähe-olema,,1,1,0,0
vähendama,eemale,1,1,0,0
vähendama,tagasi,1,1,0,0
vähendama,võlgu,1,1,0,0
vähendama,üle,1,1,0,0
vähenema,peale,1,1,0,0
vähklema,,2,2,0,0
vähkrema,asemel,1,1,0,0
vähkrema,edasi,1,1,0,0
vähkrema,kaasa,1,1,0,0
vähkrema,läbi,1,1,0,0
vähkrema,maas,1,1,0,0
väidavad-arvama,,1,1,0,0
väisama,koos,1,1,0,0
väitima,,1,1,0,0
väitlema,edasi,1,1,0,0
väitma,ette,2,2,0,0
väitma,juurde,1,1,0,0
väitma,järel,1,1,0,0
väitma,kaasa,1,1,0,0
väitma,puudu,1,1,0,0
väitma,üles,1,1,0,0
välgatama,vastu,1,1,0,0
välgutama,vastu,1,1,0,0
välima,,1,1,0,0
välismaa-ühenduma,,1,1,0,0
välistama,edasi,1,1,0,0
välistama,kinni,1,1,0,0
välistama,kokku,1,1,0,0
välistama,ligi,1,1,0,0
välistama,valmis,1,1,0,0
välistama,vastu,1,1,0,0
välistama,ära,1,1,0,0
väljailmuma,,1,1,0,0
väljalõigatama,,1,1,0,0
väljamoelduma,,1,1,0,0
väljastama,rahule,1,1,0,0
väljastama,tarvis,1,1,0,0
väljendama,ette,2,2,0,0
väljendama,kõrvale,1,1,0,0
väljendama,maha,1,1,0,0
väljendama,nõus,1,1,0,0
väljenduma,alla,1,1,0,0
väljenduma,ära,1,1,0,0
väljuma,alt,1,1,0,0
väljuma,lahti,1,1,0,0
väljuma,valmis,1,1,0,0
välksama,,2,2,0,0
vältama,vaja,1,1,0,0
vältima,kaasa,1,1,0,0
vältima,kokku,1,1,0,0
vältima,otsa,1,1,0,0
vältima,ära,1,1,0,0
vänderdama,ette,1,1,0,0
vänderdama,kohale,1,1,0,0
vänderdama,välja,1,1,0,0
väntama,üle,2,2,0,0
värbuma,,2,2,0,0
värelema,edasi,1,1,0,0
värisema,pärast,1,1,0,0
värisema,ringi,1,1,0,0
värisema,taga,1,1,0,0
väristama,kinni,1,1,0,0
väristama,mööda,1,1,0,0
värsima,,1,1,0,0
värvima,küüsi,1,1,0,0
värvima,"ära, pärast",1,1,0,0
väsima,alla,1,1,0,0
väsima,tagasi,1,1,0,0
väsima,"tagasi, ära",1,1,0,0
väsima,välja,3,3,0,0
väsima,üles,2,2,0,0
väsitama,vastu,1,1,0,0
vätsima,,1,1,0,0
vääksub-vääksuma,,1,1,0,0
väänama,juurde,5,5,0,0
väänama,laiali,1,1,0,0
väänama,"läbi, ära",1,1,0,0
väänama,otsa,2,2,0,0
väänama,sisse,1,1,0,0
väänama,üles,1,1,0,0
väänduma,kõrvale,1,1,0,0
väänlema,koos,1,1,0,0
väänlema,ringi,2,2,0,0
väänustama,,1,1,0,0
vääratama,sisse,1,1,0,0
väärima,eemale,1,1,0,0
väärima,kokku,1,1,0,0
väärima,lahti,1,1,0,0
väärima,vastu,1,1,0,0
väärtsuma,,1,1,0,0
väärtustama,ette,2,2,0,0
väärtustama,vastu,1,1,0,0
vôimaldama,,1,1,0,0
võbelema,kaasa,1,1,0,0
võbelevad-värisema,,2,2,0,0
võcima,kaasa,2,2,0,0
võcima,maha,2,2,0,0
võdisema,läbi,1,1,0,0
võewtuma,,1,1,0,0
või-rinnastuma,,1,1,0,0
võib-olema,,1,1,0,0
võib-stiilima,,1,1,0,0
võidma,ära,1,1,0,0
võiduma,ette,1,1,0,0
võiduma,kinni,1,1,0,0
võima,ette,2,2,0,0
võima,"juurde, vahel",1,1,0,0
võima,kinni,1,1,0,0
võima,maha,1,1,0,0
võima,vahele,1,1,0,0
võimaldama,lahti,1,1,0,0
võimaldama,nõus,1,1,0,0
võimaldama,vaja,1,1,0,0
võimaldama,ära,1,1,0,0
võimalikkima,,1,1,0,0
võimendama,üles,2,2,0,0
võimenema,,1,1,0,0
võimlema,kokku,1,1,0,0
võimstuma,,1,1,0,0
võimutsema,alla,1,1,0,0
võistlema,pooleldi,1,1,0,0
võitlema,järele,1,1,0,0
võitlema,sees,1,1,0,0
võitlema,takka,1,1,0,0
võitlema,vaja,3,3,0,0
võitlema,"vastu, välja",1,1,0,0
võitlema,ära,4,4,0,0
võitma,iial,1,1,0,0
võitma,kohal,1,1,0,0
võitma,liiga,1,1,0,0
võitma,nõus,1,1,0,0
võitma,otsa,1,1,0,0
võizima,,1,1,0,0
võlgnema,peale,1,1,0,0
võltuma,,1,1,0,0
võluma,alla,1,1,0,0
võluma,sisse,1,1,0,0
võluma,üle,1,1,0,0
võmlema,,1,1,0,0
võnderdama,alla,1,1,0,0
võngima,,1,1,0,0
võnkkuma,,1,1,0,0
võnksatama,,1,1,0,0
võnkuma,edasi,1,1,0,0
võpatama,sees,2,2,0,0
võrdlema,kaupa,1,1,0,0
võrdlema,läbi,1,1,0,0
võrdlema,tagasi,1,1,0,0
võrduma,tagasi,1,1,0,0
võtcima,,1,1,0,0
võtima,kaasa,1,1,0,0
võtma,"alla, juurde",1,1,0,0
võtma,"alt, kinni",1,1,0,0
võtma,"alt, peale",1,1,0,0
võtma,"alt, välja",1,1,0,0
võtma,"arvelt, ära",1,1,0,0
võtma,"edasi, kaasa",1,1,0,0
võtma,"edasi, välja",1,1,0,0
võtma,"ette, lahti",1,1,0,0
võtma,"ette, maha",1,1,0,0
võtma,"ette, peale",1,1,0,0
võtma,"ette, ära",1,1,0,0
võtma,"heaks, heaks",1,1,0,0
võtma,"ilma, ette",1,1,0,0
võtma,"kaasa, tagasi",1,1,0,0
võtma,kand,1,1,0,0
võtma,keskele,1,1,0,0
võtma,kikki,1,1,0,0
võtma,"kinni, lähedal",1,1,0,0
võtma,"kinni, maha",1,1,0,0
võtma,"kinni, tagasi",1,1,0,0
võtma,kiuste,1,1,0,0
võtma,"kohale, lahti",1,1,0,0
võtma,"kokku, kokku",1,1,0,0
võtma,"kokku, tagasi",2,2,0,0
võtma,"kokku, võidu",1,1,0,0
võtma,"koos, vastu",1,1,0,0
võtma,"koos, üle",1,1,0,0
võtma,lahku,2,2,0,0
võtma,"lahti, ette",1,1,0,0
võtma,lukku,1,1,0,0
võtma,"lähedal, üles",1,1,0,0
võtma,"maha, alles",1,1,0,0
võtma,"maha, edasi",1,1,0,0
võtma,"maha, ilma",1,1,0,0
võtma,"maha, maha",1,1,0,0
võtma,"maha, välja",1,1,0,0
võtma,"peale, alla",1,1,0,0
võtma,"peale, laiali",1,1,0,0
võtma,"peale, võidu",1,1,0,0
võtma,"pealt, sisse",1,1,0,0
võtma,peksma,1,1,0,0
võtma,pooltki,1,1,0,0
võtma,sees,3,3,0,0
võtma,"sees, maha",1,1,0,0
võtma,sekka,3,3,0,0
võtma,"taga, ette",1,1,0,0
võtma,"tagasi, ette",1,1,0,0
võtma,"tagasi, kokku",1,1,0,0
võtma,"tagasi, lahti",1,1,0,0
võtma,"tarvis, kaasa",1,1,0,0
võtma,"tarvis, ära",1,1,0,0
võtma,töhe,1,1,0,0
võtma,"vaatamata, läbi",1,1,0,0
võtma,vait,1,1,0,0
võtma,"vastu, kaasa",2,2,0,0
võtma,"vastu, sisse",1,1,0,0
võtma,"vastu, üles",1,1,0,0
võtma,"välja, ilma",2,2,0,0
võtma,"välja, koos",1,1,0,0
võtma,"välja, maha",1,1,0,0
võtma,"välja, peal",1,1,0,0
võtma,"ära, eest",1,1,0,0
võtma,"ära, peale",3,3,0,0
võtma,"ära, pärast",1,1,0,0
võtma,"üle, kinni",1,1,0,0
võtma,"üle, kokku",1,1,0,0
võtma,"üle, ära",1,1,0,0
võtma,"üles, kaasa",1,1,0,0
võtsima,ette,1,1,0,0
võttama,kaasa,3,3,0,0
võõbuma,,1,1,0,0
võõitima,,1,1,0,0
võõpama,ära,1,1,0,0
võõrandama,tagasi,1,1,0,0
võõranduma,rahul,1,1,0,0
võõrutama,ära,1,1,0,0
võõtima,,2,2,0,0
vöetuma,üle,1,1,0,0
völuma,,1,1,0,0
völvima,,2,2,0,0
vördnema,,1,1,0,0
vörgutama,,1,1,0,0
vötima,,1,1,0,0
vötnuma,vastu,3,3,0,0
vötnuma,ära,4,4,0,0
vötsima,ette,1,1,0,0
vötsima,ära,2,2,0,0
vöttima,välja,2,2,0,0
vöttsima,,1,1,0,0
vööritsema,,1,1,0,0
vüetuma,ära,1,1,0,0
vürtsitama,kokku,1,1,0,0
vürtsitama,üle,2,2,0,0
vütnuma,ära,1,1,0,0
waadatama,,1,1,0,0
wafflema,,1,1,0,0
wahhetuma,,1,1,0,0
wahkima,,1,1,0,0
waidlustama,,1,1,0,0
waijnima,,1,1,0,0
waiknema,,1,1,0,0
wajuma,ära,1,1,0,0
wankima,,1,1,0,0
warastama,tagant,1,1,0,0
warstima,,1,1,0,0
wedima,,1,1,0,0
wenima,ära,1,1,0,0
weqima,,1,1,0,0
westima,,1,1,0,0
wihastama,,1,1,0,0
winguma,,1,1,0,0
winnuma,,35,35,0,0
wooduma,,2,2,0,0
wushuma,,1,1,0,0
wägistama,ära,1,1,0,0
wäsitama,ära,1,1,0,0
wõiksima,,1,1,0,0
wõitsima,,1,1,0,0
wõrguma,lahti,1,1,0,0
wõttima,läbi,1,1,0,0
wöttama,,1,1,0,0
xmõjuma,,1,1,0,0
xravima,,1,1,0,0
y-kaduma,ära,1,1,0,0
yahtnuma,,1,1,0,0
yasminema,,1,1,0,0
yeldima,,1,1,0,0
yhendama,ette,2,2,0,0
yhendama,ära,1,1,0,0
yhima,,1,1,0,0
yhinema,ära,1,1,0,0
ylatama,,1,1,0,0
ylatuma,maha,1,1,0,0
ylema,"eest, taga",2,2,0,0
ylema,tagasi,1,1,0,0
ylikondama,,1,1,0,0
ylikondama,vaja,1,1,0,0
yllatuma,,1,1,0,0
yllema,,1,1,0,0
ymberlöigatama,,1,1,0,0
yohima,,1,1,0,0
yoimuma,,1,1,0,0
yolima,,1,1,0,0
yorkima,,1,1,0,0
yppama,ette,1,1,0,0
yppama,kallale,1,1,0,0
yprima,alt,1,1,0,0
yritama,kohal,1,1,0,0
yrituma,,1,1,0,0
ytima,eemale,1,1,0,0
ytlema,"edasi, tagasi",1,1,0,0
ytlema,puudu,1,1,0,0
ytlsima,,1,1,0,0
ytsima,kinni,1,1,0,0
yunnema,,1,1,0,0
yxcima,,1,1,0,0
yxindama,ära,1,1,0,0
yydsima,,1,1,0,0
yähtima,,1,1,0,0
zaukima,,3,3,0,0
zaukkima,,2,2,0,0
zezkuma,,1,1,0,0
zhonglöörima,,1,1,0,0
zininema,,1,1,0,0
zippsima,,1,1,0,0
zongleerima,,1,1,0,0
zoomima,"alla, sisse, välja",1,1,0,0
zoomima,ära,2,2,0,0
zorssima,,1,1,0,0
äbima,,1,1,0,0
äckima,,1,1,0,0
ägisema,juures,1,1,0,0
ägisema,vastu,1,1,0,0
ägistama,,1,1,0,0
ähkima,edasi,1,1,0,0
ähkuma,,1,1,0,0
ähvardama,ette,1,1,0,0
ähvardama,lahti,1,1,0,0
ähvardama,puruks,2,2,0,0
äigama,ära,1,1,0,0
äkastama,ära,1,1,0,0
äkima,"ära, lahti",1,1,0,0
äkitsema,,1,1,0,0
äkkama,,1,1,0,0
äkkerdama,,1,1,0,0
ängima,,1,1,0,0
änguma,,1,1,0,0
äparduma,tagasi,1,1,0,0
ära,kõrvale,6,6,0,0
ära,läbi,1,1,0,0
ära,tagasi,2,2,0,0
ära-ei-olema,,1,1,0,0
ärahäkkima,,1,1,0,0
äralämmatama,,1,1,0,0
äranihutama,,1,1,0,0
ärastas-varastama,,1,1,0,0
äratama,all,1,1,0,0
äratama,järel,1,1,0,0
äratama,koos,1,1,0,0
ärawiiduma,,1,1,0,0
ärge-minuga-vaidlema,,1,1,0,0
ärgitama,laiali,1,1,0,0
ärgitama,takka,1,1,0,0
ärima,sees,1,1,0,0
ärima,tagasi,1,1,0,0
äritsema,edasi,1,1,0,0
ärkama,ilma,1,1,0,0
ärkama,kinni,2,2,0,0
ärkama,"maha, üles",1,1,0,0
ärkama,sees,1,1,0,0
ärkama,ära,1,1,0,0
ärkama,üle,1,1,0,0
ärkama,"üles, ilma",1,1,0,0
ärkas-märkama,,1,1,0,0
ärkima,üles,1,1,0,0
ärplema,kaasa,1,1,0,0
ärritama,välja,1,1,0,0
ärritanud-intrigeerima,,1,1,0,0
ärrituma,pärast,1,1,0,0
äsama,edasi,1,1,0,0
äsama,kinni,1,1,0,0
äälima,,1,1,0,0
ääremaastuma,,1,1,0,0
äärima,,1,1,0,0
ääristama,jõle,1,1,0,0
ääristama,kõiksugu,1,1,0,0
ääästima,,1,1,0,0
óigustama,,1,1,0,0
ônnestuma,,1,1,0,0
õeltima,,2,2,0,0
õelutsema,edasi,1,1,0,0
õgima,igasugu,1,1,0,0
õgima,tagasi,1,1,0,0
õhkuma,vaja,1,1,0,0
õhutama,juurde,1,1,0,0
õhutama,kaasa,1,1,0,0
õhutama,koos,1,1,0,0
õhutama,läbi,1,1,0,0
õhutama,saati,1,1,0,0
õhutama,sisse,1,1,0,0
õhutama,taga,1,1,0,0
õiendama,maha,1,1,0,0
õiendama,vahel,1,1,0,0
õigusabi-ühenduma,,1,1,0,0
õigustama,nõus,2,2,0,0
õigustama,välja,1,1,0,0
õilistama,juurde,1,1,0,0
õilistama,üle,1,1,0,0
õinuma,,1,1,0,0
õitnuma,,1,1,0,0
õitsema,"tagasi, ära",1,1,0,0
õitsevad-tolmlema,,1,1,0,0
õlduma,,1,1,0,0
õlitama,"tagant, ära",1,1,0,0
õlletama,ilma,1,1,0,0
õmblema,edasi,2,2,0,0
õmblema,"edasi, valmis",1,1,0,0
õmblema,keskele,1,1,0,0
õmblema,kõrvalt,1,1,0,0
õmblema,ringi,1,1,0,0
õmblema,täis,1,1,0,0
õmblema,valmima,1,1,0,0
õmmatama,ära,1,1,0,0
õngitsema,alla,1,1,0,0
õngitsema,edasi,1,1,0,0
õngitsema,esile,1,1,0,0
õngitsema,kinni,1,1,0,0
õnnastuma,,1,1,0,0
õnnestuma,kohal,1,1,0,0
õnnestuma,sees,2,2,0,0
õnnestuma,tänu,1,1,0,0
õnnistas-karistama,,1,1,0,0
õnnitlema,ette,2,2,0,0
õnnitlema,"ette, ära",1,1,0,0
õnnstuma,,2,2,0,0
õpetama,alla,1,1,0,0
õpetama,ringi,1,1,0,0
õpetama,vaja,2,2,0,0
õpetama,valmis,1,1,0,0
õpi-õppima,,1,1,0,0
õpib-treenima,,1,1,0,0
õpilast-pärima,,1,1,0,0
õpivad-mängima,,1,1,0,0
õppima,eal,1,1,0,0
õppima,enne,1,1,0,0
õppima,koha,1,1,0,0
õppima,kätte,1,1,0,0
õppima,laiali,1,1,0,0
õppima,mööda,1,1,0,0
õppima,pihta,1,1,0,0
õppima,vaja,3,3,0,0
õppivad-töötama,,1,1,0,0
õrgitsema,,1,1,0,0
õritama,,1,1,0,0
õvima,,1,1,0,0
õõnestama,ette,1,1,0,0
õõtsatama,maha,1,1,0,0
õõtsutama,läbi,1,1,0,0
õõtsutama,ära,1,1,0,0
öakuma,,1,1,0,0
öeduma,välja,1,1,0,0
öeknuma,,1,1,0,0
öellnuma,välja,1,1,0,0
öelnduma,,1,1,0,0
öewldima,,1,1,0,0
öhtuma,,1,1,0,0
öhutama,,1,1,0,0
öilima,,1,1,0,0
önnestuma,välja,1,1,0,0
önnnaeratama,,1,1,0,0
öpima,,4,4,0,0
öttama,,1,1,0,0
öudnema,,2,2,0,0
ööbima,edasi,1,1,0,0
ööbima,lähedal,1,1,0,0
ööbima,ära,1,1,0,0
ööipima,,1,1,0,0
ööldima,,1,1,0,0
øelduma,,1,1,0,0
üaistama,,1,1,0,0
üaljuma,,1,1,0,0
üejäänuma,,2,2,0,0
üelduma,,3,3,0,0
üheksakümmnendama,,1,1,0,0
ühekskümnendama,,1,1,0,0
ühendama,moodi,1,1,0,0
ühendama,otsa,1,1,0,0
ühendama,vahele,1,1,0,0
ühenduma,kokku,1,1,0,0
ühenduma,tagasi,1,1,0,0
ühendustolema,,1,1,0,0
ühilduma,kokku,1,1,0,0
ühinema,ette,1,1,0,0
ühinema,vaja,1,1,0,0
ühinema,välja,1,1,0,0
ühinema,ära,2,2,0,0
ühinema,üles,1,1,0,0
ühiskond-ootama,,1,1,0,0
ühistama,,1,1,0,0
ühtima,eest,1,1,0,0
ühtima,tagasi,1,1,0,0
ühtima,vastu,1,1,0,0
ühtlustama,vaja,1,1,0,0
ühtlustama,ära,2,2,0,0
ühtsustuma,,1,1,0,0
üiguma,,1,1,0,0
üks-kaks-kolm-minema,,1,1,0,0
üksenema,,1,1,0,0
üksąjnuma,,1,1,0,0
ülbama,edasi,1,1,0,0
ülbama,ilma,1,1,0,0
ülbama,vastu,1,1,0,0
ülbed-tõrjuma,,1,1,0,0
üldima,,1,1,0,0
üldistama,vastu,1,1,0,0
ülduma,,1,1,0,0
üle-tegema,,1,1,0,0
üleastuma,,1,1,0,0
ülemüstifitseerima,,1,1,0,0
ülepakkuma,,1,1,0,0
ületama,alt,1,1,0,0
ületama,ees,1,1,0,0
ületama,koha,1,1,0,0
ületama,kohale,1,1,0,0
ületama,lähedal,1,1,0,0
ületama,valmis,1,1,0,0
ületama,vastast,1,1,0,0
ülevaatlikustama,,1,1,0,0
ülistama,välja,1,1,0,0
üllastuma,,1,1,0,0
üllatama,alt,1,1,0,0
üllatama,banaalsevõitu,1,1,0,0
üllatama,esile,1,1,0,0
üllatama,kaasa,1,1,0,0
üllatama,pealt,1,1,0,0
üllatama,"tagant, poolt",1,1,0,0
üllatama,täis,1,1,0,0
üllatuma,pealt,1,1,0,0
üllatuma,ära,3,3,0,0
ülplaanima,,1,1,0,0
ümardama,maha,1,1,0,0
ümardama,ära,2,2,0,0
ümberõpetama,,1,1,0,0
ümbristestuma,,1,1,0,0
ümbritsema,läbi,1,1,0,0
ümisema,vastu,1,1,0,0
üppama,edasi,1,1,0,0
üritama,mood,1,1,0,0
üritama,pooleli,1,1,0,0
üritama,ringi,3,3,0,0
üritama,sisse,1,1,0,0
üritama,taha,1,1,0,0
üritama,tarvis,1,1,0,0
üritama,üles,1,1,0,0
üsknema,,1,1,0,0
üsna-palataliseerima,,1,1,0,0
üstima,,1,1,0,0
ütlema,"ette, taha",1,1,0,0
ütlema,"ette, välja",1,1,0,0
ütlema,kallale,1,1,0,0
ütlema,kaudu,1,1,0,0
ütlema,koha,1,1,0,0
ütlema,"läbi, lahti",1,1,0,0
ütlema,moodi,1,1,0,0
ütlema,peal,1,1,0,0
ütlema,pihta,2,2,0,0
ütlema,"välja, välja",1,1,0,0
ütlema,"ära, lahti",1,1,0,0
ütlema,"ära, ära",2,2,0,0
ütlema,ühte,1,1,0,0
ütlesin-lubama,,1,1,0,0
ütlöesima,,1,1,0,0
ütsima,edasi,1,1,0,0
üttlema,kinni,1,1,0,0
üttlema,üles,1,1,0,0
üuduma,,1,1,0,0
üutima,,1,1,0,0
üürgama,kohale,1,1,0,0
üürgama,vastu,1,1,0,0
üürima,ette,1,1,0,0
üürima,lähedal,1,1,0,0
üürima,tarvis,1,1,0,0
ōiguma,,1,1,0,0
śuruma,peale,1,1,0,0
šifreerima,ära,1,1,0,0
šokeerima,ära,2,2,0,0
špiilima,,1,1,0,0
ųnnestuma,,1,1,0,0
žveitsima,,1,1,0,0
tahxima,,79,80,1.25,1
purskuma,esile,13,14,7.142857142857142,1
haipima,üles,10,11,9.090909090909092,1
rõõmustama,ette,10,11,9.090909090909092,1
vinnuma,,95,105,9.523809523809524,10
liikuma,eest,9,10,10,1
saatma,lahti,9,10,10,1
kastma,läbi,8,9,11.11111111111111,1
sebima,välja,8,9,11.11111111111111,1
käima,juurde,99,113,12.389380530973451,14
hammustama,lahti,7,8,12.5,1
jagunema,ära,7,8,12.5,1
jahuma,edasi,7,8,12.5,1
kasvatama,kinni,7,8,12.5,1
kobima,ära,7,8,12.5,1
saama,lukku,7,8,12.5,1
sulustama,,7,8,12.5,1
valama,mööda,7,8,12.5,1
vizima,,7,8,12.5,1
voorima,juurde,14,16,12.5,2
sobima,juurde,37,43,13.953488372093023,6
ennustama,ära,6,7,14.285714285714285,1
heietama,edasi,6,7,14.285714285714285,1
hääletama,edasi,12,14,14.285714285714285,2
ilmuma,alt,6,7,14.285714285714285,1
kordama,välja,6,7,14.285714285714285,1
lahendama,edasi,6,7,14.285714285714285,1
leiutama,juurde,6,7,14.285714285714285,1
leppima,ette,6,7,14.285714285714285,1
loobuma,ära,6,7,14.285714285714285,1
meeldima,lahku,6,7,14.285714285714285,1
minema,koht,6,7,14.285714285714285,1
möjuma,,12,14,14.285714285714285,2
näitama,alles,6,7,14.285714285714285,1
piinama,ära,12,14,14.285714285714285,2
produtseerima,juurde,6,7,14.285714285714285,1
pääsema,maha,6,7,14.285714285714285,1
saama,"otsa, peale",12,14,14.285714285714285,2
seletama,juurde,6,7,14.285714285714285,1
toimima,läbi,6,7,14.285714285714285,1
nurmaalnema,,11,13,15.384615384615385,2
töötama,vaja,21,25,16,4
sündima,ilma,81,97,16.49484536082474,16
andma,täis,5,6,16.666666666666664,1
avanema,edasi,5,6,16.666666666666664,1
diagnoosima,kokku,5,6,16.666666666666664,1
elama,ette,5,6,16.666666666666664,1
ilkuma,üle,5,6,16.666666666666664,1
jääma,nõus,5,6,16.666666666666664,1
jõudma,lähedale,5,6,16.666666666666664,1
keerama,eemale,5,6,16.666666666666664,1
klattima,ära,5,6,16.666666666666664,1
kobistama,ära,5,6,16.666666666666664,1
kostma,alla,5,6,16.666666666666664,1
kuulama,juurde,5,6,16.666666666666664,1
käima,käpuli,5,6,16.666666666666664,1
laskma,norgu,5,6,16.666666666666664,1
ledima,,5,6,16.666666666666664,1
liikuma,edasi-tagasi,5,6,16.666666666666664,1
liikuma,vaja,5,6,16.666666666666664,1
mahtuma,üles,5,6,16.666666666666664,1
marssima,juurde,5,6,16.666666666666664,1
matkama,ringi,5,6,16.666666666666664,1
mõtlema,mööda,5,6,16.666666666666664,1
nimetama,ette,10,12,16.666666666666664,2
olema,"peale, vaja",5,6,16.666666666666664,1
oskama,nõus,5,6,16.666666666666664,1
paistma,"tagant, välja",5,6,16.666666666666664,1
pakkuma,mööda,5,6,16.666666666666664,1
panema,"kinni, tagasi",5,6,16.666666666666664,1
panema,"sisse, tagasi",5,6,16.666666666666664,1
pingima,,5,6,16.666666666666664,1
postitama,edasi,5,6,16.666666666666664,1
pugema,vahele,5,6,16.666666666666664,1
pärima,välja,5,6,16.666666666666664,1
raatsima,ära,5,6,16.666666666666664,1
segsima,,5,6,16.666666666666664,1
sünnitama,ilma,5,6,16.666666666666664,1
timmima,välja,5,6,16.666666666666664,1
toppima,üles,10,12,16.666666666666664,2
tõmblema,edasi,5,6,16.666666666666664,1
ulatuma,ette,5,6,16.666666666666664,1
vahetama,peale,5,6,16.666666666666664,1
vahtima,ette,5,6,16.666666666666664,1
valetama,juurde,5,6,16.666666666666664,1
viitama,tagasi,5,6,16.666666666666664,1
väitma,alla,5,6,16.666666666666664,1
väänama,lahti,5,6,16.666666666666664,1
võittima,,5,6,16.666666666666664,1
wiitcima,,5,6,16.666666666666664,1
õmblema,ümber,5,6,16.666666666666664,1
valitsema,üle,14,17,17.647058823529413,3
soolama,üle,9,11,18.181818181818183,2
viicsima,,13,16,18.75,3
olema,kallal,21,26,19.230769230769234,5
ajama,vahele,4,5,20,1
ammendama,ära,4,5,20,1
arvestama,nõus,4,5,20,1
asuma,koos,4,5,20,1
deklareerima,ära,4,5,20,1
eksitseerima,,4,5,20,1
ekstraheeruma,,4,5,20,1
hakatama,peale,4,5,20,1
hakkama,püsti,4,5,20,1
harutama,laiali,4,5,20,1
hõiskama,ära,4,5,20,1
jaotuma,ringi,4,5,20,1
jooksma,kaasas,4,5,20,1
jätma,otsa,4,5,20,1
jääma,tuttu,4,5,20,1
kaduma,kohale,4,5,20,1
kasvatama,edasi,12,15,20,3
keegima,,4,5,20,1
keevitama,külge,4,5,20,1
kerkima,peale,4,5,20,1
kihutama,"eest, ära",4,5,20,1
kinkima,juurde,4,5,20,1
kippuma,läbi,4,5,20,1
kirjutama,vahele,8,10,20,2
kruisima,,4,5,20,1
kruttima,läbi,4,5,20,1
kukkuma,"ette, läbi",4,5,20,1
kylmuma,ära,4,5,20,1
käima,edasi-tagasi,12,15,20,3
käima,järele,4,5,20,1
küsima,otsa,4,5,20,1
küsima,pärast,4,5,20,1
lakeerima,,4,5,20,1
lappima,kinni,4,5,20,1
laskma,"eest, ära",4,5,20,1
laskma,otsa,4,5,20,1
leidma,sisse,4,5,20,1
liigituma,alla,4,5,20,1
loetlema,ära,4,5,20,1
lugema,ees,4,5,20,1
lugema,tagant,4,5,20,1
magama,püsti,4,5,20,1
maksma,vastu,4,5,20,1
marssima,kaasa,4,5,20,1
minema,pooleks,4,5,20,1
murduma,välja,4,5,20,1
mähkima,kinni,4,5,20,1
mõistma,kaasa,4,5,20,1
naerma,ette,4,5,20,1
nihkuma,mööda,4,5,20,1
näitama,sisse,4,5,20,1
olema,"alla, vaja",8,10,20,2
otsima,ette,4,5,20,1
paigutama,keskele,4,5,20,1
paranema,läbi,4,5,20,1
peatuma,maha,4,5,20,1
pextuma,,4,5,20,1
piixuma,,4,5,20,1
pilvitama,,4,5,20,1
plahvatama,ära,4,5,20,1
puhastama,lahti,4,5,20,1
puutuma,ette,4,5,20,1
püsima,varjus,4,5,20,1
püsistuma,,4,5,20,1
regresseeruma,,4,5,20,1
reisima,ära,4,5,20,1
retsima,ära,4,5,20,1
riputama,juurde,4,5,20,1
saama,kaupa,4,5,20,1
saama,"sisse, tagasi",4,5,20,1
saama,takka,4,5,20,1
seadma,ära,4,5,20,1
sebima,maha,4,5,20,1
sobrama,ringi,4,5,20,1
sondima,,4,5,20,1
sulanduma,sisse,4,5,20,1
sõnumineerima,,4,5,20,1
taguma,valmis,4,5,20,1
tahtma,sees,4,5,20,1
tahtma,vahele,4,5,20,1
tasuma,rahul,4,5,20,1
teadma,peal,4,5,20,1
toimuma,vaja,4,5,20,1
tormitsema,,8,10,20,2
tulema,manu,4,5,20,1
tulema,"välja, valmis",4,5,20,1
tundma,edasi,4,5,20,1
tunduma,vaja,4,5,20,1
tunnduma,,4,5,20,1
tõttama,eest,4,5,20,1
töötama,all,4,5,20,1
v2henema,,4,5,20,1
vahustuma,,4,5,20,1
valima,kaasa,4,5,20,1
vastama,edasi,4,5,20,1
vihkama,edasi,4,5,20,1
viibima,läbi,4,5,20,1
vilmima,,4,5,20,1
vooklema,,4,5,20,1
vusisema,,4,5,20,1
värisema,ette,4,5,20,1
väänama,kokku,4,5,20,1
väärima,edasi,4,5,20,1
väärtustama,üle,4,5,20,1
üllatuma,üle,4,5,20,1
mahtuma,juurde,23,29,20.689655172413794,6
muutuma,heaks,11,14,21.428571428571427,3
runema,,11,14,21.428571428571427,3
saama,mahti,11,14,21.428571428571427,3
servima,,97,124,21.774193548387096,27
kuuluma,juurde,132,169,21.893491124260358,37
talitama,,1044,1337,21.914734480179508,293
j6udsima,,7,9,22.22222222222222,2
jahvatama,edasi,7,9,22.22222222222222,2
kartma,üle,7,9,22.22222222222222,2
klokkima,,7,9,22.22222222222222,2
kumerduma,,7,9,22.22222222222222,2
kuulma,ette,7,9,22.22222222222222,2
leduma,,7,9,22.22222222222222,2
liiklema,ringi,7,9,22.22222222222222,2
maitsma,ära,7,9,22.22222222222222,2
mõjutama,kokku,7,9,22.22222222222222,2
niisutama,läbi,7,9,22.22222222222222,2
näinud-kuulma,,7,9,22.22222222222222,2
olnema,,7,9,22.22222222222222,2
püsima,alles,7,9,22.22222222222222,2
rebima,edasi,7,9,22.22222222222222,2
ronima,ette,7,9,22.22222222222222,2
saama,"ilma, läbi",28,36,22.22222222222222,8
saama,"sisse, välja",7,9,22.22222222222222,2
sättima,ära,14,18,22.22222222222222,4
töötama,kohal,10,13,23.076923076923077,3
lööma,edasi,13,17,23.52941176470588,4
mahtuma,"sisse, ära",13,17,23.52941176470588,4
vingerdama,välja,26,34,23.52941176470588,8
jääma,mahti,19,25,24,6
adresseerima,edasi,3,4,25,1
agiteerima,ära,3,4,25,1
andma,ligi,3,4,25,1
arenema,alla,3,4,25,1
arenema,järele,3,4,25,1
asuma,vaja,3,4,25,1
avaldama,edasi,3,4,25,1
coverdama,,3,4,25,1
deseksualiseerima,,3,4,25,1
ebavõrdsustuma,,3,4,25,1
eitama,ära,3,4,25,1
ejakuleerima,,3,4,25,1
ekisteerima,,3,4,25,1
elama,ümber,3,4,25,1
elatuma,välja,3,4,25,1
fantaseerima,juurde,3,4,25,1
formuleerima,ümber,3,4,25,1
fännama,edasi,3,4,25,1
haakuma,lahti,3,4,25,1
haigutama,edasi,3,4,25,1
haihtuma,ära,6,8,25,2
haisema,edasi,3,4,25,1
hakkama,all,3,4,25,1
hakkama,juurde,3,4,25,1
hakkama,kohale,3,4,25,1
harjama,välja,3,4,25,1
hiilima,juurde,6,8,25,2
hingatama,,3,4,25,1
hoorama,ära,3,4,25,1
hullama,ringi,3,4,25,1
huvitama,edasi,6,8,25,2
hüperboliseerima,,3,4,25,1
idealiseerima,üle,3,4,25,1
ilmnema,välja,3,4,25,1
ilmuma,sisse,3,4,25,1
imbuma,ära,3,4,25,1
immutama,läbi,3,4,25,1
installima,sisse,3,4,25,1
isatsema,,3,4,25,1
jagama,tarvis,3,4,25,1
jahuma,kokku,3,4,25,1
jooma,all,3,4,25,1
juurdlema,üle,3,4,25,1
jätkuma,peale,3,4,25,1
jõudma,kaasas,3,4,25,1
jõudma,valmima,3,4,25,1
k2ituma,,9,12,25,3
kaasnema,välja,3,4,25,1
kakkuma,ära,6,8,25,2
kalduma,üle,3,4,25,1
kasutama,"ära, kokku",3,4,25,1
kasvama,all,3,4,25,1
katma,eest,3,4,25,1
keelab-käskima,,3,4,25,1
keema,puruks,3,4,25,1
keerama,krussi,3,4,25,1
keerustama,,3,4,25,1
kepsutama,tagasi,3,4,25,1
kerkima,ligi,3,4,25,1
keskenduma,ümber,3,4,25,1
kirjutama,otsa,6,8,25,2
klõpsutama,täis,3,4,25,1
koguma,ära,3,4,25,1
kompenseerima,ära,3,4,25,1
kompima,läbi,3,4,25,1
kontrollima,alla,3,4,25,1
koogutama,kaasa,3,4,25,1
korjama,juurde,9,12,25,3
korraldama,peale,3,4,25,1
kraapima,sisse,3,4,25,1
kraapsima,,3,4,25,1
kriimustuma,,6,8,25,2
kulutama,maha,6,8,25,2
kuulama,järele,6,8,25,2
kuulama,välja,3,4,25,1
kuulma,edasi,6,8,25,2
kuulma,juurde,3,4,25,1
kuulma,otsa,3,4,25,1
kuulnud-lugema,,3,4,25,1
kyyndima,,3,4,25,1
käima,laiali,3,4,25,1
käima,"ära, tagasi",3,4,25,1
käivituma,edasi,3,4,25,1
kõlbama,ära,3,4,25,1
kõlksama,,3,4,25,1
kõmpima,üles,3,4,25,1
kõndima,kohale,3,4,25,1
külastama,alla,3,4,25,1
l2heksima,,3,4,25,1
laenama,ära,3,4,25,1
laiutama,ees,3,4,25,1
lakkima,ära,3,4,25,1
laksama,peale,3,4,25,1
laksama,ära,3,4,25,1
lampima,,3,4,25,1
lasnuma,peale,3,4,25,1
leelotama,edasi,3,4,25,1
leiduma,sees,3,4,25,1
leierdama,ära,3,4,25,1
leiutama,edasi,3,4,25,1
lendama,vaja,3,4,25,1
liikuma,alt,3,4,25,1
lillatama,,3,4,25,1
lobisema,ära,3,4,25,1
lohistama,üles,3,4,25,1
loksuma,kohale,3,4,25,1
lolima,,3,4,25,1
loobuma,edasi,3,4,25,1
loobuma,ette,6,8,25,2
loopima,ära,3,4,25,1
lugenud-kuulma,,3,4,25,1
läbutsema,,6,8,25,2
lähenema,ette,3,4,25,1
maalima,välja,3,4,25,1
mahutama,alla,3,4,25,1
manduma,ära,3,4,25,1
menetlema,ära,3,4,25,1
minema,"edasi, välja",3,4,25,1
minema,närvi,3,4,25,1
minema,umbe,9,12,25,3
moodustama,edasi,3,4,25,1
mountima,,3,4,25,1
mädanema,edasi,3,4,25,1
mängima,vaja,3,4,25,1
määrama,"ette, ära",6,8,25,2
määrama,võidu,3,4,25,1
mõtlema,lahti,9,12,25,3
naljatama,ilma,3,4,25,1
ninnunännutama,,3,4,25,1
norima,edasi,3,4,25,1
nuputama,valmis,3,4,25,1
nuruma,kaasa,3,4,25,1
nägema,peal,3,4,25,1
nühkima,laiali,3,4,25,1
ogima,,3,4,25,1
oidima,,3,4,25,1
oimama,,6,8,25,2
olema,hukas,3,4,25,1
olema,"ilma, vaja",3,4,25,1
olema,jaol,6,8,25,2
olema,kahekesi,3,4,25,1
olema,"kinni, kinni",3,4,25,1
olema,kõpsti,3,4,25,1
olema,"lahti, kinni",3,4,25,1
omama,rahul,3,4,25,1
omandama,juurde,3,4,25,1
otsustama,ette,6,8,25,2
paarutama,,6,8,25,2
painutama,ära,3,4,25,1
paistma,alt,9,12,25,3
paisuma,kinni,3,4,25,1
paljunema,juurde,3,4,25,1
patseerima,edasi,3,4,25,1
pesema,lahti,3,4,25,1
photoshoppima,,3,4,25,1
pikkima,läbi,3,4,25,1
pildistama,üle,3,4,25,1
pressima,tagasi,3,4,25,1
proovima,ilma,3,4,25,1
proovima,valmis,6,8,25,2
provisioneerima,,3,4,25,1
pudisema,laiali,3,4,25,1
puhastama,üle,6,8,25,2
punastama,ära,3,4,25,1
pussitama,rindu,3,4,25,1
puuderdama,üle,3,4,25,1
päevitama,ära,3,4,25,1
pääsema,vaja,3,4,25,1
põletama,edasi,6,8,25,2
põrgatama,edasi,3,4,25,1
põrgatama,läbi,3,4,25,1
põrkama,edasi,6,8,25,2
põrutama,täis,3,4,25,1
püsima,täis,3,4,25,1
quittima,,6,8,25,2
rabama,läbi,3,4,25,1
rahustuma,,3,4,25,1
rasseerima,,3,4,25,1
reglementeerima,ära,3,4,25,1
ronima,"mööda, üles",3,4,25,1
ruineeruma,,3,4,25,1
räägivad-kirjutama,,3,4,25,1
rääksuma,,3,4,25,1
rühkima,läbi,3,4,25,1
saama,pooleli,3,4,25,1
salima,,3,4,25,1
sammuma,maha,3,4,25,1
sattuma,koha,3,4,25,1
segama,peale,3,4,25,1
segima,,3,4,25,1
segustama,,3,4,25,1
seiklema,läbi,3,4,25,1
seletama,vaja,3,4,25,1
siuksuma,,3,4,25,1
skaleeruma,,9,12,25,3
sodima,üle,3,4,25,1
soitsima,,3,4,25,1
sonkima,üles,3,4,25,1
sovima,,3,4,25,1
suhtuma,välja,3,4,25,1
sujuma,edasi,6,8,25,2
suurendama,vastu,3,4,25,1
suutma,ette,9,12,25,3
suutma,kaasa,3,4,25,1
svipsima,,6,8,25,2
syvenema,,3,4,25,1
sõitma,"välja, sisse",3,4,25,1
sööma,tagasi,6,8,25,2
tahmama,ära,3,4,25,1
tasuma,kohal,3,4,25,1
tasuma,peale,3,4,25,1
tatsama,sisse,3,4,25,1
tegelema,alla,3,4,25,1
tegema,lähedal,3,4,25,1
tekkima,vahele,9,12,25,3
tellima,kaasa,3,4,25,1
tikkuma,sisse,3,4,25,1
tiksuma,otsa,3,4,25,1
tilkuma,mööda,3,4,25,1
tilkuma,ära,3,4,25,1
tiomuma,,3,4,25,1
toimima,ilma,3,4,25,1
tolknema,ringi,6,8,25,2
tooma,"pärast, tagasi",3,4,25,1
toppima,vahele,12,16,25,4
treenima,vaja,3,4,25,1
trügima,peale,12,16,25,4
tuhisema,kohale,6,8,25,2
tuiskama,järele,3,4,25,1
tulema,"alla, välja",3,4,25,1
tulema,"juurde, tagasi",3,4,25,1
tulema,"välja, tagasi",9,12,25,3
tundma,"ära, ära",3,4,25,1
tupsutama,üle,3,4,25,1
tuvastama,ära,3,4,25,1
tähendama,kinni,3,4,25,1
tõmbama,umbe,3,4,25,1
tõstatama,esile,3,4,25,1
tõusma,ees,3,4,25,1
töötama,ees,3,4,25,1
tühistama,ette,3,4,25,1
tümpsutama,,3,4,25,1
tüütama,edasi,3,4,25,1
ujuma,juurde,3,4,25,1
ujuma,koos,3,4,25,1
ulguma,edasi,3,4,25,1
ununema,välja,3,4,25,1
uttlema,,3,4,25,1
uuristama,lahti,3,4,25,1
vaadnuma,,3,4,25,1
vaaruma,vastu,3,4,25,1
vaatama,"alla, otsa",3,4,25,1
vaatama,alles,3,4,25,1
vabandama,"ette, ära",3,4,25,1
vahetuma,alla,3,4,25,1
vajuma,ligi,3,4,25,1
vastama,mööda,6,8,25,2
vastutama,läbi,3,4,25,1
vedama,vastu,3,4,25,1
veelduma,,3,4,25,1
venitama,edasi,3,4,25,1
vihtuma,edasi,3,4,25,1
viibima,välja,3,4,25,1
vingerdama,sisse,3,4,25,1
vinguma,üle,3,4,25,1
voolima,välja,3,4,25,1
vormindama,,3,4,25,1
vunksima,,3,4,25,1
väntama,välja,3,4,25,1
väänama,peale,3,4,25,1
võimendama,ära,3,4,25,1
võksima,,3,4,25,1
võrdlema,ära,3,4,25,1
wapima,,3,4,25,1
ycima,,9,12,25,3
yelduma,,3,4,25,1
ylema,alla,3,4,25,1
zestikuleerima,,3,4,25,1
zombistama,,3,4,25,1
ühendama,külge,3,4,25,1
üritama,välja,3,4,25,1
ütlema,otsa,3,4,25,1
nautima,ette,17,23,26.08695652173913,6
istuma,kohal,14,19,26.31578947368421,5
praotama,,11,15,26.666666666666668,4
pyssima,,11,15,26.666666666666668,4
kasvatama,juurde,19,26,26.923076923076923,7
veerema,mööda,19,26,26.923076923076923,7
ilmuma,ära,8,11,27.27272727272727,3
jooksutama,ära,8,11,27.27272727272727,3
kukkuma,"alla, tagasi",8,11,27.27272727272727,3
minema,sees,8,11,27.27272727272727,3
nokitsema,edasi,8,11,27.27272727272727,3
näkkima,,8,11,27.27272727272727,3
pangestuma,,16,22,27.27272727272727,6
rippuma,edasi,8,11,27.27272727272727,3
tixuma,,8,11,27.27272727272727,3
upitama,sisse,8,11,27.27272727272727,3
uploadima,,8,11,27.27272727272727,3
joudnuma,,13,18,27.77777777777778,5
kerkima,juurde,13,18,27.77777777777778,5
küpsema,läbi,13,18,27.77777777777778,5
käituma,,7905,11023,28.286310441803504,3118
aitama,takka,5,7,28.57142857142857,2
astuma,kohale,5,7,28.57142857142857,2
broneerima,ära,5,7,28.57142857142857,2
demokratiseeruma,,10,14,28.57142857142857,4
hiilima,eemale,5,7,28.57142857142857,2
hoidma,ümber,5,7,28.57142857142857,2
hopima,,5,7,28.57142857142857,2
hääldama,välja,5,7,28.57142857142857,2
hüpnotiseerima,ära,5,7,28.57142857142857,2
igatsema,ära,5,7,28.57142857142857,2
jõlkuma,kaasas,5,7,28.57142857142857,2
jõnksuma,,5,7,28.57142857142857,2
kantima,ära,5,7,28.57142857142857,2
kerkima,vastu,5,7,28.57142857142857,2
kihutama,peale,5,7,28.57142857142857,2
kippuma,edasi,5,7,28.57142857142857,2
kliisterdama,,5,7,28.57142857142857,2
kommunikeeruma,,5,7,28.57142857142857,2
kripeldama,sees,5,7,28.57142857142857,2
kuivama,kinni,5,7,28.57142857142857,2
kumama,ees,5,7,28.57142857142857,2
kuulama,koos,5,7,28.57142857142857,2
kõmpima,maha,5,7,28.57142857142857,2
laduma,sisse,5,7,28.57142857142857,2
laskma,eest,5,7,28.57142857142857,2
laterdama,,10,14,28.57142857142857,4
leidma,pealt,5,7,28.57142857142857,2
liigitama,alla,5,7,28.57142857142857,2
lobeerima,,5,7,28.57142857142857,2
lokkama,edasi,5,7,28.57142857142857,2
loksuma,lahti,5,7,28.57142857142857,2
mahtuma,alla,55,77,28.57142857142857,22
marutama,,5,7,28.57142857142857,2
minema,"pealt, ära",5,7,28.57142857142857,2
muutma,ette,5,7,28.57142857142857,2
mõjuma,välja,5,7,28.57142857142857,2
paljunema,edasi,5,7,28.57142857142857,2
pangetama,,5,7,28.57142857142857,2
pigitama,,5,7,28.57142857142857,2
pildistama,ära,5,7,28.57142857142857,2
saama,"ringi, täis",5,7,28.57142857142857,2
sobima,vahele,5,7,28.57142857142857,2
sokutama,ette,10,14,28.57142857142857,4
soovima,"ette, ära",5,7,28.57142857142857,2
sõlmima,ära,5,7,28.57142857142857,2
teabmima,,10,14,28.57142857142857,4
tegema,"ära, välja",5,7,28.57142857142857,2
toksima,valmis,5,7,28.57142857142857,2
tomima,,5,7,28.57142857142857,2
toppima,juurde,5,7,28.57142857142857,2
tseremoonitsema,,5,7,28.57142857142857,2
tunnistama,ette,5,7,28.57142857142857,2
töötama,lähedal,5,7,28.57142857142857,2
vaatama,taga,5,7,28.57142857142857,2
vaibuma,maha,5,7,28.57142857142857,2
valitsema,vastu,5,7,28.57142857142857,2
siginema,juurde,27,38,28.947368421052634,11
mõtlema,juurde,46,65,29.230769230769234,19
käima,ümber,212,300,29.333333333333332,88
küpsema,ära,12,17,29.411764705882355,5
tükkima,esile,24,34,29.411764705882355,10
tõstma,üle,19,27,29.629629629629626,8
püsima,peal,33,47,29.78723404255319,14
olema,mööda,40,57,29.82456140350877,17
elama,all,7,10,30,3
intoneerima,,7,10,30,3
joodima,,14,20,30,6
jääma,valmis,7,10,30,3
lisama,otsa,7,10,30,3
lämisema,,7,10,30,3
lööma,esile,7,10,30,3
lülima,välja,7,10,30,3
meelitama,kõrvale,7,10,30,3
musima,,7,10,30,3
olenema,vaja,7,10,30,3
opereerima,ära,7,10,30,3
pyydnuma,,7,10,30,3
saama,parata,35,50,30,15
suutma,koos,7,10,30,3
tilkuma,tagasi,7,10,30,3
toimuma,alla,7,10,30,3
tunnetama,ette,7,10,30,3
tõusma,ringi,7,10,30,3
peetuma,välja,23,33,30.303030303030305,10
meeldima,üle,32,46,30.434782608695656,14
triidima,,16,23,30.434782608695656,7
icitama,,25,36,30.555555555555557,11
juhtuma,sisse,9,13,30.76923076923077,4
kukkuma,laiali,9,13,30.76923076923077,4
mahtuma,vahele,90,130,30.76923076923077,40
mütologiseerima,,9,13,30.76923076923077,4
postima,,9,13,30.76923076923077,4
tulema,moodi,9,13,30.76923076923077,4
uploatima,,9,13,30.76923076923077,4
arvama,edasi,20,29,31.03448275862069,9
lööma,ette,283,411,31.143552311435524,128
hingama,"sisse, välja",11,16,31.25,5
kaduma,"sisse, ära",11,16,31.25,5
keisima,,11,16,31.25,5
kõhnenema,,11,16,31.25,5
kõõksatama,,11,16,31.25,5
loatima,,11,16,31.25,5
paranema,ära,33,48,31.25,15
pääsema,esile,83,121,31.40495867768595,38
elama,lähedal,72,105,31.428571428571427,33
hüdrolüüsuma,,13,19,31.57894736842105,6
kolima,eemale,13,19,31.57894736842105,6
äirima,,13,19,31.57894736842105,6
tõusma,sisse,17,25,32,8
ütlema,juurde,36,53,32.075471698113205,17
arvestama,sisse,19,28,32.142857142857146,9
libisema,eest,41,61,32.78688524590164,20
kaaluma,läbi,59,88,32.95454545454545,29
võtma,käsile,135,202,33.16831683168317,67
abistama,edasi,2,3,33.33333333333333,1
addima,,2,3,33.33333333333333,1
aetama,taga,2,3,33.33333333333333,1
aimama,"ette, ära",2,3,33.33333333333333,1
aitama,"kaasa, välja",2,3,33.33333333333333,1
aitama,"otsa, peale",2,3,33.33333333333333,1
aitama,vast,2,3,33.33333333333333,1
ajama,tülli,2,3,33.33333333333333,1
ajsima,,4,6,33.33333333333333,2
alafinantseerima,,2,3,33.33333333333333,1
algama,ees,2,3,33.33333333333333,1
algama,sisse,2,3,33.33333333333333,1
alistama,vastu,2,3,33.33333333333333,1
alustama,edasi,2,3,33.33333333333333,1
alustama,tagant,2,3,33.33333333333333,1
andma,"edasi, kokku",2,3,33.33333333333333,1
andma,"ette, ära",2,3,33.33333333333333,1
andma,mööda,6,9,33.33333333333333,3
andnduma,,2,3,33.33333333333333,1
anduma,edasi,2,3,33.33333333333333,1
arenema,tagasi,2,3,33.33333333333333,1
arvama,otsa,2,3,33.33333333333333,1
arvama,rahul,2,3,33.33333333333333,1
arvama,üle,4,6,33.33333333333333,2
asendama,välja,2,3,33.33333333333333,1
asetama,kokku,4,6,33.33333333333333,2
asetama,välja,2,3,33.33333333333333,1
askeldama,edasi,8,12,33.33333333333333,4
aurustuma,ära,2,3,33.33333333333333,1
avalduma,peale,2,3,33.33333333333333,1
avama,lukku,2,3,33.33333333333333,1
avastama,juurde,2,3,33.33333333333333,1
avastama,ära,2,3,33.33333333333333,1
bubima,,2,3,33.33333333333333,1
bufferdama,,4,6,33.33333333333333,2
chainima,,2,3,33.33333333333333,1
chekima,,2,3,33.33333333333333,1
claudiaMegasolvuma,,2,3,33.33333333333333,1
defineeruma,,2,3,33.33333333333333,1
deklareerima,läbi,2,3,33.33333333333333,1
dekvalifitseeruma,,2,3,33.33333333333333,1
dringitama,,2,3,33.33333333333333,1
edastama,kokku,2,3,33.33333333333333,1
eelistama,edasi,2,3,33.33333333333333,1
eemaldama,kokku,2,3,33.33333333333333,1
eesima,,2,3,33.33333333333333,1
ehmatama,tagasi,2,3,33.33333333333333,1
einestama,koos,2,3,33.33333333333333,1
ekspresseerima,,2,3,33.33333333333333,1
ekstrapoleerima,,2,3,33.33333333333333,1
elama,"ette, läbi",2,3,33.33333333333333,1
elatama,kaasa,2,3,33.33333333333333,1
elatama,koos,2,3,33.33333333333333,1
elatama,läbi,2,3,33.33333333333333,1
emilikokkama,eemale,2,3,33.33333333333333,1
ennuma,,2,3,33.33333333333333,1
ennustama,alla,2,3,33.33333333333333,1
eraldama,alla,2,3,33.33333333333333,1
eraldama,juurde,2,3,33.33333333333333,1
erastama,ära,10,15,33.33333333333333,5
esitama,juurde,2,3,33.33333333333333,1
esitama,kõrvale,2,3,33.33333333333333,1
esitlema,valmis,2,3,33.33333333333333,1
estikuleerima,,2,3,33.33333333333333,1
ettevalmistuma,,2,3,33.33333333333333,1
formattima,ära,2,3,33.33333333333333,1
freezima,,2,3,33.33333333333333,1
gastrolleerima,,2,3,33.33333333333333,1
glisseerima,,2,3,33.33333333333333,1
gängima,,2,3,33.33333333333333,1
haigutama,ära,2,3,33.33333333333333,1
haituma,,2,3,33.33333333333333,1
hakkama,kõrvale,2,3,33.33333333333333,1
hakkama,lahku,2,3,33.33333333333333,1
hakkima,juurde,2,3,33.33333333333333,1
hallootama,,2,3,33.33333333333333,1
hargnema,välja,4,6,33.33333333333333,2
hastima,,4,6,33.33333333333333,2
heitma,külili,2,3,33.33333333333333,1
helitama,,4,6,33.33333333333333,2
hiilima,läbi,2,3,33.33333333333333,1
hingitsema,edasi,10,15,33.33333333333333,5
hipitsema,,2,3,33.33333333333333,1
hoidma,madalal,4,6,33.33333333333333,2
hoidma,peale,4,6,33.33333333333333,2
hoidma,"pealt, kokku",2,3,33.33333333333333,1
honoreerima,,2,3,33.33333333333333,1
huiklema,,2,3,33.33333333333333,1
häälestama,ette,2,3,33.33333333333333,1
hääletama,üles,2,3,33.33333333333333,1
häästima,,2,3,33.33333333333333,1
hõikama,kaasa,2,3,33.33333333333333,1
hõiskama,maha,2,3,33.33333333333333,1
hõõguma,all,2,3,33.33333333333333,1
hõõrduma,maha,2,3,33.33333333333333,1
hüpatama,,4,6,33.33333333333333,2
hüppama,pealt,2,3,33.33333333333333,1
idanema,edasi,4,6,33.33333333333333,2
idioodistama,,2,3,33.33333333333333,1
igatsema,üle,4,6,33.33333333333333,2
ilmuma,koht,2,3,33.33333333333333,1
ilmuma,puudu,2,3,33.33333333333333,1
ilmuma,tagant,2,3,33.33333333333333,1
ilmutama,kokku,2,3,33.33333333333333,1
imbuma,juurde,2,3,33.33333333333333,1
imbuma,kohale,2,3,33.33333333333333,1
importima,kokku,2,3,33.33333333333333,1
improviseerima,juurde,4,6,33.33333333333333,2
irmutama,,6,9,33.33333333333333,3
iseloomustama,kokku,2,3,33.33333333333333,1
istuma,paigal,18,27,33.33333333333333,9
itsitama,üle,2,3,33.33333333333333,1
jagama,tagasi,6,9,33.33333333333333,3
jahvatama,välja,2,3,33.33333333333333,1
jaksama,välja,2,3,33.33333333333333,1
jooksma,alt,2,3,33.33333333333333,1
jooksutama,välja,2,3,33.33333333333333,1
jootma,peale,2,3,33.33333333333333,1
jorisema,kaasa,6,9,33.33333333333333,3
juhatama,kokku,4,6,33.33333333333333,2
juhtima,tarvis,2,3,33.33333333333333,1
juhtuma,kõrvale,2,3,33.33333333333333,1
juhtuma,kõrvalt,2,3,33.33333333333333,1
juhtuma,vaja,2,3,33.33333333333333,1
juhtuma,ümber,2,3,33.33333333333333,1
jumaldama,üle,2,3,33.33333333333333,1
jusuma,,2,3,33.33333333333333,1
juubeldama,üle,2,3,33.33333333333333,1
jälgima,välja,6,9,33.33333333333333,3
jälitama,peale,2,3,33.33333333333333,1
jämmima,koos,2,3,33.33333333333333,1
järama,läbi,2,3,33.33333333333333,1
järkuma,,4,6,33.33333333333333,2
jätkama,ringi,2,3,33.33333333333333,1
jätkuma,ilma,4,6,33.33333333333333,2
jättima,,2,3,33.33333333333333,1
jääma,rippu,4,6,33.33333333333333,2
jääma,süüdi,2,3,33.33333333333333,1
jääma,vingu,2,3,33.33333333333333,1
jääma,ühte,4,6,33.33333333333333,2
jäändkima,,2,3,33.33333333333333,1
jäätuma,läbi,2,3,33.33333333333333,1
jäätuma,maha,2,3,33.33333333333333,1
jõudma,"alla, välja",2,3,33.33333333333333,1
jõudma,"juurde, välja",2,3,33.33333333333333,1
kaaberdama,,2,3,33.33333333333333,1
kaaluma,edasi,2,3,33.33333333333333,1
kaarduma,üle,2,3,33.33333333333333,1
kaduma,ilma,2,3,33.33333333333333,1
kaevama,tagasi,2,3,33.33333333333333,1
kaevuma,välja,2,3,33.33333333333333,1
kahlama,ringi,2,3,33.33333333333333,1
kahtlema,põrmugi,2,3,33.33333333333333,1
kaiffima,,2,3,33.33333333333333,1
kaitsma,eest,2,3,33.33333333333333,1
kalduma,edasi,2,3,33.33333333333333,1
kalibreerima,ära,2,3,33.33333333333333,1
kalkuleerima,välja,2,3,33.33333333333333,1
kammima,edasi,2,3,33.33333333333333,1
kangutama,sisse,2,3,33.33333333333333,1
kaperdama,,2,3,33.33333333333333,1
kargama,esile,6,9,33.33333333333333,3
kargama,üle,2,3,33.33333333333333,1
karjatama,taga,2,3,33.33333333333333,1
kartma,ette,16,24,33.33333333333333,8
kasvama,laiali,2,3,33.33333333333333,1
kasvama,lähedal,2,3,33.33333333333333,1
kasvatama,ringi,2,3,33.33333333333333,1
kasvatama,täis,2,3,33.33333333333333,1
katkuma,ära,2,3,33.33333333333333,1
katsuma,ilma,2,3,33.33333333333333,1
kauksima,,2,3,33.33333333333333,1
kebima,välja,2,3,33.33333333333333,1
keelduma,vaja,2,3,33.33333333333333,1
kerima,peale,2,3,33.33333333333333,1
kerkima,mööda,2,3,33.33333333333333,1
keskenduma,edasi,2,3,33.33333333333333,1
kihituma,,2,3,33.33333333333333,1
kiimatsema,,2,3,33.33333333333333,1
kiirustama,taga,2,3,33.33333333333333,1
kiitma,"vastu, heaks",2,3,33.33333333333333,1
kimama,edasi,4,6,33.33333333333333,2
kimama,ette,2,3,33.33333333333333,1
kimama,läbi,2,3,33.33333333333333,1
kindlustama,ette,2,3,33.33333333333333,1
kippuma,alt,2,3,33.33333333333333,1
kippuma,külge,2,3,33.33333333333333,1
kippuma,täis,2,3,33.33333333333333,1
kirjutama,taga,2,3,33.33333333333333,1
kisendama,vastu,2,3,33.33333333333333,1
klammerduma,ümber,2,3,33.33333333333333,1
kobisema,edasi,2,3,33.33333333333333,1
kodeerima,kokku,2,3,33.33333333333333,1
kodeerima,sisse,4,6,33.33333333333333,2
kodeerima,ümber,2,3,33.33333333333333,1
kogema,tagasi,2,3,33.33333333333333,1
kohandama,ümber,8,12,33.33333333333333,4
kohendama,ära,2,3,33.33333333333333,1
kohendama,ümber,4,6,33.33333333333333,2
koksama,ära,2,3,33.33333333333333,1
komberdama,üles,2,3,33.33333333333333,1
kommenteerima,vastu,2,3,33.33333333333333,1
konkureerima,välja,2,3,33.33333333333333,1
konspireerima,,4,6,33.33333333333333,2
kontrollima,edasi,2,3,33.33333333333333,1
kontserteerima,,2,3,33.33333333333333,1
konutama,edasi,2,3,33.33333333333333,1
koogima,välja,2,3,33.33333333333333,1
koolitama,edasi,2,3,33.33333333333333,1
koonduma,ühte,2,3,33.33333333333333,1
koormama,ära,4,6,33.33333333333333,2
kopeerima,üle,2,3,33.33333333333333,1
koperdama,tagasi,2,3,33.33333333333333,1
kopituma,,2,3,33.33333333333333,1
korrigeerima,ära,2,3,33.33333333333333,1
korrodeerima,,2,3,33.33333333333333,1
kostuma,välja,2,3,33.33333333333333,1
kostuma,üle,2,3,33.33333333333333,1
kottima,välja,2,3,33.33333333333333,1
krapsama,välja,2,3,33.33333333333333,1
kriminaliseeruma,,2,3,33.33333333333333,1
kritseldama,valmis,2,3,33.33333333333333,1
krookima,kokku,2,3,33.33333333333333,1
kroovima,,2,3,33.33333333333333,1
kruttima,ära,4,6,33.33333333333333,2
kuivendama,ära,2,3,33.33333333333333,1
kujunema,tagasi,2,3,33.33333333333333,1
kujutama,alla,2,3,33.33333333333333,1
kujutama,"ilma, ette",6,9,33.33333333333333,3
kujutama,rahule,2,3,33.33333333333333,1
kujutama,tagasi,2,3,33.33333333333333,1
kukkuma,kohale,2,3,33.33333333333333,1
kukkuma,"maha, tagasi",2,3,33.33333333333333,1
kukkuma,"vastu, läbi",2,3,33.33333333333333,1
kulgema,üles,4,6,33.33333333333333,2
kuluma,lahti,2,3,33.33333333333333,1
kummardama,maha,2,3,33.33333333333333,1
kummarduma,maha,4,6,33.33333333333333,2
kummuma,välja,2,3,33.33333333333333,1
kursseerima,,2,3,33.33333333333333,1
kusema,välja,2,3,33.33333333333333,1
kustutama,välja,2,3,33.33333333333333,1
kuukuma,,2,3,33.33333333333333,1
kuulma,nõus,2,3,33.33333333333333,1
kuulutama,üle,2,3,33.33333333333333,1
kuumendama,üle,2,3,33.33333333333333,1
kuumenema,üles,2,3,33.33333333333333,1
kuututama,,2,3,33.33333333333333,1
käima,kannul,4,6,33.33333333333333,2
käima,kõrval,2,3,33.33333333333333,1
käima,"lahti, ringi",2,3,33.33333333333333,1
käima,lähedal,8,12,33.33333333333333,4
käima,pärast,2,3,33.33333333333333,1
käima,"välja, kokku",2,3,33.33333333333333,1
käppama,,4,6,33.33333333333333,2
kärisema,puruks,2,3,33.33333333333333,1
käristama,ära,2,3,33.33333333333333,1
käsitlema,tagasi,2,3,33.33333333333333,1
käänama,tagasi,2,3,33.33333333333333,1
kõduma,,2,3,33.33333333333333,1
kõhatama,,2,3,33.33333333333333,1
kõikuma,edasi,2,3,33.33333333333333,1
küisima,,2,3,33.33333333333333,1
külastama,peale,2,3,33.33333333333333,1
külvama,alla,2,3,33.33333333333333,1
külvama,laiali,2,3,33.33333333333333,1
küsima,ilma,2,3,33.33333333333333,1
küsima,koos,2,3,33.33333333333333,1
küsmuma,,2,3,33.33333333333333,1
küütima,välja,2,3,33.33333333333333,1
laamendama,edasi,4,6,33.33333333333333,2
laapuma,,4,6,33.33333333333333,2
ladistama,välja,2,3,33.33333333333333,1
laduma,ära,2,3,33.33333333333333,1
laenama,lõhki,2,3,33.33333333333333,1
laenama,tagasi,4,6,33.33333333333333,2
laenama,vaja,2,3,33.33333333333333,1
lahisema,alla,2,3,33.33333333333333,1
lahkuma,sisse,2,3,33.33333333333333,1
lahutama,maha,8,12,33.33333333333333,4
laienema,välja,4,6,33.33333333333333,2
laiutama,käsi,2,3,33.33333333333333,1
laksama,sisse,2,3,33.33333333333333,1
lamenduma,,4,6,33.33333333333333,2
langema,üle,2,3,33.33333333333333,1
langetama,maha,2,3,33.33333333333333,1
laskma,vaja,4,6,33.33333333333333,2
laskma,ümber,4,6,33.33333333333333,2
laskuma,tagasi,20,30,33.33333333333333,10
laulab-mängima,,2,3,33.33333333333333,1
laulma,pärast,2,3,33.33333333333333,1
laulma,sekka,2,3,33.33333333333333,1
laulma,täis,2,3,33.33333333333333,1
leegitsema,edasi,2,3,33.33333333333333,1
legaliseerima,ära,2,3,33.33333333333333,1
leinduma,,2,3,33.33333333333333,1
lekkima,ette,2,3,33.33333333333333,1
lendama,tagant,2,3,33.33333333333333,1
levima,alla,2,3,33.33333333333333,1
libisema,kokku,2,3,33.33333333333333,1
liigutama,tagasi,2,3,33.33333333333333,1
liikuma,kinni,2,3,33.33333333333333,1
liikuma,kohale,2,3,33.33333333333333,1
liikuma,otsa,2,3,33.33333333333333,1
liituma,välja,2,3,33.33333333333333,1
lippama,edasi,8,12,33.33333333333333,4
lippama,eemale,2,3,33.33333333333333,1
lippama,ära,4,6,33.33333333333333,2
liputama,ära,2,3,33.33333333333333,1
lisama,sisse,2,3,33.33333333333333,1
litsuma,välja,2,3,33.33333333333333,1
littima,,2,3,33.33333333333333,1
loendama,üles,2,3,33.33333333333333,1
lohisema,taga,2,3,33.33333333333333,1
loksuma,läbi,4,6,33.33333333333333,2
looma,esile,2,3,33.33333333333333,1
loopima,juurde,2,3,33.33333333333333,1
loopima,üle,2,3,33.33333333333333,1
lootma,välja,4,6,33.33333333333333,2
lubama,nõus,2,3,33.33333333333333,1
lubama,vahele,2,3,33.33333333333333,1
lugema,mööda,2,3,33.33333333333333,1
lugema,otsa,4,6,33.33333333333333,2
lupsatama,,2,3,33.33333333333333,1
läegima,,2,3,33.33333333333333,1
lällama,ringi,4,6,33.33333333333333,2
lärisema,,2,3,33.33333333333333,1
lõhkuma,puruks,2,3,33.33333333333333,1
lõksatama,,2,3,33.33333333333333,1
lõnkuma,,4,6,33.33333333333333,2
löntsima,kohale,2,3,33.33333333333333,1
lööma,sees,2,3,33.33333333333333,1
lülitama,juurde,2,3,33.33333333333333,1
lülitama,"sisse, tagasi",2,3,33.33333333333333,1
lülituma,tagasi,2,3,33.33333333333333,1
maadlema,edasi,4,6,33.33333333333333,2
maalima,koos,2,3,33.33333333333333,1
maanduma,lähedal,2,3,33.33333333333333,1
mahtuma,"kõrvale, ära",2,3,33.33333333333333,1
mahtuma,"vahele, ära",2,3,33.33333333333333,1
majandama,koos,2,3,33.33333333333333,1
maksma,ringi,6,9,33.33333333333333,3
maksuma,,2,3,33.33333333333333,1
manama,ära,2,3,33.33333333333333,1
manima,,2,3,33.33333333333333,1
marmastama,,2,3,33.33333333333333,1
masetsema,,2,3,33.33333333333333,1
meeldima,vast,2,3,33.33333333333333,1
meeldima,võlgu,2,3,33.33333333333333,1
meenutama,täis,2,3,33.33333333333333,1
meenutama,üle,2,3,33.33333333333333,1
mekkima,ära,2,3,33.33333333333333,1
miagima,,2,3,33.33333333333333,1
miiltima,,2,3,33.33333333333333,1
minema,"alles, lahti",2,3,33.33333333333333,1
minema,"alt, läbi",2,3,33.33333333333333,1
minema,"kokku, tagasi",2,3,33.33333333333333,1
minema,krussi,2,3,33.33333333333333,1
minema,seest,2,3,33.33333333333333,1
miskinema,,2,3,33.33333333333333,1
mixima,kokku,2,3,33.33333333333333,1
mnnigima,,2,3,33.33333333333333,1
mojutama,,2,3,33.33333333333333,1
monteerima,valmis,2,3,33.33333333333333,1
muiatama,,2,3,33.33333333333333,1
muutuma,taga,2,3,33.33333333333333,1
myynuma,,2,3,33.33333333333333,1
myysima,maha,2,3,33.33333333333333,1
mägima,,2,3,33.33333333333333,1
mängima,ees,2,3,33.33333333333333,1
mängitsema,,2,3,33.33333333333333,1
mässama,edasi,2,3,33.33333333333333,1
määrama,alla,2,3,33.33333333333333,1
mõistma,vastu,2,3,33.33333333333333,1
mõjuma,kokku,20,30,33.33333333333333,10
mõjuma,läbi,2,3,33.33333333333333,1
mõjuma,vastu,2,3,33.33333333333333,1
mõtlema,kohale,4,6,33.33333333333333,2
mõtlema,moodi,2,3,33.33333333333333,1
mõtlema,pihta,2,3,33.33333333333333,1
mõtlema,täis,2,3,33.33333333333333,1
mõtlema,"üle, järele",4,6,33.33333333333333,2
mõõtma,laiali,2,3,33.33333333333333,1
mõõtma,peale,2,3,33.33333333333333,1
möllama,läbi,2,3,33.33333333333333,1
mööduma,ringi,2,3,33.33333333333333,1
mügarduma,,2,3,33.33333333333333,1
n2eksima,,2,3,33.33333333333333,1
n2rvitsema,,2,3,33.33333333333333,1
nahaalitsema,,2,3,33.33333333333333,1
nautima,ringi,2,3,33.33333333333333,1
nestima,,2,3,33.33333333333333,1
nihkuma,pealt,2,3,33.33333333333333,1
nikitsema,,2,3,33.33333333333333,1
nimetama,eemale,2,3,33.33333333333333,1
ninuma,,2,3,33.33333333333333,1
niuksatama,,4,6,33.33333333333333,2
nohutama,,2,3,33.33333333333333,1
nokitsema,välja,2,3,33.33333333333333,1
nuputama,juurde,2,3,33.33333333333333,1
nutma,järele,2,3,33.33333333333333,1
näe-kuulma,,2,3,33.33333333333333,1
nägema,alt,4,6,33.33333333333333,2
nägema,"välja, välja",2,3,33.33333333333333,1
näima,kinni,2,3,33.33333333333333,1
näima,sisse,2,3,33.33333333333333,1
näitama,kõrvalt,2,3,33.33333333333333,1
nõjatama,vastu,2,3,33.33333333333333,1
nõudma,kätte,2,3,33.33333333333333,1
nõustuma,ette,2,3,33.33333333333333,1
nüristama,ära,4,6,33.33333333333333,2
oksendama,sisse,2,3,33.33333333333333,1
oksüdeeruma,ära,2,3,33.33333333333333,1
olema,"arust, ära",2,3,33.33333333333333,1
olema,"ette, nõus",2,3,33.33333333333333,1
olema,jännis,2,3,33.33333333333333,1
olema,"kaasa, ära",2,3,33.33333333333333,1
olema,kant,2,3,33.33333333333333,1
olema,kaputt,2,3,33.33333333333333,1
olema,"kinni, lahti",2,3,33.33333333333333,1
olema,kuskilt,2,3,33.33333333333333,1
olema,"lahti, vaja",2,3,33.33333333333333,1
olema,"pealt, lahti",2,3,33.33333333333333,1
olema,sekka,4,6,33.33333333333333,2
olema,ärkvel,6,9,33.33333333333333,3
olema,ülearu,2,3,33.33333333333333,1
oletama,edasi,2,3,33.33333333333333,1
olguma,,2,3,33.33333333333333,1
olkima,,2,3,33.33333333333333,1
omandama,peale,2,3,33.33333333333333,1
onguma,,2,3,33.33333333333333,1
onnuma,,6,9,33.33333333333333,3
ootama,tänu,2,3,33.33333333333333,1
opereerima,koos,2,3,33.33333333333333,1
oppima,,10,15,33.33333333333333,5
optimeeruma,,2,3,33.33333333333333,1
organiseerima,ümber,2,3,33.33333333333333,1
orineteeruma,,2,3,33.33333333333333,1
oskama,alla,2,3,33.33333333333333,1
ostma,rahul,2,3,33.33333333333333,1
ostmima,,2,3,33.33333333333333,1
ostsid-müüma,,2,3,33.33333333333333,1
otsima,vaja,2,3,33.33333333333333,1
pahnama,,2,3,33.33333333333333,1
pahvatama,välja,12,18,33.33333333333333,6
paiduma,,2,3,33.33333333333333,1
paigaldama,ära,2,3,33.33333333333333,1
painduma,kokku,2,3,33.33333333333333,1
paistma,koha,2,3,33.33333333333333,1
paistma,koht,2,3,33.33333333333333,1
paistma,"kõrvalt, välja",2,3,33.33333333333333,1
paistma,puudu,2,3,33.33333333333333,1
pakkuma,täis,2,3,33.33333333333333,1
panema,onju,2,3,33.33333333333333,1
panema,võidu,4,6,33.33333333333333,2
pappima,,2,3,33.33333333333333,1
parssima,,2,3,33.33333333333333,1
partsatama,välja,2,3,33.33333333333333,1
passima,pealt,2,3,33.33333333333333,1
pasteerima,,10,15,33.33333333333333,5
pealistama,,2,3,33.33333333333333,1
peatuma,välja,2,3,33.33333333333333,1
peksma,rindu,2,3,33.33333333333333,1
pendeldama,üles,2,3,33.33333333333333,1
pesastuma,,2,3,33.33333333333333,1
pesema,edasi,2,3,33.33333333333333,1
pidama,mööda,2,3,33.33333333333333,1
pidama,pihta,4,6,33.33333333333333,2
pihustama,peale,2,3,33.33333333333333,1
piiluma,vastu,2,3,33.33333333333333,1
piinama,edasi,2,3,33.33333333333333,1
piirduma,üles,2,3,33.33333333333333,1
piisama,kaasa,2,3,33.33333333333333,1
piisama,ringi,2,3,33.33333333333333,1
piisama,vastu,4,6,33.33333333333333,2
piisama,üles,2,3,33.33333333333333,1
pilduma,täis,2,3,33.33333333333333,1
pingutama,"ära, üle",6,9,33.33333333333333,3
pistma,peale,2,3,33.33333333333333,1
plaanitsema,ette,2,3,33.33333333333333,1
pletima,,2,3,33.33333333333333,1
plännima,,2,3,33.33333333333333,1
plätserdama,,8,12,33.33333333333333,4
plätserdama,kokku,2,3,33.33333333333333,1
poetuma,sisse,2,3,33.33333333333333,1
pomisema,läbi,2,3,33.33333333333333,1
potsatama,tagasi,2,3,33.33333333333333,1
prantsatama,vastu,2,3,33.33333333333333,1
pressima,"alt, peale",2,3,33.33333333333333,1
problematiseerima,,4,6,33.33333333333333,2
profiilima,,2,3,33.33333333333333,1
prognoosima,ette,2,3,33.33333333333333,1
programmeerima,ette,2,3,33.33333333333333,1
proovima,kohal,2,3,33.33333333333333,1
proovima,kokku,2,3,33.33333333333333,1
proovima,üle,2,3,33.33333333333333,1
pruukima,kohal,4,6,33.33333333333333,2
pruukima,taga,2,3,33.33333333333333,1
prõksatama,,6,9,33.33333333333333,3
puhkama,üle,4,6,33.33333333333333,2
puhuma,edasi,4,6,33.33333333333333,2
pullitama,,2,3,33.33333333333333,1
pumpama,tagasi,2,3,33.33333333333333,1
punuma,kokku,2,3,33.33333333333333,1
purkima,,4,6,33.33333333333333,2
purskama,üles,2,3,33.33333333333333,1
purtsatama,välja,2,3,33.33333333333333,1
puuduma,järele,2,3,33.33333333333333,1
puuksutama,,2,3,33.33333333333333,1
pärima,nõus,2,3,33.33333333333333,1
pääsema,kõrvale,2,3,33.33333333333333,1
pääsema,"tagant, välja",2,3,33.33333333333333,1
põikama,tagasi,2,3,33.33333333333333,1
põimima,sisse,12,18,33.33333333333333,6
põrgatama,kokku,2,3,33.33333333333333,1
pöörama,läbi,2,3,33.33333333333333,1
pöörduma,peale,6,9,33.33333333333333,3
püsima,varjul,2,3,33.33333333333333,1
püsima,ümber,2,3,33.33333333333333,1
püüdma,ilma,2,3,33.33333333333333,1
püüdma,peale,2,3,33.33333333333333,1
rabama,tagasi,2,3,33.33333333333333,1
rabelema,läbi,2,3,33.33333333333333,1
rabelema,ringi,4,6,33.33333333333333,2
rahuldama,välja,2,3,33.33333333333333,1
raiuma,üles,2,3,33.33333333333333,1
raplema,,2,3,33.33333333333333,1
reakima,,4,6,33.33333333333333,2
rebima,käest,2,3,33.33333333333333,1
reisima,kaasas,6,9,33.33333333333333,3
reisima,koos,8,12,33.33333333333333,4
reisima,välja,4,6,33.33333333333333,2
reklaamima,all,2,3,33.33333333333333,1
reloadima,,2,3,33.33333333333333,1
rentima,tagasi,6,9,33.33333333333333,3
riivima,peale,2,3,33.33333333333333,1
rikkuma,edasi,2,3,33.33333333333333,1
rippuma,all,2,3,33.33333333333333,1
ristima,ette,2,3,33.33333333333333,1
roomama,ligi,2,3,33.33333333333333,1
ropendama,edasi,2,3,33.33333333333333,1
rullima,laiali,2,3,33.33333333333333,1
rullima,välja,2,3,33.33333333333333,1
ruulima,ära,2,3,33.33333333333333,1
rändama,eemale,2,3,33.33333333333333,1
rääggima,,2,3,33.33333333333333,1
rääguma,,2,3,33.33333333333333,1
rääkima,alt,2,3,33.33333333333333,1
rääkima,juurde,22,33,33.33333333333333,11
rääkima,"ära, välja",2,3,33.33333333333333,1
rõhuma,peale,4,6,33.33333333333333,2
rõkkama,kaasa,2,3,33.33333333333333,1
rõvetsema,ära,2,3,33.33333333333333,1
röääkima,,2,3,33.33333333333333,1
röökima,ära,2,3,33.33333333333333,1
röömuma,,4,6,33.33333333333333,2
röötsatama,,2,3,33.33333333333333,1
rühkima,ringi,2,3,33.33333333333333,1
rüüpama,pealt,2,3,33.33333333333333,1
saabuma,lahti,2,3,33.33333333333333,1
saagima,alt,2,3,33.33333333333333,1
saalima,mööda,2,3,33.33333333333333,1
saama,"alles, sisse",2,3,33.33333333333333,1
saama,iial,6,9,33.33333333333333,3
saama,"keskel, kokku",4,6,33.33333333333333,2
saama,"kokku, täis",2,3,33.33333333333333,1
saama,"kokku, üle",2,3,33.33333333333333,1
saama,peal,2,3,33.33333333333333,1
saama,"tagant, ära",2,3,33.33333333333333,1
saama,"üle, ilma",2,3,33.33333333333333,1
saatma,järgi,2,3,33.33333333333333,1
sabisema,alla,2,3,33.33333333333333,1
sadama,vastu,2,3,33.33333333333333,1
sadama,ära,2,3,33.33333333333333,1
sahistama,ära,2,3,33.33333333333333,1
sahkerdama,ringi,2,3,33.33333333333333,1
sailima,,2,3,33.33333333333333,1
salvestama,edasi,2,3,33.33333333333333,1
sapsuma,,2,3,33.33333333333333,1
sattuma,kinni,2,3,33.33333333333333,1
sattuma,taha,2,3,33.33333333333333,1
saxima,,2,3,33.33333333333333,1
sebima,edasi,6,9,33.33333333333333,3
seetöttuma,,2,3,33.33333333333333,1
segama,sees,2,3,33.33333333333333,1
segmenteeruma,,2,3,33.33333333333333,1
seisma,nõus,2,3,33.33333333333333,1
seisma,ringi,2,3,33.33333333333333,1
seisma,vaja,2,3,33.33333333333333,1
seisma,välja,8,12,33.33333333333333,4
seitsmekordistuma,,2,3,33.33333333333333,1
sekulariseeruma,,4,6,33.33333333333333,2
settima,peale,2,3,33.33333333333333,1
sibima,,2,3,33.33333333333333,1
sihisema,,2,3,33.33333333333333,1
siirduma,kõrvale,2,3,33.33333333333333,1
siirduma,ära,2,3,33.33333333333333,1
sikutama,kõrvale,2,3,33.33333333333333,1
sikutama,läbi,2,3,33.33333333333333,1
sirama,sisse,2,3,33.33333333333333,1
sirutuma,tagasi,2,3,33.33333333333333,1
sirvima,üle,2,3,33.33333333333333,1
sisestuma,,2,3,33.33333333333333,1
sisetama,,2,3,33.33333333333333,1
sittuma,kinni,2,3,33.33333333333333,1
sittuma,sisse,2,3,33.33333333333333,1
sobima,lahti,2,3,33.33333333333333,1
sobima,tarvis,2,3,33.33333333333333,1
sobitama,sisse,2,3,33.33333333333333,1
sodima,peale,2,3,33.33333333333333,1
soendama,üles,4,6,33.33333333333333,2
soigutama,,2,3,33.33333333333333,1
solvuma,peale,6,9,33.33333333333333,3
sooritama,tagasi,2,3,33.33333333333333,1
soovima,otsa,2,3,33.33333333333333,1
soovitama,rahul,2,3,33.33333333333333,1
soovitama,ära,4,6,33.33333333333333,2
startima,eest,2,3,33.33333333333333,1
startima,taga,2,3,33.33333333333333,1
stuffima,,2,3,33.33333333333333,1
suitsetama,alla,2,3,33.33333333333333,1
suitsetama,maha,2,3,33.33333333333333,1
sulanduma,ühte,2,3,33.33333333333333,1
sulpsima,,2,3,33.33333333333333,1
sumbuma,ära,2,3,33.33333333333333,1
sundima,taga,2,3,33.33333333333333,1
surema,täis,2,3,33.33333333333333,1
surema,"ära, ära",2,3,33.33333333333333,1
suunduma,ümber,2,3,33.33333333333333,1
suurenema,edasi,4,6,33.33333333333333,2
suusatama,lahti,2,3,33.33333333333333,1
suusatama,maha,2,3,33.33333333333333,1
suutma,ringi,2,3,33.33333333333333,1
swappima,,4,6,33.33333333333333,2
säetuma,kokku,2,3,33.33333333333333,1
sähvama,läbi,2,3,33.33333333333333,1
säritama,,2,3,33.33333333333333,1
säätuma,,2,3,33.33333333333333,1
sõitma,"ringi, läbi",2,3,33.33333333333333,1
sõnastama,peale,2,3,33.33333333333333,1
sõnatsema,,2,3,33.33333333333333,1
sõtnuma,,2,3,33.33333333333333,1
söitima,otsa,2,3,33.33333333333333,1
sörkima,kaasa,2,3,33.33333333333333,1
sööma,sees,2,3,33.33333333333333,1
sööstma,kõrvale,2,3,33.33333333333333,1
sündima,sisse,2,3,33.33333333333333,1
sündima,valmis,2,3,33.33333333333333,1
taandama,välja,2,3,33.33333333333333,1
taaruma,välja,4,6,33.33333333333333,2
taaskülastama,,2,3,33.33333333333333,1
tabama,alla,2,3,33.33333333333333,1
tabama,läbi,2,3,33.33333333333333,1
tabama,välja,4,6,33.33333333333333,2
taguma,laiali,2,3,33.33333333333333,1
taguma,"tagant, üles",2,3,33.33333333333333,1
tahtma,kõrvalt,2,3,33.33333333333333,1
takerduma,taha,2,3,33.33333333333333,1
talutama,ringi,2,3,33.33333333333333,1
tasuma,vaja,2,3,33.33333333333333,1
tatsama,eemale,2,3,33.33333333333333,1
tatsama,tagasi,4,6,33.33333333333333,2
teadma,"ette, ära",2,3,33.33333333333333,1
teadma,juurde,2,3,33.33333333333333,1
teadma,koos,2,3,33.33333333333333,1
teadma,otsa,2,3,33.33333333333333,1
teadsima,,4,6,33.33333333333333,2
teamama,,2,3,33.33333333333333,1
teamima,,2,3,33.33333333333333,1
teatama,lahti,4,6,33.33333333333333,2
tegema,"ette, valmis",2,3,33.33333333333333,1
tegema,järel,8,12,33.33333333333333,4
tegema,"kinni, lahti",2,3,33.33333333333333,1
tegema,koht,2,3,33.33333333333333,1
tegema,rahul,2,3,33.33333333333333,1
tegema,tagant,2,3,33.33333333333333,1
tegema,"tagasi, ära",2,3,33.33333333333333,1
tegema,tänu,2,3,33.33333333333333,1
tegutsema,kohal,2,3,33.33333333333333,1
tegutsema,moodi,2,3,33.33333333333333,1
tekitama,kõrvale,2,3,33.33333333333333,1
tekkima,rahul,2,3,33.33333333333333,1
tellima,"ette, ära",2,3,33.33333333333333,1
tellima,sisse,2,3,33.33333333333333,1
tennuma,,2,3,33.33333333333333,1
tihtima,,2,3,33.33333333333333,1
tiivustuma,,2,3,33.33333333333333,1
tiksuma,alla,4,6,33.33333333333333,2
tiksuma,tagasi,2,3,33.33333333333333,1
tilkuma,juurde,6,9,33.33333333333333,3
timmima,üle,2,3,33.33333333333333,1
tippima,ringi,2,3,33.33333333333333,1
tirima,kõrvale,2,3,33.33333333333333,1
tirima,püsti,2,3,33.33333333333333,1
tissima,,4,6,33.33333333333333,2
toetama,"kokku, kokku",2,3,33.33333333333333,1
toimuma,ringi,2,3,33.33333333333333,1
toksima,edasi,4,6,33.33333333333333,2
tooma,all,2,3,33.33333333333333,1
tooma,sekka,2,3,33.33333333333333,1
tooma,vaja,2,3,33.33333333333333,1
tooma,"välja, tagasi",2,3,33.33333333333333,1
toppima,külge,4,6,33.33333333333333,2
traalima,välja,2,3,33.33333333333333,1
trampima,ära,4,6,33.33333333333333,2
trehvama,sisse,2,3,33.33333333333333,1
tsimmima,,2,3,33.33333333333333,1
tuhlama,ringi,4,6,33.33333333333333,2
tuigerdama,kohale,2,3,33.33333333333333,1
tuimuma,,2,3,33.33333333333333,1
tuiskama,kaasa,2,3,33.33333333333333,1
tukkuma,maha,2,3,33.33333333333333,1
tuksuma,sees,2,3,33.33333333333333,1
tulema,"alt, üles",4,6,33.33333333333333,2
tulema,eemal,2,3,33.33333333333333,1
tulema,"juurde, juurde",2,3,33.33333333333333,1
tulema,peal,6,9,33.33333333333333,3
tulema,"pealt, ära",4,6,33.33333333333333,2
tulema,"püsti, tagasi",2,3,33.33333333333333,1
tulema,"tagant, peale",2,3,33.33333333333333,1
tulema,"tagasi, juurde",2,3,33.33333333333333,1
tulema,"tagasi, tagasi",2,3,33.33333333333333,1
tulistama,peale,2,3,33.33333333333333,1
tulistama,rindu,2,3,33.33333333333333,1
tulistama,tagant,2,3,33.33333333333333,1
tunema,ära,2,3,33.33333333333333,1
tunguma,,2,3,33.33333333333333,1
tuulduma,välja,2,3,33.33333333333333,1
tuunima,ära,2,3,33.33333333333333,1
tuxima,,2,3,33.33333333333333,1
tähendama,taga,2,3,33.33333333333333,1
tähtima,,8,12,33.33333333333333,4
täiendama,ringi,2,3,33.33333333333333,1
tõdema,tagasi,2,3,33.33333333333333,1
tõendama,ära,2,3,33.33333333333333,1
tõksuma,,6,9,33.33333333333333,3
tõlkima,edasi,2,3,33.33333333333333,1
tõlkuma,,2,3,33.33333333333333,1
tõmbama,ilma,2,3,33.33333333333333,1
tõmbama,valmis,2,3,33.33333333333333,1
tõstatama,üles,26,39,33.33333333333333,13
tõstatuma,esile,2,3,33.33333333333333,1
tõusma,kikki,2,3,33.33333333333333,1
töötama,taga,2,3,33.33333333333333,1
udustuma,,2,3,33.33333333333333,1
uhama,läbi,2,3,33.33333333333333,1
uhama,ära,2,3,33.33333333333333,1
uhtma,ringi,2,3,33.33333333333333,1
uhtuma,peale,2,3,33.33333333333333,1
uisutama,välja,2,3,33.33333333333333,1
uisutama,ära,2,3,33.33333333333333,1
ujuma,laiali,2,3,33.33333333333333,1
ukima,,2,3,33.33333333333333,1
ulatuma,ümber,2,3,33.33333333333333,1
umama,,2,3,33.33333333333333,1
uninema,,2,3,33.33333333333333,1
unustama,ilma,2,3,33.33333333333333,1
unustama,tagasi,2,3,33.33333333333333,1
upitama,tagasi,2,3,33.33333333333333,1
uppuma,lähedal,2,3,33.33333333333333,1
urgitsema,lahti,4,6,33.33333333333333,2
usaldama,pimesi,2,3,33.33333333333333,1
usaldama,välja,2,3,33.33333333333333,1
uskuma,üles,2,3,33.33333333333333,1
vaatama,juurde,4,6,33.33333333333333,2
vaatan-kuulama,,2,3,33.33333333333333,1
vaesustuma,,2,3,33.33333333333333,1
vaevama,edasi,2,3,33.33333333333333,1
vahendama,tagasi,2,3,33.33333333333333,1
vahetuma,vastu,2,3,33.33333333333333,1
vahetuma,ära,2,3,33.33333333333333,1
vahtima,üle,2,3,33.33333333333333,1
vahtima,üles,6,9,33.33333333333333,3
vaitlema,,2,3,33.33333333333333,1
vajama,vaja,4,6,33.33333333333333,2
vajuma,täis,2,3,33.33333333333333,1
vajutama,vastu,2,3,33.33333333333333,1
vajutama,üles,4,6,33.33333333333333,2
vaktsiinima,vastu,2,3,33.33333333333333,1
valdama,peale,2,3,33.33333333333333,1
valima,juurde,4,6,33.33333333333333,2
valima,ümber,2,3,33.33333333333333,1
valitsema,ilma,2,3,33.33333333333333,1
valitsema,lahti,2,3,33.33333333333333,1
valmima,ette,2,3,33.33333333333333,1
valmima,lähedal,2,3,33.33333333333333,1
valvama,üle,2,3,33.33333333333333,1
vananema,edasi,2,3,33.33333333333333,1
vantsima,kaasa,2,3,33.33333333333333,1
varjama,edasi,2,3,33.33333333333333,1
varuma,ette,6,9,33.33333333333333,3
vastama,pärast,2,3,33.33333333333333,1
vastama,vaja,2,3,33.33333333333333,1
vastutama,edasi,2,3,33.33333333333333,1
vastutama,ees,2,3,33.33333333333333,1
vatrama,edasi,2,3,33.33333333333333,1
vattama,,2,3,33.33333333333333,1
vedama,vaja,2,3,33.33333333333333,1
vegeteerima,edasi,4,6,33.33333333333333,2
vehkima,kaasa,2,3,33.33333333333333,1
vehkima,vastu,2,3,33.33333333333333,1
vekkima,,2,3,33.33333333333333,1
venima,kokku,2,3,33.33333333333333,1
venitama,püsti,2,3,33.33333333333333,1
vibreerima,kaasa,2,3,33.33333333333333,1
vigisema,ära,2,3,33.33333333333333,1
vihtuma,valmis,2,3,33.33333333333333,1
viibima,kõrval,2,3,33.33333333333333,1
viicima,taga,2,3,33.33333333333333,1
viictima,,4,6,33.33333333333333,2
viicuma,,2,3,33.33333333333333,1
viiiiitsima,,2,3,33.33333333333333,1
viima,koha,2,3,33.33333333333333,1
viima,pealt,4,6,33.33333333333333,2
viima,vastamisi,2,3,33.33333333333333,1
viitama,edasi,2,3,33.33333333333333,1
viitsima,läbi,2,3,33.33333333333333,1
viivlema,,2,3,33.33333333333333,1
viixima,,2,3,33.33333333333333,1
vilksuma,,2,3,33.33333333333333,1
virelema,alla,2,3,33.33333333333333,1
virilduma,,2,3,33.33333333333333,1
virisema,edasi,2,3,33.33333333333333,1
virutama,ette,2,3,33.33333333333333,1
virutama,peale,2,3,33.33333333333333,1
virvendama,läbi,2,3,33.33333333333333,1
viskama,alt,2,3,33.33333333333333,1
viskama,taha,2,3,33.33333333333333,1
viskama,"ära, ära",2,3,33.33333333333333,1
vohmima,sisse,4,6,33.33333333333333,2
voiksima,,2,3,33.33333333333333,1
voolama,eemale,2,3,33.33333333333333,1
vulama,,2,3,33.33333333333333,1
vulisema,alla,2,3,33.33333333333333,1
vurama,vastu,2,3,33.33333333333333,1
vurama,ära,2,3,33.33333333333333,1
vähendama,ette,2,3,33.33333333333333,1
vähendama,ära,2,3,33.33333333333333,1
väitma,tagasi,6,9,33.33333333333333,3
väitma,välja,2,3,33.33333333333333,1
välistama,ette,4,6,33.33333333333333,2
välistama,kaasa,2,3,33.33333333333333,1
väljenduma,välja,2,3,33.33333333333333,1
väljuma,tagant,2,3,33.33333333333333,1
väntama,juurde,2,3,33.33333333333333,1
väänama,tagasi,4,6,33.33333333333333,2
väänama,ümber,2,3,33.33333333333333,1
võitlema,kaasa,2,3,33.33333333333333,1
võitma,kaasa,2,3,33.33333333333333,1
võtma,all,2,3,33.33333333333333,1
võtma,"koos, ette",2,3,33.33333333333333,1
võtma,kukile,2,3,33.33333333333333,1
võtma,peal,2,3,33.33333333333333,1
võtma,taha,4,6,33.33333333333333,2
võttama,ette,2,3,33.33333333333333,1
ylema,vaja,2,3,33.33333333333333,1
ymardama,,2,3,33.33333333333333,1
ytlema,lahti,2,3,33.33333333333333,1
ytlema,maha,2,3,33.33333333333333,1
zhestikuleerima,,12,18,33.33333333333333,6
ägima,,2,3,33.33333333333333,1
ähendama,,2,3,33.33333333333333,1
ähvardama,edasi,2,3,33.33333333333333,1
ähvardama,tagant,2,3,33.33333333333333,1
ärkama,tagasi,8,12,33.33333333333333,4
ärritama,edasi,2,3,33.33333333333333,1
õgima,edasi,2,3,33.33333333333333,1
õgima,täis,2,3,33.33333333333333,1
õhutama,ära,2,3,33.33333333333333,1
õpetama,juurde,2,3,33.33333333333333,1
ööbima,üle,2,3,33.33333333333333,1
üllatama,alla,2,3,33.33333333333333,1
üritama,vaja,2,3,33.33333333333333,1
ütlema,rahule,2,3,33.33333333333333,1
ütlema,sees,4,6,33.33333333333333,2
ütlema,tänu,2,3,33.33333333333333,1
üxindama,,2,3,33.33333333333333,1
švipsima,,6,9,33.33333333333333,3
minema,peale,960,1442,33.42579750346741,482
mõjuma,,14760,22316,33.85911453665532,7556
töllerdama,,39,59,33.89830508474576,20
imenduma,,365,556,34.352517985611506,191
kuuluma,alla,164,250,34.4,86
võtma,külge,36,55,34.54545454545455,19
lonkima,ringi,34,52,34.61538461538461,18
luustuma,,17,26,34.61538461538461,9
suhtuma,,9072,13881,34.64447806354009,4809
jääma,purju,15,23,34.78260869565217,8
sammuma,mööda,15,23,34.78260869565217,8
seletama,üle,15,23,34.78260869565217,8
bootima,,13,20,35,7
imestama,ära,13,20,35,7
kusima,,13,20,35,7
kõlksuma,kokku,13,20,35,7
pruukima,vaja,13,20,35,7
töllerdama,ringi,13,20,35,7
ilmuma,juurde,11,17,35.294117647058826,6
kahistama,,11,17,35.294117647058826,6
lamisema,,11,17,35.294117647058826,6
lülitama,ümber,22,34,35.294117647058826,12
mahtuma,kõrvale,11,17,35.294117647058826,6
materdama,maha,11,17,35.294117647058826,6
praadima,läbi,11,17,35.294117647058826,6
teadma,ilma,11,17,35.294117647058826,6
tulema,sees,11,17,35.294117647058826,6
õilmitsema,edasi,11,17,35.294117647058826,6
elama,sisse,284,439,35.30751708428246,155
nohistama,,20,31,35.483870967741936,11
pakkima,sisse,40,62,35.483870967741936,22
harjutama,kokku,9,14,35.714285714285715,5
kaotama,ette,9,14,35.714285714285715,5
lubama,kohal,18,28,35.714285714285715,10
olema,kukil,9,14,35.714285714285715,5
oskama,valmis,9,14,35.714285714285715,5
röhatama,,9,14,35.714285714285715,5
sigima,juurde,9,14,35.714285714285715,5
teadma,kinni,9,14,35.714285714285715,5
varuma,valmis,9,14,35.714285714285715,5
säutsuma,,16,25,36,9
saama,nõus,173,271,36.162361623616235,98
valmistuma,ette,97,152,36.18421052631579,55
sujuma,,1817,2855,36.35726795096323,1038
ajama,kikki,7,11,36.36363636363637,4
alustama,ära,7,11,36.36363636363637,4
jääma,"sisse, kinni",7,11,36.36363636363637,4
kõndima,edasi-tagasi,7,11,36.36363636363637,4
laekuma,juurde,7,11,36.36363636363637,4
lahenema,ära,7,11,36.36363636363637,4
laulma,maha,7,11,36.36363636363637,4
liipama,ringi,7,11,36.36363636363637,4
minema,tülli,14,22,36.36363636363637,8
märkama,ära,7,11,36.36363636363637,4
niutsatama,,7,11,36.36363636363637,4
osalema,edasi,7,11,36.36363636363637,4
peetuma,ära,7,11,36.36363636363637,4
proovima,tagasi,7,11,36.36363636363637,4
pusklema,,14,22,36.36363636363637,8
püsima,kohal,14,22,36.36363636363637,8
sahmerdama,ringi,7,11,36.36363636363637,4
seisma,peale,7,11,36.36363636363637,4
täpsustama,üle,7,11,36.36363636363637,4
törtsuma,,7,11,36.36363636363637,4
õigustama,ära,7,11,36.36363636363637,4
tulema,esile,773,1218,36.53530377668309,445
viskama,kinni,19,30,36.666666666666664,11
raputama,läbi,31,49,36.734693877551024,18
kasvama,tagasi,36,57,36.84210526315789,21
klokkuma,,12,19,36.84210526315789,7
lülituma,ümber,24,38,36.84210526315789,14
naksima,,12,19,36.84210526315789,7
sättima,ümber,12,19,36.84210526315789,7
viskama,valmis,12,19,36.84210526315789,7
minema,moodi,17,27,37.03703703703704,10
tegema,"otsa, peale",17,27,37.03703703703704,10
tulema,mood,17,27,37.03703703703704,10
algama,pihta,39,62,37.096774193548384,23
kostma,ära,22,35,37.142857142857146,13
seisma,sees,22,35,37.142857142857146,13
amama,,5,8,37.5,3
amüseerima,,5,8,37.5,3
detailiseerima,,5,8,37.5,3
einuma,,5,8,37.5,3
ekkima,,5,8,37.5,3
elama,ees,5,8,37.5,3
eretama,,5,8,37.5,3
forsseerima,üle,5,8,37.5,3
genereeruma,,5,8,37.5,3
gruuvima,,5,8,37.5,3
hajuma,ära,25,40,37.5,15
harjuma,ümber,5,8,37.5,3
hoidma,taga,5,8,37.5,3
jaotuma,ära,5,8,37.5,3
juhtuma,sekka,15,24,37.5,9
juhtuma,taga,5,8,37.5,3
jõmisema,,15,24,37.5,9
jõutsima,,5,8,37.5,3
kippuma,lahti,5,8,37.5,3
kippuma,sisse,10,16,37.5,6
kirjutama,kaasa,5,8,37.5,3
kirjutama,vaja,5,8,37.5,3
kiskuma,kinni,5,8,37.5,3
kolksama,,5,8,37.5,3
kompileerima,kokku,5,8,37.5,3
küpsema,üle,5,8,37.5,3
laulma,järele,5,8,37.5,3
lennutama,kohale,5,8,37.5,3
loadima,,10,16,37.5,6
loovima,mööda,5,8,37.5,3
meelitama,täis,10,16,37.5,6
minema,tuksi,5,8,37.5,3
mökerdama,kokku,5,8,37.5,3
nihutama,eemale,10,16,37.5,6
nägema,kinni,5,8,37.5,3
nägema,vaja,5,8,37.5,3
nõudma,üles,5,8,37.5,3
osutama,kohale,5,8,37.5,3
pakkuma,vahele,5,8,37.5,3
palluma,,5,8,37.5,3
parkima,eemale,5,8,37.5,3
peituma,sees,5,8,37.5,3
pesitsema,edasi,5,8,37.5,3
pigistama,sisse,5,8,37.5,3
pingutama,ära,5,8,37.5,3
puhkama,peal,5,8,37.5,3
põdema,välja,5,8,37.5,3
regeerima,,5,8,37.5,3
saama,mood,10,16,37.5,6
salenema,,10,16,37.5,6
soitnuma,,5,8,37.5,3
suitsetama,edasi,10,16,37.5,6
sumpama,läbi,5,8,37.5,3
sünkroniseeruma,,5,8,37.5,3
t6usima,,5,8,37.5,3
tassima,tagasi,5,8,37.5,3
teatama,üle,5,8,37.5,3
tekitama,ette,10,16,37.5,6
tiksuma,ette,5,8,37.5,3
tümitama,läbi,5,8,37.5,3
vaesustama,,5,8,37.5,3
vajutama,välja,5,8,37.5,3
valguma,juurde,5,8,37.5,3
vastama,järele,5,8,37.5,3
voolama,vastu,5,8,37.5,3
õppima,alla,5,8,37.5,3
lisanduma,juurde,23,37,37.83783783783784,14
tõmbama,juurde,18,29,37.93103448275862,11
jääma,keskele,13,21,38.095238095238095,8
kujutlema,ette,39,63,38.095238095238095,24
elama,sees,73,118,38.13559322033898,45
soojenema,üles,21,34,38.23529411764706,13
jägima,,8,13,38.46153846153847,5
kutsuma,juurde,16,26,38.46153846153847,10
losutama,,8,13,38.46153846153847,5
nägema,üles,8,13,38.46153846153847,5
pagema,ära,8,13,38.46153846153847,5
püsima,kinni,16,26,38.46153846153847,10
ristima,ümber,8,13,38.46153846153847,5
saama,võlgu,8,13,38.46153846153847,5
sarnastuma,,8,13,38.46153846153847,5
tahtma,üle,24,39,38.46153846153847,15
vuhtima,,8,13,38.46153846153847,5
ytima,,8,13,38.46153846153847,5
lahustuma,ära,19,31,38.70967741935484,12
liikuma,koos,19,31,38.70967741935484,12
andma,järgi,22,36,38.88888888888889,14
jalutama,üle,11,18,38.88888888888889,7
kloppima,läbi,11,18,38.88888888888889,7
küpsetama,läbi,11,18,38.88888888888889,7
kütma,edasi,11,18,38.88888888888889,7
pysima,,11,18,38.88888888888889,7
õitsema,ära,22,36,38.88888888888889,14
näkkama,,185,303,38.943894389438945,118
kripeldama,,174,285,38.94736842105263,111
möistima,,25,41,39.02439024390244,16
ehitama,sisse,14,23,39.130434782608695,9
minema,järgi,14,23,39.130434782608695,9
panema,mööda,418,688,39.24418604651162,270
eksisteerima,koos,17,28,39.285714285714285,11
kontrollima,ära,17,28,39.285714285714285,11
oskama,edasi,17,28,39.285714285714285,11
tilbendama,,17,28,39.285714285714285,11
põimuma,läbi,88,145,39.310344827586206,57
vaatama,edasi,225,371,39.35309973045822,146
korreleeruma,,126,209,39.71291866028708,83
alustama,lahti,3,5,40,2
alustama,pihta,3,5,40,2
amelema,ringi,3,5,40,2
andma,taha,3,5,40,2
antropomorfiseerima,,3,5,40,2
arvama,kinni,3,5,40,2
asfalteerima,ära,3,5,40,2
avaldama,läbi,3,5,40,2
avastama,alt,3,5,40,2
avastama,läbi,3,5,40,2
blockima,ära,3,5,40,2
chepuma,,3,5,40,2
deaktiveeruma,,3,5,40,2
elama,keskel,3,5,40,2
elama,täis,3,5,40,2
elama,vastu,3,5,40,2
elatama,üle,3,5,40,2
elatuma,ära,6,10,40,4
formaadima,,3,5,40,2
föönitama,,6,10,40,4
hakkama,"taga, peale",3,5,40,2
hakkama,"ära, pihta",3,5,40,2
hakkima,ära,9,15,40,6
hapenduma,,3,5,40,2
heitma,sisse,6,10,40,4
helistama,üle,12,20,40,8
higistama,täis,3,5,40,2
hindama,ette,3,5,40,2
hoidma,vastu,3,5,40,2
hulpima,ringi,6,10,40,4
häkkima,lahti,3,5,40,2
hängima,ringi,9,15,40,6
hääbuma,ära,3,5,40,2
häälestuma,ümber,6,10,40,4
hüppama,esile,3,5,40,2
idandama,,3,5,40,2
igatsema,välja,3,5,40,2
ihkama,eemale,3,5,40,2
ilmutama,ära,6,10,40,4
imbuma,edasi,3,5,40,2
infiltreerima,,6,10,40,4
inspireeruma,,3,5,40,2
ironiseerima,üle,3,5,40,2
istuma,ilma,3,5,40,2
istutama,ringi,3,5,40,2
j6udima,,9,15,40,6
jalutama,alla,6,10,40,4
jaurama,edasi,3,5,40,2
jooksma,all,6,10,40,4
juhtuma,otsa,3,5,40,2
jätkama,ära,3,5,40,2
jätkuma,alla,3,5,40,2
jääma,laiali,3,5,40,2
jääma,sekka,3,5,40,2
jääma,soiku,6,10,40,4
jääma,vaja,9,15,40,6
jõudma,kohal,3,5,40,2
jõudma,koht,9,15,40,6
jõudma,täis,3,5,40,2
kahanema,alla,3,5,40,2
kahmama,kokku,3,5,40,2
kaitsma,ära,12,20,40,8
kajuma,,3,5,40,2
kaklema,edasi,3,5,40,2
kalduma,ette,6,10,40,4
kalduma,ära,6,10,40,4
kallama,laiali,3,5,40,2
kaotama,kaasa,3,5,40,2
kargama,tagasi,6,10,40,4
kastma,ära,3,5,40,2
kasutama,koos,3,5,40,2
kasutama,rahul,3,5,40,2
keerama,ilma,3,5,40,2
kerima,ära,3,5,40,2
kerima,ümber,3,5,40,2
kerkima,üle,3,5,40,2
kigisema,,3,5,40,2
kiikama,üles,3,5,40,2
kiimlema,,15,25,40,10
kippuma,kõrvale,3,5,40,2
kirjutama,lahku,6,10,40,4
kiskuma,peale,6,10,40,4
klobistama,,3,5,40,2
kogunema,maha,3,5,40,2
kohutama,ära,21,35,40,14
kolima,kõrvale,3,5,40,2
koonerdama,ära,3,5,40,2
kooruma,esile,3,5,40,2
koperdama,edasi,3,5,40,2
koraldama,,3,5,40,2
korjama,külge,3,5,40,2
korrutuma,,3,5,40,2
kostma,tagant,3,5,40,2
kostuma,vastu,3,5,40,2
kratsima,välja,3,5,40,2
kruvima,kokku,6,10,40,4
krõpsatama,,3,5,40,2
kuluma,edasi,3,5,40,2
kutsuma,kallale,3,5,40,2
kutsuma,üle,3,5,40,2
kuuleme-lugema,,3,5,40,2
kuulma,alt,3,5,40,2
kuulma,sisse,3,5,40,2
kuulma,üle,3,5,40,2
kvalifitseeruma,ümber,3,5,40,2
käima,pihta,6,10,40,4
käisima,,3,5,40,2
käituma,välja,3,5,40,2
kärssama,maha,3,5,40,2
kõbima,,3,5,40,2
kõmpima,edasi,6,10,40,4
kõnelema,vastu,3,5,40,2
kütma,sisse,6,10,40,4
laadima,ette,3,5,40,2
laekuma,kohale,9,15,40,6
laekuma,täis,3,5,40,2
lahendama,kokku,3,5,40,2
lahtima,,3,5,40,2
lahvatama,üles,3,5,40,2
langema,ringi,3,5,40,2
langetama,kokku,3,5,40,2
laskma,eemale,3,5,40,2
laskma,"sisse, välja",3,5,40,2
lavastama,ära,9,15,40,6
leidma,ära,12,20,40,8
leidsima,,3,5,40,2
lesbitsema,,3,5,40,2
libistama,mööda,3,5,40,2
lihvima,üle,3,5,40,2
lippama,läbi,12,20,40,8
logistama,edasi,3,5,40,2
loksutama,maha,3,5,40,2
lonkama,ringi,3,5,40,2
lukustama,ära,3,5,40,2
luuletama,juurde,3,5,40,2
läbuma,,3,5,40,2
läägama,,3,5,40,2
lööma,"tagant, üles",3,5,40,2
m2ngisima,,6,10,40,4
magama,tagasi,3,5,40,2
mahtuma,tagasi,3,5,40,2
mainima,juurde,3,5,40,2
meeldima,peal,3,5,40,2
minema,"sisse, tagasi",3,5,40,2
minema,"tagasi, ära",3,5,40,2
minema,"üles, tagasi",3,5,40,2
misknema,,3,5,40,2
monema,,3,5,40,2
monima,,3,5,40,2
mudastuma,,3,5,40,2
muljuma,sisse,3,5,40,2
muutma,edasi,3,5,40,2
muutma,valmis,3,5,40,2
mähkima,ümber,3,5,40,2
mäletama,läbi,3,5,40,2
mõjutama,läbi,3,5,40,2
mõtlema,järgi,9,15,40,6
mõõtma,alla,3,5,40,2
müdistama,ringi,3,5,40,2
müüma,täis,3,5,40,2
nahtuma,ette,3,5,40,2
naksatama,,3,5,40,2
nihkuma,eest,3,5,40,2
nihkuma,"eest, ära",3,5,40,2
nihkuma,esile,3,5,40,2
nihkuma,kõrvale,12,20,40,8
nihutama,kõrvale,6,10,40,4
noodistama,,3,5,40,2
nudima,ära,3,5,40,2
nägema,kõrvale,3,5,40,2
nülgima,ära,3,5,40,2
olema,keskel,3,5,40,2
olema,läbisegi,3,5,40,2
olema,lõhki,3,5,40,2
olema,"nõus, nõus",6,10,40,4
olema,tallel,3,5,40,2
olema,"tarvis, juurde",3,5,40,2
olema,"vaja, kohal",3,5,40,2
olema,"ümber, vaja",3,5,40,2
omama,üle,6,10,40,4
opereerima,tagasi,3,5,40,2
oplema,,6,10,40,4
orgunnima,ära,3,5,40,2
otsima,kõrvale,3,5,40,2
otsustama,lahti,3,5,40,2
oxendama,,3,5,40,2
paenduma,,6,10,40,4
paistma,otsa,3,5,40,2
paistma,üle,9,15,40,6
panema,tahtma,3,5,40,2
panema,ülesse,3,5,40,2
paukuma,ära,3,5,40,2
peituma,taga,6,10,40,4
pidama,juurde,6,10,40,4
pikkima,täis,3,5,40,2
plaanima,välja,3,5,40,2
pleekima,ära,9,15,40,6
plätrama,,6,10,40,4
poanema,,3,5,40,2
pooldama,ära,3,5,40,2
pudenema,sisse,3,5,40,2
puhistama,,3,5,40,2
pulbristuma,,3,5,40,2
purelema,,33,55,40,22
puuduma,ära,3,5,40,2
puutuma,maha,3,5,40,2
pärima,ära,3,5,40,2
pääsema,järele,6,10,40,4
põrutama,peale,12,20,40,8
põrutama,pihta,3,5,40,2
rahvusvahelistuma,,3,5,40,2
rammima,sisse,9,15,40,6
randaalima,,3,5,40,2
rantsatama,,3,5,40,2
ratsutama,mööda,3,5,40,2
ratsutama,välja,3,5,40,2
regima,,6,10,40,4
rehkendama,maha,3,5,40,2
repima,,3,5,40,2
rippuma,taga,3,5,40,2
ruulima,edasi,3,5,40,2
rääkima,ees,6,10,40,4
rääkima,kinni,3,5,40,2
saama,laiali,3,5,40,2
saama,vahelt,3,5,40,2
saama,valla,6,10,40,4
sadama,otsa,3,5,40,2
segama,välja,3,5,40,2
segzima,,3,5,40,2
seisma,üles,3,5,40,2
selgitama,üle,3,5,40,2
sexsima,,3,5,40,2
siduma,ära,6,10,40,4
skrollima,,3,5,40,2
sobima,edasi,3,5,40,2
sobima,valmis,3,5,40,2
sobima,ära,3,5,40,2
sokutama,ära,3,5,40,2
soovima,kõrvale,3,5,40,2
soovitama,kohal,3,5,40,2
sorteerima,läbi,3,5,40,2
summerdama,,3,5,40,2
suurenema,alla,3,5,40,2
sõituma,,3,5,40,2
sõtkuma,läbi,6,10,40,4
sündima,vastu,3,5,40,2
tahtma,kõrvale,6,10,40,4
taipama,ära,15,25,40,10
tapma,edasi,3,5,40,2
tasuma,välja,3,5,40,2
tegema,moodi,6,10,40,4
tegema,peal,3,5,40,2
tegema,"ära, vaja",3,5,40,2
tegema,"ära, ära",3,5,40,2
teostama,läbi,3,5,40,2
testima,edasi,3,5,40,2
tirima,kohale,3,5,40,2
tirima,sisse,3,5,40,2
toimetama,alla,3,5,40,2
toimuma,üles,3,5,40,2
toppima,kaasa,3,5,40,2
tormlema,ringi,3,5,40,2
triksima,,3,5,40,2
trivialiseerima,,3,5,40,2
trügima,ära,3,5,40,2
tsekkima,,15,25,40,10
tulema,"edasi, välja",3,5,40,2
tulema,millalgi,3,5,40,2
tulema,"sisse, tagasi",6,10,40,4
tulema,"vastu, välja",3,5,40,2
tulenema,edasi,3,5,40,2
tulvama,läbi,3,5,40,2
tundma,kõrvale,3,5,40,2
tunduma,lahti,3,5,40,2
tungima,tagasi,3,5,40,2
tungima,üle,3,5,40,2
tydinema,,3,5,40,2
tõusma,alla,6,10,40,4
töötama,ära,9,15,40,6
uhama,sisse,3,5,40,2
ujuma,alla,3,5,40,2
v6ixima,,3,5,40,2
vaacima,,3,5,40,2
valima,alt,3,5,40,2
valmistama,juurde,3,5,40,2
valmistama,peale,3,5,40,2
vedima,välja,3,5,40,2
veerema,"alla, tagasi",3,5,40,2
vehklema,läbi,3,5,40,2
veristama,ära,6,10,40,4
vihmutama,,3,5,40,2
vihvatama,,3,5,40,2
viibima,edasi,3,5,40,2
viipuma,,3,5,40,2
viitama,läbi,3,5,40,2
vormima,ümber,3,5,40,2
vudima,ringi,9,15,40,6
vuhisema,üle,6,10,40,4
vupsama,läbi,3,5,40,2
väitma,peale,3,5,40,2
võimlema,ära,3,5,40,2
võtma,eemale,3,5,40,2
võtma,püsti,3,5,40,2
võtma,vaja,9,15,40,6
õnnestuma,koos,3,5,40,2
õpetama,kokku,3,5,40,2
ühendama,välja,3,5,40,2
üürima,edasi,6,10,40,4
häälestuma,,131,219,40.182648401826484,88
sattuma,sisse,55,92,40.21739130434783,37
joonistuma,välja,187,313,40.2555910543131,126
püsima,püsti,75,126,40.476190476190474,51
tulistama,mööda,22,37,40.54054054054054,15
ehitama,peale,19,32,40.625,13
vilksatama,läbi,57,96,40.625,39
lobistama,,16,27,40.74074074074074,11
planeerima,ette,77,130,40.76923076923077,53
kippuma,kaasa,13,22,40.909090909090914,9
minema,sassi,26,44,40.909090909090914,18
puhuma,tagant,13,22,40.909090909090914,9
tüdinema,ära,117,198,40.909090909090914,81
ütlema,"ette, ära",13,22,40.909090909090914,9
tungima,esile,33,56,41.07142857142857,23
hanguma,ära,10,17,41.17647058823529,7
jõudma,vaja,10,17,41.17647058823529,7
laienema,edasi,10,17,41.17647058823529,7
näima,välja,60,102,41.17647058823529,42
saama,all,10,17,41.17647058823529,7
tuterdama,,10,17,41.17647058823529,7
ütlema,üle,10,17,41.17647058823529,7
viskama,üle,277,471,41.18895966029724,194
sattuma,tagasi,64,109,41.284403669724774,45
klappima,kokku,91,155,41.29032258064516,64
keerama,üle,44,75,41.333333333333336,31
looma,ette,44,75,41.333333333333336,31
istutama,maha,17,29,41.37931034482759,12
latrama,,17,29,41.37931034482759,12
tahtma,peale,17,29,41.37931034482759,12
sulama,sisse,31,53,41.509433962264154,22
ehmuma,ära,45,77,41.55844155844156,32
laskma,peale,115,197,41.62436548223351,82
aitama,peale,7,12,41.66666666666667,5
hankima,juurde,7,12,41.66666666666667,5
hiilima,järele,7,12,41.66666666666667,5
ilmuma,alla,7,12,41.66666666666667,5
iraagima,,14,24,41.66666666666667,10
jõudma,ilma,7,12,41.66666666666667,5
kupatama,tagasi,7,12,41.66666666666667,5
liikuma,üle,21,36,41.66666666666667,15
mahtuma,välja,21,36,41.66666666666667,15
möllama,edasi,14,24,41.66666666666667,10
mööbeldama,,7,12,41.66666666666667,5
olema,"kõrvale, vaja",14,24,41.66666666666667,10
olema,päral,7,12,41.66666666666667,5
plaanima,ette,7,12,41.66666666666667,5
puistama,läbi,7,12,41.66666666666667,5
roomama,tagasi,7,12,41.66666666666667,5
seisma,läbi,7,12,41.66666666666667,5
sittuma,välja,7,12,41.66666666666667,5
süüdistama,ära,7,12,41.66666666666667,5
tulema,"alt, välja",7,12,41.66666666666667,5
v6etuma,,7,12,41.66666666666667,5
vajama,lahti,7,12,41.66666666666667,5
kordama,üle,228,391,41.687979539641944,163
sadama,juurde,39,67,41.7910447761194,28
tönkama,,25,43,41.86046511627907,18
aklimatiseeruma,,43,74,41.891891891891895,31
kasvama,kinni,109,188,42.02127659574468,79
tolmama,,117,202,42.07920792079208,85
andma,pihta,22,38,42.10526315789473,16
assotseeruma,,11,19,42.10526315789473,8
joonistama,juurde,11,19,42.10526315789473,8
kasvama,külge,11,19,42.10526315789473,8
libisema,kõrvale,11,19,42.10526315789473,8
looma,külge,11,19,42.10526315789473,8
minema,lõhki,33,57,42.10526315789473,24
navigeerima,,11,19,42.10526315789473,8
ostma,valmis,33,57,42.10526315789473,24
saama,pealt,22,38,42.10526315789473,16
tasuma,valmis,11,19,42.10526315789473,8
vatrama,,66,114,42.10526315789473,48
funksima,,26,45,42.22222222222222,19
esinema,koos,56,97,42.2680412371134,41
kiitma,üles,15,26,42.30769230769231,11
kirjutama,ära,79,137,42.33576642335766,58
sobituma,,136,236,42.3728813559322,100
kohtlema,,630,1094,42.413162705667276,464
passima,kokku,19,33,42.42424242424242,14
spurtima,eest,19,33,42.42424242424242,14
tulema,ilma,38,66,42.42424242424242,28
töötama,sisse,19,33,42.42424242424242,14
kõndima,ära,23,40,42.5,17
funkama,,232,404,42.57425742574257,172
kuluma,läbi,39,68,42.64705882352941,29
harjuma,ära,460,803,42.71481942714819,343
kodunema,,67,117,42.73504273504273,50
usutama,,211,369,42.81842818428184,158
mõtlema,läbi,307,537,42.83054003724395,230
akkama,peale,8,14,42.857142857142854,6
arbuma,,4,7,42.857142857142854,3
armastama,peale,4,7,42.857142857142854,3
armastama,vastu,4,7,42.857142857142854,3
armuma,ära,48,84,42.857142857142854,36
avanema,välja,4,7,42.857142857142854,3
esinema,tagasi,4,7,42.857142857142854,3
hakkama,laiali,4,7,42.857142857142854,3
hanitama,,4,7,42.857142857142854,3
hiilima,kohale,4,7,42.857142857142854,3
hingama,läbi,4,7,42.857142857142854,3
hoidma,käes,8,14,42.857142857142854,6
hädaldama,ära,4,7,42.857142857142854,3
ihkama,ära,4,7,42.857142857142854,3
implitseerima,,4,7,42.857142857142854,3
investeerima,juurde,4,7,42.857142857142854,3
istutama,juurde,4,7,42.857142857142854,3
jätkuma,tarvis,4,7,42.857142857142854,3
jõudma,otsa,4,7,42.857142857142854,3
kaema,ära,4,7,42.857142857142854,3
kahutama,,8,14,42.857142857142854,6
kakima,,4,7,42.857142857142854,3
kalduma,tagasi,4,7,42.857142857142854,3
kallutuma,,4,7,42.857142857142854,3
kauplema,alla,16,28,42.857142857142854,12
kijutama,,4,7,42.857142857142854,3
kirjutama,kinni,4,7,42.857142857142854,3
klikkima,läbi,4,7,42.857142857142854,3
kompenseeruma,,4,7,42.857142857142854,3
kooberdama,ringi,4,7,42.857142857142854,3
koolitama,juurde,4,7,42.857142857142854,3
korjama,edasi,4,7,42.857142857142854,3
krobisema,,4,7,42.857142857142854,3
kruttima,üle,4,7,42.857142857142854,3
kummardama,vastu,4,7,42.857142857142854,3
kurtma,ära,4,7,42.857142857142854,3
kuuluma,ära,4,7,42.857142857142854,3
käärima,edasi,4,7,42.857142857142854,3
kääsima,,4,7,42.857142857142854,3
laggima,,8,14,42.857142857142854,6
lahustama,ära,4,7,42.857142857142854,3
lahvatama,välja,12,21,42.857142857142854,9
lebama,edasi,4,7,42.857142857142854,3
leidma,ringi,4,7,42.857142857142854,3
lobuma,,4,7,42.857142857142854,3
logistama,lahti,4,7,42.857142857142854,3
loopima,peale,4,7,42.857142857142854,3
läbima,koos,4,7,42.857142857142854,3
läigatama,maha,4,7,42.857142857142854,3
läänestuma,,8,14,42.857142857142854,6
mahtima,,4,7,42.857142857142854,3
mahtuma,ligi,4,7,42.857142857142854,3
minema,peal,4,7,42.857142857142854,3
minema,"sisse, välja",4,7,42.857142857142854,3
märkima,juurde,8,14,42.857142857142854,6
määrama,juurde,4,7,42.857142857142854,3
mõrandama,,4,7,42.857142857142854,3
norskama,edasi,4,7,42.857142857142854,3
nägema,juurde,4,7,42.857142857142854,3
nägema,kohal,4,7,42.857142857142854,3
nähtuma,ära,16,28,42.857142857142854,12
näänuma,,4,7,42.857142857142854,3
olenema,edasi,4,7,42.857142857142854,3
optimiseerima,,4,7,42.857142857142854,3
ostan-müüma,,4,7,42.857142857142854,3
paistma,sees,4,7,42.857142857142854,3
pakkima,välja,4,7,42.857142857142854,3
pandnuma,,4,7,42.857142857142854,3
panema,"tagasi, peale",4,7,42.857142857142854,3
panema,vaja,8,14,42.857142857142854,6
pastöriseerima,,4,7,42.857142857142854,3
plegima,vaja,4,7,42.857142857142854,3
poetama,tagasi,4,7,42.857142857142854,3
pugima,täis,4,7,42.857142857142854,3
põikama,mööda,4,7,42.857142857142854,3
pöörama,külge,4,7,42.857142857142854,3
pöörama,tülli,4,7,42.857142857142854,3
pöörduma,üles,4,7,42.857142857142854,3
raseerima,ära,8,14,42.857142857142854,6
reeksportima,,8,14,42.857142857142854,6
rääkima,vaja,8,14,42.857142857142854,6
rüüpama,ära,8,14,42.857142857142854,6
saama,tuupi,4,7,42.857142857142854,3
saavutama,üle,4,7,42.857142857142854,3
seilama,ringi,4,7,42.857142857142854,3
seisma,pooleli,4,7,42.857142857142854,3
siiberdama,ringi,4,7,42.857142857142854,3
supsama,,4,7,42.857142857142854,3
suusatama,läbi,4,7,42.857142857142854,3
sõlmima,kinni,4,7,42.857142857142854,3
södima,,4,7,42.857142857142854,3
sülitama,sisse,8,14,42.857142857142854,6
tahtma,eemale,8,14,42.857142857142854,6
tammuma,ringi,12,21,42.857142857142854,9
tegema,katki,12,21,42.857142857142854,9
tekkima,ilma,8,14,42.857142857142854,6
tiirlema,ringi,12,21,42.857142857142854,9
tilberdama,,4,7,42.857142857142854,3
toetama,läbi,4,7,42.857142857142854,3
toimima,vaja,4,7,42.857142857142854,3
tolmlema,,8,14,42.857142857142854,6
torkama,puruks,4,7,42.857142857142854,3
tuklema,,4,7,42.857142857142854,3
tulema,"ette, tagasi",4,7,42.857142857142854,3
tunduma,kokku,4,7,42.857142857142854,3
tuterdama,ringi,4,7,42.857142857142854,3
tähendama,kõrvale,4,7,42.857142857142854,3
tähistama,edasi,4,7,42.857142857142854,3
tükelduma,,4,7,42.857142857142854,3
tümistama,,4,7,42.857142857142854,3
ujuma,üles,4,7,42.857142857142854,3
uuristama,läbi,4,7,42.857142857142854,3
v6itsima,,4,7,42.857142857142854,3
valgustama,ära,4,7,42.857142857142854,3
vastama,läbi,4,7,42.857142857142854,3
vedama,juurde,8,14,42.857142857142854,6
veerema,eemale,4,7,42.857142857142854,3
veerima,kokku,4,7,42.857142857142854,3
venima,üles,4,7,42.857142857142854,3
viibima,juures,4,7,42.857142857142854,3
viltima,,4,7,42.857142857142854,3
viskuma,maha,12,21,42.857142857142854,9
viskuma,välja,8,14,42.857142857142854,6
võpatama,üles,4,7,42.857142857142854,3
õnnestuma,ära,4,7,42.857142857142854,3
laabuma,,614,1075,42.88372093023256,461
istuma,sees,97,170,42.94117647058823,73
põdema,läbi,49,86,43.02325581395349,37
pabistama,,469,824,43.082524271844655,355
nägema,edasi,29,51,43.13725490196079,22
põhjendama,ära,50,88,43.18181818181818,38
saama,läbi,3746,6597,43.21661361224799,2851
minema,eest,88,155,43.225806451612904,67
mõtlema,edasi,88,155,43.225806451612904,67
tellima,ära,88,155,43.225806451612904,67
postitama,,554,977,43.29580348004094,423
erakonnastuma,,17,30,43.333333333333336,13
jõudma,juurde,17,30,43.333333333333336,13
kippuma,välja,47,83,43.373493975903614,36
minema,kõrvale,60,106,43.39622641509434,46
armastama,üle,56,99,43.43434343434344,43
kooserdama,ringi,13,23,43.47826086956522,10
minema,taha,13,23,43.47826086956522,10
praksatama,,13,23,43.47826086956522,10
rahuldama,ära,13,23,43.47826086956522,10
väsitama,ära,129,229,43.66812227074236,100
jahvatama,,247,439,43.735763097949885,192
ajama,lahku,9,16,43.75,7
asuma,ees,9,16,43.75,7
asuma,kallale,18,32,43.75,14
hiilima,ära,9,16,43.75,7
hõõruma,sisse,9,16,43.75,7
installima,peale,9,16,43.75,7
jääma,vakka,9,16,43.75,7
jõudma,ligi,9,16,43.75,7
laskma,järele,18,32,43.75,14
muutuma,peale,9,16,43.75,7
peenutsema,,9,16,43.75,7
pruuguma,,9,16,43.75,7
rulluisutama,,9,16,43.75,7
teadma,tagasi,9,16,43.75,7
tervistuma,,9,16,43.75,7
trehvama,kokku,18,32,43.75,14
tšillima,,9,16,43.75,7
upituma,,9,16,43.75,7
vajuma,kõrvale,9,16,43.75,7
viskama,juurde,18,32,43.75,14
vitsutama,täis,9,16,43.75,7
tulema,ette,4275,7602,43.764798737174424,3327
tahtma,nõus,82,146,43.83561643835616,64
jaotuma,,617,1099,43.85805277525023,482
leidma,juurde,23,41,43.90243902439025,18
mainima,ära,107,191,43.97905759162304,84
võtma,läbi,205,366,43.98907103825137,161
andma,takka,14,25,44,11
molutama,,28,50,44,22
utreerima,,14,25,44,11
jagama,ära,324,579,44.04145077720207,255
rägima,,33,59,44.06779661016949,26
segama,läbi,85,152,44.07894736842105,67
sabistama,,19,34,44.11764705882353,15
sudima,,19,34,44.11764705882353,15
treenima,üle,19,34,44.11764705882353,15
synnima,,29,52,44.230769230769226,23
teadma,vaja,29,52,44.230769230769226,23
mõtlema,ette,69,124,44.354838709677416,55
blameerima,,10,18,44.44444444444444,8
blockima,,5,9,44.44444444444444,4
boottima,,5,9,44.44444444444444,4
delffima,,10,18,44.44444444444444,8
haisema,ära,5,9,44.44444444444444,4
hargitama,,5,9,44.44444444444444,4
ilmuma,kõrvale,10,18,44.44444444444444,8
ilmutama,vastu,5,9,44.44444444444444,4
investeerima,edasi,5,9,44.44444444444444,4
isetsema,,20,36,44.44444444444444,16
istuma,lähedal,5,9,44.44444444444444,4
j6udnuma,,15,27,44.44444444444444,12
jokutama,,10,18,44.44444444444444,8
jooksma,peale,25,45,44.44444444444444,20
jooksma,umbe,5,9,44.44444444444444,4
jätma,vaatamata,5,9,44.44444444444444,4
kaklema,ära,5,9,44.44444444444444,4
karistama,ära,10,18,44.44444444444444,8
kasutama,valmis,5,9,44.44444444444444,4
koguma,täis,5,9,44.44444444444444,4
koteerima,,5,9,44.44444444444444,4
käharduma,,5,9,44.44444444444444,4
käima,"sisse, välja",10,18,44.44444444444444,8
küsima,peale,5,9,44.44444444444444,4
liikuma,laiali,5,9,44.44444444444444,4
lännuma,,20,36,44.44444444444444,16
lükkama,otsa,5,9,44.44444444444444,4
maalima,edasi,5,9,44.44444444444444,4
manualima,,5,9,44.44444444444444,4
marrastuma,,5,9,44.44444444444444,4
minema,liikvele,5,9,44.44444444444444,4
nähtuma,koos,5,9,44.44444444444444,4
nöörima,kinni,10,18,44.44444444444444,8
nüpeldama,läbi,5,9,44.44444444444444,4
olema,lahku,5,9,44.44444444444444,4
olema,"vahele, vaja",5,9,44.44444444444444,4
ootama,läbi,5,9,44.44444444444444,4
paistma,all,5,9,44.44444444444444,4
perutama,,10,18,44.44444444444444,8
piisama,edasi,5,9,44.44444444444444,4
planeerima,sisse,5,9,44.44444444444444,4
prantsatama,tagasi,5,9,44.44444444444444,4
prostitueerima,,5,9,44.44444444444444,4
puhkama,koos,5,9,44.44444444444444,4
puhuma,eemale,5,9,44.44444444444444,4
põrutama,kohale,5,9,44.44444444444444,4
püüdma,kohal,10,18,44.44444444444444,8
raalima,,5,9,44.44444444444444,4
realiseerima,ära,5,9,44.44444444444444,4
relvitustama,,5,9,44.44444444444444,4
riisuma,ära,5,9,44.44444444444444,4
roojama,täis,5,9,44.44444444444444,4
rääksima,,10,18,44.44444444444444,8
saama,heaks,15,27,44.44444444444444,12
saama,kõrvalt,5,9,44.44444444444444,4
seisma,kohal,5,9,44.44444444444444,4
seisma,valmis,5,9,44.44444444444444,4
sulatama,sisse,5,9,44.44444444444444,4
toimuma,alles,5,9,44.44444444444444,4
tõttama,üles,5,9,44.44444444444444,4
ujuma,edasi,10,18,44.44444444444444,8
vaatama,sees,5,9,44.44444444444444,4
vajuma,viltu,5,9,44.44444444444444,4
veenduma,ette,5,9,44.44444444444444,4
venitama,laiali,5,9,44.44444444444444,4
vihistama,,5,9,44.44444444444444,4
viibima,lähedal,5,9,44.44444444444444,4
viima,valmis,5,9,44.44444444444444,4
viitsima,välja,5,9,44.44444444444444,4
voolama,edasi,15,27,44.44444444444444,12
võtma,järgi,5,9,44.44444444444444,4
õõtsatama,,5,9,44.44444444444444,4
mahtuma,läbi,132,238,44.537815126050425,106
mahtuma,ära,1038,1872,44.55128205128205,834
tolgendama,,46,83,44.57831325301205,37
kiskuma,tagasi,36,65,44.61538461538462,29
vastama,ära,62,112,44.642857142857146,50
jõudma,edasi,238,430,44.651162790697676,192
ütlema,välja,1748,3165,44.770932069510266,1417
ehmatama,ära,335,607,44.81054365733114,272
liigutama,edasi,16,29,44.827586206896555,13
lööma,peale,48,87,44.827586206896555,39
tundma,ette,48,87,44.827586206896555,39
jõudma,pärale,75,136,44.85294117647059,61
kiibitsema,,27,49,44.89795918367347,22
kärama,,162,294,44.89795918367347,132
õelduma,,27,49,44.89795918367347,22
vaatama,alla,206,374,44.919786096256686,168
libisema,ära,38,69,44.927536231884055,31
adapteeruma,,11,20,45,9
asetama,kohale,11,20,45,9
nillima,,33,60,45,27
plekkima,,55,100,45,45
programmeerima,sisse,11,20,45,9
roostetama,kinni,11,20,45,9
rääkima,üle,33,60,45,27
venima,edasi,11,20,45,9
kohkuma,ära,45,82,45.1219512195122,37
lahmima,,136,248,45.16129032258064,112
tahtma,kohal,17,31,45.16129032258064,14
tõusma,edasi,17,31,45.16129032258064,14
funktsioneerima,,346,631,45.16640253565768,285
paistma,ära,57,104,45.19230769230769,47
kohastuma,,35,64,45.3125,29
rääkima,mööda,76,139,45.32374100719424,63
aretama,edasi,6,11,45.45454545454545,5
juhtuma,lähedal,6,11,45.45454545454545,5
kaanima,sisse,6,11,45.45454545454545,5
kallama,ära,6,11,45.45454545454545,5
kasvama,järele,6,11,45.45454545454545,5
ketrama,edasi,6,11,45.45454545454545,5
klobima,läbi,6,11,45.45454545454545,5
koperdama,ringi,6,11,45.45454545454545,5
kõrbema,läbi,18,33,45.45454545454545,15
lahkuma,ära,6,11,45.45454545454545,5
leicima,,6,11,45.45454545454545,5
lubama,lahti,6,11,45.45454545454545,5
lärtsuma,,6,11,45.45454545454545,5
lõpma,ära,96,176,45.45454545454545,80
magama,täis,6,11,45.45454545454545,5
minema,nihu,6,11,45.45454545454545,5
mängima,taga,6,11,45.45454545454545,5
mõtlema,sisse,6,11,45.45454545454545,5
nihkuma,tagasi,6,11,45.45454545454545,5
närtsitama,ära,6,11,45.45454545454545,5
olema,kombes,6,11,45.45454545454545,5
olema,ülal,6,11,45.45454545454545,5
pankrotistama,,6,11,45.45454545454545,5
popsuma,,6,11,45.45454545454545,5
pühkima,laiali,6,11,45.45454545454545,5
saama,asemele,6,11,45.45454545454545,5
scannima,,6,11,45.45454545454545,5
selekteeruma,välja,6,11,45.45454545454545,5
sobima,peale,6,11,45.45454545454545,5
sööbima,sisse,6,11,45.45454545454545,5
söövitama,läbi,6,11,45.45454545454545,5
tunnistama,tagasi,6,11,45.45454545454545,5
ujuma,kaasa,6,11,45.45454545454545,5
vedama,peale,6,11,45.45454545454545,5
vedama,täis,6,11,45.45454545454545,5
käima,maha,80,147,45.57823129251701,67
kirjutama,lahti,69,127,45.66929133858268,58
nagistama,,19,35,45.714285714285715,16
laskma,edasi,140,258,45.73643410852713,118
külmenema,,32,59,45.76271186440678,27
kurnama,ära,45,83,45.78313253012048,38
lüpsma,ära,13,24,45.83333333333333,11
pöörama,vastu,13,24,45.83333333333333,11
reguleeruma,,13,24,45.83333333333333,11
threadima,,13,24,45.83333333333333,11
tiksuma,juurde,13,24,45.83333333333333,11
toimuma,ära,13,24,45.83333333333333,11
norskama,,137,253,45.8498023715415,116
tulema,nõus,33,61,45.90163934426229,28
mahtuma,peale,40,74,45.94594594594595,34
mahtuma,sisse,275,509,45.97249508840864,234
väänama,välja,95,176,46.02272727272727,81
andma,ringi,7,13,46.15384615384615,6
istuma,välja,7,13,46.15384615384615,6
jääma,heaks,7,13,46.15384615384615,6
k2iduma,,7,13,46.15384615384615,6
keksima,ringi,14,26,46.15384615384615,12
kompileeruma,,7,13,46.15384615384615,6
kuivama,läbi,7,13,46.15384615384615,6
kutuma,,7,13,46.15384615384615,6
käkerdama,,7,13,46.15384615384615,6
liikuma,järele,7,13,46.15384615384615,6
loopima,mööda,14,26,46.15384615384615,12
loputama,üle,14,26,46.15384615384615,12
lüpsma,välja,7,13,46.15384615384615,6
nakkuma,,28,52,46.15384615384615,24
napsutama,,7,13,46.15384615384615,6
oiatama,,7,13,46.15384615384615,6
ootama,juurde,7,13,46.15384615384615,6
peitsima,ära,7,13,46.15384615384615,6
plõxima,,7,13,46.15384615384615,6
pookima,külge,14,26,46.15384615384615,12
pärima,järele,7,13,46.15384615384615,6
püsima,lahti,7,13,46.15384615384615,6
rahuldama,vastu,7,13,46.15384615384615,6
toimuma,taga,7,13,46.15384615384615,6
tulema,sekka,14,26,46.15384615384615,12
tuulama,läbi,7,13,46.15384615384615,6
uhama,peale,7,13,46.15384615384615,6
uskuma,edasi,7,13,46.15384615384615,6
teadma,ette,602,1120,46.25,518
vehklema,,209,389,46.27249357326478,180
lükkama,üles,29,54,46.2962962962963,25
nihkuma,,959,1787,46.334639059876885,828
libisema,edasi,22,41,46.34146341463415,19
nikerdama,valmis,22,41,46.34146341463415,19
tajuma,ära,22,41,46.34146341463415,19
õppima,juurde,96,179,46.36871508379888,83
kõpitsema,,37,69,46.3768115942029,32
pisenema,,15,28,46.42857142857143,13
hüppama,ära,83,155,46.45161290322581,72
kisklema,,46,86,46.51162790697674,40
klaaruma,,23,43,46.51162790697674,20
väärtustuma,,23,43,46.51162790697674,20
puhkama,välja,123,230,46.52173913043478,107
käima,alla,342,640,46.5625,298
ammuma,,16,30,46.666666666666664,14
arutama,lahti,8,15,46.666666666666664,7
istuma,lahti,8,15,46.666666666666664,7
juhtuma,alla,8,15,46.666666666666664,7
jututama,,8,15,46.666666666666664,7
juurduma,sisse,8,15,46.666666666666664,7
kriuksatama,,8,15,46.666666666666664,7
kõmama,,24,45,46.666666666666664,21
lauglema,,8,15,46.666666666666664,7
lugema,juurde,8,15,46.666666666666664,7
lävima,,168,315,46.666666666666664,147
näitama,edasi,8,15,46.666666666666664,7
pedereerima,,8,15,46.666666666666664,7
pidama,ringi,8,15,46.666666666666664,7
rehvima,,8,15,46.666666666666664,7
saatma,eemale,8,15,46.666666666666664,7
sadama,täis,8,15,46.666666666666664,7
sobima,kohale,8,15,46.666666666666664,7
suigutama,,8,15,46.666666666666664,7
sööstma,sisse,8,15,46.666666666666664,7
tooma,kõrvale,16,30,46.666666666666664,14
tõstma,edasi,8,15,46.666666666666664,7
töötama,ilma,16,30,46.666666666666664,14
vahetuma,välja,8,15,46.666666666666664,7
lipsama,välja,33,62,46.774193548387096,29
lülituma,sisse,66,124,46.774193548387096,58
lubama,ära,25,47,46.808510638297875,22
laskma,käibele,42,79,46.835443037974684,37
mädanema,ära,42,79,46.835443037974684,37
hakkama,külge,135,254,46.8503937007874,119
existeerima,,17,32,46.875,15
olema,liikvel,17,32,46.875,15
sõitma,eest,17,32,46.875,15
mahutama,ära,52,98,46.93877551020408,46
tooma,täis,53,100,47,47
kaagutama,,62,117,47.008547008547005,55
olema,ilma,188,355,47.04225352112676,167
joppama,,63,119,47.05882352941176,56
kraapima,lahti,9,17,47.05882352941176,8
kujunema,ümber,9,17,47.05882352941176,8
käima,peal,45,85,47.05882352941176,40
laadima,üles,9,17,47.05882352941176,8
minema,heaks,36,68,47.05882352941176,32
minema,hukka,9,17,47.05882352941176,8
nivelleeruma,,9,17,47.05882352941176,8
nõrguma,välja,9,17,47.05882352941176,8
otsustama,üle,9,17,47.05882352941176,8
ownima,ära,9,17,47.05882352941176,8
ravima,välja,27,51,47.05882352941176,24
roobitsema,,9,17,47.05882352941176,8
saama,tänu,9,17,47.05882352941176,8
sigima,,81,153,47.05882352941176,72
sõnuma,ära,18,34,47.05882352941176,16
taluma,ära,9,17,47.05882352941176,8
tüdima,ära,18,34,47.05882352941176,16
uuendama,ära,9,17,47.05882352941176,8
vadama,,9,17,47.05882352941176,8
vaenutsema,,9,17,47.05882352941176,8
vurama,kohale,9,17,47.05882352941176,8
ära,ära,9,17,47.05882352941176,8
õpetama,edasi,9,17,47.05882352941176,8
edenema,,1397,2643,47.14339765418086,1246
tülitsema,,415,786,47.20101781170484,371
kohanema,,728,1379,47.20812182741117,651
pidama,ette,19,36,47.22222222222222,17
tiksuma,edasi,19,36,47.22222222222222,17
tõusma,kohale,19,36,47.22222222222222,17
tekkima,juurde,404,766,47.25848563968668,362
tüütama,ära,474,899,47.27474972191324,425
chillima,,20,38,47.368421052631575,18
hirnatama,,10,19,47.368421052631575,9
kangema,,10,19,47.368421052631575,9
kuulma,välja,10,19,47.368421052631575,9
kärvama,maha,20,38,47.368421052631575,18
maitsestuma,,10,19,47.368421052631575,9
otsima,ära,10,19,47.368421052631575,9
piiluma,ringi,10,19,47.368421052631575,9
püüdma,ära,10,19,47.368421052631575,9
raalima,välja,10,19,47.368421052631575,9
reostama,ära,10,19,47.368421052631575,9
tõukama,üles,10,19,47.368421052631575,9
tõusma,tagasi,40,76,47.368421052631575,36
veenma,ära,10,19,47.368421052631575,9
väänama,ära,10,19,47.368421052631575,9
tulema,juurde,2575,4894,47.38455251328157,2319
paljunema,,254,483,47.4120082815735,229
minema,segi,31,59,47.45762711864407,28
kukkuma,välja,1629,3101,47.46855852950661,1472
kippuma,tagasi,42,80,47.5,38
mõtlema,peale,53,101,47.524752475247524,48
sammuma,edasi,32,61,47.540983606557376,29
arvestama,juurde,11,21,47.61904761904761,10
esitama,ära,11,21,47.61904761904761,10
hämmeldama,,11,21,47.61904761904761,10
kirjeldama,ära,11,21,47.61904761904761,10
kostma,sisse,11,21,47.61904761904761,10
kostma,välja,44,84,47.61904761904761,40
onnestuma,,11,21,47.61904761904761,10
s6itnuma,,11,21,47.61904761904761,10
sammuma,sisse,11,21,47.61904761904761,10
sildistama,,11,21,47.61904761904761,10
ununema,ära,55,105,47.61904761904761,50
viskama,üles,44,84,47.61904761904761,40
vajuma,ära,413,789,47.655259822560204,376
nokitsema,,218,417,47.721822541966425,199
kogunema,juurde,23,44,47.72727272727273,21
püsima,paigal,46,88,47.72727272727273,42
hellitama,ära,35,67,47.76119402985074,32
saama,üles,235,450,47.77777777777778,215
kõlama,kokku,71,136,47.794117647058826,65
saama,kohale,71,136,47.794117647058826,65
kerkima,kõrvale,12,23,47.82608695652174,11
libisema,ette,12,23,47.82608695652174,11
lämmatama,ära,12,23,47.82608695652174,11
pedetsema,,12,23,47.82608695652174,11
plaksatama,,12,23,47.82608695652174,11
plärtsatama,,12,23,47.82608695652174,11
ujuma,tagasi,12,23,47.82608695652174,11
vihastama,ära,12,23,47.82608695652174,11
tõlgendama,,983,1885,47.851458885941646,902
lendama,mööda,114,219,47.94520547945205,105
tegema,juurde,103,198,47.97979797979798,95
haarduma,,13,25,48,12
kaevama,sisse,13,25,48,12
kustuma,ära,104,200,48,96
olelema,,13,25,48,12
panema,alles,13,25,48,12
saabuma,juurde,13,25,48,12
mõtlema,järele,434,835,48.02395209580838,401
jätma,peale,27,52,48.07692307692308,25
üllatuma,,1523,2936,48.1267029972752,1413
eskaleeruma,,14,27,48.148148148148145,13
järjestuma,,14,27,48.148148148148145,13
musitseerima,koos,14,27,48.148148148148145,13
närtsima,ära,14,27,48.148148148148145,13
representeerima,,14,27,48.148148148148145,13
tahtma,vaja,14,27,48.148148148148145,13
teravustama,,14,27,48.148148148148145,13
saama,ilma,184,355,48.16901408450705,171
kohama,,628,1212,48.18481848184818,584
jagama,lahti,43,83,48.19277108433735,40
tõsinema,,88,170,48.23529411764706,82
hakkama,läbi,15,29,48.275862068965516,14
keerama,edasi,15,29,48.275862068965516,14
plõksutama,,15,29,48.275862068965516,14
venitama,välja,76,147,48.29931972789115,71
jääma,katki,46,89,48.31460674157304,43
libisema,üle,46,89,48.31460674157304,43
pääsema,läbi,346,670,48.35820895522388,324
harjutama,edasi,16,31,48.38709677419355,15
puhisema,,16,31,48.38709677419355,15
viibima,koos,16,31,48.38709677419355,15
reisima,ringi,81,157,48.40764331210191,76
sündima,juurde,49,95,48.421052631578945,46
pilkuma,,33,64,48.4375,31
närveerima,,186,361,48.476454293628805,175
istuma,läbi,17,33,48.484848484848484,16
rääkima,ette,17,33,48.484848484848484,16
tekitama,juurde,85,165,48.484848484848484,80
hakkama,edasi,52,101,48.51485148514851,49
suhtlema,edasi,35,68,48.529411764705884,33
lipsama,sisse,71,138,48.55072463768116,67
laulma,mööda,18,35,48.57142857142857,17
muutuma,tagasi,19,37,48.64864864864865,18
tikkuma,peale,19,37,48.64864864864865,18
tulema,mööda,19,37,48.64864864864865,18
hindama,alla,20,39,48.717948717948715,19
kaaluma,üle,40,78,48.717948717948715,38
kihvatama,,40,78,48.717948717948715,38
mõtlema,valmis,40,78,48.717948717948715,38
voorima,läbi,21,41,48.78048780487805,20
tasustama,,22,43,48.837209302325576,21
olema,alles,1978,3867,48.84923713472977,1889
hingitsema,,69,135,48.888888888888886,66
lendama,lahti,23,45,48.888888888888886,22
tulema,otsa,70,137,48.9051094890511,67
trehvama,,215,421,48.9311163895487,206
jõlkuma,,73,143,48.95104895104895,70
aetama,,25,49,48.97959183673469,24
afišeerima,,25,49,48.97959183673469,24
buutima,,25,49,48.97959183673469,24
sattuma,sekka,25,49,48.97959183673469,24
jääma,vait,51,100,49,49
morjendama,,104,204,49.01960784313725,100
saama,koos,26,51,49.01960784313725,25
sööma,edasi,26,51,49.01960784313725,25
veerema,edasi,26,51,49.01960784313725,25
lugema,välja,664,1303,49.04067536454336,639
liikuma,üles,136,267,49.063670411985015,131
nääklema,,28,55,49.09090909090909,27
hakkama,pihta,928,1823,49.09489851892485,895
libama,,29,57,49.122807017543856,28
põõnama,,59,116,49.137931034482754,57
aimama,ära,30,59,49.152542372881356,29
valideeruma,,30,59,49.152542372881356,29
nohisema,,91,179,49.162011173184354,88
käsitsema,,32,63,49.2063492063492,31
lahenema,,1169,2306,49.30615784908933,1137
panema,juurde,302,596,49.328859060402685,294
kuluma,ära,1294,2555,49.354207436399214,1261
kulgema,,4882,9649,49.40408332469686,4767
väsima,ära,391,773,49.417852522639066,382
saama,ära,370,732,49.45355191256831,362
vabandama,ette,49,97,49.48453608247423,48
sobima,kokku,908,1798,49.49944382647386,890
reastuma,,59,117,49.572649572649574,58
pidama,ära,60,119,49.57983193277311,59
lööma,mööda,74,147,49.65986394557823,73
panema,edasi,109,217,49.76958525345622,108
minema,alla,498,992,49.79838709677419,494
058olema,,1,2,50,1
12olema,,1,2,50,1
21olema,,1,2,50,1
A. paluma,,1,2,50,1
DVD-rippima,,1,2,50,1
N . triikima,,1,2,50,1
Rakvere-tuduma,,2,4,50,2
abielluma,kaasa,2,4,50,2
abielluma,pärast,1,2,50,1
adopteeruma,,1,2,50,1
adreseerima,,1,2,50,1
aegnuma,,1,2,50,1
aeguma,ära,2,4,50,2
aegutama,,1,2,50,1
aegviiduma,,2,4,50,2
aelema,ümber,1,2,50,1
aerutama,edasi,1,2,50,1
aerutama,kohale,1,2,50,1
aerutama,läbi,1,2,50,1
aerutama,mööda,1,2,50,1
afima,,1,2,50,1
ahastama,edasi,2,4,50,2
aheldama,kokku,1,2,50,1
aheldama,külge,3,6,50,3
ahendama,ringi,2,4,50,2
ahistama,vastu,1,2,50,1
ahmima,juurde,1,2,50,1
aiduma,,1,2,50,1
aikuma,,1,2,50,1
aimama,järgi,1,2,50,1
aimuma,tagant,1,2,50,1
aindima,,1,2,50,1
aiskima,,1,2,50,1
aitama,"kokku, kaasa",1,2,50,1
aitama,vaja,8,16,50,8
aitama,ümber,1,2,50,1
ajama,ees,1,2,50,1
ajama,jalule,1,2,50,1
ajama,juurde,1,2,50,1
ajama,kaasa,1,2,50,1
ajama,kõrvale,2,4,50,2
ajama,mööda,4,8,50,4
ajama,puruks,2,4,50,2
ajama,rikki,1,2,50,1
ajama,"sisse, välja",1,2,50,1
ajama,valmis,1,2,50,1
ajama,"välja, taga",1,2,50,1
akattima,,1,2,50,1
akkama,alles,2,4,50,2
akkama,külge,1,2,50,1
alahindama,ära,3,6,50,3
alanema,peale,1,2,50,1
algama,alt,1,2,50,1
algama,koos,1,2,50,1
algama,maha,1,2,50,1
algatama,peale,1,2,50,1
algatama,ära,1,2,50,1
alistama,ep,1,2,50,1
allergiseerima,,1,2,50,1
alustama,kinni,1,2,50,1
alustama,rahul,1,2,50,1
alustama,tarvis,1,2,50,1
alustama,valmis,1,2,50,1
ametlikustama,,1,2,50,1
ammutama,juurde,1,2,50,1
amputeerima,ära,1,2,50,1
amrastama,,1,2,50,1
amuma,,1,2,50,1
andma,eemale,1,2,50,1
andma,peal,1,2,50,1
andma,"peale, välja",1,2,50,1
andma,peksa,2,4,50,2
andma,pärast,3,6,50,3
andma,"tagasi, välja",1,2,50,1
anduma,järele,1,2,50,1
ankurduma,,3,6,50,3
annetama,heaks,1,2,50,1
annetama,tarvis,1,2,50,1
annetama,üle,1,2,50,1
annuma,edasi,1,2,50,1
annuma,tagasi,1,2,50,1
annuma,üle,1,2,50,1
antnuma,,1,2,50,1
antsima,,9,18,50,9
anuma,tagasi,1,2,50,1
apnema,,1,2,50,1
aranema,,1,2,50,1
arastama,,2,4,50,2
arendama,alla,1,2,50,1
arenema,ära,1,2,50,1
aretama,kokku,1,2,50,1
arffima,,1,2,50,1
arfima,,1,2,50,1
arkima,,1,2,50,1
armastama,koos,1,2,50,1
armastama,tagasi,1,2,50,1
armastydrukkoolma,,1,2,50,1
arrmastuseküüsuma,,1,2,50,1
arrrrmastama,,1,2,50,1
artikuleerima,,2,4,50,2
arutama,valmis,1,2,50,1
arutatama,,1,2,50,1
arutlema,üle,6,12,50,6
arvama,ette,11,22,50,11
arvama,peale,3,6,50,3
arvama,sisse,4,8,50,4
arvama,taga,1,2,50,1
arvama,ümber,1,2,50,1
arvestama,alla,1,2,50,1
arvestama,edasi,1,2,50,1
arvestama,ilma,1,2,50,1
arvestama,mööda,1,2,50,1
arvestama,ringi,1,2,50,1
arvestama,üle,1,2,50,1
arvutama,ette,1,2,50,1
arvutama,sisse,2,4,50,2
arvutama,ära,1,2,50,1
arvutama,üle,3,6,50,3
arvutiseerima,,2,4,50,2
asendama,tagasi,1,2,50,1
asetsema,ümber,1,2,50,1
asetuma,kohale,5,10,50,5
asetuma,maha,1,2,50,1
astuma,eest,3,6,50,3
astuma,"eest, ära",3,6,50,3
astuma,iial,1,2,50,1
astuma,katki,1,2,50,1
astuma,"koos, üles",3,6,50,3
astuma,kõrvalt,1,2,50,1
astuma,laiali,1,2,50,1
astuma,"peale, üles",1,2,50,1
astuma,tagant,1,2,50,1
astuma,"tagasi, kõrvale",1,2,50,1
astuma,"tagasi, välja",2,4,50,2
astuma,valmis,1,2,50,1
astuma,"vastu, läbi",1,2,50,1
astuma,"vastu, välja",3,6,50,3
asuma,alla,3,6,50,3
asuma,alles,2,4,50,2
asuma,eest,1,2,50,1
asuma,kaasa,2,4,50,2
asuma,kõrval,3,6,50,3
asuma,kõrvale,1,2,50,1
asuma,otsa,1,2,50,1
asuma,tagapool,1,2,50,1
asuma,ära,1,2,50,1
asutama,alla,1,2,50,1
asutama,juurde,2,4,50,2
asutama,ära,1,2,50,1
atesteerima,ära,1,2,50,1
augutama,,1,2,50,1
auruma,välja,1,2,50,1
aurustuma,välja,3,6,50,3
autuma,,1,2,50,1
avaldama,peale,3,6,50,3
avama,edasi,1,2,50,1
avama,välja,1,2,50,1
avaneb-sulguma,,1,2,50,1
avanema,kinni,1,2,50,1
avastama,kaasa,1,2,50,1
avastama,kõrvalt,1,2,50,1
avastama,puudu,1,2,50,1
avatama,,2,4,50,2
backgroundimama,,1,2,50,1
balanseerima,,3,6,50,3
balkaniseeruma,,1,2,50,1
batgirleinestama,tagasi,1,2,50,1
beibestuma,,1,2,50,1
bemmima,,2,4,50,2
bettima,,1,2,50,1
birbima,,1,2,50,1
boodima,üles,1,2,50,1
bookima,,1,2,50,1
boyfrientima,,1,2,50,1
briifima,,3,6,50,3
bubuma,,1,2,50,1
bännema,,2,4,50,2
cashima,,1,2,50,1
casuma,,1,2,50,1
centrima,,1,2,50,1
clickima,,1,2,50,1
copima,,1,2,50,1
crackima,,2,4,50,2
croppima,,1,2,50,1
cuukima,,1,2,50,1
deaktiviseerima,,1,2,50,1
defaultima,,2,4,50,2
defineerima,lahti,2,4,50,2
deklaleerima,,1,2,50,1
delegeerima,ära,2,4,50,2
dematerialiseerima,,1,2,50,1
demogoogitsema,,1,2,50,1
demüstifitseerima,,1,2,50,1
depileerima,,2,4,50,2
detailplaneerima,,1,2,50,1
dešifreerima,ära,1,2,50,1
diggima,,1,2,50,1
digimuutuma,,6,12,50,6
dinuma,,1,2,50,1
dirigeerima,ette,1,2,50,1
diskotama,,2,4,50,2
dissoneerima,,2,4,50,2
distanseeruma,,1,2,50,1
distributeerima,,1,2,50,1
domineerima,üle,4,8,50,4
domuma,,1,2,50,1
dossima,,1,2,50,1
doteerima,edasi,1,2,50,1
downloadima,,11,22,50,11
ebaõnnestuma,peale,1,2,50,1
edasikindlustama,,1,2,50,1
edenema,edasi,4,8,50,4
edestama,lahti,2,4,50,2
edutama,kohale,1,2,50,1
eeldama,kaasa,1,2,50,1
eeldama,maha,1,2,50,1
eemaldama,alt,1,2,50,1
eemaldama,ära,4,8,50,4
eeruma,,1,2,50,1
eestima,ära,1,2,50,1
eestistuma,,19,38,50,19
ehiatama,,1,2,50,1
ehitama,koos,4,8,50,4
ehitama,püsti,1,2,50,1
ehmatama,kinni,2,4,50,2
ehmatama,"ära, ära",1,2,50,1
einetama,koos,1,2,50,1
eirama,ära,1,2,50,1
eirittima,,2,4,50,2
eisnema,,1,2,50,1
eitama,kokku,1,2,50,1
eitama,üles,1,2,50,1
eksima,koos,1,2,50,1
eksima,sekka,3,6,50,3
eksisteerima,peale,2,4,50,2
ekslema,edasi,1,2,50,1
ekspedeerima,,1,2,50,1
elab-töötama,,1,2,50,1
elama,algama,1,2,50,1
elama,kinni,1,2,50,1
elama,kukil,1,2,50,1
elama,võlg,1,2,50,1
elama,võlgu,17,34,50,17
elama,"üle, ilma, laiali",1,2,50,1
elama,üles,1,2,50,1
elame-olema,,1,2,50,1
elatuma,läbi,17,34,50,17
elavad-õppima,,1,2,50,1
eljuma,,1,2,50,1
elvinema,,1,2,50,1
emaneeruma,,1,2,50,1
emblema,,1,2,50,1
emotsioneerima,,1,2,50,1
ennistuma,,1,2,50,1
ennustama,kohale,1,2,50,1
ennustama,mööda,1,2,50,1
eraldatama,,1,2,50,1
erenema,,1,2,50,1
erinema,kokku,1,2,50,1
eritama,kokku,1,2,50,1
erodeeruma,,2,4,50,2
erutama,peale,1,2,50,1
esiatama,,1,2,50,1
esietenduma,alles,1,2,50,1
esietenduma,tagasi,1,2,50,1
esima,,1,2,50,1
esindama,läbi,1,2,50,1
esinema,edasi,4,8,50,4
esinema,hulgas,2,4,50,2
esitama,all,1,2,50,1
esitama,kohale,3,6,50,3
esitama,pärast,1,2,50,1
esitlema,peale,1,2,50,1
eskortima,ära,1,2,50,1
esmaspäävittima,,1,2,50,1
etendama,edasi,1,2,50,1
evolutsioneeruma,,8,16,50,8
exlbrima,,1,2,50,1
exsima,,2,4,50,2
familiaaritsema,,1,2,50,1
fearima,,1,2,50,1
febrima,,1,2,50,1
figureerima,edasi,1,2,50,1
figureeruma,,1,2,50,1
fiilima,,1,2,50,1
finema,,1,2,50,1
finišiseerima,,1,2,50,1
fixima,,2,4,50,2
fixima,ära,2,4,50,2
fluorestseeruma,,2,4,50,2
fokusseeruma,,3,6,50,3
foldrima,,1,2,50,1
formaliseeruma,,1,2,50,1
formattima,,1,2,50,1
fotografeerima,ära,1,2,50,1
fragmenteeruma,,3,6,50,3
friizuma,,1,2,50,1
funksioneerima,,3,6,50,3
fänncluma,,2,4,50,2
gaifima,,1,2,50,1
garanteerima,ringi,1,2,50,1
garateerima,,1,2,50,1
gastroleerima,ringi,1,2,50,1
gertuma,,1,2,50,1
gillema,,1,2,50,1
globuma,,1,2,50,1
gradueerima,,1,2,50,1
graveerima,edasi,1,2,50,1
gridima,,1,2,50,1
grillima,edasi,1,2,50,1
grillima,läbi,1,2,50,1
grippima,,1,2,50,1
grupeerima,kokku,1,2,50,1
haagitama,,2,4,50,2
haakima,kinni,1,2,50,1
haakima,kokku,2,4,50,2
haakima,taha,1,2,50,1
haakima,ära,1,2,50,1
haakuma,kokku,1,2,50,1
haakuma,külge,2,4,50,2
haarama,juurde,1,2,50,1
haarama,otsa,1,2,50,1
habenema,,1,2,50,1
haigutama,koos,1,2,50,1
haigutama,maha,1,2,50,1
hairima,,5,10,50,5
haisutama,,3,6,50,3
hakatama,,169,338,50,169
hakkama,eest,2,4,50,2
hakkama,järele,1,2,50,1
hakkama,koha,1,2,50,1
hakkama,kohal,1,2,50,1
hakkama,ligi,1,2,50,1
hakkama,rahul,2,4,50,2
hakkama,sisse,12,24,50,12
hakkama,taha,1,2,50,1
hakkama,täis,3,6,50,3
hakkatama,,4,8,50,4
hakkima,peale,1,2,50,1
hakkima,välja,1,2,50,1
halama,taga,1,2,50,1
halama,üle,1,2,50,1
halastussurmama,vastu,1,2,50,1
hallutsineerima,,1,2,50,1
halvanema,,2,4,50,2
hammastama,,1,2,50,1
hammustama,maha,1,2,50,1
hammustama,sisse,1,2,50,1
hanguma,kinni,2,4,50,2
hankima,ette,1,2,50,1
hankima,kõrvalt,1,2,50,1
hankima,külge,1,2,50,1
hankima,vastu,2,4,50,2
hankima,võidu,1,2,50,1
hargnema,üles,1,2,50,1
harima,ära,2,4,50,2
harjuma,ees,1,2,50,1
harjuma,kaasa,1,2,50,1
harjuma,koos,1,2,50,1
harjuma,üles,1,2,50,1
harjutama,peal,1,2,50,1
harjutama,peale,1,2,50,1
harrastama,edasi,1,2,50,1
harutama,maha,2,4,50,2
haukuma,peale,1,2,50,1
hautama,koos,1,2,50,1
heegeldama,külge,1,2,50,1
heelgeldama,,1,2,50,1
heiklema,,2,4,50,2
heitlema,edasi,2,4,50,2
heitma,edasi,1,2,50,1
heitma,"ette, ette",1,2,50,1
heitma,lahti,1,2,50,1
heitma,põlvili,2,4,50,2
heitma,üle,2,4,50,2
heitma,üles,4,8,50,4
helendama,edasi,1,2,50,1
heliseb-klirisema,,1,2,50,1
helistama,ilma,1,2,50,1
helistama,kinni,1,2,50,1
helistama,vastu,1,2,50,1
helistama,üles,2,4,50,2
helistanud-kirjutama,,1,2,50,1
heljuma,välja,1,2,50,1
hellitama,edasi,1,2,50,1
hermetiseerima,,1,2,50,1
hetklema,,1,2,50,1
hierarhiseeruma,,1,2,50,1
higistama,läbi,1,2,50,1
higistama,sees,1,2,50,1
hiilima,alla,1,2,50,1
hiilima,edasi,4,8,50,4
hiilima,kaasa,1,2,50,1
hiivama,ära,3,6,50,3
hiivama,üles,3,6,50,3
hilinema,ära,1,2,50,1
hillitsema,,2,4,50,2
hirmutama,üles,1,2,50,1
hivitama,,1,2,50,1
hoiatama,alla,1,2,50,1
hoidma,"alt, kinni",1,2,50,1
hoidma,ette,1,2,50,1
hoidma,"kokku, välja",1,2,50,1
hoidma,käibel,1,2,50,1
hoidma,kõrval,1,2,50,1
hoidma,lahku,1,2,50,1
hoidma,otsa,3,6,50,3
hoidma,sisse,2,4,50,2
hoidma,tarvis,1,2,50,1
hoidma,vaja,1,2,50,1
hoidma,varal,1,2,50,1
hoidma,üle,3,6,50,3
hooglema,,1,2,50,1
hooldama,üle,1,2,50,1
hoolima,ära,1,2,50,1
hoovama,üle,1,2,50,1
hullutsema,,1,2,50,1
hurmuma,,2,4,50,2
huvitama,ette,1,2,50,1
huvitama,läbi,2,4,50,2
huvitama,pealt,1,2,50,1
huvitama,tagasi,1,2,50,1
hyppama,läbi,2,4,50,2
hyppama,mööda,1,2,50,1
hyppama,välja,3,6,50,3
häbenema,välja,1,2,50,1
hädaldama,üle,1,2,50,1
hägunema,,6,12,50,6
häirima,all,1,2,50,1
häkkima,välja,1,2,50,1
häkkima,ümber,1,2,50,1
hämama,edasi,1,2,50,1
hängima,edasi,1,2,50,1
härma-koolma,,1,2,50,1
hääletama,alla,2,4,50,2
hääletama,koos,1,2,50,1
hääletama,tagasi,10,20,50,10
hääletama,ära,5,10,50,5
hõikama,alt,1,2,50,1
hõikama,sekka,1,2,50,1
hõivama,üle,1,2,50,1
hõljuma,edasi,2,4,50,2
hõljuma,peale,2,4,50,2
hõljuma,sees,1,2,50,1
hõljuma,tagasi,1,2,50,1
hõljuma,ära,1,2,50,1
hõrgutama,,2,4,50,2
hõõruma,peale,1,2,50,1
hülgama,tagasi,1,2,50,1
hüplema,edasi,1,2,50,1
hüplema,tagasi,1,2,50,1
hüplema,välja,1,2,50,1
hüppama,järgi,1,2,50,1
hüppama,koos,1,2,50,1
hüppama,külge,1,2,50,1
hüppama,mööda,6,12,50,6
hüppama,ümber,1,2,50,1
hüüatama,kõrvalt,1,2,50,1
hüübima,ära,2,4,50,2
hüüdma,järgi,1,2,50,1
identima,ära,1,2,50,1
igavlema,edasi,3,6,50,3
ignoreerima,ette,1,2,50,1
igritsema,,1,2,50,1
ilatsema,,4,8,50,4
ilkuma,vastu,1,2,50,1
illustreerima,ära,1,2,50,1
ilmestama,peale,1,2,50,1
ilmnema,peale,1,2,50,1
ilmuma,vahele,1,2,50,1
ilmuma,üles,1,2,50,1
ilmutama,tagasi,2,4,50,2
ilutsema,edasi,2,4,50,2
imama,välja,1,2,50,1
imema,alla,1,2,50,1
imenduma,läbi,2,4,50,2
imenduma,tagasi,3,6,50,3
imetlema,tagasi,1,2,50,1
immatrikuleeruma,,1,2,50,1
immiteerima,,1,2,50,1
immitsema,üles,1,2,50,1
immutama,ära,1,2,50,1
improviseerima,peale,1,2,50,1
inaugureerima,,1,2,50,1
individualiseerima,,1,2,50,1
industrialiseeruma,,1,2,50,1
informeerima,tagasi,1,2,50,1
inguma,,2,4,50,2
innustama,kaasa,1,2,50,1
innustama,tagant,3,6,50,3
insanema,,1,2,50,1
installeerima,peale,1,2,50,1
installeeruma,,11,22,50,11
interakteeruma,,4,8,50,4
internatsionaliseeruma,,4,8,50,4
intriigitsema,,3,6,50,3
investeerima,läbi,2,4,50,2
investeerima,tagasi,7,14,50,7
investeerima,vaja,1,2,50,1
irnuma,ära,1,2,50,1
irooniseerima,,1,2,50,1
irvitama,järele,1,2,50,1
irvitama,pealt,1,2,50,1
isekasutama,,1,2,50,1
iseloomustama,läbi,1,2,50,1
iseloomustama,vastu,2,4,50,2
iseloomustama,ära,1,2,50,1
iseloomustama,üle,1,2,50,1
iseloomustama,üles,1,2,50,1
istuma,kaasa,2,4,50,2
istuma,vait,1,2,50,1
istutama,koos,2,4,50,2
istuvad-astuma,,1,2,50,1
itereerima,,1,2,50,1
itsitama,kaasa,1,2,50,1
itsitama,taga,1,2,50,1
itzitama,,1,2,50,1
j2etuma,,1,2,50,1
jagama,vaja,1,2,50,1
jagama,valmis,1,2,50,1
jaguma,ette,1,2,50,1
jaguma,sekka,1,2,50,1
jagunema,pooleks,1,2,50,1
jagunema,ringi,1,2,50,1
jahtima,maha,1,2,50,1
jahutama,ära,1,2,50,1
jahvatama,kokku,1,2,50,1
jakkama,,1,2,50,1
jaksama,kaasa,1,2,50,1
jaksama,püsti,2,4,50,2
jaksama,ära,1,2,50,1
jaksama,üles,1,2,50,1
jalkima,,1,2,50,1
jalutama,ette,2,4,50,2
jalutama,kohale,2,4,50,2
jalutama,sisse,18,36,50,18
jamama,edasi,2,4,50,2
jantima,,12,24,50,12
jaurama,välja,1,2,50,1
jaurama,ära,2,4,50,2
jjanema,,1,2,50,1
jokkima,,1,2,50,1
jonksatama,,1,2,50,1
jooksma,"alla, üles",1,2,50,1
jooksma,"alt, ära",1,2,50,1
jooksma,edasi-tagasi,3,6,50,3
jooksma,koht,1,2,50,1
jooksma,lahku,1,2,50,1
jooksma,lähedal,1,2,50,1
jooksma,"mööda, alla",1,2,50,1
jooksma,"mööda, välja",2,4,50,2
jooksma,peal,7,14,50,7
jooksma,"peale, kokku",1,2,50,1
jooksma,puruks,1,2,50,1
jooksma,pärast,1,2,50,1
jooksma,tagant,1,2,50,1
jooksma,"välja, ette",1,2,50,1
jooksma,"üle, välja",2,4,50,2
jooksutama,kinni,7,14,50,7
jookustama,,1,2,50,1
jooma,alla,2,4,50,2
jooma,kusjuures,1,2,50,1
jooma,sees,1,2,50,1
jooma,tagasi,3,6,50,3
joondkima,,2,4,50,2
joonduma,järele,1,2,50,1
joonestuma,välja,1,2,50,1
joonistama,välja,40,80,50,40
jootma,maha,2,4,50,2
jootma,vaja,1,2,50,1
jooxnuma,kinni,1,2,50,1
jopastama,,1,2,50,1
jorama,,1,2,50,1
jorisema,mööda,1,2,50,1
jorrama,,1,2,50,1
jorutama,ära,1,2,50,1
jubtuma,,1,2,50,1
juhatama,kõrvale,1,2,50,1
juhendama,ringi,2,4,50,2
juhmistama,,1,2,50,1
juhtima,maha,1,2,50,1
juhtima,peal,1,2,50,1
juhtnuma,,3,6,50,3
juhtuma,mööda,6,12,50,6
juhtuma,peal,1,2,50,1
julgema,lahti,2,4,50,2
julgema,ligi,1,2,50,1
julgema,nõus,1,2,50,1
julgema,peale,2,4,50,2
julgema,üle,1,2,50,1
jurama,edasi,1,2,50,1
justima,,1,2,50,1
juthuma,,7,14,50,7
jutustama,kokku,1,2,50,1
jutustama,tagasi,1,2,50,1
jutustama,välja,1,2,50,1
juuduma,,1,2,50,1
jäguma,,4,8,50,4
jälgima,alt,1,2,50,1
jälgima,taga,1,2,50,1
jälgima,vahele,1,2,50,1
jämenema,,8,16,50,8
järama,ära,1,2,50,1
järgnema,ette,1,2,50,1
järgnema,ilma,1,2,50,1
järgnema,lähedal,1,2,50,1
järgnema,maha,1,2,50,1
järgnema,üles,2,4,50,2
järnema,,3,6,50,3
jätka-minema,,1,2,50,1
jätkama,alla,2,4,50,2
jätkuma,kokku,4,8,50,4
jätkuma,maha,2,4,50,2
jätkuma,ära,2,4,50,2
jätma,mahti,1,2,50,1
jätma,"otsa, lahti",1,2,50,1
jätma,pärast,1,2,50,1
jätma,vaja,2,4,50,2
jätma,võidu,2,4,50,2
jättkuma,,1,2,50,1
jätuma,,2,4,50,2
jääma,"alla, kinni",1,2,50,1
jääma,ettepoole,1,2,50,1
jääma,"järele, kokku",1,2,50,1
jääma,"kaasa, ilma",1,2,50,1
jääma,kaasas,1,2,50,1
jääma,keskel,2,4,50,2
jääma,"kinni, alla",1,2,50,1
jääma,koht,2,4,50,2
jääma,"kokku, alla",1,2,50,1
jääma,"kokku, puudu",1,2,50,1
jääma,koos,2,4,50,2
jääma,kuskile,1,2,50,1
jääma,käibele,5,10,50,5
jääma,külge,273,546,50,273
jääma,"lahti, alla",1,2,50,1
jääma,"maha, kinni",2,4,50,2
jääma,"pealt, puudu",1,2,50,1
jääma,"pooleli, koha",1,2,50,1
jääma,"puudu, üle",1,2,50,1
jääma,"ringi, sisse",1,2,50,1
jääma,"sisse, ära",1,2,50,1
jääma,toona,1,2,50,1
jääma,"vahele, kinni",1,2,50,1
jääma,"vahele, kokku",2,4,50,2
jääma,vahelt,1,2,50,1
jääma,»,1,2,50,1
jääma,"ära, valmis",1,2,50,1
jääma,äärde,1,2,50,1
jäätuma,kinni,12,24,50,12
jõllitama,maha,1,2,50,1
jõllitama,otsa,16,32,50,16
jõllitama,vastu,11,22,50,11
jõratama,,1,2,50,1
jõudma,eemale,6,12,50,6
jõudma,"järele, ette",1,2,50,1
jõudma,keskele,2,4,50,2
jõudma,kinni,4,8,50,4
jõudma,"läbi, tagasi",1,2,50,1
jõudma,pidama,1,2,50,1
jõudma,taga,1,2,50,1
jõudma,"tagasi, alla",1,2,50,1
jõudma,"tagasi, juurde",1,2,50,1
jõudma,tarvis,1,2,50,1
jõudma,ümber,3,6,50,3
jõuduma,vaja,1,2,50,1
jõunduma,,3,6,50,3
jõutama,valmis,1,2,50,1
jöudsima,,1,2,50,1
jüudnuma,,1,2,50,1
kaaduma,,1,2,50,1
kaagatama,,2,4,50,2
kaaluma,lahti,2,4,50,2
kaaluma,välja,8,16,50,8
kaanema,,1,2,50,1
kaanima,edasi,1,2,50,1
kaaperdama,lähedal,1,2,50,1
kaarduma,üles,1,2,50,1
kaasama,kokku,1,2,50,1
kaasnema,järele,1,2,50,1
kabetama,,1,2,50,1
kaduma,all,1,2,50,1
kaduma,taha,3,6,50,3
kaduma,üles,2,4,50,2
kaebama,"edasi, välja",2,4,50,2
kaebama,sisse,1,2,50,1
kaema,üles,1,2,50,1
kaevama,maha,1,2,50,1
kaevama,peale,1,2,50,1
kaevama,puruks,1,2,50,1
kahanema,vastu,1,2,50,1
kahestama,,1,2,50,1
kahlama,tagasi,1,2,50,1
kahmama,kätte,1,2,50,1
kahmama,üles,1,2,50,1
kahtlema,ära,1,2,50,1
kaiduma,,2,4,50,2
kaistuma,,1,2,50,1
kaitsma,läbi,2,4,50,2
kaitsma,maha,1,2,50,1
kaitsma,üles,2,4,50,2
kajastama,kokku,1,2,50,1
kajastama,läbi,1,2,50,1
kakerdama,juurde,1,2,50,1
kakerdama,sisse,1,2,50,1
kaksama,maha,1,2,50,1
kaktestama,,1,2,50,1
kalduma,otsa,1,2,50,1
kalduma,poole,1,2,50,1
kalduma,sisse,1,2,50,1
kalduma,vastu,1,2,50,1
kalkuleerima,läbi,1,2,50,1
kalkuleerima,sisse,1,2,50,1
kallama,eemale,1,2,50,1
kallutama,ümber,1,2,50,1
kalpsama,läbi,1,2,50,1
kamandama,üles,2,4,50,2
kammima,lahku,1,2,50,1
kanaldama,,2,4,50,2
kandideerima,koos,2,4,50,2
kandideerima,lahti,1,2,50,1
kandideerima,välja,1,2,50,1
kandieerima,,2,4,50,2
kandma,ees,1,2,50,1
kandma,juurest,1,2,50,1
kandma,"kokku, üle",1,2,50,1
kandma,lahku,1,2,50,1
kandma,püsti,1,2,50,1
kandma,"üle, ära",1,2,50,1
kanduma,ära,1,2,50,1
kangreenima,,1,2,50,1
kanseldama,,1,2,50,1
kantima,edasi,1,2,50,1
kantima,ümber,4,8,50,4
kaoksima,,1,2,50,1
kaotama,edasi,2,4,50,2
kaotama,iial,1,2,50,1
kaotama,juurde,3,6,50,3
kaotama,järel,2,4,50,2
kaotama,järele,1,2,50,1
kaotama,otsa,2,4,50,2
kapitaliseeruma,,1,2,50,1
kargama,järele,1,2,50,1
kargama,kokku,1,2,50,1
kargama,lahti,15,30,50,15
kargama,läbi,2,4,50,2
kargama,vahele,2,4,50,2
kargama,ümber,1,2,50,1
karistama,alla,1,2,50,1
karjuma,ees,1,2,50,1
karjuma,tagasi,1,2,50,1
karlima,,1,2,50,1
kartma,edasi,2,4,50,2
kartma,vahele,1,2,50,1
kasseerima,kokku,4,8,50,4
kastma,vaja,1,2,50,1
kastutama,,4,8,50,4
kasutama,ette,3,6,50,3
kasutama,lahti,2,4,50,2
kasutama,seoses,1,2,50,1
kasutama,tagasi,4,8,50,4
kasutama,"vastu, ära",1,2,50,1
kasvama,asemele,1,2,50,1
kasvama,eemale,1,2,50,1
kasvama,rahul,1,2,50,1
kasvama,sees,1,2,50,1
kasvama,umbe,1,2,50,1
kasvama,ära,3,6,50,3
kasvatama,ümber,19,38,50,19
katestama,,1,2,50,1
katkema,vastu,1,2,50,1
katkestama,läbi,1,2,50,1
katkestama,üle,1,2,50,1
katma,maha,1,2,50,1
katma,rahul,1,2,50,1
katma,tagasi,1,2,50,1
katsetama,välja,1,2,50,1
katsuma,alt,1,2,50,1
katsuma,kokku,1,2,50,1
katsuma,koos,1,2,50,1
kattuma,kokku,1,2,50,1
kauplema,edasi,9,18,50,9
kavaldama,läbi,1,2,50,1
kavandama,edasi,1,2,50,1
kavandama,kõrvale,1,2,50,1
kavandama,ära,1,2,50,1
kavandama,ümber,1,2,50,1
keedab-küpsetama,,1,2,50,1
keelitama,edasi,1,2,50,1
keelitama,tagasi,1,2,50,1
keema,välja,3,6,50,3
keepuma,,1,2,50,1
keerama,eest,1,2,50,1
keerama,kummuli,1,2,50,1
keerama,külili,1,2,50,1
keerama,"otsa, tagasi",1,2,50,1
keerama,põiki,1,2,50,1
keerama,püsti,1,2,50,1
keerama,segi,1,2,50,1
keerama,vussi,1,2,50,1
keerama,"ära, ära",1,2,50,1
keerima,,1,2,50,1
keerustuma,,3,6,50,3
keerutama,alla,2,4,50,2
keerutama,juurde,1,2,50,1
keerutama,tagasi,1,2,50,1
keerutama,ära,1,2,50,1
keetis-küpsetama,,1,2,50,1
keetma,kaasa,1,2,50,1
keetma,kõrvale,1,2,50,1
keexima,,1,2,50,1
kehtestama,läbi,1,2,50,1
kehtima,kaasa,1,2,50,1
kehtima,kokku,5,10,50,5
kehtima,sisse,1,2,50,1
kehtima,tagasi,1,2,50,1
kehtima,üle,1,2,50,1
keiduma,,1,2,50,1
keksima,ümber,1,2,50,1
kelima,,1,2,50,1
kepslema,välja,1,2,50,1
kepsutama,edasi,1,2,50,1
kergitama,mööda,1,2,50,1
kergitama,püsti,1,2,50,1
kerima,eemale,1,2,50,1
kerima,juurde,1,2,50,1
kerima,mööda,1,2,50,1
kerima,ringi,1,2,50,1
kerkima,alles,1,2,50,1
kerkima,ilma,2,4,50,2
kerkima,läbi,1,2,50,1
kerlema,,1,2,50,1
kes-seda-tegema,,1,2,50,1
keskenduma,alla,1,2,50,1
keskenduma,ära,1,2,50,1
kestma,ringi,2,4,50,2
kestma,ümber,1,2,50,1
ketistuma,,1,2,50,1
kicima,,1,2,50,1
kihistuma,,47,94,50,47
kihutama,edasi-tagasi,1,2,50,1
kihutama,eest,9,18,50,9
kihutama,kaasa,1,2,50,1
kihutama,lahti,2,4,50,2
kihutama,puruks,1,2,50,1
kihvatama,sees,5,10,50,5
kiikama,alla,2,4,50,2
kiikama,ringi,3,6,50,3
kiikama,tagasi,2,4,50,2
kiikuma,edasi,1,2,50,1
kiilanema,,3,6,50,3
kiiluma,kokku,1,2,50,1
kiiluma,lahti,2,4,50,2
kiinduma,peale,1,2,50,1
kiirendama,ära,1,2,50,1
kiirguma,tagasi,1,2,50,1
kiirustama,juurde,1,2,50,1
kiirustama,kaasa,1,2,50,1
kiirustama,peale,1,2,50,1
kiitma,"ette, heaks",1,2,50,1
kiitma,taga,1,2,50,1
kikkima,välja,1,2,50,1
kiletama,,3,6,50,3
kilkama,kaasa,1,2,50,1
kilkama,ringi,1,2,50,1
killima,maha,2,4,50,2
kimama,kohale,1,2,50,1
kimbutama,edasi,1,2,50,1
kinima,,1,2,50,1
kinkima,peale,1,2,50,1
kinnitama,kinni,1,2,50,1
kipitsema,,2,4,50,2
kippuma,all,1,2,50,1
kippuma,eemale,2,4,50,2
kippuma,kaasas,1,2,50,1
kippuma,ligi,8,16,50,8
kippuma,sees,1,2,50,1
kippuma,tarvis,1,2,50,1
kipruma,,1,2,50,1
kirema,edasi,1,2,50,1
kirjeldama,ette,2,4,50,2
kirjeldama,kinni,1,2,50,1
kirjuasima,,2,4,50,2
kirjutama,järele,2,4,50,2
kirjutama,taha,4,8,50,4
kirrutama,,1,2,50,1
kisama,edasi,1,2,50,1
kisama,järele,2,4,50,2
kiskuma,käest,1,2,50,1
kiskuma,kõrvale,8,16,50,8
kiskuma,läbi,1,2,50,1
kiskuma,püsti,2,4,50,2
kiskuma,valla,1,2,50,1
kitšistuma,,1,2,50,1
kiusama,edasi,4,8,50,4
kiuslema,,1,2,50,1
kivistuma,ära,4,8,50,4
klaarima,edasi,1,2,50,1
klappima,lahti,1,2,50,1
kleepuma,ümber,1,2,50,1
klikkama,peale,2,4,50,2
klimberdama,ära,1,2,50,1
klippima,,1,2,50,1
klirahtama,,1,2,50,1
klohmima,läbi,2,4,50,2
kloppima,sees,1,2,50,1
klõbistama,edasi,3,6,50,3
klõbistama,valmis,1,2,50,1
klõpsama,välja,1,2,50,1
klõpsutama,läbi,1,2,50,1
koaguleeruma,,1,2,50,1
kobama,ringi,7,14,50,7
kobima,sisse,1,2,50,1
kobisema,vastu,3,6,50,3
kobistama,tagasi,1,2,50,1
kodanlikustuma,,1,2,50,1
kodeerima,lahti,3,6,50,3
kodu-saalima,,1,2,50,1
kodustama,ära,4,8,50,4
kogema,ära,1,2,50,1
koguma,koos,1,2,50,1
koguma,peale,2,4,50,2
koguma,vaja,1,2,50,1
koguma,võlgu,2,4,50,2
koguma,üles,3,6,50,3
koguma,ümber,1,2,50,1
kogunema,eemale,1,2,50,1
kogunema,kõrvale,1,2,50,1
kogunema,läbi,1,2,50,1
kogunema,peale,2,4,50,2
kogunema,valmis,1,2,50,1
kogunema,ümber,12,24,50,12
kohmetama,ära,1,2,50,1
kohrutama,,1,2,50,1
kohtuma,valmis,1,2,50,1
kohtuma,ära,2,4,50,2
kohtuma,üle,1,2,50,1
kohutama,eemale,4,8,50,4
koksama,mööda,1,2,50,1
koksama,sisse,1,2,50,1
koksima,puruks,1,2,50,1
koksima,välja,1,2,50,1
kokutama,ära,1,2,50,1
kolima,kaasa,4,8,50,4
kolima,üles,1,2,50,1
kolisema,mööda,1,2,50,1
kolistama,välja,1,2,50,1
kolksuma,kokku,1,2,50,1
kollapseeruma,,1,2,50,1
kollideeruma,,1,2,50,1
kolm-neli-viima,,1,2,50,1
kombineerima,üle,2,4,50,2
kommenteerima,kaasa,1,2,50,1
kommenteerima,läbi,1,2,50,1
kommenteerima,tagasi,1,2,50,1
kompama,läbi,2,4,50,2
kompenseerima,üles,1,2,50,1
kompileerima,sisse,1,2,50,1
komponeerima,läbi,1,2,50,1
komposteerima,ära,2,4,50,2
kondama,ringi,24,48,50,24
konfima,ära,1,2,50,1
konfiskeerima,alla,1,2,50,1
konitama,,1,2,50,1
konsima,,1,2,50,1
konstrueerima,üle,1,2,50,1
kontrima,,1,2,50,1
kontrollima,ette,1,2,50,1
kontrollima,peale,1,2,50,1
kontrollima,valmis,1,2,50,1
konutama,läbi,1,2,50,1
konverteeruma,,3,6,50,3
konvertima,ära,1,2,50,1
koolitama,ilma,1,2,50,1
koolma,maha,2,4,50,2
koomama,,1,2,50,1
koomastama,,1,2,50,1
koondama,alla,3,6,50,3
koonduma,üles,1,2,50,1
koopteerima,,1,2,50,1
koosnema,peale,1,2,50,1
koosnema,üles,1,2,50,1
kootuma,läbi,1,2,50,1
kopeerima,maha,5,10,50,5
koperdama,ette,1,2,50,1
koppima,maha,1,2,50,1
koppima,peale,1,2,50,1
koppima,ümber,1,2,50,1
kopputama,,1,2,50,1
kopuleeruma,,2,4,50,2
koputama,kokku,1,2,50,1
koputama,maha,1,2,50,1
koputama,peale,1,2,50,1
koputama,üles,1,2,50,1
kordama,kaasa,2,4,50,2
kordama,läbi,4,8,50,4
kordama,ära,1,2,50,1
korduma,läbi,1,2,50,1
korduma,maha,1,2,50,1
koristama,edasi,1,2,50,1
koristama,eest,1,2,50,1
korjama,"ette, ära",1,2,50,1
korjama,tarvis,1,2,50,1
korjuma,kokku,1,2,50,1
korraldama,all,1,2,50,1
korraldama,alla,2,4,50,2
korraldama,ette,1,2,50,1
korraldama,lahti,3,6,50,3
korrastama,kokku,1,2,50,1
korrigeeruma,tagasi,1,2,50,1
kortuma,,1,2,50,1
koruma,,1,2,50,1
korvetama,ära,1,2,50,1
kosima,kaasa,1,2,50,1
kosnema,,1,2,50,1
kosserdama,ringi,1,2,50,1
kossuvend17unistama,,1,2,50,1
kostma,ette,1,2,50,1
kostma,üles,3,6,50,3
kostuma,tagant,1,2,50,1
kottuma,,1,2,50,1
koukima,maha,1,2,50,1
kraaksuma,edasi,1,2,50,1
krabama,tagasi,1,2,50,1
krabistama,edasi,1,2,50,1
kragisema,,5,10,50,5
kramplema,,1,2,50,1
kranksatama,,1,2,50,1
krapsama,ära,1,2,50,1
krapsama,üles,2,4,50,2
kratsima,lahti,1,2,50,1
krisostoomuma,,1,2,50,1
kristalliseeruma,ümber,1,2,50,1
kristianiseerima,,1,2,50,1
kritiseerima,ette,1,2,50,1
kritiseerima,ilma,1,2,50,1
kritseldama,üles,1,2,50,1
kriunuma,,1,2,50,1
krohvima,üle,1,2,50,1
krousima,,1,2,50,1
kruttima,edasi-tagasi,1,2,50,1
kruttima,maha,7,14,50,7
kruvima,kinni,6,12,50,6
kruvima,otsa,1,2,50,1
kryssuma,,1,2,50,1
krõmpsutama,alla,1,2,50,1
kubisema,valmis,1,2,50,1
kucuma,välja,1,2,50,1
kugistama,ära,1,2,50,1
kuhjama,juurde,1,2,50,1
kuhjama,peale,1,2,50,1
kuhjama,üle,4,8,50,4
kuhjuma,täis,1,2,50,1
kuhuma,,2,4,50,2
kuivama,peale,1,2,50,1
kuivatama,edasi,1,2,50,1
kuivenema,,1,2,50,1
kujundama,koos,1,2,50,1
kujundama,peale,1,2,50,1
kujundama,valmis,1,2,50,1
kujunema,alles,2,4,50,2
kujunema,valmis,1,2,50,1
kujutama,"ette, ilma",1,2,50,1
kujutama,ilma,1,2,50,1
kujutama,peale,1,2,50,1
kujutama,vaja,1,2,50,1
kujutlema,ära,1,2,50,1
kukkuma,ilma,1,2,50,1
kukkuma,juurde,1,2,50,1
kukkuma,järele,1,2,50,1
kukkuma,kõhuli,1,2,50,1
kukkuma,"läbi, vastu",1,2,50,1
kukkuma,ringi,2,4,50,2
kukkuma,"tagasi, alla",2,4,50,2
kukkuma,"tagasi, maha",1,2,50,1
kukkuma,täis,1,2,50,1
kulgema,kaasa,2,4,50,2
kulgema,keskel,1,2,50,1
kulgema,rahul,1,2,50,1
kulgema,"üles, alla",1,2,50,1
kulsima,,1,2,50,1
kulssima,,1,2,50,1
kultiveerima,edasi,1,2,50,1
kultuuristama,,2,4,50,2
kuluma,all,1,2,50,1
kuluma,kõrvale,1,2,50,1
kuluma,"peale, ära",1,2,50,1
kuluma,valmis,1,2,50,1
kulutama,heaks,1,2,50,1
kulutama,lahti,2,4,50,2
kulutama,tagasi,1,2,50,1
kulutama,üles,1,2,50,1
kumama,tagant,1,2,50,1
kumerdama,,1,2,50,1
kumisema,edasi,1,2,50,1
kummardama,ette,4,8,50,4
kummardama,ära,2,4,50,2
kummarduma,alla,4,8,50,4
kumnema,,1,2,50,1
kungima,,1,2,50,1
kunnuma,,1,2,50,1
kuritarvitama,ära,1,2,50,1
kurjustama,ära,1,2,50,1
kurrutama,,1,2,50,1
kurrutuma,,1,2,50,1
kurtma,alla,1,2,50,1
kusema,vastu,1,2,50,1
kusema,ära,2,4,50,2
kustuma,edasi,1,2,50,1
kustuma,peale,1,2,50,1
kustuma,üles,1,2,50,1
kustutama,"alt, ära",1,2,50,1
kutsuma,alla,8,16,50,8
kutsuma,läbi,3,6,50,3
kutsuma,pealt,1,2,50,1
kutsuma,"sisse, üles",1,2,50,1
kutsuma,"üles, välja",2,4,50,2
kutzuma,,1,2,50,1
kuulab-vaatama,,1,2,50,1
kuulama,maha,1,2,50,1
kuulatama,ära,1,2,50,1
kuule-nägema,,2,4,50,2
kuuleb-nägema,,5,10,50,5
kuulma,lahti,3,6,50,3
kuulma,sekka,1,2,50,1
kuulma,taga,2,4,50,2
kuulnud-näima,,2,4,50,2
kuuluma,alles,1,2,50,1
kuuluma,kaasa,1,2,50,1
kuuluma,kõrval,1,2,50,1
kuuluma,otsa,1,2,50,1
kuuluma,sekka,2,4,50,2
kuuluma,tänu,1,2,50,1
kuuluma,"üle, ilma",3,6,50,3
kuulutama,ära,3,6,50,3
kuumama,vastu,1,2,50,1
kuumutama,lahti,1,2,50,1
kuvama,ette,2,4,50,2
kuvanduma,,1,2,50,1
kyisima,,1,2,50,1
kysima,tagasi,1,2,50,1
kyyrima,,1,2,50,1
käibima,edasi,1,2,50,1
käima,algama,1,2,50,1
käima,"all, ära",1,2,50,1
käima,"alt, ära",2,4,50,2
käima,"edasi, tagasi",7,14,50,7
käima,"ette, taha",1,2,50,1
käima,kohale,1,2,50,1
käima,kõrvalt,1,2,50,1
käima,lahku,1,2,50,1
käima,"läbi, üle",1,2,50,1
käima,pealt,4,8,50,4
käima,pidama,1,2,50,1
käima,"püsti, ringi",1,2,50,1
käima,rahul,1,2,50,1
käima,"tagasi, ära",1,2,50,1
käima,tarvis,2,4,50,2
käima,vaja,3,6,50,3
käima,"ära, peale",1,2,50,1
käima,"üles, alla",2,4,50,2
käinud-näima,,1,2,50,1
käitnuma,,1,2,50,1
käituma,ees,1,2,50,1
käivitama,läbi,1,2,50,1
käivitama,tagasi,1,2,50,1
käkerdama,ära,1,2,50,1
käntsatama,,1,2,50,1
kärisema,kokku,1,2,50,1
kärisema,lahti,2,4,50,2
kärisema,peale,1,2,50,1
käristama,ringi,1,2,50,1
kärkima,vastu,1,2,50,1
kärsatama,läbi,2,4,50,2
kärssama,lahti,1,2,50,1
kärutama,edasi,1,2,50,1
käsima,,4,8,50,4
käsitlema,edasi,5,10,50,5
käsitlema,koos,4,8,50,4
käsutama,maha,1,2,50,1
kätkema,vaja,1,2,50,1
kävituma,,1,2,50,1
kääkima,,1,2,50,1
käänama,kahekorra,1,2,50,1
käänduma,tagasi,1,2,50,1
kõdunema,ära,5,10,50,5
kõhima,,1,2,50,1
kõhnutama,,1,2,50,1
kõikuma,alla,1,2,50,1
kõikuma,ette,1,2,50,1
kõikuma,ära,1,2,50,1
kõitima,,1,2,50,1
kõlama,lahti,3,6,50,3
kõlama,maha,1,2,50,1
kõlama,sekka,1,2,50,1
kõlbama,alla,1,2,50,1
kõlbama,välja,1,2,50,1
kõlksahtama,kokku,1,2,50,1
kõlksuma,kaasa,1,2,50,1
kõlkuma,alla,1,2,50,1
kõmmuma,,2,4,50,2
kõmpima,mööda,1,2,50,1
kõndima,juurde,3,6,50,3
kõndima,keskel,1,2,50,1
kõndima,kõrval,1,2,50,1
kõndima,otsa,4,8,50,4
kõndima,üle,9,18,50,9
kõnelema,kaasa,4,8,50,4
kõnelema,kokku,3,6,50,3
kõnelema,välja,1,2,50,1
kõnnisklema,,1,2,50,1
kõrbema,kinni,3,6,50,3
kõrbema,üle,1,2,50,1
kõrguma,kohal,1,2,50,1
kõrguma,välja,2,4,50,2
kõrguma,üle,4,8,50,4
kõrtsuma,,1,2,50,1
kõrvetama,sisse,1,2,50,1
kõrvutuma,,1,2,50,1
kõtuma,,3,6,50,3
köhklema,,1,2,50,1
köisima,,1,2,50,1
köitma,lahti,1,2,50,1
köitma,ära,1,2,50,1
köötsutama,,1,2,50,1
küdema,edasi,1,2,50,1
kükitama,all,1,2,50,1
külastama,ära,2,4,50,2
külima,,3,6,50,3
külmama,kinni,1,2,50,1
külmetama,tagasi,1,2,50,1
külmsuitsutama,,1,2,50,1
külvama,läbi,1,2,50,1
külvama,välja,1,2,50,1
kündma,ära,2,4,50,2
kündma,üle,1,2,50,1
küpsetama,kaasa,1,2,50,1
küpsetama,pealt,1,2,50,1
küsima,alt,1,2,50,1
küsima,ees,1,2,50,1
küsima,kõrvale,1,2,50,1
küsima,täis,1,2,50,1
küsitama,tagasi,1,2,50,1
kütma,alla,1,2,50,1
kütma,ette,1,2,50,1
kütma,mööda,1,2,50,1
küünitama,ette,3,6,50,3
küünitama,järele,3,6,50,3
küünituma,,8,16,50,8
küürutama,edasi,1,2,50,1
laanima,,1,2,50,1
laduma,kinni,1,2,50,1
laenama,kaasa,1,2,50,1
lagastama,ära,9,18,50,9
lagastuma,,1,2,50,1
lagima,,5,10,50,5
lagunema,"all, ära",2,4,50,2
lahendama,alles,1,2,50,1
lahendama,läbi,1,2,50,1
lahhkuma,,1,2,50,1
lahistama,,22,44,50,22
lahjendama,lahti,1,2,50,1
lahkuma,edasi,3,6,50,3
lahmima,ette,1,2,50,1
lahmima,kinni,1,2,50,1
lahmima,sisse,2,4,50,2
lahutama,alla,1,2,50,1
lahvatama,laiali,1,2,50,1
lahvatama,läbi,1,2,50,1
laiendama,vastu,1,2,50,1
laiendama,välja,5,10,50,5
laimama,ära,2,4,50,2
lainetama,alla,1,2,50,1
laiskuma,peal,1,2,50,1
laiuma,kohal,1,2,50,1
laiuma,välja,1,2,50,1
lajatama,otsa,2,4,50,2
lajatama,välja,1,2,50,1
lajatama,ära,1,2,50,1
lakkuma,sisse,2,4,50,2
lakkuma,üle,5,10,50,5
laksatama,kinni,2,4,50,2
lamama,all,2,4,50,2
lammutama,peale,1,2,50,1
lammutama,välja,1,2,50,1
langema,all,1,2,50,1
langema,alles,2,4,50,2
langema,järel,1,2,50,1
langema,ligi,1,2,50,1
langetama,peale,2,4,50,2
langetama,vastu,1,2,50,1
langetama,üle,1,2,50,1
laotama,üle,1,2,50,1
laotuma,täis,2,4,50,2
laotuma,ümber,2,4,50,2
lappima,kokku,25,50,50,25
lapsendama,ära,1,2,50,1
larisema,,2,4,50,2
laristama,maha,9,18,50,9
laristama,ära,3,6,50,3
larpima,peale,1,2,50,1
larpima,sisse,1,2,50,1
laskma,ees,2,4,50,2
laskma,kõrvale,1,2,50,1
laskma,külge,1,2,50,1
laskma,"lahti, kokku",1,2,50,1
laskma,"lähedal, maha",1,2,50,1
laskma,"maha, kokku",1,2,50,1
laskma,sees,1,2,50,1
laskma,taha,3,6,50,3
laskma,viltu,1,2,50,1
laskma,võidu,1,2,50,1
laskma,"ära, maha",1,2,50,1
laskma,"ära, välja",1,2,50,1
laskma,"üles, alla",1,2,50,1
laskuma,"alla, tagasi",1,2,50,1
laskuma,edasi,1,2,50,1
laskuma,koos,1,2,50,1
laskuma,vastu,1,2,50,1
laskuma,välja,2,4,50,2
lasnuma,alla,1,2,50,1
lasnuma,maha,2,4,50,2
laulima,,1,2,50,1
laulma,ilma,1,2,50,1
laulma,otsa,2,4,50,2
launchima,,2,4,50,2
lausuma,ilma,1,2,50,1
lausuma,juurde,1,2,50,1
lautima,,1,2,50,1
lavastama,edasi,1,2,50,1
lavastama,koos,1,2,50,1
laveerima,kõrvale,1,2,50,1
laxima,,3,6,50,3
lebama,maas,4,8,50,4
ledsima,,2,4,50,2
leekima,edasi,1,2,50,1
leffima,,1,2,50,1
lefitama,,1,2,50,1
lehvima,vastu,1,2,50,1
lehvima,üle,2,4,50,2
lehvitama,kaasa,1,2,50,1
leidma,nõus,1,2,50,1
leidma,pärast,1,2,50,1
leidma,vastu,6,12,50,6
leiduma,alla,1,2,50,1
leiduma,järele,1,2,50,1
leiduma,peale,1,2,50,1
leiutama,ära,1,2,50,1
leiutama,ümber,1,2,50,1
lejäänuma,,1,2,50,1
lekitama,välja,1,2,50,1
lekkima,ära,1,2,50,1
lekuma,,1,2,50,1
lendama,ees,3,6,50,3
lendama,ligi,4,8,50,4
lendama,peal,1,2,50,1
lendama,peale,55,110,50,55
lendama,täis,2,4,50,2
lendama,"üle, ilma, laiali",1,2,50,1
lennutama,sisse,1,2,50,1
leotama,ära,2,4,50,2
leppima,ilma,1,2,50,1
lesima,edasi,2,4,50,2
levima,ette,1,2,50,1
levima,kaasa,1,2,50,1
levima,vastu,1,2,50,1
lexima,,1,2,50,1
libisema,all,1,2,50,1
libisema,alt,2,4,50,2
libisema,"eest, ära",5,10,50,5
libisema,kinni,1,2,50,1
libisema,lahti,6,12,50,6
libistama,eemale,1,2,50,1
libistama,välja,12,24,50,12
liduma,mööda,1,2,50,1
ligunema,lahti,3,6,50,3
lihtsustama,üle,1,2,50,1
lihtsutama,,1,2,50,1
liidad-lahutama,,1,2,50,1
liigutama,läbi,1,2,50,1
liigutama,üles,2,4,50,2
liiklema,edasi,1,2,50,1
liiklema,kokku,1,2,50,1
liikuma,allapoole,1,2,50,1
liikuma,alles,1,2,50,1
liikuma,"edasi, koos",1,2,50,1
liikuma,"edasi, läbi",1,2,50,1
liikuma,"edasi, välja",1,2,50,1
liikuma,juurde,1,2,50,1
liikuma,keskele,2,4,50,2
liikuma,"kinni, ringi",1,2,50,1
liikuma,lahti,1,2,50,1
liikuma,lähedal,1,2,50,1
liikuma,ära,30,60,50,30
liimendama,,1,2,50,1
liimima,ette,1,2,50,1
liimima,kinni,6,12,50,6
liimima,"kokku, tagasi",1,2,50,1
liimuma,kokku,1,2,50,1
liipama,vastu,1,2,50,1
liitma,alla,1,2,50,1
liituma,ära,4,8,50,4
likvideerima,alles,1,2,50,1
likvideerima,ära,10,20,50,10
lindistama,edasi,1,2,50,1
lindistama,ära,3,6,50,3
linguma,,1,2,50,1
lintšima,ära,3,6,50,3
linuma,,1,2,50,1
lippama,üles,3,6,50,3
lipsama,alla,1,2,50,1
lipsama,ära,5,10,50,5
lisama,peale,2,4,50,2
lisama,vahele,2,4,50,2
lisama,võidu,2,4,50,2
lisanduma,alla,2,4,50,2
lisanema,,1,2,50,1
litsitama,,1,2,50,1
litsuma,kokku,2,4,50,2
litsuma,läbi,1,2,50,1
litsuma,sisse,2,4,50,2
littlema,,1,2,50,1
lituma,,1,2,50,1
liuglema,välja,4,8,50,4
lobisema,edasi,2,4,50,2
loeb-parandama,,1,2,50,1
loeme-kuulma,,2,4,50,2
loevad-laulma,,1,2,50,1
logelema,,57,114,50,57
logistama,mööda,1,2,50,1
logistama,tagasi,1,2,50,1
logistama,ära,1,2,50,1
lohisema,alla,1,2,50,1
lohisema,kaasas,1,2,50,1
lohisema,otsa,1,2,50,1
lohistama,järele,3,6,50,3
loiutama,,1,2,50,1
loivama,kohale,2,4,50,2
loivama,püsti,1,2,50,1
loksuma,kokku,4,8,50,4
loksuma,mööda,1,2,50,1
loksutama,alla,1,2,50,1
lompama,,1,2,50,1
lonkama,tagasi,1,2,50,1
lonkima,ära,1,2,50,1
loobuma,kokku,4,8,50,4
loodsima,,3,6,50,3
looma,kaasas,1,2,50,1
looma,mõlki,1,2,50,1
looma,peale,26,52,50,26
looma,sekka,3,6,50,3
looma,tarvis,2,4,50,2
looma,"vastu, ära",1,2,50,1
loopima,edasi,1,2,50,1
loopima,kinni,1,2,50,1
loopima,kokku,1,2,50,1
loopima,üles,3,6,50,3
lootma,läbi,1,2,50,1
lootma,vastu,1,2,50,1
lootma,üle,4,8,50,4
lootsima,koos,1,2,50,1
loovima,välja,2,4,50,2
loovutama,tagasi,4,8,50,4
loovutama,ära,1,2,50,1
loovutama,üle,1,2,50,1
loppuma,,1,2,50,1
lorisema,,1,2,50,1
lottama,,1,2,50,1
lubama,abil,1,2,50,1
lubama,alles,2,4,50,2
lubama,kaasa,6,12,50,6
lubama,kallale,1,2,50,1
lubama,kõrvale,1,2,50,1
lubama,täis,1,2,50,1
lubama,vaja,4,8,50,4
lugema,alla,3,6,50,3
lugema,eest,2,4,50,2
lugema,valmis,1,2,50,1
lugema,võlgu,1,2,50,1
luhvama,,1,2,50,1
luhvtitama,,1,2,50,1
lukustama,kinni,1,2,50,1
lukustuma,ära,1,2,50,1
lullitama,,1,2,50,1
lunastama,kokku,1,2,50,1
lupsama,välja,2,4,50,2
lutsutama,ära,1,2,50,1
luttima,ära,2,4,50,2
luurama,ringi,5,10,50,5
läbima,läbi,1,2,50,1
läbima,välja,3,6,50,3
läbima,ümber,1,2,50,1
läbutama,,1,2,50,1
lähenema,üle,1,2,50,1
lähima,,1,2,50,1
lähme-minema,,1,2,50,1
lähuma,,1,2,50,1
läkutama,,1,2,50,1
lällama,edasi,1,2,50,1
lämbuma,kätte,2,4,50,2
läntsima,,1,2,50,1
lärmama,ära,1,2,50,1
lätistuma,,1,2,50,1
lätrama,,1,2,50,1
lätsatama,,1,2,50,1
lõhendama,,1,2,50,1
lõi-kasima,,1,2,50,1
lõikama,alles,1,2,50,1
lõikama,eemale,1,2,50,1
lõikama,üle,1,2,50,1
lõikuma,kokku,1,2,50,1
lõimuma,,16,32,50,16
lõkkama,,1,2,50,1
lõnksatama,alla,1,2,50,1
lõnksuma,,1,2,50,1
lõpetama,ees,4,8,50,4
lõpetama,"tagasi, ära",1,2,50,1
lõpma,alla,1,2,50,1
lõpma,valmis,1,2,50,1
lõpma,vastu,1,2,50,1
lõppema,alla,1,2,50,1
lõppema,ümber,1,2,50,1
lõugama,vastu,1,2,50,1
lösutama,maha,1,2,50,1
lööma,"eest, ära",1,2,50,1
lööma,lulli,8,16,50,8
lööma,lömmi,1,2,50,1
lööma,otsa,2,4,50,2
lööma,pooleks,2,4,50,2
lööma,sirgu,4,8,50,4
lööma,"takka, üles",1,2,50,1
lükkama,"eest, ära",2,4,50,2
lükkama,juurde,3,6,50,3
lükkama,"kokku, tagasi",1,2,50,1
lükkama,takka,5,10,50,5
lükkama,tarvis,1,2,50,1
lükkama,uppi,1,2,50,1
lükkama,valla,1,2,50,1
lülitama,kinni,3,6,50,3
lülitama,ringi,1,2,50,1
m2ngituma,,1,2,50,1
m6istima,,1,2,50,1
m6tisklema,,1,2,50,1
m6tlegima,,1,2,50,1
m7ttetuma,,2,4,50,2
maalima,juurde,1,2,50,1
maalima,kokku,1,2,50,1
maanduma,ees,2,4,50,2
maanduma,ette,2,4,50,2
maanduma,kokku,2,4,50,2
maanduma,välja,3,6,50,3
maarduma,,1,2,50,1
madalduma,,19,38,50,19
madanema,,1,2,50,1
magama,all,3,6,50,3
magama,pärast,1,2,50,1
magama,taga,2,4,50,2
magama,"ära, maha",2,4,50,2
magestama,,1,2,50,1
magneetuma,,1,2,50,1
magus-valuma,,2,4,50,2
magustama,,2,4,50,2
mahtuma,mööda,21,42,50,21
mahtuma,pealt,1,2,50,1
mahtuma,taha,1,2,50,1
mahtuma,valmis,1,2,50,1
mahutama,sisse,2,4,50,2
maitsema,kokku,1,2,50,1
maitsestama,ära,1,2,50,1
maitsma,kinni,1,2,50,1
maksma,"ette, ära",7,14,50,7
maksma,"kinni, kokku",1,2,50,1
maksma,koos,1,2,50,1
maksma,laiali,1,2,50,1
maksma,otsa,3,6,50,3
maksma,peale,151,302,50,151
maksma,tarvis,1,2,50,1
maksma,"võlgu, tagasi",2,4,50,2
maksma,"üles, alla",1,2,50,1
makuma,,1,2,50,1
manema,,1,2,50,1
manitsema,järele,1,2,50,1
manitsema,tagasi,1,2,50,1
manööverdama,,70,140,50,70
markeerima,üle,1,2,50,1
marssima,ette,2,4,50,2
marssima,kohale,4,8,50,4
marssima,kokku,1,2,50,1
marssima,maha,1,2,50,1
marssima,vastu,3,6,50,3
marssima,üles,4,8,50,4
mastrubeerima,,1,2,50,1
mathima,,1,2,50,1
matma,kinni,6,12,50,6
matma,läbi,1,2,50,1
matma,peale,1,2,50,1
matma,sisse,3,6,50,3
matma,vaja,2,4,50,2
matma,välja,1,2,50,1
matma,ära,7,14,50,7
matsatama,maha,3,6,50,3
meedlima,,14,28,50,14
meeldima,ilma,1,2,50,1
meeldima,kallale,1,2,50,1
meeldima,kohal,1,2,50,1
meeldima,maha,1,2,50,1
meeldima,teps,1,2,50,1
meeldima,vahel,1,2,50,1
meeldima,üles,1,2,50,1
meelestuma,,6,12,50,6
meelgima,,1,2,50,1
meelitama,alla,1,2,50,1
meelitama,peale,1,2,50,1
meenuma,läbi,1,2,50,1
meenutama,kinni,1,2,50,1
meenutama,otsa,1,2,50,1
meenutama,sisse,1,2,50,1
meenutama,ühte,1,2,50,1
meibima,,4,8,50,4
meietama,,1,2,50,1
meipima,,5,10,50,5
melima,,1,2,50,1
memoreerima,,1,2,50,1
merlinema,,1,2,50,1
metaboliseeruma,,2,4,50,2
meõlduma,,1,2,50,1
miadgima,,1,2,50,1
midaignema,,1,2,50,1
miduma,,1,2,50,1
mikkuma,,1,2,50,1
miksima,sisse,1,2,50,1
milinema,,1,2,50,1
mine-teadma,,1,2,50,1
minema,"alt, sisse",1,2,50,1
minema,"edasi, üles",1,2,50,1
minema,eemale,95,190,50,95
minema,"ees, ära",1,2,50,1
minema,järel,3,6,50,3
minema,käibele,8,16,50,8
minema,luhta,1,2,50,1
minema,"läbi, välja",1,2,50,1
minema,lörri,1,2,50,1
minema,"tagasi, juurde",1,2,50,1
minema,"tagasi, järele",1,2,50,1
minema,"tagasi, tagasi",1,2,50,1
minema,"vaja, kokku",1,2,50,1
minema,"vastu, ette",1,2,50,1
minema,vussi,1,2,50,1
minema,"välja, koos",1,2,50,1
minema,"välja, peale",1,2,50,1
minema,"üle, edasi",1,2,50,1
minema,"üle, välja",1,2,50,1
minema,"üles, ees",1,2,50,1
minema,"üles, välja",1,2,50,1
minginema,,3,6,50,3
misuma,,1,2,50,1
mitmestuma,,1,2,50,1
moistetama,,1,2,50,1
moistnuma,,1,2,50,1
moistuma,,1,2,50,1
monteerima,külge,2,4,50,2
monteerima,peale,2,4,50,2
monteerima,vahele,1,2,50,1
mooduma,,1,2,50,1
moodustama,juurde,1,2,50,1
moodustama,tarvis,1,2,50,1
moodustama,vahele,1,2,50,1
moodustama,vastu,1,2,50,1
moorima,,3,6,50,3
moosima,kaasa,1,2,50,1
moosima,ära,4,8,50,4
mootnuma,,3,6,50,3
mottima,,1,2,50,1
mpanema,,1,2,50,1
mspaintima,,1,2,50,1
mudastama,,1,2,50,1
mudima,läbi,1,2,50,1
mugandama,ümber,1,2,50,1
muganema,,2,4,50,2
mugima,kõrvale,1,2,50,1
muhelema,peale,1,2,50,1
muigama,sisse,1,2,50,1
mulisema,edasi,1,2,50,1
mulisema,ära,3,6,50,3
muljuma,kokku,2,4,50,2
mullistuma,,1,2,50,1
munama,ära,1,2,50,1
munema,edasi,1,2,50,1
munema,ära,2,4,50,2
murdma,alles,1,2,50,1
murdma,kõrvale,1,2,50,1
murduma,alt,1,2,50,1
murduma,peale,1,2,50,1
murduma,vastu,1,2,50,1
murendama,peale,1,2,50,1
murenema,pealt,1,2,50,1
muretsema,edasi,2,4,50,2
muretsema,ette,4,8,50,4
muretsema,kaasa,1,2,50,1
muretsema,valmis,1,2,50,1
muserdama,ära,1,2,50,1
mustama,ära,1,2,50,1
muudsima,,1,2,50,1
muumiastuma,,1,2,50,1
muutma,kaasa,1,2,50,1
muutma,koos,2,4,50,2
muutuma,alla,1,2,50,1
muutuma,koos,2,4,50,2
muutuma,nõus,1,2,50,1
muutuma,püsti,1,2,50,1
muutuma,valmis,1,2,50,1
muzutama,,1,2,50,1
myrgitama,,1,2,50,1
mäkerdama,ära,3,6,50,3
mäletama,alla,1,2,50,1
mäletama,kaasa,1,2,50,1
mäletama,mööda,1,2,50,1
mäletama,välja,4,8,50,4
mäletama,ära,1,2,50,1
mängima,kaasas,1,2,50,1
mängima,kohal,2,4,50,2
mängima,püsti,1,2,50,1
mängima,ringi,4,8,50,4
mängima,sees,4,8,50,4
mängima,tarvis,1,2,50,1
mängima,üles,1,2,50,1
mängitama,lahti,1,2,50,1
mängitama,ümber,1,2,50,1
mänima,,2,4,50,2
männgima,,1,2,50,1
märatsema,vastu,1,2,50,1
märgistama,maha,1,2,50,1
märkama,ilma,1,2,50,1
märkama,kokku,2,4,50,2
märkama,läbi,3,6,50,3
märkama,tagasi,1,2,50,1
märkama,välja,2,4,50,2
märkima,sisse,2,4,50,2
mässima,tagasi,1,2,50,1
mätsutama,,2,4,50,2
määndama,ära,1,2,50,1
määrama,eest,1,2,50,1
määrama,ümber,1,2,50,1
määrima,edasi,1,2,50,1
määrima,sisse,12,24,50,12
määrima,vahele,1,2,50,1
môistetama,,1,2,50,1
mõdsima,,1,2,50,1
mõistma,alles,1,2,50,1
mõistma,järele,1,2,50,1
mõistma,peale,2,4,50,2
mõitsima,,1,2,50,1
mõjuma,ette,1,2,50,1
mõlgutlema,,1,2,50,1
mõnulema,edasi,3,6,50,3
mõtlema,alles,1,2,50,1
mõtlema,"ette, valmis",1,2,50,1
mõtlema,kõrvale,1,2,50,1
mõtlema,tarvis,1,2,50,1
mõtlema,vaja,1,2,50,1
mõõduma,,8,16,50,8
mõõtma,kokku,2,4,50,2
mõõtma,kõrvalt,1,2,50,1
möbleerima,,3,6,50,3
mögama,,3,6,50,3
mögisema,edasi,1,2,50,1
möirgama,üle,1,2,50,1
möistetama,,1,2,50,1
möistnuma,,1,2,50,1
mökerdama,,3,6,50,3
mölisema,edasi,3,6,50,3
möllama,kaasa,2,4,50,2
mönuma,,4,8,50,4
mööduma,koos,1,2,50,1
mööduma,vastu,1,2,50,1
mööduma,välja,1,2,50,1
möögima,,1,2,50,1
möönuma,,1,2,50,1
müdistama,edasi,1,2,50,1
müdistama,kaasa,1,2,50,1
mühisema,all,1,2,50,1
mürgeldama,ringi,1,2,50,1
mürisema,läbi,1,2,50,1
mürisema,ümber,1,2,50,1
mürtsuma,edasi,1,2,50,1
müüma,eemale,1,2,50,1
müüma,"ette, maha",2,4,50,2
müüma,"kokku, kokku",1,2,50,1
müüma,"kokku, maha",1,2,50,1
müüma,seest,1,2,50,1
müümima,,1,2,50,1
n2ittama,,1,2,50,1
n2ppisima,,1,2,50,1
n6udima,,2,4,50,2
n6ustuma,,4,8,50,4
naaklema,,3,6,50,3
naasma,ees,1,2,50,1
naasma,järele,1,2,50,1
naasma,kaasa,1,2,50,1
naelutuma,,1,2,50,1
naeratama,järele,1,2,50,1
naeratlema,,2,4,50,2
naermima,,1,2,50,1
nagguma,,1,2,50,1
nahuma,,1,2,50,1
nahutama,läbi,1,2,50,1
naisestuma,,1,2,50,1
naitma,,1,2,50,1
nakatama,kokku,1,2,50,1
naksama,kinni,2,4,50,2
naksama,läbi,2,4,50,2
naljatama,ära,1,2,50,1
napsitama,koos,1,2,50,1
nattima,eemale,1,2,50,1
nautima,lahti,1,2,50,1
nautima,vastu,1,2,50,1
nautima,üle,3,6,50,3
neelama,läbi,1,2,50,1
neetima,kokku,1,2,50,1
negareppima,,1,2,50,1
nenema,,1,2,50,1
nettima,,1,2,50,1
neutraliseeruma,,5,10,50,5
newsgroupima,,4,8,50,4
nihkuma,eemale,14,28,50,14
nihkuma,ette,9,18,50,9
nihkuma,kokku,1,2,50,1
nihkuma,laiali,1,2,50,1
nihkuma,ringi,1,2,50,1
nihkuma,välja,8,16,50,8
nihkuma,üle,1,2,50,1
nihutama,esile,1,2,50,1
nihutama,välja,3,6,50,3
nihvima,,1,2,50,1
niitma,sisse,1,2,50,1
nikeldama,,1,2,50,1
nikerdama,sisse,1,2,50,1
nikkuma,ära,2,4,50,2
nimetama,alla,3,6,50,3
nimetama,üle,1,2,50,1
ninnima,,1,2,50,1
nirisema,läbi,1,2,50,1
niristama,juurde,1,2,50,1
nirutama,,1,2,50,1
nokitsema,lahti,2,4,50,2
nokitsema,ära,2,4,50,2
nokkima,sees,1,2,50,1
nomineerima,,1,2,50,1
noogutama,vastu,3,6,50,3
noppima,lahti,1,2,50,1
norima,vastu,1,2,50,1
nrmaalnema,,1,2,50,1
nugistama,,1,2,50,1
nuhkima,järele,1,2,50,1
nuhkima,ringi,7,14,50,7
nummerdama,ümber,1,2,50,1
nunuma,,1,2,50,1
nuputama,edasi,3,6,50,3
nussima,läbi,4,8,50,4
nutma,maha,1,2,50,1
nutsima,koos,1,2,50,1
nutsuma,,1,2,50,1
nuuskama,ära,1,2,50,1
nuuskima,edasi,1,2,50,1
nuxxima,,2,4,50,2
nyhtima,,1,2,50,1
nyssima,,1,2,50,1
nädalaks-paarima,,2,4,50,2
näeme-kuulma,,2,4,50,2
näevad-kuulma,,1,2,50,1
nägelema,,8,16,50,8
nägema,"alla, välja",1,2,50,1
nägema,"alt, üles",1,2,50,1
nägema,"eest, välja",1,2,50,1
nägema,"ette, edasi",1,2,50,1
nägema,"ette, ära",1,2,50,1
nägema,järele,1,2,50,1
nägema,"pealt, välja",1,2,50,1
nägema,sees,5,10,50,5
nägema,vastu,9,18,50,9
nägema,"välja, kinni",1,2,50,1
nägema,ära,371,742,50,371
nägime-kuulma,,1,2,50,1
nägin-kuulma,,1,2,50,1
nähtuma,"ette, kokku",4,8,50,4
nähtuma,välja,1,2,50,1
nähtuma,üle,1,2,50,1
nähvama,tagasi,1,2,50,1
nähvatama,,1,2,50,1
näima,all,1,2,50,1
näima,lahti,2,4,50,2
näima,otsa,1,2,50,1
näima,tagasi,1,2,50,1
näima,vastu,1,2,50,1
näima,üle,2,4,50,2
näima,ümber,1,2,50,1
näitama,"ette, ära",1,2,50,1
näitama,järel,1,2,50,1
näitama,kohale,1,2,50,1
näitama,kõrvale,1,2,50,1
näitama,peal,1,2,50,1
näitama,valmis,3,6,50,3
näksima,kõrvale,1,2,50,1
nälgima,edasi,1,2,50,1
nämmutama,läbi,1,2,50,1
nännuma,,18,36,50,18
näpistama,maha,1,2,50,1
näpistama,vastu,1,2,50,1
näpsima,,2,4,50,2
näputama,,1,2,50,1
närima,kõrvale,1,2,50,1
närima,küüsi,1,2,50,1
närima,otsa,1,2,50,1
närvutama,ära,1,2,50,1
näxima,,1,2,50,1
nääkima,,2,4,50,2
nõelama,vastu,3,6,50,3
nõkutama,,4,8,50,4
nõrisema,välja,1,2,50,1
nõrkema,ära,3,6,50,3
nõudlema,,13,26,50,13
nõudma,"võlgu, välja",2,4,50,2
nõustuma,valmis,1,2,50,1
nöudima,välja,1,2,50,1
nöutuma,,1,2,50,1
nügima,mööda,1,2,50,1
nühkima,sisse,1,2,50,1
nühkima,taga,1,2,50,1
nükerdama,,2,4,50,2
objektistama,,2,4,50,2
objektiveeruma,,1,2,50,1
oduma,,1,2,50,1
odzima,,1,2,50,1
oegima,,1,2,50,1
oeltima,,1,2,50,1
offerdama,,1,2,50,1
ohkama,järele,1,2,50,1
ohkima,taga,1,2,50,1
ohustama,tagant,2,4,50,2
ohustama,välja,1,2,50,1
oidsima,,1,2,50,1
oimuma,,2,4,50,2
oksendama,ette,1,2,50,1
olema,=,1,2,50,1
olema,aega,1,2,50,1
olema,"alles, välja",1,2,50,1
olema,"alt, kinni",1,2,50,1
olema,ennegi,1,2,50,1
olema,hulgi,2,4,50,2
olema,ilusti,2,4,50,2
olema,jokk,3,6,50,3
olema,"juurde, tarvis",4,8,50,4
olema,jõle,2,4,50,2
olema,"kaasa, rahul",1,2,50,1
olema,kannul,7,14,50,7
olema,kiri,1,2,50,1
olema,"kohal, välja",1,2,50,1
olema,"kokku, ära",1,2,50,1
olema,koletu,1,2,50,1
olema,kuski,1,2,50,1
olema,kägaras,1,2,50,1
olema,käigus,1,2,50,1
olema,laokil,1,2,50,1
olema,ligidal,1,2,50,1
olema,mood,5,10,50,5
olema,"nõus, edasi",1,2,50,1
olema,olema,3,6,50,3
olema,omajagu,1,2,50,1
olema,otsas,2,4,50,2
olema,"pealt, vaja",1,2,50,1
olema,"pärast, vaja",1,2,50,1
olema,raudus,1,2,50,1
olema,rindu,1,2,50,1
olema,sellal,1,2,50,1
olema,"tagant, ära",1,2,50,1
olema,taha,2,4,50,2
olema,"tarvis, valmis",1,2,50,1
olema,"täis, vaja",1,2,50,1
olema,va,1,2,50,1
olema,"vaja, edasi",2,4,50,2
olema,"vaja, ette",1,2,50,1
olema,"vaja, ilma",1,2,50,1
olema,"vaja, kaasas",2,4,50,2
olema,"vaja, koos",1,2,50,1
olema,"vaja, lahti",1,2,50,1
olema,"vaja, vastu",1,2,50,1
olema,vastamisi,3,6,50,3
olema,"välja, nõus",1,2,50,1
olema,"välja, ära",1,2,50,1
olluma,,1,2,50,1
olnduma,,1,2,50,1
olunema,,1,2,50,1
omama,ilma,1,2,50,1
omama,taga,1,2,50,1
omandama,edasi,1,2,50,1
omastuma,,1,2,50,1
onama,vaja,1,2,50,1
oota-ja-vaatama,,1,2,50,1
ootama,alla,1,2,50,1
ootama,ette,2,4,50,2
ootama,kaasa,3,6,50,3
ootama,maha,1,2,50,1
ootama,otsa,1,2,50,1
ootama,sees,1,2,50,1
ootama,tarvis,2,4,50,2
ootan-vaatama,,1,2,50,1
oovima,,1,2,50,1
operereerima,,1,2,50,1
organiseeruma,ümber,1,2,50,1
orienteerima,ümber,1,2,50,1
orjastama,ära,1,2,50,1
osalema,kaasa,1,2,50,1
osalema,läbi,1,2,50,1
osalema,vastu,3,6,50,3
oskama,sisse,3,6,50,3
oskama,taga,2,4,50,2
oskama,tagasi,1,2,50,1
ostavad-müüma,,1,2,50,1
ostma,alla,8,16,50,8
ostma,asemele,1,2,50,1
ostma,edasi,9,18,50,9
ostma,kõrvale,2,4,50,2
ostma,maha,2,4,50,2
ostma,vaja,4,8,50,4
ostma,üle,10,20,50,10
ostma,ümber,1,2,50,1
ostnud-müüma,,2,4,50,2
osuma,,1,2,50,1
osutama,üle,1,2,50,1
osutuma,edasi,1,2,50,1
osutuma,maha,1,2,50,1
osutuma,üles,2,4,50,2
otima,,1,2,50,1
otsima,algama,1,2,50,1
otsima,alt,1,2,50,1
otsima,pealt,2,4,50,2
otsima,vastu,3,6,50,3
otsima,"välja, pealt",1,2,50,1
otsima,ülesse,1,2,50,1
otsustama,alles,3,6,50,3
otsustama,kaasa,1,2,50,1
otsustama,kohal,1,2,50,1
otsustama,võidu,1,2,50,1
otsustama,ära,106,212,50,106
otsustastama,,1,2,50,1
otuma,,3,6,50,3
oudnuma,,1,2,50,1
ounima,,1,2,50,1
ouuduma,,1,2,50,1
ovnima,ära,1,2,50,1
paeluma,edasi,1,2,50,1
pagema,kaasa,1,2,50,1
pagema,välja,2,4,50,2
pahandama,edasi,1,2,50,1
pahandama,üle,2,4,50,2
pahteldama,üle,1,2,50,1
paigaldama,laiali,1,2,50,1
paigutama,edasi,1,2,50,1
paigutama,kohale,3,6,50,3
paigutama,ära,8,16,50,8
paiknema,all,1,2,50,1
paiknema,lahus,1,2,50,1
paiknema,läbi,1,2,50,1
paiknema,välja,1,2,50,1
painduma,läbi,2,4,50,2
painutama,eemale,1,2,50,1
painutama,kõrvale,1,2,50,1
painutama,lahti,1,2,50,1
paiskama,edasi,2,4,50,2
paiskama,kaasa,1,2,50,1
paiskama,täis,1,2,50,1
paiskuma,kinni,1,2,50,1
paiskuma,kummuli,1,2,50,1
paiskuma,läbi,1,2,50,1
paistetama,tagasi,1,2,50,1
paistma,alla,1,2,50,1
paistma,"alt, välja",2,4,50,2
paistma,kohal,1,2,50,1
paistma,lähedal,2,4,50,2
paistma,tagasi,1,2,50,1
paistma,vaja,3,6,50,3
paistuma,,1,2,50,1
paisuma,täis,1,2,50,1
paisuma,välja,1,2,50,1
paisutama,üle,8,16,50,8
pakkima,täis,2,4,50,2
pakkima,ära,12,24,50,12
pakkuma,ette,3,6,50,3
pakkuma,kinni,1,2,50,1
pakkuma,lähedal,1,2,50,1
pakkuma,maha,1,2,50,1
pakkuma,"nõus, välja",1,2,50,1
pakkuma,"peale, välja",1,2,50,1
pakkuma,rahul,1,2,50,1
pakkuma,sekka,1,2,50,1
pakkuma,sisse,2,4,50,2
pakkuma,ära,13,26,50,13
pakutama,juurde,1,2,50,1
palataliseerima,,1,2,50,1
palkama,välja,1,2,50,1
paluma,täis,1,2,50,1
palvetama,edasi,1,2,50,1
panema,asemel,1,2,50,1
panema,esile,1,2,50,1
panema,"ette, ära",1,2,50,1
panema,keskel,1,2,50,1
panema,kohal,1,2,50,1
panema,"kõrvale, maha",1,2,50,1
panema,kõrvalt,4,8,50,4
panema,"lahti, kinni",1,2,50,1
panema,peal,1,2,50,1
panema,"peale, kokku",1,2,50,1
panema,pooleks,1,2,50,1
panema,putket,1,2,50,1
panema,ringi,17,34,50,17
panema,"tagasi, üles",1,2,50,1
panema,takka,5,10,50,5
panema,"tarvis, kinni",1,2,50,1
panema,viltu,3,6,50,3
panema,"ära, sisse",1,2,50,1
pantima,üles,1,2,50,1
paotuma,,37,74,50,37
parandama,edasi,1,2,50,1
parandama,vaja,1,2,50,1
paranema,tagasi,1,2,50,1
parastama,ära,1,2,50,1
parkima,kohale,1,2,50,1
parkima,läbi,1,2,50,1
parteistuma,,17,34,50,17
partsama,,2,4,50,2
partsatama,,3,6,50,3
pasandama,,14,28,50,14
pasima,,1,2,50,1
pasnema,,1,2,50,1
passima,läbi,1,2,50,1
passima,üle,1,2,50,1
passitama,ilma,1,2,50,1
patrullima,ringi,1,2,50,1
patrullima,ümber,1,2,50,1
patseerima,vastu,1,2,50,1
patsustama,,1,2,50,1
paugutama,edasi,1,2,50,1
paugutama,ära,1,2,50,1
peabgima,,1,2,50,1
peaksgima,,1,2,50,1
peaksima,,5,10,50,5
peaksima,järele,1,2,50,1
peamama,,1,2,50,1
peatama,ees,1,2,50,1
peatuma,juures,1,2,50,1
peatuma,läbi,1,2,50,1
peeduma,,4,8,50,4
peegaldama,,1,2,50,1
peegeldama,välja,1,2,50,1
peegelduma,edasi,1,2,50,1
peegelduma,sisse,1,2,50,1
peegelduma,ümber,1,2,50,1
peetama,vastu,1,2,50,1
peetuma,vastu,1,2,50,1
peistima,,4,8,50,4
peituma,alla,1,2,50,1
peituma,edasi,1,2,50,1
peksma,lähedal,1,2,50,1
peksma,sees,1,2,50,1
peksma,segi,2,4,50,2
peksma,täis,2,4,50,2
pelgama,maha,1,2,50,1
penetreerima,,1,2,50,1
pesema,laiali,1,2,50,1
pesema,sisse,1,2,50,1
pesema,tagasi,1,2,50,1
petma,edasi,1,2,50,1
pettnuma,,1,2,50,1
piatuma,,1,2,50,1
pidama,alt,1,2,50,1
pidama,eemale,1,2,50,1
pidama,"kinni, kinni",1,2,50,1
pidama,kõrval,1,2,50,1
pidama,pärast,1,2,50,1
pidama,"vastu, vastu",1,2,50,1
pidama,viltu,1,2,50,1
pidurdama,alla,1,2,50,1
pidurdama,kinni,2,4,50,2
pidurdama,sisse,1,2,50,1
pidurdama,tagasi,1,2,50,1
pidurdama,välja,2,4,50,2
pidutsema,edasi,3,6,50,3
pigistama,pealt,1,2,50,1
pihustama,laiali,1,2,50,1
pihustuma,laiali,2,4,50,2
piibitama,,1,2,50,1
piiluma,otsa,1,2,50,1
piiluma,tagasi,2,4,50,2
piirama,ette,1,2,50,1
piirama,välja,1,2,50,1
piirama,ära,8,16,50,8
piiristama,,1,2,50,1
piisama,kokku,2,4,50,2
piisama,sisse,1,2,50,1
piisama,tagasi,1,2,50,1
piisama,tarvis,2,4,50,2
pikenema,maha,1,2,50,1
pikkama,,3,6,50,3
pildistama,kokku,1,2,50,1
pildistama,läbi,1,2,50,1
pildistama,ümber,1,2,50,1
pilduma,alla,3,6,50,3
pilduma,edasi,1,2,50,1
pillama,tagasi,1,2,50,1
pingutama,vastu,1,2,50,1
pistma,ligi,2,4,50,2
pistma,putku,1,2,50,1
pistma,vastu,1,2,50,1
plaasterdama,kinni,2,4,50,2
plagama,ära,1,2,50,1
plahvatama,esile,1,2,50,1
plahvatama,välja,2,4,50,2
plajuma,,1,2,50,1
plaksutama,edasi,1,2,50,1
plaksutama,maha,1,2,50,1
plaksutama,peale,2,4,50,2
plaksutama,välja,1,2,50,1
planeerima,koos,1,2,50,1
planeerima,ümber,2,4,50,2
planima,,1,2,50,1
plartsatama,lahti,1,2,50,1
plartsatama,maha,1,2,50,1
platseeruma,kohale,2,4,50,2
pleekuma,,1,2,50,1
plekitama,,1,2,50,1
plekkama,,5,10,50,5
plumpsatama,,1,2,50,1
plädistama,,1,2,50,1
pläkutama,,15,30,50,15
pläterdama,,1,2,50,1
plätsuma,,1,2,50,1
plõgisema,,4,8,50,4
podisema,edasi,2,4,50,2
poetama,kaasa,2,4,50,2
pohmatama,,1,2,50,1
poissima,,3,6,50,3
polima,,1,2,50,1
politiseerima,üle,2,4,50,2
polndkima,,1,2,50,1
pommitama,mööda,1,2,50,1
ponnistama,edasi,1,2,50,1
ponnistama,kokku,1,2,50,1
ponuma,,4,8,50,4
pooldama,kokku,3,6,50,3
popitama,,1,2,50,1
populaaruma,,1,2,50,1
postitama,kaasa,1,2,50,1
postitama,üles,1,2,50,1
potsuma,,1,2,50,1
potsutama,,1,2,50,1
poxima,,1,2,50,1
prachuma,,1,2,50,1
pragama,läbi,2,4,50,2
pragundama,,1,2,50,1
pragunema,edasi,1,2,50,1
prahvama,,1,2,50,1
praksatama,puruks,1,2,50,1
pranglima,,1,2,50,1
prantsatama,edasi,1,2,50,1
prantsatama,peale,1,2,50,1
prassima,maha,3,6,50,3
preaguma,,2,4,50,2
preigima,,1,2,50,1
presidenteerima,,1,2,50,1
pressima,eemale,1,2,50,1
pressima,kaasa,1,2,50,1
pressima,maha,1,2,50,1
pressima,puruks,1,2,50,1
pressima,tagant,3,6,50,3
pritsima,kokku,1,2,50,1
pritsima,tagasi,1,2,50,1
privilegeerima,,1,2,50,1
prognoosima,läbi,1,2,50,1
progoosima,,1,2,50,1
projetseerima,,1,2,50,1
promtima,,1,2,50,1
proovima,alla,2,4,50,2
proovima,lahti,1,2,50,1
proovima,peale,2,4,50,2
proovima,sisse,2,4,50,2
proovima,vaja,1,2,50,1
propotsioonima,,1,2,50,1
provotseerima,edasi,2,4,50,2
provotseerima,ära,1,2,50,1
pruukima,edasi,1,2,50,1
pruukima,läbi,2,4,50,2
pruukima,ära,3,6,50,3
pruutima,,1,2,50,1
prõksuma,,4,8,50,4
prõksutama,,1,2,50,1
prõmatama,,1,2,50,1
prõntsatama,,1,2,50,1
prügistuma,,1,2,50,1
psühhologiseeruma,,1,2,50,1
publitsema,,1,2,50,1
pudenema,lahti,5,10,50,5
pudenema,peale,1,2,50,1
pudenema,sekka,1,2,50,1
pudistama,maha,2,4,50,2
pugema,alt,1,2,50,1
pugema,üle,1,2,50,1
pugima,edasi,1,2,50,1
puhetuma,,2,4,50,2
puhkama,sees,1,2,50,1
puhkema,lahti,1,2,50,1
puhkema,üle,1,2,50,1
puhuma,otsa,1,2,50,1
puhuma,pealt,1,2,50,1
puhuma,poolt,1,2,50,1
puhuma,valmis,1,2,50,1
puiklema,vastu,42,84,50,42
puistama,juurde,1,2,50,1
puksima,kõrvale,1,2,50,1
puksima,maha,1,2,50,1
pulbitsema,edasi,1,2,50,1
pulbitsema,välja,1,2,50,1
pulima,,1,2,50,1
pulsseerima,,1,2,50,1
pulstuma,ära,1,2,50,1
pumpama,juurde,3,6,50,3
pumpama,läbi,1,2,50,1
pumpama,sisse,4,8,50,4
pumpama,ümber,4,8,50,4
pumpsuma,,1,2,50,1
punama,vastu,1,2,50,1
punastama,välja,1,2,50,1
pungituma,välja,1,2,50,1
punnima,ette,1,2,50,1
punnima,puudu,1,2,50,1
punnima,täis,1,2,50,1
punnima,välja,1,2,50,1
punnitama,ära,1,2,50,1
puntima,,1,2,50,1
punuma,edasi,1,2,50,1
purema,lahti,1,2,50,1
purisema,,2,4,50,2
puritaniseeruma,,1,2,50,1
purjetama,kohale,4,8,50,4
purjetama,kokku,1,2,50,1
purjetama,mööda,3,6,50,3
purjetama,sisse,1,2,50,1
purjetama,vastu,1,2,50,1
purjetama,ära,1,2,50,1
purjetama,üle,1,2,50,1
purunema,läbi,1,2,50,1
purustama,kaasa,1,2,50,1
purustama,sisse,1,2,50,1
pusima,välja,1,2,50,1
puskima,välja,1,2,50,1
putitama,kokku,1,2,50,1
putkama,ära,1,2,50,1
puttima,edasi,1,2,50,1
puttima,lahti,1,2,50,1
puttima,vaja,1,2,50,1
puuderdama,ära,1,2,50,1
puuduma,kohal,1,2,50,1
puuduma,sisse,1,2,50,1
puuduma,valmis,1,2,50,1
puurduma,,1,2,50,1
puutuma,"kokku, alles",1,2,50,1
puutuma,ringi,1,2,50,1
puutuma,välja,1,2,50,1
puutuma,ühte,1,2,50,1
puänteeruma,,1,2,50,1
pwnisima,ära,1,2,50,1
pyhitsema,,1,2,50,1
pälvima,ära,1,2,50,1
päranduma,edasi,5,10,50,5
pärima,kaasa,1,2,50,1
pärima,rahul,1,2,50,1
pärima,üle,2,4,50,2
pärima,üles,1,2,50,1
pärinema,vastu,1,2,50,1
päsima,,1,2,50,1
pätserdama,,1,2,50,1
pävima,,2,4,50,2
pääkima,,1,2,50,1
pääsema,laiali,1,2,50,1
pääsema,"ligi, läbi",1,2,50,1
pääsema,"läbi, edasi",1,2,50,1
pääsema,lähedale,1,2,50,1
pääsema,otsa,1,2,50,1
pääsema,peale,14,28,50,14
pääsema,vastamisi,1,2,50,1
pääsema,"vastu, läbi",1,2,50,1
pääsema,ära,35,70,50,35
pääsema,ühte,1,2,50,1
pääsnuma,välja,1,2,50,1
päästima,,1,2,50,1
päästma,kaasa,1,2,50,1
põdema,kokku,2,4,50,2
põgenema,"eest, ära",1,2,50,1
põgenema,ilma,1,2,50,1
põhinema,ringi,1,2,50,1
põhjandama,,1,2,50,1
põhjustama,maha,1,2,50,1
põhjustama,peale,3,6,50,3
põiklema,eemale,5,10,50,5
põiklema,mööda,1,2,50,1
põimuma,kokku,9,18,50,9
põkkama,ära,1,2,50,1
põksima,,1,2,50,1
põlema,järele,1,2,50,1
põlema,tagasi,1,2,50,1
põlema,tarvis,2,4,50,2
põlema,täis,1,2,50,1
põlustama,,2,4,50,2
põmatama,,2,4,50,2
põmmutama,maha,1,2,50,1
põrama,,1,2,50,1
põrgatama,mööda,1,2,50,1
põrgatama,tagasi,1,2,50,1
põrgatama,vastu,1,2,50,1
põristama,läbi,1,2,50,1
põrkama,kõrvale,1,2,50,1
põrkama,läbi,1,2,50,1
põrkama,peale,1,2,50,1
põrkama,ära,1,2,50,1
põrnitama,,1,2,50,1
põrnitsema,edasi,2,4,50,2
põrutama,puruks,1,2,50,1
põõnama,edasi,1,2,50,1
pöhjuma,,1,2,50,1
pöõrduma,,1,2,50,1
pööduma,,1,2,50,1
pöörama,ring,1,2,50,1
pöörama,viltu,1,2,50,1
pöörduma,"alla, tagasi",1,2,50,1
pöörduma,juurde,3,6,50,3
pöörduma,läbi,1,2,50,1
pöörduma,maha,1,2,50,1
pöörlema,edasi,4,8,50,4
pöörlema,kaasa,2,4,50,2
pühandama,,1,2,50,1
pühendama,tagasi,1,2,50,1
püherdama,maas,2,4,50,2
pühitsema,ära,1,2,50,1
pühkima,kaasa,1,2,50,1
pühkima,meelest,1,2,50,1
pühkima,tagasi,1,2,50,1
pürgima,üles,1,2,50,1
püsima,laiali,1,2,50,1
püsima,lähedal,1,2,50,1
püsima,nõus,1,2,50,1
püstitama,maha,1,2,50,1
püüdlema,kohale,1,2,50,1
püüdlema,tagasi,2,4,50,2
püüdma,alla,1,2,50,1
püüdma,eemale,2,4,50,2
püüdma,lähedal,1,2,50,1
püüdma,mööda,1,2,50,1
raadama,,5,10,50,5
raamuma,,1,2,50,1
rabama,edasi,4,8,50,4
rabama,taga,1,2,50,1
rabelema,taga,1,2,50,1
radikaliseeruma,,6,12,50,6
ragisema,edasi,1,2,50,1
ragistama,välja,1,2,50,1
rahastama,üle,1,2,50,1
rahuldama,alla,1,2,50,1
rahuldama,edasi,1,2,50,1
rahustama,välja,1,2,50,1
rajama,edasi,1,2,50,1
rakendama,ära,1,2,50,1
raksatama,kinni,1,2,50,1
raksatama,vastu,2,4,50,2
raksutama,,2,4,50,2
rallima,mööda,2,4,50,2
rammima,maha,1,2,50,1
rammima,puruks,3,6,50,3
rammima,tagant,4,8,50,4
rappuma,edasi,1,2,50,1
rappuma,üles,1,2,50,1
rapsima,üle,1,2,50,1
raputama,alla,1,2,50,1
raputama,pealt,1,2,50,1
raskendama,ilma,1,2,50,1
raspeldama,,1,2,50,1
rassima,läbi,3,6,50,3
ratifitseerima,tagasi,1,2,50,1
ratsima,,3,6,50,3
ratsima,ära,1,2,50,1
ravima,ära,7,14,50,7
raääkima,,1,2,50,1
reageerima,välja,1,2,50,1
reageerima,ära,1,2,50,1
realiseerima,tagasi,1,2,50,1
reastama,ümber,1,2,50,1
rebenema,alt,1,2,50,1
rebenema,maha,1,2,50,1
rebenema,puruks,2,4,50,2
rebenema,ära,2,4,50,2
rebestuma,,3,6,50,3
rebima,kõrvale,3,6,50,3
rebima,lahku,1,2,50,1
rebima,ringi,1,2,50,1
rebootima,,1,2,50,1
redigeerima,välja,1,2,50,1
reeekima,,2,4,50,2
reeglistama,,1,2,50,1
reekkima,,1,2,50,1
reerima,,3,6,50,3
reetma,ära,6,12,50,6
registreeruma,ümber,2,4,50,2
reguleerima,alla,1,2,50,1
rehabiliteeruma,,1,2,50,1
rehitsema,üle,1,2,50,1
rehmima,,1,2,50,1
reisima,ring,1,2,50,1
reklaamima,edasi,1,2,50,1
rekultiveerima,,1,2,50,1
reliisima,,3,6,50,3
reloatima,,1,2,50,1
remigreeruma,,1,2,50,1
remontima,edasi,1,2,50,1
remontima,kokku,2,4,50,2
remotuma,,1,2,50,1
renditama,välja,1,2,50,1
reppima,edasi,1,2,50,1
reprodutseeruma,,1,2,50,1
reshiimima,,1,2,50,1
resoneerima,,15,30,50,15
restruktureeruma,,1,2,50,1
resulteeruma,,2,4,50,2
rikuma,ära,1,2,50,1
ringlema,ilma,1,2,50,1
ringlema,tagasi,1,2,50,1
ripendama,,7,14,50,7
rippuma,ringi,1,2,50,1
rippuma,ümber,1,2,50,1
riputama,koha,1,2,50,1
riputama,vahele,1,2,50,1
riputama,ümber,1,2,50,1
riskima,peale,1,2,50,1
ristima,ringi,1,2,50,1
ristima,vastu,1,2,50,1
risustama,ära,2,4,50,2
rjaagima,,1,2,50,1
rohitsema,,1,2,50,1
roiutama,,5,10,50,5
ronima,eemale,1,2,50,1
ronima,kohale,8,16,50,8
ronima,kõrvale,2,4,50,2
ronima,ligi,1,2,50,1
ronima,tagasi,47,94,50,47
ronima,vahele,3,6,50,3
roojama,välja,1,2,50,1
roolima,sisse,1,2,50,1
roomama,üle,1,2,50,1
roostetama,vastu,1,2,50,1
roppendama,,4,8,50,4
ropsima,maha,1,2,50,1
ropsima,välja,3,6,50,3
ruineerima,ära,1,2,50,1
rullima,kinni,1,2,50,1
rullima,maha,2,4,50,2
rullima,sisse,1,2,50,1
rulluma,eemale,1,2,50,1
rulluma,maha,1,2,50,1
runduma,,1,2,50,1
runnima,,3,6,50,3
ruotsima,,1,2,50,1
ruttama,läbi,1,2,50,1
ruunama,ära,1,2,50,1
rylatama,,1,2,50,1
rändama,kaasa,3,6,50,3
rändama,maha,1,2,50,1
rändlema,,2,4,50,2
räppima,ette,1,2,50,1
räppima,sisse,1,2,50,1
räpuma,,1,2,50,1
rääkima,all,1,2,50,1
rääkima,järele,3,6,50,3
rääkima,koha,1,2,50,1
rääkima,kõrvale,1,2,50,1
rääkima,otsa,2,4,50,2
rääkima,peal,1,2,50,1
rääkima,rahul,1,2,50,1
rääkima,sees,1,2,50,1
rääkima,täis,2,4,50,2
rõhuma,edasi,1,2,50,1
rõhutama,ette,1,2,50,1
rõhutama,peale,1,2,50,1
rõhutama,vaja,1,2,50,1
rõhutama,valmis,1,2,50,1
rõivastuma,ümber,1,2,50,1
rõõmustama,kaasa,2,4,50,2
rögistama,,2,4,50,2
röitsutama,,2,4,50,2
röökima,järele,2,4,50,2
röökima,maha,1,2,50,1
röövima,kaasa,1,2,50,1
röövima,tagasi,1,2,50,1
rübelema,,2,4,50,2
rühkima,alla,1,2,50,1
rühkima,sisse,1,2,50,1
rühmama,edasi,1,2,50,1
rühmituma,ümber,1,2,50,1
ründama,tagant,3,6,50,3
rüsima,sisse,1,2,50,1
rüvetama,ära,1,2,50,1
rüüpama,sisse,1,2,50,1
rüüstama,kokku,1,2,50,1
s2ilima,,1,2,50,1
s6itima,,2,4,50,2
saaaakima,,1,2,50,1
saabuma,alla,3,6,50,3
saabuma,kallale,1,2,50,1
saabuma,kinni,1,2,50,1
saagima,puruks,1,2,50,1
saaginema,,1,2,50,1
saajuma,,1,2,50,1
saalima,sisse,2,4,50,2
saama,"alla, üles",1,2,50,1
saama,"alt, välja",1,2,50,1
saama,"alt, ära",2,4,50,2
saama,"alt, üles",1,2,50,1
saama,"edasi, edasi",1,2,50,1
saama,"ette, otsa",1,2,50,1
saama,jälile,32,64,50,32
saama,"kaasa, võlgu",1,2,50,1
saama,kaudu,2,4,50,2
saama,keskele,1,2,50,1
saama,kikki,5,10,50,5
saama,koht,1,2,50,1
saama,"kokku, kokku",1,2,50,1
saama,käest,1,2,50,1
saama,lahku,1,2,50,1
saama,"läbi, tagasi",1,2,50,1
saama,"otsa, lahti",1,2,50,1
saama,"peale, kokku",2,4,50,2
saama,"pihta, ära",1,2,50,1
saama,seest,1,2,50,1
saama,"tagasi, kokku",1,2,50,1
saama,"tagasi, välja",2,4,50,2
saama,vaatamata,2,4,50,2
saama,"ära, tagasi",1,2,50,1
saama,ühte,2,4,50,2
saama,"üle, võidu",1,2,50,1
saannuma,,1,2,50,1
saantima,,1,2,50,1
saanuma,,1,2,50,1
saapkima,lahti,1,2,50,1
saatma,"eest, ära",1,2,50,1
saatma,juurde,13,26,50,13
saatma,koha,1,2,50,1
saavutama,läbi,3,6,50,3
saavutama,vastu,1,2,50,1
sabuma,,3,6,50,3
sadama,kallale,1,2,50,1
sagima,ümber,2,4,50,2
sahisema,läbi,1,2,50,1
sahmima,ringi,4,8,50,4
saistuma,,2,4,50,2
sajatama,välja,1,2,50,1
sakima,,1,2,50,1
saksima,,2,4,50,2
salatsema,edasi,1,2,50,1
sallima,eemale,1,2,50,1
saloonima,,1,2,50,1
salvestama,tarvis,1,2,50,1
salvestama,täis,1,2,50,1
sammuma,ees,7,14,50,7
sammuma,üle,2,4,50,2
sannuma,,1,2,50,1
santazheerima,,1,2,50,1
sarnanema,läbi,1,2,50,1
sarnanema,maha,1,2,50,1
sarnenema,,2,4,50,2
sarnlema,,1,2,50,1
sarvima,,1,2,50,1
sattuma,hambusse,1,2,50,1
sattuma,ilma,3,6,50,3
sattuma,kohal,1,2,50,1
sattuma,kohale,5,10,50,5
sattuma,vastamisi,2,4,50,2
saunatama,ära,1,2,50,1
saundima,,2,4,50,2
scriimima,,1,2,50,1
scrollima,,2,4,50,2
seadma,edasi,1,2,50,1
seadma,maha,1,2,50,1
seadma,vaja,1,2,50,1
searchima,,1,2,50,1
seebima,,1,2,50,1
seebitama,,29,58,50,29
seebitama,ära,1,2,50,1
seedima,ära,32,64,50,32
seenetama,,6,12,50,6
segama,nõus,1,2,50,1
segama,segi,1,2,50,1
segastuma,,1,2,50,1
segunema,läbi,1,2,50,1
seilama,tagasi,2,4,50,2
seisenema,,1,2,50,1
seisima,,1,2,50,1
seisma,alles,3,6,50,3
seisma,koha,1,2,50,1
seisma,maas,2,4,50,2
seisma,peal,15,30,50,15
seisma,tarvis,1,2,50,1
seisma,ääres,1,2,50,1
seisnema,edasi,1,2,50,1
seisnema,peale,1,2,50,1
seisnema,välja,2,4,50,2
seksima,läbi,2,4,50,2
sekulariseerima,,1,2,50,1
selatama,,1,2,50,1
selestama,,1,2,50,1
seletama,sisse,1,2,50,1
seletama,"ära, vaja",1,2,50,1
selgendama,,2,4,50,2
selgitatama,,1,2,50,1
sepitsema,välja,1,2,50,1
sepuma,tagasi,1,2,50,1
shantima,,1,2,50,1
sheerima,,3,6,50,3
shifreerima,,2,4,50,2
shippima,,1,2,50,1
sibama,eemale,1,2,50,1
sibama,juurde,1,2,50,1
sibama,sisse,1,2,50,1
sibama,välja,1,2,50,1
siblima,ümber,2,4,50,2
sidekoestuma,,1,2,50,1
siduma,otsa,2,4,50,2
siduma,sisse,1,2,50,1
siduma,üle,1,2,50,1
siekima,,1,2,50,1
siginema,kõrvale,1,2,50,1
sigitama,ilma,1,2,50,1
sigrima,,1,2,50,1
siimuma,,1,2,50,1
sikkama,,1,2,50,1
sikutama,kinni,2,4,50,2
sikutama,maha,1,2,50,1
silbitama,,2,4,50,2
silbituma,,2,4,50,2
silitama,üle,1,2,50,1
silkama,ette,1,2,50,1
silkama,kaasa,1,2,50,1
sinima,,1,2,50,1
siplema,edasi,1,2,50,1
sirgeldama,kokku,1,2,50,1
sirgeldama,täis,1,2,50,1
sirgenema,,1,2,50,1
sirguma,peale,1,2,50,1
sirguma,üles,2,4,50,2
sirtsuma,,4,8,50,4
sirutama,alla,1,2,50,1
sirutama,eemale,1,2,50,1
sirutama,järele,2,4,50,2
sirutama,kõrvale,1,2,50,1
sirutuma,ette,2,4,50,2
sirutuma,sisse,1,2,50,1
sirvima,edasi,1,2,50,1
sisaldama,koos,1,2,50,1
sisendama,ette,1,2,50,1
sisenema,eest,1,2,50,1
sisenema,ringi,1,2,50,1
sisestama,sisse,1,2,50,1
sisustuma,,1,2,50,1
siuglema,edasi,1,2,50,1
siutsuma,,13,26,50,13
skandeerima,vastu,1,2,50,1
skinnema,,1,2,50,1
skippima,,1,2,50,1
skylinema,,1,2,50,1
skännima,üle,1,2,50,1
skättima,,1,2,50,1
slalomeerima,,1,2,50,1
slappima,,1,2,50,1
smoorima,,1,2,50,1
sobima,läbi,1,2,50,1
sobima,nõus,1,2,50,1
sobima,ringi,1,2,50,1
sobima,sisse,8,16,50,8
sobima,tagasi,1,2,50,1
sobima,vaja,4,8,50,4
sobima,vastu,1,2,50,1
sobituma,kokku,5,10,50,5
sodima,kokku,1,2,50,1
sokkima,kokku,2,4,50,2
sokkima,sisse,1,2,50,1
sokolaadima,,1,2,50,1
soksima,,1,2,50,1
songima,,11,22,50,11
songima,üles,2,4,50,2
soodustama,peale,1,2,50,1
soodustuma,,1,2,50,1
soojendama,pealt,1,2,50,1
soojenema,välja,1,2,50,1
sooritama,otsa,1,2,50,1
soosima,välja,1,2,50,1
soovima,kinni,1,2,50,1
soovima,kohal,2,4,50,2
soovima,lahti,1,2,50,1
soovima,sisse,1,2,50,1
soovima,ühte,1,2,50,1
soovima,üle,7,14,50,7
soovitama,järele,1,2,50,1
soovitama,läbi,1,2,50,1
soovitama,üle,1,2,50,1
soprama,tagasi,1,2,50,1
sopsutama,,6,12,50,6
soputama,läbi,1,2,50,1
sortima,läbi,1,2,50,1
sovitama,,1,2,50,1
spamima,,1,2,50,1
spammima,,9,18,50,9
spikerdama,maha,3,6,50,3
spurtima,ees,1,2,50,1
spurtima,kõrvale,1,2,50,1
staaritsema,edasi,1,2,50,1
stacima,,1,2,50,1
startima,edasi,1,2,50,1
startima,ees,2,4,50,2
steikima,,1,2,50,1
stormima,,1,2,50,1
streikima,ära,1,2,50,1
strippima,,2,4,50,2
sucetama,,1,2,50,1
sucuma,,1,2,50,1
suhisema,mööda,1,2,50,1
suhtlema,läbi,3,6,50,3
suhtlema,peal,1,2,50,1
suhtlema,taga,1,2,50,1
suhtuma,edasi,1,2,50,1
suhtuma,üle,1,2,50,1
suitsetama,sees,1,2,50,1
sujuma,ette,1,2,50,1
sulama,tagasi,1,2,50,1
sulberdama,,2,4,50,2
sulgema,sisse,1,2,50,1
sulguma,tagasi,1,2,50,1
sulpsatama,sisse,1,2,50,1
sumama,edasi,1,2,50,1
sumama,läbi,2,4,50,2
sumama,ringi,1,2,50,1
sumama,sisse,1,2,50,1
sumama,välja,1,2,50,1
sumisema,edasi,3,6,50,3
summutama,ära,4,8,50,4
sumpama,sees,1,2,50,1
sumpama,tagasi,2,4,50,2
sundima,püsti,1,2,50,1
sundima,tagasi,5,10,50,5
sundima,üle,1,2,50,1
sundlikvideerima,,1,2,50,1
sundteisaldama,,1,2,50,1
sunima,,1,2,50,1
sunnitama,,1,2,50,1
surfima,ringi,2,4,50,2
surisema,läbi,1,2,50,1
susima,sisse,1,2,50,1
suskama,tagant,1,2,50,1
sussitama,,3,6,50,3
suudlema,peale,1,2,50,1
suudlema,tagasi,1,2,50,1
suumima,,4,8,50,4
suunama,alla,3,6,50,3
suunama,ette,3,6,50,3
suunama,juurde,1,2,50,1
suunama,kokku,3,6,50,3
suunduma,"ette, üles",1,2,50,1
suurendama,ilma,1,2,50,1
suurendama,ära,1,2,50,1
suurenema,valmis,1,2,50,1
suurenema,vastu,3,6,50,3
suurenema,üle,2,4,50,2
suusatama,alla,3,6,50,3
suusatama,peale,1,2,50,1
suusima,,1,2,50,1
suutma,alla,2,4,50,2
suutma,lahti,3,6,50,3
suutma,püsti,1,2,50,1
suutma,tarvis,1,2,50,1
suvatsema,kohal,1,2,50,1
suxxima,,1,2,50,1
sygima,,2,4,50,2
synima,,1,2,50,1
systima,sisse,1,2,50,1
sähvatama,mööda,1,2,50,1
säilima,edasi,3,6,50,3
säilima,peale,1,2,50,1
säilima,üle,1,2,50,1
säilitama,edasi,1,2,50,1
säilitama,üle,1,2,50,1
sälima,,2,4,50,2
särahtama,,2,4,50,2
särama,ära,1,2,50,1
särtsama,,1,2,50,1
sätestatama,,1,2,50,1
sättima,laiali,2,4,50,2
sättima,maha,4,8,50,4
sättima,ringi,2,4,50,2
sättima,tagasi,4,8,50,4
sättima,vastu,1,2,50,1
sõbrannatsema,,1,2,50,1
sõeluma,"edasi, tagasi",1,2,50,1
sõeluma,ära,1,2,50,1
sõi-matma,,1,2,50,1
sõidutama,alla,1,2,50,1
sõidutama,mööda,1,2,50,1
sõimama,taga,1,2,50,1
sõime-jooma,,2,4,50,2
sõitma,alt,2,4,50,2
sõitma,kohal,1,2,50,1
sõitma,"läbi, ringi",1,2,50,1
sõitma,"peale, välja",1,2,50,1
sõitma,"ringi, koos",1,2,50,1
sõitma,taha,1,2,50,1
sõitma,vahele,1,2,50,1
sõitma,võlgu,1,2,50,1
sõitma,ümber,5,10,50,5
sõlmima,valla,1,2,50,1
sõltuma,ilma,1,2,50,1
sõltuma,peale,1,2,50,1
sõltuma,valmis,1,2,50,1
sõluma,,1,2,50,1
sõnama,kokku,1,2,50,1
sõpsima,,1,2,50,1
sõristama,,1,2,50,1
sõudma,kohale,1,2,50,1
sööb-jooma,,1,2,50,1
sööge-jooma,,2,4,50,2
sööma,vaja,1,2,50,1
sööstma,edasi,28,56,50,28
sööstma,ees,1,2,50,1
sööstma,juurde,1,2,50,1
söötma,läbi,3,6,50,3
sülgama,maha,2,4,50,2
sülgama,peale,2,4,50,2
sülitama,tagasi,1,2,50,1
sülitama,vahele,1,2,50,1
sülitama,ära,1,2,50,1
sültuma,,1,2,50,1
sümbaliseerima,,1,2,50,1
sündima,alla,4,8,50,4
sündima,ringi,1,2,50,1
sündima,tagasi,6,12,50,6
sündima,tarvis,1,2,50,1
sündima,välja,2,4,50,2
sündima,üle,1,2,50,1
sündima,üles,1,2,50,1
süngestama,,1,2,50,1
sünkroniseerima,ära,1,2,50,1
sünnitama,üle,1,2,50,1
süstima,alla,1,2,50,1
süstima,mööda,1,2,50,1
süvenema,välja,1,2,50,1
süvenema,ära,1,2,50,1
süüdistama,maha,1,2,50,1
süütama,ilma,1,2,50,1
süütama,vastu,1,2,50,1
t2iestima,,1,2,50,1
taandnuma,,1,2,50,1
taaruma,ringi,5,10,50,5
taarutama,,2,4,50,2
taasjõustuma,,2,4,50,2
taasrõhutama,,1,2,50,1
taassüttima,,1,2,50,1
taastama,sees,1,2,50,1
taastuma,alles,1,2,50,1
taastuma,ära,10,20,50,10
tabama,alles,1,2,50,1
tabama,lähedal,3,6,50,3
tabama,pealt,1,2,50,1
tabloidistuma,,1,2,50,1
taganema,vastu,1,2,50,1
taguma,ette,4,8,50,4
taguma,juurde,1,2,50,1
taguma,üle,3,6,50,3
tahdima,,1,2,50,1
tahistama,,2,4,50,2
tahmuma,ära,1,2,50,1
tahtma,all,1,2,50,1
tahtma,juures,1,2,50,1
tahtma,keskele,1,2,50,1
tahtma,kohale,2,4,50,2
tahtma,lahku,1,2,50,1
tahtma,peal,1,2,50,1
tahtma,pealt,2,4,50,2
tahtma,rahule,1,2,50,1
tahtma,sekka,1,2,50,1
tahtma,täis,2,4,50,2
tahtma,võlgu,2,4,50,2
taidlema,edasi,1,2,50,1
taippama,,1,2,50,1
takistama,läbi,3,6,50,3
takistama,rahul,1,2,50,1
takistama,ära,1,2,50,1
talitama,vastu,1,2,50,1
tallama,kinni,4,8,50,4
tallama,välja,1,2,50,1
tallama,üle,1,2,50,1
taluma,peale,1,2,50,1
taluma,valmis,1,2,50,1
taluma,välja,2,4,50,2
tammuma,,190,380,50,190
tammuma,sees,1,2,50,1
tankima,kokku,1,2,50,1
tantima,,1,2,50,1
tantsima,kinni,1,2,50,1
tantsima,mööda,2,4,50,2
tantsima,võidu,1,2,50,1
tantsima,ümber,2,4,50,2
taotlema,läbi,1,2,50,1
tapma,koos,1,2,50,1
tapma,läbi,1,2,50,1
tapmima,,1,2,50,1
tarbima,välja,1,2,50,1
tarifitseerima,,1,2,50,1
tarima,kaasas,2,4,50,2
tarima,ära,2,4,50,2
tarvitama,edasi,3,6,50,3
tarwima,,2,4,50,2
tasanduma,,21,42,50,21
tasanema,,4,8,50,4
tasuma,alla,1,2,50,1
tasuma,kaasas,1,2,50,1
tasuma,kõrvale,1,2,50,1
tasuma,pealt,1,2,50,1
tasutama,,1,2,50,1
tatistama,välja,1,2,50,1
tatsama,üles,1,2,50,1
tatsuma,mööda,2,4,50,2
taurima,,3,6,50,3
tead-laskma,,1,2,50,1
teadma,"ilma, ette",1,2,50,1
teadma,kohal,1,2,50,1
teadma,kokku,20,40,50,20
teadma,laiali,1,2,50,1
teadma,pooleli,1,2,50,1
teadma,rahul,4,8,50,4
teadma,ümber,2,4,50,2
teadndkima,,1,2,50,1
teadsid-tundma,,1,2,50,1
teadsin-tundma,,1,2,50,1
teame-tundma,,1,2,50,1
teapmima,,1,2,50,1
teatama,kõrvalt,2,4,50,2
teavitama,edasi,1,2,50,1
tedsima,,2,4,50,2
teed-tänama,,1,2,50,1
teenima,tasa,6,12,50,6
teenima,täis,4,8,50,4
teexkima,,2,4,50,2
tegelema,kaasa,1,2,50,1
tegelema,kõrvalt,2,4,50,2
tegema,all,10,20,50,10
tegema,alt,2,4,50,2
tegema,"kaasa, läbi",1,2,50,1
tegema,kusjuures,1,2,50,1
tegema,külge,2,4,50,2
tegema,laiali,2,4,50,2
tegema,mööda,5,10,50,5
tegema,"pealt, ära",1,2,50,1
tegema,rahule,1,2,50,1
tegema,reseti,1,2,50,1
tegema,"ringi, ümber",1,2,50,1
tegema,"sisse, juurde",1,2,50,1
tegema,"tagasi, läbi",1,2,50,1
tegema,taha,2,4,50,2
tegema,vahelt,2,4,50,2
tegema,"vaja, ära",1,2,50,1
tegema,vast,2,4,50,2
tegema,vehkat,7,14,50,7
tegema,võlgu,4,8,50,4
tegema,"ära, alla",1,2,50,1
tegema,ühte,1,2,50,1
teginema,,1,2,50,1
tegutsema,ees,3,6,50,3
tegutsema,ette,1,2,50,1
tegutsema,kaasa,2,4,50,2
tegutsema,käsikäes,1,2,50,1
tegutsema,lahti,1,2,50,1
tegutsema,üle,4,8,50,4
tekima,,1,2,50,1
tekitama,alles,1,2,50,1
tekitama,ees,1,2,50,1
tekitama,kaasa,1,2,50,1
tekitama,maha,1,2,50,1
tekitama,vahel,1,2,50,1
tekitama,üles,1,2,50,1
tekkima,kõrvalt,1,2,50,1
tekkima,pealt,2,4,50,2
tekkima,taga,1,2,50,1
tekkima,täis,1,2,50,1
tekkima,vastu,14,28,50,14
tekkima,ära,4,8,50,4
tekkitama,,5,10,50,5
teleporteerima,,2,4,50,2
teleporteeruma,,2,4,50,2
telima,,1,2,50,1
tellima,all,1,2,50,1
tellima,juurde,31,62,50,31
tellima,kaupa,3,6,50,3
tellmuma,,1,2,50,1
tembeldama,ära,1,2,50,1
tempereerima,,1,2,50,1
teostama,vaja,1,2,50,1
teostama,vastu,1,2,50,1
teostama,üle,1,2,50,1
terituma,,4,8,50,4
tervitama,kaasa,1,2,50,1
thagima,,1,2,50,1
thomama,,1,2,50,1
tihkestuma,,1,2,50,1
tiirlema,kohal,1,2,50,1
tiirlema,tagasi,1,2,50,1
tikkuma,välja,1,2,50,1
tiksuma,kaasas,1,2,50,1
tiksuma,mööda,1,2,50,1
tiksuma,vastu,1,2,50,1
tiksuma,ära,2,4,50,2
tiksuma,üle,2,4,50,2
tilgastama,,2,4,50,2
tilgutama,maha,1,2,50,1
tilksuma,,2,4,50,2
tilkuma,täis,2,4,50,2
tilpnema,kaasas,1,2,50,1
tingima,kokku,1,2,50,1
tinistama,kõrvale,1,2,50,1
tintinnabuli-stiilima,,1,2,50,1
tippima,ümber,1,2,50,1
tirima,esile,2,4,50,2
tirima,järele,2,4,50,2
tirima,puruks,1,2,50,1
tirima,ringi,1,2,50,1
toetama,ilma,1,2,50,1
toetama,kaasa,1,2,50,1
toetama,pealt,1,2,50,1
toetama,rahul,1,2,50,1
tohtima,ilma,1,2,50,1
toibuma,alles,1,2,50,1
toimama,,1,2,50,1
toimetama,kätte,2,4,50,2
toimetama,laiali,1,2,50,1
toimetama,sisse,1,2,50,1
toimima,kaasa,1,2,50,1
toimlema,,1,2,50,1
toimuma,keskel,1,2,50,1
toimuma,pärast,2,4,50,2
toimuma,sees,20,40,50,20
toimuma,tarvis,1,2,50,1
toitma,edasi,4,8,50,4
toitma,üle,2,4,50,2
toksima,maha,1,2,50,1
tolatsema,,1,2,50,1
toleerima,,1,2,50,1
tolgendama,kaasas,1,2,50,1
tolknema,järel,1,2,50,1
tolmustuma,,1,2,50,1
tomblema,,1,2,50,1
tompuma,,1,2,50,1
tooma,eemale,1,2,50,1
tooma,"ette, tagasi",1,2,50,1
tooma,"ilma, kaasa",2,4,50,2
tooma,kallale,1,2,50,1
tooma,kohal,1,2,50,1
tooma,koht,1,2,50,1
tooma,"kokku, välja",1,2,50,1
tooma,"peale, kaasa",1,2,50,1
tooma,pärale,1,2,50,1
tooma,ringi,1,2,50,1
tooma,"ära, alla",1,2,50,1
tootma,järele,1,2,50,1
tootma,valmis,2,4,50,2
top-postitama,,2,4,50,2
topeldama,,2,4,50,2
toppima,välja,1,2,50,1
torgatama,läbi,1,2,50,1
torisema,vastu,4,8,50,4
torisema,ära,1,2,50,1
torkama,esile,2,4,50,2
torkama,juurde,1,2,50,1
torkama,mööda,2,4,50,2
torkama,pealt,1,2,50,1
torkama,rindu,1,2,50,1
tormama,eemale,2,4,50,2
tormama,võidu,1,2,50,1
totaliseerima,,1,2,50,1
toterdama,,1,2,50,1
tpoimuma,,1,2,50,1
traageldama,kokku,6,12,50,6
trakteerima,,2,4,50,2
trampima,otsas,3,6,50,3
trampima,tagasi,1,2,50,1
trampima,täis,1,2,50,1
transleeruma,,1,2,50,1
transportima,kohale,1,2,50,1
treenima,kokku,2,4,50,2
treima,välja,2,4,50,2
treissima,välja,1,2,50,1
triibutama,,3,6,50,3
triikima,välja,5,10,50,5
triivima,kokku,1,2,50,1
triivima,lahku,1,2,50,1
triivima,mööda,1,2,50,1
triivima,ringi,3,6,50,3
trimmerdama,,1,2,50,1
trinzuma,,1,2,50,1
trippima,ringi,2,4,50,2
tritsutama,,1,2,50,1
trykkima,,7,14,50,7
träänsima,,2,4,50,2
trööpama,,3,6,50,3
trügima,alla,1,2,50,1
trügima,"eest, ära",1,2,50,1
trügima,juurde,1,2,50,1
trügima,üles,3,6,50,3
trükkima,juurde,5,10,50,5
tsautama,,1,2,50,1
tsentreerima,,3,6,50,3
tshekkama,,8,16,50,8
tsillima,ringi,1,2,50,1
tsisteerima,,2,4,50,2
tsuklima,,1,2,50,1
tudima,edasi,1,2,50,1
tuduma,edasi,2,4,50,2
tuhkima,,1,2,50,1
tuhnima,ringi,7,14,50,7
tuiama,edasi,1,2,50,1
tuiama,tagasi,1,2,50,1
tuierdama,,1,2,50,1
tuigerdama,ringi,4,8,50,4
tuiklema,,1,2,50,1
tuimendama,,1,2,50,1
tuimestuma,,1,2,50,1
tuksuma,edasi,5,10,50,5
tuksuma,kaasa,1,2,50,1
tulema,"alla, tagasi",8,16,50,8
tulema,"alt, peale",1,2,50,1
tulema,"edasi, ette",2,4,50,2
tulema,"kaasa, tagasi",1,2,50,1
tulema,kaudu,1,2,50,1
tulema,"kinni, välja",1,2,50,1
tulema,"kokku, välja",3,6,50,3
tulema,"kokku, ära",1,2,50,1
tulema,püsti,8,16,50,8
tulema,"tagant, juurde",1,2,50,1
tulema,"tagant, ära",1,2,50,1
tulema,"tagasi, välja",4,8,50,4
tulema,"tagasi, üles",1,2,50,1
tulema,vahel,1,2,50,1
tulema,"välja, alles",1,2,50,1
tulema,"välja, sisse",1,2,50,1
tulema,"välja, vaja",2,4,50,2
tulema,võidu,1,2,50,1
tulema,ühte,2,4,50,2
tulema,"üle, ilma, kokku",1,2,50,1
tulema,"üles, tagasi",4,8,50,4
tulenema,kokku,1,2,50,1
tulenema,peale,1,2,50,1
tuletama,kõrvalt,1,2,50,1
tuletama,maha,1,2,50,1
tulistama,ette,1,2,50,1
tulistama,kokku,4,8,50,4
tulitsema,,1,2,50,1
tuluma,,1,2,50,1
tulvama,juurde,2,4,50,2
tundma,all,2,4,50,2
tundma,eemale,1,2,50,1
tundma,järele,7,14,50,7
tundma,kohale,1,2,50,1
tundma,pärast,1,2,50,1
tundma,ringi,2,4,50,2
tundma,sees,3,6,50,3
tundma,seoses,1,2,50,1
tundma,üles,1,2,50,1
tunduma,alla,1,2,50,1
tunduma,sisse,1,2,50,1
tunduma,vastu,1,2,50,1
tunduma,välja,2,4,50,2
tunneb-teadma,,1,2,50,1
tunnistama,edasi,1,2,50,1
tunnistama,kaasa,2,4,50,2
tunnistama,kokku,2,4,50,2
tunnustama,läbi,1,2,50,1
tuntsima,,4,8,50,4
turnima,edasi,1,2,50,1
turnima,üle,1,2,50,1
turtsuma,peale,1,2,50,1
tusima,,1,2,50,1
tutuma,,2,4,50,2
tutuvustama,,1,2,50,1
tutvustama,juurde,1,2,50,1
tutvutama,,1,2,50,1
tuunema,,2,4,50,2
tuusama,ringi,1,2,50,1
tuuseldama,läbi,3,6,50,3
tuustima,läbi,2,4,50,2
tuvastama,ringi,1,2,50,1
tuylema,,2,4,50,2
tydima,ära,1,2,50,1
tyhjuma,,3,6,50,3
tymmima,,1,2,50,1
tynduma,,1,2,50,1
tyyrima,,2,4,50,2
tyytuma,,2,4,50,2
tähendama,järel,1,2,50,1
tähendama,laiali,1,2,50,1
tähendama,puudu,1,2,50,1
tähistama,ette,1,2,50,1
tähistama,koos,4,8,50,4
tähistama,üle,3,6,50,3
tähistama,ümber,1,2,50,1
tähistatama,,1,2,50,1
tähistuma,,1,2,50,1
täiendama,kokku,1,2,50,1
täitma,alla,1,2,50,1
täitma,ees,1,2,50,1
täitma,juurde,1,2,50,1
täitma,koos,1,2,50,1
täitma,tagasi,1,2,50,1
täitma,vaja,1,2,50,1
tämama,,1,2,50,1
tänapäevastuma,,1,2,50,1
täpsustama,edasi,2,4,50,2
täpsustama,juurde,1,2,50,1
täpsustama,välja,1,2,50,1
tärgeldama,,2,4,50,2
tärkama,alles,1,2,50,1
tärkama,vastu,1,2,50,1
tääkima,,1,2,50,1
tõdema,kaasa,1,2,50,1
tõestama,lahti,1,2,50,1
tõestuma,,13,26,50,13
tõlgendama,läbi,1,2,50,1
tõlgendama,ümber,1,2,50,1
tõlkima,lahti,1,2,50,1
tõlkima,ümber,4,8,50,4
tõmbama,"alt, ära",1,2,50,1
tõmbama,lahku,1,2,50,1
tõmbama,laiali,23,46,50,23
tõmbama,otsa,4,8,50,4
tõmbama,pidama,1,2,50,1
tõmbama,poole,1,2,50,1
tõmbama,rahul,1,2,50,1
tõmbama,"sisse, tagasi",2,4,50,2
tõmbama,"sisse, ära",1,2,50,1
tõmbama,taga,1,2,50,1
tõmbama,viltu,2,4,50,2
tõmbama,ülle,1,2,50,1
tõmbuma,kinni,1,2,50,1
tõmbuma,kössi,1,2,50,1
tõmbuma,"tagasi, kokku",1,2,50,1
tõmbuma,ära,1,2,50,1
tõmbuma,ümber,1,2,50,1
tõmmblema,,1,2,50,1
tõotama,valmis,1,2,50,1
tõrgestama,,1,2,50,1
tõrjuma,kaasa,1,2,50,1
tõrjuma,üles,1,2,50,1
tõstatuma,üles,1,2,50,1
tõstma,ligi,1,2,50,1
tõstma,"pealt, ära",1,2,50,1
tõtlema,,3,6,50,3
tõttama,kaasa,1,2,50,1
tõukama,edasi,8,16,50,8
tõukama,peale,1,2,50,1
tõukama,täis,2,4,50,2
tõukama,üle,1,2,50,1
tõuseb-langema,,1,2,50,1
tõusma,"taga, püsti",1,2,50,1
tõusma,vaja,1,2,50,1
tölkima,,1,2,50,1
törisema,,1,2,50,1
töristama,ringi,1,2,50,1
törtsatama,,1,2,50,1
tösima,,1,2,50,1
töötama,kinni,1,2,50,1
töötama,lahti,1,2,50,1
töötama,nõus,1,2,50,1
töötama,pealt,1,2,50,1
töötama,rahul,2,4,50,2
töötama,tarvis,2,4,50,2
tühistuma,,16,32,50,16
tükkama,tagasi,1,2,50,1
tükkima,sisse,1,2,50,1
tülitama,ära,1,2,50,1
türima,,4,8,50,4
tüsistama,,1,2,50,1
tüürima,kõrvale,1,2,50,1
ubima,,3,6,50,3
uhama,alla,2,4,50,2
uhama,kaasa,1,2,50,1
uhama,täis,1,2,50,1
uhendama,,2,4,50,2
uhkama,läbi,1,2,50,1
uhkustama,vastu,1,2,50,1
uhtma,peale,1,2,50,1
uhtuma,laiali,3,6,50,3
uinuma,taga,1,2,50,1
uisklema,,9,18,50,9
uisutama,edasi,1,2,50,1
uitama,läbi,1,2,50,1
uitama,tagasi,1,2,50,1
ujuma,esile,2,4,50,2
ujuma,järgi,1,2,50,1
ujuma,lahti,2,4,50,2
ujuma,maha,1,2,50,1
ujuma,sisse,4,8,50,4
ujuma,"tagant, välja",1,2,50,1
ujuma,täis,1,2,50,1
ujuma,üle,6,12,50,6
ukerdama,läbi,1,2,50,1
ukkima,,2,4,50,2
ukkuma,,1,2,50,1
ulatama,kinni,1,2,50,1
ulatama,kätte,1,2,50,1
ulatama,maha,3,6,50,3
ulatama,peale,1,2,50,1
ulatama,võidu,1,2,50,1
ulatuma,üles,3,6,50,3
ulvima,,1,2,50,1
umbusaldama,edasi,1,2,50,1
unduma,,2,4,50,2
unekattima,,4,8,50,4
unetama,,1,2,50,1
unistama,ette,1,2,50,1
unistama,lahku,1,2,50,1
ununema,peale,1,2,50,1
unustama,alla,1,2,50,1
uperpallitama,välja,1,2,50,1
upitama,üle,1,2,50,1
uploadima,üles,1,2,50,1
uptima,,1,2,50,1
urkima,,1,2,50,1
urruma,,1,2,50,1
uskuma,ees,1,2,50,1
uskuma,ilma,1,2,50,1
uskuma,kaasa,1,2,50,1
uskuma,taga,2,4,50,2
uskuma,ümber,1,2,50,1
uuendama,vastu,1,2,50,1
uurima,juurde,1,2,50,1
uurima,sees,1,2,50,1
uurima,tagant,1,2,50,1
uurima,vaja,2,4,50,2
uurima,valmis,1,2,50,1
uurima,vastu,2,4,50,2
uuristama,sisse,2,4,50,2
v6etuma,vastu,1,2,50,1
v6itnuma,,2,4,50,2
v6ltsituma,,1,2,50,1
vaatama,kaasas,1,2,50,1
vaatama,kõrval,1,2,50,1
vaatama,"kõrvalt, pealt",1,2,50,1
vaatama,lukku,1,2,50,1
vaatama,"mööda, läbi",1,2,50,1
vaatama,peal,3,6,50,3
vaatama,puudu,2,4,50,2
vaatama,püsti,1,2,50,1
vaatame-kuulama,,1,2,50,1
vaatavad-lugema,,1,2,50,1
vabandama,peale,1,2,50,1
vabanema,tagant,1,2,50,1
vabastama,edasi,1,2,50,1
vabastama,peale,1,2,50,1
vabastama,välja,1,2,50,1
vadistama,,44,88,50,44
vaevama,lahti,1,2,50,1
vaevama,ära,5,10,50,5
vaevuma,läbi,1,2,50,1
vahelduma,välja,1,2,50,1
vahet-olema,,1,2,50,1
vahetama,koos,1,2,50,1
vahetama,sees,1,2,50,1
vahetama,tagasi,16,32,50,16
vahistama,ees,1,2,50,1
vahtima,alla,4,8,50,4
vaidlema,edasi,20,40,50,20
vaidlema,välja,1,2,50,1
vaigistama,maha,2,4,50,2
vaikima,lahti,1,2,50,1
vaimima,,4,8,50,4
vaimustuma,ette,1,2,50,1
vaislema,,1,2,50,1
vajama,esile,1,2,50,1
vajama,järele,1,2,50,1
vajama,maha,2,4,50,2
vajama,tarvis,3,6,50,3
vajama,vastu,4,8,50,4
vajama,üles,6,12,50,6
vajuma,"alt, ära",2,4,50,2
vajuma,"ära, ära",1,2,50,1
vajutama,all,2,4,50,2
vajutama,edasi,1,2,50,1
vajutama,kõrvale,1,2,50,1
vaketama,,1,2,50,1
valama,otsa,1,2,50,1
valdama,alla,1,2,50,1
valdama,läbi,1,2,50,1
valdama,üle,1,2,50,1
valetama,sisse,5,10,50,5
valetama,võidu,1,2,50,1
valgustama,"alt, üles",1,2,50,1
valgustuma,läbi,1,2,50,1
valgustuma,välja,2,4,50,2
valima,asemele,1,2,50,1
valima,ilma,2,4,50,2
valima,pealt,1,2,50,1
valima,"tagasi, välja",1,2,50,1
valitsema,ringi,1,2,50,1
valmima,kaasa,1,2,50,1
valmistama,ilma,1,2,50,1
valmistama,lahti,1,2,50,1
valmistuma,kaasa,1,2,50,1
valmistuma,peale,1,2,50,1
valmistuma,vaja,1,2,50,1
valmistuma,ära,1,2,50,1
valutama,alla,1,2,50,1
valutama,läbi,1,2,50,1
valvama,edasi,1,2,50,1
vananema,ära,1,2,50,1
vantsima,edasi,1,2,50,1
vantsima,läbi,1,2,50,1
vantsima,ringi,3,6,50,3
vantsima,vastu,1,2,50,1
varastama,juurde,1,2,50,1
varastama,kaupa,1,2,50,1
varastama,koos,2,4,50,2
varisema,kinni,3,6,50,3
varisema,"kokku, kokku",1,2,50,1
varjama,kaasa,1,2,50,1
varjama,koos,1,2,50,1
varjustama,,1,2,50,1
vastama,ette,2,4,50,2
vastama,"ette, ära",1,2,50,1
vastama,ilma,1,2,50,1
vastama,kaasa,1,2,50,1
vastama,pealt,1,2,50,1
vastama,rahul,1,2,50,1
vastama,vastu,2,4,50,2
vastutama,kokku,1,2,50,1
vastutama,üles,1,2,50,1
vea-vedama,,1,2,50,1
vedama,ilma,1,2,50,1
vedama,"lahti, välja",1,2,50,1
vedama,pealt,1,2,50,1
vedama,taga,1,2,50,1
vedama,valmis,1,2,50,1
vedama,"üles, tagasi",1,2,50,1
vedelema,ees,1,2,50,1
vedelema,maas,2,4,50,2
vedelema,üle,1,2,50,1
veenma,ringi,1,2,50,1
veeretama,edasi,5,10,50,5
veeretama,kõrvale,1,2,50,1
veetma,kaasa,1,2,50,1
veetma,taga,1,2,50,1
veetustuma,,1,2,50,1
vehkima,maha,7,14,50,7
vehkima,ära,2,4,50,2
vehklema,ringi,1,2,50,1
vehklema,ära,1,2,50,1
veiderdama,,22,44,50,22
vembutama,,1,2,50,1
vemima,,1,2,50,1
venima,kohale,1,2,50,1
venima,peale,1,2,50,1
venima,üle,1,2,50,1
venitama,otsa,1,2,50,1
venitama,tagasi,1,2,50,1
venitama,üles,1,2,50,1
verdima,,1,2,50,1
versioonima,,2,4,50,2
vestlema,edasi,4,8,50,4
vestlema,kokku,1,2,50,1
vetruma,tagasi,1,2,50,1
vettama,,1,2,50,1
vibama,,12,24,50,12
vibutama,vastu,1,2,50,1
vicsima,,1,2,50,1
vihastama,üle,2,4,50,2
vihkama,välja,1,2,50,1
vihkama,üle,2,4,50,2
viibima,eemal,4,8,50,4
viibima,ära,5,10,50,5
viicima,ära,1,2,50,1
viicnuma,,1,2,50,1
viiekümendama,,1,2,50,1
viigistama,lahti,2,4,50,2
viikima,,7,14,50,7
viilima,mööda,1,2,50,1
viilima,sisse,1,2,50,1
viima,alles,2,4,50,2
viima,"edasi, alla",1,2,50,1
viima,"edasi, läbi",1,2,50,1
viima,eest,3,6,50,3
viima,koos,1,2,50,1
viima,kuskile,1,2,50,1
viima,vaja,4,8,50,4
viima,"üles, välja",1,2,50,1
viimistlema,ära,2,4,50,2
viiplema,,5,10,50,5
viitama,ilma,1,2,50,1
viitama,kokku,2,4,50,2
viitma,edasi,1,2,50,1
viitsima,peale,1,2,50,1
viitsima,vastu,1,2,50,1
viitsnuma,,1,2,50,1
viitsuma,,3,6,50,3
viivima,,1,2,50,1
vilgutama,vastu,1,2,50,1
vilistama,kokku,1,2,50,1
vilistama,üles,1,2,50,1
viljelema,edasi,2,4,50,2
vilksatama,vahele,1,2,50,1
vilkuma,all,1,2,50,1
villima,ümber,2,4,50,2
viltuma,,1,2,50,1
vingerdama,läbi,1,2,50,1
vingerdama,ringi,1,2,50,1
vingerdama,ära,1,2,50,1
vinglema,,1,2,50,1
vinnama,kaasa,1,2,50,1
virguma,üles,1,2,50,1
virutama,valmis,1,2,50,1
virutama,üles,2,4,50,2
virvendama,vastu,1,2,50,1
visisema,,7,14,50,7
visisema,edasi,1,2,50,1
viskama,all,1,2,50,1
viskama,kaasa,2,4,50,2
viskama,külili,1,2,50,1
viskama,pikali,1,2,50,1
viskama,tagant,1,2,50,1
viskama,vahele,3,6,50,3
viskama,"välja, alla",1,2,50,1
viskama,"välja, tagasi",1,2,50,1
viskuma,kallale,1,2,50,1
viskuma,üles,1,2,50,1
viskuma,ümber,1,2,50,1
vitima,,1,2,50,1
vittuma,,6,12,50,6
vohama,välja,1,2,50,1
voitlema,,1,2,50,1
volitama,alla,1,2,50,1
volitama,edasi,2,4,50,2
volksuma,,1,2,50,1
volksutama,,5,10,50,5
voodotama,,1,2,50,1
voogama,laiali,1,2,50,1
voogama,tagasi,2,4,50,2
voolama,juurde,19,38,50,19
voorima,tagasi,1,2,50,1
vordlema,,1,2,50,1
vormima,läbi,1,2,50,1
vottima,kinni,1,2,50,1
vudima,eemale,1,2,50,1
vuhisema,edasi,3,6,50,3
vuhisema,"mööda, üle",1,2,50,1
vuhtima,maha,1,2,50,1
vulisema,välja,2,4,50,2
vupsama,esile,1,2,50,1
vupsama,tagasi,2,4,50,2
vurama,edasi,2,4,50,2
vurama,maha,1,2,50,1
vurama,üle,1,2,50,1
vuristama,läbi,1,2,50,1
vurtsatama,,2,4,50,2
vuttima,,1,2,50,1
vähendama,järele,1,2,50,1
vähendama,ringi,6,12,50,6
vähendama,välja,2,4,50,2
vähenema,välja,1,2,50,1
vähenema,üle,1,2,50,1
vähkrema,välja,1,2,50,1
väitlema,vastu,4,8,50,4
välistama,peale,1,2,50,1
välja-kujunema,,1,2,50,1
väljastama,läbi,1,2,50,1
väljendama,ligi,1,2,50,1
väljendama,üle,2,4,50,2
välklema,,3,6,50,3
välksatama,,1,2,50,1
välmima,,1,2,50,1
vältima,välja,1,2,50,1
väntama,alla,1,2,50,1
väntama,maha,4,8,50,4
väravastama,,1,2,50,1
värima,,1,2,50,1
väänlema,edasi,1,2,50,1
väärima,esile,12,24,50,12
väärima,järele,1,2,50,1
väärima,läbi,1,2,50,1
väärima,ära,5,10,50,5
vóimaldama,,2,4,50,2
võetnuma,vastu,1,2,50,1
võiduma,ära,1,2,50,1
võiks-pidama,,4,8,50,4
võima,välja,2,4,50,2
võimaldama,edasi,1,2,50,1
võimaldama,koos,1,2,50,1
võimima,,2,4,50,2
võimlema,kaasa,2,4,50,2
võimutsema,edasi,1,2,50,1
võitlema,peal,1,2,50,1
võitlema,sisse,1,2,50,1
võitlema,üles,1,2,50,1
võitma,kinni,1,2,50,1
võitma,kõrvale,1,2,50,1
võitma,ringis,1,2,50,1
võitma,tänu,1,2,50,1
võitma,valmis,1,2,50,1
võlgnema,välja,1,2,50,1
võnkuma,kaasa,1,2,50,1
võpatama,peale,1,2,50,1
võrduma,ringi,2,4,50,2
võrduma,välja,1,2,50,1
võristama,,2,4,50,2
võtima,ära,2,4,50,2
võtma,"edasi, vastu",1,2,50,1
võtma,esile,3,6,50,3
võtma,"ilma, kaasa",1,2,50,1
võtma,"kaasa, maha",1,2,50,1
võtma,"kinni, kinni",1,2,50,1
võtma,"kinni, kokku",1,2,50,1
võtma,kohale,1,2,50,1
võtma,"lahti, välja",1,2,50,1
võtma,"lahti, ära",1,2,50,1
võtma,mööda,1,2,50,1
võtma,"peale, kaasa",1,2,50,1
võtma,"peale, tagasi",1,2,50,1
võtma,"tagasi, kaasa",1,2,50,1
võtma,"tagasi, välja",1,2,50,1
võtma,"välja, välja",2,4,50,2
võtma,"ära, ette",1,2,50,1
võtma,"ära, tagasi",1,2,50,1
võttnuma,ära,1,2,50,1
võõrandama,edasi,1,2,50,1
vöetuma,kinni,1,2,50,1
vöttima,vastu,3,6,50,3
wallitsema,,1,2,50,1
warsima,,1,2,50,1
wenima,,1,2,50,1
wetnuma,,1,2,50,1
wirutama,,1,2,50,1
wäärima,,1,2,50,1
wõrguma,,2,4,50,2
yksnema,,1,2,50,1
ylema,alt,1,2,50,1
yohtima,,1,2,50,1
yppama,ära,1,2,50,1
yritama,maha,1,2,50,1
yrytama,,2,4,50,2
ytlema,ette,3,6,50,3
ytlema,vastu,4,8,50,4
yxima,,8,16,50,8
yzima,,1,2,50,1
zonema,tagasi,1,2,50,1
zuumima,,1,2,50,1
äestama,üles,1,2,50,1
ägestuma,ära,1,2,50,1
ägetsema,,1,2,50,1
ähvardama,mood,1,2,50,1
äkkpidurdama,,1,2,50,1
ära,välja,1,2,50,1
ära,üles,1,2,50,1
äratama,tagasi,1,2,50,1
äratama,ümber,1,2,50,1
ärkama,vastu,1,2,50,1
ärkima,,1,2,50,1
ärnuma,,1,2,50,1
ärvima,,1,2,50,1
ääkima,,2,4,50,2
õelduma,ära,1,2,50,1
õhkuma,välja,1,2,50,1
õhtima,,1,2,50,1
õletama,,1,2,50,1
õluma,,1,2,50,1
õmblema,juurde,1,2,50,1
õmblema,üle,1,2,50,1
õnnestuma,edasi,3,6,50,3
õnnestuma,kõrvale,2,4,50,2
õnnestuma,maha,1,2,50,1
õnnestuma,ringi,1,2,50,1
õnnistama,ära,2,4,50,2
õppima,ees,1,2,50,1
õppima,ette,1,2,50,1
õppima,peale,5,10,50,5
õõnestama,seest,1,2,50,1
õõnestuma,,1,2,50,1
õõtsutama,kaasa,1,2,50,1
öhkuma,,1,2,50,1
ökonomiseerima,,1,2,50,1
öpetama,,2,4,50,2
öpetama,ära,1,2,50,1
ööbima,vastu,1,2,50,1
öökima,,20,40,50,20
üdlema,,1,2,50,1
ühendama,taha,3,6,50,3
ühenema,,1,2,50,1
ühestükkima,,1,2,50,1
üheülbastama,,1,2,50,1
ühtgima,,1,2,50,1
ülatama,,3,6,50,3
ülatuma,,1,2,50,1
ülbitsema,vastu,1,2,50,1
üldistama,ära,2,4,50,2
üleküllastuma,,1,2,50,1
ületama,ette,3,6,50,3
ületama,kaupa,1,2,50,1
ületama,maha,1,2,50,1
üllatama,lukku,1,2,50,1
üllatama,üles,1,2,50,1
üllitama,kaasa,1,2,50,1
üllituma,,2,4,50,2
ümbritsema,ringi,1,2,50,1
ümisema,juurde,1,2,50,1
üppama,"alt, ära",1,2,50,1
ürisema,,1,2,50,1
üritama,ilma,2,4,50,2
ütlema,all,1,2,50,1
ütlema,alles,1,2,50,1
ütlema,eemale,1,2,50,1
ütlema,"ilma, ette",1,2,50,1
ütlema,koos,2,4,50,2
ütlema,ligi,3,6,50,3
ütlema,mööda,1,2,50,1
ütlema,täis,1,2,50,1
ütlima,,2,4,50,2
ütlsima,,1,2,50,1
üytlema,,1,2,50,1
üütlema,,1,2,50,1
šantažeerima,,11,22,50,11
šlikerdama,,1,2,50,1
šokeeruma,,1,2,50,1
mängima,üle,281,563,50.08880994671403,282
närvitsema,,102,205,50.24390243902439,103
distantseeruma,,150,302,50.331125827814574,152
lisama,juurde,285,574,50.34843205574913,289
püsima,koos,112,226,50.442477876106196,114
paistma,välja,1209,2440,50.45081967213115,1231
teadma,ära,51,103,50.48543689320388,52
keema,üle,48,97,50.51546391752577,49
pingutama,üle,376,760,50.526315789473685,384
olema,käsil,91,184,50.54347826086957,93
toimima,,7621,15416,50.564348728593664,7795
hüppama,läbi,41,83,50.602409638554214,42
kuluma,maha,39,79,50.63291139240506,40
ilmuma,välja,1003,2033,50.66404328578456,1030
pakkuma,üle,109,221,50.678733031674206,112
jahtuma,maha,70,142,50.70422535211267,72
nõelama,,138,280,50.71428571428571,142
hingama,sisse,239,485,50.72164948453608,246
vajuma,maha,33,67,50.74626865671642,34
saama,vaja,62,126,50.79365079365079,64
teipima,kinni,31,63,50.79365079365079,32
minema,ilma,29,59,50.847457627118644,30
loksutama,,112,228,50.877192982456144,116
pääsema,valla,28,57,50.877192982456144,29
keerutama,välja,26,53,50.943396226415096,27
ajama,läbi,179,365,50.95890410958904,186
liikuma,alla,51,104,50.96153846153846,53
täiustuma,,101,206,50.970873786407765,105
küsima,üle,173,353,50.991501416430594,180
sõnastama,ümber,24,49,51.02040816326531,25
treenima,koos,24,49,51.02040816326531,25
kõlama,,10842,22151,51.05412848178412,11309
tootma,juurde,41,84,51.19047619047619,43
poegima,,101,207,51.20772946859904,106
saama,pihta,946,1939,51.21196493037649,993
leidma,välja,20,41,51.21951219512195,21
saama,lahti,1710,3507,51.24037639007699,1797
arutama,edasi,39,80,51.24999999999999,41
lõppema,ära,212,435,51.26436781609195,223
olesklema,,19,39,51.28205128205128,20
saama,jaole,19,39,51.28205128205128,20
vaatsima,,19,39,51.28205128205128,20
kosuma,,735,1509,51.29224652087475,774
kohtama,,3883,7974,51.30423877602207,4091
käima,vastu,73,150,51.33333333333333,77
ekslema,ringi,18,37,51.35135135135135,19
kihutama,üle,18,37,51.35135135135135,19
konsolideerima,,18,37,51.35135135135135,19
töötama,ümber,18,37,51.35135135135135,19
püsima,edasi,35,72,51.388888888888886,37
kiskuma,,1939,3990,51.40350877192983,2051
ütlema,ära,1192,2453,51.406441092539744,1261
haakuma,,965,1986,51.40986908358509,1021
harvenema,,17,35,51.42857142857142,18
käima,käsikäes,17,35,51.42857142857142,18
poetuma,,17,35,51.42857142857142,18
rippuma,ära,34,70,51.42857142857142,36
mõikama,,134,276,51.449275362318836,142
mõtlema,ringi,16,33,51.515151515151516,17
lobisema,,348,718,51.532033426183844,370
keerama,ära,141,291,51.546391752577314,150
andma,juurde,1028,2122,51.55513666352498,1094
hüppama,tagasi,31,64,51.5625,33
painduma,,199,411,51.58150851581509,212
ehmatama,eemale,15,31,51.61290322580645,16
küsima,ära,75,155,51.61290322580645,80
lööma,ümber,15,31,51.61290322580645,16
paluma,ette,30,62,51.61290322580645,32
sagima,ringi,15,31,51.61290322580645,16
sobima,alla,15,31,51.61290322580645,16
tulema,taha,15,31,51.61290322580645,16
ulatuma,maha,15,31,51.61290322580645,16
urgitsema,välja,15,31,51.61290322580645,16
vilksama,läbi,15,31,51.61290322580645,16
leiduma,,10059,20796,51.630121177149455,10737
ajastama,,89,184,51.63043478260869,95
mõtlema,ümber,250,517,51.64410058027079,267
saama,peksma,569,1177,51.656754460492785,608
jahutama,maha,43,89,51.68539325842697,46
imbuma,välja,57,118,51.69491525423729,61
pidama,vastu,3747,7757,51.69524300631687,4010
suhtlema,,3453,7151,51.713047126276045,3698
kaduma,ära,2145,4443,51.721809588116145,2298
hindama,üle,182,377,51.724137931034484,195
jõnksatama,,14,29,51.724137931034484,15
kavandama,ette,14,29,51.724137931034484,15
trügima,esile,14,29,51.724137931034484,15
õgvendama,,14,29,51.724137931034484,15
lööma,läbi,480,995,51.75879396984925,515
ajama,üle,41,85,51.76470588235295,44
kasvama,ümber,27,56,51.78571428571429,29
reegima,,81,168,51.78571428571429,87
viitcima,,107,222,51.80180180180181,115
fikseerima,ära,13,27,51.85185185185185,14
harunema,,13,27,51.85185185185185,14
kommertsialiseeruma,,13,27,51.85185185185185,14
kutsuma,ligi,13,27,51.85185185185185,14
leidma,vaja,13,27,51.85185185185185,14
naerma,üle,13,27,51.85185185185185,14
otsustama,edasi,13,27,51.85185185185185,14
treenima,edasi,13,27,51.85185185185185,14
vähenema,alla,13,27,51.85185185185185,14
lõhnama,,765,1589,51.85651353052234,824
tootma,tagasi,25,52,51.92307692307693,27
istuma,edasi,62,129,51.93798449612403,67
tõmbama,tagasi,185,385,51.94805194805194,200
otsima,edasi,49,102,51.9607843137255,53
astuma,esile,60,125,52,65
harjuma,sisse,12,25,52,13
kupatama,välja,12,25,52,13
litutama,,12,25,52,13
meelestama,,12,25,52,13
paiknema,ümber,12,25,52,13
plärama,,24,50,52,26
tekkima,edasi,24,50,52,26
töötama,alla,12,25,52,13
vusserdama,,12,25,52,13
pingutama,,1182,2463,52.00974421437271,1281
hingama,välja,59,123,52.03252032520326,64
kuivama,ära,140,292,52.054794520547944,152
puhuma,vastu,23,48,52.083333333333336,25
sobitama,kokku,23,48,52.083333333333336,25
reageerima,,3164,6605,52.096896290688875,3441
jutustama,ümber,34,71,52.112676056338024,37
puutuma,kokku,2398,5008,52.116613418530356,2610
jääma,juurde,45,94,52.12765957446809,49
proovima,ära,222,464,52.1551724137931,242
jooksma,lahti,11,23,52.17391304347826,12
kõndima,eemale,11,23,52.17391304347826,12
nägema,all,11,23,52.17391304347826,12
õppima,välja,11,23,52.17391304347826,12
juurduma,,445,931,52.201933404940924,486
hääldama,,151,316,52.21518987341772,165
kirjutama,juurde,75,157,52.22929936305732,82
madistama,,85,178,52.24719101123596,93
vedama,välja,485,1016,52.26377952755905,531
logima,välja,21,44,52.27272727272727,23
saaxima,,21,44,52.27272727272727,23
skoorima,,21,44,52.27272727272727,23
tulema,külge,21,44,52.27272727272727,23
hakkama,peale,749,1570,52.29299363057325,821
vilksama,,62,130,52.307692307692314,68
uisutama,,153,321,52.336448598130836,168
jõudma,sisse,20,42,52.38095238095239,22
kaanima,täis,10,21,52.38095238095239,11
kinnitama,üle,10,21,52.38095238095239,11
kolkima,läbi,10,21,52.38095238095239,11
käima,kallal,10,21,52.38095238095239,11
leevenema,,50,105,52.38095238095239,55
nuuskima,ringi,10,21,52.38095238095239,11
sõnama,ära,10,21,52.38095238095239,11
sööstma,mööda,10,21,52.38095238095239,11
tarvitama,ära,20,42,52.38095238095239,22
tõstatuma,,190,399,52.38095238095239,209
tõusma,peale,10,21,52.38095238095239,11
vitsutama,,30,63,52.38095238095239,33
üttlema,,10,21,52.38095238095239,11
kerkima,üles,593,1246,52.40770465489567,653
pusima,,98,206,52.42718446601942,108
maksma,sisse,39,82,52.4390243902439,43
tulema,kõrvale,29,61,52.459016393442624,32
taipama,,2401,5053,52.48367306550564,2652
piidlema,,162,341,52.49266862170088,179
plärisema,,38,80,52.5,42
regama,,76,160,52.5,84
elama,üle,1172,2469,52.531389226407455,1297
sümpatiseerima,,129,272,52.57352941176471,143
saama,villand,82,173,52.601156069364166,91
hüppama,lahti,18,38,52.63157894736842,20
istuma,kõrval,9,19,52.63157894736842,10
keerama,tuksi,18,38,52.63157894736842,20
lendama,ette,9,19,52.63157894736842,10
leotama,läbi,9,19,52.63157894736842,10
levima,üle,9,19,52.63157894736842,10
libisema,sisse,9,19,52.63157894736842,10
marssima,ringi,9,19,52.63157894736842,10
mõistatama,ära,9,19,52.63157894736842,10
nihkuma,ära,9,19,52.63157894736842,10
panema,all,9,19,52.63157894736842,10
poetama,sisse,9,19,52.63157894736842,10
saama,taga,9,19,52.63157894736842,10
seisma,kirjas,9,19,52.63157894736842,10
ukerdama,välja,9,19,52.63157894736842,10
võtma,rindu,9,19,52.63157894736842,10
kõndima,mööda,116,245,52.6530612244898,129
hoiatama,ette,79,167,52.69461077844312,88
tekkima,sisse,26,55,52.72727272727272,29
eksisteerima,,3188,6745,52.7353595255745,3557
joonistama,valmis,17,36,52.77777777777778,19
sööstma,üles,17,36,52.77777777777778,19
mõistma,hukka,50,106,52.83018867924528,56
tuuritama,ringi,25,53,52.83018867924528,28
käänama,,58,123,52.84552845528455,65
hiilima,välja,33,70,52.85714285714286,37
kõlbama,,3007,6379,52.86094999216178,3372
passima,,844,1791,52.875488553880515,947
haukuma,,327,694,52.88184438040345,367
saama,püsti,106,225,52.888888888888886,119
kiinduma,,178,378,52.910052910052904,200
ununema,,837,1778,52.924634420697416,941
algama,üle,8,17,52.94117647058824,9
chatima,,16,34,52.94117647058824,18
hõõruma,ära,8,17,52.94117647058824,9
isutama,,8,17,52.94117647058824,9
jõudma,jaole,8,17,52.94117647058824,9
kaotama,tagasi,8,17,52.94117647058824,9
kestendama,,8,17,52.94117647058824,9
kolama,ringi,56,119,52.94117647058824,63
krüptima,,8,17,52.94117647058824,9
kukerpallitama,,8,17,52.94117647058824,9
kõrvetama,läbi,8,17,52.94117647058824,9
küsima,vaja,8,17,52.94117647058824,9
legaliseeruma,,8,17,52.94117647058824,9
lubama,juurde,8,17,52.94117647058824,9
mullitama,,24,51,52.94117647058824,27
myyduma,,8,17,52.94117647058824,9
närveldama,,16,34,52.94117647058824,18
pöörama,segi,8,17,52.94117647058824,9
ratsutama,läbi,8,17,52.94117647058824,9
ronima,otsa,24,51,52.94117647058824,27
ronima,üle,16,34,52.94117647058824,18
saama,järele,16,34,52.94117647058824,18
tingima,alla,8,17,52.94117647058824,9
tootma,välja,24,51,52.94117647058824,27
tõmbama,külge,8,17,52.94117647058824,9
töinama,,8,17,52.94117647058824,9
šoppama,,16,34,52.94117647058824,18
alustama,peale,39,83,53.01204819277109,44
devalveeruma,,78,166,53.01204819277109,88
arenema,edasi,435,926,53.02375809935205,491
rebima,ette,77,164,53.04878048780488,87
elama,ära,508,1082,53.04990757855823,574
vilksatama,,336,716,53.072625698324025,380
soojenema,,259,552,53.07971014492754,293
olema,üle,220,469,53.09168443496801,249
lippama,ringi,53,113,53.09734513274337,60
istuma,peal,15,32,53.125,17
jääma,tagasi,15,32,53.125,17
kasutama,välja,15,32,53.125,17
krõpsuma,,15,32,53.125,17
küpsetama,ära,15,32,53.125,17
liitma,juurde,15,32,53.125,17
paistma,vastu,15,32,53.125,17
kärisema,,284,606,53.135313531353134,322
leidma,üles,1697,3622,53.147432357813365,1925
aelema,,37,79,53.16455696202531,42
hulkuma,ringi,96,205,53.170731707317074,109
lohisema,,140,299,53.17725752508361,159
astuma,ära,22,47,53.191489361702125,25
kontrollima,järele,22,47,53.191489361702125,25
kõndima,vastu,22,47,53.191489361702125,25
lammutama,ära,22,47,53.191489361702125,25
müdistama,,22,47,53.191489361702125,25
lõpma,otsa,58,124,53.2258064516129,66
jõudma,välja,599,1281,53.23965651834504,682
saama,välja,909,1944,53.24074074074075,1035
jahuma,,149,319,53.29153605015674,170
katma,ära,78,167,53.293413173652695,89
ehitama,juurde,28,60,53.333333333333336,32
ekspresseeruma,,7,15,53.333333333333336,8
ikkima,,7,15,53.333333333333336,8
juhtuma,üle,7,15,53.333333333333336,8
kaduma,"tagant, ära",7,15,53.333333333333336,8
klattima,,7,15,53.333333333333336,8
kontrasteeruma,,14,30,53.333333333333336,16
kuluma,peale,7,15,53.333333333333336,8
kumama,välja,7,15,53.333333333333336,8
kütma,ilma,7,15,53.333333333333336,8
lendlema,ringi,7,15,53.333333333333336,8
libistama,üle,14,30,53.333333333333336,16
meikima,,49,105,53.333333333333336,56
nimetama,ära,28,60,53.333333333333336,32
prahvatama,välja,7,15,53.333333333333336,8
põrkama,otsa,7,15,53.333333333333336,8
pöörama,"otsa, ümber",7,15,53.333333333333336,8
retsima,,14,30,53.333333333333336,16
riimima,,21,45,53.333333333333336,24
rippuma,otsas,21,45,53.333333333333336,24
spetsialiseeruma,ümber,7,15,53.333333333333336,8
tellima,ette,7,15,53.333333333333336,8
trükkima,valmis,7,15,53.333333333333336,8
tunnetama,ära,21,45,53.333333333333336,24
unuma,ära,7,15,53.333333333333336,8
uurima,ära,7,15,53.333333333333336,8
viiicima,,7,15,53.333333333333336,8
vuhisema,alla,7,15,53.333333333333336,8
õppima,läbi,7,15,53.333333333333336,8
žestikuleerima,,21,45,53.333333333333336,24
hingama,,998,2139,53.34268349696119,1141
põikama,,202,433,53.34872979214781,231
saama,ligi,193,414,53.3816425120773,221
tilkuma,läbi,34,73,53.42465753424658,39
lülituma,,365,784,53.443877551020414,419
tahenema,,27,58,53.44827586206896,31
jõudma,kohale,1785,3835,53.45501955671447,2050
võimenduma,,181,389,53.470437017994854,208
maigutama,,67,144,53.47222222222222,77
astuma,läbi,348,748,53.475935828877006,400
sexima,,87,187,53.475935828877006,100
tõusetuma,,187,402,53.482587064676615,215
jooksutama,kokku,20,43,53.48837209302325,23
katkema,ära,20,43,53.48837209302325,23
käänduma,,40,86,53.48837209302325,46
otsima,juurde,20,43,53.48837209302325,23
siblima,ringi,20,43,53.48837209302325,23
tõusma,esile,546,1174,53.4923339011925,628
majandama,ära,66,142,53.52112676056338,76
imponeerima,,125,269,53.53159851301115,144
võnkuma,,46,99,53.535353535353536,53
amortiseerima,,13,28,53.57142857142857,15
jõudma,mööda,13,28,53.57142857142857,15
kõksama,,13,28,53.57142857142857,15
leierdama,,13,28,53.57142857142857,15
loperdama,,13,28,53.57142857142857,15
maxima,,13,28,53.57142857142857,15
müstifitseerima,,13,28,53.57142857142857,15
redigeerima,,26,56,53.57142857142857,30
tegutsema,vastu,13,28,53.57142857142857,15
langema,ära,440,948,53.58649789029536,508
teenima,tagasi,103,222,53.6036036036036,119
kasutama,edasi,32,69,53.62318840579711,37
krõmpsuma,,19,41,53.65853658536586,22
nokkima,ära,19,41,53.65853658536586,22
halvenema,,1175,2537,53.68545526212062,1362
liikuma,eemale,25,54,53.70370370370371,29
olema,"juurde, vaja",125,270,53.70370370370371,145
saama,kõrini,25,54,53.70370370370371,29
viirastuma,,81,175,53.714285714285715,94
kõõritama,,31,67,53.73134328358209,36
rabistama,,31,67,53.73134328358209,36
langema,tagasi,68,147,53.74149659863946,79
vedelema,,1160,2509,53.76644081307293,1349
ilmuma,tagasi,49,106,53.77358490566038,57
lööma,välja,728,1576,53.80710659898477,848
arvama,tagasi,6,13,53.84615384615385,7
asuma,sees,6,13,53.84615384615385,7
avanema,alla,6,13,53.84615384615385,7
diskuteerima,,96,208,53.84615384615385,112
hiilima,ringi,18,39,53.84615384615385,21
hoidma,ühte,6,13,53.84615384615385,7
jalutama,läbi,54,117,53.84615384615385,63
jooksma,järel,6,13,53.84615384615385,7
jätkama,koos,6,13,53.84615384615385,7
jääma,jänni,18,39,53.84615384615385,21
jääma,jõusse,6,13,53.84615384615385,7
kandma,peal,6,13,53.84615384615385,7
kannatama,edasi,6,13,53.84615384615385,7
kargama,täis,12,26,53.84615384615385,14
kargama,vastu,6,13,53.84615384615385,7
klobisema,,6,13,53.84615384615385,7
käima,peale,204,442,53.84615384615385,238
laenutama,välja,6,13,53.84615384615385,7
lakkuma,täis,6,13,53.84615384615385,7
lekkima,välja,30,65,53.84615384615385,35
libistama,sisse,6,13,53.84615384615385,7
liikuma,sisse,12,26,53.84615384615385,14
lisama,alla,6,13,53.84615384615385,7
lõikama,kokku,6,13,53.84615384615385,7
modifitseeruma,,6,13,53.84615384615385,7
mojuma,,6,13,53.84615384615385,7
murdma,tagasi,12,26,53.84615384615385,14
näima,koos,6,13,53.84615384615385,7
olema,lahus,6,13,53.84615384615385,7
pinkima,,6,13,53.84615384615385,7
postitama,ära,6,13,53.84615384615385,7
purjetama,läbi,6,13,53.84615384615385,7
põrutama,järele,6,13,53.84615384615385,7
roostetama,ära,6,13,53.84615384615385,7
saabuma,järele,6,13,53.84615384615385,7
soetama,juurde,6,13,53.84615384615385,7
soomestuma,,6,13,53.84615384615385,7
tekkima,vaja,6,13,53.84615384615385,7
toimuma,all,6,13,53.84615384615385,7
tulema,kohal,18,39,53.84615384615385,21
ujuma,ära,12,26,53.84615384615385,14
vaatama,eemale,6,13,53.84615384615385,7
vaatama,mööda,150,325,53.84615384615385,175
integreeruma,,173,375,53.86666666666666,202
surema,välja,744,1614,53.90334572490706,870
erutama,,566,1228,53.90879478827362,662
regama,ära,53,115,53.91304347826087,62
jõudma,koha,47,102,53.92156862745098,55
levima,,6799,14756,53.92382759555435,7957
spämmima,,41,89,53.93258426966292,48
aktualiseeruma,,29,63,53.96825396825397,34
sündima,ümber,46,100,54,54
tahtma,koos,23,50,54,27
vahtima,otsa,57,124,54.03225806451613,67
kandma,sisse,17,37,54.054054054054056,20
klatšima,,17,37,54.054054054054056,20
olema,jõus,17,37,54.054054054054056,20
taltuma,,119,259,54.054054054054056,140
hoidma,sees,28,61,54.09836065573771,33
jätkuma,edasi,28,61,54.09836065573771,33
pekkima,,39,85,54.11764705882353,46
nihutama,,358,781,54.16133162612036,423
asuma,keskel,11,24,54.166666666666664,13
jõlkuma,ringi,11,24,54.166666666666664,13
kiirgama,välja,11,24,54.166666666666664,13
kylastama,,11,24,54.166666666666664,13
levima,laiali,11,24,54.166666666666664,13
mõtlema,all,11,24,54.166666666666664,13
müttama,ringi,11,24,54.166666666666664,13
prantsatama,alla,11,24,54.166666666666664,13
tahtma,alla,11,24,54.166666666666664,13
minema,kokku,1013,2211,54.183627317955676,1198
lalisema,,38,83,54.21686746987952,45
kraaklema,,27,59,54.23728813559322,32
tirima,ära,27,59,54.23728813559322,32
paranema,,4488,9812,54.26008968609865,5324
kerkima,välja,16,35,54.285714285714285,19
peletama,ära,16,35,54.285714285714285,19
tõmbuma,,889,1945,54.29305912596401,1056
liikuma,,12480,27308,54.29910648894097,14828
aitama,edasi,138,302,54.3046357615894,164
lagunema,ära,138,302,54.3046357615894,164
vaatama,otsa,1035,2266,54.32480141218006,1231
lahutama,ära,21,46,54.347826086956516,25
ujuma,välja,105,230,54.347826086956516,125
luusima,ringi,47,103,54.36893203883495,56
tumenema,,73,160,54.37499999999999,87
tulema,üles,125,274,54.379562043795616,149
lubama,ette,26,57,54.385964912280706,31
pärnuma,,52,114,54.385964912280706,62
häälitsema,,114,250,54.400000000000006,136
silmitsema,,463,1016,54.42913385826772,553
istuma,koos,144,316,54.43037974683544,172
keerama,,3237,7108,54.459763646595384,3871
laksima,,56,123,54.47154471544715,67
eristuma,,498,1094,54.47897623400365,596
tulema,ära,859,1889,54.526204340921126,1030
ahetama,,5,11,54.54545454545454,6
alustama,ringi,10,22,54.54545454545454,12
arenema,välja,230,506,54.54545454545454,276
astuma,järele,5,11,54.54545454545454,6
defineerima,ära,10,22,54.54545454545454,12
eskaleerima,,5,11,54.54545454545454,6
ilmestuma,,5,11,54.54545454545454,6
ilmuma,esile,5,11,54.54545454545454,6
imema,täis,5,11,54.54545454545454,6
jooksma,täis,10,22,54.54545454545454,12
jooma,üle,5,11,54.54545454545454,6
juurdlema,,160,352,54.54545454545454,192
jätkuma,vastu,5,11,54.54545454545454,6
jääma,kängu,5,11,54.54545454545454,6
jääma,lahku,5,11,54.54545454545454,6
jõllama,,10,22,54.54545454545454,12
k2isima,,20,44,54.54545454545454,24
kajama,läbi,5,11,54.54545454545454,6
kakkima,,5,11,54.54545454545454,6
kakkuma,lahti,5,11,54.54545454545454,6
kallama,juurde,5,11,54.54545454545454,6
kalpsama,välja,5,11,54.54545454545454,6
kandma,juurde,5,11,54.54545454545454,6
kargama,ligi,10,22,54.54545454545454,12
kerkima,kohale,5,11,54.54545454545454,6
kihutama,eemale,5,11,54.54545454545454,6
kirjutama,mööda,10,22,54.54545454545454,12
krägisema,,5,11,54.54545454545454,6
kukutama,kokku,5,11,54.54545454545454,6
kuulama,kõrvalt,5,11,54.54545454545454,6
kõksima,,15,33,54.54545454545454,18
laadima,ära,15,33,54.54545454545454,18
libistama,tagasi,5,11,54.54545454545454,6
liikuma,edasi,780,1716,54.54545454545454,936
liitma,otsa,5,11,54.54545454545454,6
loksuma,kaasa,5,11,54.54545454545454,6
läxima,ära,5,11,54.54545454545454,6
matuma,,5,11,54.54545454545454,6
mõistma,tagasi,5,11,54.54545454545454,6
mõtestama,ümber,5,11,54.54545454545454,6
müüma,kaasa,5,11,54.54545454545454,6
niuksuma,,10,22,54.54545454545454,12
nivelleerima,,15,33,54.54545454545454,18
norsatama,,5,11,54.54545454545454,6
nutma,välja,5,11,54.54545454545454,6
nõudma,edasi,5,11,54.54545454545454,6
nööritama,,5,11,54.54545454545454,6
ootama,valmis,5,11,54.54545454545454,6
osalema,koos,5,11,54.54545454545454,6
panema,ees,5,11,54.54545454545454,6
panema,tagant,5,11,54.54545454545454,6
panema,vahele,45,99,54.54545454545454,54
purjetama,edasi,5,11,54.54545454545454,6
põrnitsema,vastu,5,11,54.54545454545454,6
saama,lähedale,5,11,54.54545454545454,6
sadama,edasi,5,11,54.54545454545454,6
sikutama,alla,5,11,54.54545454545454,6
soovitama,kaasa,5,11,54.54545454545454,6
suristama,,10,22,54.54545454545454,12
söötma,ära,5,11,54.54545454545454,6
teadma,vastu,5,11,54.54545454545454,6
tuhnima,üles,5,11,54.54545454545454,6
tukastama,,50,110,54.54545454545454,60
tulema,asemele,10,22,54.54545454545454,12
tõmbama,kohale,5,11,54.54545454545454,6
ulatuma,sisse,5,11,54.54545454545454,6
utsitama,takka,5,11,54.54545454545454,6
vajuma,välja,25,55,54.54545454545454,30
vaterdama,,5,11,54.54545454545454,6
vedrutama,,5,11,54.54545454545454,6
värisema,sees,5,11,54.54545454545454,6
võima,nõus,15,33,54.54545454545454,18
õhutama,üles,5,11,54.54545454545454,6
õiendama,ära,30,66,54.54545454545454,36
käima,koos,261,575,54.608695652173914,314
sööma,sisse,54,119,54.621848739495796,65
kukkuma,tagasi,49,108,54.629629629629626,59
maksma,edasi,34,75,54.666666666666664,41
taastuma,,1263,2788,54.698708751793404,1525
minema,edasi,2297,5072,54.71214511041009,2775
orienteeruma,,331,731,54.719562243502054,400
toibuma,,454,1003,54.735792622133594,549
kakerdama,ringi,19,42,54.761904761904766,23
minema,üle,1271,2810,54.768683274021356,1539
pidama,välja,33,73,54.794520547945204,40
prõmmima,,33,73,54.794520547945204,40
võitma,juurde,89,197,54.82233502538071,108
kargama,ette,14,31,54.83870967741935,17
keerama,juurde,14,31,54.83870967741935,17
kujundama,ilma,28,62,54.83870967741935,34
paistetama,kinni,14,31,54.83870967741935,17
pingutama,välja,14,31,54.83870967741935,17
külmetuma,,65,144,54.861111111111114,79
süvenema,,1473,3266,54.89895897121861,1793
piirama,,3778,8387,54.954095624180276,4609
käima,kinni,50,111,54.95495495495496,61
koitma,,213,473,54.96828752642706,260
andma,lahti,9,20,55.00000000000001,11
hakkama,üle,9,20,55.00000000000001,11
harmoniseeruma,,9,20,55.00000000000001,11
hekseldama,läbi,9,20,55.00000000000001,11
joinima,,18,40,55.00000000000001,22
kaarduma,,72,160,55.00000000000001,88
kogunema,täis,9,20,55.00000000000001,11
lööma,sekka,9,20,55.00000000000001,11
negima,,9,20,55.00000000000001,11
nihkuma,edasi,90,200,55.00000000000001,110
polariseeruma,,18,40,55.00000000000001,22
puutuma,vastu,9,20,55.00000000000001,11
saama,alt,9,20,55.00000000000001,11
soltuma,,9,20,55.00000000000001,11
sõitma,juurde,9,20,55.00000000000001,11
teadma,lahti,9,20,55.00000000000001,11
tekkima,ümber,9,20,55.00000000000001,11
töristama,,9,20,55.00000000000001,11
vahtima,järele,9,20,55.00000000000001,11
viskama,edasi,9,20,55.00000000000001,11
väntama,edasi,9,20,55.00000000000001,11
võõpama,üle,9,20,55.00000000000001,11
rääkima,kaasa,85,189,55.026455026455025,104
imestuma,,262,583,55.06003430531733,321
jääma,täis,31,69,55.072463768115945,38
kekkama,,31,69,55.072463768115945,38
liikuma,tagasi,62,138,55.072463768115945,76
rippima,,31,69,55.072463768115945,38
tossama,,97,216,55.092592592592595,119
jõudma,üle,22,49,55.10204081632652,27
tootma,sisse,22,49,55.10204081632652,27
vajuma,kinni,66,147,55.10204081632652,81
käima,mööda,158,352,55.11363636363637,194
lamanduma,,35,78,55.12820512820513,43
mekkima,,140,312,55.12820512820513,172
seedima,,157,350,55.14285714285714,193
leebuma,,178,397,55.16372795969773,219
hüppama,kinni,13,29,55.172413793103445,16
jutlema,,26,58,55.172413793103445,32
kobisema,,91,203,55.172413793103445,112
kuulma,läbi,13,29,55.172413793103445,16
nattima,,52,116,55.172413793103445,64
pritsima,välja,13,29,55.172413793103445,16
püstituma,,13,29,55.172413793103445,16
sõnelema,,26,58,55.172413793103445,32
tuurima,,26,58,55.172413793103445,32
vintsutama,,13,29,55.172413793103445,16
viskama,peale,112,250,55.2,138
olema,edasi,189,422,55.21327014218009,233
kugistama,alla,30,67,55.223880597014926,37
lahknema,,150,335,55.223880597014926,185
tegema,ümber,137,306,55.22875816993464,169
sulama,ära,158,353,55.240793201133144,195
jalutama,ringi,213,476,55.25210084033614,263
hüppama,ringi,34,76,55.26315789473685,42
jäätuma,ära,17,38,55.26315789473685,21
kurnama,välja,17,38,55.26315789473685,21
salvestama,ära,17,38,55.26315789473685,21
vettima,läbi,17,38,55.26315789473685,21
võtma,järele,34,76,55.26315789473685,42
liikuma,ringi,637,1424,55.26685393258427,787
tabama,ära,246,550,55.27272727272727,304
fännama,,156,349,55.30085959885387,193
küsima,juurde,59,132,55.3030303030303,73
listima,,118,264,55.3030303030303,146
jõnksutama,,21,47,55.319148936170215,26
mässima,sisse,21,47,55.319148936170215,26
nämmutama,,25,56,55.35714285714286,31
tuikama,,50,112,55.35714285714286,62
tulema,läbi,275,616,55.35714285714286,341
koguma,juurde,29,65,55.38461538461539,36
olema,parata,29,65,55.38461538461539,36
erinema,,5047,11313,55.387607177583305,6266
selgima,,33,74,55.4054054054054,41
jooksma,maha,136,305,55.40983606557377,169
tukkuma,,148,332,55.42168674698795,184
tulema,välja,11074,24852,55.44020601963625,13778
korraldama,ära,49,110,55.45454545454545,61
käima,lahti,81,182,55.494505494505496,101
libisema,,1151,2587,55.508310784692696,1436
alustama,alla,4,9,55.55555555555556,5
alustama,ilma,4,9,55.55555555555556,5
andma,"üle, kokku",4,9,55.55555555555556,5
arranžeerima,,12,27,55.55555555555556,15
arutama,koos,8,18,55.55555555555556,10
asustama,ümber,4,9,55.55555555555556,5
autoriseerima,,4,9,55.55555555555556,5
deshifreerima,,4,9,55.55555555555556,5
detoneeruma,,4,9,55.55555555555556,5
esildama,,4,9,55.55555555555556,5
guugeldama,,12,27,55.55555555555556,15
harutama,välja,8,18,55.55555555555556,10
helisema,vastu,4,9,55.55555555555556,5
idima,,4,9,55.55555555555556,5
istuma,otsas,4,9,55.55555555555556,5
jaotama,ära,20,45,55.55555555555556,25
jooksma,"edasi, tagasi",4,9,55.55555555555556,5
jääma,esile,4,9,55.55555555555556,5
k2igima,,4,9,55.55555555555556,5
kaebama,lahti,4,9,55.55555555555556,5
kakkama,,4,9,55.55555555555556,5
kallerduma,,4,9,55.55555555555556,5
kandideerima,edasi,4,9,55.55555555555556,5
karakteriseerima,,4,9,55.55555555555556,5
karjutama,,8,18,55.55555555555556,10
kasvama,vastu,4,9,55.55555555555556,5
kerkima,tagasi,8,18,55.55555555555556,10
kikima,,8,18,55.55555555555556,10
kinnitama,peale,4,9,55.55555555555556,5
kogunema,alla,4,9,55.55555555555556,5
koorduma,,4,9,55.55555555555556,5
kulgema,alla,4,9,55.55555555555556,5
kutsuma,ette,12,27,55.55555555555556,15
kuulutama,edasi,4,9,55.55555555555556,5
käima,"all, ringi",4,9,55.55555555555556,5
käkkima,ära,4,9,55.55555555555556,5
kärpima,ära,4,9,55.55555555555556,5
kõvenema,,8,18,55.55555555555556,10
lennutama,edasi,4,9,55.55555555555556,5
litutama,ringi,4,9,55.55555555555556,5
liuglema,mööda,4,9,55.55555555555556,5
läindkima,,4,9,55.55555555555556,5
lõppema,tagasi,8,18,55.55555555555556,10
lööma,"alt, ära",4,9,55.55555555555556,5
lööma,ilma,4,9,55.55555555555556,5
lükkama,esile,4,9,55.55555555555556,5
ma-ei-teadma,,4,9,55.55555555555556,5
maanduma,tagasi,8,18,55.55555555555556,10
magama,läbi,4,9,55.55555555555556,5
magnetiseerima,,4,9,55.55555555555556,5
meeltima,,4,9,55.55555555555556,5
minema,katki,100,225,55.55555555555556,125
moderniseeruma,,8,18,55.55555555555556,10
mõtlema,külge,4,9,55.55555555555556,5
napsama,võidu,4,9,55.55555555555556,5
nokkima,edasi,4,9,55.55555555555556,5
nägema,üle,8,18,55.55555555555556,10
nõrkuma,,4,9,55.55555555555556,5
nõudma,"võlgu, sisse",4,9,55.55555555555556,5
olema,"lahti, läbi",4,9,55.55555555555556,5
olema,"vaja, vaja",24,54,55.55555555555556,30
osutuma,heaks,4,9,55.55555555555556,5
otsima,tagasi,4,9,55.55555555555556,5
otsustama,ringi,4,9,55.55555555555556,5
paistma,ees,4,9,55.55555555555556,5
paistma,kokku,4,9,55.55555555555556,5
paistma,taga,4,9,55.55555555555556,5
panema,järele,12,27,55.55555555555556,15
pehmitama,,4,9,55.55555555555556,5
peksma,kokku,4,9,55.55555555555556,5
pidama,all,4,9,55.55555555555556,5
pidurdama,maha,8,18,55.55555555555556,10
puhkama,ära,4,9,55.55555555555556,5
punnitama,edasi,4,9,55.55555555555556,5
põrnitsema,maha,4,9,55.55555555555556,5
põruma,lahti,12,27,55.55555555555556,15
raiuma,edasi,4,9,55.55555555555556,5
ronima,kokku,4,9,55.55555555555556,5
roomama,kohale,4,9,55.55555555555556,5
sakuma,,4,9,55.55555555555556,5
seebitama,sisse,4,9,55.55555555555556,5
shellima,,4,9,55.55555555555556,5
sobrama,läbi,4,9,55.55555555555556,5
suigatama,,20,45,55.55555555555556,25
sulatama,ära,12,27,55.55555555555556,15
sätestama,ära,8,18,55.55555555555556,10
sööma,kõrvale,8,18,55.55555555555556,10
sündima,läbi,8,18,55.55555555555556,10
tahtma,rahul,4,9,55.55555555555556,5
teatama,kokku,4,9,55.55555555555556,5
teenindama,edasi,4,9,55.55555555555556,5
toetama,tagasi,4,9,55.55555555555556,5
tonkima,,4,9,55.55555555555556,5
triblama,läbi,4,9,55.55555555555556,5
tsiviliseeruma,,4,9,55.55555555555556,5
tulema,"tagant, välja",8,18,55.55555555555556,10
tunduma,edasi,4,9,55.55555555555556,5
tunnuma,,4,9,55.55555555555556,5
tähendama,ette,8,18,55.55555555555556,10
tõusma,alles,4,9,55.55555555555556,5
tüsenema,,16,36,55.55555555555556,20
ujuma,läbi,12,27,55.55555555555556,15
unustama,välja,12,27,55.55555555555556,15
uppuma,"sisse, ära",4,9,55.55555555555556,5
valama,ümber,4,9,55.55555555555556,5
viitima,,4,9,55.55555555555556,5
viiuldama,,8,18,55.55555555555556,10
viivituma,,4,9,55.55555555555556,5
vinnama,ära,4,9,55.55555555555556,5
viskama,sekka,4,9,55.55555555555556,5
voolama,kohale,4,9,55.55555555555556,5
õitsema,läbi,4,9,55.55555555555556,5
õnnetuma,,4,9,55.55555555555556,5
ücima,,4,9,55.55555555555556,5
ühmatama,,4,9,55.55555555555556,5
ütlema,vaja,8,18,55.55555555555556,10
viskama,ette,175,394,55.58375634517766,219
sobima,,19158,43171,55.62298765374904,24013
minema,alt,209,471,55.62632696390658,262
seletama,lahti,192,433,55.65819861431871,241
kukkuma,ära,295,666,55.70570570570571,371
saama,kinni,159,359,55.71030640668524,200
kepsutama,,31,70,55.714285714285715,39
elama,koos,409,924,55.73593073593074,515
jääma,väheks,54,122,55.73770491803278,68
süüvima,,138,312,55.769230769230774,174
kargama,sisse,19,43,55.81395348837209,24
taidlema,,19,43,55.81395348837209,24
tahtma,juurde,49,111,55.85585585585585,62
paistma,läbi,173,392,55.86734693877551,219
mõjutama,,9941,22526,55.868773861315816,12585
käima,ära,804,1822,55.87266739846323,1018
amerikaniseeruma,,15,34,55.88235294117647,19
hõljuma,ringi,15,34,55.88235294117647,19
pääsema,üles,15,34,55.88235294117647,19
sahmima,,30,68,55.88235294117647,38
kolima,üle,56,127,55.90551181102362,71
kirjutama,sisse,194,440,55.90909090909091,246
vajuma,,2681,6083,55.92635212888377,3402
roostetama,läbi,26,59,55.932203389830505,33
tõlgitsema,,26,59,55.932203389830505,33
võtma,juurde,274,622,55.948553054662376,348
jõudma,alla,37,84,55.952380952380956,47
matma,maha,222,504,55.952380952380956,282
tõmblema,,240,545,55.96330275229357,305
rändama,ringi,118,268,55.970149253731336,150
saama,otsa,1842,4185,55.98566308243728,2343
analüüsima,läbi,22,50,56.00000000000001,28
bannima,,11,25,56.00000000000001,14
blokkima,ära,11,25,56.00000000000001,14
hoidma,edasi,11,25,56.00000000000001,14
imema,sisse,22,50,56.00000000000001,28
jooxima,,11,25,56.00000000000001,14
kandma,eemale,11,25,56.00000000000001,14
kannatama,all,11,25,56.00000000000001,14
lippama,,385,875,56.00000000000001,490
meltima,,11,25,56.00000000000001,14
proovima,edasi,11,25,56.00000000000001,14
sõitma,peale,22,50,56.00000000000001,28
valitsema,edasi,11,25,56.00000000000001,14
viima,ringi,11,25,56.00000000000001,14
tasuma,ära,1336,3038,56.023699802501646,1702
maitsma,,1098,2497,56.027232679215054,1399
rahmeldama,,51,116,56.03448275862068,65
põkkuma,,69,157,56.05095541401274,88
aurama,ära,29,66,56.060606060606055,37
kreenima,,29,66,56.060606060606055,37
minema,lahti,1427,3248,56.065270935960584,1821
saama,alla,528,1202,56.07321131447587,674
jooksma,kokku,517,1177,56.074766355140184,660
lehkama,,65,148,56.08108108108109,83
kleepima,kokku,18,41,56.09756097560976,23
teretama,,212,483,56.10766045548654,271
toitma,ära,79,180,56.111111111111114,101
näitama,välja,293,668,56.137724550898206,375
haugatama,,25,57,56.14035087719298,32
mängima,lahti,25,57,56.14035087719298,32
vedama,läbi,25,57,56.14035087719298,32
suusatama,,513,1171,56.191289496157125,658
vihastama,välja,53,121,56.19834710743802,68
rääkima,lahti,60,137,56.20437956204379,77
reisima,,1099,2511,56.23257666268419,1412
buutima,üles,7,16,56.25,9
desarmeeruma,,7,16,56.25,9
destilleeruma,,7,16,56.25,9
ehitama,ringi,7,16,56.25,9
harima,üles,7,16,56.25,9
jooksutama,,126,288,56.25,162
kerima,edasi,28,64,56.25,36
klähvima,,42,96,56.25,54
kummarduma,ette,7,16,56.25,9
laristama,,28,64,56.25,36
lendama,puruks,7,16,56.25,9
minema,otsa,14,32,56.25,18
muutuma,vastu,7,16,56.25,9
nikastama,ära,7,16,56.25,9
nokutama,,7,16,56.25,9
nõksatama,,49,112,56.25,63
ostima,,7,16,56.25,9
pesema,üle,7,16,56.25,9
putitama,üles,7,16,56.25,9
sattuma,vahele,7,16,56.25,9
seisma,ümber,7,16,56.25,9
tuhisema,välja,7,16,56.25,9
vaidlema,üle,7,16,56.25,9
valgustama,välja,7,16,56.25,9
voolama,tagasi,14,32,56.25,18
naeratama,,2288,5230,56.25239005736138,2942
keerama,lukku,38,87,56.32183908045977,49
keerama,peale,76,174,56.32183908045977,98
minema,vahele,38,87,56.32183908045977,49
jääma,alla,3647,8352,56.3338122605364,4705
vaibuma,,725,1661,56.351595424443104,936
ekspluateerima,,72,165,56.36363636363636,93
juhtuma,,25911,59383,56.36630011956284,33472
seisma,paigal,41,94,56.38297872340425,53
inisema,,75,172,56.395348837209305,97
jooksma,edasi,68,156,56.41025641025641,88
kaaluma,juurde,17,39,56.41025641025641,22
staaritsema,,17,39,56.41025641025641,22
lipsama,,231,530,56.41509433962264,299
laulma,edasi,27,62,56.451612903225815,35
narritama,,27,62,56.451612903225815,35
olema,ära,1389,3191,56.47132560325917,1802
minema,tarvis,420,965,56.476683937823836,545
põruma,läbi,84,193,56.476683937823836,109
põgenema,ära,47,108,56.481481481481474,61
mängima,koos,127,292,56.5068493150685,165
atrofeeruma,,10,23,56.52173913043478,13
hakkama,vaja,10,23,56.52173913043478,13
jaotama,laiali,20,46,56.52173913043478,26
jebima,,10,23,56.52173913043478,13
kaduma,"eest, ära",10,23,56.52173913043478,13
klaarima,ära,40,92,56.52173913043478,52
leidma,kaasa,10,23,56.52173913043478,13
mõtlema,üle,20,46,56.52173913043478,26
panema,koos,10,23,56.52173913043478,13
tassima,kohale,10,23,56.52173913043478,13
vaatama,alt,10,23,56.52173913043478,13
mängima,välja,269,619,56.54281098546042,350
pääsema,ligi,438,1008,56.547619047619044,570
kanduma,üle,136,313,56.54952076677316,177
pääsema,välja,471,1084,56.54981549815498,613
aduma,,288,663,56.56108597285068,375
suitsema,,132,304,56.57894736842105,172
eksima,ära,224,516,56.58914728682171,292
laksatama,,23,53,56.60377358490566,30
viskuma,,265,611,56.62847790507365,346
maitsema,,972,2242,56.64585191793042,1270
harutama,,26,60,56.666666666666664,34
käima,taga,13,30,56.666666666666664,17
lagunema,edasi,26,60,56.666666666666664,34
lendama,järele,13,30,56.666666666666664,17
liikuma,ette,13,30,56.666666666666664,17
raksuma,,26,60,56.666666666666664,34
survestama,,13,30,56.666666666666664,17
vahetama,ringi,13,30,56.666666666666664,17
panema,vastu,165,381,56.69291338582677,216
turgatama,,113,261,56.70498084291188,148
vahutama,,100,231,56.709956709956714,131
ilmuma,ette,29,67,56.71641791044776,38
magama,sisse,58,134,56.71641791044776,76
saama,hukka,45,104,56.730769230769226,59
algama,edasi,32,74,56.75675675675676,42
askeldama,ringi,16,37,56.75675675675676,21
kuuluma,ringi,48,111,56.75675675675676,63
tõmbuma,välja,16,37,56.75675675675676,21
vedama,lahti,32,74,56.75675675675676,42
võixima,,16,37,56.75675675675676,21
kukkuma,sisse,121,280,56.785714285714285,159
tembutama,,35,81,56.79012345679012,46
mõjustama,,124,287,56.79442508710801,163
teravnema,,248,574,56.79442508710801,326
sõudma,,241,558,56.81003584229391,317
lugema,üle,206,477,56.81341719077568,271
jõudma,ära,19,44,56.81818181818182,25
panema,üle,19,44,56.81818181818182,25
pigistama,kokku,19,44,56.81818181818182,25
sanuma,,19,44,56.81818181818182,25
tossutama,,19,44,56.81818181818182,25
hääbuma,,332,769,56.827048114434334,437
kustutama,ära,278,644,56.83229813664597,366
harjutama,koos,41,95,56.84210526315789,54
higistama,,261,605,56.85950413223141,344
kõlkuma,,88,204,56.86274509803921,116
siiberdama,,22,51,56.86274509803921,29
kolima,sisse,91,211,56.872037914691944,120
tiirutama,ringi,47,109,56.88073394495413,62
kohanduma,,50,116,56.896551724137936,66
märkima,maha,25,58,56.896551724137936,33
tulema,alla,350,812,56.896551724137936,462
luusima,,81,188,56.91489361702128,107
tulema,lahti,243,564,56.91489361702128,321
istuma,ees,28,65,56.92307692307692,37
minema,pihta,28,65,56.92307692307692,37
ostma,juurde,84,195,56.92307692307692,111
otsustama,ümber,28,65,56.92307692307692,37
vuhisema,mööda,56,130,56.92307692307692,74
seletama,ära,263,611,56.955810147299516,348
jääma,vajaka,34,79,56.9620253164557,45
saama,vahele,34,79,56.9620253164557,45
treenima,,1785,4148,56.9672131147541,2363
kõndima,läbi,37,86,56.97674418604651,49
rühkima,edasi,37,86,56.97674418604651,49
noogutama,kaasa,40,93,56.98924731182796,53
spikerdama,,40,93,56.98924731182796,53
uitama,ringi,40,93,56.98924731182796,53
kriipsutama,alla,43,100,56.99999999999999,57
tuututama,,43,100,56.99999999999999,57
läxima,,46,107,57.009345794392516,61
toppima,sisse,46,107,57.009345794392516,61
viicima,,969,2254,57.0097604259095,1285
põrnitsema,,239,556,57.014388489208635,317
surema,maha,76,177,57.06214689265536,101
formuleerima,,164,382,57.06806282722513,218
rasestuma,,85,198,57.07070707070707,113
sadama,,2608,6078,57.09114840408029,3470
saama,sisse,1656,3861,57.10955710955711,2205
arenema,,6158,14364,57.12893344472292,8206
aittama,,3,7,57.14285714285714,4
ajama,kohale,6,14,57.14285714285714,8
algama,lahti,3,7,57.14285714285714,4
algama,läbi,3,7,57.14285714285714,4
analüüsima,edasi,3,7,57.14285714285714,4
andma,taga,3,7,57.14285714285714,4
arvutama,ümber,9,21,57.14285714285714,12
asuma,peale,3,7,57.14285714285714,4
avastama,välja,3,7,57.14285714285714,4
brausima,,3,7,57.14285714285714,4
doseerima,,12,28,57.14285714285714,16
drillima,,3,7,57.14285714285714,4
eekuma,,3,7,57.14285714285714,4
eksitama,ära,3,7,57.14285714285714,4
elama,kõrval,3,7,57.14285714285714,4
elama,mööda,6,14,57.14285714285714,8
esinema,peale,3,7,57.14285714285714,4
estima,,3,7,57.14285714285714,4
euroopastuma,,3,7,57.14285714285714,4
exima,ära,3,7,57.14285714285714,4
fakkima,,3,7,57.14285714285714,4
fastsineerima,,3,7,57.14285714285714,4
haarama,kokku,3,7,57.14285714285714,4
hakkama,tarvis,3,7,57.14285714285714,4
hakkama,vahele,3,7,57.14285714285714,4
hakkama,ümber,3,7,57.14285714285714,4
hingama,edasi,6,14,57.14285714285714,8
hingama,peale,3,7,57.14285714285714,4
hingama,ära,3,7,57.14285714285714,4
hoiduma,ligi,3,7,57.14285714285714,4
huppama,,3,7,57.14285714285714,4
hüppama,puruks,3,7,57.14285714285714,4
hüppama,tagant,3,7,57.14285714285714,4
hüüdma,ära,3,7,57.14285714285714,4
igavikustama,,3,7,57.14285714285714,4
ihkama,üle,3,7,57.14285714285714,4
informeerima,ette,3,7,57.14285714285714,4
istuma,kukil,3,7,57.14285714285714,4
istuma,ümber,18,42,57.14285714285714,24
jagama,pooleks,3,7,57.14285714285714,4
jooksma,kõrvale,3,7,57.14285714285714,4
jooma,koos,18,42,57.14285714285714,24
joonistama,sisse,3,7,57.14285714285714,4
jälgima,edasi,3,7,57.14285714285714,4
jääma,alt,3,7,57.14285714285714,4
jääma,sees,3,7,57.14285714285714,4
jääma,tarvis,6,14,57.14285714285714,8
jääma,ümber,6,14,57.14285714285714,8
kainestama,,30,70,57.14285714285714,40
kammima,ära,21,49,57.14285714285714,28
kanduma,tagasi,6,14,57.14285714285714,8
kargutama,,3,7,57.14285714285714,4
kasvatama,külge,3,7,57.14285714285714,4
katsetama,edasi,3,7,57.14285714285714,4
katsuma,järele,6,14,57.14285714285714,8
keerama,läbi,3,7,57.14285714285714,4
kerima,vahele,3,7,57.14285714285714,4
kibelema,ära,3,7,57.14285714285714,4
kiirgama,vastu,3,7,57.14285714285714,4
kindlustama,kokku,3,7,57.14285714285714,4
kippuma,kinni,3,7,57.14285714285714,4
kitsendama,ringi,3,7,57.14285714285714,4
kohtuma,ringi,3,7,57.14285714285714,4
konsumeerima,,3,7,57.14285714285714,4
kopeerima,ära,3,7,57.14285714285714,4
korjama,tagasi,9,21,57.14285714285714,12
kruvima,tagasi,3,7,57.14285714285714,4
kulutama,alla,6,14,57.14285714285714,8
kurnama,läbi,3,7,57.14285714285714,4
kurtma,taga,3,7,57.14285714285714,4
kuulama,peale,3,7,57.14285714285714,4
kuuluma,sisse,21,49,57.14285714285714,28
kuulutama,vastu,3,7,57.14285714285714,4
kuumutama,läbi,12,28,57.14285714285714,16
käima,külge,6,14,57.14285714285714,8
kõlama,kõrvale,3,7,57.14285714285714,4
kõlama,läbi,27,63,57.14285714285714,36
kõlama,üle,6,14,57.14285714285714,8
kõndima,alla,9,21,57.14285714285714,12
kõndima,kaasa,3,7,57.14285714285714,4
kõristama,,3,7,57.14285714285714,4
külmetama,ära,18,42,57.14285714285714,24
küsima,läbi,3,7,57.14285714285714,4
küsima,mööda,3,7,57.14285714285714,4
küsima,pealt,3,7,57.14285714285714,4
lahtuma,,102,238,57.14285714285714,136
lahutuma,,21,49,57.14285714285714,28
lajatama,kinni,3,7,57.14285714285714,4
langema,edasi,9,21,57.14285714285714,12
langetama,tagasi,3,7,57.14285714285714,4
laulma,üles,3,7,57.14285714285714,4
leidma,puudu,3,7,57.14285714285714,4
leiduma,üle,3,7,57.14285714285714,4
lendama,kõrvale,3,7,57.14285714285714,4
liimuma,,3,7,57.14285714285714,4
lisanduma,välja,3,7,57.14285714285714,4
lobama,,3,7,57.14285714285714,4
lohistama,ära,3,7,57.14285714285714,4
loivama,ringi,3,7,57.14285714285714,4
loksuma,edasi,3,7,57.14285714285714,4
looma,laiali,6,14,57.14285714285714,8
looma,mööda,45,105,57.14285714285714,60
lopuma,,3,7,57.14285714285714,4
lotuma,,3,7,57.14285714285714,4
lubama,järele,6,14,57.14285714285714,8
ludistama,,3,7,57.14285714285714,4
lylitama,,3,7,57.14285714285714,4
läbustama,ära,3,7,57.14285714285714,4
lõikama,mööda,3,7,57.14285714285714,4
lõnksatama,,3,7,57.14285714285714,4
lõppema,ilma,3,7,57.14285714285714,4
lööma,kõrvale,3,7,57.14285714285714,4
lükkama,üle,3,7,57.14285714285714,4
maalima,ära,3,7,57.14285714285714,4
magatama,,27,63,57.14285714285714,36
maksma,läbi,6,14,57.14285714285714,8
mattuma,sisse,3,7,57.14285714285714,4
metsastuma,,9,21,57.14285714285714,12
miilama,edasi,3,7,57.14285714285714,4
minema,"meelest, ära",3,7,57.14285714285714,4
mängima,juurde,3,7,57.14285714285714,4
mängima,järele,3,7,57.14285714285714,4
mängima,keskel,3,7,57.14285714285714,4
mõjuma,kaasa,6,14,57.14285714285714,8
mõtlema,ära,24,56,57.14285714285714,32
mögisema,ära,3,7,57.14285714285714,4
möllama,ringi,12,28,57.14285714285714,16
mühistama,,3,7,57.14285714285714,4
nihverdama,kõrvale,3,7,57.14285714285714,4
nikutama,,6,14,57.14285714285714,8
nägema,maha,3,7,57.14285714285714,4
näima,kokku,3,7,57.14285714285714,4
nõudma,kõrvale,3,7,57.14285714285714,4
nõustnuma,,3,7,57.14285714285714,4
oiguma,,3,7,57.14285714285714,4
olema,"edasi, nõus",3,7,57.14285714285714,4
olema,rahule,3,7,57.14285714285714,4
olema,varjul,3,7,57.14285714285714,4
ootama,eest,3,7,57.14285714285714,4
ootama,ilma,6,14,57.14285714285714,8
oskama,kokku,3,7,57.14285714285714,4
ostma,eest,6,14,57.14285714285714,8
ostma,"ette, ära",6,14,57.14285714285714,8
otsima,tarvis,3,7,57.14285714285714,4
otsima,valmis,6,14,57.14285714285714,8
pagema,eest,3,7,57.14285714285714,4
paiknema,laiali,6,14,57.14285714285714,8
paiskuma,valla,3,7,57.14285714285714,4
pakkuma,"tagasi, välja",3,7,57.14285714285714,4
paneelima,,3,7,57.14285714285714,4
panema,kätte,3,7,57.14285714285714,4
peatuma,ees,3,7,57.14285714285714,4
peegeldama,vastu,6,14,57.14285714285714,8
peitma,tagasi,3,7,57.14285714285714,4
pennuma,,3,7,57.14285714285714,4
piaxima,,3,7,57.14285714285714,4
polemiseerima,,36,84,57.14285714285714,48
potsatama,maha,12,28,57.14285714285714,16
pruukima,tarvis,3,7,57.14285714285714,4
pruunistama,ära,3,7,57.14285714285714,4
pudendama,,3,7,57.14285714285714,4
päästma,tagasi,3,7,57.14285714285714,4
põlvitama,maha,3,7,57.14285714285714,4
põrkama,eemale,3,7,57.14285714285714,4
põtkima,vastu,3,7,57.14285714285714,4
pürgima,tagasi,6,14,57.14285714285714,8
raamima,ära,6,14,57.14285714285714,8
redutseeruma,,6,14,57.14285714285714,8
registreerima,ümber,9,21,57.14285714285714,12
reguleerima,ära,12,28,57.14285714285714,16
ronima,"üles, tagasi",3,7,57.14285714285714,4
roomama,eemale,3,7,57.14285714285714,4
saabuma,ilma,3,7,57.14285714285714,4
salvestama,ümber,3,7,57.14285714285714,4
sammuma,järele,3,7,57.14285714285714,4
satuma,,3,7,57.14285714285714,4
seisma,lahti,18,42,57.14285714285714,24
skanneerima,,6,14,57.14285714285714,8
spetsifitseerima,,6,14,57.14285714285714,8
surkima,ära,3,7,57.14285714285714,4
suunduma,üles,9,21,57.14285714285714,12
suutma,eales,3,7,57.14285714285714,4
särama,edasi,3,7,57.14285714285714,4
sõdima,vastu,45,105,57.14285714285714,60
sõudma,tagasi,3,7,57.14285714285714,4
sõudma,välja,3,7,57.14285714285714,4
tahtma,ringi,3,7,57.14285714285714,4
tampima,maha,3,7,57.14285714285714,4
tantsima,maha,3,7,57.14285714285714,4
teatama,edasi,3,7,57.14285714285714,4
teenima,peale,3,7,57.14285714285714,4
teenima,vastu,3,7,57.14285714285714,4
tekitama,sisse,3,7,57.14285714285714,4
tekkima,ette,21,49,57.14285714285714,28
tellima,järele,3,7,57.14285714285714,4
tillerdama,,3,7,57.14285714285714,4
timuma,,3,7,57.14285714285714,4
tipsutama,,6,14,57.14285714285714,8
tirima,lahti,9,21,57.14285714285714,12
tooma,ilmsiks,3,7,57.14285714285714,4
tooma,järele,12,28,57.14285714285714,16
tootma,kaasa,3,7,57.14285714285714,4
toppima,ette,6,14,57.14285714285714,8
trampima,sisse,3,7,57.14285714285714,4
trügima,edasi,9,21,57.14285714285714,12
tuiskama,eest,3,7,57.14285714285714,4
tuiskama,välja,9,21,57.14285714285714,12
tukkuma,edasi,3,7,57.14285714285714,4
tulema,eemale,6,14,57.14285714285714,8
tulema,"sisse, välja",3,7,57.14285714285714,4
tulema,vaja,27,63,57.14285714285714,36
tulistama,maha,6,14,57.14285714285714,8
tähendama,lahti,3,7,57.14285714285714,4
täitma,edasi,6,14,57.14285714285714,8
tõimuma,,3,7,57.14285714285714,4
tõstma,ringi,15,35,57.14285714285714,20
tühjendama,ära,3,7,57.14285714285714,4
uitlema,,3,7,57.14285714285714,4
ujuma,kohale,3,7,57.14285714285714,4
ulatuma,alla,3,7,57.14285714285714,4
ulatuma,eemale,3,7,57.14285714285714,4
uppima,,9,21,57.14285714285714,12
uurima,alla,3,7,57.14285714285714,4
vakkima,,3,7,57.14285714285714,4
valmistama,alla,3,7,57.14285714285714,4
valmistama,kokku,6,14,57.14285714285714,8
vehkima,edasi,3,7,57.14285714285714,4
viima,taha,3,7,57.14285714285714,4
viitama,välja,3,7,57.14285714285714,4
viittima,,9,21,57.14285714285714,12
vilksama,mööda,3,7,57.14285714285714,4
vinduma,edasi,3,7,57.14285714285714,4
viskama,eest,3,7,57.14285714285714,4
viskama,pealt,3,7,57.14285714285714,4
viskuma,eemale,3,7,57.14285714285714,4
voolama,peale,3,7,57.14285714285714,4
voolama,täis,3,7,57.14285714285714,4
vähenema,edasi,3,7,57.14285714285714,4
väntsutama,,18,42,57.14285714285714,24
värisema,all,3,7,57.14285714285714,4
värskenema,,3,7,57.14285714285714,4
võlvuma,,3,7,57.14285714285714,4
vöitlema,,3,7,57.14285714285714,4
yhtima,,6,14,57.14285714285714,8
ytlema,välja,3,7,57.14285714285714,4
ädaldama,,3,7,57.14285714285714,4
õpetama,peale,3,7,57.14285714285714,4
önnema,,3,7,57.14285714285714,4
ületama,üle,3,7,57.14285714285714,4
üritama,kohal,3,7,57.14285714285714,4
ütlema,pealt,3,7,57.14285714285714,4
seisma,vastu,226,528,57.1969696969697,302
klaarima,,181,423,57.21040189125296,242
ajama,ära,447,1046,57.265774378585085,599
arutama,läbi,247,578,57.266435986159166,331
tikkuma,,235,550,57.27272727272727,315
saastama,,176,412,57.28155339805825,236
kasvama,edasi,41,96,57.291666666666664,55
minema,mood,41,96,57.291666666666664,55
puskima,,41,96,57.291666666666664,55
suhestuma,,70,164,57.3170731707317,94
imbuma,sisse,32,75,57.333333333333336,43
toimima,edasi,32,75,57.333333333333336,43
piiksuma,,90,211,57.345971563981045,121
nikastama,,29,68,57.35294117647059,39
minema,ära,2879,6755,57.37971872686899,3876
tulema,sisse,1014,2380,57.39495798319327,1366
kooruma,maha,23,54,57.407407407407405,31
koperdama,,115,270,57.407407407407405,155
käibima,,138,324,57.407407407407405,186
lubama,sisse,23,54,57.407407407407405,31
näima,ära,23,54,57.407407407407405,31
pihustuma,,23,54,57.407407407407405,31
vormistama,ära,23,54,57.407407407407405,31
kirjutama,vastu,43,101,57.42574257425742,58
toppama,,43,101,57.42574257425742,58
põlema,läbi,209,491,57.43380855397149,282
jääma,peale,955,2244,57.442067736185386,1289
lööma,täis,20,47,57.446808510638306,27
põikama,kõrvale,20,47,57.446808510638306,27
magama,,5208,12249,57.48224344844477,7041
hiilima,,428,1007,57.49751737835154,579
kiunatama,,17,40,57.49999999999999,23
konkretiseeruma,,17,40,57.49999999999999,23
laksuma,,17,40,57.49999999999999,23
lörtsima,,17,40,57.49999999999999,23
orienteeruma,ümber,17,40,57.49999999999999,23
raiskama,ära,68,160,57.49999999999999,92
tormama,ette,17,40,57.49999999999999,23
vaatama,valmis,17,40,57.49999999999999,23
vajutama,sisse,17,40,57.49999999999999,23
valuma,,17,40,57.49999999999999,23
jooksma,ringi,320,753,57.50332005312085,433
kandma,maha,150,353,57.50708215297451,203
elatama,ära,31,73,57.534246575342465,42
kallama,sisse,31,73,57.534246575342465,42
vesistama,,31,73,57.534246575342465,42
käima,edasi,231,544,57.53676470588235,313
minema,kohale,205,483,57.55693581780539,278
tartuma,,157,370,57.567567567567565,213
jukerdama,,42,99,57.57575757575758,57
kihutama,võidu,14,33,57.57575757575758,19
podisema,,56,132,57.57575757575758,76
soikuma,,168,396,57.57575757575758,228
tegutsema,edasi,182,429,57.57575757575758,247
töötama,edasi,285,672,57.58928571428571,387
külmuma,kinni,67,158,57.59493670886076,91
ajama,edasi,78,184,57.608695652173914,106
saama,mööda,337,795,57.61006289308176,458
olema,kohal,1705,4023,57.618692518021376,2318
mõistma,,13304,31394,57.62247563228643,18090
klõbisema,,25,59,57.6271186440678,34
kompileerima,,25,59,57.6271186440678,34
käima,ees,25,59,57.6271186440678,34
noorenema,,75,177,57.6271186440678,102
paigutama,ümber,25,59,57.6271186440678,34
paistma,peale,25,59,57.6271186440678,34
laksama,,36,85,57.647058823529406,49
kangastuma,,168,397,57.68261964735516,229
heitma,eemale,11,26,57.692307692307686,15
indekseerima,,11,26,57.692307692307686,15
kirjutama,edasi,44,104,57.692307692307686,60
kirjutama,ümber,77,182,57.692307692307686,105
peetuma,maha,11,26,57.692307692307686,15
sulama,lahti,11,26,57.692307692307686,15
sulama,ühte,22,52,57.692307692307686,30
tirisema,,33,78,57.692307692307686,45
surema,ära,673,1591,57.699560025141416,918
erutuma,,159,376,57.71276595744681,217
tahtma,ära,126,298,57.71812080536913,172
voorima,,126,298,57.71812080536913,172
venestuma,,41,97,57.73195876288659,56
sähvatama,,112,265,57.73584905660377,153
jätma,katki,30,71,57.74647887323944,41
maksma,juurde,49,116,57.758620689655174,67
punnima,vastu,49,116,57.758620689655174,67
tulema,tagasi,4976,11781,57.76249893896953,6805
konutama,,133,315,57.77777777777777,182
koolduma,,19,45,57.77777777777777,26
koorima,lahti,19,45,57.77777777777777,26
pelutama,,19,45,57.77777777777777,26
politiseerima,,19,45,57.77777777777777,26
saama,maha,513,1215,57.77777777777777,702
vedama,kaasas,19,45,57.77777777777777,26
luuletama,,168,398,57.78894472361809,230
jõutama,,46,109,57.798165137614674,63
sõimama,läbi,54,128,57.8125,74
hõrenema,,105,249,57.831325301204814,144
elama,välja,242,574,57.8397212543554,332
tõstma,ümber,43,102,57.84313725490197,59
harjutama,,2706,6419,57.843900919146286,3713
rabelema,,387,919,57.889009793253535,532
astuma,peale,80,190,57.89473684210527,110
demoraliseeruma,,8,19,57.89473684210527,11
doseerima,üle,8,19,57.89473684210527,11
fokuseeruma,,8,19,57.89473684210527,11
heiastuma,,32,76,57.89473684210527,44
hõõguma,edasi,8,19,57.89473684210527,11
kargama,kinni,8,19,57.89473684210527,11
kääksuma,,16,38,57.89473684210527,22
lennutama,välja,8,19,57.89473684210527,11
liitma,ühte,8,19,57.89473684210527,11
lärmitsema,,8,19,57.89473684210527,11
muretsema,juurde,8,19,57.89473684210527,11
nõiduma,ära,8,19,57.89473684210527,11
otsustama,tagasi,8,19,57.89473684210527,11
pääärima,,8,19,57.89473684210527,11
põikama,läbi,24,57,57.89473684210527,33
rallima,ringi,8,19,57.89473684210527,11
resoneeruma,,8,19,57.89473684210527,11
siginema,,288,684,57.89473684210527,396
sirutama,üles,8,19,57.89473684210527,11
sirvima,läbi,16,38,57.89473684210527,22
suutma,edasi,8,19,57.89473684210527,11
tatsama,ringi,32,76,57.89473684210527,44
tikkuma,kallale,8,19,57.89473684210527,11
traageldama,,8,19,57.89473684210527,11
tuiutama,,8,19,57.89473684210527,11
ulima,,8,19,57.89473684210527,11
viistima,,8,19,57.89473684210527,11
võtma,vahelt,8,19,57.89473684210527,11
waikuma,,8,19,57.89473684210527,11
kerkima,esile,615,1462,57.93433652530779,847
tajuma,,1970,4685,57.950907150480255,2715
tulema,koos,37,88,57.95454545454546,51
rühkima,,277,659,57.96661608497724,382
täristama,,29,69,57.971014492753625,40
jõudma,valmis,150,357,57.98319327731093,207
ütsima,,50,119,57.98319327731093,69
veetlema,,71,169,57.98816568047337,98
kaugenema,,226,538,57.99256505576208,312
kargama,üles,21,50,57.99999999999999,29
patseerima,ringi,21,50,57.99999999999999,29
vurisema,,21,50,57.99999999999999,29
kiskuma,ära,60,143,58.04195804195804,83
tuksuma,,120,286,58.04195804195804,166
tundma,,33693,80338,58.06094251786204,46645
algama,peale,78,186,58.06451612903226,108
müüma,välja,39,93,58.06451612903226,54
näägutama,,26,62,58.06451612903226,36
pääsema,üle,65,155,58.06451612903226,90
põikama,sisse,52,124,58.06451612903226,72
sattuma,välja,13,31,58.06451612903226,18
kasvama,kokku,199,475,58.10526315789474,276
pöörama,ära,165,394,58.121827411167516,229
käituma,edasi,18,43,58.139534883720934,25
kõrbema,ära,18,43,58.139534883720934,25
läbema,,18,43,58.139534883720934,25
paastuma,,36,86,58.139534883720934,50
õppima,ümber,18,43,58.139534883720934,25
materdama,,82,196,58.16326530612245,114
pettuma,,1544,3692,58.179848320693395,2148
idanema,,92,220,58.18181818181818,128
ootama,edasi,23,55,58.18181818181818,32
istuma,kokku,56,134,58.2089552238806,78
käima,,64886,155358,58.234529280758,90472
tulema,täis,114,273,58.24175824175825,159
saama,peale,215,515,58.252427184466015,300
sportima,,91,218,58.256880733944946,127
kommima,,48,115,58.26086956521739,67
täienema,,428,1026,58.28460038986355,598
loksuma,,304,729,58.29903978052127,425
akkama,pihta,25,60,58.333333333333336,35
arutama,vastu,5,12,58.333333333333336,7
eelisarendama,,5,12,58.333333333333336,7
elatuma,üle,15,36,58.333333333333336,21
fetisheerima,,5,12,58.333333333333336,7
haarama,ära,5,12,58.333333333333336,7
haisema,järele,10,24,58.333333333333336,14
hakkama,ette,5,12,58.333333333333336,7
hakkama,pealt,5,12,58.333333333333336,7
hüppama,edasi,15,36,58.333333333333336,21
irmutama,ära,5,12,58.333333333333336,7
istuma,taha,15,36,58.333333333333336,21
jahendama,,5,12,58.333333333333336,7
janema,,10,24,58.333333333333336,14
jooma,edasi,30,72,58.333333333333336,42
kalibreerima,,5,12,58.333333333333336,7
kasvama,juurde,25,60,58.333333333333336,35
kaugendama,,10,24,58.333333333333336,14
kerima,läbi,5,12,58.333333333333336,7
klimberdama,,20,48,58.333333333333336,28
krabama,kaasa,5,12,58.333333333333336,7
krabama,kokku,5,12,58.333333333333336,7
kykitama,,5,12,58.333333333333336,7
käima,üles,15,36,58.333333333333336,21
kõmama,vastu,5,12,58.333333333333336,7
lammutama,lahti,5,12,58.333333333333336,7
liikuma,"eest, ära",5,12,58.333333333333336,7
lipsama,mööda,10,24,58.333333333333336,14
lisama,kokku,5,12,58.333333333333336,7
loksuma,sees,5,12,58.333333333333336,7
looma,edasi,5,12,58.333333333333336,7
lärtsatama,,5,12,58.333333333333336,7
maksma,ümber,5,12,58.333333333333336,7
meelduma,,5,12,58.333333333333336,7
minema,püsti,10,24,58.333333333333336,14
monuma,,5,12,58.333333333333336,7
mätsima,kinni,20,48,58.333333333333336,28
nägema,tagasi,20,48,58.333333333333336,28
nõudma,vastu,10,24,58.333333333333336,14
olema,"ette, vaja",5,12,58.333333333333336,7
olema,toona,5,12,58.333333333333336,7
ootama,lahti,5,12,58.333333333333336,7
pidama,sisse,5,12,58.333333333333336,7
pipardama,,65,156,58.333333333333336,91
pissima,alla,5,12,58.333333333333336,7
plärtsuma,,10,24,58.333333333333336,14
puccima,,5,12,58.333333333333336,7
pääsema,kallale,5,12,58.333333333333336,7
põrutama,tagasi,10,24,58.333333333333336,14
pöörduma,ümber,55,132,58.333333333333336,77
püsima,välja,5,12,58.333333333333336,7
püüdma,kokku,5,12,58.333333333333336,7
reanimeerima,,5,12,58.333333333333336,7
rockima,,10,24,58.333333333333336,14
rulatama,,5,12,58.333333333333336,7
rühmitama,,10,24,58.333333333333336,14
sikutama,tagasi,5,12,58.333333333333336,7
siluma,ära,5,12,58.333333333333336,7
sulisema,,10,24,58.333333333333336,14
surema,alla,5,12,58.333333333333336,7
suurendama,ringi,5,12,58.333333333333336,7
sülitama,välja,45,108,58.333333333333336,63
tahtma,taha,5,12,58.333333333333336,7
tankima,täis,5,12,58.333333333333336,7
tassima,ära,10,24,58.333333333333336,14
teab-tundma,,5,12,58.333333333333336,7
teexima,,10,24,58.333333333333336,14
tegelema,ära,5,12,58.333333333333336,7
tegema,pealt,5,12,58.333333333333336,7
teritama,ära,5,12,58.333333333333336,7
traalima,,15,36,58.333333333333336,21
trallitama,,10,24,58.333333333333336,14
ununema,maha,15,36,58.333333333333336,21
vaatama,vaja,5,12,58.333333333333336,7
vabandama,ees,5,12,58.333333333333336,7
vahetama,alla,5,12,58.333333333333336,7
vedama,ringi,25,60,58.333333333333336,35
viidsima,,15,36,58.333333333333336,21
viima,üle,50,120,58.333333333333336,70
viskama,pihta,5,12,58.333333333333336,7
vohama,edasi,5,12,58.333333333333336,7
voluma,,5,12,58.333333333333336,7
ümardama,,30,72,58.333333333333336,42
lugema,läbi,942,2261,58.337019018133574,1319
uitama,,117,281,58.362989323843415,164
aimama,ette,72,173,58.38150289017341,101
reekima,,139,334,58.38323353293413,195
panema,sisse,483,1161,58.39793281653747,678
olema,"vaja, juurde",52,125,58.4,73
jaguma,,2158,5188,58.40400925212028,3030
võõristama,,37,89,58.42696629213483,52
klappima,,1018,2449,58.43201306655777,1431
kandma,välja,170,409,58.43520782396088,239
elama,edasi,537,1292,58.43653250773993,755
põrutama,sisse,32,77,58.44155844155844,45
rääkima,edasi,241,580,58.44827586206897,339
likvideeruma,,27,65,58.46153846153847,38
minema,mööda,1043,2511,58.46276383910792,1468
säiluma,,49,118,58.47457627118644,69
olema,laiali,22,53,58.490566037735846,31
täitma,ära,83,200,58.5,117
kombineerima,,134,323,58.51393188854489,189
hakkama,vastu,654,1577,58.5288522511097,923
ajama,ligi,17,41,58.536585365853654,24
keerlema,ümber,17,41,58.536585365853654,24
põrutama,edasi,17,41,58.536585365853654,24
tilkuma,välja,17,41,58.536585365853654,24
tolknema,,68,164,58.536585365853654,96
vedama,üles,34,82,58.536585365853654,48
võõrastama,,46,111,58.55855855855856,65
kõmpima,,58,140,58.57142857142858,82
ajama,,12040,29067,58.578456669074896,17027
saama,ette,251,606,58.580858085808586,355
ühilduma,,113,273,58.60805860805861,160
aitama,ette,12,29,58.620689655172406,17
arvestama,ette,12,29,58.620689655172406,17
kippuma,ära,24,58,58.620689655172406,34
koolma,ära,12,29,58.620689655172406,17
kriiksuma,,12,29,58.620689655172406,17
kukkuma,otsa,24,58,58.620689655172406,34
mürgeldama,,36,87,58.620689655172406,51
nunnutama,,12,29,58.620689655172406,17
ostma,ette,12,29,58.620689655172406,17
raakima,,24,58,58.620689655172406,34
rääkima,kokku,24,58,58.620689655172406,34
susistama,,12,29,58.620689655172406,17
tassima,kaasas,12,29,58.620689655172406,17
tähtsustuma,,36,87,58.620689655172406,51
vaatama,järgi,36,87,58.620689655172406,51
väsitama,,396,957,58.620689655172406,561
veerema,alla,31,75,58.666666666666664,44
purssima,,50,121,58.67768595041323,71
vahtima,,1169,2829,58.67797808412867,1660
kajama,,214,518,58.68725868725869,304
käima,ringi,1100,2663,58.69320315433721,1563
hakkama,ära,95,230,58.69565217391305,135
jorisema,,38,92,58.69565217391305,54
solkima,ära,19,46,58.69565217391305,27
levima,edasi,78,189,58.730158730158735,111
mõtlema,,27888,67583,58.735184883772554,39695
seletuma,,59,143,58.74125874125874,84
figureerima,,354,859,58.78928987194412,505
vaatama,ringi,662,1607,58.80522713130056,945
heitma,maha,28,68,58.82352941176471,40
hoidma,laiali,7,17,58.82352941176471,10
hõõruma,üle,7,17,58.82352941176471,10
kargama,eemale,7,17,58.82352941176471,10
karglema,ringi,7,17,58.82352941176471,10
kasvatama,peale,7,17,58.82352941176471,10
keevitama,kinni,7,17,58.82352941176471,10
kuulama,lahti,7,17,58.82352941176471,10
lippama,tagasi,7,17,58.82352941176471,10
lubama,ligi,7,17,58.82352941176471,10
luxima,,7,17,58.82352941176471,10
lülitama,tagasi,7,17,58.82352941176471,10
meenutama,kokku,7,17,58.82352941176471,10
mängima,ümber,14,34,58.82352941176471,20
mökutama,,14,34,58.82352941176471,20
nägema,ilma,14,34,58.82352941176471,20
potsatama,alla,7,17,58.82352941176471,10
susisema,,70,170,58.82352941176471,100
säetuma,,7,17,58.82352941176471,10
sünnitama,juurde,7,17,58.82352941176471,10
tantsima,edasi,7,17,58.82352941176471,10
torgatama,,7,17,58.82352941176471,10
töötama,tagasi,7,17,58.82352941176471,10
uimerdama,,21,51,58.82352941176471,30
vahtima,ringi,49,119,58.82352941176471,70
valama,alla,7,17,58.82352941176471,10
valima,tagasi,98,238,58.82352941176471,140
virutama,sisse,7,17,58.82352941176471,10
vääksuma,,7,17,58.82352941176471,10
üppama,,14,34,58.82352941176471,20
tegema,maha,142,345,58.84057971014492,203
tõmbama,ette,51,124,58.87096774193549,73
akkama,,535,1301,58.87778631821675,766
liuglema,,127,309,58.89967637540453,182
kuulma,pealt,53,129,58.91472868217055,76
hüppama,üle,46,112,58.92857142857143,66
lappama,läbi,23,56,58.92857142857143,33
lootma,ära,23,56,58.92857142857143,33
lõunatama,,46,112,58.92857142857143,66
petma,ära,115,280,58.92857142857143,165
vurama,ringi,23,56,58.92857142857143,33
kiikama,,246,599,58.931552587646074,353
tegema,tagasi,147,358,58.93854748603352,211
kandma,kaasas,238,580,58.9655172413793,342
keevitama,kokku,16,39,58.97435897435898,23
krigistama,,16,39,58.97435897435898,23
kõmisema,,64,156,58.97435897435898,92
külmuma,läbi,16,39,58.97435897435898,23
mätsima,,16,39,58.97435897435898,23
rääkima,tagasi,16,39,58.97435897435898,23
tulema,pealt,16,39,58.97435897435898,23
tüdinema,,349,851,58.989424206815514,502
laenama,välja,41,100,59,59
küsitama,,273,666,59.009009009009006,393
mängitama,,232,566,59.01060070671378,334
minema,puruks,50,122,59.01639344262295,72
tatsuma,,25,61,59.01639344262295,36
häirima,,4167,10172,59.03460479748329,6005
tegutsema,,11793,28790,59.037860368183395,16997
tundma,ära,2300,5616,59.04558404558404,3316
ragistama,,86,210,59.04761904761905,124
nuputama,välja,61,149,59.06040268456376,88
aitama,kokku,9,22,59.09090909090909,13
aitama,ära,9,22,59.09090909090909,13
ehitama,edasi,9,22,59.09090909090909,13
esituma,,9,22,59.09090909090909,13
joodeldama,,9,22,59.09090909090909,13
kehastuma,ümber,18,44,59.09090909090909,26
kontrastima,,9,22,59.09090909090909,13
korrastuma,,54,132,59.09090909090909,78
küsima,välja,9,22,59.09090909090909,13
laulatama,,27,66,59.09090909090909,39
leinama,taga,9,22,59.09090909090909,13
pinisema,,45,110,59.09090909090909,65
pöörama,peale,27,66,59.09090909090909,39
pürgima,edasi,9,22,59.09090909090909,13
renderdama,,9,22,59.09090909090909,13
tunuma,,9,22,59.09090909090909,13
vajuma,tagasi,45,110,59.09090909090909,65
vicima,,18,44,59.09090909090909,26
zhongleerima,,9,22,59.09090909090909,13
jääma,sisse,353,863,59.09617612977984,510
laskma,ligi,92,225,59.111111111111114,133
tõmbuma,kõrvale,47,115,59.130434782608695,68
olema,kinni,1074,2628,59.1324200913242,1554
jagama,ümber,29,71,59.154929577464785,42
käima,sees,58,142,59.154929577464785,84
igatsema,tagasi,78,191,59.16230366492147,113
käima,üle,526,1289,59.193173002327384,763
õppima,ära,517,1267,59.194948697711126,750
jagunema,,2398,5877,59.19686915092734,3479
kõhelema,,51,125,59.199999999999996,74
maletama,,113,277,59.205776173285194,164
kaduma,tagasi,31,76,59.210526315789465,45
ärritama,,827,2029,59.24100542138985,1202
hakkama,otsa,11,27,59.25925925925925,16
kiikama,välja,11,27,59.25925925925925,16
küünitama,välja,11,27,59.25925925925925,16
lülituma,välja,121,297,59.25925925925925,176
muutma,ümber,11,27,59.25925925925925,16
olema,sisse,11,27,59.25925925925925,16
rääkima,sisse,22,54,59.25925925925925,32
seaduma,,11,27,59.25925925925925,16
seisma,edasi,22,54,59.25925925925925,32
sirutuma,välja,11,27,59.25925925925925,16
sulama,kokku,121,297,59.25925925925925,176
tiirlema,ümber,11,27,59.25925925925925,16
tooma,ilma,11,27,59.25925925925925,16
avarduma,,191,469,59.27505330490405,278
veerema,,713,1751,59.280411193603655,1038
saama,külge,68,167,59.2814371257485,99
hoidma,tagasi,368,904,59.29203539823009,536
uppuma,ära,105,258,59.30232558139535,153
teostuma,,332,816,59.31372549019608,484
ujuma,,1299,3193,59.317256498590666,1894
proovima,järgi,24,59,59.32203389830508,35
reageerima,üle,24,59,59.32203389830508,35
pääsema,tagasi,133,327,59.32721712538226,194
lõikama,sisse,37,91,59.34065934065934,54
interpreteerima,,87,214,59.345794392523366,127
lööma,üle,113,278,59.352517985611506,165
keksima,,76,187,59.35828877005348,111
hiilima,tagasi,13,32,59.375,19
kaanima,,26,64,59.375,38
ladistama,,39,96,59.375,57
nihverdama,,13,32,59.375,19
nurruma,,52,128,59.375,76
rääkkima,,13,32,59.375,19
selgitama,ära,13,32,59.375,19
asetsema,,461,1135,59.38325991189427,674
käima,kohal,162,399,59.3984962406015,237
tulema,vahele,151,372,59.40860215053764,221
andma,järele,731,1801,59.41143808995003,1070
paugutama,,125,308,59.41558441558441,183
päevitama,,125,308,59.41558441558441,183
vihisema,mööda,28,69,59.42028985507246,41
wiitsima,,28,69,59.42028985507246,41
minema,,125972,310534,59.43374960551824,184562
helpima,,30,74,59.45945945945946,44
mulistama,,15,37,59.45945945945946,22
plaksuma,,15,37,59.45945945945946,22
sättima,sisse,15,37,59.45945945945946,22
tegema,kõrvale,15,37,59.45945945945946,22
purjetama,,188,464,59.48275862068966,276
pikeerima,,32,79,59.49367088607595,47
vihtlema,,32,79,59.49367088607595,47
tarbima,,1369,3380,59.49704142011834,2011
pressima,peale,66,163,59.50920245398773,97
härima,,17,42,59.523809523809526,25
kõngema,,34,84,59.523809523809526,50
pekslema,,17,42,59.523809523809526,25
sahisema,,85,210,59.523809523809526,125
solgutama,,17,42,59.523809523809526,25
soonima,,17,42,59.523809523809526,25
suruma,ära,17,42,59.523809523809526,25
tahtma,maha,17,42,59.523809523809526,25
tilpnema,,17,42,59.523809523809526,25
devalveerima,,70,173,59.53757225433526,103
lükkama,eemale,70,173,59.53757225433526,103
viizima,,36,89,59.55056179775281,53
ehmatama,,979,2421,59.562164394878145,1442
hindama,ümber,38,94,59.57446808510638,56
tõestama,ära,57,141,59.57446808510638,84
voolama,kokku,19,47,59.57446808510638,28
pikenema,,633,1566,59.578544061302686,933
kontrollima,üle,154,381,59.580052493438316,227
torkama,,1846,4568,59.58844133099825,2722
maadlema,,606,1500,59.599999999999994,894
keerama,tagasi,61,151,59.60264900662252,90
tulema,peale,996,2466,59.61070559610706,1470
hoidma,ligi,21,52,59.61538461538461,31
märguma,,21,52,59.61538461538461,31
piuksuma,,21,52,59.61538461538461,31
ärkama,,2304,5708,59.63559915907498,3404
pendeldama,,111,275,59.63636363636363,164
sulanduma,,180,446,59.64125560538116,266
hääletama,läbi,23,57,59.64912280701754,34
suruma,kinni,23,57,59.64912280701754,34
huvitama,,7490,18577,59.68132637131938,11087
sõnastama,,707,1754,59.692132269099204,1047
kõditama,,83,206,59.70873786407766,123
pääsema,mööda,143,355,59.71830985915493,212
puterdama,,58,144,59.72222222222222,86
lööma,ära,147,365,59.726027397260275,218
dramatiseerima,üle,31,77,59.74025974025974,46
jalutama,välja,33,82,59.756097560975604,49
liikuma,välja,66,164,59.756097560975604,98
tegema,tasa,33,82,59.756097560975604,49
tõstma,ette,33,82,59.756097560975604,49
hoiduma,eemale,35,87,59.77011494252874,52
tulema,järgi,35,87,59.77011494252874,52
panema,ära,405,1007,59.78152929493545,602
saama,ümber,148,368,59.78260869565217,220
hirmutama,ära,76,189,59.78835978835979,113
vulisema,,43,107,59.813084112149525,64
olema,mahti,45,112,59.82142857142857,67
sekkuma,,1709,4254,59.82604607428302,2545
hüppama,üles,55,137,59.854014598540154,82
lööma,alla,55,137,59.854014598540154,82
elavnema,,391,974,59.856262833675565,583
kaklema,,531,1324,59.89425981873112,793
lööma,üles,95,237,59.91561181434599,142
helistama,tagasi,125,312,59.93589743589743,187
kriipima,,125,312,59.93589743589743,187
hõõguma,,143,357,59.943977591036415,214
jõudma,järele,458,1144,59.96503496503497,686
ahmima,kokku,4,10,60,6
ahnitsema,kokku,4,10,60,6
ajama,nahka,2,5,60,3
ajama,segi,40,100,60,60
ajama,sirgu,14,35,60,21
akkama,vastu,4,10,60,6
algama,ette,2,5,60,3
algama,kokku,2,5,60,3
algama,üles,2,5,60,3
allrentima,,2,5,60,3
alustama,läbi,4,10,60,6
andma,alt,2,5,60,3
andma,rahul,2,5,60,3
ankurdama,,8,20,60,12
arvestama,ära,4,10,60,6
arvutama,juurde,2,5,60,3
astendama,,2,5,60,3
astuma,"välja, vastu",2,5,60,3
asuma,sisse,2,5,60,3
asuma,taga,8,20,60,12
atakeerima,,2,5,60,3
aurama,välja,2,5,60,3
autima,,2,5,60,3
avama,peale,2,5,60,3
avanema,sees,2,5,60,3
balsameerima,,2,5,60,3
bannima,ära,2,5,60,3
bürokratiseeruma,,8,20,60,12
caryotama,,2,5,60,3
debateerima,,10,25,60,15
dekriminaliseerima,,2,5,60,3
desorienteerima,,14,35,60,21
difundeeruma,,2,5,60,3
dropima,,2,5,60,3
eeldama,ette,2,5,60,3
eesmärgistama,,2,5,60,3
ehitama,ära,2,5,60,3
ekraniseerima,,16,40,60,24
elama,alles,2,5,60,3
elama,peale,6,15,60,9
elama,ringi,2,5,60,3
elanud-töötama,,2,5,60,3
enginema,,2,5,60,3
exsisteerima,,2,5,60,3
fabuleerima,,4,10,60,6
feminiseeruma,,4,10,60,6
haarama,ringi,2,5,60,3
haistma,ära,2,5,60,3
haknuma,,2,5,60,3
hankima,kokku,2,5,60,3
harutama,üles,4,10,60,6
haukuma,ära,4,10,60,6
helisema,edasi,2,5,60,3
hiilima,ligi,18,45,60,27
hiilima,üles,4,10,60,6
hoidma,valla,2,5,60,3
hoonestama,,2,5,60,3
hullutama,ära,2,5,60,3
hämama,ära,2,5,60,3
hõlmama,ringi,2,5,60,3
ilmuma,ilma,2,5,60,3
ilmuma,koos,2,5,60,3
ilulema,,2,5,60,3
imema,edasi,4,10,60,6
inkasseerima,,2,5,60,3
interneerima,,2,5,60,3
irriteerima,,16,40,60,24
islamiseeruma,,2,5,60,3
istuma,all,6,15,60,9
jagama,koos,4,10,60,6
jalutama,koos,2,5,60,3
janunema,järele,8,20,60,12
jessima,,4,10,60,6
jessinutma,,2,5,60,3
jonnima,vastu,2,5,60,3
jooma,sisse,6,15,60,9
jooma,välja,2,5,60,3
joonestama,,10,25,60,15
jooxutama,,2,5,60,3
juhtuma,sees,2,5,60,3
jätma,edasi,14,35,60,21
jätma,juurde,2,5,60,3
jätma,laiali,2,5,60,3
jätma,ringi,2,5,60,3
jääma,otsa,14,35,60,21
jääma,pärast,4,10,60,6
jõudma,"eest, ära",2,5,60,3
jõudma,läbi,38,95,60,57
jõudma,sekka,2,5,60,3
jõudsima,,2,5,60,3
kaanetuma,,2,5,60,3
kadreerima,,4,10,60,6
kaduma,"alt, ära",2,5,60,3
kaduma,vaja,2,5,60,3
kaema,üle,4,10,60,6
kahetsema,pärast,2,5,60,3
kaitsema,kinni,2,5,60,3
kallama,mööda,2,5,60,3
kalpsama,,18,45,60,27
kalpsama,üle,2,5,60,3
kandideerima,vastu,2,5,60,3
kandma,kohale,4,10,60,6
kandma,mööda,4,10,60,6
kanduma,välja,10,25,60,15
kannatama,ilma,2,5,60,3
kantima,tagasi,2,5,60,3
kappama,kohale,4,10,60,6
kappama,läbi,2,5,60,3
kappama,välja,2,5,60,3
kapriisitsema,,2,5,60,3
kargama,peale,6,15,60,9
karjuma,vahele,2,5,60,3
kasvama,ees,2,5,60,3
kasvatama,tagasi,2,5,60,3
katkestama,ringi,2,5,60,3
katma,vaja,2,5,60,3
kauduma,,2,5,60,3
kauplema,maha,2,5,60,3
kavatsema,valmis,2,5,60,3
kavatsema,välja,2,5,60,3
keema,üles,2,5,60,3
kehtestama,alla,2,5,60,3
kergitama,lahti,4,10,60,6
kergitama,välja,2,5,60,3
kerima,ette,4,10,60,6
kerkima,ette,22,55,60,33
kerkima,püsti,4,10,60,6
kestma,tagasi,2,5,60,3
kibelema,,204,510,60,306
kihutama,laiali,4,10,60,6
kiiluma,vahele,2,5,60,3
kilgendama,,4,10,60,6
kilksatama,,2,5,60,3
kindlustama,edasi,4,10,60,6
kindlustama,ringi,4,10,60,6
kindlustama,tagasi,2,5,60,3
kinkima,kaasa,2,5,60,3
kinnitama,ette,2,5,60,3
kinnitama,kõrvalt,2,5,60,3
kinnitama,tarvis,2,5,60,3
kippuma,esile,2,5,60,3
kippuma,puudu,2,5,60,3
kirjeldama,tagasi,2,5,60,3
kirjutama,kõrvale,4,10,60,6
kirjutama,üle,18,45,60,27
kogemattama,,4,10,60,6
koguma,ette,2,5,60,3
kogunema,ringi,2,5,60,3
kogunema,üle,8,20,60,12
kohenduma,,2,5,60,3
kohmerdama,,4,10,60,6
kohtuma,vastu,2,5,60,3
kokkuma,,2,5,60,3
kolgastuma,,2,5,60,3
komberdama,alla,2,5,60,3
komberdama,ringi,6,15,60,9
konvergeeruma,,4,10,60,6
kootuma,sisse,2,5,60,3
koputama,ära,2,5,60,3
korrigeeruma,,6,15,60,9
kostma,alt,2,5,60,3
koverdama,,4,10,60,6
kraapsama,,2,5,60,3
kristalliseeruma,välja,2,5,60,3
kruvima,alla,4,10,60,6
kruvima,külge,6,15,60,9
kuivama,välja,2,5,60,3
kujundama,ringi,2,5,60,3
kukutama,maha,6,15,60,9
kuldama,üle,10,25,60,15
kulgema,ringi,2,5,60,3
kuluma,sisse,4,10,60,6
kulutama,sisse,2,5,60,3
kummutama,välja,2,5,60,3
kuppima,,4,10,60,6
kuraasitama,,2,5,60,3
kusema,alla,2,5,60,3
kutsuma,koos,2,5,60,3
kuulma,üles,2,5,60,3
kuuluma,kinni,2,5,60,3
kuulutama,kokku,2,5,60,3
kuulutama,"välja, välja",2,5,60,3
kuumenema,läbi,2,5,60,3
kylmetama,,4,10,60,6
käima,ilma,4,10,60,6
käima,otsa,6,15,60,9
käindkima,,2,5,60,3
käkerduma,,2,5,60,3
kärbuma,ära,2,5,60,3
käristama,välja,16,40,60,24
kärtsatama,,2,5,60,3
käuksuma,,2,5,60,3
kõmpima,ringi,2,5,60,3
kõndima,järele,4,10,60,6
kõndima,sisse,14,35,60,21
kõndima,taga,2,5,60,3
kõrvetama,välja,2,5,60,3
köögutama,,2,5,60,3
kündma,välja,2,5,60,3
küsima,alla,2,5,60,3
kütma,tagant,2,5,60,3
küündima,üle,4,10,60,6
lahjuma,,4,10,60,6
lahvatama,lahti,2,5,60,3
laskma,vahele,6,15,60,9
laskuma,maha,8,20,60,12
laulma,tagasi,2,5,60,3
leeduma,,4,10,60,6
leidma,kinni,4,10,60,6
leidma,peale,8,20,60,12
leiduma,vaja,2,5,60,3
lendama,"eest, ära",4,10,60,6
lennutama,ära,2,5,60,3
leppima,ära,160,400,60,240
lingutama,,4,10,60,6
lisama,vastu,2,5,60,3
lisanduma,ringi,2,5,60,3
lohistama,kohale,2,5,60,3
lonkama,edasi,2,5,60,3
lonkama,välja,2,5,60,3
lonkima,mööda,2,5,60,3
looklema,alla,2,5,60,3
loopima,täis,8,20,60,12
lootma,kohal,2,5,60,3
lopetama,,4,10,60,6
loputama,välja,6,15,60,9
lubama,koht,2,5,60,3
lubama,läbi,10,25,60,15
lurpima,,2,5,60,3
luuserdama,,2,5,60,3
läksima,,6,15,60,9
lõhkuma,vastu,2,5,60,3
lõikama,"pealt, ära",2,5,60,3
lõngutama,,2,5,60,3
lõõpima,kaasa,2,5,60,3
lõõskama,sisse,2,5,60,3
lööma,valla,6,15,60,9
lühistama,ära,2,5,60,3
lülitama,lahti,2,5,60,3
maandama,ära,4,10,60,6
maanduma,otsa,2,5,60,3
maksma,"kokku, välja",4,10,60,6
maksma,kätte,4,10,60,6
maksma,"tagasi, kokku",2,5,60,3
manguma,välja,2,5,60,3
marginaliseerima,,2,5,60,3
marssima,tagasi,8,20,60,12
matchima,,2,5,60,3
meeldima,edasi,2,5,60,3
meeldima,vaja,2,5,60,3
meelima,,4,10,60,6
meikima,ära,2,5,60,3
mikserdama,,2,5,60,3
minema,kohal,2,5,60,3
minema,kätte,2,5,60,3
minema,kõrvalt,4,10,60,6
minema,tagant,2,5,60,3
moodustuma,välja,2,5,60,3
moraalitsema,,4,10,60,6
mudeldama,,2,5,60,3
muhatama,,2,5,60,3
murdma,üle,2,5,60,3
muutuma,edasi,22,55,60,33
muutuma,kokku,4,10,60,6
myristama,,2,5,60,3
myyduma,maha,2,5,60,3
myyssima,maha,2,5,60,3
mõistma,läbi,2,5,60,3
mõjuma,tagasi,2,5,60,3
mõtlema,kinni,4,10,60,6
mõõtma,tagasi,8,20,60,12
möistima,välja,6,15,60,9
müüma,all,2,5,60,3
müüma,laiali,2,5,60,3
neustuma,,2,5,60,3
nikerdama,,58,145,60,87
normima,,12,30,60,18
nuuskima,üle,2,5,60,3
nägema,koha,2,5,60,3
nägema,taga,10,25,60,15
nägema,ühte,2,5,60,3
näppima,ära,2,5,60,3
olekkima,,2,5,60,3
olema,vahele,2,5,60,3
olema,"vaja, üles",2,5,60,3
onlinema,,10,25,60,15
organiseerima,ära,2,5,60,3
oskama,ilma,4,10,60,6
oskama,vastu,2,5,60,3
osutama,üles,2,5,60,3
otsima,maha,2,5,60,3
otsima,peale,2,5,60,3
paigutama,sisse,4,10,60,6
paiknema,keskel,2,5,60,3
paistma,kinni,2,5,60,3
paistma,tagant,4,10,60,6
paistma,üles,2,5,60,3
paisuma,üle,2,5,60,3
pakkima,ümber,2,5,60,3
paluma,ilma,2,5,60,3
panema,"ette, kinni",2,5,60,3
panema,ilma,6,15,60,9
panema,otsa,102,255,60,153
panema,"pealt, kinni",2,5,60,3
panima,,4,10,60,6
parenema,,8,20,60,12
parkima,kõrvale,2,5,60,3
passima,ees,2,5,60,3
patenteerima,ära,2,5,60,3
patseerima,mööda,2,5,60,3
pehastuma,,8,20,60,12
pidama,kõrvale,2,5,60,3
pidama,"lähedal, kinni",2,5,60,3
piinutama,,4,10,60,6
piiritlema,ringi,2,5,60,3
pikkima,vahele,2,5,60,3
pilama,ära,2,5,60,3
pilgutama,vastu,2,5,60,3
pillama,alla,2,5,60,3
pingutama,edasi,8,20,60,12
pitsitama,välja,2,5,60,3
plaksatama,lahti,2,5,60,3
pliksima,,2,5,60,3
plokkima,ära,2,5,60,3
poetama,alla,2,5,60,3
pokuma,,2,5,60,3
pommitama,edasi,2,5,60,3
pooldama,välja,2,5,60,3
poseerima,koos,2,5,60,3
praadima,ära,16,40,60,24
praavitama,,2,5,60,3
pretendeerima,kohale,4,10,60,6
pruukima,kaasas,2,5,60,3
puhuma,tagasi,2,5,60,3
puistama,sisse,2,5,60,3
pumpama,üles,8,20,60,12
pusima,valmis,2,5,60,3
puskima,edasi,2,5,60,3
puuduma,ette,2,5,60,3
puuduma,peale,2,5,60,3
puuduma,üle,2,5,60,3
puutnuma,kokku,2,5,60,3
pyydlema,,2,5,60,3
pärima,võidu,2,5,60,3
pätsima,,2,5,60,3
pääsema,vahele,4,10,60,6
päästma,võidu,4,10,60,6
põgenema,alla,2,5,60,3
põiklema,vastu,2,5,60,3
põrkama,"kokku, vastu",4,10,60,6
põrutama,läbi,2,5,60,3
põrutama,"tagant, otsa",2,5,60,3
pöördnuma,,2,5,60,3
pöörduma,järele,4,10,60,6
pöörduma,vastu,4,10,60,6
pöörduma,välja,4,10,60,6
pühkima,eest,2,5,60,3
püüdma,vastu,2,5,60,3
ragisema,,116,290,60,174
rakendama,välja,2,5,60,3
raputama,laiali,2,5,60,3
ratsutama,edasi,2,5,60,3
ratsutama,ringi,6,15,60,9
reastuma,tagasi,2,5,60,3
regenereeruma,,2,5,60,3
rehitsema,kokku,2,5,60,3
reinkarneeruma,,6,15,60,9
rentima,edasi,24,60,60,36
riietama,ümber,2,5,60,3
ringitama,,2,5,60,3
rokkima,ära,2,5,60,3
ronima,taha,2,5,60,3
roomama,alla,2,5,60,3
roostuma,,4,10,60,6
ruffuma,,2,5,60,3
rulima,,2,5,60,3
rutjuma,,6,15,60,9
ruttama,eemale,2,5,60,3
räkima,,8,20,60,12
räuskama,edasi,2,5,60,3
rääkima,pealt,2,5,60,3
rääkima,sekka,2,5,60,3
rõvetsema,,14,35,60,21
röövima,koos,2,5,60,3
rügama,edasi,4,10,60,6
saabuma,täis,2,5,60,3
saabuma,välja,2,5,60,3
saama,"kokku, juurde",2,5,60,3
saama,kusjuures,2,5,60,3
saama,"läbi, ilma",2,5,60,3
saama,lähedal,2,5,60,3
saama,puruks,2,5,60,3
saama,vahel,2,5,60,3
saatma,vaja,2,5,60,3
sagima,,82,205,60,123
samastuma,,108,270,60,162
sammuma,kaasa,2,5,60,3
sattuma,alles,2,5,60,3
sattuma,mööda,2,5,60,3
savutama,,2,5,60,3
seadma,kohale,2,5,60,3
seerima,ringi,2,5,60,3
segmenteerima,,2,5,60,3
selgitama,juurde,2,5,60,3
selgitama,ringi,2,5,60,3
selguma,vaja,2,5,60,3
sihtima,välja,2,5,60,3
sillerdama,vastu,2,5,60,3
siputama,,32,80,60,48
sirtsutama,,6,15,60,9
skännima,ära,2,5,60,3
sobima,kõrvale,18,45,60,27
sokeerima,,2,5,60,3
sokutama,alla,2,5,60,3
sokutama,sisse,4,10,60,6
soolatama,,2,5,60,3
soonima,sisse,2,5,60,3
soorituma,,2,5,60,3
soovima,ära,6,15,60,9
sopsima,,4,10,60,6
spurtima,välja,2,5,60,3
standardiseeruma,,4,10,60,6
startima,koos,2,5,60,3
stockima,,2,5,60,3
streikima,kokku,2,5,60,3
sulatama,välja,2,5,60,3
sumisema,,104,260,60,156
sundima,maha,2,5,60,3
surema,ilma,2,5,60,3
suruma,kõrvale,6,15,60,9
suurendama,välja,2,5,60,3
suusatama,mööda,2,5,60,3
sähvama,sisse,2,5,60,3
särama,sisse,2,5,60,3
sõitma,alles,2,5,60,3
sõitma,katki,2,5,60,3
sõlmima,ette,2,5,60,3
sõtkuma,edasi,2,5,60,3
sörkima,tagasi,2,5,60,3
sööma,kokku,2,5,60,3
söönud-jooma,,2,5,60,3
sündima,vaja,2,5,60,3
sünteesima,kokku,2,5,60,3
taasavaldama,,2,5,60,3
tabama,peale,2,5,60,3
tahsima,,4,10,60,6
tahtma,ees,2,5,60,3
tahtma,üles,6,15,60,9
talitama,edasi,4,10,60,6
tantsima,ära,6,15,60,9
tarbima,alla,2,5,60,3
teadma,pealt,2,5,60,3
teatama,alles,2,5,60,3
tegema,kaupa,2,5,60,3
tegema,kohal,2,5,60,3
tegema,"läbi, välja",2,5,60,3
tegema,sekka,4,10,60,6
tegema,»,2,5,60,3
tegima,,10,25,60,15
tekkima,sees,2,5,60,3
tenima,,2,5,60,3
teretama,ära,2,5,60,3
terwitama,,2,5,60,3
tiksuma,kokku,2,5,60,3
tirima,edasi,2,5,60,3
tirima,ette,2,5,60,3
tissitama,,2,5,60,3
toimuma,kaasa,2,5,60,3
toimuma,lahti,6,15,60,9
toimuma,väljaspool,2,5,60,3
tooma,edasi,6,15,60,9
toppima,peale,4,10,60,6
toppima,tagasi,16,40,60,24
tormama,ära,2,5,60,3
trampima,kinni,2,5,60,3
triblama,mööda,4,10,60,6
triivima,kaasa,2,5,60,3
trippima,,2,5,60,3
trygima,,2,5,60,3
tsenseerima,välja,4,10,60,6
tuiskama,ette,4,10,60,6
tulema,"tagasi, läbi",2,5,60,3
tulema,»,2,5,60,3
tulevad-minema,,2,5,60,3
tulistama,sisse,2,5,60,3
tullema,,4,10,60,6
tulvama,välja,2,5,60,3
tulvama,üle,2,5,60,3
tundma,taga,2,5,60,3
tunduma,üle,2,5,60,3
tuntuma,,2,5,60,3
tupeerima,,4,10,60,6
turundama,,2,5,60,3
tyhjenema,,2,5,60,3
tähendama,ilma,2,5,60,3
täpsustama,ära,2,5,60,3
tõmbama,"eest, ära",2,5,60,3
tõstma,kaasa,2,5,60,3
tõstma,läbi,2,5,60,3
tõttama,edasi,8,20,60,12
tõusma,"alt, üles",2,5,60,3
tõusma,ette,18,45,60,27
töötama,peal,4,10,60,6
tümisema,,4,10,60,6
uhkama,üle,2,5,60,3
uhmama,,2,5,60,3
uhtma,alla,2,5,60,3
uimlema,,2,5,60,3
ujuma,eemale,4,10,60,6
ujuma,vastu,6,15,60,9
undama,edasi,2,5,60,3
usaldama,ära,2,5,60,3
usima,,2,5,60,3
uskuma,läbi,4,10,60,6
v2itnuma,,2,5,60,3
v6tagima,,2,5,60,3
vaatama,ees,2,5,60,3
vaatama,peale,18,45,60,27
vahtima,kõrvalt,2,5,60,3
vahtima,pealt,14,35,60,21
vaibutama,,2,5,60,3
vajama,vahel,2,5,60,3
vajuma,kaasa,2,5,60,3
vajuma,kössi,2,5,60,3
vajuma,külili,2,5,60,3
vajutama,mööda,2,5,60,3
vajutama,puruks,2,5,60,3
valgenema,,6,15,60,9
valima,kõrvale,4,10,60,6
valmima,alles,2,5,60,3
valmistuma,lahti,2,5,60,3
vastama,tagasi,2,5,60,3
vastama,üle,2,5,60,3
vedama,püsti,2,5,60,3
veeretama,mööda,2,5,60,3
viiksuma,,2,5,60,3
viilima,ära,2,5,60,3
viimsima,,2,5,60,3
viipama,sisse,2,5,60,3
vintsima,,4,10,60,6
votnuma,,2,5,60,3
vuhisema,läbi,6,15,60,9
vurama,sisse,2,5,60,3
vusserdama,ära,4,10,60,6
väitma,valmis,2,5,60,3
värvima,tagasi,2,5,60,3
võima,ära,2,5,60,3
võitma,sisse,2,5,60,3
vöiksima,,2,5,60,3
wõttima,,2,5,60,3
ytlema,kinni,2,5,60,3
ytlima,,2,5,60,3
yttima,,2,5,60,3
ägestama,,4,10,60,6
ähvardama,tagasi,2,5,60,3
ärkama,läbi,2,5,60,3
õnnestuma,tarvis,2,5,60,3
õppima,kõrvalt,2,5,60,3
ühendama,tagasi,2,5,60,3
üknema,,2,5,60,3
ülejäänuma,,2,5,60,3
üritama,vastu,2,5,60,3
ütlema,ringi,4,10,60,6
kujunema,välja,1240,3101,60.0128990648178,1861
vaatama,pealt,461,1153,60.01734605377277,692
pääsema,sisse,294,736,60.05434782608695,442
sööbima,,127,318,60.062893081761004,191
pikutama,,115,288,60.06944444444444,173
pilgutama,,188,471,60.08492569002123,283
harmoneeruma,,89,223,60.0896860986547,134
ajama,täis,69,173,60.115606936416185,104
kargama,välja,124,311,60.12861736334405,187
mõtestama,lahti,61,153,60.130718954248366,92
tegema,täis,114,286,60.13986013986013,172
realiseeruma,,395,991,60.14127144298688,596
kinkima,ära,51,128,60.15625,77
olema,sees,49,123,60.16260162601627,74
traumeerima,,47,118,60.16949152542372,71
lõõritama,,45,113,60.17699115044248,68
sõrmitsema,,43,108,60.18518518518518,65
diferentseerima,,41,103,60.19417475728155,62
sugenema,,119,299,60.200668896321076,180
jaatama,,39,98,60.204081632653065,59
minema,"eest, ära",39,98,60.204081632653065,59
teadvustuma,,39,98,60.204081632653065,59
välgatama,,109,274,60.21897810218978,165
ähmastuma,,72,181,60.22099447513812,109
seksima,,430,1081,60.22201665124884,651
solvuma,,1089,2738,60.22644265887509,1649
jahenema,,105,264,60.22727272727273,159
punnitama,,99,249,60.24096385542169,150
terendama,,219,551,60.254083484573506,332
unustama,ära,750,1887,60.254372019077906,1137
imbuma,,374,941,60.255047821466526,567
lendama,edasi,62,156,60.256410256410255,94
lesima,,155,390,60.256410256410255,235
maiustama,,60,151,60.264900662251655,91
mäletama,,12433,31293,60.26906976001023,18860
seisma,ees,1421,3577,60.273972602739725,2156
kyssima,,83,209,60.28708133971292,126
lahendama,ära,110,277,60.28880866425993,167
mängima,alla,27,68,60.29411764705882,41
pöörduma,ringi,27,68,60.29411764705882,41
sattuma,ette,108,272,60.29411764705882,164
klõpsima,,79,199,60.30150753768844,120
kõlisema,,79,199,60.30150753768844,120
kestma,edasi,202,509,60.314341846758346,307
kuumenema,,98,247,60.32388663967612,149
mängima,ära,73,184,60.32608695652174,111
võtma,täis,48,121,60.33057851239669,73
poputama,,46,116,60.3448275862069,70
pressima,sisse,23,58,60.3448275862069,35
riimuma,,23,58,60.3448275862069,35
püsima,,7231,18235,60.34548944337812,11004
hoomama,,159,401,60.349127182044896,242
läbustama,,44,111,60.36036036036037,67
komistama,otsa,21,53,60.37735849056604,32
kruttima,üles,21,53,60.37735849056604,32
olema,ette,21,53,60.37735849056604,32
orienteerima,,21,53,60.37735849056604,32
pöörama,"otsa, ringi",21,53,60.37735849056604,32
jääma,puudu,1822,4599,60.382691889541206,2777
müttama,,164,414,60.38647342995169,250
liigutama,,1245,3143,60.38816417435571,1898
tiksuma,,364,919,60.39173014145811,555
rääkima,läbi,139,351,60.3988603988604,212
laskuma,,751,1897,60.41117554032683,1146
karglema,,57,144,60.416666666666664,87
meelitama,juurde,19,48,60.416666666666664,29
naksama,,19,48,60.416666666666664,29
pidama,ilma,19,48,60.416666666666664,29
soendama,,19,48,60.416666666666664,29
viitsima,,6238,15763,60.4263147877942,9525
jaurama,,74,187,60.42780748663101,113
jääma,üles,110,278,60.431654676258994,168
tegema,alla,55,139,60.431654676258994,84
nuputama,,144,364,60.43956043956044,220
eemalduma,,390,986,60.446247464503045,596
tõmbuma,tagasi,261,660,60.45454545454545,399
arveldama,,68,172,60.46511627906976,104
kysima,,221,559,60.46511627906976,338
libisema,alla,34,86,60.46511627906976,52
marssima,mööda,17,43,60.46511627906976,26
nutma,ära,17,43,60.46511627906976,26
tassima,kaasa,17,43,60.46511627906976,26
kütkestama,,49,124,60.483870967741936,75
kräunuma,,32,81,60.49382716049383,49
looma,välja,188,476,60.50420168067227,288
koormama,,308,780,60.51282051282051,472
mulisema,,77,195,60.51282051282051,118
minema,tagasi,1273,3224,60.51488833746899,1951
tõmbuma,kokku,122,309,60.517799352750814,187
käima,tagasi,30,76,60.526315789473685,46
lykkama,,15,38,60.526315789473685,23
näkitsema,,15,38,60.526315789473685,23
tooma,peale,15,38,60.526315789473685,23
vantsima,,45,114,60.526315789473685,69
kõndima,ringi,238,603,60.53067993366501,365
hõikama,välja,43,109,60.550458715596335,66
viima,kohale,71,180,60.55555555555555,109
lömitama,,28,71,60.56338028169014,43
ujuma,ringi,28,71,60.56338028169014,43
jõudma,,53741,136280,60.56574699148811,82539
langema,maha,82,208,60.57692307692307,126
juhtuma,kokku,67,170,60.588235294117645,103
prantsatama,,134,340,60.588235294117645,206
tõusma,üles,387,982,60.59063136456212,595
jooksma,üle,65,165,60.60606060606061,100
joonistama,maha,13,33,60.60606060606061,20
juhtima,tagasi,13,33,60.60606060606061,20
koorima,ära,13,33,60.60606060606061,20
norisema,,13,33,60.60606060606061,20
tõukama,alla,13,33,60.60606060606061,20
tõusma,välja,13,33,60.60606060606061,20
virutama,ära,13,33,60.60606060606061,20
jooksma,kinni,180,457,60.61269146608315,277
installima,,189,480,60.62499999999999,291
ponnistama,,63,160,60.62499999999999,97
laskma,ringi,50,127,60.629921259842526,77
sõitma,mööda,350,889,60.629921259842526,539
sõitma,üle,211,536,60.634328358208954,325
hüppama,sisse,37,94,60.63829787234043,57
tuiama,,37,94,60.63829787234043,57
järelduma,,553,1405,60.6405693950178,852
minema,üles,270,686,60.64139941690962,416
kohmetuma,,61,155,60.64516129032258,94
virguma,,61,155,60.64516129032258,94
kritiseerima,,2046,5200,60.65384615384616,3154
aitama,vastu,24,61,60.65573770491803,37
kummastama,,24,61,60.65573770491803,37
laskma,alla,251,638,60.658307210031346,387
minema,lukku,35,89,60.67415730337079,54
muutma,ära,175,445,60.67415730337079,270
ootama,tagasi,70,178,60.67415730337079,108
kannatama,välja,587,1493,60.68318821165438,906
sattuma,alla,46,117,60.68376068376068,71
meenuma,,3307,8413,60.69178652086057,5106
pöörama,,3617,9203,60.697598609149196,5586
kolkima,,44,112,60.71428571428571,68
kriipsutama,,11,28,60.71428571428571,17
kuivama,kokku,176,448,60.71428571428571,272
lebotama,,22,56,60.71428571428571,34
lendama,otsa,11,28,60.71428571428571,17
mõistma,kokku,11,28,60.71428571428571,17
otsustama,koos,11,28,60.71428571428571,17
plaksutama,kaasa,11,28,60.71428571428571,17
teadma,edasi,22,56,60.71428571428571,34
teatama,tagasi,11,28,60.71428571428571,17
tekkima,peale,11,28,60.71428571428571,17
valama,ära,11,28,60.71428571428571,17
viima,lahku,33,84,60.71428571428571,51
väärutama,,11,28,60.71428571428571,17
ytlema,ära,11,28,60.71428571428571,17
õnnestama,,11,28,60.71428571428571,17
undama,,108,275,60.72727272727273,167
hulkuma,,183,466,60.72961373390557,283
tunnetama,,1499,3818,60.738606600314306,2319
tegema,ära,3144,8011,60.75396330046187,4867
saama,ringi,31,79,60.75949367088608,48
lugema,maha,51,130,60.76923076923077,79
kimama,ringi,20,51,60.78431372549019,31
langema,kinni,20,51,60.78431372549019,31
põksuma,,20,51,60.78431372549019,31
tegema,edasi,323,824,60.80097087378641,501
lipsama,läbi,78,199,60.80402010050251,121
närtsima,,96,245,60.816326530612244,149
lonkama,,306,781,60.819462227912936,475
liibuma,,56,143,60.83916083916085,87
surfama,,130,332,60.8433734939759,202
jooksma,läbi,357,912,60.85526315789473,555
elama,kaasa,773,1975,60.86075949367089,1202
forsseerima,,27,69,60.86956521739131,42
funktsima,,9,23,60.86956521739131,14
kaebama,välja,18,46,60.86956521739131,28
kerima,üles,9,23,60.86956521739131,14
kiitma,kaasa,9,23,60.86956521739131,14
kostma,üle,9,23,60.86956521739131,14
laskma,kinni,9,23,60.86956521739131,14
levima,välja,9,23,60.86956521739131,14
libistama,alla,9,23,60.86956521739131,14
maalima,üle,9,23,60.86956521739131,14
mangima,,9,23,60.86956521739131,14
mõistma,"välja, kokku",9,23,60.86956521739131,14
ollima,,9,23,60.86956521739131,14
puksima,välja,9,23,60.86956521739131,14
pääsnuma,,9,23,60.86956521739131,14
rasmuma,,9,23,60.86956521739131,14
saama,kohal,9,23,60.86956521739131,14
soovima,juurde,18,46,60.86956521739131,28
suhtestuma,,9,23,60.86956521739131,14
sulpsama,,18,46,60.86956521739131,28
summeeruma,,9,23,60.86956521739131,14
suunama,mööda,9,23,60.86956521739131,14
tuunima,,18,46,60.86956521739131,28
venima,välja,54,138,60.86956521739131,84
kontsentreeruma,,97,248,60.88709677419355,151
ahenema,,113,289,60.89965397923876,176
andma,alla,693,1773,60.913705583756354,1080
kasvama,,20854,53356,60.91536097158708,32502
kõhnuma,,34,87,60.91954022988506,53
mängima,läbi,102,261,60.91954022988506,159
nõudma,juurde,34,87,60.91954022988506,53
panema,lukku,68,174,60.91954022988506,106
vinnama,,220,563,60.92362344582594,343
eksima,,4397,11256,60.9363894811656,6859
traavima,,25,64,60.9375,39
jõustama,,191,489,60.940695296523515,298
ketrama,,66,169,60.946745562130175,103
muljuma,,41,105,60.952380952380956,64
olema,lahti,1907,4884,60.95413595413596,2977
vihastama,,780,1998,60.96096096096096,1218
kattuma,,1026,2629,60.973754279193614,1603
koolutama,,16,41,60.97560975609756,25
koormama,üle,16,41,60.97560975609756,25
minema,kaotsi,16,41,60.97560975609756,25
olema,"eest, ära",16,41,60.97560975609756,25
olema,käibel,16,41,60.97560975609756,25
susserdama,,16,41,60.97560975609756,25
tantsima,kaasa,16,41,60.97560975609756,25
tõmbama,eemale,32,82,60.97560975609756,50
ärkama,üles,510,1307,60.97934200459066,797
sadama,sisse,39,100,61,61
kolima,ära,179,459,61.00217864923747,280
mängima,kaasa,343,880,61.02272727272727,537
piiluma,,399,1024,61.03515625,625
heitma,kõrvale,97,249,61.044176706827315,152
olema,tagasi,245,629,61.04928457869634,384
avalduma,,1364,3502,61.05082809822958,2138
hiilima,mööda,37,95,61.05263157894737,58
sõimlema,,37,95,61.05263157894737,58
delfima,,44,113,61.06194690265486,69
nahutama,,44,113,61.06194690265486,69
intrigeerima,,86,221,61.085972850678736,135
improviseerima,,114,293,61.092150170648466,179
menetlema,,366,941,61.10520722635494,575
9olema,,7,18,61.111111111111114,11
assimileerima,,7,18,61.111111111111114,11
deformeeruma,,84,216,61.111111111111114,132
distantseerima,,56,144,61.111111111111114,88
fokuseerima,,14,36,61.111111111111114,22
iiveldama,,7,18,61.111111111111114,11
jahtuma,,259,666,61.111111111111114,407
leidma,edasi,7,18,61.111111111111114,11
linastuma,kokku,7,18,61.111111111111114,11
loopima,sisse,7,18,61.111111111111114,11
loputama,maha,7,18,61.111111111111114,11
mankima,,7,18,61.111111111111114,11
mähkima,sisse,7,18,61.111111111111114,11
paiskuma,üles,7,18,61.111111111111114,11
roomama,läbi,7,18,61.111111111111114,11
saatma,sisse,7,18,61.111111111111114,11
svingima,,7,18,61.111111111111114,11
tippima,,56,144,61.111111111111114,88
vorpima,valmis,7,18,61.111111111111114,11
võimalduma,,7,18,61.111111111111114,11
võtma,"alt, ära",7,18,61.111111111111114,11
ütlema,maha,7,18,61.111111111111114,11
vihastuma,,54,139,61.15107913669065,85
pöörama,tagasi,66,170,61.1764705882353,104
osatama,,420,1082,61.182994454713494,662
kitsenema,,59,152,61.18421052631579,93
talvituma,,118,304,61.18421052631579,186
vilkuma,,203,523,61.18546845124283,320
laskma,kokku,26,67,61.19402985074627,41
seisatuma,,26,67,61.19402985074627,41
kasvama,üle,71,183,61.20218579234973,112
mühisema,,71,183,61.20218579234973,112
tühjenema,,142,366,61.20218579234973,224
tärkama,,365,941,61.211477151966,576
astuma,ringi,19,49,61.224489795918366,30
hajuma,laiali,19,49,61.224489795918366,30
häälduma,,19,49,61.224489795918366,30
juhtima,edasi,19,49,61.224489795918366,30
leelotama,,19,49,61.224489795918366,30
mõjutama,ilma,19,49,61.224489795918366,30
tinutama,,19,49,61.224489795918366,30
trügima,vahele,19,49,61.224489795918366,30
aurustuma,,88,227,61.23348017621145,139
kippuma,,7481,19302,61.24235830483887,11821
nuhkima,välja,31,80,61.25000000000001,49
töötama,üle,31,80,61.25000000000001,49
minema,lahku,830,2142,61.25116713352008,1312
kordama,,3281,8470,61.26328217237308,5189
vaatama,ära,251,648,61.26543209876543,397
peeretama,,55,142,61.267605633802816,87
pöörama,kõrvale,55,142,61.267605633802816,87
tuupima,,55,142,61.267605633802816,87
hirmutama,eemale,12,31,61.29032258064516,19
kaduma,sisse,12,31,61.29032258064516,19
kolistama,ringi,12,31,61.29032258064516,19
küsima,vahele,12,31,61.29032258064516,19
palkama,juurde,12,31,61.29032258064516,19
pistma,tagasi,12,31,61.29032258064516,19
saama,tarvis,12,31,61.29032258064516,19
kahanema,,2161,5584,61.30014326647565,3423
kalduma,kõrvale,164,424,61.32075471698113,260
kulutama,ära,123,318,61.32075471698113,195
sekeldama,,29,75,61.33333333333333,46
minema,ette,368,952,61.34453781512605,584
mõlkuma,,247,639,61.34585289514867,392
müüma,edasi,337,872,61.353211009174316,535
hääletama,välja,114,295,61.35593220338983,181
seisma,püsti,250,647,61.360123647604325,397
laskma,ette,34,88,61.36363636363637,54
seisma,kinni,51,132,61.36363636363637,81
tahtma,ette,17,44,61.36363636363637,27
tükkima,,170,440,61.36363636363637,270
vaatama,"alt, üles",34,88,61.36363636363637,54
neelama,alla,285,738,61.382113821138205,453
uhtma,,39,101,61.386138613861384,62
pöörduma,tagasi,880,2279,61.38657305835893,1399
hüppama,püsti,100,259,61.38996138996139,159
käiama,,22,57,61.40350877192983,35
looma,üles,22,57,61.40350877192983,35
omama,ära,44,114,61.40350877192983,70
saama,täis,1276,3306,61.40350877192983,2030
põimuma,,333,863,61.41367323290846,530
virisema,,395,1024,61.42578125,629
kokutama,,54,140,61.42857142857143,86
timmima,,54,140,61.42857142857143,86
flirtima,,118,306,61.43790849673203,188
kihutama,mööda,91,236,61.440677966101696,145
keerama,ringi,101,262,61.45038167938931,161
haisema,,591,1534,61.47327249022164,943
eestima,,275,714,61.484593837535016,439
viskama,ära,233,605,61.48760330578512,372
kolisema,,119,309,61.48867313915858,190
vaikima,maha,67,174,61.49425287356321,107
kargama,,562,1461,61.53319644079398,899
suurenema,,9162,23819,61.53490910617574,14657
aerutama,,30,78,61.53846153846154,48
armastama,edasi,5,13,61.53846153846154,8
bännima,ära,5,13,61.53846153846154,8
droppima,,5,13,61.53846153846154,8
eksiteerima,,10,26,61.53846153846154,16
filmima,üles,5,13,61.53846153846154,8
istutama,täis,5,13,61.53846153846154,8
jätma,külge,10,26,61.53846153846154,16
jääma,järel,5,13,61.53846153846154,8
jõrisema,,10,26,61.53846153846154,16
kahmama,kaasa,5,13,61.53846153846154,8
kasutama,üle,10,26,61.53846153846154,16
keerutama,mööda,5,13,61.53846153846154,8
kirjutama,ringi,5,13,61.53846153846154,8
korjama,maha,5,13,61.53846153846154,8
korsatama,,5,13,61.53846153846154,8
kulgema,tagasi,5,13,61.53846153846154,8
käima,vahele,5,13,61.53846153846154,8
lappama,kokku,5,13,61.53846153846154,8
laulavad-mängima,,5,13,61.53846153846154,8
leelutama,,5,13,61.53846153846154,8
leidma,alla,5,13,61.53846153846154,8
lendama,maha,25,65,61.53846153846154,40
lepitama,kokku,30,78,61.53846153846154,48
liberaliseerima,,25,65,61.53846153846154,40
lippama,mööda,5,13,61.53846153846154,8
loksuma,tagasi,5,13,61.53846153846154,8
magama,välja,95,247,61.53846153846154,152
mahtuma,sekka,5,13,61.53846153846154,8
muutuma,alles,5,13,61.53846153846154,8
müübima,,5,13,61.53846153846154,8
nakatuma,kokku,5,13,61.53846153846154,8
näksama,,15,39,61.53846153846154,24
olema,eemale,5,13,61.53846153846154,8
olema,"kaasa, vaja",5,13,61.53846153846154,8
oli-olema,,5,13,61.53846153846154,8
paiskama,segi,10,26,61.53846153846154,16
panema,eemale,5,13,61.53846153846154,8
panema,lahti,5,13,61.53846153846154,8
parvlema,,5,13,61.53846153846154,8
pidama,üleval,20,52,61.53846153846154,32
pugema,ligi,5,13,61.53846153846154,8
pullima,,15,39,61.53846153846154,24
puterdama,ära,5,13,61.53846153846154,8
pätistuma,,5,13,61.53846153846154,8
põrutama,ette,5,13,61.53846153846154,8
pöörama,eemale,5,13,61.53846153846154,8
respektima,,5,13,61.53846153846154,8
riibuma,,5,13,61.53846153846154,8
saksastuma,,10,26,61.53846153846154,16
suruma,sisse,25,65,61.53846153846154,40
suruma,tagant,5,13,61.53846153846154,8
suunduma,läbi,5,13,61.53846153846154,8
sööma,üle,5,13,61.53846153846154,8
sündima,ära,5,13,61.53846153846154,8
testima,ära,5,13,61.53846153846154,8
tiadsima,,5,13,61.53846153846154,8
toimima,koos,5,13,61.53846153846154,8
tomuma,,20,52,61.53846153846154,32
tooma,juurde,405,1053,61.53846153846154,648
trimpama,,20,52,61.53846153846154,32
trügima,mööda,10,26,61.53846153846154,16
tundma,üle,10,26,61.53846153846154,16
tuulama,ringi,5,13,61.53846153846154,8
tylema,,15,39,61.53846153846154,24
tõusma,mööda,15,39,61.53846153846154,24
uskuma,välja,5,13,61.53846153846154,8
viisima,,5,13,61.53846153846154,8
viskama,järele,5,13,61.53846153846154,8
vuhistama,,5,13,61.53846153846154,8
õhutama,tagant,20,52,61.53846153846154,32
õppima,edasi,40,104,61.53846153846154,64
ümarduma,,5,13,61.53846153846154,8
ütlema,kinni,5,13,61.53846153846154,8
saama,üle,1119,2910,61.54639175257732,1791
panema,tähele,541,1407,61.54939587775409,866
ammendama,,331,861,61.55632984901278,530
vaatama,kõrvalt,108,281,61.56583629893239,173
sirutuma,,83,216,61.57407407407407,133
kurnama,,219,570,61.578947368421055,351
jääma,üle,2502,6513,61.58452326116996,4011
kajama,vastu,58,151,61.58940397350994,93
haihtuma,,396,1031,61.59068865179438,635
koristama,ära,159,414,61.59420289855072,255
laskma,tagasi,53,138,61.59420289855072,85
raugema,,321,836,61.602870813397125,515
keerama,kinni,162,422,61.61137440758294,260
laiendama,ringi,33,86,61.627906976744185,53
mõmisema,,89,232,61.63793103448276,143
külmuma,ära,84,219,61.64383561643836,135
maksma,alla,28,73,61.64383561643836,45
nüsima,,28,73,61.64383561643836,45
püsima,sees,28,73,61.64383561643836,45
trügima,sisse,28,73,61.64383561643836,45
laskma,ära,79,206,61.6504854368932,127
aimduma,,51,133,61.65413533834586,82
kooruma,välja,153,399,61.65413533834586,246
paluma,juurde,23,60,61.66666666666667,37
roomama,välja,23,60,61.66666666666667,37
rüselema,,23,60,61.66666666666667,37
tuiskama,mööda,23,60,61.66666666666667,37
vaatama,ümber,23,60,61.66666666666667,37
minema,välja,1740,4540,61.67400881057269,2800
kummitama,,663,1730,61.676300578034684,1067
hyppama,,41,107,61.6822429906542,66
elama,läbi,377,984,61.68699186991869,607
aktiviseeruma,,144,376,61.702127659574465,232
olema,man,18,47,61.702127659574465,29
sattuma,kokku,198,517,61.702127659574465,319
uurima,järele,67,175,61.71428571428571,108
vudima,,31,81,61.72839506172839,50
taanduma,,1584,4142,61.75760502172864,2558
sammuma,,525,1373,61.762563729060446,848
ehitama,täis,13,34,61.76470588235294,21
laskma,üles,26,68,61.76470588235294,42
leekima,,13,34,61.76470588235294,21
magama,alles,13,34,61.76470588235294,21
magama,ära,13,34,61.76470588235294,21
majandama,,156,408,61.76470588235294,252
pesema,välja,13,34,61.76470588235294,21
rõõmustama,üle,13,34,61.76470588235294,21
sõitma,võidu,26,68,61.76470588235294,42
teenima,edasi,13,34,61.76470588235294,21
ästima,,13,34,61.76470588235294,21
õõtsutama,,26,68,61.76470588235294,42
proovima,järele,86,225,61.77777777777778,139
seisma,koos,34,89,61.79775280898876,55
mängima,edasi,89,233,61.80257510729614,144
kärvama,,55,144,61.80555555555556,89
aimama,,776,2032,61.811023622047244,1256
klohmima,,21,55,61.81818181818181,34
lahjenema,,21,55,61.81818181818181,34
libisema,läbi,21,55,61.81818181818181,34
nülgima,,21,55,61.81818181818181,34
valama,sisse,21,55,61.81818181818181,34
ühitama,,21,55,61.81818181818181,34
igatsema,,980,2567,61.82313985196728,1587
mahtuma,,5234,13710,61.823486506199856,8476
vaatama,kõrvale,50,131,61.832061068702295,81
tulema,ligi,66,173,61.849710982658955,107
hüppama,peale,37,97,61.855670103092784,60
linkima,,37,97,61.855670103092784,60
võtma,alla,267,700,61.857142857142854,433
käima,läbi,1990,5218,61.862782675354545,3228
eksperimenteerima,,90,236,61.86440677966102,146
pidutsema,,342,897,61.87290969899666,555
sõeluma,,93,244,61.885245901639344,151
vähenema,,8931,23432,61.88545578695801,14501
perima,,157,412,61.89320388349514,255
ärrituma,,293,769,61.89856957087127,476
andma,ära,661,1735,61.90201729106628,1074
amnesteerima,,8,21,61.904761904761905,13
hüppama,vastu,8,21,61.904761904761905,13
kihutama,ära,8,21,61.904761904761905,13
komplitseeruma,,8,21,61.904761904761905,13
laenama,juurde,8,21,61.904761904761905,13
lahkuma,tagasi,16,42,61.904761904761905,26
leevenduma,,32,84,61.904761904761905,52
pladistama,,8,21,61.904761904761905,13
põrutama,mööda,24,63,61.904761904761905,39
reflekteerima,,8,21,61.904761904761905,13
sadama,peale,8,21,61.904761904761905,13
tormama,tagasi,16,42,61.904761904761905,26
torutama,,8,21,61.904761904761905,13
trügima,,464,1218,61.904761904761905,754
veeretama,ära,8,21,61.904761904761905,13
vinnama,üles,8,21,61.904761904761905,13
lamama,,912,2397,61.95244055068836,1485
tõmbama,sisse,70,184,61.95652173913043,114
kasutama,ära,1554,4086,61.96769456681351,2532
patseerima,,54,142,61.97183098591549,88
torkama,sisse,27,71,61.97183098591549,44
vahtima,vastu,54,142,61.97183098591549,88
küpsema,,514,1352,61.98224852071006,838
kustutama,maha,19,50,62,31
plagisema,,19,50,62,31
promoma,,57,150,62,93
remontima,ära,19,50,62,31
õelutsema,,19,50,62,31
puhkama,,1877,4940,62.00404858299595,3063
mõõtma,üle,30,79,62.0253164556962,49
viskama,tagasi,41,108,62.03703703703704,67
panema,üles,536,1412,62.03966005665722,876
jändama,,93,245,62.04081632653061,152
plõksima,,52,137,62.04379562043796,85
kiiluma,kinni,115,303,62.04620462046204,188
minema,juurde,63,166,62.048192771084345,103
pinnima,,63,166,62.048192771084345,103
korduma,,1355,3571,62.05544665359844,2216
nühkima,,173,456,62.06140350877193,283
autostuma,,11,29,62.06896551724138,18
einetama,,11,29,62.06896551724138,18
jumestama,,11,29,62.06896551724138,18
kallama,täis,22,58,62.06896551724138,36
kappama,ringi,11,29,62.06896551724138,18
kõndima,maha,11,29,62.06896551724138,18
loopima,alla,11,29,62.06896551724138,18
mökitama,,22,58,62.06896551724138,36
plartsatama,,11,29,62.06896551724138,18
plekkima,kinni,11,29,62.06896551724138,18
rullima,üle,11,29,62.06896551724138,18
seiklema,ringi,11,29,62.06896551724138,18
teavitama,ette,11,29,62.06896551724138,18
transformeerima,,11,29,62.06896551724138,18
riskeerima,,47,124,62.096774193548384,77
vananema,,866,2285,62.100656455142236,1419
kraaksuma,,36,95,62.10526315789474,59
logima,sisse,72,190,62.10526315789474,118
vajuma,alla,72,190,62.10526315789474,118
värvima,ära,36,95,62.10526315789474,59
kuuletuma,,133,351,62.10826210826211,218
võbisema,,25,66,62.121212121212125,41
kirjutama,maha,78,206,62.13592233009708,128
vaidlema,,1428,3772,62.142099681866384,2344
jaksama,,2391,6317,62.14975463036252,3926
afisheerima,,14,37,62.16216216216216,23
kallama,maha,14,37,62.16216216216216,23
kallama,peale,14,37,62.16216216216216,23
lutsutama,,14,37,62.16216216216216,23
lämbuma,ära,14,37,62.16216216216216,23
õppima,üle,14,37,62.16216216216216,23
kostuma,,538,1422,62.16596343178622,884
kiikuma,,73,193,62.17616580310881,120
vähkrema,,59,156,62.17948717948718,97
teadvustama,,591,1563,62.18809980806142,972
ümisema,,152,402,62.189054726368155,250
keerama,kõrvale,31,82,62.19512195121951,51
kärutama,,31,82,62.19512195121951,51
tulema,maha,347,918,62.20043572984749,571
asetuma,,144,381,62.20472440944882,237
kukkuma,kokku,532,1408,62.21590909090909,876
kirjutama,täis,17,45,62.22222222222222,28
ruigama,,17,45,62.22222222222222,28
tulema,koha,34,90,62.22222222222222,56
tõmbama,ümber,17,45,62.22222222222222,28
võtma,ligi,17,45,62.22222222222222,28
kukkuma,läbi,907,2401,62.22407330279051,1494
teatama,ette,88,233,62.231759656652365,145
lükkuma,,358,948,62.236286919831215,590
tulema,kallale,245,649,62.249614791987675,404
pahandama,ära,23,61,62.295081967213115,38
tuksatama,,23,61,62.295081967213115,38
meeldima,,24445,64834,62.296017521670734,40389
vorpima,,49,130,62.30769230769231,81
käivituma,,1719,4561,62.31089673317255,2842
varieeruma,,358,950,62.31578947368421,592
kolksuma,,26,69,62.31884057971014,43
klikkama,,58,154,62.33766233766234,96
koppima,,29,77,62.33766233766234,48
tahtma,tagasi,340,903,62.347729789590254,563
krõbisema,,32,85,62.35294117647059,53
tiirutama,,268,712,62.35955056179775,444
sügelema,,146,388,62.371134020618555,242
võitma,ära,73,194,62.371134020618555,121
installima,ära,38,101,62.37623762376238,63
pigistama,,363,965,62.383419689119165,602
tervenema,,123,327,62.38532110091744,204
jääma,alles,1564,4158,62.38576238576239,2594
minema,sisse,457,1216,62.41776315789473,759
küsima,tagasi,62,165,62.42424242424243,103
kõigutama,,384,1022,62.426614481409004,638
targutama,,133,354,62.42937853107344,221
kemplema,,68,181,62.430939226519335,113
laskma,mööda,157,418,62.44019138755981,261
rääkima,vastu,107,285,62.4561403508772,178
kannatama,,5366,14294,62.45977333146775,8928
tüütama,,241,642,62.46105919003115,401
võimendama,,426,1135,62.46696035242291,709
omastama,,176,469,62.47334754797441,293
paeluma,,362,965,62.487046632124354,603
ajama,lõhki,9,24,62.5,15
andma,lähedal,3,8,62.5,5
annuleerima,,3,8,62.5,5
annuma,välja,3,8,62.5,5
arranzheerima,,6,16,62.5,10
arvama,alla,3,8,62.5,5
arvama,kaasa,3,8,62.5,5
asendama,ära,3,8,62.5,5
astuma,ees,6,16,62.5,10
asuma,all,6,16,62.5,10
avaldama,lahti,3,8,62.5,5
broneerima,ette,3,8,62.5,5
chattima,,3,8,62.5,5
debiteerima,,3,8,62.5,5
dissima,,6,16,62.5,10
dosima,,3,8,62.5,5
eestistama,,9,24,62.5,15
ehitama,üle,3,8,62.5,5
eiolema,,3,8,62.5,5
elama,tagasi,3,8,62.5,5
esitama,edasi,3,8,62.5,5
feilima,,6,16,62.5,10
formaatima,,3,8,62.5,5
hakkama,ringi,6,16,62.5,10
hekseldama,,9,24,62.5,15
hindama,välja,3,8,62.5,5
hoidma,alla,3,8,62.5,5
hoovama,sisse,3,8,62.5,5
hukkuma,alla,3,8,62.5,5
hulkuma,ümber,3,8,62.5,5
huvitama,peale,3,8,62.5,5
hüppama,kaasa,3,8,62.5,5
hüppama,kokku,3,8,62.5,5
hüppama,vahele,3,8,62.5,5
identifitseeruma,,6,16,62.5,10
istuma,ringi,3,8,62.5,5
jaguma,kokku,3,8,62.5,5
jalutama,ära,9,24,62.5,15
judisema,,3,8,62.5,5
järgnema,üle,3,8,62.5,5
jõudma,"üles, välja",3,8,62.5,5
kaitsema,vastu,3,8,62.5,5
kappama,tagasi,3,8,62.5,5
kargama,juurde,3,8,62.5,5
katima,,3,8,62.5,5
kehtima,alla,3,8,62.5,5
kekutama,,24,64,62.5,40
kiilama,,12,32,62.5,20
kiskuma,kokku,6,16,62.5,10
kiuksuma,,3,8,62.5,5
kolistama,,105,280,62.5,175
komberdama,tagasi,3,8,62.5,5
kooserdama,,15,40,62.5,25
kopeeruma,,3,8,62.5,5
korkima,kinni,3,8,62.5,5
kribima,,36,96,62.5,60
kulgema,edasi,51,136,62.5,85
kummitama,edasi,3,8,62.5,5
kummutama,alla,3,8,62.5,5
kutsuma,eemale,3,8,62.5,5
kutsuma,valmis,3,8,62.5,5
kuuleme-nägema,,3,8,62.5,5
käima,"pealt, ära",3,8,62.5,5
kääksutama,,9,24,62.5,15
kõhisema,,3,8,62.5,5
küsima,ette,6,16,62.5,10
küsima,tarvis,3,8,62.5,5
küündima,välja,3,8,62.5,5
laguma,,3,8,62.5,5
lahkuma,koos,6,16,62.5,10
laotama,ette,3,8,62.5,5
laotama,peale,3,8,62.5,5
leiduma,välja,6,16,62.5,10
lendama,tagasi,108,288,62.5,180
lisama,ette,3,8,62.5,5
lisandama,,9,24,62.5,15
liuguma,,3,8,62.5,5
lohistama,välja,9,24,62.5,15
looma,täis,6,16,62.5,10
läänuma,,3,8,62.5,5
lõbutsema,,138,368,62.5,230
lõppema,välja,3,8,62.5,5
manifesteeruma,,9,24,62.5,15
marssima,ära,3,8,62.5,5
matsatama,,3,8,62.5,5
meelitama,koha,3,8,62.5,5
migreeruma,,6,16,62.5,10
murdma,edasi,6,16,62.5,10
murdma,esile,3,8,62.5,5
murdma,ette,3,8,62.5,5
muutuma,välja,6,16,62.5,10
muutuma,ära,6,16,62.5,10
muutuma,ümber,3,8,62.5,5
myygima,,3,8,62.5,5
määratlema,ringi,3,8,62.5,5
mõtlema,maha,3,8,62.5,5
mõurama,,3,8,62.5,5
möjutama,,3,8,62.5,5
mühama,,9,24,62.5,15
müürima,sisse,3,8,62.5,5
nookama,,6,16,62.5,10
nuiama,välja,3,8,62.5,5
nussima,ära,3,8,62.5,5
nägema,ümber,3,8,62.5,5
näima,ilma,3,8,62.5,5
nänuma,,3,8,62.5,5
oelduma,,3,8,62.5,5
olema,alt,3,8,62.5,5
olema,pealt,3,8,62.5,5
olema,"sisse, vaja",3,8,62.5,5
olema,"tarvis, vaja",3,8,62.5,5
oskama,välja,6,16,62.5,10
osutuma,kokku,3,8,62.5,5
pakkuma,all,3,8,62.5,5
pakutama,üle,3,8,62.5,5
pasandama,täis,3,8,62.5,5
peatuma,edasi,3,8,62.5,5
peatuma,lähedal,3,8,62.5,5
peenenduma,,3,8,62.5,5
piitsutama,tagant,15,40,62.5,25
planeerima,ära,3,8,62.5,5
pohinema,,3,8,62.5,5
pookima,juurde,3,8,62.5,5
pooma,kinni,3,8,62.5,5
pressima,kokku,9,24,62.5,15
pritsima,vastu,3,8,62.5,5
pruukima,nõus,12,32,62.5,20
pugema,alla,3,8,62.5,5
pushshima,,3,8,62.5,5
puudutama,alla,3,8,62.5,5
päris-pärima,,3,8,62.5,5
pääsema,juurde,42,112,62.5,70
põgenema,eest,3,8,62.5,5
põrgatama,,33,88,62.5,55
põrutama,"tagant, sisse",3,8,62.5,5
pöörama,sisse,12,32,62.5,20
pühkima,mööda,3,8,62.5,5
rabama,maha,6,16,62.5,10
rammestama,,3,8,62.5,5
rebestama,ära,3,8,62.5,5
rippuma,küljes,3,8,62.5,5
ruttama,järele,6,16,62.5,10
rääkima,peale,6,16,62.5,10
rühkima,üles,21,56,62.5,35
saabuma,üle,3,8,62.5,5
saama,sees,6,16,62.5,10
saama,tasa,6,16,62.5,10
saama,vast,6,16,62.5,10
sadama,välja,3,8,62.5,5
saduldama,,3,8,62.5,5
seadma,esile,3,8,62.5,5
seisma,keskel,3,8,62.5,5
seisma,kõrval,12,32,62.5,20
selguma,kokku,3,8,62.5,5
siduma,ühte,6,16,62.5,10
signeerima,,24,64,62.5,40
sikutama,lahti,6,16,62.5,10
silkama,ringi,6,16,62.5,10
sitkuma,,3,8,62.5,5
smugeldama,sisse,3,8,62.5,5
soiguma,,48,128,62.5,80
solvuma,ära,18,48,62.5,30
sooritama,alla,3,8,62.5,5
sooritama,üle,3,8,62.5,5
soovima,ette,3,8,62.5,5
soovitama,sisse,3,8,62.5,5
sosistama,edasi,3,8,62.5,5
sotsialiseeruma,,6,16,62.5,10
sulanduma,kokku,6,16,62.5,10
suurendama,kokku,6,16,62.5,10
suutma,läbi,6,16,62.5,10
syttima,,3,8,62.5,5
sõitma,järel,3,8,62.5,5
sõnastuma,,6,16,62.5,10
sööma,juurde,3,8,62.5,5
süüdistama,läbi,3,8,62.5,5
taasleidma,,9,24,62.5,15
tabama,tagasi,3,8,62.5,5
tagastuma,,9,24,62.5,15
taguma,läbi,3,8,62.5,5
tajuma,ette,3,8,62.5,5
tatsama,välja,3,8,62.5,5
tegema,eemale,3,8,62.5,5
tiražeerima,,6,16,62.5,10
tooma,alt,3,8,62.5,5
toppima,alla,3,8,62.5,5
torkama,ette,6,16,62.5,10
tormama,otsa,9,24,62.5,15
trügima,tagasi,3,8,62.5,5
tsentraliseerima,,6,16,62.5,10
tsentraliseeruma,,3,8,62.5,5
tsillima,,6,16,62.5,10
tugevnema,edasi,3,8,62.5,5
tuiskama,üles,3,8,62.5,5
tulema,vast,3,8,62.5,5
tulema,"ära, tagasi",6,16,62.5,10
tunduma,ära,3,8,62.5,5
tupruma,,3,8,62.5,5
tusanema,,3,8,62.5,5
tähistama,ära,3,8,62.5,5
tõmbuma,sisse,3,8,62.5,5
tõstma,eemale,6,16,62.5,10
tõukama,sisse,3,8,62.5,5
tõusma,vastu,3,8,62.5,5
ujuma,sees,3,8,62.5,5
ummistuma,ära,3,8,62.5,5
valima,üle,3,8,62.5,5
varastama,edasi,3,8,62.5,5
veendnuma,,6,16,62.5,10
venitama,lahti,3,8,62.5,5
vilama,ringi,3,8,62.5,5
virutama,vastu,21,56,62.5,35
vohmima,,9,24,62.5,15
volksama,,9,24,62.5,15
vupsama,,21,56,62.5,35
välgahtama,,3,8,62.5,5
väärima,välja,3,8,62.5,5
võrgustuma,,6,16,62.5,10
võtma,"ära, kaasa",3,8,62.5,5
võõritama,,3,8,62.5,5
vöttima,kinni,3,8,62.5,5
wiitzima,,3,8,62.5,5
ärkama,peale,3,8,62.5,5
õiendama,edasi,3,8,62.5,5
õnnestuma,üle,3,8,62.5,5
õppima,sisse,3,8,62.5,5
ümisema,kaasa,18,48,62.5,30
sadama,maha,185,494,62.55060728744939,309
tapma,ära,313,836,62.55980861244019,523
liialdama,,247,660,62.57575757575757,413
laostama,,55,147,62.585034013605444,92
tõusma,,19385,51828,62.597437678474954,32443
jamama,,454,1214,62.60296540362438,760
jagelema,,43,115,62.60869565217392,72
tõmbama,kinni,126,337,62.61127596439169,211
kumama,läbi,209,559,62.61180679785331,350
kobima,,99,265,62.64150943396226,166
marssima,sisse,65,174,62.643678160919535,109
tümitama,,65,174,62.643678160919535,109
rändama,tagasi,31,83,62.65060240963856,52
ülbama,,62,166,62.65060240963856,104
pugema,läbi,25,67,62.68656716417911,42
raskenema,,25,67,62.68656716417911,42
võõrutama,,25,67,62.68656716417911,42
nussima,,97,260,62.69230769230769,163
aeglustuma,,410,1099,62.6933575978162,689
sebima,,427,1145,62.70742358078603,718
kriipsutama,maha,22,59,62.71186440677966,37
minema,täis,110,295,62.71186440677966,185
soojendama,üles,44,118,62.71186440677966,74
ütlema,lahti,195,523,62.7151051625239,328
nullima,ära,41,110,62.727272727272734,69
printima,,41,110,62.727272727272734,69
alustama,vastu,19,51,62.745098039215684,32
kihelema,,19,51,62.745098039215684,32
skaneerima,,19,51,62.745098039215684,32
riivama,,775,2081,62.75828928399808,1306
vajuma,kokku,232,623,62.76083467094703,391
köhima,,178,478,62.76150627615063,300
imema,välja,35,94,62.76595744680851,59
võtma,üles,551,1480,62.77027027027027,929
saama,tagasi,2044,5491,62.77545073757057,3447
rappuma,,67,180,62.77777777777778,113
istuma,taga,32,86,62.7906976744186,54
jooma,maha,64,172,62.7906976744186,108
kakkuma,,32,86,62.7906976744186,54
peksma,läbi,157,422,62.796208530805686,265
tulema,järele,494,1328,62.80120481927711,834
uhama,,61,164,62.80487804878049,103
kössitama,,45,121,62.8099173553719,76
kustuma,,880,2367,62.822137727080694,1487
uinuma,,253,681,62.84875183553598,428
esinema,alla,13,35,62.857142857142854,22
jätma,kohale,13,35,62.857142857142854,22
kergenema,,13,35,62.857142857142854,22
kõdunema,,52,140,62.857142857142854,88
nõmetsema,,13,35,62.857142857142854,22
pöörama,välja,13,35,62.857142857142854,22
tulema,koht,13,35,62.857142857142854,22
tulema,pärast,13,35,62.857142857142854,22
turritama,,26,70,62.857142857142854,44
tasakaalustuma,,49,132,62.878787878787875,83
kanduma,,755,2034,62.88102261553588,1279
kontakteeruma,,95,256,62.890625,161
pidama,ülal,59,159,62.893081761006286,100
sinatama,,23,62,62.903225806451616,39
sörkima,,92,248,62.903225806451616,156
õilmitsema,,69,186,62.903225806451616,117
kupatama,,56,151,62.913907284768214,95
mängima,,24019,64766,62.91418336781645,40747
avardama,,251,677,62.924667651403254,426
jääma,,112341,303012,62.92523068393331,190671
pingestama,,152,410,62.926829268292686,258
pidurdama,,933,2518,62.94678316123908,1585
tulema,kohale,779,2103,62.95767950546838,1324
edvistama,,30,81,62.96296296296296,51
hargnema,edasi,10,27,62.96296296296296,17
iitsatama,,20,54,62.96296296296296,34
jääma,kohale,50,135,62.96296296296296,85
olema,järele,10,27,62.96296296296296,17
olema,"vaja, valmis",10,27,62.96296296296296,17
piirama,ringi,10,27,62.96296296296296,17
ristlema,,10,27,62.96296296296296,17
susima,,10,27,62.96296296296296,17
uputama,üle,10,27,62.96296296296296,17
vajama,kõrvale,10,27,62.96296296296296,17
väänutama,,10,27,62.96296296296296,17
sulama,,949,2563,62.97307842372219,1614
pigistama,kinni,154,416,62.980769230769226,262
vedama,,4895,13225,62.986767485822305,8330
seostuma,,1140,3080,62.98701298701299,1940
olema,tarvis,3803,10277,62.99503746229445,6474
lonkima,,111,300,63,189
vahetuma,,846,2287,63.0083078268474,1441
hajuma,,419,1133,63.01853486319505,714
võtma,ette,2316,6266,63.03862112990743,3950
andma,peale,34,92,63.04347826086957,58
killustama,,34,92,63.04347826086957,58
nägema,ees,17,46,63.04347826086957,29
vetruma,,17,46,63.04347826086957,29
ytsima,,34,92,63.04347826086957,58
langema,kokku,926,2506,63.04868316041501,1580
irisema,,58,157,63.05732484076433,99
paotama,,99,268,63.059701492537314,169
kõnetama,,171,463,63.06695464362851,292
formeeruma,,72,195,63.07692307692307,123
toksima,sisse,24,65,63.07692307692307,41
valima,ära,24,65,63.07692307692307,41
varisema,maha,24,65,63.07692307692307,41
istuma,kinni,196,531,63.088512241054616,335
minema,kallale,179,485,63.092783505154635,306
olema,katki,31,84,63.095238095238095,53
rändama,läbi,31,84,63.095238095238095,53
potsatama,,121,328,63.109756097560975,207
kolama,,90,244,63.114754098360656,154
ärplema,,45,122,63.114754098360656,77
parandama,ära,156,423,63.12056737588653,267
läikima,,202,548,63.138686131386855,346
selginema,,136,369,63.143631436314365,233
degradeeruma,,14,38,63.1578947368421,24
ehtima,ära,7,19,63.1578947368421,12
hüplema,ringi,7,19,63.1578947368421,12
keerama,taha,14,38,63.1578947368421,24
keerlema,ringi,7,19,63.1578947368421,12
konfima,,7,19,63.1578947368421,12
korrespondeeruma,,7,19,63.1578947368421,12
kuulma,vaja,7,19,63.1578947368421,12
käratama,peale,7,19,63.1578947368421,12
kärssama,läbi,14,38,63.1578947368421,24
kügelema,,14,38,63.1578947368421,24
küündima,ligi,7,19,63.1578947368421,12
laenama,sisse,7,19,63.1578947368421,12
lajatama,vastu,7,19,63.1578947368421,12
langema,põlvili,7,19,63.1578947368421,12
laskma,juurde,7,19,63.1578947368421,12
mahenema,,14,38,63.1578947368421,24
mürama,,56,152,63.1578947368421,96
panema,asemele,7,19,63.1578947368421,12
panema,"kokku, tagasi",7,19,63.1578947368421,12
pidama,kaasa,7,19,63.1578947368421,12
pistma,alla,7,19,63.1578947368421,12
positsioneerima,,28,76,63.1578947368421,48
privatiseerima,,7,19,63.1578947368421,12
pääsema,kohale,7,19,63.1578947368421,12
sorteerima,ära,7,19,63.1578947368421,12
särama,vastu,21,57,63.1578947368421,36
sööstma,kohale,7,19,63.1578947368421,12
taguma,puruks,7,19,63.1578947368421,12
tegema,"ette, ära",7,19,63.1578947368421,12
trükkima,ümber,7,19,63.1578947368421,12
tõmbama,järele,7,19,63.1578947368421,12
tõstma,sisse,7,19,63.1578947368421,12
vidistama,,7,19,63.1578947368421,12
vänderdama,,21,57,63.1578947368421,36
öppima,,7,19,63.1578947368421,12
rääkima,ära,397,1078,63.172541743970314,681
seisma,,16825,45701,63.18461302816131,28876
huugama,,60,163,63.190184049079754,103
põlema,ära,212,576,63.19444444444444,364
laveerima,,32,87,63.2183908045977,55
kitsendama,,111,302,63.24503311258278,191
mängima,kokku,111,302,63.24503311258278,191
vibutama,,86,234,63.24786324786324,148
heietama,,122,332,63.25301204819277,210
köhatama,,79,215,63.25581395348837,136
keerama,välja,54,147,63.26530612244898,93
kukkuma,kinni,36,98,63.26530612244898,62
leidma,otsa,36,98,63.26530612244898,62
lükkima,,18,49,63.26530612244898,31
masendama,,112,305,63.278688524590166,193
teravdama,,112,305,63.278688524590166,193
laskma,üle,76,207,63.28502415458937,131
lõppema,otsa,192,523,63.28871892925431,331
sähvama,,29,79,63.29113924050633,50
jõudma,ette,298,812,63.30049261083743,514
taluma,,1220,3325,63.30827067669173,2105
vajuma,läbi,51,139,63.30935251798561,88
väsima,,2617,7135,63.32165381920112,4518
jääma,võlg,223,608,63.32236842105263,385
alanduma,,11,30,63.33333333333333,19
hämarduma,,33,90,63.33333333333333,57
jalutama,tagasi,11,30,63.33333333333333,19
nägema,koos,11,30,63.33333333333333,19
panema,pealt,22,60,63.33333333333333,38
põletama,läbi,22,60,63.33333333333333,38
rapsama,,22,60,63.33333333333333,38
taplema,,22,60,63.33333333333333,38
tirima,alla,11,30,63.33333333333333,19
tirima,üles,11,30,63.33333333333333,19
voltima,kokku,11,30,63.33333333333333,19
võtma,vahele,33,90,63.33333333333333,57
sehkendama,,48,131,63.358778625954194,83
põrkuma,,425,1160,63.36206896551724,735
sulama,üles,52,142,63.38028169014085,90
võitlema,vastu,26,71,63.38028169014085,45
sööma,,6903,18855,63.389021479713605,11952
kiirenema,,350,956,63.38912133891213,606
küsima,edasi,41,112,63.39285714285714,71
köitma,,914,2497,63.39607529034842,1583
kajastuma,,1188,3247,63.41238065906991,2059
kõlksuma,,15,41,63.41463414634146,26
sõitma,läbi,441,1206,63.43283582089553,765
aitama,kaasa,3008,8226,63.43301726233892,5218
võbelema,,34,93,63.44086021505376,59
pobisema,,121,331,63.44410876132931,210
viskama,mööda,125,342,63.450292397660824,217
kutsuma,sisse,38,104,63.46153846153846,66
muutma,tagasi,19,52,63.46153846153846,33
rohetama,,19,52,63.46153846153846,33
trumpama,üle,57,156,63.46153846153846,99
lendama,,5911,16178,63.4627271603412,10267
tooma,sisse,1002,2743,63.47065257017863,1741
kahandama,,667,1826,63.472070098576125,1159
saama,vastu,496,1358,63.47569955817378,862
joonistuma,,42,115,63.47826086956522,73
valutama,,1162,3182,63.48208673790069,2020
talitlema,,23,63,63.49206349206349,40
yritama,,119,326,63.49693251533742,207
nöökima,,50,137,63.503649635036496,87
jooksma,ära,239,655,63.51145038167939,416
balansseerima,,81,222,63.51351351351351,141
hakkama,kokku,27,74,63.51351351351351,47
murduma,ära,27,74,63.51351351351351,47
tahtma,edasi,27,74,63.51351351351351,47
torkima,,243,666,63.51351351351351,423
jooma,,5398,14798,63.522097580754156,9400
manustama,,89,244,63.52459016393443,155
lahterdama,,35,96,63.541666666666664,61
rabelema,välja,70,192,63.541666666666664,122
värvima,üle,35,96,63.541666666666664,61
näitlema,,109,299,63.54515050167224,190
peatuma,,3169,8693,63.5453813413091,5524
vajuma,laiali,39,107,63.55140186915887,68
piiskama,,223,612,63.56209150326797,389
triivima,,134,368,63.58695652173913,234
tegema,valmis,438,1203,63.591022443890274,765
pöörlema,,229,629,63.59300476947536,400
nutsima,,107,294,63.60544217687075,187
kaduma,,15573,42805,63.6187361289569,27232
jääma,välja,1479,4067,63.634128350135235,2588
ajama,üles,184,506,63.63636363636363,322
andma,vaja,12,33,63.63636363636363,21
arhiveerima,,12,33,63.63636363636363,21
astuma,otsa,8,22,63.63636363636363,14
duubeldama,,4,11,63.63636363636363,7
eksponeeruma,,4,11,63.63636363636363,7
gastroleerima,,16,44,63.63636363636363,28
hakkama,taga,4,11,63.63636363636363,7
hängima,,48,132,63.63636363636363,84
hõngama,,4,11,63.63636363636363,7
inima,,8,22,63.63636363636363,14
internetiseeruma,,4,11,63.63636363636363,7
itlema,,4,11,63.63636363636363,7
jonnima,,76,209,63.63636363636363,133
joonistama,peale,4,11,63.63636363636363,7
joonistama,ära,4,11,63.63636363636363,7
jätkuma,välja,12,33,63.63636363636363,21
kallutama,välja,4,11,63.63636363636363,7
kandma,täis,4,11,63.63636363636363,7
kaotama,alla,4,11,63.63636363636363,7
kaotama,üle,16,44,63.63636363636363,28
kargama,alla,4,11,63.63636363636363,7
kastma,üle,12,33,63.63636363636363,21
kaubastama,,4,11,63.63636363636363,7
kihutama,"tagant, sisse",4,11,63.63636363636363,7
kirjutama,läbi,16,44,63.63636363636363,28
kirjutama,tagasi,24,66,63.63636363636363,42
kolima,alla,4,11,63.63636363636363,7
korraldama,ringi,4,11,63.63636363636363,7
kristima,,4,11,63.63636363636363,7
krooksuma,,20,55,63.63636363636363,35
kucuma,,20,55,63.63636363636363,35
kusema,peale,4,11,63.63636363636363,7
laaberdama,ringi,4,11,63.63636363636363,7
laekuma,üle,12,33,63.63636363636363,21
lansseerima,,12,33,63.63636363636363,21
laskma,pihta,4,11,63.63636363636363,7
leidma,tarvis,4,11,63.63636363636363,7
lendama,alt,4,11,63.63636363636363,7
levitama,edasi,8,22,63.63636363636363,14
libisema,eemale,4,11,63.63636363636363,7
libisema,tagasi,8,22,63.63636363636363,14
liigahtama,,28,77,63.63636363636363,49
liikuma,kõrvale,4,11,63.63636363636363,7
loivama,välja,4,11,63.63636363636363,7
loomastuma,,16,44,63.63636363636363,28
lootma,edasi,8,22,63.63636363636363,14
lükkama,taha,4,11,63.63636363636363,7
maalima,peale,4,11,63.63636363636363,7
minema,pidama,4,11,63.63636363636363,7
mõtlema,kokku,4,11,63.63636363636363,7
möllutama,,4,11,63.63636363636363,7
nautlema,,8,22,63.63636363636363,14
nägema,alles,4,11,63.63636363636363,7
närima,läbi,40,110,63.63636363636363,70
nõutama,välja,4,11,63.63636363636363,7
nörritama,,4,11,63.63636363636363,7
nüsima,maha,4,11,63.63636363636363,7
olema,pea,4,11,63.63636363636363,7
orbuma,,4,11,63.63636363636363,7
originaalitsema,,4,11,63.63636363636363,7
paiskuma,ette,4,11,63.63636363636363,7
pigistama,puruks,4,11,63.63636363636363,7
piibutama,,4,11,63.63636363636363,7
piiksatama,,12,33,63.63636363636363,21
pinnima,välja,8,22,63.63636363636363,14
progresseeruma,,24,66,63.63636363636363,42
pruukima,rahul,4,11,63.63636363636363,7
purema,läbi,4,11,63.63636363636363,7
pyxima,,4,11,63.63636363636363,7
rabisema,,8,22,63.63636363636363,14
rebima,tagasi,4,11,63.63636363636363,7
registreerima,sisse,4,11,63.63636363636363,7
roopima,,4,11,63.63636363636363,7
rõkatama,,24,66,63.63636363636363,42
seisma,täis,4,11,63.63636363636363,7
sinama,,20,55,63.63636363636363,35
soimama,,4,11,63.63636363636363,7
soitima,,4,11,63.63636363636363,7
soovima,kaasa,4,11,63.63636363636363,7
soputama,,8,22,63.63636363636363,14
suruma,pealt,8,22,63.63636363636363,14
suskima,,8,22,63.63636363636363,14
sõitma,ilma,12,33,63.63636363636363,21
taaskehastuma,,4,11,63.63636363636363,7
tahtsima,,4,11,63.63636363636363,7
tantsima,välja,4,11,63.63636363636363,7
teadma,sisse,4,11,63.63636363636363,7
tegema,valla,4,11,63.63636363636363,7
toimuma,ees,4,11,63.63636363636363,7
trügima,kõrvale,4,11,63.63636363636363,7
tulistama,edasi,4,11,63.63636363636363,7
tähendama,eemale,4,11,63.63636363636363,7
tähendama,vastu,4,11,63.63636363636363,7
täägima,,4,11,63.63636363636363,7
tõmbama,alt,20,55,63.63636363636363,35
tümpsuma,,16,44,63.63636363636363,28
udima,,4,11,63.63636363636363,7
ulatuma,läbi,4,11,63.63636363636363,7
umbama,,4,11,63.63636363636363,7
vastutama,eest,4,11,63.63636363636363,7
viitsima,ära,4,11,63.63636363636363,7
vingatama,,4,11,63.63636363636363,7
vingerdama,kõrvale,4,11,63.63636363636363,7
virelema,edasi,4,11,63.63636363636363,7
virtuaalima,,4,11,63.63636363636363,7
visualiseeruma,,4,11,63.63636363636363,7
volksatama,,4,11,63.63636363636363,7
välgatama,läbi,4,11,63.63636363636363,7
võnklema,,4,11,63.63636363636363,7
võtma,tagant,4,11,63.63636363636363,7
võttama,,12,33,63.63636363636363,21
yksima,,4,11,63.63636363636363,7
jooksma,,7168,19718,63.64742874530885,12550
lülitama,,277,762,63.6482939632546,485
doteerima,,157,432,63.657407407407405,275
märkama,,6124,16856,63.6687233032748,10732
üllatama,,2891,7960,63.68090452261307,5069
tõmbama,,6111,16828,63.6855241264559,10717
kipitama,,61,168,63.69047619047619,107
siblima,,57,157,63.69426751592356,100
katsetama,,894,2463,63.702801461632156,1569
hägustama,,49,135,63.70370370370371,86
vaatama,üle,854,2353,63.705907352316196,1499
peegeldama,,1328,3659,63.70593058212627,2331
hüppama,ette,45,124,63.70967741935484,79
tuuseldama,,45,124,63.70967741935484,79
rahunema,,525,1447,63.718037318590184,922
panema,külge,78,215,63.72093023255814,137
näitama,ära,226,623,63.7239165329053,397
kombineeruma,,37,102,63.725490196078425,65
mürisema,,99,273,63.73626373626373,174
kulutama,,3456,9531,63.73937677053825,6075
hoidma,kokku,740,2041,63.743263106320434,1301
tirima,,455,1255,63.745019920318725,800
haavuma,,25,69,63.76811594202898,44
korraldama,ümber,50,138,63.76811594202898,88
kostma,vastu,25,69,63.76811594202898,44
lantima,,25,69,63.76811594202898,44
lükkama,kinni,25,69,63.76811594202898,44
saama,kokku,3109,8588,63.798323241732646,5479
ergama,,38,105,63.8095238095238,67
hanguma,,85,235,63.829787234042556,150
klõpsutama,,51,141,63.829787234042556,90
kuhjama,kokku,17,47,63.829787234042556,30
tapma,maha,34,94,63.829787234042556,60
tõmbama,puruks,17,47,63.829787234042556,30
tatsama,,81,224,63.83928571428571,143
krabistama,,30,83,63.85542168674698,53
halvendama,,383,1060,63.86792452830189,677
pesitsema,,478,1323,63.86999244142101,845
hargnema,lahti,13,36,63.888888888888886,23
jooksma,kaasa,26,72,63.888888888888886,46
kõõksuma,,13,36,63.888888888888886,23
nokkima,välja,13,36,63.888888888888886,23
tirima,tagasi,13,36,63.888888888888886,23
tõmbama,vahele,13,36,63.888888888888886,23
luiskama,,113,313,63.897763578274756,200
teisenema,,153,424,63.91509433962265,271
jooksma,alla,70,194,63.91752577319587,124
läigatama,,35,97,63.91752577319587,62
sõitma,ära,364,1009,63.924677898909806,645
jõudma,tagasi,930,2578,63.92552366175329,1648
vegeteerima,,22,61,63.934426229508205,39
sõitma,ringi,591,1639,63.94142769981697,1048
minema,laiali,322,893,63.941769316909294,571
ostma,kaasa,53,147,63.94557823129252,94
lendama,alla,31,86,63.95348837209303,55
kõikuma,,1201,3332,63.95558223289316,2131
pudenema,laiali,49,136,63.970588235294116,87
mõtlema,välja,1442,4003,63.9770172370722,2561
vajuma,sisse,76,211,63.98104265402843,135
painutama,,85,236,63.983050847457626,151
astuma,edasi,215,597,63.98659966499163,382
avastama,tagasi,9,25,64,16
häkkima,sisse,9,25,64,16
kiikama,sisse,9,25,64,16
koketeerima,,9,25,64,16
kooberdama,,9,25,64,16
kõpsutama,,9,25,64,16
looma,ära,45,125,64,80
mugandama,,18,50,64,32
näeb-kuulma,,9,25,64,16
plagistama,,9,25,64,16
pääsema,alles,9,25,64,16
sponsima,,9,25,64,16
tõrkuma,vastu,9,25,64,16
viksima,maha,9,25,64,16
viivitama,,267,742,64.01617250673854,475
saama,juurde,891,2477,64.02906742026644,1586
koogutama,,41,114,64.03508771929825,73
lällama,,41,114,64.03508771929825,73
sööma,täis,82,228,64.03508771929825,146
ignoreerima,,388,1079,64.04077849860982,691
jäädvustuma,,32,89,64.04494382022472,57
nihelema,,64,178,64.04494382022472,114
mängima,vastu,23,64,64.0625,41
taotlema,juurde,23,64,64.0625,41
uurima,läbi,46,128,64.0625,82
kõndima,,1707,4750,64.06315789473685,3043
kergitama,,850,2366,64.07438715131023,1516
lahenduma,,37,103,64.07766990291263,66
lugema,sisse,37,103,64.07766990291263,66
pöörduma,ära,37,103,64.07766990291263,66
lobisema,välja,51,142,64.08450704225352,91
ajama,sisse,65,181,64.08839779005525,116
jääma,ära,2348,6539,64.09236886374063,4191
ebalema,,28,78,64.1025641025641,50
fikseeruma,,28,78,64.1025641025641,50
igatsema,järele,14,39,64.1025641025641,25
jatkuma,,14,39,64.1025641025641,25
kaaluma,ära,14,39,64.1025641025641,25
kopima,,42,117,64.1025641025641,75
logima,,42,117,64.1025641025641,75
sõitma,laiali,14,39,64.1025641025641,25
tujutsema,,14,39,64.1025641025641,25
vilisema,,28,78,64.1025641025641,50
võtma,"eest, ära",14,39,64.1025641025641,25
mõistatama,,61,170,64.11764705882354,109
lööma,kinni,160,446,64.12556053811659,286
libisema,mööda,33,92,64.13043478260869,59
töötama,,26686,74420,64.14135984950282,47734
istuma,,14529,40527,64.149826041898,25998
aksepteerima,,19,53,64.15094339622641,34
kakerdama,,38,106,64.15094339622641,68
laulma,ära,38,106,64.15094339622641,68
lohutuma,,19,53,64.15094339622641,34
räppima,,95,265,64.15094339622641,170
kirema,,67,187,64.1711229946524,120
töötama,üles,67,187,64.1711229946524,120
ütlema,ette,115,321,64.17445482866043,206
painama,,235,656,64.17682926829268,421
ownima,,24,67,64.17910447761194,43
panema,tagasi,217,606,64.1914191419142,389
laisklema,,29,81,64.19753086419753,52
arutama,,8206,22921,64.19876968718641,14715
umbusaldama,,92,257,64.2023346303502,165
hääletama,sisse,63,176,64.20454545454545,113
kalduma,,1890,5282,64.21809920484665,3392
katma,kinni,93,260,64.23076923076924,167
korrigeerima,,255,713,64.23562412342217,458
hägustuma,,64,179,64.24581005586593,115
säilima,,3403,9525,64.27296587926509,6122
aietama,,5,14,64.28571428571429,9
asuma,kohale,10,28,64.28571428571429,18
filtreeruma,,10,28,64.28571428571429,18
hõõrduma,,15,42,64.28571428571429,27
istuma,täis,5,14,64.28571428571429,9
jooksma,laiali,95,266,64.28571428571429,171
joonistama,ringi,5,14,64.28571428571429,9
jupitama,,5,14,64.28571428571429,9
järjekorratama,,5,14,64.28571428571429,9
kaduma,edasi,5,14,64.28571428571429,9
kaevama,valmis,5,14,64.28571428571429,9
kaisima,,5,14,64.28571428571429,9
kandideerima,kohale,15,42,64.28571428571429,27
kasvatama,välja,5,14,64.28571428571429,9
keerama,sees,10,28,64.28571428571429,18
keerama,vastu,5,14,64.28571428571429,9
kepslema,ringi,5,14,64.28571428571429,9
kiirgama,tagasi,5,14,64.28571428571429,9
kinnitama,kokku,5,14,64.28571428571429,9
kippuma,peale,25,70,64.28571428571429,45
koksama,maha,10,28,64.28571428571429,18
kopsatama,,5,14,64.28571428571429,9
kujunema,edasi,5,14,64.28571428571429,9
kuluma,alla,5,14,64.28571428571429,9
laotuma,laiali,5,14,64.28571428571429,9
laulma,üle,5,14,64.28571428571429,9
leidma,ilma,5,14,64.28571428571429,9
lendama,üle,70,196,64.28571428571429,126
loobuma,tagasi,5,14,64.28571428571429,9
loovutama,kokku,5,14,64.28571428571429,9
lubama,edasi,5,14,64.28571428571429,9
lugema,tagasi,10,28,64.28571428571429,18
lööma,sassi,5,14,64.28571428571429,9
minema,läbi,1025,2870,64.28571428571429,1845
minema,valmis,5,14,64.28571428571429,9
munsterdama,,5,14,64.28571428571429,9
muuvima,,5,14,64.28571428571429,9
mõistma,kinni,5,14,64.28571428571429,9
nagisema,,35,98,64.28571428571429,63
noorendama,,15,42,64.28571428571429,27
rahmima,,10,28,64.28571428571429,18
reprodutseerima,,15,42,64.28571428571429,27
rippuma,kinni,5,14,64.28571428571429,9
rohkenema,,5,14,64.28571428571429,9
saaksima,,5,14,64.28571428571429,9
sattuma,edasi,5,14,64.28571428571429,9
saukima,,5,14,64.28571428571429,9
sorkima,,15,42,64.28571428571429,27
suplema,,105,294,64.28571428571429,189
suruma,eemale,5,14,64.28571428571429,9
sööma,läbi,10,28,64.28571428571429,18
tahcima,,5,14,64.28571428571429,9
talvitama,,5,14,64.28571428571429,9
tampima,,65,182,64.28571428571429,117
tegema,vahele,5,14,64.28571428571429,9
tekkima,järele,5,14,64.28571428571429,9
tikkuma,ligi,25,70,64.28571428571429,45
tootma,ette,5,14,64.28571428571429,9
tuhastuma,,5,14,64.28571428571429,9
tuiskama,läbi,5,14,64.28571428571429,9
tõmbama,edasi,10,28,64.28571428571429,18
tükkima,peale,5,14,64.28571428571429,9
upima,,5,14,64.28571428571429,9
vajutama,kokku,5,14,64.28571428571429,9
valama,maha,20,56,64.28571428571429,36
voimaldama,,5,14,64.28571428571429,9
voorima,kokku,5,14,64.28571428571429,9
vussima,ära,5,14,64.28571428571429,9
väärastama,,5,14,64.28571428571429,9
jääma,maha,2312,6475,64.29343629343629,4163
langema,alla,127,356,64.32584269662921,229
puhastama,ära,51,143,64.33566433566433,92
süvendama,,677,1899,64.34965771458663,1222
lahvatama,,447,1254,64.35406698564593,807
terenduma,,36,101,64.35643564356435,65
tõlkima,ära,36,101,64.35643564356435,65
voolama,sisse,36,101,64.35643564356435,65
laulma,koos,31,87,64.36781609195403,56
panustama,,372,1044,64.36781609195403,672
tsenderdama,,31,87,64.36781609195403,56
tihenema,,274,769,64.36931079323797,495
eksisteerima,edasi,26,73,64.38356164383562,47
sattuma,,14075,39532,64.3959324091875,25457
kumama,,273,767,64.40677966101694,494
sõbrunema,,100,281,64.41281138790036,181
minema,vastu,211,593,64.41821247892075,382
pirtsutama,,37,104,64.42307692307693,67
sirama,,53,149,64.42953020134227,96
vinguma,,266,748,64.43850267379679,482
ilastama,,16,45,64.44444444444444,29
mikuma,,16,45,64.44444444444444,29
nutma,taga,96,270,64.44444444444444,174
pistma,nahka,16,45,64.44444444444444,29
tegema,vaja,32,90,64.44444444444444,58
veenma,ümber,32,90,64.44444444444444,58
viljastuma,,16,45,64.44444444444444,29
õitsema,,674,1896,64.45147679324894,1222
rassima,,198,557,64.4524236983842,359
töötama,vastu,91,256,64.453125,165
peitma,ära,140,394,64.46700507614213,254
ajama,peale,97,273,64.46886446886447,176
programmeerima,,38,107,64.48598130841121,69
ronima,,1674,4714,64.48875689435724,3040
kuulama,üle,212,597,64.4891122278057,385
luurama,,147,414,64.4927536231884,267
tänitama,,49,138,64.4927536231884,89
proovima,,7681,21639,64.50390498636722,13958
0olema,,11,31,64.51612903225806,20
asuma,edasi,11,31,64.51612903225806,20
jooksma,juurde,11,31,64.51612903225806,20
meelitama,üle,11,31,64.51612903225806,20
mäletama,edasi,11,31,64.51612903225806,20
mängima,tagasi,11,31,64.51612903225806,20
sponseerima,,11,31,64.51612903225806,20
sööma,koos,11,31,64.51612903225806,20
toimuma,edasi,44,124,64.51612903225806,80
vajuma,ümber,11,31,64.51612903225806,20
ülbitsema,ära,11,31,64.51612903225806,20
kiristama,,39,110,64.54545454545455,71
nägema,kõrvalt,39,110,64.54545454545455,71
usaldama,,2521,7114,64.56283384874895,4593
ajama,tagasi,73,206,64.56310679611651,133
jääma,kõrvale,832,2348,64.5655877342419,1516
kavaldama,üle,45,127,64.56692913385827,82
silkama,,45,127,64.56692913385827,82
kaaluma,üles,282,796,64.57286432160804,514
riietuma,,322,909,64.57645764576458,587
lööma,maha,368,1039,64.58132820019249,671
manifesteerima,,34,96,64.58333333333334,62
prääksuma,,17,48,64.58333333333334,31
viiekordistuma,,17,48,64.58333333333334,31
võtma,edasi,17,48,64.58333333333334,31
teenima,ära,504,1424,64.60674157303372,920
kargama,ringi,23,65,64.61538461538461,42
sigatsema,,23,65,64.61538461538461,42
nägema,välja,4235,11974,64.6317020210456,7739
mainima,,3138,8875,64.64225352112676,5737
ilmuma,kohale,118,334,64.67065868263472,216
tankima,,124,351,64.67236467236467,227
ehitama,ümber,71,201,64.6766169154229,130
vaatama,sisse,107,303,64.68646864686468,196
ajama,püsti,244,691,64.6888567293777,447
haarama,kinni,406,1150,64.69565217391305,744
asuma,läbi,6,17,64.70588235294117,11
deitima,,6,17,64.70588235294117,11
desinformeerima,,12,34,64.70588235294117,22
elama,laiali,6,17,64.70588235294117,11
fännima,,30,85,64.70588235294117,55
joonima,,6,17,64.70588235294117,11
kandma,tagasi,36,102,64.70588235294117,66
killima,ära,6,17,64.70588235294117,11
krüpteerima,,6,17,64.70588235294117,11
käsitlema,välja,6,17,64.70588235294117,11
lehvima,ringi,6,17,64.70588235294117,11
liikuma,kokku,12,34,64.70588235294117,22
loocima,,6,17,64.70588235294117,11
luiskama,kokku,6,17,64.70588235294117,11
monteerima,maha,6,17,64.70588235294117,11
naasma,tagasi,18,51,64.70588235294117,33
nullistama,,6,17,64.70588235294117,11
olema,all,18,51,64.70588235294117,33
pakutama,välja,6,17,64.70588235294117,11
parkima,täis,6,17,64.70588235294117,11
pidama,täis,6,17,64.70588235294117,11
rootsima,,12,34,64.70588235294117,22
sammuma,läbi,6,17,64.70588235294117,11
segama,valmis,6,17,64.70588235294117,11
sõitma,"eest, ära",12,34,64.70588235294117,22
tormama,peale,6,17,64.70588235294117,11
tulema,ees,12,34,64.70588235294117,22
tõmbama,kokku,138,391,64.70588235294117,253
tõusma,ära,6,17,64.70588235294117,11
valguma,sisse,6,17,64.70588235294117,11
vedama,tagasi,12,34,64.70588235294117,22
vennastuma,,18,51,64.70588235294117,33
viima,mööda,24,68,64.70588235294117,44
võtma,kõrvale,24,68,64.70588235294117,44
äsama,,48,136,64.70588235294117,88
kükitama,,253,717,64.71408647140865,464
lähenema,,1959,5552,64.71541786743515,3593
korrutama,,335,950,64.73684210526316,615
nägema,,45611,129412,64.7552004450901,83801
kokkama,,37,105,64.76190476190476,68
toituma,,364,1033,64.76282671829622,669
upitama,,179,508,64.76377952755905,329
täituma,,1601,4544,64.76672535211267,2943
mängima,ette,68,193,64.76683937823834,125
jätma,vahele,360,1022,64.77495107632095,662
imbuma,läbi,87,247,64.77732793522267,160
minema,ligi,25,71,64.7887323943662,46
vurama,,170,483,64.80331262939958,313
kihutama,tagasi,19,54,64.81481481481481,35
lürpima,,19,54,64.81481481481481,35
valjenema,,19,54,64.81481481481481,35
kirjutama,peale,32,91,64.83516483516483,59
kümblema,,32,91,64.83516483516483,59
nimetama,ümber,32,91,64.83516483516483,59
paistetama,üles,32,91,64.83516483516483,59
sulistama,,32,91,64.83516483516483,59
kohtuma,,10675,30369,64.84902367545853,19694
alahindama,,316,899,64.84983314794216,583
vuhisema,,84,239,64.85355648535564,155
kallutama,,331,942,64.86199575371549,611
ajama,kinni,13,37,64.86486486486487,24
haamerdama,,13,37,64.86486486486487,24
harvendama,,13,37,64.86486486486487,24
kaifima,,78,222,64.86486486486487,144
krudisema,,26,74,64.86486486486487,48
purskuma,välja,13,37,64.86486486486487,24
püüdma,üle,13,37,64.86486486486487,24
surkima,,13,37,64.86486486486487,24
tiagima,,13,37,64.86486486486487,24
tuusama,,13,37,64.86486486486487,24
tõusma,üle,13,37,64.86486486486487,24
vuristama,ette,26,74,64.86486486486487,48
urineerima,,59,168,64.88095238095238,109
norima,,348,991,64.88395560040362,643
ringlema,,389,1108,64.89169675090253,719
tilkuma,,357,1017,64.89675516224189,660
minema,maha,205,584,64.8972602739726,379
laskma,lahti,516,1470,64.89795918367346,954
kukkuma,ümber,73,208,64.90384615384616,135
vedama,ära,73,208,64.90384615384616,135
lühenema,,193,550,64.9090909090909,357
masturbeerima,,20,57,64.91228070175438,37
tõmbama,ära,240,684,64.91228070175438,444
keelama,ära,301,858,64.91841491841492,557
rakenduma,,542,1545,64.91909385113269,1003
tugevnema,,817,2329,64.92056676685273,1512
kuivatama,,228,650,64.92307692307693,422
paisutama,,121,345,64.92753623188405,224
väitlema,,88,251,64.9402390438247,163
tulema,valmis,156,445,64.9438202247191,289
ahvima,,34,97,64.94845360824742,63
suruma,,1847,5271,64.95921077594384,3424
kõmmutama,,89,254,64.96062992125984,165
hoidma,kinni,1214,3465,64.96392496392497,2251
libastuma,,125,357,64.9859943977591,232
sumbuma,,181,517,64.99032882011605,336
astuma,eemale,28,80,65,52
demagoogitsema,,14,40,65,26
hakkama,kaasa,7,20,65,13
hüppama,kõrvale,7,20,65,13
institutsionaliseeruma,,7,20,65,13
jaotuma,ümber,7,20,65,13
jätma,püsti,7,20,65,13
kaotama,ära,287,820,65,533
kargama,maha,7,20,65,13
korjama,kaasa,7,20,65,13
korjama,täis,7,20,65,13
lõikama,alt,7,20,65,13
meelitama,eemale,7,20,65,13
monitoorima,,7,20,65,13
märgama,,14,40,65,26
nuusutama,üle,7,20,65,13
näindkima,,7,20,65,13
nööpima,kinni,7,20,65,13
olema,püsti,7,20,65,13
olema,ringi,14,40,65,26
paigutuma,ümber,7,20,65,13
pantuma,,7,20,65,13
punnitama,välja,7,20,65,13
päärima,,21,60,65,39
raiuma,läbi,14,40,65,26
rühkima,mööda,7,20,65,13
sammuma,tagasi,7,20,65,13
suruma,peale,301,860,65,559
tassima,sisse,7,20,65,13
tegema,sees,7,20,65,13
torkima,läbi,7,20,65,13
tormama,alla,14,40,65,26
trampima,ringi,7,20,65,13
tõusma,lahti,7,20,65,13
töötama,peale,7,20,65,13
varisema,sisse,35,100,65,65
veeretama,ette,7,20,65,13
võitma,koos,7,20,65,13
kvalifitseeruma,,183,523,65.00956022944551,340
panema,kõrvale,113,323,65.01547987616098,210
jälestama,,92,263,65.0190114068441,171
tõmbama,maha,220,629,65.02384737678855,409
elama,,31856,91082,65.0249225972201,59226
komistama,,356,1018,65.0294695481336,662
plaksutama,,257,735,65.03401360544217,478
putitama,,50,143,65.03496503496503,93
tulema,kokku,1691,4837,65.04031424436634,3146
panema,alla,231,661,65.05295007564297,430
kisama,,189,541,65.06469500924214,352
igatsema,taga,80,229,65.06550218340611,149
kannatama,ära,131,375,65.06666666666666,244
minema,kinni,266,762,65.09186351706036,496
kuulma,ära,52,149,65.1006711409396,97
lainetama,,104,298,65.1006711409396,194
võistlema,,2837,8130,65.10455104551045,5293
olema,vaja,35710,102335,65.10480285337373,66625
lendama,ära,82,235,65.1063829787234,153
aimama,järele,15,43,65.11627906976744,28
asuma,laiali,15,43,65.11627906976744,28
jahmerdama,,15,43,65.11627906976744,28
m6elduma,,15,43,65.11627906976744,28
meelitama,ligi,60,172,65.11627906976744,112
mõttlema,,15,43,65.11627906976744,28
organiseeruma,,75,215,65.11627906976744,140
vedama,edasi,45,129,65.11627906976744,84
veerima,,30,86,65.11627906976744,56
tasuma,,11314,32445,65.12867930343658,21131
lõpetama,ära,431,1236,65.1294498381877,805
bluffima,,76,218,65.13761467889908,142
aimuma,,122,350,65.14285714285715,228
lagunema,,1611,4622,65.14495889225444,3011
arendama,edasi,153,439,65.14806378132118,286
võtma,võlgu,23,66,65.15151515151516,43
hoogustuma,,177,508,65.15748031496062,331
kinnistama,,162,465,65.16129032258064,303
tulema,puudu,209,600,65.16666666666666,391
laekuma,tagasi,31,89,65.1685393258427,58
purskama,,234,672,65.17857142857143,438
viitma,,289,830,65.18072289156626,541
külmetama,,260,747,65.19410977242302,487
blokeerima,ära,8,23,65.21739130434783,15
deserteeruma,,8,23,65.21739130434783,15
kukutama,läbi,40,115,65.21739130434783,75
laksutama,,32,92,65.21739130434783,60
lasnuma,,16,46,65.21739130434783,30
lehvitama,järele,8,23,65.21739130434783,15
liiklema,,88,253,65.21739130434783,165
lootma,peale,8,23,65.21739130434783,15
mürgitama,ära,8,23,65.21739130434783,15
napsama,ära,24,69,65.21739130434783,45
protestima,vastu,8,23,65.21739130434783,15
pääsema,plehku,8,23,65.21739130434783,15
pühkima,ära,40,115,65.21739130434783,75
seltsima,,24,69,65.21739130434783,45
surfama,ringi,8,23,65.21739130434783,15
suutma,ilma,8,23,65.21739130434783,15
tegema,järgi,16,46,65.21739130434783,30
tulema,kõrvalt,16,46,65.21739130434783,30
upitama,püsti,8,23,65.21739130434783,15
vaesestama,,8,23,65.21739130434783,15
viksima,,8,23,65.21739130434783,15
astuma,üle,122,351,65.24216524216524,229
jätma,sisse,57,164,65.2439024390244,107
kargama,kallale,41,118,65.2542372881356,77
koolma,,41,118,65.2542372881356,77
tuikuma,,66,190,65.26315789473685,124
hoidma,eemale,348,1002,65.26946107784431,654
nirisema,,58,167,65.26946107784431,109
kumisema,,75,216,65.27777777777779,141
käärima,,100,288,65.27777777777779,188
lõhnama,järele,25,72,65.27777777777779,47
alanema,,520,1498,65.28704939919892,978
pääsema,,15137,43614,65.2932544595772,28477
kasvama,sisse,17,49,65.3061224489796,32
ründama,vastu,17,49,65.3061224489796,32
tibama,,17,49,65.3061224489796,32
voolama,mööda,17,49,65.3061224489796,32
öeldnuma,,17,49,65.3061224489796,32
kasvama,peale,94,271,65.31365313653137,177
peesitama,,60,173,65.3179190751445,113
tõukama,eemale,69,199,65.32663316582915,130
istuma,peale,26,75,65.33333333333333,49
kaduma,eest,26,75,65.33333333333333,49
vahtima,välja,26,75,65.33333333333333,49
mängima,maha,304,877,65.33637400228051,573
väljenduma,,1457,4207,65.36724506774424,2750
h2irima,,9,26,65.38461538461539,17
kujustama,,9,26,65.38461538461539,17
küürima,,54,156,65.38461538461539,102
lamasklema,,9,26,65.38461538461539,17
liigenduma,,9,26,65.38461538461539,17
lubama,valmis,9,26,65.38461538461539,17
projitseeruma,,18,52,65.38461538461539,34
põrkuma,eemale,9,26,65.38461538461539,17
reisima,edasi,9,26,65.38461538461539,17
rääkima,taga,45,130,65.38461538461539,85
röhitsema,,18,52,65.38461538461539,34
sattuma,ringi,9,26,65.38461538461539,17
sirisema,,9,26,65.38461538461539,17
solistama,,9,26,65.38461538461539,17
viskuma,ette,9,26,65.38461538461539,17
kahjustuma,,118,341,65.39589442815249,223
punastama,,210,607,65.40362438220758,397
ennustama,ette,37,107,65.42056074766354,70
ruineerima,,37,107,65.42056074766354,70
lõhestuma,,65,188,65.42553191489363,123
nägema,läbi,130,376,65.42553191489363,246
lahendama,,2393,6922,65.4290667437157,4529
olema,kohale,28,81,65.4320987654321,53
vestlema,,1307,3781,65.43242528431632,2474
hoolima,,1522,4403,65.43265955030661,2881
tõstma,,7220,20888,65.43469934890847,13668
söandama,,945,2734,65.43525969275787,1789
korisema,,47,136,65.44117647058823,89
sebima,ringi,47,136,65.44117647058823,89
jätkama,edasi,19,55,65.45454545454545,36
popsutama,,19,55,65.45454545454545,36
ronima,sisse,67,194,65.4639175257732,127
niitma,,173,501,65.46906187624751,328
piinlema,,154,446,65.47085201793722,292
tungima,läbi,29,84,65.47619047619048,55
viskama,sisse,97,281,65.48042704626334,184
kõverduma,,39,113,65.48672566371681,74
kukkuma,maha,394,1142,65.49912434325745,748
paiskama,,662,1919,65.50286607608129,1257
looma,üle,30,87,65.51724137931035,57
narmendama,,10,29,65.51724137931035,19
pudenema,ära,10,29,65.51724137931035,19
raputama,üles,10,29,65.51724137931035,19
riigistama,,10,29,65.51724137931035,19
trügima,ette,20,58,65.51724137931035,38
uurima,järgi,10,29,65.51724137931035,19
rändama,,878,2547,65.52807224185317,1669
pitsitama,,71,206,65.53398058252428,135
kruvima,üles,61,177,65.5367231638418,116
lendlema,,92,267,65.54307116104869,175
kallinema,,1401,4066,65.54353172651254,2665
kõmatama,,41,119,65.54621848739495,78
samastama,,144,418,65.55023923444976,274
tegema,järele,103,299,65.55183946488295,196
kujundama,ümber,31,90,65.55555555555556,59
liigendama,,31,90,65.55555555555556,59
saatma,mööda,73,212,65.56603773584906,139
lehvima,,451,1310,65.57251908396947,859
hauduma,välja,21,61,65.57377049180327,40
kaasajastama,,21,61,65.57377049180327,40
kuulama,edasi,21,61,65.57377049180327,40
tänama,ette,42,122,65.57377049180327,80
töötama,koos,138,401,65.5860349127182,263
kugistama,,32,93,65.59139784946237,61
ostma,sisse,128,372,65.59139784946237,244
kickima,,43,125,65.60000000000001,82
sõitma,edasi,339,986,65.61866125760649,647
vaevuma,,493,1434,65.62064156206415,941
valdama,,1924,5597,65.62444166517777,3673
aitama,alla,11,32,65.625,21
jampsima,,11,32,65.625,21
jõudma,järgi,11,32,65.625,21
kahenema,,11,32,65.625,21
kitkuma,,44,128,65.625,84
kleepuma,kokku,11,32,65.625,21
õhtustama,,33,96,65.625,63
jahutama,,221,643,65.6298600311042,422
värisema,,809,2354,65.63296516567544,1545
parkima,,417,1214,65.65074135090609,797
panema,peale,442,1287,65.65656565656566,845
suikuma,,46,134,65.67164179104478,88
tõstma,tagasi,23,67,65.67164179104478,44
tõukuma,,23,67,65.67164179104478,44
vitsima,,23,67,65.67164179104478,44
voolama,ära,23,67,65.67164179104478,44
raiskama,,588,1713,65.67425569176882,1125
faksima,,35,102,65.68627450980392,67
vingerdama,,70,204,65.68627450980392,134
krabama,,94,274,65.69343065693431,180
muutuma,,28658,83556,65.7020441380631,54898
võõrduma,,83,242,65.70247933884298,159
ahmima,sisse,12,35,65.71428571428571,23
erutuma,ära,12,35,65.71428571428571,23
esitama,välja,12,35,65.71428571428571,23
jalutama,edasi,24,70,65.71428571428571,46
kelkima,,60,175,65.71428571428571,115
kindlustama,ära,12,35,65.71428571428571,23
kolima,lahku,12,35,65.71428571428571,23
kummuma,,12,35,65.71428571428571,23
lavastuma,,12,35,65.71428571428571,23
lendama,kaasa,12,35,65.71428571428571,23
looma,juurde,48,140,65.71428571428571,92
vigisema,,48,140,65.71428571428571,92
viskama,lahti,12,35,65.71428571428571,23
lendama,läbi,37,108,65.74074074074075,71
müüma,tagasi,37,108,65.74074074074075,71
resideerima,,87,254,65.74803149606299,167
parseldama,maha,25,73,65.75342465753424,48
kopeerima,,254,742,65.76819407008087,488
lebama,,961,2808,65.77635327635328,1847
vaatama,üles,90,263,65.77946768060836,173
rokkima,,220,643,65.78538102643857,423
hakkama,tagasi,26,76,65.78947368421053,50
hoobama,,13,38,65.78947368421053,25
hoorama,,13,38,65.78947368421053,25
paiskama,maha,13,38,65.78947368421053,25
panema,läbi,13,38,65.78947368421053,25
pragisema,,13,38,65.78947368421053,25
pühitsema,sisse,13,38,65.78947368421053,25
suutma,välja,13,38,65.78947368421053,25
võistlema,koos,13,38,65.78947368421053,25
jääma,järele,947,2769,65.79992777175876,1822
võtma,võidu,53,155,65.80645161290323,102
riidlema,,120,351,65.8119658119658,231
pruukima,,6364,18619,65.81986143187068,12255
püüdma,välja,27,79,65.82278481012658,52
virelema,,122,357,65.82633053221288,235
esinema,,13164,38541,65.84416595314082,25377
kõhklema,,432,1265,65.8498023715415,833
heitma,tagasi,14,41,65.85365853658537,27
monopoliseerima,,14,41,65.85365853658537,27
passitama,,14,41,65.85365853658537,27
sulatama,kokku,14,41,65.85365853658537,27
syndima,,14,41,65.85365853658537,27
magama,maha,282,826,65.85956416464892,544
elustuma,,99,290,65.86206896551724,191
laagerduma,,43,126,65.87301587301587,83
saalima,,86,252,65.87301587301587,166
raatsima,,432,1266,65.87677725118483,834
argumenteerima,,58,170,65.88235294117646,112
hiilama,,87,255,65.88235294117646,168
jääma,ilma,2059,6035,65.88235294117646,3976
pigistama,välja,132,387,65.89147286821705,255
sulatama,,162,475,65.89473684210526,313
takerduma,,726,2129,65.89948332550493,1403
hoidma,lahti,134,393,65.9033078880407,259
filtreerima,,30,88,65.9090909090909,58
määgima,,15,44,65.9090909090909,29
nakkama,,45,132,65.9090909090909,87
lõhustuma,,46,135,65.92592592592592,89
mõtlema,tagasi,46,135,65.92592592592592,89
harjuma,,3167,9295,65.92791823561053,6128
pühenduma,,887,2605,65.95009596928982,1718
käima,kokku,270,793,65.95208070617906,523
lahjendama,,48,141,65.95744680851064,93
nihutama,edasi,16,47,65.95744680851064,31
norutama,,16,47,65.95744680851064,31
progema,,32,94,65.95744680851064,62
tinistama,,48,141,65.95744680851064,93
tõmbuma,eemale,65,191,65.96858638743456,126
haakima,,82,241,65.97510373443983,159
unustama,,3873,11386,65.98454242051642,7513
lendama,ringi,67,197,65.98984771573603,130
lösutama,,68,200,66,132
meeldima,ära,17,50,66,33
saabuma,tagasi,170,500,66,330
looma,läbi,35,103,66.01941747572816,68
lükkama,alla,35,103,66.01941747572816,68
jooksma,sisse,54,159,66.0377358490566,105
lendama,üles,18,53,66.0377358490566,35
tudisema,,18,53,66.0377358490566,35
vajutama,alla,18,53,66.0377358490566,35
lindistama,,312,919,66.0500544069641,607
nõrgendama,,166,489,66.05316973415133,323
murdma,ära,37,109,66.05504587155964,72
panema,täis,37,109,66.05504587155964,72
nullima,,224,660,66.06060606060606,436
taguma,kinni,19,56,66.07142857142857,37
tibutama,,57,168,66.07142857142857,111
tõstma,kõrvale,19,56,66.07142857142857,37
võimlema,,95,280,66.07142857142857,185
hirmutama,,592,1745,66.07449856733524,1153
noogutama,,898,2647,66.07480166225916,1749
ratsutama,,154,454,66.07929515418502,300
hoidma,,10065,29673,66.08027499747246,19608
einestama,,78,230,66.08695652173913,152
jõudma,üles,39,115,66.08695652173913,76
tulema,kaasa,663,1955,66.08695652173913,1292
tulema,ilmsiks,59,174,66.0919540229885,115
põruma,,197,581,66.09294320137694,384
narrima,,79,233,66.09442060085837,154
õiendama,,299,882,66.09977324263039,583
jorutama,,20,59,66.10169491525424,39
kiskuma,kaasa,40,118,66.10169491525424,78
pugema,välja,60,177,66.10169491525424,117
hulpima,,102,301,66.11295681063123,199
ytlema,,1133,3345,66.12855007473841,2212
kerima,lahti,21,62,66.12903225806451,41
logistama,,21,62,66.12903225806451,41
sõbrustama,,64,189,66.13756613756614,125
proovima,läbi,43,127,66.14173228346458,84
haigutama,,352,1040,66.15384615384615,688
järama,,44,130,66.15384615384615,86
laostuma,,44,130,66.15384615384615,86
teenima,juurde,22,65,66.15384615384615,43
kalkuleerima,,67,198,66.16161616161617,131
panema,pihta,67,198,66.16161616161617,131
lollitama,,137,405,66.17283950617285,268
hüppama,"alt, ära",23,68,66.17647058823529,45
kebima,,23,68,66.17647058823529,45
laiama,,23,68,66.17647058823529,45
saatma,järele,23,68,66.17647058823529,45
hoiduma,,843,2493,66.18531889290013,1650
jalutama,mööda,48,142,66.19718309859155,94
paterdama,,24,71,66.19718309859155,47
tüssama,,48,142,66.19718309859155,94
kruttima,,97,287,66.2020905923345,190
tungima,sisse,97,287,66.2020905923345,190
sööma,ära,810,2397,66.20775969962453,1587
istuma,maha,272,805,66.2111801242236,533
puristama,,25,74,66.21621621621621,49
sõitma,ees,25,74,66.21621621621621,49
roomama,,176,521,66.21880998080614,345
sibama,,76,225,66.22222222222223,149
hämama,,52,154,66.23376623376623,102
lugema,ära,52,154,66.23376623376623,102
minestama,ära,26,77,66.23376623376623,51
registreerima,ära,26,77,66.23376623376623,51
seiklema,,156,462,66.23376623376623,306
soolama,,26,77,66.23376623376623,51
käratsema,,27,80,66.25,53
lummama,,189,560,66.25,371
mahitama,,28,83,66.26506024096386,55
tüürima,,229,679,66.27393225331369,450
halisema,,29,86,66.27906976744185,57
tsenseerima,,29,86,66.27906976744185,57
minema,vaja,2191,6498,66.28193290243152,4307
rebenema,,179,531,66.29001883239172,352
varieerima,,30,89,66.29213483146067,59
hämmastama,,607,1801,66.29650194336479,1194
vaimustama,,184,546,66.30036630036629,362
istuma,ära,65,193,66.32124352331607,128
ilkuma,,66,196,66.3265306122449,130
niitima,,33,98,66.3265306122449,65
sugema,,33,98,66.3265306122449,65
ronima,üles,105,312,66.34615384615384,207
raseerima,,36,107,66.35514018691589,71
küündima,,1603,4765,66.3588667366212,3162
maksma,ära,529,1573,66.36999364272091,1044
kohisema,,76,226,66.3716814159292,150
ropendama,,423,1258,66.3751987281399,835
pöörama,ringi,79,235,66.38297872340425,156
nikkuma,,119,354,66.38418079096046,235
tihkama,,200,595,66.38655462184873,395
piirduma,,2834,8432,66.3899430740038,5598
tegema,ette,127,378,66.4021164021164,251
olema,vastu,468,1393,66.40344580043073,925
helisema,,724,2155,66.40371229698377,1431
hävitama,ära,43,128,66.40625,85
pääsema,ette,215,640,66.40625,425
taastootma,,44,131,66.41221374045801,87
keerama,üles,45,134,66.4179104477612,89
vannutama,,45,134,66.4179104477612,89
utlema,,46,137,66.42335766423358,91
ööbima,,471,1403,66.42908054169637,932
tekkima,,31190,92909,66.42951705432198,61719
minema,koos,50,149,66.44295302013423,99
rahunema,maha,300,894,66.44295302013423,594
tegelema,,13442,40063,66.44784464468462,26621
integreerima,,52,155,66.45161290322581,103
reformima,,52,155,66.45161290322581,103
paukuma,,157,468,66.45299145299145,311
poetama,,647,1929,66.45930533955418,1282
astuma,vahele,58,173,66.47398843930635,115
kimbutama,,524,1563,66.47472808701215,1039
ägenema,,117,349,66.4756446991404,232
õnnestuma,,15084,44996,66.47702017957153,29912
lükkama,ümber,968,2888,66.4819944598338,1920
räsima,,123,367,66.4850136239782,244
lendama,kohale,63,188,66.48936170212765,125
lugema,,13845,41320,66.49322362052274,27475
rikastuma,,130,388,66.49484536082474,258
jääma,kinni,875,2612,66.50076569678407,1737
tuhisema,,70,209,66.50717703349282,139
rippuma,,1670,4987,66.51293362743132,3317
laskma,sisse,295,881,66.51532349602725,586
väärtustama,,531,1586,66.51954602774275,1055
pugema,,766,2288,66.52097902097903,1522
maanduma,,1343,4012,66.52542372881356,2669
huvituma,,716,2139,66.52641421224872,1423
vaatama,järele,192,574,66.55052264808361,382
täiustama,,99,296,66.55405405405406,197
hüplema,,111,332,66.56626506024097,221
vedama,alt,450,1346,66.56760772659732,896
suubuma,,130,389,66.58097686375322,259
jääma,taha,149,446,66.59192825112108,297
sirvima,,156,467,66.59528907922912,311
sõitma,,20659,61901,66.62574110272855,41242
väänama,,334,1001,66.63336663336663,667
ühtima,,362,1085,66.63594470046083,723
kahtlema,,2841,8522,66.66275522177892,5681
09lugema,,1,3,66.66666666666666,2
09olema,,1,3,66.66666666666666,2
1tegema,,1,3,66.66666666666666,2
6elama,,1,3,66.66666666666666,2
N . liituma,,1,3,66.66666666666666,2
abbima,,1,3,66.66666666666666,2
abielluma,alla,1,3,66.66666666666666,2
abstraheeruma,,2,6,66.66666666666666,4
acima,,1,3,66.66666666666666,2
aerutama,ringi,1,3,66.66666666666666,2
ahendama,,69,207,66.66666666666666,138
ahmima,täis,3,9,66.66666666666666,6
aiatama,,1,3,66.66666666666666,2
aihtuma,,1,3,66.66666666666666,2
ainuvalitsema,,3,9,66.66666666666666,6
aitama,"kaasa, rahule",1,3,66.66666666666666,2
aitama,kinni,1,3,66.66666666666666,2
aitama,lahti,4,12,66.66666666666666,8
ajama,alt,1,3,66.66666666666666,2
ajama,ilma,1,3,66.66666666666666,2
ajama,krussi,1,3,66.66666666666666,2
ajama,otsa,3,9,66.66666666666666,6
ajama,"püsti, tagasi",1,3,66.66666666666666,2
ajama,sassi,11,33,66.66666666666666,22
ajama,"tagant, välja",1,3,66.66666666666666,2
ajama,turri,1,3,66.66666666666666,2
ajama,umbe,2,6,66.66666666666666,4
ajama,võidu,3,9,66.66666666666666,6
akkama,maha,1,3,66.66666666666666,2
akkama,ära,2,6,66.66666666666666,4
aktiveerima,ära,1,3,66.66666666666666,2
ala-arenema,,1,3,66.66666666666666,2
alaväärtustama,,1,3,66.66666666666666,2
algama,alla,2,6,66.66666666666666,4
algama,ilma,1,3,66.66666666666666,2
algama,ringi,2,6,66.66666666666666,4
algoritmima,,1,3,66.66666666666666,2
alguma,,1,3,66.66666666666666,2
allitereeruma,,1,3,66.66666666666666,2
alsutama,,1,3,66.66666666666666,2
alustama,ette,1,3,66.66666666666666,2
alustama,taga,1,3,66.66666666666666,2
alustama,tagasi,19,57,66.66666666666666,38
alustama,vaja,1,3,66.66666666666666,2
alustuma,,1,3,66.66666666666666,2
alutama,,1,3,66.66666666666666,2
analüüsima,koos,2,6,66.66666666666666,4
andma,asemele,1,3,66.66666666666666,2
andma,ees,1,3,66.66666666666666,2
andma,heaks,1,3,66.66666666666666,2
andma,"kokku, juurde",1,3,66.66666666666666,2
andma,"kokku, kokku",1,3,66.66666666666666,2
andma,maha,3,9,66.66666666666666,6
andma,"valmis, üle",1,3,66.66666666666666,2
angazheerima,,1,3,66.66666666666666,2
annihileerima,,1,3,66.66666666666666,2
annihileeruma,,6,18,66.66666666666666,12
annuma,,17,51,66.66666666666666,34
annustama,,1,3,66.66666666666666,2
anti-viruma,,1,3,66.66666666666666,2
apljuma,,1,3,66.66666666666666,2
arenema,kaasa,1,3,66.66666666666666,2
arenema,koos,3,9,66.66666666666666,6
armastama,läbi,1,3,66.66666666666666,2
armatama,,2,6,66.66666666666666,4
armuma,,1063,3189,66.66666666666666,2126
artima,,2,6,66.66666666666666,4
arutama,tagasi,2,6,66.66666666666666,4
arutama,ära,1,3,66.66666666666666,2
arutama,üles,1,3,66.66666666666666,2
arvama,juurde,2,6,66.66666666666666,4
arvama,lahti,1,3,66.66666666666666,2
arvama,maha,39,117,66.66666666666666,78
arvastama,,1,3,66.66666666666666,2
arvestama,kaasas,1,3,66.66666666666666,2
arvestama,peale,2,6,66.66666666666666,4
arvestama,tagasi,2,6,66.66666666666666,4
arvutama,koos,1,3,66.66666666666666,2
asetama,koos,1,3,66.66666666666666,2
asetama,sisse,2,6,66.66666666666666,4
asetsema,ees,1,3,66.66666666666666,2
astuma,asemele,1,3,66.66666666666666,2
astuma,täis,2,6,66.66666666666666,4
asuma,ilma,1,3,66.66666666666666,2
asuma,juurde,4,12,66.66666666666666,8
asuma,kinni,1,3,66.66666666666666,2
auguma,,1,3,66.66666666666666,2
auruma,ära,1,3,66.66666666666666,2
aurutama,välja,1,3,66.66666666666666,2
avaldama,ette,1,3,66.66666666666666,2
avaldama,kaasa,1,3,66.66666666666666,2
avaldama,koos,1,3,66.66666666666666,2
avama,koos,1,3,66.66666666666666,2
avama,lahti,1,3,66.66666666666666,2
avama,ära,1,3,66.66666666666666,2
avama,üle,2,6,66.66666666666666,4
avardama,ringi,1,3,66.66666666666666,2
avastama,maha,1,3,66.66666666666666,2
avastatama,,1,3,66.66666666666666,2
avitama,välja,1,3,66.66666666666666,2
awaldama,,1,3,66.66666666666666,2
awanema,,1,3,66.66666666666666,2
banima,,4,12,66.66666666666666,8
bannema,,1,3,66.66666666666666,2
beezima,,1,3,66.66666666666666,2
belletriseerima,,1,3,66.66666666666666,2
betoneerima,,7,21,66.66666666666666,14
bibima,,1,3,66.66666666666666,2
blackuma,,1,3,66.66666666666666,2
bluffima,üle,1,3,66.66666666666666,2
bluffima,üles,1,3,66.66666666666666,2
bugima,,1,3,66.66666666666666,2
campima,,1,3,66.66666666666666,2
castlema,,1,3,66.66666666666666,2
clockima,,1,3,66.66666666666666,2
defauldima,,1,3,66.66666666666666,2
deformeerima,,8,24,66.66666666666666,16
demarkeerima,,1,3,66.66666666666666,2
demonsteerima,,3,9,66.66666666666666,6
depolitiseeruma,,1,3,66.66666666666666,2
desorganiseerima,,1,3,66.66666666666666,2
downloatima,ära,1,3,66.66666666666666,2
dreenima,välja,1,3,66.66666666666666,2
e-hääletama,,1,3,66.66666666666666,2
edastama,edasi,2,6,66.66666666666666,4
edenema,ringi,1,3,66.66666666666666,2
eelistama,vastu,1,3,66.66666666666666,2
eelsitama,,1,3,66.66666666666666,2
ehitama,ette,7,21,66.66666666666666,14
eihoolima,,1,3,66.66666666666666,2
ekraneerima,,1,3,66.66666666666666,2
eksima,vastu,6,18,66.66666666666666,12
eksisteerima,ilma,1,3,66.66666666666666,2
elama,kohal,1,3,66.66666666666666,2
elama,rahul,1,3,66.66666666666666,2
elama,taga,2,6,66.66666666666666,4
elanud-õppima,,1,3,66.66666666666666,2
elatuma,kaasa,2,6,66.66666666666666,4
elimineeruma,,1,3,66.66666666666666,2
elnuma,,3,9,66.66666666666666,6
emailima,,5,15,66.66666666666666,10
emmetama,,1,3,66.66666666666666,2
eostuma,,2,6,66.66666666666666,4
epileerima,,1,3,66.66666666666666,2
eraldama,ära,1,3,66.66666666666666,2
eraldama,üle,1,3,66.66666666666666,2
eralduma,kokku,1,3,66.66666666666666,2
erendama,,2,6,66.66666666666666,4
erutuma,üle,1,3,66.66666666666666,2
esindama,vastu,1,3,66.66666666666666,2
esinema,ilma,1,3,66.66666666666666,2
eskortima,tagasi,2,6,66.66666666666666,4
eskuma,,1,3,66.66666666666666,2
etsuma,,1,3,66.66666666666666,2
fanatseerima,,1,3,66.66666666666666,2
fannima,,1,3,66.66666666666666,2
fiksima,ära,1,3,66.66666666666666,2
filmima,ära,1,3,66.66666666666666,2
finišeerima,koos,1,3,66.66666666666666,2
folkima,,2,6,66.66666666666666,4
fujima,,1,3,66.66666666666666,2
fullima,,1,3,66.66666666666666,2
fundamenteerima,,1,3,66.66666666666666,2
funktsioneerima,edasi,2,6,66.66666666666666,4
galopeerima,,6,18,66.66666666666666,12
gangima,,1,3,66.66666666666666,2
genema,,1,3,66.66666666666666,2
grupeerima,ümber,2,6,66.66666666666666,4
h2benema,,2,6,66.66666666666666,4
haarama,alla,1,3,66.66666666666666,2
haarama,järel,1,3,66.66666666666666,2
haavama,ühte,1,3,66.66666666666666,2
haigestuma,alla,1,3,66.66666666666666,2
hakkama,valmis,6,18,66.66666666666666,12
hammustama,katki,2,6,66.66666666666666,4
hangutama,,1,3,66.66666666666666,2
harjuma,peale,1,3,66.66666666666666,2
harjutama,ette,1,3,66.66666666666666,2
harjutama,läbi,5,15,66.66666666666666,10
harmoneerima,,6,18,66.66666666666666,12
haukuma,vastu,10,30,66.66666666666666,20
heidima,,1,3,66.66666666666666,2
heitma,järele,1,3,66.66666666666666,2
heitma,kokku,4,12,66.66666666666666,8
heitma,ringi,1,3,66.66666666666666,2
heituma,ära,1,3,66.66666666666666,2
heksaanima,,1,3,66.66666666666666,2
hekseldama,ära,1,3,66.66666666666666,2
helindama,,5,15,66.66666666666666,10
helisema,läbi,1,3,66.66666666666666,2
helistama,peale,2,6,66.66666666666666,4
helistama,sisse,4,12,66.66666666666666,8
helpima,ära,1,3,66.66666666666666,2
hiilima,ette,1,3,66.66666666666666,2
hiilima,sisse,11,33,66.66666666666666,22
hiivama,välja,1,3,66.66666666666666,2
hingama,täis,2,6,66.66666666666666,4
hiphoppima,,2,6,66.66666666666666,4
hirmutama,tagasi,1,3,66.66666666666666,2
hirmutama,välja,1,3,66.66666666666666,2
hoiatama,kokku,1,3,66.66666666666666,2
hoidma,kaasas,2,6,66.66666666666666,4
hoidma,lähedal,1,3,66.66666666666666,2
hoidma,ringi,1,3,66.66666666666666,2
hoomima,,1,3,66.66666666666666,2
hospitaliseerima,,2,6,66.66666666666666,4
hukkama,kokku,1,3,66.66666666666666,2
hukkama,ära,1,3,66.66666666666666,2
hukkuma,peale,1,3,66.66666666666666,2
hulkuma,mööda,1,3,66.66666666666666,2
huvitama,välja,1,3,66.66666666666666,2
huvitama,ära,1,3,66.66666666666666,2
huvitama,üle,2,6,66.66666666666666,4
hyppama,ära,1,3,66.66666666666666,2
häbenema,tagasi,1,3,66.66666666666666,2
häirima,peale,2,6,66.66666666666666,4
häirima,ära,1,3,66.66666666666666,2
häkkima,edasi,1,3,66.66666666666666,2
häkkima,ära,2,6,66.66666666666666,4
hänguma,ära,1,3,66.66666666666666,2
härmama,,1,3,66.66666666666666,2
hävima,üle,1,3,66.66666666666666,2
hävitama,edasi,1,3,66.66666666666666,2
häälestama,vastu,1,3,66.66666666666666,2
häälestama,ära,1,3,66.66666666666666,2
häälima,,1,3,66.66666666666666,2
hõikama,ette,1,3,66.66666666666666,2
hõikama,sisse,1,3,66.66666666666666,2
hõiskama,kaasa,3,9,66.66666666666666,6
hõivama,tagasi,1,3,66.66666666666666,2
hõivama,ära,1,3,66.66666666666666,2
hõljuma,alla,1,3,66.66666666666666,2
hõljuma,koht,2,6,66.66666666666666,4
hõljuma,mööda,1,3,66.66666666666666,2
hõljuma,ümber,2,6,66.66666666666666,4
hõlmama,alla,2,6,66.66666666666666,4
hüppama,järele,19,57,66.66666666666666,38
hüppama,laiali,1,3,66.66666666666666,2
hüppama,taha,1,3,66.66666666666666,2
hüüdma,alla,3,9,66.66666666666666,6
hüüdma,ette,1,3,66.66666666666666,2
ideologiseerima,,1,3,66.66666666666666,2
ihaldama,üle,1,3,66.66666666666666,2
ihkama,edasi,1,3,66.66666666666666,2
ihkama,välja,1,3,66.66666666666666,2
ihuma,ära,1,3,66.66666666666666,2
ikaldama,,2,6,66.66666666666666,4
ilastama,täis,3,9,66.66666666666666,6
ilmuma,ringi,1,3,66.66666666666666,2
ilmutuma,,2,6,66.66666666666666,4
imama,ära,1,3,66.66666666666666,2
imbuma,täis,1,3,66.66666666666666,2
imema,külge,1,3,66.66666666666666,2
imema,taga,1,3,66.66666666666666,2
imendama,,1,3,66.66666666666666,2
imestama,välja,1,3,66.66666666666666,2
immitsema,läbi,2,6,66.66666666666666,4
inlinema,,1,3,66.66666666666666,2
innustama,edasi,2,6,66.66666666666666,4
installima,alla,1,3,66.66666666666666,2
installima,üle,2,6,66.66666666666666,4
internetistuma,,1,3,66.66666666666666,2
interpoleerima,,1,3,66.66666666666666,2
inventeerima,,4,12,66.66666666666666,8
irvitama,otsa,1,3,66.66666666666666,2
isloomustama,,1,3,66.66666666666666,2
istuma,keskele,1,3,66.66666666666666,2
istuma,maas,4,12,66.66666666666666,8
istuma,puruks,1,3,66.66666666666666,2
istuma,valmis,1,3,66.66666666666666,2
istuma,viltu,1,3,66.66666666666666,2
istutama,ette,1,3,66.66666666666666,2
istutama,ära,1,3,66.66666666666666,2
itima,,1,3,66.66666666666666,2
j2rgminema,,1,3,66.66666666666666,2
jagama,alla,1,3,66.66666666666666,2
jagama,kätte,1,3,66.66666666666666,2
jagama,üle,2,6,66.66666666666666,4
jagunema,kokku,1,3,66.66666666666666,2
jah-vormima,,1,3,66.66666666666666,2
jahtima,taga,1,3,66.66666666666666,2
jalastuma,,1,3,66.66666666666666,2
jalutama,edasi-tagasi,1,3,66.66666666666666,2
jalutama,järele,1,3,66.66666666666666,2
jalutama,vastu,42,126,66.66666666666666,84
jannuma,,2,6,66.66666666666666,4
jatnuma,,1,3,66.66666666666666,2
jattama,,1,3,66.66666666666666,2
jipuma,,2,6,66.66666666666666,4
jonksutama,,3,9,66.66666666666666,6
jookima,,2,6,66.66666666666666,4
jooksma,"alla, välja",1,3,66.66666666666666,2
jooksma,"ringi, ära",1,3,66.66666666666666,2
jooksma,võidu,17,51,66.66666666666666,34
jooma,ilma,1,3,66.66666666666666,2
jooma,kaasa,1,3,66.66666666666666,2
jorisema,edasi,1,3,66.66666666666666,2
jugama,,2,6,66.66666666666666,4
juhatama,eemale,1,3,66.66666666666666,2
juhatama,ette,1,3,66.66666666666666,2
juhatama,peale,1,3,66.66666666666666,2
juhatama,ringi,2,6,66.66666666666666,4
juhduma,,1,3,66.66666666666666,2
juhtima,sisse,3,9,66.66666666666666,6
juhtima,vaja,1,3,66.66666666666666,2
juhtuma,alles,1,3,66.66666666666666,2
juhtuma,ilma,1,3,66.66666666666666,2
juhtuma,kinni,2,6,66.66666666666666,4
juhtuma,pärast,1,3,66.66666666666666,2
juhtuma,ringi,1,3,66.66666666666666,2
juhtuma,tagant,1,3,66.66666666666666,2
juhtuma,vahele,2,6,66.66666666666666,4
jukkima,,1,3,66.66666666666666,2
julgema,tagasi,1,3,66.66666666666666,2
julgema,vaja,1,3,66.66666666666666,2
julgema,ära,1,3,66.66666666666666,2
juperdama,,1,3,66.66666666666666,2
juthtuma,,1,3,66.66666666666666,2
jutustama,juurde,1,3,66.66666666666666,2
jälgima,kaasa,1,3,66.66666666666666,2
jälgima,pealt,3,9,66.66666666666666,6
jäljendama,alla,1,3,66.66666666666666,2
jänuma,,3,9,66.66666666666666,6
järelvalmima,,1,3,66.66666666666666,2
järg-minema,,2,6,66.66666666666666,4
järgima,välja,1,3,66.66666666666666,2
järgnema,kaasa,1,3,66.66666666666666,2
järgnema,mööda,1,3,66.66666666666666,2
järgnema,tagasi,2,6,66.66666666666666,4
järgnema,täis,1,3,66.66666666666666,2
järgnema,välja,4,12,66.66666666666666,8
järjekorratama,ilma,1,3,66.66666666666666,2
jätkama,sisse,1,3,66.66666666666666,2
jätkama,tagasi,1,3,66.66666666666666,2
jätkuma,ette,1,3,66.66666666666666,2
jätkuma,vaja,1,3,66.66666666666666,2
jätkuma,üles,1,3,66.66666666666666,2
jätma,alla,11,33,66.66666666666666,22
jätma,ees,1,3,66.66666666666666,2
jätma,kõrvale,288,864,66.66666666666666,576
jätma,valmis,1,3,66.66666666666666,2
jätma,"ära, ära",1,3,66.66666666666666,2
jäudnuma,,1,3,66.66666666666666,2
jääma,"alla, kokku",1,3,66.66666666666666,2
jääma,arvele,1,3,66.66666666666666,2
jääma,kahekesi,1,3,66.66666666666666,2
jääma,ligi,5,15,66.66666666666666,10
jääma,lukku,10,30,66.66666666666666,20
jääma,"maha, kokku",1,3,66.66666666666666,2
jääma,pealt,6,18,66.66666666666666,12
jääma,rahul,5,15,66.66666666666666,10
jääma,tagant,3,9,66.66666666666666,6
jääma,tasa,1,3,66.66666666666666,2
jääma,vaatamata,6,18,66.66666666666666,12
jääpurjetama,,1,3,66.66666666666666,2
jäätama,ära,1,3,66.66666666666666,2
jõudma,tagant,1,3,66.66666666666666,2
kaagutama,ära,1,3,66.66666666666666,2
kaakuma,,1,3,66.66666666666666,2
kaaluma,eemale,1,3,66.66666666666666,2
kaanima,ära,2,6,66.66666666666666,4
kaapima,laiali,1,3,66.66666666666666,2
kaapima,läbi,1,3,66.66666666666666,2
kaapima,maha,1,3,66.66666666666666,2
kaasajastuma,,3,9,66.66666666666666,6
kaduma,alt,12,36,66.66666666666666,24
kaduma,laiali,2,6,66.66666666666666,4
kaduma,maha,1,3,66.66666666666666,2
kaduma,tagant,2,6,66.66666666666666,4
kaebama,tagasi,1,3,66.66666666666666,2
kaeblema,peale,1,3,66.66666666666666,2
kaettuma,,1,3,66.66666666666666,2
kahandama,ringi,1,3,66.66666666666666,2
kahtlema,edasi,2,6,66.66666666666666,4
kahtlema,tagasi,1,3,66.66666666666666,2
kahtlustama,alla,1,3,66.66666666666666,2
kahtlustama,ette,1,3,66.66666666666666,2
kaitsema,edasi,1,3,66.66666666666666,2
kaitsema,kokku,1,3,66.66666666666666,2
kaitsema,üle,1,3,66.66666666666666,2
kaitsma,vastu,3,9,66.66666666666666,6
kaituma,,2,6,66.66666666666666,4
kajama,üle,2,6,66.66666666666666,4
kaksama,lahti,1,3,66.66666666666666,2
kallama,läbi,1,3,66.66666666666666,2
kallutama,mööda,1,3,66.66666666666666,2
kamandama,eemale,2,6,66.66666666666666,4
kamarduma,,1,3,66.66666666666666,2
kanaliseerima,,8,24,66.66666666666666,16
kandma,all,5,15,66.66666666666666,10
kandma,alt,1,3,66.66666666666666,2
kandma,sees,1,3,66.66666666666666,2
kanduma,kokku,1,3,66.66666666666666,2
kanduma,läbi,2,6,66.66666666666666,4
kangutama,ära,2,6,66.66666666666666,4
kangutama,üles,1,3,66.66666666666666,2
kannatama,ringi,1,3,66.66666666666666,2
kaotama,alles,3,9,66.66666666666666,6
kaotama,maha,1,3,66.66666666666666,2
kappama,üles,1,3,66.66666666666666,2
kappima,,4,12,66.66666666666666,8
kargama,kõrvale,1,3,66.66666666666666,2
kargama,püsti,122,366,66.66666666666666,244
karistama,vastu,1,3,66.66666666666666,2
karjuma,alt,1,3,66.66666666666666,2
karjuma,koos,1,3,66.66666666666666,2
karjuma,välja,9,27,66.66666666666666,18
kartma,ilma,1,3,66.66666666666666,2
kasemagama,,1,3,66.66666666666666,2
kasima,tagasi,1,3,66.66666666666666,2
kasseerima,ette,1,3,66.66666666666666,2
kasutama,tarvis,2,6,66.66666666666666,4
kasutatama,,2,6,66.66666666666666,4
kasvama,ette,8,24,66.66666666666666,16
kasvama,otsa,1,3,66.66666666666666,2
kasvama,peal,2,6,66.66666666666666,4
katkema,läbi,1,3,66.66666666666666,2
katkuma,lahti,1,3,66.66666666666666,2
katkuma,välja,2,6,66.66666666666666,4
katma,juures,1,3,66.66666666666666,2
katsetama,järgi,1,3,66.66666666666666,2
kaubeldama,,1,3,66.66666666666666,2
kauplema,kaasa,3,9,66.66666666666666,6
kauplema,üle,1,3,66.66666666666666,2
kauplema,üles,1,3,66.66666666666666,2
kaupsima,,1,3,66.66666666666666,2
kavandama,alles,1,3,66.66666666666666,2
kavandama,läbi,1,3,66.66666666666666,2
kavatsema,ette,2,6,66.66666666666666,4
kavatsema,kohal,3,9,66.66666666666666,6
kavatsema,üles,1,3,66.66666666666666,2
kebima,tagasi,1,3,66.66666666666666,2
keelama,kaasa,1,3,66.66666666666666,2
keelama,vastu,1,3,66.66666666666666,2
keelduma,kohale,1,3,66.66666666666666,2
keelduma,tagasi,1,3,66.66666666666666,2
keelustama,ära,1,3,66.66666666666666,2
keerama,kokku,99,297,66.66666666666666,198
keerama,pealt,1,3,66.66666666666666,2
keerama,valla,1,3,66.66666666666666,2
keetma,juurde,1,3,66.66666666666666,2
keetma,üle,1,3,66.66666666666666,2
kehestama,,1,3,66.66666666666666,2
kehima,,3,9,66.66666666666666,6
kehtestama,tagasi,1,3,66.66666666666666,2
kehtestama,välja,1,3,66.66666666666666,2
kehtima,peale,2,6,66.66666666666666,4
keksima,eemale,1,3,66.66666666666666,2
kekutama,ringi,1,3,66.66666666666666,2
keppima,välja,1,3,66.66666666666666,2
kergitama,esile,7,21,66.66666666666666,14
kergitama,ette,1,3,66.66666666666666,2
kergitama,kokku,2,6,66.66666666666666,4
kergitama,tagasi,1,3,66.66666666666666,2
kergituma,,1,3,66.66666666666666,2
kerkima,lahti,3,9,66.66666666666666,6
kes-ma-olema,,1,3,66.66666666666666,2
keskenduma,üle,1,3,66.66666666666666,2
kestma,otsa,1,3,66.66666666666666,2
kibelema,edasi,1,3,66.66666666666666,2
kibelema,tagasi,3,9,66.66666666666666,6
kibelema,välja,1,3,66.66666666666666,2
kihutama,ees,5,15,66.66666666666666,10
kihutama,külge,2,6,66.66666666666666,4
kiigutama,,30,90,66.66666666666666,60
kiikama,kõrvalt,1,3,66.66666666666666,2
kiiksuma,,3,9,66.66666666666666,6
kiirendama,edasi,1,3,66.66666666666666,2
kiirkõndima,,1,3,66.66666666666666,2
kiirustama,eemale,2,6,66.66666666666666,4
kiirustama,ära,5,15,66.66666666666666,10
kiitma,ilma,3,9,66.66666666666666,6
kiitma,kokku,1,3,66.66666666666666,2
kiizumiizuma,,1,3,66.66666666666666,2
kilisema,,5,15,66.66666666666666,10
kilistama,,1,3,66.66666666666666,2
kimama,alla,1,3,66.66666666666666,2
kindlustama,läbi,1,3,66.66666666666666,2
kindlustama,üle,2,6,66.66666666666666,4
kinkima,kaasas,1,3,66.66666666666666,2
kinkima,laiali,1,3,66.66666666666666,2
kinkima,võidu,6,18,66.66666666666666,12
kinnitama,edasi,3,9,66.66666666666666,6
kinnitama,läbi,3,9,66.66666666666666,6
kinnitatama,,1,3,66.66666666666666,2
kiskuma,üle,1,3,66.66666666666666,2
kittima,kinni,1,3,66.66666666666666,2
klammerduma,kinni,1,3,66.66666666666666,2
klanima,,2,6,66.66666666666666,4
klantsima,,5,15,66.66666666666666,10
klapitama,kokku,2,6,66.66666666666666,4
klassifitseeruma,,12,36,66.66666666666666,24
klatsima,taga,1,3,66.66666666666666,2
kleepima,ette,5,15,66.66666666666666,10
kleepima,sisse,1,3,66.66666666666666,2
kleepima,üles,7,21,66.66666666666666,14
kleepuma,kinni,9,27,66.66666666666666,18
klikkima,peale,1,3,66.66666666666666,2
kloppima,juurde,2,6,66.66666666666666,4
kluuksuma,,1,3,66.66666666666666,2
klähvatama,,1,3,66.66666666666666,2
klähvima,vastu,1,3,66.66666666666666,2
klõpsima,kinni,2,6,66.66666666666666,4
klõpsima,sisse,1,3,66.66666666666666,2
kobama,järele,1,3,66.66666666666666,2
kobestama,,7,21,66.66666666666666,14
kodustuma,,1,3,66.66666666666666,2
koguma,tarvis,2,6,66.66666666666666,4
kogunema,vastu,2,6,66.66666666666666,4
kogunema,ära,1,3,66.66666666666666,2
kohenema,,2,6,66.66666666666666,4
kohisema,läbi,1,3,66.66666666666666,2
kohitsema,,5,15,66.66666666666666,10
kohtama,kokku,1,3,66.66666666666666,2
kohtama,tagasi,1,3,66.66666666666666,2
koksima,lahti,1,3,66.66666666666666,2
kolksatama,kokku,1,3,66.66666666666666,2
kollama,ringi,1,3,66.66666666666666,2
komberdama,eemale,1,3,66.66666666666666,2
komberdama,kohale,1,3,66.66666666666666,2
komentaarima,,1,3,66.66666666666666,2
komenteerima,,9,27,66.66666666666666,18
kommenteerima,edasi,1,3,66.66666666666666,2
komplekteerima,kokku,1,3,66.66666666666666,2
kompunnima,,3,9,66.66666666666666,6
konditustama,,1,3,66.66666666666666,2
konffima,,1,3,66.66666666666666,2
konksuma,,1,3,66.66666666666666,2
konnoteeruma,,2,6,66.66666666666666,4
konserveerima,ära,1,3,66.66666666666666,2
konstrueerima,valmis,1,3,66.66666666666666,2
kontrollima,koos,1,3,66.66666666666666,2
kontrollima,läbi,11,33,66.66666666666666,22
koondama,ära,3,9,66.66666666666666,6
koondama,üle,1,3,66.66666666666666,2
koondi-segama,,2,6,66.66666666666666,4
koonduma,alla,4,12,66.66666666666666,8
koostama,alles,1,3,66.66666666666666,2
koostama,ette,1,3,66.66666666666666,2
koostama,välja,1,3,66.66666666666666,2
kootama,,2,6,66.66666666666666,4
koperdama,üles,1,3,66.66666666666666,2
kopima,ära,1,3,66.66666666666666,2
kopitama,,48,144,66.66666666666666,96
koristama,"eest, ära",1,3,66.66666666666666,2
korjama,alla,1,3,66.66666666666666,2
korjama,üle,1,3,66.66666666666666,2
korkima,,2,6,66.66666666666666,4
korraldama,edasi,4,12,66.66666666666666,8
korraldama,ees,1,3,66.66666666666666,2
korraldama,ilma,1,3,66.66666666666666,2
korrespondeerima,,2,6,66.66666666666666,4
kortsutama,kokku,2,6,66.66666666666666,4
kortsutama,ära,3,9,66.66666666666666,6
kostma,sealtpoolt,1,3,66.66666666666666,2
kostuma,läbi,3,9,66.66666666666666,6
kostümeerima,,4,12,66.66666666666666,8
kraaksatama,,23,69,66.66666666666666,46
kraapima,peale,2,6,66.66666666666666,4
krabama,ära,6,18,66.66666666666666,12
kriiksatama,,2,6,66.66666666666666,4
kriitseldama,,1,3,66.66666666666666,2
kritiseerima,edasi,1,3,66.66666666666666,2
kritiseerima,vastu,1,3,66.66666666666666,2
krobistama,,1,3,66.66666666666666,2
kroomima,,3,9,66.66666666666666,6
kruttima,juurde,1,3,66.66666666666666,2
kruttima,peale,1,3,66.66666666666666,2
kruvima,alt,1,3,66.66666666666666,2
kruvima,ära,4,12,66.66666666666666,8
kräunutama,,2,6,66.66666666666666,4
krääksatama,,2,6,66.66666666666666,4
kudema,ära,1,3,66.66666666666666,2
kudrutama,,28,84,66.66666666666666,56
kuduma,edasi,1,3,66.66666666666666,2
kuduma,kokku,3,9,66.66666666666666,6
kuhjama,ette,1,3,66.66666666666666,2
kuhjama,täis,3,9,66.66666666666666,6
kuhjuma,ette,1,3,66.66666666666666,2
kujundama,kokku,1,3,66.66666666666666,2
kujunema,läbi,1,3,66.66666666666666,2
kujutama,"ette, ette",1,3,66.66666666666666,2
kujutama,"ette, välja",1,3,66.66666666666666,2
kukkuma,kõrvale,2,6,66.66666666666666,4
kukkuma,mööda,4,12,66.66666666666666,8
kukkuma,"ära, alla",1,3,66.66666666666666,2
kukkuma,üle,1,3,66.66666666666666,2
kulgema,ilma,1,3,66.66666666666666,2
kulgema,pidama,1,3,66.66666666666666,2
kullatama,,1,3,66.66666666666666,2
kullatama,üle,1,3,66.66666666666666,2
kuluma,tagasi,3,9,66.66666666666666,6
kulutama,ringi,1,3,66.66666666666666,2
kummarduma,ligi,1,3,66.66666666666666,2
kunuma,,2,6,66.66666666666666,4
kurnama,üle,1,3,66.66666666666666,2
kurvastama,üle,1,3,66.66666666666666,2
kurvitama,,1,3,66.66666666666666,2
kutsustuma,kokku,1,3,66.66666666666666,2
kuulama,ilma,1,3,66.66666666666666,2
kuulma,pärast,1,3,66.66666666666666,2
kuulma,tagasi,7,21,66.66666666666666,14
kuulnud-nägema,,2,6,66.66666666666666,4
kuuluma,rahul,1,3,66.66666666666666,2
kuuluma,välja,11,33,66.66666666666666,22
kuulutama,maha,2,6,66.66666666666666,4
kuulutama,"tagasi, välja",1,3,66.66666666666666,2
kuumutama,üles,1,3,66.66666666666666,2
kylmuma,,4,12,66.66666666666666,8
kägardama,kokku,3,9,66.66666666666666,6
kägisema,,26,78,66.66666666666666,52
kähisema,vastu,1,3,66.66666666666666,2
käiama,maha,1,3,66.66666666666666,2
käima,alt,1,3,66.66666666666666,2
käima,jalu,1,3,66.66666666666666,2
käima,keskel,1,3,66.66666666666666,2
käima,"tagant, kinni",1,3,66.66666666666666,2
käistlema,,1,3,66.66666666666666,2
käkerdama,kokku,3,9,66.66666666666666,6
käkkima,kokku,1,3,66.66666666666666,2
käratama,vahele,1,3,66.66666666666666,2
käristama,lahti,2,6,66.66666666666666,4
kärsatama,,7,21,66.66666666666666,14
kärvama,ära,7,21,66.66666666666666,14
käsitlema,läbi,1,3,66.66666666666666,2
käskima,ära,1,3,66.66666666666666,2
kässima,,1,3,66.66666666666666,2
käsutama,kokku,1,3,66.66666666666666,2
kõhklema,tagasi,1,3,66.66666666666666,2
kõlama,peale,1,3,66.66666666666666,2
kõlksatama,,5,15,66.66666666666666,10
kõlksatama,kokku,1,3,66.66666666666666,2
kõlksutama,,3,9,66.66666666666666,6
kõndima,järel,1,3,66.66666666666666,2
kõndima,lahti,1,3,66.66666666666666,2
kõndima,peale,1,3,66.66666666666666,2
kõndima,ümber,1,3,66.66666666666666,2
kõngema,ära,4,12,66.66666666666666,8
kõrvaldama,ära,1,3,66.66666666666666,2
kõrvalduma,,1,3,66.66666666666666,2
kõrvetama,maha,1,3,66.66666666666666,2
kõvatama,,3,9,66.66666666666666,6
kõverpeegeldama,,1,3,66.66666666666666,2
köitma,peale,1,3,66.66666666666666,2
kühveldama,peale,1,3,66.66666666666666,2
kühveldama,sisse,4,12,66.66666666666666,8
kühveldama,ära,1,3,66.66666666666666,2
kükitama,ees,1,3,66.66666666666666,2
külmama,ära,1,3,66.66666666666666,2
kümnekordistama,,5,15,66.66666666666666,10
kündma,läbi,1,3,66.66666666666666,2
küpsema,valmis,1,3,66.66666666666666,2
küpsetama,edasi,1,3,66.66666666666666,2
küsimärgistama,,1,3,66.66666666666666,2
kütma,peale,1,3,66.66666666666666,2
kütma,võlgu,1,3,66.66666666666666,2
küündima,esile,6,18,66.66666666666666,12
küürima,maha,1,3,66.66666666666666,2
laduma,kokku,3,9,66.66666666666666,6
laduma,laiali,1,3,66.66666666666666,2
laduma,maha,2,6,66.66666666666666,4
lahendama,koos,1,3,66.66666666666666,2
lahkama,läbi,2,6,66.66666666666666,4
lahkuma,kaasas,1,3,66.66666666666666,2
lahkuma,läbi,4,12,66.66666666666666,8
lahkuma,välja,2,6,66.66666666666666,4
lahmima,ära,1,3,66.66666666666666,2
lahterdama,ära,2,6,66.66666666666666,4
lahuma,,1,3,66.66666666666666,2
laibastuma,,4,12,66.66666666666666,8
lainetama,vastu,1,3,66.66666666666666,2
laiskuma,,27,81,66.66666666666666,54
laivima,,7,21,66.66666666666666,14
laksama,vastu,1,3,66.66666666666666,2
laksima,tagasi,1,3,66.66666666666666,2
laksima,ära,1,3,66.66666666666666,2
lamama,asemel,2,6,66.66666666666666,4
langema,"eest, ära",2,6,66.66666666666666,4
langema,ette,4,12,66.66666666666666,8
langema,laiali,1,3,66.66666666666666,2
langema,vastu,5,15,66.66666666666666,10
langema,ümber,1,3,66.66666666666666,2
langetama,välja,3,9,66.66666666666666,6
laotuma,ette,1,3,66.66666666666666,2
laotuma,kokku,2,6,66.66666666666666,4
laotuma,üle,1,3,66.66666666666666,2
laskma,kaasa,1,3,66.66666666666666,2
laskma,koos,1,3,66.66666666666666,2
laskma,käpuli,2,6,66.66666666666666,4
laskma,"tagasi, alla",1,3,66.66666666666666,2
laskma,"ära, sisse",1,3,66.66666666666666,2
laskuma,kõrvale,2,6,66.66666666666666,4
lastnuma,,1,3,66.66666666666666,2
laulma,juurde,1,3,66.66666666666666,2
laulma,lahti,12,36,66.66666666666666,24
laulma,sisse,42,126,66.66666666666666,84
lavastama,sisse,1,3,66.66666666666666,2
laveerima,läbi,1,3,66.66666666666666,2
laveerima,mööda,3,9,66.66666666666666,6
lebama,kõrval,1,3,66.66666666666666,2
lebama,laiali,1,3,66.66666666666666,2
lebima,,1,3,66.66666666666666,2
leekima,välja,1,3,66.66666666666666,2
lehitsema,üle,1,3,66.66666666666666,2
lehvima,välja,2,6,66.66666666666666,4
leidma,maha,3,9,66.66666666666666,6
leidma,mahti,2,6,66.66666666666666,4
leidma,tagant,4,12,66.66666666666666,8
leiduma,ees,1,3,66.66666666666666,2
leiduma,vastu,1,3,66.66666666666666,2
leilitama,,2,6,66.66666666666666,4
leitima,,2,6,66.66666666666666,4
leitnuma,,1,3,66.66666666666666,2
lekkima,maha,1,3,66.66666666666666,2
lendama,juurde,1,3,66.66666666666666,2
lendama,"välja, tagasi",1,3,66.66666666666666,2
lenksuma,,1,3,66.66666666666666,2
lennutama,eest,1,3,66.66666666666666,2
lennutama,läbi,1,3,66.66666666666666,2
lepima,kokku,1,3,66.66666666666666,2
leppima,"tagasi, kokku",2,6,66.66666666666666,4
leppima,vastu,2,6,66.66666666666666,4
levima,läbi,1,3,66.66666666666666,2
libistama,edasi,1,3,66.66666666666666,2
liduma,eemale,1,3,66.66666666666666,2
liduma,tagasi,1,3,66.66666666666666,2
lihuma,,1,3,66.66666666666666,2
lihvima,ära,2,6,66.66666666666666,4
liigestama,,1,3,66.66666666666666,2
liigutama,üle,1,3,66.66666666666666,2
liikuma,maha,1,3,66.66666666666666,2
liikuma,peale,3,9,66.66666666666666,6
liimima,,28,84,66.66666666666666,56
liimima,kokku,10,30,66.66666666666666,20
liipama,edasi,2,6,66.66666666666666,4
liisbethkoristama,,1,3,66.66666666666666,2
liituma,koos,1,3,66.66666666666666,2
liizima,,1,3,66.66666666666666,2
lilima,,4,12,66.66666666666666,8
limpsima,peale,1,3,66.66666666666666,2
lintsima,,1,3,66.66666666666666,2
lintšima,,1,3,66.66666666666666,2
lipendama,välja,1,3,66.66666666666666,2
lipsama,ette,2,6,66.66666666666666,4
lisama,järel,1,3,66.66666666666666,2
lisama,vaja,2,6,66.66666666666666,4
lisama,ära,2,6,66.66666666666666,4
lisanduma,edasi,2,6,66.66666666666666,4
lisanduma,vastu,1,3,66.66666666666666,2
litima,,1,3,66.66666666666666,2
logisema,,131,393,66.66666666666666,262
logistama,läbi,1,3,66.66666666666666,2
lohistama,ringi,2,6,66.66666666666666,4
lohistama,sisse,1,3,66.66666666666666,2
loksuma,välja,2,6,66.66666666666666,4
loksutama,läbi,1,3,66.66666666666666,2
lolluma,,1,3,66.66666666666666,2
lonema,,2,6,66.66666666666666,4
lonkama,kohale,1,3,66.66666666666666,2
lonkima,eemale,1,3,66.66666666666666,2
loobuma,lahti,1,3,66.66666666666666,2
loobuma,peale,1,3,66.66666666666666,2
looderdama,,6,18,66.66666666666666,12
loogima,,1,3,66.66666666666666,2
looma,alla,8,24,66.66666666666666,16
looma,keskele,1,3,66.66666666666666,2
looma,kõrvale,1,3,66.66666666666666,2
looma,pooleks,1,3,66.66666666666666,2
looma,püsti,4,12,66.66666666666666,8
looma,segi,4,12,66.66666666666666,8
looma,valmis,1,3,66.66666666666666,2
lootma,vaja,1,3,66.66666666666666,2
loovima,läbi,1,3,66.66666666666666,2
loovutama,vastu,2,6,66.66666666666666,4
lorutama,,3,9,66.66666666666666,6
lubama,"ette, ära",1,3,66.66666666666666,2
lubama,rahul,1,3,66.66666666666666,2
lugema,ilma,2,6,66.66666666666666,4
lugema,lahti,2,6,66.66666666666666,4
lugema,vastu,1,3,66.66666666666666,2
lugema,võidu,1,3,66.66666666666666,2
luikama,,2,6,66.66666666666666,4
lukutama,,1,3,66.66666666666666,2
lunima,edasi,1,3,66.66666666666666,2
luristama,,33,99,66.66666666666666,66
lurkima,,1,3,66.66666666666666,2
luuletama,välja,1,3,66.66666666666666,2
luuletama,ära,1,3,66.66666666666666,2
luusima,ümber,1,3,66.66666666666666,2
läbima,üle,3,9,66.66666666666666,6
lähenema,läbi,1,3,66.66666666666666,2
lähetama,edasi,1,3,66.66666666666666,2
lähetama,välja,1,3,66.66666666666666,2
lähtuma,välja,3,9,66.66666666666666,6
lämbuma,sisse,1,3,66.66666666666666,2
lätsutama,,1,3,66.66666666666666,2
lõdistama,,1,3,66.66666666666666,2
lõhkuma,kokku,1,3,66.66666666666666,2
lõhkuma,läbi,1,3,66.66666666666666,2
lõhkuma,valmis,1,3,66.66666666666666,2
lõhnastama,,15,45,66.66666666666666,30
lõikama,vastu,1,3,66.66666666666666,2
lõksuma,,28,84,66.66666666666666,56
lõpetama,maha,1,3,66.66666666666666,2
lõpma,alles,1,3,66.66666666666666,2
lõppema,läbi,1,3,66.66666666666666,2
lõppetama,,1,3,66.66666666666666,2
lõristama,,1,3,66.66666666666666,2
lõunatama,koos,2,6,66.66666666666666,4
lõõpima,edasi,1,3,66.66666666666666,2
löhkuma,,1,3,66.66666666666666,2
löhuma,,1,3,66.66666666666666,2
löntsima,ringi,1,3,66.66666666666666,2
lötendama,,1,3,66.66666666666666,2
lööma,"kaasa, kokku",1,3,66.66666666666666,2
lööma,katki,12,36,66.66666666666666,24
lööma,mõlki,1,3,66.66666666666666,2
lööma,pärani,1,3,66.66666666666666,2
lööma,"üle, mööda",1,3,66.66666666666666,2
lükkama,pikali,1,3,66.66666666666666,2
lükkama,viltu,1,3,66.66666666666666,2
lükkama,välja,69,207,66.66666666666666,138
lülitama,peale,2,6,66.66666666666666,4
lülituma,üle,1,3,66.66666666666666,2
m6tlesima,,27,81,66.66666666666666,54
maalima,maha,1,3,66.66666666666666,2
maalima,üles,3,9,66.66666666666666,6
maanduma,mööda,1,3,66.66666666666666,2
maanduma,vastu,2,6,66.66666666666666,4
maastuma,,1,3,66.66666666666666,2
magakkima,,1,3,66.66666666666666,2
magama,ees,1,3,66.66666666666666,2
magama,kokku,3,9,66.66666666666666,6
magama,üles,2,6,66.66666666666666,4
mahutuma,,2,6,66.66666666666666,4
mahvima,,1,3,66.66666666666666,2
mainitsema,,1,3,66.66666666666666,2
maiviicima,,2,6,66.66666666666666,4
majutama,kokku,1,3,66.66666666666666,2
maksma,eest,5,15,66.66666666666666,10
maksma,kaasa,1,3,66.66666666666666,2
maksma,"kokku, kokku",1,3,66.66666666666666,2
maksma,pealt,2,6,66.66666666666666,4
maksma,üle,36,108,66.66666666666666,72
manduma,edasi,1,3,66.66666666666666,2
manustama,edasi,1,3,66.66666666666666,2
manööverdama,ette,1,3,66.66666666666666,2
marssima,edasi,10,30,66.66666666666666,20
marssima,ees,1,3,66.66666666666666,2
masseerima,läbi,1,3,66.66666666666666,2
masseerima,sisse,1,3,66.66666666666666,2
matma,alla,6,18,66.66666666666666,12
matma,ümber,4,12,66.66666666666666,8
meeldima,all,1,3,66.66666666666666,2
meeldima,ette,1,3,66.66666666666666,2
meenuma,peale,1,3,66.66666666666666,2
meenutama,koos,1,3,66.66666666666666,2
meenutama,ringi,1,3,66.66666666666666,2
meenutama,tagasi,1,3,66.66666666666666,2
meenutama,vastu,1,3,66.66666666666666,2
mehkeldama,,17,51,66.66666666666666,34
meisterdama,peale,1,3,66.66666666666666,2
menetlema,edasi,10,30,66.66666666666666,20
mengima,,1,3,66.66666666666666,2
menutama,,1,3,66.66666666666666,2
messima,,1,3,66.66666666666666,2
minema,"alla, tagasi",4,12,66.66666666666666,8
minema,alles,10,30,66.66666666666666,20
minema,"edasi, lahti",2,6,66.66666666666666,4
minema,"edasi, tagasi",1,3,66.66666666666666,2
minema,kaasas,5,15,66.66666666666666,10
minema,krampi,3,9,66.66666666666666,6
minema,"kõrvalt, ära",1,3,66.66666666666666,2
minema,"läbi, mööda",1,3,66.66666666666666,2
minema,"tagasi, lahku",1,3,66.66666666666666,2
minema,uppi,1,3,66.66666666666666,2
minema,vastamisi,9,27,66.66666666666666,18
minema,villi,1,3,66.66666666666666,2
minema,"välja, tagasi",3,9,66.66666666666666,6
minema,"välja, vastu",1,3,66.66666666666666,2
minema,võlgu,1,3,66.66666666666666,2
minema,"ära, välja",1,3,66.66666666666666,2
minema,"ära, ära",4,12,66.66666666666666,8
minnuma,,2,6,66.66666666666666,4
mircuma,,2,6,66.66666666666666,4
mistegema,,1,3,66.66666666666666,2
mobiliseeruma,,4,12,66.66666666666666,8
modustama,,1,3,66.66666666666666,2
moodutama,,1,3,66.66666666666666,2
mottlema,,1,3,66.66666666666666,2
moundima,,1,3,66.66666666666666,2
mugavdama,,1,3,66.66666666666666,2
mumifitseerima,,1,3,66.66666666666666,2
munnima,,1,3,66.66666666666666,2
murdma,peale,2,6,66.66666666666666,4
murduma,kokku,1,3,66.66666666666666,2
muretama,,1,3,66.66666666666666,2
muretsema,pärast,1,3,66.66666666666666,2
muretsema,üle,1,3,66.66666666666666,2
musitama,edasi,1,3,66.66666666666666,2
musutama,,4,12,66.66666666666666,8
musy18tudima,,1,3,66.66666666666666,2
mutuma,,1,3,66.66666666666666,2
muutma,sisse,1,3,66.66666666666666,2
muzuma,,1,3,66.66666666666666,2
mädandama,ära,1,3,66.66666666666666,2
mäkkima,,1,3,66.66666666666666,2
mäletama,lahti,1,3,66.66666666666666,2
mängima,alles,1,3,66.66666666666666,2
mängima,esile,1,3,66.66666666666666,2
mängima,kinni,1,3,66.66666666666666,2
mängima,täis,2,6,66.66666666666666,4
mänginud-laulma,,1,3,66.66666666666666,2
mängitama,edasi,1,3,66.66666666666666,2
mängitama,ette,1,3,66.66666666666666,2
märkama,tagant,1,3,66.66666666666666,2
märkima,lahti,1,3,66.66666666666666,2
mässama,ringi,1,3,66.66666666666666,2
mätserdama,,1,3,66.66666666666666,2
määrama,ette,12,36,66.66666666666666,24
määrama,peale,1,3,66.66666666666666,2
mõistma,ilma,1,3,66.66666666666666,2
mõistma,ära,3,9,66.66666666666666,6
mõistma,üle,1,3,66.66666666666666,2
mõistsima,,1,3,66.66666666666666,2
mõjuma,peale,1,3,66.66666666666666,2
mõmisema,kaasa,1,3,66.66666666666666,2
möelduma,,13,39,66.66666666666666,26
möirahtama,,1,3,66.66666666666666,2
mühisema,välja,1,3,66.66666666666666,2
mürisema,mööda,1,3,66.66666666666666,2
müristama,edasi,1,3,66.66666666666666,2
müstifitseerima,üle,1,3,66.66666666666666,2
mütologiseeruma,,1,3,66.66666666666666,2
mütsuma,,5,15,66.66666666666666,10
müttama,edasi,1,3,66.66666666666666,2
müüma,ette,2,6,66.66666666666666,4
müüma,tarvis,1,3,66.66666666666666,2
müüma,võlgu,1,3,66.66666666666666,2
n2idatama,,2,6,66.66666666666666,4
n2itlema,,1,3,66.66666666666666,2
naalduma,,19,57,66.66666666666666,38
naasma,juurde,2,6,66.66666666666666,4
naelutama,kinni,7,21,66.66666666666666,14
naeratama,edasi,1,3,66.66666666666666,2
naeratama,kaasa,1,3,66.66666666666666,2
naerma,peale,1,3,66.66666666666666,2
naituma,,20,60,66.66666666666666,40
naksutama,,4,12,66.66666666666666,8
narrima,edasi,1,3,66.66666666666666,2
naturaliseeruma,,1,3,66.66666666666666,2
neelama,ära,10,30,66.66666666666666,20
nendevastuma,,1,3,66.66666666666666,2
nenuma,,3,9,66.66666666666666,6
nexuma,,6,18,66.66666666666666,12
nickima,,1,3,66.66666666666666,2
nihkuma,keskele,1,3,66.66666666666666,2
nihutama,ette,4,12,66.66666666666666,8
nimetama,kohale,1,3,66.66666666666666,2
nimetama,ringi,2,6,66.66666666666666,4
nimetama,tagasi,3,9,66.66666666666666,6
njuusima,,1,3,66.66666666666666,2
nokkama,,1,3,66.66666666666666,2
noksima,,1,3,66.66666666666666,2
noogutama,peale,1,3,66.66666666666666,2
noolima,ära,1,3,66.66666666666666,2
noomima,läbi,2,6,66.66666666666666,4
noppima,ära,7,21,66.66666666666666,14
normalnema,,1,3,66.66666666666666,2
nudima,,5,15,66.66666666666666,10
nullistuma,,1,3,66.66666666666666,2
nuruma,välja,3,9,66.66666666666666,6
nutma,edasi,4,12,66.66666666666666,8
nutma,sees,1,3,66.66666666666666,2
nuttama,,5,15,66.66666666666666,10
nuusutama,ära,1,3,66.66666666666666,2
nägema,"ette, ette",2,6,66.66666666666666,4
nägema,kaasa,2,6,66.66666666666666,4
nägema,kaasas,1,3,66.66666666666666,2
nägema,kõrval,1,3,66.66666666666666,2
nägema,valmis,4,12,66.66666666666666,8
nägima,,2,6,66.66666666666666,4
nähvama,vahele,1,3,66.66666666666666,2
näima,nõus,3,9,66.66666666666666,6
näitama,eest,1,3,66.66666666666666,2
näitama,koos,1,3,66.66666666666666,2
näitama,käsi,1,3,66.66666666666666,2
näitama,pealt,1,3,66.66666666666666,2
näitama,pihta,1,3,66.66666666666666,2
näitama,ringi,2,6,66.66666666666666,4
näitama,täis,1,3,66.66666666666666,2
näittama,,4,12,66.66666666666666,8
närbuma,ära,1,3,66.66666666666666,2
närtsitama,,6,18,66.66666666666666,12
näruma,ära,1,3,66.66666666666666,2
närvitsema,üle,1,3,66.66666666666666,2
näägima,,1,3,66.66666666666666,2
nõksutama,,25,75,66.66666666666666,50
nõrgenema,tagasi,1,3,66.66666666666666,2
nõrguma,läbi,1,3,66.66666666666666,2
nõrisema,,5,15,66.66666666666666,10
nõudma,kaasas,1,3,66.66666666666666,2
nõudma,pealt,1,3,66.66666666666666,2
nõutama,sisse,5,15,66.66666666666666,10
nöökama,,11,33,66.66666666666666,22
nüansseerima,,2,6,66.66666666666666,4
nürinema,,6,18,66.66666666666666,12
nüsima,ära,1,3,66.66666666666666,2
ohverdama,edasi,1,3,66.66666666666666,2
oisuma,,3,9,66.66666666666666,6
okima,,39,117,66.66666666666666,78
olema,"alt, ära",3,9,66.66666666666666,6
olema,"edasi, tarvis",2,6,66.66666666666666,4
olema,"eest, lahti",1,3,66.66666666666666,2
olema,hambus,1,3,66.66666666666666,2
olema,juurde,14,42,66.66666666666666,28
olema,"kokku, rahul",1,3,66.66666666666666,2
olema,kuskile,7,21,66.66666666666666,14
olema,ligemale,1,3,66.66666666666666,2
olema,"läbi, lahti",3,9,66.66666666666666,6
olema,millalgi,1,3,66.66666666666666,2
olema,mõhkugi,1,3,66.66666666666666,2
olema,niipalju,1,3,66.66666666666666,2
olema,paigal,7,21,66.66666666666666,14
olema,poole,1,3,66.66666666666666,2
olema,pungil,1,3,66.66666666666666,2
olema,põnevil,1,3,66.66666666666666,2
olema,"rahul, rahul",1,3,66.66666666666666,2
olema,"vaja, kinni",1,3,66.66666666666666,2
olema,"vaja, välja",2,6,66.66666666666666,4
olema,vajaka,3,9,66.66666666666666,6
olema,valmima,2,6,66.66666666666666,4
olema,vasakul,3,9,66.66666666666666,6
olema,vastukarva,1,3,66.66666666666666,2
olema,villand,5,15,66.66666666666666,10
olema,võlg,1,3,66.66666666666666,2
olenema,sees,1,3,66.66666666666666,2
olgima,,1,3,66.66666666666666,2
olndkima,,3,9,66.66666666666666,6
omama,ette,1,3,66.66666666666666,2
omama,välja,1,3,66.66666666666666,2
onama,edasi,2,6,66.66666666666666,4
oobima,,1,3,66.66666666666666,2
ookkima,,1,3,66.66666666666666,2
oolitsema,,1,3,66.66666666666666,2
ootama,"ees, välja",1,3,66.66666666666666,2
ootama,järgi,1,3,66.66666666666666,2
ootama,laiali,1,3,66.66666666666666,2
opima,,4,12,66.66666666666666,8
organiseerima,juurde,1,3,66.66666666666666,2
ortima,,1,3,66.66666666666666,2
osalema,pealt,1,3,66.66666666666666,2
osalema,tagasi,2,6,66.66666666666666,4
osatama,kokku,1,3,66.66666666666666,2
oskama,kinni,2,6,66.66666666666666,4
oskama,pealt,1,3,66.66666666666666,2
ostlema,,2,6,66.66666666666666,4
ostma,kaupa,5,15,66.66666666666666,10
ostma,kinni,1,3,66.66666666666666,2
osutama,tagasi,1,3,66.66666666666666,2
osutuma,läbi,1,3,66.66666666666666,2
otsima,alla,1,3,66.66666666666666,2
otsima,otsa,1,3,66.66666666666666,2
otsima,ühte,1,3,66.66666666666666,2
otsustama,maha,1,3,66.66666666666666,2
otsustama,valmis,1,3,66.66666666666666,2
otsustuma,,3,9,66.66666666666666,6
p2rinema,,1,3,66.66666666666666,2
pabistama,üle,2,6,66.66666666666666,4
pagema,tagasi,4,12,66.66666666666666,8
pagema,üle,1,3,66.66666666666666,2
pahutsema,,3,9,66.66666666666666,6
paigutama,juurde,1,3,66.66666666666666,2
paiskama,ette,1,3,66.66666666666666,2
paiskama,vastu,2,6,66.66666666666666,4
paiskama,üle,1,3,66.66666666666666,2
paiskuma,sisse,2,6,66.66666666666666,4
paistma,edasi,3,9,66.66666666666666,6
paistma,ette,1,3,66.66666666666666,2
paistma,sisse,31,93,66.66666666666666,62
pakkuma,kohale,1,3,66.66666666666666,2
pakkuma,lahti,2,6,66.66666666666666,4
pakuma,,1,3,66.66666666666666,2
palendama,,2,6,66.66666666666666,4
paljandama,,1,3,66.66666666666666,2
paljastuma,,110,330,66.66666666666666,220
paluma,andeks,1,3,66.66666666666666,2
paluma,kohale,2,6,66.66666666666666,4
paluma,kokku,5,15,66.66666666666666,10
paluma,mööda,1,3,66.66666666666666,2
paluma,üle,2,6,66.66666666666666,4
paluma,üles,1,3,66.66666666666666,2
panema,alt,5,15,66.66666666666666,10
panema,järgi,2,6,66.66666666666666,4
panema,"pealt, sisse",2,6,66.66666666666666,4
panema,plehku,67,201,66.66666666666666,134
panema,põlvili,1,3,66.66666666666666,2
panema,sees,1,3,66.66666666666666,2
panema,tarvis,1,3,66.66666666666666,2
panema,"tarvis, kokku",1,3,66.66666666666666,2
panema,"ära, peale",1,3,66.66666666666666,2
parandama,kokku,1,3,66.66666666666666,2
parinema,,1,3,66.66666666666666,2
paristama,üle,1,3,66.66666666666666,2
parodeerima,,75,225,66.66666666666666,150
passima,alla,1,3,66.66666666666666,2
patrama,,38,114,66.66666666666666,76
patrama,edasi,1,3,66.66666666666666,2
patrama,välja,1,3,66.66666666666666,2
patsutama,läbi,1,3,66.66666666666666,2
pearima,,1,3,66.66666666666666,2
peatama,vastu,1,3,66.66666666666666,2
peatuma,vastu,1,3,66.66666666666666,2
peedistama,,10,30,66.66666666666666,20
peindima,,1,3,66.66666666666666,2
peituma,sisse,1,3,66.66666666666666,2
peksma,edasi,3,9,66.66666666666666,6
peksma,eemale,2,6,66.66666666666666,4
peksma,maha,4,12,66.66666666666666,8
pelutama,eemale,1,3,66.66666666666666,2
pidama,arvel,1,3,66.66666666666666,2
pidama,järele,1,3,66.66666666666666,2
pidama,"kinni, välja",1,3,66.66666666666666,2
pidama,rahul,2,6,66.66666666666666,4
pidama,vimma,1,3,66.66666666666666,2
pidima,,3,9,66.66666666666666,6
pidurdama,ees,2,6,66.66666666666666,4
pidutsema,koos,2,6,66.66666666666666,4
pigistama,juurde,3,9,66.66666666666666,6
pigistama,vastu,1,3,66.66666666666666,2
pigistama,ümber,1,3,66.66666666666666,2
pihkama,,1,3,66.66666666666666,2
pihtas-põhjama,,1,3,66.66666666666666,2
pihustama,üle,1,3,66.66666666666666,2
piidruma,,1,3,66.66666666666666,2
piisama,kinni,1,3,66.66666666666666,2
piisama,vaja,5,15,66.66666666666666,10
pikendama,ära,1,3,66.66666666666666,2
pildistama,maha,2,6,66.66666666666666,4
pilduma,puruks,2,6,66.66666666666666,4
pilduma,tagasi,1,3,66.66666666666666,2
pilduma,vahele,1,3,66.66666666666666,2
pilduma,ära,1,3,66.66666666666666,2
pinema,,1,3,66.66666666666666,2
pingestuma,,93,279,66.66666666666666,186
pinisema,edasi,1,3,66.66666666666666,2
pissima,peale,5,15,66.66666666666666,10
pitsitama,kinni,2,6,66.66666666666666,4
piuksatama,,7,21,66.66666666666666,14
plaksutama,vastu,1,3,66.66666666666666,2
planeerima,edasi,1,3,66.66666666666666,2
planeerima,läbi,1,3,66.66666666666666,2
planeerima,üle,1,3,66.66666666666666,2
plegima,,27,81,66.66666666666666,54
pläristama,,2,6,66.66666666666666,4
plärtsutama,,1,3,66.66666666666666,2
plätserdama,üle,1,3,66.66666666666666,2
poetama,sekka,1,3,66.66666666666666,2
poetama,välja,3,9,66.66666666666666,6
pomisema,edasi,1,3,66.66666666666666,2
pommitama,läbi,1,3,66.66666666666666,2
portima,,3,9,66.66666666666666,6
postitama,juurde,1,3,66.66666666666666,2
potentseerima,,2,6,66.66666666666666,4
praadima,valmis,1,3,66.66666666666666,2
prakeerima,välja,1,3,66.66666666666666,2
praotuma,,2,6,66.66666666666666,4
prassima,,6,18,66.66666666666666,12
preikima,,1,3,66.66666666666666,2
pressima,ligi,3,9,66.66666666666666,6
prigisema,,3,9,66.66666666666666,6
programmeerima,ümber,3,9,66.66666666666666,6
proovima,kaasas,2,6,66.66666666666666,4
proovima,koos,3,9,66.66666666666666,6
proteesima,,1,3,66.66666666666666,2
protesteerima,vastu,4,12,66.66666666666666,8
protežeerima,,1,3,66.66666666666666,2
proviseerima,,1,3,66.66666666666666,2
pruukima,kokku,1,3,66.66666666666666,2
pruukima,vastu,1,3,66.66666666666666,2
präeguma,,3,9,66.66666666666666,6
pudistama,,28,84,66.66666666666666,56
pugema,edasi,1,3,66.66666666666666,2
pugema,kõrvale,1,3,66.66666666666666,2
pugema,taha,1,3,66.66666666666666,2
pugema,ära,1,3,66.66666666666666,2
pugima,,13,39,66.66666666666666,26
puhastama,kokku,1,3,66.66666666666666,2
puhastama,maha,1,3,66.66666666666666,2
puhastuma,välja,1,3,66.66666666666666,2
puhuma,eest,1,3,66.66666666666666,2
puhuma,juurde,1,3,66.66666666666666,2
puhuma,kaasa,1,3,66.66666666666666,2
puhuma,üle,1,3,66.66666666666666,2
puhverdama,,4,12,66.66666666666666,8
puiklema,kõrvale,5,15,66.66666666666666,10
puistama,maha,6,18,66.66666666666666,12
puksima,vastu,1,3,66.66666666666666,2
pulbitsema,läbi,1,3,66.66666666666666,2
pumpama,edasi,1,3,66.66666666666666,2
punduma,üles,1,3,66.66666666666666,2
punktistama,,1,3,66.66666666666666,2
purema,ära,1,3,66.66666666666666,2
purjetama,tagasi,5,15,66.66666666666666,10
purtsatama,,5,15,66.66666666666666,10
puselema,,2,6,66.66666666666666,4
pusima,kinni,1,3,66.66666666666666,2
puuduma,kokku,3,9,66.66666666666666,6
puuduma,lahti,1,3,66.66666666666666,2
puudutama,edasi,1,3,66.66666666666666,2
puudutama,vastu,1,3,66.66666666666666,2
puudutama,välja,5,15,66.66666666666666,10
puukima,,4,12,66.66666666666666,8
puukima,täis,1,3,66.66666666666666,2
puutima,,1,3,66.66666666666666,2
puutuma,ära,4,12,66.66666666666666,8
puututama,,2,6,66.66666666666666,4
pätsima,kokku,1,3,66.66666666666666,2
pääsema,alla,13,39,66.66666666666666,26
pääsema,ilma,4,12,66.66666666666666,8
pääsema,jaole,1,3,66.66666666666666,2
pääsema,"välja, sisse",1,3,66.66666666666666,2
pääsima,,2,6,66.66666666666666,4
päästma,alles,1,3,66.66666666666666,2
põhinema,vastu,1,3,66.66666666666666,2
põhjendama,tagasi,1,3,66.66666666666666,2
põhjustama,ringi,1,3,66.66666666666666,2
põhjustama,üle,3,9,66.66666666666666,6
põiklema,ära,1,3,66.66666666666666,2
põimima,ümber,1,3,66.66666666666666,2
põimuma,ümber,1,3,66.66666666666666,2
põkkuma,vastu,1,3,66.66666666666666,2
põlema,alles,1,3,66.66666666666666,2
põlema,ees,1,3,66.66666666666666,2
põlema,koos,1,3,66.66666666666666,2
põlema,lähedal,2,6,66.66666666666666,4
põlema,"sisse, ära",1,3,66.66666666666666,2
põlema,vaja,3,9,66.66666666666666,6
põlema,vastu,2,6,66.66666666666666,4
põristama,välja,1,3,66.66666666666666,2
põrkama,"lähedal, kokku",1,3,66.66666666666666,2
põrkama,maha,1,3,66.66666666666666,2
põrkima,,7,21,66.66666666666666,14
põrklema,,5,15,66.66666666666666,10
põrkuma,alla,1,3,66.66666666666666,2
põruma,välja,1,3,66.66666666666666,2
põrutama,kokku,2,6,66.66666666666666,4
põrutama,maha,2,6,66.66666666666666,4
põrutama,ringi,1,3,66.66666666666666,2
pöörduma,eemale,3,9,66.66666666666666,6
pöörlema,ümber,2,6,66.66666666666666,4
pühendama,kokku,1,3,66.66666666666666,2
pürgima,alla,1,3,66.66666666666666,2
pürgima,kohale,2,6,66.66666666666666,4
pürgima,välja,3,9,66.66666666666666,6
püsima,alla,1,3,66.66666666666666,2
püsima,eemal,1,3,66.66666666666666,2
püsima,järel,2,6,66.66666666666666,4
püsitama,,2,6,66.66666666666666,4
püstitama,tagasi,1,3,66.66666666666666,2
püüdlema,üles,1,3,66.66666666666666,2
püüdma,sisse,1,3,66.66666666666666,2
rabama,kinni,20,60,66.66666666666666,40
rabelema,maha,1,3,66.66666666666666,2
rabisema,alla,1,3,66.66666666666666,2
raguma,,1,3,66.66666666666666,2
rahvastama,,1,3,66.66666666666666,2
rahvustuma,ümber,1,3,66.66666666666666,2
raidima,,1,3,66.66666666666666,2
rajama,koos,1,3,66.66666666666666,2
rajama,sisse,1,3,66.66666666666666,2
rallitama,,1,3,66.66666666666666,2
ratifitseerima,ära,1,3,66.66666666666666,2
ratuma,,2,6,66.66666666666666,4
ravima,üle,1,3,66.66666666666666,2
reagima,,1,3,66.66666666666666,2
realima,,2,6,66.66666666666666,4
rebima,ots,1,3,66.66666666666666,2
reflekteeruma,,2,6,66.66666666666666,4
registreeruma,üle,1,3,66.66666666666666,2
rehitsema,välja,1,3,66.66666666666666,2
reklaamima,ette,1,3,66.66666666666666,2
renoveerima,kokku,1,3,66.66666666666666,2
rentima,juurde,2,6,66.66666666666666,4
repairima,,1,3,66.66666666666666,2
repetama,,2,6,66.66666666666666,4
resorbeeruma,,1,3,66.66666666666666,2
rihtima,mööda,1,3,66.66666666666666,2
rihtima,välja,2,6,66.66666666666666,4
rikkima,,1,3,66.66666666666666,2
ringlema,kokku,1,3,66.66666666666666,2
ringlema,mööda,1,3,66.66666666666666,2
ripnema,alla,1,3,66.66666666666666,2
rjäägima,,1,3,66.66666666666666,2
robisema,,2,6,66.66666666666666,4
rohkendama,,5,15,66.66666666666666,10
rohmama,,2,6,66.66666666666666,4
ronima,kaasa,1,3,66.66666666666666,2
rookima,ära,1,3,66.66666666666666,2
roolima,välja,1,3,66.66666666666666,2
roomama,järele,1,3,66.66666666666666,2
roomama,maha,1,3,66.66666666666666,2
roomama,mööda,1,3,66.66666666666666,2
roomama,ringi,8,24,66.66666666666666,16
roomama,üles,3,9,66.66666666666666,6
roomuma,,1,3,66.66666666666666,2
rootsistuma,,1,3,66.66666666666666,2
ropsima,täis,4,12,66.66666666666666,8
roteerima,,1,3,66.66666666666666,2
rudisema,,1,3,66.66666666666666,2
rudjuma,,1,3,66.66666666666666,2
rusustuma,,1,3,66.66666666666666,2
ruttama,juurde,1,3,66.66666666666666,2
rändama,ära,4,12,66.66666666666666,8
rässima,,1,3,66.66666666666666,2
rääbima,,1,3,66.66666666666666,2
räägib-kirjutama,,1,3,66.66666666666666,2
rääkima,pärast,2,6,66.66666666666666,4
rääkima,ühte,1,3,66.66666666666666,2
rõõmustama,koos,3,9,66.66666666666666,6
rõõmustama,välja,1,3,66.66666666666666,2
röhkima,,3,9,66.66666666666666,6
röökima,edasi,1,3,66.66666666666666,2
rühkima,järele,4,12,66.66666666666666,8
rühkima,välja,2,6,66.66666666666666,4
ründama,alla,1,3,66.66666666666666,2
ründama,ette,1,3,66.66666666666666,2
ründama,sisse,2,6,66.66666666666666,4
ründama,tagasi,2,6,66.66666666666666,4
ründama,välja,1,3,66.66666666666666,2
rütmistama,,2,6,66.66666666666666,4
rüvetuma,,1,3,66.66666666666666,2
rüüpama,juurde,1,3,66.66666666666666,2
rüüpama,vahele,1,3,66.66666666666666,2
s6itsima,,2,6,66.66666666666666,4
saalima,ringi,8,24,66.66666666666666,16
saama,"ette, ära",1,3,66.66666666666666,2
saama,ilmsiks,4,12,66.66666666666666,8
saama,jaa,1,3,66.66666666666666,2
saama,katki,1,3,66.66666666666666,2
saama,keskel,2,6,66.66666666666666,4
saama,koha,3,9,66.66666666666666,6
saama,"kokku, valmis",1,3,66.66666666666666,2
saama,käsi,1,3,66.66666666666666,2
saama,"lahti, alles",1,3,66.66666666666666,2
saama,pärale,1,3,66.66666666666666,2
saama,ringis,1,3,66.66666666666666,2
saama,"taga, kokku",1,3,66.66666666666666,2
saama,"tagasi, läbi",1,3,66.66666666666666,2
saama,"ära, juurde",1,3,66.66666666666666,2
saama,õlule,1,3,66.66666666666666,2
saandgima,,1,3,66.66666666666666,2
saastama,edasi,1,3,66.66666666666666,2
saatma,ees,1,3,66.66666666666666,2
saatma,pärast,1,3,66.66666666666666,2
saatma,tarvis,1,3,66.66666666666666,2
saatma,väljapoole,1,3,66.66666666666666,2
saatsima,,1,3,66.66666666666666,2
saatuma,,1,3,66.66666666666666,2
saavutama,edasi,1,3,66.66666666666666,2
sadama,alla,63,189,66.66666666666666,126
sadama,kokku,4,12,66.66666666666666,8
sahmama,,3,9,66.66666666666666,6
sakutama,,46,138,66.66666666666666,92
salvestama,kokku,2,6,66.66666666666666,4
sammuma,ette,2,6,66.66666666666666,4
santažeerima,,2,6,66.66666666666666,4
sattuma,ligi,2,6,66.66666666666666,4
sattuma,pealt,1,3,66.66666666666666,2
sattuma,vaja,1,3,66.66666666666666,2
sattuma,üles,1,3,66.66666666666666,2
seadma,alla,6,18,66.66666666666666,12
seadma,lahti,1,3,66.66666666666666,2
seadma,läbi,1,3,66.66666666666666,2
seadma,püsti,4,12,66.66666666666666,8
seadma,ümber,7,21,66.66666666666666,14
sebima,ära,24,72,66.66666666666666,48
sedeldama,,1,3,66.66666666666666,2
segama,edasi,1,3,66.66666666666666,2
segzutama,,1,3,66.66666666666666,2
seilama,edasi,2,6,66.66666666666666,4
seisma,eest,2,6,66.66666666666666,4
seisma,ilma,1,3,66.66666666666666,2
seisma,"püsti, ees",1,3,66.66666666666666,2
seisma,"sees, püsti",1,3,66.66666666666666,2
seisma,sisse,1,3,66.66666666666666,2
seisma,üle,2,6,66.66666666666666,4
seletama,tagasi,1,3,66.66666666666666,2
selgitama,"välja, ringi",1,3,66.66666666666666,2
selguma,alles,8,24,66.66666666666666,16
selguma,läbi,2,6,66.66666666666666,4
selguma,peale,1,3,66.66666666666666,2
sellima,,1,3,66.66666666666666,2
separeeruma,,1,3,66.66666666666666,2
setitama,välja,1,3,66.66666666666666,2
shvipsima,,1,3,66.66666666666666,2
sidestama,,1,3,66.66666666666666,2
sigitama,juurde,1,3,66.66666666666666,2
signaalima,,3,9,66.66666666666666,6
signaalitama,,1,3,66.66666666666666,2
sikerdama,,1,3,66.66666666666666,2
sikima,,4,12,66.66666666666666,8
sikkima,,4,12,66.66666666666666,8
sikutama,kohale,1,3,66.66666666666666,2
silmitsema,kõrvalt,2,6,66.66666666666666,4
siluma,üle,1,3,66.66666666666666,2
sinuma,,1,3,66.66666666666666,2
siristama,peale,1,3,66.66666666666666,2
sirutuma,üles,1,3,66.66666666666666,2
sisaldama,ette,1,3,66.66666666666666,2
sisaldama,valmis,1,3,66.66666666666666,2
siuglema,,13,39,66.66666666666666,26
skaleerima,,2,6,66.66666666666666,4
skandeerima,kaasa,2,6,66.66666666666666,4
skännima,läbi,1,3,66.66666666666666,2
sliipima,,1,3,66.66666666666666,2
sobima,ette,3,9,66.66666666666666,6
sobima,maha,1,3,66.66666666666666,2
sobima,otsa,1,3,66.66666666666666,2
soetuma,,3,9,66.66666666666666,6
sokolaatima,,1,3,66.66666666666666,2
sokutama,kaasa,2,6,66.66666666666666,4
solgerdama,,1,3,66.66666666666666,2
solidariseeruma,,2,6,66.66666666666666,4
sonkima,,13,39,66.66666666666666,26
soojendama,ära,1,3,66.66666666666666,2
soojustama,ära,1,3,66.66666666666666,2
soomendama,,1,3,66.66666666666666,2
soopima,,2,6,66.66666666666666,4
sooritama,ära,2,6,66.66666666666666,4
soostuma,kokku,1,3,66.66666666666666,2
soovima,alla,1,3,66.66666666666666,2
soovima,peale,2,6,66.66666666666666,4
soovima,vaja,1,3,66.66666666666666,2
soovitama,juurde,2,6,66.66666666666666,4
soovitama,otsa,1,3,66.66666666666666,2
soovitama,vaja,1,3,66.66666666666666,2
soovitama,välja,2,6,66.66666666666666,4
sortsama,,1,3,66.66666666666666,2
sosistama,järele,1,3,66.66666666666666,2
sosistama,sisse,3,9,66.66666666666666,6
sotsialiseerima,,1,3,66.66666666666666,2
spurtima,lahti,1,3,66.66666666666666,2
stagneerima,,1,3,66.66666666666666,2
statima,,1,3,66.66666666666666,2
stressama,,7,21,66.66666666666666,14
struktureerima,ümber,1,3,66.66666666666666,2
suitsetama,välja,3,9,66.66666666666666,6
sukelduma,tagasi,2,6,66.66666666666666,4
suksima,,1,3,66.66666666666666,2
sulatama,ühte,1,3,66.66666666666666,2
sulgema,ära,1,3,66.66666666666666,2
sulgema,üle,1,3,66.66666666666666,2
sumistama,,1,3,66.66666666666666,2
sundima,läbi,1,3,66.66666666666666,2
sundima,vastu,1,3,66.66666666666666,2
supsatama,,1,3,66.66666666666666,2
surema,kaasa,1,3,66.66666666666666,2
surema,peale,1,3,66.66666666666666,2
surema,sisse,1,3,66.66666666666666,2
surfama,läbi,2,6,66.66666666666666,4
surgatama,,1,3,66.66666666666666,2
surkima,tagant,1,3,66.66666666666666,2
surramurdma,,1,3,66.66666666666666,2
suruma,katki,1,3,66.66666666666666,2
suruma,takka,3,9,66.66666666666666,6
suruma,viltu,1,3,66.66666666666666,2
suskama,sisse,2,6,66.66666666666666,4
suudlema,läbi,1,3,66.66666666666666,2
suunama,eemale,4,12,66.66666666666666,8
suunama,üle,1,3,66.66666666666666,2
suunduma,järele,1,3,66.66666666666666,2
suusatama,edasi,2,6,66.66666666666666,4
suusatama,kaasa,1,3,66.66666666666666,2
suusatama,tagasi,1,3,66.66666666666666,2
suusatama,välja,3,9,66.66666666666666,6
sylema,,3,9,66.66666666666666,6
sylitama,,2,6,66.66666666666666,4
syvendama,,1,3,66.66666666666666,2
säbrutama,,1,3,66.66666666666666,2
sähvatama,läbi,2,6,66.66666666666666,4
säilima,kokku,1,3,66.66666666666666,2
sälitama,,1,3,66.66666666666666,2
sälkima,,1,3,66.66666666666666,2
särama,läbi,1,3,66.66666666666666,2
särama,üle,1,3,66.66666666666666,2
sõdima,välja,1,3,66.66666666666666,2
sõeluma,läbi,8,24,66.66666666666666,16
sõgestuma,,1,3,66.66666666666666,2
sõidutama,edasi,4,12,66.66666666666666,8
sõidutama,kohale,4,12,66.66666666666666,8
sõimama,ära,9,27,66.66666666666666,18
sõitima,,3,9,66.66666666666666,6
sõitma,"alla, tagasi",1,3,66.66666666666666,2
sõitma,järgi,2,6,66.66666666666666,4
sõitma,"sisse, välja",1,3,66.66666666666666,2
sõitma,tarvis,1,3,66.66666666666666,2
sõitma,"üles, tagasi",1,3,66.66666666666666,2
sõitsima,,1,3,66.66666666666666,2
sõlmima,pärast,1,3,66.66666666666666,2
sõlmuma,kokku,1,3,66.66666666666666,2
sõnama,peale,1,3,66.66666666666666,2
sõnastama,lahti,1,3,66.66666666666666,2
sõtkuma,kinni,2,6,66.66666666666666,4
sõtuma,,1,3,66.66666666666666,2
sõudma,edasi,4,12,66.66666666666666,8
sõõnuma,,1,3,66.66666666666666,2
sõõrduma,,3,9,66.66666666666666,6
söltuma,,8,24,66.66666666666666,16
sörkima,läbi,2,6,66.66666666666666,4
sörkima,välja,1,3,66.66666666666666,2
sööma,seest,1,3,66.66666666666666,2
sööma,taga,1,3,66.66666666666666,2
sööstma,ligi,1,3,66.66666666666666,2
sööstma,läbi,6,18,66.66666666666666,12
sööstma,maha,2,6,66.66666666666666,4
sööstma,ringi,2,6,66.66666666666666,4
söötma,edasi,2,6,66.66666666666666,4
söötma,välja,1,3,66.66666666666666,2
sügama,ära,1,3,66.66666666666666,2
sülelema,,7,21,66.66666666666666,14
sülitama,peale,6,18,66.66666666666666,12
sülitama,täis,2,6,66.66666666666666,4
sündima,lähedal,1,3,66.66666666666666,2
sündnuma,,1,3,66.66666666666666,2
süngestuma,,5,15,66.66666666666666,10
sünkima,,1,3,66.66666666666666,2
sürjutama,,1,3,66.66666666666666,2
süstima,juurde,1,3,66.66666666666666,2
süstima,sisse,5,15,66.66666666666666,10
süüdistama,välja,3,9,66.66666666666666,6
t6estima,,3,9,66.66666666666666,6
t6usnuma,,1,3,66.66666666666666,2
taanduma,ilma,1,3,66.66666666666666,2
taanduma,välja,5,15,66.66666666666666,10
taanima,,2,6,66.66666666666666,4
taaruma,edasi,1,3,66.66666666666666,2
taasavanema,,1,3,66.66666666666666,2
taaskohanema,,2,6,66.66666666666666,4
taassünnitama,,1,3,66.66666666666666,2
taatlema,,3,9,66.66666666666666,6
tabama,tagant,2,6,66.66666666666666,4
tacima,,1,3,66.66666666666666,2
tagama,peale,1,3,66.66666666666666,2
taganema,tagasi,1,3,66.66666666666666,2
taguma,sees,1,3,66.66666666666666,2
taguma,üles,3,9,66.66666666666666,6
tagurdama,kokku,1,3,66.66666666666666,2
tagurdama,tagasi,3,9,66.66666666666666,6
tahtma,kinni,6,18,66.66666666666666,12
tahtma,koha,1,3,66.66666666666666,2
tahtma,koht,1,3,66.66666666666666,2
tahtma,ligi,1,3,66.66666666666666,2
tahtma,mööda,1,3,66.66666666666666,2
tahtma,püsti,2,6,66.66666666666666,4
tahtma,tagant,1,3,66.66666666666666,2
talitama,ringi,1,3,66.66666666666666,2
taltsutama,ära,1,3,66.66666666666666,2
taluma,edasi,1,3,66.66666666666666,2
taluma,tagasi,1,3,66.66666666666666,2
tampima,kinni,2,6,66.66666666666666,4
tampima,läbi,1,3,66.66666666666666,2
tanduma,,1,3,66.66666666666666,2
tantsutama,,2,6,66.66666666666666,4
tappama,ära,1,3,66.66666666666666,2
tarbima,edasi,2,6,66.66666666666666,4
targutama,edasi,1,3,66.66666666666666,2
tarvitama,alla,1,3,66.66666666666666,2
tasaarvestama,,1,3,66.66666666666666,2
tasandama,ära,2,6,66.66666666666666,4
taskima,,1,3,66.66666666666666,2
tasuma,sisse,1,3,66.66666666666666,2
tasuma,taga,1,3,66.66666666666666,2
tatistama,täis,1,3,66.66666666666666,2
taunima,välja,1,3,66.66666666666666,2
teadis-tundma,,1,3,66.66666666666666,2
teadma,kohale,1,3,66.66666666666666,2
teadma,maha,3,9,66.66666666666666,6
teadma,ringi,2,6,66.66666666666666,4
tean-tundma,,1,3,66.66666666666666,2
teatama,kaasa,1,3,66.66666666666666,2
teatama,pärast,1,3,66.66666666666666,2
teatama,püsti,1,3,66.66666666666666,2
teatama,vaja,3,9,66.66666666666666,6
teatraliseerima,,2,6,66.66666666666666,4
teavad-tundma,,4,12,66.66666666666666,8
teerima,,1,3,66.66666666666666,2
tegelema,alles,3,9,66.66666666666666,6
tegelema,ringi,1,3,66.66666666666666,2
tegema,kinni,5,15,66.66666666666666,10
tegema,kutuks,1,3,66.66666666666666,2
tegema,pärani,1,3,66.66666666666666,2
tegema,seest,1,3,66.66666666666666,2
tegema,taga,11,33,66.66666666666666,22
tegema,toona,1,3,66.66666666666666,2
tegema,valmima,4,12,66.66666666666666,8
tegemattama,,1,3,66.66666666666666,2
tegutsema,all,1,3,66.66666666666666,2
tegutsema,ringi,1,3,66.66666666666666,2
teisendama,tagasi,1,3,66.66666666666666,2
tekitama,alla,1,3,66.66666666666666,2
tekitama,sees,1,3,66.66666666666666,2
tekitama,valmis,1,3,66.66666666666666,2
tekkima,lahti,1,3,66.66666666666666,2
tekkima,maha,1,3,66.66666666666666,2
tekkima,peal,1,3,66.66666666666666,2
tekkima,taha,2,6,66.66666666666666,4
telegrafeerima,,2,6,66.66666666666666,4
tendeerima,,3,9,66.66666666666666,6
tenuma,,2,6,66.66666666666666,4
terrima,,1,3,66.66666666666666,2
testima,läbi,1,3,66.66666666666666,2
testima,välja,1,3,66.66666666666666,2
tetrima,,1,3,66.66666666666666,2
tevitama,,1,3,66.66666666666666,2
tiadnuma,,7,21,66.66666666666666,14
tiatuma,,1,3,66.66666666666666,2
tigetsema,ära,1,3,66.66666666666666,2
tihtima,kinni,1,3,66.66666666666666,2
tiirutama,kohal,1,3,66.66666666666666,2
tikkuma,kaasa,1,3,66.66666666666666,2
tiksuma,läbi,1,3,66.66666666666666,2
tilistama,,4,12,66.66666666666666,8
tillitama,,2,6,66.66666666666666,4
tingima,välja,2,6,66.66666666666666,4
tinisema,,4,12,66.66666666666666,8
tippima,üles,1,3,66.66666666666666,2
tipsima,,1,3,66.66666666666666,2
tirkima,,1,3,66.66666666666666,2
tittama,,1,3,66.66666666666666,2
toetama,maha,9,27,66.66666666666666,18
toetama,tagant,1,3,66.66666666666666,2
toetuma,peale,2,6,66.66666666666666,4
tohima,,1,3,66.66666666666666,2
toimetama,koha,1,3,66.66666666666666,2
toimima,tagasi,1,3,66.66666666666666,2
toimuma,koos,2,6,66.66666666666666,4
toitma,peale,1,3,66.66666666666666,2
toksima,ära,1,3,66.66666666666666,2
tolknema,ees,1,3,66.66666666666666,2
tonuma,,1,3,66.66666666666666,2
tooma,heaks,1,3,66.66666666666666,2
tooma,"kaasa, ära",1,3,66.66666666666666,2
tooma,valmis,2,6,66.66666666666666,4
toorutsema,,8,24,66.66666666666666,16
tootma,esile,3,9,66.66666666666666,6
tootma,tarvis,1,3,66.66666666666666,2
tootma,ära,5,15,66.66666666666666,10
toppima,püsti,1,3,66.66666666666666,2
torkama,kokku,1,3,66.66666666666666,2
torkama,kõrvale,1,3,66.66666666666666,2
torkama,maha,1,3,66.66666666666666,2
torkama,ära,2,6,66.66666666666666,4
torkima,vahele,1,3,66.66666666666666,2
tormama,kaasa,3,9,66.66666666666666,6
traageldama,kinni,1,3,66.66666666666666,2
traageldama,ringi,1,3,66.66666666666666,2
trallima,ringi,1,3,66.66666666666666,2
trampima,läbi,1,3,66.66666666666666,2
tramplema,,1,3,66.66666666666666,2
transkribeerima,,1,3,66.66666666666666,2
treeninud-võistlema,,1,3,66.66666666666666,2
trillerdama,,3,9,66.66666666666666,6
troonima,edasi,1,3,66.66666666666666,2
trükkima,kokku,1,3,66.66666666666666,2
tudeerima,läbi,2,6,66.66666666666666,4
tuhima,,1,3,66.66666666666666,2
tuhisema,ringi,6,18,66.66666666666666,12
tuhlama,läbi,2,6,66.66666666666666,4
tuhtima,,1,3,66.66666666666666,2
tuiskama,otsa,1,3,66.66666666666666,2
tuiskama,tagasi,1,3,66.66666666666666,2
tuiskama,vastu,1,3,66.66666666666666,2
tulema,all,8,24,66.66666666666666,16
tulema,"kokku, ette",1,3,66.66666666666666,2
tulema,kusjuures,1,3,66.66666666666666,2
tulema,käibele,18,54,66.66666666666666,36
tulema,"kõrvalt, juurde",1,3,66.66666666666666,2
tulema,pihta,3,9,66.66666666666666,6
tulema,"tagasi, alla",1,3,66.66666666666666,2
tulema,"tagasi, alles",1,3,66.66666666666666,2
tulema,"välja, vastu",1,3,66.66666666666666,2
tulenema,järele,1,3,66.66666666666666,2
tulenema,vastu,1,3,66.66666666666666,2
tundima,,2,6,66.66666666666666,4
tundma,ees,1,3,66.66666666666666,2
tundma,lahti,1,3,66.66666666666666,2
tundma,puudu,1,3,66.66666666666666,2
tunduma,tagasi,2,6,66.66666666666666,4
tunduma,täis,1,3,66.66666666666666,2
tungima,alla,3,9,66.66666666666666,6
tunnenema,,1,3,66.66666666666666,2
tunnetama,läbi,4,12,66.66666666666666,8
tunnuma,ära,1,3,66.66666666666666,2
turtsuma,vastu,1,3,66.66666666666666,2
tutkima,,1,3,66.66666666666666,2
tutvuma,tagasi,1,3,66.66666666666666,2
tydinema,ära,1,3,66.66666666666666,2
tykkima,,1,3,66.66666666666666,2
tädistuma,,1,3,66.66666666666666,2
tähendama,läbi,3,9,66.66666666666666,6
tähendama,valmis,2,6,66.66666666666666,4
tähendama,ära,9,27,66.66666666666666,18
tähistama,läbi,1,3,66.66666666666666,2
tähtsustama,üle,40,120,66.66666666666666,80
täitma,välja,1,3,66.66666666666666,2
tänema,,1,3,66.66666666666666,2
tänitama,edasi,1,3,66.66666666666666,2
tõlgendama,edasi,1,3,66.66666666666666,2
tõmbama,"alt, üles",1,3,66.66666666666666,2
tõmbama,keskele,1,3,66.66666666666666,2
tõmbama,mööda,7,21,66.66666666666666,14
tõmbama,"pealt, ära",1,3,66.66666666666666,2
tõmbama,tagant,1,3,66.66666666666666,2
tõmbama,taha,1,3,66.66666666666666,2
tõmbama,"üles, tagasi",4,12,66.66666666666666,8
tõmblema,kaasa,1,3,66.66666666666666,2
tõmbuma,ligi,1,3,66.66666666666666,2
tõrjuma,ära,3,9,66.66666666666666,6
tõstma,ära,22,66,66.66666666666666,44
tõsuma,,1,3,66.66666666666666,2
tõttama,läbi,1,3,66.66666666666666,2
tõukama,esile,1,3,66.66666666666666,2
tõukama,kõrvale,9,27,66.66666666666666,18
tõusetuma,esile,1,3,66.66666666666666,2
tõusma,järel,2,6,66.66666666666666,4
tõusma,tagant,1,3,66.66666666666666,2
töhendama,,1,3,66.66666666666666,2
töötama,täis,2,6,66.66666666666666,4
töötlema,ära,1,3,66.66666666666666,2
töötlema,üle,1,3,66.66666666666666,2
tühistama,välja,1,3,66.66666666666666,2
tühjuma,,4,12,66.66666666666666,8
tükkama,,1,3,66.66666666666666,2
tükkima,ära,1,3,66.66666666666666,2
tüürima,eemale,1,3,66.66666666666666,2
tüürima,välja,2,6,66.66666666666666,4
uhama,edasi,1,3,66.66666666666666,2
uhama,vastu,1,3,66.66666666666666,2
uhmerdama,läbi,1,3,66.66666666666666,2
uhtma,ära,1,3,66.66666666666666,2
uisutama,mööda,1,3,66.66666666666666,2
ujuma,ette,1,3,66.66666666666666,2
ujuma,mööda,9,27,66.66666666666666,18
ukerdama,üles,1,3,66.66666666666666,2
ulatama,järele,1,3,66.66666666666666,2
ulatama,üle,3,9,66.66666666666666,6
ulatuma,esile,1,3,66.66666666666666,2
ulatuma,järele,1,3,66.66666666666666,2
ulatuma,ligi,5,15,66.66666666666666,10
ulbitsema,,1,3,66.66666666666666,2
ulpima,ringi,1,3,66.66666666666666,2
ununema,sisse,2,6,66.66666666666666,4
unustama,lahti,18,54,66.66666666666666,36
unustama,"ära, ära",1,3,66.66666666666666,2
upitama,alla,1,3,66.66666666666666,2
urisema,vastu,1,3,66.66666666666666,2
uritama,,2,6,66.66666666666666,4
urvima,,1,3,66.66666666666666,2
uskuma,kokku,1,3,66.66666666666666,2
uskuma,peale,3,9,66.66666666666666,6
uskuma,vaja,1,3,66.66666666666666,2
usutriidima,,2,6,66.66666666666666,4
utreerima,üle,1,3,66.66666666666666,2
uurima,pealt,1,3,66.66666666666666,2
v6itima,,2,6,66.66666666666666,4
vaaruma,sisse,1,3,66.66666666666666,2
vaatama,"alt, üles, otsa",1,3,66.66666666666666,2
vaatama,ilma,8,24,66.66666666666666,16
vaatama,kaasa,2,6,66.66666666666666,4
vaatama,täis,3,9,66.66666666666666,6
vaatama,"ära, ära",1,3,66.66666666666666,2
vaatama,"üle, välja",1,3,66.66666666666666,2
vaatlema,välja,1,3,66.66666666666666,2
vabandama,edasi,1,3,66.66666666666666,2
vabastama,alt,1,3,66.66666666666666,2
vaesestuma,,4,12,66.66666666666666,8
vaevlema,edasi,2,6,66.66666666666666,4
vagatsema,,1,3,66.66666666666666,2
vahendama,kokku,4,12,66.66666666666666,8
vahenema,,1,3,66.66666666666666,2
vahetama,kokku,7,21,66.66666666666666,14
vahetama,rahul,1,3,66.66666666666666,2
vahetama,"vastu, välja",2,6,66.66666666666666,4
vahtima,edasi,2,6,66.66666666666666,4
vahtima,tagasi,3,9,66.66666666666666,6
vahtima,ümber,1,3,66.66666666666666,2
vahutama,sisse,1,3,66.66666666666666,2
vahutama,välja,1,3,66.66666666666666,2
vaidlema,lahti,1,3,66.66666666666666,2
vaitnuma,,1,3,66.66666666666666,2
vajama,kohale,1,3,66.66666666666666,2
vajama,kõrvalt,1,3,66.66666666666666,2
vajama,ära,3,9,66.66666666666666,6
vajuma,alt,1,3,66.66666666666666,2
vajuma,edasi,3,9,66.66666666666666,6
vajuma,põlvili,2,6,66.66666666666666,4
vajuma,vastu,2,6,66.66666666666666,4
vajutama,laiali,1,3,66.66666666666666,2
vajutama,maha,2,6,66.66666666666666,4
vajutama,tagasi,1,3,66.66666666666666,2
valama,kinni,1,3,66.66666666666666,2
valama,"välja, peale",1,3,66.66666666666666,2
valdama,kokku,1,3,66.66666666666666,2
valgendama,,12,36,66.66666666666666,24
valgustama,üle,1,3,66.66666666666666,2
valitsema,kokku,2,6,66.66666666666666,4
valitsema,sees,1,3,66.66666666666666,2
vallandama,tagasi,1,3,66.66666666666666,2
valmima,eest,1,3,66.66666666666666,2
valmistama,ära,1,3,66.66666666666666,2
valmistuma,välja,2,6,66.66666666666666,4
valvama,kokku,1,3,66.66666666666666,2
vankuma,eemale,1,3,66.66666666666666,2
vantsima,alla,1,3,66.66666666666666,2
vantsima,tagasi,2,6,66.66666666666666,4
vanutama,,2,6,66.66666666666666,4
varastama,tagasi,3,9,66.66666666666666,6
varastama,välja,1,3,66.66666666666666,2
varisema,laiali,1,3,66.66666666666666,2
varisema,välja,1,3,66.66666666666666,2
varistama,,1,3,66.66666666666666,2
varjama,eest,2,6,66.66666666666666,4
varustama,kokku,1,3,66.66666666666666,2
vastama,alla,3,9,66.66666666666666,6
vastama,tarvis,1,3,66.66666666666666,2
vedama,alla,14,42,66.66666666666666,28
vedama,viltu,16,48,66.66666666666666,32
veerema,ringi,4,12,66.66666666666666,8
veeretama,tagasi,3,9,66.66666666666666,6
vehkima,järele,1,3,66.66666666666666,2
venestama,,1,3,66.66666666666666,2
venima,järele,1,3,66.66666666666666,2
venitama,läbi,2,6,66.66666666666666,4
vevlema,,1,3,66.66666666666666,2
viccima,,1,3,66.66666666666666,2
vigastama,kokku,1,3,66.66666666666666,2
vigastama,vastu,2,6,66.66666666666666,4
vihisema,sisse,2,6,66.66666666666666,4
viiblema,,1,3,66.66666666666666,2
viibutama,,110,330,66.66666666666666,220
viikima,ära,1,3,66.66666666666666,2
viima,otsa,3,9,66.66666666666666,6
viipama,alla,1,3,66.66666666666666,2
viipama,vastu,6,18,66.66666666666666,12
viitama,ära,1,3,66.66666666666666,2
viitsima,kinni,1,3,66.66666666666666,2
viitsima,valmis,1,3,66.66666666666666,2
viksima,ära,1,3,66.66666666666666,2
vilgatama,,3,9,66.66666666666666,6
viljuma,,13,39,66.66666666666666,26
vinama,,2,6,66.66666666666666,4
vingerdama,üles,1,3,66.66666666666666,2
vingutama,,4,12,66.66666666666666,8
vinnama,kohale,1,3,66.66666666666666,2
vinnama,välja,4,12,66.66666666666666,8
vinoteegima,,1,3,66.66666666666666,2
virendama,,1,3,66.66666666666666,2
virtsama,,1,3,66.66666666666666,2
virutama,läbi,1,3,66.66666666666666,2
virutama,mööda,1,3,66.66666666666666,2
virutama,pihta,1,3,66.66666666666666,2
virutama,välja,2,6,66.66666666666666,4
visioneerima,,1,3,66.66666666666666,2
viskama,"alt, mööda",1,3,66.66666666666666,2
viskama,heaks,2,6,66.66666666666666,4
viskuma,püsti,3,9,66.66666666666666,6
vohama,,179,537,66.66666666666666,358
vokkima,,1,3,66.66666666666666,2
vonksutama,,1,3,66.66666666666666,2
vooderdama,ära,1,3,66.66666666666666,2
voolama,all,1,3,66.66666666666666,2
vormima,valmis,1,3,66.66666666666666,2
votima,,1,3,66.66666666666666,2
vudima,alla,1,3,66.66666666666666,2
vudima,järele,1,3,66.66666666666666,2
vuhama,mööda,1,3,66.66666666666666,2
vuhisema,tagasi,1,3,66.66666666666666,2
vulksuma,,1,3,66.66666666666666,2
vuntsima,üles,4,12,66.66666666666666,8
vurisema,välja,1,3,66.66666666666666,2
vxitima,,1,3,66.66666666666666,2
vägistama,alla,1,3,66.66666666666666,2
vägistama,vastu,1,3,66.66666666666666,2
vägistama,ära,28,84,66.66666666666666,56
vähenema,järele,1,3,66.66666666666666,2
väitma,ära,1,3,66.66666666666666,2
väljandama,,1,3,66.66666666666666,2
väljendama,kokku,1,3,66.66666666666666,2
väljendama,läbi,1,3,66.66666666666666,2
väsima,läbi,1,3,66.66666666666666,2
väsima,ringi,1,3,66.66666666666666,2
vääksutama,,1,3,66.66666666666666,2
väärima,ette,1,3,66.66666666666666,2
väärindama,,4,12,66.66666666666666,8
võiduma,vaja,5,15,66.66666666666666,10
võima,ilma,1,3,66.66666666666666,2
võimaldama,alla,1,3,66.66666666666666,2
võimendama,üle,9,27,66.66666666666666,18
võimlema,edasi,1,3,66.66666666666666,2
võistima,,1,3,66.66666666666666,2
võistlema,alla,1,3,66.66666666666666,2
võistlema,peale,1,3,66.66666666666666,2
võitlema,ette,1,3,66.66666666666666,2
võitlema,koos,3,9,66.66666666666666,6
võitma,edasi,2,6,66.66666666666666,4
võitma,maha,1,3,66.66666666666666,2
võitma,rahul,1,3,66.66666666666666,2
võitma,ümber,1,3,66.66666666666666,2
võitsima,,1,3,66.66666666666666,2
võluma,edasi,1,3,66.66666666666666,2
võrdlema,edasi,1,3,66.66666666666666,2
võrdustuma,,1,3,66.66666666666666,2
võsuma,,4,12,66.66666666666666,8
võtima,välja,1,3,66.66666666666666,2
võtma,ilma,5,15,66.66666666666666,10
võtma,"ilma, kokku",1,3,66.66666666666666,2
võtma,"kokku, välja",1,3,66.66666666666666,2
võtma,"peale, ära",1,3,66.66666666666666,2
võtma,"vastu, vastu",1,3,66.66666666666666,2
võtma,"vastu, välja",1,3,66.66666666666666,2
võtma,"ära, vastu",1,3,66.66666666666666,2
võtma,"ümber, kinni",1,3,66.66666666666666,2
vöistlema,,2,6,66.66666666666666,4
vötnuma,ette,1,3,66.66666666666666,2
vöttima,tagasi,1,3,66.66666666666666,2
waikkima,,1,3,66.66666666666666,2
webgirllaulma,,1,3,66.66666666666666,2
wärkima,,1,3,66.66666666666666,2
xiidima,,1,3,66.66666666666666,2
ylbitsema,,7,21,66.66666666666666,14
ytlema,tagasi,1,3,66.66666666666666,2
äbenema,,3,9,66.66666666666666,6
äffardama,,4,12,66.66666666666666,8
äpardama,,1,3,66.66666666666666,2
ära,maha,1,3,66.66666666666666,2
ära,vaja,1,3,66.66666666666666,2
ärritama,ära,1,3,66.66666666666666,2
äägima,,1,3,66.66666666666666,2
äästima,,3,9,66.66666666666666,6
õgvenema,,1,3,66.66666666666666,2
õhustama,,1,3,66.66666666666666,2
õhutama,edasi,1,3,66.66666666666666,2
õlitama,ära,3,9,66.66666666666666,6
õllejoomima,,1,3,66.66666666666666,2
õmblema,läbi,2,6,66.66666666666666,4
õnnestuma,kinni,1,3,66.66666666666666,2
õnnestuma,lahti,1,3,66.66666666666666,2
õnnestuma,sisse,1,3,66.66666666666666,2
õnnestuma,vaja,1,3,66.66666666666666,2
õnnestuma,valmis,1,3,66.66666666666666,2
õpetama,lahti,1,3,66.66666666666666,2
õpetama,sisse,1,3,66.66666666666666,2
õpetama,tagasi,1,3,66.66666666666666,2
õppima,otsa,1,3,66.66666666666666,2
õppima,pealt,1,3,66.66666666666666,2
õppima,tagasi,1,3,66.66666666666666,2
õudnuma,,1,3,66.66666666666666,2
öeldkima,,1,3,66.66666666666666,2
öenuma,,2,6,66.66666666666666,4
ühendama,ära,19,57,66.66666666666666,38
ühendama,ümber,1,3,66.66666666666666,2
ühenduma,läbi,1,3,66.66666666666666,2
ühinema,vastu,1,3,66.66666666666666,2
üidima,,1,3,66.66666666666666,2
üksipäinima,,1,3,66.66666666666666,2
ületama,alla,2,6,66.66666666666666,4
üleäänuma,,1,3,66.66666666666666,2
üritama,tagasi,1,3,66.66666666666666,2
ütlema,kokku,6,18,66.66666666666666,12
üüdima,,1,3,66.66666666666666,2
üüdistama,,1,3,66.66666666666666,2
lülitama,välja,541,1625,66.70769230769231,1084
lisanduma,,5483,16471,66.71118936312307,10988
võpatama,,218,655,66.7175572519084,437
näppima,,216,649,66.71802773497689,433
pommitama,,428,1286,66.7185069984448,858
kummardama,,325,977,66.73490276356192,652
lööma,sisse,159,478,66.73640167364016,319
keema,,307,924,66.77489177489177,617
ehmuma,,402,1210,66.77685950413223,808
elavdama,,176,530,66.79245283018868,354
vihtuma,,86,259,66.79536679536679,173
murdma,läbi,168,506,66.79841897233202,338
kütma,üles,162,488,66.80327868852459,326
lükkuma,edasi,647,1949,66.8034889687019,1302
konkureerima,,808,2434,66.80361544782252,1626
tunglema,,160,482,66.80497925311202,322
kerjama,,79,238,66.80672268907563,159
lükkama,sisse,75,226,66.8141592920354,151
fantaseerima,,73,220,66.81818181818183,147
kraapima,,142,428,66.82242990654206,286
pedaalima,,64,193,66.83937823834198,129
litsuma,,55,166,66.86746987951807,111
hüppama,,2530,7638,66.87614558785022,5108
pistma,sisse,52,157,66.87898089171973,105
mölisema,,518,1564,66.87979539641944,1046
maksma,tagasi,398,1202,66.88851913477536,804
laienema,,2188,6615,66.92365835222978,4427
tulema,alles,42,127,66.92913385826772,85
venitama,,659,1993,66.93426994480683,1334
kärssama,,41,124,66.93548387096774,83
nõrgenema,,451,1366,66.98389458272328,915
tegema,heaks,69,209,66.98564593301435,140
prahvatama,,67,203,66.99507389162561,136
lõikuma,,132,400,67,268
oksendama,,164,497,67.0020120724346,333
uurima,välja,193,585,67.008547008547,392
häälestama,,128,388,67.0103092783505,260
sõitma,koos,32,97,67.0103092783505,65
kohutama,,155,470,67.02127659574468,315
vaatama,,26001,78848,67.02389407467533,52847
pürgima,,700,2123,67.02779086198775,1423
normaliseeruma,,91,276,67.02898550724638,185
kiiskama,,30,91,67.03296703296702,61
pehmenema,,30,91,67.03296703296702,61
kraapima,kokku,29,88,67.04545454545455,59
minema,kaasa,602,1827,67.04980842911877,1225
rügama,,142,431,67.05336426914154,289
sikutama,,226,686,67.05539358600583,460
kolksatama,,28,85,67.05882352941175,57
käima,koha,28,85,67.05882352941175,57
kaikuma,,135,410,67.07317073170732,275
kümnekordistuma,,26,79,67.08860759493672,53
pealkirjastama,,102,310,67.0967741935484,208
suitsetama,,1096,3331,67.09696787751426,2235
killustuma,,75,228,67.10526315789474,153
õõtsuma,,73,222,67.11711711711712,149
pudenema,,499,1518,67.12779973649539,1019
otsima,üles,496,1509,67.13055003313453,1013
vajutama,,1303,3967,67.15402067053189,2664
blokeeruma,,22,67,67.16417910447761,45
liipama,,22,67,67.16417910447761,45
olema,taga,44,134,67.16417910447761,90
käima,kaasas,613,1867,67.16657739689342,1254
käima,sisse,43,131,67.17557251908397,88
veritsema,,43,131,67.17557251908397,88
sõltuma,,11065,33713,67.17883309109246,22648
jahtuma,ära,21,64,67.1875,43
pruunistuma,,21,64,67.1875,43
särisema,,41,125,67.2,84
tuhmuma,,123,375,67.2,252
kündma,,102,311,67.20257234726688,209
tõstatama,,713,2174,67.2033118675253,1461
kihama,,101,308,67.20779220779221,207
lõikama,,1650,5032,67.20985691573927,3382
käima,ette,20,61,67.21311475409836,41
kõrgendama,,20,61,67.21311475409836,41
nätsutama,,20,61,67.21311475409836,41
tuhlama,,20,61,67.21311475409836,41
voolama,läbi,40,122,67.21311475409836,82
motlema,,39,119,67.22689075630252,80
lajatama,,229,699,67.23891273247496,470
paistetama,,19,58,67.24137931034483,39
paigutuma,,131,400,67.25,269
teadma,,75433,230392,67.25884579325671,154959
spekuleerima,,184,562,67.25978647686833,378
alarmeerima,,18,55,67.27272727272727,37
kiunuma,,36,110,67.27272727272727,74
spurtima,,288,880,67.27272727272727,592
kandma,üle,297,908,67.29074889867842,611
sukelduma,,366,1119,67.29222520107238,753
urgitsema,,52,159,67.29559748427673,107
keerutama,,551,1685,67.29970326409496,1134
annulleerima,,16,49,67.3469387755102,33
immitsema,,48,147,67.3469387755102,99
langema,sisse,32,98,67.3469387755102,66
pidama,nõus,32,98,67.3469387755102,66
põmmutama,,16,49,67.3469387755102,33
ronima,alla,48,147,67.3469387755102,99
suruma,tagasi,16,49,67.3469387755102,33
tegema,alles,16,49,67.3469387755102,33
turritama,välja,16,49,67.3469387755102,33
põletama,ära,95,291,67.35395189003437,196
rahulduma,,126,386,67.35751295336787,260
panema,kinni,1256,3848,67.35966735966737,2592
liikuma,kaasa,31,95,67.36842105263158,64
mõlgutama,,151,463,67.3866090712743,312
jääma,kimpu,15,46,67.3913043478261,31
kleepima,külge,15,46,67.3913043478261,31
klõpsatama,kinni,15,46,67.3913043478261,31
kreemitama,,15,46,67.3913043478261,31
ostma,välja,165,506,67.3913043478261,341
paiskuma,otsa,30,92,67.3913043478261,62
saama,eest,15,46,67.3913043478261,31
tuiama,ringi,15,46,67.3913043478261,31
plaanitsema,,104,319,67.39811912225704,215
kihluma,,74,227,67.40088105726872,153
värvuma,,74,227,67.40088105726872,153
harrastama,,646,1982,67.4066599394551,1336
ründama,,3274,10046,67.40991439378857,6772
jälgima,,4732,14521,67.41271262309758,9789
hakkama,välja,29,89,67.41573033707866,60
loivama,,29,89,67.41573033707866,60
lõõskama,,29,89,67.41573033707866,60
vaatlema,,737,2262,67.41821396993811,1525
aretama,,86,264,67.42424242424242,178
distsiplineerima,,100,307,67.42671009771986,207
tõstma,üles,397,1219,67.43232157506152,822
kuivatama,ära,28,86,67.44186046511628,58
lendama,kokku,14,43,67.44186046511628,29
lipitsema,,14,43,67.44186046511628,29
särtsuma,,14,43,67.44186046511628,29
töötama,läbi,126,387,67.44186046511628,261
viilima,,42,129,67.44186046511628,87
langema,,11837,36357,67.44230822125039,24520
pöörama,ümber,111,341,67.44868035190615,230
rikkuma,ära,527,1619,67.44904261890056,1092
võluma,välja,41,126,67.46031746031747,85
armatsema,,27,83,67.46987951807229,56
seadistama,,27,83,67.46987951807229,56
prevaleerima,,67,206,67.47572815533981,139
muunduma,,107,329,67.47720364741642,222
pudenema,maha,40,123,67.47967479674797,83
vilistama,,397,1221,67.48566748566749,824
arvutama,,569,1750,67.48571428571428,1181
tulema,,205318,631483,67.48637730548566,426165
vahetama,,3457,10633,67.4880090284962,7176
hiilima,kõrvale,79,243,67.48971193415639,164
asetama,tagasi,13,40,67.5,27
eenduma,,13,40,67.5,27
kalestuma,,13,40,67.5,27
murdma,kokku,13,40,67.5,27
ruttama,kohale,13,40,67.5,27
tõmbama,ringi,26,80,67.5,54
kiljuma,,116,357,67.50700280112045,241
lendama,välja,256,788,67.51269035532995,532
sõitma,tagasi,317,976,67.52049180327869,659
ühendama,lahti,25,77,67.53246753246754,52
tegema,"otsa, lahti",62,191,67.5392670157068,129
surisema,,86,265,67.54716981132076,179
kostma,,3144,9688,67.54748142031379,6544
naeratama,vastu,49,151,67.54966887417218,102
hüüdma,välja,12,37,67.56756756756756,25
kumama,vastu,12,37,67.56756756756756,25
lastima,,12,37,67.56756756756756,25
lõdvenema,,24,74,67.56756756756756,50
riputama,külge,12,37,67.56756756756756,25
saama,rahul,12,37,67.56756756756756,25
sisima,,12,37,67.56756756756756,25
vajutama,peale,12,37,67.56756756756756,25
jätkuma,,13338,41129,67.57032750613922,27791
astuma,,7843,24188,67.57483049446006,16345
langetama,,2213,6825,67.57509157509158,4612
ekslema,,94,290,67.58620689655173,196
vaatama,tagasi,222,685,67.5912408759124,463
vajama,juurde,35,108,67.5925925925926,73
piitsutama,,58,179,67.59776536312849,121
praktiseerima,,139,429,67.5990675990676,290
olema,välja,104,321,67.601246105919,217
minema,viltu,23,71,67.6056338028169,48
hõõruma,,319,985,67.61421319796955,666
hääletama,maha,91,281,67.61565836298932,190
kurvastama,,476,1471,67.64106050305915,995
hoidma,üleval,11,34,67.64705882352942,23
jõudma,peale,11,34,67.64705882352942,23
katkestama,ära,11,34,67.64705882352942,23
kutsuma,kõrvale,11,34,67.64705882352942,23
loopima,maha,11,34,67.64705882352942,23
lörtsima,ära,11,34,67.64705882352942,23
panema,kohale,11,34,67.64705882352942,23
pimenema,,22,68,67.64705882352942,46
plämama,,11,34,67.64705882352942,23
promeneerima,,11,34,67.64705882352942,23
pätsama,,11,34,67.64705882352942,23
põrkama,,374,1156,67.64705882352942,782
sõimama,,839,2594,67.65612952968388,1755
rihtima,,65,201,67.66169154228857,136
avanema,,3552,10986,67.66794101583834,7434
noppima,välja,43,133,67.66917293233082,90
selekteerima,välja,32,99,67.67676767676768,67
põimima,,85,263,67.68060836501901,178
rahuldama,,2394,7408,67.68358531317494,5014
tegema,ilma,233,721,67.68377253814147,488
põristama,,63,195,67.6923076923077,132
jääma,võlgu,208,644,67.70186335403726,436
ehitama,üles,311,963,67.70508826583594,652
tõrjuma,tagasi,62,192,67.70833333333334,130
keerama,sisse,41,127,67.71653543307087,86
munema,,164,508,67.71653543307087,344
helistama,,6146,19038,67.71719718457821,12892
haavama,,324,1004,67.72908366533864,680
libistama,,182,564,67.73049645390071,382
finisheerima,,50,155,67.74193548387096,105
garaazima,,10,31,67.74193548387096,21
kikkima,,10,31,67.74193548387096,21
kükkima,,10,31,67.74193548387096,21
külvama,maha,10,31,67.74193548387096,21
legitimeerima,,10,31,67.74193548387096,21
lööma,rindu,10,31,67.74193548387096,21
mahendama,,40,124,67.74193548387096,84
mötlema,,30,93,67.74193548387096,63
pidama,alla,10,31,67.74193548387096,21
pildistama,üles,10,31,67.74193548387096,21
pugema,tagasi,10,31,67.74193548387096,21
taguma,kokku,10,31,67.74193548387096,21
tõukama,ära,20,62,67.74193548387096,42
ühtlustuma,,130,403,67.74193548387096,273
närima,,455,1411,67.75336640680368,956
lüpsma,,148,459,67.75599128540306,311
olema,nõus,8901,27610,67.76168055052517,18709
koksama,,49,152,67.76315789473685,103
kolima,ümber,29,90,67.77777777777779,61
jääma,püsti,135,419,67.78042959427208,284
sulguma,,461,1431,67.78476589797344,970
jooksma,tagasi,48,149,67.78523489932886,101
kujutama,ette,3914,12150,67.78600823045268,8236
tormama,,1350,4191,67.7881173944166,2841
passima,peale,19,59,67.79661016949152,40
pöörama,ette,19,59,67.79661016949152,40
subsideerima,,38,118,67.79661016949152,80
tassima,laiali,19,59,67.79661016949152,40
võdisema,,19,59,67.79661016949152,40
ängistama,,19,59,67.79661016949152,40
lööma,külge,47,146,67.8082191780822,99
uputama,ära,28,87,67.81609195402298,59
juhtima,kõrvale,37,115,67.82608695652173,78
käristama,,64,199,67.8391959798995,135
aktualiseerima,,9,28,67.85714285714286,19
andma,ilma,9,28,67.85714285714286,19
delegeerima,edasi,9,28,67.85714285714286,19
imema,ära,9,28,67.85714285714286,19
jaotama,ümber,9,28,67.85714285714286,19
jõhkrutsema,,9,28,67.85714285714286,19
kostma,läbi,27,84,67.85714285714286,57
kõvastuma,,9,28,67.85714285714286,19
ligunema,läbi,9,28,67.85714285714286,19
mailima,,9,28,67.85714285714286,19
nottima,maha,27,84,67.85714285714286,57
pakkima,lahti,36,112,67.85714285714286,76
selguma,edasi,9,28,67.85714285714286,19
shoppama,,9,28,67.85714285714286,19
taastekkima,,9,28,67.85714285714286,19
terendama,ees,9,28,67.85714285714286,19
kolima,,2480,7716,67.8589942975635,5236
tõmbama,alla,107,333,67.86786786786787,226
sokutama,,231,719,67.87204450625869,488
jääma,edasi,284,884,67.87330316742081,600
võtma,maha,1562,4862,67.87330316742081,3300
nähtuma,,1196,3723,67.87536932581251,2527
laamendama,,106,330,67.87878787878789,224
suretama,,44,137,67.88321167883211,93
jahmatama,,210,654,67.88990825688074,444
jõllitama,,140,436,67.88990825688074,296
liigituma,,70,218,67.88990825688074,148
saagima,,192,598,67.89297658862876,406
mäluma,,26,81,67.90123456790124,55
kammima,,147,458,67.90393013100436,311
tögama,,43,134,67.91044776119402,91
tarima,,60,187,67.9144385026738,127
lootsima,,589,1836,67.9193899782135,1247
hakkama,kinni,51,159,67.9245283018868,108
kahisema,,34,106,67.9245283018868,72
kolima,kokku,17,53,67.9245283018868,36
kükitama,maha,17,53,67.9245283018868,36
nõudma,taga,17,53,67.9245283018868,36
rehabiliteerima,,34,106,67.9245283018868,72
segama,sisse,17,53,67.9245283018868,36
tuiskama,ringi,17,53,67.9245283018868,36
teietama,,42,131,67.93893129770993,89
venima,,1662,5184,67.93981481481481,3522
viibima,,6763,21100,67.9478672985782,14337
ihkama,tagasi,25,78,67.94871794871796,53
puiklema,,25,78,67.94871794871796,53
rahustama,maha,75,234,67.94871794871796,159
tõmbama,kõrvale,25,78,67.94871794871796,53
nõutama,,191,596,67.9530201342282,405
marssima,,512,1598,67.95994993742178,1086
käima,koht,33,103,67.96116504854369,70
kinnituma,,254,793,67.96973518284993,539
kasseerima,sisse,49,153,67.97385620915033,104
minema,järele,147,459,67.97385620915033,312
tegema,,120539,376565,67.98985566900801,256026
kehtima,,9857,30801,67.99779227947144,20944
hälbima,,32,100,68,68
kulutama,läbi,8,25,68,17
liduma,,32,100,68,68
lööma,segi,8,25,68,17
nõeluma,,16,50,68,34
nühkima,maha,8,25,68,17
opereerima,välja,8,25,68,17
püsima,ees,8,25,68,17
suunama,tagasi,16,50,68,34
sättima,kokku,8,25,68,17
tahtma,lahti,8,25,68,17
tegutsema,koos,16,50,68,34
tuustima,,8,25,68,17
uimama,,16,50,68,34
vedama,ette,8,25,68,17
vedima,,8,25,68,17
visiteerima,,8,25,68,17
pistma,välja,103,322,68.01242236024845,219
patustama,,149,466,68.02575107296137,317
pidurduma,,234,732,68.0327868852459,498
segama,,3656,11442,68.04754413564062,7786
kanduma,edasi,131,410,68.04878048780488,279
värvima,,390,1221,68.05896805896806,831
elutsema,,145,454,68.06167400881057,309
toppima,,654,2048,68.06640625,1394
kasutama,,19371,60667,68.0699556595843,41296
hakkama,,75078,235159,68.07351621668744,160081
nuhtlema,,83,260,68.07692307692308,177
tõusma,püsti,603,1889,68.07834833245103,1286
breikima,,15,47,68.08510638297872,32
eputama,,60,188,68.08510638297872,128
kroolima,,15,47,68.08510638297872,32
mõõtma,välja,15,47,68.08510638297872,32
rapsima,,45,141,68.08510638297872,96
tirima,kaasa,15,47,68.08510638297872,32
väetama,,30,94,68.08510638297872,64
seadma,sisse,382,1197,68.08688387635756,815
seiskuma,,478,1498,68.09078771695593,1020
klõpsama,,52,163,68.09815950920245,111
rühmama,,22,69,68.11594202898551,47
liitma,kokku,73,229,68.12227074235808,156
piiritlema,,79,248,68.14516129032258,169
domineerima,,1019,3200,68.15625,2181
kõrbema,,191,600,68.16666666666666,409
inspireerima,,302,949,68.17702845100105,647
karikeerima,,7,22,68.18181818181817,15
kasutama,alla,7,22,68.18181818181817,15
kerima,alla,7,22,68.18181818181817,15
kinkima,edasi,7,22,68.18181818181817,15
kleepuma,külge,14,44,68.18181818181817,30
konserveeruma,,7,22,68.18181818181817,15
kraapima,välja,14,44,68.18181818181817,30
käima,lukku,7,22,68.18181818181817,15
linnastuma,,28,88,68.18181818181817,60
lõrisema,,21,66,68.18181818181817,45
minema,koha,7,22,68.18181818181817,15
naerma,edasi,7,22,68.18181818181817,15
niutsuma,,21,66,68.18181818181817,45
olema,"edasi, vaja",14,44,68.18181818181817,30
ostma,täis,7,22,68.18181818181817,15
ostustama,,7,22,68.18181818181817,15
pakkuma,läbi,7,22,68.18181818181817,15
peitma,sisse,7,22,68.18181818181817,15
pirisema,,21,66,68.18181818181817,45
pühkima,üle,7,22,68.18181818181817,15
riivima,,14,44,68.18181818181817,30
ripsutama,,14,44,68.18181818181817,30
ronima,ära,7,22,68.18181818181817,15
rändama,edasi,28,88,68.18181818181817,60
saama,"üle, ümber",21,66,68.18181818181817,45
sobrama,,56,176,68.18181818181817,120
sussutama,,7,22,68.18181818181817,15
vedama,järel,14,44,68.18181818181817,30
vinditama,,7,22,68.18181818181817,15
nautima,,2404,7556,68.18422445738486,5152
jalutama,,1121,3525,68.19858156028369,2404
lükkama,,1890,5946,68.21392532795156,4056
tormama,kohale,34,107,68.22429906542055,73
muganduma,,27,85,68.23529411764706,58
paanitsema,,27,85,68.23529411764706,58
tarvitsema,,626,1971,68.23947234906139,1345
laskma,läbi,424,1335,68.23970037453184,911
kergitama,üles,20,63,68.25396825396825,43
määrima,peale,20,63,68.25396825396825,43
pulseerima,,20,63,68.25396825396825,43
tegema,peale,100,315,68.25396825396825,215
vaaritama,,40,126,68.25396825396825,86
astuma,kõrvale,126,397,68.26196473551637,271
saatma,ära,159,501,68.26347305389223,342
andma,üle,1448,4563,68.26649134341442,3115
ohjeldama,,66,208,68.26923076923077,142
tahendama,,33,104,68.26923076923077,71
saama,valmis,1365,4302,68.27057182705718,2937
uuendama,,454,1431,68.27393431167016,977
naasma,,2556,8057,68.27603326300111,5501
ajama,kokku,150,473,68.28752642706131,323
andma,üles,195,615,68.29268292682927,420
hakkima,,78,246,68.29268292682927,168
hüppama,alt,13,41,68.29268292682927,28
panema,taha,26,82,68.29268292682927,56
sõitma,kõrvale,13,41,68.29268292682927,28
tegema,vastu,26,82,68.29268292682927,56
tulema,ringi,13,41,68.29268292682927,28
voolama,,1222,3854,68.29268292682927,2632
tarvitama,,1122,3539,68.29612884995761,2417
välkuma,,84,265,68.30188679245282,181
sättima,,736,2322,68.30318690783808,1586
saabuma,,10240,32308,68.30506376129752,22068
hirnuma,,45,142,68.30985915492957,97
lämbuma,,115,363,68.31955922865014,248
võrdsustuma,,83,262,68.32061068702289,179
kärpima,,440,1389,68.32253419726422,949
kuulama,,5602,17685,68.32343794175854,12083
ulguma,,89,281,68.32740213523132,192
kuulma,,15083,47627,68.33098872488294,32544
laotama,laiali,38,120,68.33333333333333,82
naksuma,,19,60,68.33333333333333,41
rippuma,alla,19,60,68.33333333333333,41
astuma,mööda,25,79,68.35443037974683,54
nokkima,,225,711,68.35443037974683,486
heitlema,,287,907,68.35722160970231,620
jätma,välja,405,1280,68.359375,875
loojuma,,118,373,68.36461126005362,255
andma,edasi,618,1954,68.37256908904811,1336
suudlema,,611,1932,68.37474120082815,1321
lagunema,laiali,37,117,68.37606837606837,80
startima,,1597,5050,68.37623762376238,3453
kauplema,,454,1436,68.38440111420613,982
tüdima,,288,911,68.38638858397366,623
komberdama,,55,174,68.39080459770115,119
põrkuma,kokku,55,174,68.39080459770115,119
lõhkuma,ära,189,598,68.39464882943143,409
hellitama,,243,769,68.40052015604682,526
rikastama,,224,709,68.4062059238364,485
investeerima,,1648,5218,68.41701801456497,3570
absolutiseerima,,12,38,68.42105263157895,26
arvestama,kokku,30,95,68.42105263157895,65
higistama,välja,6,19,68.42105263157895,13
joonistama,täis,6,19,68.42105263157895,13
kaitsema,ära,6,19,68.42105263157895,13
kandma,alla,6,19,68.42105263157895,13
killima,,12,38,68.42105263157895,26
lakkuma,ära,6,19,68.42105263157895,13
lokaliseeruma,,12,38,68.42105263157895,26
lootma,tagasi,6,19,68.42105263157895,13
loputama,,102,323,68.42105263157895,221
lööma,pihta,6,19,68.42105263157895,13
maksma,"välja, kokku",6,19,68.42105263157895,13
minema,pealt,6,19,68.42105263157895,13
moondama,,24,76,68.42105263157895,52
murenema,,78,247,68.42105263157895,169
mütlema,,6,19,68.42105263157895,13
müürima,,6,19,68.42105263157895,13
näima,kõrvalt,6,19,68.42105263157895,13
näima,läbi,6,19,68.42105263157895,13
piketeerima,,54,171,68.42105263157895,117
pissitama,,6,19,68.42105263157895,13
ristuma,,126,399,68.42105263157895,273
skandaalitsema,,12,38,68.42105263157895,26
suitsetama,ära,6,19,68.42105263157895,13
suruma,lahti,6,19,68.42105263157895,13
suruma,maha,168,532,68.42105263157895,364
sõitma,"pealt, ära",6,19,68.42105263157895,13
tahuma,,6,19,68.42105263157895,13
tegema,säru,12,38,68.42105263157895,26
tihkuma,,24,76,68.42105263157895,52
toibutama,,6,19,68.42105263157895,13
tulema,sealtpoolt,6,19,68.42105263157895,13
tundma,välja,6,19,68.42105263157895,13
uhama,mööda,6,19,68.42105263157895,13
viskama,püsti,12,38,68.42105263157895,26
ühtuma,,6,19,68.42105263157895,13
masenduma,,65,206,68.44660194174757,141
sobitama,,112,355,68.45070422535211,243
üürgama,,53,168,68.45238095238095,115
ikalduma,,47,149,68.45637583892618,102
laiendama,,725,2300,68.47826086956522,1575
risustama,,87,276,68.47826086956522,189
helendama,,121,384,68.48958333333334,263
hävinema,,121,384,68.48958333333334,263
varisema,,301,956,68.51464435146444,655
kolmekordistama,,17,54,68.51851851851852,37
kõmmutama,maha,17,54,68.51851851851852,37
müksama,,68,216,68.51851851851852,148
raagima,,17,54,68.51851851851852,37
reglementeerima,,51,162,68.51851851851852,111
sitsima,,17,54,68.51851851851852,37
nutma,,1627,5169,68.52389243567421,3542
loosima,välja,107,340,68.52941176470588,233
lakkama,,702,2231,68.5342895562528,1529
moosima,,28,89,68.53932584269663,61
põrisema,,28,89,68.53932584269663,61
trükkima,välja,28,89,68.53932584269663,61
harima,,234,744,68.54838709677419,510
küdema,,39,124,68.54838709677419,85
vaatama,maha,39,124,68.54838709677419,85
kolima,välja,128,407,68.55036855036855,279
muserdama,,50,159,68.55345911949685,109
kerima,,272,865,68.55491329479769,593
jooma,ära,265,843,68.56465005931199,578
karastama,,55,175,68.57142857142857,120
lipendama,,11,35,68.57142857142857,24
lukustuma,,22,70,68.57142857142857,48
pesema,ära,55,175,68.57142857142857,120
põrutama,ära,11,35,68.57142857142857,24
seisma,ära,11,35,68.57142857142857,24
sorteerima,välja,11,35,68.57142857142857,24
sööstma,ette,11,35,68.57142857142857,24
sünkroniseerima,,11,35,68.57142857142857,24
ukerdama,,66,210,68.57142857142857,144
astuma,välja,822,2616,68.57798165137615,1794
sirutama,välja,93,296,68.58108108108108,203
suvitama,,76,242,68.59504132231406,166
uluma,,76,242,68.59504132231406,166
rabama,,667,2124,68.5969868173258,1457
müüma,maha,1036,3301,68.61557103907907,2265
jätma,järele,128,408,68.62745098039215,280
looma,kaasa,144,459,68.62745098039215,315
luksuma,,16,51,68.62745098039215,35
lööma,,7999,25497,68.62768168804173,17498
rebima,lahti,165,526,68.63117870722434,361
kiusama,,415,1323,68.63189720332578,908
kiirustama,,1136,3622,68.63611264494754,2486
tõmbama,täis,58,185,68.64864864864865,127
klõbistama,,79,252,68.65079365079364,173
põdema,,1278,4077,68.65342163355407,2799
diferentseeruma,,21,67,68.65671641791045,46
käima,kaasa,21,67,68.65671641791045,46
taandarenema,,21,67,68.65671641791045,46
vajutama,kinni,21,67,68.65671641791045,46
kõndima,edasi,47,150,68.66666666666667,103
kuulutama,ette,26,83,68.67469879518072,57
tunnistama,üles,546,1743,68.67469879518072,1197
kuulama,läbi,31,99,68.68686868686868,68
kogunema,,5654,18062,68.69671132764921,12408
liigitama,,185,591,68.69712351945854,406
arvutama,kokku,56,179,68.71508379888269,123
sonima,,56,179,68.71508379888269,123
tooma,tagasi,632,2021,68.72835230084117,1389
viskama,välja,605,1935,68.73385012919897,1330
agnema,,5,16,68.75,11
dislotseeruma,,5,16,68.75,11
hakkama,heaks,5,16,68.75,11
hammustama,läbi,5,16,68.75,11
hoidma,maas,5,16,68.75,11
irvitama,üle,5,16,68.75,11
istuma,otsa,5,16,68.75,11
istuma,tagasi,35,112,68.75,77
kallama,üle,30,96,68.75,66
kimama,mööda,5,16,68.75,11
kolima,tagasi,70,224,68.75,154
linastama,,5,16,68.75,11
lopendama,,5,16,68.75,11
lubama,välja,20,64,68.75,44
luuletama,kokku,5,16,68.75,11
läkitama,tagasi,5,16,68.75,11
lõgisema,,10,32,68.75,22
lõpetama,alla,5,16,68.75,11
müürima,kinni,5,16,68.75,11
nöörima,,30,96,68.75,66
olema,ligi,10,32,68.75,22
olema,maha,15,48,68.75,33
pidama,kohal,15,48,68.75,33
põimima,kokku,5,16,68.75,11
põrnitsema,otsa,5,16,68.75,11
raputama,välja,10,32,68.75,22
rinnutama,,5,16,68.75,11
rögisema,,15,48,68.75,33
rüsima,,5,16,68.75,11
seedima,läbi,5,16,68.75,11
skitseerima,,5,16,68.75,11
suhisema,,5,16,68.75,11
suretama,välja,70,224,68.75,154
sõitma,eemale,10,32,68.75,22
tagurdama,välja,5,16,68.75,11
tähendama,üle,5,16,68.75,11
veerema,laiali,5,16,68.75,11
vihastama,peale,5,16,68.75,11
viskama,eemale,10,32,68.75,22
vurama,välja,5,16,68.75,11
võtma,ringi,10,32,68.75,22
ässitama,üles,15,48,68.75,33
sagenema,,458,1466,68.75852660300137,1008
püüdlema,,363,1162,68.76075731497419,799
suurendama,,3923,12564,68.7758675581025,8641
vedama,kaasa,74,237,68.77637130801688,163
tooma,ära,513,1643,68.77662811929397,1130
poksima,,54,173,68.78612716763006,119
jääma,vahele,1908,6113,68.78782921642402,4205
jätma,lahti,142,455,68.79120879120879,313
jagama,välja,132,423,68.79432624113475,291
togima,,44,141,68.79432624113475,97
panema,,35123,112571,68.79924669763972,77448
laulma,,4890,15673,68.79984687041409,10783
pakkima,kokku,78,250,68.8,172
tõstma,välja,156,500,68.8,344
tõrjuma,välja,107,343,68.80466472303208,236
asuma,lähedal,24,77,68.83116883116884,53
järjestama,,48,154,68.83116883116884,106
katkema,,1405,4509,68.84009758261254,3104
kasvama,täis,19,61,68.85245901639344,42
matsutama,,19,61,68.85245901639344,42
nügima,,38,122,68.85245901639344,84
peatama,kinni,19,61,68.85245901639344,42
hõljuma,,446,1432,68.85474860335195,986
sülgama,,33,106,68.86792452830188,73
lükkama,edasi,842,2705,68.8724584103512,1863
valetama,,1711,5497,68.8739312352192,3786
askeldama,,364,1170,68.88888888888889,806
intensiivistuma,,56,180,68.88888888888889,124
jöudnuma,,14,45,68.88888888888889,31
laagerdama,,28,90,68.88888888888889,62
looma,kinni,42,135,68.88888888888889,93
rähklema,,14,45,68.88888888888889,31
tiksuma,täis,14,45,68.88888888888889,31
keerlema,,501,1611,68.90130353817506,1110
idealiseerima,,37,119,68.90756302521008,82
sõdima,,587,1888,68.90889830508475,1301
jagama,laiali,115,370,68.91891891891892,255
lööma,püsti,23,74,68.91891891891892,51
stabiliseeruma,,248,798,68.92230576441104,550
tungima,peale,55,177,68.92655367231639,122
minestama,,142,457,68.9277899343545,315
pillama,,155,499,68.93787575150301,344
kahekordistuma,,368,1185,68.94514767932489,817
piisama,,6101,19651,68.95323393211541,13550
ehitama,valmis,104,335,68.95522388059702,231
lähendama,,149,480,68.95833333333333,331
jooksma,kohale,27,87,68.96551724137932,60
jooksma,otsa,18,58,68.96551724137932,40
klirisema,,18,58,68.96551724137932,40
kollendama,,9,29,68.96551724137932,20
komplitseerima,,54,174,68.96551724137932,120
krigisema,,36,116,68.96551724137932,80
lülima,,9,29,68.96551724137932,20
magama,koos,9,29,68.96551724137932,20
marginaliseeruma,,9,29,68.96551724137932,20
monteerima,kokku,18,58,68.96551724137932,40
muigutama,,9,29,68.96551724137932,20
paralüseerima,,9,29,68.96551724137932,20
pidama,lahti,9,29,68.96551724137932,20
puuderdama,,9,29,68.96551724137932,20
pühkima,maha,9,29,68.96551724137932,20
rippuma,välja,9,29,68.96551724137932,20
ronima,ringi,9,29,68.96551724137932,20
roosatama,,9,29,68.96551724137932,20
sahmerdama,,9,29,68.96551724137932,20
saneerima,,9,29,68.96551724137932,20
soperdama,,9,29,68.96551724137932,20
sõlmuma,,36,116,68.96551724137932,80
tarretama,,9,29,68.96551724137932,20
tellima,kokku,9,29,68.96551724137932,20
tooma,üles,27,87,68.96551724137932,60
tuimestama,,9,29,68.96551724137932,20
töötama,kaasa,18,58,68.96551724137932,40
leppima,,1611,5193,68.97746967071056,3582
vinduma,,76,245,68.9795918367347,169
lööma,kaasa,840,2708,68.98079763663219,1868
sarnanema,,1690,5449,68.98513488713526,3759
võitma,tagasi,49,158,68.9873417721519,109
provotseerima,,180,581,69.01893287435456,401
laitma,maha,92,297,69.02356902356902,205
purema,,140,452,69.02654867256636,312
vibreerima,,35,113,69.02654867256636,78
ihaldama,,293,946,69.02748414376322,653
väljendama,,2910,9399,69.03925949569103,6489
julgema,,7171,23163,69.04114320252125,15992
aevastama,,39,126,69.04761904761905,87
crashima,,13,42,69.04761904761905,29
helklema,,13,42,69.04761904761905,29
modifitseerima,,13,42,69.04761904761905,29
nuuskama,,39,126,69.04761904761905,87
tekkima,kõrvale,13,42,69.04761904761905,29
trükkima,ära,65,210,69.04761904761905,145
tulitama,,13,42,69.04761904761905,29
lohistama,,134,433,69.05311778290994,299
võtma,välja,1048,3387,69.05816356657809,2339
pasundama,,69,223,69.05829596412556,154
kinnistuma,,301,973,69.06474820143885,672
põrutama,,830,2685,69.08752327746741,1855
võtma,kaasa,1829,5917,69.08906540476593,4088
edutama,,34,110,69.0909090909091,76
jäigastuma,,17,55,69.0909090909091,38
politiseeruma,,17,55,69.0909090909091,38
poosetama,,17,55,69.0909090909091,38
teadma,peale,17,55,69.0909090909091,38
aplodeerima,,127,411,69.09975669099757,284
kooruma,,169,547,69.10420475319927,378
parandama,,2541,8227,69.11389327823022,5686
väisama,,151,489,69.12065439672801,338
poseerima,,338,1095,69.13242009132419,757
kiljatama,,50,162,69.1358024691358,112
oskama,,27103,87828,69.14082069499476,60725
ootama,,20410,66154,69.14774616803217,45744
noteerima,,29,94,69.14893617021278,65
moonutama,,198,642,69.1588785046729,444
manduma,,74,240,69.16666666666667,166
vedama,kokku,37,120,69.16666666666667,83
kukkuma,,6538,21212,69.17782387327928,14674
magama,edasi,45,146,69.17808219178082,101
paistma,,9504,30838,69.18088073156495,21334
abielluma,,1717,5572,69.18521177315147,3855
seadma,ette,53,172,69.18604651162791,119
kasvatama,,2573,8353,69.19669579791692,5780
hädaldama,,150,487,69.19917864476386,337
lahustuma,,166,539,69.20222634508349,373
võtma,,48497,157471,69.20258333280414,108974
alatoituma,,4,13,69.23076923076923,9
downloatima,,4,13,69.23076923076923,9
formuleeruma,,4,13,69.23076923076923,9
hahetama,,4,13,69.23076923076923,9
hakkama,ees,4,13,69.23076923076923,9
hakkama,lahti,8,26,69.23076923076923,18
helistama,vaja,4,13,69.23076923076923,9
häbenema,ära,4,13,69.23076923076923,9
hädamaanduma,,4,13,69.23076923076923,9
jagunema,laiali,8,26,69.23076923076923,18
jalutama,eemale,4,13,69.23076923076923,9
jooxima,kinni,4,13,69.23076923076923,9
kakkuma,maha,4,13,69.23076923076923,9
kanaliseeruma,,8,26,69.23076923076923,18
keerama,otsa,8,26,69.23076923076923,18
kinnitama,välja,4,13,69.23076923076923,9
kiruma,taga,4,13,69.23076923076923,9
klobima,,24,78,69.23076923076923,54
klõpsama,lahti,4,13,69.23076923076923,9
kuhtuma,,12,39,69.23076923076923,27
laaduma,,4,13,69.23076923076923,9
laduma,üles,8,26,69.23076923076923,18
laskma,laiali,4,13,69.23076923076923,9
lembuma,,4,13,69.23076923076923,9
lihvima,maha,4,13,69.23076923076923,9
liikuma,kaasas,4,13,69.23076923076923,9
luulendama,,4,13,69.23076923076923,9
minema,taga,8,26,69.23076923076923,18
muigama,vastu,4,13,69.23076923076923,9
muutma,välja,4,13,69.23076923076923,9
mõjutama,välja,4,13,69.23076923076923,9
mürgituma,,4,13,69.23076923076923,9
nakitsema,,8,26,69.23076923076923,18
napsama,kinni,4,13,69.23076923076923,9
nimetama,välja,4,13,69.23076923076923,9
näima,edasi,4,13,69.23076923076923,9
näpsama,ära,4,13,69.23076923076923,9
nüpeldama,,40,130,69.23076923076923,90
nürima,,4,13,69.23076923076923,9
onaneerima,,28,91,69.23076923076923,63
pruulima,,32,104,69.23076923076923,72
pugema,sisse,32,104,69.23076923076923,72
puristama,välja,4,13,69.23076923076923,9
pöörama,üles,4,13,69.23076923076923,9
ruttama,tagasi,8,26,69.23076923076923,18
rääkima,ümber,4,13,69.23076923076923,9
sammuma,alla,4,13,69.23076923076923,9
sattuma,läbi,8,26,69.23076923076923,18
settima,välja,4,13,69.23076923076923,9
spurtima,ära,4,13,69.23076923076923,9
surema,kokku,12,39,69.23076923076923,27
suutma,valmis,4,13,69.23076923076923,9
sööma,peale,8,26,69.23076923076923,18
tasuma,edasi,4,13,69.23076923076923,9
teadma,alla,4,13,69.23076923076923,9
teenima,üle,8,26,69.23076923076923,18
tegema,pärast,8,26,69.23076923076923,18
traavima,ringi,4,13,69.23076923076923,9
tsekima,,4,13,69.23076923076923,9
tshekkima,,4,13,69.23076923076923,9
tähendama,tagasi,8,26,69.23076923076923,18
tõmbama,läbi,40,130,69.23076923076923,90
tõmblema,ringi,4,13,69.23076923076923,9
tõukama,vastu,4,13,69.23076923076923,9
utsitama,tagant,16,52,69.23076923076923,36
uutma,,4,13,69.23076923076923,9
vastandama,,184,598,69.23076923076923,414
viima,alt,4,13,69.23076923076923,9
viima,kinni,4,13,69.23076923076923,9
voolima,valmis,4,13,69.23076923076923,9
vuhisema,sisse,4,13,69.23076923076923,9
võtma,valmis,4,13,69.23076923076923,9
ärkama,alles,4,13,69.23076923076923,9
õmblema,kokku,20,65,69.23076923076923,45
ütlema,tagasi,16,52,69.23076923076923,36
žongleerima,,12,39,69.23076923076923,27
lükkama,tagasi,1661,5399,69.235043526579,3738
kuluma,,8870,28832,69.2355715871254,19962
viima,alla,175,569,69.24428822495607,394
vastanduma,,356,1158,69.2573402417962,802
praakima,välja,51,166,69.27710843373494,115
teenima,,9430,30699,69.28238704843805,21269
pöörduma,,5163,16813,69.29161958008685,11650
valitsema,,4951,16123,69.2923153259319,11172
talutama,,74,241,69.29460580912863,167
ilmuma,,11890,38726,69.29711305066364,26836
unistama,,1793,5841,69.30320150659134,4048
ahistama,,423,1378,69.3033381712627,955
liikuma,läbi,31,101,69.3069306930693,70
kahjustama,,1673,5451,69.30838378279215,3778
veeretama,,274,893,69.31690929451287,619
kloonima,,54,176,69.31818181818183,122
vajuma,peale,27,88,69.31818181818183,61
õgima,,104,339,69.32153392330383,235
heastama,,77,251,69.32270916334662,174
klammerduma,,127,414,69.32367149758454,287
lugema,peale,65,212,69.33962264150944,147
turnima,,84,274,69.34306569343066,190
pelgama,,1191,3885,69.34362934362935,2694
ratifitseerima,,453,1478,69.35047361299053,1025
joonistama,üles,19,62,69.35483870967742,43
laskuma,alla,57,186,69.35483870967742,129
prantsatama,maha,19,62,69.35483870967742,43
sandistama,,19,62,69.35483870967742,43
sirgeldama,,19,62,69.35483870967742,43
vahetama,vastu,57,186,69.35483870967742,129
uinutama,,87,284,69.36619718309859,197
kritseldama,,34,111,69.36936936936937,77
talletuma,,34,111,69.36936936936937,77
andma,tagasi,438,1430,69.37062937062936,992
unustama,maha,49,160,69.375,111
vaikima,,1055,3445,69.37590711175616,2390
lihtsustuma,,64,209,69.377990430622,145
komposteerima,,15,49,69.38775510204081,34
lubama,kokku,15,49,69.38775510204081,34
räntsatama,,15,49,69.38775510204081,34
hoidma,alles,86,281,69.3950177935943,195
äratama,üles,89,291,69.41580756013745,202
piinama,,452,1478,69.41813261163735,1026
maksma,,25682,84000,69.42619047619047,58318
hullama,,96,314,69.42675159235668,218
informeerima,,705,2306,69.4275802254987,1601
keskenduma,,2557,8364,69.4285031085605,5807
lõõpima,,92,301,69.43521594684385,209
segama,vahele,103,337,69.43620178041543,234
algama,,21709,71040,69.44115990990991,49331
ilmuma,edasi,11,36,69.44444444444444,25
kolmekordistuma,,77,252,69.44444444444444,175
lõikama,katki,11,36,69.44444444444444,25
matsuma,,11,36,69.44444444444444,25
murduma,,825,2700,69.44444444444444,1875
siristama,,44,144,69.44444444444444,100
tolereerima,,11,36,69.44444444444444,25
urahtama,,11,36,69.44444444444444,25
olenema,,3060,10015,69.44583125312032,6955
lõõgastuma,,84,275,69.45454545454545,191
näpistama,,102,334,69.46107784431138,232
kihisema,,29,95,69.47368421052632,66
naeruvääristama,,94,308,69.48051948051948,214
ütlema,edasi,47,154,69.48051948051948,107
hämmastuma,,119,390,69.48717948717949,271
kaaluma,,4106,13457,69.48799881102772,9351
lokkima,,36,118,69.49152542372882,82
nõrkema,,36,118,69.49152542372882,82
õõnestama,,241,790,69.49367088607595,549
kirjutama,välja,243,797,69.51066499372648,554
destabiliseerima,,25,82,69.51219512195121,57
laadima,,350,1148,69.51219512195121,798
panema,ümber,50,164,69.51219512195121,114
kaisutama,,32,105,69.52380952380952,73
käima,välja,608,1995,69.52380952380952,1387
määrima,kokku,32,105,69.52380952380952,73
silduma,,39,128,69.53125,89
sõitma,kohale,219,719,69.54102920723227,500
õppima,,9670,31748,69.54138843391709,22078
tantsima,,1391,4567,69.54236917013357,3176
hävima,,1439,4728,69.56429780033841,3289
ergastama,,28,92,69.56521739130434,64
keerama,ümber,49,161,69.56521739130434,112
kiskuma,alla,42,138,69.56521739130434,96
kobistama,,21,69,69.56521739130434,48
kärutama,ringi,7,23,69.56521739130434,16
libisema,otsa,7,23,69.56521739130434,16
pudenema,alla,14,46,69.56521739130434,32
põrkama,tagasi,42,138,69.56521739130434,96
rakendama,ette,7,23,69.56521739130434,16
seeduma,,21,69,69.56521739130434,48
sikutama,üles,7,23,69.56521739130434,16
valetama,kokku,7,23,69.56521739130434,16
virutama,kinni,14,46,69.56521739130434,32
astuma,ette,205,674,69.58456973293768,469
sodima,,59,194,69.58762886597938,135
legaliseerima,,52,171,69.5906432748538,119
tõrjuma,eemale,52,171,69.5906432748538,119
irduma,,45,148,69.5945945945946,103
kandma,laiali,38,125,69.6,87
kuvama,,76,250,69.6,174
ilmutama,,1323,4352,69.60018382352942,3029
heitma,,2420,7961,69.60180881798769,5541
rõivastuma,,31,102,69.6078431372549,71
soetama,,525,1728,69.61805555555556,1203
saabuma,kohale,123,405,69.62962962962963,282
veetma,koos,41,135,69.62962962962963,94
juurima,välja,17,56,69.64285714285714,39
jätma,üles,17,56,69.64285714285714,39
tappima,ära,17,56,69.64285714285714,39
töötlema,ümber,17,56,69.64285714285714,39
voltima,,17,56,69.64285714285714,39
häkkima,,54,178,69.66292134831461,124
küünitama,,81,267,69.66292134831461,186
tuiskama,,243,801,69.66292134831461,558
teritama,,74,244,69.67213114754098,170
ahvatlema,,400,1319,69.67399545109932,919
leetuma,,47,155,69.6774193548387,108
purjutama,,47,155,69.6774193548387,108
settima,,47,155,69.6774193548387,108
lõikama,ära,164,541,69.68576709796673,377
vehkima,,455,1501,69.68687541638907,1046
võtma,lahti,307,1013,69.69397828232971,706
jooksma,eemale,20,66,69.6969696969697,46
joonistama,ette,10,33,69.6969696969697,23
lõõmama,,120,396,69.6969696969697,276
maksma,välja,360,1188,69.6969696969697,828
peilima,välja,20,66,69.6969696969697,46
pudisema,,10,33,69.6969696969697,23
saboteerima,,20,66,69.6969696969697,46
siplema,,120,396,69.6969696969697,276
suvatsema,,270,891,69.6969696969697,621
toimetama,kohale,30,99,69.6969696969697,69
arvestama,,4424,14602,69.70278044103547,10178
eksponeerima,,279,921,69.70684039087948,642
kuumenema,üle,73,241,69.70954356846472,168
refereerima,,116,383,69.71279373368147,267
lükkama,ära,33,109,69.72477064220183,76
kompama,,92,304,69.73684210526315,212
tõttama,,680,2247,69.73742768135291,1567
leppima,kokku,2364,7814,69.74660865113898,5450
ammenduma,,203,671,69.74664679582713,468
kippuma,kallale,36,119,69.74789915966386,83
kohmitsema,,36,119,69.74789915966386,83
rentima,välja,49,162,69.75308641975309,113
sopsama,,88,291,69.7594501718213,203
märkima,ära,205,678,69.76401179941003,473
asfalteerima,,13,43,69.76744186046511,30
degusteerima,,13,43,69.76744186046511,30
kihutama,alla,26,86,69.76744186046511,60
kujunema,kokku,13,43,69.76744186046511,30
käima,all,13,43,69.76744186046511,30
olema,kaasa,13,43,69.76744186046511,30
puperdama,,13,43,69.76744186046511,30
tukslema,,13,43,69.76744186046511,30
tutistama,,13,43,69.76744186046511,30
armastama,,5958,19711,69.77322307341079,13753
vahetama,ära,230,761,69.77660972404732,531
lunima,,68,225,69.77777777777779,157
olema,koht,408,1350,69.77777777777779,942
lekkima,,372,1231,69.78066612510155,859
laskma,välja,346,1145,69.78165938864629,799
jääma,lahti,142,470,69.7872340425532,328
elama,alla,16,53,69.81132075471697,37
klõpsatama,,16,53,69.81132075471697,37
olema,üles,16,53,69.81132075471697,37
patsutama,,229,759,69.82872200263505,530
solvama,,714,2367,69.83523447401775,1653
helistama,ette,19,63,69.84126984126983,44
korjuma,,19,63,69.84126984126983,44
viima,kõrvale,19,63,69.84126984126983,44
keerama,maha,41,136,69.85294117647058,95
lülitama,sisse,205,680,69.85294117647058,475
ruttama,,492,1632,69.85294117647058,1140
sumpama,,47,156,69.87179487179486,109
haigestuma,,944,3134,69.87874920229739,2190
rõhuma,,526,1747,69.89124212936463,1221
ussitama,,28,93,69.89247311827957,65
utsitama,,65,216,69.9074074074074,151
muduma,,34,113,69.91150442477876,79
piiluma,sisse,34,113,69.91150442477876,79
printima,välja,34,113,69.91150442477876,79
kobama,,105,349,69.91404011461319,244
karjatama,,228,758,69.92084432717678,530
praalima,,80,266,69.92481203007519,186
sädistama,,43,143,69.93006993006993,100
ostma,ära,756,2515,69.94035785288271,1759
tulenema,,4186,13928,69.94543365881677,9742
jätma,maha,1084,3608,69.95565410199556,2524
haistma,,137,456,69.95614035087719,319
ostma,,12544,41753,69.9566498215697,29209
õigustama,,1391,4630,69.95680345572353,3239
võtma,kinni,915,3046,69.96060407091267,2131
kiratsema,,79,263,69.96197718631178,184
jõuduma,,97,323,69.96904024767801,226
peituma,,2236,7446,69.97045393499866,5210
aiguma,,3,10,70,7
aitama,järele,12,40,70,28
astuma,koos,3,10,70,7
avastama,alles,3,10,70,7
digitaliseerima,,6,20,70,14
eksportima,kokku,6,20,70,14
fakima,,3,10,70,7
gerlima,,3,10,70,7
heippama,,3,10,70,7
hoidma,ees,9,30,70,21
hoidma,ärevil,3,10,70,7
hõõruma,vastu,3,10,70,7
imestama,üle,3,10,70,7
iroonitsema,,9,30,70,21
judistama,,3,10,70,7
jätkama,läbi,3,10,70,7
jätma,ette,15,50,70,35
jõudma,koos,3,10,70,7
kaaluma,vastu,3,10,70,7
kasvama,koos,9,30,70,21
kasvama,lahku,9,30,70,21
katma,välja,3,10,70,7
kerkima,edasi,3,10,70,7
kiirustama,takka,3,10,70,7
kirjutama,"alla, kokku",3,10,70,7
kitkuma,ära,3,10,70,7
kleepima,täis,9,30,70,21
kogunema,tagasi,3,10,70,7
kohvitama,,6,20,70,14
kommunikeerima,,3,10,70,7
koristama,kokku,3,10,70,7
kostma,edasi,3,10,70,7
kraapama,,3,10,70,7
kriipima,ära,3,10,70,7
kriuksuma,,30,100,70,70
kukkuma,ette,9,30,70,21
kuritarvitama,,261,870,70,609
kuuluma,läbi,3,10,70,7
käima,ring,3,10,70,7
kõlama,edasi,3,10,70,7
külitama,,27,90,70,63
lajatama,sisse,3,10,70,7
lappima,ära,6,20,70,14
laskma,valla,12,40,70,28
lendama,pihta,3,10,70,7
lennutama,üles,3,10,70,7
lewima,,3,10,70,7
libistama,läbi,3,10,70,7
liikuma,"edasi, tagasi",3,10,70,7
lupjama,,3,10,70,7
lõikama,pooleks,3,10,70,7
lõikama,valmis,3,10,70,7
lööma,eemale,3,10,70,7
maldama,,78,260,70,182
mängitama,maha,3,10,70,7
mätsima,kokku,3,10,70,7
mõtlima,,3,10,70,7
müüma,läbi,15,50,70,35
näitama,lahti,3,10,70,7
olema,esile,3,10,70,7
olema,"vaja, kõrvale",3,10,70,7
osalema,välja,3,10,70,7
ostma,võlgu,3,10,70,7
paiskuma,esile,3,10,70,7
pakitama,,3,10,70,7
paluma,valmis,3,10,70,7
paugatama,,6,20,70,14
peksma,üle,3,10,70,7
personifitseerima,,3,10,70,7
pidama,tagasi,9,30,70,21
pihkuma,,3,10,70,7
pintseldama,üle,6,20,70,14
pistma,kinni,18,60,70,42
poetama,maha,12,40,70,28
puudutama,ringi,3,10,70,7
puurima,lahti,6,20,70,14
pääsema,"eest, ära",3,10,70,7
põntsuma,,3,10,70,7
pöörduma,edasi,3,10,70,7
püüdlema,edasi,3,10,70,7
reisima,kaasa,9,30,70,21
riietama,lahti,21,70,70,49
riietuma,lahti,24,80,70,56
ristima,ära,3,10,70,7
rokkima,edasi,3,10,70,7
ründama,edasi,3,10,70,7
saagima,ära,6,20,70,14
salamõrvama,,3,10,70,7
sattuma,juurde,3,10,70,7
sattuma,otsa,9,30,70,21
sekkuma,vahele,3,10,70,7
shveitsima,,3,10,70,7
siduma,peale,3,10,70,7
siirduma,välja,3,10,70,7
sirutama,ette,21,70,70,49
sondeerima,,21,70,70,49
soovitama,edasi,3,10,70,7
soperdama,kokku,3,10,70,7
sorima,läbi,3,10,70,7
sortima,välja,3,10,70,7
startima,tagasi,3,10,70,7
suhtestama,,3,10,70,7
sulgima,,3,10,70,7
sulpsatama,,9,30,70,21
surfima,,12,40,70,28
suunama,läbi,3,10,70,7
söötma,tagasi,6,20,70,14
t6mmatuma,,3,10,70,7
taandama,,174,580,70,406
tahtma,tarvis,3,10,70,7
tallama,sisse,3,10,70,7
tallama,ära,12,40,70,28
tatistama,,9,30,70,21
tekkima,läbi,9,30,70,21
tirima,välja,90,300,70,210
toetama,alla,6,20,70,14
toimuma,ette,3,10,70,7
toimuma,peale,3,10,70,7
tooma,maha,3,10,70,7
tundma,alla,3,10,70,7
tõttama,mööda,3,10,70,7
ujuma,järele,3,10,70,7
vaatama,eest,3,10,70,7
vaatama,viltu,6,20,70,14
vabanduma,,63,210,70,147
vedama,kinni,3,10,70,7
veerema,sisse,6,20,70,14
veerema,ära,3,10,70,7
veeretama,maha,3,10,70,7
viskama,kõrvale,12,40,70,28
viskama,ümber,3,10,70,7
vormuma,,66,220,70,154
väärkohtlema,,6,20,70,14
võistlema,välja,3,10,70,7
võitma,ilma,3,10,70,7
võitma,läbi,6,20,70,14
võtma,arvele,3,10,70,7
võtma,tagasi,846,2820,70,1974
võtma,"ära, kokku",3,10,70,7
õhenema,,12,40,70,28
õmblema,ette,3,10,70,7
õpetama,ümber,3,10,70,7
ülehindama,,39,130,70,91
üritama,edasi,9,30,70,21
kimama,,65,217,70.04608294930875,152
kasseerima,,186,621,70.04830917874396,435
hammustama,,534,1783,70.05047672462142,1249
sokkima,,50,167,70.05988023952095,117
himustama,,141,471,70.06369426751591,330
realiseerima,,508,1697,70.06482027106658,1189
lõhenema,,138,461,70.06507592190889,323
jupsima,,38,127,70.07874015748031,89
raputama,,1029,3440,70.08720930232558,2411
kahestuma,,32,107,70.09345794392523,75
ajama,vastu,61,204,70.09803921568627,143
krabisema,,29,97,70.10309278350515,68
sadestuma,,26,87,70.11494252873564,61
võtma,ära,1878,6285,70.11933174224345,4407
peremehetsema,,95,318,70.12578616352201,223
oksüdeeruma,,23,77,70.12987012987013,54
rändama,välja,43,144,70.13888888888889,101
salgama,maha,43,144,70.13888888888889,101
sillerdama,,43,144,70.13888888888889,101
lõugama,,100,335,70.1492537313433,235
nüristama,,20,67,70.1492537313433,47
elimineerima,,37,124,70.16129032258065,87
pumpama,välja,37,124,70.16129032258065,87
isoleerima,,54,181,70.1657458563536,127
mühatama,,71,238,70.16806722689076,167
klopsima,kokku,17,57,70.17543859649122,40
müüma,ära,153,513,70.17543859649122,360
olima,,34,114,70.17543859649122,80
viimistlema,,85,285,70.17543859649122,200
virvendama,,68,228,70.17543859649122,160
külastama,,3688,12368,70.18111254851229,8680
kappama,,65,218,70.18348623853211,153
trükkima,,260,872,70.18348623853211,612
mässama,,544,1825,70.1917808219178,1281
plinkima,,31,104,70.1923076923077,73
seirama,,124,416,70.1923076923077,292
teisaldama,,31,104,70.1923076923077,73
viima,ette,214,718,70.19498607242339,504
vähendama,,3946,13241,70.1986254814591,9295
hoogustama,,59,198,70.2020202020202,139
ajama,ringi,28,94,70.2127659574468,66
akumuleeruma,,28,94,70.2127659574468,66
ehitama,kokku,14,47,70.2127659574468,33
reklaamima,välja,14,47,70.2127659574468,33
rookima,välja,14,47,70.2127659574468,33
sättima,valmis,14,47,70.2127659574468,33
tegema,üles,28,94,70.2127659574468,66
kandma,edasi,148,497,70.22132796780684,349
redutama,,106,356,70.2247191011236,250
maksma,kinni,1237,4156,70.23580365736285,2919
exima,,25,84,70.23809523809523,59
heiskama,,100,336,70.23809523809523,236
elatama,,111,373,70.24128686327077,262
kaevama,välja,144,484,70.24793388429752,340
näima,ette,130,437,70.25171624713958,307
hajutama,,177,595,70.25210084033613,418
respekteerima,,105,353,70.25495750708215,248
varastama,ära,58,195,70.25641025641025,137
järgima,,1396,4694,70.25990626331487,3298
andma,läbi,11,37,70.27027027027027,26
andma,võlgu,11,37,70.27027027027027,26
helenduma,,11,37,70.27027027027027,26
kaduma,välja,11,37,70.27027027027027,26
keerutama,ringi,11,37,70.27027027027027,26
laduma,ette,11,37,70.27027027027027,26
lammutama,laiali,11,37,70.27027027027027,26
müüma,alla,11,37,70.27027027027027,26
püüdma,edasi,11,37,70.27027027027027,26
remiksima,,11,37,70.27027027027027,26
sikutama,välja,33,111,70.27027027027027,78
väitama,,11,37,70.27027027027027,26
lokkama,,129,434,70.27649769585254,305
johtuma,,200,673,70.28231797919761,473
valguma,laiali,52,175,70.28571428571428,123
läkitama,,301,1013,70.2862783810464,712
kuhjuma,,249,838,70.28639618138425,589
lööma,lahti,180,606,70.29702970297029,426
vanduma,alla,60,202,70.29702970297029,142
pillama,maha,49,165,70.3030303030303,116
tahtma,vastu,19,64,70.3125,45
tõttama,ette,19,64,70.3125,45
asustama,,103,347,70.31700288184439,244
ilmnema,,2986,10060,70.31809145129225,7074
pesema,,1024,3450,70.31884057971014,2426
produtseerima,,127,428,70.32710280373831,301
loovutama,,851,2868,70.32775453277546,2017
väristama,,81,273,70.32967032967034,192
näksima,,62,209,70.33492822966507,147
andestama,,353,1190,70.33613445378151,837
kohkuma,,167,563,70.33747779751333,396
allkirjastama,,921,3105,70.33816425120773,2184
presenteerima,,35,118,70.33898305084746,83
põlistama,,35,118,70.33898305084746,83
kõrvetama,,172,580,70.34482758620689,408
puhastuma,,51,172,70.34883720930233,121
kiirgama,,265,894,70.35794183445189,629
defineerima,,310,1046,70.36328871892925,736
assimileeruma,,16,54,70.37037037037037,38
etableeruma,,24,81,70.37037037037037,57
kadestama,,240,810,70.37037037037037,570
kepsutama,ringi,8,27,70.37037037037037,19
konvertima,,16,54,70.37037037037037,38
korrumpeerima,,8,27,70.37037037037037,19
mõõnama,,16,54,70.37037037037037,38
paistma,kõrvalt,8,27,70.37037037037037,19
sammuma,vastu,8,27,70.37037037037037,19
tegema,tarvis,8,27,70.37037037037037,19
tekkima,tagasi,8,27,70.37037037037037,19
tudeerima,,104,351,70.37037037037037,247
tähendama,välja,16,54,70.37037037037037,38
tärisema,,16,54,70.37037037037037,38
viilima,kõrvale,8,27,70.37037037037037,19
pistma,,1265,4270,70.37470725995317,3005
tegema,lahti,828,2795,70.37567084078712,1967
joonistama,,912,3079,70.37999350438454,2167
innustuma,,101,341,70.38123167155426,240
seilama,,162,547,70.38391224862889,385
tõukama,,676,2285,70.41575492341356,1609
sähvima,,71,240,70.41666666666667,169
kajastama,,1218,4118,70.4225352112676,2900
veerema,välja,21,71,70.4225352112676,50
paisuma,,669,2262,70.42440318302387,1593
kirjutama,valmis,110,372,70.43010752688173,262
küpsetama,,288,974,70.4312114989733,686
irnuma,,34,115,70.43478260869566,81
jääma,eemale,400,1353,70.43606799704361,953
sorteerima,,81,274,70.43795620437956,193
jääma,ette,572,1935,70.43927648578811,1363
kurameerima,,73,247,70.44534412955466,174
jurama,,26,88,70.45454545454545,62
jutustama,edasi,13,44,70.45454545454545,31
käima,järel,52,176,70.45454545454545,124
saama,pärast,13,44,70.45454545454545,31
kiirendama,,645,2184,70.46703296703298,1539
lükkama,kõrvale,88,298,70.46979865771812,210
troonima,,207,701,70.47075606276746,494
müüma,,7087,24007,70.4794434956471,16920
ronima,välja,201,681,70.48458149779736,480
peegelduma,,657,2226,70.48517520215634,1569
näperdama,,18,61,70.49180327868852,43
orjastama,,18,61,70.49180327868852,43
toksama,,18,61,70.49180327868852,43
miksima,,41,139,70.50359712230215,98
võitlema,,3143,10657,70.50764755559726,7514
hoidma,all,23,78,70.51282051282051,55
kakama,,23,78,70.51282051282051,55
põletama,,494,1676,70.52505966587113,1182
lõppema,,11455,38871,70.53072985001673,27416
kleepuma,,114,387,70.54263565891473,273
närbuma,,38,129,70.54263565891473,91
eitama,,2637,8953,70.54618563609964,6316
olema,koha,368,1251,70.58353317346123,883
andma,käest,5,17,70.58823529411765,12
arvama,vaja,5,17,70.58823529411765,12
avaldama,ära,5,17,70.58823529411765,12
heitma,ära,5,17,70.58823529411765,12
häbimärgistama,,5,17,70.58823529411765,12
hõiklema,,5,17,70.58823529411765,12
juhuma,,5,17,70.58823529411765,12
jääma,ringi,20,68,70.58823529411765,48
karjuma,edasi,5,17,70.58823529411765,12
kiirustama,ette,5,17,70.58823529411765,12
kindlustama,võidu,25,85,70.58823529411765,60
kohmetama,,5,17,70.58823529411765,12
kärsima,,5,17,70.58823529411765,12
küsima,järele,45,153,70.58823529411765,108
laskma,vastu,5,17,70.58823529411765,12
lipsama,tagasi,5,17,70.58823529411765,12
lükkama,maha,20,68,70.58823529411765,48
lükkama,peale,10,34,70.58823529411765,24
minema,"alt, ära",5,17,70.58823529411765,12
märgistama,ära,10,34,70.58823529411765,24
määrama,ilma,5,17,70.58823529411765,12
nautima,ilma,5,17,70.58823529411765,12
nummerdama,,15,51,70.58823529411765,36
nutma,koos,5,17,70.58823529411765,12
olema,vakka,5,17,70.58823529411765,12
peegelduma,tagasi,30,102,70.58823529411765,72
pumpama,täis,10,34,70.58823529411765,24
räägima,,5,17,70.58823529411765,12
rääkima,maha,10,34,70.58823529411765,24
saabuma,koha,5,17,70.58823529411765,12
seivima,,5,17,70.58823529411765,12
sikutama,ära,5,17,70.58823529411765,12
sättima,ette,10,34,70.58823529411765,24
tantsitama,,25,85,70.58823529411765,60
tilkuma,maha,5,17,70.58823529411765,12
tirima,eemale,5,17,70.58823529411765,12
toimuma,tagasi,10,34,70.58823529411765,24
tähendama,peale,5,17,70.58823529411765,12
vajutama,ära,5,17,70.58823529411765,12
vigurdama,,15,51,70.58823529411765,36
viima,tagasi,215,731,70.58823529411765,516
villima,,45,153,70.58823529411765,108
ärrituma,ära,5,17,70.58823529411765,12
õrnutsema,,5,17,70.58823529411765,12
ütlema,üles,385,1310,70.61068702290076,925
mõtsima,,67,228,70.6140350877193,161
paigutama,,877,2985,70.61976549413735,2108
oigama,,161,548,70.62043795620438,387
kerkima,,4773,16248,70.62407680945347,11475
vajama,,16345,55652,70.62998634370733,39307
müütama,,37,126,70.63492063492063,89
värelema,,37,126,70.63492063492063,89
grillima,,59,201,70.64676616915423,142
kogunema,kokku,59,201,70.64676616915423,142
võtma,sisse,393,1339,70.64973861090365,946
sõitma,üles,27,92,70.65217391304348,65
hiilgama,,643,2191,70.65267001369237,1548
visklema,,49,167,70.65868263473054,118
korjama,üles,169,576,70.65972222222221,407
arvustama,,289,985,70.65989847715736,696
lõhestama,,120,409,70.6601466992665,289
nuusutama,,203,692,70.66473988439307,489
kehtestuma,,22,75,70.66666666666667,53
olema,üleval,22,75,70.66666666666667,53
uimastama,,22,75,70.66666666666667,53
soosima,,948,3232,70.66831683168317,2284
sirutama,,327,1115,70.67264573991031,788
pudenema,välja,56,191,70.68062827225131,135
ummistuma,,141,481,70.68607068607069,340
eestindama,,17,58,70.6896551724138,41
hoidma,paigal,17,58,70.6896551724138,41
kadima,,17,58,70.6896551724138,41
laadima,alla,17,58,70.6896551724138,41
teadma,välja,17,58,70.6896551724138,41
tiirlema,,366,1249,70.69655724579663,883
kastma,,370,1263,70.70467141726049,893
kihutama,,1645,5617,70.71390421933417,3972
motiveerima,,317,1083,70.72945521698985,766
heitma,peale,12,41,70.73170731707317,29
kadetsema,,12,41,70.73170731707317,29
kangutama,välja,12,41,70.73170731707317,29
konstitueerima,,12,41,70.73170731707317,29
limiteerima,,12,41,70.73170731707317,29
restartima,,12,41,70.73170731707317,29
tahtma,sisse,12,41,70.73170731707317,29
tungima,edasi,12,41,70.73170731707317,29
pissima,,79,270,70.74074074074073,191
voolama,välja,124,424,70.75471698113208,300
küttima,üles,19,65,70.76923076923077,46
laskma,puruks,19,65,70.76923076923077,46
needma,ära,19,65,70.76923076923077,46
viima,välja,586,2005,70.77306733167083,1419
vassima,,102,349,70.77363896848138,247
moonduma,,161,551,70.78039927404718,390
astuma,sisse,575,1968,70.78252032520325,1393
paitama,,111,380,70.78947368421052,269
tegema,ringi,85,291,70.79037800687286,206
ajama,välja,349,1195,70.7949790794979,846
kallistama,,325,1113,70.79964061096136,788
jälgima,kõrvalt,40,137,70.8029197080292,97
pumpama,,148,507,70.80867850098619,359
varuma,,192,658,70.82066869300911,466
lehitsema,,103,353,70.82152974504248,250
agiteerima,,49,168,70.83333333333334,119
eostama,,7,24,70.83333333333334,17
hapnema,,7,24,70.83333333333334,17
kõõrutama,,7,24,70.83333333333334,17
lendama,pealt,7,24,70.83333333333334,17
länuma,,7,24,70.83333333333334,17
märkima,üle,7,24,70.83333333333334,17
müdisema,,7,24,70.83333333333334,17
olema,kimpus,7,24,70.83333333333334,17
olema,peal,28,96,70.83333333333334,68
priiskama,,21,72,70.83333333333334,51
seisma,ette,7,24,70.83333333333334,17
sumatama,,7,24,70.83333333333334,17
suruma,kokku,49,168,70.83333333333334,119
talutama,välja,7,24,70.83333333333334,17
tigetsema,,14,48,70.83333333333334,34
toimetama,ära,7,24,70.83333333333334,17
tormama,ligi,7,24,70.83333333333334,17
trallima,,7,24,70.83333333333334,17
törtsutama,,7,24,70.83333333333334,17
venitama,ära,7,24,70.83333333333334,17
valmistuma,,1990,6823,70.83394401289755,4833
jääma,kokku,137,470,70.85106382978724,333
muretsema,,2214,7599,70.86458744571654,5385
võluma,,411,1411,70.87172218284904,1000
laduma,välja,30,103,70.87378640776699,73
mossitama,,53,182,70.87912087912088,129
vaimustuma,,221,759,70.88274044795784,538
nihestama,,23,79,70.88607594936708,56
nuumama,,23,79,70.88607594936708,56
ütlema,vahele,23,79,70.88607594936708,56
olema,läbi,62,213,70.89201877934272,151
reostama,,156,536,70.8955223880597,380
sattuma,peale,119,409,70.90464547677261,290
kukkuma,lahti,16,55,70.9090909090909,39
lakkima,,16,55,70.9090909090909,39
okkima,,32,110,70.9090909090909,78
tätoveerima,,16,55,70.9090909090909,39
komponeerima,,41,141,70.92198581560284,100
leotama,,41,141,70.92198581560284,100
mögisema,,25,86,70.93023255813954,61
olema,ümber,25,86,70.93023255813954,61
vaaruma,,25,86,70.93023255813954,61
tituleerima,,127,437,70.93821510297484,310
jooksma,välja,195,671,70.93889716840536,476
juhtuma,ette,34,117,70.94017094017094,83
konsulteerima,,463,1594,70.95357590966123,1131
käsitama,,158,544,70.95588235294117,386
ajatama,,9,31,70.96774193548387,22
ammustama,,9,31,70.96774193548387,22
fermenteeruma,,9,31,70.96774193548387,22
initsieerima,,9,31,70.96774193548387,22
jooksma,ees,9,31,70.96774193548387,22
jooxima,kokku,9,31,70.96774193548387,22
libisema,välja,54,186,70.96774193548387,132
lõunastama,,27,93,70.96774193548387,66
mäletsema,,9,31,70.96774193548387,22
puhuma,ära,18,62,70.96774193548387,44
saatma,läbi,18,62,70.96774193548387,44
tormama,läbi,9,31,70.96774193548387,22
vabisema,,18,62,70.96774193548387,44
võitlema,tagasi,9,31,70.96774193548387,22
planeerima,,818,2819,70.98261794962752,2001
semmima,,29,100,71,71
kihutama,edasi,40,138,71.01449275362319,98
lahkuma,,8923,30787,71.01698768960925,21864
kratsima,,93,321,71.02803738317756,228
lärmama,,115,397,71.03274559193954,282
esitama,koos,11,38,71.05263157894737,27
lööma,tagasi,33,114,71.05263157894737,81
ravitsema,,22,76,71.05263157894737,54
suhestama,,11,38,71.05263157894737,27
viima,juurde,11,38,71.05263157894737,27
võimutsema,,209,722,71.05263157894737,513
otsima,välja,213,736,71.05978260869566,523
kirtsutama,,68,235,71.06382978723404,167
installeerima,,57,197,71.06598984771574,140
nuuskima,,35,121,71.07438016528926,86
asuma,ette,24,83,71.08433734939759,59
linastuma,,480,1660,71.08433734939759,1180
lõikama,maha,96,332,71.08433734939759,236
kupeldama,,13,45,71.11111111111111,32
müristama,,104,360,71.11111111111111,256
näitama,kokku,13,45,71.11111111111111,32
parendama,,13,45,71.11111111111111,32
püherdama,,39,135,71.11111111111111,96
vedama,järele,13,45,71.11111111111111,32
vedama,kohale,26,90,71.11111111111111,64
yhinema,,13,45,71.11111111111111,32
astuma,vastu,194,672,71.13095238095238,478
tulema,vastu,892,3090,71.13268608414239,2198
demonstreerima,,754,2612,71.13323124042878,1858
janunema,,84,291,71.1340206185567,207
laskma,maha,837,2900,71.13793103448276,2063
tootma,,2450,8490,71.14252061248527,6040
vaidlema,vastu,606,2100,71.14285714285714,1494
lendama,eemale,15,52,71.15384615384616,37
peksma,sisse,15,52,71.15384615384616,37
tõstma,peale,15,52,71.15384615384616,37
tõmbama,ligi,107,371,71.15902964959568,264
irvitama,,323,1120,71.16071428571429,797
eksitama,,139,482,71.16182572614107,343
manipuleerima,,126,437,71.16704805491992,311
liituma,,2077,7207,71.18079644789788,5130
ootama,ära,353,1225,71.18367346938776,872
deklareerima,,674,2339,71.1842667806755,1665
minema,meelest,17,59,71.1864406779661,42
olema,ees,34,118,71.1864406779661,84
tõukama,tagant,51,177,71.1864406779661,126
voolama,alla,34,118,71.1864406779661,84
loobuma,,6002,20838,71.19685190517325,14836
meelitama,kokku,36,125,71.2,89
röökima,,220,764,71.20418848167539,544
korjama,välja,19,66,71.21212121212122,47
looma,tagasi,19,66,71.21212121212122,47
keevitama,,40,139,71.22302158273382,99
jooksma,mööda,42,146,71.23287671232876,104
kobrutama,,21,73,71.23287671232876,52
rehkendama,välja,21,73,71.23287671232876,52
jätma,,17021,59193,71.24491071579409,42172
leevendama,,542,1885,71.24668435013263,1343
koputama,,489,1701,71.25220458553791,1212
identifitseerima,,94,327,71.25382262996942,233
tegema,sisse,71,247,71.25506072874494,176
imetama,,25,87,71.26436781609196,62
kollitama,,75,261,71.26436781609196,186
jätma,rahule,341,1187,71.2721145745577,846
tulema,edasi,293,1020,71.27450980392157,727
niitma,maha,27,94,71.27659574468085,67
urisema,,118,411,71.28953771289538,293
väärima,,2856,9949,71.29359734646698,7093
haarama,kaasa,124,432,71.29629629629629,308
õppima,kokku,31,108,71.29629629629629,77
alandama,,758,2641,71.29875047330556,1883
tõmbama,välja,367,1279,71.30570758405004,912
mõtestama,,72,251,71.31474103585657,179
suunduma,tagasi,37,129,71.31782945736434,92
astuma,ligi,117,408,71.32352941176471,291
kaebama,edasi,314,1095,71.32420091324201,781
näitama,ette,158,551,71.32486388384754,393
küsima,,18496,64508,71.32758727599678,46012
haarama,,2858,9968,71.32825040128411,7110
praadima,,168,586,71.33105802047781,418
kehtima,edasi,43,150,71.33333333333334,107
jootma,,88,307,71.33550488599349,219
vääratama,,176,614,71.33550488599349,438
roostetama,,133,464,71.33620689655173,331
jahmuma,,161,562,71.35231316725978,401
vaakuma,,61,213,71.36150234741784,152
ostma,üles,63,220,71.36363636363636,157
tooma,alla,65,227,71.36563876651982,162
tarduma,,199,695,71.36690647482014,496
valguma,,274,957,71.36886102403344,683
lõhkema,,418,1460,71.36986301369863,1042
silmama,,213,744,71.37096774193549,531
vabanema,,1425,4978,71.37404580152672,3553
vihjama,,1059,3700,71.37837837837839,2641
lihtsustama,,261,912,71.38157894736842,651
silitama,,244,853,71.39507620164126,609
pooldama,,2163,7570,71.42668428005284,5407
absorbeerima,,10,35,71.42857142857143,25
absorbeeruma,,4,14,71.42857142857143,10
aistima,,2,7,71.42857142857143,5
aktseptima,,2,7,71.42857142857143,5
algatama,kokku,2,7,71.42857142857143,5
andma,andeks,2,7,71.42857142857143,5
andma,kõrvalt,2,7,71.42857142857143,5
andma,ümber,2,7,71.42857142857143,5
animeerima,,6,21,71.42857142857143,15
arvama,ringi,2,7,71.42857142857143,5
astuma,kaasa,2,7,71.42857142857143,5
asuma,ringi,2,7,71.42857142857143,5
attima,,2,7,71.42857142857143,5
avaldama,kokku,4,14,71.42857142857143,10
avaldama,vastu,2,7,71.42857142857143,5
buumima,,2,7,71.42857142857143,5
demostreerima,,2,7,71.42857142857143,5
destabiliseeruma,,2,7,71.42857142857143,5
dimensioonima,,2,7,71.42857142857143,5
dzunglima,,2,7,71.42857142857143,5
eeldama,välja,2,7,71.42857142857143,5
elama,maha,2,7,71.42857142857143,5
emiteerima,juurde,2,7,71.42857142857143,5
hakkama,alt,2,7,71.42857142857143,5
hakkama,sees,2,7,71.42857142857143,5
harjutama,ära,2,7,71.42857142857143,5
helisema,kaasa,4,14,71.42857142857143,10
helistama,ära,4,14,71.42857142857143,10
hindama,üles,2,7,71.42857142857143,5
hirnahtama,,2,7,71.42857142857143,5
hoidma,lahus,6,21,71.42857142857143,15
hoidma,täis,2,7,71.42857142857143,5
hõlbustuma,,2,7,71.42857142857143,5
hõljuma,välja,2,7,71.42857142857143,5
hõnguma,,6,21,71.42857142857143,15
hõõruma,kokku,12,42,71.42857142857143,30
ilmuma,koha,2,7,71.42857142857143,5
immitsema,välja,6,21,71.42857142857143,15
indlema,,2,7,71.42857142857143,5
jargnema,,2,7,71.42857142857143,5
jooma,juurde,2,7,71.42857142857143,5
joonistama,lahti,2,7,71.42857142857143,5
joonistama,üle,2,7,71.42857142857143,5
jootma,ära,2,7,71.42857142857143,5
juhatama,üles,2,7,71.42857142857143,5
juhtuma,lahti,2,7,71.42857142857143,5
juhtuma,läbi,2,7,71.42857142857143,5
jäkuma,,2,7,71.42857142857143,5
jälitama,edasi,2,7,71.42857142857143,5
jätma,omapäi,2,7,71.42857142857143,5
jätma,võlgu,2,7,71.42857142857143,5
kaduma,läbi,2,7,71.42857142857143,5
kallama,kokku,2,7,71.42857142857143,5
kandma,ära,56,196,71.42857142857143,140
kandma,ümber,2,7,71.42857142857143,5
kantima,kõrvale,2,7,71.42857142857143,5
kaotama,vastu,6,21,71.42857142857143,15
kategoriseerima,,2,7,71.42857142857143,5
katkema,kinni,2,7,71.42857142857143,5
kavatsema,ära,2,7,71.42857142857143,5
keerama,alt,2,7,71.42857142857143,5
keevituma,,2,7,71.42857142857143,5
kepslema,,18,63,71.42857142857143,45
kerkima,kokku,6,21,71.42857142857143,15
kestuma,,2,7,71.42857142857143,5
kiduma,,14,49,71.42857142857143,35
kiitma,tagant,2,7,71.42857142857143,5
kiitsuma,,4,14,71.42857142857143,10
kimuma,,8,28,71.42857142857143,20
kiskuma,välja,76,266,71.42857142857143,190
kleepima,juurde,2,7,71.42857142857143,5
kleepima,tagasi,2,7,71.42857142857143,5
kogema,läbi,2,7,71.42857142857143,5
kogunema,sisse,2,7,71.42857142857143,5
kolama,läbi,2,7,71.42857142857143,5
kommeteerima,,4,14,71.42857142857143,10
konstanteerima,,14,49,71.42857142857143,35
kontsentreerima,,16,56,71.42857142857143,40
koorima,välja,2,7,71.42857142857143,5
kruttima,alla,2,7,71.42857142857143,5
krüpteerima,ära,2,7,71.42857142857143,5
kukutama,alla,8,28,71.42857142857143,20
kulutama,tarvis,2,7,71.42857142857143,5
kumendama,,2,7,71.42857142857143,5
kumisema,kaasa,2,7,71.42857142857143,5
kummarduma,välja,2,7,71.42857142857143,5
kurisema,,4,14,71.42857142857143,10
kuulma,kõrvalt,4,14,71.42857142857143,10
kuulutama,tagasi,2,7,71.42857142857143,5
käima,taha,2,7,71.42857142857143,5
käivituma,alles,2,7,71.42857142857143,5
käkkima,,4,14,71.42857142857143,10
käristama,puruks,2,7,71.42857142857143,5
kõikuma,välja,2,7,71.42857142857143,5
kõlbama,kokku,2,7,71.42857142857143,5
kössutama,,2,7,71.42857142857143,5
küsima,kaasa,4,14,71.42857142857143,10
lahvatama,vastu,2,7,71.42857142857143,5
lahvatama,ümber,2,7,71.42857142857143,5
lakkima,üle,2,7,71.42857142857143,5
laskma,püsti,2,7,71.42857142857143,5
laskma,rippu,4,14,71.42857142857143,10
laulma,alla,2,7,71.42857142857143,5
leffitama,,2,7,71.42857142857143,5
leidma,täis,2,7,71.42857142857143,5
lendama,ümber,4,14,71.42857142857143,10
lennutama,eemale,2,7,71.42857142857143,5
lennutama,tagasi,2,7,71.42857142857143,5
liigutama,ära,2,7,71.42857142857143,5
lindistama,ümber,2,7,71.42857142857143,5
lippama,alla,2,7,71.42857142857143,5
lippama,välja,4,14,71.42857142857143,10
lubjastuma,,6,21,71.42857142857143,15
lupjuma,,2,7,71.42857142857143,5
läkitama,mööda,2,7,71.42857142857143,5
lätima,,6,21,71.42857142857143,15
lõhkuma,laiali,2,7,71.42857142857143,5
lõhnatama,,2,7,71.42857142857143,5
lõimima,,4,14,71.42857142857143,10
lõmpsima,,2,7,71.42857142857143,5
löbuma,,2,7,71.42857142857143,5
maadlema,välja,2,7,71.42857142857143,5
magama,lahti,4,14,71.42857142857143,10
maksma,maha,2,7,71.42857142857143,5
meeldima,kokku,2,7,71.42857142857143,5
meisterdama,kokku,2,7,71.42857142857143,5
meletama,,2,7,71.42857142857143,5
minema,peksma,4,14,71.42857142857143,10
minimiseerima,,4,14,71.42857142857143,10
mukkima,üles,2,7,71.42857142857143,5
muldama,,4,14,71.42857142857143,10
muutma,ilma,6,21,71.42857142857143,15
märgendama,,2,7,71.42857142857143,5
mässima,kinni,2,7,71.42857142857143,5
määrama,välja,2,7,71.42857142857143,5
määrima,kinni,4,14,71.42857142857143,10
mõjutama,edasi,2,7,71.42857142857143,5
mõlkima,ära,2,7,71.42857142857143,5
mõtisklema,üle,2,7,71.42857142857143,5
mõõtma,maha,2,7,71.42857142857143,5
mölisema,vastu,4,14,71.42857142857143,10
naelutama,,84,294,71.42857142857143,210
naelutama,ette,2,7,71.42857142857143,5
naerma,koos,6,21,71.42857142857143,15
naerma,ära,10,35,71.42857142857143,25
naersima,,2,7,71.42857142857143,5
nautima,edasi,2,7,71.42857142857143,5
nihutama,tagasi,2,7,71.42857142857143,5
nikkusaama,,2,7,71.42857142857143,5
nostalgitsema,,18,63,71.42857142857143,45
nägema,sisse,18,63,71.42857142857143,45
nõrutama,välja,2,7,71.42857142857143,5
oldkima,,2,7,71.42857142857143,5
olema,tagant,6,21,71.42857142857143,15
olema,"tänu, võlgu",2,7,71.42857142857143,5
ootama,järele,18,63,71.42857142857143,45
ootama,koos,2,7,71.42857142857143,5
ordineerima,,4,14,71.42857142857143,10
organiseerima,kohale,2,7,71.42857142857143,5
oskama,kaasa,2,7,71.42857142857143,5
ostma,ilma,2,7,71.42857142857143,5
ostuma,,2,7,71.42857142857143,5
paigutama,ette,2,7,71.42857142857143,5
paigutama,tagasi,2,7,71.42857142857143,5
paikama,ära,2,7,71.42857142857143,5
painutama,alla,2,7,71.42857142857143,5
paistma,rahul,14,49,71.42857142857143,35
pensioneeruma,,4,14,71.42857142857143,10
pexima,,2,7,71.42857142857143,5
pidnuma,,2,7,71.42857142857143,5
piitsutama,üles,2,7,71.42857142857143,5
pilduma,välja,4,14,71.42857142857143,10
pimestama,ära,2,7,71.42857142857143,5
pipardama,ära,2,7,71.42857142857143,5
pistma,kokku,4,14,71.42857142857143,10
podistama,,2,7,71.42857142857143,5
polariseerima,,4,14,71.42857142857143,10
prepareerima,,4,14,71.42857142857143,10
pretendeerima,kokku,2,7,71.42857142857143,5
profaneerima,,2,7,71.42857142857143,5
provintsistuma,,4,14,71.42857142857143,10
provisjoneerima,,4,14,71.42857142857143,10
pruntima,,8,28,71.42857142857143,20
puhkama,edasi,2,7,71.42857142857143,5
puhkema,vastu,2,7,71.42857142857143,5
puhuma,läbi,16,56,71.42857142857143,40
puttima,ära,2,7,71.42857142857143,5
pääsema,eemale,2,7,71.42857142857143,5
päästma,kokku,2,7,71.42857142857143,5
põhistama,,8,28,71.42857142857143,20
põmmima,,2,7,71.42857142857143,5
põntsutama,,2,7,71.42857142857143,5
põrkuma,tagasi,38,133,71.42857142857143,95
pöörama,maha,2,7,71.42857142857143,5
pöörama,otsa,2,7,71.42857142857143,5
pööruma,,2,7,71.42857142857143,5
püüdma,koos,2,7,71.42857142857143,5
püüdma,täis,2,7,71.42857142857143,5
rabama,lahti,2,7,71.42857142857143,5
rabama,välja,2,7,71.42857142857143,5
rabama,ära,4,14,71.42857142857143,10
rassima,edasi,2,7,71.42857142857143,5
rebima,alla,2,7,71.42857142857143,5
refinantseerima,,8,28,71.42857142857143,20
rikkuma,välja,2,7,71.42857142857143,5
rimima,,2,7,71.42857142857143,5
riputama,alla,2,7,71.42857142857143,5
riputama,täis,4,14,71.42857142857143,10
roojama,,12,42,71.42857142857143,30
roomama,edasi,4,14,71.42857142857143,10
roomama,vastu,2,7,71.42857142857143,5
rõivastama,,6,21,71.42857142857143,15
saagima,välja,4,14,71.42857142857143,10
sadestama,,2,7,71.42857142857143,5
sahkama,,4,14,71.42857142857143,10
sahkerdama,maha,4,14,71.42857142857143,10
salastama,,20,70,71.42857142857143,50
sattuma,kaasa,2,7,71.42857142857143,5
sattuma,ära,2,7,71.42857142857143,5
scriptima,,2,7,71.42857142857143,5
seisma,kokku,6,21,71.42857142857143,15
sepitsema,,46,161,71.42857142857143,115
servama,,2,7,71.42857142857143,5
sisenema,läbi,2,7,71.42857142857143,5
skännima,sisse,4,14,71.42857142857143,10
sobima,välja,6,21,71.42857142857143,15
soristama,täis,2,7,71.42857142857143,5
sorkama,,4,14,71.42857142857143,10
spekuleerima,edasi,2,7,71.42857142857143,5
splittima,,2,7,71.42857142857143,5
sprindima,,2,7,71.42857142857143,5
sublimeeruma,,4,14,71.42857142857143,10
sukelduma,järele,2,7,71.42857142857143,5
sulgema,välja,2,7,71.42857142857143,5
suretama,ära,2,7,71.42857142857143,5
suruma,laiali,2,7,71.42857142857143,5
suxima,,2,7,71.42857142857143,5
sättima,alla,2,7,71.42857142857143,5
sättima,välja,2,7,71.42857142857143,5
sõitma,peal,2,7,71.42857142857143,5
sööstma,tagasi,6,21,71.42857142857143,15
sünnitama,kaasa,2,7,71.42857142857143,5
süüdistama,ilma,2,7,71.42857142857143,5
taasesietenduma,,2,7,71.42857142857143,5
taasesitama,,4,14,71.42857142857143,10
tahtma,ilma,4,14,71.42857142857143,10
tahtma,kaasas,2,7,71.42857142857143,5
tahtma,külge,2,7,71.42857142857143,5
tahtuma,,2,7,71.42857142857143,5
tampima,puruks,2,7,71.42857142857143,5
tapma,vastu,2,7,71.42857142857143,5
tasaarveldama,,2,7,71.42857142857143,5
teadma,valmis,6,21,71.42857142857143,15
teatama,ilma,2,7,71.42857142857143,5
teaxima,,2,7,71.42857142857143,5
tegelema,tagasi,2,7,71.42857142857143,5
tegema,"kaasa, kokku",2,7,71.42857142857143,5
tekkima,välja,8,28,71.42857142857143,20
teoretiseerima,,14,49,71.42857142857143,35
tetuma,,2,7,71.42857142857143,5
tilkuma,peale,2,7,71.42857142857143,5
toimetama,ringi,2,7,71.42857142857143,5
toimuma,välja,12,42,71.42857142857143,30
tormama,juurde,6,21,71.42857142857143,15
tormama,kokku,4,14,71.42857142857143,10
tormama,vahele,2,7,71.42857142857143,5
trukkima,,2,7,71.42857142857143,5
tulema,kinni,10,35,71.42857142857143,25
tulema,tarvis,10,35,71.42857142857143,25
turnima,üles,2,7,71.42857142857143,5
tähandama,,2,7,71.42857142857143,5
tähendama,juurde,2,7,71.42857142857143,5
tähendama,vaja,2,7,71.42857142857143,5
tõttama,juurde,2,7,71.42857142857143,5
tõuklema,,20,70,71.42857142857143,50
tõusma,ligi,2,7,71.42857142857143,5
tükeldama,ära,4,14,71.42857142857143,10
tükkima,välja,2,7,71.42857142857143,5
uhtma,välja,2,7,71.42857142857143,5
uhtma,üle,2,7,71.42857142857143,5
ukerdama,püsti,2,7,71.42857142857143,5
urisema,ära,2,7,71.42857142857143,5
uurima,ringi,4,14,71.42857142857143,10
vaatama,koos,10,35,71.42857142857143,25
vahtima,sisse,10,35,71.42857142857143,25
vajuma,kohale,4,14,71.42857142857143,10
valetama,edasi,2,7,71.42857142857143,5
valguma,ära,2,7,71.42857142857143,5
valima,ette,4,14,71.42857142857143,10
valima,vastu,2,7,71.42857142857143,5
veetma,kokku,8,28,71.42857142857143,20
vehklema,edasi,2,7,71.42857142857143,5
vettima,ära,2,7,71.42857142857143,5
vihisema,läbi,4,14,71.42857142857143,10
viibima,üle,4,14,71.42857142857143,10
virgutama,,26,91,71.42857142857143,65
viskama,otsa,2,7,71.42857142857143,5
voogama,läbi,2,7,71.42857142857143,5
voorima,mööda,4,14,71.42857142857143,10
vuhama,,4,14,71.42857142857143,10
vurama,tagasi,2,7,71.42857142857143,5
vussima,,4,14,71.42857142857143,10
väljuma,kokku,2,7,71.42857142857143,5
värbama,juurde,2,7,71.42857142857143,5
võidurõõmutsema,,2,7,71.42857142857143,5
võima,jaa,2,7,71.42857142857143,5
võistlema,üle,2,7,71.42857142857143,5
võitma,üle,6,21,71.42857142857143,15
võtlema,,2,7,71.42857142857143,5
võtma,kõrvalt,4,14,71.42857142857143,10
võtma,"välja, kokku",4,14,71.42857142857143,10
walmima,,2,7,71.42857142857143,5
äinuma,,2,7,71.42857142857143,5
äratama,vastu,2,7,71.42857142857143,5
õppetama,,2,7,71.42857142857143,5
üleilmastuma,,2,7,71.42857142857143,5
üritama,läbi,2,7,71.42857142857143,5
ütlema,ilma,2,7,71.42857142857143,5
uuenema,,376,1317,71.45026575550494,941
korjama,ära,113,396,71.46464646464646,283
hilinema,,737,2583,71.46728610143245,1846
kompenseerima,,513,1798,71.46829810901001,1285
pomisema,,364,1276,71.47335423197492,912
kaema,,89,312,71.47435897435898,223
halama,,73,256,71.484375,183
ajama,maha,138,484,71.48760330578511,346
valima,,9150,32106,71.5006540833489,22956
viima,eemale,51,179,71.50837988826815,128
karistama,,1329,4665,71.51125401929261,3336
näitama,üles,484,1699,71.51265450264862,1215
tõestama,,2971,10430,71.51486097794823,7459
keerama,ette,141,495,71.51515151515152,354
maksustama,,94,330,71.51515151515152,236
võõranduma,,92,323,71.51702786377709,231
laskma,täis,45,158,71.51898734177216,113
mediteerima,,45,158,71.51898734177216,113
sünnitama,,1023,3592,71.52004454342983,2569
puuduma,,14786,51926,71.52486230404807,37140
paiskuma,,537,1886,71.5270413573701,1349
kloppima,,80,281,71.53024911032028,201
vormistama,,707,2484,71.5378421900161,1777
helkima,,74,260,71.53846153846153,186
kapselduma,,37,130,71.53846153846153,93
ligunema,,35,123,71.54471544715447,88
neelduma,,35,123,71.54471544715447,88
viima,kokku,243,854,71.5456674473068,611
katsuma,,1489,5233,71.54595834129563,3744
kottima,,136,478,71.54811715481172,342
pikendama,,871,3062,71.55453951665578,2191
minetama,,286,1006,71.57057654075547,720
põlastama,,56,197,71.57360406091371,141
koristama,,417,1467,71.57464212678937,1050
kammitsema,,137,482,71.57676348547717,345
vahetama,ümber,27,95,71.57894736842105,68
tegema,välja,553,1946,71.58273381294964,1393
kuulama,ära,520,1830,71.58469945355192,1310
noolima,,77,271,71.58671586715867,194
palvetama,,255,898,71.60356347438753,643
nurisema,,393,1384,71.60404624277457,991
võtma,peale,203,715,71.60839160839161,512
kompromiteerima,,65,229,71.61572052401746,164
joonduma,,42,148,71.62162162162163,106
puhuma,üles,21,74,71.62162162162163,53
torpedeerima,,21,74,71.62162162162163,53
jätma,pooleli,353,1244,71.62379421221866,891
streikima,,185,652,71.62576687116564,467
pakkima,,303,1068,71.62921348314607,765
möllama,,1199,4227,71.63472912230897,3028
jätma,ära,333,1174,71.63543441226575,841
libisema,maha,19,67,71.64179104477611,48
pungitama,,19,67,71.64179104477611,48
saatma,peale,19,67,71.64179104477611,48
taaruma,,19,67,71.64179104477611,48
täitma,,6782,23919,71.64597182156444,17137
alluma,,1247,4398,71.64620281946338,3151
hääletama,,2911,10267,71.6470244472582,7356
kandma,ette,347,1224,71.65032679738562,877
toksima,,195,688,71.65697674418605,493
muutma,,10161,35861,71.66559772454755,25700
hääletama,poolt,17,60,71.66666666666667,43
keerama,"otsa, ringi",17,60,71.66666666666667,43
raiuma,vastu,17,60,71.66666666666667,43
looma,sisse,49,173,71.67630057803468,124
kusema,,113,399,71.67919799498746,286
ostma,tagasi,145,512,71.6796875,367
tooma,esile,897,3168,71.68560606060606,2271
kihutama,läbi,30,106,71.69811320754717,76
krõbistama,,30,106,71.69811320754717,76
omavolitsema,,15,53,71.69811320754717,38
õppima,koos,15,53,71.69811320754717,38
panema,maha,487,1721,71.70249854735619,1234
otsima,,9351,33053,71.70907330650773,23702
kosima,,43,152,71.71052631578947,109
tuhnima,,86,304,71.71052631578947,218
kalduma,välja,28,99,71.71717171717171,71
moodustama,alla,28,99,71.71717171717171,71
astuma,maha,97,343,71.7201166180758,246
ihalema,,69,244,71.72131147540983,175
amelema,,26,92,71.73913043478261,66
kallama,alla,13,46,71.73913043478261,33
koodima,,13,46,71.73913043478261,33
närima,ära,13,46,71.73913043478261,33
põdema,ära,13,46,71.73913043478261,33
puutuma,,3146,11135,71.74674449932645,7989
hämmelduma,,87,308,71.75324675324676,221
kärbuma,,24,85,71.76470588235294,61
peegeldama,tagasi,35,124,71.7741935483871,89
tähistama,,3194,11317,71.77697269594415,8123
ulatuma,välja,114,404,71.78217821782178,290
jämmima,,11,39,71.7948717948718,28
karjuma,üle,11,39,71.7948717948718,28
krabama,kinni,11,39,71.7948717948718,28
lendama,vastu,22,78,71.7948717948718,56
tegema,otsa,11,39,71.7948717948718,28
tuiskama,täis,11,39,71.7948717948718,28
yklema,,11,39,71.7948717948718,28
selguma,,15080,53479,71.80201574449784,38399
jahtima,,375,1330,71.80451127819549,955
lõikama,läbi,203,720,71.80555555555556,517
seadma,valmis,42,149,71.81208053691275,107
murdma,sisse,272,965,71.81347150259067,693
nabima,kinni,73,259,71.81467181467181,186
määratlema,,677,2402,71.81515403830142,1725
tõrkuma,,224,795,71.82389937106917,571
jääma,järgi,20,71,71.83098591549296,51
nuhkima,,40,142,71.83098591549296,102
tahtma,välja,40,142,71.83098591549296,102
tõstma,püsti,60,213,71.83098591549296,153
vägistama,,338,1200,71.83333333333334,862
eksportima,,354,1257,71.83770883054893,903
kujutlema,,412,1463,71.83868762816131,1051
ühenduma,,29,103,71.84466019417476,74
uuristama,,67,238,71.84873949579831,171
sumama,,38,135,71.85185185185186,97
genereerima,,123,437,71.85354691075516,314
vaevama,,935,3322,71.8543046357616,2387
kosutama,,65,231,71.86147186147186,166
embama,,110,391,71.86700767263427,281
determineerima,,9,32,71.875,23
juhtuma,tagasi,9,32,71.875,23
kääksatama,,9,32,71.875,23
nilpsama,,9,32,71.875,23
pääsema,tagant,9,32,71.875,23
siirduma,tagasi,27,96,71.875,69
tormama,kallale,27,96,71.875,69
transleerima,,9,32,71.875,23
tuuritama,,63,224,71.875,161
võõpama,,27,96,71.875,69
viima,edasi,370,1316,71.88449848024317,946
looma,lahti,43,153,71.89542483660131,110
mürtsuma,,43,153,71.89542483660131,110
kahvatuma,,136,484,71.900826446281,348
nosima,,34,121,71.900826446281,87
tapsima,,34,121,71.900826446281,87
ägisema,,34,121,71.900826446281,87
šokeerima,,184,655,71.90839694656489,471
harutama,lahti,50,178,71.91011235955057,128
parafraseerima,,25,89,71.91011235955057,64
vallutama,tagasi,25,89,71.91011235955057,64
lugema,ette,742,2642,71.91521574564723,1900
varjutama,,395,1407,71.92608386638237,1012
võtma,üle,690,2458,71.92839707078926,1768
keerama,alla,16,57,71.9298245614035,41
näljutama,,32,114,71.9298245614035,82
saama,eemale,16,57,71.9298245614035,41
tormama,mööda,16,57,71.9298245614035,41
kaevama,,403,1436,71.93593314763231,1033
astuma,tagasi,933,3325,71.93984962406014,2392
pärssima,,411,1465,71.94539249146757,1054
ütlema,vastu,46,164,71.95121951219512,118
pritsima,,251,895,71.95530726256983,644
jääma,rahule,1486,5301,71.96755329183173,3815
saama,kätte,541,1930,71.96891191709844,1389
võtma,kätte,74,264,71.96969696969697,190
kleepima,,169,603,71.97346600331676,434
sõitma,sisse,262,935,71.97860962566844,673
imema,,746,2663,71.98648141194141,1917
kergendama,,298,1064,71.99248120300751,766
andma,ette,252,900,72,648
dikteerima,ette,7,25,72,18
kobima,välja,7,25,72,18
kulistama,,21,75,72,54
kulutama,peale,7,25,72,18
kõhetuma,,7,25,72,18
näsima,,14,50,72,36
ostma,peale,7,25,72,18
pakkuma,kõrvale,7,25,72,18
pikettima,,7,25,72,18
pilastama,,7,25,72,18
puksima,,14,50,72,36
raputama,lahti,14,50,72,36
softima,,7,25,72,18
tahmama,,14,50,72,36
treima,valmis,7,25,72,18
tuiskama,alla,7,25,72,18
virutama,puruks,7,25,72,18
vormistama,ümber,7,25,72,18
suunduma,,1655,5915,72.02028740490279,4260
rivistuma,,73,261,72.03065134099617,188
lööma,kokku,172,615,72.03252032520325,443
vihisema,,66,236,72.03389830508475,170
täheldama,,571,2042,72.03721841332028,1471
aeglustama,,168,601,72.04658901830283,433
lendama,sisse,38,136,72.05882352941177,98
meelitama,,1310,4689,72.06227340584347,3379
imetlema,,540,1933,72.06414899120539,1393
vahelduma,,412,1475,72.0677966101695,1063
ohkima,,86,308,72.07792207792207,222
aitama,välja,213,763,72.08387942332897,550
ennustama,ilma,12,43,72.09302325581395,31
looma,alt,12,43,72.09302325581395,31
määratlema,ära,12,43,72.09302325581395,31
parseldama,,12,43,72.09302325581395,31
solkima,,24,86,72.09302325581395,62
suruma,välja,36,129,72.09302325581395,93
toonima,,12,43,72.09302325581395,31
trikitama,,12,43,72.09302325581395,31
häbenema,,680,2437,72.09684037751333,1757
varitsema,,258,925,72.1081081081081,667
kvalifitseerima,,46,165,72.12121212121212,119
reklaamima,,689,2472,72.12783171521036,1783
deklameerima,,34,122,72.1311475409836,88
kaanetama,,17,61,72.1311475409836,44
minema,rikki,17,61,72.1311475409836,44
nahistama,,17,61,72.1311475409836,44
oksendama,välja,17,61,72.1311475409836,44
suruma,vastu,17,61,72.1311475409836,44
dikteerima,,347,1246,72.15088282504013,899
määrima,,375,1347,72.16035634743875,972
kummarduma,,309,1110,72.16216216216216,801
hüppama,välja,241,866,72.17090069284065,625
pildistama,,519,1865,72.171581769437,1346
kartma,,8447,30355,72.17262394992588,21908
pahvatama,,143,514,72.17898832684824,371
sööma,välja,37,133,72.18045112781954,96
lammutama,,210,755,72.18543046357617,545
sätendama,,42,151,72.18543046357617,109
raiuma,maha,52,187,72.19251336898395,135
lustima,,114,410,72.1951219512195,296
varisema,kokku,412,1482,72.19973009446694,1070
keerama,lahti,107,385,72.20779220779221,278
ajama,taga,441,1587,72.2117202268431,1146
vaatama,vastu,422,1519,72.21856484529296,1097
algama,alles,35,126,72.22222222222221,91
ehmatama,üles,5,18,72.22222222222221,13
elektriseerima,,5,18,72.22222222222221,13
flashima,,10,36,72.22222222222221,26
heitma,ühte,5,18,72.22222222222221,13
hüüdma,vahele,10,36,72.22222222222221,26
jaguma,välja,5,18,72.22222222222221,13
kannatama,läbi,20,72,72.22222222222221,52
karvuma,,5,18,72.22222222222221,13
kataloogima,,5,18,72.22222222222221,13
kordama,järele,5,18,72.22222222222221,13
kõnelema,edasi,5,18,72.22222222222221,13
laienema,alt,5,18,72.22222222222221,13
lohistama,järel,5,18,72.22222222222221,13
loopima,laiali,20,72,72.22222222222221,52
minema,pärast,5,18,72.22222222222221,13
moduleerima,,5,18,72.22222222222221,13
moelduma,,5,18,72.22222222222221,13
natuma,,10,36,72.22222222222221,26
pakkuma,valmis,5,18,72.22222222222221,13
pillima,,5,18,72.22222222222221,13
pistma,otsa,10,36,72.22222222222221,26
plagama,,5,18,72.22222222222221,13
putkama,,25,90,72.22222222222221,65
pühkima,välja,5,18,72.22222222222221,13
retsiteerima,,5,18,72.22222222222221,13
rulluma,lahti,35,126,72.22222222222221,91
salgama,ära,5,18,72.22222222222221,13
sheikima,,10,36,72.22222222222221,26
sittuma,ära,5,18,72.22222222222221,13
spurtima,ette,35,126,72.22222222222221,91
sõimama,täis,20,72,72.22222222222221,52
sõitma,koha,5,18,72.22222222222221,13
taguma,välja,5,18,72.22222222222221,13
teotsema,,10,36,72.22222222222221,26
toetama,vastu,5,18,72.22222222222221,13
uhama,ringi,5,18,72.22222222222221,13
vahtima,maha,5,18,72.22222222222221,13
võtma,"tagant, ära",5,18,72.22222222222221,13
lõpma,,2641,9510,72.2292323869611,6869
tallama,,133,479,72.23382045929019,346
hooplema,,78,281,72.24199288256227,203
sööstma,,433,1560,72.24358974358974,1127
voogama,,63,227,72.24669603524228,164
pilama,,48,173,72.25433526011561,125
vedama,sisse,48,173,72.25433526011561,125
panema,kokku,862,3107,72.25619568715803,2245
tabama,,7586,27348,72.26122568377944,19762
mõnitama,,264,952,72.26890756302521,688
orgunnima,,33,119,72.26890756302521,86
raksatama,,66,238,72.26890756302521,172
spondeerima,,33,119,72.26890756302521,86
surema,,9688,34936,72.26929242042593,25248
hingeldama,,84,303,72.27722772277228,219
otsutama,,28,101,72.27722772277228,73
suunama,,1075,3879,72.2866718226347,2804
analüüsima,,881,3179,72.28688266750551,2298
kõssama,,23,83,72.28915662650603,60
loovima,,23,83,72.28915662650603,60
pidama,edasi,23,83,72.28915662650603,60
purskama,välja,23,83,72.28915662650603,60
andma,peksma,110,397,72.29219143576826,287
õmblema,,233,841,72.294887039239,608
kuuluma,kokku,131,473,72.3044397463002,342
plahvatama,,1298,4687,72.30637934713036,3389
nottima,,18,65,72.3076923076923,47
revideerima,,36,130,72.3076923076923,94
kisendama,,116,419,72.31503579952268,303
maandama,,165,596,72.31543624161074,431
tuigerdama,,31,112,72.32142857142857,81
tülitama,,171,618,72.33009708737865,447
mässima,,83,300,72.33333333333334,217
täpsustuma,,83,300,72.33333333333334,217
saama,kaasa,353,1276,72.33542319749216,923
aitama,üles,13,47,72.3404255319149,34
paljundama,,52,188,72.3404255319149,136
trollima,,13,47,72.3404255319149,34
tuhmistama,,13,47,72.3404255319149,34
kütma,,440,1591,72.34443746071652,1151
aktsepteerima,,998,3609,72.34691050152396,2611
murendama,,47,170,72.35294117647058,123
võluma,ära,34,123,72.35772357723577,89
testima,,490,1773,72.36322617033278,1283
tegelema,edasi,97,351,72.36467236467237,254
kärgatama,,105,380,72.36842105263158,275
sõitma,järele,63,228,72.36842105263158,165
nälgima,,158,572,72.37762237762237,414
lööma,vastu,58,210,72.38095238095238,152
turtsatama,,66,239,72.38493723849372,173
panema,püsti,204,739,72.39512855209743,535
vallanduma,,350,1268,72.39747634069401,918
korjama,,784,2841,72.40408306934178,2057
arvama,kokku,16,58,72.41379310344827,42
hüppama,kallale,8,29,72.41379310344827,21
kiirustama,tagasi,24,87,72.41379310344827,63
kinnitama,ära,8,29,72.41379310344827,21
kondama,,40,145,72.41379310344827,105
nõudma,välja,96,348,72.41379310344827,252
põrkuma,vastu,8,29,72.41379310344827,21
pühkima,kokku,8,29,72.41379310344827,21
röstima,,8,29,72.41379310344827,21
seisma,taga,8,29,72.41379310344827,21
sihtima,,432,1566,72.41379310344827,1134
sängitama,,8,29,72.41379310344827,21
veenduma,,3310,12003,72.42356077647256,8693
eelistama,,4929,17876,72.42671738643992,12947
hargnema,,189,686,72.44897959183673,497
napsitama,,81,294,72.44897959183673,213
saatma,tagasi,306,1111,72.45724572457246,805
laenama,,870,3159,72.4596391263058,2289
päevituma,,95,345,72.46376811594203,250
ohustama,,1258,4569,72.46662289341212,3311
kahetsema,,1689,6135,72.46943765281173,4446
jooma,täis,79,287,72.47386759581882,208
nõretama,,30,109,72.47706422018348,79
välgutama,,30,109,72.47706422018348,79
hoolitsema,,1409,5121,72.48584260886545,3712
tutvuma,,1873,6809,72.4922896166838,4936
puhuma,välja,22,80,72.5,58
tormama,üles,11,40,72.5,29
ässitama,,55,200,72.5,145
liitma,,376,1368,72.51461988304094,992
riputama,üles,111,404,72.52475247524752,293
viipama,,239,870,72.52873563218391,631
kaevama,üles,39,142,72.53521126760563,103
karmistuma,,81,295,72.54237288135593,214
kraadima,,14,51,72.54901960784314,37
kumuleeruma,,14,51,72.54901960784314,37
sündima,kaasa,14,51,72.54901960784314,37
taaslooma,,14,51,72.54901960784314,37
vidutama,,14,51,72.54901960784314,37
koukima,välja,45,164,72.5609756097561,119
elama,kokku,96,350,72.57142857142857,254
nõjatuma,,68,248,72.58064516129032,180
õpetama,välja,68,248,72.58064516129032,180
hoidma,peal,108,394,72.58883248730965,286
mitmekordistuma,,57,208,72.59615384615384,151
moderniseerima,,20,73,72.6027397260274,53
peetama,kinni,20,73,72.6027397260274,53
alustama,,17305,63173,72.60696816678012,45868
viima,sisse,135,493,72.61663286004057,358
vapustama,,339,1238,72.61712439418416,899
asenduma,,589,2151,72.61738726173873,1562
varjama,ära,23,84,72.61904761904762,61
olema,küljes,29,106,72.64150943396226,77
veristama,,29,106,72.64150943396226,77
adresseerima,,32,117,72.64957264957265,85
tiivustama,,64,234,72.64957264957265,170
kihistama,,73,267,72.65917602996255,194
kähisema,,38,139,72.66187050359713,101
puhuma,,1345,4920,72.66260162601627,3575
tõmbama,peale,79,289,72.66435986159169,210
rõkkama,,83,304,72.69736842105263,221
segama,kokku,95,348,72.70114942528735,253
ostma,kokku,312,1143,72.70341207349081,831
petma,,948,3475,72.71942446043165,2527
ehama,,3,11,72.72727272727273,8
ehitama,läbi,3,11,72.72727272727273,8
eksima,kõrvale,3,11,72.72727272727273,8
epateerima,,3,11,72.72727272727273,8
esitama,tagasi,9,33,72.72727272727273,24
getostuma,,3,11,72.72727272727273,8
googeldama,,3,11,72.72727272727273,8
hakkama,alla,6,22,72.72727272727273,16
hotima,,6,22,72.72727272727273,16
iilima,,3,11,72.72727272727273,8
istuma,ette,15,55,72.72727272727273,40
juhatama,välja,12,44,72.72727272727273,32
jätma,kokku,15,55,72.72727272727273,40
jätma,vastu,3,11,72.72727272727273,8
jääma,allapoole,12,44,72.72727272727273,32
jääma,"lahti, vahele",3,11,72.72727272727273,8
jõudma,jälile,3,11,72.72727272727273,8
kaevama,lahti,21,77,72.72727272727273,56
kaevama,läbi,9,33,72.72727272727273,24
kahmama,kinni,6,22,72.72727272727273,16
kairima,,3,11,72.72727272727273,8
kakkuma,välja,3,11,72.72727272727273,8
kasutama,sisse,3,11,72.72727272727273,8
kavatsema,edasi,3,11,72.72727272727273,8
keema,ära,3,11,72.72727272727273,8
keerlema,edasi,3,11,72.72727272727273,8
kellama,,12,44,72.72727272727273,32
kerima,välja,6,22,72.72727272727273,16
kleepima,kinni,15,55,72.72727272727273,40
kobama,läbi,3,11,72.72727272727273,8
koonduma,kokku,6,22,72.72727272727273,16
kutsuma,koha,3,11,72.72727272727273,8
kuuluma,ühte,3,11,72.72727272727273,8
kähvatama,,3,11,72.72727272727273,8
kärssama,ära,3,11,72.72727272727273,8
kõlama,kaasa,3,11,72.72727272727273,8
kõmmutama,mööda,3,11,72.72727272727273,8
kõndima,tagasi,12,44,72.72727272727273,32
köhima,välja,9,33,72.72727272727273,24
laastama,,201,737,72.72727272727273,536
lahisema,,3,11,72.72727272727273,8
larpima,,6,22,72.72727272727273,16
laskma,kallale,3,11,72.72727272727273,8
laulma,kokku,3,11,72.72727272727273,8
leidma,ees,3,11,72.72727272727273,8
leidma,koos,3,11,72.72727272727273,8
lontsima,,3,11,72.72727272727273,8
lugema,alt,3,11,72.72727272727273,8
meeldima,peale,3,11,72.72727272727273,8
meelisklema,,9,33,72.72727272727273,24
meelitama,sisse,3,11,72.72727272727273,8
mehitama,,12,44,72.72727272727273,32
mölisema,ära,51,187,72.72727272727273,136
nihestuma,,12,44,72.72727272727273,32
nirisema,alla,3,11,72.72727272727273,8
närveerima,üle,3,11,72.72727272727273,8
nätsuma,,3,11,72.72727272727273,8
nõksuma,,3,11,72.72727272727273,8
ohhetama,,9,33,72.72727272727273,24
olema,igasugu,3,11,72.72727272727273,8
oskama,vaja,3,11,72.72727272727273,8
oskama,ära,3,11,72.72727272727273,8
paiskama,tagasi,9,33,72.72727272727273,24
pakkuma,ilma,3,11,72.72727272727273,8
paluma,vaja,3,11,72.72727272727273,8
panema,taga,3,11,72.72727272727273,8
pidama,peal,3,11,72.72727272727273,8
pindama,,9,33,72.72727272727273,24
pisima,,3,11,72.72727272727273,8
pistma,läbi,6,22,72.72727272727273,16
pistma,plehku,9,33,72.72727272727273,24
pritsima,üle,6,22,72.72727272727273,16
pröökama,,9,33,72.72727272727273,24
pääsema,eest,6,22,72.72727272727273,16
pääsema,vastu,3,11,72.72727272727273,8
põlema,sees,3,11,72.72727272727273,8
põrkama,üles,3,11,72.72727272727273,8
pöörlema,ringi,3,11,72.72727272727273,8
rabama,kaasa,6,22,72.72727272727273,16
rabelema,edasi,3,11,72.72727272727273,8
ratsutama,sisse,3,11,72.72727272727273,8
rebima,eemale,3,11,72.72727272727273,8
rebima,eest,3,11,72.72727272727273,8
reppima,,6,22,72.72727272727273,16
reserveerima,,78,286,72.72727272727273,208
ristitama,,3,11,72.72727272727273,8
rolluma,,3,11,72.72727272727273,8
ronima,peale,9,33,72.72727272727273,24
rooskama,,3,11,72.72727272727273,8
ropsima,,33,121,72.72727272727273,88
röögatama,,132,484,72.72727272727273,352
saama,"eest, ära",6,22,72.72727272727273,16
saama,puudu,3,11,72.72727272727273,8
sadenema,,3,11,72.72727272727273,8
seilama,läbi,3,11,72.72727272727273,8
sirutama,vastu,3,11,72.72727272727273,8
surema,vastu,3,11,72.72727272727273,8
suruma,ette,3,11,72.72727272727273,8
syytuma,,3,11,72.72727272727273,8
säristama,,3,11,72.72727272727273,8
sõitma,vaja,3,11,72.72727272727273,8
t6mbasima,,3,11,72.72727272727273,8
tagurdama,sisse,3,11,72.72727272727273,8
tampima,sisse,3,11,72.72727272727273,8
tarima,kaasa,9,33,72.72727272727273,24
toimetama,eemale,3,11,72.72727272727273,8
tootma,alla,3,11,72.72727272727273,8
tsementeeruma,,3,11,72.72727272727273,8
tuhastama,,9,33,72.72727272727273,24
tuhnima,välja,6,22,72.72727272727273,16
tulema,kaasas,9,33,72.72727272727273,24
tundma,kokku,3,11,72.72727272727273,8
tõmbama,lõhki,3,11,72.72727272727273,8
tõmblema,ära,6,22,72.72727272727273,16
tõstma,juurde,3,11,72.72727272727273,8
tülgastama,,6,22,72.72727272727273,16
uhkustama,,114,418,72.72727272727273,304
uhuma,,3,11,72.72727272727273,8
ulatama,välja,3,11,72.72727272727273,8
uratama,,3,11,72.72727272727273,8
vajama,läbi,3,11,72.72727272727273,8
vetostama,,3,11,72.72727272727273,8
viima,laiali,9,33,72.72727272727273,24
voolama,üle,3,11,72.72727272727273,8
võitma,peale,3,11,72.72727272727273,8
ähvardama,vastu,3,11,72.72727272727273,8
ärritama,üles,12,44,72.72727272727273,32
õhutama,takka,6,22,72.72727272727273,16
õiendama,vastu,3,11,72.72727272727273,8
õmblema,tagasi,6,22,72.72727272727273,16
õõtsuma,kaasa,3,11,72.72727272727273,8
ütlema,järel,3,11,72.72727272727273,8
taguma,,533,1955,72.73657289002557,1422
karmistama,,128,470,72.76595744680851,342
segunema,,325,1194,72.78056951423785,869
mädanema,,169,621,72.78582930756843,452
rääkima,välja,83,305,72.78688524590164,222
koukima,,40,147,72.78911564625851,107
veetma,,2427,8925,72.80672268907563,6498
ihuma,,62,228,72.80701754385966,166
kaevandama,,31,114,72.80701754385966,83
esitlema,,1316,4840,72.8099173553719,3524
rüüpama,,280,1030,72.81553398058253,750
olema,rahul,4995,18379,72.82224277708254,13384
äratama,,1480,5446,72.82409107601909,3966
siirduma,,1272,4681,72.82631916257209,3409
jäätuma,,138,508,72.83464566929135,370
arendama,,1037,3818,72.83918281822945,2781
küttima,,88,324,72.8395061728395,236
parasiteerima,,22,81,72.8395061728395,59
hüübima,,19,70,72.85714285714285,51
kolletama,,19,70,72.85714285714285,51
poleerima,,19,70,72.85714285714285,51
avastama,,5167,19046,72.87094403024257,13879
vaatama,ette,99,365,72.87671232876713,266
viskama,maha,115,424,72.87735849056604,309
ajama,lahti,16,59,72.88135593220339,43
suruma,läbi,93,343,72.8862973760933,250
turgutama,,93,343,72.8862973760933,250
jääma,pooleli,597,2202,72.88828337874659,1605
lõbustama,,238,878,72.89293849658314,640
kandideerima,,2323,8571,72.89697818224245,6248
rasvuma,,29,107,72.89719626168224,78
leiutama,,419,1546,72.89780077619665,1127
korvama,,363,1340,72.91044776119404,977
ootama,ees,1135,4190,72.91169451073985,3055
toimuma,,36080,133195,72.91189609219565,97115
fikseerima,,493,1820,72.91208791208791,1327
blokkima,,13,48,72.91666666666666,35
mängima,peale,13,48,72.91666666666666,35
studeerima,,13,48,72.91666666666666,35
tantsisklema,,13,48,72.91666666666666,35
tõmbama,üles,39,144,72.91666666666666,105
kiskuma,üles,23,85,72.94117647058823,62
seisatama,,112,414,72.94685990338165,302
langema,välja,827,3057,72.94733398756952,2230
vastustama,,66,244,72.95081967213115,178
shokeerima,,83,307,72.9641693811075,224
amortiseeruma,,190,703,72.97297297297297,513
auruma,,10,37,72.97297297297297,27
jõudma,vahele,10,37,72.97297297297297,27
liivatama,,10,37,72.97297297297297,27
läägima,,10,37,72.97297297297297,27
lükkama,ette,30,111,72.97297297297297,81
pritsima,täis,10,37,72.97297297297297,27
sädelema,,60,222,72.97297297297297,162
usurpeerima,,10,37,72.97297297297297,27
vonklema,,40,148,72.97297297297297,108
kuulduma,,338,1251,72.98161470823341,913
avalikustama,,1002,3709,72.98463197627393,2707
väntama,,200,741,73.00944669365722,541
küürutama,,17,63,73.01587301587301,46
mahtuma,kokku,17,63,73.01587301587301,46
tõhustuma,,17,63,73.01587301587301,46
üldistuma,,17,63,73.01587301587301,46
keetma,kokku,24,89,73.03370786516854,65
kerima,tagasi,24,89,73.03370786516854,65
mörisema,,24,89,73.03370786516854,65
saama,taha,24,89,73.03370786516854,65
kukkuma,alla,838,3108,73.03732303732303,2270
andma,sisse,134,497,73.03822937625755,363
looma,kokku,55,204,73.0392156862745,149
uurima,,5800,21513,73.03955747687445,15713
disainima,,90,334,73.05389221556887,244
dubleerima,,66,245,73.06122448979592,179
liputama,,66,245,73.06122448979592,179
saama,alles,80,297,73.06397306397307,217
asjatama,,28,104,73.07692307692307,76
deserteerima,,7,26,73.07692307692307,19
esietendama,,7,26,73.07692307692307,19
fancluma,,7,26,73.07692307692307,19
jagama,edasi,7,26,73.07692307692307,19
kallutama,ette,7,26,73.07692307692307,19
keetma,valmis,7,26,73.07692307692307,19
komplekteerima,,49,182,73.07692307692307,133
kutsuma,edasi,7,26,73.07692307692307,19
kuulama,pealt,84,312,73.07692307692307,228
külmama,,7,26,73.07692307692307,19
lõhkama,,56,208,73.07692307692307,152
mädanema,läbi,7,26,73.07692307692307,19
parafeerima,,21,78,73.07692307692307,57
pöörduma,kõrvale,7,26,73.07692307692307,19
saputama,,7,26,73.07692307692307,19
sildama,,7,26,73.07692307692307,19
silmakirjatsema,,7,26,73.07692307692307,19
suruma,põlvili,7,26,73.07692307692307,19
sõtkuma,,42,156,73.07692307692307,114
teipima,,7,26,73.07692307692307,19
tuulutama,,35,130,73.07692307692307,95
vaidlema,ära,7,26,73.07692307692307,19
vuhkima,,7,26,73.07692307692307,19
kontrollima,,3656,13581,73.08003828878581,9925
viskama,,5705,21195,73.08327435715971,15490
nõudma,sisse,74,275,73.0909090909091,201
vastama,,19203,71373,73.09486780715396,52170
kujundama,välja,32,119,73.10924369747899,87
tooma,üle,32,119,73.10924369747899,87
kaapima,,25,93,73.11827956989248,68
jagama,,6133,22824,73.12916228531371,16691
üllitama,,170,633,73.1437598736177,463
paiknema,,1633,6086,73.16792638843246,4453
fabritseerima,,11,41,73.17073170731707,30
komandeerima,,11,41,73.17073170731707,30
kõlama,vastu,11,41,73.17073170731707,30
lotendama,,11,41,73.17073170731707,30
niiskuma,,11,41,73.17073170731707,30
peaxima,,22,82,73.17073170731707,60
vajuma,lahti,33,123,73.17073170731707,90
võitma,vastu,11,41,73.17073170731707,30
halastama,,141,526,73.19391634980988,385
käperdama,,26,97,73.19587628865979,71
keppima,,153,571,73.20490367775831,418
süttima,,1098,4098,73.20644216691069,3000
otsustama,,20864,77872,73.20731456749537,57008
adopteerima,,30,112,73.21428571428571,82
matkama,,45,168,73.21428571428571,123
tõmbama,kaasa,79,295,73.22033898305085,216
jooksma,ette,64,239,73.22175732217573,175
kaotama,,14205,53075,73.23598681111635,38870
trampima,,110,411,73.2360097323601,301
tähtsustama,,186,695,73.23741007194245,509
ristama,,42,157,73.24840764331209,115
saatma,laiali,203,759,73.25428194993412,556
odavnema,,341,1275,73.25490196078431,934
hurjutama,,92,344,73.25581395348837,252
looma,vastu,23,86,73.25581395348837,63
ringutama,,46,172,73.25581395348837,126
nõrgestama,,123,460,73.26086956521739,337
seadustama,,116,434,73.27188940092167,318
summutama,,124,464,73.27586206896551,340
laiuma,,268,1003,73.28015952143569,735
leidma,,42035,157319,73.2804047826391,115284
kompima,,35,131,73.2824427480916,96
koonduma,,834,3122,73.28635490070468,2288
parastama,,47,176,73.29545454545455,129
suunduma,edasi,47,176,73.29545454545455,129
aktiviseerima,,55,206,73.30097087378641,151
piirama,ümber,59,221,73.30316742081448,162
kutsuma,välja,273,1023,73.31378299120234,750
jätma,alles,127,476,73.31932773109243,349
teavitama,,1215,4556,73.33187006145742,3341
boodima,,4,15,73.33333333333333,11
haipima,,8,30,73.33333333333333,22
hõõrutama,,4,15,73.33333333333333,11
istuma,kohale,4,15,73.33333333333333,11
jooksma,koos,8,30,73.33333333333333,22
juhtuma,ära,4,15,73.33333333333333,11
jätma,järgi,8,30,73.33333333333333,22
jätma,tagasi,4,15,73.33333333333333,11
kasutama,läbi,4,15,73.33333333333333,11
kibestama,,4,15,73.33333333333333,11
kiirguma,,16,60,73.33333333333333,44
klammerdama,,4,15,73.33333333333333,11
küündima,kokku,8,30,73.33333333333333,22
lissuma,,4,15,73.33333333333333,11
läikima,vastu,4,15,73.33333333333333,11
lükkama,mööda,4,15,73.33333333333333,11
meetima,,4,15,73.33333333333333,11
minema,valla,4,15,73.33333333333333,11
modima,,4,15,73.33333333333333,11
märkima,täis,4,15,73.33333333333333,11
nõiduma,,32,120,73.33333333333333,88
olema,vast,12,45,73.33333333333333,33
paterdama,ringi,4,15,73.33333333333333,11
pidama,tarvis,4,15,73.33333333333333,11
plõksuma,,12,45,73.33333333333333,33
professionaliseeruma,,4,15,73.33333333333333,11
protokollima,,8,30,73.33333333333333,22
puurima,läbi,4,15,73.33333333333333,11
pöörama,alla,4,15,73.33333333333333,11
rahmeldama,ringi,4,15,73.33333333333333,11
saama,ees,4,15,73.33333333333333,11
suicetama,,8,30,73.33333333333333,22
teadma,üle,4,15,73.33333333333333,11
teenima,pealt,4,15,73.33333333333333,11
tekitama,üle,4,15,73.33333333333333,11
toetama,üle,4,15,73.33333333333333,11
trükkima,sisse,4,15,73.33333333333333,11
tõmbama,püsti,4,15,73.33333333333333,11
ununema,lahti,4,15,73.33333333333333,11
v6iksima,,4,15,73.33333333333333,11
vajama,edasi,4,15,73.33333333333333,11
vaktsineerima,,32,120,73.33333333333333,88
veerema,üle,4,15,73.33333333333333,11
vermima,,16,60,73.33333333333333,44
värahtama,,12,45,73.33333333333333,33
yppama,,4,15,73.33333333333333,11
ägestuma,,68,255,73.33333333333333,187
peletama,eemale,209,784,73.34183673469387,575
broneerima,,102,383,73.36814621409921,281
pretendeerima,,380,1427,73.37070777855641,1047
kulutama,kokku,45,169,73.37278106508876,124
tegema,koos,103,387,73.38501291989664,284
kühveldama,,33,124,73.38709677419355,91
triumfeerima,,128,481,73.38877338877339,353
tulistama,,1722,6474,73.40129749768303,4752
valama,täis,25,94,73.40425531914893,69
lugema,kokku,196,737,73.40569877883311,541
illustreerima,,259,974,73.40862422997947,715
puhkema,,2043,7683,73.40882467786021,5640
panema,ette,465,1749,73.41337907375643,1284
hiivama,,21,79,73.41772151898735,58
hüpitama,,21,79,73.41772151898735,58
meisterdama,valmis,21,79,73.41772151898735,58
nakatama,,227,854,73.4192037470726,627
patrullima,,198,745,73.42281879194631,547
riknema,,118,444,73.42342342342343,326
kulgema,läbi,17,64,73.4375,47
löntsima,,17,64,73.4375,47
pakkuma,vastu,17,64,73.4375,47
peegelduma,vastu,17,64,73.4375,47
eralduma,,384,1447,73.46233586731168,1063
kirjutama,ette,130,490,73.46938775510205,360
taganema,,430,1621,73.47316471314004,1191
kiitma,heaks,1280,4828,73.48798674399337,3548
mõnulema,,71,268,73.50746268656717,197
paiskama,välja,40,151,73.50993377483444,111
niisutama,,98,370,73.51351351351352,272
bännima,,9,34,73.52941176470588,25
desinfitseerima,,27,102,73.52941176470588,75
hüppama,maha,36,136,73.52941176470588,100
krõmpsutama,,9,34,73.52941176470588,25
kõplama,,9,34,73.52941176470588,25
popsima,,9,34,73.52941176470588,25
seisma,lähedal,18,68,73.52941176470588,50
takseerima,,45,170,73.52941176470588,125
teatsima,,9,34,73.52941176470588,25
vastutama,,3057,11556,73.54620976116303,8499
teenindama,,748,2829,73.55956168257335,2081
jooksma,vastu,46,174,73.5632183908046,128
kestma,välja,23,87,73.5632183908046,64
materialiseeruma,,23,87,73.5632183908046,64
punetama,,46,174,73.5632183908046,128
kohendama,,217,821,73.5688185140073,604
põlgama,,194,734,73.56948228882834,540
suruma,alla,65,246,73.57723577235772,181
avaldama,tänu,14,53,73.58490566037736,39
haljendama,,14,53,73.58490566037736,39
korjama,peale,14,53,73.58490566037736,39
valgustama,,584,2211,73.58661239258254,1627
maabuma,,90,341,73.60703812316716,251
küünistama,,19,72,73.61111111111111,53
murdma,,1761,6677,73.62587988617642,4916
pakitsema,,24,91,73.62637362637363,67
tuhisema,mööda,29,110,73.63636363636363,81
välistama,,3004,11395,73.6375603334796,8391
esilinastuma,,336,1275,73.6470588235294,939
purskuma,,54,205,73.65853658536585,151
ambuma,,5,19,73.68421052631578,14
istuma,alla,5,19,73.68421052631578,14
kallama,,350,1330,73.68421052631578,980
laotuma,,90,342,73.68421052631578,252
matkima,,95,361,73.68421052631578,266
monteerima,,45,171,73.68421052631578,126
nõudma,alla,5,19,73.68421052631578,14
nõudma,ette,5,19,73.68421052631578,14
paintima,,5,19,73.68421052631578,14
pakkuma,edasi,5,19,73.68421052631578,14
rebima,katki,5,19,73.68421052631578,14
rebima,üles,5,19,73.68421052631578,14
silendama,,5,19,73.68421052631578,14
soovima,välja,5,19,73.68421052631578,14
soovitama,valmis,5,19,73.68421052631578,14
suutma,kokku,10,38,73.68421052631578,28
tembeldama,,80,304,73.68421052631578,224
transformeeruma,,20,76,73.68421052631578,56
tulema,järel,5,19,73.68421052631578,14
ummistama,ära,5,19,73.68421052631578,14
unelema,,30,114,73.68421052631578,84
vajuma,otsa,5,19,73.68421052631578,14
viskama,laiali,5,19,73.68421052631578,14
raiuma,,456,1734,73.70242214532871,1278
pilkama,,62,236,73.72881355932203,174
teesklema,,187,712,73.73595505617978,525
maksma,ette,26,99,73.73737373737373,73
tilgutama,,47,179,73.74301675977654,132
niguma,,21,80,73.75,59
asetama,,1126,4290,73.75291375291376,3164
tahtma,,79232,301951,73.75998092405722,222719
kirjutama,üles,196,747,73.76171352074967,551
loopima,,498,1898,73.76185458377239,1400
finišeerima,,80,305,73.77049180327869,225
valama,välja,64,244,73.77049180327869,180
sahistama,,70,267,73.78277153558052,197
imestama,,2420,9231,73.78398873361499,6811
aheldama,,54,206,73.7864077669903,152
päästma,ära,27,103,73.7864077669903,76
seostama,,571,2179,73.79531895364846,1608
riputama,,349,1332,73.7987987987988,983
kandma,peale,11,42,73.80952380952381,31
laadima,täis,11,42,73.80952380952381,31
lehtima,,11,42,73.80952380952381,31
puhuma,täis,11,42,73.80952380952381,31
sisistama,,55,210,73.80952380952381,155
vormima,,127,485,73.81443298969073,358
istutama,,297,1135,73.83259911894274,838
peletama,,258,986,73.83367139959432,728
aktiveeruma,,45,172,73.83720930232558,127
sülitama,,306,1170,73.84615384615385,864
kaitsma,,2256,8629,73.85560319851663,6373
ruttama,ette,29,111,73.87387387387388,82
jaotama,,254,973,73.89516957862283,719
allutama,,83,318,73.89937106918238,235
halvustama,,95,364,73.9010989010989,269
kujunema,,6554,25119,73.90819698236395,18565
vihkama,,1018,3902,73.91081496668374,2884
degenereeruma,,6,23,73.91304347826086,17
ergastuma,,6,23,73.91304347826086,17
juhtima,ära,6,23,73.91304347826086,17
jutustama,ära,6,23,73.91304347826086,17
kasvama,läbi,18,69,73.91304347826086,51
keerama,külge,12,46,73.91304347826086,34
kihutama,järele,12,46,73.91304347826086,34
kiiluma,,36,138,73.91304347826086,102
kopsama,,6,23,73.91304347826086,17
kulutama,üle,6,23,73.91304347826086,17
kärpima,välja,6,23,73.91304347826086,17
laduma,täis,12,46,73.91304347826086,34
leidma,läbi,6,23,73.91304347826086,17
leidma,tagasi,12,46,73.91304347826086,34
leostuma,,6,23,73.91304347826086,17
lubama,tagasi,12,46,73.91304347826086,34
mäkerdama,,6,23,73.91304347826086,17
naerma,kaasa,12,46,73.91304347826086,34
nuuskima,välja,6,23,73.91304347826086,17
pahteldama,,6,23,73.91304347826086,17
poetiseerima,,6,23,73.91304347826086,17
pruukima,valmis,6,23,73.91304347826086,17
rivistuma,üles,12,46,73.91304347826086,34
saatma,üles,6,23,73.91304347826086,17
signaliseerima,,18,69,73.91304347826086,51
suutma,ära,6,23,73.91304347826086,17
taguma,ära,6,23,73.91304347826086,17
tasuma,kokku,12,46,73.91304347826086,34
tormlema,,12,46,73.91304347826086,34
vedama,eemale,6,23,73.91304347826086,17
võtma,pealt,6,23,73.91304347826086,17
tähendama,,26353,101051,73.9210893509218,74698
neelama,,716,2746,73.92571012381646,2030
murdma,maha,146,560,73.92857142857143,414
ravima,,690,2647,73.93275406120135,1957
segama,ära,37,142,73.94366197183099,105
saavutama,,4420,16964,73.94482433388352,12544
platseeruma,,99,380,73.94736842105263,281
lõikama,välja,130,499,73.94789579158316,369
naerma,välja,62,238,73.94957983193278,176
toimetama,edasi,31,119,73.94957983193278,88
kukutama,,286,1098,73.95264116575592,812
nappima,,1285,4934,73.9562221321443,3649
sisisema,,25,96,73.95833333333334,71
registreerima,,1144,4393,73.9585704529934,3249
tungima,,1408,5407,73.9596818938413,3999
heitma,ette,591,2270,73.9647577092511,1679
jäljendama,,107,411,73.96593673965937,304
lugema,üles,82,315,73.96825396825398,233
teenima,kokku,82,315,73.96825396825398,233
lappama,,89,342,73.9766081871345,253
saatma,välja,306,1176,73.9795918367347,870
propageerima,,390,1499,73.98265510340227,1109
pakutama,,323,1242,73.99355877616746,919
omandama,,2379,9153,74.00852179613241,6774
siluma,,119,458,74.0174672489083,339
hülgama,,261,1005,74.02985074626865,744
tervendama,,27,104,74.03846153846155,77
oponeerima,,55,212,74.05660377358491,157
jätkama,,9381,36162,74.05840384934461,26781
ajama,ümber,21,81,74.07407407407408,60
hakkama,üles,7,27,74.07407407407408,20
helenema,,7,27,74.07407407407408,20
hukkuma,läbi,21,81,74.07407407407408,60
hööveldama,,7,27,74.07407407407408,20
jõudma,kõrvale,7,27,74.07407407407408,20
kussutama,,7,27,74.07407407407408,20
liikuma,mööda,14,54,74.07407407407408,40
lõpetama,kokku,7,27,74.07407407407408,20
lööma,lukku,7,27,74.07407407407408,20
mannuma,,7,27,74.07407407407408,20
moodustama,ringi,14,54,74.07407407407408,40
pidama,peale,7,27,74.07407407407408,20
ronima,maha,28,108,74.07407407407408,80
sattuma,kõrvale,7,27,74.07407407407408,20
sõitma,taga,7,27,74.07407407407408,20
tühjendama,,196,756,74.07407407407408,560
öiguma,,7,27,74.07407407407408,20
ühendama,kokku,7,27,74.07407407407408,20
valama,,823,3175,74.07874015748031,2352
kestma,,8090,31212,74.080481865949,23122
soojendama,,333,1285,74.08560311284047,952
juurutama,,78,301,74.08637873754152,223
ujutama,üle,71,274,74.08759124087592,203
vaatama,välja,231,892,74.10313901345292,661
pahvima,,29,112,74.10714285714286,83
lõõtsuma,,22,85,74.11764705882354,63
lükkama,lahti,44,170,74.11764705882354,126
salvestama,,506,1956,74.13087934560328,1450
lühendama,,134,518,74.13127413127413,384
marssima,välja,30,116,74.13793103448276,86
tonksama,,30,116,74.13793103448276,86
tuletama,,2443,9449,74.14541221293258,7006
skännima,,23,89,74.15730337078652,66
tassima,,252,976,74.18032786885246,724
alustama,üle,8,31,74.19354838709677,23
haarama,järele,8,31,74.19354838709677,23
helistama,läbi,32,124,74.19354838709677,92
kargama,ära,8,31,74.19354838709677,23
keetma,,304,1178,74.19354838709677,874
kerima,kokku,8,31,74.19354838709677,23
laenama,edasi,16,62,74.19354838709677,46
lõkendama,,8,31,74.19354838709677,23
tulema,rahul,16,62,74.19354838709677,46
vallutama,ära,8,31,74.19354838709677,23
vötnuma,,8,31,74.19354838709677,23
üürima,välja,48,186,74.19354838709677,138
siduma,,1644,6371,74.19557369329776,4727
külmuma,,374,1450,74.20689655172413,1076
karjuma,,1643,6371,74.21126981635537,4728
lenduma,,41,159,74.21383647798741,118
töötlema,,289,1121,74.21944692239072,832
tegema,üle,60,233,74.2489270386266,173
vaatama,läbi,739,2870,74.25087108013938,2131
hoidma,koos,104,404,74.25742574257426,300
särama,,1010,3924,74.26095820591233,2914
riietama,,61,237,74.26160337552743,176
kiruma,,565,2196,74.27140255009107,1631
kostitama,,186,723,74.27385892116183,537
rakendama,,941,3658,74.27556041552761,2717
virutama,,448,1742,74.28243398392652,1294
hüpnotiseerima,,18,70,74.28571428571429,52
rasvama,,9,35,74.28571428571429,26
sõidutama,tagasi,9,35,74.28571428571429,26
tulema,tagant,27,105,74.28571428571429,78
õgima,ära,9,35,74.28571428571429,26
jultuma,,73,284,74.29577464788733,211
eirama,,479,1864,74.30257510729615,1385
kirjama,,28,109,74.31192660550458,81
kohandama,,112,436,74.31192660550458,324
kõndima,välja,28,109,74.31192660550458,81
haletsema,,38,148,74.32432432432432,110
kaevuma,,38,148,74.32432432432432,110
kapituleeruma,,19,74,74.32432432432432,55
käärima,üles,19,74,74.32432432432432,55
teisendama,,19,74,74.32432432432432,55
vaevlema,,510,1987,74.33316557624559,1477
kaalutlema,,58,226,74.33628318584071,168
pehmendama,,117,456,74.3421052631579,339
pügama,,39,152,74.3421052631579,113
kangestuma,,49,191,74.3455497382199,142
asuma,vastu,10,39,74.35897435897436,29
kõdistama,,10,39,74.35897435897436,29
metlema,,10,39,74.35897435897436,29
pakkima,kaasa,10,39,74.35897435897436,29
pesema,maha,40,156,74.35897435897436,116
toppima,täis,30,117,74.35897435897436,87
tulvama,,60,234,74.35897435897436,174
olema,võlgu,339,1323,74.37641723356009,984
teenima,välja,144,562,74.37722419928826,418
protesteerima,,372,1452,74.3801652892562,1080
jooksma,üles,21,82,74.39024390243902,61
edestama,,1437,5612,74.39415538132573,4175
rikkuma,,3181,12423,74.3942686951622,9242
mõõtma,ära,43,168,74.40476190476191,125
elatuma,,207,809,74.41285537700865,602
vältima,,973,3803,74.41493557717591,2830
irwitama,,11,43,74.4186046511628,32
soristama,,11,43,74.4186046511628,32
suutma,üle,11,43,74.4186046511628,32
söötma,,248,970,74.43298969072166,722
valmistama,ette,1229,4808,74.43843594009984,3579
ehitama,,2690,10524,74.43937666286583,7834
noomima,,137,536,74.44029850746269,399
lasuma,,731,2860,74.44055944055944,2129
andma,vastu,80,313,74.4408945686901,233
aitama,tagasi,23,90,74.44444444444444,67
filmima,,220,861,74.44831591173055,641
soostuma,,1015,3973,74.45255474452554,2958
ulatuma,,4656,18230,74.45968184311575,13574
juhtuma,peale,12,47,74.46808510638297,35
lehvitama,,385,1508,74.46949602122017,1123
evima,,146,572,74.47552447552448,426
kubisema,,269,1054,74.47817836812143,785
hallitama,,37,145,74.48275862068967,108
kavaldama,,37,145,74.48275862068967,108
leegitsema,,37,145,74.48275862068967,108
ihkama,,1058,4147,74.48758138413311,3089
kilkama,,150,588,74.48979591836735,438
aurama,,63,247,74.49392712550608,184
toetama,,12277,48142,74.49835902122886,35865
levitama,,637,2498,74.4995996797438,1861
delegeerima,,116,455,74.50549450549451,339
kraamima,,26,102,74.50980392156863,76
panema,valmis,65,255,74.50980392156863,190
tekitama,,10972,43059,74.518683666597,32087
importima,,162,636,74.52830188679245,474
riskima,,908,3566,74.53729669097028,2658
katkuma,,14,55,74.54545454545455,41
kirgastuma,,14,55,74.54545454545455,41
mängima,sisse,28,110,74.54545454545455,82
kuivama,,552,2169,74.55048409405256,1617
valmistama,,2643,10386,74.5522819179665,7743
kultiveerima,,43,169,74.55621301775149,126
rehkendama,,115,452,74.5575221238938,337
kirjutama,alla,2410,9473,74.5592737253246,7063
kihutama,ringi,58,228,74.56140350877193,170
kutsuma,ära,29,114,74.56140350877193,85
seljatama,,145,570,74.56140350877193,425
unuma,,44,173,74.56647398843931,129
katapulteeruma,,15,59,74.57627118644068,44
telkima,,15,59,74.57627118644068,44
säästma,,513,2018,74.57879088206145,1505
salvestuma,,61,240,74.58333333333333,179
kirjutama,kokku,66,260,74.61538461538461,194
iseseisvuma,,84,331,74.62235649546828,247
ahmima,,103,406,74.63054187192118,303
pulbitsema,,88,347,74.63976945244957,259
reetma,,548,2161,74.64136973623322,1613
praksuma,,19,75,74.66666666666667,56
viima,ära,459,1812,74.66887417218543,1353
koorima,,198,782,74.68030690537084,584
langema,peale,20,79,74.68354430379746,59
suutma,,32006,126430,74.68480582140315,94424
kaardistama,,81,320,74.6875,239
innustama,,466,1841,74.68766974470397,1375
viljelema,,164,648,74.69135802469135,484
päästma,välja,21,83,74.69879518072288,62
jälitama,,327,1293,74.70997679814386,966
laduma,,454,1796,74.72160356347439,1342
häiruma,,23,91,74.72527472527473,68
boikoteerima,,94,372,74.73118279569893,278
põlgama,ära,95,376,74.7340425531915,281
markeerima,,72,285,74.73684210526315,213
minema,ringi,25,99,74.74747474747475,74
turtsuma,,51,202,74.75247524752476,151
pisendama,,26,103,74.75728155339806,77
sooritama,,1358,5380,74.75836431226766,4022
vigastama,,836,3315,74.78129713423832,2479
nuiama,,29,115,74.78260869565217,86
vedama,laiali,30,119,74.78991596638656,89
ehitama,välja,62,246,74.79674796747967,184
kasvatama,üles,94,373,74.79892761394102,279
vabandama,välja,33,131,74.80916030534351,98
maalima,,565,2243,74.81052162282657,1678
kustutama,,803,3189,74.81969269363437,2386
keerutama,üles,36,143,74.82517482517483,107
vasardama,,37,147,74.82993197278913,110
sulgema,,1298,5157,74.83032770990886,3859
hindama,,6446,25614,74.8340751151714,19168
rebima,ära,39,155,74.83870967741936,116
peetuma,kinni,120,477,74.84276729559748,357
pruunistama,,41,163,74.84662576687117,122
väärama,,41,163,74.84662576687117,122
kuulatama,,86,342,74.85380116959064,256
kaasama,,218,867,74.8558246828143,649
lõikama,lahti,44,175,74.85714285714286,131
panema,kaasa,44,175,74.85714285714286,131
restaureerima,,47,187,74.8663101604278,140
leidma,eest,191,760,74.86842105263159,569
randuma,,100,398,74.87437185929649,298
ületama,,6507,25908,74.88420565076424,19401
kangutama,,55,219,74.88584474885845,164
pööritama,,56,223,74.88789237668162,167
lagundama,,57,227,74.8898678414097,170
alistuma,,408,1625,74.8923076923077,1217
lennutama,,298,1187,74.89469250210615,889
heitma,välja,60,239,74.89539748953975,179
raskendama,,457,1821,74.90389895661724,1364
reastama,,68,271,74.90774907749078,203
moodustuma,,688,2743,74.91797302223843,2055
loendama,,85,339,74.92625368731564,254
omama,,2910,11606,74.92676201964501,8696
ägama,,94,375,74.93333333333332,281
mälestama,,127,507,74.95069033530572,380
pidama,maha,135,539,74.95361781076066,404
tugevdama,,736,2939,74.95746852670977,2203
väljuma,,1953,7799,74.95832799076805,5846
asuma,,19339,77239,74.96213052991364,57900
20olema,,1,4,75,3
Lillekeolema,,1,4,75,3
N25igavlema,,2,8,75,6
QbaAffpipardama,,1,4,75,3
Rex-magama,,1,4,75,3
aanuma,,2,8,75,6
aasima,vastu,1,4,75,3
abielluma,tagasi,1,4,75,3
aheldama,kinni,1,4,75,3
ahelduma,,1,4,75,3
ahtuma,,1,4,75,3
ajama,külge,5,20,75,15
ajama,taha,2,8,75,6
ajuma,,3,12,75,9
akvarellima,,1,4,75,3
alatähtsustama,,1,4,75,3
algama,ära,1,4,75,3
alistama,ilma,1,4,75,3
alluma,edasi,1,4,75,3
alustama,all,1,4,75,3
alustama,ees,1,4,75,3
alustatama,,1,4,75,3
andma,all,2,8,75,6
andma,alles,6,24,75,18
andma,eest,1,4,75,3
andma,kinni,1,4,75,3
andma,"kokku, ära",1,4,75,3
andma,otsa,2,8,75,6
angažeerima,,1,4,75,3
aplodeerima,püsti,1,4,75,3
areteerima,,1,4,75,3
arutama,ette,1,4,75,3
arutama,välja,2,8,75,6
arvama,kõrvalt,1,4,75,3
arvestatama,,1,4,75,3
arvutama,läbi,5,20,75,15
asetama,püsti,1,4,75,3
asetama,ringi,1,4,75,3
askeldama,ees,1,4,75,3
astuma,ilma,1,4,75,3
asuma,esile,1,4,75,3
asuma,nõus,1,4,75,3
asuma,tagasi,7,28,75,21
asuma,üles,2,8,75,6
asutama,kõrvale,1,4,75,3
asutama,ringi,1,4,75,3
atuma,,1,4,75,3
aurutama,,5,20,75,15
avaldama,ilma,1,4,75,3
avalduma,vastu,1,4,75,3
avama,läbi,2,8,75,6
avama,tarvis,1,4,75,3
avanema,all,1,4,75,3
avastama,peale,1,4,75,3
battlema,,1,4,75,3
bitchima,,1,4,75,3
blurima,,1,4,75,3
chekkama,,2,8,75,6
chrissuma,,1,4,75,3
ciisuma,,1,4,75,3
defineerima,ümber,1,4,75,3
demoniseerima,,1,4,75,3
detsentraliseerima,,1,4,75,3
diagrammima,,1,4,75,3
digitaliseeruma,,1,4,75,3
dotseerima,,2,8,75,6
downima,,1,4,75,3
driftima,,1,4,75,3
dunuma,,1,4,75,3
edastama,läbi,2,8,75,6
eeldama,edasi,1,4,75,3
ehmuma,üles,1,4,75,3
eksplitseerima,,1,4,75,3
elama,lahti,1,4,75,3
elatama,välja,1,4,75,3
elavad-töötama,,3,12,75,9
elueeruma,,2,8,75,6
emotsioonitsema,,1,4,75,3
ennistama,tagasi,1,4,75,3
esinema,täis,2,8,75,6
esitama,ringi,1,4,75,3
esitlema,kokku,1,4,75,3
finiÜeerima,,1,4,75,3
fluorestseerima,,1,4,75,3
formeeruma,ümber,2,8,75,6
frustreerima,,4,16,75,12
fundeerima,,1,4,75,3
funxima,,1,4,75,3
garanteerima,vastu,1,4,75,3
goldima,,1,4,75,3
goltima,,1,4,75,3
graveerima,,7,28,75,21
grupeerima,,6,24,75,18
grüünema,,1,4,75,3
haakima,külge,4,16,75,12
haakima,lahti,6,24,75,18
haalama,,1,4,75,3
hackima,,1,4,75,3
hajutama,laiali,1,4,75,3
hakkama,kaasas,1,4,75,3
haldama,edasi,1,4,75,3
hallinema,,4,16,75,12
halvama,ära,1,4,75,3
hammustama,kõrvale,3,12,75,9
hammustama,puruks,1,4,75,3
hammustama,vastu,3,12,75,9
harima,edasi,1,4,75,3
harjama,,16,64,75,48
harutama,ära,2,8,75,6
hea-halvama,,2,8,75,6
headima,,1,4,75,3
heitma,ümber,1,4,75,3
helduma,,2,8,75,6
helsitama,,1,4,75,3
hilima,,1,4,75,3
hindama,tagasi,1,4,75,3
hoidma,varjul,1,4,75,3
hoidma,viltu,1,4,75,3
hoidma,välja,3,12,75,9
hoidma,ärkvel,1,4,75,3
huilgama,,55,220,75,165
hälvitama,,1,4,75,3
hävima,vastu,1,4,75,3
hääletama,ringi,1,4,75,3
häälitsema,kaasa,1,4,75,3
hõbetama,,1,4,75,3
hõikama,kohale,1,4,75,3
hõikama,maha,6,24,75,18
hõikama,tagasi,1,4,75,3
hõikuma,vahele,1,4,75,3
hõimuma,,1,4,75,3
hõiskama,välja,4,16,75,12
hõisklema,,1,4,75,3
hõljuma,kohal,2,8,75,6
hõõruma,lahti,1,4,75,3
hüdrolüüsima,,3,12,75,9
hüppama,juurde,1,4,75,3
hüüdma,kaasa,2,8,75,6
hüüdma,maha,2,8,75,6
ignoorima,,2,8,75,6
iguma,,1,4,75,3
iisraelima,,1,4,75,3
ilmuma,läbi,2,8,75,6
ilmuma,täis,1,4,75,3
ilmuma,vastu,1,4,75,3
imama,sisse,4,16,75,12
imenduma,sisse,1,4,75,3
imestama,edasi,2,8,75,6
infitseeruma,,3,12,75,9
inisema,ära,2,8,75,6
institutsionaliseerima,,1,4,75,3
irvitama,vastu,9,36,75,27
istuma,koha,1,4,75,3
istutama,peale,1,4,75,3
isuma,,4,16,75,12
j6udima,kohale,1,4,75,3
jagama,läbi,3,12,75,9
jagama,ringi,2,8,75,6
jallema,,1,4,75,3
jalutama,juurde,1,4,75,3
janima,,1,4,75,3
johannema,,1,4,75,3
jonema,,1,4,75,3
jooksma,"tagant, juurde",1,4,75,3
jooksma,ümber,1,4,75,3
jooma,kokku,5,20,75,15
joonistama,järele,1,4,75,3
jootma,kokku,2,8,75,6
juhatama,juurde,1,4,75,3
juhatama,tagasi,5,20,75,15
juhtima,juurde,1,4,75,3
juhtima,kokku,7,28,75,21
juhtima,lahti,1,4,75,3
juhtima,üle,1,4,75,3
juksima,,1,4,75,3
julgema,edasi,2,8,75,6
julgema,vastu,1,4,75,3
julgema,välja,4,16,75,12
jutuma,,2,8,75,6
jutustama,läbi,1,4,75,3
jälgima,peale,1,4,75,3
jätkama,ilma,2,8,75,6
jätkama,välja,6,24,75,18
jätkama,üles,1,4,75,3
jätkuma,sisse,1,4,75,3
jätma,taha,2,8,75,6
jätma,tarvis,2,8,75,6
jätma,täis,1,4,75,3
jätma,valla,1,4,75,3
jääma,väljapoole,4,16,75,12
jõdnuma,,1,4,75,3
jõudma,alt,1,4,75,3
jõudma,eest,2,8,75,6
jõudma,kõrvalt,1,4,75,3
jõudma,maha,3,12,75,9
kaabitsema,,1,4,75,3
kaaluma,kaasa,1,4,75,3
kaanetama,kinni,2,8,75,6
kaarutama,,4,16,75,12
kaduma,järele,1,4,75,3
kaduma,kõrvale,1,4,75,3
kaduma,kõrvalt,2,8,75,6
kaduma,pealt,2,8,75,6
kaduma,vastu,2,8,75,6
kaduma,"ära, ära",1,4,75,3
kaevama,ära,1,4,75,3
kaevanduma,,10,40,75,30
kahanema,kokku,2,8,75,6
kahanema,peale,1,4,75,3
kahetsema,taga,5,20,75,15
kahmama,ära,1,4,75,3
kaikuma,vastu,2,8,75,6
kajama,järele,1,4,75,3
kajama,tagasi,3,12,75,9
kallama,edasi,1,4,75,3
kallama,ümber,1,4,75,3
kallutama,viltu,1,4,75,3
kamandama,kohale,1,4,75,3
kamandama,kokku,1,4,75,3
kandideerima,üle,1,4,75,3
kandima,,1,4,75,3
kandma,kinni,3,12,75,9
kandma,vahele,1,4,75,3
kanduma,kaasa,2,8,75,6
kangutama,maha,2,8,75,6
kannustama,,144,576,75,432
kannustama,edasi,1,4,75,3
kantima,üle,1,4,75,3
kappama,alla,1,4,75,3
kardsima,,1,4,75,3
karjuma,järele,8,32,75,24
kartma,välja,1,4,75,3
kasima,välja,2,8,75,6
kastreerima,ära,2,8,75,6
kasutama,ringi,2,8,75,6
kasvama,kaasa,1,4,75,3
kasvama,ligi,1,4,75,3
kasvama,valmis,1,4,75,3
kasvatama,ees,1,4,75,3
katalogiseerima,,2,8,75,6
katalüseerima,,1,4,75,3
katma,alla,1,4,75,3
katma,juurde,2,8,75,6
katma,kokku,6,24,75,18
katma,ringi,1,4,75,3
katsetama,läbi,1,4,75,3
kauplema,juurde,2,8,75,6
kauplema,tagasi,1,4,75,3
kavandama,tagasi,1,4,75,3
keerama,mööda,3,12,75,9
keerutama,ümber,2,8,75,6
kehtestama,vastu,1,4,75,3
kehtima,vastu,1,4,75,3
kekslema,,8,32,75,24
kergitama,kohale,1,4,75,3
kerima,maha,2,8,75,6
kesnema,,1,4,75,3
kestma,vastu,1,4,75,3
ketrama,läbi,2,8,75,6
kihutama,koos,1,4,75,3
kihutama,maha,2,8,75,6
kihutama,üles,11,44,75,33
kiibitsema,kõrvalt,1,4,75,3
kiirguma,välja,1,4,75,3
kiirustama,sisse,1,4,75,3
kijrutama,,1,4,75,3
kilama,,8,32,75,24
kimama,järele,1,4,75,3
kinkima,kokku,3,12,75,9
kinnitama,heaks,2,8,75,6
kinnitama,tagasi,7,28,75,21
kippuma,alla,1,4,75,3
kippuma,ette,3,12,75,9
kippuma,mööda,1,4,75,3
kirjuma,,1,4,75,3
kirjutama,all,3,12,75,9
kisama,üle,1,4,75,3
kisima,,1,4,75,3
kiskuma,eest,1,4,75,3
kiskuma,lahku,1,4,75,3
kiskuma,viltu,4,16,75,12
kitkuma,välja,3,12,75,9
kitsuma,,2,8,75,6
klatsima,,4,16,75,12
kleepima,peale,4,16,75,12
klokkama,,1,4,75,3
kobima,peale,1,4,75,3
kodifitseerima,,1,4,75,3
koguma,lahti,1,4,75,3
koguma,läbi,1,4,75,3
koguma,tagasi,1,4,75,3
kogunema,välja,3,12,75,9
kohtuma,ees,1,4,75,3
kohtuma,välja,1,4,75,3
kohuma,,18,72,75,54
koinima,,3,12,75,9
kolima,juurde,2,8,75,6
kolistama,läbi,1,4,75,3
kolksutama,,1,4,75,3
kollabeeruma,,1,4,75,3
kollektiviseerima,,1,4,75,3
koloreerima,,2,8,75,6
kombineerima,kokku,1,4,75,3
komistama,vastu,1,4,75,3
kompileerima,ära,1,4,75,3
konditsioneerima,,1,4,75,3
konfiskeerima,üle,1,4,75,3
konfronteeruma,,1,4,75,3
konkretiseerima,,26,104,75,78
kontaktima,,1,4,75,3
koolitama,ära,1,4,75,3
koondama,välja,1,4,75,3
koorima,maha,8,32,75,24
koosnema,alla,2,8,75,6
kopsima,kokku,1,4,75,3
kordistuma,,1,4,75,3
korjama,sisse,1,4,75,3
korralduma,,5,20,75,15
korrutama,läbi,5,20,75,15
korrutama,üle,1,4,75,3
kostma,sekka,1,4,75,3
kostuma,ära,1,4,75,3
kraamima,välja,19,76,75,57
kriimustama,ära,3,12,75,9
kriipseldama,,1,4,75,3
krizzuma,,2,8,75,6
kruttima,edasi,1,4,75,3
kräshshima,,2,8,75,6
kräunatama,,2,8,75,6
krääksuma,,1,4,75,3
kuduma,sisse,1,4,75,3
kujundama,ära,1,4,75,3
kujutama,edasi,1,4,75,3
kukkuma,külili,1,4,75,3
kukkuma,"tagant, ära",2,8,75,6
kukkuma,vahele,4,16,75,12
kuluma,välja,7,28,75,21
kulutama,koos,1,4,75,3
kummutama,sisse,1,4,75,3
kunnima,,1,4,75,3
kuristama,,4,16,75,12
kurtma,vastu,1,4,75,3
kurtma,välja,1,4,75,3
kustutama,alla,1,4,75,3
kutsuma,järele,6,24,75,18
kutsuma,lahti,1,4,75,3
kutsuma,"üles, vastu",1,4,75,3
kuulama,ringi,2,8,75,6
kuulasin-vaatama,,1,4,75,3
kuulatlema,,1,4,75,3
kuulma,kaasa,2,8,75,6
kuulma,peale,3,12,75,9
kuulma,sees,2,8,75,6
kuuluma,kõrvale,1,4,75,3
kuuluma,valmis,1,4,75,3
kuulutama,"kokku, välja",2,8,75,6
kuumutama,ära,1,4,75,3
kuumutama,üle,1,4,75,3
kyyntima,,1,4,75,3
kähvama,,23,92,75,69
kähvama,vastu,1,4,75,3
käima,"läbi, välja",2,8,75,6
käima,püsti,5,20,75,15
käima,tagant,1,4,75,3
käitlema,kokku,1,4,75,3
käkruma,,1,4,75,3
käänama,kõrvale,1,4,75,3
käänlema,,1,4,75,3
kõhutama,,9,36,75,27
kõhvima,,1,4,75,3
kõikuma,ringi,1,4,75,3
kõikuma,ümber,1,4,75,3
kõlama,koos,1,4,75,3
kõlama,tagasi,1,4,75,3
kõmatama,kinni,1,4,75,3
kõmpima,välja,1,4,75,3
kõndima,"edasi, tagasi",2,8,75,6
kõrisema,,7,28,75,21
kögisema,,1,4,75,3
köitma,kokku,4,16,75,12
köögi-katma,,3,12,75,9
kühveldama,välja,2,8,75,6
kütma,ringi,1,4,75,3
laadima,maha,15,60,75,45
laadima,välja,1,4,75,3
laamendama,ringi,1,4,75,3
labima,,1,4,75,3
laduma,ümber,4,16,75,12
lagunema,koost,1,4,75,3
lahenema,edasi,1,4,75,3
lahguma,,1,4,75,3
lahkuma,täis,1,4,75,3
lahmama,,7,28,75,21
lahterduma,,6,24,75,18
laiuma,kokku,1,4,75,3
lajatama,alla,1,4,75,3
laksama,kokku,1,4,75,3
lamama,kinni,1,4,75,3
lamama,maas,3,12,75,9
langema,ühte,8,32,75,24
lartsatama,,4,16,75,12
laskma,ilma,1,4,75,3
laskma,katki,1,4,75,3
laskma,peal,1,4,75,3
latsatama,,1,4,75,3
laulma,vastu,2,8,75,6
laulssima,,1,4,75,3
lavastama,välja,1,4,75,3
leechima,,1,4,75,3
leetuma,edasi,1,4,75,3
leidma,kõrvale,1,4,75,3
leidma,lähedal,1,4,75,3
leiutama,välja,1,4,75,3
lendama,"alt, ära",1,4,75,3
lendama,kohal,1,4,75,3
lendama,koht,1,4,75,3
lennutama,laiali,2,8,75,6
lexuma,,1,4,75,3
libistama,maha,1,4,75,3
liduma,edasi,1,4,75,3
liiderdama,,3,12,75,9
liigutama,edasi-tagasi,1,4,75,3
liikuma,ees,10,40,75,30
liikuma,ilma,1,4,75,3
liikuma,"sisse, välja",1,4,75,3
liikuma,"üles, alla",2,8,75,6
lindistama,üles,1,4,75,3
lippama,kohale,1,4,75,3
lirtsama,,1,4,75,3
lisama,kõrvale,1,4,75,3
lisama,tagasi,1,4,75,3
lisama,välja,3,12,75,9
loendama,ära,2,8,75,6
loetlema,edasi,1,4,75,3
lohisema,järele,4,16,75,12
lohisema,läbi,1,4,75,3
lollitama,ära,4,16,75,12
lonkama,ära,1,4,75,3
lonkima,üles,1,4,75,3
loobuma,vastu,1,4,75,3
looduma,,1,4,75,3
looklema,läbi,2,8,75,6
looma,koos,1,4,75,3
looma,pealt,1,4,75,3
looma,ringi,3,12,75,9
looma,sassi,1,4,75,3
looma,valla,2,8,75,6
loopima,ette,2,8,75,6
loopima,lahti,1,4,75,3
loovima,ringi,1,4,75,3
lorama,,2,8,75,6
lorima,,3,12,75,9
lubama,ilma,7,28,75,21
lubama,tarvis,2,8,75,6
lunastama,välja,7,28,75,21
lunima,välja,2,8,75,6
lurisema,,3,12,75,9
lutima,,1,4,75,3
luurima,,3,12,75,9
lylitama,sisse,1,4,75,3
läxima,lahku,1,4,75,3
lõhkuma,edasi,1,4,75,3
lõikama,"alt, ära",1,4,75,3
lõikuma,välja,1,4,75,3
lõikuma,ära,1,4,75,3
lõksutama,,5,20,75,15
lõppema,lahti,1,4,75,3
lõppema,ringi,1,4,75,3
lõõmama,edasi,2,8,75,6
lödistama,täis,1,4,75,3
lömastama,ära,2,8,75,6
lörtsuma,,1,4,75,3
lööberdama,,1,4,75,3
lööma,keskele,1,4,75,3
lööma,laiali,11,44,75,33
lühistama,,4,16,75,12
lükkama,püsti,4,16,75,12
lükkama,vahele,1,4,75,3
lükkuma,ära,1,4,75,3
lülima,sisse,1,4,75,3
lülitama,"välja, sisse",1,4,75,3
m6ttetuma,,3,12,75,9
magnetiseeruma,,1,4,75,3
magnuma,,1,4,75,3
mahtuma,ette,3,12,75,9
mahtuma,ringi,3,12,75,9
mainima,üle,1,4,75,3
maitsema,üle,2,8,75,6
maitsma,üle,2,8,75,6
majandama,edasi,1,4,75,3
maksma,ilma,1,4,75,3
maksma,vaja,1,4,75,3
manööverdama,välja,2,8,75,6
matkama,edasi,1,4,75,3
matkama,läbi,1,4,75,3
matma,kõrvale,1,4,75,3
maxtuma,,1,4,75,3
meeldima,koos,2,8,75,6
meeldima,põrmugi,1,4,75,3
meeldima,valmis,1,4,75,3
meeldima,välja,1,4,75,3
meenustama,,1,4,75,3
meenutama,lahti,2,8,75,6
menetlema,koos,1,4,75,3
miiluma,,1,4,75,3
milluma,,2,8,75,6
minema,"edasi, edasi",1,4,75,3
minema,külge,2,8,75,6
minema,nässu,1,4,75,3
minema,rahul,2,8,75,6
minema,raksu,1,4,75,3
minema,"vaja, välja",1,4,75,3
minema,"ära, eemale",1,4,75,3
mituma,,1,4,75,3
mokonema,,1,4,75,3
monopoliseeruma,,1,4,75,3
monteerima,üles,1,4,75,3
moodima,,3,12,75,9
moodustama,koos,3,12,75,9
morrima,,2,8,75,6
moshshima,,1,4,75,3
mossitama,edasi,1,4,75,3
mossitama,ära,1,4,75,3
mugistama,,5,20,75,15
muigama,edasi,1,4,75,3
muigama,kaasa,1,4,75,3
muljuma,puruks,1,4,75,3
murdma,välja,43,172,75,129
mutsima,,1,4,75,3
muutma,all,1,4,75,3
muutma,läbi,1,4,75,3
muutuma,ette,1,4,75,3
muutuma,üles,1,4,75,3
myttama,,1,4,75,3
myysima,,1,4,75,3
mädandama,,5,20,75,15
mäesuusatama,,1,4,75,3
mägnima,,1,4,75,3
mäletama,tagasi,1,4,75,3
mängima,"ette, ära",1,4,75,3
mängima,sekka,1,4,75,3
mänguma,,1,4,75,3
märkama,ees,1,4,75,3
märkama,lahti,1,4,75,3
märtima,,1,4,75,3
mässuma,,2,8,75,6
määndama,,3,12,75,9
määrama,ringi,2,8,75,6
mõeldnuma,,1,4,75,3
mõistma,juurde,1,4,75,3
mõistma,välja,222,888,75,666
mõklema,,1,4,75,3
mõlduma,,1,4,75,3
mõnitama,vastu,1,4,75,3
mõtestuma,,1,4,75,3
mõtlema,alla,3,12,75,9
mõtlema,ilma,1,4,75,3
mõtlema,üles,2,8,75,6
mötsima,,2,8,75,6
mühatama,vastu,1,4,75,3
mütsatama,,2,8,75,6
müüma,valmis,1,4,75,3
müüma,vastu,1,4,75,3
naasma,ringi,1,4,75,3
naised-saunas-rääkima,,1,4,75,3
narrima,ära,1,4,75,3
naudisklema,,2,8,75,6
nautima,peale,1,4,75,3
neelama,sisse,1,4,75,3
nihetama,,2,8,75,6
niitma,alt,2,8,75,6
niitma,edasi,1,4,75,3
nikerdama,kokku,1,4,75,3
ninnuma,,1,4,75,3
niristama,,9,36,75,27
nokerdama,,1,4,75,3
nokitsema,valmis,2,8,75,6
nurisema,ära,2,8,75,6
nusserdama,,4,16,75,12
nuutsuma,,1,4,75,3
nägema,alla,3,12,75,9
nägema,eest,1,4,75,3
nägema,koht,2,8,75,6
nägema,otsa,1,4,75,3
nähtuma,läbi,1,4,75,3
näima,kaasa,1,4,75,3
näima,peale,1,4,75,3
näitama,mööda,1,4,75,3
näitama,sekka,1,4,75,3
näljastreikima,,1,4,75,3
närima,katki,1,4,75,3
närima,peale,1,4,75,3
närima,sisse,1,4,75,3
närutama,,1,4,75,3
nõrguma,maha,1,4,75,3
nõtkutama,,4,16,75,12
nõudma,lahti,1,4,75,3
nüsima,katki,1,4,75,3
oanema,,2,8,75,6
ocustama,,1,4,75,3
offima,,1,4,75,3
oherdama,,1,4,75,3
ohkama,välja,1,4,75,3
oksüdeerima,,5,20,75,15
olema,"alt, üles",1,4,75,3
olema,"ees, vaja",1,4,75,3
olema,heaks,2,8,75,6
olema,iial,1,4,75,3
olema,juures,4,16,75,12
olema,järel,1,4,75,3
olema,"kokku, kinni",1,4,75,3
olema,käepärast,2,8,75,6
olema,käsi,1,4,75,3
olema,manu,1,4,75,3
olema,na,2,8,75,6
olema,"nõus, vaja",1,4,75,3
olema,pahuksis,1,4,75,3
olema,suisa,2,8,75,6
olema,"vaja, sisse",1,4,75,3
olema,"vaja, tarvis",1,4,75,3
olema,"vaja, vahele",1,4,75,3
olema,"vaja, üle",1,4,75,3
olema,"ära, ära",1,4,75,3
olema,"üle, vaja",2,8,75,6
omama,läbi,1,4,75,3
omama,tagasi,1,4,75,3
omandama,välja,1,4,75,3
onlainima,,1,4,75,3
oopima,,73,292,75,219
ootama,all,3,12,75,9
ootama,kohale,2,8,75,6
ootama,sisse,1,4,75,3
ootsima,,1,4,75,3
opereerima,edasi,1,4,75,3
oppama,,1,4,75,3
oskama,peale,3,12,75,9
ostma,kaasas,1,4,75,3
osutama,edasi,1,4,75,3
otsima,koos,4,16,75,12
otsima,pärast,1,4,75,3
paarituma,,42,168,75,126
pagema,laiali,2,8,75,6
pahandama,peale,1,4,75,3
pahistama,,1,4,75,3
paigutama,kõrvale,1,4,75,3
paiknema,edasi,1,4,75,3
painduma,ära,1,4,75,3
paiskama,esile,1,4,75,3
paiskama,läbi,1,4,75,3
paistma,eemale,1,4,75,3
paisuma,edasi,1,4,75,3
pajatama,edasi,2,8,75,6
pakkuma,asemele,1,4,75,3
pakutama,vastu,1,4,75,3
palkama,vastu,1,4,75,3
pallima,,48,192,75,144
paluma,lahku,1,4,75,3
panema,keskele,1,4,75,3
pannema,,2,8,75,6
paradeerima,,1,4,75,3
passima,edasi,1,4,75,3
passima,välja,1,4,75,3
pautima,,1,4,75,3
peatama,ilma,1,4,75,3
peenestama,ära,1,4,75,3
peetuma,"kinni, kokku",1,4,75,3
pehkima,läbi,1,4,75,3
pehmuma,,1,4,75,3
peitma,alla,4,16,75,12
peitma,taha,1,4,75,3
peksma,tagasi,2,8,75,6
pelima,,1,4,75,3
persetama,,1,4,75,3
personaliseerima,,1,4,75,3
pesitsema,sees,1,4,75,3
pidama,"ette, ära",1,4,75,3
pidama,koht,1,4,75,3
pidama,"kokku, kinni",1,4,75,3
pidama,otsas,1,4,75,3
pidama,sees,1,4,75,3
pidama,ümber,1,4,75,3
pidutsema,läbi,1,4,75,3
pihtima,edasi,1,4,75,3
piiderdama,,1,4,75,3
piiksutama,,2,8,75,6
piiluma,järele,1,4,75,3
piirama,peale,1,4,75,3
piisama,maha,1,4,75,3
piisama,ära,1,4,75,3
pikutama,edasi,1,4,75,3
pilbastama,,2,8,75,6
pilduma,laiali,5,20,75,15
pillama,laiali,1,4,75,3
pillerkaaritama,,1,4,75,3
pinnima,edasi,2,8,75,6
plaanima,edasi,1,4,75,3
plaanima,tagasi,1,4,75,3
plahvatama,lahti,1,4,75,3
plaksatama,kinni,3,12,75,9
plombeerima,,1,4,75,3
pläägutama,,1,4,75,3
pommima,,8,32,75,24
ponsuma,,1,4,75,3
pooma,ära,1,4,75,3
pressima,lahti,1,4,75,3
pressima,läbi,11,44,75,33
pressima,vastu,2,8,75,6
prevalveerima,,1,4,75,3
prillitama,,1,4,75,3
pritsima,peale,2,8,75,6
profileeruma,ümber,1,4,75,3
programmeerima,ära,1,4,75,3
proovima,ette,1,4,75,3
proovima,kinni,1,4,75,3
proovima,maha,1,4,75,3
proovima,üles,1,4,75,3
protekteerima,,1,4,75,3
protezheerima,,2,8,75,6
prääksatama,,1,4,75,3
prõmmima,vastu,1,4,75,3
pu21olema,,1,4,75,3
pucima,,10,40,75,30
pudenema,läbi,1,4,75,3
pudenema,tagasi,1,4,75,3
puhuma,kõrvale,1,4,75,3
puhuma,lahti,1,4,75,3
puhuma,peale,10,40,75,30
putkama,täis,1,4,75,3
puttuma,,1,4,75,3
puudima,,1,4,75,3
puudutama,läbi,1,4,75,3
pyhima,,1,4,75,3
pyydsima,,3,12,75,9
päevaks-paarima,,1,4,75,3
pännima,,1,4,75,3
päästma,valla,10,40,75,30
põgenema,kokku,1,4,75,3
põhinema,läbi,1,4,75,3
põhjustama,ilma,1,4,75,3
põimuma,sisse,1,4,75,3
põlema,kinni,1,4,75,3
põlvitama,kõrvale,1,4,75,3
põnnama,,2,8,75,6
põrkama,ette,1,4,75,3
põrutama,lahti,3,12,75,9
pögenema,,5,20,75,15
pöletama,,1,4,75,3
pöörduma,alla,1,4,75,3
pühitsema,,148,592,75,444
püsima,ringi,1,4,75,3
püsima,vait,1,4,75,3
püxima,,4,16,75,12
püüdima,,1,4,75,3
püüdma,üles,1,4,75,3
püütsima,,1,4,75,3
rabelema,tagasi,1,4,75,3
rabelema,vastu,3,12,75,9
ragima,,1,4,75,3
rahastama,edasi,1,4,75,3
raiuma,lahti,6,24,75,18
rajama,kõrvale,3,12,75,9
rajama,üles,1,4,75,3
rakendama,edasi,1,4,75,3
rakendama,lahti,3,12,75,9
ramima,,1,4,75,3
rapsama,maha,1,4,75,3
rapsima,ringi,1,4,75,3
ratifitseerima,kokku,2,8,75,6
ratsutama,kohale,1,4,75,3
ratsutama,tagasi,1,4,75,3
rebbbima,,1,4,75,3
rebima,pooleks,1,4,75,3
rebima,vaja,1,4,75,3
reguleerima,edasi,1,4,75,3
reguleerima,välja,1,4,75,3
reivima,,1,4,75,3
rekkama,,1,4,75,3
rekvireerima,,4,16,75,12
relvastuma,,20,80,75,60
reorganiseeruma,,4,16,75,12
reostama,kokku,1,4,75,3
resettima,,1,4,75,3
resümeeruma,,1,4,75,3
retsenseerima,,8,32,75,24
revansheerima,,6,24,75,18
riisuma,välja,1,4,75,3
riivistama,,2,8,75,6
ringlema,edasi,1,4,75,3
rippuma,ees,1,4,75,3
rippuma,läbi,1,4,75,3
roimama,,2,8,75,6
roitma,,1,4,75,3
roteeruma,,6,24,75,18
ruleerima,,5,20,75,15
ruttama,ära,1,4,75,3
rähmama,,2,8,75,6
rändama,koos,2,8,75,6
räsima,ära,1,4,75,3
rääkima,alla,7,28,75,21
rääkima,ringi,1,4,75,3
rõhutama,üle,2,8,75,6
rõivastama,lahti,1,4,75,3
rögastama,,2,8,75,6
röökima,vastu,1,4,75,3
rüükima,,1,4,75,3
rüüstama,ära,4,16,75,12
rüütama,,11,44,75,33
saagima,maha,27,108,75,81
saalima,täis,1,4,75,3
saama,eal,1,4,75,3
saama,kaasas,1,4,75,3
saama,"otsa, kokku",1,4,75,3
saama,plehku,1,4,75,3
saama,"ära, ära",1,4,75,3
saastama,ära,1,4,75,3
saatma,koos,1,4,75,3
saatma,ringi,1,4,75,3
saatma,valmis,1,4,75,3
saatma,vastu,24,96,75,72
saavutama,välja,1,4,75,3
sabima,,1,4,75,3
sabisema,,2,8,75,6
saccima,,1,4,75,3
sadama,läbi,27,108,75,81
salendama,,3,12,75,9
salvestama,läbi,1,4,75,3
salvestama,peale,1,4,75,3
seadma,ringi,1,4,75,3
seaotuma,,1,4,75,3
sebima,juurde,1,4,75,3
segama,sekka,1,4,75,3
segzuma,,1,4,75,3
seinema,,2,8,75,6
seisma,all,4,16,75,12
seisma,maha,1,4,75,3
seitsetollima,,1,4,75,3
seksima,edasi,1,4,75,3
selguma,tagasi,1,4,75,3
selguma,välja,1,4,75,3
sepistama,valmis,1,4,75,3
serveerima,juurde,1,4,75,3
setitama,,1,4,75,3
shandima,,1,4,75,3
sibama,ringi,18,72,75,54
sibelema,,2,8,75,6
sidestuma,,1,4,75,3
siduma,maha,1,4,75,3
sidustama,,1,4,75,3
sihkima,,1,4,75,3
sihtima,sisse,1,4,75,3
siisima,,1,4,75,3
sirama,vastu,1,4,75,3
sirguma,,245,980,75,735
sisaldama,vaja,1,4,75,3
sisutama,,1,4,75,3
sittuma,peale,1,4,75,3
skaneerima,sisse,1,4,75,3
skrätšima,,1,4,75,3
slapima,,1,4,75,3
snopeavalutama,,1,4,75,3
sobima,kaasa,1,4,75,3
sobima,üle,1,4,75,3
sodima,ära,5,20,75,15
sokutama,edasi,1,4,75,3
soojenema,edasi,1,4,75,3
soovima,eemale,1,4,75,3
soovima,vastu,4,16,75,12
soowima,,2,8,75,6
sorisema,,5,20,75,15
statoilima,,2,8,75,6
steppima,,9,36,75,27
stoorima,,1,4,75,3
stoppama,,3,12,75,9
struktureeruma,,1,4,75,3
suguma,,1,4,75,3
suhtlema,ära,1,4,75,3
suitsetama,koos,1,4,75,3
sulama,läbi,1,4,75,3
sulandama,kokku,1,4,75,3
sulatama,ümber,1,4,75,3
sulpsama,tagasi,1,4,75,3
sumisema,ümber,1,4,75,3
sumpama,edasi,1,4,75,3
sundima,kaasa,1,4,75,3
sundima,kokku,1,4,75,3
suruma,edasi,3,12,75,9
suruma,üle,1,4,75,3
suunama,ümber,4,16,75,12
suutma,taha,1,4,75,3
suutma,vastu,3,12,75,9
suutma,üles,1,4,75,3
säilima,läbi,1,4,75,3
särama,välja,1,4,75,3
sättima,peale,2,8,75,6
säädnuma,,1,4,75,3
sõbrutsema,,1,4,75,3
sõdima,edasi,3,12,75,9
sõidutama,ette,1,4,75,3
sõidutama,üles,1,4,75,3
sõitma,all,1,4,75,3
sõitma,"alt, üles",1,4,75,3
sõitma,kinni,17,68,75,51
sõitma,kõrval,1,4,75,3
sõitma,mõlki,1,4,75,3
sõlmima,alla,1,4,75,3
sõltuma,ära,1,4,75,3
sõnastama,ära,1,4,75,3
sõtkuma,maha,1,4,75,3
sõtluma,,1,4,75,3
sörkima,ringi,1,4,75,3
sööma,all,1,4,75,3
sööma,ette,1,4,75,3
sööstma,alla,17,68,75,51
sügavkülmutama,,1,4,75,3
sünnipäevatama,,1,4,75,3
süttima,läbi,1,4,75,3
süüdistama,tagasi,1,4,75,3
t2ienema,,1,4,75,3
t2ituma,,1,4,75,3
taandama,ära,1,4,75,3
taanduma,ära,1,4,75,3
taasavastama,,20,80,75,60
tagama,vastu,1,4,75,3
taganema,ees,1,4,75,3
taguma,edasi,3,12,75,9
tagurdama,ära,1,4,75,3
tahkestuma,,1,4,75,3
tahtima,,2,8,75,6
tahtma,eest,2,8,75,6
tahtma,läbi,3,12,75,9
tahtma,otsa,1,4,75,3
tahtma,ühte,2,8,75,6
tajuma,läbi,1,4,75,3
takerduma,kinni,1,4,75,3
taluma,vaja,1,4,75,3
tancima,,2,8,75,6
taotlema,üle,2,8,75,6
tapma,lähedal,1,4,75,3
tapsima,ära,8,32,75,24
tarbima,ära,10,40,75,30
tasalülitama,,3,12,75,9
tassima,juurde,2,8,75,6
tasuma,ette,5,20,75,15
tasuma,läbi,1,4,75,3
teadma,ees,1,4,75,3
teadma,lähedal,1,4,75,3
teadma,tarvis,1,4,75,3
teatama,üles,1,4,75,3
teenima,järel,1,4,75,3
tegelema,läbi,1,4,75,3
tegelema,valmis,1,4,75,3
tegema,enne,1,4,75,3
tegema,"kaasa, kaasa",1,4,75,3
tegema,maatasa,1,4,75,3
tegema,võidu,2,8,75,6
tehtuma,,1,4,75,3
tekitama,ilma,1,4,75,3
tekkima,külge,1,4,75,3
tekkima,manu,1,4,75,3
telefoniseerima,,1,4,75,3
tellima,ilma,1,4,75,3
tellima,kõrvale,1,4,75,3
tellima,tarvis,1,4,75,3
tellima,välja,3,12,75,9
tervitama,vastu,10,40,75,30
tiiblema,,1,4,75,3
tiirlema,kaasa,1,4,75,3
tiirutama,ümber,4,16,75,12
tikutama,,1,4,75,3
tilbendama,ringi,1,4,75,3
tilgutama,juurde,1,4,75,3
tilgutama,täis,1,4,75,3
tilgutama,välja,1,4,75,3
tilkuma,alla,4,16,75,12
tilkuma,kohale,1,4,75,3
timmima,ära,1,4,75,3
tippama,,1,4,75,3
tirazheerima,,4,16,75,12
tiristama,,3,12,75,9
tobitama,,1,4,75,3
toetama,mööda,1,4,75,3
toimetama,ette,2,8,75,6
toimuma,kõrvale,1,4,75,3
toimuma,rahul,1,4,75,3
toitma,välja,1,4,75,3
toksima,välja,1,4,75,3
tooma,"kokku, sisse",1,4,75,3
tooma,koos,1,4,75,3
tooma,lahti,2,8,75,6
tooma,läbi,5,20,75,15
tootma,edasi,6,24,75,18
tootma,kohale,1,4,75,3
toppima,ära,2,8,75,6
torkama,alla,1,4,75,3
torkama,välja,10,40,75,30
torkima,välja,2,8,75,6
tormama,edasi,17,68,75,51
tormama,üle,1,4,75,3
tpimuma,,1,4,75,3
trampima,maha,2,8,75,6
transponeerima,,1,4,75,3
trehvama,peale,1,4,75,3
triblama,,21,84,75,63
triivima,edasi,2,8,75,6
trykima,,1,4,75,3
trügima,eemale,1,4,75,3
trügima,tagant,1,4,75,3
tsekkama,,7,28,75,21
tsirkuleerima,,9,36,75,27
tudnuma,,1,4,75,3
tugevndama,,1,4,75,3
tuhisema,alla,5,20,75,15
tuhisema,läbi,2,8,75,6
tuigerdama,edasi,1,4,75,3
tuikuma,ringi,2,8,75,6
tuimenema,,3,12,75,9
tule-tulema,,2,8,75,6
tulema,eest,5,20,75,15
tulema,"eest, ära",4,16,75,12
tulema,seest,1,4,75,3
tulema,taga,10,40,75,30
tulema,"tagasi, kaasas",1,4,75,3
tulistama,ees,2,8,75,6
tumendama,,4,16,75,12
tundma,maha,2,8,75,6
tunduma,ette,1,4,75,3
tunduma,kõrvale,1,4,75,3
tunduma,lähedal,1,4,75,3
tunglema,ümber,1,4,75,3
tunnevad-teadma,,1,4,75,3
tunnistama,alla,1,4,75,3
tunnustama,kokku,1,4,75,3
turnima,läbi,1,4,75,3
turnima,ringi,1,4,75,3
turritama,vastu,1,4,75,3
tuupima,edasi,1,4,75,3
tuurima,ringi,1,4,75,3
tähendama,maha,5,20,75,15
tähendama,vahele,1,4,75,3
täima,täis,1,4,75,3
täitma,peale,1,4,75,3
täitma,üles,1,4,75,3
tätoveerima,ära,1,4,75,3
tõmbama,krampi,1,4,75,3
tõmbama,"tagant, ära",1,4,75,3
tõmbama,üle,28,112,75,84
tõsnuma,,1,4,75,3
tõstima,,1,4,75,3
tõstma,vaja,1,4,75,3
tõstma,valmis,1,4,75,3
tõttama,alla,1,4,75,3
tõukama,laiali,1,4,75,3
törjuma,,1,4,75,3
tükkima,ligi,2,8,75,6
tümpsima,,1,4,75,3
tüürima,edasi,1,4,75,3
udutama,,10,40,75,30
uhama,välja,2,8,75,6
uhtima,,1,4,75,3
uimerdama,ringi,1,4,75,3
uisutama,üle,1,4,75,3
ujuma,kinni,1,4,75,3
ujuma,ligi,2,8,75,6
ulatama,edasi,2,8,75,6
umisema,,1,4,75,3
unifitseerima,,1,4,75,3
unustama,peale,1,4,75,3
uppuma,vastu,1,4,75,3
urineerima,täis,1,4,75,3
urineerima,vastu,1,4,75,3
uskuma,valmis,1,4,75,3
uurima,tagasi,2,8,75,6
uurima,tarvis,1,4,75,3
uurima,üle,5,20,75,15
v6isima,,1,4,75,3
vaaruma,välja,2,8,75,6
vaatama,"tagasi, edasi",1,4,75,3
vaatlema,kokku,1,4,75,3
vaatlema,kõrvalt,1,4,75,3
vabandama,pärast,1,4,75,3
vabandama,ära,1,4,75,3
vabanema,kokku,1,4,75,3
vadistama,edasi,1,4,75,3
vahetama,poolt,2,8,75,6
vahtuma,,1,4,75,3
vajama,tagasi,3,12,75,9
vajuma,taha,2,8,75,6
vajutama,ette,1,4,75,3
valama,laiali,2,8,75,6
valama,läbi,1,4,75,3
valendama,,16,64,75,48
valetama,peale,1,4,75,3
valguma,läbi,2,8,75,6
valguma,tagasi,4,16,75,12
valima,maha,1,4,75,3
valitsema,koos,1,4,75,3
valjendama,,2,8,75,6
vallatama,,1,4,75,3
valmima,tagasi,1,4,75,3
valmima,välja,1,4,75,3
valulema,,1,4,75,3
vantsima,üles,1,4,75,3
varastama,vastu,1,4,75,3
varieeruma,välja,1,4,75,3
varisema,alla,15,60,75,45
varjutama,ära,3,12,75,9
varuma,kokku,1,4,75,3
vastama,koos,2,8,75,6
vedama,kaupa,2,8,75,6
vedelduma,,1,4,75,3
vedelema,edasi,1,4,75,3
veerema,kohale,3,12,75,9
veeretama,kokku,1,4,75,3
veeretama,peale,1,4,75,3
venima,tagasi,1,4,75,3
ventileerima,,6,24,75,18
verbaliseerima,,1,4,75,3
viguma,,1,4,75,3
vihisema,välja,1,4,75,3
viibima,koha,12,48,75,36
viidzima,,2,8,75,6
viiiiiiitsima,,1,4,75,3
viima,"kaasa, kokku",1,4,75,3
viima,peale,6,24,75,18
viima,"välja, kokku",1,4,75,3
viitama,vastu,1,4,75,3
vildistuma,,1,4,75,3
vilistama,läbi,1,4,75,3
vilistama,välja,18,72,75,54
vilistama,ära,4,16,75,12
viljastama,,18,72,75,54
vilksama,sisse,1,4,75,3
vilksatama,vastu,1,4,75,3
virutama,alla,2,8,75,6
virutama,edasi,1,4,75,3
virutama,"tagant, üles",1,4,75,3
viskama,katki,3,12,75,9
visklema,ringi,1,4,75,3
viskuma,kõrvale,1,4,75,3
viskuma,otsa,1,4,75,3
vispeldama,,1,4,75,3
vitcima,,1,4,75,3
volksatama,välja,1,4,75,3
voolama,kaasa,1,4,75,3
vorpima,kokku,1,4,75,3
vupsama,välja,11,44,75,33
vurisema,mööda,1,4,75,3
vuristama,edasi,1,4,75,3
väljuma,koos,1,4,75,3
väntama,tagasi,2,8,75,6
väntama,ära,1,4,75,3
väntama,üles,2,8,75,6
väristama,ära,1,4,75,3
väänama,maha,1,4,75,3
väänduma,välja,1,4,75,3
väärkasutama,,2,8,75,6
võikima,,2,8,75,6
võiksima,,3,12,75,9
võimutsema,üle,1,4,75,3
võisima,,1,4,75,3
võitma,ette,4,16,75,12
võrgutama,ära,7,28,75,21
võrsuma,välja,1,4,75,3
võtma,kaasas,1,4,75,3
võtma,laiali,1,4,75,3
võtma,lähedal,1,4,75,3
võtma,taga,1,4,75,3
võtma,"tagasi, vastu",1,4,75,3
võtma,"vastu, ette",1,4,75,3
võtma,"ära, üle",1,4,75,3
võõrustama,lahti,1,4,75,3
vötsima,,2,8,75,6
xiitima,,1,4,75,3
ylistama,,1,4,75,3
zonema,,9,36,75,27
ähmuma,,1,4,75,3
ähvardama,läbi,1,4,75,3
äigama,vastu,2,8,75,6
äljuma,,1,4,75,3
äratama,ära,1,4,75,3
õhkama,tagasi,1,4,75,3
õitsema,edasi,6,24,75,18
õnnestuma,alles,1,4,75,3
õpetama,läbi,1,4,75,3
õppama,,1,4,75,3
öluma,,1,4,75,3
önnestuma,,9,36,75,27
öölduma,,1,4,75,3
ühinema,alla,1,4,75,3
ülenema,,4,16,75,12
ületama,vastu,1,4,75,3
ületama,välja,1,4,75,3
ületama,ära,1,4,75,3
üllema,,1,4,75,3
ültlema,,1,4,75,3
ümahtama,,1,4,75,3
ütlema,nõus,1,4,75,3
kandma,,9431,37729,75.00331310132789,28298
tegema,läbi,627,2511,75.02986857825567,1884
osutuma,,5523,22121,75.03277428687673,16598
läbima,,3479,13938,75.03946046778591,10459
võtma,kokku,1221,4893,75.04598405885959,3672
aitama,,15552,62380,75.06893235011222,46828
viima,,12840,51505,75.07038151635763,38665
saama,võidu,87,349,75.07163323782235,262
kasvama,välja,517,2074,75.07232401157185,1557
napsama,,167,670,75.07462686567165,503
arvama,välja,78,313,75.07987220447284,235
paluma,ära,78,313,75.07987220447284,235
puudutama,,8181,32839,75.08754834191053,24658
peetama,,252,1012,75.09881422924902,760
hävitama,,1252,5029,75.10439451183137,3777
ammutama,,292,1173,75.10656436487638,881
saatma,,11383,45738,75.11259783987056,34355
võõrustama,,356,1431,75.12229210342419,1075
arvestama,välja,47,189,75.13227513227513,142
tundma,kaasa,318,1279,75.13682564503519,961
kiskuma,maha,39,157,75.15923566878982,118
vilgutama,,36,145,75.17241379310344,109
meisterdama,,178,717,75.17433751743376,539
võtma,vastu,5742,23137,75.18260794398583,17395
peibutama,,128,516,75.1937984496124,388
mähkuma,,30,121,75.20661157024794,91
talitsema,,30,121,75.20661157024794,91
tormama,välja,86,347,75.21613832853026,261
pimestama,,83,335,75.22388059701493,252
sosistama,,535,2161,75.24294308190652,1626
lakkuma,,245,990,75.25252525252525,745
aeguma,,393,1589,75.26746381371932,1196
kohalduma,,23,93,75.26881720430107,70
pillutama,,23,93,75.26881720430107,70
talletama,,88,356,75.28089887640449,268
täima,,22,89,75.28089887640449,67
karastuma,,86,348,75.28735632183908,262
muteeruma,,21,85,75.29411764705883,64
serveerima,,265,1073,75.30288909599254,808
heidutama,,183,741,75.30364372469636,558
kaaluma,kokku,20,81,75.30864197530865,61
kutsuma,,7414,30033,75.31382146305731,22619
tagandama,,116,470,75.31914893617021,354
koolitama,,248,1005,75.32338308457712,757
pihustama,,38,154,75.32467532467533,116
rivaalitsema,,19,77,75.32467532467533,58
sundima,peale,38,154,75.32467532467533,116
söövitama,,19,77,75.32467532467533,58
peitma,,774,3138,75.33460803059273,2364
raporteerima,,129,523,75.33460803059273,394
manama,esile,18,73,75.34246575342466,55
pakkuma,juurde,18,73,75.34246575342466,55
viseerima,,18,73,75.34246575342466,55
võrsuma,,175,710,75.35211267605634,535
puistama,,256,1039,75.3609239653513,783
arvutama,välja,170,690,75.36231884057972,520
populariseerima,,17,69,75.36231884057972,52
puhuma,sisse,50,203,75.36945812807882,153
laekuma,,4481,18193,75.369647666685,13712
sütitama,,49,199,75.37688442211056,150
takistama,,2855,11596,75.37944118661606,8741
tooma,,16939,68834,75.39152163175174,51895
avama,,6471,26296,75.39169455430483,19825
majutama,,47,191,75.39267015706807,144
naima,,91,370,75.4054054054054,279
hindama,ära,15,61,75.40983606557377,46
mõranema,,45,183,75.40983606557377,138
sattuma,vastu,15,61,75.40983606557377,46
sogama,,30,122,75.40983606557377,92
tõstma,kohale,15,61,75.40983606557377,46
eritama,,74,301,75.41528239202658,227
laenutama,,74,301,75.41528239202658,227
masseerima,,74,301,75.41528239202658,227
andma,,55149,224348,75.41810045108492,169199
hõiskama,,282,1148,75.43554006968641,866
postuleerima,,14,57,75.43859649122807,43
soovima,tagasi,28,114,75.43859649122807,86
toretsema,,14,57,75.43859649122807,43
tulema,alt,14,57,75.43859649122807,43
etenduma,,153,623,75.4414125200642,470
diskrediteerima,,54,220,75.45454545454545,166
määrduma,,189,770,75.45454545454545,581
hoidma,alt,40,163,75.4601226993865,123
laskma,,11635,47423,75.46549142820994,35788
etendama,,392,1598,75.46933667083854,1206
kodustama,,13,53,75.47169811320755,40
tahtma,valmis,13,53,75.47169811320755,40
mustendama,,12,49,75.51020408163265,37
olema,alla,12,49,75.51020408163265,37
ärgitama,,331,1352,75.51775147928994,1021
tellima,,2419,9884,75.52610279239175,7465
klikkima,,93,380,75.52631578947368,287
meelitama,välja,58,237,75.52742616033755,179
mattuma,,182,744,75.53763440860214,562
erituma,,34,139,75.53956834532374,105
musitama,,34,139,75.53956834532374,105
sõidutama,,349,1427,75.54309740714787,1078
kooskõlastuma,,22,90,75.55555555555556,68
korjama,kokku,220,900,75.55555555555556,680
kõlistama,,33,135,75.55555555555556,102
lõikama,vahele,11,45,75.55555555555556,34
sisestama,,165,675,75.55555555555556,510
kogema,,2096,8576,75.55970149253731,6480
pilduma,,206,843,75.56346381969158,637
sallima,,689,2820,75.56737588652483,2131
noppima,,533,2182,75.57286892758937,1649
naerutama,,53,217,75.57603686635944,164
taltsutama,,53,217,75.57603686635944,164
kopsima,,21,86,75.5813953488372,65
toitma,,561,2298,75.58746736292427,1737
vakatama,,83,340,75.58823529411765,257
lõhkuma,maha,31,127,75.59055118110236,96
märgistama,,103,422,75.59241706161137,319
õrritama,,41,168,75.59523809523809,127
asima,,10,41,75.60975609756098,31
emantsipeeruma,,10,41,75.60975609756098,31
looritama,,10,41,75.60975609756098,31
toppima,kinni,10,41,75.60975609756098,31
vormistuma,,10,41,75.60975609756098,31
võima,vaja,30,123,75.60975609756098,93
rebima,välja,48,197,75.63451776649747,149
kehutama,,19,78,75.64102564102564,59
keskendama,,28,115,75.65217391304347,87
sõitma,maha,112,460,75.65217391304347,348
katkestama,,1645,6757,75.65487642444873,5112
viibima,kohal,55,226,75.66371681415929,171
hüppama,alla,137,563,75.66607460035524,426
nördima,,372,1529,75.67037279267495,1157
hingestama,,9,37,75.67567567567568,28
killunema,,9,37,75.67567567567568,28
koksima,,9,37,75.67567567567568,28
lööma,alt,27,111,75.67567567567568,84
mõtlema,kaasa,27,111,75.67567567567568,84
tellima,kohale,9,37,75.67567567567568,28
võtma,alt,9,37,75.67567567567568,28
määrama,ära,179,736,75.67934782608695,557
laiutama,,575,2366,75.6973795435334,1791
vägivallatsema,,43,177,75.70621468926554,134
kangutama,lahti,34,140,75.71428571428571,106
laulma,ette,17,70,75.71428571428571,53
leemendama,,17,70,75.71428571428571,53
lõdvestuma,,51,210,75.71428571428571,159
tolmuma,,34,140,75.71428571428571,106
hoidma,kõrvale,110,453,75.71743929359823,343
visandama,,81,334,75.74850299401199,253
saatma,edasi,121,499,75.75150300601202,378
kasvama,alla,8,33,75.75757575757575,25
laulma,läbi,8,33,75.75757575757575,25
otustama,,8,33,75.75757575757575,25
pakkuma,alla,8,33,75.75757575757575,25
rallima,,24,99,75.75757575757575,75
siduma,ette,8,33,75.75757575757575,25
soojustama,,8,33,75.75757575757575,25
tekkima,alla,8,33,75.75757575757575,25
trügima,välja,8,33,75.75757575757575,25
väänduma,,32,132,75.75757575757575,100
eristama,,688,2839,75.7661148291652,2151
määrima,ära,31,128,75.78125,97
austama,,765,3160,75.79113924050634,2395
viskama,alla,53,219,75.79908675799086,166
tapma,,2618,10821,75.80630255983736,8203
istuma,sisse,15,62,75.80645161290323,47
kähmlema,,15,62,75.80645161290323,47
käppima,,15,62,75.80645161290323,47
osundama,,60,248,75.80645161290323,188
piirama,sisse,60,248,75.80645161290323,188
reostuma,,71,294,75.85034013605441,223
hõõruma,laiali,7,29,75.86206896551724,22
kobima,tagasi,7,29,75.86206896551724,22
korkima,lahti,14,58,75.86206896551724,44
manguma,,35,145,75.86206896551724,110
mõõtma,,896,3712,75.86206896551724,2816
rääkima,vahele,7,29,75.86206896551724,22
struktureerima,,7,29,75.86206896551724,22
surema,läbi,7,29,75.86206896551724,22
teadma,läbi,7,29,75.86206896551724,22
tohterdama,,28,116,75.86206896551724,88
ütlema,sekka,7,29,75.86206896551724,22
jutlustama,,97,402,75.87064676616916,305
tõstma,esile,644,2669,75.87111277632071,2025
valvama,,756,3134,75.87747287811104,2378
kõrguma,,277,1149,75.89208006962576,872
kaasuma,,20,83,75.90361445783132,63
spioneerima,,20,83,75.90361445783132,63
ergutama,,285,1183,75.90870667793745,898
sündima,,10238,42505,75.91342195035878,32267
miksima,kokku,13,54,75.92592592592592,41
sandistuma,,13,54,75.92592592592592,41
tormama,järele,13,54,75.92592592592592,41
trummeldama,,26,108,75.92592592592592,82
vemmeldama,,13,54,75.92592592592592,41
õnnistama,sisse,26,108,75.92592592592592,82
tühistama,,989,4109,75.93088342662449,3120
blokeerima,,382,1588,75.94458438287154,1206
itsitama,,254,1056,75.9469696969697,802
ajama,ette,19,79,75.9493670886076,60
koonerdama,,50,208,75.96153846153845,158
söötma,ette,25,104,75.96153846153845,79
üritama,,9412,39162,75.96649813594811,29750
laimama,,85,354,75.98870056497175,269
alustama,kokku,6,25,76,19
helistama,kohale,6,25,76,19
hurmama,,6,25,76,19
hõlvama,,6,25,76,19
kiskuma,lahti,48,200,76,152
kogenema,,6,25,76,19
küsima,kokku,6,25,76,19
neelatama,,48,200,76,152
paluma,kaasa,6,25,76,19
panema,putku,6,25,76,19
paristama,,6,25,76,19
peksma,vastu,6,25,76,19
pidama,paljuks,6,25,76,19
roiduma,,6,25,76,19
s6imama,,6,25,76,19
saama,valmima,6,25,76,19
tolknema,välja,6,25,76,19
tõukama,tagasi,6,25,76,19
ärima,maha,6,25,76,19
üritama,ära,6,25,76,19
pakkuma,,16130,67218,76.00345145645512,51088
poolitama,,65,271,76.01476014760148,206
kaitsema,,1782,7431,76.01937828017763,5649
ülendama,,47,196,76.0204081632653,149
varjuma,,123,513,76.0233918128655,390
sõeluma,välja,35,146,76.02739726027397,111
vahetama,välja,612,2553,76.02820211515863,1941
kuuluma,,23976,100027,76.03047177262138,76051
korrumpeeruma,,157,655,76.03053435114504,498
sittama,,75,313,76.03833865814697,238
mähkima,,34,142,76.05633802816901,108
astuma,alla,28,117,76.06837606837607,89
hõikama,,409,1710,76.08187134502924,1301
kamandama,,238,996,76.10441767068274,758
puhastama,,569,2383,76.1225346202266,1814
ajama,alla,58,243,76.13168724279835,185
tervitama,,1426,5975,76.13389121338912,4549
pääsema,lahti,68,285,76.14035087719299,217
toimetama,,1326,5558,76.14249730118748,4232
lihvima,,193,809,76.1433868974042,616
lahutama,,855,3584,76.14397321428571,2729
ulpima,,26,109,76.14678899082568,83
ennetama,,114,478,76.15062761506276,364
haukama,,31,130,76.15384615384615,99
meelitama,kohale,62,260,76.15384615384615,198
varjama,,1494,6268,76.16464582003829,4774
põlvitama,,51,214,76.16822429906543,163
käsutama,,203,852,76.17370892018779,649
põlema,maha,267,1121,76.18198037466549,854
eksmatrikuleerima,,5,21,76.19047619047619,16
hargnema,laiali,5,21,76.19047619047619,16
hoidma,läbi,5,21,76.19047619047619,16
koostama,kokku,5,21,76.19047619047619,16
krahmama,kinni,5,21,76.19047619047619,16
kulgema,välja,5,21,76.19047619047619,16
käima,vargil,5,21,76.19047619047619,16
mobiliseerima,,40,168,76.19047619047619,128
mõcima,,5,21,76.19047619047619,16
odavdama,,5,21,76.19047619047619,16
olema,kõrval,5,21,76.19047619047619,16
pilutama,,5,21,76.19047619047619,16
riputama,välja,15,63,76.19047619047619,48
syydistama,,5,21,76.19047619047619,16
sõitma,"tagant, sisse",20,84,76.19047619047619,64
sülgama,välja,5,21,76.19047619047619,16
unustama,sisse,5,21,76.19047619047619,16
vaatama,taha,5,21,76.19047619047619,16
vaenama,,10,42,76.19047619047619,32
vallatlema,,20,84,76.19047619047619,64
võtima,,5,21,76.19047619047619,16
vanduma,,406,1707,76.21558289396603,1301
ohkama,,1355,5701,76.23223995790212,4346
kõrvetama,ära,24,101,76.23762376237624,77
looma,maha,48,202,76.23762376237624,154
keelitama,,95,400,76.25,305
torkama,läbi,19,80,76.25,61
seonduma,,569,2397,76.26199415936587,1828
nõustuma,,4089,17232,76.27089136490251,13143
sõlmima,kokku,14,59,76.27118644067797,45
ülbitsema,,60,253,76.28458498023716,193
sööstma,välja,23,97,76.28865979381443,74
tõrjuma,,1034,4363,76.30071052028421,3329
dekonstrueerima,,9,38,76.31578947368422,29
panema,nahka,9,38,76.31578947368422,29
represseerima,,27,114,76.31578947368422,87
selekteerima,,18,76,76.31578947368422,58
tähendama,edasi,9,38,76.31578947368422,29
valmima,kokku,9,38,76.31578947368422,29
püüdma,kinni,339,1433,76.34333565945569,1094
tooma,kokku,205,867,76.35524798154556,662
lugema,edasi,74,313,76.35782747603834,239
heitma,alla,13,55,76.36363636363637,42
nööpima,lahti,13,55,76.36363636363637,42
kooskõlastama,,280,1185,76.37130801687763,905
lõdvestama,,43,182,76.37362637362637,139
väitma,vastu,43,182,76.37362637362637,139
kutsuma,tagasi,206,872,76.37614678899082,666
võlgnema,,450,1905,76.37795275590551,1455
toetuma,,921,3899,76.37855860477045,2978
sittuma,,171,724,76.38121546961327,553
mustama,,119,504,76.38888888888889,385
põiklema,kõrvale,34,144,76.38888888888889,110
rõõmustama,,2249,9526,76.3909300860802,7277
kainenema,,21,89,76.40449438202246,68
tootma,kokku,21,89,76.40449438202246,68
orjama,,25,106,76.41509433962264,81
külmutama,,108,458,76.41921397379913,350
põrmustama,,58,246,76.42276422764228,188
mahutama,,552,2342,76.43040136635354,1790
aigutama,,4,17,76.47058823529412,13
asuma,kohal,8,34,76.47058823529412,26
destilleerima,,4,17,76.47058823529412,13
elunema,,12,51,76.47058823529412,39
esitama,peale,4,17,76.47058823529412,13
finima,,4,17,76.47058823529412,13
isikustama,,4,17,76.47058823529412,13
juhtuma,kaasas,4,17,76.47058823529412,13
kalpsama,ringi,4,17,76.47058823529412,13
kanduma,kõrvale,4,17,76.47058823529412,13
konsolideeruma,,8,34,76.47058823529412,26
kraapima,ära,4,17,76.47058823529412,13
krimpsutama,,40,170,76.47058823529412,130
kruvima,maha,12,51,76.47058823529412,39
kurdistuma,,4,17,76.47058823529412,13
kõndima,üles,4,17,76.47058823529412,13
langema,kõrvale,4,17,76.47058823529412,13
langema,läbi,4,17,76.47058823529412,13
litsentseerima,,4,17,76.47058823529412,13
luksatama,,4,17,76.47058823529412,13
mürgitama,,80,340,76.47058823529412,260
olema,jaa,4,17,76.47058823529412,13
oskama,ette,4,17,76.47058823529412,13
otsa-koolma,,4,17,76.47058823529412,13
pühkima,,548,2329,76.47058823529412,1781
raiuma,välja,8,34,76.47058823529412,26
saukkima,,4,17,76.47058823529412,13
suitsutama,,8,34,76.47058823529412,26
tagastama,kokku,4,17,76.47058823529412,13
toetama,peale,4,17,76.47058823529412,13
triivima,eemale,4,17,76.47058823529412,13
tšekkama,,4,17,76.47058823529412,13
uppuma,kokku,4,17,76.47058823529412,13
vajuma,ette,4,17,76.47058823529412,13
vurama,läbi,4,17,76.47058823529412,13
võitlema,välja,124,527,76.47058823529412,403
võngutama,,4,17,76.47058823529412,13
näppama,,117,498,76.50602409638554,381
maskeerima,,27,115,76.52173913043478,88
ähmastama,,27,115,76.52173913043478,88
vaesuma,,50,213,76.52582159624414,163
hüüatama,,407,1734,76.5282583621684,1327
veenma,,591,2518,76.52899126290707,1927
salatsema,,42,179,76.53631284916202,137
jõudma,kokku,19,81,76.5432098765432,62
otsima,kokku,19,81,76.5432098765432,62
opereerima,,296,1262,76.54516640253566,966
uurima,edasi,34,145,76.55172413793103,111
andma,võidu,15,64,76.5625,49
kuhjama,,60,256,76.5625,196
ummistama,,219,935,76.57754010695187,716
jätma,ilma,163,696,76.58045977011494,533
juhatama,edasi,11,47,76.59574468085107,36
kriiskama,,55,235,76.59574468085107,180
peksma,laiali,11,47,76.59574468085107,36
limpsima,,84,359,76.6016713091922,275
vangutama,,279,1193,76.61357921207042,914
kaasnema,,2237,9566,76.61509512858039,7329
jõudma,alles,18,77,76.62337662337663,59
marineerima,,18,77,76.62337662337663,59
kiitlema,,118,505,76.63366336633663,387
rullima,lahti,25,107,76.63551401869158,82
ohverdama,,157,672,76.63690476190477,515
nuruma,,39,167,76.64670658682635,128
tavatsema,,253,1084,76.66051660516605,831
affima,,7,30,76.66666666666667,23
blogima,,7,30,76.66666666666667,23
jootma,sisse,7,30,76.66666666666667,23
kaetama,,7,30,76.66666666666667,23
kollama,,7,30,76.66666666666667,23
käsutama,välja,7,30,76.66666666666667,23
lubama,mööda,7,30,76.66666666666667,23
mitmekesistuma,,14,60,76.66666666666667,46
põtkima,,7,30,76.66666666666667,23
sulama,välja,14,60,76.66666666666667,46
sulatama,lahti,7,30,76.66666666666667,23
tegelema,välja,7,30,76.66666666666667,23
võlgnema,tänu,7,30,76.66666666666667,23
yllatama,,7,30,76.66666666666667,23
märatsema,,100,429,76.68997668997669,329
süstima,,312,1339,76.69902912621359,1027
muundama,,17,73,76.71232876712328,56
tõukama,välja,17,73,76.71232876712328,56
kuulutama,,2952,12680,76.71924290220821,9728
kruvima,,158,679,76.73048600883654,521
tudima,,57,245,76.73469387755102,188
luhtuma,,264,1135,76.74008810572687,871
möllima,,10,43,76.74418604651163,33
tundma,vastu,20,86,76.74418604651163,66
vehkima,sisse,10,43,76.74418604651163,33
needma,,53,228,76.75438596491229,175
viima,üles,86,370,76.75675675675676,284
heituma,,59,254,76.77165354330708,195
põlema,,2254,9706,76.77725118483413,7452
siduma,kinni,164,707,76.80339462517681,543
triikima,,61,263,76.80608365019012,202
kaubitsema,,16,69,76.81159420289855,53
katma,,2308,9956,76.81799919646444,7648
dokumenteerima,,41,177,76.8361581920904,136
eeldama,,3509,15153,76.84286939879892,11644
ajama,laiali,103,445,76.85393258426966,342
ärima,,59,255,76.86274509803923,196
seiskama,,102,441,76.87074829931973,339
õhkuma,,262,1134,76.89594356261023,872
likvideerima,,280,1212,76.89768976897689,932
kujundama,,1174,5084,76.90794649881983,3910
näima,,9513,41203,76.91187534888236,31690
nõudma,,14010,60685,76.91357007497734,46675
ajama,eemale,15,65,76.92307692307693,50
biosima,,3,13,76.92307692307693,10
ehitama,kõrvale,3,13,76.92307692307693,10
fetišeerima,,3,13,76.92307692307693,10
hakkama,ilma,3,13,76.92307692307693,10
hõõruma,maha,3,13,76.92307692307693,10
igistama,,3,13,76.92307692307693,10
juhatama,kohale,3,13,76.92307692307693,10
jumestuma,,3,13,76.92307692307693,10
jääma,kõrvu,3,13,76.92307692307693,10
kaduma,eemale,3,13,76.92307692307693,10
katsetama,ära,6,26,76.92307692307693,20
kaunistama,ära,3,13,76.92307692307693,10
keetma,läbi,3,13,76.92307692307693,10
ketendama,,3,13,76.92307692307693,10
kinitama,,3,13,76.92307692307693,10
kinuma,,3,13,76.92307692307693,10
kohustama,välja,3,13,76.92307692307693,10
konfigureerima,,3,13,76.92307692307693,10
kristalliseeruma,,30,130,76.92307692307693,100
kupima,,3,13,76.92307692307693,10
kärbatama,,3,13,76.92307692307693,10
külmutama,kinni,3,13,76.92307692307693,10
laadima,ümber,3,13,76.92307692307693,10
labastuma,,3,13,76.92307692307693,10
ladestama,,6,26,76.92307692307693,20
laulma,peale,6,26,76.92307692307693,20
laulma,välja,6,26,76.92307692307693,20
lendama,laiali,45,195,76.92307692307693,150
leotama,lahti,3,13,76.92307692307693,10
liberaliseeruma,,3,13,76.92307692307693,10
loksuma,maha,3,13,76.92307692307693,10
lällutama,,6,26,76.92307692307693,20
marssima,alla,3,13,76.92307692307693,10
muutuma,läbi,3,13,76.92307692307693,10
nihutama,ära,3,13,76.92307692307693,10
noppima,võidu,9,39,76.92307692307693,30
pahisema,,6,26,76.92307692307693,20
põrutama,alla,3,13,76.92307692307693,10
rihmama,,3,13,76.92307692307693,10
ringima,,3,13,76.92307692307693,10
ronima,edasi,3,13,76.92307692307693,10
saabuma,läbi,3,13,76.92307692307693,10
startima,valmis,3,13,76.92307692307693,10
stylema,,3,13,76.92307692307693,10
sundima,välja,6,26,76.92307692307693,20
sülitama,maha,9,39,76.92307692307693,30
sündima,edasi,3,13,76.92307692307693,10
taguma,sisse,6,26,76.92307692307693,20
tannuma,,3,13,76.92307692307693,10
tegutsema,alla,3,13,76.92307692307693,10
tehendama,,3,13,76.92307692307693,10
tormama,laiali,3,13,76.92307692307693,10
tormama,vastu,12,52,76.92307692307693,40
trügima,läbi,6,26,76.92307692307693,20
tuhmistuma,,3,13,76.92307692307693,10
tuhnima,läbi,6,26,76.92307692307693,20
tuuseldama,ringi,3,13,76.92307692307693,10
tõusma,kokku,12,52,76.92307692307693,40
umbuma,,3,13,76.92307692307693,10
välistuma,,3,13,76.92307692307693,10
võitma,välja,3,13,76.92307692307693,10
võtma,"pealt, ära",3,13,76.92307692307693,10
vöitnuma,,3,13,76.92307692307693,10
pagema,,359,1556,76.9280205655527,1197
taastama,,705,3056,76.93062827225131,2351
hüüdma,,1245,5397,76.93162868260146,4152
värskendama,,80,347,76.94524495677233,267
porisema,,65,282,76.95035460992908,217
sõitma,alla,65,282,76.95035460992908,217
andma,välja,1918,8329,76.97202545323569,6411
debüteerima,,175,760,76.97368421052632,585
võitlema,edasi,32,139,76.97841726618705,107
madaldama,,26,113,76.99115044247787,87
tähendama,üles,26,113,76.99115044247787,87
terroriseerima,,95,413,76.99757869249395,318
loetlema,üles,23,100,77,77
kõnelema,,2537,11036,77.01159840521929,8499
tumestama,,71,309,77.02265372168284,238
põrutama,välja,28,122,77.04918032786885,94
pressima,välja,151,658,77.05167173252279,507
võitma,,18075,78783,77.05723315943796,60708
varastama,,1073,4677,77.05794312593542,3604
väänlema,,36,157,77.07006369426752,121
asendama,,1562,6813,77.0732423308381,5251
rentima,,472,2059,77.07625060709083,1587
istuma,kõrvale,11,48,77.08333333333334,37
kabistama,,11,48,77.08333333333334,37
kihutama,sisse,11,48,77.08333333333334,37
hoiduma,kõrvale,30,131,77.09923664122137,101
lekitama,,60,262,77.09923664122137,202
tooma,välja,1435,6267,77.10228179352163,4832
kätkema,,264,1153,77.10320901994795,889
sisustama,,215,939,77.10330138445154,724
elistama,,19,83,77.10843373493977,64
uudistama,,95,415,77.10843373493977,320
tooma,kaasa,3694,16139,77.1113451886734,12445
lähtuma,,2645,11556,77.11145725164417,8911
päästma,,1918,8380,77.11217183770883,6462
avaldama,,9133,39908,77.11486418763155,30775
vankuma,,27,118,77.11864406779661,91
kaeblema,,35,153,77.12418300653596,118
hüvitama,,378,1653,77.13248638838476,1275
otsima,taga,222,971,77.13697219361482,749
kasutama,kokku,16,70,77.14285714285715,54
osalema,peale,8,35,77.14285714285715,27
tegema,"ringi, peale",16,70,77.14285714285715,54
vinnastama,,8,35,77.14285714285715,27
käivitama,,761,3330,77.14714714714714,2569
lõkerdama,,29,127,77.16535433070865,98
reinstallima,,21,92,77.17391304347827,71
koguma,,5081,22266,77.18045450462589,17185
kantima,,47,206,77.18446601941747,159
viibima,koht,13,57,77.19298245614034,44
jooksma,"eest, ära",18,79,77.21518987341773,61
vabandama,,1760,7725,77.2168284789644,5965
pantima,,64,281,77.22419928825623,217
käendama,,23,101,77.22772277227723,78
hankima,,760,3339,77.2386942198263,2579
arendama,välja,94,413,77.23970944309927,319
andma,kaasa,134,589,77.24957555178268,455
minema,ümber,121,532,77.25563909774436,411
remontima,,221,972,77.2633744855967,751
keelduma,,4471,19666,77.26533102817045,15195
ebaõnnestuma,,1139,5010,77.26546906187625,3871
aitama,läbi,5,22,77.27272727272727,17
dekodeerima,,5,22,77.27272727272727,17
hakkama,alles,5,22,77.27272727272727,17
helkima,vastu,5,22,77.27272727272727,17
inkorporeerima,,5,22,77.27272727272727,17
kallima,,5,22,77.27272727272727,17
kihutama,"välja, vastu",5,22,77.27272727272727,17
kiskuma,eemale,5,22,77.27272727272727,17
klõpsuma,,10,44,77.27272727272727,34
kolksatama,kinni,5,22,77.27272727272727,17
küütlema,,10,44,77.27272727272727,34
leiduma,kokku,5,22,77.27272727272727,17
lõikama,lõhki,5,22,77.27272727272727,17
newsima,,5,22,77.27272727272727,17
noppima,üles,15,66,77.27272727272727,51
selgitama,lahti,5,22,77.27272727272727,17
sigitama,,30,132,77.27272727272727,102
sulatama,üles,10,44,77.27272727272727,34
sõitma,lahti,5,22,77.27272727272727,17
uhtuma,,75,330,77.27272727272727,255
valetama,ära,5,22,77.27272727272727,17
võtma,koos,5,22,77.27272727272727,17
yletama,,5,22,77.27272727272727,17
olema,päri,57,251,77.29083665338645,194
globaliseeruma,,27,119,77.31092436974791,92
tagurdama,,49,216,77.31481481481481,167
uskuma,,17458,76958,77.31489903583773,59500
värbama,,209,922,77.33188720173536,713
sugereerima,,17,75,77.33333333333333,58
simuleerima,,29,128,77.34375,99
ilutsema,,287,1267,77.34806629834254,980
jätma,läbi,12,53,77.35849056603774,41
kõverdama,,24,106,77.35849056603774,82
laperdama,,24,106,77.35849056603774,82
seletama,edasi,12,53,77.35849056603774,41
võidma,,12,53,77.35849056603774,41
protestima,,512,2264,77.3851590106007,1752
rüüstama,,128,566,77.3851590106007,438
kantseldama,,40,177,77.40112994350282,137
keelama,,2042,9041,77.41400287578809,6999
denonsseerima,,7,31,77.41935483870968,24
hüppama,eemale,7,31,77.41935483870968,24
inhibeerima,,7,31,77.41935483870968,24
kastma,sisse,7,31,77.41935483870968,24
nähvama,vastu,7,31,77.41935483870968,24
oksendama,täis,7,31,77.41935483870968,24
põhjustama,kokku,7,31,77.41935483870968,24
sõitma,kaasas,7,31,77.41935483870968,24
taaskäivitama,,7,31,77.41935483870968,24
toimetama,tagasi,14,62,77.41935483870968,48
tõstma,kokku,7,31,77.41935483870968,24
upitama,välja,7,31,77.41935483870968,24
vilksatama,mööda,7,31,77.41935483870968,24
ütlema,peale,7,31,77.41935483870968,24
hullutama,,81,359,77.43732590529248,278
panema,välja,525,2328,77.44845360824742,1803
krediteerima,,16,71,77.46478873239437,55
lõdisema,,43,191,77.4869109947644,148
asuma,ümber,27,120,77.5,93
kündma,üles,9,40,77.5,31
mehistuma,,9,40,77.5,31
pommitama,puruks,9,40,77.5,31
sammuma,välja,9,40,77.5,31
punuma,,65,289,77.50865051903114,224
looklema,,94,418,77.51196172248804,324
meilima,,49,218,77.52293577981652,169
hüüdma,järele,20,89,77.52808988764045,69
pidama,püsti,20,89,77.52808988764045,69
kuldama,,22,98,77.55102040816327,76
resideeruma,,22,98,77.55102040816327,76
looma,,6422,28617,77.5587937240102,22195
tõhustama,,81,361,77.5623268698061,280
seadma,,3847,17146,77.56328006532136,13299
lõõtsutama,,24,107,77.57009345794393,83
reguleerima,,1200,5350,77.57009345794393,4150
uputama,,207,923,77.57313109425785,716
kutsuma,üles,794,3541,77.57695566224231,2747
armistuma,,13,58,77.58620689655173,45
muukima,lahti,26,116,77.58620689655173,90
toitlustama,,13,58,77.58620689655173,45
viitama,,4497,20065,77.58783952155494,15568
vestma,,108,482,77.59336099585063,374
kirendama,,30,134,77.61194029850746,104
pehkima,,45,201,77.61194029850746,156
lapsendama,,49,219,77.6255707762557,170
astuma,juurde,34,152,77.63157894736842,118
õlitama,,17,76,77.63157894736842,59
näitama,,21399,95743,77.64954095860794,74344
lükkama,kokku,21,94,77.6595744680851,73
põiklema,,21,94,77.6595744680851,73
renoveerima,,84,376,77.6595744680851,292
tasakaalustama,,172,770,77.66233766233766,598
lukustama,,88,394,77.66497461928934,306
piiluma,välja,23,103,77.66990291262135,80
raputama,maha,23,103,77.66990291262135,80
hoidma,püsti,48,215,77.67441860465117,167
naerma,,3531,15817,77.67591831573624,12286
näitama,kätte,29,130,77.6923076923077,101
õngitsema,välja,29,130,77.6923076923077,101
konstrueerima,,93,417,77.6978417266187,324
tõrjuma,kõrvale,35,157,77.70700636942675,122
korrastama,,234,1050,77.71428571428571,816
ladestuma,,67,301,77.74086378737542,234
kujutama,,2915,13096,77.74129505192425,10181
juhinduma,,198,890,77.75280898876404,692
sügama,,113,508,77.75590551181102,395
kutsuma,esile,583,2622,77.76506483600305,2039
ajama,koos,2,9,77.77777777777779,7
algama,tagasi,8,36,77.77777777777779,28
askeldama,ümber,2,9,77.77777777777779,7
auhindama,,8,36,77.77777777777779,28
avaldama,tagasi,2,9,77.77777777777779,7
avanema,alles,2,9,77.77777777777779,7
boldima,,2,9,77.77777777777779,7
ehitama,alla,2,9,77.77777777777779,7
ehmatama,välja,2,9,77.77777777777779,7
elama,lahus,4,18,77.77777777777779,14
esinema,ära,2,9,77.77777777777779,7
floodima,,8,36,77.77777777777779,28
flootima,,8,36,77.77777777777779,28
googlema,,2,9,77.77777777777779,7
grupeeruma,,6,27,77.77777777777779,21
hoidma,valmis,6,27,77.77777777777779,21
hoochima,,2,9,77.77777777777779,7
huikama,,18,81,77.77777777777779,63
hutuma,,4,18,77.77777777777779,14
hyppama,alla,2,9,77.77777777777779,7
hällitama,,2,9,77.77777777777779,7
hõõgama,,2,9,77.77777777777779,7
illumineerima,,2,9,77.77777777777779,7
irrutama,,2,9,77.77777777777779,7
jaotuma,laiali,2,9,77.77777777777779,7
juhhhtuma,,2,9,77.77777777777779,7
juhtima,peale,4,18,77.77777777777779,14
juurima,,4,18,77.77777777777779,14
jääma,ees,2,9,77.77777777777779,7
jääma,vastu,18,81,77.77777777777779,63
jõudma,kaasa,2,9,77.77777777777779,7
jõudma,lahti,2,9,77.77777777777779,7
kalestama,,2,9,77.77777777777779,7
kamandama,ära,2,9,77.77777777777779,7
kangestama,,2,9,77.77777777777779,7
kannustama,tagant,8,36,77.77777777777779,28
kaotama,läbi,8,36,77.77777777777779,28
kaotama,välja,2,9,77.77777777777779,7
karjuma,peale,8,36,77.77777777777779,28
keema,edasi,2,9,77.77777777777779,7
kiirustama,mööda,2,9,77.77777777777779,7
kiitma,takka,26,117,77.77777777777779,91
kilksuma,,2,9,77.77777777777779,7
kinnitama,alla,2,9,77.77777777777779,7
kinnituma,külge,2,9,77.77777777777779,7
kippuma,üle,2,9,77.77777777777779,7
kiskuma,lõhki,2,9,77.77777777777779,7
klõpsama,kinni,4,18,77.77777777777779,14
kohtuma,kokku,2,9,77.77777777777779,7
konkureerima,kokku,2,9,77.77777777777779,7
konverteerima,,14,63,77.77777777777779,49
koperdama,ees,2,9,77.77777777777779,7
korduma,peale,2,9,77.77777777777779,7
kosima,ära,2,9,77.77777777777779,7
kuivatama,kokku,2,9,77.77777777777779,7
kukkuma,"eest, ära",4,18,77.77777777777779,14
kulgema,üle,2,9,77.77777777777779,7
kutsuma,kinni,2,9,77.77777777777779,7
kuulama,kokku,2,9,77.77777777777779,7
kägistama,ära,10,45,77.77777777777779,35
käima,"tagasi, välja",2,9,77.77777777777779,7
kängitsema,,4,18,77.77777777777779,14
käsnuma,,2,9,77.77777777777779,7
kõikuma,kaasa,2,9,77.77777777777779,7
kõõrdima,,2,9,77.77777777777779,7
küllastuma,üle,2,9,77.77777777777779,7
külvama,täis,4,18,77.77777777777779,14
lammutama,maha,14,63,77.77777777777779,49
lendama,kinni,4,18,77.77777777777779,14
libistama,ära,2,9,77.77777777777779,7
limpsima,ära,2,9,77.77777777777779,7
lippama,järele,2,9,77.77777777777779,7
liuglema,alla,2,9,77.77777777777779,7
loopima,vastu,2,9,77.77777777777779,7
lootma,juurde,4,18,77.77777777777779,14
loputama,ära,2,9,77.77777777777779,7
lubama,üle,2,9,77.77777777777779,7
lödistama,,2,9,77.77777777777779,7
lörisema,,2,9,77.77777777777779,7
lööbima,,8,36,77.77777777777779,28
meedima,,2,9,77.77777777777779,7
muutma,ringi,2,9,77.77777777777779,7
mängima,mööda,10,45,77.77777777777779,35
nimetama,peale,2,9,77.77777777777779,7
nuhutama,,8,36,77.77777777777779,28
nuuskima,läbi,2,9,77.77777777777779,7
nuuxuma,,2,9,77.77777777777779,7
nägema,lahti,2,9,77.77777777777779,7
nõiduma,välja,2,9,77.77777777777779,7
nõrguma,alla,2,9,77.77777777777779,7
nõudma,kohale,2,9,77.77777777777779,7
olema,kõrvale,2,9,77.77777777777779,7
omama,alla,2,9,77.77777777777779,7
omandama,kokku,4,18,77.77777777777779,14
omastama,kokku,2,9,77.77777777777779,7
ootama,kokku,10,45,77.77777777777779,35
ootama,välja,6,27,77.77777777777779,21
ostsima,,2,9,77.77777777777779,7
pabistama,ära,6,27,77.77777777777779,21
paiskuma,maha,6,27,77.77777777777779,21
paluma,järele,2,9,77.77777777777779,7
panema,eest,2,9,77.77777777777779,7
piisama,välja,2,9,77.77777777777779,7
pilduma,maha,2,9,77.77777777777779,7
plokkima,,6,27,77.77777777777779,21
plõnnima,,4,18,77.77777777777779,14
poetuma,välja,2,9,77.77777777777779,7
prantsatama,kinni,2,9,77.77777777777779,7
pressima,edasi,4,18,77.77777777777779,14
projekteeruma,,2,9,77.77777777777779,7
puuduma,vastu,2,9,77.77777777777779,7
põgenema,edasi,2,9,77.77777777777779,7
põrutama,tagant,2,9,77.77777777777779,7
põrutama,üle,2,9,77.77777777777779,7
rebisnohisema,,2,9,77.77777777777779,7
registeerima,,2,9,77.77777777777779,7
rihtima,ära,2,9,77.77777777777779,7
riietuma,ümber,6,27,77.77777777777779,21
rikkuma,"ära, ära",2,9,77.77777777777779,7
rituma,,2,9,77.77777777777779,7
rollima,,2,9,77.77777777777779,7
rääsuma,,10,45,77.77777777777779,35
saama,kallale,2,9,77.77777777777779,7
saama,tagant,2,9,77.77777777777779,7
sadestuma,välja,2,9,77.77777777777779,7
seerima,,4,18,77.77777777777779,14
sikutama,edasi,2,9,77.77777777777779,7
sirutuma,vastu,2,9,77.77777777777779,7
sisaldama,alla,4,18,77.77777777777779,14
skautima,,2,9,77.77777777777779,7
sundima,takka,4,18,77.77777777777779,14
suunduma,juurde,2,9,77.77777777777779,7
suurustlema,,2,9,77.77777777777779,7
sõitlema,,14,63,77.77777777777779,49
söitnuma,,4,18,77.77777777777779,14
sööstma,otsa,2,9,77.77777777777779,7
sündinud-kasvama,,2,9,77.77777777777779,7
taasliituma,,4,18,77.77777777777779,14
taguma,vastu,8,36,77.77777777777779,28
takistama,edasi,2,9,77.77777777777779,7
tallama,puruks,2,9,77.77777777777779,7
tantsima,koos,10,45,77.77777777777779,35
tantsima,ringi,2,9,77.77777777777779,7
tasuma,tagasi,2,9,77.77777777777779,7
teedkallama,,2,9,77.77777777777779,7
tekitama,tagasi,2,9,77.77777777777779,7
teleportima,,4,18,77.77777777777779,14
teretama,vastu,2,9,77.77777777777779,7
toinuma,,2,9,77.77777777777779,7
tokerdama,,2,9,77.77777777777779,7
tonksima,,2,9,77.77777777777779,7
tooma,käibele,2,9,77.77777777777779,7
tormama,ringi,20,90,77.77777777777779,70
toxima,,2,9,77.77777777777779,7
troublema,,2,9,77.77777777777779,7
trükkima,peale,2,9,77.77777777777779,7
tulistama,välja,16,72,77.77777777777779,56
tuvustama,,2,9,77.77777777777779,7
tykima,,2,9,77.77777777777779,7
tähendama,sisse,2,9,77.77777777777779,7
täpsustama,tarvis,2,9,77.77777777777779,7
tõttama,ligi,2,9,77.77777777777779,7
tšekkima,,4,18,77.77777777777779,14
ulatuma,üle,10,45,77.77777777777779,35
ulnuma,,2,9,77.77777777777779,7
vaatama,all,2,9,77.77777777777779,7
vaatama,lahti,6,27,77.77777777777779,21
vaatama,pärast,2,9,77.77777777777779,7
vahetama,"välja, vastu",2,9,77.77777777777779,7
vahtima,läbi,2,9,77.77777777777779,7
vajama,ette,2,9,77.77777777777779,7
valama,juurde,20,90,77.77777777777779,70
valguma,täis,14,63,77.77777777777779,49
venitama,täis,2,9,77.77777777777779,7
viiksatama,,2,9,77.77777777777779,7
viskama,läbi,2,9,77.77777777777779,7
viskuma,järele,2,9,77.77777777777779,7
vuntsima,,4,18,77.77777777777779,14
võimaldama,välja,2,9,77.77777777777779,7
võitima,,4,18,77.77777777777779,14
webima,,4,18,77.77777777777779,14
yhendama,,4,18,77.77777777777779,14
õnnestuma,läbi,2,9,77.77777777777779,7
õpima,,2,9,77.77777777777779,7
ühima,,2,9,77.77777777777779,7
ühmama,vastu,2,9,77.77777777777779,7
ümmardama,,6,27,77.77777777777779,21
laotama,,79,356,77.80898876404494,277
kindlustama,,1492,6727,77.82072246172143,5235
stimuleerima,,161,726,77.8236914600551,565
pakkuma,välja,1453,6553,77.82694948878375,5100
peatama,,1472,6639,77.82798614249134,5167
vallutama,,703,3171,77.83033743298644,2468
paksenema,,35,158,77.84810126582279,123
aitama,üle,29,131,77.86259541984732,102
teotama,,25,113,77.87610619469027,88
külvama,üle,21,95,77.89473684210526,74
alajahtuma,,19,86,77.90697674418605,67
kauplema,välja,38,172,77.90697674418605,134
lööma,puruks,38,172,77.90697674418605,134
tihendama,,74,335,77.91044776119404,261
jätma,eemale,17,77,77.92207792207793,60
vallandama,,734,3326,77.93144918821407,2592
kõrvaldama,,355,1609,77.93660658794282,1254
rivistama,,15,68,77.94117647058823,53
kärkima,,28,127,77.95275590551181,99
õilistama,,28,127,77.95275590551181,99
tooma,kohale,134,608,77.96052631578947,474
esitama,,14742,66906,77.96610169491525,52164
paiskama,laiali,13,59,77.96610169491525,46
siunama,,52,236,77.96610169491525,184
igavlema,,128,581,77.96901893287436,453
valima,välja,861,3909,77.97390636991558,3048
lahkama,,219,995,77.98994974874371,776
ahhetama,,79,359,77.99442896935933,280
nähvama,,91,414,78.01932367149759,323
konstateerima,,138,628,78.02547770700637,490
apelleerima,,58,264,78.03030303030303,206
imiteerima,,92,419,78.04295942720763,327
koolitama,välja,27,123,78.04878048780488,96
paljanduma,,9,41,78.04878048780488,32
tahtma,kaasa,9,41,78.04878048780488,32
veerema,maha,9,41,78.04878048780488,32
eraldama,,1411,6435,78.07303807303808,5024
hammustama,ära,16,73,78.08219178082192,57
lirtsuma,,16,73,78.08219178082192,57
halvama,,97,443,78.1038374717833,346
tegema,kaasa,1313,5999,78.11301883647275,4686
vabastama,,1455,6648,78.11371841155234,5193
kahmama,,65,297,78.11447811447812,232
külvama,,319,1458,78.12071330589849,1139
evakueeruma,,14,64,78.125,50
hääletama,vastu,98,448,78.125,350
kahlama,,14,64,78.125,50
keetma,ära,7,32,78.125,25
leitsima,,7,32,78.125,25
olema,"kokku, vaja",14,64,78.125,50
omama,kokku,7,32,78.125,25
yprima,,7,32,78.125,25
pääsema,edasi,365,1669,78.13061713600959,1304
liginema,,66,302,78.1456953642384,236
hõikuma,,26,119,78.15126050420169,93
tõkestama,,140,641,78.1591263650546,501
sõlmima,,3342,15302,78.15971768396288,11960
meelitama,ära,19,87,78.16091954022988,68
surmama,,57,261,78.16091954022988,204
saastuma,,119,545,78.1651376146789,426
lohutama,,531,2433,78.1750924784217,1902
kolletuma,,12,55,78.18181818181819,43
kriimustama,,24,110,78.18181818181819,86
lükkama,tagant,12,55,78.18181818181819,43
pummeldama,,12,55,78.18181818181819,43
põhjama,,12,55,78.18181818181819,43
laulma,kaasa,140,642,78.19314641744548,502
eemaldama,,454,2083,78.20451272203553,1629
sillutama,,85,390,78.2051282051282,305
ahnitsema,,10,46,78.26086956521739,36
ahvima,järele,5,23,78.26086956521739,18
alavääristama,,35,161,78.26086956521739,126
joobuma,,15,69,78.26086956521739,54
jubima,,5,23,78.26086956521739,18
juhtuma,vastu,10,46,78.26086956521739,36
pleegitama,,10,46,78.26086956521739,36
pleekima,,30,138,78.26086956521739,108
põetama,,15,69,78.26086956521739,54
reinvesteerima,,5,23,78.26086956521739,18
siduma,kokku,25,115,78.26086956521739,90
siduma,külge,5,23,78.26086956521739,18
siduma,lahti,10,46,78.26086956521739,36
taasavama,,15,69,78.26086956521739,54
taassündima,,10,46,78.26086956521739,36
tolmutama,,5,23,78.26086956521739,18
tooma,vastu,5,23,78.26086956521739,18
trahvima,kokku,5,23,78.26086956521739,18
uppuma,sisse,5,23,78.26086956521739,18
hõivama,,587,2701,78.26730840429471,2114
hauduma,,151,695,78.27338129496403,544
hõlbustama,,204,939,78.27476038338658,735
lööma,lahku,58,267,78.27715355805243,209
heldima,,48,221,78.28054298642535,173
pidama,üle,18,83,78.3132530120482,65
põletama,maha,57,263,78.32699619771863,206
registreeruma,,241,1112,78.32733812949641,871
nakatuma,,521,2404,78.32778702163061,1883
astuma,üles,944,4356,78.32874196510559,3412
iseloomustama,,2684,12386,78.3303730017762,9702
kuduma,,148,683,78.33089311859443,535
kelgutama,,13,60,78.33333333333333,47
lõtvuma,,39,180,78.33333333333333,141
soodustama,,1082,4994,78.33400080096115,3912
kiusama,taga,29,134,78.35820895522389,105
toetama,kokku,29,134,78.35820895522389,105
õhutama,,396,1830,78.36065573770492,1434
auditeerima,,40,185,78.37837837837837,145
keelama,alla,8,37,78.37837837837837,29
moodustama,üle,16,74,78.37837837837837,58
rebestama,,48,222,78.37837837837837,174
sõltuma,edasi,8,37,78.37837837837837,29
kollektsioneerima,,19,88,78.4090909090909,69
lõpetama,,9930,46006,78.41585880102595,36076
purunema,,934,4328,78.4195933456562,3394
pahandama,,812,3763,78.42147222960403,2951
määrama,,4724,21896,78.42528315674096,17172
lehvitama,vastu,11,51,78.43137254901961,40
rändama,sisse,11,51,78.43137254901961,40
päädima,,139,645,78.44961240310077,506
söötma,sisse,14,65,78.46153846153847,51
lämmatama,,96,446,78.47533632286996,350
mugima,,20,93,78.49462365591397,73
soovitama,,8581,39902,78.49481229011077,31321
sõitma,kokku,101,470,78.51063829787233,369
matma,,453,2110,78.53080568720378,1657
soovima,,19340,90141,78.54472437625498,70801
taunima,,352,1642,78.56272838002437,1290
asuma,kokku,9,42,78.57142857142857,33
harmoniseerima,,6,28,78.57142857142857,22
juhtuma,välja,3,14,78.57142857142857,11
jätma,kätte,3,14,78.57142857142857,11
kasutama,vastu,3,14,78.57142857142857,11
katrima,,3,14,78.57142857142857,11
kituma,ära,3,14,78.57142857142857,11
kukkuma,edasi,3,14,78.57142857142857,11
kääritama,,3,14,78.57142857142857,11
lohistama,eemale,3,14,78.57142857142857,11
lonkima,tagasi,3,14,78.57142857142857,11
lugema,koos,3,14,78.57142857142857,11
mattuma,alla,3,14,78.57142857142857,11
moodustama,välja,3,14,78.57142857142857,11
mööduma,ilma,3,14,78.57142857142857,11
noppima,kokku,3,14,78.57142857142857,11
nüristuma,,6,28,78.57142857142857,22
olema,kõrini,6,28,78.57142857142857,22
ootama,alles,3,14,78.57142857142857,11
ootama,vastu,3,14,78.57142857142857,11
opereerima,kokku,3,14,78.57142857142857,11
pakendama,,18,84,78.57142857142857,66
positsioneeruma,,3,14,78.57142857142857,11
pärima,vastu,9,42,78.57142857142857,33
sarnastama,,3,14,78.57142857142857,11
savuma,,3,14,78.57142857142857,11
selekteeruma,,3,14,78.57142857142857,11
sirendama,,3,14,78.57142857142857,11
sositama,,9,42,78.57142857142857,33
suhkrustuma,,3,14,78.57142857142857,11
suruma,üles,6,28,78.57142857142857,22
taaselustuma,,12,56,78.57142857142857,44
taaskinnitama,,3,14,78.57142857142857,11
tassima,kokku,9,42,78.57142857142857,33
teatama,välja,3,14,78.57142857142857,11
tundlema,,3,14,78.57142857142857,11
tylitsema,,3,14,78.57142857142857,11
tõttama,järele,3,14,78.57142857142857,11
uhtuma,välja,9,42,78.57142857142857,33
uperpallitama,,3,14,78.57142857142857,11
v6imaldama,,3,14,78.57142857142857,11
valama,tagasi,3,14,78.57142857142857,11
valima,kokku,3,14,78.57142857142857,11
veerema,ette,3,14,78.57142857142857,11
veeretama,välja,3,14,78.57142857142857,11
vilama,,15,70,78.57142857142857,55
volksama,välja,3,14,78.57142857142857,11
äiutama,,3,14,78.57142857142857,11
äkkima,,3,14,78.57142857142857,11
üxima,,3,14,78.57142857142857,11
kuulutama,välja,1476,6892,78.58386535113175,5416
juhtuma,edasi,43,201,78.60696517412936,158
stabiliseerima,,31,145,78.62068965517241,114
sundima,tagant,25,117,78.63247863247864,92
heegeldama,,22,103,78.64077669902912,81
keerduma,,22,103,78.64077669902912,81
tasandama,,63,295,78.64406779661017,232
kogunema,ette,16,75,78.66666666666666,59
lepitama,,32,150,78.66666666666666,118
liikuma,vastu,13,61,78.68852459016394,48
võrdsustama,,82,385,78.70129870129871,303
kodeerima,,23,108,78.70370370370371,85
karjuma,ära,10,47,78.72340425531915,37
läkastama,,10,47,78.72340425531915,37
punama,,20,94,78.72340425531915,74
sämplima,,20,94,78.72340425531915,74
vanuma,,10,47,78.72340425531915,37
pidama,vaja,17,80,78.75,63
tassima,välja,17,80,78.75,63
kavandama,,1218,5733,78.75457875457876,4515
garanteerima,,516,2429,78.75668999588308,1913
vaagima,,216,1017,78.76106194690266,801
uhkeldama,,76,358,78.77094972067039,282
keelustama,,227,1070,78.78504672897196,843
amputeerima,,7,33,78.78787878787878,26
dekoreerima,,7,33,78.78787878787878,26
kiirustama,edasi,7,33,78.78787878787878,26
kuuluma,üle,7,33,78.78787878787878,26
kühveldama,kokku,7,33,78.78787878787878,26
laotama,maha,7,33,78.78787878787878,26
limpsama,,28,132,78.78787878787878,104
projitseerima,,21,99,78.78787878787878,78
saagima,läbi,7,33,78.78787878787878,26
ütlema,läbi,7,33,78.78787878787878,26
õpetama,,2616,12340,78.80064829821718,9724
pajatama,,464,2189,78.8031064412974,1725
arvama,ära,202,953,78.80377754459602,751
üürima,,273,1288,78.80434782608695,1015
püüdma,,13631,64320,78.8075248756219,50689
tunnustama,,1088,5134,78.80794701986756,4046
vedama,kihla,25,118,78.8135593220339,93
kukkuma,puruks,18,85,78.82352941176471,67
nähtuma,ette,896,4233,78.83297897472242,3337
õngitsema,,40,189,78.83597883597884,149
nurjuma,,230,1087,78.84084636614536,857
akrediteerima,,11,52,78.84615384615384,41
kätlema,,33,156,78.84615384615384,123
pärgama,,11,52,78.84615384615384,41
veiklema,,11,52,78.84615384615384,41
rõhutama,,4825,22812,78.8488514816763,17987
kehastuma,,134,634,78.86435331230284,500
rebima,puruks,34,161,78.88198757763976,127
hoiustama,,19,90,78.88888888888889,71
tõmbama,lahti,76,360,78.88888888888889,284
möirgama,,77,365,78.9041095890411,288
kivistuma,,70,332,78.91566265060241,262
boikottima,,4,19,78.94736842105263,15
habisema,,4,19,78.94736842105263,15
heljuma,,24,114,78.94736842105263,90
instseneerima,,4,19,78.94736842105263,15
kaduma,alla,4,19,78.94736842105263,15
konserveerima,,16,76,78.94736842105263,60
kulgema,mööda,8,38,78.94736842105263,30
kõmisema,vastu,4,19,78.94736842105263,15
liigatama,,4,19,78.94736842105263,15
munitsipaliseerima,,4,19,78.94736842105263,15
mürtsatama,,4,19,78.94736842105263,15
näuguma,,20,95,78.94736842105263,75
patroneerima,,4,19,78.94736842105263,15
pritsima,laiali,4,19,78.94736842105263,15
põrmustuma,,4,19,78.94736842105263,15
saatma,kaasa,4,19,78.94736842105263,15
selitama,,4,19,78.94736842105263,15
seondama,,4,19,78.94736842105263,15
siirma,,4,19,78.94736842105263,15
sortima,,8,38,78.94736842105263,30
toetama,välja,4,19,78.94736842105263,15
tuulduma,,4,19,78.94736842105263,15
valguma,alla,4,19,78.94736842105263,15
veerema,läbi,4,19,78.94736842105263,15
küsima,vastu,117,556,78.9568345323741,439
ilmestama,,291,1383,78.95878524945769,1092
lõhkuma,,1011,4805,78.95941727367327,3794
üldistama,,49,233,78.96995708154506,184
kogelema,,41,195,78.97435897435898,154
kurseerima,,25,119,78.99159663865547,94
häbistama,,63,300,79,237
suunama,edasi,21,100,79,79
kihutama,välja,101,481,79.002079002079,380
tulema,üle,80,381,79.00262467191601,301
peetuma,,1260,6005,79.01748542880934,4745
otsima,läbi,147,701,79.0299572039943,554
tunnistama,,13776,65726,79.04025804095791,51950
taotlema,,2869,13689,79.0415662210534,10820
kruvima,lahti,9,43,79.06976744186046,34
taaskehtestama,,9,43,79.06976744186046,34
võrgutama,,45,215,79.06976744186046,170
trahvima,,155,741,79.08232118758434,586
baseeruma,,183,875,79.08571428571427,692
lõõgastama,,23,110,79.0909090909091,87
sponsoreerima,,23,110,79.0909090909091,87
kummutama,,283,1354,79.09896602658789,1071
pühendama,,566,2708,79.09896602658789,2142
stagneeruma,,28,134,79.1044776119403,106
pälvima,,2379,11399,79.12974822352838,9020
sõitma,kaasa,96,460,79.13043478260869,364
paljastama,,587,2813,79.13259864912905,2226
jumaldama,,135,647,79.13446676970634,512
väärastuma,,74,355,79.15492957746478,281
avastama,eest,5,24,79.16666666666666,19
blondeerima,,5,24,79.16666666666666,19
degradeerima,,5,24,79.16666666666666,19
hangeldama,,10,48,79.16666666666666,38
kaverdama,,5,24,79.16666666666666,19
kviteerima,,5,24,79.16666666666666,19
kädistama,,5,24,79.16666666666666,19
musitseerima,,120,576,79.16666666666666,456
olema,"vaja, kokku",5,24,79.16666666666666,19
pistma,vahele,15,72,79.16666666666666,57
plommima,,5,24,79.16666666666666,19
soprama,,5,24,79.16666666666666,19
tegelema,kokku,10,48,79.16666666666666,38
sisenema,,961,4615,79.1765980498375,3654
sorima,,56,269,79.182156133829,213
korraldama,,6139,29496,79.18700840791972,23357
piserdama,,26,125,79.2,99
trumpama,,26,125,79.2,99
tagastama,,354,1702,79.20094007050528,1348
käitlema,,16,77,79.22077922077922,61
rohima,,16,77,79.22077922077922,61
ähkima,,32,154,79.22077922077922,122
sakkima,,198,953,79.22350472193075,755
raamistama,,11,53,79.24528301886792,42
vuristama,,55,265,79.24528301886792,210
lunastama,,138,665,79.24812030075188,527
osalema,,9226,44466,79.25156299194892,35240
suitsuma,,17,82,79.26829268292683,65
neutraliseerima,,40,193,79.27461139896373,153
võtma,eest,23,111,79.27927927927928,88
loosima,,29,140,79.28571428571428,111
ristima,,209,1009,79.28642220019822,800
paigaldama,,404,1951,79.29267042542286,1547
pidama,heaks,47,227,79.29515418502203,180
kaasrahastama,,6,29,79.3103448275862,23
korraldama,kokku,6,29,79.3103448275862,23
nimetama,heaks,6,29,79.3103448275862,23
puhuma,laiali,6,29,79.3103448275862,23
rullima,kokku,6,29,79.3103448275862,23
saama,peksa,6,29,79.3103448275862,23
teatama,läbi,6,29,79.3103448275862,23
tulistama,puruks,6,29,79.3103448275862,23
võtma,ümber,6,29,79.3103448275862,23
ütlema,sisse,6,29,79.3103448275862,23
kihutama,kohale,25,121,79.33884297520662,96
tooma,võidu,70,339,79.35103244837758,269
jääma,läbi,26,126,79.36507936507937,100
vaidlustama,,589,2855,79.36952714535902,2266
ilustama,,46,223,79.37219730941703,177
arvama,,27838,135056,79.38780950124394,107218
finantseerima,,370,1796,79.39866369710468,1426
asetama,ette,7,34,79.41176470588235,27
miilama,,7,34,79.41176470588235,27
ocima,,14,68,79.41176470588235,54
paakuma,,7,34,79.41176470588235,27
sõlmima,lahti,7,34,79.41176470588235,27
kahvatama,,29,141,79.43262411347519,112
kudema,,29,141,79.43262411347519,112
ulatama,,581,2825,79.43362831858407,2244
uppuma,,938,4561,79.43433457575094,3623
sünteesima,,44,214,79.43925233644859,170
hooldama,,186,905,79.4475138121547,719
rookima,,30,146,79.45205479452055,116
kutsuma,kokku,398,1938,79.46336429308566,1540
kandma,kokku,23,112,79.46428571428571,89
looma,puruks,23,112,79.46428571428571,89
kutsuma,kaasa,78,380,79.47368421052632,302
alistama,,3351,16327,79.47571507319165,12976
erastama,,279,1360,79.48529411764706,1081
ennistama,,48,234,79.48717948717949,186
kaebama,ära,8,39,79.48717948717949,31
möiratama,,8,39,79.48717948717949,31
paiskuma,lahti,8,39,79.48717948717949,31
puistama,laiali,8,39,79.48717948717949,31
päranduma,,8,39,79.48717948717949,31
edendama,,169,824,79.49029126213593,655
jäädvustama,,228,1113,79.51482479784366,885
kaebama,,1085,5297,79.51670757032282,4212
jooma,peale,17,83,79.51807228915662,66
hoidma,ära,298,1455,79.51890034364261,1157
jooksma,järele,70,342,79.53216374269006,272
elustama,,88,430,79.53488372093022,342
akumuleerima,,9,44,79.54545454545455,35
kihutama,tagant,9,44,79.54545454545455,35
läbima,ringi,18,88,79.54545454545455,70
taasalustama,,18,88,79.54545454545455,70
toonitama,,1008,4930,79.55375253549695,3922
küllastuma,,84,411,79.56204379562044,327
pressima,,426,2085,79.56834532374101,1659
tuginema,,767,3757,79.58477508650519,2990
hoiatama,,2389,11705,79.58991883810339,9316
resigneeruma,,10,49,79.59183673469387,39
tekkima,kokku,10,49,79.59183673469387,39
krahmama,,21,103,79.6116504854369,82
nurjama,,158,775,79.61290322580645,617
viima,kaasa,230,1129,79.62798937112488,899
teravmeelitsema,,11,54,79.62962962962963,43
tagama,võidu,12,59,79.66101694915254,47
patenteerima,,28,138,79.71014492753623,110
puhkima,,14,69,79.71014492753623,55
võidutsema,,280,1381,79.72483707458363,1101
näpsama,,15,74,79.72972972972973,59
valguma,välja,15,74,79.72972972972973,59
plaanima,,2155,10633,79.73290698767987,8478
normaliseerima,,16,79,79.74683544303798,63
edastama,,1885,9317,79.76816571857894,7432
kasima,,53,262,79.77099236641222,209
huligaanitsema,,18,89,79.7752808988764,71
hööritama,,18,89,79.7752808988764,71
esindama,,3058,15129,79.78716372529578,12071
assisteerima,,44,218,79.81651376146789,174
minema,ees,22,109,79.81651376146789,87
ampsama,,24,119,79.83193277310924,95
tõstma,maha,24,119,79.83193277310924,95
läbistama,,56,278,79.85611510791367,222
rajama,,863,4287,79.86937252157686,3424
investeerima,kokku,31,154,79.87012987012987,123
ühtlustama,,64,318,79.87421383647799,254
võõrandama,,67,333,79.87987987987988,266
kukkuma,peale,34,169,79.88165680473372,135
rüvetama,,34,169,79.88165680473372,135
valgustuma,,34,169,79.88165680473372,135
ulatuma,tagasi,37,184,79.8913043478261,147
lootma,,12982,64745,79.9490308131902,51763
ähvardama,,3402,16968,79.95049504950495,13566
organiseerima,,474,2365,79.95771670190275,1891
Rebelanduma,,2,10,80,8
aborteeruma,,1,5,80,4
admima,,1,5,80,4
aitama,eemale,1,5,80,4
aitama,sisse,4,20,80,16
aitama,valmis,2,10,80,8
ajama,takka,1,5,80,4
algatama,tagasi,1,5,80,4
allkirjastama,alla,1,5,80,4
alluma,kokku,1,5,80,4
alpinema,,1,5,80,4
anaalima,,1,5,80,4
andma,pealt,1,5,80,4
andma,tagant,1,5,80,4
annetama,kokku,5,25,80,20
appelleerima,,1,5,80,4
argumenteerima,vastu,1,5,80,4
arvama,ilma,1,5,80,4
arvama,valmis,1,5,80,4
asetama,ümber,1,5,80,4
asjastuma,,2,10,80,8
asmima,,1,5,80,4
aurustama,ära,1,5,80,4
avalikustama,tagasi,1,5,80,4
avama,alles,1,5,80,4
avama,vastu,1,5,80,4
avanema,vaja,1,5,80,4
boxima,,2,10,80,8
circlema,,1,5,80,4
cookiemagama,,1,5,80,4
deklareerima,kokku,3,15,80,12
deklasseeruma,,1,5,80,4
demokratiseerima,,1,5,80,4
demotiveerima,,1,5,80,4
donema,,1,5,80,4
driimima,,1,5,80,4
duelleerima,,4,20,80,16
eeldama,peale,1,5,80,4
ekshibitsioneerima,,1,5,80,4
ennsutama,,1,5,80,4
erinema,välja,1,5,80,4
ferruma,,1,5,80,4
fikseerima,võidu,1,5,80,4
finisheeruma,,3,15,80,12
genuma,,1,5,80,4
hailaitima,,2,10,80,8
hakkama,maha,2,10,80,8
halluma,,1,5,80,4
heitma,täis,1,5,80,4
hilinema,edasi,1,5,80,4
hinguma,,1,5,80,4
hittima,,2,10,80,8
hoidma,eemal,9,45,80,36
hoidma,kohal,1,5,80,4
hoidma,käigus,1,5,80,4
hostima,,1,5,80,4
hämardama,,1,5,80,4
hävitama,üle,1,5,80,4
hüppama,otsa,3,15,80,12
igavlema,ära,1,5,80,4
ikima,,1,5,80,4
ilmuma,all,1,5,80,4
ilmuma,alles,2,10,80,8
ilmuma,järele,1,5,80,4
imema,kokku,1,5,80,4
imema,läbi,1,5,80,4
imestlema,,1,5,80,4
inaktiveerima,,1,5,80,4
inaktiveeruma,,1,5,80,4
infiltreeruma,,1,5,80,4
investeerima,välja,1,5,80,4
irjutama,,1,5,80,4
istuma,eemale,2,10,80,8
istuma,üle,1,5,80,4
istutama,tagasi,3,15,80,12
istutama,ümber,4,20,80,16
ituma,,2,10,80,8
ixuma,,1,5,80,4
jagama,pärast,1,5,80,4
jaksama,edasi,1,5,80,4
jalutama,kinni,2,10,80,8
jammima,,1,5,80,4
jaotama,välja,1,5,80,4
jobutama,,1,5,80,4
jooksma,ligi,4,20,80,16
jooma,purju,2,10,80,8
joonistama,edasi,1,5,80,4
joonistama,kõrvale,1,5,80,4
joonistama,ümber,2,10,80,8
juhtima,ringi,1,5,80,4
juhtuma,ees,1,5,80,4
juhtuma,kohal,1,5,80,4
julgustama,välja,1,5,80,4
jumpsima,,2,10,80,8
juurima,üles,1,5,80,4
jändama,ära,1,5,80,4
jätkama,üle,1,5,80,4
jätkuma,üle,2,10,80,8
jääma,"edasi, üle",1,5,80,4
jääma,"ilma, kokku",1,5,80,4
jääma,kaasa,4,20,80,16
jääma,"kokku, ilma",1,5,80,4
jääma,kõrvalt,1,5,80,4
jõuluma,,1,5,80,4
jörisema,,1,5,80,4
kaapima,kokku,1,5,80,4
kaasnema,kokku,1,5,80,4
kabima,,1,5,80,4
kaebama,üles,2,10,80,8
kahmima,,3,15,80,12
kaitsma,kokku,1,5,80,4
kallutama,maha,1,5,80,4
kamandama,tagasi,1,5,80,4
kammima,lahti,1,5,80,4
kandideerima,tagasi,2,10,80,8
kannustama,takka,1,5,80,4
kasutama,vahel,1,5,80,4
katapulteerima,,1,5,80,4
katkestama,kokku,1,5,80,4
kaunistama,pealt,1,5,80,4
keelduma,kokku,1,5,80,4
keerama,puruks,1,5,80,4
keerama,viltu,1,5,80,4
keerduma,lahti,1,5,80,4
keerlema,sees,1,5,80,4
keevitama,otsa,1,5,80,4
kessuma,,1,5,80,4
kestma,alla,1,5,80,4
kibrutama,,5,25,80,20
kidunema,,1,5,80,4
kiirustama,järele,3,15,80,12
kinkima,tarvis,1,5,80,4
kinnatama,,1,5,80,4
kipima,,1,5,80,4
kirjaldama,,1,5,80,4
kiskuma,edasi,1,5,80,4
kiskuma,esile,1,5,80,4
kiskuma,krampi,2,10,80,8
kiskuma,laiali,3,15,80,12
kituma,,7,35,80,28
klubitama,,1,5,80,4
kobima,alla,2,10,80,8
koguma,sisse,1,5,80,4
kohtuma,alles,1,5,80,4
kohtuma,lahti,1,5,80,4
kohtuma,ringis,1,5,80,4
koloniseeruma,,1,5,80,4
komberdama,välja,2,10,80,8
kommenteerima,välja,2,10,80,8
konnima,,1,5,80,4
konstruima,,3,15,80,12
kontrollima,välja,2,10,80,8
koondama,kokku,12,60,80,48
koosnema,läbi,1,5,80,4
kordistama,,1,5,80,4
korraldama,läbi,2,10,80,8
kraamima,ära,1,5,80,4
krahmama,kaasa,1,5,80,4
krampuma,,3,15,80,12
kratsima,maha,1,5,80,4
krossitama,,1,5,80,4
krussima,,9,45,80,36
kruvima,välja,1,5,80,4
kudistama,,4,20,80,16
kujustuma,,1,5,80,4
kukkuma,"alla, lähedal",1,5,80,4
kulistama,alla,4,20,80,16
kuluma,järele,1,5,80,4
kuluma,"pealt, ära",1,5,80,4
kuluma,ringi,2,10,80,8
kusema,täis,4,20,80,16
kutsuma,ringi,1,5,80,4
kuuekordistuma,,2,10,80,8
kuulavad-vaatama,,1,5,80,4
kuulma,kokku,2,10,80,8
kuulma,tagant,1,5,80,4
kuuluma,edasi,3,15,80,12
kuulutama,"välja, kokku",1,5,80,4
kägarduma,,5,25,80,20
käima,"kokku, läbi",2,10,80,8
käima,kõrvale,1,5,80,4
käsitlema,kokku,2,10,80,8
kätuma,,3,15,80,12
kõhvitsema,,2,10,80,8
kõikuma,üles,1,5,80,4
kõnelema,läbi,1,5,80,4
kõrbestuma,,1,5,80,4
kõsima,,1,5,80,4
kõvendama,,1,5,80,4
kõõmama,,1,5,80,4
külastama,tagasi,1,5,80,4
külmetama,kinni,1,5,80,4
kündma,sisse,1,5,80,4
küsima,järgi,4,20,80,16
laekuma,ette,1,5,80,4
laenuma,,13,65,80,52
lagastama,,15,75,80,60
lahmatama,,1,5,80,4
lahtuma,ära,2,10,80,8
lamama,edasi,1,5,80,4
lanima,,1,5,80,4
laotuma,üles,1,5,80,4
laskma,pealt,1,5,80,4
laskma,valmis,3,15,80,12
laulma,sees,2,10,80,8
lausuma,vahele,1,5,80,4
lehitsema,edasi,2,10,80,8
lehvima,läbi,1,5,80,4
leib-saama,,1,5,80,4
leidma,seest,1,5,80,4
lendama,"pealt, ära",2,10,80,8
lendama,vahele,1,5,80,4
lennutama,alla,1,5,80,4
lennutama,üle,1,5,80,4
levima,kokku,1,5,80,4
libisema,"alt, ära",1,5,80,4
libisema,järele,1,5,80,4
lihvuma,,1,5,80,4
liialdama,ära,2,10,80,8
liigutama,välja,1,5,80,4
liikuma,all,1,5,80,4
liikuma,taha,1,5,80,4
liikuma,ümber,2,10,80,8
liisihelluma,,1,5,80,4
lippama,kaasa,1,5,80,4
lisanduma,kõrvale,2,10,80,8
lohisema,edasi,3,15,80,12
loksuma,üle,1,5,80,4
loksutama,lahti,1,5,80,4
loodima,,3,15,80,12
looma,ilma,2,10,80,8
looma,katki,7,35,80,28
lopsama,,1,5,80,4
lubama,peale,2,10,80,8
lugema,kõrvalt,1,5,80,4
lugema,sekka,1,5,80,4
lutsuma,,1,5,80,4
läekima,,1,5,80,4
lähetama,tagasi,1,5,80,4
lähnema,,1,5,80,4
läänistama,,1,5,80,4
lõbustuma,,1,5,80,4
lõhkuma,välja,5,25,80,20
lõikama,"otsa, maha",1,5,80,4
lõikama,peale,2,10,80,8
lõikama,pealt,2,10,80,8
lõppema,edasi,1,5,80,4
lõõmama,läbi,1,5,80,4
lülitama,"sisse, välja",2,10,80,8
maadlema,lahti,1,5,80,4
maalima,tagasi,1,5,80,4
maanduma,peale,1,5,80,4
manööverdama,mööda,1,5,80,4
marssima,üle,2,10,80,8
materialiseerima,,2,10,80,8
meenutama,edasi,1,5,80,4
meenutama,ära,1,5,80,4
migreerima,,1,5,80,4
minema,"laiali, ära",1,5,80,4
minimaliseerima,,1,5,80,4
minuma,,1,5,80,4
mixima,,2,10,80,8
modelleerima,,29,145,80,116
monteeruma,,1,5,80,4
mornitsema,,1,5,80,4
munema,sisse,1,5,80,4
murdma,alla,7,35,80,28
murdma,pooleks,2,10,80,8
murdma,vastu,2,10,80,8
mussima,,1,5,80,4
muutuma,maha,1,5,80,4
mädanema,välja,1,5,80,4
mängima,all,1,5,80,4
mängima,"vastu, maha",1,5,80,4
märkima,edasi,1,5,80,4
mässama,vastu,1,5,80,4
mässima,ümber,2,10,80,8
mõlkima,,16,80,80,64
mõtlema,koos,3,15,80,12
mõtlema,vastu,1,5,80,4
mõõtma,edasi,1,5,80,4
möirgama,kaasa,2,10,80,8
naelutama,kohale,1,5,80,4
nahtuma,,1,5,80,4
neelama,peale,1,5,80,4
netuma,,2,10,80,8
nihestama,ära,1,5,80,4
nihkuma,üles,1,5,80,4
niisima,,1,5,80,4
nimetama,kokku,3,15,80,12
norima,välja,1,5,80,4
nukrutsema,ära,1,5,80,4
nutma,kaasa,1,5,80,4
nuuksuma,edasi,1,5,80,4
nägema,mööda,1,5,80,4
nägid-kuulma,,1,5,80,4
näitama,ilma,1,5,80,4
näppama,ära,4,20,80,16
nääksuma,,1,5,80,4
nõjatama,,2,10,80,8
nõrguma,,18,90,80,72
nõudma,kaasa,2,10,80,8
nõudma,maha,1,5,80,4
nõudma,ringi,1,5,80,4
nõutama,tagasi,2,10,80,8
olema,jalus,2,10,80,8
olema,"kokku, kohal",1,5,80,4
olema,"vaja, ära",1,5,80,4
olema,vastas,1,5,80,4
olema,"vastu, vaja",1,5,80,4
olema,viltu,1,5,80,4
olema,ärevil,1,5,80,4
omandama,vastu,2,10,80,8
ootama,üles,1,5,80,4
oskama,maha,1,5,80,4
ostma,tarvis,2,10,80,8
osutama,alla,1,5,80,4
osutama,peale,1,5,80,4
otsustama,"ette, ära",1,5,80,4
otsustama,kokku,1,5,80,4
otsustama,vastu,1,5,80,4
ottama,,1,5,80,4
paistma,valmis,2,10,80,8
pakkima,valmis,1,5,80,4
palkama,kokku,1,5,80,4
palsameerima,,1,5,80,4
paluma,kohal,1,5,80,4
paluma,rahule,1,5,80,4
panema,"tagant, sisse",1,5,80,4
parodiseerima,,1,5,80,4
pasundama,välja,1,5,80,4
peatama,välja,1,5,80,4
peitsima,,12,60,80,48
pelguma,,5,25,80,20
personifitseeruma,,1,5,80,4
piagima,,2,10,80,8
pidama,rahule,1,5,80,4
pigistama,peale,2,10,80,8
piiluma,tagant,1,5,80,4
piitsutama,takka,1,5,80,4
pildistama,edasi,1,5,80,4
pildistama,tarvis,1,5,80,4
pillama,puruks,2,10,80,8
pillitama,,1,5,80,4
pitsuma,,2,10,80,8
pixeldama,,1,5,80,4
plahvatama,kokku,1,5,80,4
plõksatama,,2,10,80,8
plõksatama,kinni,1,5,80,4
pohjuma,,1,5,80,4
pohjustama,,1,5,80,4
polümeriseeruma,,1,5,80,4
pookima,,11,55,80,44
potsama,maha,1,5,80,4
prahtima,,5,25,80,20
premeerima,kokku,4,20,80,16
pressima,ette,1,5,80,4
pressima,kinni,2,10,80,8
problema,,1,5,80,4
proklameerima,,1,5,80,4
pruuskama,,1,5,80,4
puhastama,välja,5,25,80,20
puhuma,ümber,2,10,80,8
puistama,alla,2,10,80,8
puksuma,,3,15,80,12
pumpama,ära,1,5,80,4
purjetama,ringi,1,5,80,4
pusima,edasi,1,5,80,4
puudutama,üles,1,5,80,4
puudutuma,,1,5,80,4
puurima,sisse,2,10,80,8
pälvima,võidu,2,10,80,8
põhjustama,ära,1,5,80,4
põkkama,,2,10,80,8
põlema,edasi,5,25,80,20
põlema,üle,1,5,80,4
põletama,välja,1,5,80,4
põltsuma,,2,10,80,8
pühkima,kõrvale,1,5,80,4
pürgima,kokku,1,5,80,4
raiskama,peale,3,15,80,12
rajama,läbi,1,5,80,4
rapsama,lahti,1,5,80,4
rapsima,maha,1,5,80,4
rassima,ringi,1,5,80,4
rautama,,12,60,80,48
rebima,kaasa,4,20,80,16
redefineerima,,1,5,80,4
reetma,välja,1,5,80,4
resiimima,,1,5,80,4
retsidiveeruma,,1,5,80,4
ripnema,välja,1,5,80,4
riputama,ette,1,5,80,4
riputama,kohale,1,5,80,4
ristküsitlema,,1,5,80,4
rohima,ära,1,5,80,4
ronima,läbi,7,35,80,28
roomama,sisse,1,5,80,4
rottima,,3,15,80,12
rulluma,üle,3,15,80,12
rändama,laiali,2,10,80,8
rändama,mööda,1,5,80,4
räppima,peale,1,5,80,4
saabuma,alles,3,15,80,12
saacima,,1,5,80,4
saama,etteotsa,1,5,80,4
saama,"läbi, otsa",1,5,80,4
saama,saadik,1,5,80,4
saama,üleöö,4,20,80,16
saatma,maha,1,5,80,4
sammuma,eemale,1,5,80,4
sattuma,täis,1,5,80,4
seemendama,,3,15,80,12
seiklema,edasi,1,5,80,4
sekreteerima,,1,5,80,4
seksibteiseskohama,,1,5,80,4
selguma,vastu,1,5,80,4
sibama,edasi,1,5,80,4
siiberdama,"edasi, tagasi",1,5,80,4
siirduma,ette,3,15,80,12
skeemitama,,1,5,80,4
soenema,,1,5,80,4
solisema,,5,25,80,20
soojuma,,1,5,80,4
soovima,koos,1,5,80,4
standardima,,6,30,80,24
standardiseerima,,2,10,80,8
starigavlema,,1,5,80,4
suhtlema,välja,1,5,80,4
sukeldama,,1,5,80,4
sukelduma,alla,1,5,80,4
suksutama,,1,5,80,4
sumpama,ringi,1,5,80,4
suruma,ligi,3,15,80,12
suskama,vahele,2,10,80,8
susuma,,1,5,80,4
suunama,maha,1,5,80,4
suunima,,1,5,80,4
sättima,püsti,1,5,80,4
säädima,,1,5,80,4
säästuma,,4,20,80,16
sõeluma,ringi,3,15,80,12
sõidutama,laiali,1,5,80,4
sõitma,puruks,29,145,80,116
sõlmima,tagasi,2,10,80,8
sõltuma,välja,1,5,80,4
sõnastama,ringi,1,5,80,4
sõnuma,,7,35,80,28
sõtkuma,ära,1,5,80,4
sõudma,koos,1,5,80,4
sörkima,järel,1,5,80,4
sööma,alla,2,10,80,8
söövituma,,1,5,80,4
sülitama,järele,1,5,80,4
sündima,peale,1,5,80,4
taanduma,tagasi,2,10,80,8
taaslinastuma,,1,5,80,4
tagsima,,1,5,80,4
tagurdama,vastu,1,5,80,4
tahtma,taga,3,15,80,12
takistama,välja,2,10,80,8
tantsima,ette,1,5,80,4
tantsima,lahti,1,5,80,4
taotlema,edasi,1,5,80,4
taotlema,vastu,1,5,80,4
tapetseerima,,1,5,80,4
tapma,tagasi,1,5,80,4
tappama,,3,15,80,12
tassima,alla,1,5,80,4
tasuma,võlgu,1,5,80,4
tatsuma,ringi,2,10,80,8
teadma,kaasa,2,10,80,8
tee-ehituma,,3,15,80,12
teenima,läbi,1,5,80,4
teenindama,üle,1,5,80,4
tegema,vahel,1,5,80,4
tegutsema,välja,1,5,80,4
tehduma,,1,5,80,4
teindkima,,1,5,80,4
tekitama,peale,1,5,80,4
tekitama,ringi,1,5,80,4
tekkima,pärast,1,5,80,4
tenema,,1,5,80,4
terendama,vastu,1,5,80,4
tihendama,ära,1,5,80,4
tiksuma,sees,1,5,80,4
tlesima,,1,5,80,4
tohletama,,4,20,80,16
toimima,välja,1,5,80,4
toimuma,maha,1,5,80,4
toitma,täis,1,5,80,4
tokerduma,,1,5,80,4
toon-toonima,,5,25,80,20
tootuma,,1,5,80,4
toppima,otsa,1,5,80,4
torkama,tagasi,3,15,80,12
torkima,ära,1,5,80,4
trampima,puruks,1,5,80,4
trampima,üles,2,10,80,8
transportima,tagasi,1,5,80,4
trotsima,ilma,1,5,80,4
tsementeerima,,17,85,80,68
tuhisema,sisse,1,5,80,4
tuhistama,,1,5,80,4
tuigerdama,välja,1,5,80,4
tuikuma,sisse,1,5,80,4
tuiskama,kinni,5,25,80,20
tuleb-tulema,,1,5,80,4
tulema,väljast,1,5,80,4
tulima,,2,10,80,8
tulistama,järele,2,10,80,8
tulndkima,,1,5,80,4
tulusid-kuluma,,1,5,80,4
tunduma,läbi,1,5,80,4
tungima,üles,1,5,80,4
tustima,,1,5,80,4
tutvustama,kokku,1,5,80,4
tutvustama,välja,1,5,80,4
tuulutama,välja,1,5,80,4
tylitama,,1,5,80,4
tähendama,alla,2,10,80,8
tähistama,vastu,1,5,80,4
täituma,kokku,1,5,80,4
täksima,,2,10,80,8
tänama,ilma,1,5,80,4
täpsustama,ringi,1,5,80,4
tõestama,välja,1,5,80,4
tõmbama,"ringi, ümber",1,5,80,4
tõmbama,vastu,2,10,80,8
tõnima,,1,5,80,4
tõstma,alla,3,15,80,12
tõttama,tagasi,4,20,80,16
tõukama,kinni,1,5,80,4
töötlema,läbi,3,15,80,12
tühistama,ära,1,5,80,4
tükkima,kallale,2,10,80,8
tülgastuma,,5,25,80,20
tümama,,1,5,80,4
türanniseerima,,4,20,80,16
uhama,maha,1,5,80,4
uhmerdama,,1,5,80,4
uhtuma,üle,2,10,80,8
ulatama,tagasi,7,35,80,28
ulatuma,peale,1,5,80,4
uskuma,sisse,1,5,80,4
uudistama,ringi,2,10,80,8
vaatas-kuulama,,1,5,80,4
vaatlema,ilma,1,5,80,4
vaiama,,1,5,80,4
vaimutsema,,8,40,80,32
vajama,alla,2,10,80,8
vajama,peale,3,15,80,12
vajutama,läbi,1,5,80,4
valama,kokku,2,10,80,8
valetama,täis,2,10,80,8
valideerima,,1,5,80,4
valima,valmis,1,5,80,4
valimistuma,,1,5,80,4
valmima,üle,1,5,80,4
vantsima,maha,1,5,80,4
vastama,nõus,1,5,80,4
vastu-pidama,,1,5,80,4
vedama,maha,2,10,80,8
veerema,peale,1,5,80,4
vehklema,välja,1,5,80,4
venima,ära,1,5,80,4
vesitsema,,1,5,80,4
vibreerima,lahti,1,5,80,4
vigatsema,,1,5,80,4
viilima,maha,1,5,80,4
viilutama,,10,50,80,40
viinastuma,,1,5,80,4
viipama,tagasi,1,5,80,4
vilistama,edasi,1,5,80,4
vilistama,ette,1,5,80,4
vingerdama,mööda,1,5,80,4
virutama,rindu,1,5,80,4
virvlema,,1,5,80,4
viskama,ilma,1,5,80,4
viskuma,esile,1,5,80,4
voogama,sisse,1,5,80,4
vuhisema,ringi,1,5,80,4
vuhisema,välja,1,5,80,4
vundamentima,,1,5,80,4
väitma,edasi,2,10,80,8
väntama,läbi,1,5,80,4
väärima,tagasi,1,5,80,4
väärima,tänu,1,5,80,4
võiduma,,41,205,80,164
võitlema,läbi,1,5,80,4
võtma,"kokku, ära",1,5,80,4
võtma,otsa,1,5,80,4
võtma,"ära, ära",1,5,80,4
võtsima,,1,5,80,4
vöttima,kaasa,1,5,80,4
weebima,,2,10,80,8
zizima,,1,5,80,4
ärima,ära,1,5,80,4
õhkuma,vastu,1,5,80,4
õmblema,valmis,7,35,80,28
õõnestama,välja,2,10,80,8
önnistama,,1,5,80,4
öökima,välja,1,5,80,4
ütlema,tarvis,5,25,80,20
üürgama,edasi,1,5,80,4
ülistama,,183,916,80.02183406113537,733
säilitama,,1279,6404,80.02810743285447,5125
pakatama,,112,561,80.03565062388593,449
rääkima,,40659,203750,80.04466257668712,163091
ühmama,,69,346,80.05780346820809,277
käratama,,176,883,80.06795016987542,707
premeerima,,110,552,80.07246376811594,442
põgenema,,1688,8472,80.07554296506137,6784
rullima,,51,256,80.078125,205
tuduma,,99,497,80.08048289738431,398
seletama,,3620,18178,80.08581802178458,14558
pooma,,128,643,80.09331259720062,515
tungima,kallale,232,1169,80.15397775876818,937
kortsuma,,20,101,80.19801980198021,81
peksma,välja,17,86,80.23255813953489,69
urbaniseeruma,,16,81,80.24691358024691,65
osutama,,1977,10012,80.25369556532162,8035
andma,kokku,166,841,80.26159334126041,675
kahekordistama,,59,299,80.2675585284281,240
väitma,,10272,52068,80.27195206268726,41796
nimetama,,7419,37617,80.27753409362788,30198
kehitama,,305,1547,80.28442146089205,1242
luituma,,40,203,80.29556650246306,163
pooma,üles,103,523,80.30592734225621,420
palkama,,497,2526,80.32462391132225,2029
joovastama,,12,61,80.32786885245902,49
lõdvendama,,12,61,80.32786885245902,49
mitmekordistama,,12,61,80.32786885245902,49
uvitama,,12,61,80.32786885245902,49
vormistama,võidu,12,61,80.32786885245902,49
omistama,,137,697,80.34433285509326,560
hõikama,järele,11,56,80.35714285714286,45
olema,koos,11,56,80.35714285714286,45
äritsema,,32,163,80.3680981595092,131
pidama,kinni,1784,9091,80.37619623803762,7307
sätestama,,1635,8338,80.39098105061166,6703
aitama,püsti,10,51,80.3921568627451,41
immutama,,10,51,80.3921568627451,41
kraapima,maha,10,51,80.3921568627451,41
lutsima,,19,97,80.41237113402062,78
kutsuma,kohale,123,628,80.4140127388535,505
tsiteerima,,746,3810,80.41994750656168,3064
rahustama,,367,1875,80.42666666666666,1508
marssima,läbi,9,46,80.43478260869566,37
söötma,täis,9,46,80.43478260869566,37
püstitama,,990,5062,80.4425128407744,4072
päästma,lahti,26,133,80.45112781954887,107
lähetama,,129,661,80.48411497730712,532
etlema,,8,41,80.48780487804879,33
mimmuma,,8,41,80.48780487804879,33
toimuma,läbi,8,41,80.48780487804879,33
uhkama,,8,41,80.48780487804879,33
kinkima,,1525,7818,80.49373241238168,6293
sõitma,välja,759,3893,80.50346776265091,3134
õhkima,,77,395,80.50632911392405,318
abistama,,490,2515,80.51689860834989,2025
kõmistama,,29,149,80.53691275167785,120
küüditama,,29,149,80.53691275167785,120
draftima,,7,36,80.55555555555556,29
ehtima,,322,1656,80.55555555555556,1334
koopereeruma,,7,36,80.55555555555556,29
labastama,,7,36,80.55555555555556,29
neljakordistuma,,14,72,80.55555555555556,58
sinetama,,7,36,80.55555555555556,29
tahtma,peksma,7,36,80.55555555555556,29
tundma,peale,7,36,80.55555555555556,29
juhtima,,8413,43307,80.57357932897685,34894
murdma,lahti,46,237,80.59071729957806,191
süüdistama,,2766,14263,80.60716539297484,11497
avastama,kokku,19,98,80.61224489795919,79
õmblema,kinni,19,98,80.61224489795919,79
haldama,,269,1388,80.61959654178675,1119
süütama,,545,2813,80.62566654816922,2268
kõõluma,,61,315,80.63492063492063,254
turustama,,79,408,80.63725490196079,329
alustama,välja,6,31,80.64516129032258,25
arvama,heaks,48,248,80.64516129032258,200
jõurama,,6,31,80.64516129032258,25
lääpama,,6,31,80.64516129032258,25
mulksuma,,12,62,80.64516129032258,50
normeerima,,6,31,80.64516129032258,25
olema,otsa,6,31,80.64516129032258,25
pritsuma,,6,31,80.64516129032258,25
reisima,läbi,6,31,80.64516129032258,25
seadma,vastu,6,31,80.64516129032258,25
sukima,,6,31,80.64516129032258,25
sõitma,"välja, vastu",18,93,80.64516129032258,75
taasalgama,,6,31,80.64516129032258,25
tammuma,paigal,6,31,80.64516129032258,25
teisenduma,,6,31,80.64516129032258,25
töusima,,6,31,80.64516129032258,25
vajama,välja,6,31,80.64516129032258,25
vedama,üle,6,31,80.64516129032258,25
kindlustuma,,75,388,80.6701030927835,313
treima,,40,207,80.67632850241546,167
petma,välja,97,502,80.67729083665338,405
sepistama,,55,285,80.7017543859649,230
tunduma,,13653,70749,80.70220073781962,57096
rivistama,üles,16,83,80.72289156626506,67
nõustama,,257,1336,80.76347305389223,1079
asetama,peale,5,26,80.76923076923077,21
juhtima,läbi,5,26,80.76923076923077,21
kallutama,kõrvale,5,26,80.76923076923077,21
lohisema,kaasa,5,26,80.76923076923077,21
manama,ette,15,78,80.76923076923077,63
ruumima,,5,26,80.76923076923077,21
stazheerima,,5,26,80.76923076923077,21
toimetama,kõrvale,5,26,80.76923076923077,21
umbrohtuma,,5,26,80.76923076923077,21
varastama,kokku,10,52,80.76923076923077,42
võistlema,edasi,5,26,80.76923076923077,21
kroonima,,159,827,80.7738814993954,668
rahastama,,538,2799,80.77884958913899,2261
prognoosima,,700,3643,80.78506725226462,2943
segama,juurde,29,151,80.79470198675497,122
torkama,vahele,19,99,80.8080808080808,80
pärinema,,2217,11555,80.81350064906967,9338
diskvalifitseerima,,14,73,80.82191780821918,59
karjuma,vastu,14,73,80.82191780821918,59
olema,täis,23,120,80.83333333333333,97
rajanema,,220,1148,80.8362369337979,928
nõudma,tagasi,123,642,80.8411214953271,519
filtreerima,välja,9,47,80.85106382978722,38
kukkuma,vastu,9,47,80.85106382978722,38
publitseerima,,18,94,80.85106382978722,76
röövima,ära,9,47,80.85106382978722,38
ületähtsustama,,9,47,80.85106382978722,38
möönma,,1910,9990,80.88088088088088,8080
kuuluma,järgi,13,68,80.88235294117648,55
pugistama,,13,68,80.88235294117648,55
väljutama,,13,68,80.88235294117648,55
kaevama,edasi,17,89,80.89887640449437,72
voolima,,45,236,80.9322033898305,191
asuma,üle,4,21,80.95238095238095,17
diftongistuma,,4,21,80.95238095238095,17
hõrendama,,8,42,80.95238095238095,34
jagama,kokku,8,42,80.95238095238095,34
juhatama,kätte,4,21,80.95238095238095,17
kaapama,,4,21,80.95238095238095,17
kasutama,peale,4,21,80.95238095238095,17
kukutama,välja,4,21,80.95238095238095,17
loendama,kokku,4,21,80.95238095238095,17
nägema,ringi,4,21,80.95238095238095,17
ostan-müün-vahetama,,4,21,80.95238095238095,17
peppuma,,4,21,80.95238095238095,17
polsterdama,,4,21,80.95238095238095,17
pragama,,24,126,80.95238095238095,102
põgenema,tagasi,8,42,80.95238095238095,34
sammuma,üles,4,21,80.95238095238095,17
sulandama,,4,21,80.95238095238095,17
tüsistuma,,8,42,80.95238095238095,34
õtlema,,4,21,80.95238095238095,17
tegema,kokku,179,941,80.97768331562168,762
seadma,üles,151,794,80.9823677581864,643
äigama,,23,121,80.99173553719008,98
kavatsema,,9424,49595,80.99808448432302,40171
tulistama,alla,38,200,81,162
sümboliseerima,,315,1659,81.0126582278481,1344
instrueerima,,11,58,81.03448275862068,47
rappima,,33,174,81.03448275862068,141
sundima,,3460,18244,81.03486077614558,14784
tülpima,,29,153,81.04575163398692,124
põhjustama,,4061,21428,81.04816128430092,17367
känguma,,18,95,81.05263157894737,77
koltuma,,25,132,81.06060606060606,107
diskrimineerima,,74,391,81.07416879795396,317
kondenseeruma,,14,74,81.08108108108108,60
tulema,ümber,7,37,81.08108108108108,30
kägistama,,94,497,81.08651911468813,403
juhatama,,987,5222,81.09919571045576,4235
eritlema,,10,53,81.13207547169812,43
rabelema,lahti,10,53,81.13207547169812,43
teatama,,25480,135095,81.13919834190754,109615
pitseerima,,13,69,81.15942028985508,56
purustama,,711,3774,81.16057233704292,3063
kammima,läbi,29,154,81.16883116883116,125
täiendama,,1229,6529,81.17629039669168,5300
kureerima,,83,441,81.17913832199547,358
valmima,,3626,19284,81.19684712715204,15658
tingima,,953,5072,81.21056782334385,4119
Marisihkama,,3,16,81.25,13
aasima,,33,176,81.25,143
aitama,maha,3,16,81.25,13
arvestama,maha,15,80,81.25,65
asetama,kõrvale,3,16,81.25,13
astuma,kokku,6,32,81.25,26
esitama,läbi,3,16,81.25,13
helistama,välja,9,48,81.25,39
hoovama,,30,160,81.25,130
intensiivistama,,18,96,81.25,78
ioniseerima,,3,16,81.25,13
jääma,all,3,16,81.25,13
kaebama,peale,6,32,81.25,26
keerutama,kokku,3,16,81.25,13
kinnitama,vastu,3,16,81.25,13
koputama,vastu,3,16,81.25,13
koukima,lahti,3,16,81.25,13
krissuma,,3,16,81.25,13
kuulma,kinni,3,16,81.25,13
küpsetama,valmis,3,16,81.25,13
lokaliseerima,,6,32,81.25,26
looma,ümber,3,16,81.25,13
maalima,ette,3,16,81.25,13
maksma,võidu,3,16,81.25,13
maksma,võlgu,3,16,81.25,13
minusaama,,3,16,81.25,13
niitima,maha,9,48,81.25,39
nokauteerima,,9,48,81.25,39
pipima,,3,16,81.25,13
pippima,,3,16,81.25,13
praadima,kõrvale,3,16,81.25,13
põõnutama,,3,16,81.25,13
reisima,tagasi,3,16,81.25,13
saama,"ringi, sisse",3,16,81.25,13
saatma,kallale,3,16,81.25,13
stažeerima,,6,32,81.25,26
stiliseerima,,3,16,81.25,13
sublimeerima,,3,16,81.25,13
sucima,,3,16,81.25,13
sõitma,vastu,99,528,81.25,429
sünkroonima,,45,240,81.25,195
tagurdama,ette,3,16,81.25,13
tahkuma,,6,32,81.25,26
toimuma,ilma,3,16,81.25,13
upitama,üles,6,32,81.25,26
uuristama,välja,3,16,81.25,13
väljuma,tagasi,3,16,81.25,13
vääristama,,12,64,81.25,52
võsastuma,,30,160,81.25,130
õppima,alles,3,16,81.25,13
ümbritsema,,580,3100,81.29032258064515,2520
vaigistama,,52,278,81.29496402877699,226
teadustama,,43,230,81.30434782608695,187
läitma,,40,214,81.30841121495327,174
peksma,,1386,7426,81.33584702396983,6040
saama,edasi,776,4158,81.33718133718133,3382
kurtma,,2356,12633,81.35043140979973,10277
formeerima,,11,59,81.35593220338984,48
metsistuma,,22,118,81.35593220338984,96
taasühinema,,11,59,81.35593220338984,48
dramatiseerima,,19,102,81.37254901960785,83
portreteerima,,46,247,81.37651821862349,201
filosofeerima,,59,317,81.38801261829653,258
loitma,,8,43,81.3953488372093,35
pidama,läbi,8,43,81.3953488372093,35
laenama,kokku,13,70,81.42857142857143,57
poolduma,,13,70,81.42857142857143,57
juhendama,,561,3021,81.42999006951341,2460
töötama,välja,644,3471,81.44626908671853,2827
sarjama,,41,221,81.44796380090497,180
ylema,,102,550,81.45454545454545,448
tappima,,432,2330,81.45922746781116,1898
barrikadeerima,,5,27,81.48148148148148,22
dešifreerima,,5,27,81.48148148148148,22
finišeeruma,,5,27,81.48148148148148,22
lonksama,,15,81,81.48148148148148,66
lömastuma,,5,27,81.48148148148148,22
moraliseerima,,5,27,81.48148148148148,22
muljetama,,30,162,81.48148148148148,132
märkima,üles,30,162,81.48148148148148,132
paiskama,ümber,5,27,81.48148148148148,22
pakkuma,peale,5,27,81.48148148148148,22
reorganiseerima,,10,54,81.48148148148148,44
sahkerdama,,20,108,81.48148148148148,88
varisema,peale,5,27,81.48148148148148,22
riisuma,,111,600,81.5,489
autasustama,,113,611,81.50572831423895,498
seisnema,,1763,9542,81.5237895619367,7779
trotsima,,65,352,81.5340909090909,287
kaelustama,,12,65,81.53846153846153,53
rekonstrueerima,,33,179,81.56424581005587,146
valama,üle,61,331,81.57099697885197,270
klassifitseerima,,21,114,81.57894736842105,93
saatma,ilma,14,76,81.57894736842105,62
siirduma,edasi,14,76,81.57894736842105,62
toimuma,üle,7,38,81.57894736842105,31
uudishimutsema,,7,38,81.57894736842105,31
lavastama,,606,3292,81.591737545565,2686
ehituma,,37,201,81.59203980099502,164
töötama,kokku,74,402,81.59203980099502,328
nägema,pealt,149,810,81.60493827160494,661
tabama,kokku,16,87,81.60919540229885,71
röövima,,954,5188,81.61141094834234,4234
põrkama,vastu,25,136,81.61764705882352,111
annetama,,396,2156,81.63265306122449,1760
saama,kõrvale,18,98,81.63265306122449,80
teenima,alla,9,49,81.63265306122449,40
saama,,204607,1114043,81.63383280537644,909436
järgnema,edasi,20,109,81.65137614678899,89
kortsutama,,31,169,81.65680473372781,138
hukutama,,61,333,81.68168168168168,272
pikkima,,13,71,81.69014084507043,58
roolima,,197,1076,81.6914498141264,879
või-maldama,,15,82,81.70731707317073,67
kirjastama,,49,268,81.71641791044776,219
vappuma,,34,186,81.72043010752688,152
emiteerima,,122,668,81.73652694610777,546
kalastama,,23,126,81.74603174603175,103
räuskama,,46,252,81.74603174603175,206
kibestuma,,117,641,81.74726989079562,524
kissitama,,25,137,81.75182481751825,112
ohjama,,37,203,81.77339901477832,166
küsitlema,,287,1575,81.77777777777779,1288
onama,,145,797,81.80677540777917,652
Estamajandama,,2,11,81.81818181818183,9
ajama,tagant,2,11,81.81818181818183,9
aktsentueerima,,2,11,81.81818181818183,9
arstima,,4,22,81.81818181818183,18
arutlema,edasi,8,44,81.81818181818183,36
asetuma,ümber,2,11,81.81818181818183,9
asutama,tagasi,2,11,81.81818181818183,9
demobiliseeruma,,2,11,81.81818181818183,9
ehmatama,lahti,2,11,81.81818181818183,9
erekteeruma,,4,22,81.81818181818183,18
esinema,välja,2,11,81.81818181818183,9
esitama,valmis,2,11,81.81818181818183,9
esitatama,,2,11,81.81818181818183,9
formaliseerima,,2,11,81.81818181818183,9
haarama,tagasi,2,11,81.81818181818183,9
hoolitsema,edasi,2,11,81.81818181818183,9
häälestama,ümber,2,11,81.81818181818183,9
illuma,,6,33,81.81818181818183,27
immigreeruma,,4,22,81.81818181818183,18
irmuma,,6,33,81.81818181818183,27
istuma,keskel,2,11,81.81818181818183,9
jätkuma,järele,2,11,81.81818181818183,9
jääma,taga,2,11,81.81818181818183,9
kamandama,välja,4,22,81.81818181818183,18
kandma,ringi,2,11,81.81818181818183,9
kanduma,eemale,2,11,81.81818181818183,9
kapseldama,,2,11,81.81818181818183,9
katma,üle,2,11,81.81818181818183,9
katsuma,ära,2,11,81.81818181818183,9
kihutama,kokku,2,11,81.81818181818183,9
kiiritama,,6,33,81.81818181818183,27
kiitma,järele,2,11,81.81818181818183,9
kirgastama,,6,33,81.81818181818183,27
kloppima,üles,2,11,81.81818181818183,9
krapsama,püsti,4,22,81.81818181818183,18
kurdistama,,6,33,81.81818181818183,27
kutsuma,peale,2,11,81.81818181818183,9
kõpsima,,2,11,81.81818181818183,9
laadima,peale,2,11,81.81818181818183,9
laasima,,4,22,81.81818181818183,18
lisanduma,kokku,6,33,81.81818181818183,27
lohisema,järel,2,11,81.81818181818183,9
läbima,alla,2,11,81.81818181818183,9
lõikama,tagasi,4,22,81.81818181818183,18
lükkama,läbi,2,11,81.81818181818183,9
meelitama,ette,2,11,81.81818181818183,9
mineerima,,10,55,81.81818181818183,45
müksama,külge,2,11,81.81818181818183,9
nikkuma,läbi,2,11,81.81818181818183,9
nõudma,peale,2,11,81.81818181818183,9
olema,puudu,4,22,81.81818181818183,18
olema,segi,2,11,81.81818181818183,9
olema,tulvil,2,11,81.81818181818183,9
opetama,,2,11,81.81818181818183,9
osalema,lahti,2,11,81.81818181818183,9
osutuma,välja,2,11,81.81818181818183,9
pablama,,6,33,81.81818181818183,27
paiskuma,"välja, vastu",2,11,81.81818181818183,9
pakkuma,tagasi,8,44,81.81818181818183,36
panema,ligi,2,11,81.81818181818183,9
panuma,,2,11,81.81818181818183,9
peksma,ära,2,11,81.81818181818183,9
pidama,laiali,2,11,81.81818181818183,9
pigmenteeruma,,2,11,81.81818181818183,9
pingutuma,,2,11,81.81818181818183,9
pissima,täis,2,11,81.81818181818183,9
plõksima,ära,4,22,81.81818181818183,18
punguma,,8,44,81.81818181818183,36
pusserdama,,2,11,81.81818181818183,9
pürima,,2,11,81.81818181818183,9
registreerima,välja,2,11,81.81818181818183,9
revanšeerima,,6,33,81.81818181818183,27
sanguinima,,2,11,81.81818181818183,9
seetähendama,,2,11,81.81818181818183,9
selguma,kohal,2,11,81.81818181818183,9
sodima,täis,4,22,81.81818181818183,18
soovitama,tagasi,2,11,81.81818181818183,9
sosistama,ette,2,11,81.81818181818183,9
sulima,,6,33,81.81818181818183,27
synnitama,,2,11,81.81818181818183,9
sättima,kõrvale,2,11,81.81818181818183,9
sõidutama,välja,2,11,81.81818181818183,9
sööstma,vastu,4,22,81.81818181818183,18
taasalgatama,,2,11,81.81818181818183,9
teadma,üles,2,11,81.81818181818183,9
tilisema,,14,77,81.81818181818183,63
tippima,sisse,2,11,81.81818181818183,9
tolmeldama,,4,22,81.81818181818183,18
torkama,vastu,2,11,81.81818181818183,9
treenima,välja,2,11,81.81818181818183,9
tunnitama,,2,11,81.81818181818183,9
tähendama,ringi,2,11,81.81818181818183,9
täitma,kokku,2,11,81.81818181818183,9
tõstma,mööda,2,11,81.81818181818183,9
uhkustama,ära,2,11,81.81818181818183,9
vahtima,lahti,2,11,81.81818181818183,9
vigastuma,,4,22,81.81818181818183,18
viibima,alla,2,11,81.81818181818183,9
viskama,puruks,12,66,81.81818181818183,54
voltima,lahti,4,22,81.81818181818183,18
väljama,,4,22,81.81818181818183,18
võitma,ringi,2,11,81.81818181818183,9
võtma,tarvis,2,11,81.81818181818183,9
võtma,"vastu, kokku",2,11,81.81818181818183,9
zombistuma,,2,11,81.81818181818183,9
äestama,,2,11,81.81818181818183,9
ähvardama,kokku,2,11,81.81818181818183,9
ähvardama,ära,2,11,81.81818181818183,9
õilistuma,,2,11,81.81818181818183,9
ülima,,2,11,81.81818181818183,9
ütlema,järele,2,11,81.81818181818183,9
okupeerima,,132,728,81.86813186813187,596
sekundeerima,,149,822,81.8734793187348,673
olema,kokku,81,447,81.87919463087249,366
konfiskeerima,,177,978,81.90184049079755,801
rusuma,,19,105,81.9047619047619,86
kihutama,otsa,36,199,81.90954773869346,163
luhtama,,34,188,81.91489361702128,154
suurenema,kokku,17,94,81.91489361702128,77
algatama,,1504,8326,81.93610377131876,6822
kuuluma,peale,13,72,81.94444444444444,59
tegema,ees,13,72,81.94444444444444,59
vooderdama,,13,72,81.94444444444444,59
hautama,,48,266,81.95488721804512,218
trimmima,,11,61,81.9672131147541,50
teostama,,804,4460,81.97309417040358,3656
pintseldama,,18,100,82,82
visualiseerima,,9,50,82,41
mänglema,,14,78,82.05128205128204,64
puituma,,14,78,82.05128205128204,64
põrkama,kokku,686,3822,82.05128205128204,3136
tulema,"alt, ära",7,39,82.05128205128204,32
vannitama,,7,39,82.05128205128204,32
ühendama,,1350,7525,82.05980066445183,6175
tutvustama,,2399,13381,82.07159405126671,10982
iluskurbuma,,31,173,82.08092485549133,142
kahtlustama,,1093,6105,82.09664209664209,5012
ujutama,,68,380,82.10526315789474,312
ajendama,,370,2068,82.1083172147002,1698
manitsema,,291,1627,82.11432083589429,1336
väljastama,,563,3152,82.13832487309645,2589
lohistama,edasi,5,28,82.14285714285714,23
lõhustama,,10,56,82.14285714285714,46
löristama,,5,28,82.14285714285714,23
toestama,,25,140,82.14285714285714,115
selgitama,välja,296,1658,82.14716525934861,1362
arestima,,23,129,82.17054263565892,106
rammima,,248,1392,82.18390804597702,1144
pädema,,110,618,82.20064724919094,508
tuulama,,42,236,82.20338983050848,194
kõlgutama,,16,90,82.22222222222221,74
solvama,ära,8,45,82.22222222222221,37
mõrvama,,150,844,82.22748815165876,694
kaaperdama,,43,242,82.23140495867769,199
lubama,,15073,84918,82.24993523163523,69845
kohaldama,,220,1240,82.25806451612904,1020
viskama,vastu,11,62,82.25806451612904,51
kõkutama,,14,79,82.27848101265823,65
suskama,,56,316,82.27848101265823,260
ühinema,,1773,10005,82.27886056971514,8232
raamima,,34,192,82.29166666666666,158
esietenduma,,656,3705,82.29419703103915,3049
diagnoosima,,106,599,82.30383973288815,493
kommenteerima,,3330,18829,82.31451484412344,15499
inspekteerima,,29,164,82.3170731707317,135
dresseerima,,3,17,82.35294117647058,14
jätma,kinni,3,17,82.35294117647058,14
kahjatsema,,6,34,82.35294117647058,28
kaksama,,3,17,82.35294117647058,14
kerlima,,3,17,82.35294117647058,14
lõikama,ümber,3,17,82.35294117647058,14
muzima,,3,17,82.35294117647058,14
mängima,ilma,9,51,82.35294117647058,42
mõrastama,,3,17,82.35294117647058,14
nägema,kokku,9,51,82.35294117647058,42
parvetama,,3,17,82.35294117647058,14
pidama,alles,3,17,82.35294117647058,14
piserdama,üle,3,17,82.35294117647058,14
promoveerima,,3,17,82.35294117647058,14
ronima,järele,3,17,82.35294117647058,14
ropendama,ära,9,51,82.35294117647058,42
sasima,kinni,3,17,82.35294117647058,14
sompima,,3,17,82.35294117647058,14
suunama,välja,3,17,82.35294117647058,14
sättima,üles,12,68,82.35294117647058,56
tegema,liiga,3,17,82.35294117647058,14
tonkama,,6,34,82.35294117647058,28
tulistama,pihta,3,17,82.35294117647058,14
tõmbama,katki,3,17,82.35294117647058,14
tõttama,vastu,6,34,82.35294117647058,28
tõttama,välja,3,17,82.35294117647058,14
ukerdama,ringi,3,17,82.35294117647058,14
võitma,alla,3,17,82.35294117647058,14
õpetama,kõrvalt,3,17,82.35294117647058,14
julgustama,,310,1758,82.36632536973833,1448
kaunistama,,396,2247,82.37650200267022,1851
koondama,,533,3032,82.42084432717678,2499
tooma,ette,55,313,82.42811501597444,258
pussitama,,125,712,82.4438202247191,587
kiitma,,3434,19564,82.44735227969741,16130
iganema,,43,245,82.44897959183673,202
plaadistama,,20,114,82.45614035087719,94
täpsustama,,1514,8636,82.46873552570635,7122
sisendama,,243,1387,82.48017303532804,1144
varustama,,314,1794,82.49721293199555,1480
hüüdma,vastu,14,80,82.5,66
juhtima,eemale,7,40,82.5,33
sööstma,kallale,7,40,82.5,33
taotlema,tagasi,21,120,82.5,99
voolama,maha,25,143,82.51748251748252,118
viluma,,76,435,82.5287356321839,359
aktiveerima,,37,212,82.54716981132076,175
ruulima,,433,2483,82.56141763995167,2050
Interneti-ühenduma,,4,23,82.6086956521739,19
andma,valmis,4,23,82.6086956521739,19
asetama,maha,4,23,82.6086956521739,19
freesima,,4,23,82.6086956521739,19
katsuma,läbi,4,23,82.6086956521739,19
kestma,läbi,8,46,82.6086956521739,38
kurvastama,ära,4,23,82.6086956521739,19
laskuma,põlvili,4,23,82.6086956521739,19
loitsima,,8,46,82.6086956521739,38
marguma,,4,23,82.6086956521739,19
miilustama,,4,23,82.6086956521739,19
muretsema,ära,24,138,82.6086956521739,114
nägema,peale,4,23,82.6086956521739,19
närima,puruks,4,23,82.6086956521739,19
rehitsema,,4,23,82.6086956521739,19
saandkima,,8,46,82.6086956521739,38
sompuma,,4,23,82.6086956521739,19
steriliseerima,,4,23,82.6086956521739,19
tempima,,4,23,82.6086956521739,19
vaakima,,4,23,82.6086956521739,19
wiicima,,8,46,82.6086956521739,38
ühildama,,4,23,82.6086956521739,19
nägema,ette,3170,18235,82.61584864272005,15065
söestuma,,66,380,82.63157894736842,314
lahustama,,29,167,82.63473053892216,138
looma,lahku,13,75,82.66666666666667,62
kirjutama,,17138,99008,82.69028765352294,81870
saatma,üle,9,52,82.6923076923077,43
õhetama,,23,133,82.70676691729322,110
juubeldama,,111,642,82.71028037383178,531
manama,,83,481,82.74428274428274,398
blaseeruma,,5,29,82.75862068965517,24
koguma,üle,5,29,82.75862068965517,24
olema,tasa,5,29,82.75862068965517,24
pidama,koos,5,29,82.75862068965517,24
pöhjustama,,5,29,82.75862068965517,24
tahnuma,,5,29,82.75862068965517,24
tarretuma,,5,29,82.75862068965517,24
toimuma,vastu,5,29,82.75862068965517,24
täitama,,5,29,82.75862068965517,24
tõttama,kohale,5,29,82.75862068965517,24
kohmama,,37,215,82.7906976744186,178
rohtuma,,16,93,82.79569892473118,77
viima,läbi,610,3552,82.82657657657657,2942
koosnema,,2695,15701,82.83548818546589,13006
kaasfinantseerima,,6,35,82.85714285714286,29
ollema,,6,35,82.85714285714286,29
ässitama,kallale,6,35,82.85714285714286,29
arreteerima,,158,922,82.86334056399133,764
hukkama,,62,362,82.87292817679558,300
smugeldama,,25,146,82.87671232876713,121
tõrelema,,20,117,82.90598290598291,97
kloppima,lahti,7,41,82.92682926829268,34
natsionaliseerima,,7,41,82.92682926829268,34
ütlema,kaasa,7,41,82.92682926829268,34
tõotama,,837,4904,82.93230016313214,4067
kuumutama,,141,827,82.95042321644497,686
anduma,,161,945,82.96296296296296,784
hirmuma,,109,640,82.96875,531
peksma,puruks,32,188,82.97872340425532,156
viskama,kokku,24,141,82.97872340425532,117
munama,,18,106,83.01886792452831,88
sisaldama,,4545,26823,83.0555866234202,22278
õnnistama,,124,733,83.08321964529331,609
pareerima,,127,751,83.08921438082557,624
avitama,,58,343,83.09037900874635,285
mudima,,111,657,83.10502283105022,546
moodustama,,5641,33427,83.12442037873575,27786
õhkama,,277,1642,83.13032886723508,1365
rehmama,,73,433,83.14087759815243,360
nuuksatama,,15,89,83.14606741573034,74
siirdama,,30,178,83.14606741573034,148
põrutama,vastu,19,113,83.1858407079646,94
ennustama,,1793,10667,83.19115027655386,8874
vahistama,,592,3524,83.20090805902383,2932
pragunema,,44,262,83.20610687022901,218
laitma,,71,423,83.21513002364065,352
kehtestama,,1639,9773,83.2293052286913,8134
tikkima,,28,167,83.23353293413174,139
õnnitlema,,290,1730,83.23699421965318,1440
tõlkima,,536,3204,83.270911360799,2668
viigistama,,539,3232,83.32301980198021,2693
abortima,,1,6,83.33333333333334,5
ajama,hukka,1,6,83.33333333333334,5
akkima,,2,12,83.33333333333334,10
andma,kõrvale,1,6,83.33333333333334,5
andma,säru,1,6,83.33333333333334,5
aretama,välja,1,6,83.33333333333334,5
arrastama,,1,6,83.33333333333334,5
arvutiseeruma,,1,6,83.33333333333334,5
astuma,"kokku, üles",1,6,83.33333333333334,5
asuma,otsas,1,6,83.33333333333334,5
asuma,välja,4,24,83.33333333333334,20
automatiseeruma,,2,12,83.33333333333334,10
avaldama,alla,1,6,83.33333333333334,5
avama,kokku,4,24,83.33333333333334,20
avanema,ees,1,6,83.33333333333334,5
basima,,1,6,83.33333333333334,5
batgirleinestama,,1,6,83.33333333333334,5
blenderdama,,1,6,83.33333333333334,5
bootima,üles,1,6,83.33333333333334,5
borima,,1,6,83.33333333333334,5
confima,,1,6,83.33333333333334,5
cookiekoristama,,2,12,83.33333333333334,10
datuma,,2,12,83.33333333333334,10
demoraliseerima,,5,30,83.33333333333334,25
dualima,,1,6,83.33333333333334,5
eeldama,kokku,1,6,83.33333333333334,5
eelsoojendama,,1,6,83.33333333333334,5
eksitama,kõrvale,1,6,83.33333333333334,5
elama,otsas,1,6,83.33333333333334,5
elektriseeruma,,1,6,83.33333333333334,5
eputama,ära,1,6,83.33333333333334,5
eraldama,tarvis,2,12,83.33333333333334,10
esinema,üle,1,6,83.33333333333334,5
esitama,alles,1,6,83.33333333333334,5
eurostuma,,2,12,83.33333333333334,10
failima,,1,6,83.33333333333334,5
fiksima,,1,6,83.33333333333334,5
fileerima,,4,24,83.33333333333334,20
grimeerima,,2,12,83.33333333333334,10
haarama,peale,1,6,83.33333333333334,5
haldama,kokku,3,18,83.33333333333334,15
hankima,tagasi,1,6,83.33333333333334,5
heiastama,,1,6,83.33333333333334,5
hindama,läbi,1,6,83.33333333333334,5
hingama,"välja, sisse",1,6,83.33333333333334,5
hoidma,"kokku, pealt",1,6,83.33333333333334,5
hoocima,,1,6,83.33333333333334,5
huilgama,kaasa,1,6,83.33333333333334,5
hävitama,kokku,1,6,83.33333333333334,5
hõikama,üles,1,6,83.33333333333334,5
hüppama,"eest, ära",1,6,83.33333333333334,5
hüppama,sees,1,6,83.33333333333334,5
ilgema,,1,6,83.33333333333334,5
imema,kinni,1,6,83.33333333333334,5
immigreerima,,1,6,83.33333333333334,5
inema,,7,42,83.33333333333334,35
inkrimineerima,,2,12,83.33333333333334,10
installima,juurde,1,6,83.33333333333334,5
inventariseerima,,1,6,83.33333333333334,5
ircuma,,1,6,83.33333333333334,5
iskuma,,2,12,83.33333333333334,10
istuma,mööda,1,6,83.33333333333334,5
jahvatama,ära,1,6,83.33333333333334,5
jalutama,üles,1,6,83.33333333333334,5
joonistama,kokku,1,6,83.33333333333334,5
juhatama,alla,1,6,83.33333333333334,5
juhhtuma,,1,6,83.33333333333334,5
juhtima,mööda,4,24,83.33333333333334,20
jälgima,läbi,2,12,83.33333333333334,10
jätkama,lahti,1,6,83.33333333333334,5
jätkuma,läbi,1,6,83.33333333333334,5
jääma,peal,3,18,83.33333333333334,15
jääma,tahtma,1,6,83.33333333333334,5
jõudma,kätte,2,12,83.33333333333334,10
jõudma,ringi,21,126,83.33333333333334,105
jõudma,vastu,4,24,83.33333333333334,20
kaitima,,1,6,83.33333333333334,5
kaitsma,edasi,1,6,83.33333333333334,5
kallama,välja,3,18,83.33333333333334,15
kalllllima,,1,6,83.33333333333334,5
katsuma,üle,1,6,83.33333333333334,5
keerlema,välja,1,6,83.33333333333334,5
keevitama,lahti,1,6,83.33333333333334,5
kehtima,välja,2,12,83.33333333333334,10
keskima,,1,6,83.33333333333334,5
kiitma,üle,1,6,83.33333333333334,5
kinnitama,kohale,1,6,83.33333333333334,5
kirgama,,2,12,83.33333333333334,10
kirjutama,ilma,1,6,83.33333333333334,5
kirotama,,1,6,83.33333333333334,5
klatshima,,3,18,83.33333333333334,15
kloppima,kokku,1,6,83.33333333333334,5
kogema,kokku,1,6,83.33333333333334,5
kommenteerima,ära,1,6,83.33333333333334,5
kontraheeruma,,1,6,83.33333333333334,5
korraldama,üle,1,6,83.33333333333334,5
korrodeeruma,,3,18,83.33333333333334,15
kraamima,kokku,1,6,83.33333333333334,5
krapsama,,3,18,83.33333333333334,15
kribima,üles,1,6,83.33333333333334,5
kruvima,juurde,1,6,83.33333333333334,5
kuivetama,,1,6,83.33333333333334,5
kujutama,läbi,1,6,83.33333333333334,5
kulistama,sisse,1,6,83.33333333333334,5
kummardama,ees,1,6,83.33333333333334,5
kurduma,,1,6,83.33333333333334,5
kurtma,tagasi,1,6,83.33333333333334,5
kurvastuma,,1,6,83.33333333333334,5
kuuluma,maha,1,6,83.33333333333334,5
käima,vahel,1,6,83.33333333333334,5
käima,valmis,1,6,83.33333333333334,5
käsitelema,,1,6,83.33333333333334,5
kõmpima,tagasi,2,12,83.33333333333334,10
küpsema,edasi,1,6,83.33333333333334,5
küpsetama,üle,1,6,83.33333333333334,5
küsitlema,kokku,2,12,83.33333333333334,10
laadima,tagasi,1,6,83.33333333333334,5
laekuma,edasi,1,6,83.33333333333334,5
lahkuma,ilma,1,6,83.33333333333334,5
langema,eest,1,6,83.33333333333334,5
langema,otsa,1,6,83.33333333333334,5
laotama,lahti,2,12,83.33333333333334,10
laskuma,ette,1,6,83.33333333333334,5
laulma,ees,1,6,83.33333333333334,5
laulsima,,1,6,83.33333333333334,5
lausuma,tagasi,1,6,83.33333333333334,5
leemetama,,1,6,83.33333333333334,5
legitimiseerima,,1,6,83.33333333333334,5
lembima,,1,6,83.33333333333334,5
liibuma,vastu,1,6,83.33333333333334,5
lisama,valmis,1,6,83.33333333333334,5
loendama,üle,1,6,83.33333333333334,5
loetlema,ette,2,12,83.33333333333334,10
loiduma,,1,6,83.33333333333334,5
looma,pihta,1,6,83.33333333333334,5
lootma,lahti,1,6,83.33333333333334,5
lootma,valmis,5,30,83.33333333333334,25
lugema,kaasa,1,6,83.33333333333334,5
lylitama,välja,1,6,83.33333333333334,5
läiklema,,2,12,83.33333333333334,10
lõpetama,pealt,1,6,83.33333333333334,5
lööma,lõhki,3,18,83.33333333333334,15
lööma,uppi,1,6,83.33333333333334,5
maalima,läbi,1,6,83.33333333333334,5
maalima,valmis,1,6,83.33333333333334,5
magatama,maha,1,6,83.33333333333334,5
magneetima,,1,6,83.33333333333334,5
maksma,valmis,1,6,83.33333333333334,5
meenutama,alla,1,6,83.33333333333334,5
mersuma,,1,6,83.33333333333334,5
miakima,,1,6,83.33333333333334,5
miguma,,1,6,83.33333333333334,5
mina-vormima,,2,12,83.33333333333334,10
minema,nahka,1,6,83.33333333333334,5
misiganema,,1,6,83.33333333333334,5
moduma,,1,6,83.33333333333334,5
muiduma,,1,6,83.33333333333334,5
murdma,mööda,1,6,83.33333333333334,5
murdma,puruks,4,24,83.33333333333334,20
mänema,,1,6,83.33333333333334,5
märkama,vastu,1,6,83.33333333333334,5
märkima,alla,1,6,83.33333333333334,5
määrama,tagasi,1,6,83.33333333333334,5
mõistma,all,1,6,83.33333333333334,5
mõtima,,1,6,83.33333333333334,5
mõõtma,vastu,1,6,83.33333333333334,5
möklema,,1,6,83.33333333333334,5
mügistama,,3,18,83.33333333333334,15
müksima,,3,18,83.33333333333334,15
mürgistuma,,2,12,83.33333333333334,10
naakuma,,2,12,83.33333333333334,10
nimetatama,,1,6,83.33333333333334,5
nirisema,välja,1,6,83.33333333333334,5
niristama,peale,1,6,83.33333333333334,5
nnestuma,,1,6,83.33333333333334,5
nobima,,1,6,83.33333333333334,5
nummerdama,ära,1,6,83.33333333333334,5
nurisema,üle,1,6,83.33333333333334,5
nuusutama,peale,1,6,83.33333333333334,5
nyhkima,,1,6,83.33333333333334,5
nägema,"ette, kokku",4,24,83.33333333333334,20
näima,rahul,1,6,83.33333333333334,5
näitama,üle,1,6,83.33333333333334,5
näitlikustama,,26,156,83.33333333333334,130
närima,edasi,1,6,83.33333333333334,5
ohkama,alla,1,6,83.33333333333334,5
olema,ennem,1,6,83.33333333333334,5
olema,"kokku, tarvis",1,6,83.33333333333334,5
olema,lähedal,2,12,83.33333333333334,10
olema,pihta,1,6,83.33333333333334,5
olema,"tagasi, vaja",6,36,83.33333333333334,30
olema,"võlgu, kokku",5,30,83.33333333333334,25
omama,peale,1,6,83.33333333333334,5
ontsima,,1,6,83.33333333333334,5
ootama,ringi,1,6,83.33333333333334,5
optimeerima,,9,54,83.33333333333334,45
osalema,ette,1,6,83.33333333333334,5
osalema,jooksul,1,6,83.33333333333334,5
oskama,lahti,1,6,83.33333333333334,5
osutama,välja,1,6,83.33333333333334,5
otsustama,ees,1,6,83.33333333333334,5
ovnima,,1,6,83.33333333333334,5
paigutama,välja,1,6,83.33333333333334,5
paiknema,kokku,2,12,83.33333333333334,10
paiskuma,alla,4,24,83.33333333333334,20
paiskuma,laiali,7,42,83.33333333333334,35
paistma,lahti,1,6,83.33333333333334,5
paistma,nõus,1,6,83.33333333333334,5
pakendama,ümber,1,6,83.33333333333334,5
paluma,kõrvale,1,6,83.33333333333334,5
paluma,tarvis,1,6,83.33333333333334,5
panema,laiali,1,6,83.33333333333334,5
panema,sekka,1,6,83.33333333333334,5
panema,"välja, kokku",1,6,83.33333333333334,5
panema,ühte,1,6,83.33333333333334,5
parandama,tagasi,1,6,83.33333333333334,5
parkima,kinni,1,6,83.33333333333334,5
parkuurima,,1,6,83.33333333333334,5
pehastama,,1,6,83.33333333333334,5
pidama,otsa,1,6,83.33333333333334,5
piikuma,,1,6,83.33333333333334,5
piiluma,alla,1,6,83.33333333333334,5
pilduma,ette,1,6,83.33333333333334,5
pillutama,laiali,5,30,83.33333333333334,25
plaanima,kokku,1,6,83.33333333333334,5
planeerima,kokku,1,6,83.33333333333334,5
plixima,,3,18,83.33333333333334,15
pommitama,vastu,1,6,83.33333333333334,5
pressima,juurde,1,6,83.33333333333334,5
proovima,välja,1,6,83.33333333333334,5
protsessima,,32,192,83.33333333333334,160
prrovima,,1,6,83.33333333333334,5
prunditama,,1,6,83.33333333333334,5
puistama,välja,3,18,83.33333333333334,15
punnitama,üle,2,12,83.33333333333334,10
puuduma,välja,1,6,83.33333333333334,5
puudutama,peale,1,6,83.33333333333334,5
pyksima,,2,12,83.33333333333334,10
pärandama,edasi,2,12,83.33333333333334,10
pääsema,koos,1,6,83.33333333333334,5
põgenema,laiali,2,12,83.33333333333334,10
põhjustama,tagasi,1,6,83.33333333333334,5
põlema,sisse,29,174,83.33333333333334,145
põrkuma,välja,1,6,83.33333333333334,5
pöörduma,kokku,1,6,83.33333333333334,5
püsima,koht,1,6,83.33333333333334,5
püsima,taga,1,6,83.33333333333334,5
rabelema,ära,1,6,83.33333333333334,5
raiuma,puruks,1,6,83.33333333333334,5
raiuma,ära,3,18,83.33333333333334,15
rammima,läbi,1,6,83.33333333333334,5
raputama,ära,1,6,83.33333333333334,5
ratsionaliseerima,,2,12,83.33333333333334,10
ratsutama,vastu,1,6,83.33333333333334,5
rebima,mööda,1,6,83.33333333333334,5
renditama,,2,12,83.33333333333334,10
retušeerima,,1,6,83.33333333333334,5
rivistuma,ümber,1,6,83.33333333333334,5
rokkima,kaasa,1,6,83.33333333333334,5
rulluma,välja,2,12,83.33333333333334,10
ruttama,üles,1,6,83.33333333333334,5
rääkima,koos,1,6,83.33333333333334,5
rühkima,tagasi,1,6,83.33333333333334,5
ründama,lähedal,1,6,83.33333333333334,5
saatma,alla,4,24,83.33333333333334,20
saatmima,,1,6,83.33333333333334,5
saavutama,järel,1,6,83.33333333333334,5
sammuma,juurde,1,6,83.33333333333334,5
schoolima,,1,6,83.33333333333334,5
segama,kõrvale,1,6,83.33333333333334,5
siksakitama,,2,12,83.33333333333334,10
sirgestama,,1,6,83.33333333333334,5
skannima,,2,12,83.33333333333334,10
släppima,,1,6,83.33333333333334,5
smuugeldama,,1,6,83.33333333333334,5
soetama,tagasi,1,6,83.33333333333334,5
soolduma,,2,12,83.33333333333334,10
sooritama,läbi,1,6,83.33333333333334,5
soostnuma,,1,6,83.33333333333334,5
soovitama,alla,1,6,83.33333333333334,5
soovitama,vastu,1,6,83.33333333333334,5
sopistuma,välja,1,6,83.33333333333334,5
statsima,,1,6,83.33333333333334,5
striimima,,2,12,83.33333333333334,10
sundima,ära,1,6,83.33333333333334,5
sundvõõrandama,,1,6,83.33333333333334,5
surema,tagasi,2,12,83.33333333333334,10
suudlema,vastu,1,6,83.33333333333334,5
suutma,tagasi,1,6,83.33333333333334,5
sõidutama,ära,1,6,83.33333333333334,5
sõimama,edasi,1,6,83.33333333333334,5
sõitma,ring,1,6,83.33333333333334,5
söimama,,1,6,83.33333333333334,5
söitima,välja,1,6,83.33333333333334,5
söö-jooma,,1,6,83.33333333333334,5
sööma,maha,1,6,83.33333333333334,5
sööstma,järele,3,18,83.33333333333334,15
sügelema,järele,1,6,83.33333333333334,5
sünnitama,ära,3,18,83.33333333333334,15
süüdistama,alla,1,6,83.33333333333334,5
süüdistama,kaasa,1,6,83.33333333333334,5
taaskasutama,,2,12,83.33333333333334,10
tabama,pihta,2,12,83.33333333333334,10
tagama,ilma,1,6,83.33333333333334,5
tagama,kokku,3,18,83.33333333333334,15
taganema,välja,2,12,83.33333333333334,10
takerdama,,1,6,83.33333333333334,5
talutama,eemale,1,6,83.33333333333334,5
tantsima,ees,1,6,83.33333333333334,5
tapma,üle,2,12,83.33333333333334,10
tassima,täis,1,6,83.33333333333334,5
teenendama,,1,6,83.33333333333334,5
teenima,kõrvalt,1,6,83.33333333333334,5
tekitama,vastu,1,6,83.33333333333334,5
tekkima,alles,3,18,83.33333333333334,15
tekkima,kaasa,1,6,83.33333333333334,5
textima,,2,12,83.33333333333334,10
toetama,lahti,1,6,83.33333333333334,5
tollima,,1,6,83.33333333333334,5
tomama,,1,6,83.33333333333334,5
tormama,täis,1,6,83.33333333333334,5
toyotama,,1,6,83.33333333333334,5
traatima,,1,6,83.33333333333334,5
trööstima,,9,54,83.33333333333334,45
tsiteerima,edasi,1,6,83.33333333333334,5
tulema,laiali,1,6,83.33333333333334,5
tuletama,ära,1,6,83.33333333333334,5
tunduma,kõrvalt,1,6,83.33333333333334,5
tunduma,rahul,2,12,83.33333333333334,10
tylima,,2,12,83.33333333333334,10
täkkima,,1,6,83.33333333333334,5
tänapäevastama,,1,6,83.33333333333334,5
tõstma,"eest, ära",1,6,83.33333333333334,5
tõstma,lahti,5,30,83.33333333333334,25
tõstma,täis,2,12,83.33333333333334,10
töötlema,kokku,1,6,83.33333333333334,5
uhtuma,ära,6,36,83.33333333333334,30
upitama,esile,1,6,83.33333333333334,5
vaatama,kinni,1,6,83.33333333333334,5
vaatama,tagant,1,6,83.33333333333334,5
vahatama,,4,24,83.33333333333334,20
vajama,üle,1,6,83.33333333333334,5
valmistuma,vastu,1,6,83.33333333333334,5
vedama,ligi,1,6,83.33333333333334,5
veerema,järele,1,6,83.33333333333334,5
veerlema,,2,12,83.33333333333334,10
vehkima,valmis,1,6,83.33333333333334,5
velmama,,5,30,83.33333333333334,25
venuma,,1,6,83.33333333333334,5
verifitseerima,,1,6,83.33333333333334,5
vigastama,ära,1,6,83.33333333333334,5
viima,ümber,1,6,83.33333333333334,5
viitama,kohale,1,6,83.33333333333334,5
virnastama,,1,6,83.33333333333334,5
värisema,ära,1,6,83.33333333333334,5
võistlema,kaasa,7,42,83.33333333333334,35
võtma,"kokku, vastu",1,6,83.33333333333334,5
vöetuma,,4,24,83.33333333333334,20
yltshaanjaskelgutama,,1,6,83.33333333333334,5
ytluma,,1,6,83.33333333333334,5
ähvardama,välja,3,18,83.33333333333334,15
õhkama,taga,1,6,83.33333333333334,5
õhtustama,koos,1,6,83.33333333333334,5
õpetama,ära,2,12,83.33333333333334,10
ületuma,,1,6,83.33333333333334,5
üritama,valmis,1,6,83.33333333333334,5
anuma,,98,589,83.3616298811545,491
skandeerima,,69,415,83.37349397590361,346
käsitlema,,3044,18385,83.44302420451454,15341
vettima,,24,145,83.44827586206897,121
kulmineeruma,,207,1251,83.45323741007195,1044
maksma,kokku,147,889,83.46456692913385,742
emigreerima,,20,121,83.47107438016529,101
hagema,,17,103,83.49514563106796,86
ärandama,,49,297,83.5016835016835,248
asutama,,756,4596,83.5509138381201,3840
liisuma,,12,73,83.56164383561644,61
pärlendama,,12,73,83.56164383561644,61
maskeeruma,,34,207,83.57487922705315,173
sasima,,22,134,83.5820895522388,112
toimetama,välja,11,67,83.5820895522388,56
statuma,,20,122,83.60655737704919,102
leinama,,93,568,83.62676056338029,475
meenutama,,6776,41391,83.62929139184847,34615
ripnema,,9,55,83.63636363636363,46
kõrvutama,,56,343,83.6734693877551,287
meldima,,8,49,83.6734693877551,41
kehastama,,462,2833,83.69219908224497,2371
toimuma,kokku,22,135,83.7037037037037,113
lömastama,,28,172,83.72093023255815,144
paluma,välja,7,43,83.72093023255815,36
rebenema,lahti,7,43,83.72093023255815,36
sõitma,"tagant, otsa",13,80,83.75,67
volitama,,140,862,83.75870069605568,722
järeldama,,268,1651,83.76741368867353,1383
kinnitama,,20430,125980,83.7831401809811,105550
algatama,vastu,6,37,83.78378378378379,31
nõudma,kokku,30,185,83.78378378378379,155
torisema,,123,759,83.79446640316206,636
murduma,lahti,11,68,83.82352941176471,57
soleerima,,59,365,83.83561643835617,306
kivinema,,21,130,83.84615384615385,109
sprintima,,21,130,83.84615384615385,109
ironiseerima,,100,620,83.87096774193549,520
juhtima,ees,5,31,83.87096774193549,26
kantima,välja,5,31,83.87096774193549,26
kulpima,,10,62,83.87096774193549,52
nuuksuma,,25,155,83.87096774193549,130
tormama,sisse,20,124,83.87096774193549,104
tõusma,kõrvale,5,31,83.87096774193549,26
andma,kätte,14,87,83.9080459770115,73
lõgistama,,9,56,83.92857142857143,47
võrdlema,,1072,6671,83.9304452106131,5599
tupsutama,,13,81,83.9506172839506,68
sisalduma,,633,3945,83.95437262357414,3312
naljatama,,176,1097,83.95624430264357,921
isima,,4,25,84,21
leidma,kõrvalt,4,25,84,21
olema,"kokku, võlgu",8,50,84,42
paluma,kinni,4,25,84,21
patsima,,4,25,84,21
posima,,8,50,84,42
pääsema,kokku,8,50,84,42
tooma,alles,4,25,84,21
tuletuma,,4,25,84,21
tunema,,4,25,84,21
šveitsima,,4,25,84,21
hulluma,,79,496,84.07258064516128,417
nukrutsema,,39,245,84.08163265306122,206
külastama,kokku,14,88,84.0909090909091,74
ütlema,alla,7,44,84.0909090909091,37
koguma,kokku,129,812,84.11330049261085,683
nõksama,,10,63,84.12698412698413,53
lappima,,61,385,84.15584415584415,324
lagistama,,19,120,84.16666666666667,101
võrduma,,481,3038,84.16721527320605,2557
äparduma,,63,398,84.17085427135679,335
andma,"kokku, välja",3,19,84.21052631578947,16
barrikadeeruma,,3,19,84.21052631578947,16
kandma,üles,3,19,84.21052631578947,16
koogama,,3,19,84.21052631578947,16
kuumama,,9,57,84.21052631578947,48
langema,allapoole,3,19,84.21052631578947,16
lookama,,27,171,84.21052631578947,144
mulama,,6,38,84.21052631578947,32
paiskuma,eemale,3,19,84.21052631578947,16
plaatima,,3,19,84.21052631578947,16
ruttama,edasi,3,19,84.21052631578947,16
sabatama,,3,19,84.21052631578947,16
stiilima,,3,19,84.21052631578947,16
suunduma,alla,3,19,84.21052631578947,16
sõitma,pihta,3,19,84.21052631578947,16
tapma,kokku,6,38,84.21052631578947,32
tuikuma,välja,3,19,84.21052631578947,16
tuiskama,sisse,3,19,84.21052631578947,16
vaidlema,läbi,3,19,84.21052631578947,16
vürtsitama,,30,190,84.21052631578947,160
paikama,,47,298,84.22818791946308,251
sõitma,otsa,441,2802,84.26124197002142,2361
mitmekesistama,,14,89,84.26966292134831,75
tarnima,,120,764,84.29319371727748,644
pitseerima,kinni,8,51,84.31372549019608,43
tundma,läbi,31,198,84.34343434343434,167
assotsieeruma,,92,588,84.35374149659864,496
jöudima,,5,32,84.375,27
kurtma,üle,5,32,84.375,27
mäslema,,5,32,84.375,27
parkuma,,10,64,84.375,54
seadma,kokku,20,128,84.375,108
sõidutama,ringi,5,32,84.375,27
tulistama,läbi,5,32,84.375,27
vurama,mööda,5,32,84.375,27
saavutama,võidu,17,109,84.40366972477065,92
vandaalitsema,,12,77,84.4155844155844,65
nõtkuma,,7,45,84.44444444444444,38
sanktsioneerima,,21,135,84.44444444444444,114
võltsima,,91,585,84.44444444444444,494
kohustama,,624,4013,84.45053575878396,3389
ladustama,,16,103,84.46601941747572,87
sisaldama,kokku,9,58,84.48275862068965,49
hambuma,,26,168,84.52380952380952,142
põrutama,otsa,17,110,84.54545454545455,93
pärandama,,79,512,84.5703125,433
algama,vastu,2,13,84.61538461538461,11
dateerima,,6,39,84.61538461538461,33
demineerima,,2,13,84.61538461538461,11
flippima,,2,13,84.61538461538461,11
gaasitama,,4,26,84.61538461538461,22
hoidma,ülal,4,26,84.61538461538461,22
kalgenduma,,2,13,84.61538461538461,11
kandma,kõrvale,2,13,84.61538461538461,11
kasvama,üles,230,1495,84.61538461538461,1265
kiirustama,kohale,2,13,84.61538461538461,11
kinkima,üle,2,13,84.61538461538461,11
kinnitama,külge,2,13,84.61538461538461,11
kolima,edasi,4,26,84.61538461538461,22
kruttima,lahti,2,13,84.61538461538461,11
kuhjuma,kokku,2,13,84.61538461538461,11
kängima,,4,26,84.61538461538461,22
lukkuma,,2,13,84.61538461538461,11
lupsama,,2,13,84.61538461538461,11
lõpetama,tagasi,4,26,84.61538461538461,22
muuma,,8,52,84.61538461538461,44
muutma,kokku,2,13,84.61538461538461,11
müüma,kaupa,2,13,84.61538461538461,11
näitama,tagasi,2,13,84.61538461538461,11
paksendama,,4,26,84.61538461538461,22
paluma,sisse,2,13,84.61538461538461,11
panetuma,,2,13,84.61538461538461,11
pikendama,kokku,2,13,84.61538461538461,11
pildistama,täis,2,13,84.61538461538461,11
plikatartustnuttima,,2,13,84.61538461538461,11
põgenema,eemale,2,13,84.61538461538461,11
rajama,juurde,2,13,84.61538461538461,11
reisima,kokku,2,13,84.61538461538461,11
restruktureerima,,4,26,84.61538461538461,22
roll-olema,,2,13,84.61538461538461,11
soetama,kokku,2,13,84.61538461538461,11
taaskohtuma,,2,13,84.61538461538461,11
taasvabanema,,2,13,84.61538461538461,11
taavima,,4,26,84.61538461538461,22
tantsima,läbi,4,26,84.61538461538461,22
tekitama,välja,4,26,84.61538461538461,22
tervistama,,2,13,84.61538461538461,11
tervuma,,2,13,84.61538461538461,11
tiakima,,6,39,84.61538461538461,33
toetama,kõrvalt,2,13,84.61538461538461,11
tähendama,kaasa,2,13,84.61538461538461,11
töngima,,2,13,84.61538461538461,11
voolama,laiali,4,26,84.61538461538461,22
võbistama,,4,26,84.61538461538461,22
võtma,alles,2,13,84.61538461538461,11
üürgama,kaasa,2,13,84.61538461538461,11
emigreeruma,,60,391,84.65473145780051,331
kihutama,vastu,25,163,84.66257668711657,138
kähistama,,15,98,84.6938775510204,83
tungima,välja,13,85,84.70588235294117,72
raugastuma,,9,59,84.7457627118644,50
puurima,,163,1069,84.75210477081384,906
koloniseerima,,7,46,84.78260869565217,39
olema,valmis,42,276,84.78260869565217,234
käima,alles,29,191,84.81675392670157,162
hukkuma,,3499,23053,84.82193206957879,19554
vahustama,,44,290,84.82758620689656,246
alustama,koos,5,33,84.84848484848484,28
avaldama,üle,5,33,84.84848484848484,28
kaotama,kokku,10,66,84.84848484848484,56
moodustuma,kokku,5,33,84.84848484848484,28
saatma,kokku,10,66,84.84848484848484,56
uskuma,ära,10,66,84.84848484848484,56
ärastama,,5,33,84.84848484848484,28
kuluma,kokku,53,350,84.85714285714285,297
vangistama,,28,185,84.86486486486487,157
jutustama,,1083,7156,84.86584684181106,6073
punnima,,83,549,84.8816029143898,466
näima,pealt,28,186,84.94623655913979,158
esitama,kokku,26,173,84.97109826589595,147
kirjeldama,,2988,19884,84.97284248642124,16896
andma,tarvis,3,20,85,17
defileerima,,3,20,85,17
deponeerima,,15,100,85,85
haigutama,vastu,3,20,85,17
jälgima,kokku,3,20,85,17
kanoniseerima,,3,20,85,17
kasvatama,ette,3,20,85,17
kleepima,üle,3,20,85,17
konspekteerima,,3,20,85,17
koonduma,ümber,3,20,85,17
kooruma,lahti,3,20,85,17
korrutama,ära,3,20,85,17
kriminaliseerima,,3,20,85,17
küsima,kõrvalt,3,20,85,17
plagieerima,,3,20,85,17
pressima,mööda,3,20,85,17
regullima,,3,20,85,17
saluteerima,,3,20,85,17
sisaldama,välja,3,20,85,17
talluma,,6,40,85,34
võitama,,6,40,85,34
õnnestuma,kokku,3,20,85,17
üllatama,ära,3,20,85,17
spetsialiseeruma,,178,1189,85.02943650126157,1011
juhatama,sisse,139,929,85.03767491926803,790
saatma,kohale,20,134,85.07462686567165,114
muigama,,1165,7806,85.07558288496028,6641
löpetama,,7,47,85.1063829787234,40
liisima,,104,701,85.16405135520685,597
agatama,,4,27,85.18518518518519,23
inuma,,4,27,85.18518518518519,23
nipsutama,,8,54,85.18518518518519,46
olema,"välja, vaja",4,27,85.18518518518519,23
pakkuma,kokku,12,81,85.18518518518519,69
rõngastama,,4,27,85.18518518518519,23
taaskäivituma,,4,27,85.18518518518519,23
vajutama,alt,4,27,85.18518518518519,23
tuvastama,,664,4498,85.23788350377946,3834
paaduma,,94,637,85.24332810047096,543
rebima,maha,19,129,85.27131782945736,110
armukadetsema,,5,34,85.29411764705883,29
lõpetama,ringi,5,34,85.29411764705883,29
riputama,peale,5,34,85.29411764705883,29
transportima,,44,300,85.33333333333334,256
käskima,,825,5637,85.36455561468867,4812
anastama,,6,41,85.36585365853658,35
jäätama,,6,41,85.36585365853658,35
vajama,kokku,12,82,85.36585365853658,70
sepuma,,13,89,85.39325842696628,76
paiskuma,välja,76,521,85.41266794625719,445
fotografeerima,,7,48,85.41666666666666,41
jootma,täis,7,48,85.41666666666666,41
karistama,kokku,7,48,85.41666666666666,41
lükkama,laiali,7,48,85.41666666666666,41
järgnema,,3985,27434,85.47422905883211,23449
registreerima,kokku,10,69,85.5072463768116,59
projekteerima,,140,967,85.52223371251293,827
turvama,,125,864,85.5324074074074,739
tagama,,2475,17206,85.61548297105661,14731
koostama,,1351,9422,85.66121842496285,8071
Galaxylaulma,,1,7,85.71428571428571,6
N. liituma,,2,14,85.71428571428571,12
aitama,tagant,1,7,85.71428571428571,6
ajama,pärani,1,7,85.71428571428571,6
alpima,,2,14,85.71428571428571,12
arutama,üle,1,7,85.71428571428571,6
arvutama,edasi,1,7,85.71428571428571,6
asetama,alla,1,7,85.71428571428571,6
asima,kinni,1,7,85.71428571428571,6
asuma,koht,1,7,85.71428571428571,6
avima,,1,7,85.71428571428571,6
canima,,1,7,85.71428571428571,6
clubima,,1,7,85.71428571428571,6
eesotama,,1,7,85.71428571428571,6
ehitama,tagasi,1,7,85.71428571428571,6
ehituma,üles,1,7,85.71428571428571,6
ekstraheerima,,1,7,85.71428571428571,6
elduma,,2,14,85.71428571428571,12
esindama,üle,1,7,85.71428571428571,6
esitama,ette,1,7,85.71428571428571,6
hailaidima,,1,7,85.71428571428571,6
hakkima,sisse,1,7,85.71428571428571,6
helgatama,,1,7,85.71428571428571,6
hiilgama,vastu,1,7,85.71428571428571,6
hindama,kokku,6,42,85.71428571428571,36
hõlmama,üle,1,7,85.71428571428571,6
hüüatama,vahele,1,7,85.71428571428571,6
iagnema,,1,7,85.71428571428571,6
indutseerima,,5,35,85.71428571428571,30
iseloomustama,peale,1,7,85.71428571428571,6
jagunema,edasi,1,7,85.71428571428571,6
jahvatama,läbi,1,7,85.71428571428571,6
jahvatama,puruks,1,7,85.71428571428571,6
jooksma,järgi,3,21,85.71428571428571,18
joristama,,1,7,85.71428571428571,6
juhendama,lahti,1,7,85.71428571428571,6
juhmistuma,,1,7,85.71428571428571,6
jälgima,üle,2,14,85.71428571428571,12
järkama,,1,7,85.71428571428571,6
kaaluma,maha,1,7,85.71428571428571,6
kablutama,,1,7,85.71428571428571,6
kalkuma,,1,7,85.71428571428571,6
kallinema,kokku,6,42,85.71428571428571,36
kallistama,vastu,1,7,85.71428571428571,6
kamandama,maha,1,7,85.71428571428571,6
kamandama,püsti,2,14,85.71428571428571,12
kandideerima,peale,1,7,85.71428571428571,6
kandma,vastu,1,7,85.71428571428571,6
kannatama,üle,1,7,85.71428571428571,6
kaotama,ilma,1,7,85.71428571428571,6
kaotama,pärast,1,7,85.71428571428571,6
kaotama,ringi,2,14,85.71428571428571,12
kargama,otsa,1,7,85.71428571428571,6
keerama,"ette, tagant",1,7,85.71428571428571,6
keerama,"otsa, ümber",1,7,85.71428571428571,6
keerama,valmis,1,7,85.71428571428571,6
kegima,,2,14,85.71428571428571,12
kehvenema,,1,7,85.71428571428571,6
keppima,läbi,1,7,85.71428571428571,6
ketitama,,1,7,85.71428571428571,6
kiuduma,,1,7,85.71428571428571,6
kiusama,ära,2,14,85.71428571428571,12
klaaritama,,1,7,85.71428571428571,6
klaasima,,1,7,85.71428571428571,6
kobisema,ära,1,7,85.71428571428571,6
komberdama,edasi,1,7,85.71428571428571,6
kordineerima,,1,7,85.71428571428571,6
korraldama,koos,2,14,85.71428571428571,12
korraldama,vastu,1,7,85.71428571428571,6
kraapima,üles,1,7,85.71428571428571,6
krahmama,ära,1,7,85.71428571428571,6
krillima,,2,14,85.71428571428571,12
kritseerima,,1,7,85.71428571428571,6
kujunema,heaks,1,7,85.71428571428571,6
kukkuma,ees,2,14,85.71428571428571,12
kukkuma,lähedal,1,7,85.71428571428571,6
kukkuma,pealt,1,7,85.71428571428571,6
kummardama,alla,1,7,85.71428571428571,6
kustutama,kokku,1,7,85.71428571428571,6
kutsuma,vastu,3,21,85.71428571428571,18
käratama,vastu,1,7,85.71428571428571,6
käsutama,kaasa,1,7,85.71428571428571,6
käänama,üles,1,7,85.71428571428571,6
kõndima,kinni,1,7,85.71428571428571,6
kõnnitama,,1,7,85.71428571428571,6
köhima,ära,1,7,85.71428571428571,6
könksuma,,1,7,85.71428571428571,6
kütma,ära,5,35,85.71428571428571,30
küüruma,,7,49,85.71428571428571,42
küütima,,1,7,85.71428571428571,6
laduma,peale,1,7,85.71428571428571,6
lahkuma,vastu,1,7,85.71428571428571,6
langema,kohale,1,7,85.71428571428571,6
lannima,,1,7,85.71428571428571,6
leidima,,2,14,85.71428571428571,12
leidma,üle,5,35,85.71428571428571,30
levima,tagasi,1,7,85.71428571428571,6
libisema,ees,1,7,85.71428571428571,6
liigutama,ringi,1,7,85.71428571428571,6
litsuma,ligi,1,7,85.71428571428571,6
loadima,ära,1,7,85.71428571428571,6
lonkima,edasi,1,7,85.71428571428571,6
looklema,välja,1,7,85.71428571428571,6
luxuma,,1,7,85.71428571428571,6
lõhkuma,lahti,3,21,85.71428571428571,18
lõpetama,läbi,1,7,85.71428571428571,6
lõpetama,välja,1,7,85.71428571428571,6
lööma,eest,1,7,85.71428571428571,6
maksma,"võlgu, ära",1,7,85.71428571428571,6
manama,välja,1,7,85.71428571428571,6
matistama,,2,14,85.71428571428571,12
mdiakima,,1,7,85.71428571428571,6
minimeerima,,5,35,85.71428571428571,30
minkima,,13,91,85.71428571428571,78
murdma,katki,1,7,85.71428571428571,6
muutuma,kaasa,1,7,85.71428571428571,6
mäkerdama,kokku,2,14,85.71428571428571,12
mängivad-laulma,,1,7,85.71428571428571,6
mässama,ära,1,7,85.71428571428571,6
määrama,edasi,1,7,85.71428571428571,6
mõjutama,alla,1,7,85.71428571428571,6
mölama,,5,35,85.71428571428571,30
müüma,koos,1,7,85.71428571428571,6
müüma,peale,1,7,85.71428571428571,6
niitma,ära,2,14,85.71428571428571,12
nimetama,edasi,1,7,85.71428571428571,6
nomima,,1,7,85.71428571428571,6
nägema,tagant,1,7,85.71428571428571,6
näitama,ees,1,7,85.71428571428571,6
närvutama,,2,14,85.71428571428571,12
nõudma,kinni,1,7,85.71428571428571,6
nõudma,ära,2,14,85.71428571428571,12
oimetuma,,7,49,85.71428571428571,42
olema,eest,1,7,85.71428571428571,6
olema,maas,1,7,85.71428571428571,6
ootama,kinni,1,7,85.71428571428571,6
ootama,üle,2,14,85.71428571428571,12
ootame-vaatama,,1,7,85.71428571428571,6
otsima,lahti,1,7,85.71428571428571,6
otsustama,välja,1,7,85.71428571428571,6
paigutama,ringi,2,14,85.71428571428571,12
painutama,ette,1,7,85.71428571428571,6
palataliseeruma,,1,7,85.71428571428571,6
paluma,lahti,3,21,85.71428571428571,18
panema,tuksi,1,7,85.71428571428571,6
pasitama,,2,14,85.71428571428571,12
peavalutama,,1,7,85.71428571428571,6
pidama,valmis,1,7,85.71428571428571,6
pilootima,,1,7,85.71428571428571,6
pinistama,,1,7,85.71428571428571,6
poolituma,,1,7,85.71428571428571,6
praeguma,,1,7,85.71428571428571,6
punsuma,,3,21,85.71428571428571,18
pupsuma,,1,7,85.71428571428571,6
purustama,ära,1,7,85.71428571428571,6
puuduma,tagasi,1,7,85.71428571428571,6
puudutama,üle,1,7,85.71428571428571,6
puzzlema,,1,7,85.71428571428571,6
pälvima,tänu,1,7,85.71428571428571,6
põlcuma,,1,7,85.71428571428571,6
põltcuma,,1,7,85.71428571428571,6
püüdma,valmis,1,7,85.71428571428571,6
rahuldama,kokku,1,7,85.71428571428571,6
repatrieeruma,,1,7,85.71428571428571,6
revolutsioneerima,,1,7,85.71428571428571,6
riputama,otsa,1,7,85.71428571428571,6
röövima,võidu,1,7,85.71428571428571,6
saabuma,koos,2,14,85.71428571428571,12
saavutama,tagasi,1,7,85.71428571428571,6
seadistama,ümber,1,7,85.71428571428571,6
seadma,peale,1,7,85.71428571428571,6
sebima,ümber,1,7,85.71428571428571,6
seestuma,,1,7,85.71428571428571,6
seletama,vastu,1,7,85.71428571428571,6
sisalduma,kokku,1,7,85.71428571428571,6
sisustama,ära,1,7,85.71428571428571,6
soovima,edasi,1,7,85.71428571428571,6
soovima,tarvis,1,7,85.71428571428571,6
sosisklema,,1,7,85.71428571428571,6
startima,kokku,2,14,85.71428571428571,12
stonema,,1,7,85.71428571428571,6
strippama,,2,14,85.71428571428571,12
suruma,mööda,1,7,85.71428571428571,6
suunduma,vastu,1,7,85.71428571428571,6
sõitma,ligi,1,7,85.71428571428571,6
süttima,vastu,1,7,85.71428571428571,6
tabama,kinni,1,7,85.71428571428571,6
talutama,ära,1,7,85.71428571428571,6
tantsima,kokku,1,7,85.71428571428571,6
taotlema,välja,2,14,85.71428571428571,12
tarbima,kokku,2,14,85.71428571428571,12
tarduma,kohale,1,7,85.71428571428571,6
tarima,kohale,2,14,85.71428571428571,12
tassima,edasi,1,7,85.71428571428571,6
tegema,puruks,1,7,85.71428571428571,6
tegema,putket,1,7,85.71428571428571,6
tegema,"ringi, ära",2,14,85.71428571428571,12
toetama,edasi,3,21,85.71428571428571,18
toimetama,üle,1,7,85.71428571428571,6
toimuma,lähedal,3,21,85.71428571428571,18
tooma,kaupa,1,7,85.71428571428571,6
tooma,koha,2,14,85.71428571428571,12
tootma,üle,2,14,85.71428571428571,12
torkima,edasi,1,7,85.71428571428571,6
tsuskama,,1,7,85.71428571428571,6
tuiskama,kohale,1,7,85.71428571428571,6
tungima,vastu,1,7,85.71428571428571,6
tunnistama,peale,1,7,85.71428571428571,6
tunnistama,vastu,1,7,85.71428571428571,6
tursuma,üles,2,14,85.71428571428571,12
tänama,kaasa,1,7,85.71428571428571,6
tõrjuma,ette,1,7,85.71428571428571,6
tõrjuma,kokku,1,7,85.71428571428571,6
tõukama,lahti,5,35,85.71428571428571,30
töötama,heaks,4,28,85.71428571428571,24
töötlema,edasi,1,7,85.71428571428571,6
udnuma,,1,7,85.71428571428571,6
ulatama,vastu,1,7,85.71428571428571,6
unustama,ette,1,7,85.71428571428571,6
uskuma,vastu,1,7,85.71428571428571,6
uuristuma,,1,7,85.71428571428571,6
vaatlema,läbi,1,7,85.71428571428571,6
vabastama,kokku,1,7,85.71428571428571,6
vahetama,lahti,1,7,85.71428571428571,6
valgustama,läbi,3,21,85.71428571428571,18
valmistama,tarvis,1,7,85.71428571428571,6
valutama,vastu,2,14,85.71428571428571,12
valvama,järele,1,7,85.71428571428571,6
vedama,ümber,1,7,85.71428571428571,6
veeretama,eemale,1,7,85.71428571428571,6
veitsima,,6,42,85.71428571428571,36
viima,võidu,1,7,85.71428571428571,6
vilistama,vastu,1,7,85.71428571428571,6
vinnama,püsti,1,7,85.71428571428571,6
vintsklema,,2,14,85.71428571428571,12
viskama,ringi,2,14,85.71428571428571,12
võistlema,ära,1,7,85.71428571428571,6
võrduma,kokku,1,7,85.71428571428571,6
võtma,ees,1,7,85.71428571428571,6
võtma,ühte,1,7,85.71428571428571,6
vöetuma,vastu,1,7,85.71428571428571,6
vöimaldama,,6,42,85.71428571428571,36
waletama,,1,7,85.71428571428571,6
winima,,1,7,85.71428571428571,6
zoomima,,1,7,85.71428571428571,6
ärgitama,üles,1,7,85.71428571428571,6
õltsima,,1,7,85.71428571428571,6
õnnestuma,tagasi,1,7,85.71428571428571,6
ühendama,üle,1,7,85.71428571428571,6
ühinema,kokku,1,7,85.71428571428571,6
ütlema,ümber,1,7,85.71428571428571,6
imama,,104,732,85.79234972677595,628
põhinema,,1365,9626,85.81965510076876,8261
teenindama,kokku,18,127,85.8267716535433,109
paiskuma,vastu,15,106,85.84905660377359,91
detoneerima,,14,99,85.85858585858585,85
tähendama,kokku,14,99,85.85858585858585,85
usutlema,,20,142,85.91549295774648,122
sõitma,ette,118,838,85.91885441527445,720
sajatama,,38,270,85.92592592592592,232
valama,peale,27,192,85.9375,165
evakueerima,,49,349,85.95988538681948,300
loopima,välja,8,57,85.96491228070175,49
pihtima,,157,1121,85.99464763603925,964
rahmama,,7,50,86,43
lõikama,vahelt,6,43,86.04651162790698,37
rebima,sisse,6,43,86.04651162790698,37
dirigeerima,,118,847,86.06847697756788,729
juhtima,vastu,11,79,86.07594936708861,68
kõrgenema,,96,690,86.08695652173914,594
palistama,,31,223,86.09865470852019,192
roiskuma,,15,108,86.11111111111111,93
sassuma,,5,36,86.11111111111111,31
viskama,täis,5,36,86.11111111111111,31
vähenema,kokku,9,65,86.15384615384616,56
suckima,,22,159,86.16352201257862,137
hukkuma,kokku,34,246,86.1788617886179,212
kepikõndima,,12,87,86.20689655172413,75
kontreerima,,8,58,86.20689655172413,50
käitama,,28,203,86.20689655172413,175
nukkuma,,4,29,86.20689655172413,25
tõmbama,eest,4,29,86.20689655172413,25
võimaldama,,5117,37150,86.22611036339165,32033
piirnema,,76,552,86.23188405797102,476
salgama,,161,1170,86.23931623931624,1009
hõlmama,,1523,11091,86.26814534307096,9568
augustama,,14,102,86.27450980392157,88
pärima,edasi,7,51,86.27450980392157,44
tegutsema,kokku,10,73,86.3013698630137,63
limpama,,13,95,86.31578947368422,82
davima,,3,22,86.36363636363636,19
heroiseerima,,3,22,86.36363636363636,19
kinkima,tagasi,3,22,86.36363636363636,19
lupuma,,3,22,86.36363636363636,19
müüma,üle,3,22,86.36363636363636,19
näitama,vastu,3,22,86.36363636363636,19
sirkama,,3,22,86.36363636363636,19
tabama,vastu,3,22,86.36363636363636,19
tabama,üle,3,22,86.36363636363636,19
unistama,ära,3,22,86.36363636363636,19
veerema,tagasi,3,22,86.36363636363636,19
võitma,lahti,3,22,86.36363636363636,19
taaselustama,,17,125,86.4,108
paluma,tagasi,102,751,86.41810918774966,649
intervjueerima,,72,531,86.4406779661017,459
osalema,üle,8,59,86.4406779661017,51
torkima,tagant,8,59,86.4406779661017,51
viibima,kokku,13,96,86.45833333333334,83
hõikama,vastu,5,37,86.48648648648648,32
kõhistama,,10,74,86.48648648648648,64
suunduma,välja,5,37,86.48648648648648,32
suurustama,,10,74,86.48648648648648,64
toimuma,ümber,5,37,86.48648648648648,32
üklema,,5,37,86.48648648648648,32
vinnima,,22,163,86.50306748466258,141
müüma,kokku,35,260,86.53846153846155,225
summeerima,,7,52,86.53846153846155,45
tükeldama,,72,535,86.54205607476636,463
andma,mahti,2,15,86.66666666666667,13
eksamineerima,,4,30,86.66666666666667,26
jätkama,peale,2,15,86.66666666666667,13
kenitlema,,2,15,86.66666666666667,13
krijutama,,2,15,86.66666666666667,13
kuivendama,,2,15,86.66666666666667,13
laurima,,2,15,86.66666666666667,13
leidma,alt,2,15,86.66666666666667,13
leiguma,,2,15,86.66666666666667,13
linema,,2,15,86.66666666666667,13
lähenema,tagant,2,15,86.66666666666667,13
meelitama,kaasa,4,30,86.66666666666667,26
mulgustama,,2,15,86.66666666666667,13
mökkama,,2,15,86.66666666666667,13
näitama,peale,4,30,86.66666666666667,26
osalema,alla,2,15,86.66666666666667,13
pakkuma,kaasa,4,30,86.66666666666667,26
patentima,,4,30,86.66666666666667,26
peletama,välja,2,15,86.66666666666667,13
pladisema,,2,15,86.66666666666667,13
pääsema,"üle, ümber",2,15,86.66666666666667,13
põgenema,välja,2,15,86.66666666666667,13
pöhjendama,,4,30,86.66666666666667,26
rehkendama,kokku,4,30,86.66666666666667,26
sampsima,,2,15,86.66666666666667,13
spurtima,mööda,2,15,86.66666666666667,13
säratama,,2,15,86.66666666666667,13
viima,ilma,2,15,86.66666666666667,13
virisema,ära,2,15,86.66666666666667,13
võdistama,,18,135,86.66666666666667,117
õlletama,,2,15,86.66666666666667,13
õmblema,külge,2,15,86.66666666666667,13
külgnema,,19,143,86.7132867132867,124
sõitma,külge,10,76,86.8421052631579,66
leidma,kokku,16,122,86.88524590163934,106
raevutsema,,8,61,86.88524590163934,53
koordineerima,,173,1320,86.89393939393939,1147
ütlema,,71642,546927,86.90099409976104,475285
annekteerima,,9,69,86.95652173913044,60
kahima,,6,46,86.95652173913044,40
kriipsutama,läbi,3,23,86.95652173913044,20
poetama,vahele,3,23,86.95652173913044,20
programmima,,3,23,86.95652173913044,20
põlema,kokku,3,23,86.95652173913044,20
redutseerima,,3,23,86.95652173913044,20
relvastama,,9,69,86.95652173913044,60
röövima,kokku,3,23,86.95652173913044,20
samplima,,3,23,86.95652173913044,20
teatama,vastu,3,23,86.95652173913044,20
tönnima,,3,23,86.95652173913044,20
laaberdama,,10,77,87.01298701298701,67
puistama,üle,7,54,87.03703703703704,47
väljastama,kokku,7,54,87.03703703703704,47
kohkuma,tagasi,25,193,87.04663212435233,168
golfima,,4,31,87.09677419354838,27
oletama,,856,6666,87.15871587158716,5810
hõikama,vahele,5,39,87.17948717948718,34
lõikama,puruks,5,39,87.17948717948718,34
pagendama,,5,39,87.17948717948718,34
ütlema,kõrvalt,5,39,87.17948717948718,34
mõtisklema,,340,2662,87.22764838467317,2322
muukima,,6,47,87.2340425531915,41
sammalduma,,12,94,87.2340425531915,82
luukama,,8,63,87.3015873015873,55
tipnema,,106,838,87.3508353221957,732
unistama,edasi,16,127,87.4015748031496,111
pärima,,1302,10340,87.40812379110251,9038
ulatuma,kokku,26,207,87.43961352657004,181
kohustuma,,305,2429,87.44339234252779,2124
sedastama,,57,455,87.47252747252747,398
Knight17magama,,1,8,87.5,7
Psyhhomagama,,1,8,87.5,7
algama,välja,2,16,87.5,14
anema,,1,8,87.5,7
aplama,,2,16,87.5,14
astuma,puruks,1,8,87.5,7
astuma,"üles, kokku",1,8,87.5,7
blondeerima,ära,1,8,87.5,7
deaktiveerima,,1,8,87.5,7
deporteerima,,3,24,87.5,21
eerima,,1,8,87.5,7
elama,ilma,1,8,87.5,7
eraldama,kokku,12,96,87.5,84
hajutama,ära,1,8,87.5,7
hammustama,välja,1,8,87.5,7
hannema,,1,8,87.5,7
hoidma,ilma,1,8,87.5,7
hõljuma,eemale,1,8,87.5,7
hõõruma,alla,1,8,87.5,7
hüppama,ees,1,8,87.5,7
ilmuma,peale,1,8,87.5,7
indikeerima,,1,8,87.5,7
inimlikustama,,1,8,87.5,7
investeerima,üle,1,8,87.5,7
irwima,,1,8,87.5,7
istutama,kokku,1,8,87.5,7
joonima,alla,2,16,87.5,14
juhutuma,,1,8,87.5,7
julgestama,,19,152,87.5,133
jälgima,ilma,1,8,87.5,7
jätma,üle,2,16,87.5,14
kaduma,peale,1,8,87.5,7
kahlama,läbi,1,8,87.5,7
kaikuma,üle,1,8,87.5,7
kappama,edasi,1,8,87.5,7
kasvama,mööda,1,8,87.5,7
kavaldama,välja,1,8,87.5,7
keksima,edasi,1,8,87.5,7
kiirustama,üles,1,8,87.5,7
kiitma,vastu,2,16,87.5,14
kisendama,järele,1,8,87.5,7
kivistama,,1,8,87.5,7
klopsima,,3,24,87.5,21
koitama,,2,16,87.5,14
koperdama,alla,1,8,87.5,7
koperdama,otsa,2,16,87.5,14
kristiinema,,1,8,87.5,7
kukkuma,käpuli,1,8,87.5,7
kulmineerima,,3,24,87.5,21
kupeldama,maha,1,8,87.5,7
kuselema,,1,8,87.5,7
kutsustuma,,2,16,87.5,14
küsitlema,üle,1,8,87.5,7
laadima,sisse,1,8,87.5,7
ladisema,,1,8,87.5,7
lahastama,,1,8,87.5,7
lahjendama,ära,1,8,87.5,7
lahkuma,alles,1,8,87.5,7
lebasklema,,1,8,87.5,7
leidma,lahti,1,8,87.5,7
leidma,valmis,1,8,87.5,7
lendama,eest,6,48,87.5,42
lugema,heaks,1,8,87.5,7
lätsima,,3,24,87.5,21
lõpetama,kaasa,1,8,87.5,7
lõpetama,koos,2,16,87.5,14
lõpetama,peale,1,8,87.5,7
m6tetuma,,1,8,87.5,7
maalima,täis,1,8,87.5,7
mineraliseeruma,,1,8,87.5,7
musilyjalavaluma,,1,8,87.5,7
märkima,välja,1,8,87.5,7
määrama,kohale,1,8,87.5,7
müntima,,1,8,87.5,7
naerma,kõrvalt,1,8,87.5,7
nägema,"ette, välja",1,8,87.5,7
nõrutama,,10,80,87.5,70
olema,jälil,1,8,87.5,7
olema,"pealt, ära",1,8,87.5,7
olema,puruks,1,8,87.5,7
padisema,,1,8,87.5,7
paigutama,kokku,2,16,87.5,14
painutama,kokku,1,8,87.5,7
paluma,läbi,1,8,87.5,7
peaaguma,,1,8,87.5,7
pelgama,ära,1,8,87.5,7
pesema,läbi,3,24,87.5,21
pidama,maas,1,8,87.5,7
pimestuma,,1,8,87.5,7
plaasterdama,,1,8,87.5,7
poetama,kõrvalt,1,8,87.5,7
pomisema,vastu,1,8,87.5,7
poseerima,tarvis,1,8,87.5,7
pugisema,,1,8,87.5,7
puhuma,maha,1,8,87.5,7
punktima,,2,16,87.5,14
punnima,üle,1,8,87.5,7
puänteerima,,1,8,87.5,7
pätsama,ära,1,8,87.5,7
põhjenema,,1,8,87.5,7
pügama,ära,1,8,87.5,7
ragistama,edasi,1,8,87.5,7
rahastama,kokku,2,16,87.5,14
raputama,üle,4,32,87.5,28
registreerima,üle,1,8,87.5,7
rämetsema,,1,8,87.5,7
rõivima,,1,8,87.5,7
rõkkama,vastu,1,8,87.5,7
röhutama,,2,16,87.5,14
saabuma,kaasas,1,8,87.5,7
saavutama,alla,1,8,87.5,7
sarvestuma,,1,8,87.5,7
seadma,üle,1,8,87.5,7
shantazheerima,,3,24,87.5,21
sipsama,,1,8,87.5,7
sopistuma,,1,8,87.5,7
sotsuma,,1,8,87.5,7
spetsialiseerima,,2,16,87.5,14
sukkima,,5,40,87.5,35
surema,koos,1,8,87.5,7
sätestama,ringi,1,8,87.5,7
sõitma,lähedal,1,8,87.5,7
sõitma,pealt,1,8,87.5,7
sõitma,täis,2,16,87.5,14
sõmama,,1,8,87.5,7
süstima,edasi,1,8,87.5,7
tablema,,3,24,87.5,21
tahstima,,1,8,87.5,7
tassima,üles,1,8,87.5,7
tauruma,,1,8,87.5,7
telekineesima,,1,8,87.5,7
tellima,vastu,1,8,87.5,7
tiinestuma,,1,8,87.5,7
triikima,ära,2,16,87.5,14
tuhisema,üle,1,8,87.5,7
tunnistama,üle,1,8,87.5,7
tutvuma,alles,1,8,87.5,7
täiendama,kõrvalt,1,8,87.5,7
tõukama,ümber,2,16,87.5,14
töusnuma,,2,16,87.5,14
udjama,,1,8,87.5,7
uutama,,1,8,87.5,7
vahistama,kokku,1,8,87.5,7
valguma,peale,1,8,87.5,7
vedelema,laiali,2,16,87.5,14
veeretama,sisse,1,8,87.5,7
viiekordistama,,1,8,87.5,7
viskuma,alla,1,8,87.5,7
vältama,kokku,2,16,87.5,14
väntama,ringi,1,8,87.5,7
võimaldama,sisse,1,8,87.5,7
võimaldama,valmis,1,8,87.5,7
võitlema,"välja, võidu",1,8,87.5,7
võitma,alles,1,8,87.5,7
võmaldama,,1,8,87.5,7
võppuma,,1,8,87.5,7
võtma,"vastu, üle",1,8,87.5,7
vöitima,,5,40,87.5,35
ühituma,,1,8,87.5,7
arutlema,,1022,8259,87.62562053517375,7237
võitma,kokku,21,170,87.6470588235294,149
kikitama,,10,81,87.65432098765432,71
jõustuma,,1604,13017,87.67765230083737,11413
kontrollima,kokku,7,57,87.71929824561403,50
puudutama,kokku,5,41,87.8048780487805,36
kurjustama,,94,774,87.85529715762273,680
administreerima,,4,33,87.87878787878788,29
naljatlema,,28,231,87.87878787878788,203
pea-aeguma,,4,33,87.87878787878788,29
aliinanaeratama,,7,58,87.93103448275862,51
toniseerima,,7,58,87.93103448275862,51
mööduma,,5791,48182,87.98098875098584,42391
vältama,,262,2182,87.99266727772685,1920
atesteerima,,6,50,88,44
jooma,kõrvale,3,25,88,22
konfereerima,,6,50,88,44
kummarduma,kohale,3,25,88,22
külastama,üle,3,25,88,22
rühkima,ette,3,25,88,22
teenima,kaasa,3,25,88,22
otsama,,5,42,88.09523809523809,37
ilmuma,kokku,9,76,88.1578947368421,67
idlema,,2,17,88.23529411764706,15
kasvatama,kokku,2,17,88.23529411764706,15
krohvima,,2,17,88.23529411764706,15
käunuma,,2,17,88.23529411764706,15
lehitsema,läbi,2,17,88.23529411764706,15
lubama,alla,2,17,88.23529411764706,15
orkestreerima,,4,34,88.23529411764706,30
paiskama,üles,2,17,88.23529411764706,15
pistma,ette,2,17,88.23529411764706,15
rebima,lõhki,2,17,88.23529411764706,15
systima,,2,17,88.23529411764706,15
taasilmuma,,2,17,88.23529411764706,15
tatuma,,6,51,88.23529411764706,45
teenima,võidu,2,17,88.23529411764706,15
vedama,eest,2,17,88.23529411764706,15
viisistama,,4,34,88.23529411764706,30
viitsima,edasi,2,17,88.23529411764706,15
võitma,ees,2,17,88.23529411764706,15
wordima,,2,17,88.23529411764706,15
eskortima,,19,162,88.27160493827161,143
raputama,peale,11,94,88.29787234042553,83
ajakohastama,,16,137,88.32116788321169,121
pihtama,,5,43,88.37209302325581,38
tõendama,,390,3378,88.45470692717583,2988
katma,pealt,3,26,88.46153846153845,23
konvoeerima,,3,26,88.46153846153845,23
kopsuma,,3,26,88.46153846153845,23
loenduma,,3,26,88.46153846153845,23
puistama,peale,9,78,88.46153846153845,69
ruttama,vastu,3,26,88.46153846153845,23
sirutama,laiali,3,26,88.46153846153845,23
sisaldama,peale,3,26,88.46153846153845,23
vöttima,,6,52,88.46153846153845,46
ületama,kokku,12,104,88.46153846153845,92
moodustama,kokku,62,542,88.56088560885608,480
paluma,,12588,110143,88.57122104899993,97555
alustama,alles,4,35,88.57142857142857,31
kastreerima,,4,35,88.57142857142857,31
rõõmutsema,,4,35,88.57142857142857,31
söitima,,4,35,88.57142857142857,31
juhtima,otsa,5,44,88.63636363636364,39
irdama,,6,53,88.67924528301887,47
majutuma,,12,106,88.67924528301887,94
ääristama,,34,301,88.70431893687709,267
kiirustama,tagant,8,71,88.73239436619718,63
läppuma,,8,71,88.73239436619718,63
kestma,kokku,30,267,88.76404494382022,237
Bondi-filmima,,1,9,88.88888888888889,8
MaRcAigavlema,,1,9,88.88888888888889,8
andma,järel,1,9,88.88888888888889,8
arvama,vastu,1,9,88.88888888888889,8
asuma,lahti,1,9,88.88888888888889,8
ehitama,kinni,3,27,88.88888888888889,24
esinema,kokku,8,72,88.88888888888889,64
esitama,üle,1,9,88.88888888888889,8
estetiseerima,,1,9,88.88888888888889,8
fantaseerima,edasi,1,9,88.88888888888889,8
haarama,välja,1,9,88.88888888888889,8
hakkama,koos,1,9,88.88888888888889,8
hallatama,,8,72,88.88888888888889,64
hoidma,eest,2,18,88.88888888888889,16
hüppama,ligi,1,9,88.88888888888889,8
hüüdma,tagasi,1,9,88.88888888888889,8
julguma,,1,9,88.88888888888889,8
jõustuma,alles,1,9,88.88888888888889,8
kaaluma,alla,3,27,88.88888888888889,24
kaaluma,tagasi,1,9,88.88888888888889,8
kandma,kaasa,2,18,88.88888888888889,16
katkestama,pealt,1,9,88.88888888888889,8
keelduma,välja,2,18,88.88888888888889,16
kestma,alles,3,27,88.88888888888889,24
kihutama,taga,1,9,88.88888888888889,8
kiirustama,alla,1,9,88.88888888888889,8
kirjeldama,välja,1,9,88.88888888888889,8
koguma,alla,1,9,88.88888888888889,8
kruvima,peale,1,9,88.88888888888889,8
küllastama,,2,18,88.88888888888889,16
laekuma,läbi,1,9,88.88888888888889,8
lamenema,,2,18,88.88888888888889,16
leidma,alles,1,9,88.88888888888889,8
lendama,koos,1,9,88.88888888888889,8
lentsima,,1,9,88.88888888888889,8
lonkima,välja,1,9,88.88888888888889,8
loopima,puruks,4,36,88.88888888888889,32
lustitama,,1,9,88.88888888888889,8
läpatama,,1,9,88.88888888888889,8
lööma,juurde,1,9,88.88888888888889,8
maksimeerima,,2,18,88.88888888888889,16
mestima,,1,9,88.88888888888889,8
mimima,,1,9,88.88888888888889,8
mäkima,,1,9,88.88888888888889,8
määrima,laiali,1,9,88.88888888888889,8
nimetama,läbi,1,9,88.88888888888889,8
nutma,läbi,1,9,88.88888888888889,8
nuusutama,läbi,1,9,88.88888888888889,8
nähtuma,"kokku, ette",1,9,88.88888888888889,8
ohverduma,,1,9,88.88888888888889,8
olema,pärast,1,9,88.88888888888889,8
olema,"üles, vaja",1,9,88.88888888888889,8
otsima,ringi,1,9,88.88888888888889,8
paigaldama,sisse,1,9,88.88888888888889,8
pakkuma,tagant,1,9,88.88888888888889,8
paluma,edasi,3,27,88.88888888888889,24
peksma,üles,2,18,88.88888888888889,16
periodiseerima,,1,9,88.88888888888889,8
piakima,,1,9,88.88888888888889,8
pidama,üles,1,9,88.88888888888889,8
pizima,,1,9,88.88888888888889,8
plaksutama,tagasi,1,9,88.88888888888889,8
probleemitsema,,1,9,88.88888888888889,8
puhuma,alla,1,9,88.88888888888889,8
pyhendama,,1,9,88.88888888888889,8
päästma,vastu,1,9,88.88888888888889,8
põhjustama,välja,1,9,88.88888888888889,8
põlvitama,ette,1,9,88.88888888888889,8
püsima,läbi,1,9,88.88888888888889,8
rambima,,1,9,88.88888888888889,8
rasestama,,1,9,88.88888888888889,8
registreeruma,kokku,3,27,88.88888888888889,24
ruttama,välja,2,18,88.88888888888889,16
saabuma,kokku,8,72,88.88888888888889,64
saagima,lahti,1,9,88.88888888888889,8
sagrima,,2,18,88.88888888888889,16
semutsema,,1,9,88.88888888888889,8
soovima,valmis,1,9,88.88888888888889,8
sööstma,üle,1,9,88.88888888888889,8
tabama,järel,1,9,88.88888888888889,8
tagama,välja,1,9,88.88888888888889,8
tahtma,kokku,4,36,88.88888888888889,32
tassima,ette,1,9,88.88888888888889,8
tegelema,peale,1,9,88.88888888888889,8
tegema,kõrvalt,1,9,88.88888888888889,8
tekkima,üle,1,9,88.88888888888889,8
tellima,tagasi,1,9,88.88888888888889,8
torkama,otsa,1,9,88.88888888888889,8
tuletama,välja,1,9,88.88888888888889,8
turgutama,üles,1,9,88.88888888888889,8
tõmama,,1,9,88.88888888888889,8
tõstma,pealt,1,9,88.88888888888889,8
valguma,kokku,1,9,88.88888888888889,8
vastama,välja,1,9,88.88888888888889,8
veerema,vastu,1,9,88.88888888888889,8
vibelema,,1,9,88.88888888888889,8
viima,maha,1,9,88.88888888888889,8
vägama,,1,9,88.88888888888889,8
võta-võtma,,1,9,88.88888888888889,8
yhtkima,,1,9,88.88888888888889,8
ära,lahku,1,9,88.88888888888889,8
äsama,vastu,1,9,88.88888888888889,8
ööbima,kokku,1,9,88.88888888888889,8
olema,peale,38,343,88.92128279883383,305
pankrotistuma,,185,1676,88.9618138424821,1491
pidama,kokku,8,73,89.04109589041096,65
avameelitsema,,14,128,89.0625,114
resümeerima,,61,559,89.08765652951699,498
murima,,5,46,89.13043478260869,41
kartma,ära,8,74,89.1891891891892,66
kiirustama,välja,4,37,89.1891891891892,33
laekuma,kokku,56,518,89.1891891891892,462
meelitama,tagasi,4,37,89.1891891891892,33
möödnuma,,4,37,89.1891891891892,33
tahmuma,,11,102,89.2156862745098,91
kypsetama,,3,28,89.28571428571429,25
mukkima,,9,84,89.28571428571429,75
punduma,,6,56,89.28571428571429,50
soovima,kokku,3,28,89.28571428571429,25
rühmituma,,30,282,89.36170212765957,252
kasvatama,alla,7,66,89.39393939393939,59
sündima,kokku,7,66,89.39393939393939,59
andruma,,2,19,89.47368421052632,17
garneerima,,2,19,89.47368421052632,17
hapendama,,2,19,89.47368421052632,17
hällima,,2,19,89.47368421052632,17
hääletama,kokku,2,19,89.47368421052632,17
invaliidistuma,,26,247,89.47368421052632,221
klapitama,,2,19,89.47368421052632,17
konfiskeerima,kokku,2,19,89.47368421052632,17
läbima,kokku,8,76,89.47368421052632,68
määnduma,,2,19,89.47368421052632,17
nugima,,4,38,89.47368421052632,34
opteeruma,,2,19,89.47368421052632,17
raksama,,2,19,89.47368421052632,17
eelnema,,547,5241,89.56306048464033,4694
kootuma,,22,211,89.57345971563981,189
6petma,,3,29,89.65517241379311,26
härduma,,3,29,89.65517241379311,26
sittuma,täis,18,174,89.65517241379311,156
täidima,,6,58,89.65517241379311,52
vaguma,,3,29,89.65517241379311,26
patsuma,,17,165,89.6969696969697,148
raevuma,,32,311,89.71061093247589,279
habetuma,,18,175,89.71428571428571,157
kaebama,üle,4,39,89.74358974358975,35
tulistama,vastu,8,78,89.74358974358975,70
tursuma,,12,117,89.74358974358975,105
esitama,vastu,10,98,89.79591836734694,88
viruma,,11,108,89.81481481481481,97
joovastuma,,6,59,89.83050847457628,53
palama,,6,59,89.83050847457628,53
Flykoristama,,3,30,90,27
QbaAffabielluma,,1,10,90,9
aasama,,1,10,90,9
aitama,mööda,1,10,90,9
andma,"välja, kokku",1,10,90,9
arutama,kokku,1,10,90,9
avama,tagasi,1,10,90,9
eelnema,kokku,1,10,90,9
elvima,,1,10,90,9
frustreeruma,,2,20,90,18
haljastama,,1,10,90,9
hindama,heaks,17,170,90,153
hubisema,,3,30,90,27
hõljutama,,2,20,90,18
joondama,,1,10,90,9
jäärama,,1,10,90,9
kahtlustama,kokku,1,10,90,9
karjuma,kaasa,1,10,90,9
kastuma,,1,10,90,9
kiskuma,ligi,1,10,90,9
kiskuma,puruks,2,20,90,18
kukkuma,alt,1,10,90,9
kukkuma,katki,2,20,90,18
kuulama,kinni,1,10,90,9
kärtsuma,,1,10,90,9
liizu-valmistuma,,3,30,90,27
looma,eest,1,10,90,9
looma,lukku,1,10,90,9
looma,lõhki,1,10,90,9
lubama,vastu,1,10,90,9
läbima,tagasi,1,10,90,9
masulama,,1,10,90,9
minema,"kokku, vaja",1,10,90,9
mingijamaolema,,1,10,90,9
murduma,maha,1,10,90,9
määrama,kokku,9,90,90,81
mõjutama,peale,1,10,90,9
mõõdistama,,3,30,90,27
naerma,puruks,2,20,90,18
narrima,vastu,1,10,90,9
nuppuma,,1,10,90,9
nõudma,üle,1,10,90,9
otsima,alles,3,30,90,27
p6genema,,1,10,90,9
pahurdama,,1,10,90,9
parkima,ära,1,10,90,9
patsatama,,1,10,90,9
peilima,,2,20,90,18
pimendama,,1,10,90,9
pisikekatma,,3,30,90,27
pressima,"välja, kokku",1,10,90,9
pukkima,,1,10,90,9
purjetama,välja,1,10,90,9
põhjenduma,,1,10,90,9
rammima,välja,2,20,90,18
riisuma,kokku,5,50,90,45
riputama,üle,1,10,90,9
risustuma,,2,20,90,18
romantiseerima,,2,20,90,18
salmima,,1,10,90,9
seadma,kõrvale,1,10,90,9
silenema,,2,20,90,18
siplema,välja,1,10,90,9
sisenema,ilma,1,10,90,9
skalpeerima,,3,30,90,27
soolama,sisse,1,10,90,9
spurtima,järele,1,10,90,9
süüdistama,kokku,2,20,90,18
taasriigistama,,1,10,90,9
taasühendama,,1,10,90,9
tahtma,esile,1,10,90,9
tarima,välja,1,10,90,9
tegutsema,peale,1,10,90,9
tootma,üles,1,10,90,9
tsiviliseerima,,1,10,90,9
tuimastama,,1,10,90,9
tulema,"kokku, vastu",1,10,90,9
tõukama,takka,1,10,90,9
uskuma,tagasi,1,10,90,9
vahetama,sisse,1,10,90,9
valima,alla,1,10,90,9
valima,koos,1,10,90,9
vastama,peale,1,10,90,9
vormistama,kokku,1,10,90,9
vurama,ette,1,10,90,9
võistlema,kokku,4,40,90,36
Ökosilima,,1,10,90,9
ülbama,ära,2,20,90,18
põlvnema,,16,161,90.06211180124224,145
pukseerima,,10,101,90.0990099009901,91
räbalduma,,10,102,90.19607843137256,92
kandma,läbi,4,41,90.2439024390244,37
muhelema,,223,2309,90.34213945430922,2086
Mategema,,5,52,90.38461538461539,47
kandideerima,kokku,9,94,90.42553191489363,85
Microlinkima,,2,21,90.47619047619048,19
arhiivima,,2,21,90.47619047619048,19
hüsteeritsema,,4,42,90.47619047619048,38
kanduma,laiali,2,21,90.47619047619048,19
lokitama,,2,21,90.47619047619048,19
neljakordistama,,2,21,90.47619047619048,19
on-olema,,4,42,90.47619047619048,38
paiskuma,tagasi,2,21,90.47619047619048,19
panema,"ära, tähele",2,21,90.47619047619048,19
peenestama,,8,84,90.47619047619048,76
liguma,,14,148,90.54054054054053,134
Shania-Jennifer14koristama,,3,32,90.625,29
lesestuma,,6,64,90.625,58
rasima,,3,32,90.625,29
tekitama,kokku,6,64,90.625,58
chokotantsima,,7,75,90.66666666666666,68
imema,lahti,4,43,90.69767441860465,39
profileerima,,12,129,90.69767441860465,117
salvama,,28,304,90.78947368421053,276
rebima,,1091,11971,90.88630857906608,10880
FreeMan25trtleinama,,1,11,90.9090909090909,10
andma,kohale,1,11,90.9090909090909,10
arvutama,maha,1,11,90.9090909090909,10
autentima,,1,11,90.9090909090909,10
automatiseerima,,1,11,90.9090909090909,10
dammuma,,1,11,90.9090909090909,10
duellima,,7,77,90.9090909090909,70
emuleerima,,1,11,90.9090909090909,10
erkima,,2,22,90.9090909090909,20
filtrima,,1,11,90.9090909090909,10
haarama,kätte,1,11,90.9090909090909,10
haigestuma,kokku,1,11,90.9090909090909,10
hakkama,mööda,1,11,90.9090909090909,10
heliseb-kõlisema,,1,11,90.9090909090909,10
hoidma,järel,1,11,90.9090909090909,10
inkuma,,1,11,90.9090909090909,10
irisema,ära,1,11,90.9090909090909,10
jätkuma,rahule,2,22,90.9090909090909,20
jääma,kätte,1,11,90.9090909090909,10
kaetama,ära,1,11,90.9090909090909,10
kaevlema,,1,11,90.9090909090909,10
kavandama,kokku,1,11,90.9090909090909,10
kihutama,ette,3,33,90.9090909090909,30
kinkima,vastu,1,11,90.9090909090909,10
kirjendama,,1,11,90.9090909090909,10
kitjutama,,1,11,90.9090909090909,10
krahlima,,1,11,90.9090909090909,10
kuivetuma,,3,33,90.9090909090909,30
kuumendama,,1,11,90.9090909090909,10
kuumuma,,1,11,90.9090909090909,10
küsima,lahti,1,11,90.9090909090909,10
litsuma,puruks,1,11,90.9090909090909,10
looma,eemale,1,11,90.9090909090909,10
lükkama,eest,1,11,90.9090909090909,10
mismima,,1,11,90.9090909090909,10
naaksuma,,1,11,90.9090909090909,10
ostma,koos,1,11,90.9090909090909,10
paaritama,,2,22,90.9090909090909,20
palvetama,koos,1,11,90.9090909090909,10
parkima,ette,1,11,90.9090909090909,10
peenenema,,1,11,90.9090909090909,10
puhituma,,1,11,90.9090909090909,10
pyydima,,1,11,90.9090909090909,10
rajama,üle,1,11,90.9090909090909,10
ründama,kokku,1,11,90.9090909090909,10
seadma,tagasi,1,11,90.9090909090909,10
sipsima,,1,11,90.9090909090909,10
tagurdama,otsa,13,143,90.9090909090909,130
tahuma,välja,1,11,90.9090909090909,10
tangima,,1,11,90.9090909090909,10
tappima,kokku,1,11,90.9090909090909,10
teandkima,,1,11,90.9090909090909,10
teenima,koos,1,11,90.9090909090909,10
tunnistama,välja,1,11,90.9090909090909,10
täiendama,välja,1,11,90.9090909090909,10
vaatama,kokku,6,66,90.9090909090909,60
vehkima,ringi,1,11,90.9090909090909,10
viima,kätte,1,11,90.9090909090909,10
vottima,,1,11,90.9090909090909,10
vöötama,,1,11,90.9090909090909,10
ütlema,pärast,1,11,90.9090909090909,10
ütlema,rahul,1,11,90.9090909090909,10
TallinnaMeestegutsema,,3,34,91.17647058823529,31
hukkuma,vastu,3,34,91.17647058823529,31
sosistama,vastu,3,34,91.17647058823529,31
pääsema,ringi,15,171,91.22807017543859,156
virtsuma,,5,57,91.22807017543859,52
ahastama,,55,629,91.25596184419715,574
koosnema,kokku,4,46,91.30434782608695,42
sooritama,kokku,2,23,91.30434782608695,21
uuduma,,2,23,91.30434782608695,21
salaküttima,,12,139,91.36690647482014,127
potsama,,5,58,91.37931034482759,53
tõrvama,,93,1082,91.40480591497227,989
lisama,,8885,103504,91.41579069407946,94619
puhtima,,3,35,91.42857142857143,32
rulluma,,75,884,91.51583710407239,809
põhjendama,,1707,20189,91.54490068849374,18482
tõdema,,2424,28809,91.58596271998334,26385
saatma,ette,9,107,91.58878504672897,98
Keskusema,,1,12,91.66666666666666,11
adapteerima,,1,12,91.66666666666666,11
brändima,,1,12,91.66666666666666,11
focuma,,1,12,91.66666666666666,11
juhtima,ette,2,24,91.66666666666666,22
juhtima,ilma,1,12,91.66666666666666,11
juxima,,1,12,91.66666666666666,11
kablima,,1,12,91.66666666666666,11
kalgistuma,,1,12,91.66666666666666,11
kirjutama,tarvis,1,12,91.66666666666666,11
kiruma,ilma,1,12,91.66666666666666,11
kutsuma,rahule,1,12,91.66666666666666,11
kõlama,välja,1,12,91.66666666666666,11
libisema,vastu,1,12,91.66666666666666,11
loetlema,kokku,1,12,91.66666666666666,11
lootma,kokku,1,12,91.66666666666666,11
loputama,alla,2,24,91.66666666666666,22
mõtisklema,edasi,1,12,91.66666666666666,11
möllama,kokku,1,12,91.66666666666666,11
nahatama,,1,12,91.66666666666666,11
neetima,,1,12,91.66666666666666,11
näitama,alla,2,24,91.66666666666666,22
nõjatuma,tagasi,1,12,91.66666666666666,11
oolima,,1,12,91.66666666666666,11
ostma,läbi,1,12,91.66666666666666,11
saanduma,,1,12,91.66666666666666,11
seadma,välja,1,12,91.66666666666666,11
seisma,tagasi,1,12,91.66666666666666,11
sertifitseerima,,2,24,91.66666666666666,22
summima,,1,12,91.66666666666666,11
süstematiseerima,,6,72,91.66666666666666,66
süüdistama,vastu,1,12,91.66666666666666,11
targutama,ära,1,12,91.66666666666666,11
tegutsema,läbi,1,12,91.66666666666666,11
tundma,tagasi,1,12,91.66666666666666,11
tundma,valmis,1,12,91.66666666666666,11
töstima,,1,12,91.66666666666666,11
voorima,sisse,1,12,91.66666666666666,11
äkima,,1,12,91.66666666666666,11
õrnuma,,1,12,91.66666666666666,11
paiskuma,ümber,7,85,91.76470588235294,78
generaliseeruma,,3,37,91.8918918918919,34
osalema,kokku,61,756,91.93121693121694,695
januma,,5,62,91.93548387096774,57
eksima,kokku,2,25,92,23
mumifitseeruma,,2,25,92,23
paiskama,eemale,2,25,92,23
ruuulima,,2,25,92,23
hõlmama,kokku,7,88,92.04545454545455,81
tusatsema,,7,88,92.04545454545455,81
mustuma,,5,63,92.06349206349206,58
sölmima,,3,38,92.10526315789474,35
loetlema,,297,3809,92.20267786820688,3512
Kapuutsnuputama,,6,77,92.20779220779221,71
maitsestama,,54,699,92.27467811158799,645
alistama,ringi,1,13,92.3076923076923,12
amima,,1,13,92.3076923076923,12
fokusseerima,,1,13,92.3076923076923,12
hõlmama,välja,1,13,92.3076923076923,12
isoleeruma,,1,13,92.3076923076923,12
kaapima,välja,1,13,92.3076923076923,12
kapsama,,1,13,92.3076923076923,12
karamellistuma,,1,13,92.3076923076923,12
kihutama,takka,1,13,92.3076923076923,12
kirvendama,,1,13,92.3076923076923,12
kostma,kõrvalt,1,13,92.3076923076923,12
kuduma,valmis,1,13,92.3076923076923,12
lisama,kõrvalt,2,26,92.3076923076923,24
lõpetama,üle,1,13,92.3076923076923,12
modegirlkoristama,,1,13,92.3076923076923,12
nipsama,,1,13,92.3076923076923,12
nöustuma,,1,13,92.3076923076923,12
paigaldama,kokku,1,13,92.3076923076923,12
peletama,tagasi,1,13,92.3076923076923,12
prantsusemuzaruulima,,1,13,92.3076923076923,12
putuma,,1,13,92.3076923076923,12
raiuma,sisse,1,13,92.3076923076923,12
selgitama,edasi,1,13,92.3076923076923,12
sugutama,,1,13,92.3076923076923,12
söövad-jooma,,1,13,92.3076923076923,12
taasasutama,,1,13,92.3076923076923,12
taasiseseisvuma,,61,793,92.3076923076923,732
toetuma,vastu,1,13,92.3076923076923,12
vaspl6petama,,1,13,92.3076923076923,12
vilistama,järele,1,13,92.3076923076923,12
turmama,,7,92,92.3913043478261,85
märkima,,5300,70000,92.42857142857143,64700
digima,,98,1311,92.52479023646072,1213
lontima,,5,67,92.53731343283582,62
puttima,,95,1280,92.578125,1185
alistama,lahti,2,27,92.5925925925926,25
bravuuritsema,,4,54,92.5925925925926,50
desarmeerima,,2,27,92.5925925925926,25
tirima,maha,2,27,92.5925925925926,25
trt2migavlema,,2,27,92.5925925925926,25
klaasistuma,,7,95,92.63157894736842,88
olema,kusjuures,3,41,92.6829268292683,38
Digieemallaamendama,,1,14,92.85714285714286,13
emiteerima,kokku,1,14,92.85714285714286,13
esindama,kokku,2,28,92.85714285714286,26
grimassitama,,1,14,92.85714285714286,13
helistama,kokku,1,14,92.85714285714286,13
hukkuma,välja,1,14,92.85714285714286,13
itkema,,1,14,92.85714285714286,13
jooksma,eest,1,14,92.85714285714286,13
karjuma,maha,1,14,92.85714285714286,13
kattima,,1,14,92.85714285714286,13
kirisema,,1,14,92.85714285714286,13
kohtuma,tagasi,1,14,92.85714285714286,13
koostuma,,1,14,92.85714285714286,13
kägardama,,1,14,92.85714285714286,13
kätsatama,,1,14,92.85714285714286,13
lõpetama,alles,1,14,92.85714285714286,13
maizipulkama,,1,14,92.85714285714286,13
miserykoolma,,1,14,92.85714285714286,13
mistoimuma,,1,14,92.85714285714286,13
otsima,üle,1,14,92.85714285714286,13
paiskuma,edasi,1,14,92.85714285714286,13
paneerima,,1,14,92.85714285714286,13
peatoimetama,,1,14,92.85714285714286,13
praadima,juurde,1,14,92.85714285714286,13
põlistuma,,1,14,92.85714285714286,13
remuma,,1,14,92.85714285714286,13
telefoneerima,,1,14,92.85714285714286,13
toimetama,kokku,1,14,92.85714285714286,13
vangerdama,,2,28,92.85714285714286,26
üllatama,üle,1,14,92.85714285714286,13
efkylmetama,,5,71,92.95774647887323,66
võlgnema,kokku,6,86,93.02325581395348,80
nentima,,2350,33691,93.02484342999614,31341
ulluma,,8,115,93.04347826086956,107
Cartuimerdama,,8,116,93.10344827586206,108
Redmagama,,2,29,93.10344827586206,27
modereerima,,2,29,93.10344827586206,27
sidima,,2,29,93.10344827586206,27
tiksima,,2,29,93.10344827586206,27
pulstuma,,4,59,93.22033898305084,55
halastussurmama,,5,74,93.24324324324324,69
sugutankuip2ikepaistama,,7,104,93.26923076923077,97
Nikinutma,,1,15,93.33333333333333,14
andma,koos,1,15,93.33333333333333,14
härmatama,,2,30,93.33333333333333,28
kapsima,,1,15,93.33333333333333,14
kirutama,,1,15,93.33333333333333,14
kustaolema,,1,15,93.33333333333333,14
lahkuma,kokku,1,15,93.33333333333333,14
lõõpima,vastu,1,15,93.33333333333333,14
nabima,,6,90,93.33333333333333,84
nagamagama,,1,15,93.33333333333333,14
okeerima,,1,15,93.33333333333333,14
piloteerima,,1,15,93.33333333333333,14
prahvatama,lahti,1,15,93.33333333333333,14
redisrebima,,1,15,93.33333333333333,14
sackima,,1,15,93.33333333333333,14
santima,,1,15,93.33333333333333,14
tugema,,2,30,93.33333333333333,28
vedeldama,,2,30,93.33333333333333,28
kuulma,maha,4,61,93.44262295081968,57
rammestuma,,3,46,93.47826086956522,43
nöudima,,2,31,93.54838709677419,29
juhtima,välja,6,94,93.61702127659575,88
catuma,,1,16,93.75,15
hävima,kokku,1,16,93.75,15
jesuma,,1,16,93.75,15
monteerima,lahti,1,16,93.75,15
paisutama,üles,1,16,93.75,15
sacima,,1,16,93.75,15
siduma,ümber,1,16,93.75,15
silima,,1,16,93.75,15
taotlema,kokku,4,64,93.75,60
valvama,läbi,1,16,93.75,15
viitma,läbi,1,16,93.75,15
vollima,,1,16,93.75,15
selgitama,,3753,60573,93.80417017483038,56820
Mannykenemagama,,4,65,93.84615384615384,61
demonteerima,,2,33,93.93939393939394,31
hammustama,peale,2,33,93.93939393939394,31
jookse-viskama,,2,33,93.93939393939394,31
kujutama,"ära, ette",2,33,93.93939393939394,31
rüüpama,peale,2,33,93.93939393939394,31
võtma,heaks,8,135,94.07407407407408,127
KATUtuduma,,1,17,94.11764705882352,16
Kazmossitama,,1,17,94.11764705882352,16
avanema,üles,1,17,94.11764705882352,16
blonduma,,1,17,94.11764705882352,16
ingelhulluma,,1,17,94.11764705882352,16
katalüüsima,,1,17,94.11764705882352,16
kipsima,,1,17,94.11764705882352,16
kruntima,,1,17,94.11764705882352,16
lohistama,kaasa,1,17,94.11764705882352,16
olema,poolt,1,17,94.11764705882352,16
puskama,,1,17,94.11764705882352,16
sektsioonima,,1,17,94.11764705882352,16
sissytupsutama,,1,17,94.11764705882352,16
skeitima,,1,17,94.11764705882352,16
sõimama,vastu,1,17,94.11764705882352,16
tallama,maha,1,17,94.11764705882352,16
täppima,,1,17,94.11764705882352,16
vähendama,kokku,2,34,94.11764705882352,32
evitama,,15,259,94.20849420849422,244
fotosünteesima,,6,105,94.28571428571428,99
patsama,,4,70,94.28571428571428,66
vastama,kokku,2,35,94.28571428571428,33
Shania-Jenniferkreemitama,,3,53,94.33962264150944,50
piltlikustama,,3,53,94.33962264150944,50
TarkLollitabLolltargutama,,2,36,94.44444444444444,34
ahmama,,3,54,94.44444444444444,51
coolima,,1,18,94.44444444444444,17
dorruma,,1,18,94.44444444444444,17
irama,,3,54,94.44444444444444,51
jukuma,,2,36,94.44444444444444,34
mahutama,kokku,3,54,94.44444444444444,51
näitama,läbi,1,18,94.44444444444444,17
pääsema,kaasa,1,18,94.44444444444444,17
veretama,,1,18,94.44444444444444,17
mamagama,,10,181,94.47513812154696,171
elame-nägema,,7,127,94.48818897637796,120
lausuma,,2746,49954,94.5029427072907,47208
sõnama,,2689,50168,94.64000956785202,47479
harduma,,1,19,94.73684210526315,18
huiama,,1,19,94.73684210526315,18
kanguma,,1,19,94.73684210526315,18
korskama,,1,19,94.73684210526315,18
olgu-olema,,1,19,94.73684210526315,18
sompama,,2,38,94.73684210526315,36
valguma,maha,2,38,94.73684210526315,36
viima,vastu,2,38,94.73684210526315,36
väärduma,,1,19,94.73684210526315,18
emilikokkama,,2,39,94.87179487179486,37
paistma,pealt,2,39,94.87179487179486,37
raaguma,,2,39,94.87179487179486,37
ahkima,,1,20,95,19
emilimagama,,1,20,95,19
heakorrastama,,1,20,95,19
kaduma,kokku,1,20,95,19
kiizuma,,1,20,95,19
kõndima,ees,1,20,95,19
paisuma,tagant,1,20,95,19
saavutama,kokku,1,20,95,19
sosima,,1,20,95,19
taaspuhkema,,1,20,95,19
teietama,ilma,1,20,95,19
olema,kaasas,15,303,95.04950495049505,288
sõitma,tagant,6,122,95.08196721311475,116
Camillajoonistama,,2,41,95.1219512195122,39
Shania-Jennifereisuhtlema,,2,41,95.1219512195122,39
vahendama,,734,15389,95.23035934758593,14655
SCripttuduma,,1,21,95.23809523809523,20
etsima,,4,84,95.23809523809523,80
kaotama,lahti,1,21,95.23809523809523,20
kohviandma,,1,21,95.23809523809523,20
lossima,,1,21,95.23809523809523,20
tean-teadma,,1,21,95.23809523809523,20
üllatus-üllatuma,,3,63,95.23809523809523,60
viigistuma,,3,64,95.3125,61
määma,,14,300,95.33333333333334,286
salapäratsema,,2,43,95.34883720930233,41
EasterBunnySuppitegema,,3,66,95.45454545454545,63
kaitsesüstima,,1,22,95.45454545454545,21
koaalasehkendama,,2,44,95.45454545454545,42
neiuotsima,,1,22,95.45454545454545,21
trallama,,3,66,95.45454545454545,63
vaspmagama,,2,45,95.55555555555556,43
rudima,,6,136,95.58823529411765,130
tahksima,,4,91,95.6043956043956,87
pidama,,35654,817024,95.63611350462166,781370
eeternokkima,,3,69,95.65217391304348,66
mekutama,,1,23,95.65217391304348,22
naerma,vastu,2,46,95.65217391304348,44
paluma,maha,2,46,95.65217391304348,44
vaktsiinima,,1,23,95.65217391304348,22
vihakemind-malubama,,1,23,95.65217391304348,22
virtualduma,,1,23,95.65217391304348,22
K-rautama,,6,143,95.8041958041958,137
irvima,,1,24,95.83333333333334,23
korraldama,välja,1,24,95.83333333333334,23
looma,rindu,1,24,95.83333333333334,23
nõristama,,1,24,95.83333333333334,23
registreerima,kohale,1,24,95.83333333333334,23
kirjutama,koos,1,25,96,24
panema,käest,1,25,96,24
okkasvendnuseemeesmagama,,3,77,96.1038961038961,74
panema,raudu,1,26,96.15384615384616,25
talima,,1,27,96.29629629629629,26
Digiraporteerima,,2,56,96.42857142857143,54
märgutama,,1,28,96.42857142857143,27
mingiasiolema,,3,85,96.47058823529412,82
devilgirls6bratama,,1,29,96.55172413793103,28
viitzima,,1,29,96.55172413793103,28
sihvama,,79,2361,96.65396018636172,2282
seadistuma,,1,31,96.7741935483871,30
DJtonkama,,2,64,96.875,62
aguma,,1,33,96.96969696969697,32
hottama,,1,33,96.96969696969697,32
onema,,1,33,96.96969696969697,32
helluma,,24,797,96.98870765370138,773
raportima,,1,34,97.05882352941177,33
surra-murdma,,8,272,97.05882352941177,264
tänama,,2137,73299,97.08454412747787,71162
EasterBunnykoristama,,3,107,97.19626168224299,104
nahuimindolema,,1,36,97.22222222222221,35
kallllima,,1,38,97.36842105263158,37
neiuigavlema,,1,38,97.36842105263158,37
vadima,,1,41,97.5609756097561,40
paluma,püsti,1,42,97.61904761904762,41
northengirltuduma,,1,43,97.67441860465115,42
siirima,,1,43,97.67441860465115,42
Liinahrkvjamama,,1,46,97.82608695652173,45
caitlinnutma,,1,47,97.87234042553192,46
ekstaniiolema,,1,48,97.91666666666666,47
AmfySassnapsitama,,1,50,98,49
olema,,167301,9180588,98.17766574428566,9013287
tänama,eest,2,115,98.26086956521739,113
Camillaspikerdama,,2,128,98.4375,126
idablokkimema,,1,64,98.4375,63
utma,,1,79,98.73417721518987,78
efkokkama,,1,81,98.76543209876543,80
partsima,,4,426,99.06103286384976,422
k6tu-valutama,,1,121,99.17355371900827,120
tohtima,,626,78795,99.2055333460245,78169
ruuuulima,,1,144,99.30555555555556,143
viirama,,4,631,99.3660855784469,627
võima,,2205,722168,99.69466938440917,719963
ära,,115,37761,99.69545298058844,37646
