"word","koht","aeg","seisund","sündmus","other_types"
"0-korrus",koht,,,,
"24/7",,aeg,,,
"3D-kino",koht,,,sündmus,tegevus
"9/11",,aeg,,sündmus,
a,,aeg,,,"esitus, esitus_keel_suhtlus, esitus_keel_täht, esitus_mõõt, esitus_tähis"
Aa,koht,,,,
Aabla,koht,,,,
Aabra,koht,,,,
Aachen,koht,,,,
aadamaülikond,,,seisund,,
aadamaülikonnas,,,seisund,,
Aadami,koht,,,,
aadel,,,seisund,,"esitus_tiitel, in_omadus"
aadlikonvent,koht,,,,
aadlimõis,koht,,,,
aadliseisus,,,seisund,,
aadlisugu,,,seisund,,"esitus_tiitel, in_omadus"
Aadma,koht,,,,
aadressbüroo,koht,,,,
aadresslaud,koht,,,,
Aadria,koht,,,,
Aadria meri,koht,,,,
Aadumäe,koht,,,,
Aafrika,koht,,,,
Aafrika hobusekatk,,,seisund,,
Aafrika Sarv,koht,,,,
Aafrika seakatk,,,seisund,,
Aafrika suured järved,koht,,,,
Aakaru,koht,,,,
Aakre,koht,,,,
Aalborg,koht,,,,
Aamse,koht,,,,
Aandu,koht,,,,
Aardla,koht,,,,
Aardlapalu,koht,,,,
Aarhus,koht,,,,
Aarla,koht,,,,
Aarna,koht,,,,
aas,koht,,,,"ese_instru, ese_riie"
Aasa,koht,,,,
aasaheinamaa,koht,,,,
Aasia,koht,,,,
Aasia mängud,,,,sündmus,
Aasov,koht,,,,
Aasovi meri,koht,,,,
Aaspere,koht,,,,
aasristmik,koht,,,,
aasta,,aeg,,,"omadus, omadus_kval"
aastaaeg,,aeg,,,
aastajagu,,aeg,,,
aasta-kaks,,aeg,,,
aastake,,aeg,,,
aastakene,,aeg,,,
aastakiht,koht,,,,
aastakonverents,,,,sündmus,
aastakoosolek,,,,sündmus,
aastakäik,,aeg,,,ese_semio
aastakümme,,aeg,,,
aastalaat,,,,sündmus,
aastalõpp,,aeg,,,
aastamiljon,,aeg,,,
aastanäitus,,,,sündmus,
aasta-paar,,aeg,,,
aastapäev,,aeg,,,
aastapäevaaktus,,,,sündmus,
aastapäevakontsert,,,,sündmus,
aastaring,,aeg,,,esitus_kujutis
aastasada,,aeg,,,
aastatagune,,aeg,,,omadus_aeg
aastatuhat,,aeg,,,esitus
aastavahetus,,aeg,,,
Aasu,koht,,,,
Aasukalda,koht,,,,
Aasumetsa,koht,,,,
Aasuvälja,koht,,,,
aašram,koht,,,,
aatomiajastu,,aeg,,,
aatomielektrijaam,koht,,,,esitus
aatomisajand,,aeg,,,
aatomisõda,,,,sündmus,
aatrium,koht,,,,
Aavere,koht,,,,
Aavidu,koht,,,,
Aaviku,koht,,,,
Abaja,koht,,,,
abajas,koht,,,,
Abakan,koht,,,,
Abbay,koht,,,,
Aberdeen,koht,,,,
Abertawe,koht,,,,
Abessiinia,koht,,,,
Abhaasia,koht,,,,
abiaeg,,aeg,,,
Abidjan,koht,,,,
abiehitis,koht,,,,
abiellumine,,,,sündmus,
abiellumisealine,,aeg,,,omadus
abiellumisiga,,aeg,,,
abiellumisvanus,,aeg,,,
abielu,,,seisund,,
abieluaasta,,aeg,,,
abieluike,,,seisund,,
abielukolmnurk,,,seisund,,
abielukütked,,,seisund,,
abieluline,,,seisund,,
abielus,,,seisund,,
abielusadam,,,seisund,,
abielusidemed,,,seisund,,
abieluvõrdsus,,,seisund,,
abifond,koht,,,,
abihoone,koht,,,,
abikirik,koht,,,,
abiklass,koht,,,,
abiklooster,koht,,,,
abikomitee,koht,,,,
abikool,koht,,,,
Abikülä,koht,,,,
abilennuväli,koht,,,,
abilöök,,,,sündmus,tegevus
abimajand,koht,,,,
abimõis,koht,,,,
abiruum,koht,,,,
Abissaare,koht,,,,
abistamisfond,koht,,,,abstr/konkr
abistamiskassa,koht,,,,
abistatud enesetapp,,,,sündmus,
abiteenistus,koht,,,,
abitelefon,koht,,,,abstr/konkr
abitsehh,koht,,,,
abitus,,,seisund,,
abitusseisund,,,seisund,,
Abja,koht,,,,
Abjaku,koht,,,,
Abja-Paluoja,koht,,,,
Abja-Vanamõisa,koht,,,,
abjekt,,,seisund,,abstr/konkr_omadus
abjektsioon,,,seisund,,abstr/konkr_omadus
abjektsus,,,seisund,,abstr/konkr_omadus
ablatsioon,,,seisund,,nähtus_loodus
aborditegija,koht,,,,in_tegija
abort,,,seisund,,tegevus_tegu
Abramihhina,koht,,,,
Abramihhino,koht,,,,
Abruka,koht,,,,
Abşeroni poolsaar,koht,,,,
absoluutne vaesus,,,seisund,,
abstinentsinäht,,,seisund,,nähtus
abstsess,,,seisund,,
abtkond,koht,,,,
Abu Dhabi,koht,,,,
Abuja,koht,,,,
Abula,koht,,,,
Aburi,koht,,,,
abuulia,,,seisund,,
abüssaal,koht,,,,
Accra,koht,,,,
Aceh,koht,,,,
Aconcagua,koht,,,,
A Coruña,koht,,,,
AD,,aeg,,,
a. D.,,aeg,,,
Adaka,koht,,,,
Adamstown,koht,,,,
Adavere,koht,,,,
Addis Abeba,koht,,,,
Addisoni tõbi,,,seisund,,
Adelaide,koht,,,,
Aden,koht,,,,
adeniit,,,seisund,,
adenoid,,,seisund,,
adenoom,,,seisund,,
adhesiivne kapsuliit,,,seisund,,
ad hoc-komitee,koht,,,,"grupp, inimene"
Adila,koht,,,,
adipoosne,,,seisund,,
adipoossus,,,seisund,,
Adiste,koht,,,,
administratiivhoone,koht,,,,
administratiivüksus,koht,,,,abstr/konkr
Admiraliteedisaared,koht,,,,
admiraliteet,koht,,,,in_tegija
adneksiit,,,seisund,,
Adra,koht,,,,
Adraku,koht,,,,
adressaat,koht,,,,in_omadus
adressant,koht,,,,in_omadus
Adrianoopol,koht,,,,
Adžaaria,koht,,,,
advendiaeg,,aeg,,,
advendipühapäev,,aeg,,,
advent,,aeg,,,
advokaadibüroo,koht,,,,
Adõgee,koht,,,,
aed,koht,,,,ese_instru
aedik,koht,,,,
aedkool,koht,,,,
aedlinn,koht,,,,
aeg,,aeg,,,"esitus_keel, esitus_mõõt, nähtus_füüs"
aegade hämarus,,aeg,,,
aegkond,,aeg,,,
Aegna,koht,,,,
aegpomm,,,seisund,,
aegumine,,,seisund,,
aegumistähtaeg,,aeg,,,
aegumus,,,seisund,,
aegus,,aeg,,,
Aegviidu,koht,,,,
Aela,koht,,,,
aerodroom,koht,,,,
aeroobika,,,,sündmus,vald
aeroobikasaal,koht,,,,
aeroobikatreening,,,,sündmus,
aeroobikatrenn,,,,sündmus,
aerutõmme,koht,,,,tegevus_tegu
Aesma,koht,,,,
Aesoo,koht,,,,
Aespa,koht,,,,
aevastus,,,seisund,,tegevus_tegu
afaasia,,,seisund,,
Afar,koht,,,,
afeel,koht,,,,
afektiseisund,,,seisund,,
Afgaani,koht,,,,
Afganistan,koht,,,,
afoonia,,,seisund,,nähtus
AFP,koht,,,,
aft,,,seisund,,
aftekas,,,,sündmus,
after-party,,,,sündmus,
afäär,,,,sündmus,"tegevus, tegevus_tegu"
Aga,koht,,,,
Aga Burjaatia,koht,,,,
Agali,koht,,,,
Agaña,koht,,,,
aganik,koht,,,,
Agartala,koht,,,,
Agasilla,koht,,,,
Agban,koht,,,,
agentuur,koht,,,,in_elukutse
Ageri,koht,,,,
Aginskoje,koht,,,,
agitatsioonipunkt,koht,,,,
agitpunkt,koht,,,,
aglomeraat,koht,,,,materjal/aine
aglomeratsioon,koht,,,,
agoraa,koht,,,sündmus,
agorafoobia,,,seisund,,
Agra,koht,,,,
agraarmaa,koht,,,,
agranulotsütoos,,,seisund,,
agressiivsus,,,seisund,,tegevus
agressioon,,,,sündmus,
agressioonisõda,,,,sündmus,
agrofirma,koht,,,,
agrofoon,,,seisund,,
agrotööstuskoondis,koht,,,,
agu,,aeg,,,nähtus_loodus
aguaegkond,,aeg,,,
agueoon,,aeg,,,
agul,koht,,,,
agulitänav,koht,,,,
Agusalu,koht,,,,
Ahaste,koht,,,,
Ahekõnnu,koht,,,,
Ahelaid,koht,,,,
ahelavarii,,,,sündmus,
aheldatus,,,seisund,,
aheldus,,,seisund,,
ahelik,koht,,,,abstr/konkr
aheljärvestik,koht,,,,
ahelkokkupõrge,,,,sündmus,
ahelküla,koht,,,,
ahelreaktsioon,,,,sündmus,nähtus_füüs
ahend,,,seisund,,
ahendus,,,seisund,,
ahenemus,,,seisund,,
Aheru järv,koht,,,,
ahervare,koht,,,,
ahervars,koht,,,,
Ahhaia,koht,,,,
Ahijärv,koht,,,,
Ahisilla,koht,,,,
Ahitsa,koht,,,,
Ahja,koht,,,,
Ahja jõgi,koht,,,,
ahjualune,koht,,,,"in_müt, omadus"
ahjuauk,koht,,,,
ahjuesine,koht,,,,omadus_koht
ahjukapp,koht,,,,ese
ahjukumm,koht,,,,
ahjunurk,koht,,,,ese_instru
ahjupealne,koht,,,,omadus_koht
ahjurind,koht,,,,
ahjutagune,koht,,,,"in_roll, omadus_koht"
ahjuvare,koht,,,,
Ahli,koht,,,,
Ahmedabad,koht,,,,
ahterpiik,koht,,,,
Ahtme,koht,,,,
ahtrikajut,koht,,,,
ahtritekk,koht,,,,
ahtritrümm,koht,,,,
ahtus,koht,,,,omadus_füüs
ahu,koht,,,,ese_kunst
Ahula,koht,,,,
Ahunapalu,koht,,,,
Ahvenamaa,koht,,,,
Ahvenamaa saarestik,koht,,,,
ahvi aasta,,aeg,,,
ahviaasta,,aeg,,,
ahvirõuged,,,seisund,,
aiaauk,koht,,,,
aiakontsert,,,,sündmus,
aialapp,koht,,,,
Aiamaa,koht,,,,
aiamaa,koht,,,,
aiamaalapp,koht,,,,
aiamaja,koht,,,,
aiamajake,koht,,,,
aiamajakene,koht,,,,
aiamulk,koht,,,,
aiand,koht,,,,abstr/konkr
aianduskooperatiiv,koht,,,,esitus
aianduskrunt,koht,,,,
aiandusühistu,koht,,,,esitus
aianurk,koht,,,,
aiapidu,,,,sündmus,
Aiaste,koht,,,,
aiatagune,koht,,,,omadus_koht
aiaveer,koht,,,,
aiaäri,koht,,,,
aiaäär,koht,,,,
Aidaku,koht,,,,
aidamade,koht,,,,
aidasalv,koht,,,,
aidatud tuntus,,,seisund,,omadus_kval
AIDS,,,seisund,,
aids,,,seisund,,
aidsikabinet,koht,,,,
Aidu,koht,,,,
Aidu-Liiva,koht,,,,
Aidu-Nõmme,koht,,,,
Aidu-Sooküla,koht,,,,
Aila,koht,,,,
aimakk,koht,,,,
Aimla,koht,,,,
Ainaži,koht,,,,
Aindu,koht,,,,
Aine,koht,,,,
ainekabinet,koht,,,,
aineklass,koht,,,,
aineolümpiaad,,,,sündmus,
ainering,koht,,,,vald
ainetund,,,,sündmus,
ainevahetushaigus,,,seisund,,
ainevahetushäire,,,seisund,,
Ainja,koht,,,,
ainuabielu,,,seisund,,
ainuvalitsus,,,seisund,,abstr/konkr
Aizawl,koht,,,,
Aizkraukle,koht,,,,
ait,koht,,,,
aitkuivati,koht,,,,
Aitoolia,koht,,,,
Aitsaare,koht,,,,
Aitsra,koht,,,,
Aiviekste,koht,,,,
ajaaken,,aeg,,,
Ajaccio,koht,,,,
ajahetk,,aeg,,,
ajahõlm,,aeg,,,
ajahäda,,aeg,,,abstr
ajajaotus,,aeg,,,
ajajärk,,aeg,,,
ajakadu,,aeg,,,nähtus
ajakaotus,,aeg,,,nähtus
ajakapsel,koht,,,,ese_instru
ajake,,aeg,,,esitus_keel_suhtlus
ajakene,,aeg,,,esitus_keel_suhtlus
ajakonstant,,aeg,,,
ajakulu,,aeg,,,
ajal,,aeg,,,
ajalehekiosk,koht,,,,
ajaleheputka,koht,,,,
ajalooallikas,koht,,,,"ese_kunst, ese_semio"
ajalooline aeg,,aeg,,,
ajaloomuuseum,koht,,,,
ajaloomälestis,koht,,,,
ajalooratas,,aeg,,,
ajaloosündmus,,,,sündmus,
ajalootund,,,,sündmus,
ajalugu,,aeg,,,"ese_semio, vald"
ajalõik,,aeg,,,
ajameri,,aeg,,,
ajanappus,,,seisund,,
ajanorm,,aeg,,,
ajapomm,,,seisund,,
ajapuudus,,,seisund,,
ajaraam,,aeg,,,
ajaraisk,,aeg,,,tegevus
ajaraiskamine,,aeg,,,tegevus
ajaratas,,aeg,,,
ajaränd,,,,sündmus,"nähtus_psühh, tegevus_tegu"
ajarännak,,,,sündmus,"nähtus_psühh, tegevus_tegu"
ajast aega,,aeg,,,
ajastik,,aeg,,,
ajastu,,aeg,,,
ajastus,,aeg,,,tegevus_tegu
ajasõit,,,,sündmus,tegevus
ajasääst,,aeg,,sündmus,
ajateenistus,,,seisund,,tegevus
ajavahe,,aeg,,,
ajavahemik,,aeg,,,
ajavahestress,,,seisund,,
ajavaru,,aeg,,,
ajavõit,,aeg,,sündmus,
ajavälp,,aeg,,,
ajavöönd,koht,aeg,,,
aju,,,,sündmus,"abstr/konkr, ese_instru, in_omadus, kehaosa, omadus_psühh, VERB_tegevus"
ajuabstsess,,,seisund,,
ajuatroofia,,,seisund,,
ajudefekt,,,seisund,,
ajuhaigus,,,seisund,,
ajuinfarkt,,,seisund,,
ajuinsult,,,seisund,,
ajujaht,,,,sündmus,
ajukahjustus,,,seisund,,
ajukasvaja,,,seisund,,
ajukelmepõletik,,,seisund,,
ajukestapõletik,,,seisund,,
ajukõhetus,,,seisund,,
ajumädanik,,,seisund,,
ajupehmumus,,,seisund,,
ajupõletik,,,seisund,,
ajupõrutus,,,seisund,,
ajurabandus,,,seisund,,
ajurünnak,,,,sündmus,tegevus
ajusong,,,seisund,,
ajusopp,,,seisund,,abstr
ajusurm,,,,sündmus,nähtus_loodus
ajusurnud,,,seisund,,
ajuturse,,,seisund,,
ajuudu,,,seisund,,
ajuvamm,,,seisund,,
ajuvapustus,,,seisund,,
ajuverevalum,,,seisund,,
ajuvigastus,,,seisund,,
ajuvähk,,,seisund,,
akadeemia,koht,,,,
akadeemiline kalender,,aeg,,,abstr/konkr
akadeemiline puhkus,,aeg,,,
akadeemiline tund,,aeg,,,esitus
akadeemiline veerand,,aeg,,,
akadeemiline veerandtund,,aeg,,,
akad t,,aeg,,,esitus
Akarnaania,koht,,,,
aken,koht,aeg,,,"abstr, esitus_info"
Akkerman,koht,,,,
Akko,koht,,,,
aklimatisatsioon,,,seisund,,nähtus
Akmola,koht,,,,
Akmolinsk,koht,,,,
aknaauk,koht,,,,
aknaava,koht,,,,
aknalaud,koht,,,,
aknanišš,koht,,,,
aknaorv,koht,,,,
aknapool,koht,,,,
aknapragu,koht,,,,
aknavahe,koht,,,,
akne,,,seisund,,
akraania,,,seisund,,
akromegaalia,,,seisund,,
Akron,koht,,,,
akropol,koht,,,,
Aksi,koht,,,,
Akste,koht,,,,
ak t,,aeg,,,esitus
Aktau,koht,,,,
aktiivne puhkus,,aeg,seisund,,
aktiivsus- ja tähelepanuhäire,,,seisund,,esitus
aktinomükoos,,,seisund,,
aktsia,,,seisund,,"ese_raha, ese_semio, omadus_kval"
aktsiaettevõte,koht,,,,
aktsiakompanii,koht,,,,esitus
aktsiaselts,koht,,,,esitus
aktsioon,,,,sündmus,
aktus,,,,sündmus,
aktusesaal,koht,,,,
Aktöbe,koht,,,,
akustiline ekraan,koht,,,,konkr
akuutsus,,,seisund,,abstr/konkr_omadus
akvaarium,koht,,,,ese_anum
akvatoorium,koht,,,,
akvedukt,koht,,,,
Akvitaania,koht,,,,
al,,aeg,,,esitus
Ala,koht,,,,
ala,koht,,,,"abstr, omadus_abstr, omadus_koht, omadus_kval, vald"
alaalia,,,seisund,,
Alaania,koht,,,,
alaareng,,,seisund,,
Alabama,koht,,,,
à la carte,koht,,,,omadus_kval
alaealisus,,,seisund,,
alagrupimäng,,,,sündmus,tegevus_mäng
alagrupiturniir,,,,sündmus,
alahappesus,,,seisund,,
Alaja,koht,,,,
alajahtumine,,,seisund,,nähtus
Alajõe,koht,,,,
Ala-Järvere,koht,,,,
alakoormatus,,,seisund,,
alakoormus,,,seisund,,
alakorrus,koht,,,,
Alaküla,koht,,,,
alakülg,koht,,,,
Alakülä,koht,,,,
alalhoidumine,,,seisund,,
alaliit,koht,,,,in_roll
alamalt,koht,,,,abstr
Alam-Austria,koht,,,,
Alam-Baieri,koht,,,,
Alam-Frangimaa,koht,,,,
alamik,koht,,,,
alamjooks,koht,,,,
alamkoda,koht,,,,
alamkorrakohus,koht,,,,
alamlus,,,seisund,,
Alam-Normandia,koht,,,,
Alam-Saksi,koht,,,,
Alam-Sileesia,koht,,,,
Alamõisa,koht,,,,
alanduslehter,koht,,,,
Alansi,koht,,,,
alanurk,koht,,,,
Alaotsa,koht,,,,
Ala-Palo,koht,,,,
Alapõdra,koht,,,,
alarahastatus,,,seisund,,ese_raha
alarahastus,,,seisund,,ese_raha
Alaska,koht,,,,
Alaska poolsaar,koht,,,,
Alasoo,koht,,,,
alastiolek,,,seisund,,
alastirand,koht,,,,
alastus,,,seisund,,
Alastvere,koht,,,,
Ala-Suhka,koht,,,,
alatalitlus,,,seisund,,
alatare,koht,,,,
Alatau,koht,,,,
alates,,aeg,,,esitus
Ala-Tilga,koht,,,,
alatoidetud,,,seisund,,
alatoitumus,,,seisund,,
alatoitunud,,,seisund,,
Alatskivi,koht,,,,
Ala-Tsumba,koht,,,,
alatund,,aeg,,,
alatäitmine,,,seisund,,
alavalgustatud,,,seisund,,
alavalgustus,,,seisund,,
Alavere,koht,,,,
alavorm,,,seisund,,
Alavus,koht,,,,
alaväärsuskompleks,,,seisund,,
Albaania,koht,,,,
Albany,koht,,,,
Alberta,koht,,,,
Alberti järv,koht,,,,
Albion,koht,,,,
Ålborg,koht,,,,
Alborz,koht,,,,
Albu,koht,,,,
albuminuuria,,,seisund,,
Albuquerque,koht,,,,
ale,koht,,,,"abstr/konkr, tegevus, tegevus_muutus, toit_jook"
Alekere,koht,,,,
Aleksandria,koht,,,,
Aleksandrovsk,koht,,,,
Aleksejevka,koht,,,,
aleksia,,,seisund,,
Alekvere,koht,,,,
alemaa,koht,,,,
Aleppo,koht,,,,
alepõld,koht,,,,
Aletschhorn,koht,,,,
Aleuudid,koht,,,,
Aleuudi saared,koht,,,,
alev,koht,,,,
Alevi,koht,,,,
alevik,koht,,,,
Aleviku,koht,,,,
alfa-gal-sündroom,,,seisund,,
Alföld,koht,,,,
alg,,aeg,,,
algaasta,,aeg,,,
algaeg,,aeg,,,
alghetk,,aeg,,,
algidu,,,seisund,,abstr/konkr
algkodu,koht,,,,
algkolle,koht,,,,
algkool,koht,,,,
algkümnend,,aeg,,,
algmine,,aeg,,,
algminut,,aeg,,,
algorganisatsioon,koht,,,,inimene
algpeatus,koht,,,,
algpunkt,koht,,,,"abstr, ADV_aeg"
algpäev,,aeg,,,
algseis,,,seisund,,tegevus
algstaadium,,aeg,,,abstr
algule,,aeg,,,
algupool,,aeg,,,
algupäevad,,aeg,,,
algus,koht,aeg,,,
algusaasta,,aeg,,,
algusaeg,,aeg,,,
algushetk,,aeg,,,
alguskuu,,aeg,,,
alguskuupäev,,aeg,,,
alguskümnend,,aeg,,,
algusminut,,aeg,,,
alguspunkt,koht,,,,"abstr, ADV_aeg"
alguspäev,,aeg,,,
Al-Ḩijāz,koht,,,,
alistumus,,,seisund,,
alistus,,,seisund,,"abstr, esitus_keel, tegevus"
Aljava,koht,,,,
alkaloos,,,seisund,,
alkoholideliirium,,,seisund,,
alkoholijoove,,,seisund,,
alkoholimürgistus,,,seisund,,
alkoholimürgitus,,,seisund,,
alkoholipood,koht,,,,
alkoholipsühhoos,,,seisund,,
alkoholism,,,seisund,,
alkoholisõltuvus,,,seisund,,
alkoholiuim,,,seisund,,
alkoholpsühhoos,,,seisund,,
alkoov,koht,,,,
alkopood,koht,,,,
Al-Kuwayt,koht,,,,
alla,,,seisund,,"ADV_aeg, ADV_koht, ADV_viis"
allaandmine,,,seisund,,tegevus
Allahabad,koht,,,,
allajäämine,,,seisund,sündmus,
allakäigu spiraal,,,seisund,,nähtus
allakäiguspiraal,,,seisund,,nähtus
allapoole,koht,,,,abstr
Allaste,koht,,,,
allasum,koht,,,,
allasurumine,,,seisund,,tegevus
allasutus,koht,,,,
allavaje,,,seisund,,
allavandumine,,,seisund,,tegevus
allee,koht,,,,
Allegheny,koht,,,,
allergia,,,seisund,,omadus_psühh
allettevõte,koht,,,,
allettevõtja,koht,,,,
allianss,koht,,,,
Allika,koht,,,,
allikajärv,koht,,,,
allikakoht,koht,,,,
Allikalahe,koht,,,,
allikaoja,koht,,,,
allikas,koht,,,,"abstr, abstr/konkr, ese_semio, esitus_info"
allikasoo,koht,,,,
Allikjärve,koht,,,,
Alliklepa,koht,,,,
Allikmaa,koht,,,,
Allikotsa,koht,,,,
Alliku,koht,,,,
Allikukivi,koht,,,,
Allikõnnu,koht,,,,
allilm,koht,,,,in_omadus
allism,,,seisund,,
allkorrus,koht,,,,
allkülg,koht,,,,
all-linn,koht,,,,
allmaailm,koht,,,,in_omadus
allmaaraudtee,koht,,,,
allnurk,koht,,,,
allodüünia,,,seisund,,
allokatsioon,,,seisund,,VERB_tegevus
allood,koht,,,,abstr/konkr
allorganisatsioon,koht,,,,inimene
allosakond,koht,,,,
allpool,koht,,,,"abstr, ADV_koht"
allrentnik,koht,,,,in_roll
alluvus,,,seisund,,abstr
allveeris,koht,,,,
alläär,koht,,,,
allüksus,koht,,,,
allüüriline,koht,,,,in_roll
allüürnik,koht,,,,in_roll
Alma-Ata,koht,,,,
alma mater,koht,,,,
Almatõ,koht,,,,
Almetjevsk,koht,,,,
Al-Mukhā,koht,,,,
Alofi,koht,,,,
alopeetsia,,,seisund,,nähtus_loodus
Alpi,koht,,,,
alpiaas,koht,,,,objekt_loodus
alpiaed,koht,,,,
Alpid,koht,,,,
alpiinum,koht,,,,
alpimaja,koht,,,,
alpinaarium,koht,,,,
alpiniit,koht,,,,objekt_loodus
ALS,,,seisund,,
Alsace,koht,,,,
Alzheimer,,,seisund,,
Alzheimeri tõbi,,,seisund,,
Alžeeria,koht,,,,
Alžiir,koht,,,,
alt,,,seisund,,"ADV_koht, ese_instru, esitus_keel_suhtlus, in_omadus, nähtus_füüs"
altaan,koht,,,,
Altai,koht,,,,
Altai krai,koht,,,,
altar,koht,,,,"abstr, ese_instru"
altariruum,koht,,,,
alternatiivkool,koht,,,,
althoie,,,seisund,,
altidus,,,seisund,,
Altja,koht,,,,
Altküla,koht,,,,
altminek,,,seisund,sündmus,
Altmäe,koht,,,,
Altnurga,koht,,,,
Alto Adige,koht,,,,
altpoolt,koht,,,,abstr
Altun Shan,koht,,,,
Alu,koht,,,,
Alūksne,koht,,,,
Alu-Metsküla,koht,,,,
aluminoos,,,seisund,,
alune,koht,,,,"ese_riie, omadus_füüs"
Alupere,koht,,,,
Alupka,koht,,,,
alus,koht,,,,"abstr, abstr/konkr, ese, ese_instru, esitus_arv, esitus_keel, esitus_kujutis, materjal/aine"
alusmüür,koht,,,,abstr
aluspind,koht,,,,
aluspinnas,koht,,,,"materjal/aine, nähtus_loodus"
aluspõrand,koht,,,,ese
Aluste,koht,,,,
Alustre,koht,,,,
Alušta,koht,,,,
Alutaguse,koht,,,,
Aluvere,koht,,,,
alvar,koht,,,,
Alytus,koht,,,,
Ama,koht,,,,
Amaravati,koht,,,,
Amasoonia,koht,,,,
Amazonas,koht,,,,
amatöörklubi,koht,,,,
amatöörteater,koht,,,,
Ambla,koht,,,,
amblüoopia,,,seisund,,
ambrasuur,koht,,,,
ambulants,koht,,,,ese_instru
ambulatoorium,koht,,,,
Ambur,koht,,,,"esitus_kujutis, in_omadus, objekt_loodus_tähtkuju"
Ameerika,koht,,,,
Ameerika Samoa,koht,,,,
Ameerika Ühendriigid,koht,,,,
amenorröa,,,seisund,,
amentsia,,,seisund,,
amentsus,,,seisund,,
amet,koht,,,,"abstr/konkr, tegevus"
ametiaasta,,aeg,,,
ametiaeg,,aeg,,,
ametiasutus,koht,,,,
ametijuubel,,,,sündmus,
ametikool,koht,,,,
ametikorter,koht,,,,
ametikõrgendus,,,,sündmus,tegevus_tegu
ametikäik,koht,,,,"tegevus, tegevus_tegu"
ametiliit,koht,,,,abstr/konkr
ametipuhkus,,aeg,,,
ametireis,,,,sündmus,tegevus
ametiruum,koht,,,,
ametiseisund,,,seisund,,abstr
ametisolek,,,,sündmus,tegevus
ametisõit,,,,sündmus,tegevus
ametitalitus,,,,sündmus,
ametiühing,koht,,,,abstr/konkr
ametkond,koht,,,,abstr
amfiteater,koht,,,,
Amhara,koht,,,,
Amiens,koht,,,,
Amman,koht,,,,
Amme jõgi,koht,,,,
Ammuta,koht,,,,
amneesia,,,seisund,,nähtus_psühh
amok,,,seisund,,"tegevus, tegevus_tegu, toit"
amokijooks,,,seisund,,"tegevus, tegevus_tegu"
amokk,,,seisund,,"tegevus, tegevus_tegu"
Amori nool,,,seisund,,
Amritsar,koht,,,,
Amsterdam,koht,,,,
Amudarja,koht,,,,
Amula,koht,,,,
Amuur,koht,,,,
Amuurimaa,koht,,,,
Amuuri oblast,koht,,,,
Amuuri-äärne Komsomolsk,koht,,,,
amöbiaas,,,seisund,,
amööbdüsenteeria,,,seisund,,
amüloidoos,,,seisund,,
amüotroofiline lateraalskleroos,,,seisund,,
amüotroofne lateraalskleroos,,,seisund,,
anaalfissuur,,,seisund,,
anabioos,,,seisund,,
Anadõr,koht,,,,
anafülaksia,,,seisund,,
anafülaktiline šokk,,,seisund,,
analgeesia,,,seisund,,
Anapa,koht,,,,
anateem,,,seisund,,
Anatoolia,koht,,,,
anatoomikum,koht,,,,
anatsiidsus,,,seisund,,
Andaluusia,koht,,,,
Andamanid,koht,,,,
Andamanid ja Nicobarid,koht,,,,
Andamani saared,koht,,,,
Andhra Pradesh,koht,,,,
Andi,koht,,,,
Andid,koht,,,,
Andijon,koht,,,,
Andineeme,koht,,,,
Andja,koht,,,,
andmeväli,koht,,,,
Andorra,koht,,,,
Andorra la Vella,koht,,,,
Andre,koht,,,,
andresepäev,,aeg,,,
Andrikova,koht,,,,
andropaus,,aeg,,,
Andsumäe,koht,,,,
aneemia,,,seisund,,
Anelema,koht,,,,
anentsefaalia,,,seisund,,
Anepesa,koht,,,,
anesteesia,,,seisund,,tegevus_tegu
aneurüsm,,,seisund,,
anfilaad,koht,,,,
angaar,koht,,,,
Angara,koht,,,,
Angarsk,koht,,,,
Angerja,koht,,,,
angiin,,,seisund,,
angioneuroos,,,seisund,,
angioom,,,seisund,,
angiospasm,,,seisund,,
angiostenoos,,,seisund,,
Ângkôr,koht,,,,
Angla,koht,,,,
Anglesey,koht,,,,
Angloameerika,koht,,,,
anglosaksi maad,koht,,,,
Angola,koht,,,,
Anguilla,koht,,,,
Angus,koht,,,,
Anguse,koht,,,,
Anhui,koht,,,,
Anija,koht,,,,
Anijala,koht,,,,
Anikatsi,koht,,,,
Anjou,koht,,,,
Ankara,koht,,,,
ankrukoht,koht,,,,
ankrupaik,koht,,,,
ankrus,,,seisund,,
ankurrentnik,koht,,,,in_roll
ankurüürnik,koht,,,,
anküloos,,,seisund,,
Anna,koht,,,,
Annaba,koht,,,,
Annam,koht,,,,
Annapolis,koht,,,,
Annapurna,koht,,,,
Anne,koht,,,,
Annelinn,koht,,,,
annepäev,,aeg,,,
Annikoru,koht,,,,
Annikvere,koht,,,,
anno,,aeg,,,
anno Domini,,aeg,,,
anoomia,,,seisund,,
anoreksia,,,seisund,,
anosmia,,,seisund,,nähtus_loodus
ansambliteater,koht,,,,
Ansbach,koht,,,,
Anschluss,,,,sündmus,tegevus
Anseküla,koht,,,,
Ansi,koht,,,,
ANSV,koht,,,,
anšluss,,,,sündmus,tegevus
Antalya,koht,,,,
Antananarivo,koht,,,,
Antant,koht,,,,
Antarktika,koht,,,,
Antarktis,koht,,,,
Antiatlas,koht,,,,
Antigua ja Barbuda,koht,,,,
antiigipood,koht,,,,
antiikaeg,,aeg,,,
antiikajastu,,aeg,,,
Antiik-Kreeka,koht,,,,
antiikmaailm,koht,,,,
antiikmängud,,,,sündmus,
antiikolümpiamängud,,,,sündmus,
antikliimaks,,,,sündmus,abstr
antiklinaal,koht,,,,
antikvariaat,koht,,,,
Antiliibanon,koht,,,,
Antillid,koht,,,,
antipood,koht,,,,"abstr/konkr, inimene, nähtus"
Antkruva,koht,,,,
antrakoos,,,seisund,,
antraks,,,seisund,,
antrakt,,aeg,,sündmus,
Antrea,koht,,,,
antree,koht,,,,toit
Antrim,koht,,,,
antropogeen,,aeg,,,
antropotseen,,aeg,,,
Antsla,koht,,,,
Antsu,koht,,,,
Antwerpen,koht,,,,
anuuria,,,seisund,,
Ao,koht,,,,
aoaeg,,aeg,,,
aolinn,koht,,,,
Aomen,koht,,,,
aordiahend,,,seisund,,
aortiit,,,seisund,,
Aovere,koht,,,,
AP,koht,,,,
apaatia,,,seisund,,
apaatsus,,,seisund,,
Apalatšid,koht,,,,
Apandiku,koht,,,,
aparaat,koht,,,,"ese_instru, in_roll, kehaosa"
apartement,koht,,,,
apartment,koht,,,,osa
apell,,,,sündmus,tegevus_kõnetegu
apellatsioonikohus,koht,,,,
apelsinikoorenahk,,,seisund,,kehaosa
apelsininahk,,,seisund,,kehaosa
apenditsiit,,,seisund,,
Apenniini,koht,,,,
Apenniinid,koht,,,,
Apenniini poolsaar,koht,,,,
apepsia,,,seisund,,
apertuur,koht,,,,
Apia,koht,,,,
Apja,koht,,,,
aplaasia,,,seisund,,
aplaava,,,,sündmus,
apnoe,,,seisund,,
apofüüs,koht,,,,"kehaosa, osa, taim"
apogee,koht,,seisund,,nähtus
apopleksia,,,seisund,,
apoteoos,,,,sündmus,tegevus_tegu
appellation,koht,,,,
apr,,aeg,,,esitus
aprill,,aeg,,,"esitus, esitus_keel_suhtlus, tegevus_kõnetegu"
aprillikuu,,aeg,,,esitus
aprillimäss,,,,sündmus,
aprillirahutus,,,,sündmus,
aps,,,seisund,,tegevus_tegu
apsakas,,,seisund,,"omadus_kval, tegevus_tegu"
apsiid,koht,,,,
apteegikett,koht,,,,
apteegivõrk,koht,,,,
apteek,koht,,,,materjal/aine
Apuulia,koht,,,,
Araabia,koht,,,,
Araabia Ida,koht,,,,
araabia kevad,,,,sündmus,
Araabia Liiga,koht,,,,
Araabia Lääs,koht,,,,
Araabia maad,koht,,,,
araabia maad,koht,,,,
Araabia meri,koht,,,,
Araabia poolsaar,koht,,,,
Araabia riigid,koht,,,,
araabia riigid,koht,,,,
Araabia Ühendemiraadid,koht,,,,
Araal,koht,,,,
Araali meri,koht,,,,
Arafura meri,koht,,,,
Aragón,koht,,,,
Aragvi,koht,,,,
arahnoidiit,,,seisund,,
Araks,koht,,,,
Arandi,koht,,,,
Aranküla,koht,,,,
arapp,,,,sündmus,tegevus_tegu
Ararat,koht,,,,
Arase,koht,,,,
Araski,koht,,,,
Araste,koht,,,,
Arava,koht,,,,
Aravere,koht,,,,
Aravete,koht,,,,
Aravu,koht,,,,
Aravuse,koht,,,,
Arbavere,koht,,,,
Arbīl,koht,,,,
arbitraaž,koht,,,,"in_roll, tegevus"
arbitraažikohus,koht,,,,
arboreetum,koht,,,,
Ardennid,koht,,,,
Ardla,koht,,,,
Ardu,koht,,,,
Are,koht,,,,
areaal,koht,,,,
areen,koht,,,,"abstr, materjal/aine"
arendaja,koht,,,,in_elukutse
arenduskeskus,koht,,,,
arenenud maa,koht,,,,
arenenud riik,koht,,,,
areng,,,,sündmus,"abstr, abstr/konkr, nähtus"
arenguhäire,,,seisund,,
arengumaa,koht,,,,
arengupuue,,,seisund,,
arenguriik,koht,,,,
areopaag,koht,,,,
Aresi,koht,,,,
arest,,,seisund,,abstr/konkr
aresti all,,,seisund,,
aresti alla,,,seisund,,
aresti alt,,,seisund,,
arestikamber,koht,,,,
arestimaja,koht,,,,
aretusaed,koht,,,,
aretusjaam,koht,,,,
aretusühing,koht,,,,
Argentiina,koht,,,,
Argentina,koht,,,,
argielu,,,seisund,,
argihall,,,seisund,,
argihallus,,,seisund,,
argipäev,,aeg,seisund,,
argipäevasus,,,seisund,,omadus_kval
argisus,,,seisund,,omadus_kval
Argonne,koht,,,,
Argun,koht,,,,
argus,,,seisund,,omadus_psühh
arhaikum,,aeg,,,
Arhangelsk,koht,,,,
arheoloogiamälestis,koht,,,,objekt
arheosoikum,,aeg,,,
arhiiv,koht,,,,ese_semio
arhiivraamatukogu,koht,,,,
arhipelaag,koht,,,,
arhitektuuriansambel,koht,,,,
arhitektuuribüroo,koht,,,,
arhitektuurimälestis,koht,,,,
arhitektuuripärl,koht,,,,
arhivolt,koht,,,,
Århus,koht,,,,
Ariste,koht,,,,
Ariste laht,koht,,,,
Arisvere,koht,,,,
Arizona,koht,,,,
Arjadi,koht,,,,
Arjassaare,koht,,,,
arjergard,koht,,,,
Arju,koht,,,,
ARK,koht,,,,
arkaad,koht,,,,
Arkaadia,koht,,,,
arkaadkäik,koht,,,,
Arkansas,koht,,,,
arkatuur,koht,,,,
Arkma,koht,,,,
Arkna,koht,,,,
Arktika,koht,,,,
arlekinaad,,,,sündmus,"nähtus_psühh, tegevus_tegu"
arm,koht,,,,"esitus_keel_suhtlus, in_omadus, in_rahvas_keel, kehaosa, nähtus_psühh"
Armagh,koht,,,,
armastus,,,seisund,,"in_omadus, tegevus"
armastusabielu,,,seisund,,
armastuskolmnurk,,,seisund,,
armastusväärsus,,,seisund,,tegevus_kõnetegu
Armavir,koht,,,,
armee,koht,,,,"in_elukutse, inimene"
armeekorpus,koht,,,,in_elukutse
Armeenia,koht,,,,
armetus,,,seisund,,
armisong,,,seisund,,
armkasvaja,,,seisund,,
armuaeg,,aeg,,,
armuiha,,,seisund,,
armujoovastus,,,seisund,,
armukadeduspiin,,,seisund,,
armukirg,,,seisund,,
armukolmnurk,,,seisund,,
armulugu,,,,sündmus,
armupiin,,,seisund,,
armurinne,,,seisund,,tegevus
Arno,koht,,,,
Arossa,koht,,,,
Ar-Riyāḑ,koht,,,,
arseenimürgistus,,,seisund,,
arseenimürgitus,,,seisund,,
arsenal,koht,,,,abstr/konkr
arstiaeg,,aeg,,,
arstikabinet,koht,,,,
arstil käik,,,,sündmus,
arstilkäik,,,,sündmus,
arstipunkt,koht,,,,
arstivisiit,,,,sündmus,
Arzamass,koht,,,,
artell,koht,,,,
Artemivsk,koht,,,,
arteriaalne hüpertensioon,,,seisund,,
arteriit,,,seisund,,
arterioskleroos,,,seisund,,
arteripõletik,,,seisund,,
artikulatsioonibaas,,,seisund,,
artilleeria,koht,,,,"abstr/konkr, in_tegija"
Artjomovsk,koht,,,,
artriit,,,seisund,,
artroos,,,seisund,,
Artsahh,koht,,,,
Artshahh,koht,,,,
artsik,koht,,,,
Aru,koht,,,,
aru,koht,,,,"esitus_mõõt, nähtus_psühh"
Aruaia,koht,,,,
aruandeaasta,,aeg,,,
aruandekontsert,,,,sündmus,
aruandekoosolek,,,,sündmus,
aruandeperiood,,aeg,,,
Aruaru,koht,,,,
Aruba,koht,,,,
aruheinamaa,koht,,,,
arukaasik,koht,,,,
Arukse,koht,,,,
Aruküla,koht,,,,
Arula,koht,,,,
arumaa,koht,,,,
Arumetsa,koht,,,,
Arumäe,koht,,,,
Arunachal Pradesh,koht,,,,
aruniit,koht,,,,
arupidamine,,,,sündmus,tegevus
Arupää,koht,,,,
Arupäälse,koht,,,,
arusaadamatus,,,seisund,,
arusaamatus,,,seisund,,
Arussaare,koht,,,,
arust,,,seisund,,abstr
Arusta,koht,,,,
Aruste,koht,,,,
arutus,,,seisund,,"tegevus, tegevus_kõnetegu"
Aruvainu,koht,,,,
Aruvalla,koht,,,,
Aruvälja,koht,,,,
arvamuskorje,,,,sündmus,tegevus
arvamusküsitlus,,,,sündmus,tegevus
arvamusuuring,,,,sündmus,tegevus
arvates,,aeg,,,abstr
arve,,,seisund,,"abstr/konkr, ese_semio"
arvel,,,seisund,,
arveldusperiood,,aeg,,,
arvele,,,seisund,,
arvelt,,,seisund,,
arvestus,,,,sündmus,"abstr/konkr, ese_semio, tegevus, tegevus_kõnetegu, VERB_tegevus"
arvevabrik,koht,,,,tegevus
Arvila,koht,,,,
arvutiklass,koht,,,,
arvutisõltuvus,,,seisund,,
arvutusjaam,koht,,,,
arvutuskeskus,koht,,,,
arõkk,koht,,,,
AS,koht,,,,esitus
asbestoos,,,seisund,,
Åsbyn,koht,,,,
Asdod,koht,,,,
ase,koht,,,,"ese_instru, nähtus, omadus"
asehalduskond,koht,,,,
asend,koht,,seisund,,"abstr, abstr_asend/suund"
asendushooldus,,,seisund,,tegevus
asenduskaristus,,,seisund,sündmus,
asenduskodu,koht,,,,
asenduskorter,koht,,,,
asendustund,,,,sündmus,
Aserbaidžaan,koht,,,,
Aseri,koht,,,,
Aseriaru,koht,,,,
asetus,,,seisund,,"abstr, tegevus_kõnetegu"
asfaldijooks,,,,sündmus,
asfaldijärv,koht,,,,
asfaltbetoontee,koht,,,,
asfalttee,koht,,,,
asfalttänav,koht,,,,
asfüksia,,,seisund,,
Aşgabat,koht,,,,
ASH,,,seisund,,
Ashdod,koht,,,,
Ashkelon,koht,,,,
asi,,,seisund,,"abstr, ese, ese_semio, materjal/aine, omadus, omadus_kval, tegevus_tegu, toit, toit_jook"
asjadevalitsus,koht,,,,
asjalkäik,,,seisund,,tegevus_tegu
asjalkäimine,,,seisund,,tegevus_tegu
asjalugu,,,seisund,,abstr/konkr
asjaolu,,,seisund,,abstr/konkr
askariaas,,,seisund,,
askaridiaas,,,seisund,,
askaridoos,,,seisund,,
Askelon,koht,,,,
asm,koht,,,,
Asmara,koht,,,,
asoteemia,,,seisund,,
Asotos,koht,,,,
asperger,,,seisund,,in_omadus
Aspergeri sündroom,,,seisund,,
aspirantuur,,aeg,,,abstr/konkr
aspirantuuriaeg,,aeg,,,
Assa,koht,,,,
Assaku,koht,,,,
Assam,koht,,,,
Assamalla,koht,,,,
assamblee,koht,,,sündmus,
Assikvere,koht,,,,
Assiut,koht,,,,
Assoori,koht,,,,
Assoorid,koht,,,,
assotsiatsioon,koht,,,,abstr
Assuan,koht,,,,
Assur,koht,,,,
Assüüria,koht,,,,
astaasia,,,seisund,,
Astana,koht,,,,
astang,koht,,,,
Astangu,koht,,,,
Aste,koht,,,,
asteenia,,,seisund,,
asteeniline,,,seisund,,omadus
astenoopia,,,seisund,,
astenosfäär,koht,,,,osa
astigmatism,,,seisund,,
Asti järv,koht,,,,
astma,,,seisund,,
astmahoog,,,seisund,,
astmelaud,koht,,,,ese_instru
astmikpüramiid,koht,,,,
astmiktorn,koht,,,,
astmikviil,koht,,,,
Astrahan,koht,,,,
astronoomiaobservatoorium,koht,,,,
astrotsütoom,,,seisund,,
astsiit,,,seisund,,
Astuuria,koht,,,,
Astuvere,koht,,,,
asu,,,seisund,,
asuala,koht,,,,
Asuja,koht,,,,
Asuka,koht,,,,
asukohariik,koht,,,,
asukoht,koht,,,,
Asuküla,koht,,,,
asula,koht,,,,
asulakoht,koht,,,,
asulastik,koht,,,,
asum,koht,,,,
asumaa,koht,,,,
asumine,,,seisund,,tegevus
asumisala,koht,,,,
Asunción,koht,,,,
asundus,koht,,,,
Asunduse,koht,,,,
asundusküla,koht,,,,
asundustalu,koht,,,,
asunikukoht,koht,,,,
asunikutalu,koht,,,,
asupaik,koht,,,,
asustatus,koht,,,,"inimene, loom, taim"
asustus,koht,,,,"inimene, loom, taim"
asustusala,koht,,,,
asustuskeskus,koht,,,,
asustusüksus,koht,,,,
asutamisaasta,,aeg,,,
asutamisaeg,,aeg,,,
asutamiskongress,,,,sündmus,
asutamiskoosolek,,,,sündmus,
asutus,koht,,,,abstr
Asva,koht,,,,
Aswān,koht,,,,
asümmeetria,,,seisund,,omadus_füüs
asümmeetriline sõda,,,,sündmus,
asüstoolia,,,seisund,,
asüül,koht,,,,
Ašgabat,koht,,,,
Ašhabad,koht,,,,
Azawad,koht,,,,
ažiotaaž,,,seisund,,"abstr/konkr, tegevus_tegu"
at,,aeg,,,"ADV_seisund, esitus, esitus_mõõt, konkr"
Ataalia,koht,,,,
Atacama,koht,,,,
atakk,,,seisund,,
ataksia,,,seisund,,
ataraksia,,,seisund,,
Ataste,koht,,,,
Ateena,koht,,,,
ateljee,koht,,,,
ateljeekorter,koht,,,,
ateroom,,,seisund,,
ateroskleroos,,,seisund,,
atetoos,,,seisund,,
ATH,,,seisund,,esitus
Athabasca,koht,,,,
Áthos,koht,,,,
Atika,koht,,,,
Atla,koht,,,,
Atlandi ookean,koht,,,,
Atlant,koht,,,,
atlant,koht,,,,
Atlanta,koht,,,,
Atlantis,koht,,,,
Atlas,koht,,,,in_müt
atlas,koht,,,,"ese_semio, kehaosa"
Atlase mäed,koht,,,,
atmosfäär,koht,,seisund,,"abstr, esitus_mõõt"
atoll,koht,,,,
atoonia,,,seisund,,omadus_füüs
Atra,koht,,,,
atroofia,,,seisund,,
Atsalama,koht,,,,
atsidoos,,,seisund,,
Atõrau,koht,,,,
au,,,seisund,,"abstr, abstr/konkr, esitus_mõõt, nähtus_psühh"
Auaste,koht,,,,
auavaldus,,,,sündmus,tegevus_tegu
Auckland,koht,,,,
Aude,koht,,,,
Audevälja,koht,,,,
audients,,,,sündmus,
audikas,koht,,,,
auditoorium,koht,,,,inimene
Audjasaare,koht,,,,
Audjassaare,koht,,,,
Audjassaarõ,koht,,,,
Audla,koht,,,,
Audru,koht,,,,
aug,,aeg,,,esitus
Augeiase tallid,,,seisund,,
Augli,koht,,,,
Augsburg,koht,,,,
august,,aeg,,,esitus
augustikuu,,aeg,,,esitus
augustiputš,,,,sündmus,
auhinnagala,,,,sündmus,
auhinnavõistlus,,,,sündmus,
aujärg,koht,,,,ese_instru
auk,koht,aeg,seisund,,
aukoht,koht,,seisund,,
Auksi,koht,,,,
Aukštaitija,koht,,,,
auku,,,seisund,,
aukõrgendus,,,,sündmus,tegevus
Auküla,koht,,,,
Aula,koht,,,,
aula,koht,,,,
Aula-Vintri,koht,,,,
Aulepa,koht,,,,
Aunus,koht,,,,
Aunuse-Karjala,koht,,,,
aupäev,,aeg,,,
aura,,,seisund,,abstr
auring,,,,sündmus,tegevus
aurusaun,koht,,,,
auruveski,koht,,,,ese_instru
Auschwitz,koht,,,,
au sees,,,seisund,,
au sisse,,,seisund,,
austamine,,,seisund,sündmus,nähtus_psühh
austamisõhtu,,,,sündmus,
Austerlitz,koht,,,,
Austla,koht,,,,
Austraalia,koht,,,,
Australaasia,koht,,,,
Austria,koht,,,,
Austria-Ungari,koht,,,,
austrikasvandus,koht,,,,
austus,,,seisund,,nähtus_psühh
austuskontsert,,,,sündmus,
ausus,,,seisund,,"esitus_keel_suhtlus, inimene, nähtus_psühh"
aut,,,seisund,,omadus_kval
autasustamine,,,,sündmus,tegevus
autism,,,seisund,,
autismispektri häire,,,seisund,,
autoavarii,,,,sündmus,
autobaas,koht,,,,
autobussijaam,koht,,,,
autodafee,,,,sündmus,tegevus_tegu
autodroom,koht,,,,
autofirma,koht,,,,
autofookus,koht,,,,omadus_füüs
autohooldus,koht,,,,"tegevus, vald"
autoimmuunhaigus,,,seisund,,
autoimmuunsus,,,seisund,,
autoinfektsioon,,,seisund,,
autoinspektsioon,koht,,,,
autointoksikatsioon,,,seisund,,
autokabiin,koht,,,,
autokauplus,koht,,,,ese_instru
autokino,,,,sündmus,
autokolonn,koht,,,,"ese_instru, grupp"
autokool,koht,,,,
autokuur,koht,,,,
autolammutus,koht,,,,
autolammutuskoda,koht,,,,
automaatpesula,koht,,,,
automaatpiloot,,,seisund,,ese_instru
automagistraal,koht,,,,
automajand,koht,,,,
automatk,,,,sündmus,
autonoomia,,,seisund,,abstr/konkr
autonäitus,,,,sündmus,
autoomanik,koht,,,,in_omadus
autoparkla,koht,,,,
autopesula,koht,,,,
autopiloot,,,seisund,,ese_instru
autoralli,,,,sündmus,tegevus
autoregistrikeskus,koht,,,,
autoremonditöökoda,koht,,,,
autorikontsert,,,,sündmus,
autoriõhtu,,,,sündmus,
autorlus,,,seisund,,
autorsus,,,seisund,,
autosalong,koht,,,,
autoservis,koht,,,,
autosild,koht,,,,
autotee,koht,,,,
autoteenindus,koht,,,,
autotehas,koht,,,,
autotekk,koht,,,,
autotootja,koht,,,,
autotöökoda,koht,,,,
autovõidusõit,,,,sündmus,
autoõnnetus,,,,sündmus,
auul,koht,,,,
Auvere,koht,,,,
Auvergne,koht,,,,
Auvergne-Rhône-Alpes,koht,,,,
auvärav,koht,,,,tegevus_tegu
ava,koht,,,,omadus_kval
avaaktus,,,,sündmus,
avaala,,,,sündmus,vald
avadefilee,,,,sündmus,
avaetendus,,,,sündmus,
avaettekanne,,,,sündmus,
avageim,,,,sündmus,
avaistung,,,,sündmus,
avakohtumine,,,,sündmus,
avakontsert,,,,sündmus,
avakoosolek,,,,sündmus,
avakosmos,koht,,,,
avakõne,,,,sündmus,ese_semio
avalaht,koht,,,,
avalik kord,,,seisund,,
avalikkus,,,seisund,,inimene
avalik maja,koht,,,,
avalik sektor,koht,,,,"abstr/konkr, inimene"
avalik võim,koht,,,,abstr
avalohk,koht,,,,
avalöök,,,,sündmus,tegevus_tegu
avamaa,koht,,,,
avamatš,,,,sündmus,
avameri,koht,,,,
avamine,,,,sündmus,
avamus,koht,,,,
avandus,koht,,,,
Avanduse,koht,,,,
avanemisperiood,,aeg,seisund,,
avangard,koht,,,,"abstr, in_roll"
avantüür,,,,sündmus,
avapala,,,,sündmus,tegevus_tegu
avaparkla,koht,,,,
avapauk,,,,sündmus,
avapäev,,aeg,,,
avarannik,koht,,,,
avarii,,,seisund,sündmus,
avariiolukord,,,seisund,,
avaring,,,,sündmus,
Avarua,koht,,,,
avarus,koht,,,,"omadus_füüs, omadus_kval"
avaruum,koht,,,,
avastart,,,,sündmus,
Avaste,koht,,,,
avastusretk,,,,sündmus,tegevus
avasõit,,,,sündmus,
avatakt,,,,sündmus,ese_kunst
avatseremoonia,,,,sündmus,
Avatša,koht,,,,
avatud,,,seisund,,"ADV_seisund, omadus_kval"
avatud köök,koht,,,,
avatud suhe,,,seisund,,
avatud uste päev,,aeg,,,
avaturg,koht,,,,
avatus,,,seisund,,
avaus,koht,,,,
avavangla,koht,,,,
avavesi,koht,,,,
avavoor,,,,sündmus,
avavõistlus,,,,sündmus,
avaõhtu,,,,sündmus,
avaõu,koht,,,,
avaüritus,,,,sündmus,
avenüü,koht,,,,
Avignon,koht,,,,
Avijõgi,koht,,,,
Avinurme,koht,,,,
avio,koht,,,,
Avispea,koht,,,,
avitaminoos,,,seisund,,
Avon,koht,,,,
AÜ,koht,,,,"abstr/konkr, esitus"
aü,koht,,,,"abstr/konkr, esitus_mõõt"
AÜE,koht,,,,
Axiós,koht,,,,
Aylesbury,koht,,,,
Ayrshire,koht,,,,
Ayutthaya,koht,,,,
baar,koht,,,,esitus_mõõt
baas,koht,,,,"abstr, abstr/konkr, ese_kunst, esitus_info, esitus_kujutis"
baaslaager,koht,,,,
Bab el Mandeb,koht,,,,
babesioos,,,seisund,,
Babrujsk,koht,,,,
Babülon,koht,,,,
Babüloni rippaiad,koht,,,,
Babüloonia,koht,,,,
baby shower,,,,sündmus,
Baden,koht,,,,
Baden-Baden,koht,,,,
Baden-Württemberg,koht,,,,
Baffini saar,koht,,,,
Bagdad,koht,,,,
Bagrationovsk,koht,,,,
Bahama,koht,,,,
Bahama saared,koht,,,,
Bahmut,koht,,,,
Bahrein,koht,,,,
Bahtšisarai,koht,,,,
Baieri,koht,,,,
Baierimaa,koht,,,,
Baieri mets,koht,,,,
Baikal,koht,,,,
Baikonur,koht,,,,
Baile Átha Cliath,koht,,,,
Bajkongõr,koht,,,,
Bakbyn,koht,,,,
bakhanaal,,,,sündmus,
baktereemia,,,seisund,,
bakterieemia,,,seisund,,
baktermädanik,,,seisund,,
bakterpõletik,,,seisund,,
bakterveresus,,,seisund,,
Baktria,koht,,,,
Bakuu,koht,,,,
Balaklava,koht,,,,
balanss,,,seisund,,
Balaton,koht,,,,
Baleaarid,koht,,,,
Baleaari saared,koht,,,,
Balhaš,koht,,,,
Bali,koht,,,,
balka,koht,,,,
Balkaaria,koht,,,,
Balkan,koht,,,,
Balkani poolsaar,koht,,,,
Balkani sündroom,,,seisund,,
Balkaš,koht,,,,
ball,,,,sündmus,"ese, ese_instru"
ballastitank,koht,,,,
balletiteater,koht,,,,
ballisaal,koht,,,,
Balti,koht,,,,
Balti Assamblee,koht,,,,
Baltiisk,koht,,,,
Balti kett,,,,sündmus,
Balti kubermang,koht,,,,
Baltikum,koht,,,,
Baltimaad,koht,,,,
Balti meri,koht,,,,
Baltimore,koht,,,,
Balti riigid,koht,,,,
Baltiski,koht,,,,
baltofoobia,,,seisund,,
balustraad,koht,,,,ese
Balvi,koht,,,,
Bamako,koht,,,,
banaalsus,,,seisund,,tegevus_kõnetegu
banaanivabariik,koht,,,,
Bandar Seri Begawan,koht,,,,
Bandung,koht,,,,
bangalo,koht,,,,
Bangalore,koht,,,,
Banghāzī,koht,,,,
Bangka,koht,,,,
Bangkok,koht,,,,
Bangladesh,koht,,,,
Bangui,koht,,,,
Banja Luka,koht,,,,
Banjul,koht,,,,
bankett,,,,sündmus,toit
baptisteerium,koht,,,,
barakk,koht,,,,
Baranavičy,koht,,,,
Baranovitši,koht,,,,
Barbados,koht,,,,
barbecue,,,,sündmus,"ese_instru, tegevus_tegu, toit"
barbeque,,,,sündmus,"ese_instru, tegevus_tegu, toit"
barbershop,koht,,,,
Barcelona,koht,,,,
bardakk,,,seisund,,
bardo,,,seisund,,
Barentsi meri,koht,,,,
barhaan,koht,,,,
barhaanahelik,koht,,,,
barhaankõrb,koht,,,,
Bari,koht,,,,
Barnaul,koht,,,,
barokamber,koht,,,,
barokkansambel,koht,,,,in_roll
barokkpark,koht,,,,
barotrauma,,,seisund,,
barr,koht,,,,
barrikaad,koht,,,,
Barõssav,koht,,,,
Barysaŭ,koht,,,,
basaar,koht,,,sündmus,
Basel,koht,,,,
basiilika,koht,,,,
Basilicata,koht,,,,
Baski,koht,,,,
Baskimaa,koht,,,,
Baskuntšak,koht,,,,
Basra,koht,,,,
bassein,koht,,,,
Basse-Terre,koht,,,,
Basseterre,koht,,,,
bastion,koht,,,,
Basuutomaa,koht,,,,
Baškiiri,koht,,,,
Baškiiria,koht,,,,
Baškortostan,koht,,,,
Bataavia,koht,,,,
Batalpašinsk,koht,,,,
Bathumi,koht,,,,
Bathurst,koht,,,,
Batumi,koht,,,,
batuudimaastik,koht,,,,
batüaal,koht,,,,
Bauska,koht,,,,
Bautzen,koht,,,,
Bayreuth,koht,,,,
BBC,koht,,,,
BBQ,,,,sündmus,"ese_instru, tegevus_tegu, toit"
BC,koht,,,,in_tegija
Beaujolais,koht,,,,
Bedford,koht,,,,
Bedfordshire,koht,,,,
beebibuum,,aeg,,,
beebikino,,,,sündmus,
beebikõõm,,,seisund,,
beebiootele,,,seisund,,ADV_seisund
beebiootus,,,seisund,,
beebit ootama,,,seisund,,VERB_seisund
Beijing,koht,,,,
beilerbeilik,koht,,,,
Beirut,koht,,,,
Bekaa,koht,,,,
Bekaa org,koht,,,,
Belaja,koht,,,,
Belaja Tserkov,koht,,,,
Belau,koht,,,,
beletaaž,koht,,,,
Belfast,koht,,,,
Belgia,koht,,,,
Belgia Kongo,koht,,,,
Belgorod,koht,,,,
Belgorod-Dnestrovski,koht,,,,
Belgrad,koht,,,,
Belize,koht,,,,
Belmopan,koht,,,,
Beloje järv,koht,,,,
Belomorsk,koht,,,,
Belozersk,koht,,,,
Belotsarsk,koht,,,,
Belt,koht,,,,
Beluhha,koht,,,,
Belutšistan,koht,,,,
belvedere,koht,,,,
Benares,koht,,,,
benefiss,,,,sündmus,
Benelux,koht,,,,
Beneluxi maad,koht,,,,
Bengal,koht,,,,
Bengali laht,koht,,,,
Bengaluru,koht,,,,
Benghazi,koht,,,,
Benguela hoovus,koht,,,,
Benin,koht,,,,
bensiinihoidla,koht,,,,
bensiinijaam,koht,,,,
bensiinimürgistus,,,seisund,,
bensiinimürgitus,,,seisund,,
bensiinitankla,koht,,,,
bensukas,koht,,,,
bentaal,koht,,,,
Beograd,koht,,,,
Berditšev,koht,,,,
Berdjansk,koht,,,,
Berdõtšiv,koht,,,,
Beresje,koht,,,,
Berezina,koht,,,,
Bergen,koht,,,,
Bergsby,koht,,,,
beribeeri,,,seisund,,
Beringi meri,koht,,,,
Berkshire,koht,,,,
Berliin,koht,,,,
Bermuda,koht,,,,
Bermuda kolmnurk,koht,,,,nähtus
Bern,koht,,,,
bernardiini ordu,koht,,,,
Beskiidid,koht,,,,
Bessaraabia,koht,,,,
Betaania,koht,,,,
Betbakdala,koht,,,,
Bethlehem,koht,,,,
betoon,koht,,,,materjal/aine
betoonitehas,koht,,,,
betoonvundament,koht,,,,
Betšuaanamaa,koht,,,,
Bhilai,koht,,,,
Bhopal,koht,,,,
Bhubaneswar,koht,,,,
Bhutan,koht,,,,
Biafra,koht,,,,
Biafra laht,koht,,,,
Białystok,koht,,,,
Biarezina,koht,,,,
biblioteek,koht,,,,ese_semio
biennaal,,,,sündmus,
bigaamia,,,seisund,,
bigoreksia,,,seisund,,
Bihar,koht,,,,
Bija,koht,,,,
bikiinipiirkond,koht,,,,
bikiinivorm,,,seisund,,
Bila Tserkva,koht,,,,
Bilbao,koht,,,,
Bilgorod-Dnistrovskõi,koht,,,,
Bilhorod-Dnistrovskõi,koht,,,,
bioloogia,,,seisund,,"abstr/konkr, vald"
bioloogiajaam,koht,,,,
bioloogiatund,,,,sündmus,
bioloogiline kell,,aeg,,,nähtus_loodus
bioloogiline surm,,,,sündmus,nähtus_loodus
biomarker,,,seisund,,nähtus
biotiik,koht,,,,
biotoop,koht,,,,
bipolaarne häire,,,seisund,,
bipolaarne meeleoluhäire,,,seisund,,
bipolaarsus,,,seisund,,
Birkas,koht,,,,
Birma,koht,,,,
Birmingham,koht,,,,
Birobidžan,koht,,,,
Birštonas,koht,,,,
Biržai,koht,,,,
Bisagidbyn,koht,,,,
Biskaia,koht,,,,
Biskaia laht,koht,,,,
Bissau,koht,,,,
bistro,koht,,,,
bistroo,koht,,,,
Biškek,koht,,,,
Bitüünia,koht,,,,
bivakk,koht,,,sündmus,
bjeff,koht,,,,
black box,koht,,,,osa
blackout,,,seisund,,omadus_füüs_värv
Blackpool,koht,,,,
Blagoveštšensk,koht,,,,
blamaaž,,,,sündmus,
blastoom,,,seisund,,
blefariit,,,seisund,,
Blekinge,koht,,,,
blenorröa,,,seisund,,
blindaaž,koht,,,,
Bloemfontein,koht,,,,
blokaad,,,seisund,,tegevus_tegu
blokeering,,,seisund,,"abstr/konkr, tegevus_tegu"
blokk,,,seisund,,"in_roll, tegevus_tegu"
BMW,koht,,,,ese_instru
BNS,koht,,,,
bobirada,koht,,,,
Bobruisk,koht,,,,
Bochum,koht,,,,
Boden,koht,,,,
Bodrum,koht,,,,
Bogotá,koht,,,,
Bo Hai,koht,,,,
Bohuslän,koht,,,,
Boiootia,koht,,,,
boks,koht,,,,ese_instru
boksipeatus,,,,sündmus,
Boliivia,koht,,,,
Bologna,koht,,,,
Bologoje,koht,,,,
Bombay,koht,,,,
Bonaire,koht,,,,
Bonn,koht,,,,
Bonny laht,koht,,,,
Boose,koht,,,,
Borbi,koht,,,,
Bordeaux,koht,,,,
bordell,koht,,,,
Bordžomi,koht,,,,
Borislav,koht,,,,
Borispol,koht,,,,
Borissov,koht,,,,
Borjomi,koht,,,,
Borneo,koht,,,,
Bornholm,koht,,,,
Borodino,koht,,,,
Borovitši,koht,,,,
Borrby,koht,,,,
borrelioos,,,seisund,,
Boržomi,koht,,,,
Borõslav,koht,,,,
Borõspil,koht,,,,
Bosnia,koht,,,,
Bosnia ja Hertsegoviina,koht,,,,
Bosnia ja Hertsegoviina Föderatsioon,koht,,,,
Bosporus,koht,,,,
Boston,koht,,,,
botaanikaaed,koht,,,,
Botnia laht,koht,,,,
Botswana,koht,,,,
botulism,,,seisund,,
boutique,koht,,,,esitus
Bouvet' saar,koht,,,,
Brabant,koht,,,,
Brades,koht,,,,
Bradford,koht,,,,
bradükardia,,,seisund,,
Brahmaputra,koht,,,,
Brandenburg,koht,,,,
Brasiilia,koht,,,,
Brasília,koht,,,,
Braşov,koht,,,,
Brazzaville,koht,,,,
Brazzaville'i Kongo,koht,,,,
Bratislava,koht,,,,
Bratsk,koht,,,,
Braunschweig,koht,,,,
Breemen,koht,,,,
Bremen,koht,,,,
Bremerhaven,koht,,,,
bremsberg,koht,,,,
Brenner,koht,,,,
Brest,koht,,,,
Brest-Litovsk,koht,,,,
Bretagne,koht,,,,
Brexit,,,,sündmus,
BRIC-i riigid,koht,,,,
BRICS-i riigid,koht,,,,
Bridgetown,koht,,,,
brigaad,koht,,,,inimene
Brighton,koht,,,,
briifing,,,,sündmus,
briljantpulm,,aeg,,sündmus,
Brisbane,koht,,,,
Bristol,koht,,,,
Bristoli laht,koht,,,,
Britannia,koht,,,,
Briti,koht,,,,
Briti Guajaana,koht,,,,
Briti Honduras,koht,,,,
Briti Ida-Aafrika,koht,,,,
Briti impeerium,koht,,,,
Briti India ookeani ala,koht,,,,
Briti Neitsisaared,koht,,,,
Briti Põhja-Ameerika,koht,,,,
Briti Saalomoni saared,koht,,,,
Briti saared,koht,,,,
Briti Somaalimaa,koht,,,,
Briti Togomaa,koht,,,,
Briti Uus-Guinea,koht,,,,
Brjansk,koht,,,,
Brno,koht,,,,
broilerikasvandus,koht,,,,
bronhiaalastma,,,seisund,,
bronhiit,,,seisund,,
bronhioliit,,,seisund,,
bronhopneumoonia,,,seisund,,
Brześć nad Bugiem,koht,,,,
Brugge,koht,,,,
Brunei,koht,,,,
brustver,koht,,,,
brutopind,koht,,,,omadus_füüs
brutselloos,,,seisund,,
Brüssel,koht,,,,in_roll
buboon,,,seisund,,
buboonkatk,,,seisund,,
Buckinghamshire,koht,,,,
Bucureşti,koht,,,,
Budapest,koht,,,,
Budjonnovsk,koht,,,,
buduaar,koht,,,,
Buenos Aires,koht,,,,
Buffalo,koht,,,,
bufonaad,,,,sündmus,esitus
Bug,koht,,,,
Bugulma,koht,,,,
Buguruslan,koht,,,,
Buhhaara,koht,,,,
Buhhaara emiraat,koht,,,,
Bujumbura,koht,,,,
Bukarest,koht,,,,
Bukoviina,koht,,,,
Bulgaaria,koht,,,,
buliimia,,,seisund,,
bulvar,koht,,,,
bumerang,,,seisund,,ese_instru
Bundestag,koht,,,,
Bureja,koht,,,,
Bureja mäestik,koht,,,,
Burgundia,koht,,,,
Burgundia-Franche-Comté,koht,,,,
Burjaadi,koht,,,,
Burjaatia,koht,,,,
Burkina Faso,koht,,,,
bursa,koht,,,,
bursiit,,,seisund,,
Burtnieki järv,koht,,,,
Burundi,koht,,,,
Busan,koht,,,,
bussiavarii,,,,sündmus,
bussijaam,koht,,,,
bussikas,koht,,,,
bussinoos,,,seisund,,
bussipark,koht,,,,ese_instru
bussipeatus,koht,,,,
bussitasku,koht,,,,
butiik,koht,,,,
butiikhotell,koht,,,,
butiikmaja,koht,,,,
Butša,koht,,,,
buum,,aeg,,,
Buxoro,koht,,,,
Bögelmä,koht,,,,
börs,koht,,,,
börsibuum,,aeg,,,
börsiettevõte,koht,,,,
börsikrahh,,,,sündmus,
börsipalavik,,,seisund,,
Böömi,koht,,,,
Böömi- ja Määrimaa,koht,,,,
Böömimaa,koht,,,,
büroo,koht,,,,inimene
büroohoone,koht,,,,
Bütsants,koht,,,,
Bütsantsi riik,koht,,,,
Bydgoszcz,koht,,,,
Cabo Verde,koht,,,,
Cádiz,koht,,,,
Caen,koht,,,,
Caerdydd,koht,,,,
Cagliari,koht,,,,
Cahors,koht,,,,
Calabria,koht,,,,
Calais,koht,,,,
Calais' väin,koht,,,,
Calgary,koht,,,,
Cali,koht,,,,
California,koht,,,,
California poolsaar,koht,,,,
Cambria mäed,koht,,,,
Cambridge,koht,,,,
Cambridgeshire,koht,,,,
Camembert,koht,,,,toit
Campania,koht,,,,
Camp David,koht,,,,
Canaverali neem,koht,,,,
Canberra,koht,,,,
Cannae,koht,,,,
Cannes,koht,,,,
Canterbury,koht,,,,
Capri,koht,,,,
Caracas,koht,,,,
Cardiff,koht,,,,
Carlisle,koht,,,,
Carolina,koht,,,,
Carpentaria laht,koht,,,,
Cartagena,koht,,,,
Casablanca,koht,,,,
cash and carry,koht,,,,
Casiquiare,koht,,,,
Casnewydd,koht,,,,
Castilla-La Mancha,koht,,,,
Castilla-León,koht,,,,
Castries,koht,,,,
Catania,koht,,,,
Cayenne,koht,,,,
Čechy,koht,,,,
Celebes,koht,,,,
Centre-Val de Loire,koht,,,,
CERN,koht,,,,
Cēsis,koht,,,,
CET,,aeg,,,
Cetinje,koht,,,,
Ceuta,koht,,,,
Chaco,koht,,,,
Chalkidike,koht,,,,
Champagne,koht,,,,
Champagne-Ardenne,koht,,,,
Chandigarh,koht,,,,
Changchun,koht,,,,
Changsha,koht,,,,
Chaniá,koht,,,,
Chari,koht,,,,
Charlotte Amalie,koht,,,,
Chattanooga,koht,,,,
Chattogram,koht,,,,
check-in,koht,,,,tegevus_tegu
Checkpoint Charlie,koht,,,,
Cheddar,koht,,,,toit
Cheju,koht,,,,
Chelmsford,koht,,,,
Chemnitz,koht,,,,
Chengdu,koht,,,,
Chennai,koht,,,,
C-hepatiit,,,seisund,,
Cherbourg,koht,,,,
Cheshire,koht,,,,
Chester,koht,,,,
Cheyenne,koht,,,,
Chhattisgarh,koht,,,,
Chiang Mai,koht,,,,
Chiapas,koht,,,,
Chicago,koht,,,,
Chichester,koht,,,,
Chihuahua,koht,,,,
Chíos,koht,,,,
Chișinău,koht,,,,
Chittagong,koht,,,,
Chongqing,koht,,,,
Christchurch,koht,,,,
CIA,koht,,,,
Cincinnati,koht,,,,
cinquecento,,aeg,,,
circulus vitiosus,,,seisund,,abstr
Citlaltépetl,koht,,,,
city,koht,,,,
Ciudad de Guatemala,koht,,,,
Ciudad de México,koht,,,,
Ciudad Trujillo,koht,,,,
Clackmannanshire,koht,,,,
Cleveland,koht,,,,
Cluj-Napoca,koht,,,,
Clyde,koht,,,,
CNN,koht,,,,
Cochin,koht,,,,
Cockburn Town,koht,,,,
Cognac,koht,,,,
Coimbatore,koht,,,,
Colombia,koht,,,,
Colombo,koht,,,,
Colóni saarestik,koht,,,,
Colorado,koht,,,,
Columbia,koht,,,,
Columbia ringkond,koht,,,,
Columbus,koht,,,,
Como,koht,,,,
Como järv,koht,,,,
Conakry,koht,,,,
condition humaine,,,seisund,,abstr
Connecticut,koht,,,,
Constanţa,koht,,,,
Constantine,koht,,,,
Cooki saared,koht,,,,
Cooperi test,,,,sündmus,ese_semio
Corcaigh,koht,,,,
Córdoba,koht,,,,
Cork,koht,,,,
Cornwall,koht,,,,
Coromandeli rannik,koht,,,,
corrida,,,,sündmus,
Cortes,koht,,,,
cortes,koht,,,,
Costa Rica,koht,,,,
Côte d'Azur,koht,,,,
Côte d'Ivoire,koht,,,,
Cotonou,koht,,,,
Cotopaxi,koht,,,,
Cottbus,koht,,,,
Coventry,koht,,,,
COVID,,,seisund,,
COVID-19,,,seisund,,
Cranz,koht,,,,
crêperie,koht,,,,
Crna Gora,koht,,,,
Częstochowa,koht,,,,
Cumberland,koht,,,,
Cumbria,koht,,,,
Curaçao,koht,,,,
Cusco,koht,,,,
d,,,seisund,,"esitus, esitus_keel_täht, esitus_mõõt, omadus"
Daakia,koht,,,,
daatša,koht,,,,
daatum,,aeg,,,esitus_arv
Dadra ja Nagar Haveli ja Daman ja Diu,koht,,,,
Daegu,koht,,,,
Daesh,koht,,,,
Dagestan,koht,,,,
Dahomee,koht,,,,
Dakar,koht,,,,
Dakota,koht,,,,
dakrüadeniit,,,seisund,,
Dalarna,koht,,,,
Dalian,koht,,,,
Dallas,koht,,,,
Dalmaatsia,koht,,,,
Dalsland,koht,,,,
daltonism,,,seisund,,
Damaskus,koht,,,,
Damāvand,koht,,,,
Damoklese mõõk,,,seisund,,
Đa Năng,koht,,,,
dansker,koht,,,,
Danzigi koridor,koht,,,,
Dardanellid,koht,,,,
Dar es Salaam,koht,,,,
Darfur,koht,,,,
Darjeeling,koht,,,,
Darkehmen,koht,,,,
Darling,koht,,,,
Darmstadt,koht,,,,
Darwin,koht,,,,
Daşoguz,koht,,,,
datša,koht,,,,
Daugava,koht,,,,
Daugavpils,koht,,,,
Davos,koht,,,,
Dayton,koht,,,,
DDoS-rünnak,,,,sündmus,tegevus
DDoS-rünne,,,,sündmus,tegevus
debatt,,,,sündmus,
debiilsus,,,seisund,,nähtus_psühh
Debrecen,koht,,,,
debüüt,,,,sündmus,
deebitor,koht,,,,"in_omadus, in_roll"
deemos,koht,,,,"in_omadus, in_roll"
defilee,koht,,,sündmus,tegevus_tegu
defitsiit,,,seisund,,ese
defitsiitne,,,seisund,,omadus_kval
degust,,,,sündmus,tegevus
degustatsioon,,,,sündmus,tegevus
degusteerimine,,,,sündmus,tegevus
Dehradun,koht,,,,
dehüdratatsioon,,,seisund,,tegevus
dehüdratsioon,,,seisund,,tegevus
deit,,,,sündmus,
Dejevi,koht,,,,
Dejevo,koht,,,,
dekaad,,aeg,,,
dekanaat,koht,,,,
Dekkan,koht,,,,
Dekkani kiltmaa,koht,,,,
dekompensatsioon,,,seisund,,
dekoreerima,,,seisund,,VERB_tegevus
dekreediaeg,,aeg,,,
dekreet,,aeg,,,ese_semio
dekreetpuhkus,,aeg,,,
Delaware,koht,,,,
Delfi,koht,,,,ese_semio
delfinaarium,koht,,,,
Delhi,koht,,,,
deliirium,,,seisund,,
delikaatsus,,,seisund,,nähtus_psühh
Delos,koht,,,,
delta,koht,,,,esitus_keel_täht
deltarannik,koht,,,,
deltatasandik,koht,,,,
demarkatsioonijoon,koht,,,,kehaosa
dementsus,,,seisund,,
demobilisatsioon,,,,sündmus,tegevus
demobiliseerima,,,,sündmus,tegevus
demobiliseerimine,,,,sündmus,tegevus
demobiliseeruma,,,,sündmus,tegevus
demokraatia,koht,,seisund,,abstr/konkr
demonstratsioon,,,,sündmus,"abstr, tegevus"
demonstratsioonesinemine,,,,sündmus,
dendraarium,koht,,,,
dendroaed,koht,,,,
dendropark,koht,,,,
denge,,,seisund,,
dengepalavik,,,seisund,,
dengue-palavik,,,seisund,,
Denver,koht,,,,
departemang,koht,,,,
depersonalisatsioon,,,seisund,,
depigmentatsioon,,,seisund,,
deponent,koht,,,,"in_omadus, in_tegija"
depoo,koht,,,,materjal/aine
depoopank,koht,,,,
depositoorium,koht,,,,
deprekas,,,seisund,,
depressioon,,,seisund,,nähtus_loodus
depressioonilehter,koht,,,,
depressiooniseisund,,,seisund,,
Derbent,koht,,,,
derbi,,,,sündmus,
Derby,koht,,,,
Derbyshire,koht,,,,
derealisatsioon,,,seisund,,
Derhamn,koht,,,,
derivatsioonikanal,koht,,,,
dermatiit,,,seisund,,
dermatomükoos,,,seisund,,
dermatoos,,,seisund,,
Derry,koht,,,,
desarmeerimiskonverents,,,,sündmus,
Desna,koht,,,,
desorganisatsioon,,,seisund,,
dessantvägi,koht,,,,
Dessau,koht,,,,
Detroit,koht,,,,
dets,,aeg,,,esitus
detsember,,aeg,,,esitus
detsembrikuu,,aeg,,,esitus
detsentralisatsioon,,,seisund,,
deviantsus,,,seisund,,
deviatsioon,,,seisund,,omadus_kval
Devon,koht,,,,
devon,,aeg,,,
Dhaka,koht,,,,
diabeet,,,seisund,,
diabeetiline,,,seisund,,omadus
diabeetiline kooma,,,seisund,,
diagnoosikabinet,koht,,,,
diagnostikakabinet,koht,,,,
diakrooniline,,aeg,,,omadus
dialoog,,,,sündmus,"ese_kunst, tegevus"
dialoogipolitsei,koht,,,,
dialoogirežiim,,,seisund,,
dialüüsikabinet,koht,,,,
diapaus,,,seisund,,
diarröa,,,seisund,,
diasporaa,,,seisund,,inimene
diastaas,,,seisund,,
diasteem,koht,,,,
diatees,,,seisund,,
Diby,koht,,,,
Dickson,koht,,,,
dieedipäev,,aeg,,,
diele,koht,,,,osa
diferent,,,seisund,,
diferentseeritus,,,seisund,,
difteeria,,,seisund,,
difteriit,,,seisund,,
digiajastu,,aeg,,,
digilabor,koht,,,,
digipaast,,,seisund,,
digipööre,,,,sündmus,tegevus
digisalvestus,,,,sündmus,nähtus_füüs
digitaalajastu,,aeg,,,
digitaalsalvestus,,,,sündmus,nähtus_füüs
digiväsimus,,,seisund,,
digiärksus,,,seisund,,omadus_psühh
Diibi,koht,,,,
diivan,koht,,,,"ese_instru, ese_semio"
Dijon,koht,,,,
diktaatorlus,,,seisund,,
diktatuur,,aeg,,,abstr/konkr
dilemma ees,,,seisund,,
dilemma ette,,,seisund,,
Dili,koht,,,,
Dinaari mäestik,koht,,,,
dinee,,,,sündmus,toit
dionüüsia,,,,sündmus,
dionüüsiad,,,,sündmus,
diplomaatiline esindus,koht,,,,
diplomaatiline puutumatus,,,seisund,,
diplomietendus,,,,sündmus,
diploopia,,,seisund,,
dipsomaania,,,seisund,,
Dirhami,koht,,,,
dirigendipult,koht,,,,ese_instru
Dirslätt,koht,,,,
disainibüroo,koht,,,,
disharmoonia,,,seisund,,nähtus
disko,,,,sündmus,"ese_kunst, tegevus_tegu"
diskontinuiteet,,,seisund,,omadus_abstr
diskontopank,koht,,,,
diskosaal,koht,,,,
diskoteek,koht,,,,"ese, esitus"
diskoõhtu,,,,sündmus,
dislokatsioon,,,seisund,,"nähtus_loodus, tegevus"
dispanser,koht,,,,
dispetšerkeskus,koht,,,,
dispetšerpunkt,koht,,,,
dispetšikeskus,koht,,,,
dispetšipunkt,koht,,,,
dispositsioon,,,seisund,,"ese_semio, omadus_kval, omadus_psühh"
Dispur,koht,,,,
dissonants,,,seisund,,nähtus_füüs
distants,koht,aeg,,,"abstr, esitus_mõõt"
distorsioon,,,seisund,,
distress,,,seisund,,nähtus_psühh
distrikt,koht,,,,
distsiplinaarpataljon,koht,,,,
divertiikul,koht,,seisund,,
diviis,koht,,,,esitus_kujutis
divisjon,koht,,,,"abstr, in_omadus"
diötsees,koht,,,,
Djaangõ,koht,,,,
Djibouti,koht,,,,
Djokuuskaj,koht,,,,
Dmitrijevsk,koht,,,,
Dmitrijevsk-Stalinsk,koht,,,,
Dmõtrijivsk,koht,,,,
Dnepr,koht,,,,
Dneprodzeržinsk,koht,,,,
Dnepropetrovsk,koht,,,,
Dnestr,koht,,,,
Dnestri-äärne,koht,,,,
Dnipro,koht,,,,
Dniprodzeržõnsk,koht,,,,
Dnipropetrovsk,koht,,,,
Dno,koht,,,,
Dobele,koht,,,,
Dobrogea,koht,,,,
Dobrudža,koht,,,,
Dodekaneesid,koht,,,,
Dodoma,koht,,,,
Doha,koht,,,,
dokk,koht,,,,"ese_instru, ese_kunst"
doktorikool,,,,sündmus,abstr
doldrum,koht,,,,
dolmen,koht,,,,
Dolomiidid,koht,,,,
dolomiidikarjäär,koht,,,,
domeen,koht,,,,"abstr, esitus_info"
Dominica,koht,,,,
Dominikaani,koht,,,,
Dominikaani Vabariik,koht,,,,
dominioon,koht,,,,
Don,koht,,,,
Donbass,koht,,,,
Donegal,koht,,,,
Donets,koht,,,,
Donetsi söebassein,koht,,,,
Donetsk,koht,,,,
Dongting,koht,,,,
Donimaa,koht,,,,
Doni-äärne Rostov,koht,,,,
Donostia,koht,,,,
doominoefekt,,,,sündmus,
Doonau,koht,,,,
doonoripäev,,aeg,,,
doonorriik,koht,,,,
dopingulabor,koht,,,,
Dorchester,koht,,,,
Dordogne,koht,,,,
dormitoorium,koht,,,,
Dorpat,koht,,,,
Dorset,koht,,,,
Dortmund,koht,,,,
DoS-rünnak,,,,sündmus,tegevus
DoS-rünne,,,,sündmus,tegevus
dott,koht,,,,
Douro,koht,,,,
Dover,koht,,,,
Doveri väin,koht,,,,
Down,koht,,,,
Downi sündroom,,,seisund,,
DPA,koht,,,,
draakoni aasta,,aeg,,,
draakoniaasta,,aeg,,,
Draakonimäed,koht,,,,
draama,,,,sündmus,"ese_kunst, nähtus_psühh"
draamateater,koht,,,,
Drava,koht,,,,
Dresden,koht,,,,
drive-in,koht,,,,omadus_kval
Drogobõtš,koht,,,,
Drohobõtš,koht,,,,
Druskininkai,koht,,,,
druus,,,seisund,,"in_rahvas, nähtus_loodus"
Dzaudžikau,koht,,,,
Dzeržinsk,koht,,,,
Dzeržõnsk,koht,,,,
Dziaržynsk,koht,,,,
dzott,koht,,,,
Dzūkija,koht,,,,
Dzäudžõkäu,koht,,,,
Džalal-Abad,koht,,,,
Džambul,koht,,,,
Džankoi,koht,,,,
Džezkazgan,koht,,,,
Džizak,koht,,,,
Džohhar,koht,,,,
Džomolungma,koht,,,,
Džugdžur,koht,,,,
Džungaaria,koht,,,,
džungel,koht,,,,"abstr/konkr, taim"
džungliseadus,,,seisund,,
džässifestival,,,,sündmus,
džässikontsert,,,,sündmus,
džässkontsert,,,,sündmus,
Dubai,koht,,,,
Dublin,koht,,,,
Dubna,koht,,,,
Dubovo,koht,,,,
Dubrovnik,koht,,,,
Dudinka,koht,,,,
duell,,,,sündmus,tegevus
Duero,koht,,,,
duhhaan,koht,,,,
Duisburg,koht,,,,
Dunbartonshire,koht,,,,
Dundaga,koht,,,,
Dundee,koht,,,,
Dunedin,koht,,,,
Dunkerque,koht,,,,
Durban,koht,,,,
Durham,koht,,,,
Durrës,koht,,,,
Dušanbe,koht,,,,
dušikabiin,koht,,,,
dušinurk,koht,,,,ese_instru
duširuum,koht,,,,
duširuum-WC,koht,,,,
duubel,,,,sündmus,"ese_kunst, in_roll"
duuma,koht,,,,ese_semio
DV,koht,,,,
Dvina,koht,,,,
dünaamika,,,seisund,,"nähtus_füüs, tegevus, vald"
dünamism,,,seisund,,"nähtus_füüs, tegevus, vald"
düsbioos,,,seisund,,
düsenteeria,,,seisund,,
düsenteeriaepideemia,,,seisund,,
düsfaagia,,,seisund,,
düsfunktsioon,,,seisund,,
düsgraafia,,,seisund,,
düskomfort,,,seisund,,
düsleksia,,,seisund,,
düslipideemia,,,seisund,,
düsosmia,,,seisund,,nähtus_loodus
düspepsia,,,seisund,,
düsplaasia,,,seisund,,
Düsseldorf,koht,,,,
düstress,,,seisund,,nähtus_psühh
düstroofia,,,seisund,,
düsuuria,,,seisund,,
E,koht,aeg,,,"esitus, esitus_keel_täht, esitus_mõõt, materjal/aine, nähtus_füüs"
ead ja ajad,,aeg,,,ADV_aeg
Eametsa,koht,,,,
Eassalu,koht,,,,
East Anglia,koht,,,,
Easte,koht,,,,
eatu,,aeg,,,omadus
eavahe,,aeg,,,
Eavere,koht,,,,
ebabilanss,,,seisund,,esitus_mõõt
ebaedu,,,seisund,,
ebajahukaste,,,seisund,,
ebakindlus,,,seisund,,
ebaklapp,,,seisund,,
ebakorrapära,,,seisund,,
ebakorrapärasus,,,seisund,,
ebakorrektsus,,,seisund,,omadus_kval
ebakrupp,,,seisund,,
ebakõla,,,seisund,,nähtus_füüs
ebaliiges,,,seisund,,
ebaloogilisus,,,seisund,,omadus_kval
ebasoosing,,,seisund,,
ebasümmeetria,,,seisund,,omadus_füüs
ebatasasus,koht,,,,
ebatäpsus,,,seisund,,abstr/konkr
Ebavere,koht,,,,
ebavõrdsus,,,seisund,,
ebaõiglus,,,seisund,,tegevus_tegu
ebaõnn,,,seisund,,
ebaõnnejada,,,,sündmus,
ebaõnnestumine,,,seisund,,
ebaühtlus,,,seisund,,
ebola,,,seisund,,
Ebola viirushaigus,,,seisund,,
Ebro,koht,,,,
Ecuador,koht,,,,
Edam,koht,,,,toit
edasi,,aeg,,,"abstr, abstr_asend/suund, ADV_aeg, ADV_koht, ADV_seisund, ADV_viis"
edasimüüja,koht,,,,in_tegija
edasipääs,,,,sündmus,
edasi-tagasireis,,,,sündmus,
ede,,,seisund,,
edel,koht,,,,esitus_tähis
Edela-Aafrika,koht,,,,
Edela-Aasia,koht,,,,
edelarannik,koht,,,,
edemus,,,seisund,,abstr/konkr
ediakaara,,aeg,,,
Edinburgh,koht,,,,
Edirne,koht,,,,
Edise,koht,,,,
Edivere,koht,,,,
Edmonton,koht,,,,
Edom,koht,,,,
Edru,koht,,,,
edu,,,seisund,,"abstr/konkr, nähtus"
edulootus,,,seisund,,
edulugu,,,seisund,sündmus,
edumaa,,,seisund,,abstr/konkr
eduseis,,,seisund,,abstr_asend/suund
eduskund,koht,,,,
Eduskunta,koht,,,,
edutus,,,seisund,,VERB_muutust põhjustama
Edwardi järv,koht,,,,
Eeden,koht,,seisund,,
Eedeni aed,koht,,seisund,,
eel,koht,aeg,,,"ADV_aeg, ADV_koht, loom_kala, omadus, omadus_aeg, toit"
eelajalugu,,aeg,,,
Eelam,koht,,,,
eelarveaasta,,aeg,,,
eelarvedefitsiit,,,seisund,,
eelarveperiood,,aeg,,,
eelarvevaidlus,,,,sündmus,
eelaste,,aeg,,,nähtus
eeldiabeet,,,seisund,,
eelesietendus,,,,sündmus,
eelhääletus,,,,sündmus,
eeli,,aeg,,,
eelisjärjekord,,aeg,seisund,,
eelisseisund,,,seisund,,
eelistung,,,,sündmus,
eelkaitsmine,,,,sündmus,tegevus
eelkambrium,,aeg,,,
eelkevad,,aeg,,,
eelkindlustus,koht,,,,
eelkooliiga,,aeg,,,
eellinnus,koht,,,,
eellugu,,,,sündmus,
eelläbirääkimised,,,,sündmus,
eellöök,,,,sündmus,nähtus_füüs
eelmäestik,koht,,,,
eelmüügikassa,koht,,,,
eelnenu,,aeg,,sündmus,
eelnäht,,,seisund,,
eelolümpia,,,,sündmus,
eelpension,,,seisund,,ese_raha
eelpool,koht,aeg,,,"ADV_aeg, ADV_koht"
eelpositsioon,koht,,,,
eelpost,koht,,,,"in_roll, tegevus"
eelproov,,,,sündmus,tegevus_tegu
eelpõrgu,koht,,,,
eelpäev,,aeg,,,
eelring,,,,sündmus,
eelsadam,koht,,,,
eelsoodumus,,,seisund,,omadus_kval
eelsõit,,,,sündmus,
eelsümptom,,,seisund,,
eelujumine,,,,sündmus,
eeluurimisvangistus,,,seisund,,
eeluurimisvangla,koht,,,,
eelvangistus,,,seisund,,
eelvoor,,,,sündmus,
eelvõistlus,,,,sündmus,
eelvägi,koht,,,,
eelõhtu,,aeg,,,
eemaldumus,,,seisund,,
eemalolek,,,seisund,,
eend,koht,,,,
Eense,koht,,,,
Eerikvere,koht,,,,
Eerma,koht,,,,
ees,,,seisund,,"ADV_aeg, ADV_koht, ADV_viis"
Ees-Aasia,koht,,,,
eesaed,koht,,,,
eeshoov,koht,,,,
Ees-India,koht,,,,
eesistujamaa,koht,,,,
eesistujariik,koht,,,,
eeskamber,koht,,,,kehaosa
Ees-Kaukaasia,koht,,,,
eeskava,,,,sündmus,ese_kunst
eeskoda,koht,,,,
Eesküla,koht,,,,
eeslava,koht,,,,
eesliin,koht,,,,"abstr, in_roll"
eeslinn,koht,,,,
eeslinnus,koht,,,,
Eesnurga,koht,,,,
eesnäärmepõletik,,,seisund,,
eesnäärmevähk,,,seisund,,
eesots,koht,,,,
Ees-Pommeri,koht,,,,
eespool,koht,aeg,,,"ADV_aeg, ADV_koht"
eesruum,koht,,,,
eessein,koht,,,,
eest,,,seisund,,"ADV_aeg, ADV_koht, ADV_põhjus, ADV_viis"
Eesti,koht,,,,
Eesti aeg,,aeg,,,
Eesti-aegne,,aeg,,,
eestiaegne,,aeg,,,
Eesti Aiake,koht,,,,
Eestimaa,koht,,,,
Eesti Maapäev,koht,,,,
Eesti Maja,koht,,,,
Eesti Rohuaed,koht,,,,
Eesti Vabariik,koht,,,,esitus_info
eestpoolt,koht,aeg,,,ADV_koht
eestuba,koht,,,,
eesvall,koht,,,,
eesõu,koht,,,,
EET,,aeg,,,
eeternarkoos,,,seisund,,tegevus_muutus
eetertuimastus,,,seisund,,tegevus_muutus
eevaülikond,,,seisund,,
eevaülikonnas,,,seisund,,
efeebia,koht,,,,"abstr/konkr, vald"
Efesos,koht,,,,
Eger,koht,,,,
Egeuse meri,koht,,,,
Egiptus,koht,,,,
Egiptuse lihapotid,,,seisund,,
Egiptuse nuhtlus,,,seisund,,
Egiptuse pimedus,,,seisund,,
eha,,aeg,,,nähtus_loodus
ehakuma,,aeg,,,nähtus_loodus
ehalkäik,,,,sündmus,tegevus_tegu
ehalkäimine,,,,sündmus,tegevus_tegu
ehapuna,,aeg,,,nähtus_loodus
ehavalgel,,aeg,,,
Ehavere,koht,,,,
ehedus,,,seisund,,
ehhinokokoos,,,seisund,,
ehholaalia,,,seisund,,tegevus_kõnetegu
ehisaed,koht,,,,
ehissammas,koht,,,,
ehisviil,koht,,,,osa
ehitis,koht,,,,
ehitismälestis,koht,,,,
ehitus,koht,,,,"omadus_füüs, omadus_kval, tegevus"
ehitusala,koht,,,,"tegevus, vald"
ehitusbuum,,aeg,,,
ehitusettevõte,koht,,,,
ehitusjärk,koht,,,,tegevus
ehituskonstruktsioon,koht,,,,
ehituskrunt,koht,,,,
ehitusmälestis,koht,,,,
ehituspaik,koht,,,,
ehituspood,koht,,,,
ehitustander,koht,,,,
ehitustanner,koht,,,,
ehitustarind,koht,,,,
ehitustrust,koht,,,,
ehitusvalitsus,koht,,,,
ehku peal,,,seisund,,
ehm,,,seisund,,
ehmatus,,,seisund,,
Ehmja,koht,,,,
ehtima,,,seisund,,"VERB_abstr, VERB_tegevus"
Eidapere,koht,,,,
ei idane ega mädane,,,seisund,,
eikellegimaa,koht,,,,
Eikla,koht,,,,
eilane,,aeg,,,"omadus_aeg, omadus_psühh"
eile,,aeg,,,ADV_aeg
eilne,,aeg,,,"omadus_aeg, omadus_psühh"
ei mahu hinge,,,seisund,,
ei mahu pähe,,,seisund,,
Einbi,koht,,,,
eine,,,,sündmus,toit
einela,koht,,,,
einelaud,koht,,,,
ei näe selget päeva,,,seisund,,
ei ole kiita,,,seisund,,omadus_kval
Eipri,koht,,,,
ei saa saamagi,,,seisund,,
Eisma,koht,,,,
Eiste,koht,,,,
Eistrepa,koht,,,,
Eistvere,koht,,,,
eitamine,,,seisund,,"nähtus, nähtus_psühh"
eitus,,,seisund,,"esitus_keel, nähtus, nähtus_psühh"
Eivere,koht,,,,
Eivissa,koht,,,,
ejalett,koht,,,,
ekiden,,,,sündmus,vald
eklampsia,,,seisund,,
ekleesia,koht,,,,
EKP,koht,,,,esitus
eKr,,aeg,,,esitus_tähis
ekraaniaeg,,aeg,,,
ekraanisõltuvus,,,seisund,,
EKRE,koht,,,,"grupp, in_roll"
eksaltatsioon,,,seisund,,
eksalteeritus,,,seisund,,nähtus_psühh
eksam,,,,sündmus,
eksamipalavik,,,seisund,,
eksamisessioon,,aeg,,,
eksanteem,,,seisund,,
eksarhaat,koht,,,,
ekseem,,,seisund,,
ekshibitsionism,,,seisund,,nähtus_psühh
eksiil,,,seisund,,
eksiilvalitsus,koht,,,,
eksimatus,,,seisund,,"nähtus_psühh, omadus_kval"
eksistents,,,seisund,,nähtus
eksitus,,,seisund,,
eksklaav,koht,,,,
eksmatrikulatsioon,,,,sündmus,tegevus_tegu
eksmatrikuleerimine,,,,sündmus,tegevus_tegu
eksmatt,,,,sündmus,tegevus_tegu
eksoftalmia,,,seisund,,
eksootikareis,,,,sündmus,tegevus
eksosfäär,koht,,,,
ekspeditsioon,,,,sündmus,"inimene, tegevus"
eksperimentaaltsehh,koht,,,,
ekspertlus,,,seisund,,tegevus
eksplosioon,,,,sündmus,"esitus_keel, nähtus_füüs"
ekspluatatsiooniaeg,,aeg,,,
ekspluatatsioonihäire,,,,sündmus,
ekspo,,,,sündmus,ese_kunst
eksponent,koht,,,,"abstr/konkr, in_tegija"
ekspordipank,koht,,,,
ekspordiriik,koht,,,,
eksportija,koht,,,,in_roll
eksportöör,koht,,,,in_roll
ekspositsioon,koht,,,sündmus,"ese_kunst, tegevus"
eksterritoriaalsus,,,seisund,,
ekstraklass,,,seisund,,omadus_kval
ekstrasüstol,,,seisund,,
ekstrasüstoolia,,,seisund,,
ekstreem,,,seisund,,omadus_kval
Ekvatoriaal-Guinea,koht,,,,
ekvatoriaalvööde,koht,,,,
ekvinoktsium,,aeg,,,
EL,koht,,,,
elamine,koht,,,,ese_instru
elamisala,koht,,,,
elamispind,koht,,,,
elamu,koht,,,,
elamukooperatiiv,koht,,,,
elamukvartal,koht,,,,
elamulaam,koht,,,,
elamumaa,koht,,,,
elamumassiiv,koht,,,,
elamurajoon,koht,,,,
elamus,,,,sündmus,nähtus_psühh
elamusretk,,,,sündmus,tegevus
elamuühistu,koht,,,,
elatustase,,,seisund,,
elavhõbedamürgistus,,,seisund,,
elavhõbedamürgitus,,,seisund,,
elavnurk,koht,,,,
Elba,koht,,,,
Elbe,koht,,,,
Elbi,koht,,,,
Elbiku,koht,,,,
Elbrus,koht,,,,
Elbu,koht,,,,
eldoraado,koht,,,,
Eldorado,koht,,,,
Elea,koht,,,,
elefantiaas,,,seisund,,
elektribörs,koht,,,,
elektrijaam,koht,,,,
elektri- ja küttejaam,koht,,,,
elektrijõujaam,koht,,,,
elektrikatkestus,,,,sündmus,
elektrimüüja,koht,,,,
elektritankla,koht,,,,
elektritrauma,,,seisund,,
elementaarkool,koht,,,,
elevaator,koht,,,,ese_instru
Elevandiluurannik,koht,,,,
elevantsus,,,seisund,,
elevus,,,seisund,,"nähtus_psühh, tegevus"
eliitkool,koht,,,,
eliitväeosa,koht,,,,
eliitvägi,koht,,,,
Elista,koht,,,,
Elistvere,koht,,,,
eliting,,,seisund,,
Ellakvere,koht,,,,
Ellamaa,koht,,,,
Ellesmere,koht,,,,
Ellice'i saared,koht,,,,
elling,koht,,,,
elluastumine,,,,sündmus,
ellujäämiskursus,,,,sündmus,
El Salvador,koht,,,,
Elsass,koht,,,,
Elst,koht,,,,
elu,,aeg,seisund,,"nähtus, nähtus_loodus, nähtus_psühh, tegevus"
eluaasta,,aeg,,,
eluaeg,,aeg,,,
eluase,koht,,,,
eluhommik,,aeg,,,
eluhoone,koht,,,,
eluiga,,aeg,,,
elu ja olu,,,seisund,,
elujuhtum,,,,sündmus,
elujärg,,,seisund,,abstr/konkr
eluke,,,seisund,,
elukene,,,seisund,,
elukevad,,aeg,,,
elukohariik,koht,,,,
elukoht,koht,,,,
elukord,,,seisund,,
elukorraldus,,,seisund,,
elu kui hernes,,,seisund,,
elukuu,,aeg,,,
elukvaliteet,,,seisund,,
elukvartal,koht,,,,
eluköök,koht,,,,osa
elukümme,,aeg,,,
elulaev,,,seisund,,
elulaevuke,,,seisund,,
elulained,,aeg,,sündmus,nähtus
elumaja,koht,,,,
elumajaplahvatus,,,,sündmus,
elumeri,,,seisund,,
elunädal,,aeg,,,
eluoht,,,seisund,,
elu-olu,,,seisund,,
eluolu,,,seisund,,
eluots,,,seisund,,
elupaik,koht,,,,
eluperiood,,aeg,,,
elupiirkond,koht,,,,
elupilt,,,seisund,,"ese_kunst, nähtus_psühh"
elupõlv,,aeg,seisund,,
elupõlved,,aeg,,,ADV_aeg
elupäev,,aeg,,,
elurajoon,koht,,,,
eluraskus,,,seisund,,
elurikkus,,,seisund,,omadus_kval
eluring,,aeg,seisund,,
eluruum,koht,,,,
elusoon,koht,,,,
elussünd,,,,sündmus,
elustandard,,,seisund,,
elustiilihaigus,,,seisund,,
elusügis,,aeg,,,
elusündmus,,,,sündmus,
elutase,,,seisund,,
elutorm,,,,sündmus,
elutuba,koht,,,,
elutund,,aeg,,,
eluvaim,,,seisund,,
elu veereb kui hernes,,,seisund,,
eluväsimus,,,seisund,,
eluõhk,,,seisund,,
eluõhtu,,aeg,,,
Elva,koht,,,,
Elüüsiumi väljad,koht,,,,
EM,,,,sündmus,
e.m.a,,aeg,,,esitus_tähis
emaaed,koht,,,,
emadepäev,,aeg,,,
emadus,,,seisund,,
emaettevõte,koht,,,,
emafirma,koht,,,,
emaistandik,koht,,,,
Emajõe Ateena,koht,,,,
Emajõgi,koht,,,,
emakakaelapõletik,,,seisund,,
emakakasvaja,,,seisund,,
emakapolüüp,,,seisund,,
emakapõletik,,,seisund,,
emakarebend,,,seisund,,
emakavaje,,,seisund,,
emakaverejooks,,,seisund,,
emakavähk,,,seisund,,
emakeelepäev,,aeg,,,
emakraav,koht,,,,
emakupp,koht,,,,
emalinn,koht,,,,
emamaa,koht,,,,
emapank,koht,,,,
emapiim,,,seisund,,toit
ematus,,,seisund,,
emaühing,koht,,,,
emboolia,,,seisund,,
embrüoom,,,seisund,,
embus,,,seisund,,tegevus_tegu
emerituur,,,seisund,,
emfüseem,,,seisund,,
emigratsioon,,,seisund,,"grupp, in_roll, nähtus, tegevus"
emiiririik,koht,,,,
Emilia Romagna,koht,,,,
emiraat,koht,,,,
emissioonipank,koht,,,,
emiteerija,koht,,,,
emitent,koht,,,,
Emmaste,koht,,,,
Emmaste-Kurisu,koht,,,,
Emmaste-Selja,koht,,,,
emmetroopia,,,seisund,,nähtus
Emmu,koht,,,,
Emmuvere,koht,,,,
EMO,koht,,,,
empaatiavõimetus,,,seisund,,
empoor,koht,,,,
empüreum,koht,,,,
Emumäe,koht,,,,
Emumägi,koht,,,,
EM-võistlused,,,,sündmus,
EN,koht,,,,esitus
enampakkumine,,,,sündmus,abstr/konkr
enamus,,,seisund,,"grupp, inimene, kogus"
enamusosalus,,,seisund,,
Enby,koht,,,,
endastmõistetavus,,,seisund,,
endeemia,,,seisund,,
endisaeg,,aeg,,,
Endla,koht,,,,
endokardiit,,,seisund,,
endokriinhaigus,,,seisund,,
endometrioos,,,seisund,,
end sisse sööma,,,seisund,,
eneoliitikum,,aeg,,,
energiajulgeolek,,,seisund,,
energiakadu,,,seisund,,nähtus_füüs
energiakriis,,,seisund,,
energiaostuvõimetus,,,seisund,,
energiasammas,koht,,,,
energiasõltuvus,,,seisund,,
energiavaesus,,,seisund,,
Energodar,koht,,,,
Enerhodar,koht,,,,
eneseisolatsioon,,,seisund,,abstr/konkr
enesestmõistetavus,,,seisund,,
Enge,koht,,,,
Engels,koht,,,,
Enivere,koht,,,,
enklaav,koht,,,,
ennak,,aeg,,,nähtus
ennast sisse sööma,,,seisund,,
ennegu,,aeg,,,
enne Kristust,,aeg,,,esitus_tähis
ennelõuna,,aeg,,,
enne meie ajaarvamist,,aeg,,,esitus_tähis
Enno,koht,,,,
Ennu,koht,,,,
ennustusvõistlus,,,,sündmus,
Enontekiö,koht,,,,
Enso,koht,,,,
ensootia,,,seisund,,
entalpia,,,seisund,,
enteriit,,,seisund,,
enterokoliit,,,seisund,,
entroopium,,,seisund,,
entsefaliit,,,seisund,,
entsefalopaatia,,,seisund,,
entsefalotseele,,,seisund,,
enurees,,,seisund,,
eoon,,aeg,,,
eos,,,seisund,,"abstr/konkr, ADV_seisund, organism"
Eoste,koht,,,,
eotseen,,aeg,,,
EP,koht,,,,esitus
Epeiros,koht,,,,
Ephesos,koht,,,,
epideemia,,,seisund,sündmus,nähtus
epidermofüütia,,,seisund,,
epilepsia,,,seisund,,
epilepsiahoog,,,seisund,,
epileptiline,,,seisund,,omadus
episkopaalkirik,koht,,,,
episood,,aeg,,sündmus,"ese_kunst, konkr"
episoodiline,,,,sündmus,"ese_kunst, omadus_aeg, omadus_kval"
episootia,,,seisund,,
epitsenter,koht,,,,nähtus_loodus
Epneri,koht,,,,
epohh,,aeg,,,
e-pood,koht,,,,
epopöa,,,,sündmus,ese_semio
Epra,koht,,,,
e-raamatukogu,koht,,,,
eraettevõte,koht,,,,
erafirma,koht,,,,
eragümnaasium,koht,,,,
erahaigla,koht,,,,
erakas,koht,,,,
erakauplus,koht,,,,
erakla,koht,,,,
erakliinik,koht,,,,
eraklikkus,,,seisund,,
eraklus,,,seisund,,
erakool,koht,,,,
erakordsus,,,seisund,,
erakorralise meditsiini osakond,koht,,,,
erakorter,koht,,,,
erakuelu,,,seisund,,
erakõrgkool,koht,,,,
erakätes,,,seisund,,
erakätesse,,,seisund,,
Erala,koht,,,,
eraldatus,,,seisund,,
eraldi leivas,,,seisund,,
eraldistart,,,,sündmus,
eraldivaldus,koht,,,,
eraldus,koht,,seisund,,"ese_raha, omadus_füüs"
eraldusriba,koht,,,,
eralõbu,,,,sündmus,"nähtus_psühh, tegevus"
eramaa,koht,,,,
eramaja,koht,,,,
eramets,koht,,,,taim
eramu,koht,,,,
erandjuht,,,,sündmus,
erandjuhtum,,,,sündmus,
erandkorras,,aeg,,,ADV_viis
erapank,koht,,,,
erapooletus,,,seisund,,
eraraadio,koht,,,,
eraraudtee,koht,,,,
erasektor,koht,,,,"in_elukutse, vald"
Erastvere,koht,,,,
erasõit,,,,sündmus,tegevus
eratee,koht,,,,
eratund,,,,sündmus,
eravalduses,,,seisund,,
eraõiguslik isik,koht,,,,abstr
eraõppeasutus,koht,,,,
eraülikool,koht,,,,
Erebus,koht,,,,
Ereda,koht,,,,
e-rehkendus,,,,sündmus,
erekas,,,seisund,,ese_instru
erektsioon,,,seisund,,
e-residentsus,,,seisund,,
Ereste,koht,,,,
Erfurt,koht,,,,
ergastulum,koht,,,,
Ērģeme,koht,,,,
ergotism,,,seisund,,
eriaegne,,aeg,,,
erialaliit,koht,,,,
Erie,koht,,,,
Erie järv,koht,,,,
erihooldekodu,koht,,,,
e-riik,koht,,,,
eriinternaatkool,koht,,,,
erijuht,,,,sündmus,
erijuhtum,,,,sündmus,
eriklass,koht,,,,in_roll
erikohtlemine,,,seisund,,
erikohus,koht,,,,
erikool,koht,,,,
erilaad,,,seisund,,abstr/konkr_omadus
erilisus,,,seisund,,omadus_kval
erinõupidamine,,,,sündmus,
eriolukord,,,seisund,,
eriolümpia,,,,sündmus,tegevus
eriolümpia maailmamängud,,,,sündmus,
eriolümpiamängud,,,,sündmus,
eriosakond,koht,,,,inimene
eriprojekt,,,,sündmus,ese_semio
eripära,,,seisund,,abstr/konkr_omadus
eripärasus,,,seisund,,abstr/konkr_omadus
eriseminar,,,,sündmus,
erisoov,,,seisund,,
eriteenistus,koht,,,,
Eritrea,koht,,,,
eriõppeasutus,koht,,,,
Erja,koht,,,,
erker,koht,,,,
Ermakova,koht,,,,
Ermistu,koht,,,,
Ermistu järv,koht,,,,
erootikatelefon,koht,,,,
erosioon,,,seisund,,nähtus_loodus
erotomaania,,,seisund,,
ERR,koht,,,,
Erra,koht,,,,
Erra-Liiva,koht,,,,
Er-Rijad,koht,,,,
erru,,,seisund,,
erruminek,,,,sündmus,tegevus
Erzurum,koht,,,,
Ertsma,koht,,,,
Eru,koht,,,,
eru,,,seisund,,
Eru laht,koht,,,,
erus,,,seisund,,
erutus,,,seisund,,
erutuskolle,koht,,,,
erutusseisund,,,seisund,,
Ervita,koht,,,,
Ervu,koht,,,,
erüsiipel,,,seisund,,
erüteem,,,seisund,,
erütreemia,,,seisund,,
ESA,koht,,,,esitus
Escaut,koht,,,,
Eşfahān,koht,,,,
eshatoloogia,,,,sündmus,abstr
esi,koht,,,,"abstr/konkr, omadus_aeg, omadus_füüs, omadus_kval"
esiaeg,,aeg,,,
esiajalugu,,aeg,,,
esietendus,,,,sündmus,
esiettekanne,,,,sündmus,tegevus
esik,koht,,,,"kehaosa, omadus_aeg"
esikorrus,koht,,,,osa
Esiküla,koht,,,,
esikülg,koht,,,,
esilavastus,,,,sündmus,"ese_kunst, tegevus_tegu"
esilinastus,,,,sündmus,
esimene viiul,,,seisund,,"abstr/konkr, in_elukutse, tegevus"
esimus,,,seisund,,abstr_asend/suund
esindatus,,,seisund,,
esindus,koht,,,,in_roll
esindushoone,koht,,,,
esinduskauplus,koht,,,,
esinduslikkus,,,seisund,,
esindusorgan,koht,,,,inimene
esinduspood,koht,,,,
esindusrestoran,koht,,,,
esindusväljak,koht,,,,
esine,koht,,,,omadus_koht
esinemine,,,seisund,,"tegevus, tegevus_mäng"
esinemiskoht,koht,,,,
esinemisnärv,,,seisund,,omadus_psühh
esinemispalavik,,,seisund,,nähtus_psühh
esinemisärevus,,,seisund,,nähtus_psühh
esiots,koht,,,,
esiplaan,koht,,,,
esipool,koht,,,,
esirida,koht,,seisund,,
esisein,koht,,,,
esitelu,,,,sündmus,tegevus
esitlus,,,,sündmus,tegevus
esitlusfestival,,,,sündmus,
esitluskontsert,,,,sündmus,
esitus,,,,sündmus,tegevus
Esivere,koht,,,,
esivõistlused,,,,sündmus,
eskarp,koht,,,,
eskatoloogia,,,,sündmus,abstr
Eskilstuna,koht,,,,
Esku,koht,,,,
esmaabipunkt,koht,,,,
esmaesitus,,,,sündmus,tegevus
esmaettekanne,,,,sündmus,tegevus
esmajuht,,,seisund,,"nähtus, üksus"
esmalavastus,,,,sündmus,"ese_kunst, tegevus_tegu"
esmaspäev,,aeg,,,esitus
esmassünnitus,,,,sündmus,tegevus_tegu
esmasturg,koht,,,,
esmasünnitus,,,,sündmus,tegevus_tegu
esmatarbepood,koht,,,,
esmatarve,,,seisund,,abstr
Esna,koht,,,,
esplanaad,koht,,,,
Espoo,koht,,,,
Espre,koht,,,,
Essen,koht,,,,
Essex,koht,,,,
Essu,koht,,,,
Esztergom,koht,,,,
estakaad,koht,,,,
Estosadok,koht,,,,
estraad,koht,,,,vald
estraadietendus,,,,sündmus,
estraadikontsert,,,,sündmus,
estuaar,koht,,,,
eSwatini,koht,,,,
ešogett,koht,,,,
Ežva,koht,,,,
etapiaeg,,aeg,,,
etapivõit,,,,sündmus,
etapp,koht,,,,abstr/konkr
etendus,,,,sündmus,
etendusasutus,koht,,,,
etik,koht,,,,
Etioopia,koht,,,,
etlusvõistlus,,,,sündmus,
Etna,koht,,,,
Etruria,koht,,,,
Etruuria,koht,,,,
Etsaste,koht,,,,
ette,,,seisund,,"ADV_aeg, ADV_koht, ADV_viis"
etteanne,,,seisund,,tegevus
etteaste,,,,sündmus,"ese_kunst, tegevus_tegu"
ettekandekoosolek,,,,sündmus,
ettekanne,,,,sündmus,"ese_kunst, ese_semio, tegevus"
ettelugemine,,,,sündmus,ese_semio
ettepoole,,aeg,,,ADV_koht
etteraie,koht,,,,
ettesõit,,,,sündmus,
ettevalmistuskursus,,,,sündmus,
ettevõte,koht,,,,tegevus
ettevõtlusinkubaator,koht,,,,
ETV,koht,,,,
Euboia,koht,,,,
eufooria,,,seisund,,nähtus_psühh
Eufrat,koht,,,,
Euraasia,koht,,,,
euro,koht,,,,"ese_raha, esitus, omadus_kval"
euroala,koht,,,,
euroliiga,,,,sündmus,
euroliit,koht,,,,
Euroopa,koht,,,,
Euroopa Keskpank,koht,,,,esitus
Euroopa Komisjon,koht,,,,
Euroopa Kosmoseagentuur,koht,,,,esitus
Euroopa Liidu Nõukogu,koht,,,,
Euroopa Liit,koht,,,,
Euroopa Nõukogu,koht,,,,esitus
Euroopa Parlament,koht,,,,esitus
europarlament,koht,,,,esitus
euroriik,koht,,,,
eurosari,,,,sündmus,
eurotsoon,koht,,,,
eustress,,,seisund,,
EV,koht,,,,esitus_info
evakuatsioon,,,seisund,,tegevus
evakuatsioonipunkt,koht,,,,
e-valimised,,,,sündmus,
Evengimaa,koht,,,,
Evenkia,koht,,,,
Everest,koht,,,,
Exeter,koht,,,,
EXPO,,,,sündmus,
Expo,,,,sündmus,
Extremadura,koht,,,,
Eyre,koht,,,,
Eyre'i järv,koht,,,,
faabula,,,,sündmus,
faarvaater,koht,,,,
faas,koht,,,,"abstr/konkr, abstr/konkr_omadus, esitus, materjal/aine"
faatsies,koht,,,,abstr/konkr
faavus,,,seisund,,
Faenza,koht,,,,
faktooria,koht,,,,
fakulteet,koht,,,,
falansteer,koht,,,,
Falkirk,koht,,,,
Falklandi saared,koht,,,,
fallos,koht,,,,esitus_kujutis
Falun,koht,,,,
Famagusta,koht,,,,
fanerosoikum,,aeg,,,
fansa,koht,,,,
fantoomrasedus,,,seisund,,
Farg‘ona,koht,,,,
farm,koht,,,,esitus
farmaatsiatehas,koht,,,,
farss,,,,sündmus,"abstr/konkr, ese_kunst"
farüngiit,,,seisund,,
fassaad,koht,,,,nähtus
fastsioliaas,,,seisund,,
fazenda,koht,,,,
favela,koht,,,,
FBI,koht,,,,
FC,koht,,,,inimene
feeriad,,aeg,,,
Fehmarn,koht,,,,
feminisatsioon,,,seisund,,"nähtus_loodus, tegevus"
Fennoskandia,koht,,,,
fenüülketonuuria,,,seisund,,
feodaalaeg,,aeg,,,
feodaalajastu,,aeg,,,
feodaalaristokraatia,,,seisund,,
feodaallinnus,koht,,,,
feodaalriik,koht,,,,
feodalismiaeg,,aeg,,,
Feodossija,koht,,,,
feood,koht,,,,
Fergana,koht,,,,
Fermanagh,koht,,,,
Ferrara,koht,,,,
Fès,koht,,,,
fest,,,,sündmus,
festar,,,,sündmus,
festival,,,,sündmus,
festivalilinn,koht,,,,
fetaalne alkoholisündroom,,,seisund,,
fiaal,koht,,,,"ese_anum, ese_kunst"
fiasko,,,seisund,sündmus,nähtus_psühh
fibrillatsioon,,,seisund,,tegevus
fibromüalgia,,,seisund,,
fibromüoom,,,seisund,,
fibroom,,,seisund,,
fibroos,,,seisund,,nähtus
fibrosarkoom,,,seisund,,
Fidži,koht,,,,
Fidži meri,koht,,,,
Fife,koht,,,,
fikseering,,,seisund,,"tegevus_kõnetegu, tegevus_tegu"
fiksidee,,,seisund,,nähtus_psühh
fiktiivabielu,,,seisund,,
filateeliakauplus,koht,,,,
filharmoonia,koht,,,,
filiaal,koht,,,,
Filipiini,koht,,,,
Filipiinid,koht,,,,
Filipiini meri,koht,,,,
filmifestival,,,,sündmus,
filmikompanii,koht,,,,
filminädal,,,,sündmus,
filmipaviljon,koht,,,,
filmiseanss,,,,sündmus,
filmistuudio,koht,,,,
filmoteek,koht,,,,ese_kunst
filterjaam,koht,,,,
filtratsioonilaager,koht,,,,
filtreerimisjaam,koht,,,,
fimoos,,,seisund,,
finaal,,aeg,,sündmus,"ese_kunst, tegevus_mäng"
finaalkohtumine,,,,sündmus,
finaalmatš,,,,sündmus,
finaalmäng,,,,sündmus,tegevus_mäng
finaalseeria,,,,sündmus,
finaalsõit,,,,sündmus,
finaalturniir,,,,sündmus,
finaalujumine,,,,sündmus,
finaalvõistlus,,,,sündmus,tegevus_mäng
finantsaasta,,aeg,,,
finantsasutus,koht,,,,
finantsinspektsioon,koht,,,,
finantskriis,,,seisund,,
finantsorgan,koht,,,,
finantsraskused,,,seisund,,
finantsseis,,,seisund,,
finantsseisund,,,seisund,,
finantstervis,,,seisund,,
finantsvabadus,,,seisund,,
finiš,koht,,,,abstr/konkr
finišikoridor,koht,,,,
finišisirge,koht,,,,
Finnmark,koht,,,,
finnoos,,,seisund,,
Firenze,koht,,,,
firma,koht,,,,"abstr, esitus_info"
firmakauplus,koht,,,,
firmamatja,koht,,,,
firmapood,koht,,,,
fiskaalaasta,,aeg,,,
fissuur,,,seisund,,nähtus_loodus
fistul,,,seisund,,
fjeld,koht,,,,
fjord,koht,,,,
fjordrannik,koht,,,,
fjordväin,koht,,,,
Flaami piirkond,koht,,,,
Flandria,koht,,,,
flebiit,,,seisund,,
flegmoon,,,seisund,,
Flensburg,koht,,,,
flešš,koht,,,,
Flevoland,koht,,,,
flokkul,koht,,,,
Florida,koht,,,,
fluoroos,,,seisund,,
Flying Fish Cove,koht,,,,
Foiniikia,koht,,,,
fokaalinfektsioon,,,seisund,,
folgifestival,,,,sündmus,
folk,,,,sündmus,ese_kunst
Folketing,koht,,,,
follikuliit,,,seisund,,
fonasteenia,,,seisund,,
fond,koht,,,,"ese, ese_raha, esitus_kujutis, grupp, konkr, nähtus_loodus"
fondibörs,koht,,,,
fondihaldur,koht,,,,in_elukutse
fondihoidla,koht,,,,
fondijuht,koht,,,,in_elukutse
fondivalitseja,koht,,,,in_elukutse
fonoteek,koht,,,,ese
fontanell,koht,,,,
fontään,koht,,,,materjal/aine
foobia,,,seisund,,nähtus_psühh
foogtikohus,koht,,,,
foogtkond,koht,,,,
fookus,koht,,,,"abstr/konkr, omadus_füüs"
foon,koht,,,,"abstr, esitus_kujutis, esitus_mõõt, nähtus_füüs"
foonika,koht,,,,abstr/konkr
foorum,koht,,,sündmus,ese_semio
forellijõgi,koht,,,,
forellikasvandus,koht,,,,
forellitiik,koht,,,,
formeering,koht,,,,
Formosa,koht,,,,
fort,koht,,,,"ADV_viis, omadus, omadus_füüs, omadus_kval"
Fort-de-France,koht,,,,
fortifikatsioon,koht,,,,vald
Fort-Lamy,koht,,,,
fosforiidimaardla,koht,,,,materjal/aine
fosforipuudus,,,seisund,,
fosforivaegus,,,seisund,,
fotaarium,koht,,,,
fotoarhiiv,koht,,,,ese
fotoateljee,koht,,,,
fotofoobia,,,seisund,,
fotojaht,,,,sündmus,
fotokahjustus,,,seisund,,
fotolabor,koht,,,,
fotoseanss,,,,sündmus,
fotosein,koht,,,,ese_kunst
fotosensibilisatsioon,,,seisund,,
fotosensitiivsus,,,seisund,,nähtus_füüs
fotosessioon,,,,sündmus,
fotosfäär,koht,,,,
fototeek,koht,,,,ese_kunst
fototöökoda,koht,,,,
fotovananemine,,,seisund,,
fotoäri,koht,,,,
fragment,,,seisund,,"ese, kehaosa"
fraktsioon,koht,,,,materjal/aine
fraktuur,,,seisund,,esitus
framuug,koht,,,,ese_instru
Franche-Comté,koht,,,,
Frangimaa,koht,,,,
Frankfurt,koht,,,,
Frankfurt Maini ääres,koht,,,,
Frankfurt Oderi ääres,koht,,,,
Franz Josephi maa,koht,,,,
Free State,koht,,,,
Freetown,koht,,,,
Freiburg,koht,,,,
Friedland,koht,,,,
frigidaarium,koht,,,,
Friisimaa,koht,,,,
Friuli-Venezia Giulia,koht,,,,
frontaal,koht,,,,"nähtus_loodus, omadus"
frontaalne,koht,,,,"nähtus_loodus, omadus"
frontispiss,koht,,,,ese_semio
frontoon,koht,,,,
Frunze,koht,,,,
frustratsioon,,,seisund,,
Früügia,koht,,,,
FSB,koht,,,,
fuajee,koht,,,,
fuajeebaar,koht,,,,
Fuji,koht,,,,
Fujian,koht,,,,
Fukuoka,koht,,,,
Funafuti,koht,,,,
funkmaja,koht,,,,
funktsioonihäire,,,seisund,,
furunkul,,,seisund,,
furunkuloos,,,seisund,,
fusarioos,,,seisund,,
Fuzhou,koht,,,,
Fällarna,koht,,,,
fännisektor,koht,,,,
Fääri saared,koht,,,,
föderaalkogu,koht,,,,
föderaalkohus,koht,,,,
föderaalparlament,koht,,,,
föderaalriik,koht,,,,abstr/konkr
föderaalringkond,koht,,,,
föderaalvalitsus,koht,,,,
föderaalvangla,koht,,,,
föderatsioon,koht,,,,"abstr, abstr/konkr"
föderatsiooninõukogu,koht,,,,
Förbi,koht,,,,
Förby,koht,,,,
Fööniksisaared,koht,,,,
füsioloogiline põud,,,seisund,,
füül,koht,,,,inimene
füüsikaklass,koht,,,,
füüsikalabor,koht,,,,
füüsikalaboratoorium,koht,,,,
Fyn,koht,,,,
gaala,,,,sündmus,omadus_abstr
gaalaetendus,,,,sündmus,
gaalakontsert,,,,sündmus,
gaalaõhtu,,,,sündmus,
gaasgangreen,,,seisund,,
gaasihoidla,koht,,,,
gaasikamber,koht,,,,ese_instru
gaasikatlamaja,koht,,,,
gaasimaardla,koht,,,,materjal/aine
gaasimagistraal,koht,,,,
gaasimürgistus,,,seisund,,
gaasimürgitus,,,seisund,,
gaasiplahvatus,,,,sündmus,nähtus_füüs
gaasitankla,koht,,,,
gaasiterminal,koht,,,,
gaasivalu,,,seisund,,
gabariitvärav,koht,,,,
Gabès,koht,,,,
Gabon,koht,,,,
Gaborone,koht,,,,
Gagauusia,koht,,,,
Gagra,koht,,,,
gala,,,,sündmus,omadus_abstr
Galaatia,koht,,,,
galaetendus,,,,sündmus,
galakontsert,,,,sündmus,
galaktoseemia,,,seisund,,
Galápagose saared,koht,,,,
galaõhtu,,,,sündmus,
galerii,koht,,,,"ese_semio, in_omadus"
galeriimaja,koht,,,,
Galicia,koht,,,,
Galiitsia,koht,,,,
Galilea,koht,,,,
Galilea meri,koht,,,,
gall,,,seisund,,"in_rahvas, konkr"
Galle,koht,,,,
Gallia,koht,,,,
gallup,,,,sündmus,tegevus
galopirada,koht,,,,
galopivõidusõit,,,,sündmus,tegevus
Galway,koht,,,,
Gambia,koht,,,,
Gambyn,koht,,,,
gammatsism,,,seisund,,
Gandhinagar,koht,,,,
Gangdisê,koht,,,,
Ganges,koht,,,,
ganglion,,,seisund,,objekt_loodus
gangreen,,,seisund,,
gangreenne,,,seisund,,
gangrenoosne,,,seisund,,
Gangtok,koht,,,,
Gansu,koht,,,,
Gao,koht,,,,
garaaž,koht,,,,
garaažiboks,koht,,,,
garaažiühistu,koht,,,,
Garabogazi laht,koht,,,,
garant,koht,,,,"abstr/konkr, inimene"
garantiiaeg,,aeg,,,
garantiiparandus,koht,,,,tegevus
Garda,koht,,,,
gardekas,koht,,,,
garderoob,koht,,,,"ese_instru, ese_riie"
Garmisch-Partenkirchen,koht,,,,
garnison,koht,,,,"grupp, in_elukutse"
Garonne,koht,,,,
Gascogne,koht,,,,
gasell,koht,,,,loom
gasellettevõte,koht,,,,
gasellfirma,koht,,,,
gastralgia,,,seisund,,
gastriit,,,seisund,,
gastroenteriit,,,seisund,,
gastroll,,,,sündmus,tegevus
gastronoom,koht,,,,in_elukutse
gastronoomiakauplus,koht,,,,
gastropubi,koht,,,,
Gaza,koht,,,,
Gaza maariba,koht,,,,
Gaza sektor,koht,,,,
Gaza tsoon,koht,,,,
Gattšina,koht,,,,
Gatwick,koht,,,,
Gauja,koht,,,,
Gaujiena,koht,,,,
Gdańsk,koht,,,,
Gdov,koht,,,,
Gdynia,koht,,,,
Geelong,koht,,,,
geenirike,,,seisund,,nähtus_loodus
geiabielu,,,seisund,,
geibaar,koht,,,,
geiser,koht,,,,
geison,koht,,,,
Gelderland,koht,,,,
generaalpaus,,aeg,,,
Genf,koht,,,,
genitaalherpes,,,seisund,,
genitaaltüügas,,,seisund,,
Genneesareti järv,koht,,,,
Genova,koht,,,,
Gent,koht,,,,
Genua,koht,,,,
geodeetiline märk,koht,,,,
geodeetiline punkt,koht,,,,
geograafia,koht,,,,vald
geograafiline keel,,,seisund,,
geograafiline laius,koht,,,,esitus_mõõt
geograafiline pikkus,koht,,,,esitus_mõõt
geoloogiamuuseum,koht,,,,
geoloogiateenistus,koht,,,,
geomaantee,koht,,,,
georetk,,,,sündmus,tegevus
George Town,koht,,,,
Georgetown,koht,,,,
Georgia,koht,,,,
geosünklinaal,koht,,,,
gepsimine,,,,sündmus,
Gera,koht,,,,
gerilja,,,,sündmus,in_tegija
Germaania,koht,,,,
gesenk,koht,,,,
gestaapo,koht,,,,
Gestapo,koht,,,,
gestatsioon,,,seisund,,
gestatsioonidiabeet,,,seisund,,
geto,koht,,,,
Ghana,koht,,,,
Ghatid,koht,,,,
Gibraltar,koht,,,,
Gibraltari väin,koht,,,,
gigantism,,,seisund,,
Gilberti saared,koht,,,,
gild,koht,,,,
gildihoone,koht,,,,
gingiviit,,,seisund,,
Gironde,koht,,,,
Giza,koht,,,,
Gitega,koht,,,,
Gjumri,koht,,,,
Glåma,koht,,,,
Glamorgan,koht,,,,
Glasgow,koht,,,,
glassii,koht,,,,
Glazov,koht,,,,
glaukoom,,,seisund,,
gletšer,koht,,,,nähtus_loodus
glioblastoom,,,seisund,,
glioom,,,seisund,,
globaalküla,koht,,,,
globaallõuna,koht,,,,
globaalne lõuna,koht,,,,
globaalne põhi,koht,,,,
globaalpõhi,koht,,,,
glossiit,,,seisund,,
glossolaalia,,,seisund,,"esitus_keel, tegevus"
Gloucester,koht,,,,
Gloucestershire,koht,,,,
glämping,koht,,,,abstr/konkr
glükeemia,,,seisund,,
glükosuuria,,,seisund,,
glüptoteek,koht,,,,ese_kunst
gneiss,,,seisund,,materjal/aine
Goa,koht,,,,
Gobi,koht,,,,
Godthåb,koht,,,,
Golan,koht,,,,
Golani kõrgendikud,koht,,,,
golfiklubi,koht,,,,
golfirada,koht,,,,
golfivõistlus,,,,sündmus,
golfiväljak,koht,,,,
Gomel,koht,,,,
Gomorra,koht,,,,
gonartroos,,,seisund,,
gonorröa,,,seisund,,
Gorelõi Rei,koht,,,,
Gorgonzola,koht,,,,toit
Gorki,koht,,,,
Gorlivka,koht,,,,
Gorlovka,koht,,,,
Gorno-Altaisk,koht,,,,
Gostomel,koht,,,,
Gotha,koht,,,,
Gotland,koht,,,,
Gqeberha,koht,,,,
graafikaateljee,koht,,,,
graafikanäitus,,,,sündmus,
grafiitreaktor,koht,,,,
Grampiani mäed,koht,,,,
Granada,koht,,,,
Gran Canaria,koht,,,,
Gran Chaco,koht,,,,
Grand Est,koht,,,,
graniidimassiiv,koht,,,,
Grantham,koht,,,,
granuloom,,,seisund,,
Graz,koht,,,,
graviidne,,,seisund,,omadus_füüs
greenroom,koht,,,,osa
Greenwich,koht,,,,
Greenwichi aeg,,aeg,,,esitus_mõõt
Grenada,koht,,,,
Grenadiinid,koht,,,,
Grenoble,koht,,,,
griin,koht,,,,
grill,koht,,,sündmus,"ese_instru, omadus_kval, toit, VERB_tegevus, VERB_toituma"
grillbaar,koht,,,,
grillipidu,,,,sündmus,
grimmiruum,koht,,,,
gripiepideemia,,,seisund,,
gripihooaeg,,aeg,,,
gripipandeemia,,,seisund,,
gripipuhang,,,seisund,,
gripp,,,seisund,,
Grodna,koht,,,,
Grodno,koht,,,,
Groningen,koht,,,,
Groznõi,koht,,,,
grott,koht,,,,
GRU,koht,,,,
grupimõtlemine,,,seisund,,nähtus_psühh
grupinäitus,,,,sündmus,
grupisõit,,,,sündmus,
grupp,koht,,,,"abstr/konkr, ese, inimene"
Gruusia,koht,,,,
Grööni,koht,,,,
Gröönimaa,koht,,,,
Grööni meri,koht,,,,
Grünwaldi lahing,,,,sündmus,
grüüne,koht,,,,
Guadalajara,koht,,,,
Guadalquivir,koht,,,,
Guadeloupe,koht,,,,
Guadiana,koht,,,,
Guam,koht,,,,
Guangdong,koht,,,,
Guangzhou,koht,,,,
Guangxi,koht,,,,
Guantánamo,koht,,,,
Guatemala,koht,,,,
Guayaquil,koht,,,,
gubaa,koht,,,,
Gudbrandsdalen,koht,,,,
Gudžarat,koht,,,,
Guernsey,koht,,,,
Guinea,koht,,,,
Guinea-Bissau,koht,,,,
Guinea laht,koht,,,,
Guizhou,koht,,,,
Guiyang,koht,,,,
Gujarat,koht,,,,
GULAG,koht,,,,
Gulag,koht,,,,
Gulbene,koht,,,,
guljanje,,,,sündmus,
Gumbinnen,koht,,,,
gumma,,,seisund,,
gurmeerestoran,koht,,,,
Gussev,koht,,,,
Gustavia,koht,,,,
Gutanäs,koht,,,,
Gutenbergi galaktika,,aeg,,,
Guwahati,koht,,,,
Guyana,koht,,,,
Gvardeisk,koht,,,,
Gäncä,koht,,,,
Gästrikland,koht,,,,
Gävle,koht,,,,
Gävleborg,koht,,,,
Göta,koht,,,,
Götaland,koht,,,,
Götamaa,koht,,,,
Göteborg,koht,,,,
Göttingen,koht,,,,
gümna,koht,,,,
gümnaasium,koht,,,,
gümnaasiumihoone,koht,,,,
günekomastia,,,seisund,,
Győr,koht,,,,
h,,aeg,,,"esitus, esitus_keel_täht, esitus_mõõt"
Haabersti,koht,,,,
Haabneeme,koht,,,,
Haabsaare,koht,,,,
Haabsilla,koht,,,,
Haag,koht,,,,
Haage,koht,,,,
haage,,,seisund,,
Haakla,koht,,,,
Haamaste,koht,,,,
haamervarvas,,,seisund,,
Haamse,koht,,,,
Haanja,koht,,,,
Haapajärvi,koht,,,,
Haapsalu,koht,,,,
Haapse,koht,,,,
Haapsi,koht,,,,
Haapsipea,koht,,,,
Haapsu,koht,,,,
haarang,,,,sündmus,tegevus_tegu
haardeala,koht,,,,
haare,koht,,seisund,,"nähtus, omadus_kval"
haarem,koht,,,,"in_roll, loom_liik"
Haarlem,koht,,,,
Haaslava,koht,,,,
haav,,,seisund,,nähtus_psühh
Haava,koht,,,,
haavahaigus,,,seisund,,
haavainfektsioon,,,seisund,,
Haavakannu,koht,,,,
Haavakivi,koht,,,,
haavakliinik,koht,,,,
haavamets,koht,,,,taim
Haavametsa,koht,,,,
haavamädanik,,,seisund,,
haavanakkus,,,seisund,,
haavand,,,seisund,,
haavandtõbi,,,seisund,,
haavapalavik,,,seisund,,
Haavapää,koht,,,,
Haava-Tsäpsi,koht,,,,
haavik,koht,,,,taim
Haavistu,koht,,,,
haavumus,,,seisund,,
Habaja,koht,,,,
Habarovsk,koht,,,,
hacienda,koht,,,,
Hades,koht,,,,in_müt
hadž,,,,sündmus,
Haeska,koht,,,,
haff,koht,,,,
Hagaste,koht,,,,
Hagåtña,koht,,,,
Hageri,koht,,,,
hagerik,koht,,,,
Hagudi,koht,,,,
haguküla,koht,,,,
hahkhallitus,,,seisund,,
Haiba,koht,,,,
Haidaku,koht,,,,
Haifa,koht,,,,
haigekassa,koht,,,,
haigemaja,koht,,,,
haigestumisjuht,,,,sündmus,
haigestumisjuhtum,,,,sündmus,
haigevoodi,,,seisund,,ese_instru
haigla,koht,,,,
haiglaapteek,koht,,,,
haiglanakkus,,,seisund,,
haiglapäev,,aeg,,,
haiglus,,,seisund,,
haigus,,,seisund,,
haigushoog,,,seisund,,
haigusjuht,,,,sündmus,
haigusjuhtum,,,,sündmus,
haiguskahtlus,,,seisund,,
haiguskolle,koht,,,,
haiguslehel,,,seisund,,
haiguspesa,koht,,,,
haiguspilt,,,seisund,,
haiguspuhang,,,seisund,,
haiguspuhkus,,aeg,,,
haiguspäev,,aeg,,,
haigusseisund,,,seisund,,
Haikou,koht,,,,
Haili,koht,,,,
haimoriit,,,seisund,,
Haimre,koht,,,,
Hainan,koht,,,,
Hainaut,koht,,,,
Hai Phong,koht,,,,
haistmisvõimetus,,,seisund,,nähtus_loodus
Haiti,koht,,,,
hajaasustus,koht,,,,
hajaküla,koht,,,,
hajala,,,seisund,,inimene
hajali,,,seisund,,"ADV_koht, ADV_viis"
hajalinn,koht,,,,
hajaliolek,,,seisund,,
hajatalu,koht,,,,
hajevil,,,seisund,,ADV_viis
hajevile,,,seisund,,ADV_viis
hajevilolek,,,seisund,,
hajumus,,,seisund,,
hajutatus,,,seisund,,
hajuvil,,,seisund,,"ADV_koht, ADV_viis"
hajuvile,,,seisund,,"ADV_koht, ADV_viis"
Hakassia,koht,,,,
hakatus,,aeg,,,ese
hakatusel,,aeg,,,ADV_põhjus
Haki,koht,,,,
hakitus,,,seisund,,
Hakjala,koht,,,,
hakk,,aeg,,,"ese, konkr, loom_lind, omadus_füüs, omadus_kval"
hakkamasaamine,,,seisund,,abstr
Hakodate,koht,,,,
hakul,,aeg,,,
halaasion,,,seisund,,
Ḩalab,koht,,,,
halb toon,,,seisund,,
halb õnn,,,seisund,,
haldaja,koht,,,,"in_elukutse, in_roll"
Haldi,koht,,,,
Haldreka,koht,,,,
haldur,koht,,,,"in_elukutse, in_roll"
haldusaparaat,koht,,,,in_roll
haldusarest,,,seisund,,abstr/konkr
haldusasutus,koht,,,,
haldushoone,koht,,,,
halduskeskus,koht,,,,
halduskohus,koht,,,,
haldusorgan,koht,,,,"inimene, in_roll"
halduspiirkond,koht,,,,
haldusterritoorium,koht,,,,
haldustrahv,,,seisund,,abstr/konkr
haldusüksus,koht,,,,abstr/konkr
haledus,,,seisund,,
haletsus,,,seisund,,
hale vari,,,seisund,,
Halifax,koht,,,,
Halikarnassos,koht,,,,
Halinga,koht,,,,
haljak,koht,,,,
Haljala,koht,,,,
haljale oksale,,,seisund,,
haljal oksal,,,seisund,,
haljasala,koht,,,,
haljaskesa,koht,,,,
haljaskoridor,koht,,,,
haljasriba,koht,,,,
haljastu,koht,,,,
haljastus,koht,,,,tegevus
haljasvöönd,koht,,,,
Haljava,koht,,,,
haljus,koht,,,,"omadus_füüs_värv, taim"
hall,koht,,,,"konkr_omadus, nähtus_loodus, omadus_füüs, omadus_füüs_värv, omadus_kval"
Halla,koht,,,,
hall ala,,,seisund,,
Halland,koht,,,,
Halle,koht,,,,
Halli,koht,,,,
hallid luited,koht,,,,
Halliku,koht,,,,
Hallimäe,koht,,,,
Halliste,koht,,,,
hall kae,,,seisund,,
hallkae,,,seisund,,
halloween,,aeg,,,
hall tsoon,,,seisund,,
halltõbi,,,seisund,,
halsinurk,koht,,,,
halss,koht,,,,"ese_instru, esitus_mõõt"
halvatus,,,seisund,,
halvatusnäht,,,seisund,,
halvemus,,,seisund,,
Halõma,koht,,,,
Ḩamāh,koht,,,,
hamam,koht,,,,
hambaalune,koht,,,,toit
hambaauk,,,seisund,,objekt_loodus
hambad risti,,,seisund,,
hambad ristis,,,seisund,,
hambahaigus,,,seisund,,
hambakaaries,,,seisund,,
hambakliinik,koht,,,,
hambalabor,koht,,,,
hambalaie,koht,,,,
hambamurre,,,,sündmus,tegevus_muutus
hambapolikliinik,koht,,,,
hambapõletik,,,seisund,,
hambaravila,koht,,,,
hambasööbija,,,seisund,,
hambavahe,koht,,,,
hambavahetus,,,,sündmus,tegevus_muutus
hambavall,koht,,,,
hambavalu,,,seisund,,nähtus_psühh
hambaõõs,koht,,,,
hambumusanomaalia,,,seisund,,
Hamburg,koht,,,,
hamburgeriputka,koht,,,,
hambus,,,seisund,,abstr_asend/suund
Hamina,koht,,,,
hammaada,koht,,,,
hammam,koht,,,,
Hammaste,koht,,,,
hammastus,,,seisund,,
Hammerfest,koht,,,,
hammustus,,,seisund,,tegevus_tegu
hammustushaav,,,seisund,,
hammustuskoht,koht,,,,
Hampshire,koht,,,,
Handi-Mansimaa,koht,,,,
Handimiku,koht,,,,
hanefarm,koht,,,,
hanelaut,koht,,,,
hangehari,koht,,,,
Hangzhou,koht,,,,
Hanija,koht,,,,
Hanikase,koht,,,,
Hanikatsi laid,koht,,,,
Hanila,koht,,,,
hanila,koht,,,,
Hanka,koht,,,,
hanketähtaeg,,aeg,,,
hankija,koht,,,,in_elukutse
Hanko,koht,,,,
Hannika,koht,,,,
Hannover,koht,,,,
Hannuste,koht,,,,
Hanoi,koht,,,,
hansa,koht,,,,"in_elukutse, toit_jook"
Hansa Liit,koht,,,,
hansalinn,koht,,,,
hansapäevad,,,,sündmus,
Han-Tengri,koht,,,,
Hantõ-Mansiisk,koht,,,,
hanuka,,aeg,,,
hapnikunälg,,,seisund,,
hapnikupuudus,,,seisund,,
hapnikutarve,,,seisund,,abstr/konkr
hapnikuvaegus,,,seisund,,
hapnikuvajadus,,,seisund,,abstr/konkr
hapnikuvõlg,,,seisund,,
happening,,,,sündmus,ese_kunst
happy end,,,,sündmus,
happy hour,,aeg,,,
haprus,,,seisund,,"omadus_füüs, omadus_kval"
Hapsu,koht,,,,
hapukurgihooaeg,,aeg,,,
Hara,koht,,,,
Hara laht,koht,,,,
Harare,koht,,,,
Harbiin,koht,,,,
Harbin,koht,,,,
Hardangeri fjord,koht,,,,
hardumus,,,seisund,,
hardus,,,seisund,,
Harga,koht,,,,
hargettevõte,koht,,,,
Hargeysa,koht,,,,
Hargi,koht,,,,
hargivahe,koht,,,,"ese_riie, kehaosa"
Hargla,koht,,,,
hargmik,koht,,,,
hargsoon,koht,,,,
hari,koht,,,,"abstr, ese, ese_instru, kehaosa, kehaosa_loom"
haridusamet,koht,,,,
haridusasutus,koht,,,,
haridusfoorum,,,,sündmus,
hariduskeskus,koht,,,,
haridusministeerium,koht,,,,
haridusselts,koht,,,,
haridustempel,koht,,,,
Hari kurk,koht,,,,
Harilaid,koht,,,,
harimatus,,,seisund,,
hari on punane,,,seisund,,
haritorn,koht,,,,
harjatorn,koht,,,,
harjavabrik,koht,,,,
Harju,koht,,,,
Harju-Jaani,koht,,,,
Harjuküla,koht,,,,
Harjumaa,koht,,,,
Harju maakond,koht,,,,
Harju-Madise,koht,,,,
harjumatus,,,seisund,,
Harju-Risti,koht,,,,
harjutusala,koht,,,,
harjutuskool,koht,,,,
harjutustund,,,,sündmus,
harjutusväli,koht,,,,
harkiste,,,seisund,,
Harkiv,koht,,,,
Harkov,koht,,,,
harkseis,,,seisund,,
Harku,koht,,,,
Harku järv,koht,,,,
Harkujärve,koht,,,,
Harmagedoon,koht,,,,
Harmi,koht,,,,
Harno,koht,,,,
harrastusteater,koht,,,,
Harz,koht,,,,
Hartum,koht,,,,
harujõgi,koht,,,,
harukauplus,koht,,,,
harukontor,koht,,,,
harukraav,koht,,,,
haruliit,koht,,,,in_roll
haruraamatukogu,koht,,,,
haruraudtee,koht,,,,
harutee,koht,,,,
harvikhaigus,,,seisund,,
Haryana,koht,,,,
hasartmängusõltuvus,,,seisund,,
Hastings,koht,,,,
Hatanga,koht,,,,
hatik,koht,,,,
Hatu,koht,,,,
hauakabel,koht,,,,
hauakamber,koht,,,,
hauakirik,koht,,,,
hauakoht,koht,,,,
hauakääbas,koht,,,,
hauaküngas,koht,,,,
hauapimedus,,,seisund,,
hauaplats,koht,,,,
hauarahu,,,seisund,,abstr/konkr
haud,koht,,,sündmus,
haudeaeg,,aeg,,,
haudeala,koht,,,,
haudehitis,koht,,,,
haudejaam,koht,,,,
haudekestus,,aeg,,,
haudemaja,koht,,,,
haudeperiood,,aeg,,,
haudevältus,,aeg,,,
Haudjasaare,koht,,,,
haudmehaigus,,,seisund,,
haudmemädanik,,,seisund,,
haudmik,koht,,,,
haudumus,,,seisund,,
haugi mälu,,,seisund,,
Hauka,koht,,,,
Hausma,koht,,,,
Hauts-de-France,koht,,,,
Havai,koht,,,,
Havai saared,koht,,,,
Havanna,koht,,,,
Havanna sündroom,,,seisund,,
Havel,koht,,,,
Hawaii,koht,,,,
Hawaii saared,koht,,,,
hea järje peal,,,seisund,,
hea järje peale,,,seisund,,
hea koht,koht,,,,
heakord,,,seisund,,abstr/konkr
heakorrastus,,,seisund,,tegevus
Hea Lootuse neem,koht,,,,
heaolu,,,seisund,,
heaolutunne,,,seisund,,nähtus_psühh
Heard ja McDonald,koht,,,,
heategevusfond,koht,,,,
heategevuskontsert,,,,sündmus,
heategevusmüük,,,,sündmus,
heategevusõhtu,,,,sündmus,
heategevusüritus,,,,sündmus,
Heathrow,koht,,,,
hebefreenia,,,seisund,,
Hebei,koht,,,,
Hebriidid,koht,,,,
Hebriidi saared,koht,,,,
Hebron,koht,,,,
Heedu,koht,,,,
Heeska,koht,,,,
Hefei,koht,,,,
hegemoonia,,,seisund,,
Heibri,koht,,,,
Heidelberg,koht,,,,
Heigi,koht,,,,
Heilbronn,koht,,,,
Heiligenbeil,koht,,,,
Heilongjiang,koht,,,,
Heimtali,koht,,,,
heinaaeg,,aeg,,,
heinakaar,koht,,,,taim
heinakuivati,koht,,,,
heinakuu,,aeg,,,
heinaküün,koht,,,,
heinalakk,koht,,,,
heinamaa,koht,,,,
heinamaarjapäev,,aeg,,,
heinanohu,,,seisund,,
heinapalavik,,,seisund,,
heinapõld,koht,,,,
heinasara,koht,,,,
Heinasoo,koht,,,,
Heinaste,koht,,,,
Heinlaid,koht,,,,
Heinola,koht,,,,
Heinrichswalde,koht,,,,
Heisri,koht,,,,
Heiste,koht,,,,
Heistesoo,koht,,,,
heitepaik,koht,,,,
heitering,koht,,,,
heitesektor,koht,,,,
heitumus,,,seisund,,
HEJ,koht,,,,esitus
hej,koht,,,,esitus
hekatomb,,,,sündmus,tegevus_tegu
Hekla,koht,,,,
Helbi,koht,,,,
Helda,koht,,,,
heldimuspisar,,,seisund,,
helelaiksus,,,seisund,,
helend,koht,,,,
Helenurme,koht,,,,
heletaiga,koht,,,,
Helgoland,koht,,,,
heliarhiiv,koht,,,,ese
helihardus,,,,sündmus,
heliplaadifirma,koht,,,,
Heliste kirik,koht,,,,
helistuudio,koht,,,,
heliväli,koht,,,,
Hellamaa,koht,,,,
Hellas,koht,,,,
Hellekunnu,koht,,,,
hellenism,,aeg,,,esitus_keel
Hellenurme,koht,,,,
Hellespontos,koht,,,,
hellitatus,,,seisund,,
Helmand,koht,,,,
Helme,koht,,,,
helmekuu,,aeg,,,
helmintoos,,,seisund,,
Helmküla,koht,,,,
Helsingborg,koht,,,,
Helsingi,koht,,,,
Helsingør,koht,,,,
Heltermaa,koht,,,,
Helveetsia,koht,,,,
helvet,koht,,,,
hemangioom,,,seisund,,
hematoom,,,seisund,,
hematuuria,,,seisund,,
Hem Beldiri,koht,,,,
Hem-Beldõr,koht,,,,
hemeraloopia,,,seisund,,
hemipleegia,,,seisund,,
hemofiilia,,,seisund,,
hemolüüs,,,seisund,,nähtus
hemorraagia,,,seisund,,
hemorraagiline,,,seisund,,
hemorraagiline diatees,,,seisund,,
hemorraagiline palavik,,,seisund,,
hemorroid,,,seisund,,
hemotooraks,,,seisund,,
Henan,koht,,,,
Hendriksoni küür,koht,,,,
Hendrikumõisa,koht,,,,
hepatiit,,,seisund,,
herbaarium,koht,,,,"taim, taim_omadus"
Herculaneum,koht,,,,
Hereford,koht,,,,
Herefordshire,koht,,,,
Hergova,koht,,,,
herilasepesa,koht,,,,"abstr/konkr_omadus, nähtus, nähtus_loodus, objekt_loodus"
herilasepiht,koht,,,,
Herjava,koht,,,,
Herlen,koht,,,,
Hermani,koht,,,,
Hermon,koht,,,,
hernepeenar,koht,,,,
hernes,koht,,,,"taim, toit_vili"
heroiinisõltuvus,,,seisund,,
heroon,koht,,,,
herpes,,,seisund,,
Herrnhut,koht,,,,
Herson,koht,,,,
Hertford,koht,,,,
Hertfordshire,koht,,,,
Hertsegoviina,koht,,,,
hertsogkond,koht,,,,
Hertu,koht,,,,
Hessen,koht,,,,
heteroabielu,,,seisund,,
hetk,,aeg,,,
hetkeolukord,,,seisund,,
hetkeseis,,,seisund,,
hetkeseisund,,,seisund,,
Hevaha,koht,,,,
HEV-kool,koht,,,,
Hewlêr,koht,,,,
hiaatus,koht,,,,esitus_keel
Hibiinid,koht,,,,
Highland,koht,,,,
higihernes,,,seisund,,
higilööve,,,seisund,,
higiplekk,koht,,,,
higipull otsa ees,,,seisund,,
higitelk,koht,,,,
hiidehitis,koht,,,,
hiidkasv,,,seisund,,omadus_füüs
hiidlinn,koht,,,,
hiidsus,,,seisund,,
Hiie,koht,,,,
hiiekoht,koht,,,,
hiiemets,koht,,,,
Hiiemetsa,koht,,,,
hiiemägi,koht,,,,
hiiesalu,koht,,,,
Hiiessaare,koht,,,,
Hiietse,koht,,,,
Hiievälja,koht,,,,
hiigeledu,,,seisund,,
hiigelehitis,koht,,,,
hiigellinn,koht,,,,
hiigelrajatis,koht,,,,
hiigelterritoorium,koht,,,,
hiigeltulekahju,,,,sündmus,
hiiglalinn,koht,,,,
hiilgeaasta,,aeg,,,
hiilgeaeg,,aeg,,,
hiilgepäev,,aeg,,,
hiilgevorm,,,seisund,,
Hiina,koht,,,,
Hiina kalender,,aeg,,,
hiinakas,koht,,,,ese_instru
Hiinalinn,koht,,,,
hiinalinn,koht,,,,
Hiina restorani sündroom,,,seisund,,
hiireauk,koht,,,,
hiirekäsi,,,seisund,,
hiis,koht,,,,
Hiiu,koht,,,,
Hiiumaa,koht,,,,
Hiiu maakond,koht,,,,
Hiiurootsi,koht,,,,
Hiiu saar,koht,,,,
Hiiva,koht,,,,
Hiiva khaaniriik,koht,,,,
hikikomori,,,seisund,,"inimene, tegevus"
Hilana,koht,,,,
hilisantiikaeg,,aeg,,,
hilisbarokk,,aeg,,,
hilishommik,,aeg,,,
hilisjääaeg,,aeg,,,
hiliskeskaeg,,aeg,,,
hiliskevad,,aeg,,,
hilisrenessanss,,aeg,,,
hilissuvi,,aeg,,,
hilissügis,,aeg,,,
hilistalv,,aeg,,,
hilisõhtu,,aeg,,,
hiljaaegu,,aeg,,,
hiljavõitu,,aeg,,,
hiljem,,aeg,,,"ADV_aeg, omadus_aeg"
hiljemini,,aeg,,,ADV_aeg
hiljuti,,aeg,,,
Hilleste,koht,,,,
Hilläkeste,koht,,,,
Hilversum,koht,,,,
Himaalaja,koht,,,,
Himachal Pradesh,koht,,,,
Himki,koht,,,,
Himma,koht,,,,
Himmaste,koht,,,,
Himmiste,koht,,,,
Hindaste,koht,,,,
Hindsa,koht,,,,
Hindu,koht,,,,
Hindukuš,koht,,,,
Hindustan,koht,,,,
hingamisauk,koht,,,,
hingamishäire,,,seisund,,
hingamiskahin,,,seisund,,
hingamispaus,,aeg,,sündmus,tegevus_tegu
hingamispeetus,,,seisund,,
hingamispäev,,aeg,,,
hingats,koht,,,,kehaosa_loom
hingeahastus,,,seisund,,
hingedeaeg,,aeg,,,
hingedekuu,,aeg,,,esitus
hingedepäev,,aeg,,,
hingeldus,,,seisund,,
hingeldustõbi,,,seisund,,
hingeliigutus,,,seisund,,nähtus_psühh
hingemaa,koht,,,,
hingepiin,,,seisund,,
hingerahu,,,seisund,,
hingeseisund,,,seisund,,
hingestatus,,,seisund,,omadus_psühh
hingetõmbamine,,aeg,seisund,,"tegevus, tegevus_tegu"
hingetõmbeaeg,,aeg,,sündmus,
hingetõmbepaus,,aeg,,sündmus,
hingetõmbus,,aeg,seisund,,tegevus_tegu
hingetõmme,,aeg,seisund,,tegevus_tegu
hingevärin,,,seisund,,
hing niidiga kaelas,,,seisund,,
hing on täis,,,seisund,,
hing paelaga kaelas,,,seisund,,
Hingu,koht,,,,
hinnaralli,,,,sündmus,tegevus
Hinniala,koht,,,,
Hino,koht,,,,
Hinsa,koht,,,,
Hintsiko,koht,,,,
Hinu,koht,,,,
hipodroom,koht,,,,
Hirla,koht,,,,
hirm on nahas,,,seisund,,
hirmujudin,,,seisund,,nähtus_psühh
hirmukangestus,,,seisund,,
Hirmuküla,koht,,,,
Hirmuse,koht,,,,
Hirmuste,koht,,,,
hirmuvabin,,,seisund,,nähtus_psühh
hirmuvõpatus,,,seisund,,nähtus_psühh
hirmuvärin,,,seisund,,nähtus_psühh
Hiroshima,koht,,,,
hirsutism,,,seisund,,
hirveaed,koht,,,,
Hirvli,koht,,,,
Hispaania,koht,,,,
Hispaania gripp,,,seisund,,nähtus_loodus
Hispaania Guinea,koht,,,,
Hispaania Lääne-Aafrika,koht,,,,
Hispaania Sahara,koht,,,,
Hispaniola,koht,,,,
histooria,,aeg,,,vald
hitse,koht,,,,
HIV-infektsioon,,,seisund,,
HIV-nakkus,,,seisund,,
Hlõnov,koht,,,,
HLÜ,koht,,,,
Hmelnitski,koht,,,,
Hmelnõtskõi,koht,,,,
Hobart,koht,,,,
hobulaenutuspunkt,koht,,,,
Hobulaid,koht,,,,
hobupäev,,aeg,,,
hoburaudkaar,koht,,,,osa
hobuse aasta,,aeg,,,
hobuseaasta,,aeg,,,
hobusefarm,koht,,,,
hobuseisu,,,seisund,,
hobusekasvandus,koht,,,,
hobusekoppel,koht,,,,
hobuseköha,,,seisund,,
hobusepäev,,aeg,,,
hobuserautamine,,,seisund,,tegevus
hobuserautus,,,seisund,,tegevus
hobusetall,koht,,,,
hobusetee,koht,,,,
hobuste Aafrika katk,,,seisund,,
hobuveski,koht,,,,ese_instru
Hô Chi Minh,koht,,,,
Hồ Chí Minh,koht,,,,
Hodgkini lümfoom,,,seisund,,
Hodgkini tõbi,,,seisund,,
Hohhot,koht,,,,
hoiatusstreik,,,,sündmus,
hoid,koht,,seisund,,"abstr_asend/suund, nähtus, tegevus, vald"
hoidla,koht,,,,
hoiuala,koht,,,,
hoiukamber,koht,,,,
hoiukassa,koht,,,,
hoiukodu,koht,,,,
hoiukoht,koht,,,,
hoiul,,,seisund,,
hoiu-laenuühistu,koht,,,,
hoiule,,,seisund,,
hoiumets,koht,,,,
hoiupaik,koht,,,,
hoiuruum,koht,,,,
hoiustaja,koht,,,,"in_omadus, in_tegija"
hoiustus,koht,,,,tegevus
hokimatš,,,,sündmus,
hokiväljak,koht,,,,
Hokkaidō,koht,,,,
Holdi,koht,,,,
holding-firma,koht,,,,
Holdre,koht,,,,
holi,,,,sündmus,
Holland,koht,,,,
Hollandi Antillid,koht,,,,
Hollandi Guajaana,koht,,,,
Hollandi Ida-India,koht,,,,
Hollandi tuulik,koht,,,,
Hollandi Uus-Guinea,koht,,,,
Hollywood,koht,,,,
holm,koht,,,,
holodomor,,aeg,,,
holotseen,,aeg,,,
Holsta,koht,,,,
Holstein,koht,,,,
Holstre,koht,,,,
Holvandi,koht,,,,
Holyrood,koht,,,,
Homieĺ,koht,,,,
homme,,aeg,,,"ADV_aeg, inimene"
hommik,koht,aeg,,sündmus,"tegevus, toit"
hommikueine,,,,sündmus,"tegevus, toit"
hommikuhämar,,aeg,seisund,,
hommikuhämarik,,aeg,seisund,,
hommikuhämarus,,aeg,seisund,,
hommikulaud,,,,sündmus,"tegevus, toit"
hommikumaa,koht,,,,
hommikuoode,,,,sündmus,toit
hommikupalve,,,,sündmus,"ese_semio, tegevus_kõnetegu"
hommikupalvus,,,,sündmus,
hommikupimedus,,,seisund,,
hommikupool,,aeg,,,
hommikupoolik,,aeg,,,
hommikupoolne,koht,,,,omadus_aeg
hommikusöök,,,,sündmus,"tegevus, toit"
hommikutund,,aeg,,,
homne,,aeg,,,omadus_aeg
homoabielu,,,seisund,,
homobaar,koht,,,,
homofoobia,,,seisund,,nähtus_psühh
homosuhe,,,seisund,,
homoviha,,,seisund,,nähtus_psühh
Homs,koht,,,,
homöostaas,,,seisund,,
Honduras,koht,,,,
Hongkong,koht,,,,
Honiara,koht,,,,
Honolulu,koht,,,,
Honshū,koht,,,,
Honšiu,koht,,,,
hooaeg,,aeg,,,
hooajalisus,,aeg,,,
hoog,,,seisund,,"nähtus_füüs, nähtus_loodus, nähtus_psühh, omadus_kval, tegevus"
hoogjoomine,,,seisund,,
hoogkuu,,aeg,,,
hoogtöökuu,,aeg,,,
hooldamatus,,,seisund,,
hooldejaam,koht,,,,
hooldekodu,koht,,,,
hooldusasutus,koht,,,,
hooldushaigla,koht,,,,
hooldusjaam,koht,,,,
hoolekandeasutus,koht,,,,
Hoomuli,koht,,,,
hoone,koht,,,,
hoonekarp,koht,,,,
hoonelobudik,koht,,,,
hoonestik,koht,,,,
hoonestu,koht,,,,
hoonestus,koht,,,,
hoonestusala,koht,,,,
hooneühistu,koht,,,,
hooramaja,koht,,,,
Hoorni neem,koht,,,,
hoov,koht,,,,inimene
hoovimaja,koht,,,,
hoovinurk,koht,,,,
hoovipealne,koht,,,,omadus_koht
hoovipoolne,koht,,,,
Hopa,koht,,,,
Horezm,koht,,,,
Horezmi vilajett,koht,,,,
horisont,koht,,,,"abstr/konkr, esitus_kujutis"
horisontaal,,,seisund,,"esitus_kujutis, omadus_füüs"
Horlivka,koht,,,,
Horma,koht,,,,
hormoonid möllavad,,,seisund,,
Hormuzi väin,koht,,,,
Horoski,koht,,,,
Horosuu,koht,,,,
Horsa,koht,,,,
horst,koht,,,,
Horug,koht,,,,
Horvaatia,koht,,,,
Hosby,koht,,,,
hospidal,koht,,,,
hospiits,koht,,,,
hospitaalinfektsioon,,,seisund,,
hospital,koht,,,,
hostel,koht,,,,
Hostomel,koht,,,,
hotell,koht,,,,
hotellikett,koht,,,,
hotellimajutus,koht,,,,
hotellinumber,koht,,,,
hotellituba,koht,,,,
Hotõmäe,koht,,,,
Houston,koht,,,,
Hrodna,koht,,,,
hruštšovka,koht,,,,
Huang He,koht,,,,
Huanghe,koht,,,,
Hubei,koht,,,,
Hudsoni laht,koht,,,,
Hudžand,koht,,,,
Huê,koht,,,,
hukatus,,,seisund,,abstr/konkr_omadus
hukk,,,,sündmus,
hukkamiskoht,koht,,,,
hukkamispaik,koht,,,,
hukkumiskoht,koht,,,,
hukkumisoht,,,seisund,,
hukkumispaik,koht,,,,
Hulaku,koht,,,,
hulgibaas,koht,,,,
hulgifirma,koht,,,,
hulgilaat,,,,sündmus,
hulgiladu,koht,,,,
hulgiluumurd,,,seisund,,
hulgimurd,,,seisund,,
hulgimüeloom,,,seisund,,
hulgimüüja,koht,,,,
hulgiostja,koht,,,,in_tegija
hulgiskleroos,,,seisund,,
hulgitrauma,,,seisund,,
Hulja,koht,,,,
Hull,koht,,,,
hullar,koht,,,,
Hullo,koht,,,,
hullu lehma tõbi,,,seisund,,
hullulehmatõbi,,,seisund,,
hullumaja,koht,,seisund,,abstr
hullumaja puhvet,,,seisund,,esitus_keel_suhtlus
hullumeelsus,,,seisund,,tegevus_tegu
hullus,,,seisund,,nähtus_psühh
Humala,koht,,,,
humalaaed,koht,,,,
humanitaargümnaasium,koht,,,,
humanitaarkatastroof,,,seisund,sündmus,
humanitaarkool,koht,,,,
humanitaarkoridor,koht,,,,
humanitaarkriis,,,seisund,sündmus,
humanitaarorganisatsioon,koht,,,,
humanitaarpaus,,aeg,,,
Humber,koht,,,,
Hummuli,koht,,,,
Hunan,koht,,,,
hundiaju,,,,sündmus,tegevus
hundiauk,koht,,,,
hundiisu,,,seisund,,
hundijaht,,,,sündmus,tegevus
hundikurk,,,seisund,,
hundikuu,,aeg,,,esitus
hundilaut,koht,,,,
Hundinurga,koht,,,,
hundiseadus,,,seisund,,
hunditund,,aeg,,,
hunnikus,,,seisund,,
hunnikusse,,,seisund,,
hunta,koht,,,,
Huntingdonshire,koht,,,,
huraal,koht,,,,
Hurda,koht,,,,
Hurghada,koht,,,,
Hurmi,koht,,,,
Huron,koht,,,,
Huroni järv,koht,,,,
hurtsik,koht,,,,
Husari,koht,,,,
Hutita,koht,,,,
Huuksi,koht,,,,
huuleherpes,,,seisund,,
huulelõhe,,,seisund,,
huuleohatis,,,seisund,,
huulepõletik,,,seisund,,
huvide konflikt,,,seisund,,
huvikeskus,koht,,,,
huviklubi,koht,,,,
huvikonflikt,,,seisund,,
huvikool,koht,,,,
huviorbiit,,,seisund,,
huvipuudus,,,seisund,,nähtus_psühh
huvireis,,,,sündmus,"tegevus, tegevus_tegu"
huvitatus,,,seisund,,
huviväärsus,koht,,,,"abstr, ese"
Hõbeda,koht,,,,
hõbejuubel,,aeg,,,
hõbelehisus,,,seisund,,
Hõbemäe,koht,,,,
hõbepulm,,aeg,,sündmus,
Hõbesalu,koht,,,,
hõimupäev,,aeg,,,
hõimuõhtu,,,,sündmus,
hõivatus,,,seisund,,
hõive,,,seisund,,
hõlbuelu,,,seisund,,
hõlma all,,,seisund,,ADV_koht
hõlma alla,,,seisund,,ADV_koht
hõlma alt,,,seisund,,ADV_koht
hõlmas,,,seisund,,
hõlpelu,,,seisund,,
Hõreda,koht,,,,
hõrendik,koht,,,,taim
hõõrdumus,,,seisund,,
hõõtsik,,,seisund,,
häbe,koht,,,,kehaosa
häbedus,koht,,,,
häbemepilu,koht,,,,
häbi,,,seisund,,"esitus_keel_suhtlus, nähtus_psühh"
häbiasi,,,seisund,sündmus,
häbilugu,,,seisund,sündmus,
häbistus,,,seisund,,tegevus
häda,,,seisund,,"nähtus_psühh, tegevus_tegu"
hädaaeg,,aeg,,,
hädajuht,,,,sündmus,
hädajuhtum,,,,sündmus,
hädaoht,,,seisund,,
hädaolukord,,,seisund,,
hädaorg,,,seisund,,
hädapeatus,,,,sündmus,
hädapõli,,,seisund,,
hädapõlv,,,seisund,,
hädasadam,koht,,,,
hädaseisund,,,seisund,,
hädas nagu lits lapsega,,,seisund,,
hädas nagu mustlane mädas,,,seisund,,
hädaväljapääs,koht,,,,
häil,koht,,,,
häirekeskus,koht,,,,
häireolukord,,,seisund,,
häireseisukord,,,seisund,,
häirimatus,,,seisund,,
häiring,,,,sündmus,
häiritus,,,seisund,,"nähtus_füüs, nähtus_loodus"
häkaton,,,,sündmus,
häll,koht,,,,"abstr/konkr, ese, ese_instru"
hällipäev,,aeg,,sündmus,
hällist hauani,,aeg,,,
hällist peale,koht,,,,abstr/konkr
Hälsingland,koht,,,,
Hälvati,koht,,,,
hälve,,,seisund,,omadus_kval
hämar,,,seisund,,"nähtus_loodus, omadus_füüs, omadus_kval"
hämarik,,,seisund,,nähtus_loodus
hämarolek,,,seisund,,
hämarus,,,seisund,,nähtus_loodus
hämaruspimesus,,,seisund,,
Häme,koht,,,,
Hämeenlinna,koht,,,,
Hämkoti,koht,,,,
Hämmelepa,koht,,,,
händikäp,,,seisund,,
Hänga,koht,,,,
Hänike,koht,,,,
häpening,,,,sündmus,ese_kunst
häppening,,,,sündmus,ese_kunst
härdumus,,,seisund,,
härduspisar,,,seisund,,
Härgla,koht,,,,
Härgmäe,koht,,,,
härja aasta,,aeg,,,
härja-aasta,,aeg,,,
Härjadi,koht,,,,
härjajooks,,,,sündmus,
Härjanurme,koht,,,,
Härjapea jõgi,koht,,,,
härjavõitlus,,,,sündmus,
Härjedalen,koht,,,,
Härma,koht,,,,
Härmakosu,koht,,,,
Härmä,koht,,,,
härraskond,koht,,,,in_omadus
härrasmaja,koht,,,,
härrastemaja,koht,,,,
Härämäe,koht,,,,
hävi,,,,sündmus,
hävimatus,,,seisund,,
häving,,,,sündmus,
hävituslaager,koht,,,,
hävituspataljon,koht,,,,
Häädemeeste,koht,,,,
hääldusalus,,,seisund,,
häälehäire,,,seisund,,
häälekadu,,,seisund,,nähtus
häälekus,,,seisund,,
häälestus,,,seisund,,tegevus
häälest ära,,,seisund,,
hääletamiskabiin,koht,,,,
hääletus,,,seisund,,tegevus_tegu
hääletusvoor,,,,sündmus,
häälteenamus,,,seisund,,
häärber,koht,,,,
Häärmäni,koht,,,,
Häätaru,koht,,,,
Höbring,koht,,,,
Höbringi,koht,,,,
Hübja,koht,,,,
hübriidimmuunsus,,,seisund,,nähtus
hübriidkonverents,,,,sündmus,
hübriidsõda,,,,sündmus,abstr/konkr
hübriidüritus,,,,sündmus,
hüdrartroos,,,seisund,,
hüdreemia,,,seisund,,
hüdroehitis,koht,,,,
hüdroelektrijaam,koht,,,,esitus
hüdrofoobia,,,seisund,,nähtus_psühh
hüdrojaam,koht,,,,esitus
hüdrometeoroloogiajaam,koht,,,,
hüdronefroos,,,seisund,,
hüdrosfäär,koht,,,,
hüdrosõlm,koht,,,,
hüdrotooraks,,,seisund,,
hüdrotseele,,,seisund,,
hüdrotsefaalia,,,seisund,,
hülgejää,koht,,,,tegevus
hüljatus,,,seisund,,
hümn,,,seisund,,ese_kunst
hüperaktiivsus,,,seisund,,esitus
Hüperborea,koht,,,,
hüpereemia,,,seisund,,
hüperesteesia,,,seisund,,
hüperfunktsioon,,,seisund,,
hüperglükeemia,,,seisund,,
hüperhidroos,,,seisund,,
hüperinflatsioon,,,seisund,,nähtus
hüperkeratoos,,,seisund,,
hüpermarket,koht,,,,
hüperoopia,,,seisund,,
hüperplaasia,,,seisund,,nähtus
hüpersekretsioon,,,seisund,,
hüpersomnia,,,seisund,,
hüpertensioon,,,seisund,,
hüpertermia,,,seisund,,
hüpertoonia,,,seisund,,nähtus_loodus
hüpertooniatõbi,,,seisund,,
hüpertrihhoos,,,seisund,,
hüpertroofia,,,seisund,,nähtus_psühh
hüpertüreoos,,,seisund,,
hüpervitaminoos,,,seisund,,
hüpik,koht,,,,"in_omadus, loom, omadus_kval"
hüpiknäitus,,,,sündmus,
hüpikpood,koht,,,,
hüpnoos,,,seisund,,
hüpodermatoos,,,seisund,,
hüpodermoos,,,seisund,,
hüpofunktsioon,,,seisund,,
hüpoglükeemia,,,seisund,,
hüpogonadism,,,seisund,,
hüpohondria,,,seisund,,nähtus_psühh
hüpokaleemia,,,seisund,,
hüpokaltseemia,,,seisund,,
hüpoksia,,,seisund,,
hüpomaania,,,seisund,,
hüponatreemia,,,seisund,,
hüpostaas,,,seisund,,konkr_omadus
hüpoteegipank,koht,,,,
hüpoteegipidaja,koht,,,,inimene
hüpotensioon,,,seisund,,
hüpotermia,,,seisund,,nähtus
hüpotoonia,,,seisund,,nähtus_loodus
hüpotroofia,,,seisund,,
hüpotsenter,koht,,,,
hüpotüreoos,,,seisund,,
hüpovitaminoos,,,seisund,,
hüppekast,koht,,,,
hüppemägi,koht,,,,
hüppepaik,koht,,,,
hüppesektor,koht,,,,
hüppetorn,koht,,,,
hüppevoor,,,,sündmus,
Hürova,koht,,,,
Hürsi,koht,,,,
hüsteeria,,,seisund,,
hüsteerika,,,seisund,,
Hüti,koht,,,,
hütt,koht,,,,loom_lind
hüübimatus,,,seisund,,
hüübivus,,,seisund,,
Hüüru,koht,,,,
hüüvis,,,seisund,,materjal/aine
Hyderabad,koht,,,,
hygge,,,seisund,,
Hyvinkää,koht,,,,
Iaşi,koht,,,,
Ibaste,koht,,,,
Ibeeria poolsaar,koht,,,,
Ibiza,koht,,,,
ida,koht,,,,
Ida-Aasia,koht,,,,
idaala,koht,,,,
Ida-Aserbaidžaan,koht,,,,
Ida-Bengal,koht,,,,
Ida-Eesti,koht,,,,
Ida-Euroopa,koht,,,,
Ida-Euroopa aeg,,aeg,,,
Ida-Friisi saared,koht,,,,
Ida-Ghatid,koht,,,,
Ida-Hiina meri,koht,,,,
Idaho,koht,,,,
Ida-India,koht,,,,
idakaar,koht,,,,
idakallas,koht,,,,
idakülg,koht,,,,
idamaa,koht,,,,
idanaaber,koht,,,,in_rahvas
idanemisaeg,,aeg,,,
idaosa,koht,,,,
Idaotsa,koht,,,,
Ida-Pakistan,koht,,,,
idapiir,koht,,,,
Ida-Pommeri,koht,,,,
idapoolne,koht,,,,
Ida-Preisimaa,koht,,,,
idarannik,koht,,,,
Ida-Rooma riik,koht,,,,
Ida-Saksamaa,koht,,,,
Ida-Samoa,koht,,,,
idaserv,koht,,,,
Ida-Siber,koht,,,,
Ida-Siberi meri,koht,,,,
idatiib,koht,,,,
Ida-Timor,koht,,,,
Ida-Turkestan,koht,,,,
Idavere,koht,,,,
Ida-Virumaa,koht,,,,
Ida-Viru maakond,koht,,,,
Idaväin,koht,,,,
ideatsioon,,,,sündmus,tegevus
idée fixe,,,seisund,,nähtus_psühh
ideekonkurss,,,,sündmus,
ideevõistlus,,,,sündmus,
identiteedikriis,,,seisund,sündmus,
identsus,,,seisund,,nähtus_psühh
Idi Amin Dada järv,koht,,,,
idiootia,,,seisund,,
idiosünkraasia,,,seisund,,omadus_kval
idiotism,,,seisund,,nähtus_psühh
idu,koht,,seisund,,"abstr/konkr, esitus_keel_suhtlus, taim_omadus"
iduettevõte,koht,,,,
idufirma,koht,,,,
Idumea,koht,,,,
idüll,,,seisund,,abstr
Ieper,koht,,,,
iga,,aeg,,,omadus_kval
Igaküla,koht,,,,
igamisaeg,,aeg,,,
igamistähtaeg,,aeg,,,
igamus,,,seisund,,
igapäev,,,seisund,,
igapäevaelu,,,seisund,,
Igarka,koht,,,,
Igavene Linn,koht,,,,
igavene puhkus,,,seisund,,abstr
igavene tuli,koht,,seisund,,abstr/konkr
igavene uni,,,seisund,,abstr
Igavere,koht,,,,
igavestel jahimaadel,,,seisund,,
igavik,,aeg,,,abstr
igemehaigus,,,seisund,,
igemekasvaja,,,seisund,,
igemepõletik,,,seisund,,
igemevagu,koht,,,,
Igevere,koht,,,,
igiaeg,,aeg,,,
igikelts,koht,,,,objekt_loodus
iglu,koht,,,,
iglusaun,koht,,,,
Ignalina,koht,,,,
Ignase,koht,,,,
Ignasõ,koht,,,,
ignorants,,,seisund,,
ignorantsus,,,seisund,,
Igrise,koht,,,,
Iguaçu,koht,,,,
Ihamaru,koht,,,,
Ihasalu,koht,,,,
Ihaste,koht,,,,
Ihatsi,koht,,,,
ihtüoos,,,seisund,,
ihuhäda,,,seisund,,
ihukarvad tõusevad püsti,,,seisund,,
ihutervis,,,seisund,,
Iia,koht,,,,
iid,,aeg,,,
iidamast ajast,,aeg,,,
Iide,koht,,,,
iidid,,aeg,,,
Iidla,koht,,,,
Iigaste,koht,,,,
Iila,koht,,,,
Iilaste,koht,,,,
iileus,,,seisund,,
Iira,koht,,,,
Iiri,koht,,,,
Iirimaa,koht,,,,
Iiri saar,koht,,,,
Iisaku,koht,,,,
Iisalmi,koht,,,,
Iisrael,koht,,,,in_rahvas
iiveldus,,,seisund,,
iiveldustunne,,,seisund,,
Ikaalinen,koht,,,,
ikaldus,,,seisund,,nähtus_loodus
ikaldusaasta,,aeg,,,
Ikla,koht,,,,
Ikoonion,koht,,,,
iksjalad,,,seisund,,kehaosa
Ikšķile,koht,,,,
ikterus,,,seisund,,
Ilbaku,koht,,,,
Île-de-France,koht,,,,
Ileía,koht,,,,
Ilion,koht,,,,
Ilistvere,koht,,,,
Illi,koht,,,,
Illinois,koht,,,,
Illuka,koht,,,,
illuminatsioon,,,seisund,sündmus,nähtus_füüs
Illurma,koht,,,,
illusoorsus,,,seisund,,omadus_psühh
illustratiivsus,,,seisund,,
illuviaalhorisont,koht,,,,materjal/aine
Illüüria,koht,,,,
ilma,,,seisund,,ADV_viis
ilmaelu,,,seisund,,nähtus
ilma hoolde,,,seisund,,
ilma hooleks,,,seisund,,
ilmaime,,,,sündmus,objekt
ilmajaam,koht,,,,
ilmajagu,koht,,,,
ilmajäetus,,,seisund,,
ilmakaar,koht,,,,
ilmaletoomine,,,,sündmus,
ilmaletulek,,,,sündmus,tegevus
ilmamaa,koht,,,,
ilmameri,koht,,,,
Ilmandu,koht,,,,
ilmanurk,koht,,,,
ilmaolud,,,seisund,,abstr/konkr
ilmaruum,koht,,,,
Ilmastalu,koht,,,,
Ilmaste,koht,,,,
ilmastikuolud,,,seisund,,abstr/konkr
ilmastikutingimused,,,seisund,,abstr/konkr
ilmasõda,,,,sündmus,tegevus
ilmateenistus,koht,,,,
Ilmatsalu,koht,,,,
ilme,,,seisund,,nähtus
ilmeksimatus,,,seisund,,"nähtus_psühh, omadus_kval"
Ilmen,koht,,,,
Ilmjärv,koht,,,,
Ilmjärve,koht,,,,
ilmumine,,,,sündmus,"nähtus, tegevus"
ilmumisaasta,,aeg,,,
ilmumisaeg,,aeg,,,
ilmutus,koht,,,,"nähtus, tegevus"
Ilpla,koht,,,,
Iltsmu,koht,,,,
iluaed,koht,,,,
iludussalong,koht,,,,
iludusvõistlus,,,,sündmus,
Ilumetsa,koht,,,,
Ilumäe,koht,,,,
ilusalong,koht,,,,
ilustama,,,seisund,,"VERB_psühh, VERB_tegevus"
ilutuled,,,,sündmus,nähtus_füüs
ilutulestik,,,,sündmus,nähtus_füüs
ilutulestus,,,,sündmus,"nähtus_füüs, nähtus_psühh"
iluuisutamisvõistlus,,,,sündmus,
iluuni,,,seisund,,
Ilvese,koht,,,,
Imandra,koht,,,,
Imara,koht,,,,
Imastu,koht,,,,
Imatra,koht,,,,
Imatra kosk,koht,,,,
Imatu,koht,,,,
Imavere,koht,,,,
imbetsilsus,,,seisund,,
imbkaev,koht,,,,
imbväljak,koht,,,,
imedemaa,koht,,,,
imelaps,koht,,,,in_omadus
imemaa,koht,,,,
Imerethi,koht,,,,
imetamisperiood,,aeg,,,
imetegu,,,,sündmus,"abstr/konkr, ese, inimene, nähtus"
imeti,koht,,,,
IMF,koht,,,,ese_raha
imikuiga,,aeg,,,
immuniteet,,,seisund,,"abstr, nähtus_loodus"
immuunpuudulikkus,,,seisund,,
immuunsuskadu,,,seisund,,
immuunsuspuudulikkus,,,seisund,,
impeerium,koht,,,,
impetiigo,,,seisund,,
Imphal,koht,,,,
impordiriik,koht,,,,
impotentsus,,,seisund,,nähtus_loodus
Imste,koht,,,,
Imukvere,koht,,,,
Inari,koht,,,,
Inari järv,koht,,,,
inauguratsioon,,,,sündmus,
Incheon,koht,,,,
Inda,koht,,,,
indemniteet,,,seisund,,abstr
India,koht,,,,
Indiana,koht,,,,
India ookean,koht,,,,
India poolsaar,koht,,,,
India subkontinent,koht,,,,
Indigirka,koht,,,,
individuaal,koht,,,,
individuaaldistants,koht,,,,
individuaalelamu,koht,,,,
individuaalkonsultatsioon,,,,sündmus,
individuaalmaja,koht,,,,
individuaalturniir,,,,sündmus,
individuaalvõistlus,,,,sündmus,
Indo-Hiina,koht,,,,
Indohiina,koht,,,,
Indohiina poolsaar,koht,,,,
indolents,,,seisund,,nähtus
indolentsus,,,seisund,,nähtus
Indoneesia,koht,,,,
Indra,koht,,,,
Indsikurmu,koht,,,,
Indus,koht,,,,
industriaalmaa,koht,,,,
industriaalriik,koht,,,,
inertsus,,,seisund,,"nähtus_füüs, omadus_füüs"
inetus,,,seisund,,"omadus_kval, tegevus_tegu"
infantiilsus,,,seisund,,omadus_psühh
infantilism,,,seisund,,omadus_psühh
infarkt,,,seisund,,
infarktioht,,,seisund,,abstr/konkr
infektsioon,,,seisund,,
infektsioonhaigus,,,seisund,,
infektsioosne,,,seisund,,
inferno,koht,,,,
influentsa,,,seisund,,
info,koht,,,,esitus_info
infoagentuur,koht,,,,
infoajastu,,aeg,,,
infobüroo,koht,,,,
infokeskus,koht,,,,
infokiosk,koht,,,,
infokorratus,,,seisund,,
infolaud,koht,,,,
infolett,koht,,,,
infomess,,,,sündmus,
infominutid,,,,sündmus,
infopunkt,koht,,,,
infopäev,,,,sündmus,
informeerimatus,,,seisund,,
informeeritus,,,seisund,,
infosaal,koht,,,,
infosulg,,,seisund,,
infotalitus,koht,,,,
infoteenindus,koht,,,,
infotund,,,,sündmus,
infoväsimus,,,seisund,,
infrapunasaun,koht,,,,
ingel,koht,,,,"esitus_kujutis, in_müt, in_omadus, in_roll"
ingelinvestor,koht,,,,in_roll
Ingeri,koht,,,,
Ingerimaa,koht,,,,
Ingküla,koht,,,,
Inglise,koht,,,,
Inglise-Egiptuse Sudaan,koht,,,,
Inglise haigus,,,seisund,,
Inglise kanal,koht,,,,
inglishaigus,,,seisund,,
Inglismaa,koht,,,,
Ingliste,koht,,,,
Inguššia,koht,,,,
inhalatoorium,koht,,,,
inimajalugu,,aeg,,,
inimajastu,,aeg,,,
inimareng,,,seisund,,nähtus
inimasula,koht,,,,
inimelu,,aeg,seisund,,inimene
inimiga,,aeg,,,
inimkannatanu,,,,sündmus,
inimkaotus,,,,sündmus,
inimkatastroof,,,seisund,sündmus,
inimmaailm,koht,,,,
inimnahk,,,seisund,,"kehaosa, materjal/aine, omadus_füüs"
inimnägu,,,seisund,,kehaosa
inimohver,,,,sündmus,in_roll
inimolu,,,seisund,,
inimpale,,,seisund,,
inimpõlv,,aeg,,,inimene
inimtervis,,,seisund,,
inimväärikus,,,seisund,,omadus_psühh
initsiatiivipuudus,,,seisund,,
initsiatsioon,,,,sündmus,
initsiatsiooniriitus,,,,sündmus,tegevus
Inju,koht,,,,
inkassofirma,koht,,,,
inkontinents,,,seisund,,
inkontinentsus,,,seisund,,tegevus
inkubaator,koht,,,,ese_instru
inkubaatoriettevõte,koht,,,,
inkubant,koht,,,,
inkubatoorium,koht,,,,
inkubatsioon,,aeg,seisund,,"tegevus, tegevus_muutus"
inkubatsiooniaeg,,aeg,seisund,,
inkubatsiooniperiood,,aeg,seisund,,
inkvisitsioon,koht,,,,
inkvisitsioonikohus,koht,,,,
inkvisitsiooniprotsess,,,,sündmus,
Inn,koht,,,,
innatsükkel,,aeg,,,
innatus,,,seisund,,
Innsbruck,koht,,,,
innustus,,,seisund,,"tegevus, tegevus_kõnetegu"
insektaarium,koht,,,,
inseneribüroo,koht,,,,
insenerivägi,koht,,,,
insomnia,,,seisund,,
inspektsioon,koht,,,,tegevus
inspektuur,koht,,,,
inspiratsioon,,,seisund,,nähtus_psühh
inspiratsioonipäev,,aeg,,,
inspiratsiooniseminar,,,,sündmus,
instants,koht,,,,
Insterburg,koht,,,,
institutsioon,koht,,,,abstr/konkr
instituut,koht,,,,abstr
insufitsientsus,,,seisund,,
insult,,,seisund,,VERB_suhtlus
intellektipuue,,,seisund,,
intendantuur,koht,,,,
intensiiv,koht,,,,
intensiivosakond,koht,,,,
intensiivravi,koht,,,,vald
inter,koht,,,,in_roll
interglatsiaal,,aeg,,,
intermetso,,,,sündmus,ese_kunst
internaat,koht,,,,
internaatkodu,koht,,,,
internaatkool,koht,,,,
internatsionaal,koht,,,,
internatuur,,aeg,,,abstr/konkr
internetiavarus,koht,,,,
internetikasiino,koht,,,,
internetikohvik,koht,,,,
internetioksjon,,,,sündmus,
internetipood,koht,,,,
internetipunkt,koht,,,,
internetisõltuvus,,,seisund,,nähtus_psühh
internetiäri,koht,,,,tegevus
Interpol,koht,,,,
interreegnum,,aeg,,,
interregnum,,aeg,,,
Interrinne,koht,,,,
intervall,koht,aeg,,,esitus_mõõt
intiimpiirkond,koht,,,,
intoksikatsioon,,,seisund,,
intolerantsus,,,seisund,,nähtus_psühh
intramuskulaarne,koht,,,,
introduktsioon,,,,sündmus,"ese_semio, tegevus, tegevus_kõnetegu"
intsident,,,,sündmus,
Intsikurmu,koht,,,,
invaginatsioon,,,seisund,,
invaliididekodu,koht,,,,
invaliidsus,,,seisund,,
invasioon,,,seisund,sündmus,"nähtus, nähtus_loodus, tegevus"
invasioonihaigus,,,seisund,,
invatualett,koht,,,,
inva-WC,koht,,,,
inventuur,,,,sündmus,tegevus_tegu
Inverness,koht,,,,
investeerimisfond,koht,,,,ese_raha
investeerimispank,koht,,,,
investeerimisühing,koht,,,,
investituur,,,,sündmus,
Ioánnina,koht,,,,
ionosfäär,koht,,,,
Iowa,koht,,,,
Ípeiros,koht,,,,
Ipswich,koht,,,,
i-punkt,koht,,,,
Iqaluit,koht,,,,
Iraak,koht,,,,
Iraan,koht,,,,
Iraani Aserbaidžaan,koht,,,,
Irákleio,koht,,,,
Irase,koht,,,,
Iravadi,koht,,,,
Iravere,koht,,,,
Irbeni väin,koht,,,,
Irbe väin,koht,,,,
Irbid,koht,,,,
Irboska,koht,,,,
Irboska nulk,koht,,,,
irdoks,,,seisund,,
irdumus,,,seisund,,
Irian Jaya,koht,,,,
iriit,,,seisund,,
Irkutsk,koht,,,,
Irpin,koht,,,,
Irrawaddy,koht,,,,
irrigatsiooniehitis,koht,,,,
irrigatsioonikanal,koht,,,,
irruli,,,seisund,,
Irta,koht,,,,
Irtõš,koht,,,,
Iru,koht,,,,
Iruña,koht,,,,
Iruste,koht,,,,
irv,,,seisund,,tegevus_kõnetegu
Irvala,koht,,,,
irve,,,seisund,,nähtus_psühh
irvitus,,,seisund,,"nähtus_psühh, tegevus_kõnetegu"
Isabella,koht,,,,
isadepäev,,aeg,,,
isadus,,,seisund,,
isakoda,koht,,,,
isakodu,koht,,,,
isamaa,koht,,,,
isamaasõda,,,,sündmus,
isamaja,koht,,,,
isapuhkus,,aeg,,,
Isar,koht,,,,
isasus,,,seisund,,omadus_kval
isatalu,koht,,,,
isatus,,,seisund,,
iseendastmõistetavus,,,seisund,,
iseenesestmõistetavus,,,seisund,,
isemürgistus,,,seisund,,
isenakatumine,,,seisund,,
isenakatus,,,seisund,,
isepära,,,seisund,,abstr/konkr_omadus
isepärasus,,,seisund,,abstr/konkr_omadus
iseseisvusetus,,,seisund,,
iseseisvuspäev,,aeg,,,
iseseisvussõda,,,,sündmus,
iseteenindus,koht,,,,abstr/konkr
iseteeninduskassa,koht,,,,ese_instru
iseteeninduskauplus,koht,,,,
iseteeninduskeskkond,koht,,,,
iseteenindusportaal,koht,,,,
Isfahan,koht,,,,
isheemia,,,seisund,,
isheemiatõbi,,,seisund,,
ishias,,,seisund,,
isiksusehäire,,,seisund,,
isikunäitus,,,,sündmus,
ISIS,koht,,,,
Iska,koht,,,,
İskenderun,koht,,,,
Islamabad,koht,,,,
islamimaa,koht,,,,
islamimaailm,koht,,,,
islamirevolutsioon,,,,sündmus,
Islamiriik,koht,,,,
islamiriik,koht,,,,
Island,koht,,,,
Isle of Wight,koht,,,,
isolaator,koht,,,,"ese, ese_instru, materjal/aine"
isolatsioon,,,seisund,,"ese, materjal/aine"
isolatsiooniruum,koht,,,,
isoleeritus,,,seisund,,
isostaasia,,,seisund,,
Issaku,koht,,,,
issanda aastal,,aeg,,,
issanda teed on imelikud,,,,sündmus,
Issõk-Kul,koht,,,,
istak,,,seisund,,
Istanbul,koht,,,,
İstanbul,koht,,,,
istandik,koht,,,,
istandus,koht,,,,
iste,koht,,,,"ese_instru, tegevus"
isteasend,,,seisund,,
istekoht,koht,,,,kehaosa
istjad,,,,sündmus,
istjatsed,,,,sündmus,
Istria,koht,,,,
istumine,,,,sündmus,"kehaosa, tegevus"
istumisasend,,,seisund,,
istumisstreik,,,,sündmus,
istung,,,,sündmus,
istungisaal,koht,,,,
istungjärk,,aeg,,sündmus,
istutamisaeg,,aeg,,,
istutusaeg,,aeg,,,
istutusauk,koht,,,,
istutusvagu,koht,,,,
istutusvahe,koht,,,,
istutusvahemik,koht,,,,
isukaotus,,,seisund,,
isupuudus,,,seisund,,
isutus,,,seisund,,
Išim,koht,,,,
Izborsk,koht,,,,
Izmajil,koht,,,,
İzmir,koht,,,,
Iževsk,koht,,,,
Ižkar,koht,,,,
Ižora,koht,,,,
Itaalia,koht,,,,
Itaalia Ida-Aafrika,koht,,,,
Itaalia Somaalimaa,koht,,,,
Ithaka,koht,,,,
itsi täis,,,seisund,,
Itškeeria,koht,,,,
Ivangorod,koht,,,,
Ivano-Frankivsk,koht,,,,
Ivano-Frankovsk,koht,,,,
Ivanovo,koht,,,,
Ivanovo-Voznessensk,koht,,,,
Ivaski,koht,,,,
Ivaste,koht,,,,
j,koht,,,,"esitus, esitus_keel_täht"
Jaafo,koht,,,,
Jaagarahu,koht,,,,
jaagup,,aeg,,,
Jaagupi,koht,,,,
jaagupipäev,,aeg,,,
Jaahvo,koht,,,,
Jaakna,koht,,,,
jaam,koht,,,,"abstr/konkr, ese_instru"
Jaama,koht,,,,
jaamahoone,koht,,,,
Jaamaküla,koht,,,,
Jaamamõisa,koht,,,,
Jaamistõ,koht,,,,
jaan,,aeg,,,
jaanalinnufarm,koht,,,,
Jaani,koht,,,,
jaaniaeg,,aeg,,,
jaanik,,,,sündmus,
Jaanika,koht,,,,
Jaanikese,koht,,,,
Jaanikeste,koht,,,,
jaanikuu,,aeg,,,
jaanilaat,,,,sündmus,
jaanilaupäev,,aeg,,,
Jaanilinn,koht,,,,
jaanilõke,,,,sündmus,
Jaanimõisa,koht,,,,
Jaanimäe,koht,,,,
jaaninädal,,aeg,,,
Jaanipeebu,koht,,,,
jaanipäev,,aeg,,,
jaanireede,,aeg,,,
jaanituli,,,,sündmus,
Jaaniveski,koht,,,,
jaaniõhtu,,aeg,,,
jaaniöö,,aeg,,,
jaanuar,,aeg,,,
jaanuarikuu,,aeg,,,
Jaapan,koht,,,,
Jaapani aed,koht,,,,abstr/konkr
Jaapani hoovus,koht,,,,
Jaapani meri,koht,,,,
jaarmark,,,,sündmus,
Jaaska,koht,,,,
Jaastrova,koht,,,,
jaatamine,,,seisund,,nähtus_psühh
jaatus,,,seisund,,"esitus_keel, nähtus_psühh"
Jaava,koht,,,,
Jabara,koht,,,,
Jablonovõi ahelik,koht,,,,
jada,koht,,,,abstr/konkr
jaekaubandusvõrk,koht,,,,
jaekett,koht,,,,
jaemüügifirma,koht,,,,
jaemüüja,koht,,,,
jaevõrk,koht,,,,
Jaffa,koht,,,,
Jaffna,koht,,,,
jagu,koht,,seisund,,"abstr/konkr, ese_kunst, ese_semio, inimene, kogus"
jaguaeg,,aeg,,,
jahiaeg,,aeg,,,
jahiala,koht,,,,
jahihooaeg,,aeg,,,
jahikalender,,aeg,,,abstr/konkr
jahikeeluaeg,,aeg,,,
jahikeeluala,koht,,,,
jahikeelupiirkond,koht,,,,
jahilkäik,,,,sündmus,tegevus
jahiloss,koht,,,,
jahimaa,koht,,,,
jahimaja,koht,,,,
jahimajand,koht,,,,
jahionn,koht,,,,
jahirahu,,aeg,,,
jahirentnik,koht,,,,in_roll
jahiretk,,,,sündmus,tegevus
jahisadam,koht,,,,
jahiõnn,,,seisund,,
jahm,,,seisund,,nähtus_psühh
jahmatus,,,seisund,,nähtus_psühh
jahtklubi,koht,,,,
jahukaste,,,seisund,,toit
jahuveski,koht,,,,ese_instru
Jaipur,koht,,,,
Jakarta,koht,,,,
Jakobimõisa,koht,,,,
Jakutsk,koht,,,,
Jakuutia,koht,,,,
jalad ees,,,seisund,,
jalad on nagu vatist,,,seisund,,
jalakasurm,,,seisund,,
jalakäijate tunnel,koht,,,,
Jalalõpe,koht,,,,
jalam,koht,,,,
jalamatk,,,,sündmus,
jalamehepäev,,aeg,,,
Jalametsa,koht,,,,
jalapäev,,aeg,,,
jalaruum,koht,,,,
Jalase,koht,,,,
jalaseen,,,seisund,,
jalasirutus,,,seisund,,tegevus_tegu
jalateopäev,,aeg,,,
jalatsivabrik,koht,,,,
jalatäis,koht,,,,
jalg,koht,,seisund,,"esitus_mõõt, kehaosa, konkr"
jalgealune,koht,,seisund,,
jalgealune kõigub,,,seisund,,
jalge ees,,,seisund,,
jalgevahe,koht,,,,"ese_riie, kehaosa"
jalgots,koht,,,,
jalgpallihooaeg,,aeg,,,
jalgpalliklubi,koht,,,,inimene
jalgpallimuru,koht,,,,taim
jalgpallistaadion,koht,,,,
jalgpallitreening,,,,sündmus,tegevus
jalgrada,koht,,,,
jalgrattamatk,,,,sündmus,
jalgrattatee,koht,,,,
jalgrattatuur,,,,sündmus,
Jalgsema,koht,,,,
jalgsimatk,,,,sündmus,
jalgtee,koht,,,,
Jalta,koht,,,,
Jalukse,koht,,,,
Jaluse,koht,,,,
jalutus,,,seisund,,tegevus_tegu
jalutuspaik,koht,,,,
jalutusruum,koht,,,,
jama,,,seisund,,"nähtus_psühh, omadus_kval, tegevus_kõnetegu"
Jamaica,koht,,,,
Jamaika,koht,,,,
Jamal,koht,,,,
Jamali Neenetsimaa,koht,,,,
Jamburg,koht,,,,
Jamestown,koht,,,,
Jammu,koht,,,,
Jammu ja Kashmir,koht,,,,
Jana,koht,,,,
Jandova,koht,,,,
Jangtse,koht,,,,
Jan Mayen,koht,,,,
jant,,,,sündmus,"abstr/konkr, ese_kunst, tegevus, tegevus_tegu"
Jantra,koht,,,,
janu,,,seisund,,"esitus_mõõt, nähtus_loodus, nähtus_psühh"
janupalavik,,,seisund,,
janutunne,,,seisund,,nähtus_loodus
jaos,koht,,,,
jaoskond,koht,,,,
jaosmaa,koht,,,,
jaotumus,,,seisund,,
jaotus,,,seisund,,"abstr/konkr, tegevus"
jaotusalajaam,koht,,,,
jaotuspunkt,koht,,,,esitus
jaotusvõrguettevõtja,koht,,,,
jaotuvus,,,seisund,,
jaranga,koht,,,,
Jarkend,koht,,,,
Jaroslavl,koht,,,,
Jaska,koht,,,,
Jasnaja Poljana,koht,,,,
Jatsmani,koht,,,,
Jauni,koht,,,,
Jaunjelgava,koht,,,,
Jausa,koht,,,,
Jeedasküla,koht,,,,
Jeemen,koht,,,,
Jeeriko,koht,,,,
Jeeriku,koht,,,,
Jeju,koht,,,,
Jēkabpils,koht,,,,
Jekaterinburg,koht,,,,
Jekaterinodar,koht,,,,
Jekaterinoslav,koht,,,,
Jelets,koht,,,,
Jelgava,koht,,,,
Jelizavetgrad,koht,,,,
Jelõssavethrad,koht,,,,
Jena,koht,,,,
Jenakijeve,koht,,,,
Jenakijevo,koht,,,,
Jenissei,koht,,,,
Jerevan,koht,,,,
Jermakova,koht,,,,
Jersey,koht,,,,
Jeruusalemm,koht,,,,
Jeruusalemma sündroom,,,seisund,,
Jesil,koht,,,,
Jessentuki,koht,,,,
Ježovo-Tšerkessk,koht,,,,
Jeti,koht,,,,
Jevpatorija,koht,,,,
Jharkhand,koht,,,,
Jiangsu,koht,,,,
Jiangxi,koht,,,,
Jiddah,koht,,,,
Jilin,koht,,,,
Jinan,koht,,,,
Jisreeli org,koht,,,,
Jizzax,koht,,,,
JK,koht,,,,inimene
jm,koht,,,,"ADV_koht, konkr, omadus_kval"
Joa,koht,,,,
Joala,koht,,,,
Joandu,koht,,,,
Joaoru,koht,,,,
joastik,koht,,,,nähtus_loodus
Joaveski,koht,,,,
jobutus,,,seisund,,tegevus_kõnetegu
Joensuu,koht,,,,
Johannes,koht,,,,
Johannesburg,koht,,,,
jom kippur,,aeg,,,
jom kipur,,aeg,,,
Jonava,koht,,,,
jonksus,,,seisund,,ADV_seisund
joobereid,,,,sündmus,
joobeseisund,,,seisund,,
joobumus,,,seisund,,
joode,koht,,,,
joogatund,,,,sündmus,
joogijanu,,,seisund,,nähtus_loodus
joogikoht,koht,,,,
joogimaja,koht,,,,
joogipaik,koht,,,,
jooks,,,,sündmus,"ese_instru, tegevus, vald"
jooksja,,,seisund,,in_tegija
jooksu,,,seisund,,
jooksuaed,koht,,,,
jooksudistants,koht,,,,
jooksukoppel,koht,,,,
jooksukross,,,,sündmus,tegevus_tegu
jooksul,,aeg,,,
jooksus,,,seisund,,
jooksutreening,,,,sündmus,tegevus
jooksutrenn,,,,sündmus,tegevus
jooksuvõistlus,,,,sündmus,
jooksva,,,seisund,,
joom,,,,sündmus,"esitus_kujutis, tegevus, toit_jook"
jooma,,,,sündmus,"tegevus, VERB_abstr, VERB_tegevus, VERB_toituma"
joomaaeg,,,,sündmus,toit_jook
joomahoog,,aeg,,,tegevus
joomahullus,,,seisund,,
joomakoht,koht,,,,
joomaorgia,,,,sündmus,
joomapidu,,,,sündmus,
joomapunker,koht,,,,
joomapäev,,aeg,,,
joomasööst,,aeg,,,tegevus
joomatsükkel,,aeg,,,tegevus
joomatuur,,aeg,,,tegevus
joomatõbi,,,seisund,,
joomauim,,,seisund,,
joomaurgas,koht,,,,
jooming,,,,sündmus,
joone all,koht,,seisund,,
joone alla,koht,,seisund,,
joonevahe,koht,,,,
Joonia,koht,,,,
Joonia meri,koht,,,,
Joonia saared,koht,,,,
joonistusklass,koht,,,,
joonteräga,,,seisund,,
Joonuse,koht,,,,
Joosu,koht,,,,
Joosu-Suurküla,koht,,,,
joot,,,,sündmus,
jootekoht,koht,,,,
Jootme,koht,,,,
jootmiskoht,koht,,,,
joovastus,,,seisund,,
joove,,,seisund,,
Joppe,koht,,,,
Jordaania,koht,,,,
Jordan,koht,,,,
Jordani Läänekallas,koht,,,,
Joškar-Ola,koht,,,,
jotatsism,,,seisund,,
jrk,koht,,seisund,,abstr/konkr
jsk,koht,,,,
Juba,koht,,,,
jubedus,,,,sündmus,"nähtus_psühh, tegevus_tegu"
jubileum,,,,sündmus,
Judea,koht,,,,
juga,koht,,,,"materjal/aine, nähtus_psühh"
Jugo,koht,,,,
Jugorski Šar,koht,,,,
Jugoslaavia,koht,,,,
Jugra,koht,,,,
Jugra väin,koht,,,,
Jugu,koht,,,,
juhatus,koht,,,,"abstr/konkr, in_tegija, tegevus_tegu"
juhe on koos,,,seisund,,
juhikabiin,koht,,,,
Juhkentali,koht,,,,
juht,,,,sündmus,"abstr/konkr, ese_semio, in_elukutse, in_roll, in_tegija, materjal/aine"
juhtimiskeskus,koht,,,,
juhtimispunkt,koht,,,,
juhtmerägastik,koht,,,,konkr
juhtpositsioon,,,seisund,,
juhtum,,,,sündmus,
juhtumine,,,,sündmus,
juhtumus,,,,sündmus,
juhtunu,,,,sündmus,
julgeolek,koht,,seisund,,
julgeolekukomitee,koht,,,,
julgeolekuolukord,,,seisund,,
julgeolekuorgan,koht,,,,in_elukutse
julgeolekurisk,,,seisund,,nähtus_psühh
julgeolekuteenistus,koht,,,,
julgestuspolitsei,koht,,,,
julgestusteenistus,koht,,,,
jumala armust,,,seisund,,
jumalakoda,koht,,,,
jumalateenistus,,,,sündmus,tegevus
jumalatus,,,seisund,,
Juminda,koht,,,,
Juminda neem,koht,,,,
Juminda poolsaar,koht,,,,
Jungfrau,koht,,,,esitus_kujutis
jups,,,seisund,,nähtus_psühh
Juraski,koht,,,,
Jūrmala,koht,,,,
Jursi,koht,,,,
jurta,koht,,,,
justiitskolleegium,koht,,,,
justiitsministeerium,koht,,,,
Juzivka,koht,,,,
Juzovka,koht,,,,
Južno-Sahhalinsk,koht,,,,
jutt,,,seisund,,"ese_semio, esitus_keel_suhtlus, esitus_kujutis, nähtus_psühh, omadus_kval, tegevus_tegu"
jutuhoog,,,seisund,,
jutulepääs,,,,sündmus,
jutumärkides,,,seisund,,
jutuohjad,,,seisund,,
jututuba,koht,,,sündmus,ese_semio
jututuhin,,,seisund,,
juua täis,,,seisund,,
juubel,,aeg,,sündmus,
juubeliaasta,,aeg,,,
juubelikontsert,,,,sündmus,
juubelipidustus,,,,sündmus,
juubelisünnipäev,,,,sündmus,
juubelitähtpäev,,aeg,,,
Juuda,koht,,,,
Juuda ja Samaaria,koht,,,,
Juudamaa,koht,,,,
Juudi autonoomne oblast,koht,,,,
juudi juubel,,aeg,,sündmus,
juudijuubel,,aeg,,sündmus,
juudipogromm,,,,sündmus,
juudipood,koht,,,,
juudiriik,koht,,,,
juuditurg,koht,,,,
juuksed tõusevad püsti,,,seisund,,
juuksekadu,,,seisund,,nähtus_loodus
juuksekarvad tõusevad püsti,,,seisund,,
juuksekeeris,koht,,,,
juukselahk,koht,,,,esitus_kujutis
juukselõikla,koht,,,,
juuksepiire,koht,,,,esitus_kujutis
juuksetus,,,seisund,,
juukseväljalangus,,,seisund,,
juuksla,koht,,,,
juuksur,koht,,,,in_elukutse
juuksurisalong,koht,,,,
juuksuritöökoda,koht,,,,
juuksuriäri,koht,,,,
Juula,koht,,,,
juuli,,aeg,,,
Juuliku,koht,,,,
juulikuu,,aeg,,,
juuni,,aeg,,,
juunikuu,,aeg,,,
juuniküüditamine,,,,sündmus,
juunipööre,,,,sündmus,
Juura,koht,,,,
juura,,aeg,,,vald
juuraajastu,,aeg,,,
juurdeehitis,koht,,,,tegevus
juurdeehitus,koht,,,,tegevus
juurdepääsutee,koht,,,,
juurdeveoraudtee,koht,,,,
juurdeveotee,koht,,,,
juurdevoolukanal,koht,,,,
juurdlusorgan,koht,,,,
juurdumus,,,seisund,,
juuremurd,,,seisund,,
juuremädanik,,,seisund,,
juurepõletik,,,seisund,,
juuresolek,,,seisund,,
juurevähk,,,seisund,,
juurtetus,,,seisund,,
Juuru,koht,,,,
juurviljahoidla,koht,,,,
juurviljaputka,koht,,,,
Juusa,koht,,,,
juustukelder,koht,,,,
juustutehas,koht,,,,
juustutsehh,koht,,,,
juustuvabrik,koht,,,,
juveelikauplus,koht,,,,
jv,koht,,,,esitus
Jõe,koht,,,,
jõeharu,koht,,,,
jõehaud,koht,,,,
jõejoom,koht,,,,
jõekallas,koht,,,,
jõekoold,koht,,,,
jõekoole,koht,,,,
jõekäänak,koht,,,,
jõekäänd,koht,,,,
jõekäär,koht,,,,
Jõeküla,koht,,,,
jõelamm,koht,,,,
jõelooge,koht,,,,
jõeluht,koht,,,,
jõelähe,koht,,,,
Jõelähtme,koht,,,,
jõenire,koht,,,,
jõeorg,koht,,,,
Jõepere,koht,,,,
jõepimedus,,,seisund,,
jõesaar,koht,,,,
jõesadam,koht,,,,
jõesilmus,koht,,,,
jõestik,koht,,,,
Jõesuu,koht,,,,
jõesuu,koht,,,,
jõesuue,koht,,,,
jõesäng,koht,,,,
jõetagune,koht,,,,omadus_koht
Jõetaguse,koht,,,,
jõetee,koht,,,,
jõeterrass,koht,,,,
Jõeääre,koht,,,,
Jõgara,koht,,,,
Jõgehara,koht,,,,
Jõgeva,koht,,,,
Jõgevamaa,koht,,,,
Jõgeva maakond,koht,,,,
Jõgeveste,koht,,,,
jõgi,koht,,,,"esitus, inimene, objekt"
jõgikond,koht,,,,
Jõgisoo,koht,,,,
Jõgõperä,koht,,,,
Jõhvi,koht,,,,
jõhvikaraba,koht,,,,
jõhvikasoo,koht,,,,
Jõksi,koht,,,,
jõmakas,,,,sündmus,"inimene, konkr, nähtus_füüs, omadus_füüs"
jõuamet,koht,,,,
jõuametkond,koht,,,,
jõud,koht,,seisund,,"abstr/konkr, in_roll, nähtus_füüs, omadus_füüs, omadus_kval, omadus_psühh"
jõudeaeg,,aeg,,,
jõudeelu,,,seisund,,
jõudehetk,,aeg,,,
jõudekäik,,,seisund,,
jõudeolek,,aeg,,,
jõudepõlv,,,seisund,,
jõudetund,,aeg,,,
jõujaam,koht,,,,
jõukatsumine,,,,sündmus,tegevus_tegu
jõukese,koht,,,,
jõuks,koht,,,,
jõukus,,,seisund,,ese_raha
jõul,,aeg,,,ADV_viis
jõulinnak,koht,,,,ese_instru
jõuluaeg,,aeg,,,
jõulud,,aeg,,,
jõuluehe,,,seisund,,ese
jõulujumalateenistus,,,,sündmus,
jõulukuu,,aeg,,,esitus
jõululaat,koht,,,sündmus,
jõululaupäev,,aeg,,,
jõulunädal,,aeg,,,
jõulupidu,,,,sündmus,
jõulupuhkus,,aeg,,,
jõulupuu,,,,sündmus,"ese, ese_instru, taim_liik"
jõulupüha,,aeg,,,
jõulupühad,,aeg,,,
jõulurahu,,,seisund,,
Jõulusaar,koht,,,,
jõulusoov,,,seisund,,"ese_semio, tegevus_kõnetegu"
jõuluturg,koht,,,,
jõuluvaheaeg,,aeg,,,
jõuluõhtu,,aeg,,,
jõuluöö,,aeg,,,
jõuministeerium,koht,,,,
jõuproov,,,,sündmus,tegevus_tegu
jõusaal,koht,,,,
jõutreening,,,,sündmus,tegevus
jõutrenn,,,,sündmus,tegevus
jõuväli,,,seisund,,nähtus_psühh
Jõõpre,koht,,,,
Jädivere,koht,,,,
Jägala,koht,,,,
Jägala-Joa,koht,,,,
Jägala juga,koht,,,,
Jäine Mander,koht,,,,
Jäine Manner,koht,,,,
jäiteoht,,,seisund,,
Jälevere,koht,,,,
Jälgimäe,koht,,,,
jälitusluul,,,seisund,,
jäljenduskonkurss,,,,sündmus,
jäljendusvaadend,,,,sündmus,
jäljendusvõistlus,,,,sündmus,
jällenägemine,,,,sündmus,
Jämaja,koht,,,,
Jämejala,koht,,,,
jämesoolepõletik,,,seisund,,
jämm,,,,sündmus,
Jämsä,koht,,,,
Jämtland,koht,,,,
Jändja,koht,,,,
Jäneda,koht,,,,
jänese aasta,,aeg,,,
jäneseaasta,,aeg,,,
jänesekatk,,,seisund,,
jänesemokk,,,seisund,,
Jänistvere,koht,,,,
Jänkistan,koht,,,,
jänn,,,seisund,,
Järavere,koht,,,,
järele,,,seisund,,"abstr, ADV_aeg, ADV_koht, ADV_tulemus"
järeleaitamistund,,,,sündmus,
järeleksam,,,,sündmus,
järelemõtlikkus,,,seisund,,
järelevalveasutus,koht,,,,
järelevalveorgan,koht,,,,inimene
järelevalvetus,,,seisund,,
järelmaailm,koht,,,,
järelpidu,,,,sündmus,
järelpulm,,,,sündmus,
järelpäev,,aeg,,,
järelromantism,,aeg,,,abstr/konkr
järelvägi,koht,,,,
järg,koht,aeg,seisund,,"abstr/konkr, ese_instru"
järgi,,,seisund,,"abstr, ADV_aeg, ADV_seisund, ADV_tulemus"
järgselt,,aeg,,,abstr/konkr
Järise,koht,,,,
Järiste,koht,,,,
järjekord,koht,aeg,seisund,,"abstr/konkr, inimene, nähtus"
järjel,,,seisund,,
järjele,,,seisund,,
järje peal,,,seisund,,
järje peale,,,seisund,,
järjestus,,,seisund,,tegevus
järk,,,seisund,,abstr/konkr
Järlepa,koht,,,,
Järni,koht,,,,
järsak,koht,,,,
järsandik,koht,,,,
Järsi,koht,,,,
Järtsaare,koht,,,,
järv,koht,,,,esitus
Järva-Jaani,koht,,,,
Järvajõe,koht,,,,
Järvakandi,koht,,,,
Järvaküla,koht,,,,
Järvamaa,koht,,,,
Järva maakond,koht,,,,
Järva-Madise,koht,,,,
Järve,koht,,,,
järvekael,koht,,,,
järvekallas,koht,,,,
Järveküla,koht,,,,
Järvekülä,koht,,,,
järvemaastik,koht,,,,
Järvenpää,koht,,,,
järvenõgu,koht,,,,
Järvepalu,koht,,,,
järvepeegel,koht,,,,
Järvepää,koht,,,,
Järvere,koht,,,,
järvesaar,koht,,,,
järveselg,koht,,,,
järvesilm,koht,,,,
järvestik,koht,,,,objekt_loodus
järvetagune,koht,,,,omadus_koht
järveterrass,koht,,,,
järvik,koht,,,,
järvistu,koht,,,,objekt_loodus
Järvselja,koht,,,,
jätab soovida,,,seisund,,omadus_kval
jätk,koht,,,,"abstr/konkr, ese"
jätke,koht,,,,
jätkliide,koht,,,,ese_instru
jätkseotis,koht,,,,ese_instru
jätkukoht,koht,,,,
jätkumine,,,seisund,,
jätkupidu,,,,sündmus,
jätkusõda,,,,sündmus,
jääaeg,,aeg,,,
jääaegne,,aeg,,,
jääauk,koht,,,,
jäähall,koht,,,,
jääkelder,koht,,,,
jääkmagneetumus,,,seisund,,
jääkmagnetism,,,seisund,,
jääknäht,,,seisund,,nähtus
jääksoo,koht,,,,
jääkõrb,koht,,,,
jäälaam,koht,,,,
jäälase,koht,,,,
jääliustik,koht,,,,nähtus_loodus
Jäämeri,koht,,,,
jäämurd,koht,,,,
jäämurdja,koht,,,,ese_instru
jäänukjärv,koht,,,,
jäänukkõrgendik,koht,,,,
jäänuksaar,koht,,,,
jääpaisjärv,koht,,,,
jääpeegel,koht,,,,
jääpiir,koht,,,,
jääpuder,,,seisund,,materjal/aine
Jäär,koht,,,,"esitus_kujutis, in_omadus, objekt_loodus_tähtkuju"
jäärada,koht,,,,
jäärajasõit,,,,sündmus,tegevus
jäärak,koht,,,,
jäärenn,koht,,,,ese_instru
Jäärja,koht,,,,
jääsein,koht,,,,nähtus_psühh
Jääski,koht,,,,
jääsulp,koht,,,,
jääsupp,koht,,,,
jäätee,koht,,,,toit_jook
jäätisekiosk,koht,,,,
jäätkaevandus,koht,,,,
jäätmaa,koht,,,,
jäätmehoidla,koht,,,,
jäätmejaam,koht,,,,
jäätmekäitlusettevõte,koht,,,,
jäätmemaja,koht,,,,
jäätmepõletusjaam,koht,,,,
jäätmepõletustehas,koht,,,,
jäätrass,koht,,,,
jäävaheaeg,,aeg,,,
jäävangi,,,seisund,,
jäävangis,,,seisund,,
jäävangist,,,seisund,,
jääväljak,koht,,,,
Jönköping,koht,,,,
Jüri,koht,,,,
jüri,,aeg,,,
jürikuu,,aeg,,,esitus
Jürimõisa,koht,,,,
jüripäev,,aeg,,sündmus,
jüriöö,,aeg,,,
jüüt,koht,,,,in_rahvas
Jüütimaa,koht,,,,
Jüüti poolsaar,koht,,,,
Jyväskylä,koht,,,,
K,,aeg,,,"esitus, esitus_keel_täht, esitus_mõõt, materjal/aine"
k,koht,aeg,,,"abstr/konkr, esitus, esitus_keel, esitus_keel_täht, esitus_mõõt, esitus_tähis"
Kaaba,koht,,,,
kaablisoon,koht,,,,ese_instru
kaablitehas,koht,,,,
kaadriarmee,koht,,,,in_roll
kaadriosakond,koht,,,,
Kaagjärv,koht,,,,
Kaagjärve,koht,,,,
Kaagna,koht,,,,
Kaagu,koht,,,,
Kaagvere,koht,,,,
Kaalepi,koht,,,,
Kaali,koht,,,,
Kaali järv,koht,,,,
kaalikapeenar,koht,,,,
kaalikas,koht,,,,"taim, toit_vili"
Kaali-Liiva,koht,,,,
kaaliumipuudus,,,seisund,,
kaaliumivaegus,,,seisund,,
Kaalud,koht,,,,"esitus_kujutis, in_omadus, objekt_loodus_tähtkuju"
kaalukeeleosariik,koht,,,,
kaalukoda,koht,,,,
kaalumaja,koht,,,,
kaaluta olek,,,seisund,,
kaalutus,,,seisund,,
Kaama,koht,,,,
kaamos,,aeg,,,
Kaanan,koht,,,,
Kaananimaa,koht,,,,
Kaansoo,koht,,,,
kaante vahel,,,seisund,,
kaante vahele,,,seisund,,
kaar,koht,,,,"ese_instru, esitus_kujutis"
kaaraken,koht,,,,
Kaaratautsa,koht,,,,
kaardikamber,koht,,,,
kaardimajake,koht,,,,"ese, nähtus"
kaardimajakene,koht,,,,"ese, nähtus"
kaardipõrgu,koht,,,,
kaardivägi,koht,,,,"esitus_tiitel, in_omadus, in_roll"
kaardiõnn,,,seisund,,
kaardumus,,,seisund,,
Kaare,koht,,,,
Kaarepere,koht,,,,
kaarfriis,koht,,,,
kaarhall,koht,,,,
Kaaria,koht,,,,
kaaries,,,seisund,,
Kaarina,koht,,,,
kaaristu,koht,,,,
kaarkäik,koht,,,,
Kaarli,koht,,,,
Kaarlijärve,koht,,,,
Kaarlimõisa,koht,,,,
kaarluide,koht,,,,
Kaarma,koht,,,,
Kaarma-Jõe,koht,,,,
Kaarma-Kirikuküla,koht,,,,
Kaarma-Kungla,koht,,,,
Kaarmise,koht,,,,
kaarrada,koht,,,,
kaarsaarestik,koht,,,,
kaarsild,koht,,,,
kaarsillus,koht,,,,
Kaaru,koht,,,,
Kaaruka,koht,,,,
kaarvõlv,koht,,,,
kaarvärav,koht,,,,
kaasaeg,,aeg,,,
Kaasan,koht,,,,
kaasasolek,,,seisund,,
kaasautorlus,,,seisund,,
kaasautorsus,,,seisund,,
kaasik,koht,,,,"in_roll, taim"
Kaasikaia,koht,,,,
Kaasiksaare,koht,,,,
Kaasiku,koht,,,,
Kaasikvälja,koht,,,,
kaaslus,,,seisund,,
kaassõltuvus,,,seisund,,
kaassüü,,,seisund,,
kaasteadmine,,,seisund,,
kaastundeväsimus,,,seisund,,
kaasus,,,,sündmus,esitus_keel
kaasuv haigus,,,seisund,,
kaasvaldus,,,seisund,,
kaasvastutus,,,seisund,,abstr
kaasüüriline,koht,,,,in_roll
kaasüürnik,koht,,,,in_roll
kaater,,,seisund,,"ese_instru, nähtus_psühh"
Kaatermu,koht,,,,
Kaatsi,koht,,,,
Kaatsova,koht,,,,
Kaave,koht,,,,
Kaavere,koht,,,,
Kaavi,koht,,,,
kab,koht,,,,esitus
kabak,koht,,,,
Kabala,koht,,,,
Kabardi,koht,,,,
Kabardi-Balkaaria,koht,,,,
kabaree,koht,,,,
kabaree-etendus,,,,sündmus,
kabel,koht,,,,ese_instru
Kabeli,koht,,,,
kabeliaed,koht,,,,
Kabelimetsa,koht,,,,
kabelimägi,koht,,,,
Kaberla,koht,,,,
Kaberneeme,koht,,,,
kabevõistlus,,,,sündmus,
kabiin,koht,,,,
Kabila,koht,,,,
Kabina,koht,,,,
kabinet,koht,,,,"esitus, inimene, in_roll"
kabinetiistung,,,,sündmus,
kabinetinõupidamine,,,,sündmus,
kabinetivahetus,,,,sündmus,
kabinetivaikus,,,seisund,,
kabjahaigus,,,seisund,,
Kablaküla,koht,,,,
Kabli,koht,,,,
Kablima,koht,,,,
Kabrametsa,koht,,,,
Kabriste,koht,,,,
Kabul,koht,,,,
Kabuna,koht,,,,
Kadaja,koht,,,,
Kadaka,koht,,,,
Kadakalaid,koht,,,,
kadakanõmm,koht,,,,
kadakaväli,koht,,,,
kadalipp,,,,sündmus,tegevus_tegu
Kadapiku,koht,,,,
kadarik,koht,,,,
Kadarpiku,koht,,,,
kadastik,koht,,,,
Kaderna,koht,,,,
kadetikasiino,koht,,,,
kadetikorpus,koht,,,,
Kadijevka,koht,,,,
Kadijivka,koht,,,,
Kadiküla,koht,,,,
Kadila,koht,,,,
kadiš,,,,sündmus,
Kadja,koht,,,,
Kadjaste,koht,,,,
kadri,,aeg,,,in_roll
kadrilaupäev,,aeg,,,
Kadrina,koht,,,,
Kadriorg,koht,,,,in_elukutse
Kadrioru loss,koht,,,,
Kadrioru park,koht,,,,
kadripäev,,aeg,,,
kadriõhtu,,aeg,,sündmus,
kaduneljapäev,,aeg,,,
kaduvik,,aeg,,,
Kadõni,koht,,,,
kae,,,seisund,,esitus_keel_suhtlus
kaebus,,,seisund,,tegevus_kõnetegu
kael,,,seisund,,"ADV_koht, kehaosa, konkr"
kaelakohus,koht,,,,
Kaelase,koht,,,,
kaenal,koht,,,,taim
kaenlaalune,koht,,,,"kehaosa, omadus_koht"
kaenlas,,,seisund,,ADV_seisund
kaer,koht,,,,"taim, toit_vili"
Kaera,koht,,,,
kaerapõld,koht,,,,
Kaerepere,koht,,,,
Kaesŏng,koht,,,,
kaetis,,,seisund,,
kaev,koht,,,,
Kaeva,koht,,,,
kaevamised,,,,sündmus,tegevus
kaevand,koht,,,,
kaevandus,koht,,,,ese_instru
kaevanduskäik,koht,,,,
kaevanduslinn,koht,,,,
kaevandusplahvatus,,,,sündmus,nähtus_füüs
kaevandusväli,koht,,,,
Kaevatsi laid,koht,,,,
kaeve,koht,,,,tegevus_kõnetegu
Kaevere,koht,,,,
kaeveõõs,koht,,,,
kaevik,koht,,,,
kaevikrada,koht,,,,
kaevikuliin,koht,,,,
kaevikusõda,,,seisund,,tegevus
kaevis,koht,,,,materjal/aine
kaevuase,koht,,,,
kaevurake,koht,,,,
kaevusalv,koht,,,,
kaevushaud,koht,,,,
Kaevussaare,koht,,,,
kaganaat,koht,,,,
Kagarinna,koht,,,,
Kagavere,koht,,,,
kagu,koht,,,,esitus
Kagu-Aasia,koht,,,,
Kagu-Eesti,koht,,,,
kagukaar,koht,,,,
kagunurk,koht,,,,
kagupiir,koht,,,,
Kaguvere,koht,,,,
KAH-ala,koht,,,,
Kahala,koht,,,,
kaheinimesetuba,koht,,,,
kahe jalaga maa peal,,,seisund,,
Kahejõemaa,koht,,,,
kahe kivi vahel,,,seisund,,
kaheksa,,aeg,,,"esitus_arv, esitus_kujutis, konkr, omadus_kval"
kaheksakümnendad,,aeg,,,
kaheksateist,,aeg,,,"esitus_arv, omadus"
kahekõne,,,,sündmus,tegevus
kahekümnendad,,aeg,,,
kahelinägemine,,,seisund,,
kahepereelamu,koht,,,,
kahepoolsus,,,seisund,,
kahesuvine,,aeg,,,
kahe tooli vahel,,,seisund,,
kahetsuspisar,,,seisund,,
kahe tule vahel,,,seisund,,
kahe veskikivi vahel,,,seisund,,
kahevõitlus,,,,sündmus,tegevus
kahheksia,,,seisund,,
kahhelsein,koht,,,,
Kahhethi,koht,,,,
Kahhovka,koht,,,,
kahi,,,,sündmus,"materjal/aine, nähtus, toit_jook"
kahing,,,seisund,,"tegevus, tegevus_mäng"
kahjustus,,,seisund,,
kahjutuli,,,,sündmus,
kahjutus,,,seisund,,omadus_füüs
Kahkva,koht,,,,
Kahrila-Mustahamba,koht,,,,
Kahro,koht,,,,
Kahru,koht,,,,
Kahtla,koht,,,,
Kahula,koht,,,,
kahune,,,seisund,,omadus_kval
kahurvägi,koht,,,,"abstr/konkr, in_omadus, in_tegija"
kahus,,,seisund,,omadus_kval
Kahutsi,koht,,,,
kahvatustõbi,,,seisund,,
kahvatu vari,,,seisund,,
kahvel,,,seisund,,"abstr, ese_instru"
kahvlis,,,seisund,,
kai,koht,,,,
Kaiavere,koht,,,,
Kaidma,koht,,,,
kaif,,,seisund,,
Kaigepere,koht,,,,
Kaigutsi,koht,,,,
Kaika,koht,,,,
Kailuka,koht,,,,
kaim,koht,,,,"esitus_keel_suhtlus, in_omadus, in_roll, in_sugulane"
Kaimanisaared,koht,,,,
Kaimi,koht,,,,
Kaimri,koht,,,,
kainer,koht,,,,
kainestus,,,seisund,,
kainestuskamber,koht,,,,
kainestusmaja,koht,,,,
kainosoikum,,aeg,,,
kainus,,,seisund,,nähtus_psühh
Kainuu,koht,,,,
Kairo,koht,,,,
Kairouan,koht,,,,
Kaisa,koht,,,,
Kaisarea,koht,,,,
Kaisma,koht,,,,
kaiss,,,seisund,,
kaisus,,,seisund,,ADV_seisund
kaisust,,,seisund,,
kaisutus,,,seisund,,tegevus_tegu
Kaisvere,koht,,,,
kaitse,,,seisund,,"abstr, abstr/konkr, ese_instru, in_roll, tegevus, tegevus_mäng"
kaitseala,koht,,,,
kaitseehitis,koht,,,,
kaitseistandik,koht,,,,
kaitsejoon,koht,,,,
kaitsejõud,koht,,,,in_roll
kaitsekraav,koht,,,,
kaitsekäik,koht,,,,tegevus_mäng
kaitselahing,,,,sündmus,tegevus_tegu
kaitseliin,koht,,,,in_roll
Kaitseliit,koht,,,,
kaitselõik,koht,,,,
kaitsemets,koht,,,,taim
kaitseministeerium,koht,,,,
Kaitsemõisa,koht,,,,
kaitsemüür,koht,,,,"abstr, inimene"
kaitsepidurdus,,,seisund,,
kaitsepiirkond,koht,,,,
kaitsepolitsei,koht,,,,
kaitsepositsioon,koht,,,,abstr/konkr
kaitserajatis,koht,,,,
kaitseringkond,koht,,,,
kaitserõuged,koht,,,,tegevus
kaitseseisukord,,,seisund,,
kaitseseisund,,,seisund,,
kaitsesõda,,,,sündmus,
kaitsetamm,koht,,,,
kaitsetekk,koht,,,,
kaitsetorn,koht,,,,
kaitsetsoon,koht,,,,
kaitsetus,,,seisund,,
kaitsevall,koht,,,,abstr/konkr
kaitseväeteenistus,,,seisund,,tegevus
kaitsevägi,koht,,,,inimene
kaitsevöönd,koht,,,,
kaitsmatus,,,seisund,,
kaitstus,,,seisund,,
Kaiu,koht,,,,
Kajaani,koht,,,,
kajakimatk,,,,sündmus,
kajakõne,,,seisund,,tegevus_kõnetegu
Kajama,koht,,,,
Kajamaa,koht,,,,
kajut,koht,,,,
kakastroof,,,,sündmus,
kakelung,,,,sündmus,tegevus_tegu
kaklus,,,,sündmus,tegevus_tegu
kaks,,aeg,,,"esitus_arv, konkr, omadus_kval"
kaksikabielu,,,seisund,,
kaksikalluvus,,,seisund,,
kaksikdiagnoos,,,seisund,,
kaksikelamu,koht,,,,
kaksikelu,,,seisund,,
kaksiklinn,koht,,,,
kaksikmaja,koht,,,,
kaksikmõrv,,,,sündmus,tegevus_tegu
kaksikrasedus,,,seisund,,
kaksiktorn,koht,,,,
kaksiktornid,koht,,,,
Kaksikud,koht,,,,"esitus_kujutis, in_omadus, objekt_loodus"
kaksikvõit,,,,sündmus,
kaksindus,,,seisund,,
kaks kärbest ühe hoobiga,,,seisund,,omadus_kval
kaks kätt risti rinna peal,,,seisund,,
kaksteist,,aeg,,,"esitus_arv, omadus"
kaksteistsõrmikuhaavand,,,seisund,,
kaks ühes,,,seisund,,omadus_kval
Kaku,koht,,,,
Kakumetsa,koht,,,,
Kakumäe,koht,,,,
Kakumäe poolsaar,koht,,,,
Kakumägi,koht,,,,
Kakuna,koht,,,,
Kakusuu,koht,,,,
Kakuvälja,koht,,,,
Kalaabria,koht,,,,
Kalad,koht,,,,"esitus_kujutis, in_omadus, objekt_loodus_tähtkuju"
kalahaigus,,,seisund,,
Kalahari,koht,,,,
kalahaudemaja,koht,,,,
kalajõgi,koht,,,,
kalajärv,koht,,,,
kalakasvandus,koht,,,,
kalakasvatustiik,koht,,,,
kalakoht,koht,,,,
kalakombinaat,koht,,,,
kalakäik,koht,,,,
Kalamaja,koht,,,,
kalamajand,koht,,,,
kalamürgistus,,,seisund,,
kalamürgitus,,,seisund,,
Kalana,koht,,,,
kalanahksus,,,seisund,,
kalapilk,,,seisund,,
kalapunkt,koht,,,,
kalapääs,koht,,,,
kalapüügihooaeg,,aeg,,,
kalapüügivõistlus,,,,sündmus,
Kalarand,koht,,,,
kalaresto,koht,,,,
kalarestoran,koht,,,,
kalasadam,koht,,,,
kalasoomustõbi,,,seisund,,
Kalastaja poolsaar,koht,,,,
kalastushooaeg,,aeg,,,
kalatiik,koht,,,,
Kalatsova,koht,,,,
kalatööstus,koht,,,,tegevus
kalavastuvõtupunkt,koht,,,,
kalavesi,koht,,,,
kalaõnn,,,seisund,,
Kalbu,koht,,,,
Kalbuse,koht,,,,
Kalda,koht,,,,
kaldaala,koht,,,,
kaldaalune,koht,,,,omadus_koht
kaldajärsak,koht,,,,
kaldakindlustis,koht,,,,
kaldamärk,koht,,,,
kaldanõlv,koht,,,,
kaldapealne,koht,,,,omadus_koht
kaldaperv,koht,,,,
kaldariba,koht,,,,
kaldasend,,,seisund,,
kaldatamm,koht,,,,
kaldatänav,koht,,,,
kaldavall,koht,,,,
kaldaäär,koht,,,,
kaldaäärne,koht,,,,omadus_koht
Kaldea,koht,,,,
Kaldemäe,koht,,,,
kaldkaeveõõs,koht,,,,
kaldkatus,koht,,,,
kaldkiulisus,,,seisund,,
kaldkurv,koht,,,,
kaldkäik,koht,,,,
kaldpind,koht,,,,
kaldpuurauk,koht,,,,
kalduolek,,,seisund,,
kalenda,,aeg,,,
kalender,,aeg,,,"abstr/konkr, ese_semio, esitus_info"
kalendid,,aeg,,,
kalendriaasta,,aeg,,,
kalendrikuu,,aeg,,,
kalendripäev,,aeg,,,
kalendritähtpäev,,aeg,,,
Kalesi,koht,,,,
Kaleste,koht,,,,
Kalevala,koht,,,,
Kalevi,koht,,,,
kalevi all,,,seisund,,
kalevi alla,,,seisund,,
Kalevi-Liiva,koht,,,,
kalevimanufaktuur,koht,,,,
kalevivabrik,koht,,,,
Kalgi,koht,,,,
kalifaat,koht,,,,
Kalifornia,koht,,,,
Kalifornia poolsaar,koht,,,,
kaliiber,,,seisund,,"ese_instru, esitus_mõõt"
kaliifiriik,koht,,,,
Kaliküla,koht,,,,
Kalimantan,koht,,,,
Kalina,koht,,,,
Kalinin,koht,,,,
Kaliningrad,koht,,,,
Kalita,koht,,,,
Kalitsa,koht,,,,
Kalju,koht,,,,
kaljuastang,koht,,,,
kaljuhaud,koht,,,,
kaljujärsak,koht,,,,
Kaljukits,koht,,,,"esitus_kujutis, in_omadus, objekt_loodus_tähtkuju"
Kaljukitse pöörijoon,koht,,,,
kaljukõrb,koht,,,,
kaljulõhe,koht,,,,
Kaljumäestik,koht,,,,
kaljumäestik,koht,,,,
kaljuorg,koht,,,,
kaljupragu,koht,,,,
kaljurahn,koht,,,,objekt_loodus
kaljurannik,koht,,,,
kaljuränk,koht,,,,objekt_loodus
kaljurüngas,koht,,,,objekt_loodus
kaljusaar,koht,,,,
kaljusein,koht,,,,
kaljutempel,koht,,,,
kaljuõõnsus,koht,,,,
Kalkuta,koht,,,,
kalkvel,,,seisund,,ADV_seisund
kalkvele,,,seisund,,ADV_seisund
kallak,koht,,seisund,,"abstr_asend/suund, omadus, omadus_füüs, omadus_kval"
kallakus,,,seisund,,omadus_füüs
kallaletung,,,,sündmus,tegevus
kallaletungimine,,,,sündmus,tegevus
kallaletungisõda,,,,sündmus,
kallas,koht,,,,
kallasrada,koht,,,,
Kallaste,koht,,,,
Kallavere,koht,,,,
kalle,,,seisund,,"abstr_asend/suund, abstr/konkr_omadus, esitus_mõõt"
Kallemäe,koht,,,,
Kalli,koht,,,,
Kalli järv,koht,,,,
Kalliküla,koht,,,,
Kallivere,koht,,,,
Kallukse,koht,,,,
kalm,koht,,,,
Kalma,koht,,,,
Kalmaküla,koht,,,,
Kalmar,koht,,,,
Kalmaru,koht,,,,
Kalme,koht,,,,
kalme,koht,,,,
kalmerühm,koht,,,,
Kalmetu,koht,,,,
kalmeväli,koht,,,,
kalmistu,koht,,,,
kalmistupäev,,aeg,,,
kalmistupüha,,,,sündmus,
Kalmu,koht,,,,
kalmuaed,koht,,,,
kalmuküngas,koht,,,,
kalmumägi,koht,,,,
Kalmõki,koht,,,,
Kalmõkkia,koht,,,,
Kaloga,koht,,,,
kaltsifikatsioon,,,seisund,,
kaltsiumipuudus,,,seisund,,
kaltsiumivaegus,,,seisund,,
Kaluga,koht,,,,
Kaluka,koht,,,,
kalurionn,koht,,,,
Kaluuga,koht,,,,
Kalvarija,koht,,,,
Kalvi,koht,,,,
Kalvre,koht,,,,
Kama,koht,,,,
Kamali,koht,,,,
Kamara,koht,,,,
Kamari,koht,,,,
Kamariku,koht,,,,
Kamarna,koht,,,,
kambas,,,seisund,,ADV_seisund
kamber,koht,,,,kehaosa_loom
kambervangla,koht,,,,
Kambja,koht,,,,
Kambodža,koht,,,,
kambrik,koht,,,,
kambrium,,aeg,,,
kambüüs,koht,,,,
Kamenets-Podolski,koht,,,,
Kamennogorsk,koht,,,,
Kamenskoje,koht,,,,
Kamensk-Šahtinski,koht,,,,
Kamensk-Uralski,koht,,,,
Kamerun,koht,,,,
kaminasaal,koht,,,,
kaminatuba,koht,,,,
kaminaõhtu,,,,sündmus,
Kamjanets-Podilskõi,koht,,,,
Kamjanske,koht,,,,
kamm,,,seisund,,"ese_instru, nähtus_psühh"
Kammeri,koht,,,,
kammerkontsert,,,,sündmus,
kammersaal,koht,,,,
kammerteater,koht,,,,
kammitsetus,,,seisund,,
kammivabrik,koht,,,,
kamm turjas,,,seisund,,
Kamnitsa,koht,,,,
kamorka,koht,,,,
Kampaania,koht,,,,
Kampala,koht,,,,
kampaniil,koht,,,,
kampas,,,seisund,,ADV_seisund
kampo,koht,,,,
Kampuchea,koht,,,,
kampus,koht,,,,
Kamtšatka,koht,,,,
Kamtšatka krai,koht,,,,
Kamtšatka poolsaar,koht,,,,
kamuflett,koht,,,sündmus,
Kamõšin,koht,,,,
kanaaed,koht,,,,
Kanaarid,koht,,,,
Kanaari saared,koht,,,,
Kanada,koht,,,,
kanafarm,koht,,,,
kanaihu,,,seisund,,abstr/konkr
kanakuur,koht,,,,
kanakuut,koht,,,,
Kanaküla,koht,,,,
kanal,koht,,,,"abstr/konkr, ese_semio"
kanala,koht,,,,
Kanalisaared,koht,,,,
kanalisatsioonikaev,koht,,,,ese_instru
Kanama,koht,,,,
Kanamardi,koht,,,,
kananahk,,,seisund,,
Kanapeeksi,koht,,,,
kanapimedus,,,seisund,,nähtus_psühh
kanapimesus,,,seisund,,
kanarbik,koht,,,,taim
kanarbikumännik,koht,,,,
kanarbikunõmm,koht,,,,
kanarbikuraba,koht,,,,
Kanariku,koht,,,,
kanarind,,,seisund,,toit
Kanassaare,koht,,,,
Kanavere,koht,,,,
Kandalakša,koht,,,,
kandeaeg,,aeg,,,
kandeiga,,aeg,,,
kandepind,koht,,,,"abstr/konkr, ese_instru"
kandesein,koht,,,,ese_instru
kandevõrk,koht,,,,"abstr/konkr, ese_instru"
kandidaadiaeg,,aeg,,,
kandidaatriik,koht,,,,
kandidoos,,,seisund,,
kandikoht,koht,,,,
Kandiküla,koht,,,,
Kandla,koht,,,,
Kandle,koht,,,,
kandmine,,,seisund,,tegevus
kandpöid,,,seisund,,
Kandsi järv,koht,,,,
Kanepi,koht,,,,
kanepijoove,,,seisund,,
kanepikasvandus,koht,,,,
kanepine,,,seisund,,omadus
Kangasala,koht,,,,
kangasuu,koht,,,,
kangavahelik,koht,,,,
Kangavitsa,koht,,,,
kangelaskalm,koht,,,,
kangelaskalmistu,koht,,,,
kangelaslinn,koht,,,,
kangestus,,,seisund,,
kangestuskramptõbi,,,seisund,,
kangi all,koht,,,,
kangi alla,koht,,,,
kangi alt,koht,,,,
kangialune,koht,,,,omadus_koht
Kangru,koht,,,,
Kangrussaare,koht,,,,
Kangrusselja,koht,,,,
Kangsti,koht,,,,
kangur,koht,,,,in_elukutse
Kanguristi,koht,,,,
kangurkalme,koht,,,,
kangustõbi,,,seisund,,
Kanin,koht,,,,
Kanissaare,koht,,,,
kanjon,koht,,,,
kankroid,,,seisund,,
kannalõhe,koht,,,,
kannapööre,,,,sündmus,
kannas,koht,,,,
Kannastiku,koht,,,,
kannatus,,,seisund,,omadus_psühh
kannatusnädal,,aeg,,,
kannatustee,koht,,,sündmus,
kannistik,koht,,,,taim
Kannu,koht,,,,
Kannuküla,koht,,,,
Kanpur,koht,,,,
Kansas,koht,,,,
Kansas City,koht,,,,
kant,koht,,,,"abstr, ese_riie, esitus_mõõt, inimene"
Kantaabria,koht,,,,
Kanta-Häme,koht,,,,
kantiin,koht,,,,
Kantküla,koht,,,,
Kanton,koht,,,,
kanton,koht,,,,
Kantreküla,koht,,,,
kants,koht,,,,nähtus_psühh
kantselei,koht,,,,
Kantsi,koht,,,,
kanutipäev,,aeg,,,
kanuumatk,,,,sündmus,
kaos,,,seisund,,in_müt
kaotsiminek,,,,sündmus,nähtus
kaotsis,,,seisund,,
kaotus,,,,sündmus,"ese, in_roll, tegevus_tegu"
kaotusseis,,,seisund,,
Kapadookia,koht,,,,
Kapa-Kohila,koht,,,,
kapakohila,koht,,,,
kapatsism,,,seisund,,
kapell,koht,,,,"in_elukutse, in_tegija"
Kapera,koht,,,,
Kapernaum,koht,,,,
Kapi,koht,,,,
kapiitlisaal,koht,,,,
kapillaar,koht,,,,kehaosa
Kapimaa,koht,,,,
kapitaalsein,koht,,,,ese_instru
kapitagune,koht,,,,omadus_koht
kapitalimaailm,koht,,,,
kapitalism,,,seisund,,abstr/konkr
kapitalismus,,,seisund,,abstr/konkr
Kapitoolium,koht,,,,
Kapitooliumi küngas,koht,,,,
Kaplinn,koht,,,,
kapo,koht,,,,in_elukutse
kaponiir,koht,,,,
Kapra,koht,,,,
kapsaaed,koht,,,,
kapsahaigus,,,seisund,,
kapsamaa,koht,,,,
kapsanuuter,,,seisund,,
kapsapeenar,koht,,,,
kapsas,koht,,,,"konkr_omadus, taim, toit"
kapselhotell,koht,,,,
Kapsta,koht,,,,
kaptenisild,koht,,,,
Kapu,koht,,,,
kapustnik,,,,sündmus,
kaputt,,,seisund,,
Karabahh,koht,,,,
Kara-Bogaz-Goli laht,koht,,,,
Karachi,koht,,,,
Karagandõ,koht,,,,
Karakalpakistan,koht,,,,
Karakalpakkia,koht,,,,
Karakol,koht,,,,
Karakoram,koht,,,,
Karakorum,koht,,,,
Karakum,koht,,,,
Karala,koht,,,,
Kara meri,koht,,,,
Karamsina,koht,,,,
karandlagi,koht,,,,
karantiin,koht,,seisund,,
karantiiniaeg,,aeg,,,
karaokebaar,koht,,,,
karap,,,,sündmus,
Karaski,koht,,,,
karastatus,,,seisund,,
karastumus,,,seisund,,
karastus,,,seisund,,nähtus
Karatau,koht,,,,
Karatšai,koht,,,,
Karatšai-Tšerkessia,koht,,,,
Karavangid,koht,,,,
karavanipark,koht,,,,
karavanitee,koht,,,,
karavanpark,koht,,,,
karavanserai,koht,,,,
Kara Värav,koht,,,,
Karba,koht,,,,
Karbalā’,koht,,,,
karbon,,aeg,,,materjal/aine
karbunkul,,,seisund,,
kardia,koht,,,,kehaosa
kardiaalastma,,,seisund,,
kardinapilu,koht,,,,
kardiomüopaatia,,,seisund,,
kardioskleroos,,,seisund,,
kardiospasm,,,seisund,,
kardiovaskulaarhaigus,,,seisund,,
kardirada,koht,,,,
kardivõistlus,,,,sündmus,
kardivõistlused,,,,sündmus,
Kardla,koht,,,,
kare,koht,,,,"omadus_füüs, omadus_kval"
Kareda,koht,,,,
Kareni,koht,,,,
Karepa,koht,,,,
karg,,,seisund,,
Kargaja,koht,,,,
Kargi,koht,,,,
kargu,,,seisund,,
kargus,,,seisund,,"omadus_füüs, omadus_kval, tegevus_tegu"
Karhumäki,koht,,,,
kari,koht,,,,"abstr, abstr/konkr, grupp, inimene, kogus, loom, tegevus, tegevus_tegu"
Karida,koht,,,,
Kariibid,koht,,,,
Kariibi maad,koht,,,,
Kariibi Madalmaad,koht,,,,
Kariibi meri,koht,,,,
Kariibi piirkond,koht,,,,
Karijärv,koht,,,,
Karijärve,koht,,,,
karikafinaal,,,,sündmus,
karikamäng,,,,sündmus,tegevus_tegu
karikasari,,,,sündmus,
karikaturniir,,,,sündmus,
karikatuurivõistlus,,,,sündmus,
karikavõistlused,,,,sündmus,
karikavõit,,,,sündmus,
karikkapiteel,koht,,,,
Karilatsi,koht,,,,
Karilepa,koht,,,,
Karinu,koht,,,,
Karinõmme,koht,,,,
Karisilla,koht,,,,
karistamatus,,,seisund,,
karistatus,,,seisund,,
Kariste,koht,,,,
karistusaeg,,aeg,,,
karistusala,koht,,,,
karistusekspeditsioon,,,,sündmus,tegevus
karistuskoloonia,koht,,,,
karistusminut,,aeg,,,
karistusretk,,,,sündmus,
karistusring,koht,,,,
Karisöödi,koht,,,,
Karitsa,koht,,,,
Karivärava,koht,,,,
Karja,koht,,,,
karjaaed,koht,,,,ese_instru
karjafarm,koht,,,,
karjaimmuunsus,,,seisund,,nähtus
karjakaev,koht,,,,
karjakoppel,koht,,,,
karjaköök,koht,,,,
Karjaküla,koht,,,,
Karjala,koht,,,,
Karjala kannas,koht,,,,
Karjala maakitsus,koht,,,,
karjalase,,,,sündmus,
karjalaskepäev,,aeg,,,
karjalaskmine,,,,sündmus,
karjalaut,koht,,,,
Karjamaa,koht,,,,
karjamaa,koht,,,,
karjamõis,koht,,,,
karjapoiss,,,,sündmus,"abstr/konkr, in_elukutse, in_tegija"
karjapõli,,aeg,,,
karjapõlv,,aeg,,,
karjapäev,,aeg,,,
karjasepõli,,aeg,,,
karjasepõlv,,aeg,,,
Karjasoo,koht,,,,
karjatamisperiood,,aeg,,,
karjatanum,koht,,,,
karjatara,koht,,,,ese_instru
karjatee,koht,,,,
Karjatnurme,koht,,,,
karjatänav,koht,,,,
karjavärav,koht,,,,
karjaõnn,,,seisund,,
karjaõu,koht,,,,
karjäär,koht,,,,"abstr/konkr, nähtus"
karjääriplatoo,,,seisund,,
karjääriväli,koht,,,,
karkassehitis,koht,,,,
Karkkila,koht,,,,
Karksi,koht,,,,
Karksi-Nuia,koht,,,,
Karkuse,koht,,,,
Karla,koht,,,,
Karl-Marx-Stadt,koht,,,,
Karlova,koht,,,,
Karlovy Vary,koht,,,,
Karlskrona,koht,,,,
Karlsruhe,koht,,,,
Karmel,koht,,,,
Karmeli mägi,koht,,,,
karn,koht,,,,
Karnataka,koht,,,,
karneval,,,,sündmus,
karniis,koht,,,,"ese, ese_kunst"
Karoli,koht,,,,
Karoliinid,koht,,,,
"Karoliini, Mariaani ja Marshalli saared",koht,,,,
Karoliini saared,koht,,,,
karp,koht,,,,"ese, ese_anum, konkr, loom, loom_kala, taim, toit"
Karpaadid,koht,,,,
Karpaadi-Ukraina,koht,,,,
karpaalkanali sündroom,,,seisund,,
karpaalkanalisündroom,,,seisund,,
karpaaltunneli sündroom,,,seisund,,
karpkalatiik,koht,,,,
karplava,koht,,,,ese_instru
karpmaja,koht,,,,
Kars,koht,,,,
Karst,koht,,,,
Karste,koht,,,,
karstiala,koht,,,,
karstiallikas,koht,,,,
karstihaudmik,koht,,,,
karstijõgi,koht,,,,
karstijärv,koht,,,,
karstikanal,koht,,,,
karstikoobas,koht,,,,
karstimaastik,koht,,,,
karstinõgu,koht,,,,
karstiorg,koht,,,,
karstipolje,koht,,,,
karstitühe,koht,,,,
karstivorm,koht,,,,
Karstula,koht,,,,
Karši,koht,,,,
Kartaago,koht,,,,
kartellierakond,koht,,,,
kartellipartei,koht,,,,
kartmatus,,,seisund,,
kartodroom,koht,,,,
karts,koht,,,,
kartser,koht,,,,
kartsinoom,,,seisund,,
kartul,koht,,,,"taim, toit, toit_vili"
kartulihaigus,,,seisund,,
kartulikoobas,koht,,,,
kartuli-lehemädanik,,,seisund,,
kartulimaa,koht,,,,
kartulimäss,,,,sündmus,
kartulisalv,koht,,,,
kartulivabariik,koht,,,,
kartuli-varrepõletik,,,seisund,,
kartulivähk,,,seisund,,
kartus,,,seisund,,
Karu,koht,,,,
Karuba,koht,,,,
karujaht,,,,sündmus,
Karujärv,koht,,,,
Karujärve,koht,,,,
karukolgas,koht,,,,
karukoobas,koht,,,,
Karula,koht,,,,
karulaas,koht,,,,
Karula kõrgustik,koht,,,,
Karunga,koht,,,,
karupeied,,,,sündmus,
karuperse,koht,,,,
karupidu,,,,sündmus,
Karusaar,koht,,,,
Karuse,koht,,,,
karusepäev,,aeg,,,
karusloomakasvandus,koht,,,,
karusmarja-jahukaste,,,seisund,,
karussell-lüpsiplats,koht,,,,
Karuste,koht,,,,
karuuni,,,seisund,,
karvaajamine,,,,sündmus,
karvad tõusevad püsti,,,seisund,,
karvakiskumine,,,seisund,,
karvane käsi,,,seisund,,tegevus
karvanääpsupõletik,,,seisund,,
karvavahetus,,,,sündmus,
karvupidi kokku,,,seisund,,
karvupidi koos,,,seisund,,
karüatiid,koht,,,,
Kasahhi,koht,,,,
Kasahstan,koht,,,,
kasakavägi,koht,,,,
Kasakova,koht,,,,
Kasari,koht,,,,
Kasari jõgi,koht,,,,
Kasaritsa,koht,,,,
kasarm,koht,,,,
kasarmu,koht,,,,
kasarmuarest,,,,sündmus,
kasarmuhoone,koht,,,,
Kaseküla,koht,,,,
kasematt,koht,,,,
kasemets,koht,,,,taim
Kasemetsa,koht,,,,
Kasepere,koht,,,,
Kasepää,koht,,,,
Kasevälja,koht,,,,
Kashi,koht,,,,
Kashmir,koht,,,,
kasiino,koht,,,,
kasiinokett,koht,,,,
Kasispea,koht,,,,
kaskaad,koht,,,,"abstr/konkr, nähtus, nähtus_loodus"
Kaskaadid,koht,,,,
Kaskaadimäestik,koht,,,,
Kaskinen,koht,,,,
Kaspia,koht,,,,
Kaspia meri,koht,,,,
kass,,,seisund,,"abstr/konkr, ese_instru, in_omadus, loom, nähtus_psühh"
kassa,koht,,,,"ese_raha, esitus_keel_suhtlus"
Kassari,koht,,,,
kassaseis,,,seisund,,
kassatsioonikohus,koht,,,,
kassatsioonitähtaeg,,aeg,,,
Kassel,koht,,,,
Kassema,koht,,,,
kassett,koht,,,,"ese_anum, ese_instru"
kassettlagi,koht,,,,
Kassi,koht,,,,
kassi aasta,,aeg,,,
kassiaasta,,aeg,,,
kassiahastus,,,seisund,,nähtus_psühh
kassiauk,koht,,,,
kassihaigus,,,seisund,,
kassikatk,,,seisund,,
kassikool,koht,,,,
Kassilaane,koht,,,,
Kassinurme,koht,,,,
Kassiratta,koht,,,,
Kassisaba,koht,,,,
Kassitoome,koht,,,,
kassivabrik,koht,,,,
Kassivere,koht,,,,
Kastamara,koht,,,,
kastehein,koht,,,,taim
kastell,koht,,,,
Kasti,koht,,,,
Kastiilia,koht,,,,
Kastja,koht,,,,
Kastli,koht,,,,
kastmaja,koht,,,,
Kastmekoja,koht,,,,
kastmisnõgu,koht,,,,
Kastna,koht,,,,
Kastolatsi,koht,,,,
Kastre,koht,,,,
kasulik pind,koht,,,,
kasutatavus,,,seisund,,
kasutusaeg,,aeg,,,
kasutusiga,,aeg,,,
kasvaja,,,seisund,,omadus
Kasvandu,koht,,,,
kasvandus,koht,,,,
kasvatusasutus,koht,,,,
kasvatusmaja,koht,,,,
kasvuaasta,,aeg,,,
kasvuaeg,,aeg,,,
kasvuala,koht,,,,
kasvuettevõte,koht,,,,
kasvuhoone,koht,,,,
kasvuhäire,,,seisund,,
kasvuiga,,aeg,,,
kasvujärk,,aeg,,,
kasvukas,koht,,,,"materjal/aine, omadus_füüs"
kasvukoht,koht,,,,
kasvulava,koht,,,,abstr/konkr_omadus
kasvumaja,koht,,,,
kasvupaik,koht,,,,
kasvuperiood,,aeg,,,
kasvupiir,koht,,,,abstr
kasvupind,koht,,,,
kasvupõlv,,aeg,,,
kasvuraskus,,,seisund,,
kasvustaadium,,aeg,,,
kasvutiik,koht,,,,
Kašgaaria,koht,,,,
Kašgar,koht,,,,
Kaškadarjo,koht,,,,
Kašmiir,koht,,,,
Kašuubia,koht,,,,
Kazbek,koht,,,,
Kata,koht,,,,
kataklüsm,,,,sündmus,
katakomb,koht,,,,
katakombhaud,koht,,,,
katalepsia,,,seisund,,
kataloogimaja,koht,,,,
Kataloonia,koht,,,,
Katanga,koht,,,,
Katar,koht,,,,
katarakt,koht,,seisund,,
katarr,,,seisund,,
Katase,koht,,,,
katastriüksus,koht,,,,
katastroof,,,,sündmus,
katastroofipaik,koht,,,,
katastroofipiirkond,koht,,,,
katatoonia,,,seisund,,
katedraal,koht,,,,
katedraalkirik,koht,,,,
kateeder,koht,,,,ese_instru
katel,koht,,,,"ese_anum, ese_instru"
Katela,koht,,,,
Katerõnoslav,koht,,,,
katk,,,seisund,,nähtus
katkelisus,,,seisund,,omadus_abstr
katkestus,,,seisund,,
katkestusseis,,,seisund,,
katkiminek,,,,sündmus,nähtus
Katku,koht,,,,
katkuaeg,,aeg,,,
katkuepideemia,,,seisund,,
katkumuhk,,,seisund,,
katkutaud,,,seisund,,
katkutõbi,,,seisund,,
katlamaja,koht,,,,
katlaruum,koht,,,,
Katleri,koht,,,,
Katmandu,koht,,,,
katmatus,,,seisund,,
katmikala,koht,,,,
Katowice,koht,,,,
katseaed,koht,,,,
katseaeg,,aeg,,,
katseala,koht,,,,
katsebaas,koht,,,,
katsejaam,koht,,,,
katselabor,koht,,,,
katselaboratoorium,koht,,,,
katselapp,koht,,,,
katselaut,koht,,,,
katsemajand,koht,,,,
katsemetskond,koht,,,,
katsemäng,,,,sündmus,
katsepolügoon,koht,,,,
katse prant,,aeg,,,
katsepõld,koht,,,,
katsetehas,koht,,,,
katsetsehh,koht,,,,
katsevõistlus,,,,sündmus,
katsik,,,,sündmus,
katsikud,,,,sündmus,
Katsina,koht,,,,
katsumine,,,,sündmus,
katsumus,,,,sündmus,
katsumusaeg,,aeg,,,
Katšini,koht,,,,
katt,,,seisund,,
Kattegat,koht,,,,
Kattila,koht,,,,
kattumus,,,seisund,,
katus,koht,,,,
katuseaed,koht,,,,
katusealune,koht,,,,omadus_koht
katusehari,koht,,,,
katusekamber,koht,,,,
katusekelp,koht,,,,
katusekohvik,koht,,,,
katusekorrus,koht,,,,
katusekorter,koht,,,,
katuselatern,koht,,,,
katuseterrass,koht,,,,
katuseviil,koht,,,,
katuslagi,koht,,,,
katus sõidab,,,seisund,,
kaua,,aeg,,,
kaubaait,koht,,,,
kaubabörs,koht,,,,
kaubahall,koht,,,,
kaubahoov,koht,,,,
kaubajaam,koht,,,,
kaubakeskus,koht,,,,
kaubakoda,koht,,,,
kaubakompanii,koht,,,,
kaubakontor,koht,,,,
kaubaladu,koht,,,,
kaubalinn,koht,,,,
kaubamaja,koht,,,,
kaubandusesindus,koht,,,,
kaubandusettevõte,koht,,,,
kaubandusfirma,koht,,,,
kaubanduskeskus,koht,,,,
kaubanduskett,koht,,,,
kaubanduskoda,koht,,,,
kaubanduskontsern,koht,,,,
kaubanduskriis,,,seisund,,
kaubandusministeerium,koht,,,,
kaubanduspalat,koht,,,,
kaubandustänav,koht,,,,
kaubandusvaidlus,,,,sündmus,
kaubandusvõrk,koht,,,,
kaubaputka,koht,,,,
kaubareis,,,,sündmus,tegevus
kaubaretk,,,,sündmus,tegevus
kaubasadam,koht,,,,
kaubastu,koht,,,,
kaubatee,koht,,,,
kaubatootja,koht,,,,in_tegija
kaubatänav,koht,,,,
Kaubi,koht,,,,
Kauda,koht,,,,
Kaude,koht,,,,
kaudsed valimised,,,,sündmus,
kauem,,aeg,,,omadus_aeg
kauemaks,,aeg,,,
kauemini,,aeg,,,
kaugas,,,seisund,,"abstr, ese_riie"
Kaugatoma,koht,,,,
kauge,koht,aeg,,,abstr
kaugejaam,koht,,,,
kaugel,koht,aeg,,,abstr
kaugele,koht,aeg,,,abstr
kaugelenägevus,,,seisund,,
kaugelt,koht,aeg,,,"abstr, ADV_viis"
Kaug-Ida,koht,,,,
kaugkarjamaa,koht,,,,
kaugmatk,,,,sündmus,
kaugnägelikkus,,,seisund,,
kaugnägevus,,,seisund,,
Kaugu,koht,,,,
kaugus,koht,aeg,,,"esitus_mõõt, tegevus"
kaugushüppekast,koht,,,,
kaugvastuvõtt,,,,sündmus,
kaugõppeosakond,koht,,,,
kaugühendus,,,seisund,,
Kaukaasia,koht,,,,
Kaukasus,koht,,,,
Kauksi,koht,,,,
Kaukvere,koht,,,,
Kaunas,koht,,,,
Kauniainen,koht,,,,
Kaunispe,koht,,,,
Kaunissaare,koht,,,,
kaunistama,,,seisund,,VERB_tegevus
kauplemispäev,,aeg,,,
kauplus,koht,,,,esitus
kauplusekett,koht,,,,
kauplusladu,koht,,,,
Kauru,koht,,,,
Kaurutootsi,koht,,,,
kausaalsus,,,seisund,,omadus_kval
kausalgia,,,seisund,,
Kause,koht,,,,
Kausi,koht,,,,
Kaussjärv,koht,,,,
Kauste,koht,,,,
Kaustinen,koht,,,,
Kautjala,koht,,,,
Kautla,koht,,,,
KAV,koht,,,,
kava,,,,sündmus,"abstr/konkr, ese_kunst, ese_semio, toit_jook"
kavaljeer,koht,,,,
kavalkaad,,,,sündmus,"in_roll, konkr"
Kavandi,koht,,,,
Kavandu,koht,,,,
Kavaru,koht,,,,
Kavastu,koht,,,,
kavern,,,seisund,,objekt_loodus
Kavilda,koht,,,,
Kavõldi,koht,,,,
Kaxgar,koht,,,,
Keava,koht,,,,
Kecskemét,koht,,,,
Kėdainiai,koht,,,,
Kedre,koht,,,,
Keedika,koht,,,,
keedukoda,koht,,,,
keeduväli,koht,,,,
keeglirada,koht,,,,
keeglisaal,koht,,,,
keel,koht,,,,"abstr/konkr, abstr/konkr_omadus, ese_instru, esitus, esitus_keel, kehaosa, konkr, toit"
Keelatud Linn,koht,,,,
keeleala,koht,,,,
keelealune,koht,,,,
keeled suus,,,seisund,,
keelehalvatus,,,seisund,,
keeleinspektsioon,koht,,,,
keel ei paindu,,,seisund,,
keelekohvik,,,,sündmus,abstr/konkr
keelekonverents,,,,sündmus,
keelelaager,,,,sündmus,
keelel kibelema,,,seisund,,
keelenõu,koht,,,,tegevus_kõnetegu
keelenõuandla,koht,,,,
keelenõuanne,koht,,,,tegevus_kõnetegu
keeleoskamatus,,,seisund,,
keeleoskustase,,,seisund,,esitus_mõõt
keele peal kibelema,,,seisund,,
keelepesa,koht,,,,
keelepõletik,,,seisund,,
keelepäev,,,,sündmus,
keelereis,,,,sündmus,tegevus
keelesaar,koht,,,,
keeletase,,,seisund,,esitus_mõõt
keeletu,,,seisund,,"omadus, omadus_psühh"
keeletund,,,,sündmus,
keeletus,,,seisund,,nähtus
keelevähk,,,seisund,,
Keelingi saared,koht,,,,
keel kuivab,,,seisund,,
keel kuivab suulakke kinni,,,seisund,,
keel läheb sõlme,,,seisund,,
keel on pehme,,,seisund,,
keel suus,,,seisund,,
keeltekool,koht,,,,
keeltepaabel,,,seisund,,
keeluaeg,,aeg,,,
keeluala,koht,,,,
keelutsoon,koht,,,,
keelutund,,aeg,,,
Keelva,koht,,,,
keel vestil,,,seisund,,
keel vesti peal,,,seisund,,
keem,,,seisund,,tegevus
Keema,koht,,,,
keemiaklass,koht,,,,
keemiakombinaat,koht,,,,
keemialabor,koht,,,,
keemialaboratoorium,koht,,,,
keemiatehas,koht,,,,
keemiatund,,,,sündmus,
keemiline puhastus,koht,,,,tegevus
Keemu,koht,,,,
Keeni,koht,,,,
Keenia,koht,,,,
keerak,koht,,,,tegevus_tegu
keerasmik,koht,,,,
Keerba,koht,,,,
keerdkasv,,,seisund,,
keerdkäik,koht,,,,abstr
keerdlehisus,,,seisund,,
keerdsammas,koht,,,,
keerdsõlm,,,seisund,,
keerdtrepp,koht,,,,
keerdumus,,,seisund,,
Keeri,koht,,,,
Keeri järv,koht,,,,
keeris,koht,,seisund,,nähtus_loodus
keerises,,,seisund,,
keerisesse,,,seisund,,
keeritsusstõbi,,,seisund,,
keermesliide,koht,,,,ese_instru
keerukoht,koht,,,,
Keerä,koht,,,,
keevis,koht,,,,materjal/aine
keeviskonstruktsioon,koht,,,,ese_instru
keevisliide,koht,,,,ese_instru
keevistarind,koht,,,,ese_instru
keevisõmblus,koht,,,,
kehakinnitus,,,,sündmus,"tegevus, toit"
Kehala,koht,,,,
kehaline kasvatus,,,,sündmus,"tegevus, vald"
keham,koht,,,,
kehand,koht,,,,inimene
kehapuue,,,seisund,,
keharaskus,koht,,,,omadus_füüs
kehaseen,,,seisund,,
kehaväline kogemus,,,seisund,,
Kehila,koht,,,,
kehka,,,,sündmus,
Kehra,koht,,,,
kehtivusaeg,,aeg,,,
Kehtna,koht,,,,
Kehtna-Nurme,koht,,,,
kehvel,koht,,,,
kehvus,,,seisund,,
kehvveresus,,,seisund,,
Keibu,koht,,,,
Keibu laht,koht,,,,
Keila,koht,,,,
Keila-Joa,koht,,,,
keiliit,,,seisund,,
keilut,koht,,,,ese_instru
Keiser Wilhelmi maa,koht,,,,
keisrikoda,koht,,,,in_roll
keisririik,koht,,,,
KEK,koht,,,,
Kelba,koht,,,,
kelder,koht,,,,
keldriboks,koht,,,,
keldrikord,koht,,,,
keldrikorrus,koht,,,,
keldrikorter,koht,,,,
Keldrimäe,koht,,,,
keldrimägi,koht,,,,
keldripood,koht,,,,
keldriruum,koht,,,,
keldrisaal,koht,,,,
kelgumägi,koht,,,,
kelgurada,koht,,,,
kell,,aeg,,,"ese_instru, esitus, esitus_tähis, nähtus_füüs"
Kellamäe,koht,,,,
Kellassaare,koht,,,,
kellassepatöökoda,koht,,,,
kellatorn,koht,,,,
Kellavere,koht,,,,
Kellavere mägi,koht,,,,
kellaviietee,,,,sündmus,
kellia,koht,,,,
Kellomäki,koht,,,,
Kellämäe,koht,,,,
Kelmė,koht,,,,
kelmikus,,,seisund,,
Kelmiküla,koht,,,,
Kelnase,koht,,,,
keloid,,,seisund,,
kelp,koht,,,,
kelpkatus,koht,,,,
Kelu,koht,,,,
Kelvingi,koht,,,,
Kemba,koht,,,,
Ķemeri,koht,,,,
Kemerovo,koht,,,,
Kemi,koht,,,,
Kemijärvi,koht,,,,
kemmerg,koht,,,,
kemps,koht,,,,
kenadus,,,seisund,,kehaosa
kennel,koht,,,,
kennelköha,,,seisund,,
Kenni,koht,,,,
Kent,koht,,,,
Kentucky,koht,,,,
Kenya,koht,,,,
Keo,koht,,,,
keraamikaateljee,koht,,,,
Kerala,koht,,,,
keratiit,,,seisund,,
keratoos,,,seisund,,
Kerava,koht,,,,
Keravere,koht,,,,
Kerema,koht,,,,
kere on hele,,,seisund,,
Kerepäälse,koht,,,,
Keressaare,koht,,,,
Kergatsi,koht,,,,
kerge,koht,,,,"abstr, omadus, omadus_füüs, omadus_kval, omadus_psühh, tegevus"
kergehitis,koht,,,,
kergetööstusettevõte,koht,,,,
kergliiklustee,koht,,,,
kergmetroo,koht,,,,
kergsein,koht,,,,
kergtee,koht,,,,
Kergu,koht,,,,
Kerguküla,koht,,,,
Kerguta,koht,,,,
Keri,koht,,,,
Kerita,koht,,,,
kerkeala,koht,,,,
Kérkyra,koht,,,,
Kernu,koht,,,,
Kersalu,koht,,,,
Kersleti,koht,,,,
Kertš,koht,,,,
kesa,koht,,,,
kesamaa,koht,,,,
kesapõld,koht,,,,
kese,koht,,,,
kesk,koht,,,,"ADV_aeg, ADV_koht, in_roll, omadus_koht, omadus_kval"
keska,koht,,,,esitus
Kesk-Aafrika Vabariik,koht,,,,
Kesk-Aasia,koht,,,,
keskaeg,,aeg,,,
keskaegkond,,aeg,,,
keskala,koht,,,,
Kesk-Ameerika,koht,,,,
keskaparaat,koht,,,,abstr/konkr
keskasutus,koht,,,,
keskeakriis,,,seisund,,
Kesk-Eesti,koht,,,,
keskel,koht,,seisund,,ADV_viis
keskele,koht,,seisund,,ADV_viis
keskelt,koht,,seisund,,ADV_viis
keskendatus,,,seisund,,
keskerakond,koht,,,,in_roll
keskeriõppeasutus,koht,,,,
Kesk-Euroopa,koht,,,,
Kesk-Euroopa aeg,,aeg,,,
Kesk-Frangimaa,koht,,,,
keskhaigla,koht,,,,
keskhommik,koht,aeg,,sündmus,toit
keskiga,,aeg,,,
keskjaam,koht,,,,ese_instru
keskjooks,koht,,,,
keskkoht,koht,,,,kehaosa
keskkomitee,koht,,,,in_roll
keskkond,koht,,,,"abstr, ese_semio, materjal/aine"
Kesk-Kongo,koht,,,,
keskkonnakahjustus,,,seisund,,
keskkonnaministeerium,koht,,,,
keskkonnarisk,,,seisund,,konkr
keskkonnatervis,,,seisund,,
keskkontor,koht,,,,
keskkool,koht,,,,esitus
keskkriminaalpolitsei,koht,,,,
keskkõrvapõletik,,,seisund,,
Keskküla,koht,,,,
kesklabor,koht,,,,
kesklaboratoorium,koht,,,,
keskladu,koht,,,,
Kesklahe,koht,,,,
keskliit,koht,,,,in_roll
Kesklinn,koht,,,,
kesklinn,koht,,,,
kesklõuna,,aeg,,,
kesklööv,koht,,,,
keskmassiiv,koht,,,,
keskmik,koht,,,,"in_omadus, konkr_omadus"
Keskmustmullavöönd,koht,,,,
keskmuuseum,koht,,,,
keskmäestik,koht,,,,
kesknädal,,aeg,,,esitus
keskpaik,koht,aeg,,,
keskpank,koht,,,,
Keskpiirkond – Loire'i org,koht,,,,
keskplaan,koht,,,,
Kesk-Pohjanmaa,koht,,,,
keskpositsioon,koht,,,,
keskpunkt,koht,,,,objekt
keskpõrand,koht,,,,
keskpäev,koht,aeg,,,abstr
keskpäevatund,,aeg,,,
keskraamatukogu,koht,,,,
Keskranna,koht,,,,
Keskriigid,koht,,,,
Kesk-Soome,koht,,,,
kesksuvi,,aeg,,,osa
Kesk-Šoti madalik,koht,,,,
kesktalv,,aeg,,,
kesktee,koht,,,,abstr
keskturg,koht,,,,
keskus,koht,,,,kehaosa
keskuslinn,koht,,,,
keskvalitsus,koht,,,,
Kesk-Vene kõrgustik,koht,,,,
Keskvere,koht,,,,
keskväli,,,seisund,,in_roll
keskväljak,koht,,,,
keskvöönd,koht,,,,
keskõhtu,koht,aeg,,,
keskõppeasutus,koht,,,,
kesköö,,aeg,,,
kesköömissa,,,,sündmus,
kesköötund,,aeg,,,
Kesse,koht,,,,
Kesselaid,koht,,,,
kessoon,koht,,,,ese_instru
kessoonlagi,koht,,,,
kessoontõbi,,,seisund,,
Kessulaid,koht,,,,
kestel,,aeg,,,
kestendus,,,seisund,,
kestes,,aeg,,,
Kestla,koht,,,,
kestus,,aeg,,,omadus_aeg
kestvus,,aeg,,,"omadus_aeg, omadus_füüs"
kestvussõit,,,,sündmus,tegevus
Kesu,koht,,,,
Ket,koht,,,,
ketendus,,,seisund,,
ketiapteek,koht,,,,
ketihotell,koht,,,,
ketikauplus,koht,,,,
ketipood,koht,,,,
ketis,,,seisund,,
Ketneri,koht,,,,
ketonuuria,,,seisund,,
ketoos,,,seisund,,
ketrustsehh,koht,,,,
ketrusvabrik,koht,,,,
Ketsemani,koht,,,,
ketserikohus,koht,,,,
kett,koht,,,,"ese_instru, in_rahvas, in_tegija, kehaosa"
kettagolfipark,koht,,,,
kettagolfirada,koht,,,,
kettaheitering,koht,,,,
kettaheitevõistlus,,,,sündmus,
kevad,,aeg,,,
kevade,,aeg,,,
kevadhooaeg,,aeg,,,
kevadine pööripäev,,aeg,,,
kevadkuu,,aeg,,,
kevadkünd,koht,,,,tegevus
kevadmess,,,,sündmus,
kevadpäev,,aeg,,,
kevadpüha,,aeg,,,
kevadränne,,,,sündmus,
kevadsemester,,aeg,,,
kevadsuvi,,aeg,,,
kevadtalv,,aeg,,,
kevadväsimus,,,seisund,,
kevadõhtu,,aeg,,,
kevadöö,,aeg,,,
KGB,koht,,,,
khaaniriik,koht,,,,
Khān Yūnis,koht,,,,
Kharthli,koht,,,,
khk,koht,,,,
Khmeer,koht,,,,
Khorat,koht,,,,
Khuthaisi,koht,,,,
kiasm,koht,,,,"abstr, nähtus"
Kibaru,koht,,,,
kibe,,,seisund,,"esitus_keel_suhtlus, konkr_omadus, omadus_füüs, omadus_kval, omadus_psühh, toit_jook"
kibekiire,,aeg,,,omadus_füüs
kibe käes,,,seisund,,
Kibeküla,koht,,,,
Kibena,koht,,,,
kibitka,koht,,,,ese_instru
Kibuna,koht,,,,
Kibura,koht,,,,
kibuts,koht,,,,
Kidaste,koht,,,,
kidi,,,seisund,,
Kidise,koht,,,,
Kidron,koht,,,,
kidu,,,seisund,,nähtus_loodus
Kiduspe,koht,,,,
Kiek in de Kök,koht,,,,
Kiel,koht,,,,
Kielce,koht,,,,
Kieli kanal,koht,,,,
Kigali,koht,,,,
kihelkond,koht,,,,"grupp, inimene"
Kihelkonna,koht,,,,
kihelkonnakohus,koht,,,,
kihelkonnakool,koht,,,,
Kihelkonna-Liiva,koht,,,,
kihelus,,,seisund,,nähtus_füüs
kihind,koht,,,,"materjal/aine, nähtus_loodus"
kihistis,koht,,,,materjal/aine
kihlad,,,,sündmus,ese
Kihlepa,koht,,,,
Kihlevere,koht,,,,
kihlus,,,,sündmus,
kihluspidu,,,,sündmus,
kihlveokontor,koht,,,,
Kihme,koht,,,,
Kihmla,koht,,,,
Kihnu,koht,,,,
kiht,koht,,,,"esitus_kujutis, inimene, konkr, materjal/aine, nähtus_loodus"
kihtvulkaan,koht,,,,
kihutuskoosolek,,,,sündmus,
Kiia,koht,,,,
Kiideva,koht,,,,
Kiidi,koht,,,,
Kiidjärve,koht,,,,
Kiiev,koht,,,,
Kiievi-Vene,koht,,,,
kiigemägi,koht,,,,
kiigepidu,,,,sündmus,
kiigeplats,koht,,,,
Kiigevere,koht,,,,
Kiikla,koht,,,,
Kiilaspere,koht,,,,
kiilaspäisus,,,seisund,,
Kiili,koht,,,,
kiindumus,,,seisund,,"in_roll, objekt"
Kiini,koht,,,,
kiinimuhk,koht,,,,
kiinimuhktõbi,,,seisund,,
Kiiova,koht,,,,
kiirabi,koht,,,,"ese, in_elukutse, tegevus"
kiirabijaam,koht,,,,
Kiirassaare,koht,,,,
kiird,koht,,,,kehaosa
kiire,,,seisund,,"omadus_aeg, omadus_kval"
kiirelt,,aeg,,,"ADV_aeg, ADV_viis"
kiirendusrada,koht,,,,
kiirendusvõistlus,,,,sündmus,
kiiresti,,aeg,,,"ADV_aeg, ADV_viis"
kiire uni,,,seisund,,
kiirguskahjustus,,,seisund,,
kiirgusvarje,koht,,,,
kiirgusvöönd,koht,,,,
kiirikseentõbi,,,seisund,,
kiiritushaigus,,,seisund,,
kiirituskahjustus,,,seisund,,
kiiritustõbi,,,seisund,,
kiirkliinik,koht,,,,
kiirreageerimisüksus,koht,,,,in_elukutse
kiirrünnak,,,,sündmus,tegevus_tegu
kiirsöögikoht,koht,,,,
kiirsöökla,koht,,,,
kiirtee,koht,,,,
kiirtoidukoht,koht,,,,
kiirusvõistlus,,,,sündmus,
Kiisa,koht,,,,
kiisakoda,koht,,,,
Kiisamaa,koht,,,,
Kiisli,koht,,,,
Kiislova,koht,,,,
Kiissa,koht,,,,
Kiiu,koht,,,,
Kiiu-Aabla,koht,,,,
kiivas,,,seisund,,"omadus_füüs, omadus_psühh"
kiiver,koht,,,,ese_instru
Kiivera,koht,,,,
Kiivra,koht,,,,
Kikaste,koht,,,,
Kikepera,koht,,,,
Kikepera raba,koht,,,,
Kikita,koht,,,,
Kikivere,koht,,,,
Kikka,koht,,,,
Kikkaoja,koht,,,,
kikkis kõrvadega,,,seisund,,
Kiksova,koht,,,,
Kiku,koht,,,,
Kildemaa,koht,,,,
kildmurd,,,seisund,,
Kildu,koht,,,,
kilehall,koht,,,,
kilehoone,koht,,,,
kilekasvuhoone,koht,,,,
kilesaun,koht,,,,
Kilgi,koht,,,,
Kiliikia,koht,,,,
Kilimanjaro,koht,,,,
Kilingi-Nõmme,koht,,,,
kilk,,,seisund,,"ese_instru, loom_putukas, nähtus_psühh"
Kilksama,koht,,,,
Killinge,koht,,,,
killustatus,,,seisund,,
killustumus,,,seisund,,
killustusmurd,,,seisund,,
Kilomani,koht,,,,
kilp,koht,,,,"abstr, ese_instru, ese_riie, esitus_kujutis, kehaosa_loom, konkr_omadus"
kilptee,koht,,,,
kilpvulkaan,koht,,,,
kiltmaa,koht,,,,
Kiltsi,koht,,,,
Kimalasõ,koht,,,,
kimarlehisus,,,seisund,,
kimbatus,,,seisund,,
kimm,koht,,,,materjal/aine
kimmkatus,koht,,,,
kimppiilar,koht,,,,
Kimrõ,koht,,,,
kindlus,koht,,,,omadus
kindlusehitis,koht,,,,
kindlusekraav,koht,,,,
kindlusemüür,koht,,,,
kindluskirik,koht,,,,
kindlusloss,koht,,,,
kindlustamatus,,,seisund,,
kindlustatus,,,seisund,,
kindlustis,koht,,,,
kindlustus,koht,,,,"abstr/konkr, tegevus_tegu"
kindlustusasutus,koht,,,,
kindlustusfirma,koht,,,,
kindlustusjuhtum,,,,sündmus,
kindlustusriisiko,,,,sündmus,nähtus
kindlustusrisk,,,,sündmus,nähtus
kindlustusselts,koht,,,,
kindlusvangla,koht,,,,
kindralkomissariaat,koht,,,,
kindralkubermang,koht,,,,
kindralstaap,koht,,,,
kinetoos,,,seisund,,
kingaparandus,koht,,,,
kingapood,koht,,,,
Kingissepa,koht,,,,
Kingissepp,koht,,,,
Kingli,koht,,,,
king pigistab,,,seisund,,
kingsepatöökoda,koht,,,,
Kingston,koht,,,,
Kingston upon Hull,koht,,,,
Kingston upon Thames,koht,,,,
Kingstown,koht,,,,
Kingu,koht,,,,
kingustik,koht,,,,
kink,koht,,,,ese
Kinksi,koht,,,,
Kinnereti järv,koht,,,,
kinniistumine,,,seisund,,
kinnikülmutamine,,,seisund,,
kinnimaja,koht,,,,
kinnine,,,seisund,,"omadus, omadus_kval, omadus_psühh"
kinnine vangla,koht,,,,
kinnipidamisasutus,koht,,,,
kinnipidamiskoht,koht,,,,
kinnisasi,koht,,,,konkr
kinnisidee,,,seisund,,nähtus_psühh
kinnismõte,,,seisund,,nähtus_psühh
kinnisperiood,,aeg,,,
kinnisus,,,seisund,,nähtus_psühh
kinnisvarabuum,,aeg,,,
kinnisvarabüroo,koht,,,,
kinnisvarafirma,koht,,,,
kinnisvaramull,,,seisund,,abstr
kinnisvaraomanik,koht,,,,in_omadus
kinnituskoht,koht,,,,
kino,koht,,,sündmus,vald
kinobuss,koht,,,,
kinoetendus,,,,sündmus,
kinokassa,koht,,,,ese_raha
kinosaal,koht,,,,
kinoseanss,,,,sündmus,
kinoteater,koht,,,,
kinovõrk,koht,,,,
Kinshasa,koht,,,,
Kinshasa Kongo,koht,,,,
Kioto,koht,,,,
Kipastu,koht,,,,
Kipi,koht,,,,
Kiraste,koht,,,,
Kiratsi,koht,,,,
Kirbla,koht,,,,
Kirbu,koht,,,,
kirbukas,koht,,,,
kirbuturg,koht,,,,
Kirdalu,koht,,,,
Kirde-Eesti,koht,,,,
Kirde-Hiina,koht,,,,
kirdekaar,koht,,,,
Kirdemaa,koht,,,,
kirdenurk,koht,,,,
Kirderanna,koht,,,,
kirderannik,koht,,,,
Kirdeväil,koht,,,,
kirehoog,,,seisund,,
kiremöll,,,seisund,,
Kirepi,koht,,,,
kirepuhang,,,seisund,,
kirevus,,,seisund,,"nähtus_psühh, omadus_füüs_värv, omadus_kval"
Kirgiisi,koht,,,,
Kirgiisia,koht,,,,
Kiribati,koht,,,,
kirik,koht,,,,"abstr/konkr, tegevus"
kirikaed,koht,,,,
Kirikla,koht,,,,
kirikla,koht,,,,
kirikuaasta,,aeg,,,
kirikuaed,koht,,,,
kirikukatsumine,,,,sündmus,
kirikukihelkond,koht,,,,
kirikukogu,koht,,,,in_roll
kirikukogudus,koht,,,,
kirikukohv,,,,sündmus,
kirikukontsert,,,,sündmus,
kirikukool,koht,,,,
Kirikuküla,koht,,,,
kirikuküla,koht,,,,
kirikulõhe,,,,sündmus,
kirikumaa,koht,,,,
kirikumõis,koht,,,,
Kirikumõisa,koht,,,,
Kirikumäe,koht,,,,
kirikupüha,,aeg,,,
Kirikuriik,koht,,,,
kirikutalitus,,,,sündmus,
kirikutee,koht,,,,"abstr_asend/suund, tegevus"
kirikuteenistus,,,seisund,sündmus,
Kirikuvalla,koht,,,,
kirikuvanne,,,seisund,,
kirikuvisitatsioon,,,,sündmus,
kirikuvõim,koht,,,,"abstr/konkr, in_elukutse"
Kirila,koht,,,,
Kirimäe,koht,,,,
Kirisaare,koht,,,,
Kiritimati,koht,,,,
Kiritu,koht,,,,
Kirivalla,koht,,,,
Kirivere,koht,,,,
kirjakast,koht,,,,"abstr/konkr, ese_anum"
kirjandivõistlus,,,,sündmus,
kirjanduslik kohus,,,,sündmus,
kirjandusmuuseum,koht,,,,
kirjandustund,,,,sündmus,
kirjandusvõistlus,,,,sündmus,
kirjandusõhtu,,,,sündmus,
kirjanurk,koht,,,,ese_semio
kirjaoskamatus,,,seisund,,tegevus
kirjas,,,seisund,,
kirjasaladus,,,seisund,,abstr/konkr
kirjastaja,koht,,,,in_elukutse
kirjastus,koht,,,sündmus,tegevus
kirjutamislaager,,,,sündmus,
kirjutamispagu,,,,sündmus,
kirjutuskramp,,,seisund,,
kirjutustuba,koht,,,,
Kirkenes,koht,,,,
Kirkūk,koht,,,,
kirmas,,,,sündmus,
kirmask,,,,sündmus,
kirmes,,,,sündmus,
Kirmsi,koht,,,,
Kirna,koht,,,,
Kirov,koht,,,,
Kirove,koht,,,,
Kirovo,koht,,,,
Kirovograd,koht,,,,
Kirovsk,koht,,,,
kirre,koht,,,,
kirsiks tordil,,,seisund,,
kirsmaa,koht,,,,objekt_loodus
kirss tordil,,,seisund,,
kirstupanek,,,,sündmus,
Kirtsi,koht,,,,
Kiruma,koht,,,,
Kirumpää,koht,,,,
Kiruna,koht,,,,
kirurgiahaigla,koht,,,,
kirurgiakliinik,koht,,,,
Kiruvere,koht,,,,
kirvendus,,,seisund,,
kisa-kära,,,seisund,,"nähtus_füüs, tegevus_kõnetegu"
Kiska,koht,,,,
Kislovodsk,koht,,,,
Kissa,koht,,,,
Kisuvere,koht,,,,
Kišinjov,koht,,,,
kišlakk,koht,,,,
Kitakyūshū,koht,,,,
Kitsa,koht,,,,
kitse aasta,,aeg,,,
kitseaasta,,aeg,,,
kitsejaht,,,,sündmus,
Kitseküla,koht,,,,
Kitsemetsa,koht,,,,
kitsend,koht,,,,
kitsenemus,,,seisund,,
kitserada,koht,,,,
kitsik,,,seisund,,"omadus_füüs, omadus_kval"
kitsikus,,,seisund,,
kitsus,koht,,,,
kitsustik,koht,,,,
Kitsõ,koht,,,,
Kiuma,koht,,,,
Kiuruvesi,koht,,,,
Kiušiu,koht,,,,
Kiva,koht,,,,
Kivatšu,koht,,,,
kivi,,,seisund,,"ese, ese_kunst, materjal/aine, nähtus_loodus, objekt_loodus, taim"
kiviaeg,,aeg,,,omadus_aeg
kiviehitis,koht,,,,
kivihaue,,,seisund,,
kivihoone,koht,,,,
kivijalg,koht,,,,osa
Kivijärv,koht,,,,
Kivijärve,koht,,,,
kivik,koht,,,,
kivikalme,koht,,,,
kivikangur,koht,,,,
kivikari,koht,,,,
kivikatus,koht,,,,
kivikirstkalme,koht,,,,
kivikoloss,koht,,,,
kiviktaimla,koht,,,,
kivikuhjatis,koht,,,,
kivikõrb,koht,,,,
Kiviküla,koht,,,,
kivikülv,koht,,,,
kivilaev,koht,,,,ese_instru
kivilinn,koht,,,,
Kiviloo,koht,,,,
Kivilõppe,koht,,,,
kivilööv,koht,,,,
kivimaja,koht,,,,
kivimurd,koht,,,,
Kivimäe,koht,,,,
kivimüür,koht,,,,
Kivine Tunguska,koht,,,,
Kivinõmme,koht,,,,
Kiviora,koht,,,,
kiviraun,koht,,,,
kiviring,koht,,,,
kiviräga,koht,,,,objekt_loodus
kivirägu,koht,,,,objekt_loodus
kivisild,koht,,,,
kivisillutis,koht,,,,materjal/aine
kivisöeajastu,,aeg,,,
Kivitammi,koht,,,,
kivitee,koht,,,,
kivitoestus,koht,,,,
kivitõbi,,,seisund,,
kivitäke,koht,,,,
kivivare,koht,,,,
Kivi-Vigala,koht,,,,
kivivooder,koht,,,,
kiviväli,koht,,,,
Kiviõli,koht,,,,
Kivu järv,koht,,,,
kk,koht,,,,"ese_semio, esitus"
KL,koht,,,,"esitus, nähtus_füüs"
kl,,aeg,,,"abstr, esitus, esitus_mõõt, esitus_tähis, toit, toit_jook"
klaas,,aeg,,,"ese, ese_anum, esitus, esitus_mõõt, materjal/aine, nähtus_füüs, toit, toit_jook"
klaashoone,koht,,,,
klaasikoda,koht,,,,
klaasimistöökoda,koht,,,,
klaasitöökoda,koht,,,,
klaasivabrik,koht,,,,
klaaskapp,koht,,,,ese
klaaskasvuhoone,koht,,,,
klaaskatus,koht,,,,ese_instru
klaasmaja,koht,,,,
klaasveranda,koht,,,,
Kladno,koht,,,,
Klagenfurt,koht,,,,
Klaipėda,koht,,,,
Klaipėda piirkond,koht,,,,
klamüdioos,,,seisund,,
klamüüdia,,,seisund,,organism
klaperjaht,,,,sündmus,tegevus
klapirike,,,seisund,,nähtus_füüs
klarnetiklass,koht,,,,
klass,koht,,,,"abstr, abstr/konkr, esitus, esitus_keel, inimene"
klassijuhatajatund,,,,sündmus,
klassikarada,koht,,,,
klassikoosolek,,,,sündmus,
klassipositsioon,,,seisund,,abstr
klassiruum,koht,,,,
klassituba,koht,,,,
klassitund,,,,sündmus,
klassiõhtu,,,,sündmus,
klaster,koht,,,,"abstr, abstr/konkr, ese_instru, esitus_mõõt, materjal/aine, nähtus_füüs"
klaustrofoobia,,,seisund,,
klausuur,koht,,,,
klaveriklass,koht,,,,
klaverikontsert,,,,sündmus,ese_kunst
klaveritund,,,,sündmus,
klaverivabrik,koht,,,,
klaveriõhtu,,,,sündmus,
Kleemu,koht,,,,
kleptomaania,,,seisund,,
kleristoorium,koht,,,,
klh,koht,,,,
klibukõrb,koht,,,,
klibulood,koht,,,,
klibuvall,koht,,,,
klienditeenindus,koht,,,,tegevus
klienditugi,koht,,,,
kliiketendustõbi,,,seisund,,
Kliima,koht,,,,
kliima,,,seisund,,nähtus_loodus
kliimakamber,koht,,,,
kliimakatastroof,,,,sündmus,
kliimakriis,,,seisund,,
kliimaks,,aeg,,,"abstr, nähtus_loodus"
kliimaministeerium,koht,,,,
kliimaperiood,,aeg,,,
kliimastaadium,,aeg,,,
kliimavööde,koht,,,,
kliimavöönd,koht,,,,
kliinik,koht,,,,
kliinikum,koht,,,,
kliiniline surm,,,seisund,,nähtus_loodus
kliistripühad,,aeg,,,
klikeaeg,,aeg,,,
klikeaegne,,aeg,,,omadus
klikiaeg,,aeg,,,
klikiaegne,,aeg,,,omadus
klimakteerium,,aeg,,,
klimp kurgus,,,seisund,,
Klin,koht,,,,
klindiastang,koht,,,,
klint,koht,,,,
Klistina,koht,,,,
Kljutševskaja sopka,koht,,,,
kloaak,koht,,,,kehaosa_loom
kloasm,,,seisund,,
klomp kurgus,,,seisund,,
Klondike,koht,,,,
Kloodi,koht,,,,
Klooga,koht,,,,
Kloogaranna,koht,,,,
kloonus,,,seisund,,
klooster,koht,,,,
Kloostri,koht,,,,
kloostriaed,koht,,,,
kloostrikirik,koht,,,,
kloostrikool,koht,,,,
Kloostrimetsa,koht,,,,
Kloostri-Rannu,koht,,,,
klorofüllivaegus,,,seisund,,
kloroos,,,seisund,,
klosett,koht,,,,
Klottorp,koht,,,,
klounaad,,,,sündmus,"nähtus_psühh, tegevus_tegu"
klubi,koht,,,,"in_omadus, in_roll"
klubihoone,koht,,,,
klubiruum,koht,,,,
klubiõhtu,,,,sündmus,
Kluhhori,koht,,,,
klump,koht,,,,
klunker,,,,sündmus,
klõks,,,seisund,,"nähtus_füüs, nähtus_psühh"
klõps,,,seisund,,"ese, nähtus_füüs, nähtus_psühh, tegevus, tegevus_tegu"
kn,koht,,,,
Knesset,koht,,,,
Knossos,koht,,,,
koalitsioonikõnelused,,,,sündmus,
kobarkino,koht,,,,
kobarkriis,,,seisund,,
kobarkäkk,,,,sündmus,
kobarmess,,,,sündmus,
kobarpeavalu,,,seisund,,
Kōbe,koht,,,,
Kobela,koht,,,,
Kobilu,koht,,,,
Koblenz,koht,,,,
Kobra,koht,,,,
Kobratu,koht,,,,
Kobru,koht,,,,
Kobruvere,koht,,,,
Kochi,koht,,,,
koda,koht,,,,"kehaosa, kehaosa_loom, taim"
kodakirik,koht,,,,
kodakondsusetus,,,seisund,,
kodanikupäev,,aeg,,,
kodar,,,seisund,,"ese_instru, kehaosa"
Kodasema,koht,,,,
Kodasoo,koht,,,,
Kodavere,koht,,,,
Kodesmaa,koht,,,,
Kodeste,koht,,,,
Kodila,koht,,,,
Kodila-Metsküla,koht,,,,
Kodismaa,koht,,,,
kodu,koht,,,,
koduaed,koht,,,,
koduarest,,,seisund,,
kodukahjustus,,,seisund,,
kodukanandus,,,seisund,,
kodukant,koht,,,,
kodukatus,koht,,,,
kodukeskjaam,koht,,,,
kodukoht,koht,,,,
kodukohvik,koht,,,,
kodukolle,koht,,,,ese_instru
kodukontor,koht,,,,
kodukool,koht,,,,tegevus
kodukotus,koht,,,,
koduküla,koht,,,,
kodulinn,koht,,,,
koduloomuuseum,koht,,,,
kodumaa,koht,,,,
kodumail,koht,,,,
kodumaile,koht,,,,
kodumailt,koht,,,,
kodumajand,koht,,,,
kodumajanduskool,koht,,,,
kodumeri,koht,,,,
kodumets,koht,,,,taim
kodumuru,koht,,,,taim
kodune kasvatus,,,seisund,,"abstr, tegevus"
kodunt,koht,,,,
kodunurk,koht,,,,
kodupaik,koht,,,,
kodupind,koht,,,,
koduplats,koht,,,,
kodupood,koht,,,,
kodurahu,,,seisund,,
koduresto,koht,,,,
kodurestoran,koht,,,,
koduriik,koht,,,,
kodusaal,koht,,,,
kodusadam,koht,,,,
kodusõda,,,,sündmus,tegevus
kodutanum,koht,,,,
kodutarbija,koht,,,,in_roll
kodutee,koht,,,,tegevus
kodutus,,,seisund,,
kodutänav,koht,,,,
koduväljak,koht,,,,
koeksistents,,,seisund,,nähtus
Koela,koht,,,,
koelmu,koht,,,,
Koemetsa,koht,,,,
koera aasta,,aeg,,,
koera-aasta,,aeg,,,
koeraaedik,koht,,,,
koeraelu,,,seisund,,
koerahotell,koht,,,,
koerakaelanurk,koht,,,,
koerakatk,,,seisund,,
koerakool,koht,,,,taim
koerakuut,koht,,,,
koeralaut,koht,,,,
koeranael,,,seisund,,
koeraomanik,koht,,,,in_omadus
koeraputka,koht,,,,
koerapõli,,,seisund,,
Koeravere,koht,,,,
Koeri,koht,,,,
koertehotell,koht,,,,
koertekool,koht,,,,
koertenäitus,,,,sündmus,
Koeru,koht,,,,
Kogalõm,koht,,,,
Køge,koht,,,,
kogelus,,,seisund,,
kogretiik,koht,,,,
Kogri,koht,,,,
Kogrõ,koht,,,,
koguaeg,,aeg,,,ADV_aeg
koguduse koosolek,,,,sündmus,
koguja,koht,,,,"ese_instru, in_roll"
kogujadreen,koht,,,,
kogujakraav,koht,,,,
kogukond,koht,,,,inimene
kogukondlus,,,seisund,,nähtus
kogukonnaaed,koht,,,,
kogukonnakohus,koht,,,,
kogukonnakool,koht,,,,
kogukonnamaa,koht,,,,
kogukus,,,seisund,,
Kogula,koht,,,,
kogumiskaev,koht,,,,
kogumiskoht,koht,,,,
kogumiskraav,koht,,,,
kogumispunkt,koht,,,,
kogunemine,,,,sündmus,tegevus
kogunemisaeg,,aeg,,,
kogunemiskoht,koht,,,,
kogunemispaik,koht,,,,
Koguva,koht,,,,
koguöine jumalateenistus,,,,sündmus,
kohakataloog,koht,,,,
kohake,koht,,,,
kohakene,koht,,,,
Kohala,koht,,,,
Kohala-Eesküla,koht,,,,
kohalik aeg,,aeg,,,
kohalik võim,koht,,,,abstr
kohalolek,,,seisund,,
kohalolu,,,seisund,,
kohal viibima,,,seisund,,
kohamuuseum,koht,,,,
kohanematus,,,seisund,,
kohanemus,,,seisund,,
Kohatu,koht,,,,
kohatäide,,,seisund,,
Koheri,koht,,,,
kohevil,,,seisund,,ADV_seisund
Kohila,koht,,,,
Kohima,koht,,,,
kohkumus,,,seisund,,
kohort,koht,,,,inimene
kohr,koht,,,,toit
koht,koht,,,,abstr
kohtamine,,,,sündmus,
kohting,,,,sündmus,
"koht, kus keiser jala käib",koht,,,,
Kohtla,koht,,,,
Kohtla-Järve,koht,,,,
Kohtla-Nõmme,koht,,,,
Kohtru,koht,,,,
kohtualluvus,,,seisund,,
kohtuasutus,koht,,,,in_roll
kohtuhoone,koht,,,,
kohtuhärrus,,,seisund,,
kohtuistung,,,,sündmus,
kohtujärelevalve,,,seisund,,
kohtujärg,koht,,,,ese_instru
kohtukoda,koht,,,,
kohtukolleegium,koht,,,,
kohtukull,koht,,,,"ese_kunst, tegevus"
kohtukõne,,,,sündmus,tegevus_kõnetegu
kohtulaud,koht,,,,
kohtulugu,,,,sündmus,tegevus
kohtumaja,koht,,,,
kohtumine,,,,sündmus,
kohtuministeerium,koht,,,,
kohtumispaik,koht,,,,
kohtumisõhtu,,,,sündmus,
kohtumõist,,,,sündmus,"nähtus_psühh, tegevus"
kohtumõistmine,,,,sündmus,"nähtus_psühh, tegevus"
kohtuorgan,koht,,,,in_roll
kohtupalat,koht,,,,
kohtupidamine,,,,sündmus,tegevus
kohtupäev,,aeg,,,
kohtusaaga,,,,sündmus,
kohtusaal,koht,,,,
kohtutee,,,,sündmus,tegevus
kohtuveskid jahvatavad,,,seisund,,tegevus
kohtvisiit,,,,sündmus,
kohus,koht,,,sündmus,"abstr, in_elukutse, nähtus_psühh, tegevus"
kohuslane,koht,,,,in_roll
kohustatus,,,seisund,,
kohustuslane,koht,,,,in_roll
kohutus,,,seisund,,
kohv,,,,sündmus,"materjal/aine, taim, toit_jook, toit_vili"
kohve,koht,,,,
kohviistandus,koht,,,,
kohvik,koht,,,,
kohvikklubi,koht,,,,
kohvik-pood,koht,,,,
kohvikpood,koht,,,,
kohviksöökla,koht,,,,
kohvikuõhtu,,,,sündmus,
kohvimaa,koht,,,,
kohvimaja,koht,,,,
kohvinurk,koht,,,,
kohvipaus,,aeg,,,
kohvipeatus,,,,sündmus,
kohviplantaaž,koht,,,,
kohvipood,koht,,,,
kohviröstla,koht,,,,
kohvituba,koht,,,,
kohviõhtu,,,,sündmus,
koiauk,koht,,,,
Koidanov,koht,,,,
koidik,,aeg,,,
Koidma,koht,,,,
Koidu,koht,,,,
koiduaeg,,aeg,,,
Koidu-Ellavere,koht,,,,
Koiduküla,koht,,,,
Koidula,koht,,,,
koidutund,,aeg,,,
Koiduvälja,koht,,,,
Koigera,koht,,,,
Koigi,koht,,,,
Koigi-Väljaküla,koht,,,,
Koigu,koht,,,,
Koikküla,koht,,,,
Koikla,koht,,,,
Koikse,koht,,,,
Koila,koht,,,,
Koimla,koht,,,,
Koimula,koht,,,,
Koipsi,koht,,,,
koit,,aeg,,,nähtus_loodus
Koitjärve,koht,,,,
Koiva,koht,,,,
koivaht,,aeg,,,inimene
Koiva jõgi,koht,,,,
Koivaliina,koht,,,,
Koivisto,koht,,,,
kojamaa,koht,,,,
Kojastu,koht,,,,
Kojdanava,koht,,,,
koju,koht,,,,
kojusõit,,,,sündmus,tegevus
kojutulek,,,,sündmus,tegevus
KOK,,,seisund,,
kokainism,,,seisund,,tegevus_tegu
kokakursus,,,,sündmus,
Kokand,koht,,,,
kokanduskursus,,,,sündmus,
Kokanurga,koht,,,,
Kokaviidika,koht,,,,
Koke,koht,,,,
Kokemäki,koht,,,,
Koki,koht,,,,
Kokkola,koht,,,,
kokkujooks,,,seisund,,
kokkukuuluvus,,,seisund,,
kokkulangevus,,,seisund,,
kokkuleppemäng,,,,sündmus,tegevus_mäng
kokkuminek,,,,sündmus,"nähtus_loodus, tegevus, tegevus_tegu"
kokkuost,koht,,,,tegevus
kokkuostja,koht,,,,inimene
kokkuostupunkt,koht,,,,
kokkupuuteala,koht,,,,
kokkupuutekoht,koht,,,,abstr
kokkupuutepind,koht,,,,
kokkupõrge,,,,sündmus,"abstr, tegevus_kõnetegu"
kokkusaamine,,,,sündmus,tegevus_tegu
kokkutulek,,,,sündmus,
kokkuveotee,koht,,,,
Koknese,koht,,,,
Kokora,koht,,,,
Kokre,koht,,,,
koksartroos,,,seisund,,
Koksi,koht,,,,
koksiit,,,seisund,,
Koksvere,koht,,,,
kokteilibaar,koht,,,,
kokteiliõhtu,,,,sündmus,
koktsidioos,,,seisund,,
Koktšetav,koht,,,,
Kokuta,koht,,,,
Kokõ,koht,,,,
Kokõjüri,koht,,,,
Kokõmäe,koht,,,,
kolahoov,koht,,,,
Koldamäe,koht,,,,
koldeesine,koht,,,,omadus_koht
koldekumm,koht,,,,
koldküps,,,seisund,,omadus
koldküpsus,,,seisund,,
koledus,,,seisund,,"ese, nähtus_psühh, omadus_kval"
kolemaja,koht,,,,
Kolepi,koht,,,,
koletsüstiit,,,seisund,,
Kolga,koht,,,,
Kolga-Aabla,koht,,,,
Kolga-Jaani,koht,,,,
Kolgaküla,koht,,,,
Kolga laht,koht,,,,
kolgas,koht,,,,
Kolgata,koht,,,,
kolgata,,,seisund,sündmus,
Kolgata mägi,koht,,,,
Kolgata tee,,,seisund,sündmus,
kolgatatee,,,seisund,sündmus,
Kolgu,koht,,,,
Kolgujev,koht,,,,
kolh,koht,,,,
kolhoos,koht,,,,"grupp, inimene"
kolienteriit,,,seisund,,
koliit,,,seisund,,
kolikamber,koht,,,,
kolikambris,,,seisund,,
Kolila,koht,,,,
Koljaku,koht,,,,
Koljala,koht,,,,
koljumurd,,,seisund,,
koljutrauma,,,seisund,,
Kolka,koht,,,,
kolkaküla,koht,,,,
kolkalinn,koht,,,,
Kolkata,koht,,,,
Kolkja,koht,,,,
kollakus,,,seisund,,omadus_füüs_värv
kollanaast,,,seisund,,
Kollane jõgi,koht,,,,
Kollane meri,koht,,,,
kollanägemine,,,seisund,,
kollapalavik,,,seisund,,
kollaps,,,seisund,,"nähtus, nähtus_loodus"
kollasus,,,seisund,,"omadus_füüs_värv, omadus_kval"
kollatõbi,,,seisund,,
kolle,koht,,,,ese_instru
kolledž,koht,,,,
kolleegium,koht,,,sündmus,"in_elukutse, inimene"
kollektiivliige,koht,,,,
kollektiivne immuunsus,,,seisund,,nähtus
kollektiivpuhkus,,,seisund,,
kollektor,koht,,,,
kollenakkus,,,seisund,,
kolletamispäev,,aeg,,,
Kolli,koht,,,,
kollimatsioon,,,seisund,,VERB_tegevus
Kollino,koht,,,,
kollisioon,,,,sündmus,
kolloidolek,,,seisund,,
kollokvium,,,,sündmus,tegevus_kõnetegu
kolm,,aeg,,,"esitus_arv, konkr, omadus_kval"
kolmandad riigid,koht,,,,
kolmandikaeg,,aeg,,,
kolmapäev,,aeg,,,esitus
Kolmas Maailm,koht,,,,
Kolmas Reich,koht,,,,
Kolmas Riik,koht,,,,
kolmekogu,koht,,,,"grupp, inimene"
kolmekuningapäev,,aeg,,,
kolmekõne,,,,sündmus,tegevus
kolmekümnendad,,aeg,,,
kolmepäevakoht,koht,,,,
kolmepäevapalavik,,,seisund,,
kolmesuvine,,aeg,,,
kolmikjaotus,,,seisund,,nähtus
kolmikmõrv,,,,sündmus,tegevus_tegu
kolmiknegatiivne rinnavähk,,,seisund,,
kolmikvõit,,,,sündmus,
kolmkuu,,aeg,,,esitus
kolmnurk,,,seisund,,"abstr/konkr, ese_instru, esitus_kujutis"
kolmnurkviil,koht,,,,
kolmteist,,aeg,,,"esitus_arv, omadus"
kolmveerand,,aeg,,,"esitus_arv, konkr"
kolmveerandtund,,aeg,,,
Kolo,koht,,,,
Kolodavitsa,koht,,,,
Kolomna,koht,,,,
kolonaat,,,seisund,,
koloniaalaeg,,aeg,,,
koloniaalajastu,,aeg,,,
koloniaalimpeerium,koht,,,,
koloniaalkauplus,koht,,,,
koloniaalmaa,koht,,,,
koloniaalriik,koht,,,,
koloniaalsõda,,,,sündmus,
koloniaalvaldus,koht,,,,
koloniaalvõim,koht,,,,"abstr/konkr, in_roll"
kolonn,koht,,,,"ese_instru, ese_kunst, inimene"
kolonnaad,koht,,,,
koloonia,koht,,,,"grupp, in_omadus, loom"
Koloreinu,koht,,,,
kolorektaalvähk,,,seisund,,
koloss,koht,,,,"ese, esitus_kujutis, in_omadus"
Kolossova,koht,,,,
kolpiit,,,seisund,,
Kolpin,koht,,,,
koltushaigus,,,seisund,,
Kolu,koht,,,,
kolumbaarium,koht,,,,
Kolumbia,koht,,,,
Koluta,koht,,,,
Koluvere,koht,,,,
Kolõma,koht,,,,
komandanditund,,aeg,,,
komandantuur,koht,,,,
komando,koht,,,,"in_elukutse, tegevus_kõnetegu"
komando all,,,seisund,,
komandopunkt,koht,,,,
Komandorisaared,koht,,,,
komandosild,koht,,,,
Komarovka,koht,,,,
Komarovo,koht,,,,
kombainilaava,koht,,,,
kombetalitus,,,,sündmus,tegevus_tegu
kombetäitmine,,,,sündmus,"tegevus, tegevus_tegu"
kombijaam,koht,,,,
kombinaat,koht,,,,
kombinaatteater,koht,,,,
kombits,,,seisund,,kehaosa_loom
kombluspolitsei,koht,,,,in_roll
komblusvalve,koht,,,,tegevus
komblusvalvur,koht,,,,in_roll
komedoon,,,seisund,,
komejant,,,,sündmus,"abstr/konkr, ese_kunst, in_roll"
komfort,,,seisund,,nähtus_psühh
Komi,koht,,,,
komiits,,,,sündmus,
Komimaa,koht,,,,
Komi-Permi autonoomne ringkond,koht,,,,
komisjon,koht,,,,inimene
komisjonipood,koht,,,,
komistus,,,,sündmus,"nähtus, tegevus_tegu"
komistuskivi,,,seisund,,abstr/konkr
komitaat,koht,,,,
komitee,koht,,,,inimene
kommerss,,,,sündmus,
kommertsgümnaasium,koht,,,,
kommertskohus,koht,,,,
kommertskool,koht,,,,
kommertspank,koht,,,,
kommertsraadio,koht,,,,
kommipood,koht,,,,
kommivabrik,koht,,,,
kommunaalamet,koht,,,,
kommunaalettevõte,koht,,,,
kommunaalkorter,koht,,,,
kommunaalmaja,koht,,,,
kommuun,koht,,,,
Komoori,koht,,,,
Komoorid,koht,,,,
Komoori saared,koht,,,,
Komorra,koht,,,,
kompanii,koht,,,,inimene
Kompassi,koht,,,,
kompetentsikeskus,koht,,,,
kompjalg,,,seisund,,
kompjalgsus,,,seisund,,
kompkabi,,,seisund,,
kompleks,,,seisund,,"abstr, konkr, vald"
kompleksvõistlus,,,,sündmus,
komplikatsioon,,,seisund,,"abstr/konkr, nähtus"
komplitseeritus,,,seisund,,
kompositsiooniklass,koht,,,,
komppöid,,,seisund,,
kompressioon,,,seisund,,"nähtus, tegevus"
kompulsiivne söömishäire,,,seisund,,
Komsi,koht,,,,
komsomol,koht,,,,in_roll
komsomolikomitee,koht,,,,in_roll
komsomolikoosolek,,,,sündmus,
komsomoliorganisatsioon,koht,,,,inimene
Komsomolsk Amuuri ääres,koht,,,,
komtuurkond,koht,,,,
komu,,,seisund,,in_roll
komöödiateater,koht,,,,
kondiitriäri,koht,,,,
kondinõrkus,,,seisund,,
kondiproov,,,,sündmus,"abstr/konkr, tegevus_tegu"
konditsioon,,,seisund,,
kondivalu,,,seisund,,
kondomiinium,koht,,,,abstr/konkr_omadus
Kondopoga,koht,,,,
kondroom,,,seisund,,
Konduši,koht,,,,
kondüloom,,,seisund,,
Konevets,koht,,,,
Konevitsa,koht,,,,
konflikt,,,seisund,sündmus,
konfliktitus,,,seisund,,
konfliktsituatsioon,,,seisund,,
konformism,,,seisund,,nähtus_psühh
konfrontatsioon,,,seisund,,abstr
konföderatsioon,koht,,,,abstr/konkr
kong,koht,,,,ese_instru
kongestioon,,,seisund,,
konglomeraat,koht,,,,"abstr/konkr, materjal/aine"
Kongo,koht,,,,
Kongo-Brazzaville,koht,,,,
Kongo DV,koht,,,,
Kongo-Kinshasa,koht,,,,
kongregatsioon,koht,,,,inimene
kongress,koht,,,sündmus,in_roll
Konguta,koht,,,,
konjakimaja,koht,,,,
Konju,koht,,,,
konjunktiviit,,,seisund,,
konjunktuur,,,seisund,,
konkista,,aeg,,,
konklaav,koht,,,sündmus,in_elukutse
konkrement,,,seisund,,nähtus_loodus
konku,koht,,,,
konkubinaat,,,seisund,,
konkurentsiamet,koht,,,,
konkurss,,,,sündmus,"abstr/konkr, tegevus"
konn,koht,,,,"in_omadus, loom, tegevus, toit_jook"
konnaoja,koht,,,,
Konnapere,koht,,,,
konnaränne,,,,sündmus,
konnasilm,,,seisund,,nähtus
konnatalgud,,,,sündmus,
konservatoorium,koht,,,,
konservimine,,,seisund,,tegevus
konservitsehh,koht,,,,
konsistoorium,koht,,,,in_roll
konsool,koht,,,,ese_instru
konsortsium,koht,,,,"grupp, organism"
konspiratiivkorter,koht,,,,
konspiratsioon,,,seisund,,"tegevus, tegevus_kõnetegu, tegevus_tegu"
konstaablijaoskond,koht,,,,
konstaablipunkt,koht,,,,
Konstanz,koht,,,,
Konstantinoopol,koht,,,,
konstellatsioon,,,seisund,,"abstr/konkr, nähtus_loodus, tegevus"
konstitutsioonikohus,koht,,,,
konstitutsioonipäev,,aeg,,,
konstrueerimisbüroo,koht,,,,
konstruktsioon,koht,,,,"abstr, abstr/konkr, ese_instru, esitus_keel, tegevus"
Konsu,koht,,,,
Konsu järv,koht,,,,
konsulaaresindus,koht,,,,
konsulaarkriis,,,seisund,,
konsulaat,koht,aeg,,,
konsultatiivkohtumine,,,,sündmus,
konsultatsioon,,,,sündmus,tegevus_tegu
konsultatsioonifirma,koht,,,,
kontaktkoosolek,,,,sündmus,
kontaktpind,koht,,,,
kontakttund,,,,sündmus,
kontaminatsioon,,,seisund,,"ese_semio, esitus_keel, nähtus"
konteinerhotell,koht,,,,
konteineriterminal,koht,,,,
konteinermaja,koht,,,,
konteinerterminal,koht,,,,
kontemplatsioon,,,seisund,,"abstr/konkr, tegevus"
kontinent,koht,,,,
kontor,koht,,,,
kontorihoone,koht,,,,
kontraforss,koht,,,,
kontrahent,koht,,,,in_roll
kontraktuur,,,seisund,,
kontreskarp,koht,,,,
kontrollaeg,,aeg,,,esitus_mõõt
kontrolletendus,,,,sündmus,
kontrolli all,,,seisund,,
kontrolli alla,,,seisund,,
kontrolli alt,,,seisund,,
kontrollikoda,koht,,,,
kontrollkaev,koht,,,,
kontrollkäik,,,,sündmus,tegevus_tegu
kontrollorgan,koht,,,,inimene
kontrollpost,koht,,,,in_roll
kontrollpunkt,koht,,,,
kontrollreid,,,,sündmus,tegevus_tegu
kontrollvõistlus,,,,sündmus,
kontrollõppus,,,,sündmus,
kontsentratsioonilaager,koht,,,,
kontserdihall,koht,,,,
kontserdihoone,koht,,,,
kontserdikava,,,,sündmus,"abstr/konkr, ese_kunst"
kontserdilava,koht,,,,ese_instru
kontserdimaja,koht,,,,
kontserdiosa,,,,sündmus,
kontserdireis,,,,sündmus,tegevus
kontserdisaal,koht,,,,
kontserditurnee,,,,sündmus,tegevus
kontserdituur,,,,sündmus,tegevus
kontsert,,,,sündmus,"ese_kunst, nähtus_füüs"
kontsertaktus,,,,sündmus,
kontsertetendus,,,,sündmus,
kontsertettekanne,,,,sündmus,tegevus_tegu
kontsertjumalateenistus,,,,sündmus,
kontsertosa,,,,sündmus,
kontsertreis,,,,sündmus,tegevus
kontsertsaal,koht,,,,
kontsertturnee,,,,sündmus,tegevus
kontserttuur,,,,sündmus,tegevus
kontsessionäär,koht,,,,in_elukutse
kontsiil,koht,,,,in_roll
Kontupohja,koht,,,,
kontusioon,,,seisund,,
konurbatsioon,koht,,,,
Konuvere,koht,,,,
konvendihoone,koht,,,,
konvent,koht,,,sündmus,in_roll
konverents,,,,sündmus,
konverentsikeskus,koht,,,,
konverentsipäev,,aeg,,,
konverentsisaal,koht,,,,
konverentskõne,,,,sündmus,
konvergents,,,seisund,,"abstr/konkr, esitus_keel, nähtus_loodus"
Konya,koht,,,,
koobas,koht,,,,kehaosa
koobaselamu,koht,,,,
koobaskelder,koht,,,,
koobaskäik,koht,,,,
koobaslinn,koht,,,,
Koobassaare,koht,,,,
koobassaun,koht,,,,
koobastik,koht,,,,
Koogi,koht,,,,
Koogimäe,koht,,,,
Koogiste,koht,,,,
Koogu,koht,,,,
Kookla,koht,,,,
kookon,,,seisund,,"ese_instru, kehaosa_loom"
Kookossaared,koht,,,,
kool,koht,,,sündmus,"abstr, abstr/konkr, inimene, materjal/aine, nähtus_loodus, tegevus"
Koola,koht,,,,
Koola poolsaar,koht,,,,
koold,koht,,,,kehaosa
kooldumus,,,seisund,,
koole,koht,,,,
koolera,,,seisund,,
kooleraepideemia,,,seisund,,
koolerataud,,,seisund,,
Kooli,koht,,,,
kooliaasta,,aeg,,,
kooliaed,koht,,,,
kooliaeg,,aeg,,,
koolialgus,,aeg,,,
koolieksam,,,,sündmus,tegevus
koolihoone,koht,,,,
kooliiga,,aeg,,,
koolikud,,,seisund,,
kooliküpsus,,,seisund,,
koolilaat,,,,sündmus,
koolilava,koht,,,,
koolilõpp,,,,sündmus,
koolimaa,koht,,,,
koolimaja,koht,,,,
koolimetskond,koht,,,,
kooliminek,,,,sündmus,
Koolimäe,koht,,,,
Koolina nulk,koht,,,,
kooliolud,,,seisund,,
koolipidaja,koht,,,,
koolipidu,,,,sündmus,
koolipõli,,aeg,,,
koolipõlv,,aeg,,,
koolipäev,,aeg,,,
kooliraadio,koht,,,,
kooliruum,koht,,,,
koolisöökla,koht,,,,
koolitalv,,aeg,,,
kooliteater,koht,,,,
koolitee,koht,,,,tegevus
koolituba,koht,,,,
koolitulistamine,,,,sündmus,
koolitund,,,,sündmus,
koolitus,,,,sündmus,tegevus
koolitusfirma,koht,,,,
koolituskeskus,koht,,,,
koolituspäev,,aeg,,sündmus,
koolitusreis,,,,sündmus,tegevus
koolitusseminar,,,,sündmus,
koolivaheaeg,,aeg,,,
koolivalmidus,,,seisund,,
koolivõrk,koht,,,,
kooljakuu,,aeg,,,esitus
kooljaluu,,,seisund,,ese
koolkodu,koht,,,,
Koolma,koht,,,,
Koolmajärve,koht,,,,
koolmekoht,koht,,,,
kooma,,,seisund,,nähtus_füüs
koomaseisund,,,seisund,,
koomika,,,seisund,,nähtus_psühh
koomits,koht,,,,
koondamislaine,,,,sündmus,
koondelisus,,,seisund,,nähtus_loodus
koondis,koht,,,,"inimene, in_tegija"
koondumiskoht,koht,,,,
koondumispaik,koht,,,,
koondumus,,,seisund,,
koondus,,,,sündmus,
koonduslaager,koht,,,,
koone,,,seisund,,nähtus_loodus
Koonga,koht,,,,
Koonu,koht,,,,
koopajää,koht,,,,
koopasuu,koht,,,,
kooperatiiv,koht,,,,
kooperatiivelamu,koht,,,,
kooperatiivkorter,koht,,,,
kooperatiivmaja,koht,,,,
koopiamaja,koht,,,,
Koopsi,koht,,,,
koor,koht,,,,"ese_kunst, inimene, materjal/aine, nähtus_psühh, toit, toit_jook"
Kooraste,koht,,,,
Koordi,koht,,,,
koordinatsioonibüroo,koht,,,,
koordinatsioonikeskus,koht,,,,
koordineerimiskeskus,koht,,,,
koordineerimisnõupidamine,,,,sündmus,
koordineeritus,,,seisund,,nähtus
koorealune,koht,,,,omadus_koht
koorejaam,koht,,,,
koorelõhe,,,seisund,,
koorepragu,,,seisund,,
koorepõletik,,,seisund,,
koorerebend,koht,,,,
kooriharjutus,,,,sündmus,tegevus_tegu
koorija,koht,,,,"ese, in_tegija"
koorilõpmik,koht,,,,ese_kunst
kooripealne,koht,,,,
kooriproov,,,,sündmus,tegevus_tegu
kooriruum,koht,,,,
kooris,,,seisund,,
Koorküla,koht,,,,
Koorla,koht,,,,
koormus,,,seisund,,"nähtus_füüs, VERB_seisund"
koormusastma,,,seisund,,
koormusnorm,,,seisund,,
Koorvere,koht,,,,
koos,koht,aeg,,,"abstr, abstr_asend/suund, abstr/konkr, konkr"
Koosa,koht,,,,
koosa,,,seisund,,
Koosalaane,koht,,,,
kooseksisteerimine,,,seisund,,nähtus
kooseksistents,,,seisund,,nähtus
kooselu,,,seisund,,
koosistumine,,,,sündmus,
kooskõlastamatus,,,seisund,,
kooskõlastatus,,,seisund,,nähtus
kooskäimine,,,,sündmus,
kooskäimiskoht,koht,,,,
koosloomepäevak,,,,sündmus,
koosolek,,,,sündmus,inimene
koosolemine,,,,sündmus,
koosoleng,,,,sündmus,
koostetehas,koht,,,,
koostootmisjaam,koht,,,,
koostööpartner,koht,,,,inimene
koostöövalmidus,,,seisund,,
koosviibimine,,,,sündmus,
Kootsi,koht,,,,
Koovi,koht,,,,
Koovälja,koht,,,,
Kopa,koht,,,,
Kopenhaagen,koht,,,,
Kopetdag,koht,,,,
kopitus,,,seisund,,nähtus
Kopli,koht,,,,
kopliaed,koht,,,,ese_instru
Kopli laht,koht,,,,
Kopli liinid,koht,,,,
Kopli poolsaar,koht,,,,
Koplitaguse,koht,,,,
koppel,koht,,,,
Koppelmaa,koht,,,,
kopp on ees,,,seisund,,
kopratamm,koht,,,,
koprolaalia,,,seisund,,tegevus_kõnetegu
kopsuabstsess,,,seisund,,
kopsuastma,,,seisund,,
kopsuemboolia,,,seisund,,
kopsuemfüseem,,,seisund,,
kopsugangreen,,,seisund,,
kopsuhaigus,,,seisund,,
kopsukasvaja,,,seisund,,
kopsukatarr,,,seisund,,
kopsukatk,,,seisund,,
kopsukavern,,,seisund,,
kopsukelmepõletik,,,seisund,,
kopsuklamüdioos,,,seisund,,
kopsuklamüüdia,,,seisund,,organism
kopsukollaps,,,seisund,,
kopsukorditus,,,seisund,,
kopsumädanik,,,seisund,,
kopsupuhitus,,,seisund,,
kopsupõletik,,,seisund,,
kopsutiisikus,,,seisund,,
kopsutolmumus,,,seisund,,
kopsutuberkuloos,,,seisund,,
kopsuturse,,,seisund,,
kopsutühik,,,seisund,,
kopsuverejooks,,,seisund,,
kopsuvähk,,,seisund,,
kopsuödeem,,,seisund,,
kopteriplats,koht,,,,
kopteriväljak,koht,,,,
kopti kirik,koht,,,,in_omadus
koraanikool,koht,,,,
Korallimeri,koht,,,,
korallisaar,koht,,,,
korallsaar,koht,,,,
Korba,koht,,,,
kord,koht,aeg,seisund,sündmus,"abstr, abstr/konkr, ADV_aeg, ADV_modaalsus, ese_semio, esitus, kogus, materjal/aine"
kordamistund,,,,sündmus,
Kordiljeerid,koht,,,,
korditus,,,seisund,,
kordodroom,koht,,,,
Kordofan,koht,,,,
kordon,koht,,,,taim_omadus
kord-paar,,aeg,,,
korduskontsert,,,,sündmus,
korduskoosolek,,,,sündmus,
kordusvalimised,,,,sündmus,
kordusõppus,,,,sündmus,
Korea,koht,,,,
korea,,,seisund,,
Korea poolsaar,koht,,,,
Korea väin,koht,,,,
Korela,koht,,,,
Korfu,koht,,,,
korgas,koht,,,,
Korgõmõisa,koht,,,,
Korgõssaarõ,koht,,,,
koridor,koht,,,,in_roll
Korijärve,koht,,,,
Kórinthos,koht,,,,
Korintos,koht,,,,
koristusaeg,,aeg,,,
koristuskaeveõõs,koht,,,,
korjamisaeg,,aeg,,,
korjandus,,,,sündmus,
korjeaeg,,aeg,,,
korjemaa,koht,,,,
Korju,koht,,,,
Korjuse,koht,,,,
korjusepäev,,aeg,,,
Korkuna,koht,,,,
Kornitsa,koht,,,,
Koroljov,koht,,,,
koronaarhaigus,,,seisund,,
koronts,,,seisund,,objekt_loodus
koroona,,,seisund,,"nähtus_füüs, tegevus_mäng"
koroona-aasta,,aeg,,,
koroonaaeg,,aeg,,,
koroonaepideemia,,,seisund,,
koroonahaigus,,,seisund,,
koroonajuhtum,,,,sündmus,
koroonakolle,koht,,,,
koroonakriis,,,seisund,,
koroonanakkus,,,seisund,,
koroonane,,,seisund,,omadus
koroonapandeemia,,,seisund,,
koroonaviirushaigus,,,seisund,,
Koror,koht,,,,
korp,koht,,seisund,,"grupp, loom_lind, taim, toit"
korp!,koht,,,,grupp
korplööve,,,seisund,,
korporatsioon,koht,,,,grupp
korpus,koht,,,,"ese_instru, ese_semio, esitus_info, esitus_kujutis, in_elukutse, in_roll"
korpustaru,koht,,,,
korrakaitsepunkt,koht,,,,
korral,,aeg,,sündmus,
korralagedus,,,seisund,,
korraldaja,koht,,,,in_roll
korraldamatus,,,seisund,,
korralduskomitee,,,,sündmus,"inimene, in_roll"
korraldustoimkond,,,,sündmus,"inimene, in_roll"
korrapära,,,seisund,,"omadus_aeg, omadus_füüs"
korrapärasus,,,seisund,,"omadus_aeg, omadus_füüs"
korras,,,seisund,,"ADV_seisund, ADV_viis"
korratu,,,seisund,,omadus_kval
korratus,,,seisund,,tegevus_tegu
korris,koht,,,,
korrus,koht,,,,"ese, esitus"
korruselamu,koht,,,,
korrusmaja,koht,,,,
korrusparkla,koht,,,,
Korsika,koht,,,,
Korski,koht,,,,
korso,koht,,,sündmus,
korsten,koht,,,,ese
korstnalõõr,koht,,,,
korstnapits,koht,,,,
korteež,,,,sündmus,"abstr, inimene"
korter,koht,,,,
korterelamu,koht,,,,
korterikitsikus,,,seisund,,
korteriolud,,,seisund,,
korteriomanik,koht,,,,in_omadus
korteritingimused,,,seisund,,
korteriühistu,koht,,,,esitus
kortermaja,koht,,,,
kortermuuseum,koht,,,,
kortsneer,,,seisund,,kehaosa
Koruste,koht,,,,
korvialune,koht,,,,omadus_koht
korvpalliklubi,koht,,,,in_tegija
korvpallimäng,,,,sündmus,tegevus_mäng
korvpalliplats,koht,,,,
korvpallitreening,,,,sündmus,tegevus
korvpallitrenn,,,,sündmus,tegevus
korvpalliväljak,koht,,,,
Kose,koht,,,,
Kose-Uuemõisa,koht,,,,
Koseveski,koht,,,,
kosilane,koht,,,,in_roll
kosjakontor,koht,,,,
kosk,koht,,,,esitus_mõõt
kosmodroom,koht,,,,
kosmos,koht,,,,taim
kosmoseagentuur,koht,,,,
kosmoseajastu,,aeg,,,
kosmoseavarus,koht,,,,
kosmosekeskus,koht,,,,
kosmoselabor,koht,,,,
kosmosereis,,,,sündmus,tegevus
kosmosesajand,,aeg,,,
Kosova,koht,,,,
Kosovo,koht,,,,
Kossa,koht,,,,
kossutrenn,,,,sündmus,
Kosta,koht,,,,
Kostamus,koht,,,,
Kostanaj,koht,,,,
kostil,,,seisund,,ADV_viis
kostile,,,seisund,,ADV_viis
Kostiranna,koht,,,,
kostitus,,,seisund,,tegevus
Kostivere,koht,,,,
Kostkova,koht,,,,
Kostomukša,koht,,,,
Kostroma,koht,,,,
kostüümiladu,koht,,,,
kostüümipidu,,,,sündmus,
Kosu,koht,,,,
Košice,koht,,,,
Kozhikode,koht,,,,
kotedž,koht,,,,
Kotelnika,koht,,,,
Kotelniki,koht,,,,
Kotinuka,koht,,,,
Kotka,koht,,,,
Kotkasaar,koht,,,,
Kotlandi,koht,,,,
Kotlas,koht,,,,
Kotlin,koht,,,,
Kotlõ,koht,,,,
Kotsma,koht,,,,
Kotšinhiina,koht,,,,
kott,koht,,,,"abstr/konkr_omadus, ese, ese_riie, esitus_mõõt, kehaosa, toit"
Kotte,koht,,,,
kotthaue,,,seisund,,
kotti,,,seisund,,
kottis,,,seisund,,
kottpime,,,seisund,,omadus_füüs
kottpimedus,,,seisund,,
kott-tõbi,,,seisund,,
kottu,koht,,,,
kotus,koht,,,,
Kouvola,koht,,,,
Kovaši,koht,,,,
Kovel,koht,,,,
kovisioon,,,,sündmus,abstr
Kovrov,koht,,,,
Koväslova,koht,,,,
kp,,aeg,,,"esitus, esitus_arv"
kpl,koht,,,,esitus
kr,koht,,,,"esitus, esitus_info, in_rahvas_keel"
kraabe,koht,,,,
kraal,koht,,,,ese_instru
Kraasna,koht,,,,
kraater,koht,,,,
kraaton,koht,,,,
kraatrijärv,koht,,,,
kraav,koht,,,,esitus
Kraavi,koht,,,,
kraaviperv,koht,,,,
kraavitrass,koht,,,,
kraaviäär,koht,,,,
Krabi,koht,,,,
Krabilova,koht,,,,
kraes,,,seisund,,
kraesse,,,seisund,,
kraevahe,koht,,,,
krae vahel,koht,,seisund,,
krae vahele,koht,,seisund,,
krahh,,,seisund,sündmus,nähtus_psühh
krahvkond,koht,,,,
Krakatau,koht,,,,
Krakolje,koht,,,,
Krakov,koht,,,,
Kraków,koht,,,,
Kralendijk,koht,,,,
Kramatorsk,koht,,,,
krambihoog,,,seisund,,
krambis,,,seisund,,ADV_seisund
kramp,,,seisund,,"ese_instru, nähtus_loodus"
krampi,,,seisund,,ADV_seisund
krampis,,,seisund,,ADV_seisund
kramptõbi,,,seisund,,
kraniosünostoos,,,seisund,,
Kranjska,koht,,,,
Krantsova,koht,,,,
Krāslava,koht,,,,
Krasnaja Poljana,koht,,,,
Krasnodar,koht,,,,
Krasnodon,koht,,,,
Krasnogorodskoje,koht,,,,
Krasnojarsk,koht,,,,
Krasnokokšaisk,koht,,,,
Krasnovodsk,koht,,,,
Krasnõi,koht,,,,
krediidiasutus,koht,,,,
krediidipank,koht,,,,
krediidiühistu,koht,,,,
krediit,,,seisund,,"abstr/konkr, ese_raha"
krediitpank,koht,,,,
kreeditor,koht,,,,in_omadus
kreeditorriik,koht,,,,
Kreeka,koht,,,,
Kreekaküla,koht,,,,
kreen,,,seisund,,
Kreenholm,koht,,,,
Kreenholmi,koht,,,,
kreeps,,,seisund,,nähtus_psühh
Kreeta,koht,,,,
Krei,koht,,,,
kreis,koht,,,,
kreisikohus,koht,,,,
kreisilinn,koht,,,,
kreisivaba linn,koht,,,,
kreiskool,koht,,,,
krematoorium,koht,,,,
Krementšug,koht,,,,
Krementšuk,koht,,,,
Kremessova,koht,,,,
Kreml,koht,,,,in_roll
kreml,koht,,,,
kreperii,koht,,,,
krepitatsioon,,,seisund,,
Kretinga,koht,,,,
kretinism,,,seisund,,
Kriguli,koht,,,,
kriidiajastu,,aeg,,,
kriidikalju,koht,,,,
kriik,koht,,,,
Kriilevälja,koht,,,,
kriim,,,seisund,,"abstr, abstr/konkr, esitus_kujutis, omadus_füüs, omadus_füüs_värv"
Kriimani,koht,,,,
kriimunäoline,,,seisund,,
kriimustus,,,seisund,,esitus_kujutis
kriis,,,seisund,sündmus,
kriisiistung,,,seisund,,
kriisikolle,koht,,,,
kriisikoosolek,,,,sündmus,
kriisinõupidamine,,,,sündmus,
kriisiolukord,,,seisund,,
kriisipiirkond,koht,,,,
kriisisituatsioon,,,seisund,,
kriisivalmidus,,,seisund,,
kriisivalmisolek,,,seisund,,
kriit,,aeg,,,"ese_instru, materjal/aine"
kriitiline punkt,,,seisund,,
Kriiva,koht,,,,
krill,,,seisund,,loom
kriminaaljälitus,koht,,,,tegevus
kriminaalkohus,koht,,,,
kriminaalne joove,,,seisund,,
kriminaalpolitsei,koht,,,,in_elukutse
kriminaaltalitus,koht,,,,
Krimm,koht,,,,
Krimmi poolsaar,koht,,,,
kringel,,,seisund,,toit
kripeldus,,,seisund,,VERB_seisund
kripo,koht,,,,in_elukutse
kristalliöö,,,,sündmus,
Kristianstad,koht,,,,
Kristiinankaupunki,koht,,,,
Kristiine,koht,,,,
kriteerium,,,,sündmus,abstr/konkr
Krivoi Rog,koht,,,,
Kroaatia,koht,,,,
krohvlagi,koht,,,,
krokodillifarm,koht,,,,
kromlehh,koht,,,,
kromosfäär,koht,,,,
kromosoomhaigus,,,seisund,,
kromosoomihaigus,,,seisund,,
Kronoberg,koht,,,,
krookes,,,seisund,,
krookesse,,,seisund,,
kroon,,,,sündmus,"abstr/konkr_omadus, ese, ese_instru, ese_kunst, ese_raha, esitus_kujutis, in_roll, kehaosa, nähtus_psühh, objekt_loodus, taim"
kroonimets,koht,,,,abstr
kroonimurd,,,seisund,,
Kroonlinn,koht,,,,
kroonrooste,,,seisund,,
kroonu,koht,,,,"abstr/konkr, tegevus"
kroonuasutus,koht,,,,
kroonugümnaasium,koht,,,,
kroonukool,koht,,,,
kroonu leib,,,seisund,,
kroonuleib,,,seisund,,
kroonumaa,koht,,,,
kroonumõis,koht,,,,
kroonupalat,koht,,,,
kroonupüha,,aeg,,sündmus,
kroonuteenistus,,,seisund,,tegevus
kroonuvald,koht,,,,
kroonvärk,koht,,,,
Krootuse,koht,,,,
Kropkova,koht,,,,
Kropkuva,koht,,,,
Kropõvnõtskõi,koht,,,,
kross,,,,sündmus,"abstr, ese_raha, tegevus"
krossing,koht,,,,tegevus
krossirada,koht,,,,
krossisõit,,,,sündmus,"tegevus, vald"
krossivõistlus,,,,sündmus,
krousi,,,seisund,,
krousis,,,seisund,,omadus_füüs
krs,koht,,,,esitus
krt,koht,,,,esitus_keel_suhtlus
kruiis,,,,sündmus,tegevus
Krundiküla,koht,,,,
krunt,koht,,,,materjal/aine
Krupa,koht,,,,
krupoosne,,,seisund,,omadus
krupp,,,seisund,,
kruusaauk,koht,,,,
kruusakarjäär,koht,,,,
kruusakas,koht,,,,
kruusatee,koht,,,,
kruvid logisevad,,,seisund,,
krõbedus,,,seisund,,tegevus_kõnetegu
krõks,,,seisund,,"nähtus_füüs, nähtus_psühh, omadus_füüs"
Krõvõi Rig,koht,,,,
Krõvõi Rih,koht,,,,
kräkk,,,,sündmus,"ese_semio, materjal/aine"
Kräsuli,koht,,,,
kräu,,,,sündmus,omadus_füüs
krüpt,koht,,,,"kehaosa, omadus_füüs"
krüptorhism,,,seisund,,
Krüüdneri,koht,,,,
ksantelasm,,,seisund,,
ksantopsia,,,seisund,,
Kuala Lumpur,koht,,,,
Kuban,koht,,,,
Kubanimaa,koht,,,,
kube,koht,,,,
kubel,,,seisund,,
kubemepiirkond,koht,,,,
kubemesong,,,seisund,,
kubermang,koht,,,,
kubermangugümnaasium,koht,,,,
kubermangukeskus,koht,,,,
kubermangulinn,koht,,,,
kubermanguvalitsus,koht,,,,
Kubja,koht,,,,
kubrik,koht,,,,
Kudani,koht,,,,
kudeala,koht,,,,
kudekoht,koht,,,,
kudemisaeg,,aeg,,,
kudemisala,koht,,,,
kudemiskoht,koht,,,,
kudemispaik,koht,,,,
kudepaik,koht,,,,
Kudina,koht,,,,
Kudjape,koht,,,,
Kudruküla,koht,,,,
kudumisvabrik,koht,,,,
Kudõmkar,koht,,,,
Kugalepa,koht,,,,
kuhelik,koht,,,,konkr
kuhik,koht,,,,konkr
kuhikpeenar,koht,,,,abstr/konkr
kuhjatis,koht,,,,
kuhjatus,,,seisund,,
Kuhjavere,koht,,,,
kuhjemoreen,koht,,,,
kuhjerand,koht,,,,
kuhjeterrass,koht,,,,
kuhjevall,koht,,,,
kuhjevorm,koht,,,,
kuhjumus,,,seisund,,
Kuhmo,koht,,,,
Kuhu,koht,,,,
Kuiandi,koht,,,,
Kuiaru,koht,,,,
Kuiavere,koht,,,,
Kuibõšev,koht,,,,
Kuie,koht,,,,
Kuigatsi,koht,,,,
Kuigõ,koht,,,,
Kuijõe,koht,,,,
Kuimetsa,koht,,,,
Kuiperi vöö,koht,,,,
Kuiste,koht,,,,
kuiv,koht,,,,"nähtus, omadus_füüs, omadus_psühh"
Kuivajõe,koht,,,,
kuivalõhe,,,seisund,,
kuivamaasild,koht,,,,
kuivamislõhe,,,seisund,,
kuivamispragu,koht,,,,
kuivaperiood,,aeg,,,
kuiva silma sündroom,,,seisund,,
Kuivastu,koht,,,,
kuivati,koht,,,,"ese_instru, materjal/aine"
kuivatuskamber,koht,,,,ese_instru
kuivdokk,koht,,,,
kuive,,,seisund,,
kuivenduskraav,koht,,,,
kuivendusvõrk,koht,,,,
kuivklosett,koht,,,,
kuivkäimla,koht,,,,
kuiv köha,,,seisund,,
kuivkülgsus,,,seisund,,
kuivla,koht,,,,
kuivlaiksus,,,seisund,,
kuivmädanik,,,seisund,,
kuivmüür,koht,,,,
kuiv seadus,,,seisund,,
kuiv silm,,,seisund,,
kuivstepp,koht,,,,
kuivus,,,seisund,,"nähtus, omadus_psühh"
kuivustunne,,,seisund,,
kuja,koht,,,,
Kujaavia,koht,,,,
Kujawy,koht,,,,
Kujawy-Pomorze,koht,,,,
kujutelm,,,seisund,,"nähtus_psühh, tegevus"
kujutlus,,,seisund,,"nähtus_psühh, tegevus"
kujutus,,,seisund,,"abstr/konkr_omadus, esitus_kujutis, nähtus_psühh, tegevus"
Kuke,koht,,,,
kuke aasta,,aeg,,,
kukeaasta,,aeg,,,
kukekannus,,,seisund,,taim
Kukepala,koht,,,,
kukepea,,,seisund,,"abstr/konkr_omadus, esitus_keel_suhtlus"
Kukeranna,koht,,,,
Kukevere,koht,,,,
kukil,,,seisund,,abstr_asend/suund
kukile,,,seisund,,abstr_asend/suund
kukilt,,,seisund,,abstr_asend/suund
kuki-muki,,,seisund,,"abstr/konkr_omadus, esitus_keel_suhtlus"
kukimuki,,,seisund,,"abstr/konkr_omadus, esitus_keel_suhtlus"
Kukin Bereg,koht,,,,
Kukiranna,koht,,,,
Kukka,koht,,,,
kukkur,,,seisund,,"abstr, ese_instru, kehaosa_loom, taim"
Kukkusi,koht,,,,
Kukkuzi,koht,,,,
kuklakangestus,,,seisund,,
Kuklase,koht,,,,
Kuklasõ,koht,,,,
Kukruse,koht,,,,
Kuksema,koht,,,,
Kuksina,koht,,,,
Kuku,koht,,,,
Kukulinna,koht,,,,
Kukunor,koht,,,,
kukutamine,,,,sündmus,tegevus
kulbas,koht,,,,
kuldaeg,,aeg,,,
kuldajastu,,aeg,,,
Kuldhord,koht,,,,
Kuldīga,koht,,,,
kuldijaam,koht,,,,
kuldjuubel,,,,sündmus,
kuldne ajastu,,aeg,,,
kuldne tund,,aeg,,,
kuldpulm,,aeg,,sündmus,
Kuldre,koht,,,,
Kuldsarve laht,koht,,,,
Kuldsed Liivad,koht,,,,
kuldsponsor,koht,,,,in_roll
kulg,koht,,,,"nähtus, tegevus, tegevus_muutus"
Kulgu,koht,,,,
Kulina,koht,,,,
kulinaaria,koht,,,,"tegevus, vald"
kulinaarkauplus,koht,,,,
kuliss,koht,,,,ese
kulissidetagune,koht,,seisund,,"abstr/konkr, omadus, omadus_kval, tegevus"
Kulja,koht,,,,
Kulje,koht,,,,
kulka,koht,,,,
Kulkna,koht,,,,
Kulla,koht,,,,
Kullaaru,koht,,,,
Kullaga,koht,,,,
kullakaevandus,koht,,,,
kullakamber,koht,,,,
kullalootus,,,seisund,,in_omadus
Kullamaa,koht,,,,
Kullametsa,koht,,,,
Kullamäe,koht,,,,
kullamäed,,,seisund,,
Kullarannik,koht,,,,
kullassepaäri,koht,,,,
kullaturg,koht,,,,abstr/konkr
kullaväli,koht,,,,
Kullenga,koht,,,,
kullerfirma,koht,,,,
kullerifirma,koht,,,,
Kulli,koht,,,,
Kullimaa,koht,,,,
kulmuluu,koht,,,,kehaosa
Kulna,koht,,,,
kultus,,,seisund,,"nähtus_psühh, vald"
kultusekivi,koht,,,,
kultusekoht,koht,,,,
kultushoone,koht,,,,
kultuskivi,koht,,,,
kultuskoht,koht,,,,
kultuurala,koht,,,,abstr/konkr
kultuurheinamaa,koht,,,,
kultuuriala,koht,,,,abstr/konkr
kultuuriareaal,koht,,,,abstr/konkr
kultuuriasutus,koht,,,,
kultuurifond,koht,,,,
kultuurikandja,koht,,,,in_roll
kultuurikeskus,koht,,,,
kultuurikolle,koht,,,,
kultuurikõrb,koht,,,,
kultuurimaja,koht,,,,
kultuurimeka,koht,,,,
kultuuriministeerium,koht,,,,
kultuurimälestis,koht,,,,ese
kultuuripalee,koht,,,,
kultuuripealinn,koht,,,,
kultuuripiirkond,koht,,,,abstr/konkr
kultuuriprogramm,,,,sündmus,"abstr/konkr, ese_kunst, ese_semio"
kultuuripäev,,aeg,,sündmus,
kultuurireis,,,,sündmus,tegevus
kultuurirevolutsioon,,,,sündmus,tegevus
kultuurisündmus,,,,sündmus,
kultuurišokk,,,seisund,,
kultuuritempel,koht,,,,
kultuurivaramu,koht,,,,"ese_kunst, ese_semio"
kultuuriülikool,koht,,,,
kultuuriüritus,,,,sündmus,
kultuurkapital,koht,,,,
kultuurkarjamaa,koht,,,,
kultuurkond,koht,,,,abstr/konkr
kultuurmaa,koht,,,,
kultuurmaastik,koht,,,,
kultuurmaistu,koht,,,,
kultuurmets,koht,,,,taim
kultuurniit,koht,,,,
kultuurriik,koht,,,,
kultuurrohumaa,koht,,,,
kuluaar,koht,,,,
kulumus,,,seisund,,nähtus
Kulunda,koht,,,,
Kuluse,koht,,,,
kulutusrand,koht,,,,
kuluvus,,,seisund,,"nähtus, omadus_füüs"
Kuma,koht,,,,
Kumbli,koht,,,,
kumerselgsus,,,seisund,,
kumm,koht,,,,"ese_anum, ese_instru, ese_riie, materjal/aine"
Kumma,koht,,,,
kummaline sõda,,,,sündmus,
kummitusköök,koht,,,,
kummituslinn,koht,,,,
Kumna,koht,,,,
Kumu,koht,,,,
kumulatsioon,,,seisund,,nähtus
kund,koht,,,,abstr/konkr
Kunda,koht,,,,
Kundruse,koht,,,,
Kundsa,koht,,,,
Kungi,koht,,,,
Kungla,koht,,,,
kuni,,aeg,seisund,,nähtus
Kunila,koht,,,,
Kuninga,koht,,,,
kuningakoda,koht,,,,in_roll
Kuningaküla,koht,,,,
kuningalinn,koht,,,,
kuningaloss,koht,,,,
Kuningamäe,koht,,,,
kuningapalee,koht,,,,
Kuningate org,koht,,,,
kuningatiib,koht,,,,
kuningriik,koht,,,,"abstr, vald"
Kuninguste,koht,,,,
Kuningvere,koht,,,,
Kunksilla,koht,,,,
kunku,koht,,,,
Kunlun,koht,,,,
Kunming,koht,,,,
kunstiakadeemia,koht,,,,
kunstiasutus,koht,,,,
kunstifestival,,,,sündmus,
kunstigalerii,koht,,,,
kunstigümnaasium,koht,,,,
kunstikamber,koht,,,,
kunstikeskus,koht,,,,
kunstiklass,koht,,,,abstr
kunstikool,koht,,,,
kunstilaager,,,,sündmus,
kunstimuuseum,koht,,,,
kunstinädal,,,,sündmus,
kunstinäitus,,,,sündmus,
kunstioksjon,,,,sündmus,
kunstisalong,koht,,,,
kunstisündmus,,,,sündmus,
kunstitempel,koht,,,,
kunstiõppeasutus,koht,,,,
kunstiühing,koht,,,,
kunstiüritus,,,,sündmus,
kunstkoelmu,koht,,,,
Kunsu,koht,,,,
kuntrik,koht,,,,
Kuokkala,koht,,,,
Kūolka,koht,,,,
Kuopio,koht,,,,
kuperoosa,,,seisund,,
kuperoosne,,,seisund,,
kuplistik,koht,,,,ese
kupp,koht,,seisund,,"ese, ese_instru, konkr"
kuppel,koht,,seisund,,"ese_anum, ese_instru, kehaosa"
kuppelehitis,koht,,,,
kuppelhaud,koht,,,,
kuppelkatus,koht,,,,
kuppelkiiver,koht,,,,osa
kuppelkirik,koht,,,,
kuppellagi,koht,,,,
kuppelmaastik,koht,,,,
kuppelsaal,koht,,,,
kuppelvõlv,koht,,,,
Kupu,koht,,,,
Kura,koht,,,,
kuraatorinäitus,,,,sündmus,
kuraatorituur,,,,sündmus,
Kuradisaar,koht,,,,
Kura kurk,koht,,,,
Kura laht,koht,,,,
Kuralaid,koht,,,,
Kuralase,koht,,,,
Kuramaa,koht,,,,
Kura maasäär,koht,,,,
Kura poolsaar,koht,,,,
Kura säär,koht,,,,
kurbloolisus,,,seisund,,nähtus_psühh
kurbloolus,,,seisund,,nähtus_psühh
kurblugu,,,,sündmus,
kurbmäng,,,,sündmus,"abstr/konkr, ese_kunst"
kurd,koht,,,,"in_rahvas, kehaosa, konkr"
Kurdistan,koht,,,,
kurdmäestik,koht,,,,
kurdpangasmäestik,koht,,,,
Kure,koht,,,,
kuredik,koht,,,,
Kureküla,koht,,,,
Kurelaane,koht,,,,
Kuremaa,koht,,,,
Kuremetsa,koht,,,,
Kuremäe,koht,,,,
Kurena,koht,,,,
kurenokajälg,,,seisund,,nähtus_loodus
Kurenurme,koht,,,,
Kurepalu,koht,,,,
Kurepõllu,koht,,,,
Kurese,koht,,,,
Kuresoo,koht,,,,
Kuressaare,koht,,,,
Kurevere,koht,,,,
kurgaan,koht,,,,
Kurgan,koht,,,,
kurgilava,koht,,,,
kurgipeenar,koht,,,,
Kurgja,koht,,,,
Kurgjärve,koht,,,,
Kurgla,koht,,,,
kurguhaigus,,,seisund,,
kurgukatarr,,,seisund,,
kurgumandlipõletik,,,seisund,,
kurguni,,,seisund,,"ADV_aste, ADV_seisund"
kurgupõletik,,,seisund,,
kurgutuberkuloos,,,seisund,,
kurgutõbi,,,seisund,,
kurguvalu,,,seisund,,
Kuri,koht,,,,
Kuriili,koht,,,,
Kuriilid,koht,,,,
Kuriili hoovus,koht,,,,
kuri karjas,,,seisund,,
Kurikka,koht,,,,
Kurisoo,koht,,,,
Kurista,koht,,,,
Kuriste,koht,,,,
kuristik,koht,,,,"abstr, nähtus_psühh"
Kuristiku,koht,,,,
Kurisu,koht,,,,
kuriteopaik,koht,,,,
kuritõbi,,,seisund,,
kurja peal väljas,,,seisund,,
kurjuse impeerium,koht,,,,
kurk,koht,,seisund,,"kehaosa, konkr, taim, toit_vili"
Kurkse,koht,,,,
Kurkse väin,koht,,,,
Kurla,koht,,,,
kurmulisus,,,seisund,,
Kurna,koht,,,,
kurnatus,,,seisund,,
kurniväljak,koht,,,,
Kurnuvere,koht,,,,
Kuroshio,koht,,,,
Kurovitsõ,koht,,,,
kurruke,koht,,,,
Kursi,koht,,,,
kursijoon,koht,,,,
kursisolek,,,seisund,,
Kursk,koht,,,,
kurtiin,koht,,,,
Kurtna,koht,,,,
kurtumus,,,seisund,,
kurtus,,,seisund,,
Kuru,koht,,,,
kuru,koht,,,,
kurultai,,,,sündmus,
kuruorg,koht,,,,
kurv,koht,,,,
kurvameelsus,,,seisund,,nähtus_psühh
kurvikoht,koht,,,,
Kurvitsa,koht,,,,
Kurõ,koht,,,,
kusehäda,,,seisund,,
kusemishäire,,,seisund,,
kusepakitsus,,,seisund,,
kusepeetus,,,seisund,,
kusepidamatus,,,seisund,,
kusetus,,,seisund,,
kusitipõletik,,,seisund,,
kusiveresus,,,seisund,,
Kusma,koht,,,,
Kusnetsova,koht,,,,
Kustanai,koht,,,,
Kustja,koht,,,,
kustutus,koht,,,,tegevus
Kuzbass,koht,,,,
Kutaisi,koht,,,,
Kutsala,koht,,,,
kutseeksam,,,,sündmus,
kutsehaigus,,,seisund,,
kutsehariduskeskus,koht,,,,
kutsekas,koht,,,,
kutsekasvaja,,,seisund,,
kutsekeskkool,koht,,,,
kutsekoda,koht,,,,
kutsekool,koht,,,,
kutseliit,koht,,,,inimene
kutsenõuandla,koht,,,,
kutseorganisatsioon,koht,,,,inimene
kutsevõistlus,,,,sündmus,
kutsevähk,,,seisund,,
kutseõppeasutus,koht,,,,
kutseõppekeskus,koht,,,,
kutseühing,koht,,,,inimene
kutsikaiga,,aeg,,,
kutsikavabrik,koht,,,,
kutu,,,seisund,,ADV_seisund
kutupiilu,,,seisund,,ADV_seisund
kuu,,aeg,,,"esitus_keel_täht, objekt, objekt_loodus"
kuuaasta,,aeg,,,
Kuuba,koht,,,,
Kuuda,koht,,,,
Kuudeküla,koht,,,,
kuuekümnendad,,aeg,,,
kuue laua vahel,,,seisund,,
kuuendikumaa,koht,,,,
kuuepäevakoht,koht,,,,
kuueteistkümnendikpaus,,aeg,,,
kuukuu,,aeg,,,
kuulamine,,,,sündmus,tegevus
kuuldepiirkond,koht,,,,
kuuliarm,koht,,,,
kuulihaav,,,seisund,,
kuulipildujapesa,koht,,,,
kuulitabamus,,,,sündmus,
kuulitõukering,koht,,,,
kuulitõukevõistlus,,,,sündmus,
Kuulja,koht,,,,
kuulmishallutsinatsioon,,,seisund,,
kuulmishäire,,,seisund,,
kuulmiskahjustus,,,seisund,,
kuulmiskeskus,koht,,,,kehaosa
kuulmislangus,,,seisund,,
kuulmisnõrkus,,,seisund,,
kuulmispuue,,,seisund,,
kuulsus,,,seisund,,"in_omadus, omadus_psühh"
kuuluvus,,,seisund,,
kuumaastik,koht,,,,
kuumarabandus,,,seisund,,
kuumasaar,koht,,,,
kuumastress,,,seisund,,
kuumatunne,,,seisund,,
kuumaõhusaun,koht,,,,
Kuumi,koht,,,,
kuumuslöök,,,seisund,,
kuupkapiteel,koht,,,,
kuupäev,,aeg,,,"esitus, esitus_arv"
kuur,koht,,,,abstr/konkr
Kuura,koht,,,,
Kuurakõsõ,koht,,,,
kuurialune,koht,,,,
kuurort,koht,,,,
kuurortlinn,koht,,,,
kuursaal,koht,,,,
Kuus,koht,,,,
kuus,,aeg,,,"esitus_arv, konkr, omadus_kval"
Kuusalu,koht,,,,
Kuusamo,koht,,,,
Kuuse,koht,,,,
kuuse all,,,seisund,,
kuuse alla,,,seisund,,
kuusemets,koht,,,,taim
Kuusemäe,koht,,,,
kuusik,koht,,,,taim
Kuusiku,koht,,,,
Kuusiku-Nõmme,koht,,,,
Kuusimaa,koht,,,,
Kuusinitsa,koht,,,,
Kuusna,koht,,,,
Kuusnõmme,koht,,,,
kuusteist,,aeg,,,"esitus_arv, omadus"
kuut,koht,,,,ese_instru
kuuti,,aeg,,,
Kuutsemägi,koht,,,,
Kuutsi,koht,,,,
kuutõbi,,,seisund,,
Kuveit,koht,,,,
kv,,aeg,,,esitus
kvalifikatsioon,,,,sündmus,"abstr/konkr, omadus_kval"
kvalifikatsioonieksam,,,,sündmus,
kvalifikatsioonimäng,,,,sündmus,tegevus_mäng
kvalifikatsiooniturniir,,,,sündmus,
kvalifikatsioonivõistlus,,,,sündmus,
kvalifitseeritud häälteenamus,,,seisund,,
kvaliteetaeg,,aeg,,,
kvartal,koht,aeg,,,esitus
kvartalisiht,koht,,,,
kvartertekk,koht,,,,
kvaternaar,,aeg,,,
kveeršlaag,koht,,,,
kvoodimaa,koht,,,,
kvootemaa,koht,,,,
kväär,,,seisund,,"inimene, omadus_kval, omadus_psühh"
KwaZulu-Natal,koht,,,,
Kõdesi,koht,,,,
Kõdu,koht,,,,
Kõduküla,koht,,,,
kõdurajoon,koht,,,,
kõdusoo,koht,,,,
Kõera,koht,,,,
kõhetumine,,,seisund,,
kõhetus,,,seisund,,
kõhklus,,,seisund,,
kõhrkasvaja,,,seisund,,
kõht,,,seisund,,"kehaosa, konkr, tegevus"
kõht lippab,,,seisund,,
kõht on hele,,,seisund,,
kõht on kinni,,,seisund,,
kõht on lahti,,,seisund,,
kõhualune,,,seisund,,"ese_instru, kehaosa_loom, omadus_füüs"
kõhugripp,,,seisund,,
kõhuhaav,,,seisund,,
kõhuhaigus,,,seisund,,
kõhukelmepõletik,,,seisund,,
kõhukinnisus,,,seisund,,
kõhukramp,,,seisund,,
kõhulahtisus,,,seisund,,
kõhuliasend,,,seisund,,
kõhulilamang,,,seisund,,
kõhumure,,,seisund,,
kõhunäärmepõletik,,,seisund,,
kõhupool,koht,,,,kehaosa
kõhupuhitus,,,seisund,,
kõhus keerab,,,seisund,,
kõhusoetõbi,,,seisund,,
kõhusong,,,seisund,,
kõhusopp,,,seisund,,
kõhutõbi,,,seisund,,
kõhutühi,,,seisund,,nähtus_psühh
kõhutühjus,,,seisund,,nähtus_psühh
kõhutüüfus,,,seisund,,
kõhuvalu,,,seisund,,
kõhuvesitõbi,,,seisund,,
kõhuvoolmed,,,seisund,,
Kõidama,koht,,,,
kõige kauemaks,,aeg,,,
Kõiguste,koht,,,,
kõikjalolek,,,seisund,,
kõikjalolu,,,seisund,,
kõik munad ühes korvis,,,seisund,,
Kõima,koht,,,,
Kõinastu,koht,,,,
Kõinastu laid,koht,,,,
Kõivsaare,koht,,,,
Kõivu,koht,,,,
Kõivuküla,koht,,,,
Kõjiv,koht,,,,
kõks,,,,sündmus,"nähtus_füüs, omadus_füüs, tegevus_tegu"
kõlaekraan,koht,,,,konkr
kõlakoda,koht,,,,abstr
Kõlbi,koht,,,,
Kõldu,koht,,,,
kõlgastik,koht,,,,
kõlgus,koht,,,,
Kõliküla,koht,,,,
Kõljala,koht,,,,
Kõlunõmme,koht,,,,
kõlvik,koht,,,,
Kõmmaste,koht,,,,
Kõmmusselja,koht,,,,
Kõmrimaa,koht,,,,
Kõmsi,koht,,,,
kõnd,koht,,,,tegevus
kõnedefekt,,,seisund,,
kõnehalvatus,,,seisund,,
kõnehäire,,,seisund,,
kõnehälve,,,seisund,,
kõnekapp,koht,,,,
kõnekeskus,koht,,,,kehaosa
kõnekoosolek,,,,sündmus,
kõneminut,,aeg,,,
kõnepunkt,koht,,,,ese_semio
kõnepuue,,,seisund,,
kõnesituatsioon,,,seisund,,
kõnetund,,aeg,,sündmus,
kõnevõistlus,,,,sündmus,
kõneõhtu,,,,sündmus,
kõnnitee,koht,,,,
Kõnnu,koht,,,,
Kõnnujõe,koht,,,,
kõnnumaa,koht,,,,
Kõo,koht,,,,
Kõola,koht,,,,
Kõomäe,koht,,,,
Kõpsta,koht,,,,
Kõptšaki khaaniriik,koht,,,,
Kõpu,koht,,,,
kõrb,koht,,,,"loom_omadus, omadus_füüs_värv"
kõrbeala,koht,,,,
kõrbemaa,koht,,,,
kõrbemaastik,koht,,,,
kõrberiik,koht,,,,
kõrbesaar,koht,,,,
kõrbevöönd,koht,,,,
Kõrbja,koht,,,,
Kõrenduse,koht,,,,
kõrgaeg,,aeg,,,
kõrgaltar,koht,,,,ese_instru
kõrge,,,seisund,,"omadus_füüs, omadus_kval"
kõrgehitis,koht,,,,
kõrgel,koht,,seisund,,ADV_seisund
kõrgelamu,koht,,,,
kõrgele,koht,,seisund,,ADV_seisund
kõrgelt,koht,,seisund,,"ADV_seisund, omadus_füüs"
Kõrgemäe,koht,,,,
kõrgend,koht,,,,ese_instru
kõrgendik,koht,,,,
kõrgendus,koht,,,,"abstr/konkr, ese_instru"
Kõrgepalu,koht,,,,
Kõrgessaare,koht,,,,
kõrghaljastus,koht,,,,tegevus
kõrghetk,,aeg,,,
kõrghooaeg,,aeg,,,
kõrghoone,koht,,,,
kõrghotell,koht,,,,
kõrgkallas,koht,,,,
kõrgkeskaeg,,aeg,,,
kõrgkool,koht,,,,
kõrglaine,,aeg,,,
kõrglava,koht,,,,
kõrgliiga,,,seisund,,"abstr/konkr, in_omadus, nähtus"
kõrgmaja,koht,,,,
kõrgmets,koht,,,,taim
kõrgmik,koht,,,,
kõrgmissa,,,,sündmus,
kõrgmuru,koht,,,,objekt_loodus
kõrgmäestik,koht,,,,
kõrgpeenar,koht,,,,abstr/konkr
kõrgperiood,,aeg,,,
kõrgraba,koht,,,,
kõrgrannik,koht,,,,
kõrgraudtee,koht,,,,ese_instru
kõrgrenessanss,,aeg,,,
kõrgseiklusrada,koht,,,,
kõrgseis,,,seisund,,
kõrgsoo,koht,,,,
kõrgsuvi,,aeg,,,osa
Kõrgu,koht,,,,
kõrgus,koht,,,,"abstr, esitus_mõõt, esitus_tiitel, in_roll, nähtus_füüs, tegevus_tegu, vald"
kõrgusehirm,,,seisund,,nähtus_psühh
kõrgusekartus,,,seisund,,nähtus_psühh
kõrgushaigus,,,seisund,,
kõrgvererõhktõbi,,,seisund,,
kõrgvererõhuhaigus,,,seisund,,
kõrgvererõhutõbi,,,seisund,,
kõrgvorm,,,seisund,,
Kõrgõzstan,koht,,,,
kõridifteeria,,,seisund,,
kõrikasvaja,,,seisund,,
kõrikramp,,,seisund,,
kõripolüüp,,,seisund,,
kõripõletik,,,seisund,,
Kõriska,koht,,,,
kõrituberkuloos,,,seisund,,
kõriturse,,,seisund,,
kõrivähk,,,seisund,,
Kõrkjameri,koht,,,,
kõrkjapadrik,koht,,,,taim
kõrkjastik,koht,,,,
kõrkjatihnik,koht,,,,taim
Kõrkküla,koht,,,,
Kõrkvere,koht,,,,
Kõrma,koht,,,,
kõrrenõgi,,,seisund,,
kõrrepõld,koht,,,,
kõrrerooste,,,seisund,,
kõrrestik,koht,,,,taim
kõrreväli,koht,,,,
Kõrsa,koht,,,,
kõrts,koht,,,,"grupp, inimene"
Kõrtsialuse,koht,,,,
kõrtsiesine,koht,,,,omadus_koht
kõrtsilett,koht,,,,
kõrtsituba,koht,,,,
Kõrtsuotsa,koht,,,,
Kõruse,koht,,,,
Kõruse-Metsaküla,koht,,,,
kõrv,koht,,,,"ese, ese_riie, in_omadus, kehaosa, omadus_psühh"
kõrvaauk,koht,,,,kehaosa
kõrvad kikkis,,,seisund,,
kõrvahaigus,,,seisund,,
kõrvakõvastus,,,seisund,,
kõrvalehitis,koht,,,,
kõrvalfirma,koht,,,,
kõrvalhoone,koht,,,,
kõrvalkäik,koht,,,,tegevus_tegu
kõrvalmaantee,koht,,,,
kõrvalmõis,koht,,,,
kõrvalruum,koht,,,,
kõrvalsuhe,,,seisund,,
kõrvaltee,koht,,,,abstr
kõrvaltänav,koht,,,,
kõrvapõletik,,,seisund,,
kõrvatagused on märjad,,,seisund,,omadus_vanus
kõrvavalu,,,seisund,,
Kõrve,koht,,,,
Kõrveküla,koht,,,,
Kõrvemaa,koht,,,,
kõrvemaa,koht,,,,
kõrvemets,koht,,,,
Kõrvemetsa,koht,,,,
Kõrvenurga,koht,,,,
kõrvenurk,koht,,,,
Kõrvetaguse,koht,,,,
kõrvetised,,,seisund,,
kõrvetus,koht,,seisund,,tegevus
kõrvitsapüha,,aeg,,,
kõrv kikkis,,,seisund,,
Kõzõl,koht,,,,
Kõzõlkum,koht,,,,
Kõzõlorda,koht,,,,
Kõue,koht,,,,
Kõvaküla,koht,,,,
kõvamädanik,,,seisund,,
kõvanõgi,,,seisund,,
kõva tühik,koht,,,,
Kõvera,koht,,,,
kõveras,,,seisund,,
kõverasse,,,seisund,,
Kõveri,koht,,,,
Kõveriku,koht,,,,
kõver tee,,,seisund,,
kõverus,,,seisund,,"esitus_mõõt, konkr, nähtus_psühh"
kõvik,koht,,,,
kõõks olema,,,seisund,,
kõõlusepõletik,,,seisund,,
kõõlusetupepõletik,,,seisund,,
kõõrdsilmsus,,,seisund,,
kõõritus,,,seisund,,"tegevus, tegevus_tegu"
kõõrkael,,,seisund,,
kõõrsilmsus,,,seisund,,
Kõõru,koht,,,,
käbikuivati,koht,,,,
Käbiküla,koht,,,,
Käbla,koht,,,,
Käbli,koht,,,,
Kädva,koht,,,,
käe all,,,seisund,,
käe alla,,,seisund,,
käe alt,,,seisund,,
käed-jalad tööd täis,,,seisund,,
käed sügelevad,,,seisund,,
käehaav,,,seisund,,
käekäik,,,seisund,,
käepikendus,koht,,,,"in_roll, omadus"
käes,,aeg,seisund,,abstr
Käesalu,koht,,,,
Käesla,koht,,,,
käest,,,seisund,,"abstr, ADV_põhjus"
käest ära,,,seisund,,
kägar,,,seisund,,omadus_füüs
kägarasend,,,seisund,,
kägariste,,,seisund,,
kähmlus,,,,sündmus,tegevus
Kähri,koht,,,,
Kähu,koht,,,,
käigupuudus,,,seisund,,
käigurada,koht,,,,
käiguskalme,koht,,,,
käigustik,koht,,,,
käigutee,koht,,,,
käigutunnel,koht,,,,
käik,koht,,,,"abstr/konkr, nähtus, tegevus, tegevus_tegu"
käima peal olema,,,seisund,,VERB_seisund
käimla,koht,,,,
Käina,koht,,,,
käitaja,koht,,,,in_elukutse
käitis,koht,,,,
käitumishäire,,,seisund,,
käitumishälve,,,seisund,,
käitusaeg,,aeg,,,
käitushäire,,,,sündmus,
Käkisalmi,koht,,,,
käkitegu,,,seisund,,"abstr/konkr_omadus, esitus_keel_suhtlus"
Käku,koht,,,,
Kämara,koht,,,,
kämp,koht,,,,"abstr/konkr, materjal/aine, omadus, omadus_kval"
kämpa,koht,,,,
kämping,koht,,,,
Kändliku,koht,,,,
Kängsepä,koht,,,,
Kängurumaa,koht,,,,
Kännuküla,koht,,,,
kännustik,koht,,,,taim
kännu taga kinni,,,seisund,,
känts,,,,sündmus,"materjal/aine, toit"
Käo,koht,,,,
Käpa,koht,,,,
käpa all,,,seisund,,
käpa alla,,,seisund,,
käpa alt,,,seisund,,
käpakäik,,,seisund,,
käpas,,,seisund,,
Käpla,koht,,,,
käpp on maas,,,seisund,,
käpp on sees,,,seisund,,
kärajad,,,,sündmus,
Kärasi,koht,,,,
Käravete,koht,,,,
Kärbla,koht,,,,
kärbsehallitus,,,seisund,,
Kärbu,koht,,,,
Kärde,koht,,,,
Kärdla,koht,,,,
Kärdla-Nõmme,koht,,,,
Kärdu,koht,,,,
Käre,koht,,,,
kärestik,koht,,,,
kärestikujõgi,koht,,,,
Kärevere,koht,,,,
kärgas,koht,,,,
Kärgula,koht,,,,
Kärilõpe,koht,,,,
Kärinä,koht,,,,
Käriselja,koht,,,,
kärjetänav,koht,,,,
Kärkna,koht,,,,
Kärksi,koht,,,,
Kärla,koht,,,,
Kärla-Kirikuküla,koht,,,,
Kärla-Kulli,koht,,,,
Kärmu,koht,,,,
kärn,,,seisund,,"ese_instru, ese_riie, esitus_kujutis"
Kärnamäe,koht,,,,
Kärneri,koht,,,,
Kärnten,koht,,,,
kärntõbi,,,seisund,,
Kärpla,koht,,,,
Kärsa,koht,,,,
Kärsama,koht,,,,
kärss kärnas,,,seisund,,
kärss kärnas ja maa külmand,,,seisund,,
kärss kärnas ja maa külmunud,,,seisund,,
kärssus,,,seisund,,ADV_seisund
Kärstna,koht,,,,
Kärsu,koht,,,,
Käru,koht,,,,
käsi,koht,,seisund,,"in_omadus, in_roll, kehaosa, omadus, omadus_psühh, tegevus"
käsikamber,koht,,,,
käsikeskjaam,koht,,,,ese_instru
käsi kullas,,,seisund,,
käsikähmlus,,,,sündmus,tegevus
käsi käib hästi,,,seisund,,
käsilassõda,,,,sündmus,
käsi on all,,,seisund,,
käsi on mängus,,,seisund,,
käsi on sees,,,seisund,,
käsipesula,koht,,,,
käsi pikal,,,seisund,,
käsipuu,koht,,,,ese
käsitöökoda,koht,,,,
käsitöölaat,,,,sündmus,
käsitöönäitus,,,,sündmus,
käsitööring,koht,,,,
käsitöötund,,,,sündmus,
käsi õieli,,,seisund,,
Käsmu,koht,,,,
Käsmu laht,koht,,,,
Käsmu poolsaar,koht,,,,
käsn,,,seisund,,"ese_instru, loom, objekt_loodus, taim_seen"
Käsukonna,koht,,,,
käsutus,,,seisund,,abstr/konkr
käsutuses,,,seisund,,
käsutusse,,,seisund,,
kätik,koht,,,,
kätlemistseremoonia,,,,sündmus,
kätte,,aeg,seisund,,"ADV_aeg, ADV_põhjus, ADV_tulemus"
kättesaadavus,,,seisund,,omadus_kval
kättevõitmine,,,,sündmus,tegevus
Käva,koht,,,,
kääbas,koht,,,,
kääbaskalme,koht,,,,
kääbaskalmistu,koht,,,,
kääbastik,koht,,,,
kääbuskasv,,,seisund,,
kääbusriik,koht,,,,
käänak,koht,,,,tegevus
käänd,koht,,,,tegevus
kääne,koht,,,,"abstr/konkr, esitus_keel, tegevus"
Kääni,koht,,,,
Käänu,koht,,,,
käänukoht,koht,,,,
käänupunkt,koht,,,,
Kääpa,koht,,,,
käär,koht,,,,toit
Kääraku,koht,,,,
Käärdi,koht,,,,
Käärikmäe,koht,,,,
Kääriku,koht,,,,
käärkamber,koht,,,,
Käätso,koht,,,,
köbruke,,,seisund,,kehaosa
köbrukene,,,seisund,,kehaosa
köha,,,seisund,,tegevus_tegu
köhahoog,,,seisund,,
köies,,,seisund,,
Köisi,koht,,,,
köiskond,,,seisund,,inimene
köitekoda,koht,,,,
kökats,koht,,,,
köki-möki,,,seisund,,"abstr/konkr_omadus, esitus_keel_suhtlus, omadus_füüs"
kökimöki,,,seisund,,"abstr/konkr_omadus, esitus_keel_suhtlus"
köks,koht,,,,
Kökšetau,koht,,,,
Köln,koht,,,,
Königsberg,koht,,,,
könn,koht,,,,"esitus_keel_suhtlus, in_omadus"
Köpetdag,koht,,,,
köprus,,,seisund,,
Kört-Pärtli särk,,,seisund,,
köstrikool,koht,,,,
Köstrimäe,koht,,,,
kööginurk,koht,,,,
köögipool,koht,,,,abstr
köögitrepp,koht,,,,ese_instru
köögiviljaaed,koht,,,,
köök,koht,,,,vald
kööktuba,koht,,,,
KÜ,koht,,,,esitus
kübaratrikk,,,,sündmus,
kübaraäri,koht,,,,
Kübassaare,koht,,,,
küberintsident,,,,sündmus,
küberjulgeolek,,,seisund,,
kübermaailm,koht,,,,
küberruum,koht,,,,
küberturvalisus,,,seisund,,
küberväejuhatus,koht,,,,
Küdema,koht,,,,
küfoos,,,seisund,,
kühm,koht,,,,"kehaosa, konkr_omadus"
Kühmamäe,koht,,,,
Kükita,koht,,,,
Kükitaja,koht,,,,
kükkasend,,,seisund,,
Küklaadid,koht,,,,
küla,koht,,,,"esitus, inimene"
külaarhitektuur,koht,,,,abstr/konkr
Külaaseme,koht,,,,
külakalmistu,koht,,,,
külake,koht,,,,
külakene,koht,,,,
külakirik,koht,,,,
külakoht,koht,,,,
külakolgas,koht,,,,
külakool,koht,,,,
külakõrts,koht,,,,
Külaküla,koht,,,,
külalisesinemine,,,,sündmus,tegevus
külalisetendus,,,,sündmus,tegevus
külaliskontsert,,,,sündmus,
külaliskorter,koht,,,,
külalismaja,koht,,,,
külalistemaja,koht,,,,
külalistetuba,koht,,,,
külalistuba,koht,,,,
Külama,koht,,,,
külanõukogu,koht,,,,
Külaoru,koht,,,,
külapidu,,,,sündmus,
külaplats,koht,,,,
külapood,koht,,,,
külaraamatukogu,koht,,,,
külaselts,koht,,,,inimene
Külasema,koht,,,,
külasimman,,,,sündmus,
külaskäik,,,,sündmus,
külastamisaeg,,aeg,,,
külastu,koht,,,,
külastusabielu,,,seisund,,
külastusaeg,,aeg,,,
külastuskeskus,koht,,,,
külastuspäev,,aeg,,,
külatanum,koht,,,,
külatee,koht,,,,
külatänav,koht,,,,
külavahe,koht,,,,
külavahetee,koht,,,,
külavain,koht,,,,
külavainu,koht,,,,
külaväli,koht,,,,
külg,koht,,,,"abstr, abstr_asend/suund, ese, ese_semio, esitus_kujutis, kehaosa"
külgboks,koht,,,,
külge,,,seisund,,"abstr, konkr"
külgjoon,koht,,,,
külgkalle,,,seisund,,
külgkokkupõrge,,,,sündmus,
külglava,koht,,,,
külglibisemine,,,seisund,,
külglööv,koht,,,,
külgpind,koht,,,,
külgrõhtseis,,,seisund,,
külgsein,koht,,,,ese
külgõõtsumine,,,seisund,,nähtus_füüs
küliliasend,,,seisund,,
Külitse,koht,,,,
küljejoon,koht,,,,kehaosa_loom
küljemoreen,koht,,,,
küljes,,,seisund,,"abstr, konkr"
külla,koht,,,,ADV_koht
küllakutsuja,koht,,,,in_omadus
küllastatus,,,seisund,,
küllastumus,,,seisund,,
küllastus,,,seisund,,
küllastusvajak,,,seisund,,esitus_mõõt
küllasus,,,seisund,,
Küllatova,koht,,,,
küllus,,,seisund,,abstr/konkr
küllusepäevad,,aeg,,,
Küllätüvä,koht,,,,
Külma,koht,,,,
Külmaallika,koht,,,,
külmakahjustus,,,seisund,,
külmakamber,koht,,,,
külmakangestus,,,seisund,,
külmakõrb,koht,,,,
külmakühm,koht,,,,
külmalaik,,,seisund,,
külmale maale,koht,,,,
külmalõhe,,,seisund,,
külmamuhk,,,seisund,,
külmaperiood,,aeg,,,
külmapoolus,koht,,,,
külmapäev,,aeg,,,
külmapüha,,aeg,,,
külmasild,koht,,,,
külmastress,,,seisund,,
külmatunne,,,seisund,,
külmatõbi,,,seisund,,
külmavari,koht,,,,ese_instru
külmavill,,,seisund,,
külmavärin,,,seisund,,
külmetus,,,seisund,,tegevus_tegu
külmetushaigus,,,seisund,,
külmetustõbi,,,seisund,,
külm front,koht,,,,
külmhoidla,koht,,,,
külmhoone,koht,,,,
külmkamber,koht,,,,
külmkasvuhoone,koht,,,,
külm koht,koht,,,,
külmladu,koht,,,,
külmlaut,koht,,,,
külmlava,koht,,,,
külm sõda,,aeg,,,
külmtõbi,,,seisund,,
külmumisoht,,,seisund,,
külmumus,,,seisund,,
külmunud õla sündroom,,,seisund,,
külmunud õlg,,,seisund,,
külmutus,koht,,,,"ese, tegevus_tegu"
külmutuskamber,koht,,,,
külmutusladu,koht,,,,
külmvöö,koht,,,,
külv,koht,,,,"taim, tegevus, tegevus_tegu"
külviaasta,,aeg,,,
külviaeg,,aeg,,,
külvimaa,koht,,,,
külvinädal,,aeg,,,
külvipind,koht,,,,
külvirida,koht,,,,esitus_kujutis
kümblusasutus,koht,,,,
kümme,,aeg,,,"abstr/konkr, esitus_arv, konkr, omadus_kval"
kümmeaastak,,aeg,,,
kümmepäevak,,aeg,,,
kümnend,,aeg,,,omadus_kval
künahaukamine,,,seisund,,
künd,koht,,,,tegevus
Kündja,koht,,,,
küngas,koht,,,,nähtus_loodus
küngasmaastik,koht,,,,
küngastik,koht,,,,
künkahari,koht,,,,
künnimaa,koht,,,,
künnipõld,koht,,,,
künnipäev,,aeg,,,
künnis,koht,,seisund,,"abstr, ese_instru"
künnivagu,koht,,,,
künniviil,koht,,,,
künnivõistlus,,,,sündmus,
Küpros,koht,,,,
küpsus,,,seisund,,
küpsuseksam,,,,sündmus,
küpsusvanus,,aeg,,,
kürb,koht,,,,kehaosa
Küreene,koht,,,,
Kürenaika,koht,,,,
küsimärgi all,,,seisund,,omadus_kval
küsimärgi alla,,,seisund,,omadus_kval
küsitletav,,,seisund,,in_roll
Küti,koht,,,,
Kütiorg,koht,,,,
kütisemaa,koht,,,,
kütismaa,koht,,,,
Kütke,koht,,,,
kütkestus,,,seisund,,
kütteava,koht,,,,
Küttejõu,koht,,,,
kütteperiood,,aeg,,,
küttepind,koht,,,,materjal/aine
küttimishooaeg,,aeg,,,
küttimisretk,,,,sündmus,tegevus
kütusefirma,koht,,,,
kütusehoidla,koht,,,,
kütusemüüja,koht,,,,
kütusevaesus,,,seisund,,
küvett,koht,,,,ese_anum
küülikla,koht,,,,
küülikufarm,koht,,,,
küün,koht,,,,
küünal,,aeg,,,"ese_instru, esitus_mõõt, materjal/aine"
küündivus,,,seisund,,
küünealune,koht,,,,omadus_koht
küüned enda poole,,,seisund,,
küüned leinavad,,,seisund,,
küünekriim,,,seisund,,
küünekriimustus,,,seisund,,
küüneseen,,,seisund,,
küüneviha,,,seisund,,
küünistus,,,seisund,,esitus_kujutis
küünisuu,koht,,,,
küünlakuu,,aeg,,,esitus
küünlalaat,,,,sündmus,
küünlamaarjapäev,,aeg,,,
küünlapäev,,aeg,,,
küünlavalgusõhtu,,aeg,,sündmus,
küünte vahele,,,seisund,,ADV_seisund
küür,koht,,seisund,,"kehaosa, kehaosa_loom"
küüsi,,,seisund,,ADV_seisund
küüsis,,,seisund,,
küüsist,,,seisund,,
Kymenlaakso,koht,,,,
Kymi,koht,,,,
Kyōto,koht,,,,
Kyūshū,koht,,,,
L,,aeg,,,"esitus, esitus_keel_täht, esitus_tähis"
Laabi,koht,,,,
laadaplats,koht,,,,
laadapäev,,aeg,,,
Laadi,koht,,,,
laadimisaeg,,aeg,,,
laadimisjaam,koht,,,,ese_instru
laadimispunkt,koht,,,,
Laadjala,koht,,,,
Laadla,koht,,,,
Laadoga,koht,,,,
Laadoga järv,koht,,,,
Laadoga-Karjala,koht,,,,
laadruum,koht,,,,
laadungiruum,koht,,,,
laager,koht,,,sündmus,"ese_instru, grupp, in_roll, tegevus, toit_jook"
laagerdumine,,,seisund,,tegevus
laagerdus,,,seisund,,tegevus
laagerdusaeg,,aeg,,,
laagerduskelder,koht,,,,
Laagna,koht,,,,
Laagri,koht,,,,
laagrikoht,koht,,,,abstr
laagripaik,koht,,,,
laagriplats,koht,,,,
laagripäev,,aeg,,,
laagrisuvi,,aeg,,,
Laane,koht,,,,
Laanekuru,koht,,,,
laanekuru,koht,,,,
laanemets,koht,,,,taim
Laanemetsa,koht,,,,
Laaneotsa,koht,,,,
Laartsa,koht,,,,
Laasi,koht,,,,
Laasme,koht,,,,
laastkatus,koht,,,,
laastukatus,koht,,,,
laat,,,,sündmus,tegevus_kõnetegu
Laatre,koht,,,,
laatsaret,koht,,,,
Laatsi,koht,,,,
laava,koht,,,sündmus,materjal/aine
laavajärv,koht,,,,
laavapurse,,,,sündmus,
laavaväli,koht,,,,
laavu,koht,,,,
Labandõ,koht,,,,
labasus,,,seisund,,tegevus_kõnetegu
Labe,koht,,,,
Labiau,koht,,,,
labor,koht,,,,
laboratoorium,koht,,,,
laborihoone,koht,,,,
laborikatse,,,,sündmus,
Labrador,koht,,,,
Labradori poolsaar,koht,,,,
labrakas,,,,sündmus,
Labõritsa,koht,,,,
labürint,koht,,,,"abstr/konkr_omadus, kehaosa"
Ladakh,koht,,,,
ladestus,koht,,,,"kogus, materjal/aine, nähtus_loodus"
Ladina-Ameerika,koht,,,,
ladina kool,koht,,,,
Ladina kvartal,koht,,,,
ladina köök,koht,,,,
ladu,koht,,,,"ese_semio, tegevus"
ladvatuli,,,,sündmus,
laealune,koht,,,,omadus_füüs
laegas,,,seisund,,ese_instru
Laekannu,koht,,,,
Laekvere,koht,,,,
laenuandja,koht,,,,in_omadus
laenuhai,koht,,,,in_roll
laenukassa,koht,,,,
laenukontor,koht,,,,
laenuorjus,,,seisund,,
laenupank,koht,,,,
laenupuhkus,,aeg,,,
laenuraamatukogu,koht,,,,
laenutus,koht,,,,VERB_tegevus
laenutusosakond,koht,,,,
laenutuspunkt,koht,,,,
laenutustähtaeg,,aeg,,,
laenutähtaeg,,aeg,,,
laenuvõtja,koht,,,,"in_omadus, in_roll"
laepealne,koht,,,,
Laeste,koht,,,,
Laeva,koht,,,,
laevaavarii,,,,sündmus,
laevaehitaja,koht,,,,in_elukutse
laevaehitustehas,koht,,,,
laevafirma,koht,,,,
laevahukk,,,,sündmus,
laevakompanii,koht,,,,
laevakontor,koht,,,,
laevalagi,koht,,,,
laevandusettevõte,koht,,,,
laevandusfirma,koht,,,,
Laevaranna,koht,,,,
laevasild,koht,,,,ese_instru
laevastik,koht,,,,ese_instru
laevasõiduhooaeg,,aeg,,,
laevatee,koht,,,,
laevatehas,koht,,,,
laevatekk,koht,,,,
laevatrapp,koht,,,,ese_instru
laevatrepp,koht,,,,ese_instru
laevaõnnetus,,,,sündmus,
laevaühing,koht,,,,in_roll
laevkalme,koht,,,,
laevkond,koht,,,,inimene
lagas,,,seisund,,
lage,koht,,,,"omadus_abstr, omadus_füüs"
lageala,koht,,,,
lagedapelgus,,,seisund,,
lageda taeva all,,,seisund,,
lageda taeva alla,,,seisund,,
Lagedi,koht,,,,
lagelood,koht,,,,
lagendik,koht,,,,
lagendikupelgus,,,seisund,,
lageraba,koht,,,,
lagesoo,koht,,,,
lage vesi,koht,,,,
lagi,koht,,seisund,,objekt
Lagos,koht,,,,
Lagting,koht,,,,
Laguja,koht,,,,
laguun,koht,,,,
laguunrannik,koht,,,,
Lahavere,koht,,,,
Lahdenpohja,koht,,,,
Lahe,koht,,,,
lahe,koht,,,,"omadus, omadus_füüs, omadus_kval, omadus_psühh"
Laheküla,koht,,,,
Lahemaa,koht,,,,
lahendamatus,,,seisund,,
Lahepera,koht,,,,
Lahepere laht,koht,,,,
Laheriigid,koht,,,,
lahesopp,koht,,,,
lahesuu,koht,,,,
lahesuue,koht,,,,
lahe taga,koht,,,,
lahe tagant,koht,,,,
Lahetaguse,koht,,,,
lahe taha,koht,,,,
Laheva,koht,,,,
lahi,koht,,,,
lahihambumus,,,seisund,,
lahing,,,,sündmus,tegevus
lahingukool,koht,,,,
lahingukord,,,seisund,,abstr/konkr
lahingupaik,koht,,,,
lahingušokk,,,seisund,,
lahinguvalmidus,,,seisund,,
lahinguvalmis,,,seisund,,
lahinguväli,koht,,,,
lahjus,,,seisund,,
lahk,koht,,,,esitus_kujutis
lahkheli,,,seisund,,
lahkmeel,,,seisund,,
lahkuminek,,,seisund,sündmus,
lahkumisaeg,,aeg,,,
lahkumisetendus,,,,sündmus,
lahkumishetk,,aeg,,,
lahkumiskontsert,,,,sündmus,
lahkumiskõne,,,,sündmus,tegevus_kõnetegu
lahkumispidu,,,,sündmus,
lahkumispäev,,aeg,,,
lahkumisõhtu,,,,sündmus,
Lahmuse,koht,,,,
Laho,koht,,,,
Lahore,koht,,,,
laht,koht,,,,
lahter,koht,,,,"ese_instru, esitus_kujutis"
Lahti,koht,,,,
lahti,,,seisund,,"ADV_koht, ADV_seisund, ADV_tulemus"
lahtihüpe,,,,sündmus,tegevus_tegu
lahtine,,,seisund,,omadus_psühh
lahtine luumurd,,,seisund,,
lahtine tund,,,,sündmus,
lahtiolek,,,seisund,,
lahtiolekuaeg,,aeg,,,
lahtise taeva all,,,seisund,,
lahtise taeva alla,,,seisund,,
lahtiste uste päev,,aeg,,,
lahtisus,,,seisund,,
Lahu,koht,,,,
lahuskool,koht,,,,
lahusolek,,,seisund,,
lahusolu,,,seisund,,
lahusosa,koht,,,,
lahustükk,koht,,,,
lahusus,,,seisund,,
lahutatud,,,seisund,,
lahvandus,koht,,,,
Laiaküla,koht,,,,
laialipillutus,,,seisund,,
laibamatus,,,,sündmus,
laid,koht,,,,"ese_riie, omadus_kval"
laiekraankino,koht,,,,
laiend,koht,,,,"esitus, esitus_keel"
laiendus,koht,,,,
laienemus,,,seisund,,
laik,koht,,,,"abstr/konkr, esitus, esitus_kujutis"
laikpigmenditus,,,seisund,,
laikpõletik,,,seisund,,
Laiksaare,koht,,,,
laiksus,,,seisund,,
laiktõbi,,,seisund,,
Laiküla,koht,,,,
Laimetsa,koht,,,,
Laimjala,koht,,,,
lained löövad üle pea,,,seisund,,
lained löövad üle pea kokku,,,seisund,,
lainel,,,seisund,,ADV_seisund
lainele,,,seisund,,
lainemurdja,koht,,,,ese_instru
laineorg,koht,,,,
laines,,,seisund,,
lainesse,,,seisund,,
lairiba,koht,,,,
Laisi,koht,,,,
laisk silm,,,seisund,,
Laitse,koht,,,,
Laitsna-Hurda,koht,,,,
laiuke,koht,,,,
laiukene,koht,,,,
laius,koht,,,,"abstr, esitus_mõõt"
Laiuse,koht,,,,
Laiusevälja,koht,,,,
laiuskraad,koht,,,,esitus_mõõt
laiusstõbi,,,seisund,,
Lajavangu,koht,,,,
Lakadiivid,koht,,,,
"Lakadiivi, Minicoy ja Amindivi saared",koht,,,,
Lakadiivi saared,koht,,,,
lakapealne,koht,,,,
Lakedaimon,koht,,,,
Lake Placid,koht,,,,
lakk,koht,,,,"ese_riie, in_rahvas, kehaosa, kehaosa_loom, materjal/aine"
lakku täis,,,seisund,,
Lakoonia,koht,,,,
Lakovitsa,koht,,,,
laks,,,seisund,,"abstr/konkr, materjal/aine, nähtus_füüs, omadus_füüs, tegevus_tegu, toit_jook"
Lakshadweep,koht,,,,
laktatsioon,,aeg,,,"nähtus_füüs, nähtus_loodus"
laktatsiooniperiood,,aeg,,,
laktoositalumatus,,,seisund,,
lakutõbi,,,seisund,,
lakuun,koht,,,,"kehaosa, omadus_füüs"
Lalli,koht,,,,
Lalsi,koht,,,,
lamaasend,,,seisund,,
lamadestiir,koht,,,,
lamamisase,koht,,,,"ese_instru, nähtus_loodus"
lamamisasend,,,seisund,,
La Mancha,koht,,,,
La Manche,koht,,,,
lamang,,,seisund,,
lamatis,,,seisund,,
lamav politseinik,koht,,,,ese_instru
lamba aasta,,aeg,,,
lamba-aasta,,aeg,,,
lambaaed,koht,,,,
lambafarm,koht,,,,
lambakarjamaa,koht,,,,
lambapüha,,aeg,,,
lambdatsism,,,seisund,,
lambipalavik,,,seisund,,
lamblioos,,,seisund,,
lamekabi,,,seisund,,
lamekatus,koht,,,,
lameselgsus,,,seisund,,
laminaatpõrand,koht,,,,
lamm,koht,,,,
Lammasküla,koht,,,,
lammijärv,koht,,,,
Lammiku,koht,,,,
lamminiit,koht,,,,
lammisoo,koht,,,,
lammorg,koht,,,,
lammutuskoda,koht,,,,
lampjalgsus,,,seisund,,
lampkatus,koht,,,,
lamppöidsus,,,seisund,,
Lanarkshire,koht,,,,
Lancashire,koht,,,,
Lancaster,koht,,,,
landesveer,koht,,,,
Landshut,koht,,,,
Langa,koht,,,,
langatus,koht,,,,tegevus_tegu
langatushäil,koht,,,,
langatusjärv,koht,,,,
langatuslehter,koht,,,,
langatusorg,koht,,,,
Lange,koht,,,,
langeallikas,koht,,,,
Langerma,koht,,,,
langetussälk,koht,,,,
langetõbi,,,seisund,,
langetõvehoog,,,seisund,,
Langkawi,koht,,,,
Languedoc-Roussillon,koht,,,,
langus,,,seisund,,"esitus_mõõt, nähtus_loodus, omadus_füüs, tegevus_muutus"
langusaeg,,aeg,,,
langusmeeleolu,,,seisund,,omadus_kval
langusperiood,,aeg,,,
lank,koht,,,,
Lanksaare,koht,,,,
Lannamõtsa,koht,,,,
Lannuste,koht,,,,
Lanzarote,koht,,,,
Lanzhou,koht,,,,
Lante,koht,,,,
lantsettaken,koht,,,,osa
lantš,,,,sündmus,toit
Lao,koht,,,,
laohoone,koht,,,,
Laoküla,koht,,,,
laoplats,koht,,,,
Laos,koht,,,,
laos,,,seisund,,
Laossaarõ,koht,,,,
Laossina,koht,,,,
laotus,koht,,,,"abstr_asend/suund, esitus_kujutis, objekt_loodus"
La Paz,koht,,,,
La Pérouse’i väin,koht,,,,
Lapetukme,koht,,,,
Lapi,koht,,,,
lapike,koht,,,,
lapikene,koht,,,,
lapikus,,,seisund,,
Lapimaa,koht,,,,
lapimaa,koht,,,,
lapimaasüsteem,koht,,,,
lapitalu,koht,,,,
La Plata,koht,,,,
lapp,koht,,,,"ese_riie, ese_semio, materjal/aine"
Lappeenranta,koht,,,,
lapseaastad,,aeg,,,
lapsehoid,koht,,,,"tegevus, vald"
lapsehoolduspuhkus,,aeg,seisund,,
lapseiga,,aeg,,,
lapseooteaeg,,aeg,,,
lapseootele,,,seisund,,ADV_seisund
lapseootus,,,seisund,,
lapseootusaeg,,aeg,,,
lapsepuhkus,,aeg,seisund,,
lapsepõli,,aeg,,,
lapsepõline,,aeg,,,
lapsepõlv,,aeg,,,
lapsepõlveaeg,,aeg,,,
lapsepõlvekodu,koht,,,,
lapsepõlvetrauma,,,,sündmus,nähtus_psühh
lapsevaev,,,seisund,,
lapsevoodi,,aeg,,,"ese, tegevus"
lapsevoodipalavik,,,seisund,,
Laptevite meri,koht,,,,
Lapua,koht,,,,
La Rioja,koht,,,,
Lárisa,koht,,,,
Larnaca,koht,,,,
larüngiit,,,seisund,,
Lasari,koht,,,,
lase,koht,,,,"konkr, tegevus_tegu"
laser-show,,,,sündmus,
laseršõu,,,,sündmus,
Lasila,koht,,,,
Lasinurme,koht,,,,
laskeasend,,,seisund,,
laskeava,koht,,,,
laskehaav,,,seisund,,
laskeharjutus,,,,sündmus,tegevus
laskejoon,koht,,,,
laskekaugus,koht,,,,"esitus_mõõt, omadus_füüs"
laskekoht,koht,,,,
laskemoonaladu,koht,,,,
laskepesa,koht,,,,
laskepilu,koht,,,,
laskerada,koht,,,,
laskesektor,koht,,,,
lasketiir,koht,,,,
laskeulatus,koht,,,,esitus_mõõt
laskevõistlus,,,,sündmus,
laskeväli,koht,,,,
laskumisrada,koht,,,,
laskurkorpus,koht,,,,
Lasnamäe,koht,,,,
Lasnamägi,koht,,,,
Las Palmas,koht,,,,
Lassi,koht,,,,
last,koht,aeg,seisund,,"ADV_aeg, konkr, omadus, VERB_aeg, VERB_seisund"
lasteaed,koht,,,,
lasteaed-algkool,koht,,,,
lasteala,koht,,,,
lasteasutus,koht,,,,
lasteetendus,,,,sündmus,
lastehaigla,koht,,,,
lastehaigus,,,seisund,,abstr
lastehalvatus,,,seisund,,
lastehalvatustõbi,,,seisund,,
lastehoid,koht,,,,"tegevus, vald"
lastehommik,,,,sündmus,
lastekaitsepäev,,aeg,,,
lastekari,,,seisund,,in_omadus
lastekas,koht,,,,"ese, ese_semio"
lastekliinik,koht,,,,
lastekodu,koht,,,,
lasteküla,koht,,,,
lastemaja,koht,,,,ese_instru
lasteorganisatsioon,koht,,,,
lasteosakond,koht,,,,
lastepark,koht,,,,
lastepidu,,,,sündmus,
lastepolikliinik,koht,,,,
lastepäevakodu,koht,,,,
lasteraamatukogu,koht,,,,
lastering,koht,,,,
lasteseanss,,,,sündmus,
lastestaadion,koht,,,,
lastesõim,koht,,,,
lasteteater,koht,,,,
lastetuba,koht,,seisund,,"abstr, tegevus"
lastetus,,,seisund,,
lastija,koht,,,,in_elukutse
lastiruum,koht,,,,
lastitekk,koht,,,,
last ootama,,,seisund,,VERB_seisund
lasund,koht,,,,"materjal/aine, nähtus_loodus"
lasuurrannik,koht,,,,
Lasva,koht,,,,
Las Vegas,koht,,,,
Lazdijai,koht,,,,
Lazio,koht,,,,
Latakia,koht,,,,
latern,koht,,seisund,,"ese_instru, kehaosa, konkr_omadus"
Latgale,koht,,,,
latifundium,koht,,,,
Latium,koht,,,,
latriin,koht,,,,
latter,koht,,,,
Lau,koht,,,,
lauaalune,koht,,,,omadus_füüs
lauahoov,koht,,,,
lauakirik,,,,sündmus,
laualõikus,koht,,,,vald
lauamõis,koht,,,,
lauapealne,koht,,,,omadus
lauapind,koht,,,,
lauatagune,,,seisund,,
lauavabrik,koht,,,,
lauaõppus,,,,sündmus,
lauba,,aeg,,,
laubakas,,,,sündmus,
laube,koht,,,,
laudaesine,koht,,,,omadus_koht
laudalakk,koht,,,,
laudapealne,koht,,,,
laudaperiood,,aeg,,,
laudatagune,koht,,,,omadus
laudi,koht,,,,ese_instru
laudik,koht,,,,
laudis,koht,,,,konkr_omadus
laudkatus,koht,,,,
laudpõrand,koht,,,,
laudsein,koht,,,,
laudvooder,koht,,,,
laudvooderdis,koht,,,,
Lauga,koht,,,,
Lauga jõgi,koht,,,,
laugas,koht,,,,
laugasjärv,koht,,,,
laugastik,koht,,,,
laugmeri,koht,,,,
Laugu,koht,,,,
Laugu-Liiva,koht,,,,
Lauka,koht,,,,
laukaraba,koht,,,,
laukasilm,koht,,,,
Laukna,koht,,,,
Lauküla,koht,,,,
Laulasmaa,koht,,,,
laulatus,,,,sündmus,
Laulepa,koht,,,,
laulev revolutsioon,,aeg,,sündmus,
Lauli,koht,,,,
laul on lauldud,,,seisund,,
laulukaar,koht,,,,
lauluklass,koht,,,,abstr/konkr
laulukool,koht,,,,abstr
laululaager,,,,sündmus,
laululava,koht,,,,
laulupidu,,,,sündmus,
lauluproov,,,,sündmus,tegevus_tegu
laulupäev,,,,sündmus,
laulusulg,,,seisund,,"kehaosa, kehaosa_loom"
laulutund,,,,sündmus,
lauluvõistlus,,,,sündmus,
lauluvõitlus,,,,sündmus,
lauluväljak,koht,,,,
Laupa,koht,,,,
laupkokkupõrge,,,,sündmus,
laupõletik,,,seisund,,
laupäev,,aeg,,,esitus
laupäevak,,,,sündmus,
Laura,koht,,,,
Lauri,koht,,,,
Laurimäe,koht,,,,
laurits,,aeg,,,
lauritsapäev,,aeg,,,
lausandik,koht,,,,
Lausanne,koht,,,,
lausik,koht,,,,omadus_füüs
Lausitz,koht,,,,
lauskmaa,koht,,,,
lauskrand,koht,,,,
lausloomataud,,,seisund,,
lauspilvitus,,,seisund,,nähtus_loodus
laustaud,,,seisund,,
laut,koht,,,,
lauter,koht,,,,
Lautna,koht,,,,
lautrikoht,koht,,,,
lauvaje,,,seisund,,
LAV,koht,,,,
lava,koht,,,,"abstr, ese_instru, vald"
lavaaken,koht,,,,
lavajuubel,,,,sündmus,
lavakarp,koht,,,,
lavakas,koht,,,,in_roll
lavakast,koht,,,,
lavakramp,,,seisund,,
lavalauad,koht,,,,"ese_instru, tegevus"
lavaletulek,,,,sündmus,
lavamaa,koht,,,,
lavamägi,koht,,,,
lavanärv,,,seisund,,omadus_psühh
lavaproov,,,,sündmus,tegevus
lavaruum,koht,,,,
Lavassaar,koht,,,,
Lavassaare,koht,,,,
lavastus,,,,sündmus,"ese_kunst, tegevus_tegu"
lavastuslik,,,seisund,,omadus
lavatagune,koht,,,,omadus_koht
lavatorn,koht,,,,
Lavi,koht,,,,
lavra,koht,,,,
Lavrõ,koht,,,,
Lebavere,koht,,,,
lebo,,,seisund,,"ese, omadus_kval"
lee,koht,,,,
leease,koht,,,,
Leebiku,koht,,,,
leede,koht,,,,materjal/aine
Leedi,koht,,,,
Leediküla,koht,,,,
Leedri,koht,,,,
Leeds,koht,,,,
Leedu,koht,,,,
leegionäride haigus,,,seisund,,
leegionärihaigus,,,seisund,,
Leeli,koht,,,,
leelõugas,koht,,,,
Leemeti,koht,,,,
Leena,koht,,,,
leepra,,,seisund,,
leer,koht,,,,"grupp, inimene, in_roll, tegevus"
leeriaeg,,aeg,,,
leerimaja,koht,,,,
Leerimetsa,koht,,,,
leeripäev,,aeg,,sündmus,
leerituba,koht,,,,
Leesi,koht,,,,
Leeskopa,koht,,,,
leetrid,,,seisund,,
leetrilööve,,,seisund,,
leetselg,koht,,,,
leetseljak,koht,,,,
Leetva,koht,,,,
Leevaku,koht,,,,
Leevi,koht,,,,
Leevijõe,koht,,,,
Leevre,koht,,,,
Lefkosía,koht,,,,
legionelloos,,,seisund,,
Le Havre,koht,,,,
lehekiosk,koht,,,,
lehe-laiktõbi,,,seisund,,
Lehemetsa,koht,,,,
lehemädanik,,,seisund,,
leheputka,koht,,,,
leherooste,,,seisund,,
leheruum,koht,,,,
lehes,,,seisund,,
leheseis,,,seisund,,
Lehetu,koht,,,,
lehevarisemistõbi,,,seisund,,
Lehmja,koht,,,,
Lehola,koht,,,,
lehter,koht,,,,ese_instru
lehtersuue,koht,,,,
lehtes,,,seisund,,
lehtkapiteel,koht,,,,
lehtla,koht,,,,
Lehtma,koht,,,,
lehtmaja,koht,,,,
lehtmajade püha,,aeg,,,
lehtmets,koht,,,,taim
Lehtmetsa,koht,,,,
lehtonn,koht,,,,
lehtpuumets,koht,,,,taim
Lehtse,koht,,,,
Lehu,koht,,,,
Leibre,koht,,,,
Leicester,koht,,,,
Leicestershire,koht,,,,
leid,,,,sündmus,"abstr/konkr, abstr/konkr_omadus, ese_instru"
Leie,koht,,,,
Leigri,koht,,,,
leigus,,,seisund,,omadus_füüs
Leikude,koht,,,,
Leila,koht,,,,
leiliruum,koht,,,,
leilisaun,koht,,,,
Leimani,koht,,,,
Leina,koht,,,,
leina-aasta,,aeg,,,
leinaaeg,,aeg,,,
leinajumalateenistus,,,,sündmus,
leinamaja,koht,,,,
leinaminut,,aeg,,,
leinamissa,,,,sündmus,ese_kunst
leinapäev,,aeg,,,
leinaseisak,,,,sündmus,
leinatalitus,,,,sündmus,
Leipste,koht,,,,
Leipzig,koht,,,,
Leisi,koht,,,,
Leiso,koht,,,,
Leistu,koht,,,,
Leisu,koht,,,,
leitseauk,koht,,,,
leiubüroo,koht,,,,
leiukoht,koht,,,,
leiunurk,koht,,,,
leiupaik,koht,,,,
leiupood,koht,,,,
leivad ühes kapis,,,seisund,,
leivakauplus,koht,,,,
leivapood,koht,,,,
leivapuudus,,,seisund,,
leivatehas,koht,,,,
Leivu,koht,,,,
lekk,koht,,,,ese_raha
lekkekoht,koht,,,,
lektoorium,koht,,,sündmus,
Lellapere,koht,,,,
Lellapere-Nurme,koht,,,,
Lelle,koht,,,,
Lelu,koht,,,,
Le Mans,koht,,,,
lemb,,,seisund,,in_omadus
Lembevere,koht,,,,
lembus,,,seisund,,
Lemmaku,koht,,,,
Lemmakõnnu,koht,,,,
Lemmaru,koht,,,,
Lemmatsi,koht,,,,
lemme,,,seisund,,taim
Lemmetsa,koht,,,,
lemmikkoht,koht,,,,
Lemmikküla,koht,,,,
lemmikloomahotell,koht,,,,
Lemmküla,koht,,,,
Lemsalu,koht,,,,
Lemsi,koht,,,,
Lemuvere,koht,,,,
lendla,koht,,,,
lendlus,,aeg,,,nähtus_loodus
lendnõgi,,,seisund,,
lendva,,,seisund,,"ese_instru, in_müt"
Leningrad,koht,,,,
Leningradi blokaad,,,,sündmus,
Lenkoran,koht,,,,
lennuaeg,,aeg,,,nähtus_loodus
lennuauk,koht,,,,
lennuava,koht,,,,
lennubaas,koht,,,,
lennufirma,koht,,,,
lennuhirm,,,seisund,,
lennuilm,,,seisund,,
lennuintsident,,,,sündmus,
lennujaam,koht,,,,
lennujoon,koht,,,,
lennujuhtimiskeskus,koht,,,,
lennujuhtimistorn,koht,,,,
lennukaar,koht,,,,
lennukeelutsoon,koht,,,,
lennukitehas,koht,,,,
lennuklubi,koht,,,,
lennukompanii,koht,,,,
lennukoridor,koht,,,,
lennukorraldaja,koht,,,,in_elukutse
lennumägi,koht,,,,
lennuohutus,,,seisund,,
lennurada,koht,,,,
lennureis,,,,sündmus,tegevus
lennusalk,koht,,,,in_elukutse
lennu-show,,,,sündmus,
lennusõu,,,,sündmus,
lennušõu,,,,sündmus,
lennutee,koht,,,,tegevus
lennutrass,koht,,,,
lennutromboos,,,seisund,,
lennutund,,aeg,,,esitus_mõõt
lennuväebaas,koht,,,,
lennuvägi,koht,,,,"grupp, in_elukutse"
lennuväli,koht,,,,
lennuväsimus,,,seisund,,
lennuõnnetus,,,,sündmus,
Lenska,koht,,,,
León,koht,,,,
Léopoldville,koht,,,,
Leoski,koht,,,,
Lepa,koht,,,,
Lepaküla,koht,,,,
lepamets,koht,,,,taim
Lepassaare,koht,,,,
Lepaste,koht,,,,
lepik,koht,,,,taim
Lepiksaare,koht,,,,
Lepiku,koht,,,,
lepinglane,koht,,,,in_roll
Lepinguline Omaan,koht,,,,
lepinguosaline,koht,,,,"in_roll, omadus_kval"
lepingupool,koht,,,,in_roll
Lepispea,koht,,,,
lepitusmenetlus,,,,sündmus,tegevus_tegu
Lepna,koht,,,,
Lepplaane,koht,,,,
Leppneeme,koht,,,,
leprosoorium,koht,,,,
leptospiroos,,,seisund,,
Lepä,koht,,,,
Lesbos,koht,,,,
leseaasta,,aeg,,,
lesepõli,,aeg,seisund,,
lesepõlv,,aeg,seisund,,
lesepäevad,,aeg,,,
lesila,koht,,,,
lesk,,,seisund,,"in_roll, loom_liik, loom_putukas"
Lesnoi,koht,,,,
Lesotho,koht,,,,
Lessogorski,koht,,,,
Lestima,koht,,,,
letargia,,,seisund,,
Lethe,koht,,,,
letikamber,koht,,,,
Letipea,koht,,,,
leukeemia,,,seisund,,
leukoom,,,seisund,,
leukoos,,,seisund,,
leukopeenia,,,seisund,,
leukoplaakia,,,seisund,,
leukotsütoos,,,seisund,,
Leuven,koht,,,,
levaada,koht,,,,
Levala,koht,,,,
Levalõpme,koht,,,,
Levant,koht,,,,
Levi,koht,,,,
levi,koht,,,,"nähtus_füüs, nähtus_loodus, tegevus"
leviala,koht,,,,
leviauk,koht,,,,
levikuala,koht,,,,
levikupiirkond,koht,,,,
levila,koht,,,,
leviosakond,koht,,,,
levitaja,koht,,,,"in_roll, loom"
Lewes,koht,,,,
Lhasa,koht,,,,
Liaodongi poolsaar,koht,,,,
Liaoning,koht,,,,
Libatse,koht,,,,
libedarada,koht,,,,
libedus,,,seisund,,omadus_psühh
Libeeria,koht,,,,
liberada,koht,,,,
libe tee,,,seisund,,
liblikad kõhus,,,seisund,,
liblikad lendavad kõhus,,,seisund,,
Libreville,koht,,,,
Lida,koht,,,,
Liechtenstein,koht,,,,
Liège,koht,,,,
Liepāja,koht,,,,
Ligema,koht,,,,
ligidal,koht,,,,"abstr, ADV_aeg, ADV_koht, ADV_seisund, kogus"
ligidale,koht,,,,"abstr, ADV_aeg, ADV_aste, ADV_koht, ADV_seisund"
ligidalt,koht,,,,"ADV_aeg, ADV_seisund"
ligidus,koht,,seisund,,
ligikond,koht,,,,
ligilähedus,koht,,seisund,,
liginullenergiahoone,koht,,,,
liginullenergiamaja,koht,,,,
ligiolek,,,seisund,,
ligiolu,,,seisund,,
ligipääsematus,,,seisund,,
ligipääsmatus,,,seisund,,
Liguri,koht,,,,
Liguuria,koht,,,,
Liguuria meri,koht,,,,
lihahaav,,,seisund,,
lihaheide,,aeg,,,
lihaheitepäev,,aeg,,,
lihakarn,koht,,,,
lihakombinaat,koht,,,,
lihamürgistus,,,seisund,,
lihamürgitus,,,seisund,,
lihapood,koht,,,,
lihapott,,,seisund,,ese_instru
lihasdüsmorfia,,,seisund,,
lihasdüstroofia,,,seisund,,
lihasepõletik,,,seisund,,
lihasesisene,koht,,,,
lihasetõmblus,,,seisund,,
lihasevalu,,,seisund,,
lihaskasvaja,,,seisund,,
lihasnõrkus,,,seisund,,
lihaspinge,,,seisund,,
lihasvalu,,,seisund,,
lihatööstus,koht,,,,vald
lihavõtted,,aeg,,,
lihavõttepühad,,aeg,,,
Lihavõttesaar,koht,,,,
lihavõttevaheaeg,,aeg,,,
lihkepind,koht,,,,
lihkevall,koht,,,,
lihtaasta,,aeg,,,
lihtenamus,,,seisund,,
Lihtensteini,koht,,,,
lihthäälteenamus,,,seisund,,
Lihula,koht,,,,
Lihulõpe,koht,,,,
Liiapeksi,koht,,,,
liiasilm,koht,,,,
liiassilm,koht,,,,
Liibanon,koht,,,,
Liibanoni mäed,koht,,,,
Liibavi,koht,,,,
Liibo,koht,,,,
Liibüa,koht,,,,
Liibüa kõrb,koht,,,,
liide,koht,,seisund,,"abstr/konkr, ese_instru, ese_semio, esitus_keel"
liidumaa,koht,,,,
liidunõukogu,koht,,,,
Liidupäev,koht,,,,
liiduriik,koht,,,,
liidus,koht,,,,kehaosa
liiduvabariik,koht,,,,
liiga,,,seisund,,"abstr, abstr/konkr, ADV_aste, esitus_kujutis, in_omadus"
liigaasta,,aeg,,,
Liigalaskma,koht,,,,
liige,koht,,,,"abstr, in_omadus, kehaosa"
liigendatus,,,seisund,,
liigesejäikus,,,seisund,,
liigesepõletik,,,seisund,,
liigesereuma,,,seisund,,
liigesetuberkuloos,,,seisund,,
liigesevalu,,,seisund,,
liigesvalu,,,seisund,,
liighigistamine,,,seisund,,
liigirikkus,,,seisund,,omadus_kval
liigjahtumine,,,seisund,,nähtus
liigkarvasus,,,seisund,,
liigkusesus,,,seisund,,
liigliha,,,seisund,,abstr
liignõristus,,,seisund,,
liigsarvestumine,,,seisund,,
liigsarvestumus,,,seisund,,
liigsilm,koht,,,,
liigsoojumus,,,seisund,,
liigtalitlus,,,seisund,,
liigtundlikkus,,,seisund,,omadus_psühh
liigtäitumine,,,seisund,,
liigud,,,,sündmus,
liigunisus,,,seisund,,
Liiguste,koht,,,,
liigutus,,,seisund,,"abstr/konkr, nähtus_psühh, tegevus_tegu"
Liigvalla,koht,,,,
liigveresus,,,seisund,,
Liikatku,koht,,,,
liiklusavarii,,,,sündmus,
liikluskatkestus,,,seisund,,
liikluslinnak,koht,,,,
liiklusmagistraal,koht,,,,
liiklusohutus,,,seisund,,
liiklusolud,,,seisund,,
liikluspolitsei,koht,,,,in_elukutse
liiklusseisak,,,seisund,,
liiklussoon,koht,,,,
liiklussõlm,koht,,,,
liiklustee,koht,,,,
liiklustingimused,,,seisund,,
liiklusummik,,,seisund,,
liiklusõnnetus,,,,sündmus,
liikmehiidsus,,,seisund,,
liikmelisus,,,seisund,,
liikmeslinn,koht,,,,
liikmesmaa,koht,,,,
liikmesorganisatsioon,koht,,,,inimene
liikmesriik,koht,,,,
liikmesus,,,seisund,,
liikumishäire,,,seisund,,
liikumispuue,,,seisund,,
liikumisraskus,,,seisund,,
liikumisruum,koht,,,,abstr/konkr
liikumistee,koht,,,,
liikumistund,,,,sündmus,
liikumistõbi,,,seisund,,
liikumisvaegus,,,seisund,,
liikumisvõimetus,,,seisund,,
liikuv püha,,aeg,,,
liikuvusvaesus,,,seisund,,
Liikva,koht,,,,
Liiküla,koht,,,,
Liimala,koht,,,,
liimist lahti,,,seisund,,
Liinamäe,koht,,,,
liinikoridor,koht,,,,
liising,koht,,,,"abstr/konkr, ese_raha"
liisingettevõte,koht,,,,
liisingfirma,koht,,,,
liisinguandja,koht,,,,
liisinguettevõte,koht,,,,
liisingufirma,koht,,,,
liisinguvõtja,koht,,,,inimene
Liispõllu,koht,,,,
liit,koht,,,,"abstr, abstr/konkr_omadus, in_elukutse, in_roll, omadus, omadus_kval"
liitekoht,koht,,,,
liitlasmaa,koht,,,,
liitlasriik,koht,,,,
liitlinn,koht,,,,
liitlus,,,seisund,,
liitpuue,,,seisund,,
liitriik,koht,,,,abstr/konkr
liitumisläbirääkimised,,,,sündmus,
liitumus,,,seisund,,
Liitva,koht,,,,
liitvabariik,koht,,,,
liiv,koht,,,,"ese_instru, materjal/aine"
Liiva,koht,,,,
liivaala,koht,,,,
liivaauk,koht,,,,
liivak,koht,,,,
liivakalju,koht,,,,nähtus_loodus
liivakallas,koht,,,,
liivakarjäär,koht,,,,
liivakast,koht,,,,"abstr/konkr, ese_anum, ese_instru"
liivakivijärsak,koht,,,,
liivakivipaljand,koht,,,,
Liivakupalu,koht,,,,
liivakõrb,koht,,,,
liivakühm,koht,,,,
Liivaküla,koht,,,,
liivaküngas,koht,,,,
Liivakünka,koht,,,,
liivalagendik,koht,,,,
liivaloss,koht,,,,
liivamaa,koht,,,,materjal/aine
liivameri,koht,,,,
Liivamäe,koht,,,,
liivanõmm,koht,,,,
Liivanõmme,koht,,,,
Liiva-Putla,koht,,,,
liivarand,koht,,,,
Liivaranna,koht,,,,
liivariba,koht,,,,
liivaseljak,koht,,,,
liivaseljandik,koht,,,,
liivasoss,koht,,,,
liivasäär,koht,,,,
liivatee,koht,,,,taim
liivavall,koht,,,,
liivaväli,koht,,,,
liivaväljak,koht,,,,
Liivi,koht,,,,
liivik,koht,,,,
Liivi laht,koht,,,,
Liivimaa,koht,,,,
Liivimaa hertsogkond,koht,,,,
Liivi ordu,koht,,,,
Liivi sõda,,,,sündmus,
Liivoja,koht,,,,
liivpinnas,koht,,,,
Lilastvere,koht,,,,
Lilbi,koht,,,,
Lilla Rågö,koht,,,,
Lillbyn,koht,,,,
Lille,koht,,,,
lilleaed,koht,,,,
Lillehammer,koht,,,,
lillekasvatus,koht,,,,"tegevus, vald"
lillekauplus,koht,,,,
lillekiosk,koht,,,,
lilleklump,koht,,,,
Lilleküla,koht,,,,
lilleniit,koht,,,,
lillepeenar,koht,,,,
lillepidu,,,seisund,sündmus,nähtus_loodus
lillepood,koht,,,,
Lilli,koht,,,,
Lilli-Anne,koht,,,,
Lillimõisa,koht,,,,
Lillängin,koht,,,,
Lilongwe,koht,,,,
Lilu,koht,,,,
Lima,koht,,,,
limaan,koht,,,,
limalakku täis,,,seisund,,
limapaunapõletik,,,seisund,,
limaskestapõletik,,,seisund,,
Limassol,koht,,,,
limaturse,,,seisund,,
limavoolus,,,seisund,,
Limbaži,koht,,,,
limbo,koht,,seisund,,"ese_kunst, tegevus"
Limburg,koht,,,,
Limerick,koht,,,,
limnoloogiajaam,koht,,,,
Limousin,koht,,,,
Limpopo,koht,,,,
Limu,koht,,,,
Linaküla,koht,,,,
Linaleo,koht,,,,
linaleoauk,koht,,,,
linaligu,koht,,,,materjal/aine
linapõld,koht,,,,
linavabrik,koht,,,,
Lincoln,koht,,,,
Lincolnshire,koht,,,,
Lindi,koht,,,,
lindilõikamine,,,,sündmus,
lindiskandaal,,,,sündmus,
lindla,koht,,,,
Lindmetsa,koht,,,,
Lindora,koht,,,,
lindpriius,,,seisund,,
Lindsi,koht,,,,
Linköping,koht,,,,
linn,koht,,,,inimene
Linna,koht,,,,
Linnaaluste,koht,,,,
linnaamet,koht,,,,
linnaarhiiv,koht,,,,
linnaarhitektuur,koht,,,,abstr/konkr
linnadžungel,koht,,,,
linnahall,koht,,,,
linnajagu,koht,,,,
linnak,koht,,,,
Linnaka,koht,,,,
linnakantselei,koht,,,,
linnake,koht,,,,
linnakirik,koht,,,,
linnakivid,koht,,,,
linnakodu,koht,,,,
linnakogudus,koht,,,,
linnakoht,koht,,,,
linnakohtunik,koht,,,,
linnakohus,koht,,,,
linnakool,koht,,,,
linnakorter,koht,,,,
Linnakse,koht,,,,
linnalaager,,,,sündmus,
linnalahing,,,,sündmus,
linnaline asula,koht,,,,
linnaloodus,koht,,,,organism
linnamaa,koht,,,,
linnamaastik,koht,,,,
linnamuuseum,koht,,,,
linnamõis,koht,,,,
Linnamäe,koht,,,,
linnamägi,koht,,,,
linnamüür,koht,,,,
linnanõukogu,koht,,,,in_roll
linnaosa,koht,,,,
linnaosavalitsus,koht,,,,esitus
Linnape,koht,,,,
linnapiirkond,koht,,,,
linnapuhkus,,,,sündmus,
linnapäev,,,,sündmus,
linnaruum,koht,,,,
linnasaras,koht,,,,abstr/konkr
linnasaun,koht,,,,
linnastu,koht,,,,
linnasüda,koht,,,,
linnatänav,koht,,,,
linnavalitsus,koht,,,,inimene
linnavärav,koht,,,,
linnriik,koht,,,,
linnuaed,koht,,,,
linnuala,koht,,,,
linnuauk,koht,,,,
linnufarm,koht,,,,
linnugripp,,,seisund,,
linnujaam,koht,,,,
linnukaitseala,koht,,,,
linnukasvandus,koht,,,,
linnumaja,koht,,,,ese
Linnumäe,koht,,,,
linnupuu,koht,,,,
linnurahu,,aeg,,,
linnuralli,,,,sündmus,
linnuriik,koht,,,,"grupp, loom_lind"
linnus,koht,,,,
linnusasula,koht,,,,
Linnuse,koht,,,,
linnusekohus,koht,,,,
linnuselään,koht,,,,
linnusemägi,koht,,,,
linnuuni,,,seisund,,
linnuvabrik,koht,,,,
Linz,koht,,,,
Linte,koht,,,,
Lintsi jõgi,koht,,,,
lintvundament,koht,,,,
Lipa,koht,,,,
Lipametsa,koht,,,,
lipeemia,,,seisund,,
Lipetsk,koht,,,,
Lipniku,koht,,,,
lipoom,,,seisund,,
lipoödeem,,,seisund,,
Lipstu,koht,,,,
Lipu,koht,,,,
lipu all,,,seisund,,
lipu alla,,,seisund,,
lipumaa,koht,,,,
lipupäev,,aeg,,,
lipuriik,koht,,,,
liputiib,koht,,,,
lipuväljak,koht,,,,
lipödeem,,,seisund,,
lisaaeg,,aeg,,,
lisajõgi,koht,,,,
lisaminut,,aeg,,,
lisaorg,koht,,,,
lisapind,koht,,,,
lisaproov,,,,sündmus,"materjal/aine, tegevus_tegu"
lisapuhkus,,aeg,,,
lisapäev,,aeg,,,
lisapäeva-aasta,,aeg,,,
lisarada,koht,,,,
lisaseanss,,,,sündmus,
liseen,koht,,,,
Lisja,koht,,,,
Lissabon,koht,,,,
Listaku,koht,,,,
listerioos,,,seisund,,
litaania,,,,sündmus,
litoraal,koht,,,,
litosfäär,koht,,,,
litsentsiaar,koht,,,,in_roll
litsentsiaat,koht,,,,"esitus_tiitel, in_omadus, in_roll"
litsentsiandja,koht,,,,in_roll
litsentsisaaja,koht,,,,in_roll
litsides,koht,,,,
litsimaja,koht,,,,
Litsmetsa,koht,,,,
Little Rock,koht,,,,
Litu,koht,,,,
liturgia,,,,sündmus,abstr/konkr
Litvina,koht,,,,
Liu,koht,,,,
liug,,,,sündmus,"ese_instru, tegevus"
liumägi,koht,,,,ese_instru
liurada,koht,,,,
Liustemäe,koht,,,,
liustik,koht,,,,nähtus_loodus
liustikujõgi,koht,,,,
liustikukeel,koht,,,,
Liusvere,koht,,,,
liutee,koht,,,,ese_instru
liuväli,koht,,,,
Liva,koht,,,,
Livadija,koht,,,,
liveedo,,,seisund,,
Liverpool,koht,,,,
Livorno,koht,,,,
ljaano,koht,,,,
Ljubljana,koht,,,,
LK,,,seisund,,esitus
LKA,koht,,,,esitus
Llanos,koht,,,,
LNG-terminal,koht,,,,
Lobamba,koht,,,,
Lobi,koht,,,,
Lobotka,koht,,,,
lobudik,koht,,,,ese
Locarno,koht,,,,
Loch Ness,koht,,,,
Lodeinoje Pole,koht,,,,
Lodja,koht,,,,
Lodomeeria,koht,,,,
lodža,koht,,,,
lodu,koht,,,,ese_riie
lodukoht,koht,,,,
lodumaa,koht,,,,
lodumets,koht,,,,taim
lodupealne,koht,,,,omadus_füüs
Loe,koht,,,,
loe,koht,,,,
loendus,,,,sündmus,tegevus
loeng,,,,sündmus,"ese_semio, tegevus_kõnetegu"
loengkontsert,,,,sündmus,
loenguruum,koht,,,,
loengusaal,koht,,,,
Lofoodid,koht,,,,
loft,koht,,,,
Logina,koht,,,,
logistikakeskus,koht,,,,
logistikapark,koht,,,,
logorröa,,,seisund,,
Logroño,koht,,,,
logudik,koht,,,,"ese_instru, omadus_kval"
logusk,koht,,,,ese_instru
loha,koht,,,,ADV_seisund
lohistustee,koht,,,,
Lohja,koht,,,,
lohk,koht,,,,"esitus_mõõt, nähtus_loodus"
Lohkuse,koht,,,,
Lohkva,koht,,,,
Lohu,koht,,,,
lohuke,koht,,,,
lohukene,koht,,,,
Lohusalu,koht,,,,
Lohusuu,koht,,,,
lohutussõit,,,,sündmus,
lohutusturniir,,,,sündmus,
loid,,,seisund,,omadus_kval
loidumus,,,seisund,,
loidus,,,seisund,,
loik,koht,,,,materjal/aine
Loime,koht,,,,
Loire,koht,,,,
Loire'i alad,koht,,,,
Loja,koht,,,,
lokaal,koht,,,,
lokaalkatlamaja,koht,,,,
lokatsioon,koht,,,,tegevus
Loko,koht,,,,
Loksa,koht,,,,
loksper,koht,,,sündmus,
Loksu,koht,,,,
Lokuta,koht,,,,
Lokuti,koht,,,,
Lolland,koht,,,,
Lolu,koht,,,,
lombard,koht,,,,
Lombardia,koht,,,,
Lombi,koht,,,,
lombike,koht,,,,
lombi taga,koht,,,,
lombi taha,koht,,,,
Lomé,koht,,,,
Lomonossov,koht,,,,
lomp,koht,,,,
Lompka,koht,,,,
Londi,koht,,,,
London,koht,,,,
Londonderry,koht,,,,
Long Island,koht,,,,
Loo,koht,,,,
looala,koht,,,,
Loobu,koht,,,,
loobumiskaotus,,,,sündmus,
loobumisvõit,,,,sündmus,
loobumus,,,seisund,,
lood,koht,,,,"ese_instru, esitus_mõõt"
Loodealad,koht,,,,
loodekaar,koht,,,,
looderannik,koht,,,,
Loodeväil,koht,,,,
Loodi,koht,,,,
Loodna,koht,,,,
looduskaitseala,koht,,,,esitus
looduskaitse all,,,seisund,,esitus
looduskatastroof,,,,sündmus,
looduskeskkond,koht,,,,
looduskoldeline haigus,,,seisund,,
looduslikkus,,,seisund,,
loodusmaastik,koht,,,,
loodusmatk,,,,sündmus,
loodusobjekt,koht,,,,
looduspark,koht,,,,
looduspood,koht,,,,
loodusrada,koht,,,,
loodusvöönd,koht,,,,
loodusõnnetus,,,,sündmus,
Loogamäe,koht,,,,
looge,koht,,,,
loogus,,,seisund,,ADV_seisund
looja karja,,,seisund,,omadus_aeg
loojakarja,,,seisund,,omadus_aeg
looja karjas,,,seisund,,omadus_aeg
loojakarjas,,,seisund,,omadus_aeg
Looküla,koht,,,,
looma-aasta,,aeg,,,
loomaaed,koht,,,,
loomafarm,koht,,,,
loomahaigus,,,seisund,,
loomakasvatustalu,koht,,,,
loomakliinik,koht,,,,
loomalaat,,,,sündmus,
loomalaut,koht,,,,
loomapark,koht,,,,
loomapood,koht,,,,
loomaravila,koht,,,,
loomataud,,,seisund,,
loomeaasta,,aeg,,,
loomeettevõte,koht,,,,
loomeliit,koht,,,,in_omadus
loomelinnak,koht,,,,
loomemaja,koht,,,,
loomeperiood,,aeg,,,
loomets,koht,,,,taim
loominguperiood,,aeg,,,
loomisfaas,,aeg,,,
loomisjärk,,aeg,,,
Loomse,koht,,,,
loomulikud vajadused,,,seisund,,tegevus_tegu
loomusund,,,seisund,,nähtus_psühh
Loona,koht,,,,
Loonalaid,koht,,,,
Loone,koht,,,,
looniit,koht,,,,
loopealne,koht,,,,omadus_koht
Loopealse,koht,,,,
Loopre,koht,,,,
Loosi,koht,,,,
loosimine,,,,sündmus,tegevus
Loosu,koht,,,,
loož,koht,,,,in_roll
looteiga,,aeg,,,
lootsijaam,koht,,,,
lootsiküla,koht,,,,
lootus,,,seisund,,"abstr/konkr_omadus, in_omadus"
Lootvina,koht,,,,
Lop Nur,koht,,,,
lordoos,,,seisund,,
Lorraine,koht,,,,
Los Angeles,koht,,,,
loss,koht,,,sündmus,"abstr/konkr, ese_raha, nähtus"
lossihoov,koht,,,,
lossikabel,koht,,,,
Lossiküla,koht,,,,
Lossimäe,koht,,,,
lossimägi,koht,,,,
lossipark,koht,,,,
lossivaremed,koht,,,,
Lota,koht,,,,
Lothian,koht,,,,
Lotring,koht,,,,
Louisiana,koht,,,,
lounge,koht,,,,
Lourenço Marques,koht,,,,
LOV,koht,,,,esitus
Lovat,koht,,,,
lovi,,,seisund,,
Loviisa,koht,,,,
Lowlands,koht,,,,
Luanda,koht,,,,
lubatavus,,,seisund,,
lubihaue,,,seisund,,
lubiraig,,,seisund,,
Lubja,koht,,,,
lubjaauk,koht,,,,
lubjakivikarjäär,koht,,,,
Lubjanka,koht,,,,
lubjastumine,,,seisund,,
lubjastus,,,seisund,,tegevus_muutus
Lubusz,koht,,,,
Lucknow,koht,,,,
Luculluse söömaaeg,,,,sündmus,
ludin,,,seisund,,ese
ludomaania,,,seisund,,
Ludza,koht,,,,
Luga,koht,,,,
Lugansk,koht,,,,
lugemine,,,,sündmus,"ese_semio, tegevus"
lugemisjärg,koht,,seisund,,
lugemisproov,,,,sündmus,tegevus
lugemissaal,koht,,,,
lugu,,,seisund,sündmus,"abstr, ese_kunst, ese_semio, esitus, esitus_mõõt"
lugupidamine,,,seisund,,nähtus_psühh
Luguse,koht,,,,
luhaheinamaa,koht,,,,
Luhamaa,koht,,,,
Luhamaa nulk,koht,,,,
Luhametsa,koht,,,,
luhaniit,koht,,,,
Luhansk,koht,,,,
luhaveekogu,koht,,,,
luht,koht,,,,
Luhte,koht,,,,
Luidja,koht,,,,
Luiga,koht,,,,
Luige,koht,,,,
luigetiik,koht,,,,
Luigu,koht,,,,
Luiste,koht,,,,
Luite,koht,,,,
luitemaastik,koht,,,,
luitemännik,koht,,,,taim
luiterannik,koht,,,,
luitumus,,,seisund,,
Luke,koht,,,,
luksatsioon,,,seisund,,
Luksemburg,koht,,,,
lukshotell,koht,,,,
luksnumber,koht,,,,
luksushotell,koht,,,,
luksuskorter,koht,,,,
luksuskuurort,koht,,,,
luksusnumber,koht,,,,
luksusrestoran,koht,,,,
luksustelk,koht,,,,
luksusvilla,koht,,,,
lukuauk,koht,,,,
lukukivi,koht,,,,
lukustus,,,seisund,,"abstr/konkr, tegevus_tegu"
luku tagant,,,seisund,,
luku taha,,,seisund,,
Luleå,koht,,,,
Lullikatku,koht,,,,
lumbaago,,,seisund,,
lumekahjustus,,,seisund,,
lumekõrb,koht,,,,
lumelagendik,koht,,,,
lumelaik,koht,,,,
lumelauapark,koht,,,,
lumelinn,koht,,,,
lumeolud,,,seisund,,
lumeonn,koht,,,,
lumepiir,koht,,,,
lumepime,,,seisund,,
lumerada,koht,,,,
lumerajasõit,,,,sündmus,tegevus_tegu
lumerõngarada,koht,,,,
lumetee,koht,,,,
lumevaalimine,,,seisund,,
lumeväli,koht,,,,
lumiseen,,,seisund,,
lumm,,,seisund,,nähtus_psühh
lummus,,,seisund,,"nähtus_psühh, omadus_psühh"
lunatism,,,seisund,,
Lund,koht,,,,
Lungu,koht,,,,
luperkaalid,,,,sündmus,
Lusaka,koht,,,,
lusikapidu,,,,sündmus,
Lusitaania,koht,,,,
Lussu,koht,,,,
lust,,,,sündmus,"nähtus_psühh, omadus_psühh, tegevus"
lustaed,koht,,,,
lusthoone,koht,,,,
Lusti,koht,,,,
lustipidu,,,,sündmus,tegevus
lustisõit,,,,sündmus,tegevus
Lustivere,koht,,,,
lustla,koht,,,,
lustratsioon,,,,sündmus,tegevus
Luzern,koht,,,,
Luzon,koht,,,,
Lutepää,koht,,,,
Lutherstadt Wittenberg,koht,,,,
Lutika,koht,,,,
lutikapesa,koht,,,,objekt_loodus
Lutike,koht,,,,
lutipudelikaaries,,,seisund,,
Lutja,koht,,,,
Luton,koht,,,,
Lutsi,koht,,,,
Lutsk,koht,,,,
Lutsu,koht,,,,
Luua,koht,,,,
luues,,,seisund,,
Luuga,koht,,,,
Luuga jõgi,koht,,,,
luugiava,koht,,,,
luuhaprus,,,seisund,,
luuhõrenemine,,,seisund,,
luuk,koht,,,,"ese_instru, nähtus_loodus"
luukabel,koht,,,,
luukadu,,,seisund,,
luukamber,koht,,,sündmus,
luukapäev,,aeg,,,
luukasvaja,,,seisund,,
luukasvis,,,seisund,,
Luukererannik,koht,,,,
Luuküla,koht,,,,
luul,,,seisund,,"abstr, nähtus_psühh"
luuleklubi,koht,,,,in_roll
luuleprõmm,,,,sündmus,
luulevõistlus,,,,sündmus,
luuleõhtu,,,,sündmus,
luuliidus,koht,,seisund,,
luulumõte,,,seisund,,
Luulupe,koht,,,,
luu minu luust ja liha minu lihast,,,seisund,,
luumuhk,,,seisund,,
luumurd,,,seisund,,
Luunja,koht,,,,
luunokk,,,seisund,,
luuoga,,,seisund,,
luupehmumus,,,seisund,,
luupus,,,seisund,,
luupõletik,,,seisund,,
luureagentuur,koht,,,,
luureasutus,koht,,,,
luureretk,,,,sündmus,tegevus
luurevõrk,koht,,,,
Luuri,koht,,,,
Luusika,koht,,,,
Luuska,koht,,,,
luuslank,,,seisund,,
luutiisikus,,,seisund,,
luutsinapäev,,aeg,,,
Luutsniku,koht,,,,
luutuberkuloos,,,seisund,,
luuvalu,,,seisund,,
luuvalupäev,,aeg,,,
luuüdipõletik,,,seisund,,
luuümbrisepõletik,,,seisund,,
Luxembourg,koht,,,,
Luxor,koht,,,,
Lviv,koht,,,,
Lvov,koht,,,,
lõa otsa,,,seisund,,
lõa otsas,,,seisund,,
lõa otsast,,,seisund,,
Lõbe,koht,,,,
Lõbembe,koht,,,,
lõbu,,,,sündmus,"nähtus_psühh, tegevus"
lõbumaja,koht,,,,
lõbupaik,koht,,,,
lõbureis,,,,sündmus,tegevus
lõbustus,,,,sündmus,
lõbustusasutus,koht,,,,
lõbustuskoht,koht,,,,
lõbustuspark,koht,,,,
lõbusõit,,,,sündmus,tegevus
Lõetsa,koht,,,,
lõge,koht,,,,
lõhandik,koht,,,,
lõhang,koht,,,,
Lõhavere,koht,,,,
lõhe,koht,,seisund,,"loom_kala, toit"
lõhejõgi,koht,,,,
lõhenemispind,koht,,,,
lõhestatus,,,seisund,,
lõhestik,koht,,,,
lõhestus,,,seisund,,"tegevus_muutus, tegevus_tegu"
lõhkeauk,koht,,,,
lõhkiminek,,,,sündmus,
lõhnatundetus,,,seisund,,nähtus_loodus
lõikejoon,koht,,,,esitus_kujutis
lõikekoht,koht,,,,
lõikelaud,koht,,,,ese_instru
lõikepunkt,koht,,,,
lõikuskuu,,aeg,,,esitus
lõikuspidu,,,,sündmus,
lõikuspüha,,aeg,,,
lõikustänupüha,,aeg,,,
lõimetus,,,seisund,,
lõimetusaeg,,aeg,seisund,,
Lõiuse,koht,,,,
lõkkease,koht,,,,
lõkkekoht,koht,,,,
lõkkeplats,koht,,,,
lõkkeõhtu,,,,sündmus,
Lõkova,koht,,,,
Lõmala,koht,,,,
lõngajooks,koht,,,,"konkr, konkr_omadus"
Lõo,koht,,,,
lõokesetalv,,aeg,,,
Lõpe,koht,,,,
Lõpemetsa,koht,,,,
lõpetamata,,,seisund,,
lõpetamatus,,,seisund,,
lõpetamine,,,,sündmus,"tegevus, tegevus_tegu"
lõpetatus,,,seisund,,
Lõpi,koht,,,,
lõpmatus,koht,,seisund,,"esitus_mõõt, omadus_kval"
lõpmik,koht,,,,ese_kunst
Lõpolja,koht,,,,
lõpp,koht,aeg,seisund,,"ADV_aste, esitus_keel, objekt"
lõppaasta,,aeg,,,
lõppaeg,,aeg,,,
lõpphääletus,,,,sündmus,
lõppistung,,,,sündmus,
lõppjaam,koht,,,,abstr
lõppkontsert,,,,sündmus,
lõppkuupäev,,aeg,,,
lõppkümnend,,aeg,,,
lõppmäng,,,,sündmus,"tegevus, tegevus_mäng"
lõpp-peatus,koht,,,,
lõpp-punkt,koht,,,,
lõppseis,,,seisund,,
lõppsiht,koht,,,,abstr
lõpptarbija,koht,,,,in_roll
lõpptähtaeg,,aeg,,,
lõppujumine,,,,sündmus,
lõppvõistlus,,,,sündmus,tegevus_mäng
lõpuaasta,,aeg,,,
lõpuaeg,,aeg,,,
lõpuaktus,,,,sündmus,
lõpudefilee,,,,sündmus,
lõpueksam,,,,sündmus,
lõpukell,,aeg,,,
lõpukuu,,aeg,,,
lõpukuupäev,,aeg,,,
lõpukümnend,,aeg,,,
lõpuliigud,,,,sündmus,
lõpumeeter,koht,,,,
lõpuminut,,aeg,,,
lõpupidu,,,,sündmus,
lõpupool,koht,aeg,,,
lõpupäev,,aeg,,,
lõpusekund,,aeg,,,
lõpusirge,koht,,seisund,,
lõputseremoonia,,,,sündmus,
lõpuveerand,,aeg,,,
lõpuõhtu,,,,sündmus,
lõpuüritus,,,,sündmus,
lõsn,koht,,,,ese_instru
Lõtina,koht,,,,
lõtvus,,,seisund,,"nähtus_psühh, omadus_füüs"
Lõu,koht,,,,
lõugas,koht,,,,ese_instru
Lõuka,koht,,,,
lõuna,koht,aeg,,sündmus,"tegevus, toit"
Lõuna-Aafrika,koht,,,,
Lõuna-Aafrika Vabariik,koht,,,,
lõunaaeg,,aeg,,,
Lõuna-Ameerika,koht,,,,
Lõuna-Bug,koht,,,,
Lõuna-Carolina,koht,,,,
Lõuna-Dakota,koht,,,,
Lõuna-Eesti,koht,,,,
lõunaeine,,,,sündmus,toit
Lõuna-Euroopa,koht,,,,
Lõuna-Georgia,koht,,,,
Lõuna-Hiina meri,koht,,,,
lõunaida,koht,,,,esitus
Lõuna-Jeemen,koht,,,,
lõunakaar,koht,,,,
lõunakallas,koht,,,,
Lõuna-Karjala,koht,,,,
Lõuna-Kaukaasia,koht,,,,
lõunakontsert,,,,sündmus,
Lõuna-Korea,koht,,,,
Lõunaküla,koht,,,,
lõunakülg,koht,,,,
lõunalaius,koht,,,,esitus_mõõt
lõunalääs,koht,,,,esitus_tähis
Lõunamaa,koht,,,,
lõunamaa,koht,,,,
lõunamaailm,koht,,,,
Lõunamerede mandaatala,koht,,,,
Lõunameri,koht,,,,
lõunameri,koht,,,,
lõunanaaber,koht,,,,in_rahvas
lõunanaba,koht,,,,
Lõuna-Näljastepp,koht,,,,
lõunaoode,,,,sündmus,toit
lõunaosa,koht,,,,
lõunaosariik,koht,,,,
Lõuna-Osseetia,koht,,,,
lõunapaus,,aeg,,,
lõunapiir,koht,,,,
lõunapiirkond,koht,,,,
Lõunapiirkond-Püreneed,koht,,,,
Lõuna-Pohjanmaa,koht,,,,
lõunapoolne,koht,,,,
lõunapoolus,koht,,,,esitus
lõunapuhkus,,aeg,,,tegevus_tegu
lõunapöörijoon,koht,,,,
lõunarannik,koht,,,,
Lõunariik,koht,,,,
Lõuna-Rodeesia,koht,,,,
Lõunasaar,koht,,,,
Lõunasaared,koht,,,,
Lõuna-Sandwichi saared,koht,,,,
Lõuna-Savo,koht,,,,
lõunaserv,koht,,,,
Lõuna-Shetlandi saared,koht,,,,
lõunasopp,koht,,,,
Lõuna-Sporaadid,koht,,,,
Lõuna-Sudaan,koht,,,,
lõunasöök,,,,sündmus,"tegevus, toit"
Lõuna-Šoti mägismaa,koht,,,,
lõunatiib,koht,,,,
lõunatipp,koht,,,,
Lõuna-Tirool,koht,,,,
lõunatund,,aeg,,sündmus,
lõunavahe,,aeg,,,
lõunavaheaeg,,aeg,,,
Lõuna-Vietnam,koht,,,,
Lõupõllu,koht,,,,
Lõve,koht,,,,
Lõvi,koht,,,,"esitus_kujutis, in_omadus, objekt_loodus_tähtkuju"
lõvi,koht,,,,"esitus_kujutis, in_omadus, in_roll, loom"
lõvikoobas,koht,,seisund,,
Lõõdla järv,koht,,,,
Lõõla,koht,,,,
lõõm,,,seisund,,"nähtus_füüs, nähtus_psühh"
lõõr,koht,,,,"ese_instru, kehaosa, tegevus_tegu"
lõõristik,koht,,,,
lõõsk,,,seisund,,nähtus_füüs
Läbara,koht,,,,
läbi,koht,,seisund,,"abstr/konkr, ADV_aeg, ADV_koht, ADV_seisund, tegevus"
läbielamus,,,,sündmus,nähtus_psühh
läbikäik,koht,,,,"abstr/konkr, tegevus_tegu"
läbiminek,,,,sündmus,"nähtus_loodus, tegevus"
läbimurd,koht,,,,tegevus_tegu
läbimurre,koht,,,,"abstr/konkr, tegevus_tegu"
läbimäda,,,seisund,,
läbimäng,,,,sündmus,tegevus_tegu
läbi nagu Läti raha,,,seisund,,
läbiotsimine,,,,sündmus,tegevus_tegu
läbipõlemine,,,seisund,,
läbirääkimine,,,,sündmus,tegevus_kõnetegu
läbirääkimised,,,,sündmus,
läbisõiduhoov,koht,,,,abstr
läbitavus,,,seisund,,
läbivoolujärv,koht,,,,
läbu,,,,sündmus,"ese, tegevus_kõnetegu"
Lädinä,koht,,,,
lädramälu,,,seisund,,
lähe,koht,aeg,,sündmus,abstr/konkr
lähedal,koht,,,,"abstr, ADV_aeg, ADV_koht, ADV_seisund, kogus"
lähedale,koht,,,,"abstr, ADV_aeg, ADV_aste, ADV_koht, ADV_seisund"
lähedalolek,,,seisund,,
lähedalolu,,,seisund,,
lähedalt,koht,,,,"ADV_aeg, ADV_seisund"
lähedus,koht,,seisund,,
Lähevere,koht,,,,
lähiaasta,,aeg,,,
lähiaeg,,aeg,,,
lähiajalugu,,aeg,,sündmus,
lähiala,koht,,,,
lähikauplus,koht,,,,
lähikond,koht,,,,in_roll
lähikuu,,aeg,,,
lähiminevik,,aeg,,,
lähinädal,,aeg,,,
lähipäev,,aeg,,,
lähipäevil,,aeg,,,
lähis,koht,,,,
Lähis-Ida,koht,,,,
lähistel,koht,,,,
lähistele,koht,,,,
lähistelt,koht,,,,
lähistroopika,koht,,,,
lähitulevik,,aeg,,,
lähitund,,aeg,,,
lähivälismaa,koht,,,,
lähiümbrus,koht,,,,
Lähkma,koht,,,,
Lähte,koht,,,,
lähteala,koht,,,,
lähtejaam,koht,,,,
lähtejoon,koht,,,,"abstr, esitus_kujutis"
lähtejärv,koht,,,,
lähtekoht,koht,,,,abstr
lähtepakk,,aeg,,,"abstr, ese_instru"
lähtepauk,,,,sündmus,nähtus_füüs
lähtepositsioon,,,seisund,,
lähtepunkt,koht,,,,abstr
lähteriik,koht,,,,
Lähtru,koht,,,,
Lähtse,koht,,,,
läide,,,seisund,,materjal/aine
läkaköha,,,seisund,,
lämbumisoht,,,seisund,,abstr/konkr
lämbumistunne,,,seisund,,
lämbus,,,seisund,,nähtus_loodus
lämmastikveresus,,,seisund,,
Lämmijärv,koht,,,,
lämpjalg,,,seisund,,"in_omadus, kehaosa"
läng,koht,,seisund,,"abstr_asend/suund, omadus_füüs"
Länga,koht,,,,
Länkäran,koht,,,,
Läpi,koht,,,,
lärakas,koht,,,,"esitus_kujutis, materjal/aine"
lärm,,,seisund,,"nähtus_füüs, tegevus_kõnetegu"
Läsna,koht,,,,
Läste,koht,,,,
läte,koht,,,,abstr/konkr
Läti,koht,,,,
Läti Liivimaa,koht,,,,
Lätiniidi,koht,,,,
Läti Valga,koht,,,,
Lätkalu,koht,,,,
läveesine,koht,,,,omadus_koht
lävepakk,koht,,,,
lävi,koht,,seisund,,abstr/konkr
Läädinka,koht,,,,
Läägi,koht,,,,
lään,koht,,,,abstr
Lääne-Aasia,koht,,,,
Lääne-Aserbaidžaan,koht,,,,
Lääne-Bengal,koht,,,,
Lääne-Berliin,koht,,,,
Lääne-Bug,koht,,,,
Lääne-Dvina,koht,,,,
Lääne-Eesti,koht,,,,
Lääne-Eesti saarestik,koht,,,,
Lääne-Euroopa,koht,,,,
Lääne-Euroopa aeg,,aeg,,,
Lääne-Ghatid,koht,,,,
Lääne-India,koht,,,,
Lääne-Irian,koht,,,,
läänekaar,koht,,,,
Läänekallas,koht,,,,
läänekallas,koht,,,,
Lääneküla,koht,,,,
lääneloe,koht,,,,
Läänemaa,koht,,,,
läänemaa,koht,,,,
läänemaailm,koht,,,,
Lääne maakond,koht,,,,
Lääne-Malaisia,koht,,,,
Läänemere maad,koht,,,,
Läänemeri,koht,,,,
Läänemüür,koht,,,,
Lääne-Nigula,koht,,,,
Lääne-Niiluse viirus,,,seisund,,
läänenõlv,koht,,,,
lääneosa,koht,,,,
Lääneotsa,koht,,,,
Lääne-Paapua,koht,,,,
Lääne-Pakistan,koht,,,,
läänepiir,koht,,,,
Lääne-Pomorze,koht,,,,
läänepoolne,koht,,,,
läänerannik,koht,,,,
lääneriik,koht,,,,
Lääne-Sahara,koht,,,,
Lääne-Saksamaa,koht,,,,
Lääne-Samoa,koht,,,,
lääneserv,koht,,,,
Lääne-Siber,koht,,,,
Lääne-Teravmäed,koht,,,,
läänetiib,koht,,,,
Lääne-Turkestan,koht,,,,
läänetus,,,seisund,,
Lääne-Uus-Guinea,koht,,,,
Lääne-Virginia,koht,,,,
Lääne-Virumaa,koht,,,,
Lääne-Viru maakond,koht,,,,
Lääneväin,koht,,,,
läänimaa,koht,,,,
läänimõis,koht,,,,
Lääniste,koht,,,,
läänistus,,,,sündmus,
lääpjalg,,,seisund,,"in_omadus, kehaosa"
lääs,koht,,,,
Läätsa,koht,,,,
läätsekae,,,seisund,,
lömastus,,,seisund,,
Lössiplatoo,koht,,,,
löts,,,seisund,,
löögi all,,,seisund,,
löögi alla,,,seisund,,
löökehitus,koht,,,,
lööm,,,,sündmus,tegevus_tegu
lööma,,,,sündmus,"tegevus_tegu, VERB_abstr, VERB_alustama, VERB_liigutama, VERB_liikuma, VERB_liikuma/liigutama, VERB_muutust põhjustama, VERB_nähtus, VERB_suhtlus, VERB_tegevus"
lööming,,,,sündmus,tegevus_tegu
Lööne,koht,,,,
Lööra,koht,,,,
lööv,koht,,,,omadus_kval
lööve,,,seisund,,
Lübeck,koht,,,,
Lüda,koht,,,,
Lüganuse,koht,,,,
Lühike jalg,koht,,,,
lühimatk,,,,sündmus,
lühinägelikkus,,,seisund,,omadus_psühh
lühinägevus,,,seisund,,
lühipuhkus,,,seisund,sündmus,
lükandluuk,koht,,,,
lükandsein,koht,,,,
Lükaoonia,koht,,,,
Lükati,koht,,,,
Lükkä,koht,,,,
lülisambakõverdus,,,seisund,,
lülisambamurd,,,seisund,,
lülisambatuberkuloos,,,seisund,,
Lülle,koht,,,,
Lüllemäe,koht,,,,
Lümanda,koht,,,,
Lümanda-Kulli,koht,,,,
Lümandu,koht,,,,
Lümati,koht,,,,
Lümatu,koht,,,,
lümfadeniit,,,seisund,,
lümfangiit,,,seisund,,
lümfipais,,,seisund,,
lümfisoonepõletik,,,seisund,,
lümfisõlmepõletik,,,seisund,,
lümfiturse,,,seisund,,
lümfogranulomatoos,,,seisund,,
lümfoom,,,seisund,,
lümfödeem,,,seisund,,
Lüneburg,koht,,,,
Lüneburgi nõmm,koht,,,,
lünett,koht,,,,ese_instru
lünk,koht,,,,
lüps,,aeg,,,"tegevus_tegu, toit"
lüpsiaeg,,aeg,,,
lüpsifarm,koht,,,,
lüpsikarussell,koht,,,,
lüpsikoda,koht,,,,
lüpsilaut,koht,,,,
lüpsiperiood,,aeg,,,
lüpsiplats,koht,,,,
Lüshun,koht,,,,
Lüshunkou,koht,,,,
lütseum,koht,,,,
Lützen,koht,,,,
Lütä,koht,,,,
lüüasaamine,,,,sündmus,
Lüübek,koht,,,,
Lüübnitsa,koht,,,,
Lüüdia,koht,,,,
Lüükia,koht,,,,
lüüs,koht,,,,"ese_instru, nähtus_loodus"
lüüsikamber,koht,,,,
lüüsivärav,koht,,,,
Lüüste,koht,,,,
Lüütsepa,koht,,,,
Lüütsepä,koht,,,,
Lyckholm,koht,,,,
Lyme’i tõbi,,,seisund,,
Lyon,koht,,,,
maa,koht,,,,"abstr/konkr, esitus_mõõt"
maa-ala,koht,,,,
maa-alused,,,seisund,,in_müt
maa-apteek,koht,,,,
maa-arhitektuur,koht,,,,abstr/konkr
maa-asula,koht,,,,
maabumiskoht,koht,,,,
maabumissild,koht,,,,ese_instru
Maade,koht,,,,
maaeluministeerium,koht,,,,
maagimaardla,koht,,,,materjal/aine
Maagimäestik,koht,,,,
maagisoon,koht,,,,
maahaigla,koht,,,,
maahaud,koht,,,,
maailm,koht,,,,"abstr, abstr/konkr, ADV_aste, inimene, nähtus, nähtus_loodus, nähtus_psühh, objekt_loodus, omadus, organism, vald"
maailmaaeg,,aeg,,,esitus_mõõt
maailmaareen,koht,,,,abstr
maailmaesietendus,,,,sündmus,
maailmaime,,,,sündmus,objekt
maailmajagu,koht,,,,
maailmakaar,koht,,,,
maailmakarikas,,,,sündmus,
maailmakarikavõistlused,,,,sündmus,
maailmakongress,,,,sündmus,
maailmakoristus,,,,sündmus,
maailmakuulsus,,,seisund,,in_roll
maailmalaotus,koht,,,,
maailmalinn,koht,,,,
maailmalõpp,,aeg,,,
maailmamaine,,,seisund,,
maailmameistrivõistlused,,,,sündmus,
maailmameri,koht,,,,
maailmanurk,koht,,,,
maailmanäitus,,,,sündmus,
maailmaookean,koht,,,,
maailmapoolus,koht,,,,
maailmapärand,koht,,,,
maailmareis,,,,sündmus,tegevus
maailmariik,koht,,,,
maailmaruum,koht,,,,
maailmasõda,,,,sündmus,tegevus
maailmasündmus,,,,sündmus,
maailmaturnee,,,,sündmus,tegevus
maajõud,koht,,,,"grupp, in_elukutse, in_tegija"
maakaartkeel,,,seisund,,
maakael,koht,,,,
maakaitsevägi,koht,,,,"grupp, in_elukutse, in_tegija"
maakalmistu,koht,,,,
maakauplus,koht,,,,
maakera,koht,,,,objekt_loodus
maakera kuklapool,koht,,,,
maakild,koht,,,,
maakino,koht,,,,
Maakirik,koht,,,,
maakirik,koht,,,,
maakitsus,koht,,,,
maaklerfirma,koht,,,,
maaklerifirma,koht,,,,
maakoda,koht,,,,
maakodu,koht,,,,
maakogudus,koht,,,,
maakoht,koht,,,,
maakohtunik,koht,,,,in_elukutse
maakohus,koht,,,,
maakolgas,koht,,,,
maakond,koht,,,,abstr/konkr
maakonnalinn,koht,,,,
maakoorekurd,koht,,,,
Maakri,koht,,,,
maakõrts,koht,,,,
maalahmakas,koht,,,,
maalapike,koht,,,,
maalapp,koht,,,,
Maalasti,koht,,,,
maaliateljee,koht,,,,
maaliklass,koht,,,,
maalilaager,,,,sündmus,
maalinn,koht,,,,
maalised,,,seisund,,
maalõhkuja,koht,,,,
maamaja,koht,,,,
"maa, mis voolab piima ja mett",koht,,,,
maamuld,koht,,,,
maamuna,koht,,,,"objekt_loodus, taim_seen"
maandumisasend,,,seisund,,
maandumiskoht,koht,,,,
maandumisnõlv,koht,,,,
maandumispaik,koht,,,,
maandumisplats,koht,,,,
maandumisrada,koht,,,,
maandus,,,seisund,,
maania,,,seisund,,
maani täis,,,seisund,,
Maanselkä,koht,,,,
Maantee,koht,,,,
maantee,koht,,,,"ese_semio, esitus"
maanteeamet,koht,,,,
maanteejooks,,,,sündmus,
maanteekraav,koht,,,,
maanteesild,koht,,,,
maanteesõit,,,,sündmus,
maanteetamm,koht,,,,
maanukk,koht,,,,
maanurk,koht,,,,
maaolud,,,seisund,,
maapagu,,,seisund,,
maapagulus,,,seisund,,
maapaik,koht,,,,
maaparandusühistu,koht,,,,
maapiir,koht,,,,
maapiirkond,koht,,,,
maapind,koht,,,,materjal/aine
maapood,koht,,,,
maapulm,,,,sündmus,
maapuudus,,,seisund,,abstr
maa põleb jalge all,,,seisund,,
maapõu,koht,,,,
maapäev,koht,,,sündmus,
maar,koht,,,,
maaraamatukogu,koht,,,,
Maardla,koht,,,,
maardla,koht,,,,materjal/aine
Maardu,koht,,,,
maareserv,koht,,,,
maaresidents,koht,,,,
Maarianhamina,koht,,,,
maariba,koht,,,,
Maaritsa,koht,,,,
Maarja,koht,,,,
Maarjamaa,koht,,,,
Maarja-Magdaleena,koht,,,,
Maarjamõisa,koht,,,,
Maarjamäe,koht,,,,
maarjapäev,,aeg,,,
Maas,koht,,,,
maasaun,koht,,,,
Maasi,koht,,,,
maasiil,koht,,,,
maasikaaeg,,aeg,,,
maasika-hahkhallitus,,,seisund,,
maasikaistandik,koht,,,,
maasikakasvatus,koht,,,,tegevus
maasikamaa,koht,,,,
maasikapõld,koht,,,,
maasikavälu,koht,,,,
Maaslova,koht,,,,
maastik,koht,,,,"abstr_asend/suund, ese_kunst, nähtus_loodus, vald"
maastikukaitseala,koht,,,,
maastikumäng,,,,sündmus,tegevus_mäng
maastikupark,koht,,,,
maastikupõleng,,,,sündmus,
maastikusfäär,koht,,,,
maastikutulekahju,,,,sündmus,
maastikuvööde,koht,,,,
maastikuvöönd,koht,,,,
maastikuüksus,koht,,,,abstr
maast madalast,,aeg,,,
maast-madalast,,aeg,,,
Maastricht,koht,,,,
maasäär,koht,,,,
maasügavus,koht,,,,
maatee,koht,,,,
maatera,koht,,,,
maatuli,,,,sündmus,
maatulundusmaa,koht,,,,
maatükk,koht,,,,
maavaldus,koht,,,,abstr/konkr
maavalitsus,koht,,,,inimene
maaviha,,,seisund,,abstr
maavolikogu,koht,,,,in_elukutse
maavõistlus,,,,sündmus,
maavägi,koht,,,,"grupp, in_elukutse, in_tegija"
maaühendus,koht,,,,nähtus
maaüksus,koht,,,,
maaülikool,koht,,,,
Macau,koht,,,,
Machu Picchu,koht,,,,
Mackenzie,koht,,,,
Madagaskar,koht,,,,
Madala,koht,,,,
madalhaljastus,koht,,,,tegevus
madalhooaeg,,aeg,,,
Madalmaad,koht,,,,
madalmeri,koht,,,,
madalmets,koht,,,,taim
madalmik,koht,,,,
madalmäestik,koht,,,,
madalpunkt,,,seisund,,
madalrõhulohk,koht,,,,nähtus_loodus
madalseiklusrada,koht,,,,
madalseis,,,seisund,,
madalsoo,koht,,,,
made,koht,,,,
Madeira,koht,,,,
Madhya Pradesh,koht,,,,
Madi,koht,,,,
Madila,koht,,,,
madis,,aeg,,,esitus_keel_suhtlus
Madise,koht,,,,
madisepäev,,aeg,,,
Madona,koht,,,,
Madras,koht,,,,
Madrid,koht,,,,
Maeru,koht,,,,
Maetsma,koht,,,,
Magadan,koht,,,,
magaja,,,seisund,,in_tegija
magala,koht,,,,
magalarajoon,koht,,,,
Magalhãesi väin,koht,,,,
magamatus,,,seisund,,
magamine,,,seisund,,tegevus
magamisase,koht,,,,ese_instru
magamiskoht,koht,,,,
magamistuba,koht,,,,
Magari,koht,,,,
magas,koht,,,,
magasiait,koht,,,,
magasin,koht,,,,"ese_instru, ese_semio, esitus"
Magass,koht,,,,
Magdeburg,koht,,,,
mageveejärv,koht,,,,
mageveekogu,koht,,,,
Magiljov,koht,,,,
Maginot’ liin,koht,,,,
magistraal,koht,,,,
magistraalkraav,koht,,,,
magistraaltee,koht,,,,
magistraaltänav,koht,,,,
magistraat,koht,,,,in_elukutse
magistrieksam,,,,sündmus,
magmakolle,koht,,,,
magmasoon,koht,,,,
Magneesia,koht,,,,
magneetumus,,,seisund,,esitus_mõõt
magnetosfäär,koht,,,,
magnetpoolus,koht,,,,
Magnitogorsk,koht,,,,
Magrib,koht,,,,
magusatootja,koht,,,,
mahajäetus,,,seisund,,
Maharashtra,koht,,,,
mahasaamine,,,,sündmus,
mahasurumine,,,seisund,,tegevus
mahasõidutee,koht,,,,ese_instru
mahasõit,koht,,,,tegevus_tegu
mahatulek,,,,sündmus,"nähtus, tegevus"
mahaviskamine,,,seisund,,"tegevus, tegevus_tegu"
mahemaa,koht,,,,
mahetalu,koht,,,,
mahetootja,koht,,,,
maheturg,koht,,,,abstr
Mahhatškala,koht,,,,
Mahilioŭ,koht,,,,
mahlaaeg,,aeg,,,
mahlakuu,,aeg,,,esitus
Mahlamäe,koht,,,,
Mahnova,koht,,,,
Mahtja,koht,,,,
Mahtra,koht,,,,
Mahu,koht,,,,
Maidla,koht,,,,
Maidstone,koht,,,,
maihaigus,,,seisund,,
Maikop,koht,,,,
Maikse,koht,,,,
mail,,aeg,,,"abstr/konkr, ese, ese_semio"
Maima,koht,,,,
maimutiik,koht,,,,
Main,koht,,,,
Maine,koht,,,,
Maini-äärne Frankfurt,koht,,,,
Mainz,koht,,,,
maiparaad,,,,sündmus,
maipidustused,,,,sündmus,
maipüha,,aeg,,,
mairongkäik,,,,sündmus,
maiskond,koht,,,,in_roll
maismaa,koht,,,,
maismaapiir,koht,,,,
maismaatee,koht,,,,
maistu,koht,,,,
maitsepuudus,,,seisund,,
m.a.j,,aeg,,,
maja,koht,,,,"abstr, ese_semio, inimene"
majaase,koht,,,,
majaesine,koht,,,,omadus_koht
Majaka,koht,,,,
majakarp,koht,,,,
majakas,koht,,,,konkr
majake,koht,,,,
majakene,koht,,,,
majakolakas,koht,,,,
majakord,koht,,,,"abstr/konkr, ese_semio, esitus"
majakökats,koht,,,,
majaköks,koht,,,,
Majala,koht,,,,
majalobudik,koht,,,,
majalogu,koht,,,,
majamuuseum,koht,,,,
majamürakas,koht,,,,
majanaaber,koht,,,,in_roll
majand,koht,,,,
majandus,koht,,,,vald
majandusaasta,,aeg,,,
majandusfoorum,,,,sündmus,
majandushiid,koht,,,,
majandushoone,koht,,,,
majandushoov,koht,,,,
majandusjulgeolek,,,seisund,,
majanduskeskus,koht,,,,
majanduskonverents,,,,sündmus,
majanduskriis,,,seisund,sündmus,
majandusministeerium,koht,,,,
majanduspiirkond,koht,,,,
majanduspolitsei,koht,,,,
majandusraskused,,,seisund,,
majandusruum,koht,,,,
majandusseisak,,,seisund,,
majandussektor,koht,,,,"inimene, vald"
majandustsükkel,,aeg,,,
majandusvöönd,koht,,,,
majandusõu,koht,,,,
majandusühendus,koht,,,,
majandusüksus,koht,,,,
majaomanik,koht,,,,in_omadus
majapidamine,koht,,,,"ese_instru, tegevus"
majapidamishoone,koht,,,,
majapidamiskool,koht,,,,
majapidamisruum,koht,,,,
majatagune,koht,,,,omadus_koht
majatiib,koht,,,,
majauberik,koht,,,,
majaubrik,koht,,,,
majavaldus,koht,,,,
majavalitsus,koht,,,,
majoraat,koht,,,,abstr
majoraatmõis,koht,,,,
Majori,koht,,,,
majoriteet,,,seisund,,
Mājro,koht,,,,
Majuro,koht,,,,
majutus,koht,,seisund,,tegevus
majutusasutus,koht,,,,
majutusettevõte,koht,,,,
majutuskoht,koht,,,,
majutuspaik,koht,,,,
Makaroneesia,koht,,,,
Makarova,koht,,,,
Makedoonia,koht,,,,
Makejevka,koht,,,,
Makijivka,koht,,,,
Makita,koht,,,,
maksaabstsess,,,seisund,,
maksahaigus,,,seisund,,
maksakaantõbi,,,seisund,,
maksakoolikud,,,seisund,,
maksalutikas,,,seisund,,organism
Maksameri,koht,,,,
maksapõletik,,,seisund,,
maksatsirroos,,,seisund,,
maksavoolmed,,,seisund,,
maksavähk,,,seisund,,
maksehäire,,,seisund,,
maksepuhkus,,aeg,,,
makseraskus,,,seisund,,
maksetähtaeg,,aeg,,,
maksetähtpäev,,aeg,,,
maksuamet,koht,,,,
maksufestival,,,,sündmus,
maksuhaldur,koht,,,,
maksumaksja,koht,,,,in_tegija
maksuparadiis,koht,,,,
maksupolitsei,koht,,,,
maksuraskus,,,seisund,,
maksustamisperiood,,aeg,,,
maksutähtaeg,,aeg,,,
maksutähtpäev,,aeg,,,
malaaria,,,seisund,,
malaariaepideemia,,,seisund,,
Malabari rannik,koht,,,,
Malabo,koht,,,,
Malacca,koht,,,,
Maladzetšna,koht,,,,
Maladziečna,koht,,,,
Málaga,koht,,,,
Malaia,koht,,,,
Malai saarestik,koht,,,,
Malaisia,koht,,,,
Malaka poolsaar,koht,,,,
Malaka väin,koht,,,,
Malawi,koht,,,,
Malawi järv,koht,,,,
Malda,koht,,,,
Maldiivi,koht,,,,
Maldiivid,koht,,,,
Male,koht,,,,
maleföderatsioon,koht,,,,
malemaa,koht,,,,
malemeistrivõistlused,,,,sündmus,
maleolümpia,,,,sündmus,
maletšempionaat,,,,sündmus,
malev,koht,,,,in_roll
Maleva,koht,,,,
malevasuvi,,aeg,,,
malevkond,koht,,,,abstr/konkr
malevõistlus,,,,sündmus,
Mali,koht,,,,
Malla,koht,,,,
Mallavere,koht,,,,
malleus,,,seisund,,kehaosa
Mallika,koht,,,,
Mallorca,koht,,,,
Malmö,koht,,,,
Malta,koht,,,,
Malta ordu,koht,,,,
Maltsa,koht,,,,
Maluku saared,koht,,,,
Malvaste,koht,,,,
Malviinid,koht,,,,
Malõi,koht,,,,
Mammaste,koht,,,,
mammutkool,koht,,,,
Mamonovo,koht,,,,
Mamoudzou,koht,,,,
Man,koht,,,,
Managua,koht,,,,
manala,koht,,,,
Manama,koht,,,,
Mancha,koht,,,,
Manchester,koht,,,,
mandaatala,koht,,,,
mandaatmaa,koht,,,,
mandaatterritoorium,koht,,,,
Mandalay,koht,,,,
mander,koht,,,,
mandlikivi,,,seisund,,materjal/aine
mandlipõletik,,,seisund,,
mandriala,koht,,,,
Mandri-Eesti,koht,,,,
Mandri-Euroopa,koht,,,,
Mandri-Hiina,koht,,,,
mandrijalam,koht,,,,
Mandri-Kagu-Aasia,koht,,,,
mandrilava,koht,,,,
mandriluide,koht,,,,
mandrinõlv,koht,,,,
mandriosa,koht,,,,
Mandžukuo,koht,,,,
Mandžuuria,koht,,,,
maneež,koht,,,,
maneežisõit,,,,sündmus,vald
Manggõstau,koht,,,,
Mangu,koht,,,,
Mangõšlak,koht,,,,
Manhattan,koht,,,,
maniakaal-depressiivne psühhoos,,,seisund,,
manifestatsioon,,,,sündmus,tegevus_kõnetegu
Manija,koht,,,,
Manila,koht,,,,
Manilaid,koht,,,,
Manipur,koht,,,,
Mani saar,koht,,,,
Manitoba,koht,,,,
Manitoba järv,koht,,,,
Mannare,koht,,,,
manner,koht,,,,"abstr, abstr/konkr, omadus_psühh"
mannermaa,koht,,,,
mannetus,,,seisund,,omadus_kval
Mannheim,koht,,,,
Manni,koht,,,,
Manniva,koht,,,,
mansard,koht,,,,
mansardkatus,koht,,,,
mansardkorrus,koht,,,,
mansardtuba,koht,,,,osa
Manzhouli,koht,,,,
mantelkorsten,koht,,,,
mantia,,,seisund,,ese_riie
manuaalfookus,koht,,,,omadus_füüs
manufaktuur,koht,,,,
Manõja,koht,,,,
manööver,,,,sündmus,"tegevus, tegevus_tegu"
mao aasta,,aeg,,,
maoaasta,,aeg,,,
maohaav,,,seisund,,
maohaavand,,,seisund,,
maohäda,,,seisund,,
maokatarr,,,seisund,,
maolävis,koht,,,,kehaosa
maopõletik,,,seisund,,
Maosaar,koht,,,,
maovalu,,,seisund,,
maoverejooks,,,seisund,,
maovoolmed,,,seisund,,
maovähk,,,seisund,,
Maputo,koht,,,,
marabutt,koht,,,,in_roll
Maramaa,koht,,,,
Marana,koht,,,,
marasm,,,seisund,,
Marathon,koht,,,,
maratonirada,koht,,,,
Marbella,koht,,,,
March,koht,aeg,,,
Marche,koht,,,,
Mardihansu,koht,,,,
mardikuu,,aeg,,,esitus
mardilaat,,,,sündmus,
mardilaupäev,,aeg,,,
mardipäev,,aeg,,,
mardiõhtu,,aeg,,,
maremm,koht,,,,
maretapäev,,aeg,,,
Marga,koht,,,,
margiesindus,koht,,,,
Marg‘ilon,koht,,,,
Marguse,koht,,,,
Mari,koht,,,,
Mariaanid,koht,,,,
Mariaani saared,koht,,,,
Maribor,koht,,,,
Marica,koht,,,,
Mariehamn,koht,,,,
Marigot,koht,,,,
Marijampolė,koht,,,,
Marimaa,koht,,,,
Marina,koht,,,,
Marinova,koht,,,,
Marinu,koht,,,,
marionetiteater,koht,,,,
marionettriik,koht,,,,
marionettvalitsus,koht,,,,
Maritsa,koht,,,,
Mariupol,koht,,,,
marjaaed,koht,,,,
marjaaeg,,aeg,,,
marjaistandik,koht,,,,
marjakoht,koht,,,,
marjamaa,koht,,,,abstr/konkr_omadus
marjamets,koht,,,,
Marjamäe,koht,,,,
marjasoo,koht,,,,
mark,koht,,,,"abstr, abstr/konkr, ese, ese_instru, ese_raha, esitus_kujutis, esitus_mõõt, grupp, inimene, omadus_kval, VERB_abstr, VERB_liigutama, VERB_psühh, VERB_tegevus"
market,koht,,,,
Markiisaared,koht,,,,
Marksa,koht,,,,
markusepäev,,aeg,,,
Marmara meri,koht,,,,
marmorimurd,koht,,,,
Marna,koht,,,,
Marne,koht,,,,
Maroko,koht,,,,
Marrakech,koht,,,,
marrastus,,,seisund,,nähtus_loodus
Marseille,koht,,,,
Marshalli Saared,koht,,,,
Marshalli saared,koht,,,,
marsirood,koht,,,,inimene
marss,koht,,,,"ese_instru, ese_kunst, esitus_keel_suhtlus, tegevus"
marssalikepike paunas,,,seisund,,
marš,koht,,,,
mart,,aeg,,,in_roll
Martinique,koht,,,,
Martna,koht,,,,
Martsa,koht,,,,
Martsina,koht,,,,
martüürium,,,seisund,sündmus,
Maru,koht,,,,
maru,,,seisund,,"ADV_aste, nähtus_loodus, omadus_kval"
maruhoog,,,seisund,,nähtus_loodus
marutaud,,,seisund,,
marutõbi,,,seisund,,
Mary,koht,,,,
Maryland,koht,,,,
Masa,koht,,,,
Mascarenhasi saared,koht,,,,
masekas,,,seisund,,
masendus,,,seisund,,
Maseru,koht,,,,
masinakuur,koht,,,,
masinarike,,,seisund,,
masinatehas,koht,,,,
masina-traktorijaam,koht,,,,esitus
masinpesula,koht,,,,
Maskareenid,koht,,,,
Maskat,koht,,,,
Maskat ja Omaan,koht,,,,
maskeraad,,,,sündmus,abstr/konkr
maskiball,,,,sündmus,
maskipidu,,,,sündmus,
maskiteater,koht,,,,
maslenitsa,,aeg,,,
Masluva,koht,,,,
Masoovia,koht,,,,
Masqaţ,koht,,,,
Massachusetts,koht,,,,
Massiaru,koht,,,,
massidemonstratsioon,,,,sündmus,
massihaud,koht,,,,
massihukkamine,,,,sündmus,
massihüsteeria,,,seisund,,
massiiv,koht,,,,"esitus_info, konkr, objekt_loodus"
massikaklus,,,,sündmus,tegevus
massikese,koht,,,,abstr/konkr
massimeeleavaldus,,,,sündmus,
massimiiting,,,,sündmus,
massipsühholoogia,,,seisund,,"omadus_psühh, vald"
massipsühhoos,,,seisund,,
massirahutus,,,,sündmus,
massiülikool,koht,,,,
massiüritus,,,,sündmus,
Massu,koht,,,,
mastaba,koht,,,,
Masti,koht,,,,
mastiit,,,seisund,,
mastikorv,koht,,,,ese_instru
mastimets,koht,,,,"ese, taim_omadus"
mastoidiit,,,seisund,,
Masuuria,koht,,,,
mašikulii,koht,,,,
Mašrik,koht,,,,
Mazsalaca,koht,,,,
Mažeikiai,koht,,,,
Matapera,koht,,,,
Mata Utu,koht,,,,
matemaatikatund,,,,sündmus,
materiaalne ilmajäetus,,,seisund,,
materjalipuudus,,,seisund,,ese_semio
matinee,,,,sündmus,ese_riie
Matjama,koht,,,,
matk,,,,sündmus,tegevus
Matka,koht,,,,
matkaklubi,koht,,,,
matkakodu,koht,,,,
matkaonn,koht,,,,
matkarada,koht,,,,
matke,,,,sündmus,tegevus
Matlock,koht,,,,
matmiskoht,koht,,,,
matmispaik,koht,,,,
mats,,,,sündmus,"abstr, in_omadus, nähtus_füüs, omadus_füüs, omadus_kval, tegevus_tegu"
Matsalu,koht,,,,
Matsalu laht,koht,,,,
Matsi,koht,,,,
Matsiranna,koht,,,,
Matsuri,koht,,,,
matš,,,,sündmus,
matškohtumine,,,,sündmus,
matšturniir,,,,sündmus,tegevus_mäng
matt,,,seisund,,"ese_anum, ese_instru, ese_riie, esitus_keel_suhtlus, esitus_mõõt, omadus_füüs, omadus_füüs_värv, tegevus, toit_vili, vald"
Matterhorn,koht,,,,
matus,,,,sündmus,objekt
matusebüroo,koht,,,,
matused,,,,sündmus,
matusekabel,koht,,,,
matusekoht,koht,,,,
matusemaja,koht,,,,
matusepaik,koht,,,,
matusepidu,,,,sündmus,
matuseplats,koht,,,,
matusepäev,,aeg,,,
matusetalitus,,,,sündmus,
matusetseremoonia,,,,sündmus,
Mauna Kea,koht,,,,
Mauna Loa,koht,,,,
Mauri,koht,,,,
Mauritaania,koht,,,,
Mauritius,koht,,,,
mausoleum,koht,,,,
Mayotte,koht,,,,
Mbabane,koht,,,,
me,koht,,,,"esitus_keel, esitus_keel_suhtlus, inimene"
meander,koht,,,,esitus_kujutis
Mecklenburg-Vorpommern,koht,,,,
medalilootus,,,seisund,,in_roll
medalisõit,,,,sündmus,
Medellín,koht,,,,
Medelpad,koht,,,,
Mediina,koht,,,,
meditatsioon,,,seisund,,"abstr/konkr, tegevus"
meditsiiniakadeemia,koht,,,,
meditsiiniasutus,koht,,,,
meditsiinilinnak,koht,,,,
meditsiinipunkt,koht,,,,
meditsiiniraamatukogu,koht,,,,
meditsiiniteenistus,koht,,,,tegevus
medpunkt,koht,,,,
medrese,koht,,,,
Medvežjegorsk,koht,,,,
meeaasta,,aeg,,,
Meedia,koht,,,,
meediagrupp,koht,,,,in_elukutse
meediasündmus,,,,sündmus,
Meedla,koht,,,,
Meegaste,koht,,,,
Meegomäe,koht,,,,
Meeksi,koht,,,,
meel,,,seisund,,"nähtus_psühh, omadus_psühh, tegevus_kõnetegu"
Meelaku,koht,,,,
meeldumus,,,seisund,,
meeleavaldus,,,,sündmus,
meelehaigus,,,seisund,,nähtus_psühh
meeleheitlik,,,seisund,,omadus_psühh
meelelahutusprogramm,,,,sündmus,"abstr/konkr, ese_semio"
meelelahutusüritus,,,,sündmus,
meeleliigutus,,,seisund,,nähtus_psühh
meelemõistus,,,seisund,,omadus_psühh
meelemärkus,,,seisund,,
meelemärkusetu,,,seisund,,omadus_psühh
meeleoluhäire,,,seisund,,
meelepuue,,,seisund,,
meelerahu,,,seisund,,
meelesegadus,,,seisund,,
meeleseisund,,,seisund,,
meelespidamine,,,,sündmus,nähtus_psühh
meelest,,,seisund,,abstr
meelevald,,,seisund,,
meelevaldsus,,,seisund,,
Meeliku,koht,,,,
meeliskoht,koht,,,,
meelispaik,koht,,,,
Meelste,koht,,,,
meelteaed,koht,,,,
meeltesegadus,,,seisund,,
meelus,,,seisund,,omadus_kval
Meelva,koht,,,,
Meemaste,koht,,,,
Meenikunnu soo,koht,,,,
Meerapalu,koht,,,,
Meeri,koht,,,,
meesklooster,koht,,,,
meeskohus,koht,,,,
meeskonnasõit,,,,sündmus,
meeskonnavõistlus,,,,sündmus,
meespäev,,aeg,,,
meestehaigus,,,seisund,,
meestehoid,koht,,,,
meestejuuksur,koht,,,,in_elukutse
meestekliinik,koht,,,,
meestepool,koht,,,,
meestepõlgus,,,seisund,,
meestepäev,,aeg,,,
meestesaun,koht,,,,
meestevihkamine,,,seisund,,
megaliitehitis,koht,,,,
megalomaania,,,seisund,,
megaron,koht,,,,
Meghalaya,koht,,,,
Megiddo,koht,,,,
Megreelia,koht,,,,
Mehama,koht,,,,
meheaastad,,aeg,,,
meheiga,,aeg,,,
meheleminekuiga,,aeg,,,
mehelesaamine,,,,sündmus,
mehepõlv,,aeg,,,
Mehhiko,koht,,,,
Mehhiko laht,koht,,,,
Mehide,koht,,,,
Mehikoorma,koht,,,,
mehitatus,,,seisund,,
Mehka,koht,,,,
meie,koht,,,,"esitus_keel, esitus_keel_suhtlus, inimene"
meie ajaarvamise järgi,,aeg,,,
meierei,koht,,,,
meiereihoone,koht,,,,
meilikoosolek,,,,sündmus,abstr/konkr
meistrikad,,,,sündmus,
meistriklass,,,,sündmus,"abstr, tegevus"
meistrikursus,,,,sündmus,tegevus
meistrisari,,,,sündmus,
meistrivõistlused,,,,sündmus,
Meiuste,koht,,,,
Meka,koht,,,,
Meknès,koht,,,,
Mekong,koht,,,,
Melaka,koht,,,,
Melaneesia,koht,,,,
melanhoolia,,,seisund,,
Melbourne,koht,,,,
meldepunkt,koht,,,,
Meldova,koht,,,,
Melduva,koht,,,,
meleena,,,seisund,,
Meleski,koht,,,,
Melilla,koht,,,,
Melitopol,koht,,,,
melliitdiabeet,,,seisund,,
Melliste,koht,,,,
melodeklamatsioon,,,,sündmus,
melodraama,,,seisund,sündmus,ese_kunst
melomaania,,,seisund,,
Melso,koht,,,,
Meltssaarõ,koht,,,,
Memeli piirkond,koht,,,,
memoriaal,koht,,,sündmus,
memoriaalansambel,koht,,,,
memoriaalmuuseum,koht,,,,
memoriaaltuba,koht,,,,
memoriaalvõistlus,,,,sündmus,
Memphis,koht,,,,
menarhe,,,,sündmus,
menažerii,koht,,,,
menhir,koht,,,,
meningiit,,,seisund,,
meningoentsefaliit,,,seisund,,
menopaus,,aeg,seisund,,
Menorca,koht,,,,
menorraagia,,,seisund,,nähtus_loodus
menstruatsioonihäire,,,seisund,,
ment,koht,,,,in_elukutse
Meoma,koht,,,,
Meossaare,koht,,,,
mereala,koht,,,,
merealune,koht,,,,
mereannirestoran,koht,,,,
merehaigus,,,seisund,,
merehaud,koht,,,,
merehäda,,,seisund,,
merejalavägi,koht,,,,in_roll
merekael,koht,,,,
merekallas,koht,,,,
merekatastroof,,,,sündmus,
merekindlus,koht,,,,omadus_füüs
merekindlustus,koht,,,,abstr/konkr
merekitsus,koht,,,,
mereklaar,,,seisund,,
merekool,koht,,,,
merekuiv,koht,,,,
merekuurort,koht,,,,
Mereküla,koht,,,,
Merekülä,koht,,,,
merelahing,,,,sündmus,
mereleminek,,,,sündmus,
merelennuvägi,koht,,,,in_roll
mereligidane,koht,,,,omadus
mereline,koht,,,,omadus
merelinn,koht,,,,
merelähedane,koht,,,,omadus
meremadalik,koht,,,,
merematus,,,,sündmus,
meremudaprotseduur,,,,sündmus,tegevus
meremuuseum,koht,,,,
Meremõisa,koht,,,,
Meremäe,koht,,,,
meremärk,koht,,,,ese
Merenuka,koht,,,,
mereoperatsioon,,,,sündmus,tegevus_tegu
merepeegel,koht,,,,
merepind,koht,,,,
merepoolne,koht,,,,
merepõhi,koht,,,,
merepäev,,aeg,,,
merepääste,koht,,,,
mererand,koht,,,,
mererannik,koht,,,,
merereis,,,,sündmus,tegevus
mereriik,koht,,,,
mereristsed,,,,sündmus,
meresadam,koht,,,,
mereselg,koht,,,,
meresopp,koht,,,,
meresõda,,,,sündmus,tegevus
meretee,koht,,,sündmus,
mereterrass,koht,,,,
meretuulepark,koht,,,,
merevaht,,,seisund,,"materjal/aine, nähtus_loodus, tegevus_tegu"
merevaigurannik,koht,,,,
Merevaigutee,koht,,,,
merevaksal,koht,,,,
merevalmis,,,seisund,,
merevoorimees,koht,,,,
mereväebaas,koht,,,,
merevägi,koht,,,,in_roll
merevärav,koht,,,,
merevärske,,,seisund,,toit
mereõnnetus,,,,sündmus,
mereäär,koht,,,,
Mereäärse,koht,,,,
meri,koht,,,,abstr/konkr
Mérida,koht,,,,
Meriküla,koht,,,,
Merimetsa,koht,,,,
Merise,koht,,,,
Merivälja,koht,,,,
Merja,koht,,,,
MERS,,,seisund,,
Merthyr Tydfil,koht,,,,
mesallianss,,,seisund,,
Meshethi,koht,,,,
mesikuu,,aeg,,,
mesila,koht,,,,
mesilaspesa,koht,,,,objekt_loodus
mesilastaru,koht,,,,
mesinädalad,,aeg,,,
mesinädalate põiepõletik,,,seisund,,
mesipuu,koht,,,,
mesitaru,koht,,,,
mesoliitikum,,aeg,,,
Mesopotaamia,koht,,,,
mesosfäär,koht,,,,
mesosoikum,,aeg,,,
mesotelioom,,,seisund,,
mess,koht,,seisund,sündmus,ese_semio
Messeenia,koht,,,,
messiboks,koht,,,,
messikeskus,koht,,,,
Messina,koht,,,,
messiruum,koht,,,,
Mezen,koht,,,,
metallgaraaž,koht,,,,
metalliaeg,,aeg,,,
metallipalavik,,,seisund,,
metallitehas,koht,,,,
metallitöökoda,koht,,,,
metallkonstruktsioon,koht,,,,ese_instru
metallsild,koht,,,,
metalltarind,koht,,,,ese_instru
metanoolimürgistus,,,seisund,,
metanoolimürgitus,,,seisund,,
metaplaasia,,,seisund,,
metastaas,,,seisund,,
meteojaam,koht,,,,
meteoriidikatastroof,,,,sündmus,
meteoriidiplahvatus,,,,sündmus,nähtus_füüs
meteorism,,,seisund,,
meteoroloogiajaam,koht,,,,
meteoroloogiateenistus,koht,,,,
Metkavitsa,koht,,,,
metriit,,,seisund,,
metroo,koht,,,,
metroojaam,koht,,,,
metropol,koht,,,,
mets,koht,,,,"konkr, materjal/aine, taim"
metsaala,koht,,,,
metsaalune,koht,,,,omadus_füüs
metsaeraldis,koht,,,,
metsaeraldus,koht,,,,
metsaheinamaa,koht,,,,
metsahäil,koht,,,,
metsaistandik,koht,,,,taim
metsakalmistu,koht,,,,
metsakarjamaa,koht,,,,
Metsakasti,koht,,,,
Metsakivi,koht,,,,
metsakolgas,koht,,,,
metsakool,koht,,,,
metsakuru,koht,,,,
metsakvartal,koht,,,,
metsakäär,koht,,,,
Metsaküla,koht,,,,
metsaküla,koht,,,,
metsalaam,koht,,,,
Metsalaane,koht,,,,
metsalagendik,koht,,,,
metsalahk,koht,,,,
metsalaik,koht,,,,
metsalank,koht,,,,
Metsalauka,koht,,,,
Metsalõuka,koht,,,,
metsamaa,koht,,,,
metsamaastik,koht,,,,
metsamaja,koht,,,,
metsamajake,koht,,,,
metsamajakene,koht,,,,
metsamajand,koht,,,,
metsamarutaud,,,seisund,,
metsamassiiv,koht,,,,
metsamatk,,,,sündmus,
Metsamägara,koht,,,,
metsandik,koht,,,,
Metsanuka,koht,,,,
Metsanurga,koht,,,,
metsanurk,koht,,,,
Metsanurme,koht,,,,
metsaomanik,koht,,,,in_omadus
metsaonn,koht,,,,
metsapadrik,koht,,,,
metsapalang,,,,sündmus,
metsapark,koht,,,,
metsapeatus,,,,sündmus,
Metsapere,koht,,,,
metsapiir,koht,,,,nähtus_loodus
Metsapoole,koht,,,,
metsapõlendik,koht,,,,
metsapõleng,,,,sündmus,
metsapõu,koht,,,,
Metsara,koht,,,,
metsaraiefond,koht,,,,"abstr/konkr, grupp"
metsaretk,,,,sündmus,tegevus
metsariba,koht,,,,
metsarägastik,koht,,,,
metsarüpp,koht,,,,
metsasaar,koht,,,,
metsasalu,koht,,,,
metsaseemla,koht,,,,
metsaserv,koht,,,,
metsasiht,koht,,,,
metsasopp,koht,,,,
metsastepp,koht,,,,
metsasõda,,,,sündmus,
metsasügavus,koht,,,,
metsataimla,koht,,,,
metsatalu,koht,,,,
metsatee,koht,,,,
metsatihnik,koht,,,,
metsatriip,koht,,,,
metsatukk,koht,,,,
metsatulekahju,,,,sündmus,
metsatundra,koht,,,,
metsatükk,koht,,,,
Metsavaara,koht,,,,
metsavahe,koht,,,,
metsavahetee,koht,,,,
metsavahikoht,koht,,,,abstr
metsavahitalu,koht,,,,
metsaveer,koht,,,,
Metsavere,koht,,,,
metsaviir,koht,,,,
metsaviirg,koht,,,,
Metsavälja,koht,,,,
metsavälu,koht,,,,
metsavöönd,koht,,,,
metsaäär,koht,,,,
Metsaääre,koht,,,,
metsaühistu,koht,,,,
metsaüksindus,,,seisund,,
Metsik Lääs,koht,,,,
Metsiku,koht,,,,
Metskaevu,koht,,,,
metskitsejaht,,,,sündmus,
metskond,koht,,,,
Metsküla,koht,,,,
Metsla,koht,,,,
Metslõugu,koht,,,,
metsseajaht,,,,sündmus,
Metstaga,koht,,,,
Metstaguse,koht,,,,
Metste,koht,,,,
Metz,koht,,,,
Meuse,koht,,,,
México,koht,,,,
MI5,koht,,,,
Miami,koht,,,,
Miass,koht,,,,
Michigan,koht,,,,
Michigani järv,koht,,,,
Middlesbrough,koht,,,,
Midi-Pyrénées,koht,,,,
Midlands,koht,,,,
migratsiooniamet,koht,,,,
migreen,,,seisund,,
migreenihoog,,,seisund,,
mihkel,,aeg,,,"ese_instru, omadus_kval"
Mihkli,koht,,,,
mihklikuu,,aeg,,,
mihklipäev,,aeg,,,
mihraab,koht,,,,
mihrab,koht,,,,
Miiaste,koht,,,,
Miiduranna,koht,,,,
Miikse,koht,,,,
Miiksi,koht,,,,
miil,koht,,,,"ese_instru, esitus_mõõt"
Miila,koht,,,,
miiliahi,koht,,,,ese_instru
miiliauk,koht,,,,ese_instru
Miilimäe,koht,,,,
miilits,koht,,,,in_elukutse
miilitsa lastetuba,koht,,,,
miim,,,,sündmus,"in_elukutse, in_roll"
miinikamber,koht,,,,
miinitõke,koht,,,,objekt
miiniväli,koht,,,,
miinus,,,seisund,,"esitus_tähis, omadus_kval"
Miitavi,koht,,,,
miiting,,,,sündmus,
Mikita,koht,,,,
Mikitamäe,koht,,,,
Mikkeli,koht,,,,
mikroettevõte,koht,,,,
mikrograafia,,,seisund,,vald
mikroinsult,,,seisund,,
mikrokorter,koht,,,,
Mikroneesia,koht,,,,
Mikroneesia Liiduriigid,koht,,,,
mikropragu,koht,,,,
mikrorajoon,koht,,,,
mikrospooria,,,seisund,,
Miku,koht,,,,
Milano,koht,,,,
Mileetos,koht,,,,
militaarajalugu,,aeg,,,
militaarobjekt,koht,,,,
militaarstruktuur,koht,,,,
miljonilinn,koht,,,,
miljööala,koht,,,,
millennium,,aeg,,,esitus
millenniumivahetus,,aeg,,sündmus,
Milwaukee,koht,,,,
min,,aeg,,,"ADV_aste, esitus_mõõt, omadus"
minarett,koht,,,,
Mindanao,koht,,,,
mindfulness,,,seisund,,
mineraalallikas,koht,,,,
mineraaljärv,koht,,,,
mineraalveeallikas,koht,,,,
Mineralnõje Vodõ,koht,,,,
minestus,,,seisund,,
minetus,,,,sündmus,
minevaasta,,aeg,,,ADV_aeg
minevik,,aeg,,sündmus,"abstr, esitus_keel"
mingi kala on sees,,,seisund,,
Mingäçevir,koht,,,,
miniatuuris,,,seisund,,
miniinsult,,,seisund,,
minimatš,,,,sündmus,
ministeerium,koht,,,,
ministeeriumikool,koht,,,,
ministeriaal,,,,sündmus,in_roll
Minneapolis,koht,,,,
Minnesota,koht,,,,
Minsk,koht,,,,
mint,,aeg,,,esitus_mõõt
mints,,aeg,,,esitus_mõõt
Minussinsk,koht,,,,
minut,,aeg,,,esitus_mõõt
mioos,,,seisund,,
miotseen,,aeg,,,
miraakel,,,,sündmus,"ese_kunst, nähtus"
mirador,koht,,,,
Mirgorod,koht,,,,
misandria,,,seisund,,
misjonijaam,koht,,,,
misjonikool,koht,,,,
misjonimaja,koht,,,,
misjoniselts,koht,,,,
Miskolc,koht,,,,
mis kärbes hammustas,,,seisund,,esitus_keel_suhtlus
misogüünia,,,seisund,,
Mişrātah,koht,,,,
missa,,,,sündmus,"ese_kunst, tegevus"
missioon,,,,sündmus,"abstr, in_elukutse, tegevus"
Mississippi,koht,,,,
missivõistlus,,,,sündmus,
Misso,koht,,,,
Missokülä,koht,,,,
Misso-Saika,koht,,,,
Missouri,koht,,,,
Mizoram,koht,,,,
Miti,koht,,,,
mitmeaastane,,aeg,,,"omadus, omadus_kval, omadus_vanus"
mitmepäevasõit,,,,sündmus,tegevus_tegu
mitmevõistlus,,,,sündmus,
mitmevärviline kliiketendustõbi,,,seisund,,
mitmikabielu,,,seisund,,
mitmikavarii,,,,sündmus,
mitmikmatus,,,,sündmus,objekt
mitmikrasedus,,,seisund,,
Mitšurinsk,koht,,,,
mitteeluruum,koht,,,,
mitteilmumine,,,,sündmus,
mittemelanoom,,,seisund,,
mittemetsamaa,koht,,,,
mittemidagitegemine,,,seisund,,
mitteolemine,,,seisund,,
mitteteadmine,,,seisund,,
mittetulek,,,,sündmus,
mittetäitmine,,,seisund,,
mittevahelesegamine,,,seisund,,
mittevastavus,,,seisund,,abstr
mitut puhku,,aeg,,,
MK,,,,sündmus,
mk,koht,,,,abstr/konkr
MKA,koht,,,,
MLA,koht,,,,
mlvk,koht,,,,abstr/konkr
MM,,,,sündmus,
MM-võistlused,,,,sündmus,
mnemoturniir,,,,sündmus,
mnt,koht,,,,esitus
mobiilbüroo,koht,,,,ese_instru
mobiilioperaator,koht,,,,
mobiilsideoperaator,koht,,,,
mobilisatsioon,,,,sündmus,tegevus
mobilisatsioonipunkt,koht,,,,
mobiliseerima,,,,sündmus,"nähtus, tegevus"
Mobutu Sese Seko järv,koht,,,,
modelliagentuur,koht,,,,
Modena,koht,,,,
modernsus,,,seisund,,
modifikatsioon,,,seisund,,"abstr/konkr, tegevus_tegu"
Moe,koht,,,,
moeateljee,koht,,,,
moedemm,,,,sündmus,
moedemonstratsioon,,,,sündmus,
moeetendus,,,,sündmus,
moehaigus,,,seisund,,nähtus
moemaja,koht,,,,
moemeka,koht,,,,
moenädal,,,,sündmus,
moepealinn,koht,,,,
moe-show,,,,sündmus,
moešõu,,,,sündmus,
moetööstus,koht,,,,vald
moeäri,koht,,,,vald
Mogadishu,koht,,,,
Mogadišu,koht,,,,
Mogiljov,koht,,,,
Mogiljov-Podolski,koht,,,,
Mogulite riik,koht,,,,
Mohni,koht,,,,
Mohni saar,koht,,,,
Mohõliv-Podilskõi,koht,,,,
Moka,koht,,,,
Mokornulk,koht,,,,
Mokra,koht,,,,
Mokredi,koht,,,,
Moku,koht,,,,
Moldaavia,koht,,,,
moldorg,koht,,,,
Moldova,koht,,,,
Molise,koht,,,,
molli juurde,,,seisund,,
molli juures,,,seisund,,
mollusk,,,seisund,,"in_omadus, loom"
Molniga,koht,,,,
Molodetšno,koht,,,,
Molotov,koht,,,,
Molukid,koht,,,,
Mombasa,koht,,,,
moment,,aeg,,,"abstr/konkr_omadus, esitus_mõõt"
momentum,,,seisund,,omadus_kval
Môn,koht,,,,
Monaco,koht,,,,
Monastir,koht,,,,
Mongoolia,koht,,,,
monoetendus,,,,sündmus,
monogaamia,,,seisund,,nähtus
monokultuur,koht,,,,"abstr/konkr, taim_liik"
monolavastus,,,,sündmus,
monomaania,,,seisund,,
mononukleoos,,,seisund,,
monopol,koht,,seisund,,abstr/konkr
monopolism,,,seisund,,abstr/konkr
monoteater,koht,,,,
Monrovia,koht,,,,
Montana,koht,,,,
Mont Blanc,koht,,,,
Monte Carlo,koht,,,,
Montenegro,koht,,,,
Monte Rosa,koht,,,,
Montevideo,koht,,,,
Montgomery haigus,,,seisund,,
Montréal,koht,,,,
Montserrat,koht,,,,
Montšegorsk,koht,,,,
monumentaalehitis,koht,,,,
mood,,,seisund,,"abstr, abstr/konkr, esitus_arv, nähtus, nähtus_psühh"
moodsus,,,seisund,,
moodulhoone,koht,,,,
moodulkorsten,koht,,,,
moodullagi,koht,,,,
moodullasteaed,koht,,,,
moodulmaja,koht,,,,
moodustuskoht,koht,,,,
Moona,koht,,,,
moonakamaja,koht,,,,
moonaladu,koht,,,,
moonamaja,koht,,,,
moonipõld,koht,,,,
Moonsundi arhipelaag,koht,,,,
Moora,koht,,,,
Mooramaa,koht,,,,
Moori,koht,,,,
Mooritsa,koht,,,,
Moosi,koht,,,,
Mooste,koht,,,,
mootorrattaralli,,,,sündmus,vald
mootorrattaõnnetus,,,,sündmus,
mopp,,,,sündmus,"ese_instru, tegevus"
moraalipolitsei,koht,,,,in_roll
moraalne kulumine,,,seisund,,
Moraavia,koht,,,,
moratoorium,,,seisund,,"abstr, tegevus_tegu"
Morava,koht,,,,
Moray,koht,,,,
Mordva,koht,,,,
moreenkuhjatis,koht,,,,
moreenküngas,koht,,,,
moreenmaastik,koht,,,,
moreenrand,koht,,,,
moreenseljak,koht,,,,
moreentasandik,koht,,,,
morfiumimürgistus,,,seisund,,
morg,koht,,,,
Morija mägi,koht,,,,
moritaat,,,,sündmus,ese_kunst
Morna,koht,,,,
Moroni,koht,,,,
morsipidu,,,,sündmus,abstr/konkr
mosaiiklaiksus,,,seisund,,
mosaiikpõrand,koht,,,,
Mosambiik,koht,,,,
Mosel,koht,,,,
Moskiitorannik,koht,,,,
Moskoovia,koht,,,,
Moskva,koht,,,,
Moskva aeg,,aeg,,,
Moskva Kreml,koht,,,,
Moskva suurvürstiriik,koht,,,,
moslemiriik,koht,,,,
Mosul,koht,,,,
mošee,koht,,,,
Moštšnõi,koht,,,,
Mozdok,koht,,,,
motell,koht,,,,
motivatsiooniüritus,,,,sündmus,
motodroom,koht,,,,
motojõuk,koht,,,,in_roll
motokross,,,,sündmus,vald
motomatk,,,,sündmus,
motoralli,,,,sündmus,vald
motoringrada,koht,,,,
motovõistlus,,,,sündmus,
Mount Everest,koht,,,,
Mpumalanga,koht,,,,
MTJ,koht,,,,esitus
mudaauk,koht,,,,
mudajärv,koht,,,,
mudaköök,koht,,,,
mudapeenar,koht,,,,
mudaravila,koht,,,,
Mudaste,koht,,,,
mudasus,,,seisund,,
mudavann,koht,,,,"ese_anum, tegevus_tegu"
mudavulkaan,koht,,,,
mudaälves,koht,,,,
mudelautondus,,,,sündmus,
Mudiste,koht,,,,
Muduri,koht,,,,
mugavuslipumaa,koht,,,,
mugavuspood,koht,,,,
muhk,koht,,seisund,,
Muhkamõtsa,koht,,,,
muhkkatk,,,seisund,,
Muhkva,koht,,,,
Muhu,koht,,,,
Muhumaa,koht,,,,
muhutaud,,,seisund,,
Muhu väin,koht,,,,
Mui,koht,,,,
muidu,,,seisund,,"ADV_aeg, ADV_viis"
Muike,koht,,,,
muinasaeg,,aeg,,,
muinasasula,koht,,,,
Muinas-Eesti,koht,,,,
Muinas-Egiptus,koht,,,,
muinasjutt,,,seisund,,"ese_semio, tegevus_kõnetegu"
muinasjutuloss,koht,,,,ese_kunst
muinasjutumaa,koht,,,,
muinasjutumajake,koht,,,,
muinasjutumajakene,koht,,,,
muinasjäänus,koht,,,,"ese, objekt"
muinaskalmistu,koht,,,,
muinaslinn,koht,,,,
muinaslinnus,koht,,,,
muinasmaakond,koht,,,,abstr/konkr
muinaspõld,koht,,,,
Muinas-Skandinaavia,koht,,,,
muinsus,,aeg,,,objekt
muinsuskaitse,koht,,,,"abstr/konkr, tegevus"
muinsuskaitseala,koht,,,,
muinsuskaitseamet,koht,,,,
muistis,koht,,,,"ese, objekt"
Mujaste,koht,,,,
Mukatševo,koht,,,,
Mukden,koht,,,,
mukormükoos,,,seisund,,
Mukri,koht,,,,
Muksi,koht,,,,
muld,,,seisund,,"in_omadus, materjal/aine, nähtus_loodus"
muldasängitamine,,,,sündmus,
mulder,koht,,,,
muldkatus,koht,,,,
muldkeha,koht,,,,
muldkindlustus,koht,,,,
muldonn,koht,,,,
muldpalk,koht,,,,
muldpink,koht,,,,
muldpõrand,koht,,,,
muldrajatis,koht,,,,
muldrik,koht,,,,
muldsein,koht,,,,
muldvall,koht,,,,
Mulgi,koht,,,,
Mulgimaa,koht,,,,
mulgustus,,,seisund,,
muljumishaav,,,seisund,,
muljutis,koht,,,,
mulk,koht,,,,in_rahvas
mull,,,seisund,,"abstr/konkr, materjal/aine, nähtus, objekt"
mulla all,,,seisund,,
mulla alla,,,seisund,,
mullamaa,koht,,,,
mullapõu,koht,,,,materjal/aine
mullavall,koht,,,,materjal/aine
Mullavere,koht,,,,
mullaväsimus,,,seisund,,
mulle,koht,,,,
mullistus,,,,sündmus,
Mullutu,koht,,,,
multimeediaetendus,,,,sündmus,
multiskleroos,,,seisund,,
mulüür,koht,,,,"ese_instru, osa"
Mumbai,koht,,,,
mumps,,,seisund,,
Muna,koht,,,,
munadepüha,,aeg,,,
munajuhapõletik,,,seisund,,
munajuharasedus,,,seisund,,
munakivitänav,koht,,,,
Munalaskme,koht,,,,
munandilaskumatus,,,seisund,,
munandipõletik,,,seisund,,
munapüha,,aeg,,,
munasarjakasvaja,,,seisund,,
munasarjapõletik,,,seisund,,
munasarjatsüst,,,seisund,,
munemisperiood,,aeg,,,
mungaklooster,koht,,,,
mungakong,koht,,,,
Mungalaht,koht,,,,
mungaordu,koht,,,,in_roll
munitsiipium,koht,,,,
munitsipaalettevõte,koht,,,,
munitsipaalkool,koht,,,,
munitsipaalkorter,koht,,,,
munitsipaallasteasutus,koht,,,,
munitsipaalmaja,koht,,,,
munitsipaalpolitsei,koht,,,,
munitsipaalvalimised,,,,sündmus,
munitsipaliteet,koht,,,,inimene
Munsi,koht,,,,
Munteenia,koht,,,,
mupo,koht,,,,in_elukutse
Muqdisho,koht,,,,
Muraja,koht,,,,
Muraka,koht,,,,
Muraski,koht,,,,
Muraste,koht,,,,
Murati,koht,,,,
Muratsi,koht,,,,
Murcia,koht,,,,
murd,koht,,seisund,,"esitus_arv, kogus, nähtus_loodus, objekt_loodus, omadus_füüs"
murdeala,koht,,,,
murdeekspeditsioon,,,,sündmus,tegevus
murdeiga,,aeg,,,
murdejoon,,,,sündmus,"abstr, esitus_kujutis, in_rahvas_keel"
murdekoht,koht,aeg,,,
murdepind,koht,,,,
murdepunkt,,aeg,,sündmus,
murdkelpkatus,koht,,,,
murdmaa,koht,,,sündmus,tegevus
murdmaarada,koht,,,,
murdmaastik,koht,,,,
murdmaavõistlus,,,,sündmus,
murdsekund,,aeg,,,
Murdõmäe,koht,,,,
murekoorem,,,seisund,,
murepilv,,,seisund,,nähtus_psühh
murepäevad,,aeg,,,
Murgap,koht,,,,
Muri,koht,,,,
Murika,koht,,,,
Muriste,koht,,,,
Murksi,koht,,,,
Murmansk,koht,,,,
Murom,koht,,,,
murrangupind,koht,,,,
Murray,koht,,,,
murre,koht,,,,"esitus_keel, nähtus"
Murru,koht,,,,
murrujoon,koht,,,,esitus_tähis
murrukoht,koht,,,,
murrutusastang,koht,,,,
murrutuskulbas,koht,,,,
murrutuslava,koht,,,,
Muru,koht,,,,
muru,koht,,,,taim
murukatus,koht,,,,
murulapp,koht,,,,
muruplats,koht,,,,
muruväljak,koht,,,,
muserdus,,,seisund,,
music hall,koht,,,,
musklis,,,seisund,,
mussoonmets,koht,,,,taim
Must Aafrika,koht,,,,
mustade käte haigus,,,seisund,,
mustad jõulud,,aeg,,,
mustad päevad,,aeg,,,
Mustahamba,koht,,,,
Mustajõe,koht,,,,
Mustakivi,koht,,,,
Mustakurmu,koht,,,,
musta luige sündmus,,,,sündmus,
Mustametsa,koht,,,,
Mustamäe,koht,,,,
Mustamägi,koht,,,,
Mustanina,koht,,,,
Mustapali,koht,,,,
Mustaru,koht,,,,
Mustassaare,koht,,,,
mustikamaa,koht,,,,
mustikamets,koht,,,,
Mustivere,koht,,,,
Mustja,koht,,,,
Mustjala,koht,,,,
Mustjõe,koht,,,,
must karp,koht,,,,
must kass on läbi jooksnud,,,seisund,,
must kast,koht,,,,"abstr/konkr, ese_instru, osa"
mustkesa,koht,,,,
mustkusesus,,,seisund,,
Mustla,koht,,,,
Mustla-Nõmme,koht,,,,
mustlaselu,,,seisund,,
mustlaslaager,koht,,,,"inimene, in_rahvas"
must luik,,,,sündmus,
Must Mander,koht,,,,
Must Manner,koht,,,,
Must meri,koht,,,,
must missa,,,,sündmus,
Mustmullavöönd,koht,,,,
mustmullavöönd,koht,,,,
mustmädanik,,,seisund,,
Mustmätta,koht,,,,
Mustoja,koht,,,,
mustpea,,,seisund,,in_roll
mustpõrand,koht,,,,ese
must päev,,aeg,,,
must reede,,aeg,,,
Mustsada,koht,,,,
must stsenaarium,,,seisund,,
Mustu,koht,,,,
Mustumetsa,koht,,,,
Mustvee,koht,,,,
Must-Vene,koht,,,,
Musumägi,koht,,,,
Mušturg,koht,,,,
Mutemetsa,koht,,,,
Muti,koht,,,,
mutikäik,koht,,,,
mutism,,,seisund,,
Mutsu,koht,,,,
mutualism,,,seisund,,nähtus_loodus
muudkui,,aeg,,,ADV_modaalsus
Muuga,koht,,,,
Muuksi,koht,,,,
muul,koht,,,,loom
Muurmani rannik,koht,,,,
muuseum,koht,,,,
muuseumihoone,koht,,,,
muuseumipood,koht,,,,
muuseumipäev,,aeg,,,
muuseumitund,,,,sündmus,
muuseumiöö,,,,sündmus,
Muusika,koht,,,,
muusika-aasta,,aeg,,sündmus,
muusikaakadeemia,koht,,,,
muusikafestival,,,,sündmus,
muusikakeskus,koht,,,,ese_instru
muusikakirjastus,koht,,,,
muusikaklass,koht,,,,abstr
muusikakool,koht,,,,
muusikalikontsert,,,,sündmus,
muusikalilava,koht,,,sündmus,
muusikaliteater,koht,,,,
muusikamuuseum,koht,,,,
muusikapidu,,,,sündmus,
muusikateater,koht,,,,
muusikatund,,,,sündmus,
muusikaõhtu,,,,sündmus,
muusikaõppeasutus,koht,,,,
muut,,,,sündmus,"esitus_mõõt, nähtus, omadus, omadus_abstr"
muutus,,,,sündmus,nähtus
Mõdriku,koht,,,,
Mõedaka,koht,,,,
Mõega,koht,,,,
mõeldud-tehtud,,,seisund,,
mõhk,koht,,,,ese_anum
Mõhküla,koht,,,,
mõhn,koht,,,,"objekt, objekt_loodus"
mõhnastik,koht,,,,
Mõigu,koht,,,,
mõis,koht,,,,
mõisaansambel,koht,,,,
Mõisaaseme,koht,,,,
Mõisaholm,koht,,,,
mõisahoone,koht,,,,
mõisahäärber,koht,,,,
mõisakohus,koht,,,,
mõisakompleks,koht,,,,
mõisakool,koht,,,,
Mõisaküla,koht,,,,
mõisaloss,koht,,,,
Mõisamaa,koht,,,,
mõisamaa,koht,,,,
mõisamaja,koht,,,,
Mõisamäe,koht,,,,
Mõisanurme,koht,,,,
mõisaomanik,koht,,,,in_omadus
mõisapark,koht,,,,
mõisapolitsei,koht,,,,in_roll
mõisapõld,koht,,,,
mõisapäev,,aeg,,sündmus,
mõisarehi,koht,,,,"materjal/aine, tegevus"
mõisasüda,koht,,,,
mõisatall,koht,,,,
Mõisimaa,koht,,,,
mõistusabielu,,,seisund,,
mõistuseabielu,,,seisund,,
Mõjekvaphe,koht,,,,
mõjukond,koht,,,,
mõjupiirkond,koht,,,,
mõjutus,,,seisund,,"abstr/konkr, tegevus, tegevus_kõnetegu"
mõjuväli,koht,,,,abstr
Mõkolajiv,koht,,,,
Mõksi,koht,,,,
Mõla,koht,,,,
Mõlema Sitsiilia kuningriik,koht,,,,
mõlk,koht,,,,
mõlu,,,seisund,,
Mõndavere,koht,,,,
Mõndsi,koht,,,,
Mõneku,koht,,,,
mõni kruvi on puudu,,,seisund,,
Mõniste,koht,,,,
Mõnnaste,koht,,,,
Mõnnuste,koht,,,,
Mõntu,koht,,,,
mõnu,,,,sündmus,"nähtus_psühh, tegevus"
Mõnuste,koht,,,,
mõnutunne,,,seisund,,nähtus_psühh
Mõnuvere,koht,,,,
Mõra,koht,,,,
mõra,,,seisund,,nähtus_füüs
mõraline,,,seisund,,
mõrane,,,seisund,,
Mõraste,koht,,,,
Mõrdu,koht,,,,
Mõrgi,koht,,,,
Mõrhorod,koht,,,,
mõrrakoht,koht,,,,
mõrrakuur,koht,,,,
Mõrtsi,koht,,,,
mõrvaprotsess,,,,sündmus,
mõtiskelu,,,seisund,,tegevus
mõtisklus,,,seisund,,tegevus
mõtlemisaeg,,aeg,,,
mõtlemishäire,,,seisund,,
mõtlus,,,seisund,,"abstr/konkr, tegevus"
mõtluslaager,,,,sündmus,
Mõtsavaara,koht,,,,
Mõtsküla,koht,,,,
Mõtsu,koht,,,,
mõttekaaslus,,,seisund,,
mõttekoda,koht,,,sündmus,
mõttekramp,,,seisund,,
mõttekus,,,seisund,,
mõttemõlgutus,,,seisund,,tegevus
mõttepaus,,,seisund,,
mõttetalgud,,,,sündmus,tegevus
mõttetus,,,seisund,,tegevus_tegu
mõõdus,,,seisund,,
mõõduvõtmine,,,,sündmus,tegevus
mõõduvõtt,,,,sündmus,tegevus
mõõgaarm,koht,,,,
mõõgahaav,,,seisund,,
Mõõlu,koht,,,,
mõõn,,,seisund,,nähtus_loodus
mõõnaaeg,,aeg,,,
mõõnaperiood,,aeg,,,
mõõnarand,koht,,,,
Mõõnaste,koht,,,,
mõõtepiirkond,koht,,,,
mõõteteenistus,koht,,,,
mõõt saab täis,,,seisund,,
mõõtu,,,seisund,,
mäda,koht,,seisund,,"materjal/aine, omadus_füüs, omadus_kval"
mädaemakas,,,seisund,,
mädakolle,koht,,,,
mädakork,,,seisund,,
mädakusesus,,,seisund,,
mädakuu,,aeg,,,esitus
mädalaik,,,seisund,,
mädamaa,koht,,,,
Mädameri,koht,,,,
mädamuhk,,,seisund,,
mädanik,,,seisund,,
mädapaise,,,seisund,,nähtus
Mädapea,koht,,,,
mädaplekk,,,seisund,,
mädapunn,,,seisund,,
mädapõletik,,,seisund,,
Mädara,koht,,,,
mädasoo,koht,,seisund,,
mädaveresus,,,seisund,,
mädavill,,,seisund,,
mädavill-lööve,,,seisund,,
mädavistrik,,,seisund,,
mädavoolus,,,seisund,,tegevus
mäeahelik,koht,,,,
Mäebe,koht,,,,
mäeeraldis,koht,,,,
mäehaigus,,,seisund,,
mäehari,koht,,,,
mäejärsak,koht,,,,
Mäe-Järvere,koht,,,,
mäekallak,koht,,,,objekt_loodus
mäekink,koht,,,,
mäekuru,koht,,,,
Mäe-Kõoküla,koht,,,,
mäekühm,koht,,,,
Mäeküla,koht,,,,
Mäekülä,koht,,,,
mäeküür,koht,,,,
mäeliustik,koht,,,,nähtus_loodus
Mäelooga,koht,,,,
Mäeltküla,koht,,,,
Mäeltse,koht,,,,
Mäe-Lüütsepä,koht,,,,
mäemassiiv,koht,,,,
Mäemõiža,koht,,,,
Mäense,koht,,,,
mäenukk,koht,,,,
mäenõlv,koht,,,,objekt_loodus
Mäeotsa,koht,,,,
Mäe-Palo,koht,,,,
Mäepea,koht,,,,
mäepääste,koht,,,,tegevus
mäerind,koht,,,,objekt_loodus
mäerinne,koht,,,,objekt_loodus
mäerübi,koht,,,,
Mäeselja,koht,,,,
mäeseljak,koht,,,,
mäeseljandik,koht,,,,
Mäessaare,koht,,,,
mäestik,koht,,,,
mäestikuhaigus,,,seisund,,
mäestikujõgi,koht,,,,
mäestikujärv,koht,,,,
mäestikulaager,,,,sündmus,
Mäe-Suhka,koht,,,,
mäesuusakeskus,koht,,,,
Mäetaguse,koht,,,,
Mäe-Tilga,koht,,,,
mäetipp,koht,,,,
mäeveer,koht,,,,objekt_loodus
Mägari,koht,,,,
Mägede,koht,,,,
mägestik,koht,,,,
Mägestiku,koht,,,,
mägi,koht,,,,kogus
mägiaas,koht,,,,objekt_loodus
Mägi-Altai,koht,,,,
mägiasula,koht,,,,
Mägi-Badahšan,koht,,,,
mägietapp,koht,,,,
mägihaigus,,,seisund,,
mägihotell,koht,,,,
mägijõgi,koht,,,,
mägijärv,koht,,,,
Mägi-Karabahh,koht,,,,
mägikarjamaa,koht,,,,
mägikindlus,koht,,,,
Mägi-Kurdla,koht,,,,
mägikuurort,koht,,,,
mägikõrb,koht,,,,
mägiküla,koht,,,,
mägilinn,koht,,,,
mägimaastik,koht,,,,
mägimatk,,,,sündmus,
mägimets,koht,,,,taim
mäginiit,koht,,,,objekt_loodus
mägioja,koht,,,,
Mägiotsa,koht,,,,
Mägipe,koht,,,,
mägiplatoo,koht,,,,
mägiraudtee,koht,,,,
Mägise,koht,,,,
mägismaa,koht,,,,
mägismaastik,koht,,,,
Mägiste,koht,,,,
mägitaiga,koht,,,,
mägitee,koht,,,,
mägitundra,koht,,,,
mägitõbi,,,seisund,,
Mäha,koht,,,,
Mähe,koht,,,,
Mähkli,koht,,,,
mähkmelööve,,,seisund,,
mähkmeärritus,,,seisund,,
Mähma,koht,,,,
Mäiste,koht,,,,
mäkk,koht,,,,ese_instru
Mäksa,koht,,,,
Mäla,koht,,,,
Mälaren,koht,,,,
mälestusaktus,,,,sündmus,
mälestusjooks,,,,sündmus,
mälestusjumalateenistus,,,,sündmus,
mälestuskontsert,,,,sündmus,
mälestusloeng,,,,sündmus,ese_semio
mälestusnäitus,,,,sündmus,
mälestusteenistus,,,,sündmus,
mälestusturniir,,,,sündmus,
mälestusvõistlus,,,,sündmus,
mälestusõhtu,,,,sündmus,
mälestusüritus,,,,sündmus,
mäletamisvõimetus,,,seisund,,
Mäletjärve,koht,,,,
Mälgi,koht,,,,
Mäliküla,koht,,,,
Mäliste,koht,,,,
Mälivere,koht,,,,
Mällikvere,koht,,,,
Mällu,koht,,,,
mäluasutus,koht,,,,
mäluaugus,,,seisund,,
mäluauk,,,seisund,,nähtus_psühh
mäluhäire,,,seisund,,
mälukaotus,,,seisund,,
mälukas,,,seisund,,"nähtus_psühh, tegevus_mäng"
mälulünk,,,seisund,,nähtus_psühh
mälumispind,koht,,,,
mälumispindmik,koht,,,,
mälunõrkus,,,seisund,,
mälusügavus,,,seisund,,
Mändjala,koht,,,,
mäng,,,seisund,sündmus,"ese, nähtus_füüs, nähtus_loodus, nähtus_psühh, tegevus, tegevus_muutus, tegevus_mäng, tegevus_tegu"
mänguaed,koht,,,,
mänguaedik,koht,,,,
mänguaeg,,aeg,,,
mängud,,,,sündmus,
mänguiga,,aeg,,,
mängukoht,koht,,,,
mängukolmandik,,aeg,,,
mängukoppel,koht,,,,
mängukorda,,,seisund,,
mängukorras,,,seisund,,
mängukõlbmatu,,,seisund,,omadus_kval
mängumaa,koht,,,,abstr/konkr
mängumaja,koht,,,,ese_instru
mänguminut,,aeg,,,
mängumuru,koht,,,,taim
mängunurk,koht,,,,
mänguohjad,,,seisund,,
mängupaik,koht,,,,
mänguperiood,,aeg,,sündmus,
mänguplats,koht,,,,
mängupõrgu,koht,,,,
mängupäev,,aeg,,,
mängurlus,,,seisund,,tegevus
mänguruum,koht,,,,abstr
mängusaal,koht,,,,
mängusõltuvus,,,seisund,,
mängutuba,koht,,,,
mänguvalmis,,,seisund,,
mänguveerand,,aeg,,,
mänguvoor,,,,sündmus,tegevus_mäng
mänguvorm,,,seisund,,
mänguväli,koht,,,,"abstr, abstr/konkr, ese_semio"
mänguväljak,koht,,,,
mäng väärib küünlaid,,,seisund,,
Männamaa,koht,,,,
männik,koht,,,,taim
Männiku,koht,,,,
Männikuste,koht,,,,
Männikvälja,koht,,,,
männilinn,koht,,,,
männimets,koht,,,,taim
Männimäe,koht,,,,
männi-pigirooste,,,seisund,,
männipuistu,koht,,,,taim
Männisalu,koht,,,,
männitukk,koht,,,,
Mänspe,koht,,,,
Mäo,koht,,,,
märatsema,,,seisund,,VERB_psühh_emots
Märdi,koht,,,,
Märdimiku,koht,,,,
märe,koht,,,,
märg,koht,,seisund,,"materjal/aine, nähtus, nähtus_loodus, omadus_füüs"
märgala,koht,,,,
märggangreen,,,seisund,,
märg haud,,,seisund,,
märgmädanik,,,seisund,,
märgruum,koht,,,,
märg unenägu,,,seisund,,nähtus_loodus
märg unistus,,,seisund,,
Märja,koht,,,,
Märjamaa,koht,,,,
Märjandi,koht,,,,
märts,,aeg,,,
märtsihommik,,aeg,,,
märtsikuu,,aeg,,,
märtsiküüditamine,,,,sündmus,
märtsipommitamine,,,,sündmus,
mäss,,,seisund,sündmus,"abstr, nähtus_loodus, nähtus_psühh"
Mässa,koht,,,,
mäsu,,,seisund,sündmus,tegevus
Mäzdäg,koht,,,,
mätas,koht,,,,"objekt_loodus, taim, taim_omadus"
mätaskatus,koht,,,,
Mätasselja,koht,,,,
mätastik,koht,,,,
Mätja,koht,,,,
Määra,koht,,,,
määramatus,,,seisund,,
määratus,,,seisund,,
Määrdina,koht,,,,
määrdunud,,,seisund,,"omadus, omadus_füüs_värv"
Määri,koht,,,,
Määrimaa,koht,,,,
määris,koht,,,,
Määsi,koht,,,,
Määsovitsa,koht,,,,
Määvli,koht,,,,
Möldre,koht,,,,
Möldri,koht,,,,
möll,,,seisund,,"ese_instru, materjal/aine, nähtus_loodus, nähtus_psühh, tegevus"
Möllatsi,koht,,,,
mööblivabrik,koht,,,,
möödanik,,aeg,,sündmus,abstr
möödapääs,koht,,,,abstr
möödasõidukoht,koht,,,,
möödunu,,aeg,,sündmus,abstr
Möösia,koht,,,,
müalgia,,,seisund,,
müasteenia,,,seisund,,
müeliit,,,seisund,,
müeloom,,,seisund,,
Mügra,koht,,,,
Mükeene,koht,,,,
mükoos,,,seisund,,
mükoplasmoos,,,seisund,,
müksaton,,,,sündmus,
müksödeem,,,seisund,,
mülgas,koht,,,,
München,koht,,,,
Münchhauseni sündroom,,,seisund,,
Mündi,koht,,,,
mündikoda,koht,,,,
Münster,koht,,,,
müntla,koht,,,,
müokardiit,,,seisund,,
müoom,,,seisund,,
müoopia,,,seisund,,
müosiit,,,seisund,,
mürakahjustus,,,seisund,,
müramistuju,,,seisund,,
mürgel,,,,sündmus,tegevus
Mürgi,koht,,,,
mürgistus,,,seisund,,
mürgistushirm,,,seisund,,
mürgisus,,,seisund,,"omadus, omadus_psühh"
mürgitus,,,seisund,,"omadus_füüs, omadus_psühh"
mürsikuiga,,aeg,,,
mürsulehter,koht,,,,
mürsušokk,,,seisund,,
müsteerium,,,,sündmus,tegevus_tegu
Mütilene,koht,,,,
müügiaeg,,aeg,,,
müügiesindus,koht,,,,
müügikoht,koht,,,,
müüginäitus,,,,sündmus,
müügipunkt,koht,,,,
müügiputka,koht,,,,
müügisaal,koht,,,,
müügisalong,koht,,,,
müügitähtaeg,,aeg,,,
müügivõrk,koht,,,,inimene
müüja,koht,,,,"in_elukutse, in_tegija"
müük,,,seisund,,tegevus
müükla,koht,,,,
müür,koht,,,,"abstr, abstr/konkr"
müüriava,koht,,,,
müürihari,koht,,,,
Müüriku,koht,,,,
müürilatt,koht,,,,
müüripalk,koht,,,,
müüripärlin,koht,,,,
müüristik,koht,,,,
müüritis,koht,,,,
müürlatt,koht,,,,
Müüsia,koht,,,,
Müüsleri,koht,,,,
Myanmar,koht,,,,
Mysore,koht,,,,
Mysuru,koht,,,,
Mytilíni,koht,,,,
N,koht,aeg,,,"esitus, esitus_keel_täht, esitus_mõõt, materjal/aine"
naaber,koht,,,,"in_omadus, in_rahvas, objekt"
naaberala,koht,,,,vald
naabermaa,koht,,,,
naaberriik,koht,,,,
naabertänav,koht,,,,
naabrus,koht,,,,
naabruskond,koht,,,,in_omadus
Naage,koht,,,,
Naantali,koht,,,,
Naapka,koht,,,,
Naartse,koht,,,,
naat,koht,,,,"ese_riie, taim"
Naatsaret,koht,,,,
naba,koht,,,,kehaosa
nabaalune,koht,,,,"omadus_koht, omadus_kval"
Nabala,koht,,,,
nabamaa,koht,,,,
nabapõletik,,,seisund,,
nabasong,,,seisund,,
Naberežnõje Tšelnõ,koht,,,,
Nablus,koht,,,,
nad,koht,,,,"esitus_keel, inimene, objekt"
Nadalama,koht,,,,
nael,,,,sündmus,"ese, ese_instru, ese_raha, esitus_mõõt"
naelaauk,koht,,,,
Naelavere,koht,,,,
naer,,,seisund,,nähtus_psühh
naerukramp,,,seisund,,
naerunäoline,,,seisund,,
naerutuju,,,seisund,,
naeruväärne,,,seisund,,"omadus, omadus_psühh"
naeruväärsus,,,seisund,,konkr_omadus
naeruväärt,,,seisund,,"ADV_aste, omadus_psühh"
Nafarroa,koht,,,,
naftaallikas,koht,,,,
naftabaas,koht,,,,
naftabuum,,aeg,,,
naftahoidla,koht,,,,
naftajuhe,koht,,,,ese_instru
naftakompanii,koht,,,,
naftamaardla,koht,,,,materjal/aine
naftapuurauk,koht,,,,
naftariik,koht,,,,
naftasadam,koht,,,,
naftaterminal,koht,,,,
naftaväli,koht,,,,
Nagaland,koht,,,,
Nagano,koht,,,,
Nagasaki,koht,,,,
Nagoya,koht,,,,
Nagpur,koht,,,,
nagu kilud karbis,,,seisund,,
nagu kotis,,,seisund,,
nagu meelest ära,,,seisund,,
nagu muiste,,,seisund,,omadus_kval
nagu muistegi,,,seisund,,omadus_kval
nagu munas kana,,,seisund,,
nagu munavalus kana,,,seisund,,
nagu prillikivi,,,seisund,,omadus_kval
nagu silgud pütis,,,seisund,,
nagu tühjaks pigistatud sidrun,,,seisund,,
nagu veskikivi kaelas,,,seisund,,
Naha,koht,,,,
nahahaav,,,seisund,,
nahahaigus,,,seisund,,
nahakasvaja,,,seisund,,
nahakoi,,,seisund,,loom_putukas
nahalööve,,,seisund,,
nahamädanik,,,seisund,,
nahapaksend,,,seisund,,
nahapunetus,,,seisund,,
nahapõletik,,,seisund,,
nahasarv,,,seisund,,
nahaseen,,,seisund,,
nahaseentõbi,,,seisund,,
nahas olema,,,seisund,,
nahatuberkuloos,,,seisund,,
nahatööstus,koht,,,,vald
nahavabrik,koht,,,,
nahavähk,,,seisund,,
nahaärritus,,,seisund,,
Nahhitševan,koht,,,,
Nahhodka,koht,,,,
Nahkanuia,koht,,,,
nahka pugema,,,seisund,,
Nahkjala,koht,,,,
nahktelk,koht,,,,
Nairobi,koht,,,,
naisemehepõli,,aeg,,,
naisemehepõlv,,aeg,,,
naisepõli,,aeg,,,
naisepõlv,,aeg,,,
naisklooster,koht,,,,
naisklubi,koht,,,,in_omadus
Naiskodukaitse,koht,,,,in_roll
naiskomisjon,koht,,,,in_omadus
naiskorporatsioon,koht,,,,in_omadus
naiskursused,,,,sündmus,
naisorganisatsioon,koht,,,,
Naissaar,koht,,,,
Naissoo,koht,,,,
naistehaigus,,,seisund,,
naistejuuksur,koht,,,,in_elukutse
naistekliinik,koht,,,,
naistelugu,,,,sündmus,
naistenõuandla,koht,,,,
naiste paradiis,koht,,,,
naistepool,koht,,,,
naistepõlgus,,,seisund,,
naistepäev,,aeg,,,
naisterand,koht,,,,
naistesaun,koht,,,,
naistetualett,koht,,,,
Naistevalla,koht,,,,
naistevihkamine,,,seisund,,
Naistevälja,koht,,,,
naiste-WC,koht,,,,
naisus,,,seisund,,
Najd,koht,,,,
nakatumisoht,,,seisund,,abstr/konkr
Nakhon Ratchasima,koht,,,,
nakk,,,seisund,,ese_instru
nakkepind,koht,,,,
nakkus,,,seisund,,
nakkushaigla,koht,,,,
nakkushaigus,,,seisund,,
nakkuskolle,koht,,,,
nakkuslik,,,seisund,,
nakkusoht,,,seisund,,abstr/konkr
nakkuspesa,koht,,,,
nali,,,seisund,,"abstr, tegevus_kõnetegu, tegevus_tegu"
naljakus,,,,sündmus,nähtus_psühh
naljakuu,,aeg,,,
naljalugu,,,,sündmus,ese_semio
Nalšõk,koht,,,,
Naltšik,koht,,,,
Namangan,koht,,,,
Nam Co,koht,,,,
Namibi kõrb,koht,,,,
Namiibia,koht,,,,
Namur,koht,,,,
Nanchang,koht,,,,
Nancy,koht,,,,
nanism,,,seisund,,
Nanjing,koht,,,,
Nanking,koht,,,,
Nanning,koht,,,,
Nansei saared,koht,,,,
Nan Shan,koht,,,,
Nantes,koht,,,,
Napanurga,koht,,,,
Napi,koht,,,,
napikas,,,,sündmus,
Napoleoni kompleks,,,seisund,,
Napoli,koht,,,,
nappus,,,seisund,,
Naravere,koht,,,,
nari,,,seisund,,ese_instru
Narjan-Mar,koht,,,,
narkojoove,,,seisund,,
narkolabor,koht,,,,
narkolepsia,,,seisund,,
narkomaania,,,seisund,,
narkoos,,,seisund,,tegevus_tegu
narkopesa,koht,,,,
narkosurm,,,,sündmus,
narkosõltuvus,,,seisund,,
narkotalu,koht,,,,
narkouim,,,seisund,,
narkourgas,koht,,,,
narmad,,,seisund,,"ese_riie, kehaosa, taim"
Naroda,koht,,,,
Narodnaja,koht,,,,
narratiiv,,,,sündmus,"abstr, ese_semio, tegevus_kõnetegu"
narteks,koht,,,,
nartsism,,,seisund,,
nartsissism,,,seisund,,
Naruski,koht,,,,
Narva,koht,,,,
Narva-Jõesuu,koht,,,,
Narva jõgi,koht,,,,
Narva-tagune,koht,,,,omadus_koht
Narvataguse,koht,,,,
Narvik,koht,,,,
Narõn,koht,,,,
Nashville,koht,,,,
Nasja,koht,,,,
Nassau,koht,,,,
nasv,koht,,,,
Nasva,koht,,,,
Nazran,koht,,,,
Natal,koht,,,,
NATO,koht,,,,
natsioon,koht,,,,"in_rahvas, in_roll"
Natsi-Saksamaa,koht,,,,
Natturi,koht,,,,
naturalisatsioon,,,,sündmus,
natuur,koht,,,,"abstr/konkr, in_omadus, nähtus_loodus"
Nauru,koht,,,,
Nautrasi,koht,,,,
Nautse,koht,,,,
Nava,koht,,,,
Navarra,koht,,,,
Navesti,koht,,,,
Navesti jõgi,koht,,,,
Navi,koht,,,,
navigatsioonihooaeg,,aeg,,,
Navikõ,koht,,,,
Navoiy,koht,,,,
Naxçıvan,koht,,,,
Naypyidaw,koht,,,,
Nay Pyi Taw,koht,,,,
NBA,koht,,,,
N'Djamena,koht,,,,
ndl,,aeg,,,
NE,koht,,,,
Neandertal,koht,,,,
Neanurme,koht,,,,
Nebraska,koht,,,,
Nedrema,koht,,,,
Nedsaja,koht,,,,
Nedžd,koht,,,,
needus,,,seisund,,abstr/konkr
neel,koht,aeg,,,"kehaosa, nähtus_loodus, nähtus_psühh, taim"
neelamishäire,,,seisund,,
neelamistakistus,,,seisund,,
neeluaeg,,aeg,,,
neelukoht,koht,,,,
neelupõletik,,,seisund,,
Neeme,koht,,,,
Neemen,koht,,,,
Neemi,koht,,,,
neemik,koht,,,,
neemiklinnus,koht,,,,
Neemisküla,koht,,,,
Neenetsimaa,koht,,,,
neerukivitõbi,,,seisund,,
neerukoolikud,,,seisund,,
neerupuudulikkus,,,seisund,,
neerupõletik,,,seisund,,
Neeruti,koht,,,,
neerutuberkuloos,,,seisund,,
neeruvaagnapõletik,,,seisund,,
neeruvoolmed,,,seisund,,
neetliide,koht,,,,ese_instru
Neeva,koht,,,,
Neevalinn,koht,,,,
nefriit,,,seisund,,materjal/aine
nefrolitiaas,,,seisund,,
nefroos,,,seisund,,
nefroskleroos,,,seisund,,
negatiivne pinnavorm,koht,,,,
negatsioon,,,seisund,,"abstr, esitus_keel, nähtus, nähtus_psühh"
Negeb,koht,,,,
Negev,koht,,,,
Negevi kõrb,koht,,,,
Nehatu,koht,,,,
Neisse,koht,,,,
Neitla,koht,,,,
Neitsi,koht,,,,"esitus_kujutis, in_omadus, objekt_loodus_tähtkuju"
neitsiau,,,seisund,,
neitsikamber,koht,,,,
neitsilikkus,,,seisund,,
neitsipõlv,,aeg,,,
Neitsisaared,koht,,,,
Neitsitorn,koht,,,,
neitsus,,,seisund,,
neiupõli,,aeg,,,
neiupõlv,,aeg,,,
nekk,koht,,,,
nekrobioos,,,seisund,,
nekropol,koht,,,,
nekrutivõtmine,,,,sündmus,tegevus
neli,,aeg,,,"esitus_arv, esitus_mõõt, konkr, omadus_kval"
Nelijärve,koht,,,,
nelikmõrv,,,,sündmus,tegevus_tegu
nelikvõit,,,,sündmus,
nelipühad,,,,sündmus,
neliteist,,aeg,,,"esitus_arv, omadus"
nelitis,koht,,,,
neljajäsemehalvatus,,,seisund,,
neljakümnendad,,aeg,,,
neljapäev,,aeg,,,esitus
neljapäevak,,,,sündmus,
neljasilmakohtumine,,,,sündmus,
neljaviiendikuline häälteenamus,,,seisund,,
Neman,koht,,,,
Nemunas,koht,,,,
Nenu,koht,,,,
neogeen,,aeg,,,
neoliitikum,,aeg,,,
neoplaasia,,,seisund,,
Nepaal,koht,,,,
Nepal,koht,,,,
Nepste,koht,,,,
Nesterov,koht,,,,
netiavarus,koht,,,,
netikasiino,koht,,,,
netikohvik,koht,,,,
netioksjon,,,,sündmus,
netipood,koht,,,,
netisõltuvus,,,seisund,,nähtus_psühh
netopind,koht,,,,omadus_füüs
neuralgia,,,seisund,,
neurasteenia,,,seisund,,
neuriit,,,seisund,,kehaosa
neuroborrelioos,,,seisund,,
neurodermatiit,,,seisund,,
neurodermiit,,,seisund,,
neuroom,,,seisund,,
neuroos,,,seisund,,
neuropaatia,,,seisund,,
neutraalveed,koht,,,,
neutraliteet,,,seisund,,
Neva,koht,,,,
Nevada,koht,,,,
Nevel,koht,,,,
Newark,koht,,,,
New Brunswick,koht,,,,
Newcastle,koht,,,,
Newcastle upon Tyne,koht,,,,
New Delhi,koht,,,,
Newfoundland,koht,,,,
Newfoundland ja Labrador,koht,,,,
New Hampshire,koht,,,,
New Jersey,koht,,,,
New Mexico,koht,,,,
New Orleans,koht,,,,
Newport,koht,,,,
New York,koht,,,,
NFSV,koht,,,,
Ngerulmud,koht,,,,
Niagara,koht,,,,
Niagara juga,koht,,,,
Niamey,koht,,,,
nibujätkepõletik,,,seisund,,
Nicaragua,koht,,,,
Nicaragua järv,koht,,,,
Nice,koht,,,,
Nicobarid,koht,,,,
Nicobari saared,koht,,,,
Nigeeria,koht,,,,
Niger,koht,,,,
nigul,,aeg,,,
Nigula,koht,,,,
nigulapäev,,aeg,,,
Niguli,koht,,,,
Niguliste,koht,,,,
Niguliste kirik,koht,,,,
Nihatu,koht,,,,
nihestus,,,seisund,,
Nihka,koht,,,,
Nihu,koht,,,,
Niibi,koht,,,,
niide,,,,sündmus,"materjal/aine, tegevus"
Niidiküla,koht,,,,
Niidu,koht,,,,
niiduaeg,,aeg,,,
Niilus,koht,,,,
Niineve,koht,,,,
Niinja,koht,,,,
niipea,,aeg,,,
niiskuskahjustus,,,seisund,,
niisutuskanal,koht,,,,
niisutuskraav,koht,,,,
niisutusrajatis,koht,,,,
niit,koht,,,,"abstr, ese_instru, kogus, materjal/aine, objekt_loodus, tegevus_tegu"
niiteaeg,,aeg,,,
Niitsiku,koht,,,,
Niitvälja,koht,,,,
nikastus,,,seisund,,
nikliallergia,,,seisund,,
Nikolajev,koht,,,,
Nikopol,koht,,,,
Nikosia,koht,,,,
nikotiinimürgistus,,,seisund,,
nikotiinimürgitus,,,seisund,,
nikotiinisõltuvus,,,seisund,,
Nilbõ,koht,,,,
nimekaim,koht,,,,in_omadus
nimemuutus,,,,sündmus,
nimepäev,,aeg,,,
nimesponsor,koht,,,,in_roll
nimevahetus,,,,sündmus,
nimi,,,seisund,,"abstr/konkr, esitus_info, in_omadus, omadus_kval"
nimisponsor,koht,,,,in_roll
nimmepiirkond,koht,,,,
Nina,koht,,,,
Ninase,koht,,,,
Ninasi,koht,,,,
ninatu,,,seisund,,
ninaverejooks,,,seisund,,
Ningxia,koht,,,,
Ninive,koht,,,,
Nipigoni järv,koht,,,,
nire,koht,,,,materjal/aine
nirvaana,,,seisund,,
Nissi,koht,,,,
Nistru,koht,,,,
Niš,koht,,,,
nišipartei,koht,,,,in_roll
nišiteater,koht,,,,
nišš,koht,,,,abstr
Nizza,koht,,,,
Nižni Novgorod,koht,,,,
Nižni Tagil,koht,,,,
Niue,koht,,,,
Njassa järv,koht,,,,
Njassamaa,koht,,,,
NKVD,koht,,,,
NL,koht,,,,
NO,koht,,,,
noahaav,,,seisund,,
Noarootsi,koht,,,,
noarünnak,,,,sündmus,tegevus_tegu
noateral,,,seisund,,
noatera peal,,,seisund,,
noatäke,koht,,,,
Nogu,koht,,,,
nohinal,,,seisund,,
Nohipalo,koht,,,,
Nohipalu,koht,,,,
nohu,,,seisund,,abstr
nokaut,,,seisund,,tegevus_tegu
Nokia,koht,,,,abstr/konkr
Nókis,koht,,,,
"nokk kinni ja saba lahti, saba kinni ja nokk lahti",,,seisund,,
nominaalaeg,,aeg,,,
nonkonformism,,,seisund,,nähtus_psühh
nonstop,,,,sündmus,"ADV_viis, tegevus"
Noo,koht,,,,
Noodasküla,koht,,,,
noodikirjastus,koht,,,,
noom,koht,,,,abstr/konkr
nooma,,,seisund,,
noonid,,aeg,,,
Noonu,koht,,,,
Noored Kotkad,koht,,,,in_roll
nooremus,,,seisund,,
nooriga,,aeg,,,
Nooritsmetsa,koht,,,,
noor kuu,,aeg,,,nähtus_loodus
noorkuu,,aeg,,,nähtus_loodus
Noorma,koht,,,,
noorpõlv,,aeg,,,"inimene, in_omadus"
noorsooteater,koht,,,,
noortehotell,koht,,,,
noortekeskus,koht,,,,
noortekodu,koht,,,,
noortemaja,koht,,,,
noorteõhtu,,,,sündmus,
noorukiaastad,,aeg,,,
noorukiiga,,aeg,,,
noorus,,aeg,seisund,,"inimene, in_omadus"
noorusaastad,,aeg,,,
noorusaeg,,aeg,,,
noorusiga,,aeg,,,
noorusmaa,koht,aeg,,,
nooruspõlv,,aeg,,,
nooruspäevad,,aeg,,,
noorusrajad,koht,aeg,,,
Nooska,koht,,,,
Nootamaa,koht,,,,
nooteater,koht,,,,
Norbi,koht,,,,
nord,koht,,,,
Nordkapp,koht,,,,
Nordland,koht,,,,
nordost,koht,,,,
Nord-Pas-de-Calais,koht,,,,
Nordrhein-Westfalen,koht,,,,
nordvest,koht,,,,
Norfolk,koht,,,,
Norfolki saar,koht,,,,
Norilsk,koht,,,,
normaalaeg,,aeg,,,
normaalmägi,koht,,,,
normaalnägevus,,,seisund,,nähtus
normaaltalu,koht,,,,
normaeg,,aeg,,,
Normandia,koht,,,,
Normandia dessant,,,,sündmus,
normatiivsus,,,seisund,,omadus_kval
normis,,,seisund,,
Norra,koht,,,,
Norra meri,koht,,,,
Norrbotten,koht,,,,
Norrby,koht,,,,
Norrköping,koht,,,,
Norrland,koht,,,,
Northampton,koht,,,,
Northamptonshire,koht,,,,
Northumberland,koht,,,,
Norwich,koht,,,,
noseemataud,,,seisund,,
nosematoos,,,seisund,,
nostalgia,,,seisund,,
notariaalkontor,koht,,,,
notariaat,koht,,,,grupp
notaribüroo,koht,,,,
nō-teater,koht,,,,
Nottingham,koht,,,,
Nottinghamshire,koht,,,,
Nouakchott,koht,,,,
Nouméa,koht,,,,
nov,,aeg,,,esitus
Novaja Kahhovka,koht,,,,
Novaja Zemlja,koht,,,,
Nova Kahhovka,koht,,,,
Nova Scotia,koht,,,,
november,,aeg,,,esitus
novembrihommik,,aeg,,,
novembrikuu,,aeg,,,esitus
Novgorod,koht,,,,
Novgorodi vabariik,koht,,,,
Novi Sad,koht,,,,
novokaiinblokaad,,,seisund,,
Novokuznetsk,koht,,,,
Novo-Mariinsk,koht,,,,
Novomoskovsk,koht,,,,
Novo-Nikolajevsk,koht,,,,
Novorossia,koht,,,,
Novorossiisk,koht,,,,
Novorossija,koht,,,,
Novosibirsk,koht,,,,
Novotšerkassk,koht,,,,
NSV,koht,,,,
NSVL,koht,,,,
NSV Liit,koht,,,,
nudistirand,koht,,,,
nuditeet,,,seisund,,
Nugeri,koht,,,,
nuginakkus,,,seisund,,
nuhtlus,,,seisund,,tegevus_tegu
Nuia,koht,,,,
nukk,koht,,,,"ese_instru, esitus_mõõt, organism, toit"
Nuku‘alofa,koht,,,,
nukuetendus,,,,sündmus,
nukuhäll,koht,,,,ese_instru
nukujärk,,aeg,,,
nukukliinik,koht,,,,
nukulava,koht,,,,ese_instru
nukumaja,koht,,,,ese_instru
nukumäng,,,,sündmus,"tegevus, tegevus_mäng, vald"
nukunurk,koht,,,,
nukuriik,koht,,,,
Nukus,koht,,,,
nukustaadium,,aeg,,,
nukuteater,koht,,,,vald
nukutuba,koht,,,,
nukuvalitsus,koht,,,,
Nulga,koht,,,,
nulk,koht,,,,
null,koht,,,,"esitus_arv, kogus, omadus_kval"
nullenergiamaja,koht,,,,
nullimäng,,,,sündmus,
nullindad,,aeg,,,
nulliring,,,seisund,,
nullkorrus,koht,,,,
nullpunkt,koht,,seisund,,
nullseis,,,seisund,,abstr/konkr
nullsumma mäng,,,seisund,,
nullsummamäng,,,seisund,,
nulltsükkel,koht,,,,tegevus
nulumets,koht,,,,taim
numbrisaun,koht,,,,
numbritehas,koht,,,,
numbrituba,koht,,,,
Numiidia,koht,,,,
Nunavut,koht,,,,
nunnaklooster,koht,,,,
nunnakong,koht,,,,
nunnaordu,koht,,,,in_roll
nunnumeeter,,,seisund,,
nunnumeeter laes,,,seisund,,
nunnumeeter põhjas,,,seisund,,
nuppus,,,seisund,,
nupus,,,seisund,,
Nurga,koht,,,,
nurgaaken,koht,,,,
nurgahoone,koht,,,,
nurgake,koht,,,,ese_semio
nurgakene,koht,,,,ese_semio
nurgakrunt,koht,,,,
nurgaliide,koht,,,,ese_instru
nurgamaja,koht,,,,
nurgaseotis,koht,,,,ese_instru
nurgatagune,koht,,,,"abstr/konkr, omadus_koht, omadus_kval"
nurgatorn,koht,,,,
nurgavai,koht,,,,
nurgavoodi,,aeg,,,
nurisünnitus,,,,sündmus,
nurk,koht,,,,"abstr, esitus_kujutis, esitus_mõõt"
nurkiste,,,seisund,,
nurkliide,koht,,,,ese_instru
Nurkse,koht,,,,
nurkseotis,koht,,,,ese_instru
nurm,koht,,,,
Nurme,koht,,,,
Nurmetu,koht,,,,
Nurmsi,koht,,,,
Nursi,koht,,,,
Nurste,koht,,,,
Nur-Sultan,koht,,,,
Nurtu,koht,,,,
Nurtu-Nõlva,koht,,,,
nutiajastu,,aeg,,,
nutijoove,,,seisund,,
nutikael,,,seisund,,
nutikodu,koht,,,,
nutimaja,koht,,,,
nutiparkla,koht,,,,
nutipöial,,,seisund,,
nutisõltuvus,,,seisund,,nähtus_psühh
nutiturvalisus,,,seisund,,
Nutru,koht,,,,
nutt,,,seisund,,"kehaosa, konkr, nähtus, nähtus_psühh, omadus_psühh, taim"
Nutu,koht,,,,
nutuhoog,,,seisund,,
nutukramp,,,seisund,,
nutumaik,,,seisund,,
nutumaitse,,,seisund,,
nutumärg,,,seisund,,
Nutumüür,koht,,,,
nutune,,,seisund,,"omadus_kval, omadus_psühh"
nutupill,,,seisund,,in_omadus
nututuju,,,seisund,,
Nuubia,koht,,,,
nuudipäev,,aeg,,,
Nuuk,koht,,,,
nuum,,,seisund,,tegevus
nuumafarm,koht,,,,
nuumalaut,koht,,,,
nuumikla,koht,,,,
nuumvasikas,,,,sündmus,loom_liik
Nuustaku,koht,,,,
nuut,koht,,,,"ese_instru, taim"
nuuter,,,seisund,,taim_seen
Nuutre,koht,,,,
NW,koht,,,,
nõdrameelsus,,,seisund,,
Nõela,koht,,,,
Nõelaneem,koht,,,,
nõelasilm,koht,,,,"abstr, ese_instru"
nõgesekubel,,,seisund,,
nõgesepalavik,,,seisund,,
nõgeslööve,,,seisund,,
nõgestik,koht,,,,
nõgestõbi,,,seisund,,
Nõgiaru,koht,,,,
nõgihaigus,,,seisund,,
nõgipea,,,seisund,,"osa, taim"
nõgiseen,,,seisund,,taim_liik
nõgu,koht,,,,
nõgusselgsus,,,seisund,,
nõiakatel,,,seisund,,
nõiakütke,,,seisund,,
nõialoss,koht,,,,
nõiaprotsess,,,,sündmus,tegevus
nõiaring,koht,,seisund,,taim_seen
nõiasabat,,,,sündmus,
nõidus,,,seisund,,"nähtus_psühh, tegevus, tegevus_tegu"
nõletõbi,,,seisund,,
nõlg,,,seisund,,
nõlv,koht,,,,
Nõlva,koht,,,,
nõlvak,koht,,,,
Nõmavere,koht,,,,
Nõmba,koht,,,,
Nõmbra,koht,,,,
Nõmjala,koht,,,,
nõmm,koht,,,,
Nõmme,koht,,,,
Nõmmemaa,koht,,,,
nõmmemets,koht,,,,taim
Nõmmemetsa,koht,,,,
nõmmemännik,koht,,,,taim
Nõmmeotsa,koht,,,,
Nõmmerga,koht,,,,
Nõmmeri,koht,,,,
Nõmmeveski,koht,,,,
nõmmik,koht,,,,taim
Nõmmise,koht,,,,
Nõmmküla,koht,,,,
nõmmraba,koht,,,,
Nõmpa,koht,,,,
nõndapea,,aeg,,,
Nõnova,koht,,,,
Nõo,koht,,,,
nõostik,koht,,,,
Nõrava,koht,,,,
nõrgabstsess,,,seisund,,materjal/aine
nõrgameelsus,,,seisund,,
nõrgamõistuslikkus,,,seisund,,
nõrgemus,,,seisund,,
nõrgkiht,koht,,,,materjal/aine
nõrgmädanik,,,seisund,,materjal/aine
nõrkus,,,seisund,,"nähtus_psühh, omadus_füüs, omadus_kval"
nõrkusehetk,,,seisund,,
nõrkushetk,,,seisund,,
nõru,koht,,,,
nõtk,,,seisund,,
nõtrus,,,seisund,,omadus_kval
nõuandla,koht,,,,
nõudepeatus,koht,,,,
nõukaaeg,,aeg,,,
nõukanostalgia,,,seisund,,
nõukoda,koht,,,,
nõukogu,koht,,,,
Nõukogude,koht,,,,
nõukogude,koht,,,,
Nõukogude aeg,,aeg,,,
nõukogude aeg,,aeg,,,
Nõukogude Liit,koht,,,,
Nõukogude Venemaa,koht,,,,
Nõuni,koht,,,,
nõupidamine,,,,sündmus,
nõupidamistuba,koht,,,,osa
nõutus,,,seisund,,
Nõva,koht,,,,
nõva,koht,,,,
näd,,aeg,,,
nädal,,aeg,,sündmus,
nädalajagu,,aeg,,,
nädalalõpp,,aeg,,,
nädalalõpukursus,,,,sündmus,
nädalalõpumaja,koht,,,,
nädalalõputi,,aeg,,,
nädalapäev,,aeg,,,
nädalapäevad,,aeg,,,
nädalati,,aeg,,,
nädalatund,,,,sündmus,
nädalavahetus,,aeg,,,
nädaliti,,aeg,,,
Näduvere,koht,,,,
nägemishäire,,,seisund,,
nägemiskaugus,koht,,,,
nägemispiirkond,koht,,,,kehaosa
nägemispuue,,,seisund,,
nägemisulatus,koht,,,,
nägemisväli,koht,,,,
nägemisväsimus,,,seisund,,
nägur,,aeg,seisund,,omadus_kval
nägurielu,,aeg,seisund,,
näguripäevad,,aeg,seisund,,
nähtaval,,,seisund,,
nähtavale,,,seisund,,
nähtavus,koht,,,,"esitus_mõõt, omadus_kval"
nähtavuskaugus,koht,,,,esitus_mõõt
näidishukkamine,,,,sündmus,
näidismajand,koht,,,,
näidispoomine,,,,sündmus,
näidistund,,,,sündmus,
näilikkus,,,seisund,,omadus_psühh
näilisus,,,seisund,,omadus_psühh
näitelava,koht,aeg,,,abstr
näitemüük,,,,sündmus,
näitus,,,,sündmus,ese_kunst
näituseruum,koht,,,,
näitusetund,,,,sündmus,
näitusmüük,,,,sündmus,
näitustund,,,,sündmus,
nälg,,aeg,seisund,,omadus_psühh
nälgus,,,seisund,,
nälja-aasta,,aeg,,,
näljaaeg,,aeg,seisund,,
näljadieet,,,seisund,,tegevus
näljahäda,,aeg,seisund,,
näljamarss,,,,sündmus,
näljamäss,,,,sündmus,
näljanõrkus,,,seisund,,
näljanäpistus,,,seisund,,
näljapaistetus,,,seisund,,
näljapiin,,,seisund,,
näljapäev,,aeg,,,
Näljastepp,koht,,,,
näljastreik,,,seisund,,
Näo,koht,,,,
näoilme,,,seisund,,
näopimedus,,,seisund,,
näost valge kui lubi,,,seisund,,
näotus,,,seisund,,tegevus_tegu
näotustamine,,,,sündmus,tegevus_tegu
Näpi,koht,,,,
näpistus,,,seisund,,"nähtus_füüs, tegevus_tegu"
näpp,,,seisund,,kehaosa
näpud on mängus,,,seisund,,
näpud põhjas,,,seisund,,
näpud sügelevad,,,seisund,,
näpupood,koht,,,,
Närapää,koht,,,,
närbumistõbi,,,seisund,,
Närke,koht,,,,
närvi,,,seisund,,
närvide mäng,,,seisund,,
närvid on krussis,,,seisund,,
närvid on läbi,,,seisund,,
närvid on pingul,,,seisund,,
närvid on püsti,,,seisund,,
närvihaigla,koht,,,,
närvihaigus,,,seisund,,
närvihäire,,,seisund,,
närvikliinik,koht,,,,
närvilisus,,,seisund,,
närvinõrkus,,,seisund,,
närvipalavik,,,seisund,,
närvipinge,,,seisund,,
närviproov,,,seisund,,
närvipõletik,,,seisund,,
närvis,,,seisund,,
närvišokk,,,seisund,,
närvivalu,,,seisund,,
närvivapustus,,,seisund,,
närvkasvaja,,,seisund,,
närvlikkus,,,seisund,,
närv on krussis,,,seisund,,
närv on must,,,seisund,,
närv on püsti,,,seisund,,
närv on sees,,,seisund,,
näsakasvaja,,,seisund,,
Nässuma,koht,,,,
Näsuvere,koht,,,,
nätakas,,,,sündmus,tegevus_tegu
Nätsi,koht,,,,
Nääri,koht,,,,
näärid,,aeg,,,
näärikuu,,aeg,,,
näärilaupäev,,aeg,,,
nääripidu,,,,sündmus,
nääripuu,,,,sündmus,"ese, taim_liik"
nääripäev,,aeg,,,
nääripühad,,aeg,,,
nääriõhtu,,aeg,,,
nääriöö,,aeg,,,
näärmepõletik,,,seisund,,
näärmetiisikus,,,seisund,,
nöha,,,seisund,,
nörbus,,,seisund,,
nöök,,,seisund,,"nähtus_psühh, tegevus_kõnetegu"
nöörimaa,koht,,,,
nüktaloopia,,,seisund,,
nümfomaania,,,seisund,,
Nüpli,koht,,,,
Nüri,koht,,,,
nüridus,,,seisund,,"ese_semio, tegevus_kõnetegu"
nürmus,,,seisund,,
Nürnberg,koht,,,,
Nürnbergi protsess,,,,sündmus,
nüstagm,,,seisund,,
nüüdisaeg,,aeg,,,
nüüdis-Eesti,koht,,,,
nüüdne,,aeg,,,omadus_aeg
nüüdsus,,,seisund,,abstr
Nyköping,koht,,,,
O,koht,,,,"esitus_keel_suhtlus, esitus_keel_täht, materjal/aine"
oaas,koht,,,,abstr/konkr_omadus
Oahu,koht,,,,
Oakland,koht,,,,
Oandu,koht,,,,
oapõld,koht,,,,
Oara,koht,,,,
Ob,koht,,,,
Obdorsk,koht,,,,
Oberlausitz,koht,,,,
Oberpfalz,koht,,,,
Obinitsa,koht,,,,
Obja,koht,,,,
objekt,koht,,,,"abstr, abstr/konkr, esitus_keel"
obl,koht,,,,esitus
oblast,koht,,,,esitus
oblastikeskus,koht,,,,
obliteratsioon,,,seisund,,
Oblu,koht,,,,
Obninsk,koht,,,,
observatoorium,koht,,,,
obsessiiv-kompulsiivne häire,,,seisund,,
obsessioon,,,seisund,,"abstr, nähtus_psühh"
obstruktsioon,,,seisund,,tegevus_tegu
Odalätsi,koht,,,,
odavlennufirma,koht,,,,
odavpood,koht,,,,
Odense,koht,,,,
Odensholm,koht,,,,
Oder,koht,,,,
oder,koht,,,,"taim, toit_vili"
Oderi-äärne Frankfurt,koht,,,,
Odessa,koht,,,,
Odisha,koht,,,,
Odiste,koht,,,,
Odivere,koht,,,,
odontiit,,,seisund,,
Odra,koht,,,,
odraiva,,,seisund,,taim
Odulemma,koht,,,,
Oe,koht,,,,esitus_mõõt
OECD,koht,,,,
Oela,koht,,,,
Oese,koht,,,,
Oessaare,koht,,,,
Oeti,koht,,,,
offshore,koht,,,,
oftalmia,,,seisund,,
Ogaden,koht,,,,
Ogandi,koht,,,,
ogiiv,koht,,,,"abstr, esitus_kujutis"
Ogre,koht,,,,
Ohakvere,koht,,,,
ohatis,,,seisund,,
Ohekatku,koht,,,,
Ohepalu,koht,,,,
Ohessaare,koht,,,,
Ohhoota meri,koht,,,,
Ohio,koht,,,,
ohranka,koht,,,,
oht,,,seisund,,abstr/konkr
Ohtja,koht,,,,
Ohtla,koht,,,,
Ohtu,koht,,,,
Ohukotsu,koht,,,,
Ohulepa,koht,,,,
ohustatud,,,seisund,,
ohutus,,,seisund,,
ohver,,,seisund,,"abstr/konkr, in_omadus, in_roll, tegevus, tegevus_mäng"
ohverdamiskoht,koht,,,,
ohverdamispaik,koht,,,,
ohverduskoht,koht,,,,
ohverduspaik,koht,,,,
ohverduspüha,,aeg,,,
ohvreid nõudma,,,seisund,,
ohvriallikas,koht,,,,
ohvrialtar,koht,,,,"abstr, ese_instru"
ohvrihiis,koht,,,,
ohvrikoht,koht,,,,
ohvrilohk,koht,,,,
ohvripaik,koht,,,,
ohvripidu,,,,sündmus,
ohvritalitus,,,,sündmus,tegevus
Oidipuse kompleks,,,seisund,,
Oidrema,koht,,,,
oikumeen,koht,,,,
oimetus,,,seisund,,
oimupiirkond,koht,,,,
Oina,koht,,,,
Oirootia,koht,,,,
Oirot-Tura,koht,,,,
Oissaare,koht,,,,
Oisu,koht,,,,
Oitme,koht,,,,
Oiu,koht,,,,
oivakeskus,koht,,,,
oivalisus,,,seisund,,
oja,koht,,,,nähtus_loodus
ojakäär,koht,,,,
Ojaküla,koht,,,,
o-jalad,,,seisund,,kehaosa
o-jalgsus,,,seisund,,
Ojamaa,koht,,,,
ojanire,koht,,,,
Ojapere,koht,,,,
Ojasoo,koht,,,,
Ojaäärse,koht,,,,
Oju,koht,,,,
Oka,koht,,,,
Okaa,koht,,,,
okas,,,seisund,,"abstr, kehaosa_loom, taim"
okasmets,koht,,,,taim
okaspuumets,koht,,,,taim
Okeaania,koht,,,,
okeanaarium,koht,,,,
Okinawa,koht,,,,
Oklahoma,koht,,,,
Oklahoma City,koht,,,,
oklusioon,koht,,seisund,,"abstr_asend/suund, nähtus_füüs"
oknotsember,,aeg,,,
oksaauk,koht,,,,
oksakoht,koht,,,,
oksehoog,,,seisund,,
oksendushoog,,,seisund,,
Oksitaania,koht,,,,
oksjon,,,,sündmus,
oksjonihaamer,,,,sündmus,ese_instru
oksjonimaja,koht,,,,
oksüdatiivne stress,,,seisund,,
okt,,aeg,,,esitus
oktoober,,aeg,,,"ese_riie, esitus"
oktoobrikuu,,aeg,,,esitus
oktoobripühad,,,,sündmus,
oktoobrirevolutsioon,,,,sündmus,
oktsident,koht,,,,
okupatsioon,,,seisund,,
Oldenburg,koht,,,,
Ole,koht,,,,
Olehkova,koht,,,,
olek,,,seisund,,omadus_psühh
Oleksandrivsk,koht,,,,
olelus,,,seisund,,
olelusring,,aeg,,,
olemasolek,,,seisund,,nähtus
olemasolemine,,,seisund,,nähtus
olemasolu,,,seisund,,nähtus
olemine,,,seisund,sündmus,"nähtus, omadus_kval, omadus_psühh"
olenevus,,,seisund,,
oleng,,,,sündmus,
Olenjok,koht,,,,
oleskelu,,,seisund,,
Oleski,koht,,,,
olevik,,aeg,,sündmus,esitus_keel
Oleviste,koht,,,,
Oleviste kirik,koht,,,,
Olgina,koht,,,,
oligeemia,,,seisund,,
oligofreenia,,,seisund,,
oligopol,,,seisund,,abstr
oligotseen,,aeg,,,
oliguuria,,,seisund,,
oliiviistandus,koht,,,,
Oljokma,koht,,,,
Olju,koht,,,,
Olkiluoto,koht,,,,
Ollepa,koht,,,,
Ollila,koht,,,,
olme,,,seisund,,"abstr/konkr, omadus_kval"
olmeruum,koht,,,,
olmetrauma,,,,sündmus,
olnu,,aeg,,sündmus,"abstr, in_tegija"
Olohkuva,koht,,,,
Olomouc,koht,,,,
Olonets,koht,,,,
Olteenia,koht,,,,
olukord,,,seisund,,
olulisus,,,seisund,,
Olustvere,koht,,,,
olv,koht,,,,
olviauk,koht,,,,
Olümpia,koht,,,,
olümpia,,,,sündmus,
olümpia-aasta,,aeg,,,
olümpiaad,,aeg,,sündmus,
olümpiaküla,koht,,,,
olümpialinn,koht,,,,
olümpialootus,,,seisund,,in_omadus
olümpiamängud,,,,sündmus,
olümpiaregatt,,,,sündmus,
olümpiastaadion,koht,,,,
olümpiaturniir,,,,sündmus,tegevus_mäng
olümpiavõistlus,,,,sündmus,tegevus
Olümpos,koht,,,,
OM,,,,sündmus,
Om,koht,,,,
Omaan,koht,,,,
omadega augus,,,seisund,,
omadega läbi,,,seisund,,
omadega puntras,,,seisund,,
omadega puntrasse,,,seisund,,
Omaha,koht,,,,
oma lehm ojas,,,seisund,,
omal kohal,,,seisund,,
omaloomingukonkurss,,,,sündmus,
omaloominguvõistlus,,,,sündmus,
omandus,,,seisund,,abstr/konkr
omanikfirma,koht,,,,
omapära,,,seisund,,abstr/konkr_omadus
omapärasus,,,seisund,,abstr/konkr_omadus
omariiklus,,,seisund,,
omas elemendis,,,seisund,,
omavalitsus,koht,,,,"abstr/konkr, inimene, tegevus"
omavalitsusasutus,koht,,,,
omavalitsusliit,koht,,,,inimene
omavalitsusvalimised,,,,sündmus,
omavalitsusüksus,koht,,,,
Omedu,koht,,,,
omnium,,,,sündmus,
Omsk,koht,,,,
Omuti,koht,,,,
on aamen,,,seisund,,
Oneega,koht,,,,
Onega,koht,,,,
Onega järv,koht,,,,
Ongassaare,koht,,,,
onko,koht,,,,omadus
onkohaigla,koht,,,,
onkohaigus,,,seisund,,
onkoloogia,koht,,,,vald
onkoloogiahaigla,koht,,,,
onkoloogiakeskus,koht,,,,
onkoloogiline haigus,,,seisund,,
onkotsertsiaas,,,seisund,,
onn,koht,,,,
on purgis,,,seisund,,
on sitaauguni,,,seisund,,
Ontario,koht,,,,
Ontario järv,koht,,,,
Ontika,koht,,,,
Ontika pank,koht,,,,
Oodsipalo,koht,,,,
ooforiit,,,seisund,,
Ookatku,koht,,,,
ookean,koht,,,,abstr/konkr
ookeanisaar,koht,,,,
ookeani taga,koht,,,,
ookeani tagant,koht,,,,
ookeani taha,koht,,,,
Oola,koht,,,,
Oomiste,koht,,,,
Oomuli,koht,,,,
Oonga,koht,,,,
Oonurme,koht,,,,
ooper,koht,,,sündmus,"abstr/konkr, ese_kunst"
ooperietendus,,,,sündmus,
ooperilava,koht,,,,ese_instru
ooperimaja,koht,,,,
ooperiteater,koht,,,,
oopiumimürgistus,,,seisund,,
oopiumimürgitus,,,seisund,,
Oore,koht,,,,
Oorgu,koht,,,,
oos,koht,,,,
oosistik,koht,,,,
Oostende,koht,,,,
ootamatus,,,,sündmus,"omadus, tegevus_tegu"
ootamisaeg,,aeg,,,
ooteaeg,,aeg,,,
ooteala,koht,,,,
ooteasend,,,seisund,,
ootejärjekord,,aeg,,,abstr
ootekoda,koht,,,,
ootepaviljon,koht,,,,
ooteplatvorm,koht,,,,
ooterežiim,,,seisund,,
ooteruum,koht,,,,
ootesaal,koht,,,,
ootetuba,koht,,,,
ootevalmis,,,seisund,,
ootus,,,seisund,,abstr/konkr
ootuspinge,,,seisund,,
Opa,koht,,,,in_sugulane
operaator,koht,,,,"abstr, in_elukutse"
operaatorfirma,koht,,,,
operatiivnõupidamine,,,,sündmus,
operatiivstaap,koht,,,,
operatsioonihaav,,,seisund,,
operatsiooniplokk,koht,,,,
operatsioonisaal,koht,,,,
operatsioonituba,koht,,,,
operatsiooniväli,koht,,,,
opiomaania,,,seisund,,
Opole,koht,,,,
opritšnina,koht,,,,abstr/konkr
opteerimine,,,,sündmus,tegevus
optimum,,,seisund,,
optsioon,,,,sündmus,"abstr/konkr, ese_semio, tegevus"
Opus Dei,koht,,,,
oraakel,koht,,,,"ese_semio, in_roll"
Orajõe,koht,,,,
Oral,koht,,,,
Oran,koht,,,,
Oranje,koht,,,,
Oranjestad,koht,,,,
oranžerii,koht,,,,
oranž revolutsioon,,aeg,,sündmus,
oras,koht,,,,"abstr/konkr_omadus, taim_omadus"
ora tagumikus,,,seisund,,
oratoorium,koht,,,,ese_kunst
Orava,koht,,,,
oravapartei,koht,,,,in_roll
orbudekodu,koht,,,,
ordenikapiitel,koht,,,,
ordinatuur,koht,,seisund,,tegevus
ordnung,,,seisund,,
ordoviitsium,,aeg,,,
Ordžonikidze,koht,,,,
ordu,koht,,,,
orduaeg,,aeg,,,
ordulinnus,koht,,,,
orduloss,koht,,,,
Oregon,koht,,,,
Orehhovo-Zujevo,koht,,,,
oreliklass,koht,,,,
orelikontsert,,,,sündmus,ese_kunst
orelirõdu,koht,,,,
oreliväär,koht,,,,
Orenburg,koht,,,,
org,koht,,,,
organ,koht,,,,"abstr/konkr, ese_instru, in_elukutse, in_roll, kehaosa"
organisaator,koht,,,,in_roll
organisatsioon,koht,,,,"abstr/konkr, inimene"
organiseerija,koht,,,,in_roll
organiseerimatus,,,seisund,,
organiseeritus,,,seisund,,
orgasm,,,seisund,,
Orgemäe,koht,,,,
orgia,,,,sündmus,nähtus
Orgita,koht,,,,
orgkomitee,,,,sündmus,"inimene, in_roll"
Orgmetsa,koht,,,,
Orguse,koht,,,,
orhiit,,,seisund,,
orient,koht,,,,
orienteeritus,,,seisund,,
orienteerumisvõistlus,,,,sündmus,
orientiir,koht,,,,"abstr/konkr, esitus_kujutis"
orientuur,,,,sündmus,
Oriküla,koht,,,,
Orinoco,koht,,,,
Orinõmme,koht,,,,
Orissa,koht,,,,
Orissaare,koht,,,,
Orizaba,koht,,,,
orjaaeg,,aeg,,,
orjaahelad,,,seisund,,
orjaike,,,seisund,,
Orjaku,koht,,,,
orjakütked,,,seisund,,
orjapõli,,aeg,seisund,,
orjapõlv,,aeg,seisund,,
Orjarannik,koht,,,,
orjaöö,,aeg,,,
Orjol,koht,,,,
orjus,,,seisund,,nähtus
orkestra,koht,,,,
orkestriruum,koht,,,,
Orkney saared,koht,,,,
Orléans,koht,,,,
Ormsö,koht,,,,
ornitoloogiajaam,koht,,,,
ornitoos,,,seisund,,
ornung,,,seisund,,
Oro,koht,,,,
Oromia,koht,,,,
Orsk,koht,,,,
Orša,koht,,,,
ort,koht,,,,osa
ortoreksia,,,seisund,,
Ortuma,koht,,,,
Ortumäe,koht,,,,
Oru,koht,,,,
orujärv,koht,,,,
oruke,koht,,,,
orulamm,koht,,,,
oruliustik,koht,,,,nähtus_loodus
orund,koht,,,,
orunõlv,koht,,,,
orustik,koht,,,,
Orutaguse,koht,,,,
oruterrass,koht,,,,
oruveer,koht,,,,
orv,koht,,,,
orvand,koht,,,,esitus_kujutis
osadus,,,seisund,,
Ōsaka,koht,,,,
osakaal,,,seisund,,omadus_kval
osakond,koht,,,,
osalisriik,koht,,,,
osalisus,,,seisund,,
osaluskogu,koht,,,,in_roll
osaluskohvik,,,,sündmus,
osariik,koht,,,,
osastis,koht,,,,
osatähtsus,,,seisund,,omadus_kval
osatükk,koht,,,,
osavald,koht,,,,abstr
osavõistlus,,,,sündmus,
osavõtmatus,,,seisund,,"nähtus_psühh, tegevus_tegu"
osaühing,koht,,,,inimene
OSCE,koht,,,,
oseen,,,seisund,,
oseena,,,seisund,,
osk,koht,,,,
oskamatus,,,seisund,,
Oslo,koht,,,,
osm,koht,,,,
Osmani riik,koht,,,,
Osmanite riik,koht,,,,
osmik,koht,,,,
Osmussaar,koht,,,,
Osmussaare,koht,,,,
osonosfäär,koht,,,,
osooniauk,koht,,,,
osoonikiht,koht,,,,
osoonimürgitus,,,seisund,,
Osseetia,koht,,,,
Ossipenko,koht,,,,
ossuaarium,koht,,,,
Ossõpenko,koht,,,,
ost,koht,,,,"ese, tegevus_tegu"
ostalgia,,,seisund,,nähtus_psühh
osteoartroos,,,seisund,,
osteofüüt,,,seisund,,
osteokondriit,,,seisund,,
osteokondroos,,,seisund,,
osteomalaatsia,,,seisund,,
osteomüeliit,,,seisund,,
osteoom,,,seisund,,
osteopeenia,,,seisund,,
osteoporoos,,,seisund,,
osteosarkoom,,,seisund,,
osteoskleroos,,,seisund,,
ostiit,,,seisund,,
Ostjako-Vogulsk,koht,,,,
ostlemine,,,,sündmus,tegevus
Ostrava,koht,,,,
Ostrov,koht,,,,
Ostrova,koht,,,,
ostubuum,,,seisund,,nähtus
ostukeskus,koht,,,,
ostukorv,koht,,,,"abstr/konkr, ese_anum"
ostupaanika,,,seisund,,nähtus
ostupalavik,,,seisund,,nähtus
ostuparadiis,koht,,,,
osturalli,,,,sündmus,tegevus
ostureis,,,,sündmus,tegevus
osturetk,,,,sündmus,tegevus
ostusoov,,,seisund,,
ostusõltuvus,,,seisund,,
ostutalu,koht,,,,
ostutänav,koht,,,,
ostuöö,,,,sündmus,
Osula,koht,,,,
Oświęcim,koht,,,,
Oš,koht,,,,
Ozjorsk,koht,,,,
Otepää,koht,,,,
Otepää kõrgustik,koht,,,,
Oti,koht,,,,
otiit,,,seisund,,
Otiku,koht,,,,
Otiküla,koht,,,,
otoskleroos,,,seisund,,
Otradnoje,koht,,,,
ots,koht,,seisund,,"abstr, ese, ese_instru, kehaosa, tegevus, tegevus_tegu"
Otsa,koht,,,,
otsasein,koht,,,,
otsasõit,,,,sündmus,
otsatuba,koht,,,,
otsatus,koht,,seisund,,
otse,,,seisund,,"ADV_aste, ADV_modaalsus, ADV_seisund, ADV_viis"
otsesed valimised,,,,sündmus,
otseside,,,seisund,,
otsestuudio,koht,,,,
otsetee,koht,,,,tegevus_tegu
otsiskelu,,,seisund,,tegevus
Otslava,koht,,,,
otsmikupiirkond,koht,,,,
otspaja,koht,,,,
otspind,koht,,,,
otspunkt,koht,,,,
Otste,koht,,,,
otsustamatus,,,seisund,,
Ottawa,koht,,,,
Ottomani impeerium,koht,,,,
Ouagadougou,koht,,,,
Ouarzazate,koht,,,,
Oubangui,koht,,,,
Oudova,koht,,,,
Oulu,koht,,,,
outlet,koht,,,,"tegevus, tegevus_tegu"
Outokumpu,koht,,,,
ovaal,koht,,,,esitus_kujutis
ovaalmulk,koht,,,,
ovaalsaal,koht,,,,
Overijssel,koht,,,,
Oviedo,koht,,,,
ovoo,koht,,,,
ovraag,koht,,,,
OÜ,koht,,,,inimene
Oxford,koht,,,,
Oxfordshire,koht,,,,
Oyashio,koht,,,,
P,,aeg,,,"esitus, esitus_keel_täht, esitus_mõõt, materjal/aine"
p,,aeg,,,"ADV_viis, ese_semio, esitus, esitus_keel_täht, esitus_mõõt"
pa,,aeg,,,
paa,koht,,,,tegevus_tegu
Paabel,koht,,,,
paabel,,,seisund,,
Paabeli torn,koht,,,,
Paabeli vangipõlv,,,seisund,,
Paaburissa,koht,,,,
Paadenurme,koht,,,,
paadikuur,koht,,,,
paadilaenutus,koht,,,,tegevus
paadimatk,,,,sündmus,
paadiralli,,,,sündmus,
paadisadam,koht,,,,
paadisild,koht,,,,
paaditekk,koht,,,,
Paadrema,koht,,,,
paadumus,,,seisund,,
Paaduotsa,koht,,,,
Paaksima,koht,,,,
Paalalinn,koht,,,,
Paali,koht,,,,
Paaltsuva,koht,,,,
paanikahoog,,,seisund,,nähtus_psühh
paanikahäire,,,seisund,,
paanikaosakond,,,seisund,,in_omadus
Paapua,koht,,,,
Paapua Uus-Guinea,koht,,,,
paargu,koht,,,,
paariariik,koht,,,,
paariheitmine,,,,sündmus,"tegevus_muutus, tegevus_tegu"
paariminek,,,,sündmus,tegevus_muutus
paarimisaeg,,aeg,,,nähtus_loodus
paaripanek,,,,sündmus,"abstr/konkr, tegevus_tegu"
paariselu,,,seisund,,
paarismaja,koht,,,,
paarismatus,,,,sündmus,objekt
paarisnädal,,aeg,,,
paaritumisaeg,,aeg,,,nähtus_loodus
paaritusaeg,,aeg,,,
paaritusiga,,aeg,,,
paarituskoda,koht,,,,
paarumistaru,koht,,,,
paasapäev,,aeg,,,
paasapüha,,aeg,,,
paasasöömaaeg,,,,sündmus,
paasaöö,,aeg,,,
Paasi,koht,,,,
Paasiku,koht,,,,
Paasküla,koht,,,,
paaspõrand,koht,,,,
paast,,,seisund,,
Paaste,koht,,,,
paastuaeg,,aeg,,,
paastukatkestuspüha,,aeg,,,
paastukuu,,aeg,,,
paastukuur,,,seisund,,
paastulaager,,,,sündmus,
paastumaarjapäev,,aeg,,,
paastumine,,,seisund,,
paastunädal,,aeg,,,
paastupäev,,aeg,,,
paasturavi,,,seisund,,
Paasvere,koht,,,,
Paate,koht,,,,
paatelamu,koht,,,,
paatmaja,koht,,,,
Paatna,koht,,,,
Paatsa,koht,,,,
Paatsalu,koht,,,,
paavlipäev,,aeg,,,
Paavstiriik,koht,,,,
paavstiriik,koht,,,,
paberivabrik,koht,,,,
paberiveski,koht,,,,
pabin,,,seisund,,
Pada,koht,,,,
Pada-Aruküla,koht,,,,
Padakõrve,koht,,,,
Padaküla,koht,,,,
Padari,koht,,,,
Padise,koht,,,,
Padova,koht,,,,
padrik,koht,,,,"abstr/konkr, taim"
padrunipesa,koht,,,,ese_instru
Padu,koht,,,,
padu,koht,,,,"kogus, nähtus_loodus"
padumeri,koht,,,,
padur,koht,,,,
padurand,koht,,,,
Paduvere,koht,,,,
Pae,koht,,,,
paeala,koht,,,,
paeastang,koht,,,,
Paeboja,koht,,,,
paeehitis,koht,,,,
paekallas,koht,,,,
paekarjäär,koht,,,,
Paekna,koht,,,,
paekõrgendik,koht,,,,
Paeküla,koht,,,,
Paelama,koht,,,,
paelava,koht,,,,
paeluss,,,seisund,,organism
paelusstõbi,,,seisund,,
paemurd,koht,,,,
Paenase,koht,,,,
Paenasti,koht,,,,
paepaljand,koht,,,,
paepealne,koht,,,,omadus_koht
paeplatoo,koht,,,,
paepragu,koht,,,,
paepõrand,koht,,,,
paesein,koht,,,,
paetasandik,koht,,,,
Paevere,koht,,,,
Paevälja,koht,,,,
Paflagoonia,koht,,,,
Paganamaa,koht,,,,
pagar,koht,,,,in_elukutse
Pagari,koht,,,,
pagarikoda,koht,,,,
pagaripood,koht,,,,
pagaritsehh,koht,,,,
pagaritöökoda,koht,,,,
pagariäri,koht,,,,
Pagasi,koht,,,,
pagasiait,koht,,,,
pagasiruum,koht,,,,ese_instru
pagasnik,koht,,,,ese_instru
pagass,koht,,,,ese_instru
pagendus,,,seisund,,
pagood,koht,,,,
Pago Pago,koht,,,,
pagu,koht,,,,"materjal/aine, tegevus_tegu"
pagulasaastad,,aeg,,,
pagulaselu,,,seisund,,
pagulaslaager,koht,,,,
pagulaspõlv,,aeg,seisund,,
pagulasvalitsus,koht,,,,
pagulus,,,seisund,,"nähtus, tegevus"
pahandus,,,seisund,,"abstr/konkr_omadus, nähtus, tegevus_tegu"
Pahapilli,koht,,,,
pahausksus,,,seisund,,
Pahavalla,koht,,,,
pahempoolsus,,,seisund,,omadus_kval
pahemus,,,seisund,,
pahk,,,seisund,,"ese_kunst, konkr"
Pahkla,koht,,,,
Pahtpää,koht,,,,
pahurus,,,seisund,,
Pahuvere,koht,,,,
Paide,koht,,,,
Paidra,koht,,,,
paigake,koht,,,,
paigakene,koht,,,,
paigalmarss,,,seisund,,tegevus_tegu
paigalolek,,,seisund,,
paigalpüsimine,,,seisund,,
paigalseis,,,seisund,,
paigalseismine,,,seisund,,
paige,koht,,,,
paigustaud,,,seisund,,
paigutus,,,seisund,,abstr/konkr
paik,koht,,,,"ese_riie, ese_semio"
paikapidav,,,seisund,,
paikkino,koht,,,,
paikkond,koht,,,,
Paikna,koht,,,,
paiku,,aeg,,,
Paikuse,koht,,,,
Paiküla,koht,,,,
Paimala,koht,,,,
Paimvere,koht,,,,
paine,koht,,seisund,,"nähtus_füüs, nähtus_psühh, tegevus"
Painküla,koht,,,,
pais,koht,,seisund,,"nähtus, nähtus_loodus"
paisatus,,,seisund,,
paise,,,seisund,,nähtus
paisjärv,koht,,,,
Paisley,koht,,,,
paistetus,,,seisund,,
Paistu,koht,,,,
Paisumaa,koht,,,,
paisusilm,koht,,,,
paisutus,koht,,,,tegevus_tegu
paja,koht,,,,
pajaaken,koht,,,,
pajaauk,koht,,,,
Pajaka,koht,,,,
Paju,koht,,,,
Pajualuse,koht,,,,
pajuk,,,seisund,,"ese_raha, toit"
pajukil,,,seisund,,
Paju-Kurdla,koht,,,,
Pajukurmu,koht,,,,
Pajumaa,koht,,,,
Pajumõisa,koht,,,,
Pajupea,koht,,,,
Pajusi,koht,,,,
Pajusti,koht,,,,
pajustik,koht,,,,taim
Pajuveski,koht,,,,
pakasepäev,,aeg,,,
Pakasjärv,koht,,,,
Pakaste,koht,,,,
pakatis,,,seisund,,
pakendiringlus,,,seisund,,
pakettreis,,,,sündmus,tegevus
pakihoid,koht,,,,
pakihoiuruum,koht,,,,
pakiruum,koht,,,,ese_instru
Pakistan,koht,,,,
pakitsus,,,seisund,,nähtus_psühh
pakktaru,koht,,,,ese_instru
pakktuba,koht,,,,
pakku,,,seisund,,
pakkuja,koht,,,,in_tegija
Paklova,koht,,,,
Pakri,koht,,,,
Pakri neem,koht,,,,
Pakri poolsaar,koht,,,,
Pakri saared,koht,,,,
Paks Margareeta,koht,,,,
Pala,koht,,,,
pala,,,,sündmus,"ese_kunst, osa, toit"
Palade,koht,,,,
palagan,koht,,,sündmus,abstr/konkr
Palamulla,koht,,,,
Palamuse,koht,,,,
Palamuste,koht,,,,
Palana,koht,,,,
Palandõ,koht,,,,
palang,,,,sündmus,"nähtus_psühh, tegevus_tegu"
Palanga,koht,,,,
Palanumäe,koht,,,,
Palase,koht,,,,
Palasi,koht,,,,
palat,koht,,,,
palatso,koht,,,,
Palatu,koht,,,,
Palau,koht,,,,
palavik,,,seisund,,"nähtus_loodus, omadus_psühh"
palavikuhaigus,,,seisund,,
palavikuhoog,,,seisund,,
palavikukramp,,,seisund,,
palavikuvärin,,,seisund,,
palavvöö,koht,,,,
palavvööde,koht,,,,
Paldiski,koht,,,,
palee,koht,,,,
paleepööre,,,,sündmus,
paleerevolutsioon,,,,sündmus,
palendsein,koht,,,,
paleogeen,,aeg,,,
paleoliitikum,,aeg,,,
paleosoikum,,aeg,,,
paleotseen,,aeg,,,
Palermo,koht,,,,
Palestiina,koht,,,,
palestik,koht,,,,
palestra,koht,,,,
palgaarmee,koht,,,,inimene
palgakõnelused,,,,sündmus,
palgal,,,seisund,,
palgale,,,seisund,,
palgalõhe,,,seisund,,
palgalõks,,,seisund,,
palgaläbirääkimised,,,,sündmus,
palgamaa,koht,,,,
palgaorjus,,,seisund,,
palgapäev,,aeg,,,
palgasoov,,,seisund,,
palgasõjavägi,koht,,,,inimene
palgavaesus,,,seisund,,
palgavõrdsus,,,seisund,,
palgavägi,koht,,,,inimene
palgikord,koht,,,,
palgimets,koht,,,,
Palikir,koht,,,,
palissaad,koht,,,,
Palivere,koht,,,,
paljak,koht,,,,
paljand,koht,,,,
paljandik,koht,,,,
paljas kui püksinööp,,,seisund,,
Paljasmaa,koht,,,,
paljaspeasus,,,seisund,,
paljaspäisus,,,seisund,,
Paljassaar,koht,,,,
Paljassaare,koht,,,,
Paljassaare poolsaar,koht,,,,
paljastu,koht,,,,
"palju kisa, vähe villa",,,seisund,,
paljundus,koht,,,,"ese_semio, tegevus, tegevus_tegu"
paljundusistandik,koht,,,,
paljunduspeenar,koht,,,,
paljus,,,seisund,,omadus
paljusus,,,seisund,,omadus
palklagi,koht,,,,
palkmaja,koht,,,,
palkon,koht,,,,
palkonn,koht,,,,
palksein,koht,,,,
Pallasmaa,koht,,,,
Palli,koht,,,,
Pallika,koht,,,,
pallikaotus,,,,sündmus,
pallimeri,koht,,,,
pallimuru,koht,,,,taim
pallinguala,koht,,,,
pallingujoon,koht,,,,
palliplats,koht,,,,
pallivahetus,,,seisund,,
palliväljak,koht,,,,
Palma,koht,,,,
palmi all,koht,,,,
palmi alla,koht,,,,
palmihoone,koht,,,,
palmimaja,koht,,,,
palmipuudepüha,,aeg,,,
Palmse,koht,,,,
Palo,koht,,,,
Palometsa,koht,,,,
Palomõisa,koht,,,,
Paloveere,koht,,,,
palu,koht,,,,
Palujüri,koht,,,,
Paluküla,koht,,,,
palumets,koht,,,,taim
Palumäe,koht,,,,
palumännik,koht,,,,taim
Paluoja,koht,,,,
Palupera,koht,,,,
Palupere,koht,,,,
Palupõhja,koht,,,,
Palutaja,koht,,,,
palvekoda,koht,,,,
palvekoosolek,,,,sündmus,
palvela,koht,,,,
palvemaja,koht,,,,
palvepäev,,aeg,,,
Palvere,koht,,,,
palveruum,koht,,,,
palvesaal,koht,,,,
palveteenistus,,,,sündmus,
palvetuba,koht,,,,
palvetund,,,,sündmus,
palvus,,,,sündmus,
palvushommikusöök,,,,sündmus,
Pamfüülia,koht,,,,
Pamiir,koht,,,,
Pamma,koht,,,,
Pammana,koht,,,,
Pampa,koht,,,,
pampa,koht,,,,
Pamplona,koht,,,,
Panaji,koht,,,,
Panama,koht,,,,
Panamá,koht,,,,
Panama kanal,koht,,,,
panariitsium,,,seisund,,
pandeemia,,,seisund,,
pandimaja,koht,,,,
pandimõis,koht,,,,
Pandivere,koht,,,,
Pandivere kõrgustik,koht,,,,
Pandžab,koht,,,,
paneel,,,,sündmus,"ese_instru, materjal/aine"
paneeldiskussioon,,,,sündmus,
paneelelamu,koht,,,,
paneelikas,koht,,,,
paneelkarp,koht,,,,
paneelmaja,koht,,,,
Panevėžys,koht,,,,
Panfilovi,koht,,,,
Panga,koht,,,,
pangahoone,koht,,,,
pangainspektsioon,koht,,,,
pangakontor,koht,,,,
pangakrahh,,,,sündmus,
pangamaja,koht,,,,
pangaorjus,,,seisund,,
pangapäev,,aeg,,,
pangas,koht,,,,"materjal/aine, objekt_loodus"
pangasmäestik,koht,,,,
Pangodi,koht,,,,
panihhiida,,,,sündmus,
panila,koht,,,,
panipaik,koht,,,,
pank,koht,,,,"ese_raha, materjal/aine"
Pankjavitsa,koht,,,,
pankrannik,koht,,,,
pankreatiit,,,seisund,,
pankrot,,,seisund,sündmus,nähtus_psühh
panleukopeenia,,,seisund,,
pannkookla,koht,,,,
Pannoonia,koht,,,,
panoftalmiit,,,seisund,,
panoptikum,koht,,,,"abstr/konkr, ese"
pansion,koht,,,,abstr/konkr
pansionaat,koht,,,,
pansootia,,,seisund,,
panteon,koht,,,,"in_müt, in_roll"
pantomiimiteater,koht,,,,
pantvangidraama,,,,sündmus,
pantvangikriis,,,,sündmus,
pantvangistus,,,seisund,,
paopaik,koht,,,,abstr
Paope,koht,,,,
paos,,,seisund,,
papagoilaskmine,,,,sündmus,
Papeete,koht,,,,
Papiaru,koht,,,,
Papilaht,koht,,,,
Papilaid,koht,,,,
papilloom,,,seisund,,
Papiniidu,koht,,,,
Papisilla,koht,,,,
pappkatus,koht,,,,
Papsaare,koht,,,,
papüürussammas,koht,,,,
paraad,,,,sündmus,abstr/konkr_omadus
paraadna,koht,,,,ese_instru
paraadtrepp,koht,,,,
Paraceli saared,koht,,,,
paradiis,koht,,seisund,,
paradiisiaed,koht,,seisund,,
paradiisisaar,koht,,,,
paradoksaalne uni,,,seisund,,
parafimoos,,,seisund,,
paragripp,,,seisund,,
Paraguai,koht,,,,
Paraguay,koht,,,,
parajus,,,seisund,,
Paralepa,koht,,,,
paralleel,koht,,,,"abstr, abstr_asend/suund, esitus_kujutis, nähtus_füüs, tegevus, tegevus_tegu"
paralleelklass,koht,,,,
paralleeltänav,koht,,,,
paralümpia,,,,sündmus,
paralümpiamängud,,,,sündmus,
paralüüs,,,seisund,,
Paramaribo,koht,,,,
parametriit,,,seisund,,
Paraná,koht,,,,
parandus,koht,,,,"ese_semio, tegevus_tegu"
parandusmaja,koht,,,,
paranefriit,,,seisund,,
paranoia,,,seisund,,
paraolümpia,,,,sündmus,
paraolümpiamängud,,,,sündmus,
Parapalu,koht,,,,
parapett,koht,,,,
parapleegia,,,seisund,,
parasiithaigus,,,seisund,,
parasiitkraater,koht,,,,
parasitaarhaigus,,,seisund,,
parasitoos,,,seisund,,
Parasmaa,koht,,,,
Parasmetsa,koht,,,,
Parasmäe,koht,,,,
parasomnia,,,seisund,,
parasvöö,koht,,,,
parasvööde,koht,,,,
paratüüfus,,,seisund,,
pardikõnnak,,,seisund,,
parditiik,koht,,,,
parees,,,seisund,,
paremad jahimaad,koht,,,,nähtus
paremkaitse,,,seisund,,"in_roll, tegevus"
paremkallas,koht,,,,
paremkurv,koht,,,,
parempoolsus,,,seisund,,omadus_kval
paremus,,,seisund,,abstr/konkr
paresteesia,,,seisund,,
pargend,,,seisund,,
pargipidu,,,,sündmus,
pargirada,koht,,,,
Pargitaguse,koht,,,,
Pari,koht,,,,
Pariis,koht,,,,
Pariisi,koht,,,,
Pariisi kommuun,koht,,,,
Parika,koht,,,,
Parila,koht,,,,
Parisselja,koht,,,,
pariteet,,,seisund,,abstr
pariteetsus,,,seisund,,abstr
Parivere,koht,,,,
park,koht,,,,"ese_instru, materjal/aine, omadus, omadus_kval, tegevus, vald, VERB_muutust põhjustama, VERB_seisund"
parkalitöökoda,koht,,,,
Parkanova,koht,,,,
parkettpõrand,koht,,,,
parkimine,,,seisund,,tegevus
parkimiskorraldaja,koht,,,,in_elukutse
parkimismaja,koht,,,,
parkimisplats,koht,,,,
parkimistasku,koht,,,,
parkimistöökoda,koht,,,,
parkinsonism,,,seisund,,
Parkinsoni tõbi,,,seisund,,
parkla,koht,,,,
parkmaastik,koht,,,,
parkmets,koht,,,,
parkmik,koht,,,,
Parksepa,koht,,,,
Parksi,koht,,,,
parkuur,koht,,,,"tegevus_tegu, vald"
parkuuriväljak,koht,,,,
parlamendivalimised,,,,sündmus,
parlament,koht,,,,
parlanks,,,seisund,,
parlatoorium,koht,,,,
Parma,koht,,,,
Parmu,koht,,,,
Parmupalu,koht,,,,
Parnassós,koht,,,,
parodontiit,,,seisund,,
parodontoos,,,seisund,,
parosmia,,,seisund,,nähtus_loodus
parotiit,,,seisund,,
pars,koht,,,,in_rahvas
parteikontor,koht,,,,in_elukutse
parter,koht,,seisund,,
parterasend,,,seisund,,
Partia,koht,,,,
partla,koht,,,,
partnerettevõte,koht,,,,
partneriaad,,,,sündmus,
partnerkool,koht,,,,
partnerlinn,koht,,,,
partnerlus,,,seisund,,
partnerorganisatsioon,koht,,,,
partnerriik,koht,,,,
partokraatia,,,seisund,,abstr/konkr
Partsaare,koht,,,,
partsell,koht,,,,
partselltalund,koht,,,,
Partsi,koht,,,,
parvematk,,,,sündmus,
parvesaun,koht,,,,
parvetuskanal,koht,,,,
parvetusrenn,koht,,,,
parvsaun,koht,,,,
Pas de Calais,koht,,,,
Pasilaid,koht,,,,
Pasja,koht,,,,
Pasklep,koht,,,,
Paslepa,koht,,,,
passaaž,koht,,,,"abstr/konkr, esitus, tegevus, tegevus_tegu"
Passi,koht,,,,
passiivmaja,koht,,,,
passiivne suitsetamine,,,seisund,,
passijaoskond,koht,,,,
passikontroll,koht,,,,tegevus_tegu
passilaud,koht,,,,
Pastaku,koht,,,,
Pasti,koht,,,,
pastoraalseminar,koht,,,,
pastoraat,koht,,,,
pastorimaja,koht,,,,
Pasvalys,koht,,,,
pašalõk,koht,,,,
Patagoonia,koht,,,,
pataljon,koht,,,,
patarei,koht,,,,"ese_instru, konkr, materjal/aine"
Patarei vangla,koht,,,,
Pataste,koht,,,,
patendiamet,koht,,,,
Patika,koht,,,,
patiseis,,,seisund,,
Patjala,koht,,,,
Patkuli tiik,koht,,,,
Patküla,koht,,,,
Patna,koht,,,,
patoloogia,,,seisund,,vald
Pátra,koht,,,,
patronaaž,,,seisund,,"tegevus, vald"
patronaat,,,seisund,,abstr
patrullteenistus,koht,,,,
patsis,,,seisund,,
patt,,,seisund,,abstr/konkr
Pattaya,koht,,,,
Pattina,koht,,,,
pattulangemine,,,,sündmus,
patupesa,koht,,,,
patusus,,,seisund,,
patusüü,,,seisund,,
patuurgas,koht,,,,
Pauastvere,koht,,,,
Pauliku,koht,,,,
Paunaste,koht,,,,
Paunküla,koht,,,,
paus,,aeg,seisund,,
Pausakunnu,koht,,,,
paviljon,koht,,,,
Pavlodar,koht,,,,
Pays de la Loire,koht,,,,
pea,,,seisund,,"ADV_aeg, ADV_aste, ese, ese_instru, esitus_keel_suhtlus, inimene, in_roll, kehaosa, loom, nähtus, nähtus_psühh, objekt, omadus_kval, taim, toit_vili"
peaahelik,koht,,,,
peaajuinfarkt,,,seisund,,
peaajukasvaja,,,seisund,,
peaajupõletik,,,seisund,,
peaajupõrutus,,,seisund,,
peaajutus,,,seisund,,
peaajuvapustus,,,seisund,,
peaaltar,koht,,,,ese_instru
peaassamblee,koht,,,sündmus,
peafassaad,koht,,,,
peagi,,aeg,,,ADV_aeg
peahaav,,,seisund,,
peahoone,koht,,,,
peajõgi,koht,,,,
peakeskus,koht,,,,
peakirik,koht,,,,
peakonsulaat,koht,,,,
peakontor,koht,,,,
peakoosolek,,,,sündmus,
peakorpus,koht,,,,
peakorter,koht,,,,
peakraater,koht,,,,
peakraav,koht,,,,
peaksi,koht,,,,
peale,,aeg,,,"abstr_asend/suund, ADV_koht, ADV_modaalsus, ADV_seisund, ADV_viis"
pealeehitis,koht,,,,
pealeehitus,koht,,,,
pealegi,,aeg,,,"ADV_modaalsus, ADV_viis"
pealelõuna,,aeg,,,
pealeminek,,,,sündmus,tegevus_tegu
pealenihe,koht,,,,
pealepoole,koht,,,,abstr
pealesõidutee,koht,,,,ese_instru
pealesõit,koht,,,,tegevus_tegu
pealetung,,,,sündmus,"nähtus_loodus, nähtus_psühh"
pealetungilahing,,,,sündmus,
pealinn,koht,,,,
pealinnus,koht,,,,
pealisehitis,koht,,,,
pealisehitus,koht,,,,abstr/konkr
pealpool,koht,,,,abstr
pealthoie,,,seisund,,
pealtpoolt,koht,,,,
Pealuu,koht,,,,
pealööv,koht,,,,
peamaja,koht,,,,
peamõis,koht,,,,
Peanse,koht,,,,
Peantse,koht,,,,
pea on pulki täis,,,seisund,,
peaorg,koht,,,,
peaots,koht,,,,
peapostkontor,koht,,,,
peaproov,,,,sündmus,
peapõrutus,,,seisund,,
peapööritus,,,seisund,,
pearaharahutused,,,,sündmus,
pearinglus,,,seisund,,
Pearl Harbor,koht,,,,
peas,,,seisund,,nähtus_psühh
peasaal,koht,,,,
peasaar,koht,,,,
peasissekäik,koht,,,,
peast,,,seisund,,nähtus_psühh
peastaap,koht,,,,
peastrekk,koht,,,,
peašaht,koht,,,,
peata kana,,,seisund,,
peataolek,,,seisund,,
peatee,koht,,,,
peatekk,koht,,,,
peatoimetus,koht,,,,
peatrepp,koht,,,,
peats,koht,,,,
Peatskivi,koht,,,,
peatus,koht,,seisund,,tegevus_tegu
peatusevahe,koht,,,,
peatuskoht,koht,,,,
peatuspaik,koht,,,,
peatuspunkt,koht,,,,
peatänav,koht,,,,
peatööettevõtja,koht,,,,
peatöövõtja,koht,,,,
peavaht,koht,,,,
peavaksal,koht,,,,
peavalitsus,koht,,,,
peavari,koht,,,,
peaväljak,koht,,,,
Pécs,koht,,,,
peda,koht,,,,
pedagoogikainstituut,koht,,,,
pedagoogikaülikool,koht,,,,
pedagoogium,koht,,,,
Pedajamäe,koht,,,,
Pedase,koht,,,,
Pedaspea,koht,,,,
Pedaspää,koht,,,,
Pedassaar,koht,,,,
Pedassaare,koht,,,,
Pedaste,koht,,,,
Pedejä,koht,,,,
Pedeli jõgi,koht,,,,
Pedetsi jõgi,koht,,,,
pedikuloos,,,seisund,,
Pedja,koht,,,,
Pedja jõgi,koht,,,,
Peebu,koht,,,,
Peederga,koht,,,,
Peedo,koht,,,,
Peedu,koht,,,,
peegellabürint,koht,,,,
peegelpind,koht,,,,
peegelsein,koht,,,,
peeglisaal,koht,,,,
peenar,koht,,,,
peenike peos,,,seisund,,
peenike pihus,,,seisund,,
peenis,koht,,,,kehaosa
peenralapp,koht,,,,
peenramaa,koht,,,,
peenravahe,koht,,,,
peensoolepõletik,,,seisund,,
Peeri,koht,,,,
Peerni,koht,,,,
peesitama,,,seisund,,
peet,koht,,,,"taim, toit_jook, toit_vili"
Peetel,koht,,,,
Peeterristi,koht,,,,
peetis,,,seisund,,
Peetri,koht,,,,
Peetri jõgi,koht,,,,
Peetrimõisa,koht,,,,
peetripäev,,aeg,,,
peetud,,,seisund,,
peetumine,,,seisund,,
peetunud rasedus,,,seisund,,
peetus,,,seisund,,
Pehka,koht,,,,
pehme keelega,,,seisund,,
pehmemädanik,,,seisund,,
pehmumus,,,seisund,,
peidik,koht,,,,
peidukas,koht,,,,
peidukoht,koht,,,,
peidupaik,koht,,,,
peiduurgas,koht,,,,
peied,,,,sündmus,
Peipsi,koht,,,,
Peipsi järv,koht,,,,
Peipsiveer,koht,,,,
Peipsiääre,koht,,,,
peisaaž,koht,,,,"ese_kunst, nähtus_loodus, vald"
peiteaeg,,aeg,seisund,,
peiteperiood,,aeg,seisund,,
peitmunand,,,seisund,,
peitmunandilisus,,,seisund,,
peitveri,,,seisund,,materjal/aine
peiupõlv,,aeg,,,
Peking,koht,,,,
pekki,,,seisund,,esitus_keel_suhtlus
pekkis,,,seisund,,esitus_keel_suhtlus
pelagiaal,koht,,,,
peldik,koht,,,,
pelg,,,seisund,,
Pelgulinn,koht,,,,
pelgupaik,koht,,,,abstr
Pelgurand,koht,,,,
Pelguranna,koht,,,,
peljupaik,koht,,,,abstr
pellagra,,,seisund,,
peller,koht,,,,
Peloponnesos,koht,,,,
Pelsi,koht,,,,
pemfigus,,,seisund,,
Penang,koht,,,,
peneplaan,koht,,,,
Penijõe,koht,,,,
Peningi,koht,,,,
Peninsaari,koht,,,,
penn,koht,,,,"ese_instru, ese_raha"
Penniinid,koht,,,,
Penniini mäed,koht,,,,
Pennsylvania,koht,,,,
pension,,,seisund,,ese_raha
pensionipõli,,aeg,seisund,,
pensionipõlv,,aeg,seisund,,
pensionipäev,,aeg,,,
pensionipäevad,,aeg,seisund,,
pensionäripõli,,aeg,seisund,,
pensionäripõlv,,aeg,seisund,,
penss,,,seisund,,ese_raha
Penza,koht,,,,
Pentagon,koht,,,,
penthouse,koht,,,,
Penu,koht,,,,
Penuja,koht,,,,
peomaja,koht,,,,
peomöll,,,,sündmus,
peoplats,koht,,,,
peopäev,,aeg,,,
peosaal,koht,,,,
peotelk,koht,,,,
peoõhtu,,,,sündmus,
Peraküla,koht,,,,
Perametsa,koht,,,,
perbüroo,koht,,,,
Perdaku,koht,,,,
pere,koht,,,,"esitus, grupp, inimene, in_omadus, konkr, loom"
Perea,koht,,,,
perearstikeskus,koht,,,,
pereelamu,koht,,,,
pereettevõte,koht,,,,
perefarm,koht,,,,
perefirma,koht,,,,
pereheitmine,,,,sündmus,nähtus_loodus
perekamber,koht,,,,
perekonnadraama,,,,sündmus,"ese_kunst, nähtus_psühh"
perekonnafarm,koht,,,,
perekonnakabel,koht,,,,
perekonnakalmistu,koht,,,,
perekonnanõuandla,koht,,,,
perekonnanõukogu,,,,sündmus,
perekonnapidu,,,,sündmus,
perekonnaseis,,,seisund,,
perekonnaseisuamet,koht,,,,
perekonnaseisubüroo,koht,,,,
perekonnatüli,,,,sündmus,
perekonnaõhtu,,,,sündmus,
perekonstellatsioon,,,seisund,,"abstr/konkr, tegevus"
perekool,koht,,,,
Pereküla,koht,,,,
peremaja,koht,,,,
peremeheohjad,,,seisund,,
perenaiseohjad,,,seisund,,
perenõuandla,koht,,,,
perepalat,koht,,,,
perepuhkus,,,,sündmus,
pererestoran,koht,,,,
Peresi,koht,,,,
pereside,,,seisund,,tegevus
Peresniga,koht,,,,
Peressaare,koht,,,,
pereteraapia,,,,sündmus,tegevus
peretuba,koht,,,,
Perevolok,koht,,,,
perfokas,,,,sündmus,ese_kunst
perforatsioon,,,seisund,,
performance,,,,sündmus,"ese_kunst, tegevus, tegevus_mäng, vald"
pergola,koht,,,,
Peri,koht,,,,
periartriit,,,seisund,,
perifeeria,koht,,,,abstr
perigee,koht,,,,
periheel,koht,,,,
perikardiit,,,seisund,,
Perila,koht,,,,
periodontiit,,,seisund,,
periood,,aeg,,,"abstr, ese_semio"
periostiit,,,seisund,,
peripeetia,,,,sündmus,nähtus
peripteer,koht,,,,
peristüül,koht,,,,
peritoniit,,,seisund,,
Perjatsi,koht,,,,
Perm,koht,,,,
perm,,aeg,,,
permaaed,koht,,,,
permakultuuriaed,koht,,,,
Permikomi,koht,,,,
Permisküla,koht,,,,
Perosoontsa,koht,,,,
perroon,koht,,,,
Persåker,koht,,,,
perselohk,koht,,,,
personaalnäitus,,,,sündmus,
personaaltreening,,,,sündmus,tegevus
personaaltrenn,,,,sündmus,tegevus
personaalunioon,koht,,,,
personaliosakond,koht,,,,
perspektiiv,,aeg,,,"abstr, abstr/konkr, esitus_kujutis"
perspektiivportaal,koht,,,,
Perth,koht,,,,
Peruu,koht,,,,
perv,koht,,,,
pervepealne,koht,,,,omadus_koht
Pervouralsk,koht,,,,
Peräpohjola,koht,,,,
Perätammistu,koht,,,,
pesa,koht,,seisund,,"ese_instru, nähtus_loodus, objekt, objekt_loodus"
pesaase,koht,,,,
pesaauk,koht,,,,
pesakamber,koht,,,,
pesake,koht,,,,
pesakene,koht,,,,
pesakoht,koht,,,,
pesalohk,koht,,,,
pesapaik,koht,,,,
pesaruum,koht,,,,
pesaõõnsus,koht,,,,
pesaõõs,koht,,,,
pesematus,,,seisund,,
pesitsusaeg,,aeg,,,
pesitsusala,koht,,,,
pesitsuskoht,koht,,,,
pesitsuspaik,koht,,,,
pesitsusperiood,,aeg,,,
pesitsusrahu,,aeg,,,
pesitsusterritoorium,koht,,,,
pessimum,,,seisund,,
pesukoda,koht,,,,
pesuköök,koht,,,,
pesula,koht,,,,
pesuladu,koht,,,,
pesumaja,koht,,,,
pesupäev,,aeg,,,
pesuruum,koht,,,,
pesutänav,koht,,,,
Petaaluse,koht,,,,
petehhia,,,seisund,,
Peterborough,koht,,,,
Peterburi,koht,,,,
Peterhof,koht,,,,
petetus,,,seisund,,
petik,koht,,,,esitus_kujutis
petikaken,koht,,,,
petikarkaad,koht,,,,
petikkaaristu,koht,,,,
petiknišš,koht,,,,esitus_kujutis
petikuks,koht,,,,
Petlemm,koht,,,,
petlikkus,,,seisund,,omadus_psühh
Petrakuudi,koht,,,,
Petrodvorets,koht,,,,
Petrograd,koht,,,,
Petrokrepost,koht,,,,
Petropavl,koht,,,,
Petropavlovsk-Kamtšatski,koht,,,,
Petroskoi,koht,,,,
Petrozavodsk,koht,,,,
Petrovsk,koht,,,,
Petseri,koht,,,,
Petserimaa,koht,,,,
Petseri maakond,koht,,,,
Petska,koht,,,,
Petšenga,koht,,,,
Petšora,koht,,,,
Petšorõ,koht,,,,
petturi sündroom,,,seisund,,nähtus_psühh
Pfalz,koht,,,,
Philadelphia,koht,,,,
Philipsburg,koht,,,,
Phjongjang,koht,,,,
Phnom Penh,koht,,,,
Phoenix,koht,,,,taim
Phokis,koht,,,,
Phothi,koht,,,,
Phuket,koht,,,,
Phönjan,koht,,,,
Pibari,koht,,,,
Picardie,koht,,,,
pidal,koht,,seisund,,
pidalitõbi,,,seisund,,
pidalitõbila,koht,,,,
pidamatus,,,seisund,,
pidamine,,,seisund,,"abstr, materjal/aine, omadus, tegevus"
pidamisala,koht,,,,
pide,koht,,,,"abstr, ese_instru, kogus"
pidepunkt,koht,,,,abstr
pidevusetus,,,seisund,,omadus_abstr
pidi,koht,,,,abstr
pidžaamapidu,,,,sündmus,
pidu,,,,sündmus,
pidu ja pillerkaar,,,seisund,,
Pidula,koht,,,,
Pidula-Kuusiku,koht,,,,
pidumaja,koht,,,,
pidu meie tänaval,,,seisund,,
pidune,,,seisund,,"omadus, omadus_kval"
pidupäev,,aeg,,,
pidurdatus,,,seisund,,
pidurdus,,,seisund,,"tegevus, tegevus_tegu"
pidurdusmaa,koht,,,,
pidurdusseisund,,,seisund,,
pidurdustee,koht,,,,
pidurdusteekond,koht,,,,
pidurefektoorium,koht,,,,
pidurüü,,,seisund,,ese_riie
pidusaal,koht,,,,
pidustus,,,,sündmus,
pidusöök,,,,sündmus,toit
pidusööming,,,,sündmus,
piduõhtu,,,,sündmus,
Pieksämäki,koht,,,,
Pielinen,koht,,,,
Piemonte,koht,,,,
Pietarsaari,koht,,,,
pigatasandik,koht,,,,
pigilaiksus,,,seisund,,
piginukk,koht,,,,
pigis,,,seisund,,
pigisse,,,seisund,,
pigist,,,seisund,,
pigistustunne,,,seisund,,
pigmendilaik,koht,,,,
pigmentatsioon,,,seisund,,
pigmentatsioonihäire,,,seisund,,
pigmentkivi,,,seisund,,
Piha,koht,,,,
pihajoon,koht,,,,esitus_kujutis
pihakoht,koht,,,,esitus_kujutis
Pihali,koht,,,,
Pihke,koht,,,,
Pihkva,koht,,,,
Pihkva järv,koht,,,,
Pihla,koht,,,,
Pihlajavesi,koht,,,,
Pihlaspea,koht,,,,
Pihleni,koht,,,,
piht,,,,sündmus,"ese_instru, ese_riie, kehaosa, tegevus"
pihta,,aeg,,,abstr/konkr
pihtasaamine,,,,sündmus,
Pihtla,koht,,,,
Pihva,koht,,,,
Piibe,koht,,,,
piiblikonverents,,,,sündmus,
piibliselts,koht,,,,
piiblitund,,,,sündmus,
piiblivöö,koht,,,,
Piibumäe,koht,,,,
piibutund,,aeg,,,
Piigandi,koht,,,,
piigart,koht,,,,
Piigaste,koht,,,,
piigat,koht,,,,
piigivõitlus,,,,sündmus,tegevus
Piila,koht,,,,
Piilse,koht,,,,
Piilsi,koht,,,,
Piilu,koht,,,,
piiluauk,koht,,,,ese_instru
piimaallergia,,,seisund,,
piimabaar,koht,,,,
piimafarm,koht,,,,
piimajõed ja pudrumäed,,,seisund,,
piimakarjafarm,koht,,,,
piimakarjalaut,koht,,,,
piimakelder,koht,,,,
piimakoda,koht,,,,
piimaköök,koht,,,,
piimane,,,seisund,,omadus
piimanäärmepõletik,,,seisund,,
piimanäärmevähk,,,seisund,,
piimapais,,,seisund,,
piimaplekk,koht,,,,ese_instru
piimapood,koht,,,,
piimapunkt,koht,,,,
piimaraig,,,seisund,,
piimaruum,koht,,,,
piimasaal,koht,,,,
piimatalitus,koht,,,,
piimatööstus,koht,,,,vald
piimavunts,,,seisund,,"in_omadus, kehaosa, konkr_omadus"
piimaühistu,koht,,,,
piimküps,,,seisund,,
piimküpsus,,,seisund,,
piin,,,seisund,,"abstr/konkr, nähtus_füüs, nähtus_psühh"
piinakamber,koht,,,,
piinatus,,,seisund,,
piinlikkus,,,seisund,,"abstr/konkr, nähtus_psühh"
Piipsemäe,koht,,,,
piir,koht,,,,"abstr, esitus_kujutis"
Piira,koht,,,,
piiramisretk,,,,sündmus,
piiramisseisukord,,,seisund,,
piiranguvöönd,koht,,,,
piiratus,,,seisund,,omadus_psühh
piirdekonstruktsioon,koht,,,,ese_instru
piirdemüür,koht,,,,
piirdesööbija,,,seisund,,
piirdetarind,koht,,,,ese_instru
Piiri,koht,,,,
piiriala,koht,,,,abstr
piirialane isiksushäire,,,seisund,,
piirijaam,koht,,,,
piirijõgi,koht,,,,
piirikaitserügement,koht,,,,
piirikindlus,koht,,,,
piirikonflikt,,,,sündmus,tegevus
piirikontroll,koht,,,,tegevus_tegu
piirikraav,koht,,,,
piirilinn,koht,,,,
piirilähedane,koht,,,,omadus_kval
piirimaa,koht,,,,abstr_asend/suund
piiripeenar,koht,,,,
piiripolitsei,koht,,,,
piiripost,koht,,,,"ese_instru, inimene"
piiripunkt,koht,,,,
piiririba,koht,,,,
piiririik,koht,,,,
Piirissaar,koht,,,,
piiristunud,,,seisund,,
piiri taga,koht,,,,
piiri tagant,koht,,,,
piiri taha,koht,,,,
piiritletud,,,seisund,,
piiritletus,,,seisund,,
piiritsoon,koht,,,,
piiritus,,,seisund,,"materjal/aine, omadus"
piiritusevabrik,koht,,,,
piiritusvabrik,koht,,,,
piiritüli,,,seisund,,
piirivalve,koht,,,,in_elukutse
piirivalvekordon,koht,,,,
Piirivarbe,koht,,,,
piirivöönd,koht,,,,
piirjuht,,,,sündmus,nähtus
piirjuhtum,,,,sündmus,nähtus
piirkond,koht,,,,kehaosa
piirkonnakool,koht,,,,
piirpind,koht,,,,
Piirsalu,koht,,,,
piirsituatsioon,,,seisund,,
Piirumi,koht,,,,
piisamatus,,,seisund,,
piisavus,,,seisund,,
Piisi,koht,,,,
piiskinfektsioon,,,seisund,,
piisknakkus,,,seisund,,
piiskopikirik,koht,,,,
piiskopilinn,koht,,,,
piiskopilinnus,koht,,,,
piiskopiloss,koht,,,,
piiskopimõis,koht,,,,
piiskopitool,koht,,,,abstr
Piissoo,koht,,,,
Piistaoja,koht,,,,
Piisu,koht,,,,
Piisupi,koht,,,,
piit,koht,,,,ese_instru
Piiter,koht,,,,
Piitre jõgi,koht,,,,
Piiumetsa,koht,,,,
pika,,,seisund,,
Pikajärve,koht,,,,
Pikakannu,koht,,,,
Pikaküla,koht,,,,
Pikaliiva,koht,,,,
pikapäevakool,koht,,,,
Pikardia,koht,,,,
Pikareinu,koht,,,,
Pikaristi,koht,,,,
Pikasilla,koht,,,,
Pikati,koht,,,,
Pikavere,koht,,,,
pikee,,,seisund,,"materjal/aine, tegevus_tegu"
pikeering,,,seisund,,tegevus_tegu
pikendus,,aeg,,,konkr
pikett,koht,,,sündmus,"ese_instru, grupp, in_roll, in_tegija, tegevus_mäng"
Pikevere,koht,,,,
piki,koht,,,,"abstr, omadus_füüs, omadus_kval"
pikihoone,koht,,,,
pikilõhe,koht,,,,
pikilööv,koht,,,,
pikiorg,koht,,,,
pikipragu,koht,,,,
pikisein,koht,,,,osa
pikivagu,koht,,,,
pikivahe,koht,,,,
pikkade nugade öö,,,,sündmus,
pikk COVID,,,seisund,,
Pikk Hermann,koht,,,,
Pikk jalg,koht,,,,
Pikkjärve,koht,,,,
pikkmaja,koht,,,,
Pikknurme,koht,,,,
pikk nädalalõpp,,aeg,,,
pikku,,aeg,,,
pikkus,koht,,,,esitus_mõõt
pikkuskraad,koht,,,,esitus_mõõt
pikne,,,seisund,,nähtus_loodus
piknik,,,,sündmus,
Pikru,koht,,,,
Pikva,koht,,,,
pilapood,koht,,,,
pilaster,koht,,,,ese_kunst
pilbas,,,seisund,,"ese, in_omadus, materjal/aine"
pilbaskatus,koht,,,,
Pildiküla,koht,,,,
pilditu,,,seisund,,omadus_füüs
pilditüli,,,,sündmus,
pildiväli,koht,,,,
piletikassa,koht,,,,
piletisaba,,,,sündmus,
pilgar,,,,sündmus,tegevus
pilge,,,seisund,,tegevus_kõnetegu
pilguke,,aeg,,,"ADV_aste, nähtus"
Pilistvere,koht,,,,
piljardisaal,koht,,,,
pilk,,aeg,,,"nähtus, nähtus_psühh"
Pilka,koht,,,,
pilkaspime,,,seisund,,omadus_füüs
pilkaspimedus,,,seisund,,
Pilkuse,koht,,,,
Pillapalu,koht,,,,
Pillardi,koht,,,,
Pillau,koht,,,,
Pille,koht,,,,
pillerkaar,,,,sündmus,"nähtus, tegevus"
pilliroog,koht,,,,"grupp, taim"
pilliroopadrik,koht,,,,
pillirootihnik,koht,,,,
pillirooväli,koht,,,,
Pilpa,koht,,,,
pilpakatus,koht,,,,
Pilpaküla,koht,,,,
pilpaküla,koht,,,,
pilss,koht,,,,
pilt,,,seisund,,"abstr, ese_instru, ese_kunst, esitus_kujutis, nähtus_psühh"
Pilu,koht,,,,
pilu,koht,,,,"ese_kunst, in_omadus"
piluaken,koht,,,,
pilv,,,seisund,,"abstr, inimene, loom_putukas, materjal/aine, objekt_loodus"
pilvealune,koht,,,,"omadus, omadus_koht"
pilvelõhkuja,koht,,,,
pilvemets,koht,,,,taim
pilvepiir,koht,,seisund,,
pilvepragu,koht,,,,
pilvine,,,seisund,,"omadus_füüs, omadus_kval"
pilvis,,,seisund,,
pilvisus,,,seisund,,nähtus_loodus
pilvitus,,,seisund,,nähtus_loodus
pime,,aeg,seisund,,"esitus_keel, in_omadus, nähtus_füüs, nähtus_loodus, omadus, omadus_füüs, omadus_kval"
pimedik,,aeg,seisund,,"nähtus_füüs, nähtus_loodus"
pimedus,,,seisund,,"abstr/konkr_omadus, nähtus_füüs"
pimedusega löödud,,,seisund,,
pimedusekartus,,,seisund,,
pimeduseriik,koht,,,,abstr/konkr_omadus
pimekohting,,,,sündmus,
pimekurt,,,seisund,,in_omadus
pimekurtus,,,seisund,,
pime kurv,koht,,,,
pime nurk,koht,,,,
pimepood,koht,,,,
pimesoolepõletik,,,seisund,,
Pimestiku,koht,,,,
pimestus,,,seisund,,tegevus_tegu
pimesus,,,seisund,,
pimešaht,koht,,,,
pimik,koht,,,,
pinakoteek,koht,,,,
Pinang,koht,,,,
pind,koht,,,,"abstr, abstr/konkr, abstr/konkr_omadus, ese, esitus_kujutis, materjal/aine, objekt, objekt_loodus"
Pindi,koht,,,,
pindmik,koht,,,,
Píndos,koht,,,,
pinevus,,,seisund,,
pinevuskolle,koht,,,,
pinge,,,seisund,,"esitus_mõõt, nähtus_füüs, nähtus_psühh"
pingekolle,koht,,,,
pingemurd,,,seisund,,
pingepeavalu,,,seisund,,
pingeseisund,,,seisund,,
pingivahe,koht,,,,
pinglagi,koht,,,,
pingsus,,,seisund,,
pingus,,,seisund,,
pingusetus,,,seisund,,omadus_füüs
pingutusastma,,,seisund,,
pinnamood,koht,,,,esitus_kujutis
pinnamoodustis,koht,,,,
pinnareljeef,koht,,,,esitus_kujutis
pinnastee,koht,,,,
pinnatuli,,,,sündmus,
pinnaveekogu,koht,,,,
pinnavorm,koht,,,,
pinsipäev,,aeg,,,
Pinsk,koht,,,,
Pinska,koht,,,,
pinss,,,seisund,,ese_raha
pinukoda,koht,,,,
pinumaa,koht,,,,
pioneerilaager,,,,sündmus,tegevus
pioneerimalev,koht,,,,
piparkoogimaja,koht,,,,"esitus_kujutis, toit"
Piprarannik,koht,,,,
Pireus,koht,,,,
Pirgu,koht,,,,
Pirita,koht,,,,
Pirita klooster,koht,,,,
Pirkanmaa,koht,,,,
Pirmastu,koht,,,,
Pirsallika,koht,,,,
pirukabaar,koht,,,,
Pisa,koht,,,,
pisarakiskuja,,,,sündmus,ese_kunst
pisarakotipõletik,,,seisund,,
pisarane,,,seisund,,omadus_psühh
pisaranäärmepõletik,,,seisund,,
Pisa torn,koht,,,,
Pisiidia,koht,,,,
pisiriik,koht,,,,
pisisaar,koht,,,,
Pisisaare,koht,,,,
pisivigastus,,,seisund,,
pissihäda,,,seisund,,
pissipeatus,,,,sündmus,
Pišpek,koht,,,,
pizzeria,koht,,,,
Pitaluva,koht,,,,
Pitcairn,koht,,,,
Pitkäranta,koht,,,,
pitsabaar,koht,,,,
Pitsalu,koht,,,,
pitsball,,,,sündmus,
pitseeria,koht,,,,
pitspall,,,,sündmus,
Pittsburgh,koht,,,,
Piusa,koht,,,,
Piusa jõgi,koht,,,,
Piusa koopad,koht,,,,
Pivarootsi,koht,,,,
Pjatigorsk,koht,,,,
pjedestaal,,,seisund,,"abstr, ese_instru"
pk,koht,,,,"ese, ese_anum, kogus"
pKr,,aeg,,,
plaadiesitluskontsert,,,,sündmus,
plaadifirma,koht,,,,
plaadipood,koht,,,,
Plaani,koht,,,,
plaanikomitee,koht,,,,
plaanitus,,,seisund,,
plaaž,koht,,,,
plaatpõrand,koht,,,,
plaatvooder,koht,,,,
plafoon,koht,,,,"ese_instru, ese_kunst"
plahvatus,,,,sündmus,"nähtus, nähtus_füüs"
plahvatuskindlus,,,seisund,,
plahvatuslehter,koht,,,,
plahvatusoht,,,seisund,,abstr/konkr
Plaksi,koht,,,,
planetaarium,koht,,,,
plangupilet,,,,sündmus,tegevus
plantaaž,koht,,,,tegevus
Plasku,koht,,,,
platel,,,seisund,,ADV_seisund
platele,,,seisund,,ADV_seisund
plate peal,,,seisund,,ADV_seisund
plate peale,,,seisund,,ADV_seisund
platoo,koht,,,,abstr/konkr
plats,koht,,,,"nähtus_füüs, omadus_füüs"
platsdarm,koht,,,,
platskaart,koht,,,,ese_semio
platvorm,koht,,,,"abstr/konkr, ese_instru, ese_semio"
Pļaviņas,koht,,,,
play-off,,,,sündmus,abstr/konkr
play-off-mäng,,,,sündmus,tegevus_tegu
plebistsiit,,,,sündmus,"tegevus, tegevus_kõnetegu"
pleekaed,koht,,,,
pleenum,,,,sündmus,
pleiss,koht,,,,konkr
pleistotseen,,aeg,,,
plekiline soetõbi,,,seisund,,
plekimõlkimine,,,,sündmus,
plekk,koht,,,,"abstr/konkr_omadus, ese, ese_raha, materjal/aine, omadus_füüs"
plekk-katus,koht,,,,
plenaar,,,,sündmus,omadus_kval
plenaaristung,,,,sündmus,
plenaarium,,,,sündmus,
plenäär,,,,sündmus,"ese_kunst, tegevus"
Plessi,koht,,,,
pleuriit,,,seisund,,
Pleven,koht,,,,
plevna,,,,sündmus,
Pliia,koht,,,,
pliidiesine,koht,,,,omadus_koht
pliimürgistus,,,seisund,,
pliimürgitus,,,seisund,,
Plika,koht,,,,
plikaiga,,aeg,,,
plikaohtu,,,seisund,,omadus
plikapõlv,,aeg,,,
plinder,,,seisund,,
pliotseen,,aeg,,,
Pljussa,koht,,,,
Ploieşti,koht,,,,
plokk,koht,,,,"abstr, ese, ese_instru, objekt_loodus"
Plovdiv,koht,,,,
Plzeň,koht,,,,
Plungė,koht,,,,
pluss,,,seisund,,"esitus_tähis, omadus_kval"
plõks,,,seisund,,"ese, nähtus_füüs, nähtus_psühh, tegevus"
plärakas,koht,,,,"esitus_kujutis, materjal/aine"
plärtsakas,koht,,,,"esitus_kujutis, materjal/aine, nähtus_füüs"
Plymouth,koht,,,,
PMS,,,seisund,,esitus_tähis
pneumohall,koht,,,,
pneumokonioos,,,seisund,,
pneumoonia,,,seisund,,
pneumoskleroos,,,seisund,,
pneumotooraks,,,seisund,,
Poaka,koht,,,,
Poama,koht,,,,
Poanse,koht,,,,
podagra,,,seisund,,
podagrasõlm,,,seisund,,
podest,koht,,,,
Podgorica,koht,,,,
Podkamennaja Tunguska,koht,,,,
Podkarpacie,koht,,,,
Podlaasia,koht,,,,
Podmotsa,koht,,,,
Podolsk,koht,,,,
Podoolia,koht,,,,
poeetilisus,,,seisund,,
poegimisaeg,,aeg,,,
poegimishalvatus,,,seisund,,
poegimisvahemik,,aeg,,,
poeke,koht,,,,
poekett,koht,,,,
poeriiul,,,seisund,,ese_instru
pogri,koht,,,,
pogromm,,,,sündmus,
Pohjanmaa,koht,,,,
Pohla,koht,,,,
pohlad olema,,,seisund,,
pohlamännik,koht,,,,
pohm,,,seisund,,nähtus_psühh
pohmakas,,,seisund,,nähtus_psühh
pohmane,,,seisund,,
pohmas,,,seisund,,omadus_kval
pohmell,,,seisund,,nähtus_psühh
pohmelus,,,seisund,,nähtus_psühh
poisikeseohtu,,,seisund,,omadus
poisiohtu,,,seisund,,omadus
poisipõlv,,aeg,,,
poissmeesteõhtu,,,,sündmus,
poissmehepõlv,,aeg,seisund,,
poistekool,koht,,,,
Poitou-Charentes,koht,,,,
Poka,koht,,,,
Pokolduva,koht,,,,
pokris,koht,,,,
Poksa,koht,,,,
Poksi,koht,,,,
poksiklubi,koht,,,,
poksiring,koht,,,,
polaarala,koht,,,,
polaarekspeditsioon,,,,sündmus,tegevus
polaarium,koht,,,,
polaarjaam,koht,,,,
polaarmaa,koht,,,,
polaarmeri,koht,,,,
polaarpiirkond,koht,,,,
polaarpäev,,aeg,,,
polaarsus,,,seisund,,omadus
polaarsuvi,,aeg,,,
polaartalv,,aeg,,,
polaarvööde,koht,,,,
polaaröö,,aeg,,,
Polack,koht,,,,
Polatsk,koht,,,,
polder,koht,,,,
pole haisugi,,,seisund,,
pole hamba all kuiva kohta,,,seisund,,
pole lõhnagi,,,seisund,,
pole nali,,,seisund,,omadus_kval
pole nalja,,,seisund,,omadus_kval
Polesje,koht,,,,
Polessk,koht,,,,
poliitika-aasta,,aeg,,,
poliitiline politsei,koht,,,,
poliitkool,koht,,,,tegevus
polikas,koht,,,,
polikliinik,koht,,,,
poliomüeliit,,,seisund,,
polis,koht,,,,
politsei,koht,,,,in_elukutse
politseiamet,koht,,,,
politseiasutus,koht,,,,
politseijaoskond,koht,,,,inimene
politseikohus,koht,,,,
politseimaja,koht,,,,
politseinik,koht,,,,in_elukutse
politseiosakond,koht,,,,inimene
politseipataljon,koht,,,,
politseiprefektuur,koht,,,,
politseiriik,koht,,,,
politseiteenistus,koht,,,,
politseitund,,aeg,,,
politseivalitsus,koht,,,,
polje,koht,,,,
polk,koht,,,,
pollar,koht,,,,"ese_instru, in_elukutse"
Polli,koht,,,,
pollinoos,,,seisund,,
Poloda nulk,koht,,,,
Polotsk,koht,,,,
Polovina,koht,,,,
polpol,koht,,,,
Poltaava,koht,,,,
Poltava,koht,,,,
poltliide,koht,,,,ese_instru
Poltoratsk,koht,,,,
poltühendus,koht,,,,ese_instru
polundra,,,seisund,,esitus_keel_suhtlus
polüartriit,,,seisund,,
polüdaktüülia,,,seisund,,
polüfaagia,,,seisund,,
polügaamia,,,seisund,,nähtus
polügon,koht,,,,
polügoon,koht,,,,esitus_kujutis
Polüneesia,koht,,,,
polüneuriit,,,seisund,,
polüneuropaatia,,,seisund,,
polüpoos,,,seisund,,
polüskleroos,,,seisund,,
polütehnikum,koht,,,,
polütrauma,,,seisund,,
polütsüteemia,,,seisund,,
polüuuria,,,seisund,,
polüüp,,,seisund,,loom
Pombre,koht,,,,
Pommeri,koht,,,,
pommiauk,koht,,,,
pommikahtlus,,,seisund,,
pommilehter,koht,,,,
pommilöök,,,,sündmus,tegevus_tegu
pommiplahvatus,,,,sündmus,
pommirünnak,,,,sündmus,tegevus_tegu
pommitabamus,,,,sündmus,
pommivarjend,koht,,,,
Pomorze,koht,,,,
Pompei,koht,,,,
pompoon,,,seisund,,
pontifikaat,,aeg,,,
pontoonsild,koht,,,,
Pontos,koht,,,,
Pontose mäed,koht,,,,
pood,koht,,,,esitus
poodium,koht,,,,"abstr, ese_instru"
poodlemine,,,,sündmus,tegevus
Poodlissa,koht,,,,
poogen olema,,,seisund,,
pookekoht,koht,,,,
pool,koht,aeg,,,"abstr/konkr, ADV_aste, ADV_koht, ADV_viis, ese_instru, esitus_arv, inimene, in_roll, konkr"
Poola,koht,,,,
Poola aeg,,aeg,,,
poolaasta,,aeg,,,
poolaeg,,aeg,,,
Poola koridor,koht,,,,
Poola-Leedu,koht,,,,
Poola Liivimaa,koht,,,,
poolasumaa,koht,,,,
Poole,koht,,,,
poole,koht,aeg,,,konkr
poolelus,,,seisund,,
poolestusaeg,,aeg,,,
pooleteiseaastane,,aeg,,,"omadus, omadus_aeg"
pooleteistaastane,,aeg,,,"omadus, omadus_aeg"
poolfinaalmäng,,,,sündmus,
poolfinaalseeria,,,,sündmus,
poolfinaalturniir,,,,sündmus,
poolhämar,,,seisund,,omadus_füüs
poolhämarus,,,seisund,,
poolipesa,koht,,,,ese_instru
poolituskoht,koht,,,,
pooljaam,koht,,,,
pooljuubel,,,,sündmus,
poolkaar,koht,,,,esitus_kujutis
poolkaitse,,,seisund,,in_roll
poolkelder,koht,,,,
poolkelpkatus,koht,,,,
poolkoloonia,koht,,,,
poolkorrus,koht,,,,
poolkõrb,koht,,,,
poolmõis,koht,,,,
poolmäda,,,seisund,,
poolmädanenud,,,seisund,,
poolpeetud,,,seisund,,
poolpidune,,,seisund,,
poolpilves,,,seisund,,ADV_seisund
poolpime,,,seisund,,"omadus, omadus_füüs"
poolpimedus,,,seisund,,
poolpäev,,aeg,,,
poolpüha,,aeg,,,
poolsaar,koht,,,,
Poolsaare-Malaisia,koht,,,,
poolsajand,,aeg,,,
poolsammas,koht,,,,esitus_kujutis
poolspagaat,,,seisund,,
pooltekk,koht,,,,
pooltund,,aeg,,,
pooluni,,,seisund,,
poolus,koht,,,,"abstr, ese_instru"
poolvari,koht,,,,
poolviilkatus,koht,,,,
poor,koht,,,,"kehaosa, omadus_füüs, omadus_kval, omadus_psühh, taim"
poort,koht,,,,"ese_instru, ese_kunst"
poose,,,seisund,,omadus_kval
Pootsi,koht,,,,
Pootsiku,koht,,,,
popipäev,,aeg,,,
Popocatépetl,koht,,,,
Popovitsa,koht,,,,
popsikoht,koht,,,,
popsiküla,koht,,,,
popsipäev,,aeg,,,abstr/konkr
popsisaun,koht,,,,
popsitare,koht,,,,
pop-up,koht,,,,omadus_kval
pop-up-butiik,koht,,,,
pop-up-kohvik,koht,,,,
pop-up-näitus,,,,sündmus,
pop-up-pood,koht,,,,
pordu,,,seisund,,omadus_kval
porduelu,,,seisund,,
pordumaja,koht,,,,
porfüüria,,,seisund,,
Porhov,koht,,,,
Pori,koht,,,,
poriauk,koht,,,,
porikuu,,aeg,,,esitus
Poriküla,koht,,,,
poriloik,koht,,,,
porilomp,koht,,,,
porimeri,koht,,,,
porimülgas,koht,,,,
poriplekk,koht,,,,"abstr/konkr_omadus, ese_instru"
Porka saar,koht,,,,
Porkuni,koht,,,,
Porkva,koht,,,,
pornosõltuvus,,,seisund,,
Pornuse,koht,,,,
Porosluva,koht,,,,
Porsa,koht,,,,
portaal,koht,,,,"ese_instru, ese_semio"
Port Artur,koht,,,,
Port-au-Prince,koht,,,,
Port-aux-Français,koht,,,,
porte,koht,,,,"ese_instru, ese_kunst"
Port Elizabeth,koht,,,,
portfellihaldur,koht,,,,in_elukutse
portikus,koht,,,,
Portland,koht,,,,
Port Louis,koht,,,,
Port Moresby,koht,,,,
Porto,koht,,,,
Porto Alegre,koht,,,,
Port of Spain,koht,,,,
Porto-Novo,koht,,,,
Port Said,koht,,,,
portselanimanufaktuur,koht,,,,
Portsmouth,koht,,,,
Port Stanley,koht,,,,
Port Sudan,koht,,,,
Portugal,koht,,,,
Portugali Guinea,koht,,,,
Portugali Ida-Aafrika,koht,,,,
Portugali Lääne-Aafrika,koht,,,,
Portugali Timor,koht,,,,
Port Vila,koht,,,,
porujommis,,,seisund,,
Porvoo,koht,,,,
positiivne pinnavorm,koht,,,,
positsioon,koht,,seisund,,"abstr, abstr_asend/suund"
positsioonisõda,,,seisund,,tegevus
posituur,,,seisund,,abstr_asend/suund
possaad,koht,,,,
possubaas,koht,,,,
post,koht,,,,"abstr, abstr/konkr, ese, ese_instru, in_roll, omadus_aeg, tegevus, VERB_tegevus"
Posti,koht,,,,
postiasutus,koht,,,,
postijaam,koht,,,,
postimaantee,koht,,,,
postimaja,koht,,,,
postipunkt,koht,,,,
postipäev,,aeg,,,
postitalu,koht,,,,
postitee,koht,,,,
postiteenistus,koht,,,,tegevus
postivahe,koht,,,,esitus_mõõt
postivedaja,koht,,,,in_elukutse
postkast,koht,,,,"abstr/konkr, ese_anum"
postkontor,koht,,,,
postmaantee,koht,,,,
posttraumaatiline stressihäire,,,seisund,,
postvundament,koht,,,,
Poznań,koht,,,,
Potaluva,koht,,,,
Poti,koht,,,,
potilaat,,,,sündmus,esitus_keel_suhtlus
Potjomkini küla,,,seisund,,
Potomac,koht,,,,
Potsdam,koht,,,,
Praaga,koht,,,,
Praakli,koht,,,,
Praaklima,koht,,,,
Praakmani,koht,,,,
praasnik,,,,sündmus,
praegune,,aeg,,,omadus_aeg
praegusaeg,,aeg,,,
praegushetk,,aeg,,,
Pragi,koht,,,,
pragu,koht,,,,
Praha,koht,,,,
Praha kevad,,,,sündmus,
prahipaik,koht,,,,
prahtija,koht,,,,in_tegija
Praia,koht,,,,
praktikaaeg,,aeg,,,
praktikaasutus,koht,,,,
praktikabaas,koht,,,,
praktikakool,koht,,,,
praktikatund,,aeg,,sündmus,
pralle,,,,sündmus,
Prandi,koht,,,,
Prange,koht,,,,
Prangli,koht,,,,
prant,,aeg,,,
Prantsuse,koht,,,,
Prantsuse Afarite ja Issade ala,koht,,,,
Prantsuse Ekvatoriaal-Aafrika,koht,,,,
Prantsuse Guajaana,koht,,,,
Prantsuse Guinea,koht,,,,
Prantsuse haigus,,,seisund,,
Prantsuse Indohiina,koht,,,,
Prantsuse Kongo,koht,,,,
Prantsuse Lõunaalad,koht,,,,
Prantsuse Lääne-Aafrika,koht,,,,
Prantsuse park,koht,,,,abstr/konkr
Prantsuse Polüneesia,koht,,,,
Prantsuse revolutsioon,,,,sündmus,
Prantsuse Riviera,koht,,,,
Prantsuse rõdu,koht,,,,
Prantsuse Somaalimaa,koht,,,,
Prantsuse Sudaan,koht,,,,
Prantsuse Togo,koht,,,,
Prantsusmaa,koht,,,,
prantsustõbi,,,seisund,,
praostkond,koht,,,,
Prassi,koht,,,,
prassing,,,,sündmus,
Pravdinsk,koht,,,,
Prayagraj,koht,,,,
prediabeet,,,seisund,,
predispositsioon,,,seisund,,omadus_kval
Preedi,koht,,,,
preeklampsia,,,seisund,,
Preeksa,koht,,,,
preemiareis,,,,sündmus,tegevus
preeria,koht,,,,
preestriseisus,,,seisund,,in_elukutse
prefektuur,koht,,,,
prei,,,seisund,,
Preiļi,koht,,,,
Preisi Leedu,koht,,,,
Preisimaa,koht,,,,
prekantseroos,,,seisund,,
prelatuur,koht,,,,
premenstruaalne sündroom,,,seisund,,esitus_tähis
premjäär,,,,sündmus,
presbüoopia,,,seisund,,
presbüteerium,koht,,,,in_elukutse
presbüterlik kirik,koht,,,,in_omadus
presentatsioon,,,,sündmus,tegevus
presentkatus,koht,,,,
presidendiloss,koht,,,,
presidendivalimised,,,,sündmus,
presidentkond,koht,,,,
Pressi,koht,,,,
pressiagentuur,koht,,,,
pressibüroo,koht,,,,
pressiesindus,koht,,,,
pressikas,,,,sündmus,ese_semio
pressikeskus,koht,,,,
pressikonverents,,,,sündmus,
pressiosakond,koht,,,,
pressitalitus,koht,,,,
pressiteenistus,koht,,,,
Preston,koht,,,,
Pretoria,koht,,,,
pretsedent,,,,sündmus,abstr/konkr
Preussisch Eylau,koht,,,,
prigu,koht,,,,
prii,,,seisund,,omadus
priileib,,,seisund,,
priilt,,,seisund,,ADV_viis
priima,koht,,,,omadus_kval
Priipalu,koht,,,,
priipõli,,,seisund,,
priipõlv,,,seisund,,
priisikohus,koht,,,,
Priisle,koht,,,,
priius,,,seisund,,
prikaas,koht,,,,
Prillimäe,koht,,,,
prillipood,koht,,,,
primaat,,,seisund,,"inimene, in_omadus, loom"
prime time,,aeg,,,
primetime,,aeg,,,
Primorje,koht,,,,
Primorje krai,koht,,,,
Primorsk,koht,,,,
Pringi,koht,,,,
Prints Edwardi saar,koht,,,,
printsipaal,koht,,,,
prioonhaigus,,,seisund,,
prioriteet,,,seisund,,abstr_asend/suund
Priozersk,koht,,,,
Pripjat,koht,,,,
Priština,koht,,,,
Pritsi,koht,,,,
pritsikuur,koht,,,,
pritsimaja,koht,,,,
privaat,koht,,,,"abstr/konkr, omadus, omadus_kval, tegevus"
privaatkool,koht,,,,
privaatruum,koht,,,,nähtus_psühh
privaatsus,,,seisund,,
probleemsituatsioon,,,seisund,,
prodromaalnäht,,,seisund,,
prodroom,,,seisund,,
produktsioonifirma,koht,,,,
profaansus,,,seisund,,omadus_kval
profiklubi,koht,,,,
profülaktoorium,koht,,,,
progeeria,,,seisund,,
programm,,,,sündmus,"abstr/konkr, ese_semio"
progümnaasium,koht,,,,
projekteerimisbüroo,koht,,,,
projektiteater,koht,,,,
Prokopjevsk,koht,,,,
Prokrustese säng,,,seisund,,abstr/konkr
proktiit,,,seisund,,
prokuratuur,koht,,,,
prolaps,,,seisund,,
proliferatsioon,,,seisund,,
proloog,,,,sündmus,ese_semio
promenaad,koht,,,,ese_kunst
promill,,,seisund,,"esitus_mõõt, omadus_kval"
promotsioon,,,,sündmus,tegevus
promoveerimine,,,,sündmus,tegevus
pronksiaeg,,aeg,,,
pronksimatš,,,,sündmus,
pronksimäng,,,,sündmus,
pronksiöö,,,,sündmus,
pronkstõbi,,,seisund,,
proov,,,,sündmus,"esitus_mõõt, materjal/aine, tegevus, tegevus_tegu"
prooviaasta,,aeg,,,
prooviabielu,,,seisund,,
prooviaeg,,aeg,,,
prooviala,koht,,,,
prooviauk,koht,,,,
prooviesinemine,,,,sündmus,
proovikabiin,koht,,,,
proovikaevand,koht,,,,
proovikoda,koht,,,,
proovilapp,koht,,,,ese_riie
proovinädal,,aeg,,,
proovipäev,,aeg,,,
prooviruum,koht,,,,
proovisaal,koht,,,,
proovitund,,aeg,,sündmus,
proovitükk,koht,,,,"ese_riie, materjal/aine"
proovivõtupunkt,koht,,,,
propagandatalitus,koht,,,,
propagandaüritus,,,,sündmus,
propelleris,,,seisund,,
proportsionaalsus,,,seisund,,
propüleed,koht,,,,
prosektuur,koht,,,,
proseminar,,,,sündmus,
proskeenion,koht,,,,
Proskuriv,koht,,,,
Proskurov,koht,,,,
prosopagnoosia,,,seisund,,
prospekt,koht,,,,"ese_instru, ese_semio"
prostatiit,,,seisund,,
prostratsioon,,,seisund,,tegevus_tegu
prostseenium,koht,,,,
proteinuuria,,,seisund,,
protektoraat,koht,,,,abstr
proterosoikum,,aeg,,,
protest,,,,sündmus,"ese_semio, nähtus_psühh, tegevus_tegu"
protestiavaldus,,,,sündmus,abstr/konkr
protestimarss,,,,sündmus,
protestimiiting,,,,sündmus,
protestipartei,koht,,,,in_roll
protestipäev,,aeg,,,
protestiseisak,,,,sündmus,
protestivalimised,,,,sündmus,
protestiüritus,,,,sündmus,
protokolliosakond,koht,,,,
protseduurikabinet,koht,,,,
protseduurituba,koht,,,,
protsessioon,,,,sündmus,tegevus
prouapõli,,,seisund,,
Provence,koht,,,,
Provence-Alpes-Côte d'Azur,koht,,,,
proviisorapteek,koht,,,,
proviisoriapteek,koht,,,,
provints,koht,,,,
provintsikeskus,koht,,,,
provintsilinn,koht,,,,
Przemyśl,koht,,,,
Pruntova,koht,,,,
pruriigo,,,seisund,,
Prut,koht,,,,
pruudiehe,,,seisund,,"ese_kunst, ese_riie"
pruudipõli,,aeg,,,
pruudipõlv,,aeg,,,
pruudipõud,,,seisund,,
pruukost,,,,sündmus,toit
pruulikoda,koht,,,,
Pruuna,koht,,,,
pruun katk,,aeg,,,
pruunlaiksus,,,seisund,,
pruunmädanik,,,seisund,,
pruunrooste,,,seisund,,
Prõpjat,koht,,,,
Prõpjats,koht,,,,
Prählamäe,koht,,,,
Prähnu,koht,,,,
prääks,,,seisund,,nähtus_füüs
Prääma,koht,,,,
prügila,koht,,,,
prügimaja,koht,,,,
prügimägi,koht,,,,materjal/aine
prügipimedus,,,seisund,,
prügipõletusjaam,koht,,,,
prügišaht,koht,,,,
prügitus,koht,,,,materjal/aine
Prümli,koht,,,,
ps,koht,,,,
pseudartroos,,,seisund,,
pseudoartroos,,,seisund,,
pseudobasiilika,koht,,,,
pseudokrupp,,,seisund,,
psitakoos,,,seisund,,
psoriaas,,,seisund,,
psühhasteenia,,,seisund,,
psühhiaatriahaigla,koht,,,,
psühhiaatriakliinik,koht,,,,
psühholoogia,,,seisund,,"omadus_psühh, vald"
psühhoneuroloogiahaigla,koht,,,,
psühhoos,,,seisund,,
psühhopaatia,,,seisund,,
psühhotrauma,,,seisund,,
psüühikahaigus,,,seisund,,
psüühikahäire,,,seisund,,
PTG,koht,,,,
ptoos,,,seisund,,
PTSH,,,seisund,,
puberteediaeg,,aeg,,,
puberteediiga,,aeg,,,
puberteet,,aeg,,,in_omadus
pubi,koht,,,,
publikuhuvi,,,seisund,,nähtus_psühh
pudelikael,koht,,,,"abstr/konkr, ese_anum, nähtus"
puderkasvaja,,,seisund,,
pudetõbi,,,seisund,,
Pudisoo,koht,,,,
Pudivere,koht,,,,
pudrumäed,,,seisund,,
pudrumäed ja piimajõed,,,seisund,,
pudrune,,,seisund,,
pudrupäev,,aeg,,,
Puducherry,koht,,,,
pudukauplus,koht,,,,
Puduküla,koht,,,,
pudupood,koht,,,,
pueblo,koht,,,,in_rahvas
puerilism,,,seisund,,
puerpeerium,,aeg,,,
puerperaalpalavik,,,seisund,,
Puerto Rico,koht,,,,
pugem,koht,,,,
pugerik,koht,,,,omadus_füüs
Pugritsa,koht,,,,
pugu,koht,,,,"kehaosa, kehaosa_loom, toit"
puguala,koht,,,,
Pugõstu,koht,,,,
puhandusorg,koht,,,,
puhang,,,seisund,,"nähtus_loodus, nähtus_psühh, tegevus, tegevus_tegu"
puhaskesa,koht,,,,
puhaslaut,koht,,,,
puhasnurk,koht,,,,
puhas plats,,,seisund,,
puhaspõrand,koht,,,,
puhasruum,koht,,,,
puhastaja,koht,,,,"ese_instru, inimene"
puhastuba,koht,,,,
puhastusfirma,koht,,,,
puhastusjaam,koht,,,,
puhastustuli,koht,,seisund,,abstr/konkr
puhas vuuk,koht,,,,
puhasvuuk,koht,,,,
Puhatu,koht,,,,
puhe,,aeg,,,
puhetis,,,seisund,,taim
puhevil,,,seisund,,ADV_seisund
puhitis,,,seisund,,
puhitus,,,seisund,,
puhitustunne,,,seisund,,
Puhja,koht,,,,
puhk,,aeg,,sündmus,"ese_riie, kogus, nähtus_loodus, tegevus_tegu"
puhkeaeg,,aeg,,,
puhkeala,koht,,,,
puhkease,koht,,,,
puhkeasend,,,seisund,,
puhkeasutus,koht,,,,
puhkebaas,koht,,,,
puhkehetk,,aeg,,,
puhkekeskus,koht,,,,
puhkekodu,koht,,,,
puhkekoht,koht,,,,
puhkekompleks,koht,,,,
puhkeküla,koht,,,,
puhkelaager,,,,sündmus,
puhkemaastik,koht,,,,
puhkemaja,koht,,,,
puhkemajake,koht,,,,
puhkemajakene,koht,,,,
puhkemets,koht,,,,taim
puhkenurk,koht,,,,
puhkeolek,,,seisund,,
puhkepaik,koht,,,,
puhkepaus,,aeg,seisund,,
puhkepeatus,,,,sündmus,
puhkeperiood,,aeg,,,
puhkepäev,,aeg,,,
puhkeruum,koht,,,,
puhkeseisund,,,seisund,,
puhketalu,koht,,,,
puhketasku,koht,,,,
puhketuba,koht,,,,
puhketund,,aeg,,,
puhkeõhtu,,,,sündmus,
Puhkova,koht,,,,
puhkpilliklass,koht,,,,
puhkus,,aeg,seisund,,
puhkusaeg,,aeg,seisund,,
puhkuseaeg,,aeg,seisund,,
puhkusekuu,,aeg,,,
puhkusepäev,,aeg,,,
puhkusereis,,,,sündmus,
puhmaraba,koht,,,,
Puhmu,koht,,,,
Puhtaleiva,koht,,,,
puhteaeg,,aeg,,,
puhtkuusik,koht,,,,
puhtmännik,koht,,,,
puhtpuistu,koht,,,,
puhtus,,,seisund,,
puhumisreid,,,,sündmus,
puhuvad uued tuuled,,,seisund,,
puhverriik,koht,,,,
puhvertsoon,koht,,,,
puhvervöönd,koht,,,,
puhvet,koht,,,,ese_instru
puhvi,,,seisund,,ADV_seisund
puhvis,,,seisund,,ADV_seisund
Puiatu,koht,,,,
Puide,koht,,,,
puidumädanik,,,seisund,,
puidurike,,,seisund,,
puidutsehh,koht,,,,
puidutöökoda,koht,,,,
puidutööstus,koht,,,,vald
puiestee,koht,,,,ese_semio
puiestik,koht,,,,
Puiga,koht,,,,
Puise,koht,,,,
puisniit,koht,,,,
puisraba,koht,,,,
puisrohtla,koht,,,,
puissoo,koht,,,,
Puista,koht,,,,
puistang,koht,,,,
puistmaardla,koht,,,,
puistpais,koht,,,,
puistu,koht,,,,taim
puitasum,koht,,,,
puitelamu,koht,,,,
puithoone,koht,,,,
puitkarkass,koht,,,,
puitkarkassmaja,koht,,,,
puitkatus,koht,,,,
puitkonstruktsioon,koht,,,,ese_instru
puitmaja,koht,,,,
puitsein,koht,,,,
puitsild,koht,,,,
puittarind,koht,,,,ese_instru
puitvai,koht,,,,
puitvooder,koht,,,,
Puka,koht,,,,
Pukamäe,koht,,,,
pukibaar,koht,,,,
pukksild,koht,,,,
pukktuulik,koht,,,,
pukkveski,koht,,,,
puksiiri,,,seisund,,
puksiiris,,,seisund,,
Pulatna,koht,,,,
Pulgoja,koht,,,,
Puliste,koht,,,,
Pulleritsu,koht,,,,
Pullevere,koht,,,,
Pulli,koht,,,,
pulloroos,,,seisund,,
Pullukinna,koht,,,,
pulm,,aeg,,sündmus,nähtus_loodus
pulma-aastapäev,,aeg,,sündmus,
pulmaaeg,,aeg,,,nähtus_loodus
pulmad,,aeg,,sündmus,nähtus_loodus
pulmajoodud,,,,sündmus,
pulmajooks,,aeg,,,nähtus_loodus
pulmakamber,koht,,,,
pulmalaupäev,,aeg,,,
pulmamaja,koht,,,,
pulmapidu,,,,sündmus,nähtus_loodus
pulmapidustused,,,,sündmus,
pulmapäev,,aeg,,,
pulmareis,,,,sündmus,tegevus
pulmasõit,,,,sündmus,tegevus
pulmatseremoonia,,,,sündmus,tegevus
pulmaöö,,,,sündmus,
pulpiit,,,seisund,,
pult,koht,,,,ese_instru
pultkatus,koht,,,,
pulvärk,koht,,,,
pumbakamber,koht,,,,
pumbamaja,koht,,,,
pummeldus,,,,sündmus,
pummelung,,,,sündmus,
pummelus,,,,sündmus,
puna,,,seisund,,"abstr/konkr, ese_instru, materjal/aine, omadus_füüs, omadus_füüs_värv, omadus_kval"
Punaarmee,koht,,,,
Puna-Hiina,koht,,,,
punaimpeerium,koht,,,,
Punakaart,koht,,,,
punakaste,,,seisund,,
punakusesus,,,seisund,,
Punaküla,koht,,,,
Punakülä,koht,,,,
punamädanik,,,seisund,,
Punane kaardivägi,koht,,,,
punane kukk,,,,sündmus,
Punane meri,koht,,,,
Punane nõgu,koht,,,,
Punane Rist,koht,,,,
punane söötraig,,,seisund,,
Punane väljak,koht,,,,
punanurk,koht,,,,
punapõletik,,,seisund,,
Punaselageda Eesti asundus,koht,,,,
Punaselageda Kreeka asundus,koht,,,,
punaste laternate tänav,koht,,,,
punasüdamik,,,seisund,,
punataud,,,seisund,,
Puna-Vene,koht,,,,
punaveresus,,,seisund,,
punavus,,,seisund,,
punavõim,,,seisund,,in_roll
pundar,,,seisund,,"abstr, inimene, in_omadus, kogus, konkr_omadus"
Pundi,koht,,,,
pundis,,,seisund,,ADV_viis
Pune,koht,,,,
punetised,,,seisund,,
punetus,,,seisund,,
pungkapiteel,koht,,,,
Punikvere,koht,,,,
punker,koht,,,,ese_anum
punklaulupidu,,,,sündmus,
punkt,koht,,,,"abstr, ADV_viis, ese_semio, esitus, esitus_keel, esitus_kujutis, esitus_mõõt, objekt"
punktelamu,koht,,,,
punktivahe,koht,,,,abstr/konkr
punktmaja,koht,,,,
punn,koht,,seisund,,"abstr, ese_instru, esitus_mõõt, materjal/aine, omadus_füüs"
punnseis,,,seisund,,
punnsilmsus,,,seisund,,
Punsa,koht,,,,
puntis,,,seisund,,ADV_viis
Pupastvere,koht,,,,
Pupli,koht,,,,
pupp,koht,,,,
Puraküla,koht,,,,
Puravitsa,koht,,,,
Purdi,koht,,,,
Purekkari,koht,,,,
Purekkari neem,koht,,,,
Purga,koht,,,,
purgatoorium,koht,,seisund,,
purgimiskoht,koht,,,,
Purila,koht,,,,
purim,,aeg,,,
purivõlv,koht,,,,
purjelauavõistlus,,,,sündmus,
purjeregatt,,,,sündmus,
purjes,,,seisund,,
purjespordikeskus,koht,,,,
purjespordivõistlus,,,,sündmus,
purjetamisvõistlus,,,,sündmus,
purjetus,,,,sündmus,tegevus_tegu
Purka,koht,,,,
Purku,koht,,,,
purpur,,,seisund,,"ese_riie, materjal/aine, omadus_füüs_värv"
purse,,,,sündmus,"ese_anum, nähtus_psühh"
purskeallikas,koht,,,,
purskeperiood,,aeg,,,
purskkaev,koht,,,,
Purtsa,koht,,,,
Purtse,koht,,,,
Purtsi,koht,,,,
Puru,koht,,,,
purujommis,,,seisund,,
purupurjus,,,seisund,,
Purus,koht,,,,
purustus,,,seisund,,tegevus_tegu
Pusan,koht,,,,
pusas,,,seisund,,
Pusi,koht,,,,
puskarivabrik,koht,,,,ese_instru
Puskaru,koht,,,,
Puski,koht,,,,
Pusku,koht,,,,
Puspuri,koht,,,,
pussihaav,,,seisund,,
pusta,koht,,,,
pustul,,,seisund,,
Puškin,koht,,,,
putka,koht,,,,
Putkaste,koht,,,,
putkus olema,,,seisund,,
putš,,,,sündmus,
puttamisgriin,koht,,,,
Putu,koht,,,,
putukakahjustus,,,seisund,,
putukaväil,koht,,,,
putukkahjustus,,,seisund,,
puuaed,koht,,,,ese_instru
puudujääk,,,seisund,,omadus
puudulikkus,,,seisund,,omadus_kval
puuduolek,,,seisund,,
puudus,,,seisund,,omadus
puudusel,,,seisund,,
puudushaigus,,,seisund,,
puue,,,seisund,,omadus
Puugi,koht,,,,
puugimets,koht,,,,
Puugnitsa,koht,,,,
puuhoone,koht,,,,
puuhoov,koht,,,,
puuistandik,koht,,,,taim
puukamberhaud,koht,,,,
puukborrelioos,,,seisund,,
puukentsefaliit,,,seisund,,
puukirik,koht,,,,
puukoda,koht,,,,
puukool,koht,,,,
puukuur,koht,,,,
puulobudik,koht,,,,
puumaa,koht,,,,
puumaakoht,koht,,,,
puumaja,koht,,,,
puumädanik,,,seisund,,
puuna,koht,,,,
Puunia sõjad,,,,sündmus,
puupragu,koht,,,,
puupõld,koht,,,,
puupõrand,koht,,,,
puur,koht,,seisund,,"ese_instru, omadus_kval"
puurauk,koht,,,,
Puuri,koht,,,,
puuriauk,koht,,,,
puurielu,,,seisund,,
puurim,,aeg,,,
puurimipüha,,aeg,,,
puurinurk,koht,,,,
puurisuu,koht,,,,
puurkaev,koht,,,,
Puurmani,koht,,,,
puurtorn,koht,,,,
puusajoon,koht,,,,esitus_kujutis
puusaliigesepõletik,,,seisund,,
puusas,koht,,,,
puusavalu,,,seisund,,
Puusepa,koht,,,,
puusild,koht,,,,
puuslak,,,seisund,,
puustus,koht,,,,
puustusmaa,koht,,,,
puutehell,,,seisund,,
puutenakkus,,,seisund,,
puutepunkt,koht,,,,abstr
Puutli,koht,,,,
puutumatus,,,seisund,,"abstr, omadus_kval"
puutumus,,,seisund,,abstr
puutöökoda,koht,,,,
puuviljaaed,koht,,,,
puuviljahoidla,koht,,,,
puuviljaistandik,koht,,,,
puuviljamädanik,,,seisund,,
puuvillaistandik,koht,,,,
puuvillaistandus,koht,,,,
puuvillavabrik,koht,,,,
puuõõnsus,koht,,,,
puuõõs,koht,,,,
pv,koht,,,,
Põdra,koht,,,,
Põdrajärv,koht,,,,
põdrakahjustus,,,seisund,,
Põdrala,koht,,,,
Põdramõtsa,koht,,,,
Põdrangu,koht,,,,
Põdruse,koht,,,,
põdurus,,,seisund,,
Põgari,koht,,,,
Põgari-Sassi,koht,,,,
põgenemistuba,koht,,,,tegevus_mäng
põgenikelaager,koht,,,,
Põhara,koht,,,,
põhi,koht,,,,"abstr, ese, esitus_kujutis, konkr, nähtus_loodus, omadus_füüs, omadus_kval"
põhiaeg,,aeg,,,
põhiasend,,,seisund,,
põhihaigus,,,seisund,,
põhikool,koht,,,,
põhilevila,koht,,,,
põhimaantee,koht,,,,
põhi peal,,,seisund,,
põhipuhkus,,aeg,,,
põhiseaduskohus,koht,,,,
põhiturniir,,,,sündmus,
põhituumik,koht,,,,in_roll
põhivõrguettevõtja,koht,,,,
Põhja,koht,,,,
Põhja-Aasia,koht,,,,
põhjaala,koht,,,,
Põhja-Ameerika,koht,,,,
Põhja-Atlandi Lepingu Organisatsioon,koht,,,,
Põhja-Carolina,koht,,,,
Põhja-Dakota,koht,,,,
Põhja-Dvina,koht,,,,
Põhja-Eesti,koht,,,,
Põhja-Euroopa,koht,,,,
Põhja-Hiina tasandik,koht,,,,
põhjahommik,koht,,,,
põhjaida,koht,,,,
Põhja-Iirimaa,koht,,,,
Põhja-Jeemen,koht,,,,
Põhja-Jäämeri,koht,,,,
Põhjaka,koht,,,,
põhjakaar,koht,,,,
põhjakant,koht,,,,
Põhja-Karjala,koht,,,,
Põhja-Kaukaasia,koht,,,,
Põhja-Korea,koht,,,,
põhjakõrbemine,,,seisund,sündmus,nähtus_psühh
Põhjaküla,koht,,,,
Põhja-Küpros,koht,,,,
Põhjala,koht,,,,
põhjala,koht,,,,
Põhjalaht,koht,,,,
põhjalaius,koht,,,,esitus_mõõt
põhjalääs,koht,,,,
põhjamaa,koht,,,,
Põhjamaad,koht,,,,
põhjamaailm,koht,,,,
Põhja-Makedoonia,koht,,,,
Põhja-Mariaanid,koht,,,,
Põhjamere-Läänemere kanal,koht,,,,
Põhja-meretee,koht,,,,
Põhjameri,koht,,,,
põhjameri,koht,,,,
põhjanaaber,koht,,,,in_rahvas
põhjanaba,koht,,,,
põhjanurk,koht,,,,
Põhja-Näljastepp,koht,,,,
põhjaosa,koht,,,,
põhjaosariik,koht,,,,
Põhja-Osseetia,koht,,,,
põhjapiir,koht,,,,
põhjapiirkond,koht,,,,
Põhja-Pohjanmaa,koht,,,,
põhjapoolne,koht,,,,
põhjapoolus,koht,,,,esitus
põhjapöörijoon,koht,,,,
põhjarannik,koht,,,,
Põhja-Rein-Vestfaal,koht,,,,
Põhjariik,koht,,,,
Põhja-Rodeesia,koht,,,,
Põhjasaar,koht,,,,
Põhja-Savo,koht,,,,
põhjaserv,koht,,,,
põhjasopp,koht,,,,
Põhja-Šoti mägismaa,koht,,,,
Põhja-Tallinn,koht,,,,
põhjatiib,koht,,,,
põhjatipp,koht,,,,
põhjatus,,,seisund,,
Põhja-Uvaalid,koht,,,,
põhjaveehorisont,koht,,,,
põhjaveekiht,koht,,,,
põhjaveelade,koht,,,,
Põhja-Vietnam,koht,,,,
Põhjaväin,koht,,,,
põhjaõhtu,koht,,,,
põhjendamatus,,,seisund,,
põhjendatus,,,seisund,,
põhjuslikkus,,,seisund,,omadus_kval
põhuhoidla,koht,,,,
põhumaja,koht,,,,
põiehaigus,,,seisund,,
põiehalvatus,,,seisund,,
põiekas,,,seisund,,
põiekivi,,,seisund,,
põiekivitõbi,,,seisund,,
põiepakitsus,,,seisund,,
põiepidamatus,,,seisund,,
põiepõletik,,,seisund,,
põievähk,,,seisund,,
põigiti,koht,,seisund,,
põik,koht,,,,omadus_füüs
põiki,koht,,seisund,,
põikimurd,,,seisund,,
põikipragu,koht,,,,
põiklõhe,koht,,,,
põiklööv,koht,,,,
Põikma,koht,,,,
põikorg,koht,,,,
põikpragu,koht,,,,
põiksein,koht,,,,osa
põiktee,koht,,,,ese_semio
põiktänav,koht,,,,
Põikva,koht,,,,
põikvuuk,koht,,,,
Põima,koht,,,,
põimukuu,,aeg,,,esitus
põistangtõbi,,,seisund,,
Põitse,koht,,,,
põkk,koht,,,,"ese_instru, inimene, in_omadus"
põkkliide,koht,,,,ese_instru
põks,,,,sündmus,"nähtus_füüs, omadus_füüs, tegevus, tegevus_tegu"
põld,koht,,,,vald
Põlda,koht,,,,
Põlde,koht,,,,
Põldeotsa,koht,,,,
Põldmaa,koht,,,,
põlendik,koht,,,,
Põlendmaa,koht,,,,
põleng,,,,sündmus,
põletik,,,seisund,,
põletikukolle,koht,,,,
põletishaav,,,seisund,,
põletus,,,seisund,,"tegevus, tegevus_muutus"
põletushaav,,,seisund,,
põletuslaik,,,seisund,,
põletusmatus,,,,sündmus,
põletustunne,,,seisund,,
põletusvill,,,seisund,,
põlevil silmil,,,seisund,,
põlevi silmi,,,seisund,,
põlevkivibassein,koht,,,,
põlevkivielektrijaam,koht,,,,
põlevkivijaam,koht,,,,
põlevkivikaevandus,koht,,,,
põlevkivikarjäär,koht,,,,
põlevkivimaardla,koht,,,,materjal/aine
Põlgaste,koht,,,,
põli,,aeg,seisund,,abstr
põlisala,koht,,,,
põliskodu,koht,,,,
põlisküla,koht,,,,
põlislaas,koht,,,,taim
põlisloodus,koht,,,,
põlismets,koht,,,,taim
põlispark,koht,,,,
põlispõld,koht,,,,
põlistalu,koht,,,,
Põlli,koht,,,,
Põlliku,koht,,,,
Põllküla,koht,,,,
Põllu,koht,,,,
põllukraav,koht,,,,
Põlluküla,koht,,,,
põlluküngas,koht,,,,
põllulaam,koht,,,,
põllulage,koht,,,,
põllulahmakas,koht,,,,
põllulapike,koht,,,,
põllulapp,koht,,,,
põllumaa,koht,,,,
põllumajandusaasta,,aeg,,,
põllumajandusala,koht,,,,vald
põllumajandusettevõte,koht,,,,
põllumajanduskool,koht,,,,
põllumajandusloendus,,,,sündmus,tegevus
põllumajandusmaa,koht,,,,
põllumajandusmaastik,koht,,,,
põllumajandusministeerium,koht,,,,
põllumajandusnäitus,,,,sündmus,
põllumajandusühistu,koht,,,,
põllumajandusülikool,koht,,,,
põllumassiiv,koht,,,,
põllunukk,koht,,,,
põllunurk,koht,,,,
põllupealne,koht,,,,"omadus_füüs, omadus_koht"
põllupeenar,koht,,,,
põllupind,koht,,,,esitus_mõõt
põllurinnak,koht,,,,
põllutee,koht,,,,
põllutöökoda,koht,,,,
põllutöökool,koht,,,,ese_semio
põlluvahe,koht,,,,
põlluvahetee,koht,,,,
põlluveer,koht,,,,
põlluäär,koht,,,,
Põlma,koht,,,,
Põltsamaa,koht,,,,
põlu all,,,seisund,,
põlu alla,,,seisund,,
põlu alt,,,seisund,,
Põlula,koht,,,,
põlv,koht,aeg,seisund,,"abstr, ese, ese_riie, grupp, inimene, kehaosa"
Põlva,koht,,,,
Põlvamaa,koht,,,,
Põlva maakond,koht,,,,
põlvekoht,koht,,,,ese_riie
põlveltasend,,,seisund,,
põlvevalu,,,seisund,,
põlviliasend,,,seisund,,
põlvpüksteiga,,aeg,,,
põmm,,,,sündmus,"ADV_viis, nähtus_füüs, omadus_füüs, tegevus_tegu"
põndak,koht,,,,
põnevus,,,seisund,,omadus_psühh
põngerjapõli,,aeg,,,
põngerjapõlv,,aeg,,,
Põnni,koht,,,,
põnnipõli,,aeg,,,
põnnipõlv,,aeg,,,
põnt,koht,,,,kehaosa
põnts,,,seisund,,"nähtus_füüs, omadus_füüs"
põrand,koht,,,,objekt
põranda all,,,seisund,,
põranda alla,,,seisund,,
põrandaalune,koht,,,,"in_roll, omadus_koht, omadus_kval"
põrandapind,koht,,,,esitus_mõõt
põrandapragu,koht,,,,
Põrga,koht,,,,
põrge,,,,sündmus,tegevus_tegu
Põrgu,koht,,,,
põrgu,koht,,seisund,,"ADV_aste, esitus_keel_suhtlus"
põrguauk,koht,,,,
põrguhaud,koht,,,,
põrgukatel,koht,,seisund,,
põrguleek,koht,,,,
põrgu on lahti,,,seisund,,
põrgupiin,,,seisund,,
põrguriik,koht,,,,
põrgusuu,koht,,,,
põrgutee on sillutatud heade kavatsustega,,,seisund,,
põrgutuli,koht,,,,
põrguvärav,koht,,,,
Põripõllu,koht,,,,
põrkeveer,koht,,,,
põrm,,,seisund,,"abstr, materjal/aine, objekt_loodus, omadus"
põrnataud,,,seisund,,
põrnatõbi,,,seisund,,
Põrsaku,koht,,,,
Põrstõ,koht,,,,
Põru,koht,,,,
põrutus,,,seisund,,"abstr/konkr_omadus, nähtus_füüs, tegevus, tegevus_tegu"
põsekoopapõletik,,,seisund,,
põskkoopapõletik,,,seisund,,
põu,koht,,,,"ese_riie, kehaosa"
põua-aasta,,aeg,,,
põuakahjustus,,,seisund,,
põuakuiv,,,seisund,,omadus_füüs
põuakuivus,,,seisund,,
põuaperiood,,aeg,,,
põuasuvi,,aeg,,,
põud,,,seisund,,nähtus_loodus
Põvvatu,koht,,,,
põõsaslood,koht,,,,
põõsasniit,koht,,,,
Põõsaspea,koht,,,,
põõsastik,koht,,,,taim
põõsastu,koht,,,,taim
põõsatihnik,koht,,,,
põõsatundra,koht,,,,
Pädaste,koht,,,,
Päelda,koht,,,,
päev,,aeg,,sündmus,"esitus, esitus_mõõt, objekt_loodus"
päevaaeg,,aeg,,,
päevad on loetud,,,seisund,,
päevak,,,,sündmus,
päevake,,aeg,,,
päevakene,,aeg,,,
päevakeskus,koht,,,,
päevakodu,koht,,,,
päevakool,koht,,,,
päevakord,,,seisund,,"abstr, ese_semio"
päeval,,aeg,,,
päevalillepõld,koht,,,,
päeva lõpuks,,aeg,,,abstr/konkr
päevamärk,koht,,,,
päevapimesus,,,seisund,,
päevapool,koht,aeg,,,abstr
päevaspaa,,,,sündmus,
päevastatsionaar,koht,,,,
päevasüda,,aeg,,,
päevasündmus,,,,sündmus,
päevavari,,,seisund,,ese_instru
päev-paar,,aeg,,,
pähe,,,seisund,,"abstr, nähtus_psühh"
pähesaamine,,,seisund,,nähtus_psühh
Pähkla,koht,,,,
pähkliaasta,,aeg,,,
pähklimets,koht,,,,taim
Pähklimäe,koht,,,,
Pähni,koht,,,,
Päide,koht,,,,
Päidla,koht,,,,
Päidre,koht,,,,
Päigiste,koht,,,,
Päijänne,koht,,,,
Päijät-Häme,koht,,,,
päikeseaasta,,aeg,,,
päikeseaeg,,aeg,,,
päikeseallergia,,,seisund,,
päikeseelektrijaam,koht,,,,
päikesejaam,koht,,,,
päikesejõujaam,koht,,,,
päikesekahjustus,,,seisund,,
päikesekollektor,koht,,,,
päikesekuumus,,,seisund,,
päikeselinn,koht,,,,
päikesepark,koht,,,,
päikesepiste,,,seisund,,
päikeseplekk,koht,,,,
päikesepool,koht,,,,omadus_kval
päikesepõletus,,,seisund,,
päikesepäev,,aeg,,,
päikeserannik,koht,,,,
päikesereis,,,,sündmus,tegevus_tegu
päikesering,,,,sündmus,
päikeseseisak,,aeg,,,
päikesetekk,koht,,,,
päikesetempel,koht,,,,
päikesevari,koht,,seisund,,ese_instru
päikeseööpäev,,aeg,,,
Päiksi,koht,,,,
Päinurme,koht,,,,
päis,koht,,,,kehaosa_loom
päise päeva ajal,,aeg,,,
Päite,koht,,,,
päits,koht,,,,
Päka,koht,,,,
päkapikumaa,koht,,,,
Päkste,koht,,,,
Pällastvere,koht,,,,
Pälli,koht,,,,
Pällu,koht,,,,
Pältre,koht,,,,
pära,koht,,,,"ese_instru, materjal/aine"
pärakulõhe,,,seisund,,
Päraküla,koht,,,,
päralejõudmine,,,,sündmus,
päralt,,,seisund,,
pärandmaastik,koht,,,,
pärandniit,koht,,,,
pärapõhi,koht,,,,
pärapõrgu,koht,,,,
Pärase,koht,,,,
pärasoolevähk,,,seisund,,
pärast,,aeg,,,"ADV_aeg, ADV_viis"
pärast Kristust,,aeg,,,
pärastlõuna,,aeg,,,
pärastlõunatund,,aeg,,,
pärastpoole,,aeg,,,ADV_aeg
pärgsimss,koht,,,,
Päri,koht,,,,
pärilussõda,,,,sündmus,tegevus
Pärinurme,koht,,,,
päriselu,,,seisund,,nähtus
päriskodu,koht,,,,
päriskoht,koht,,,,
pärisorjus,,,seisund,,nähtus
Pärispea,koht,,,,
Pärispea poolsaar,koht,,,,
pärispõlv,,,seisund,,nähtus
Päris-Soome,koht,,,,
päristalu,koht,,,,
päritolumaa,koht,,,,
päritoluriik,koht,,,,
Pärivere,koht,,,,
pärjapanek,,,,sündmus,tegevus_tegu
pärlifarm,koht,,,,
Pärlijõe,koht,,,,
Pärlijõgi,koht,,,,
pärlikee,,,,sündmus,ese_kunst
pärlin,koht,,,,
pärmivabrik,koht,,,,
pärmseentõbi,,,seisund,,
Pärna,koht,,,,
pärnaallee,koht,,,,
pärnamets,koht,,,,taim
Pärnamäe,koht,,,,
pärnapuiestee,koht,,,,
Pärni,koht,,,,
pärnik,koht,,,,taim
Pärnjõe,koht,,,,
Pärnselja,koht,,,,
Pärnu,koht,,,,
Pärnu-Jaagupi,koht,,,,
Pärnu jõgi,koht,,,,
Pärnu laht,koht,,,,
Pärnumaa,koht,,,,
Pärnu maakond,koht,,,,
Pärsama,koht,,,,
Pärsi,koht,,,,
Pärsia,koht,,,,
Pärsia laht,koht,,,,
Pärsikivi,koht,,,,
pärssumus,,,seisund,,
Pärsti,koht,,,,
pärtel,,aeg,,,
pärtlipäev,,aeg,,,
pärusmaa,koht,,,,abstr/konkr
pärusmõis,koht,,,,
pärusvaldus,koht,,,,abstr/konkr
Pässä,koht,,,,
pätk,,,seisund,,
Pätsavere,koht,,,,
Pätsi aeg,,aeg,,,
Pätsu aeg,,aeg,,,
Päädeva,koht,,,,
Päärdu,koht,,,,
pääsemislootus,,,seisund,,
Pääsküla,koht,,,,
pääsla,koht,,,,
Pääsna,koht,,,,
päästeaktsioon,,,,sündmus,tegevus
päästeamet,koht,,,,
Päästearmee,koht,,,,
päästedepoo,koht,,,,
päästejaam,koht,,,,
päästekeskus,koht,,,,
päästekompanii,koht,,,,in_roll
päästeteenistus,koht,,,,
päästeõppus,,,,sündmus,
päästikpunkt,,,seisund,,
Pääväkese,koht,,,,
PÖFF,,,,sündmus,
pöiaviga,,,seisund,,
Pöide,koht,,,,
Pöide-Keskvere,koht,,,,
pöidla all,,,seisund,,
Pöitse,koht,,,,
pöögimets,koht,,,,taim
Pöögle,koht,,,,
Pööni,koht,,,,
pööning,koht,,,,kehaosa
pööningukamber,koht,,,,
pööningukord,koht,,,,
pööningukorrus,koht,,,,
pööningukorter,koht,,,,
pööningulagi,koht,,,,
pööninguvahelagi,koht,,,,
Pööra,koht,,,,
pöörak,koht,,,,abstr/konkr
pöörang,koht,,,,"abstr, ese_instru"
Pööravere,koht,,,,
pöördeaeg,,aeg,,,
pöördekoht,koht,aeg,,,
pöördepunkt,koht,aeg,,sündmus,
pöörderiba,koht,,,,
pöörduks,koht,,,,
pööre,koht,,,,"abstr/konkr, ese_instru, nähtus, tegevus, tegevus_tegu"
pööriaeg,,aeg,,,
pööring,,,,sündmus,tegevus
pööripäev,,aeg,,,
pööris,koht,,seisund,,"ese_instru, nähtus_loodus, taim, tegevus_tegu"
Pööritsa,koht,,,,
pööritus,,,seisund,,
pöörlemisperiood,,aeg,,,esitus_mõõt
pöörmekoht,koht,,,,
püeemia,,,seisund,,
püeliit,,,seisund,,
püelonefriit,,,seisund,,
pügajaraig,,,seisund,,
pügala,koht,,,,
pügaraig,,,seisund,,
Püha,koht,,,,
püha,,aeg,,,"esitus, esitus_keel_suhtlus, in_müt, in_omadus, omadus_kval, omadus_psühh"
Püha Aujärg,koht,,,,
pühaba,,aeg,,,esitus
pühadelaupäev,,aeg,,,
pühade vahe,,aeg,,,tegevus_kõnetegu
pühadevahe,,aeg,,,tegevus_kõnetegu
pühadus,,,seisund,,"esitus_tiitel, objekt"
Püha Helena saar,koht,,,,
Pühajõe,koht,,,,
Pühajärv,koht,,,,
Pühajärve,koht,,,,
pühakoda,koht,,,,
pühakutepäev,,aeg,,,
Püha-Kõnnu,koht,,,,
Pühalepa,koht,,,,
Pühalepa-Harju,koht,,,,
Püha Linn,koht,,,,
Püha Maa,koht,,,,
pühamu,koht,,,,
pühapaik,koht,,,,
pühapäev,,aeg,,,esitus
pühapäevak,,aeg,,,
pühapäevakool,koht,,,,
Püha Rooma riik,koht,,,,
pühasenulk,koht,,,,
pühasenurk,koht,,,,
Pühaste,koht,,,,
Püha Tool,koht,,,,abstr
Pühatu,koht,,,,
Püha Vaimu kirik,koht,,,,
Pühavaimu kirik,koht,,,,
püha õhtusöömaaeg,,,,sündmus,abstr/konkr
püha öö,,aeg,,,
pühendumus,,,seisund,,
Pühi,koht,,,,
pühitsus,,,seisund,,tegevus_tegu
pühvli aasta,,aeg,,,
pühvliaasta,,aeg,,,
püksid on naise jalas,,,seisund,,
püksid sõeluvad püüli,,,seisund,,
püloon,koht,,,,ese_instru
pülorospasm,,,seisund,,
püodermia,,,seisund,,
püonefriit,,,seisund,,
püonefroos,,,seisund,,
püorröa,,,seisund,,tegevus
püramiid,koht,,,,"ese, konkr, objekt"
püramiidmaja,koht,,,,
püreksia,,,seisund,,nähtus_loodus
Püreneed,koht,,,,
Pürenee poolsaar,koht,,,,
Pürksi,koht,,,,
pürofoobia,,,seisund,,
püromaania,,,seisund,,
püsi,,,seisund,,omadus_aeg
püsiasustus,koht,,,,
püsiehitis,koht,,,,
püsielupaik,koht,,,,
püsikestvus,,,seisund,,omadus_kval
püsimine,,,seisund,,
püsinäitus,,,,sündmus,
püsirahastus,,,seisund,,ese_raha
püsirohumaa,koht,,,,
püsisuhe,,,seisund,,
püsitus,,,seisund,,omadus_kval
Püssi,koht,,,,
püssirohuait,koht,,,,
püssirohukelder,koht,,,,
püssirohutorn,koht,,,,
püssirohutünni otsas,,,seisund,,
püssirohuveski,koht,,,,
Püssä,koht,,,,
püst,koht,,,,omadus_füüs
püstak,koht,,,,ese_instru
püstasend,,,seisund,,abstr_asend/suund
püstihädas,,,seisund,,
püstihätta,,,seisund,,
püstijala,,,seisund,,
püstijalabaar,koht,,,,
püstijalavastuvõtt,,,,sündmus,
püstik,koht,,,,ese_instru
püstine,koht,,,,omadus_füüs
püstiseismine,,,seisund,,
püstkoda,koht,,,,
püstloodis,koht,,,,"abstr_asend/suund, ADV_viis, omadus_füüs"
püstloodne,koht,,,,omadus_füüs
püstlõhe,koht,,,,
püstne,koht,,,,omadus_füüs
püstpöid,,,seisund,,
püuuria,,,seisund,,
püügiauk,koht,,,,
püügihooaeg,,aeg,,,
püügikoht,koht,,,,
püügikorda,,,seisund,,
püügikorras,,,seisund,,
püügiperiood,,aeg,,,
püügipäev,,aeg,,,
püügivalmis,,,seisund,,
püügivesi,koht,,,,
püügiõnn,,,seisund,,
püüliveski,koht,,,,
püüne,koht,,,,"abstr, vald"
püüniskraav,koht,,,,
püünisvagu,koht,,,,
Püünsi,koht,,,,
püütiamängud,,,,sündmus,
Pyongyang,koht,,,,
Pyrrhose võit,,,seisund,,
Qaidam,koht,,,,
Qarshi,koht,,,,
Qashqadaryo,koht,,,,
Qingdao,koht,,,,
Qinghai,koht,,,,
Qiqihar,koht,,,,
Qom,koht,,,,
Qo'qon,koht,,,,
Québec,koht,,,,
Queensland,koht,,,,
queer,,,seisund,,inimene
Quito,koht,,,,
R,,aeg,,,"esitus, esitus_keel_täht, esitus_mõõt, esitus_tähis"
raad,koht,,,,esitus
raada,koht,,,,in_roll
Raadama,koht,,,,
Raadi,koht,,,,
raadio,koht,,,,"abstr/konkr, ese_instru"
raadiojaam,koht,,,,"abstr/konkr, ese_instru"
raadiolokatsioonijaam,koht,,,,
raadiomajakas,koht,,,,
raadioruhv,koht,,,,
raadiosaatejaam,koht,,,,ese_instru
raadiosõlm,koht,,,,
raadioteater,koht,,,,ese_kunst
raadiotehas,koht,,,,
raadiovaikus,,,seisund,,
Raadivere,koht,,,,
Raadna,koht,,,,
Raaduvere,koht,,,,
Raagi,koht,,,,
Raahe,koht,,,,
Raakva nulk,koht,,,,
raam,,,seisund,,"ese, ese_instru, esitus_kujutis, omadus_kval"
Raamatu,koht,,,,
raamatuaasta,,aeg,,sündmus,
raamatuantikvariaat,koht,,,,
raamatuhoidla,koht,,,,
raamatukauplus,koht,,,,
raamatukogu,koht,,,,"ese_semio, grupp"
raamatukoguhoone,koht,,,,
raamatulaat,,,,sündmus,
raamatumess,,,,sündmus,
raamatunäitus,,,,sündmus,
raamatupidamine,koht,,,,"inimene, tegevus, vald"
raamatupidamiskohuslane,koht,,,,
raamatupidamiskohustuslane,koht,,,,
raamatupidamisosakond,koht,,,,
raamatupood,koht,,,,
raamatuturg,koht,,,,
raamatuäri,koht,,,,tegevus
Raanitsa,koht,,,,
Raasepori,koht,,,,
Raasiku,koht,,,,
Raassilla,koht,,,,
raatmaa,koht,,,,
raatus,koht,,,,
Raatvere,koht,,,,
Raavitsa,koht,,,,
raba,koht,,,,materjal/aine
rabaala,koht,,,,
rabadik,koht,,,,
rabajärv,koht,,,,
Rabaküla,koht,,,,
rabalaugas,koht,,,,
rabalava,koht,,,,
rabamaa,koht,,,,
rabamassiiv,koht,,,,
rabamatk,,,,sündmus,tegevus
rabamets,koht,,,,
rabamätas,koht,,,,
rabandus,,,seisund,,nähtus_psühh
rabandushoog,,,seisund,,
rabanõlv,koht,,,,
rabapeenar,koht,,,,
rabasaar,koht,,,,
Rabasaare,koht,,,,
rabasoo,koht,,,,
Rabat,koht,,,,
rabatt,koht,,,,"abstr/konkr, ese_riie"
Rabavere,koht,,,,
rabedus,,,seisund,,omadus_füüs
Rabivere,koht,,,,
rada,koht,,,,"abstr, esitus_kujutis"
Radaja,koht,,,,
radarijaam,koht,,,,
radikuliit,,,seisund,,
Radovel,koht,,,,
Radžastan,koht,,,,
Radviliškis,koht,,,,
Rae,koht,,,,
raeapteek,koht,,,,
Raegma,koht,,,,
raekabel,koht,,,,
raekelder,koht,,,,
raekoda,koht,,,,
raekohus,koht,,,,
raekojaplats,koht,,,,
raekojaväljak,koht,,,,
Raeküla,koht,,,,
Raela,koht,,,,
raeplats,koht,,,,
raesaal,koht,,,,
Raespa,koht,,,,
raeväljak,koht,,,,
Rafaḩ,koht,,,,
ragaad,,,seisund,,
Ragnit,koht,,,,
rahaasutus,koht,,,,
rahaauk,koht,,,,abstr
rahahäda,,,seisund,,
rahailm,koht,,,,
rahakitsikus,,,seisund,,
rahakoti peal,,,seisund,,
rahakott,,,seisund,,"abstr, ese_instru"
rahakriis,,,seisund,,
rahakukkur,,,seisund,,"abstr, ese_instru"
rahalaenaja,koht,,,,in_roll
rahaliit,koht,,,,abstr
rahaline tervis,,,seisund,,
rahalugemine,,,seisund,,
rahalõhn,,,seisund,,
rahamaailm,koht,,,,
rahamure,,,seisund,,abstr/konkr
raha nagu raba,,,seisund,,
rahanappus,,,seisund,,
rahandusaasta,,aeg,,,
rahandusamet,koht,,,,
rahandusasutus,koht,,,,
rahanduskriis,,,seisund,,
rahandusministeerium,koht,,,,
rahapada,koht,,,,"ese_instru, ese_raha"
rahapaja,koht,,,,
rahapaun,,,seisund,,"abstr, ese_instru"
rahapung,,,seisund,,"abstr, ese_instru"
rahapuudus,,,seisund,,
raha põleb taskus,,,seisund,,
rahastamisperiood,,aeg,,,
rahastu,koht,,,,"ese_raha, grupp"
rahavahetus,,,,sündmus,tegevus
rahekahjustus,,,seisund,,
Raheste,koht,,,,
rahetera,,,seisund,,nähtus_loodus
rahhiit,,,seisund,,
rahhiitiline käevõru,,,seisund,,
rahhiitiline roosikrants,,,seisund,,
Rahinge,koht,,,,
Rahivere,koht,,,,
Rahkama,koht,,,,
Rahkla,koht,,,,
Rahniku,koht,,,,
Rahnoja,koht,,,,
Rahtla,koht,,,,
Rahu,koht,,,,
rahu,koht,,seisund,,"ADV_viis, esitus_keel_suhtlus, tegevus, tegevus_kõnetegu"
rahuaeg,,aeg,,,
rahukogu,koht,,,,
rahukohus,koht,,,,
rahukonverents,,,,sündmus,
Rahukorpus,koht,,,,in_elukutse
rahukõnelused,,,,sündmus,tegevus
Rahula,koht,,,,
rahula,koht,,,,
rahuldatus,,,seisund,,
rahulikkus,,,seisund,,omadus_psühh
rahulolek,,,seisund,,
rahulolu,,,seisund,,
rahuläbirääkimised,,,,sündmus,tegevus
rahu majas,,,seisund,,
rahumeel,,,seisund,,
rahumeelne,,,seisund,,"omadus, omadus_psühh"
Rahumäe,koht,,,,
rahuolek,,,seisund,,
rahupaik,koht,,,,
rahupõli,,aeg,seisund,,
rahupõlv,,aeg,seisund,,
rahupüha,,aeg,,,
rahuriik,koht,,,,
rahusadam,koht,,seisund,,
Rahuste,koht,,,,
rahutagamismissioon,,,,sündmus,
rahutud jalad,,,seisund,,
rahutus,,,seisund,sündmus,omadus_füüs
rahutused,,,,sündmus,
rahutute jalgade sündroom,,,seisund,,
rahuvalve,koht,,,,tegevus
rahuvalvekompanii,koht,,,,
rahuvalvemissioon,,,,sündmus,
rahuvalvepataljon,koht,,,,
rahuvägi,koht,,,,
rahvaarmee,koht,,,,
rahvaesindus,koht,,,,in_roll
rahvahääletamine,,,,sündmus,"tegevus, tegevus_kõnetegu"
rahvahääletus,,,,sündmus,"tegevus, tegevus_kõnetegu"
rahvajooks,,,,sündmus,
rahvakirik,koht,,,,
rahvakohus,koht,,,,
rahvakomissariaat,koht,,,,
rahvakool,koht,,,,
rahvakoosolek,,,,sündmus,in_roll
rahvaküsitlus,,,,sündmus,"tegevus, tegevus_kõnetegu"
rahvaliikumine,,,,sündmus,tegevus
rahvaloendus,,,,sündmus,tegevus
rahvamaja,koht,,,,
rahvamatk,,,,sündmus,
rahvapidu,,,,sündmus,
rahvapidustus,,,,sündmus,
rahvaraamatukogu,koht,,,,
rahvarahutus,,,,sündmus,
rahvarevolutsioon,,,,sündmus,
rahvarinne,koht,,,,"in_roll, tegevus"
rahvatantsupidu,,,,sündmus,
rahvateater,koht,,,,
rahvavabariik,koht,,,,
rahvavalitsus,koht,,,,
rahvavõim,,,seisund,,abstr/konkr
rahvaõpistu,koht,,,,
rahvaülestõus,,,,sündmus,
rahvaülikool,koht,,,,
rahvaüritus,,,,sündmus,
rahvusarhiiv,koht,,,,
rahvusgalerii,koht,,,,
rahvuskaart,koht,,,,
rahvuskirik,,,seisund,,
rahvuskonflikt,,,seisund,,
rahvuskool,koht,,,,
rahvuskorpus,koht,,,,
rahvusmuuseum,koht,,,,
rahvusooper,koht,,,,
rahvuspark,koht,,,,
rahvuspüha,,aeg,,,
rahvusrestoran,koht,,,,
rahvusriik,koht,,,,
rahvusriiklus,,,seisund,,
rahvusringkond,koht,,,,
rahvusteater,koht,,,,
rahvusvabariik,koht,,,,
Rahvusvaheline Olümpiakomitee,koht,,,,
rahvusülikool,koht,,,,
raidportaal,koht,,,,
raidtõke,koht,,,,
raie,koht,,,,"esitus_keel, tegevus"
raieaeg,,aeg,,,
raieala,koht,,,,
raiefond,koht,,,,"abstr/konkr, grupp"
raiekoht,koht,,,,
raielank,koht,,,,
raiendik,koht,,,,taim
raierahu,,aeg,,,
raiering,,aeg,,,
raiesmaa,koht,,,,taim
raiesmik,koht,,,,taim
raiestik,koht,,,,taim
raig,,,seisund,,kehaosa
Raigaste,koht,,,,
Raigastvere,koht,,,,
Raigla,koht,,,,
Raigu,koht,,,,
Raikküla,koht,,,,
Raipur,koht,,,,
Raisio,koht,,,,
raisk,,,seisund,,"esitus_keel_suhtlus, tegevus, tegevus_tegu"
raisku,,,seisund,,
raiskuminek,,,seisund,,"tegevus, tegevus_tegu"
Raiste,koht,,,,
Raivola,koht,,,,
raj,koht,,,,
Raja,koht,,,,
raja,koht,,,,"abstr, esitus_kujutis"
rajakate,koht,,,,
Rajaküla,koht,,,,
rajamaa,koht,,,,
Rajangu,koht,,,,
Rajasthan,koht,,,,
rajatis,koht,,,,
rajoon,koht,,,,abstr/konkr
rajoonikeskus,koht,,,,
rajoonikomitee,koht,,,,
rajoonilinn,koht,,,,
raju,,,seisund,,"nähtus_loodus, omadus_kval"
Raka,koht,,,,
rake,koht,,,,"ese_instru, VERB_tegevus"
rakenduskõrgkool,koht,,,,
raketibaas,koht,,,,
raketirünnak,,,,sündmus,
raketivägi,koht,,,,
raketiüksus,koht,,,,
raketodroom,koht,,,,
rakk,,,seisund,,"ese_instru, nähtus_loodus, objekt_loodus, organism"
Rakke,koht,,,,
rakkekaev,koht,,,,
rakmepäev,,aeg,,,
raksu,,,seisund,,tegevus
raksus,,,seisund,,tegevus
Rakvere,koht,,,,
ralli,,,,sündmus,"nähtus, tegevus, vald"
rallikross,,,,sündmus,vald
rallisõit,,,,sündmus,"tegevus, vald"
ramadaan,,aeg,,,
Ramallah,koht,,,,
Rām Allāh,koht,,,,
rambipalavik,,,seisund,,
Rambouillet,koht,,,,
Rambova,koht,,,,
rambus,,,seisund,,nähtus_psühh
Rame,koht,,,,
Ramma,koht,,,,
rammestus,,,seisund,,nähtus_psühh
rammetus,,,seisund,,nähtus_psühh
Rammu,koht,,,,
Rammuka,koht,,,,
rammutukk,koht,,,,
ramp,koht,,,,"ese_instru, esitus_keel_suhtlus, materjal/aine, nähtus_füüs"
Rampe,koht,,,,
Rampsilaid,koht,,,,
Ramsi,koht,,,,
Ramstein,koht,,,,
Ramstein-Miesenbach,koht,,,,
Ranchi,koht,,,,
rand,koht,,,,ese_raha
randemaa,koht,,,,
randevuu,,,,sündmus,
Randivälja,koht,,,,
Randküla,koht,,,,
randla,koht,,,,
randmekanali sündroom,,,seisund,,
randmekanalisündroom,,,seisund,,
Randsalu,koht,,,,
randumissild,koht,,,,
Randvere,koht,,,,
rangis,,,seisund,,omadus
rangjalad,,,seisund,,kehaosa
rangjalgsus,,,seisund,,
Rangu,koht,,,,
Ranguun,koht,,,,
Ranna,koht,,,,
rannaala,koht,,,,
rannaastang,koht,,,,
rannaheinamaa,koht,,,,
rannahooaeg,,aeg,,,
rannahoone,koht,,,,
Rannajõe,koht,,,,
rannajärsak,koht,,,,
rannajärv,koht,,,,
rannak,koht,,,,
rannakarjamaa,koht,,,,
rannakuurort,koht,,,,
Rannaküla,koht,,,,
rannaküla,koht,,,,
rannalage,koht,,,,
rannaluide,koht,,,,
rannamadalik,koht,,,,
rannameri,koht,,,,
Rannametsa,koht,,,,
rannamoodustis,koht,,,,
Rannamõisa,koht,,,,
rannaniit,koht,,,,
rannanõlv,koht,,,,
rannapatarei,koht,,,,
rannapromenaad,koht,,,,
rannapuhkus,,,,sündmus,
Rannapungerja,koht,,,,
rannaresto,koht,,,,
rannarestoran,koht,,,,
rannariba,koht,,,,
rannasalong,koht,,,,
rannatasandik,koht,,,,
rannavall,koht,,,,
rannavalve,koht,,,,tegevus
rannavesi,koht,,,,materjal/aine
rannavorm,,,seisund,,omadus_füüs
rannavöönd,koht,,,,
rannaäärne,koht,,,,omadus_koht
rannik,koht,,,,
Ranniku,koht,,,,
rannikujärv,koht,,,,
rannikulinn,koht,,,,
rannikuluide,koht,,,,
rannikulõugas,koht,,,,
rannikumaa,koht,,,,
rannikumadalik,koht,,,,
rannikumeri,koht,,,,
rannikuriba,koht,,,,
rannikuvesi,koht,,,,materjal/aine
rannikuvöönd,koht,,,,
Rannu,koht,,,,
Ransi,koht,,,,
rantšo,koht,,,,
Raotu,koht,,,,
Rapla,koht,,,,
Raplamaa,koht,,,,
Rapla maakond,koht,,,,
rappaminek,,,seisund,,tegevus_tegu
raputatud lapse sündroom,,,seisund,,
raputus,,,seisund,,"tegevus, tegevus_tegu"
RAS,koht,,,,
rase,,,seisund,,"in_omadus, omadus_füüs"
rasedus,,,seisund,,
rasedusarm,,,seisund,,
rasedusdiabeet,,,seisund,,
raseduskrambid,,,seisund,,
raseduskriis,,,seisund,,
raseduskuu,,aeg,,,esitus_mõõt
raseduslaik,,,seisund,,
rasedusmürgistus,,,seisund,,
rasedusmürgitus,,,seisund,,
rasedusnädal,,aeg,,,esitus_mõõt
raseduspatoloogia,,,seisund,,
raseduspuhkus,,aeg,,,
rasedustoksikoos,,,seisund,,
rasestumatus,,,seisund,,
Rasina,koht,,,,
Rasivere,koht,,,,
raskejalgne,,,seisund,,"in_omadus, omadus_füüs"
raskejalgsus,,,seisund,,
Rassi,koht,,,,
Rassiku,koht,,,,
Rassiotsa,koht,,,,
rassirahutus,,,,sündmus,
Rastla,koht,,,,
rasuadenoom,,,seisund,,
rasukork,,,seisund,,
rasutsüst,,,seisund,,
rasuvool,,,seisund,,
Rasva,koht,,,,
rasva,,,seisund,,
rasvaminek,,,seisund,,
rasvas,,,seisund,,
rasvaturse,,,seisund,,
rasvemboolia,,,seisund,,
rasvkasvaja,,,seisund,,
rasvkudekasvaja,,,seisund,,
rasvmaks,,,seisund,,
rasvtuharus,,,seisund,,
rasvtõbi,,,seisund,,
rasvumine,,,seisund,,
rasvumus,,,seisund,,
rasvveresus,,,seisund,,
rasvväärastus,,,seisund,,
ratasring,koht,,,,
Ratla,koht,,,,
ratsaasend,,,seisund,,
ratsabaas,koht,,,,
ratsamatk,,,,sündmus,
ratsatalu,koht,,,,
ratsavõistlus,,,,sündmus,
ratsavägi,koht,,,,
rattajälg,koht,,,,esitus_kujutis
rattamaraton,,,,sündmus,
rattamatk,,,,sündmus,
rattaparkla,koht,,,,
rattarada,koht,,,,
rattaralli,,,,sündmus,
rattaringlus,,,seisund,,abstr/konkr
rattaroobas,koht,,,,esitus_kujutis
rattarööbas,koht,,,,esitus_kujutis
rattasurm,,,,sündmus,
rattatee,koht,,,,
Ratva,koht,,,,
Raua,koht,,,,
rauaaeg,,aeg,,,
rauakauplus,koht,,,,
rauakool,koht,,,,
rauapood,koht,,,,
rauapuudus,,,seisund,,
rauapuudusaneemia,,,seisund,,
rauavaegus,,,seisund,,
rauavaegusaneemia,,,seisund,,
Raudalu,koht,,,,
raudeesriie,,,seisund,,ese_instru
Raudla,koht,,,,
Raudlepa,koht,,,,
Raudna,koht,,,,
raudne eesriie,,,seisund,,
raudne haare,,,seisund,,
Raudoja,koht,,,,
Raudsepa,koht,,,,
Raudsepä,koht,,,,
raudtee,koht,,,,ese_instru
raudteejaam,koht,,,,
raudteekool,koht,,,,
raudteeliin,koht,,,,
raudteelõik,koht,,,,
raudteemagistraal,koht,,,,
raudteepolitsei,koht,,,,in_elukutse
raudteesild,koht,,,,
raudteetamm,koht,,,,
raudteetehas,koht,,,,
raudteetunnel,koht,,,,
raudteevaksal,koht,,,,
raudteeviadukt,koht,,,,
raudteevõrk,koht,,,,
raudteeülesõidukoht,koht,,,,
Raudvere,koht,,,,
Raudvärav,koht,,,,
raugaiga,,aeg,,,
raugapõli,,aeg,,,
raugapõlv,,aeg,,,
raugus,,,seisund,,omadus
raukar,koht,,,,
raukus,,,seisund,,
raukuskae,,,seisund,,
raukuskõhetus,,,seisund,,
raukusnõdrameelsus,,,seisund,,
Rauma,koht,,,,
raun,koht,,,,
raund,,,,sündmus,
Rauschen,koht,,,,
raut,,,,sündmus,
Rautina järv,koht,,,,
rautus,,,seisund,,tegevus
raveliin,koht,,,,
raviasutus,koht,,,,
Ravila,koht,,,,
ravila,koht,,,,
ravimiamet,koht,,,,
ravimifirma,koht,,,,
ravimihaigus,,,seisund,,
ravimihiid,koht,,,,
ravimimürgistus,,,seisund,,
ravimimürgitus,,,seisund,,
ravimisõltuvus,,,seisund,,
ravimitehas,koht,,,,
ravimitootja,koht,,,,
ravimtaimla,koht,,,,
ravinälgimine,,,seisund,,
ravipaast,,,seisund,,
raviprotseduur,,,,sündmus,tegevus
ravipuhkus,,aeg,,,
raviseanss,,,,sündmus,tegevus
Rawalpindi,koht,,,,
rdt,koht,,,,ese_instru
rdtj,koht,,,,
RE,koht,,,,
reaalaeg,,aeg,,,
reaalgümnaasium,koht,,,,
reaalia,,,seisund,,"abstr/konkr, vald"
reaalkool,koht,,,,
reaalsus,,,seisund,,"abstr, nähtus"
Reading,koht,,,,
reaktsiooniaeg,,aeg,,,
realiseerimisaeg,,aeg,,,
realiseerimiskeskus,koht,,,,
realiseerimistähtaeg,,aeg,,,
realiteet,,,seisund,,"abstr, nähtus"
reanimatsioon,koht,,,,"abstr/konkr, tegevus"
reanimatsiooniosakond,koht,,,,
reastus,,,seisund,,tegevus
Reastvere,koht,,,,
reavahe,koht,,,,
rebadel,,,seisund,,
rebadele,,,seisund,,
Rebala,koht,,,,
Rebase,koht,,,,
rebaseauk,koht,,,,
rebasefarm,koht,,,,
Rebasemõisa,koht,,,,
Rebaski,koht,,,,
Rebasmäe,koht,,,,
Rebaste,koht,,,,
rebaste ristimine,,,,sündmus,
rebend,koht,,seisund,,
rebestus,,,seisund,,
rebimishaav,,,seisund,,
Rebu,koht,,,,
Rebäse,koht,,,,
Rebäsemõisa,koht,,,,
Recife,koht,,,,
redaan,koht,,,,ese_instru
Red River,koht,,,,
redu,koht,,,,in_omadus
redupaik,koht,,,,
reduut,koht,,,,
reede,,aeg,,,esitus
reeglitus,,,seisund,,
Reegoldi,koht,,,,
Reeküla,koht,,,,
reele,,,seisund,,
reelingulatt,koht,,,,"ese, osa"
reepõlv,,aeg,,,
reesuskonflikt,,,seisund,,
reesussobimatus,,,seisund,,
reesõit,,,,sündmus,tegevus
reetee,koht,,,,
Reetia,koht,,,,
refektoorium,koht,,,,
referendum,,,,sündmus,"tegevus, tegevus_kõnetegu"
reflukshaigus,,,seisund,,
reformeeritud kirik,koht,,,,
reformierakond,koht,,,,
reformitud kirik,koht,,,,
refuugium,koht,,,,
regatt,,,,sündmus,
Regensburg,koht,,,,
regioon,koht,,,,
registratuur,koht,,,,
registreerimine,,,,sündmus,tegevus_tegu
registreerimislaud,koht,,,,
regulaararmee,koht,,,,in_roll
regulaarlend,,,,sündmus,
regulaarreis,,,,sündmus,
regulaarvägi,koht,,,,in_roll
rehabilitatsioonikeskus,koht,,,,
rehala,koht,,,,
Rehatse,koht,,,,
rehealune,koht,,,,
rehehoone,koht,,,,
rehekast,koht,,,,
Rehemetsa,koht,,,,
Rehemäe,koht,,,,
rehepars,koht,,,,
rehepeksupäev,,aeg,,,
rehepõrand,koht,,,,
Reheselja,koht,,,,
rehetare,koht,,,,
rehetuba,koht,,,,
rehi,koht,,,,"materjal/aine, tegevus"
rehielamu,koht,,,,
rehkendustund,,,,sündmus,
reid,koht,,,sündmus,"tegevus, tegevus_tegu"
reiesong,,,seisund,,
reig,,,seisund,,
Reigi,koht,,,,
Reigi-Nõmme,koht,,,,
Reikama,koht,,,,
Reims,koht,,,,
Rein,koht,,,,
Reina,koht,,,,
Reinevere,koht,,,,
reinfektsioon,,,seisund,,
Reini Kiltkivimäestik,koht,,,,
Reinimaa,koht,,,,
Reinimaa-Pfalz,koht,,,,
Reinse,koht,,,,
Reinu,koht,,,,
Reinumurru,koht,,,,
reis,koht,,,sündmus,"kehaosa, kehaosa_loom, tegevus"
reisibüroo,koht,,,,
reisifirma,koht,,,,
reisikorraldaja,koht,,,,in_elukutse
reisikõhulahtisus,,,seisund,,
reisimajake,koht,,,,
reisimajakene,koht,,,,
reisipakett,,,,sündmus,tegevus
reisipalavik,,,seisund,,
reisipäev,,aeg,,,
reisisadam,koht,,,,
reisisiht,koht,,,,
reisitee,koht,,,sündmus,
reisiterminal,koht,,,,
reisitõrge,,,,sündmus,
reisivintsutus,,,seisund,,
reisiväsimus,,,seisund,,
Reiu,koht,,,,
reiv,,,,sündmus,
reklaamibüroo,koht,,,,
reklaamifirma,koht,,,,
reklaamipaus,,aeg,,,
reklaamipind,koht,,,,
reklaampind,koht,,,,
rekonkista,,,,sündmus,tegevus
rekordaasta,,aeg,,,
rektoraat,koht,,,,inimene
relaksatsiooniaeg,,aeg,,,
relatiivsus,,,seisund,,
reliktjärv,koht,,,,
reljeef,koht,,,,"ese_kunst, esitus_kujutis, omadus_füüs"
reljeefivorm,koht,,,,
relvajõud,koht,,,,"abstr/konkr, grupp, konkr"
relvakamber,koht,,,,
relvakandmine,,,seisund,,tegevus
relvakoda,koht,,,,
relvakokkupõrge,,,,sündmus,
relvakonflikt,,,seisund,sündmus,
relvarahu,,,seisund,,
relva-SS,koht,,,,
relvaüksus,koht,,,,in_elukutse
relvistu,koht,,,,abstr/konkr
remanents,,,seisund,,
Remda,koht,,,,
Remniku,koht,,,,
remondikoda,koht,,,,
remonditöökoda,koht,,,,
remontla,koht,,,,
remter,koht,,,,
REM-uni,,,seisund,,
rendiettevõte,koht,,,,
rendifirma,koht,,,,
rendikoht,koht,,,,
rendileandja,koht,,,,in_tegija
rendimaa,koht,,,,
rendimõis,koht,,,,
rendipind,koht,,,,
renditaja,koht,,,,in_tegija
renditalu,koht,,,,
renessanss,,aeg,,,nähtus
Renfrewshire,koht,,,,
renn,koht,,,,
Rennes,koht,,,,
renoveering,,,seisund,,
rentei,koht,,,,
rentnik,koht,,,,in_roll
rentsel,koht,,,,
Reo,koht,,,,
reokreen,koht,,,,
Reola,koht,,,,
Reolasoo,koht,,,,
reomägi,koht,,,,
Reonda,koht,,,,
Reopalu,koht,,,,
reostatus,,,seisund,,
reostus,,,seisund,,tegevus
reoveekaev,koht,,,,
repertuaarikino,koht,,,,
repertuaariteater,koht,,,,
Repino,koht,,,,
repressiivaparaat,koht,,,,in_roll
repressiivorgan,koht,,,,in_elukutse
reproduktiivtervis,,,seisund,,
reservaat,koht,,,,
reserveeritud,,,seisund,,omadus_kval
reservmaa,koht,,,,
reservuaar,koht,,,,ese_instru
resident,koht,,,,"in_elukutse, in_omadus, in_roll"
residents,koht,,,,
residentsus,,,seisund,,
residentuur,koht,,seisund,,tegevus
resignatsioon,,,seisund,,
respekt,,,seisund,,nähtus_psühh
restauratsioon,,aeg,,,tegevus
restauratsiooniaeg,,aeg,,,
restkaev,koht,,,,
Resto,koht,,,,
resto,koht,,,,
restoran,koht,,,,
restoranitelk,koht,,,,ese_instru
restpõrand,koht,,,,
restriktsioon,,,seisund,,"nähtus_loodus, tegevus"
Restu,koht,,,,
Reẕā'īyeh,koht,,,,
Rēzekne,koht,,,,
režiipult,koht,,,,
retentsioon,,,seisund,,tegevus
Reti,koht,,,,
retiniit,,,seisund,,
retinoblastoom,,,seisund,,
retk,,,,sündmus,tegevus
Retla,koht,,,,
retriit,,,seisund,,
retrospektiiv,,,,sündmus,"ese_semio, omadus_kval, tegevus"
retseptsioon,koht,,,,"abstr, abstr/konkr"
retseptuur,koht,,,,"tegevus, vald"
retsess,,aeg,seisund,,"ese_semio, tegevus_kõnetegu"
reuma,,,seisund,,
reumatism,,,seisund,,
reumatoidartriit,,,seisund,,
Réunion,koht,,,,
Reval,koht,,,,
Revala,koht,,,,
revanšmatš,,,,sündmus,
reveranss,,,,sündmus,tegevus_tegu
reviir,koht,,,,
revokatsioon,,,,sündmus,tegevus_tegu
revolt,,,,sündmus,
revolutsioon,,,,sündmus,nähtus
revolutsioonikomitee,koht,,,,
revolutsioonisõjad,,,,sündmus,
revolutsioonitribunal,koht,,,,
revüüteater,koht,,,,
Reykjavík,koht,,,,
Rheinhessen-Pfalz,koht,,,,
Rheinland-Pfalz,koht,,,,
Rhode Island,koht,,,,
Rhodos,koht,,,,
Rhône,koht,,,,
riba,koht,,,,"esitus_kujutis, konkr, materjal/aine, toit"
ribi,koht,,,,"abstr/konkr, ese_instru, kehaosa, toit"
Rickul,koht,,,,
ridaelamu,koht,,,,
ridaelamuboks,koht,,,,
Ridaküla,koht,,,,
ridaküla,koht,,,,
Ridala,koht,,,,
Ridalepa,koht,,,,
ridamaja,koht,,,,
Ridase,koht,,,,
Ridasi,koht,,,,
rift,koht,,,,
rigiidsus,,,seisund,,omadus_psühh
Riguldi,koht,,,,
Rihkama,koht,,,,
rihveldus,koht,,,,
Riia,koht,,,,
Riia laht,koht,,,,
Riia-Ranna,koht,,,,
Riiassaare,koht,,,,
riid,,,,sündmus,tegevus_kõnetegu
Riidaja,koht,,,,
Riidaku,koht,,,,
Riidaküla,koht,,,,
Riidamäe,koht,,,,
riideait,koht,,,,
riidehoid,koht,,,,
riidehoiuruum,koht,,,,
riidekauplus,koht,,,,
riidepood,koht,,,,
riideruum,koht,,,,osa
riideäri,koht,,,,tegevus
Riidma,koht,,,,
riietehoid,koht,,,,
riietuskabiin,koht,,,,
riietusruum,koht,,,,osa
riigiaktsiaselts,koht,,,,
riigiamet,koht,,,,tegevus
riigiarhiiv,koht,,,,
riigiasutus,koht,,,,
riigidepartemang,koht,,,,
riigiduuma,koht,,,,
riigieksam,,,,sündmus,tegevus
riigiettevõte,koht,,,,
riigigümnaasium,koht,,,,
riigihaigla,koht,,,,
riigikantselei,koht,,,,
riigikassa,koht,,,,ese_raha
riigikirik,koht,,,,
riigikogu,koht,,,,
riigikohus,koht,,,,
riigikontroll,koht,,,,
riigikool,koht,,,,
riigileib,,,seisund,,
riigilinn,koht,,,,
riigimaa,koht,,,,
riigimaantee,koht,,,,
riigimaja,koht,,,,
riigimajand,koht,,,,
riigimets,koht,,,,taim
riigimetsamaa,koht,,,,
riigimetskond,koht,,,,
riigimõis,koht,,,,
riigiorgan,koht,,,,inimene
riigipank,koht,,,,
riigipankrot,,,seisund,,
riigiprokuratuur,koht,,,,
riigipäev,koht,,,,
riigipööre,,,,sündmus,
riigipüha,,aeg,,sündmus,
riigiraadio,koht,,,,
riigisektor,koht,,,,"in_elukutse, vald"
riigiteater,koht,,,,
riigitelevisioon,koht,,,,abstr
riigitoit,,,seisund,,toit
riigivisiit,,,,sündmus,
riigivõim,koht,,,,"abstr, in_elukutse"
riigivõlg,,,seisund,,ese_raha
Riihimäki,koht,,,,
Riihora,koht,,,,
riik,koht,,,,"abstr/konkr, nähtus_loodus, organism"
riiklus,,,seisund,,
riik riigis,,,seisund,,
riimveekogu,koht,,,,
riis,,,seisund,,"esitus_mõõt, taim, toit_vili"
Riisa,koht,,,,
riisiko,,,seisund,,nähtus_psühh
Riisipere,koht,,,,
riisiterrass,koht,,,,
Riisselja,koht,,,,
riist,koht,,,,"ese_instru, kehaosa"
riistakamber,koht,,,,
riistakuur,koht,,,,
Riitsilla,koht,,,,
riitus,,,,sündmus,tegevus
riiulifirma,koht,,,,
riiulile,,,seisund,,
riiulivahe,koht,,,,
riiv,,,seisund,,"ese_instru, kehaosa, omadus_füüs"
riivatus,,,seisund,,"abstr/konkr, tegevus_tegu"
Riiviku,koht,,,,
riivistus,,,seisund,,"abstr/konkr, tegevus"
riivlemine,,,seisund,,
riivlus,,,seisund,,
Rijeka,koht,,,,
Rikassaare,koht,,,,
rikastusvabrik,koht,,,,
rike,,,seisund,,"nähtus, nähtus_füüs, nähtus_loodus"
riketsioos,,,seisund,,
rikkiminek,,,seisund,,
rikkumine,,,,sündmus,tegevus
rikkus,,,seisund,,"ese_raha, nähtus_psühh, omadus_kval"
Riksdag,koht,,,,
Riksu,koht,,,,
rikutus,,,seisund,,nähtus_psühh
rimba,koht,,,,
Rimmi,koht,,,,
Rimmu,koht,,,,
rindealune,koht,,,,kehaosa
rindejoon,koht,,,,"abstr, tegevus"
rindelõik,koht,,,,
rindpalk,koht,,,,
ring,koht,,seisund,sündmus,"abstr/konkr, ese_instru, ese_kunst, esitus_kujutis, inimene, tegevus, VERB_nähtus, VERB_psühh, VERB_tegevus"
ringauditoorium,koht,,,,
ringhääling,koht,,,,"abstr/konkr, tegevus"
ringi,koht,,,,"abstr, ADV_koht, ADV_seisund"
ringiaeg,,aeg,,,
Ringiste,koht,,,,
ringkaitse,,,seisund,,"abstr/konkr, tegevus"
ringkanal,koht,,,,kehaosa_loom
ringkino,koht,,,,
ringkond,koht,,,,in_omadus
ringkonnakohus,koht,,,,
ringkäik,,,seisund,,"nähtus, tegevus"
ringmädanik,,,seisund,,
ringmäng,,,seisund,,tegevus_mäng
ringmüür,koht,,,,
ringpanoraamkino,koht,,,,
ringrada,koht,,,,
ringrajasõit,,,,sündmus,"tegevus, vald"
ringrajavõistlus,,,,sündmus,"tegevus, vald"
ringreis,,,,sündmus,tegevus
ringristmik,koht,,,,
ringsõit,,,,sündmus,tegevus
ringtee,koht,,,,
ringtreening,,,,sündmus,tegevus
Ringuta,koht,,,,
ringvall,koht,,,,
riniit,,,seisund,,
rinnaalune,koht,,,,"ese_riie, kehaosa"
rinnaangiin,,,seisund,,
rinnahaigus,,,seisund,,
rinnak,koht,,,,"kehaosa, objekt_loodus"
rinnakelmepõletik,,,seisund,,
rinnakool,,,seisund,,
rinnalseis,,,seisund,,
rinnanäärmepõletik,,,seisund,,
rinnanäärmevähk,,,seisund,,
rinnapõletik,,,seisund,,
rinnatis,koht,,,,
rinnatiseis,,,seisund,,
rinnatõbi,,,seisund,,
rinnavalu,,,seisund,,
rinnavähk,,,seisund,,
rinne,koht,,,,"abstr_asend/suund, abstr/konkr, esitus_kujutis, grupp, in_roll, taim, tegevus, vald"
rinnutu,,,seisund,,
rinnutus,,,seisund,,
Rinsi,koht,,,,
Río Bravo del Norte,koht,,,,
Rio de Janeiro,koht,,,,
Río de Oro,koht,,,,
Rio Grande,koht,,,,
Rio Negro,koht,,,,
Rioni,koht,,,,
ripats,koht,,,,"abstr/konkr, ese_instru, ese_kunst, inimene"
ripe,,,seisund,,"abstr_asend/suund, esitus_mõõt, omadus_füüs"
ripik,koht,,,,"ese, ese_instru, objekt_loodus"
rippaed,koht,,,,
rippkatus,koht,,,,
rippkonstruktsioon,koht,,,,
ripplagi,koht,,,,
ripplamang,,,seisund,,
rippliustik,koht,,,,nähtus_loodus
ripporg,koht,,,,
rippriist,koht,,,,"ese_instru, kehaosa"
rippsild,koht,,,,
ripptarind,koht,,,,
ripptorn,koht,,,,
rippuvus,,,seisund,,
risaliit,koht,,,,
risk,,,seisund,,nähtus_psühh
riskifond,koht,,,,ese_raha
riskirasedus,,,seisund,,
risosfäär,koht,,,,
rist,koht,,seisund,,"ese, ese_kunst, esitus_keel_suhtlus, esitus_kujutis"
ristakas,koht,,,,tegevus_tegu
ristakuti,koht,,,,
ristallergia,,,seisund,,
ristamisi,koht,,,,
riste,koht,,,,
Ristemäe,koht,,,,
risthambumus,,,seisund,,
risthoone,koht,,,,
Risti,koht,,,,
risti,koht,,seisund,,"abstr, ese_semio"
Risti asundus,koht,,,,
ristik,koht,,,,"esitus_kujutis, taim"
ristikogudus,koht,,,,in_roll
ristiks kaelas,,,seisund,,
ristikuvähk,,,seisund,,
ristikäik,koht,,,sündmus,tegevus
Ristiküla,koht,,,,
ristilöömine,,,,sündmus,
ristimine,,,,sündmus,
ristimiskabel,koht,,,,
ristimännik,koht,,,,taim
ristineljapäev,,aeg,,,
Ristipalo,koht,,,,
ristipäev,,aeg,,,
ristiretk,,,,sündmus,tegevus
ristis,koht,,,,
rististe,,,seisund,,abstr_asend/suund
ristisurm,,,,sündmus,
ristisõda,,,,sündmus,"nähtus_psühh, tegevus"
ristitee,koht,,,sündmus,
Ristivälja,koht,,,,
ristjatsed,,,,sündmus,
rist ja viletsus,,,seisund,,
ristkuppelkirik,koht,,,,
ristkäik,koht,,,,
ristlillik,koht,,,,
ristlus,,,,sündmus,tegevus
ristluupiirkond,koht,,,,
ristluuvalu,,,seisund,,
ristlööv,koht,,,,
ristmik,koht,,,,
Ristna,koht,,,,
ristnurk,koht,,,,
ristorg,koht,,,,
ristpalkmaja,koht,,,,
ristsed,,,,sündmus,abstr/konkr
ristseis,,,seisund,,"abstr, abstr_asend/suund"
Risttee,koht,,,,
risttee,koht,,,,abstr
risttänav,koht,,,,
ristvõlv,koht,,,,kehaosa
risuks,,,seisund,,
risupesa,koht,,,,
Risu-Suurküla,koht,,,,
ritraal,koht,,,,
Ritsa,koht,,,,
Ritsiko,koht,,,,
Riukiu saared,koht,,,,
Riuma,koht,,,,
rivaliteet,,,seisund,,
rivi,,,seisund,,"abstr_asend/suund, abstr/konkr, esitus_kujutis, grupp, konkr"
rividrill,,,,sündmus,tegevus
Riviera,koht,,,,
riviharjutus,,,,sündmus,tegevus
rivikord,,,seisund,,tegevus
rivistus,,,,sündmus,"abstr_asend/suund, abstr/konkr, in_roll"
rivist välja,,,seisund,,
rivist väljas,,,seisund,,
riviteenistus,,,seisund,,tegevus
riviõppus,,,,sündmus,tegevus
Rivne,koht,,,,
rjassakandmine,,,seisund,,
Rjazan,koht,,,,
RK,koht,,,,
rk,koht,,,,
rmtk,koht,,,,
Road Town,koht,,,,
robinsonaad,,,seisund,,"ese_semio, tegevus_tegu"
robotlaut,koht,,,,
Rocca al Mare,koht,,,,
Rodeesia,koht,,,,
Rodeesia ja Njassamaa,koht,,,,
rodeo,,,,sündmus,
Roela,koht,,,,
rogain,,,,sündmus,vald
Rogosi,koht,,,,
Rogosi-Mikita,koht,,,,
Rohe,koht,,,,
roheala,koht,,,,
roheidu,koht,,,,
rohekae,,,seisund,,
rohekoridor,koht,,,,
rohekus,,,seisund,,omadus_füüs_värv
roheline kae,,,seisund,,
roheline koridor,koht,,seisund,,
roheline laine,,,seisund,,
Roheline Mander,koht,,,,
Roheline Manner,koht,,,,
Roheline neem,koht,,,,
roheline vöönd,koht,,,,
Rohelise Neeme saared,koht,,,,
rohelus,koht,,,,"omadus_füüs_värv, taim"
Roheneem,koht,,,,
Roheneemesaared,koht,,,,
Rohense,koht,,,,
rohevahetus,,,,sündmus,tegevus
rohevöönd,koht,,,,
rohtaed,koht,,,,
rohtla,koht,,,,
rohtlaas,koht,,,,
rohtus,,,seisund,,
Rohu,koht,,,,
rohuaed,koht,,,,
Rohuküla,koht,,,,
rohumaa,koht,,,,
rohumätas,koht,,,,"objekt_loodus, taim, taim_omadus"
Rohuneeme,koht,,,,
rohuplats,koht,,,,
rohupood,koht,,,,
Rohusi,koht,,,,
rohusoo,koht,,,,
roid,,,seisund,,omadus_füüs
roidemurd,,,seisund,,
roidumus,,,seisund,,nähtus_psühh
roidvõlv,koht,,,,
roie,koht,,,,kehaosa
roim,,,,sündmus,tegevus_tegu
roiskkärbus,,,seisund,,
roiskveresus,,,seisund,,
Roiu,koht,,,,
ROK,koht,,,,
rokikontsert,,,,sündmus,
Rokina,koht,,,,
rokk-kontsert,,,,sündmus,
romaanivõistlus,,,,sündmus,
Romanov-na-Murmani,koht,,,,
romanss,,,,sündmus,ese_kunst
romantika,,,seisund,,nähtus_psühh
Rombergi test,,,,sündmus,tegevus
romula,koht,,,,
romuralli,,,,sündmus,tegevus
rondavel,koht,,,,
rondeel,koht,,,,
rongiavarii,,,,sündmus,
rongijaam,koht,,,,
rongiplahvatus,,,,sündmus,
rongiõnnetus,,,,sündmus,
Ronisoo,koht,,,,
Ronivere,koht,,,,
Rønne,koht,,,,
Roobaka,koht,,,,
roobas,koht,,,,esitus_kujutis
roobastee,koht,,,,
Roobe,koht,,,,
Roobi,koht,,,,
Roobuka,koht,,,,
rood,koht,,,,"inimene, konkr"
Roodevälja,koht,,,,
Roodi,koht,,,,
Roodu,koht,,,,
Roodva,koht,,,,
roog,koht,,,,"grupp, konkr, taim, toit"
roogkatus,koht,,,,
Rooglaiu,koht,,,,
roojamispakitsus,,,seisund,,
roojaoksendus,,,seisund,,
roojapidamatus,,,seisund,,
rookatus,koht,,,,
Rookse,koht,,,,
Rooküla,koht,,,,
rool,,,seisund,,ese_instru
roolikamber,koht,,,,
roolimaja,koht,,,,
Rooma,koht,,,,
Roomassaare,koht,,,,
roos,,,seisund,,"esitus_kujutis, konkr_omadus, taim, taim_õis"
roosa kliiketendustõbi,,,seisund,,
roosatähn,,,seisund,,
Roosi,koht,,,,
roosiaed,koht,,,,
rooside revolutsioon,,,,sündmus,
roosihaigus,,,seisund,,
roosi-jahukaste,,,seisund,,
Roosiku,koht,,,,
Roosilla,koht,,,,
Roosisaare,koht,,,,
Rooslepa,koht,,,,
Roosna,koht,,,,
Roosna-Alliku,koht,,,,
roospõletik,,,seisund,,
Roosta,koht,,,,
rooste,,,seisund,,"ADV_seisund, materjal/aine, omadus_füüs_värv"
roostehaigus,,,seisund,,
roosteplekk,koht,,,,
roostik,koht,,,,"grupp, taim"
Roostoja,koht,,,,
Rootova,koht,,,,
Rootsi,koht,,,,
Rootsi aeg,,aeg,,,
Rootsi-aegne,,aeg,,,
rootsiaegne,,aeg,,,
Rootsi-Aruküla,koht,,,,
Rootsi kardinad,,,seisund,,
Rootsiküla,koht,,,,
Rootsivere,koht,,,,
roov,koht,,,,ese_instru
Roovere,koht,,,,
roovialune,koht,,,,omadus_koht
roovistik,koht,,,,
roovitis,koht,,,,
rooväli,koht,,,,
Ropka,koht,,,,
Roquefort,koht,,,,toit
rosaarium,koht,,,,
rosaatsea,,,seisund,,
Rosario,koht,,,,
roseaatsea,,,seisund,,
Roseau,koht,,,,
roseool,,,seisund,,
Roskilde,koht,,,,
Roslep,koht,,,,
Rosma,koht,,,,
Rosona jõgi,koht,,,,
roster,koht,,,,
Rostock,koht,,,,
Rostov,koht,,,,
Rostov Doni ääres,koht,,,,
Rostovi oblast,koht,,,,
rostra,koht,,,,ese_instru
rostvärk,koht,,,,ese_instru
roš hašana,,aeg,,,
Roštšino,koht,,,,
rotatsism,,,seisund,,nähtus_füüs
rotaviirus,,,seisund,,objekt_loodus
roti aasta,,aeg,,,
rotiaasta,,aeg,,,
rotihammustustõbi,,,seisund,,
Rotterdam,koht,,,,
rotund,koht,,,,ese_riie
Rouen,koht,,,,
Rovaniemi,koht,,,,
Rovno,koht,,,,
Rzeczpospolita,koht,,,,
Rzeszów,koht,,,,
Ržev,koht,,,,
rtj,koht,,,,
Ruanda,koht,,,,
Ruanda-Urundi,koht,,,,
rubid,,,seisund,,
Rudolfi järv,koht,,,,
Ruhijärv,koht,,,,
Ruhingu,koht,,,,
ruhiorg,koht,,,,
Ruhja,koht,,,,
Ruhja jõgi,koht,,,,
Ruhnu,koht,,,,
Ruhr,koht,,,,
Ruhrimaa,koht,,,,
ruhv,koht,,,,
Ruhve,koht,,,,
Ruila,koht,,,,
Rūjiena,koht,,,,
rukis,koht,,,,"taim, toit_vili"
Rukki kanal,koht,,,,
rukkikuu,,aeg,,,esitus
Rukkiküla,koht,,,,
rukkimaarjapäev,,aeg,,,
rukkipõld,koht,,,,
Rukkirahu kanal,koht,,,,
rukkiväli,koht,,,,
rulapark,koht,,,,
rularada,koht,,,,
ruleerimisrada,koht,,,,
Rulli,koht,,,,
rullikuur,koht,,,,
rullirada,koht,,,,
rullisõit,,,,sündmus,tegevus
rulluisurada,koht,,,,
rumalus,,,seisund,,"omadus_kval, tegevus, tegevus_kõnetegu"
Rumba,koht,,,,
Rumeelia,koht,,,,
Rumeenia,koht,,,,
Rummi,koht,,,,
Rummu,koht,,,,
Rumpo,koht,,,,
Runö,koht,,,,
Rupsi,koht,,,,
ruptuur,,,seisund,,
Rusa,koht,,,,
Rusima,koht,,,,
Ruskavere,koht,,,,
Russalu,koht,,,,
Rustavi,koht,,,,
Rusthavi,koht,,,,
rustika,koht,,,,abstr/konkr
rusukalle,koht,,,,
rusukuhik,koht,,,,
rusutis,,,seisund,,nähtus_psühh
rusutus,,,seisund,,
Rutanzige järv,koht,,,,
Ruteenia,koht,,,,
Rutikvere,koht,,,,
Rutja,koht,,,,
Rutland,koht,,,,
rutt,,,seisund,,konkr_omadus
ruttu,,aeg,,,"ADV_aeg, ADV_viis"
Rutu mägi,koht,,,,
rutusti,,aeg,,,"ADV_aeg, ADV_viis"
Ruu,koht,,,,
Ruuba,koht,,,,
Ruudiküla,koht,,,,
ruugehallitus,,,seisund,,
Ruuksu,koht,,,,
ruum,koht,,,,"abstr, abstr/konkr, esitus_mõõt"
ruumikitsikus,,,seisund,,
ruuminappus,,,seisund,,
ruumipunkt,koht,,,,
ruumipuudus,,,seisund,,
Ruuna,koht,,,,
Ruusa,koht,,,,
Ruusmäe,koht,,,,
Ruutsi,koht,,,,
RV,koht,,,,
Rwanda,koht,,,,
Rõbinsk,koht,,,,
rõdu,koht,,,,
rõhtkaeveõõs,koht,,,,
rõhtlamang,,,seisund,,
rõhtripe,,,seisund,,
Rõhu,koht,,,,
rõhutus,,,seisund,,"omadus_füüs, tegevus"
rõivaait,koht,,,,
rõivahoid,koht,,,,
rõivakauplus,koht,,,,
rõivastusruum,koht,,,,osa
rõivistu,koht,,,,
Rõka,koht,,,,
rõkk,,,seisund,,
Rõkove,koht,,,,
Rõkovo,koht,,,,
Rõmeda,koht,,,,
rõngas,,,seisund,,"ese_instru, esitus_kujutis"
rõngasjärv,koht,,,,
rõngasmägi,koht,,,,
rõngassaar,koht,,,,
rõngasse,,,seisund,,
rõngasvald,koht,,,,
Rõngu,koht,,,,
Rõsna,koht,,,,
Rõssa,koht,,,,
Rõstla,koht,,,,
Rõude,koht,,,,
Rõue,koht,,,,
Rõuge,koht,,,,
rõugearm,koht,,,,
rõuged,,,seisund,,
rõugeepideemia,,,seisund,,
Rõuge-Matsi,koht,,,,
rõugemärk,koht,,,,
Rõuge Suurjärv,koht,,,,
Rõuma,koht,,,,
rõun,koht,,,,
Rõusa,koht,,,,
Rõuste,koht,,,,
rõõmsus,,,seisund,,
Rõõmu,koht,,,,
rõõmupidu,,,,sündmus,
rõõmutus,,,seisund,,omadus_psühh
Rõõsa,koht,,,,
Räbi,koht,,,,
räbukorsten,koht,,,,
Rädi,koht,,,,
rägastik,koht,,,,"abstr/konkr, konkr, taim"
Rägavere,koht,,,,
rähakõrb,koht,,,,
rähalood,koht,,,,
rähmane,,,seisund,,"omadus, omadus_füüs"
rähmasus,,,seisund,,
Räimaste,koht,,,,
Räisaku,koht,,,,
Räitsvere,koht,,,,
Rälbi,koht,,,,
Rälby,koht,,,,
Rämeda,koht,,,,
rämmar,,,,sündmus,
Rämsi,koht,,,,
ränd,,,,sündmus,"omadus_koht, tegevus"
rändeaeg,,aeg,,,
rändeala,koht,,,,
rändekoridor,koht,,,,
rändekriis,,,seisund,,
rändepeatus,,,,sündmus,
ränderahutus,,,seisund,,
rändetee,koht,,,,
rändetrass,koht,,,,
rändjõgi,koht,,,,
rändjärv,koht,,,,
rändkino,koht,,,,
rändlaager,koht,,,,
rändnäitus,,,,sündmus,
rändtsirkus,koht,,,,in_elukutse
rändurielu,,,seisund,,
Rängle,koht,,,,
Räni,koht,,,,
räni,,,seisund,,materjal/aine
Räniorg,koht,,,,
ränipuit,,,seisund,,
ränk,koht,,,,"abstr, objekt_loodus, omadus, omadus_füüs, omadus_kval, omadus_psühh"
rännak,,,,sündmus,tegevus
rännakupuhkus,,aeg,seisund,,
rännukihk,,,seisund,,
räpasus,,,seisund,,
Räpina,koht,,,,
räpnaauk,koht,,,,
Räpo,koht,,,,
räppen,koht,,,,
räsasjalad,,,seisund,,kehaosa
räsasjalgne,,,seisund,,omadus
Räsna,koht,,,,
Rässa,koht,,,,
Rätla,koht,,,,
Rätsepa,koht,,,,
rätsepaiste,,,seisund,,abstr_asend/suund
rätsepiste,,,seisund,,abstr_asend/suund
Rävala,koht,,,,
Rääbise,koht,,,,
Räägi,koht,,,,
Räägu,koht,,,,
Rääka,koht,,,,
Rääma,koht,,,,
Rääptsova,koht,,,,
Rääsa,koht,,,,
Rääski,koht,,,,
Rääsolaane,koht,,,,
räästaalune,koht,,,,omadus_füüs
räästakarniis,koht,,,,
räästakast,koht,,,,
räästapärlin,koht,,,,
räätsamatk,,,,sündmus,
Röa,koht,,,,
röntgenikabinet,koht,,,,
röstikoda,koht,,,,
röstla,koht,,,,
rööbas,koht,,seisund,,"ese_instru, esitus_kujutis"
rööbastee,koht,,,,
rööbastik,koht,,,,
rööpast välja,,,seisund,,
rööpast väljas,,,seisund,,
rööpmestik,koht,,,,
Röösa,koht,,,,
röövikujärk,,aeg,,,
röövikustaadium,,aeg,,,
röövkäik,,,,sündmus,tegevus
röövlikoobas,koht,,,,
röövlipesa,koht,,,,
röövretk,,,,sündmus,tegevus
röövsõda,,,,sündmus,
röövvallutus,,,,sündmus,tegevus
rübi,koht,,,,ese_instru
rügement,koht,,,,konkr
Rügen,koht,,,,
rühihäire,,,seisund,,
rühm,koht,,,,"abstr, abstr/konkr, ese, inimene, materjal/aine"
rühmaabielu,,,seisund,,
rühmanäitus,,,,sündmus,
rühmareis,,,,sündmus,tegevus
rühmatuba,koht,,,,
Rünga,koht,,,,
rüngas,koht,,,,objekt_loodus
rünk,koht,,,,objekt_loodus
rünkpilvitus,,,seisund,,
rünnak,,,,sündmus,"tegevus, tegevus_tegu"
rünne,,,,sündmus,"tegevus, tegevus_tegu"
rüpes,,,seisund,,
rüpest,,,seisund,,
rüpp,koht,,,,kehaosa
rüppe,,,seisund,,
rüsakoht,koht,,,,
rüselus,,,,sündmus,tegevus
rüsin,,,,sündmus,tegevus
rüsivall,koht,,,,
Rütavere,koht,,,,
rüüstekäik,,,,sündmus,tegevus
rüüsteretk,,,,sündmus,tegevus
rüütelkonnakomitee,koht,,,,
rüütliakadeemia,koht,,,,
rüütliloss,koht,,,,
rüütlimõis,koht,,,,
rüütliordu,koht,,,,
rüütliturniir,,,,sündmus,
S,koht,,,,"esitus, esitus_keel_täht, esitus_mõõt, materjal/aine"
s,koht,,,,"ese_raha, esitus, esitus_keel_täht, esitus_mõõt, esitus_tähis"
SA,koht,,,,
Saabolda,koht,,,,
saab siiber,,,seisund,,
saabumiskohv,,,,sündmus,toit_jook
saadik,koht,aeg,,,"ADV_modaalsus, in_elukutse, in_roll"
saadikupuutumatus,,,seisund,,
saadikutekoda,koht,,,,
Saadjärv,koht,,,,
Saadjärve,koht,,,,
saaga,,,,sündmus,"ese_kunst, ese_semio"
saagiaasta,,aeg,,,
Saagri,koht,,,,
Saagrimäe,koht,,,,
saagõmblus,koht,,,,
saajad,,,,sündmus,"grupp, in_roll"
saajapäev,,aeg,,,
saajasõit,,,,sündmus,
saal,koht,,,,in_roll
Saale,koht,,,,
saalkirik,koht,,,,
Saalomoni Saared,koht,,,,
Saalomoni saared,koht,,,,
Saamimaa,koht,,,,
Saanika,koht,,,,
saanisõit,,,,sündmus,tegevus
saanitee,koht,,,,
Saapamaa,koht,,,,
saar,koht,,,,"esitus, materjal/aine, taim"
Saara,koht,,,,
Saarbrücken,koht,,,,
Saarde,koht,,,,
Saardu,koht,,,,
Saare,koht,,,,
saareke,koht,,,,
Saareküla,koht,,,,
Saaremaa,koht,,,,
Saare maakond,koht,,,,
saaremets,koht,,,,taim
Saaremetsa,koht,,,,
Saaremõisa,koht,,,,
Saareotsa,koht,,,,
Saarepeedi,koht,,,,
Saarepõllu,koht,,,,
saareriik,koht,,,,
saarestik,koht,,,,
saaresurm,,,seisund,,
Saari,koht,,,,
saarik,koht,,,,taim
Saarimaa,koht,,,,
saaristu,koht,,,,
Saarjärve,koht,,,,
saarkaar,koht,,,,
Saarküla,koht,,,,
Saarlasõ,koht,,,,
saarlava,koht,,,,
saarmägi,koht,,,,
Saarnaki laid,koht,,,,
Saarnakõrve,koht,,,,
Saaron,koht,,,,
Saaroni tasandik,koht,,,,
saaros,,aeg,,,
saartalitlus,,,seisund,,
Saartneem,koht,,,,
saastatus,,,seisund,,
saaste,,,seisund,,VERB_tegevus
Saastna,koht,,,,
saastumus,,,seisund,,
saastus,,,seisund,,
saat,koht,,,,
saatan peitub detailides,,,seisund,,
saatan peitub pisiasjades,,,seisund,,
Saate,koht,,,,
saateaeg,,aeg,,,
saatejaam,koht,,,,
saatel,,,seisund,,abstr
saatepäev,,aeg,,,
saatetund,,aeg,,,
saati,koht,aeg,,,ADV_modaalsus
saatkond,koht,,,,inimene
Saatse,koht,,,,
Saatse nulk,koht,,,,
Saatse saabas,koht,,,,
saatus,,,seisund,,abstr
saatuselöök,,,,sündmus,
saavutusvajadus,,,seisund,,
Saba,koht,,,,
sabajuurikas,,,seisund,,kehaosa_loom
sabapealne,koht,,,,
Sabasţīyah,koht,,,,
sabat,,aeg,,sündmus,
sabin,,,seisund,,"nähtus_füüs, nähtus_loodus, tegevus"
Saburi,koht,,,,
Sabõrna,koht,,,,
sadakond,koht,,,,"esitus_arv, in_roll"
Sadala,koht,,,,
sadam,koht,,,,
Sadama,koht,,,,
sadamabassein,koht,,,,
sadamakai,koht,,,,
sadamakoht,koht,,,,
sadamaladu,koht,,,,
sadamalinn,koht,,,,
sadamarajatis,koht,,,,
sadamasild,koht,,,,
sadamasuu,koht,,,,
Sadramõtsa,koht,,,,
Saduküla,koht,,,,
sadul,koht,,,,ese_instru
sadulas püsima,,,seisund,,
sadulselg,,,seisund,,
sadultorn,koht,,,,
Sae,koht,,,,
saekaater,koht,,,,ese_instru
saekoda,koht,,,,
Saetamme,koht,,,,
saetee,koht,,,,
saetööstus,koht,,,,vald
saeveski,koht,,,,
safari,,,,sündmus,
Sagadi,koht,,,,
Sagariste,koht,,,,
sagedusala,koht,,,,
sagedusluba,koht,,,,
sagedusriba,koht,,,,
sagedusvahemik,koht,,,,
Sagevere,koht,,,,
Saha,koht,,,,
Sahara,koht,,,,
Sahara-tagune Aafrika,koht,,,,
Sahargu,koht,,,,
Sahel,koht,,,,
Sahha,koht,,,,
Sahhalin,koht,,,,
Sahhalini oblast,koht,,,,
sahtlipõhi,,,seisund,,ese
sahver,koht,,,,
Saia,koht,,,,
Saiakang,koht,,,,
Saiakopli,koht,,,,
Saia käik,koht,,,,
Saiakäik,koht,,,,
saiapood,koht,,,,
Saigon,koht,,,,
Saika,koht,,,,
Saikla,koht,,,,
Saimaa,koht,,,,
Saint-Barthélemy,koht,,,,
Saint-Denis,koht,,,,
Saint George's,koht,,,,
Saint Helena,koht,,,,
Saint John's,koht,,,,
Saint Kitts ja Nevis,koht,,,,
Saint Lawrence,koht,,,,
Saint Lucia,koht,,,,
Saint-Martin,koht,aeg,,,
Saint Paul,koht,,,,
Saint-Pierre,koht,,,,
Saint-Pierre ja Miquelon,koht,,,,
Saint Vincent,koht,,,,
Saint Vincent ja Grenadiinid,koht,,,,
Saipan,koht,,,,
Sair,koht,,,,
saj,,aeg,,,
saja-aastane sõda,,,,sündmus,
Sajaanid,koht,,,,
sajand,,aeg,,,
sajandialgus,,aeg,,,
sajandijuubel,,,,sündmus,
sajandilõpp,,aeg,,,
sajandivahetus,,aeg,,,
sajuala,koht,,,,
sajuperiood,,aeg,,,
sajupäev,,aeg,,,
Saka,koht,,,,
Sakala,koht,,,,
Sakala kõrgustik,koht,,,,
Saki,koht,,,,
sakk,koht,,seisund,,
Sakla,koht,,,,
saklja,koht,,,,
sakraalehitis,koht,,,,
Saksa,koht,,,,
Saksa aeg,,aeg,,,
Saksa Demokraatlik Vabariik,koht,,,,
Saksa DV,koht,,,,
Saksa Edela-Aafrika,koht,,,,
Saksa Föderatiivne Vabariik,koht,,,,
Saksa Ida-Aafrika,koht,,,,
saksakamber,koht,,,,
Saksaküla,koht,,,,
Saksamaa,koht,,,,
Saksamaa Liitvabariik,koht,,,,
Saksa ordu,koht,,,,
Saksa-Rooma riik,koht,,,,
Saksa Samoa,koht,,,,
saksatuba,koht,,,,
Saksa Uus-Guinea,koht,,,,
Saksi,koht,,,,
Saksi-Anhalt,koht,,,,
Saksimaa,koht,,,,
sakstekamber,koht,,,,
Saku,koht,,,,
Sakudi,koht,,,,
Saku lihas,,,seisund,,
Sakurgi,koht,,,,
Sakussaare,koht,,,,
Salacgrīva,koht,,,,
saladus,,,seisund,,abstr/konkr
saladuseloor,,,seisund,,
saladuskate,,,seisund,,
saladusloor,,,seisund,,
Salajõe,koht,,,,
salajõgi,koht,,,,
salakamber,koht,,,,
salakoi,,,seisund,,
salakoosolek,,,,sündmus,
salakorter,koht,,,,
salakõrts,koht,,,,
salakäik,koht,,,,"tegevus_mäng, tegevus_tegu"
Salaküla,koht,,,,
salaliit,koht,,,,inimene
salamaailm,koht,,,,
Salamanca,koht,,,,
salanõukogu,koht,,,,
salanõupidamine,,,,sündmus,
salapaik,koht,,,,
salapolitsei,koht,,,,
salaselts,koht,,,,inimene
salaside,,,seisund,,
salasoov,,,seisund,,
salastatus,,,seisund,,tegevus
salasuhe,,,seisund,,
salateenistus,koht,,,,
salatrükikoda,koht,,,,
Salatse,koht,,,,
Salatsi,koht,,,,
salatõbi,,,seisund,,
salaurgas,koht,,,,
Salavat,koht,,,,
Salavere,koht,,,,
salaühing,koht,,,,inimene
Salda,koht,,,,
Saldus,koht,,,,
Salehard,koht,,,,
Salevere,koht,,,,
Salinõmme,koht,,,,
Salisbury,koht,,,,
salku,,,seisund,,
salkus,,,seisund,,
Salla,koht,,,,
salm,koht,,,,"ese_kunst, ese_semio"
Salme,koht,,,,
Salmistu,koht,,,,
salmonelloos,,,seisund,,
Salo,koht,,,,
salong,koht,,,sündmus,"ese_instru, inimene"
salongiõhtu,,,,sündmus,
Saloniki,koht,,,,
salooga,,aeg,,,
saloon,koht,,,,
Salop,koht,,,,
Salosaar,koht,,,,
Salpausselkä,koht,,,,
salpingiit,,,seisund,,
Salzburg,koht,,,,
Salt Lake City,koht,,,,
Salu,koht,,,,
salu,koht,,,,taim
salukuusik,koht,,,,taim
salu-lehtmets,koht,,,,taim
salumets,koht,,,,taim
Salumetsa,koht,,,,
Salumäe,koht,,,,
salumännik,koht,,,,taim
Saluora,koht,,,,
Salutaguse,koht,,,,
salv,koht,,,,"ese_instru, materjal/aine"
Salvador,koht,,,,
salvkaev,koht,,,,
Salween,koht,,,,
samaaegsus,,aeg,,,
Samaara,koht,,,,
Samaaria,koht,,,,
samal lainel,,,seisund,,
Samara,koht,,,,
Samarina,koht,,,,
Samarkand,koht,,,,
samasooliste abielu,,,seisund,,
samasus,,,seisund,,abstr
samasuvine,,aeg,,,omadus
samaväärsus,,,seisund,,
sambakarneval,,,,sündmus,
Sambesi,koht,,,,
Sambia,koht,,,,
samblasoo,koht,,,,
samblikumännik,koht,,,,
Sambu,koht,,,,
Samegrelo,koht,,,,
sametrevolutsioon,,,,sündmus,
Samliku,koht,,,,
Samma,koht,,,,
sammalduma,,,seisund,,VERB_muutus
sammal kasvab selga,,,seisund,,
sammas,koht,,seisund,,"abstr/konkr, ese_kunst, esitus_kujutis, objekt"
sammasait,koht,,,,
sammaskoda,koht,,,,
sammaskäik,koht,,,,
sammaspool,,,seisund,,
sammaspoolik,,,seisund,,
sammasportikus,koht,,,,
sammasrõdu,koht,,,,
sammassaal,koht,,,,
Sammaste,koht,,,,
sammastik,koht,,,,
sammasõu,koht,,,,
Samoa,koht,,,,
Sámos,koht,,,,
Sanaa,koht,,,,
sanaarium,koht,,,,
San Antonio,koht,,,,
sanatoorium,koht,,,,
sandarm,koht,,,,"in_elukutse, in_roll"
sandarmeeria,koht,,,,
sandarmivalitsus,koht,,,,
sandek,koht,,,,"ese, osa"
Sandi,koht,,,,
San Diego,koht,,,,
sandikoda,koht,,,,
sandileib,,,seisund,,
Sandimetsa,koht,,,,
Sandisuu,koht,,,,
Sandla,koht,,,,
Sandra,koht,,,,
sandur,koht,,,,
San Francisco,koht,,,,
Sangaste,koht,,,,
Sangelaid,koht,,,,
Sangla,koht,,,,
sanglepalodu,koht,,,,
sanglepamets,koht,,,,taim
sanglepik,koht,,,,taim
Sangõ,koht,,,,
sanitaarinspektsioon,koht,,,,
sanitaarkordon,koht,,,,
sanitaarpäev,,aeg,,,
sanitaarsõlm,koht,,,,
sanitaartsoon,koht,,,,
sanitaarvöönd,koht,,,,
San José,koht,,,,
San Juan,koht,,,,
Sankt Gotthard,koht,,,,
Sankt-Peterburg,koht,,,,
sanktsioon,,,seisund,,abstr/konkr
Şanlıurfa,koht,,,,
San Marino,koht,,,,
sansaara,,,seisund,,
San Salvador,koht,,,,
San Sebastián,koht,,,,
Sansibar,koht,,,,
sansõlm,koht,,,,
Santa Barbara,koht,,,,
Santa Cruz de Tenerife,koht,,,,
Santa Fe de Bogotá,koht,,,,
Santa Isabel,koht,,,,
Santander,koht,,,,
Santiago,koht,,,,
Santiago de Compostela,koht,,,,
Santo Domingo,koht,,,,
Santoríni,koht,,,,
Santos,koht,,,,
Santovi,koht,,,,
saoase,koht,,,,
Saône,koht,,,,
São Paulo,koht,,,,
São Tomé,koht,,,,
São Tomé ja Príncipe,koht,,,,
Sapi,koht,,,,
sapijuhapõletik,,,seisund,,
sapikivitõbi,,,seisund,,
sapipõiepõletik,,,seisund,,
Sapporo,koht,,,,
saps,,,seisund,,"kehaosa, kehaosa_loom, nähtus_loodus, omadus_füüs, tegevus_tegu"
sapsu,,,seisund,,
sapsus,,,seisund,,
sara,koht,,,,ese_instru
Saraatov,koht,,,,
Saragossa,koht,,,,
Sarajevo,koht,,,,
Sarakuste,koht,,,,
Saranoš,koht,,,,
Saransk,koht,,,,
sarapik,koht,,,,taim
Sarapuu,koht,,,,
sarapuumets,koht,,,,taim
saras,koht,,,,
sarasmaa,koht,,,,
Saratov,koht,,,,
Sardiinia,koht,,,,
sarg,koht,,,,
Sargasso meri,koht,,,,
Sargvere,koht,,,,
sari,,,,sündmus,"ese_instru, ese_kunst, ese_riie, ese_semio"
sarikaliigud,,,,sündmus,
sarikapaar,koht,,,,
sarikapenn,koht,,,,
sarikapidu,,,,sündmus,
sarikas,koht,,,,taim
sarimõrv,,,,sündmus,tegevus_tegu
Sarise,koht,,,,
sarivõistlus,,,,sündmus,
Sarja,koht,,,,
sarkofaag,koht,,,,ese_anum
sarkoom,,,seisund,,
sarlakid,,,seisund,,
sarlakiepideemia,,,seisund,,
Sarmaatia,koht,,,,
SARS,,,seisund,,
sars,,,seisund,,
Saru,koht,,,,
sarv,,,seisund,,"ese_instru, kehaosa, kehaosa_loom, materjal/aine"
Sarve,koht,,,,
Sarvemäe,koht,,,,
sarvis,,,seisund,,
sarvkestapõletik,,,seisund,,
sasipundar,,,seisund,,"abstr, konkr_omadus"
sasipusa,,,seisund,,abstr
Saskatchewan,koht,,,,
Saskatoon,koht,,,,
Sassi,koht,,,,
sassiminek,,,seisund,,
Sassukvere,koht,,,,
Satakunta,koht,,,,
satelliitlinn,koht,,,,
satelliitriik,koht,,,,
satraapia,koht,,,,
Satsu,koht,,,,
Satsõrina,koht,,,,
sattumus,,,,sündmus,
saturatsioon,,,seisund,,
saturnaalid,,,,sündmus,
saturnism,,,seisund,,
Sauaru,koht,,,,
Saudi,koht,,,,
Saudi Araabia,koht,,,,
Saue,koht,,,,
Saueaugu,koht,,,,
Saue-Mustla,koht,,,,
Saue-Putla,koht,,,,
Sauga,koht,,,,
Saukse,koht,,,,
Saula,koht,,,,
Saulepa,koht,,,,
Saulepi,koht,,,,
saun,koht,,,,tegevus
saunaesik,koht,,,,
saunakamber,koht,,,,osa
saunakoda,koht,,,,
saunakoht,koht,,,,
saunaköök,koht,,,,
Saunaküla,koht,,,,
saunamehekoht,koht,,,,
Saunametsa,koht,,,,
saunapidu,,,,sündmus,
saunapäev,,aeg,,,
saunaruum,koht,,,,osa
saunatagune,koht,,,,omadus_koht
saunaõhtu,,,,sündmus,
Saunja,koht,,,,
saunsuvila,koht,,,,
Saurova nulk,koht,,,,
Sauste,koht,,,,
Sausti,koht,,,,
Saustinõmme,koht,,,,
Sauvere,koht,,,,
Sauvälja,koht,,,,
Sava,koht,,,,
Savala,koht,,,,
Savalduma,koht,,,,
savann,koht,,,,
Savastvere,koht,,,,
Saverna,koht,,,,
Saviaugu,koht,,,,
saviauk,koht,,,,
savihoone,koht,,,,
savik,koht,,,,ese_instru
savikoda,koht,,,,
Savikoja,koht,,,,
Savikoti,koht,,,,
savikõrb,koht,,,,
Savilöövi,koht,,,,
savimaja,koht,,,,
Savimetsa,koht,,,,
Savimäe,koht,,,,
Savioja,koht,,,,
savi olema,,,seisund,,
savionn,koht,,,,
Savioru,koht,,,,
savipõrand,koht,,,,
Saviranna,koht,,,,
savitönk,koht,,,,
saviväljak,koht,,,,
Savka,koht,,,,
Savo,koht,,,,
Savoia,koht,,,,
Savonlinna,koht,,,,
Saxby,koht,,,,
Şaydā,koht,,,,
Schelde,koht,,,,
Schengen,koht,,,,
Schleswig,koht,,,,
Schleswig-Holstein,koht,,,,
Schlüsselburg,koht,,,,
Schnelli tiik,koht,,,,
Schwarzwald,koht,,,,
Schwerin,koht,,,,
Schwyz,koht,,,,
sclerosis multiplex,,,seisund,,
Scopuse mägi,koht,,,,
Scotland Yard,koht,,,,
SD,koht,,,,
sd,koht,,,,
SE,koht,,,,esitus
sea aasta,,aeg,,,
sea-aasta,,aeg,,,
seaaed,koht,,,,
seadistus,,,seisund,,tegevus
seadusandja,koht,,,,in_roll
seaduseandja,koht,,,,in_roll
seadusetus,,,seisund,,
seaduslikkus,,,seisund,,
seaduspärasus,,,seisund,,omadus_kval
seafarm,koht,,,,
seagripp,,,seisund,,
seajaht,,,,sündmus,
seakatk,,,seisund,,
sealaut,koht,,,,
sealilm,koht,,seisund,,
sealpoolsus,koht,,,,
seanss,,,,sündmus,
seasulg,koht,,,,
seatapp,,,,sündmus,"taim, tegevus"
Seattle,koht,,,,
seatõbi,,,seisund,,
seavabrik,koht,,,,
seaveristamine,,,,sündmus,tegevus
seborröa,,,seisund,,
sebra,koht,,,,"esitus_kujutis, loom"
second-hand,koht,,,,"ese, tegevus"
Seda,koht,,,,
sedapsi,,,seisund,,ADV_viis
Seeba,koht,,,,
seedehäire,,,seisund,,
seederike,,,seisund,,
seedermännimets,koht,,,,taim
seedrimets,koht,,,,taim
seek,koht,,,,VERB_abstr
seemendusjaam,koht,,,,
seemla,koht,,,,
seemneaasta,,aeg,,,
seemneistandik,koht,,,,
seemnelank,koht,,,,
seemnepank,koht,,,,
seemnepuistu,koht,,,,
seemnepõld,koht,,,,
seemnevoolus,,,seisund,,
seeneaasta,,aeg,,,
seenekoht,koht,,,,
seenekülv,koht,,,,tegevus
seenelkäik,,,,sündmus,tegevus
seenelkäimine,,,,sündmus,tegevus
seenemets,koht,,,,
seenemürgistus,,,seisund,,
seenemürgitus,,,seisund,,
seenering,koht,,,,taim_seen
seenhaigus,,,seisund,,
seenine,koht,,,,
seeniormaja,koht,,,,
seennakkus,,,seisund,,
seenpõletik,,,seisund,,
seentõbi,,,seisund,,
seenvähk,,,seisund,,
seeria,,,,sündmus,"abstr/konkr, ese_instru, ese_kunst, ese_semio"
seeriavõistlus,,,,sündmus,
Seeridsä nulk,koht,,,,
seerumtõbi,,,seisund,,
sees,,aeg,,,ese_riie
seesam,koht,,,,"esitus_keel_suhtlus, taim"
seestumus,,,seisund,,
seevald,koht,,,,
segaabielu,,,seisund,,
segaaktsiaselts,koht,,,,
segadik,,,seisund,,
segadus,,,seisund,,
segaduses,,,seisund,,
segainfektsioon,,,seisund,,
segakauplus,koht,,,,
segakool,koht,,,,
segamets,koht,,,,taim
seganakkus,,,seisund,,
segapuistu,koht,,,,
segapundar,,,seisund,,"abstr, konkr_omadus"
segasumm,koht,,,,
segasummasuvila,koht,,,,
segasusseisund,,,seisund,,
segatis,koht,,,,taim_liik
segiolek,,,seisund,,nähtus_psühh
segment,koht,,,,"esitus_kujutis, inimene, kehaosa, vald"
Seidla,koht,,,,
seik,,,,sündmus,abstr/konkr
seiklus,,,,sündmus,
seiklusmänguväljak,koht,,,,
seim,koht,,,,
seimik,koht,,,,
sein,koht,,,,"abstr, abstr/konkr, ese_instru, ese_semio, kehaosa, konkr"
seinaorv,koht,,,,
Seinapalu,koht,,,,
seinapragu,koht,,,,
seinatreening,,,,sündmus,tegevus
seinatühe,koht,,,,
seinaveer,koht,,,,
seinaäär,koht,,,,
Seine,koht,,,,
Seinäjoki,koht,,,,
Seira,koht,,,,
seireala,koht,,,,
seiresüsteem,koht,,,,
seis,koht,,seisund,,"abstr_asend/suund, esitus_info, esitus_keel_suhtlus, tegevus"
seisak,,,seisund,,tegevus
seisang,,,seisund,,
Seiskari,koht,,,,
seismojaam,koht,,,,
seismoloogiajaam,koht,,,,
seisuaeg,,aeg,,,
seisuga,,aeg,,,
seisukoht,koht,,,,"abstr, abstr/konkr"
seisukord,,,seisund,,
seisund,,,seisund,,abstr
seisupäev,,aeg,,,
seisus,,,seisund,,inimene
seisusevahe,,,seisund,,
seisuveekogu,koht,,,,
Seišelli,koht,,,,
Seišellid,koht,,,,
seitel,koht,,,,esitus_kujutis
seitse,,aeg,,,"abstr/konkr, esitus_arv, konkr, omadus_kval"
seitseteist,,aeg,,,"esitus_arv, omadus"
seitsmekümnendad,,aeg,,,
seitsmemagajapäev,,aeg,,,
seitsmevennapäev,,aeg,,,
seitsmevõistlus,,,,sündmus,in_tegija
SEJ,koht,,,,
sej,koht,,,,
sekeldus,,,,sündmus,tegevus
Sekem,koht,,,,
sekkar,koht,,,,
sekkumatus,,,seisund,,
sekretariaat,koht,,,,in_elukutse
seksipood,koht,,,,
seksipoos,,,seisund,,
sekspood,koht,,,,
seksrevolutsioon,,,,sündmus,
seksuaalhäire,,,seisund,,
seksuaalrevolutsioon,,,,sündmus,
seksuaalsuhe,,,seisund,,
seksuaaltervis,,,seisund,,
sektor,koht,,,,"esitus_kujutis, inimene, vald"
sektsioon,koht,,,,"ese_instru, in_roll, tegevus"
sektsioonelamu,koht,,,,
sekund,,aeg,,,"abstr/konkr, esitus_mõõt"
sekunda,koht,,,,
sekunditemäng,,,seisund,,
selektsiooniaed,koht,,,,
selektsioonijaam,koht,,,,
Selenge,koht,,,,
selg,koht,,,,"ese, ese_riie, ese_semio, inimene, kehaosa, kehaosa_loom, konkr, osa"
selga,koht,,seisund,,"ADV_koht, tegevus"
Selgase,koht,,,,
Selgise,koht,,,,
selgrookõverdus,,,seisund,,
selgroomurd,,,seisund,,
selgroopõletik,,,seisund,,
selgrootuberkuloos,,,seisund,,
selgusehetk,,,seisund,,tegevus_tegu
selgushetk,,,seisund,,tegevus_tegu
Seli,koht,,,,
Seliger,koht,,,,
Sēlija,koht,,,,
Seliküla,koht,,,,
selilidistants,koht,,,,
Seli-Nurme,koht,,,,
Selise,koht,,,,
Seliste,koht,,,,
Selja,koht,,,,
seljaajukasvaja,,,seisund,,
seljaajukuive,,,seisund,,
seljaajupõletik,,,seisund,,
seljaajusong,,,seisund,,
seljahäda,,,seisund,,
seljak,koht,,,,
Seljaküla,koht,,,,
Seljametsa,koht,,,,
seljandik,koht,,,,
seljas,koht,,seisund,,"ADV_koht, tegevus"
seljasirutus,,,seisund,,tegevus_tegu
seljast,koht,,seisund,,"ADV_koht, tegevus"
seljatagune,koht,,,,"abstr, ese_instru, omadus_füüs, omadus_psühh"
seljavalu,,,seisund,,
seljaveeris,koht,,,,
Selli,koht,,,,
selliaasta,,aeg,,,
sellieksam,,,,sündmus,
selts,koht,,seisund,,"abstr, inimene"
seltsimaja,koht,,,,
Seltsisaared,koht,,,,
seltskond,,,seisund,,inimene
selva,koht,,,,
selvehall,koht,,,,
selvekassa,koht,,,,ese_instru
selvekauplus,koht,,,,
selvepesula,koht,,,,
selvepesumaja,koht,,,,
selvepood,koht,,,,
sem,,aeg,,,
Semej,koht,,,,
semester,,aeg,,,
semgal,koht,,,,in_rahvas
seminar,koht,,,sündmus,tegevus
seminarlaager,,,,sündmus,
Semipalatinsk,koht,,,,
Semiramise rippaiad,koht,,,,
semstvo,koht,,,,
semstvokogu,koht,,,,"grupp, inimene"
semukapitalism,,aeg,,,abstr/konkr
senat,koht,,,,
sendioksjon,,,,sündmus,
Senegal,koht,,,,
seniilatroofia,,,seisund,,
seniilsus,,,seisund,,
Senno,koht,,,,
sensatsioon,,,,sündmus,nähtus_psühh
sent,,,seisund,,"ese_raha, esitus_mõõt, esitus_tähis"
sentimeeterlaine,koht,,,,nähtus_füüs
seong,,,seisund,,inimene
seoslikkus,,,seisund,,
seostatus,,,seisund,,
seostus,,,seisund,,
seotus,,,seisund,,
Seoul,koht,,,,
SEPA,koht,,,,
Sepa,koht,,,,
Sepaküla,koht,,,,
sepapaja,koht,,,,
Separa,koht,,,,
separaatrahu,,,seisund,,tegevus_kõnetegu
separaatsus,,,seisund,,
separee,koht,,,,
Sepaste,koht,,,,
sepikoda,koht,,,,
sepik seljas,,,seisund,,
sepipada,koht,,,,
Sepise,koht,,,,
sepsis,,,seisund,,
sept,,aeg,,,esitus_arv
september,,aeg,,,
septembrikuu,,aeg,,,
septitseemia,,,seisund,,
serail,koht,,,,
Serbia,koht,,,,
Serblaste Vabariik,koht,,,,
Serbova,koht,,,,
Seretsüvä,koht,,,,
Serga,koht,,,,
Sergijev Possad,koht,,,,
Sergo,koht,,,,
Serho,koht,,,,
serpentaarium,koht,,,,
serpentiin,koht,,,,"ese_instru, materjal/aine"
Serpuhhov,koht,,,,
Seruküla,koht,,,,
serv,koht,,,,"abstr, ese_anum, ese_instru, esitus_kujutis, tegevus_tegu"
servaala,koht,,,,
Servaääre,koht,,,,
serveriruum,koht,,,,abstr/konkr
servik,koht,,,,taim
servis,koht,,,,kehaosa_loom
servjoon,koht,,,,
servjoonvõlv,koht,,,,
Seskar,koht,,,,
Sesniki,koht,,,,
sesoon,,aeg,,,omadus_aeg
sesoonsus,,aeg,,,
sess,,aeg,,,
sessioon,,aeg,,sündmus,
sessioonõpe,,aeg,,,tegevus
Seto,koht,,,,
Setomaa,koht,,,,
setsessioon,,,,sündmus,tegevus
setsessioonisõda,,,,sündmus,
settebassein,koht,,,,
settelünk,koht,,,,
settetiik,koht,,,,
Setu,koht,,,,
Setumaa,koht,,,,
Sevan,koht,,,,
Sevastoopol,koht,,,,
Sevastopol,koht,,,,
Sevennid,koht,,,,
Severn,koht,,,,
Severnaja Zemlja,koht,,,,
Severodonetsk,koht,,,,
Severodvinsk,koht,,,,
Severski Donets,koht,,,,
Sevilla,koht,,,,
Sfax,koht,,,,
sfäär,,,seisund,,"abstr, esitus_kujutis"
Shaanxi,koht,,,,
Shandong,koht,,,,
Shanghai,koht,,,,
Shannon,koht,,,,
Shanxi,koht,,,,
Sharm el Sheikh,koht,,,,
Shaţţ al-Arab,koht,,,,
Sheffield,koht,,,,
Shenzhen,koht,,,,
Shenxi,koht,,,,
Shenyang,koht,,,,
Shetland,koht,,,,
Shetlandi saared,koht,,,,
Shijiazhuang,koht,,,,
Shikoku,koht,,,,
Shimla,koht,,,,
Shkodër,koht,,,,
shopping,,,,sündmus,tegevus
show,,,,sündmus,"VERB_abstr, VERB_psühh, VERB_tegevus"
Shrewsbury,koht,,,,
Shropshire,koht,,,,
Siber,koht,,,,
Siberi,koht,,,,
Siberi katk,,,seisund,,
sibljak,koht,,,,taim
sibul,koht,,,,"in_rahvas, taim, toit"
sibula-ebajahukaste,,,seisund,,
Sibulaküla,koht,,,,
sibulamaa,koht,,,,
sibulik,koht,,,,"konkr_omadus, taim_liik"
sibulkuppel,koht,,,,
sibultorn,koht,,,,
Sichuan,koht,,,,
Sichuani nõgu,koht,,,,
side,koht,,seisund,,"abstr/konkr, ADV_koht, ese_instru, in_roll, kehaosa, nähtus, tegevus, vald"
sideasutus,koht,,,,
sideeriline aasta,,aeg,,,
sideeriline kuu,,aeg,,,
sideeriline ööpäev,,aeg,,,
sidehäire,,,,sündmus,
sidejaam,koht,,,,ese_instru
sidejaoskond,koht,,,,
sidekatkestus,,,,sündmus,
sidekestapõletik,,,seisund,,
sidekoestumine,,,seisund,,nähtus
sidekontor,koht,,,,
sidekudekasvaja,,,seisund,,
sideministeerium,koht,,,,
sidepataljon,koht,,,,
sideroos,,,seisund,,
sideseanss,,,,sündmus,
sidesõlm,koht,,,,abstr/konkr
sideteenistus,koht,,,,
sidevägi,koht,,,,
sidumispunkt,koht,,,,abstr/konkr
sidumistuba,koht,,,,
sidusettevõte,koht,,,,
sidusfirma,koht,,,,
Siem Reap,koht,,,,
Sierra Leone,koht,,,,
Sierra Nevada,koht,,,,
siesta,,aeg,,,
sifoonallikas,koht,,,,
sigade Aafrika katk,,,seisund,,
Sigade laht,koht,,,,
Sigala,koht,,,,
sigala,koht,,,,
sigarituba,koht,,,,
Sigaste,koht,,,,
sigimatus,,,seisund,,
sigimisiga,,aeg,,,
sigimisperiood,,aeg,,,
sigimisvõimetus,,,seisund,,
sigivuslõpe,,aeg,,,
sigivõimetus,,,seisund,,
signaal,,,,sündmus,"ese_instru, konkr, nähtus_füüs, tegevus_tegu"
Sigtuna,koht,,,,
Sigula,koht,,,,
Sigulda,koht,,,,
Sihanoukville,koht,,,,
Sihhote-Alin,koht,,,,
sihitee,koht,,,,
sihitus,,,seisund,,"abstr/konkr, omadus_kval, tegevus"
siht,koht,,,,"abstr, abstr_asend/suund, abstr/konkr"
sihtasutus,koht,,,,
sihtfond,koht,,,,
sihtjaam,koht,,,,
sihtkaitsevöönd,koht,,,,
sihtkapital,koht,,,,
sihtkoht,koht,,,,
sihtkomitee,koht,,,,"grupp, inimene"
sihtmärk,koht,,,,"abstr, abstr/konkr, konkr"
sihtpunkt,koht,,,,esitus_kujutis
sihtriik,koht,,,,
Sihva,koht,,,,
Siiam,koht,,,,
Siiami laht,koht,,,,
Siiditee,koht,,,,
Siidon,koht,,,,
Siiksaare,koht,,,,
siil,koht,,,,"ese_instru, ese_riie, esitus_kujutis, loom, materjal/aine, toit"
siilakas,koht,,,,ese_riie
Siili,koht,,,,
Siimika,koht,,,,
Siimusti,koht,,,,
Siinai,koht,,,,
Siinai poolsaar,koht,,,,
siinilm,koht,,,,
siinolek,,,seisund,,
siinolu,,,seisund,,
siinpoolsus,koht,,,,
siinviibimine,,,seisund,,
Siion,koht,,,,
siirdamisoperatsioon,,,,sündmus,
siirdeala,koht,,,,
siirderiik,koht,,,,
siirderiitus,,,,sündmus,
siirdesoo,koht,,,,
siirdetöötus,,,seisund,,
siirdla,koht,,,,
siire,,,seisund,,"ese_raha, nähtus, tegevus"
siitilm,koht,,,,
siitmaailm,koht,,,,
Siivertsi,koht,,,,
Sika,koht,,,,
Sikakurmu,koht,,,,
Sikalaanõ,koht,,,,
Sikana,koht,,,,
Sikassaare,koht,,,,
Sikeldi,koht,,,,
Sikkim,koht,,,,
siksak,,,seisund,,esitus_kujutis
Siksälä,koht,,,,
Sikupilli,koht,,,,
sild,koht,,,,"abstr/konkr, ese_instru, kehaosa"
sildeehitis,koht,,,,
Sileesia,koht,,,,
silgukarp,koht,,,,ese_anum
silgusõda,,,,sündmus,
Silicon Valley,koht,,,,
silikaatmaja,koht,,,,
silikoos,,,seisund,,
silindernägemine,,,seisund,,
silindervõlv,koht,,,,
Silla,koht,,,,
sillaalune,koht,,,,omadus_füüs
sillakaar,koht,,,,
sillake,koht,,,,
sillakoht,koht,,,,
sillakohus,koht,,,,
sillakoridor,koht,,,,
Sillamäe,koht,,,,
Sillaotsa,koht,,,,
sillapea,koht,,,,
sillapiire,koht,,,,
Sillapää,koht,,,,
sillasammas,koht,,,,
silluskivi,koht,,,,
sillutis,koht,,,,materjal/aine
silm,koht,,,,"abstr/konkr, ese_riie, in_omadus, kehaosa, konkr, loom_kala, nähtus_loodus, nähtus_psühh, omadus_füüs, tegevus, toit"
silmad ees ja taga,,,seisund,,
silmad häbi täis,,,seisund,,VERB_seisund
silmad lähevad lahti,,,seisund,,
silmad püsti peas,,,seisund,,
silmahaigus,,,seisund,,
silmakae,,,seisund,,
silmakliinik,koht,,,,
silmamarjad,,,seisund,,
silmapete,,,seisund,,nähtus
silmapiir,koht,,,,"abstr, esitus_kujutis"
silmapilk,,aeg,,,"ADV_aeg, ADV_viis"
silmapõletik,,,seisund,,
silmaring,koht,,,,"abstr, esitus_kujutis"
silmatripper,,,seisund,,
silmlaiksus,,,seisund,,
Silmsi,koht,,,,
silo,koht,,,,"abstr/konkr, materjal/aine"
siloauk,koht,,,,
silohoidla,koht,,,,
silokraav,koht,,,,
silotorn,koht,,,,abstr/konkr
silotranšee,koht,,,,
silur,,aeg,,,"ese_instru, ese_semio"
Simbirsk,koht,,,,
Simferoopol,koht,,,,
Simferopol,koht,,,,
Simiste,koht,,,,
Simisti,koht,,,,
simman,,,,sündmus,
Simmuli,koht,,,,
Simplon,koht,,,,
simss,koht,,,,"ese_instru, osa"
Simula,koht,,,,
Simuna,koht,,,,
Simunamäe,koht,,,,
simunapäev,,aeg,,,
sinakus,,,seisund,,
Sinalepa,koht,,,,
sinasõprus,,,seisund,,
sinavus,,,seisund,,
sindelkatus,koht,,,,
Sindh,koht,,,,
Sindi,koht,,,,
sindlikatus,koht,,,,
sinetus,,,seisund,,
Singa,koht,,,,
Singapur,koht,,,,
singulaarsus,koht,aeg,,,"nähtus_füüs, omadus_kval"
Sinialliku,koht,,,,
sinikus,,,seisund,,
Siniküla,koht,,,,
sinilillejooks,,,,sündmus,
sinilipurand,koht,,,,
Sinima,koht,,,,
sinimets,koht,,,,taim
Sinimäe,koht,,,,
Sinimäed,koht,,,,
sinine esmaspäev,,aeg,,,
Sinine jõgi,koht,,,,
Sinine Niilus,koht,,,,
sinine tund,,aeg,,,
sinirand,koht,,,,
sinivill,,,seisund,,
sinnapoole,koht,,,,abstr
Sinn Féin,koht,,,,
sinod,koht,,,sündmus,in_roll
Sint Eustatius,koht,,,,
Sint Maarten,koht,,,,
Sipa,koht,,,,
Sipe,koht,,,,
Sipelga,koht,,,,
sipelgapesa,koht,,,,objekt_loodus
Siracusa,koht,,,,
Sirevere,koht,,,,
Sirgala,koht,,,,
sirge,koht,,,,"esitus, esitus_kujutis, omadus_füüs, omadus_kval, tegevus_tegu"
Sirgova,koht,,,,
Sirgu,koht,,,,
Sirgumetsa,koht,,,,
Sirguvere,koht,,,,
Sirtsi,koht,,,,
sirutus,,,seisund,,"esitus_mõõt, omadus_füüs, tegevus_tegu"
sirutuspaus,,aeg,,,
Sirvaku,koht,,,,
Sirvaste,koht,,,,
Sise-Aasia,koht,,,,
sisebassein,koht,,,,ese_instru
siseemigratsioon,,,seisund,,
sisehaigus,,,seisund,,vald
sisehall,koht,,,,
Sise-Hebriidid,koht,,,,
sisehooaeg,,aeg,,,
sisehoov,koht,,,,
sisejulgeolek,,,seisund,,
sisekeskkond,koht,,,,vald
sisekliinik,koht,,,,
sisekonflikt,,,seisund,sündmus,
sisekriis,,,seisund,sündmus,
sisekõrvapõletik,,,seisund,,
sisekülg,koht,,,,
siselinn,koht,,,,
sisemaa,koht,,,,
sisemeistrivõistlused,,,,sündmus,
sisemeri,koht,,,,
siseministeerium,koht,,,,
Sise-Mongoolia,koht,,,,
sisemus,koht,,,,"abstr, kehaosa, konkr"
sisend,koht,,,,"abstr/konkr, ese_instru, esitus_info"
sisenurk,koht,,,,
siseolud,koht,,seisund,,
siseolukord,,,seisund,,
sisepagulus,,,seisund,,
sisepark,koht,,,,
sisepiin,,,seisund,,
sisepind,koht,,,,
sisepinge,,,seisund,,"nähtus_füüs, nähtus_psühh"
siserada,koht,,,,
siserahu,,,seisund,,
siseruum,koht,,,,
siserõdu,koht,,,,
sisesein,koht,,,,
sisesõda,,,,sündmus,tegevus
sisetrepp,koht,,,,
siseturvalisus,,,seisund,,
sisetüli,,,seisund,,nähtus_psühh
siseujula,koht,,,,
sisevastuolu,,,seisund,sündmus,
siseveekogu,koht,,,,
siseveeris,koht,,,,
sisevooder,koht,,,,ese_riie
sisevõitlus,,,seisund,sündmus,nähtus_psühh
sisevägi,koht,,,,inimene
siseväljak,koht,,,,
siseõu,koht,,,,
sisseaste,koht,,,,"ese_semio, osa, tegevus"
sisseastumiseksam,,,,sündmus,
sisseastumiskatse,,,,sündmus,
sissejuhatus,,,,sündmus,"ese_kunst, ese_semio, tegevus_kõnetegu"
sissekukkumine,,,seisund,sündmus,
sissekäik,koht,,,,
sisselase,koht,,,,tegevus_tegu
sissenõudja,koht,,,,in_elukutse
sissepääs,koht,,,,"abstr/konkr, tegevus"
sissesõiduhoov,koht,,,,
sissesõit,koht,,,,tegevus
sissetung,,,,sündmus,"nähtus, tegevus_tegu"
sissetungimine,,,,sündmus,tegevus_tegu
sisseuhtekiht,koht,,,,materjal/aine
sisse võetud olema,,,seisund,,
sissisõda,,,seisund,,tegevus
sitaauk,koht,,seisund,,kehaosa
sitamaitse suus,,,seisund,,
sitamaja,koht,,,,
sitikavilu,,aeg,,,
Sitsi,koht,,,,
Sitsiilia,koht,,,,
sitsivabrik,koht,,,,
situatsioon,,,seisund,,
situatsioonikomöödia,,,seisund,,
situatsioonikoomika,,,seisund,,
siugtee,koht,,,,
Sivaš,koht,,,,
Siverskõi Donets,koht,,,,
Sjælland,koht,,,,
Sjevjerodonetsk,koht,,,,
Skagerrak,koht,,,,
Skamja,koht,,,,
skandaal,,,,sündmus,
Skandinaavia,koht,,,,
Skandinaavia mäestik,koht,,,,
Skandinaavia poolsaar,koht,,,,
Skåne,koht,,,,
Skåtanäs,koht,,,,
skatepark,koht,,,,
skaudilaager,,,,sündmus,tegevus
skautpataljon,koht,,,,in_roll
skeema,,,seisund,,
skeeta,koht,,,,
skeitpark,koht,,,,
skenee,koht,,,,
skiita,koht,,,,
skisma,,,,sündmus,
skisofreenia,,,seisund,,
skleriit,,,seisund,,
sklerodermia,,,seisund,,
skleroos,,,seisund,,
skolioos,,,seisund,,
Skopje,koht,,,,
skorbuut,,,seisund,,
Skorpion,koht,,,,"esitus_kujutis, in_omadus, objekt_loodus_tähtkuju"
skotoom,,,seisund,,
skp,,aeg,,,
skreipi,,,seisund,,
skriptoorium,koht,,,,
skrofuloos,,,seisund,,
Skrunda,koht,,,,
skulptuuriaed,koht,,,,
skulptuuriateljee,koht,,,,
skulptuuripark,koht,,,,
Skuodas,koht,,,,
skv,koht,,,,
skvott,koht,,,,
skväär,koht,,,,
skäär,koht,,,,
skääristik,koht,,,,
Sküütia,koht,,,,
slaalominõlv,koht,,,,
slaalomivärav,koht,,,,
slaidiesitlus,,,,sündmus,
Slantsõ,koht,,,,
Slavjansk,koht,,,,
Slavkov u Brna,koht,,,,
Slavoonia,koht,,,,
Slavsk,koht,,,,
slepis,,,seisund,,
sleppi,,,seisund,,
slipp,koht,,,,ese_instru
slobodaa,koht,,,,
Slovakkia,koht,,,,
Sloveenia,koht,,,,
Slovjansk,koht,,,,
slumm,koht,,,,
slämm,,,,sündmus,
Småland,koht,,,,
Smolensk,koht,,,,
Smolnitsa,koht,,,,
Smürna,koht,,,,
Snelli tiik,koht,,,,
snepris,,,seisund,,
SO,koht,,,,esitus
Sodankylä,koht,,,,
sodiaagimärk,koht,,,,"esitus_kujutis, nähtus_loodus"
sodi-podi,,,seisund,,"abstr/konkr, ese, konkr, materjal/aine"
sodipodi,,,seisund,,"abstr/konkr, ese, konkr, materjal/aine"
Soe,koht,,,,
soe front,koht,,,,
soehaud,koht,,,,
Soekõrdsi,koht,,,,
Soeküla,koht,,,,
Soela,koht,,,,
Soela väin,koht,,,,
Soemõisa,koht,,,,
Soena,koht,,,,
Soesaare,koht,,,,
soetõbi,,,seisund,,
soetõbine,,,seisund,,in_omadus
Soeva,koht,,,,
Sofia,koht,,,,
Sogd,koht,,,,
Sogdiana,koht,,,,
Sogne fjord,koht,,,,
sohielu,,,seisund,,
sohk,,,seisund,,tegevus
Sohlu,koht,,,,
sohvabaar,koht,,,,
soider,koht,,,,
soige,,,seisund,,
soikeseisund,,,seisund,,
soikusolek,,,seisund,,
Soinaste,koht,,,,
Soitsjärv,koht,,,,
Soitsjärve,koht,,,,
Sojamaa,koht,,,,
sokkel,koht,,,,ese_instru
soklikorrus,koht,,,,
Sokotra,koht,,,,
sokujaht,,,,sündmus,
solaarium,koht,,,,
soldatileib,,,seisund,,
Soldina,koht,,,,
solfataar,koht,,,,
solgetõbi,,,seisund,,
solgiauk,koht,,,,abstr/konkr
solgikraav,koht,,,,
Solgi-Neeva,koht,,,,
solgineeva,koht,,,,
solgisurm,,,,sündmus,
solidaarsusstreik,,,,sündmus,
soliidtuumor,,,seisund,,
Solikamsk,koht,,,,
Solingen,koht,,,,
Solnetšnoje,koht,,,,
sologaamia,,,,sündmus,nähtus
solontšakk,koht,,,,materjal/aine
Solovetsi saared,koht,,,,
solstiitsium,,aeg,,,
solve,,,seisund,,"tegevus_kõnetegu, VERB_psühh_mõistus"
solvumus,,,seisund,,
Somaali,koht,,,,
Somaalia,koht,,,,
Somaalimaa,koht,,,,
Somaali poolsaar,koht,,,,
somatisatsioon,,,seisund,,
Somerset,koht,,,,
somnambulism,,,seisund,,
Sompa,koht,,,,
Sonda,koht,,,,
songermaa,koht,,,,
songermu,koht,,,,
Songhua,koht,,,,
sonn,koht,,,,
Sonni,koht,,,,
soo,koht,,,,grupp
Sooaluse,koht,,,,
Sooaluste,koht,,,,
Sooblase,koht,,,,
Soodevahe,koht,,,,
Soodi,koht,,,,
Soodla,koht,,,,
Soodom,koht,,,,
soodom,,,seisund,,
Soodoma,koht,,,,
soodom ja gomorra,,,seisund,,
soodom ja komorra,,,seisund,,
soodsus,,,seisund,,
soodumus,,,seisund,,
soodüsfooria,,,seisund,,
soohaigus,,,seisund,,
Soohara,koht,,,,
soohaud,koht,,,,
sooheinamaa,koht,,,,
soojak,koht,,,,
soojakadu,,,seisund,,nähtus_füüs
soojamaareis,,,,sündmus,tegevus
soojatarbija,koht,,,,in_roll
soojatootja,koht,,,,
soojus,,,seisund,,nähtus_füüs
soojuselektrijaam,koht,,,,
soojusjaam,koht,,,,
soojusjõujaam,koht,,,,
soojuskadu,,,seisund,,nähtus_füüs
soojussaar,koht,,,,
soojussisaldus,,,seisund,,
soojusvöö,koht,,,,
soojärv,koht,,,,
sookaasik,koht,,,,
Sookaera,koht,,,,
Sookaera-Metsanurga,koht,,,,
sookaitseala,koht,,,,
Sookalda,koht,,,,
Sookalduse,koht,,,,
Sookatse,koht,,,,
Sooküla,koht,,,,
soolajärv,koht,,,,
soolak,koht,,,,ese_instru
soolakaevandus,koht,,,,
soolakamber,koht,,,,abstr/konkr
soolakõrb,koht,,,,
soolaleib,,,,sündmus,"konkr, toit"
soolaleivapidu,,,,sündmus,
Soolameri,koht,,,,
soolaputka,koht,,,,
soolasoo,koht,,,,
soolatüügas,,,seisund,,objekt_loodus
soolaugas,koht,,,,
soolehaigus,,,seisund,,
soolekatarr,,,seisund,,
soolekeerd,,,seisund,,
soolemulgustus,,,seisund,,
soolenakkus,,,seisund,,
soolepõletik,,,seisund,,
soolesulgus,,,seisund,,
soolesõlm,,,seisund,,
sooleverejooks,,,seisund,,
soolevähk,,,seisund,,
soole ärritussündroom,,,seisund,,
soolo,,,,sündmus,"ese_kunst, tegevus"
soolokava,,,,sündmus,
soolokontsert,,,,sündmus,ese_kunst
sooltepõletik,,,seisund,,
Soolu,koht,,,,
Soolätte,koht,,,,
Soomaa,koht,,,,
soomaa,koht,,,,
soomaastik,koht,,,,
soomassiiv,koht,,,,
Soome,koht,,,,
Soome laht,koht,,,,
Soome saun,koht,,,,
soomets,koht,,,,taim
Soometsa,koht,,,,
Soomevere,koht,,,,
Soomra,koht,,,,
soomussammaspool,,,seisund,,
soomustõbi,,,seisund,,
soomusvägi,koht,,,,
Soomõoru,koht,,,,
soon,koht,aeg,,,"ADV_aeg, ese_instru, kehaosa, kehaosa_loom, taim"
Soonda,koht,,,,
sooneke,koht,,,,
soonepõletik,,,seisund,,
sooniit,koht,,,,
soonik,koht,,,,"abstr/konkr, ese_riie"
soonis,koht,,,,
Sooniste,koht,,,,
soonkasvaja,,,seisund,,
Soonlepa,koht,,,,
Soontaga,koht,,,,
Soonuka,koht,,,,
Soonurme,koht,,,,
Soo-otsa,koht,,,,
soop,koht,,,,materjal/aine
soopalavik,,,seisund,,
soopor,,,seisund,,
soor,,,seisund,,"ese_instru, kehaosa_loom"
Soorinna,koht,,,,
Sooru,koht,,,,
soosaar,koht,,,,
Soosaare,koht,,,,
Soosalu,koht,,,,
soosegadus,,,seisund,,
soosild,koht,,,,
Soosilla,koht,,,,
soosing,,,seisund,,
soostik,koht,,,,
soot,koht,,,,ese_instru
Sootaga,koht,,,,
Sootaguse,koht,,,,
sootasandik,koht,,,,
soov,,,seisund,,"esitus_keel_suhtlus, tegevus_kõnetegu"
soovik,koht,,,,
soovikontsert,,,,sündmus,
Sooviku,koht,,,,
soovisaade,,,,sündmus,
Soovälja,koht,,,,
sopaauk,koht,,,,
sopike,koht,,,,
Sopimetsa,koht,,,,
sopis,koht,,seisund,,
sopistis,koht,,seisund,,
sopka,koht,,,,
sopp,koht,,,,"abstr, abstr/konkr, ese_instru, ese_riie, esitus_keel_suhtlus, materjal/aine"
sopsu,,,seisund,,
sordiaretusjaam,koht,,,,
sordiin,,,seisund,,ese_instru
sordiini all,,,seisund,,
Sorgu,koht,,,,
Sormuli,koht,,,,
Sorokino,koht,,,,
Sorokka,koht,,,,
Sorokõne,koht,,,,
sorptsioon,,,seisund,,tegevus
Sorrento,koht,,,,
Sortavala,koht,,,,
sorteerimisjaam,koht,,,,
sorteerimiskeskus,koht,,,,
sorteerjaam,koht,,,,
Sortsi,koht,,,,
SOS-lasteküla,koht,,,,
Sosnovõi Bor,koht,,,,
soss,koht,,seisund,,"in_omadus, omadus_füüs, omadus_kval"
Sossimägi,koht,,,,
sotnja,koht,,,,inimene
sotsiaalfoobia,,,seisund,,
sotsiaalhooldusasutus,koht,,,,
sotsiaalkindlustusamet,koht,,,,
sotsiaalkorter,koht,,,,
sotsiaalmaja,koht,,,,
sotsiaalmeediahiid,koht,,,,
sotsiaalmeediapaast,,,seisund,,
sotsiaalministeerium,koht,,,,
sotsiaalne distantseerumine,,,seisund,,
sotsiaalne kaasatus,,,seisund,,
sotsiaalne tõrjutus,,,seisund,,
sotsiaalosakond,koht,,,,
sotsiaalärevus,,,seisund,,
sotsialismileer,koht,,,,
sotsialismimaa,koht,,,,
sotsieteet,koht,,,,inimene
sotsiofoobia,,,seisund,,
sotsmaa,koht,,,,
Sotši,koht,,,,
Soul,koht,,,,
Sousse,koht,,,,
Southampton,koht,,,,
sovetiaeg,,aeg,,,
Sovetsk,koht,,,,
Sovetski,koht,,,,
sovh,koht,,,,
sovhoos,koht,,,,
sovhoostehnikum,koht,,,,
Sōya väin,koht,,,,
spaa,koht,,,,
spaahotell,koht,,,,
sparring,,,,sündmus,
Sparta,koht,,,,
spartakiaad,,,,sündmus,
spasm,,,seisund,,nähtus_loodus
spasmofiilia,,,seisund,,
spektaakel,,,,sündmus,tegevus
spermapank,koht,,,,
spermatorröa,,,seisund,,
spetsiifika,,,seisund,,abstr/konkr_omadus
spin-off-ettevõte,koht,,,,
spiraalmurd,,,seisund,,
Spithami,koht,,,,
Spithamn,koht,,,,
spliin,,,seisund,,
Split,koht,,,,
SPOKU,koht,,,,
Spoku,koht,,,,
spondüliit,,,seisund,,
spondüloos,,,seisund,,
sponsorlus,,,seisund,,tegevus
spontaanabort,,,,sündmus,
spontaanne tuntus,,,seisund,,omadus_kval
Sporaadid,koht,,,,
sporaadilisus,,,seisund,,
spordialaliit,koht,,,,inimene
spordiehitis,koht,,,,
spordigümnaasium,koht,,,,
spordihall,koht,,,,
spordihoone,koht,,,,
spordikeskus,koht,,,,
spordiklubi,koht,,,,
spordikompleks,koht,,,,
spordikool,koht,,,,
spordilaager,,,,sündmus,
spordiliit,koht,,,,in_roll
spordimuuseum,koht,,,,
spordimängud,,,,sündmus,
spordiorganisatsioon,koht,,,,inimene
spordipidu,,,,sündmus,
spordiplats,koht,,,,
spordipood,koht,,,,
spordipäev,,aeg,,,
spordirajatis,koht,,,,
spordisaal,koht,,,,
spordivigastus,,,seisund,,
spordivõistlus,,,,sündmus,
spordiväljak,koht,,,,
spordiüritus,,,,sündmus,
sporofaas,,aeg,,,
sporofüüt,,aeg,,,
sporogoon,,aeg,,,
Spree,koht,,,,
sprindisõit,,,,sündmus,
Sri Jayawardenepura Kotte,koht,,,,
Sri Lanka,koht,,,,
Srinagar,koht,,,,
SRÜ,koht,,,,
SS,koht,,,,
Szczecin,koht,,,,
Szeged,koht,,,,
Szolnok,koht,,,,
Szombathely,koht,,,,
staadion,koht,,,,esitus_mõõt
staadionijooks,,,,sündmus,
staadionikross,,,,sündmus,
staadioniring,koht,,,,
staadionisirge,koht,,,,
staap,koht,,,,in_roll
staapel,koht,,,,materjal/aine
staaž,,aeg,,,
staatika,,,seisund,,"nähtus_füüs, vald"
staatus,,,seisund,,abstr
Stafford,koht,,,,
Staffordshire,koht,,,,
stagflatsioon,,,seisund,,
stagna,,aeg,seisund,,
stagnaaeg,,aeg,,,
stagnatsioon,,,seisund,,
Stahhanov,koht,,,,
Stalin,koht,,,,
Stalinabad,koht,,,,
Stalingrad,koht,,,,
Staliniri,koht,,,,
Stalino,koht,,,,
Stalinobod,koht,,,,
Stallupönen,koht,,,,
standardmaja,koht,,,,
staniitsa,koht,,,,
Stanislav,koht,,,,
Stansted,koht,,,,
Staraja Russa,koht,,,,
Stara planina,koht,,,,
stardijoon,,aeg,,,"abstr, esitus_kujutis"
stardijärjekord,koht,,seisund,,
stardikiirendus,,,seisund,,
stardikoht,koht,,,,
stardikoridor,koht,,,,
stardipaik,koht,,,,
stardipakk,,aeg,,,"abstr, ese_instru"
stardipauk,,,,sündmus,nähtus_füüs
stardiplatvorm,koht,,,,abstr/konkr
stardipunkt,koht,,,,
stardirada,koht,,,,
stardisirge,koht,,,,
start,koht,aeg,,sündmus,"esitus_keel_suhtlus, tegevus, tegevus_kõnetegu, VERB_aeg, VERB_alustama, VERB_grammatiline, VERB_seisund"
start-up,koht,,,,
Stasi,koht,,,,
statistikaamet,koht,,,,
stats,koht,,,,"abstr/konkr, in_roll"
statsionaar,koht,,,,
status quo,,,seisund,,
Stavanger,koht,,,,
Stavropol,koht,,,,
std,koht,,,,
steatoos,,,seisund,,
steatopüügia,,,seisund,,
Steiermark,koht,,,,
steinerkool,koht,,,,
Stenbocki maja,koht,,,,in_roll
stenokardia,,,seisund,,
stenoos,,,seisund,,
Stepanakert,koht,,,,
Stepanovštšina,koht,,,,
Stephanakert,koht,,,,
stepiavarus,koht,,,,
stepivöönd,koht,,,,
Stepnoi,koht,,,,
stepp,koht,,,,tegevus
stereokino,koht,,,,
stereotüüp,,,seisund,,"abstr, ese_instru"
Sterlitamak,koht,,,,
stift,koht,,,,
stigma,,,seisund,,"abstr, esitus_kujutis, kehaosa_loom, osa, taim"
stiilikas,,,,sündmus,omadus_kval
stiilipidu,,,,sündmus,
stiiliõhtu,,,,sündmus,
Stirling,koht,,,,
stividor,koht,,,,in_elukutse
Stockholm,koht,,,,
Stockholmi sündroom,,,seisund,,
stohhastiline,,,seisund,,omadus
Stokholm,koht,,,,
stoll,koht,,,,
stomatiit,,,seisund,,
stomatoloogiapolikliinik,koht,,,,
Stora Rågö,koht,,,,
Storbyn,koht,,,,
Storting,koht,,,,
strabism,,,seisund,,
Stralsund,koht,,,,
strangulatsioon,,,seisund,,
Strasbourg,koht,,,,
stratifikatsioon,,,seisund,,"omadus, omadus_füüs"
stratosfäär,koht,,,,
stratotüüp,koht,,,,
stratovulkaan,koht,,,,
streigilaine,,,,sündmus,nähtus
streik,,,,sündmus,
strekk,koht,,,,
stress,,,seisund,,"esitus_keel, nähtus_füüs"
stressiseisund,,,seisund,,
striia,,,seisund,,
striktuur,,,seisund,,
stripibaar,koht,,,,
stripp,,,,sündmus,
striptiis,,,,sündmus,
striptiisibaar,koht,,,,
striptiisiklubi,koht,,,,
Stromka,koht,,,,
Stroomi rand,koht,,,,
struktuur,koht,,,,"omadus_füüs, omadus_kval"
struktuuriüksus,koht,,,,
struuga,koht,,,,
struuma,,,seisund,,
stseen,,,,sündmus,"ese_kunst, tegevus"
stukkdekoor,koht,,,,ese_kunst
stukklagi,koht,,,,
Stuttgart,koht,,,,
stuudio,koht,,,,
stuudiokontsert,,,,sündmus,
stuudiokorter,koht,,,,
stuudioteater,koht,,,,
stuudium,,aeg,,,tegevus
stuupa,koht,,,,
stuupor,,,seisund,,
Stärletamak,koht,,,,
stülobaat,koht,,,,
Styx,koht,,,,
suaree,,,,sündmus,toit
subantarktika,koht,,,,
subarktika,koht,,,,
subjektsus,koht,,,,in_roll
subkontinent,koht,,,,
subordinatsioon,,,seisund,,"abstr, esitus_keel"
subtroopika,koht,,,,
Sucre,koht,,,,
Sudaan,koht,,,,
Sudaste,koht,,,,
Sudeedi,koht,,,,
Sudeedid,koht,,,,
Sudeedimaa,koht,,,,
Sudemäe,koht,,,,
Sudiste,koht,,,,
sudoku,,,seisund,,tegevus_mäng
Suess,koht,,,,
Suessi kanal,koht,,,,
Suffolk,koht,,,,
sufitsiit,,,seisund,,
suflöörikast,koht,,,,
Sugalepa,koht,,,,
sugillatsioon,,,seisund,,
suguhaigus,,,seisund,,
sugukonnamõis,koht,,,,
suguküpsus,,aeg,,,
sugulava,koht,,,,
suguliige,koht,,,,kehaosa
sugulusabielu,,,seisund,,
sugulussidemed,,,seisund,,
suguti,koht,,,,kehaosa
suguvõimetus,,,seisund,,nähtus_loodus
suguvõsamõis,koht,,,,
Suhhumi,koht,,,,
suhkruhaigus,,,seisund,,
Suhkrupeamägi,koht,,,,
suhkurdiabeet,,,seisund,,
suhkurkusesus,,,seisund,,
suhkurtõbi,,,seisund,,
suhtekoolitus,,,,sündmus,tegevus
suhtekorraldusfirma,koht,,,,
suhteline vaesus,,,seisund,,
suhtelisus,,,seisund,,
suhtes,,,seisund,,abstr_asend/suund
suhtes olema,,,seisund,,
suhtesõltlane,,,seisund,,
suhtesõltuvus,,,seisund,,
suhtlemiskramp,,,seisund,,
suhtlemiskultuur,,,seisund,,
suhtlemisprobleem,,,seisund,,
suhtlemisraskus,,,seisund,,
suhtlemisvaegus,,,seisund,,
suhtluskultuur,,,seisund,,
suhtlusolukord,,,seisund,,
suhtlusprobleem,,,seisund,,
suhtlusraskus,,,seisund,,
suhtumisluul,,,seisund,,
suigatus,,,seisund,,
suige,,,seisund,,
Suigu,koht,,,,
suik,,,seisund,,
Suislepa,koht,,,,
suits,koht,,,,"ese_instru, materjal/aine"
suitsetamisruum,koht,,,,
suitsetamistuba,koht,,,,
Suitsu,koht,,,,
suitsuauk,koht,,,,
suitsuava,koht,,,,
suitsukäik,koht,,,,ese_instru
suitsulõõr,koht,,,,ese_instru
suitsumaja,koht,,,,
suitsunurk,koht,,,,
suitsupaus,,aeg,,,
suitsuruum,koht,,,,
suitsusaun,koht,,,,
suitsutare,koht,,,,
suitsutsehh,koht,,,,
suitsutuba,koht,,,,
suitsutund,,aeg,,,
suitsutustsehh,koht,,,,
sukasäär,koht,,,,ese_riie
sukavabrik,koht,,,,
sukkot,,aeg,,,
sula,,aeg,,,"ese_raha, nähtus_loodus, omadus_füüs, omadus_kval"
Sulaoja,koht,,,,
sularahaseis,,,seisund,,
sulaseleib,,,seisund,,
Sulawesi,koht,,,,
Sulbi,koht,,,,
sulesõda,,,,sündmus,
suletud,,,seisund,,"ADV_seisund, omadus_kval"
suletus,,,seisund,,
sulg,koht,,seisund,,"abstr/konkr, ese_instru, kehaosa_loom, omadus_kval, tegevus"
sulgahel,,,seisund,,
sulglohk,koht,,,,
sulgpatjadel,,,seisund,,
sulgseis,,,seisund,,
sulgus,koht,,seisund,,
Sulimov,koht,,,,
sultanaat,koht,,,,
sultaniriik,koht,,,,
Sultsi,koht,,,,
Sulu,koht,,,,
sulund,koht,,,,"abstr, materjal/aine"
sulundsein,koht,,,,
sulundseotis,,,seisund,,
Sulupere,koht,,,,
sulusala,koht,,,,
suluseis,,,seisund,,
Sulustvere,koht,,,,
Sumatra,koht,,,,
sumbküla,koht,,,,
sumbumus,,,seisund,,
Sumer,koht,,,,
sumin,,,seisund,,nähtus_füüs
Sumqayıt,koht,,,,
Sumõ,koht,,,,
Sund,koht,,,,
sundabielu,,,seisund,,
Sunda saared,koht,,,,
sundasumine,,,seisund,,tegevus
Sunderland,koht,,,,
sundhirm,,,seisund,,nähtus_psühh
Sundimetsa,koht,,,,
sundkujutelm,,,seisund,,"abstr, nähtus_psühh"
sundmõte,,,seisund,,"abstr, nähtus_psühh"
sundneuroos,,,seisund,,
sundpuhkus,,aeg,,sündmus,
sundseis,,,seisund,,
sunnismaisus,,,seisund,,
sunnitöölaager,koht,,,,
Suojärvi,koht,,,,
Suomenlinna,koht,,,,
Suomenselkä,koht,,,,
Suonenjoki,koht,,,,
Supa,koht,,,,
supee,,,,sündmus,
supelasutus,koht,,,,
supelbassein,koht,,,,
supelhooaeg,,aeg,,,
supelhoone,koht,,,,
supelkoht,koht,,,,
supellinn,koht,,,,
supelmaja,koht,,,,
supelonn,koht,,,,
supelrand,koht,,,,
supelsild,koht,,,,
superfinaal,,,,sündmus,
supermarket,koht,,,,
superministeerium,koht,,,,
superriik,koht,,,,
supersümmeetria,,,seisund,,omadus_füüs
superteisipäev,,aeg,,,
supervorm,,,seisund,,
supiköök,koht,,,,
Supilinn,koht,,,,
supine,,,seisund,,
supluskoht,koht,,,,
supp,,,seisund,,toit
supralitoraal,koht,,,,
supraport,koht,,,,
Supsi,koht,,,,
Şūr,koht,,,,
Sura,koht,,,,
Surabaya,koht,,,,
surdokamber,koht,,,,
Surgut,koht,,,,
suriase,,,seisund,,"abstr, ese_instru"
surila,koht,,,,
surimuri,,,seisund,,omadus_kval
Surinam,koht,,,,
Suriname,koht,,,,
surisema,,,seisund,,"VERB_nähtus, VERB_tegevus"
surisäng,,,seisund,,"abstr, ese_instru"
surivoodi,,,seisund,,"abstr, ese_instru"
Surju,koht,,,,
surm,,,,sündmus,"abstr, inimene, loom, nähtus_loodus, tegevus"
surma-aasta,,aeg,,,
surma-aastapäev,,aeg,,,
surmaaeg,,aeg,,,
surmadaatum,,aeg,,,
surmahaigus,,,seisund,,
surmajuht,,,,sündmus,
surmajuhtum,,,,sündmus,
surmakuupäev,,aeg,,,
Surmakülä,koht,,,,
surmalaager,koht,,,,
surmalaupäev,,aeg,,,
surmalõks,koht,,,,ese_instru
surmaoht,,,seisund,,
Surmaorg,koht,,,,
surmaorg,koht,,,,
surmapiin,,,seisund,,
surmapäev,,aeg,,,
surmariik,koht,,,,
surmasuhu,,,seisund,,
surmatants,,,seisund,,"ese_kunst, tegevus"
surmatund,,aeg,,,
surmatunnini,,aeg,,,
surmatõbi,,,seisund,,
surmauni,,,seisund,,nähtus_loodus
surmavald,koht,,,,
surmavalu,,,seisund,,
surmavill,,,seisund,,
surmavoodi,,,seisund,,"abstr, ese_instru"
surmavus,,,seisund,,
surmaväli,koht,,,,
surmaväljad,koht,,,,
surmaväsimus,,,seisund,,
surmaöö,,aeg,seisund,,
surmlõpe,,,,sündmus,
surnuaed,koht,,,,
surnuaiapüha,,,,sündmus,
surnud punkt,koht,,seisund,,
surnud ring,,,seisund,,
surnuhaud,koht,,,,
surnukahvatus,,,seisund,,
surnukamber,koht,,,,
surnukuur,koht,,,,
surnultsünd,,,,sündmus,
Surnumeri,koht,,,,
surnutepüha,,,,sündmus,
surnute riik,koht,,,,
surnuteriik,koht,,,,
surnuvärav,koht,,,,
surra-murra,,,seisund,,omadus_kval
surramurra,,,seisund,,omadus_kval
Surrey,koht,,,,
Suru,koht,,,,
surutis,,,seisund,,"ese_instru, materjal/aine"
surutus,,,seisund,,
Surva,koht,,,,
Surxondaryo,koht,,,,
sushi-baar,koht,,,,
Sussex,koht,,,,
sušibaar,koht,,,,
Suzdal,koht,,,,
Suzhou,koht,,,,
Sutlej,koht,,,,
Sutlema,koht,,,,
Sutlep,koht,,,,
Sutlepa,koht,,,,
Sutte,koht,,,,
Sutu,koht,,,,
suu,koht,aeg,,,"ese, ese_raha, in_omadus, kehaosa, konkr_omadus, tegevus_kõnetegu"
suubla,koht,,,,
suubumisjärv,koht,,,,
suudmeharu,koht,,,,
suudmemaa,koht,,,,
suud-silmad häbi täis,,,seisund,,VERB_seisund
suue,koht,,,,ese
Suuga,koht,,,,
suu- ja sõrataud,,,seisund,,
suu- ja sõratõbi,,,seisund,,
suulaelõhe,,,seisund,,
suu mulda täis,,,seisund,,
suunas,koht,,,,
suunavöönd,koht,,,,
suuneeluvähk,,,seisund,,
suunistusvõistlus,,,,sündmus,
suu putru täis,,,seisund,,
suupõletik,,,seisund,,
Suur-Ararat,koht,,,,
Suur-Belt,koht,,,,
Suurbritannia,koht,,,,
Suure-Ahli,koht,,,,
Suured Antillid,koht,,,,
Suure-Jaani,koht,,,,
Suurejõe,koht,,,,
Suure-Kambja,koht,,,,
Suurekivi,koht,,,,
Suure-Lähtru,koht,,,,
Suuremetsa,koht,,,,
Suuremõisa,koht,,,,
Suurepsi,koht,,,,
Suure-Rakke,koht,,,,
Suureranna,koht,,,,
Suure-Rootsi,koht,,,,
Suuresadama,koht,,,,
Suuresta,koht,,,,
suurettevõte,koht,,,,
Suure-Veerksu,koht,,,,
suurfarm,koht,,,,
suurfavoriit,koht,,,,in_roll
suurfirma,koht,,,,
suur hall,,,seisund,,
suurhall,koht,,,,loom
suurhertsogiriik,koht,,,,
Suur Hiina kanal,koht,,,,
Suur Hiina tasandik,koht,,,,
Suur-Ida,koht,,,,
suur isamaasõda,,,,sündmus,
Suurjärv,koht,,,,
Suur järvistu,koht,,,,
suurkamber,koht,,,,
Suur kanjon,koht,,,,
Suur Karujärv,koht,,,,
Suur katel,koht,,,,
Suur-Kaukasus,koht,,,,
suur kirikulõhe,,,,sündmus,
suurklooster,koht,,,,
suurkogu,,,,sündmus,
suurkool,koht,,,,
Suurküla,koht,,,,
Suurkülä,koht,,,,
suur laupäev,,aeg,,,
suurlaut,koht,,,,
Suur Liivakõrb,koht,,,,
suurlinn,koht,,,,
suur lomp,koht,,,,
suurloož,koht,,,,in_roll
suur maa,koht,,,,
suurmajand,koht,,,,
Suurmetsa,koht,,,,
suurmissa,,,,sündmus,
Suurmogulite riik,koht,,,,
Suur Munamägi,koht,,,,
suurmõis,koht,,,,
suurmüük,,,,sündmus,
Suurna,koht,,,,
suur neljapäev,,aeg,,,
Suur nõgu,koht,,,,
Suur-Nõmmküla,koht,,,,
suur nädal,,aeg,,,
Suur Orjajärv,koht,,,,
suur paast,,aeg,,,
Suur-Pahila,koht,,,,
Suur-Pakri,koht,,,,
Suurpalu,koht,,,,
suurpaneelelamu,koht,,,,
Suurpea,koht,,,,
Suur-Poola,koht,,,,
Suur Prantsuse revolutsioon,,,,sündmus,
suurpäev,,aeg,,,
suurpüük,,,,sündmus,tegevus
Suur-Rahula,koht,,,,
Suur-Randvere,koht,,,,
Suur Rannavärav,koht,,,,
suurriik,koht,,,,inimene
suur ristipäev,,aeg,,,
suurrünnak,,,,sündmus,tegevus_tegu
Suursaar,koht,,,,
suursaar,koht,,,,
suursaatkond,koht,,,,
Suur-Saksamaa,koht,,,,
suursaras,koht,,,,
suur skisma,,,,sündmus,
suur slämm,,,,sündmus,
Suursoo,koht,,,,
Suur Soolajärv,koht,,,,
suursoosik,koht,,,,in_roll
suur sport,,,,sündmus,tegevus
suursündmus,,,,sündmus,
suurtalu,koht,,,,
suurtarbija,koht,,,,
suurtootja,koht,,,,
suurtuba,koht,,,,
suurtükipatarei,koht,,,,
suurtükipolügoon,koht,,,,
suurtükitorn,koht,,,,
suurtükiväeüksus,koht,,,,
suurtükivägi,koht,,,,"abstr/konkr, in_tegija"
suurtükiüksus,koht,,,,
Suur Tütarsaar,koht,,,,
Suurupi,koht,,,,
suurushullus,,,seisund,,nähtus_psühh
suurushullustus,,,seisund,,nähtus_psühh
suurusluul,,,seisund,,
Suur-Valahhia,koht,,,,
Suur Vallrahu,koht,,,,
Suur Veelahkmeahelik,koht,,,,
Suur-Vene,koht,,,,
suur visiit,,,,sündmus,
suurvoor,koht,,,,
suurvoorestik,koht,,,,
suurvorm,,,seisund,,"ese_kunst, ese_semio, konkr"
suurvõistlus,,,,sündmus,
Suur väin,koht,,,,
suurvürstiriik,koht,,,,
suurõnnetus,,,,sündmus,
suurõppus,,,,sündmus,
Suurõ-Ruuga,koht,,,,
Suurõsuu,koht,,,,
Suur Õun,koht,,,,
suurüritus,,,,sündmus,
suusad lähevad risti,,,seisund,,
suusad ristis,,,seisund,,
suusafirma,koht,,,,
suusahooaeg,,aeg,,,
suusahüppemägi,koht,,,,
suusahüpperada,koht,,,,
suusahüppetorn,koht,,,,
suusahüppetrampliin,koht,,,,
suusahüppevõistlus,,,,sündmus,
suusakeskus,koht,,,,
suusakuurort,koht,,,,
suusamaa,koht,,,,
suusamatk,,,,sündmus,
suusameka,koht,,,,
suusamägi,koht,,,,
suusanõlv,koht,,,,
suusapuhkus,,,,sündmus,
suusarada,koht,,,,tegevus
suusareis,,,,sündmus,tegevus
suusasild,koht,,,,
suusastaadion,koht,,,,
suusatalv,,aeg,,,
suusatamisvõistlus,,,,sündmus,
suusatunnel,koht,,,,
suusavabrik,koht,,,,
suusavõistlus,,,,sündmus,
suuskurkompanii,koht,,,,
suutervis,,,seisund,,
suuvalge,,,seisund,,
suu vett täis,,,seisund,,
Suva,koht,,,,
suvalisus,,,seisund,,
Suvalkija,koht,,,,
suveaed,koht,,,,
suveaeg,,aeg,,,
suveakadeemia,,,,sündmus,
suvehakk,,aeg,,,
suvehari,,aeg,,,osa
suveharjapäev,,aeg,,,
suvehooaeg,,aeg,,,
suvekirik,koht,,,,
suvekoda,koht,,,,
suvekodu,koht,,,,
suvekohvik,koht,,,,
suvekoloonia,koht,,,,
suvekool,koht,,,,
suvekorter,koht,,,,
suvekuu,,aeg,,,
suveköök,koht,,,,
suvelaager,koht,,,sündmus,tegevus
suvelaut,koht,,,,
suveloss,koht,,,,
suvemaja,koht,,,,
suvemõis,koht,,,,
suvemängud,,,,sündmus,
suveolümpia,,,,sündmus,
suveolümpiamängud,,,,sündmus,
suvepesa,koht,,,,objekt_loodus
suvepuhkus,,aeg,,,
suvepäev,,aeg,,,
suvepäevad,,,,sündmus,
suvepüha,,,,sündmus,
suveresidents,koht,,,,
suveräniteet,,,seisund,,
suveräänsus,,,seisund,,omadus_psühh
suvesüda,,aeg,,,osa
suveteater,,,,sündmus,
suvetuur,,,,sündmus,
suveuinak,,,seisund,,
suveuni,,,seisund,,
suvevaheaeg,,aeg,,,
suvevorm,,,seisund,,"ese_riie, omadus_füüs"
suveõhtu,,aeg,,,
suveöö,,aeg,,,
suveülikool,,,,sündmus,
suvi,,aeg,,,
suvila,koht,,,,
suvilakooperatiiv,koht,,,,
suvilakrunt,koht,,,,
suvine pööripäev,,aeg,,,
suvisted,,,,sündmus,
suvistelaupäev,,aeg,,,
suvistepüha,,,,sündmus,
suvituslinn,koht,,,,
Suwałki koridor,koht,,,,
Svaasi,koht,,,,
Svaasimaa,koht,,,,
Svalbard,koht,,,,
Svaneetia,koht,,,,
Svanethi,koht,,,,
Svealand,koht,,,,
Sveamaa,koht,,,,
Sverdlovsk,koht,,,,
Sverdlovski oblast,koht,,,,
Svetlogorsk,koht,,,,
Svetogorsk,koht,,,,
svh,koht,,,,
Sviby,koht,,,,
Sviibi,koht,,,,
sviit,koht,,,,
svips,,,seisund,,
Svir,koht,,,,
SW,koht,,,,esitus_tähis
Swansea,koht,,,,
Święty Krzyż,koht,,,,
sõbrahoov,koht,,,,
sõbrakuu,,aeg,,,
sõbrapäev,,aeg,,,
sõbrasuhe,,,seisund,,
sõda,,,,sündmus,tegevus
sõdurieksam,,,,sündmus,
sõdurikodu,koht,,,,
sõdurileib,,,seisund,,toit
sõelmädanik,,,seisund,,
sõelmäng,,,,sündmus,tegevus_tegu
Sõgula,koht,,,,
sõiduaeg,,aeg,,,
sõidueksam,,,,sündmus,
sõidukaugus,koht,,,,
sõiduohutus,,,seisund,,
sõidurada,koht,,,,
sõidurida,koht,,,,
sõidus,,,seisund,,
sõidusiht,koht,,,,
sõidutee,koht,,,,
sõidutund,,,,sündmus,esitus_mõõt
sõiduvesi,koht,,,,
sõiduvorm,,,seisund,,
sõim,koht,,,,"ese_instru, tegevus_kõnetegu"
sõit,,,,sündmus,"tegevus, vald"
Sõitme,koht,,,,
sõja-aasta,,aeg,,,
sõjaaeg,,aeg,,,
sõjaajalugu,,aeg,,,vald
sõjahaav,koht,,,,
sõjahaud,koht,,,,
sõjajalal,,,seisund,,
sõjajalale,,,seisund,,
sõjajõud,koht,,,,"abstr/konkr, grupp, konkr"
sõjakeeris,koht,,,,
sõjakohus,koht,,,,tegevus
sõjakolle,koht,,,,
sõjakomissariaat,koht,,,,
sõjakool,koht,,,,
sõjalaager,koht,,,,"grupp, in_roll"
sõjaleek,,,,sündmus,
sõjaleer,koht,,,,"grupp, in_roll"
sõjaliin,koht,,,,tegevus
sõjamasin,,,seisund,,ese_instru
sõjaministeerium,koht,,,,
sõjamuuseum,koht,,,,
Sõjamäe,koht,,,,
sõjamöll,koht,,,,
sõjaneuroos,,,seisund,,
sõjanädal,,aeg,,,
sõjaoht,,,seisund,,
sõjaolud,,,seisund,,
sõjaolukord,,,seisund,,
sõjapagu,,,seisund,,tegevus
sõjapilv,,,seisund,,
sõjapurustus,,,seisund,,
sõjapäev,,aeg,,,
sõjapäevad,,aeg,,,
sõjarinne,koht,,,,tegevus
sõjasadam,koht,,,,
sõjaseisukord,,,seisund,,
sõjasuvi,,aeg,,,
sõjasüüdlane,koht,,,,
sõjatander,koht,,,,
sõjatee,koht,,,,tegevus_tegu
sõjateenistus,,,seisund,,tegevus
sõjatehas,koht,,,,
sõjatribunal,koht,,,,tegevus
sõjatuli,,,,sündmus,tegevus
sõjaudu,,,seisund,,
sõjavangi,,,seisund,,
sõjavangilaager,koht,,,,
sõjavangis,,,seisund,,
sõjavangist,,,seisund,,
sõjavanker,,,seisund,,ese_instru
sõjaväeakadeemia,koht,,,,
sõjaväeasutus,koht,,,,
sõjaväebaas,koht,,,,
sõjaväehaigla,koht,,,,
sõjaväehunta,koht,,,,
sõjaväekalmistu,koht,,,,
sõjaväekomisjon,koht,,,,in_roll
sõjaväelaager,koht,,,sündmus,"grupp, in_roll"
sõjaväelinnak,koht,,,,
sõjaväeorkester,koht,,,,in_elukutse
sõjaväeosa,koht,,,,in_roll
sõjaväeparaad,,,,sündmus,
sõjaväepolitsei,koht,,,,
sõjaväepost,koht,,,,in_roll
sõjaväeprokuratuur,koht,,,,
sõjaväeringkond,koht,,,,
sõjaväeteenistus,,,seisund,,tegevus
sõjaväeüksus,koht,,,,
sõjavägi,koht,,,,inimene
sõjaväli,koht,,,,tegevus
sõjaväljakohus,koht,,,,
sõjaõnn,,,seisund,,
Sõktõvkar,koht,,,,
sõlm,koht,,,,"abstr, abstr/konkr, ese_instru, esitus_kujutis, esitus_mõõt, objekt_loodus, osa, taim, tegevus_tegu"
sõlmekoht,koht,,,,"osa, taim"
sõlmes,,,seisund,,
sõlmjaam,koht,,,,
sõlmpunkt,koht,,,,abstr
sõltkond,koht,,,,
sõltlasmaa,koht,,,,
sõltlasriik,koht,,,,
Sõltumatute Riikide Ühendus,koht,,,,
sõltumus,,,seisund,,
sõltuvus,,,seisund,,abstr
sõltuvusaine,,,seisund,,
sõltuvusprobleem,,,seisund,,
Sõmera,koht,,,,
Sõmerpalu,koht,,,,
Sõmeru,koht,,,,
sõnajumalateenistus,,,,sündmus,
sõnateater,koht,,,,
sõnaus,,,,sündmus,
sõnavahe,koht,,,,
sõnavõistlus,,,,sündmus,
Sõnn,koht,,,,"esitus_kujutis, in_omadus, objekt_loodus_tähtkuju"
sõnnikuhoidla,koht,,,,
sõnnikukäik,koht,,,,
sõnnikulaut,koht,,,,
sõprus,,,seisund,,
sõpruskohtumine,,,,sündmus,tegevus_tegu
sõpruskool,koht,,,,
sõpruslinn,koht,,,,
sõprusmatš,,,,sündmus,
sõprusmäng,,,,sündmus,tegevus_tegu
sõprusside,,,seisund,,
sõprussuhe,,,seisund,,
sõprusvisiit,,,,sündmus,tegevus_tegu
sõrahaigus,,,seisund,,
sõraline,,,seisund,,"loom, loom_omadus, omadus_füüs"
Sõrandu,koht,,,,
sõrataud,,,seisund,,
Sõrdarja,koht,,,,
sõrendus,koht,,,,abstr/konkr
Sõrenets,koht,,,,
Sõreste,koht,,,,
sõrestiksein,koht,,,,
sõrestiktorn,koht,,,,
sõrm,koht,,,,"ese_instru, ese_riie, kehaosa, kehaosa_loom"
sõrmed sügelevad,,,seisund,,
sõrmjätk,koht,,,,
sõrmjätkühendus,koht,,,,
sõrmseong,,,seisund,,
sõrt,koht,,,,
Sõru,koht,,,,
Sõrumäe,koht,,,,
Sõrve,koht,,,,
Sõrve-Hindu,koht,,,,
Sõrve säär,koht,,,,
sõsarasutus,koht,,,,
sõsarettevõte,koht,,,,
sõsarorganisatsioon,koht,,,,
sõsarpartei,koht,,,,
sõsarsaar,koht,,,,
Sõzran,koht,,,,
Sõtke,koht,,,,
sõu,,,,sündmus,ese_riie
sõudebaas,koht,,,,
sõudekanal,koht,,,,
sõuderegatt,,,,sündmus,
sõudestaadion,koht,,,,
sõudevõistlus,,,,sündmus,
sõus,koht,,,,
Sõvaš,koht,,,,
sõõr,koht,,,,"esitus_kujutis, tegevus"
sõõrd,koht,,,,
Sõõrike,koht,,,,
Sõõru,koht,,,,
sõõrumaa,koht,,,,
Säde jõgi,koht,,,,
sädevahe,koht,,,,
sädevahemik,koht,,,,
sähvatus,,,seisund,,"nähtus, nähtus_füüs, nähtus_loodus, tegevus_tegu"
säilimine,,,seisund,,
säilitamine,,,seisund,,"nähtus, tegevus"
säiliti,koht,,,,
säilituskoht,koht,,,,
säilituspaik,koht,,,,
säilitusruum,koht,,,,
säilitustähtaeg,,aeg,,,
säilmed,koht,,,,"ese, inimene, loom, materjal/aine"
Säkna,koht,,,,
sälk,koht,,,,
sälkorg,koht,,,,
Sälliksaare,koht,,,,
Sälliku,koht,,,,
Sältnä,koht,,,,
säluiga,,aeg,,,
Sämi,koht,,,,
Sämi-Tagaküla,koht,,,,
sämp,koht,,,,
säng,koht,,,,ese_instru
sängiveer,koht,,,,"ese_instru, osa"
sängorg,koht,,,,
Sänna,koht,,,,
Sännä,koht,,,,
Säpina,koht,,,,
Säre,koht,,,,
Särevere,koht,,,,
Särgla,koht,,,,
säriaeg,,aeg,,,
säritusaeg,,aeg,,,
säru,,,,sündmus,
säsilõhe,,,seisund,,
säsiõõs,koht,,,,
Sätsuvere,koht,,,,
Sääla,koht,,,,
säär,koht,,,,"ese_instru, ese_riie, kehaosa, kehaosa_loom"
Sääre,koht,,,,
säärehaavand,,,seisund,,
Sääreots,koht,,,,
Sääretirp,koht,,,,
Sääritsa,koht,,,,
säärlõugas,koht,,,,
Sääse,koht,,,,
sääsekubel,,,seisund,,objekt
sääsekupp,,,seisund,,objekt
Sääsekõrva,koht,,,,
sääsepunn,,,seisund,,objekt
Sääsküla,koht,,,,
Säässaare,koht,,,,
Säästla,koht,,,,
säästukas,koht,,,,ese_instru
säästukauplus,koht,,,,
säästupood,koht,,,,
Söderbi,koht,,,,
Söderby,koht,,,,
söebassein,koht,,,,
söekaevandus,koht,,,,
söepunker,koht,,,,
söerada,koht,,,,
söerajasõit,,,,sündmus,
söeterminal,koht,,,,
söll,koht,,,,
Sölƶa-Ġala,koht,,,,
Sölƶ-Ġala,koht,,,,
Sörmland,koht,,,,
Söul,koht,,,,
sööbija,,,seisund,,
söödahoidla,koht,,,,
söödakoht,koht,,,,
söödakäik,koht,,,,
söödaköök,koht,,,,
söödal,,,seisund,,
söödamaa,koht,,,,
söödamaja,koht,,,,
söödamürgistus,,,seisund,,
söödamürgitus,,,seisund,,
söödaplats,koht,,,,
söödapuudus,,,seisund,,
söödapõld,koht,,,,
Söödi,koht,,,,
söödimaa,koht,,,,
söödipõld,koht,,,,
söögiaeg,,aeg,,sündmus,
söögikoht,koht,,,,
söögikord,,aeg,,sündmus,
söögimaja,koht,,,,ese
sööginurk,koht,,,,
söögipaus,,aeg,,,
söögipeatus,,,,sündmus,
söögipood,koht,,,,
söögisaal,koht,,,,
söögitoruahend,,,seisund,,
söögitoruvähk,,,seisund,,
söögituba,koht,,,,
söögivahe,,aeg,,,
söögivaheaeg,,aeg,,,
söögivahetund,,aeg,,,
söök,,,,sündmus,"tegevus, toit"
söökla,koht,,,,
sööm,,,,sündmus,"tegevus, toit"
sööma,,,,sündmus,"tegevus, VERB_muutus, VERB_psühh_emots, VERB_seisund, VERB_toituma"
söömaaeg,,,,sündmus,toit
söömad-joomad,,,,sündmus,"tegevus, toit, toit_jook"
söömakoht,koht,,,,
söömakord,,aeg,,sündmus,
söömaorgia,,,,sündmus,
söömapidu,,,,sündmus,
söömatus,,,seisund,,
söömavahe,,aeg,,,
sööming,,,,sündmus,
sööming-jooming,,,,sündmus,
söömishäire,,,seisund,,
sööst,,,seisund,,"nähtus_loodus, nähtus_psühh, tegevus_tegu"
sööstlend,,,seisund,,tegevus_tegu
sööt,koht,,,,"tegevus_tegu, toit"
sööthiir,,,seisund,,
sööti,,,seisund,,ADV_seisund
söötis,,,seisund,,ADV_seisund
söötmiskoht,koht,,,,
söötraig,,,seisund,,
söövitus,,,seisund,,"abstr/konkr, ese_kunst, tegevus"
süda,koht,aeg,seisund,,"abstr/konkr, kehaosa, konkr, nähtus_psühh, omadus_psühh, toit"
südakindlus,koht,,,,
südalinn,koht,,,,
süda läheb pahaks,,,seisund,,nähtus_psühh
süda läheb vesiseks,,,seisund,,
südameastma,,,seisund,,
südameatakk,,,seisund,,
südamehaigus,,,seisund,,
südamehäire,,,seisund,,
südameinfarkt,,,seisund,,
südameklapirike,,,seisund,,
südamekloppimine,,,seisund,,
südamekramp,,,seisund,,
südame laienemine,,,seisund,,
südamelaienemine,,,seisund,,
südamelihasepõletik,,,seisund,,
südameneuroos,,,seisund,,
südamenõrkus,,,seisund,,
südamepaunapõletik,,,seisund,,
südamepekslemine,,,seisund,,
südamepuudulikkus,,,seisund,,
südamepööritus,,,seisund,,
südamerabandus,,,seisund,,
südamerahu,,,seisund,,
südamerebend,,,seisund,,
südamereuma,,,seisund,,
südamerike,,,seisund,,
südamerütm,,,seisund,,
südameseisak,,,seisund,,
südametalitlus,,,seisund,,
südametegevus,,,seisund,,
südametervis,,,seisund,,
südametunnistus,,,seisund,,"in_omadus, omadus_psühh"
südamevalu,,,seisund,,
südameviga,,,seisund,,
südamevoolmed,,,seisund,,
südamevärin,,,seisund,,
südamevärinal,,,seisund,,
südamik,koht,,,,"abstr/konkr, ese_instru, konkr"
süda on paha,,,seisund,,
süda on täis,,,seisund,,
südapäev,,aeg,,,
südar,,,seisund,,
südasuvi,,aeg,,,osa
südatalv,,aeg,,,
südaöö,,aeg,,,
südaöötund,,aeg,,,
süfiliid,,,seisund,,
süfiliitlööve,,,seisund,,
sügatõbi,,,seisund,,
sügavik,koht,,seisund,,
sügavkülmas,,,seisund,,
sügavpuurauk,koht,,,,
sügavus,koht,,,,"abstr, omadus_füüs, omadus_kval, omadus_psühh"
sügavuspunkt,koht,,,,
sügelised,,,seisund,,
sügis,,aeg,,,
sügisekuu,,aeg,,,
sügisene pööripäev,,aeg,,,
sügisjaht,,,,sündmus,tegevus
sügiskuu,,aeg,,,
sügislaat,,,,sündmus,
sügismaastik,koht,,,,ese_kunst
sügismasendus,,,seisund,,
sügispime,,,seisund,,omadus_füüs
sügispäev,,aeg,,,
sügissemester,,aeg,,,
sügissuvi,,aeg,,,
sügistalv,,aeg,,,
sügisõhtu,,aeg,,,
sügisöö,,aeg,,,
sügomükoos,,,seisund,,
sükoos,,,seisund,,
SÜKU,koht,,,,
Süku,koht,,,,
süldipidu,,,,sündmus,
sülelus,,,seisund,,tegevus_tegu
sülemikupp,koht,,,,
süles,,,seisund,,ADV_koht
sülest,,,seisund,,ADV_koht
Sülgoja,koht,,,,
süli,koht,,,,
sülle,,,seisund,,ADV_koht
Sülluste,koht,,,,
sümbioos,,,seisund,,nähtus_loodus
sümbioosne,,,seisund,,omadus_füüs
sümbiootiline,,,seisund,,omadus_füüs
sümfooniakontsert,,,,sündmus,
sümpoosion,,,,sündmus,
sümpoosium,,,,sündmus,
sünagoog,koht,,,,
sünaps,koht,,,,
sündaktüülia,,,seisund,,
sündikaat,koht,,,,
sündmus,,,,sündmus,abstr
sündmuskoht,koht,,,,
sündmuspaik,koht,,,,
sündmusteahel,,,,sündmus,
sündmuste horisont,koht,,,,
sündmustik,,,,sündmus,
sünekliis,koht,,,,
sünklinaal,koht,,,,
sünkoop,,,seisund,,"abstr, esitus_keel"
sünkro,,,seisund,,ese_instru
sünkroon,,,seisund,,omadus_aeg
sünkroonala,koht,,,,
sünna,,aeg,,sündmus,
sünniaasta,,aeg,,,
sünniaastapäev,,aeg,,,
sünniaeg,,aeg,,,
sünnidaatum,,aeg,,,
sünnikahjustus,,,seisund,,
sünnikirik,koht,,,,
sünnikodu,koht,,,,
sünnikoht,koht,,,,
sünnikuu,,aeg,,,
sünnikuupäev,,aeg,,,
sünnilinn,koht,,,,
sünnimaa,koht,,,,
sünnimaja,koht,,,,
sünnimuhk,,,seisund,,
sünnipaik,koht,,,,
sünnipäev,,aeg,,sündmus,
sünnipäevanädal,,aeg,,,
sünnipäevapidu,,,,sündmus,
sünnitalu,koht,,,,
sünnitamine,,aeg,,sündmus,
sünnitrauma,,,seisund,,
sünnitus,,aeg,,sündmus,
sünnitushaigla,koht,,,,
sünnitusiga,,aeg,,,
sünnitusmaja,koht,,,,
sünnituspuhkus,,aeg,,,
sünnitusvalu,,,seisund,,
sünoodiline kuu,,aeg,,,
sünoodiline periood,,aeg,,,
sünostoos,koht,,seisund,,
Sürakuusa,koht,,,,
Sürgavere,koht,,,,
sürjamets,koht,,,,taim
sürpriis,,,,sündmus,"nähtus_psühh, tegevus"
süsi,,,seisund,,"ese_instru, materjal/aine, vald"
süstamatk,,,,sündmus,
süstekoht,koht,,,,
süstimiskoht,koht,,,,
süstlavahetuspunkt,koht,,,,
Süvahavva,koht,,,,
süvakiht,koht,,,,"abstr, ese_semio"
süvaklass,koht,,,,in_roll
süvakool,koht,,,,
süvakosmos,koht,,,,
Süvalepa,koht,,,,
süvameri,koht,,,,
süvapuurauk,koht,,,,
süvasadam,koht,,,,
süvataevas,koht,,,,
süvauni,,,seisund,,abstr/konkr
süvavaesus,,,seisund,,
süvavundament,koht,,,,
süvend,koht,,,,
süvendus,koht,,,,VERB_muutus
süvik,koht,,,,
süvis,koht,,,,omadus_füüs
süü,,,seisund,,"abstr/konkr, omadus_füüs"
süüd,koht,,,,
süüde,,,seisund,,"abstr/konkr, ese_instru, materjal/aine, nähtus, tegevus"
süüdimatus,,,seisund,,
süüdivus,,,seisund,,
süüdlus,,,seisund,,
süüdost,koht,,,,esitus
süüdvest,koht,,,,esitus_tähis
süüfilis,,,seisund,,
süükoorem,,,seisund,,
süülisus,,,seisund,,
süüme,,,seisund,,omadus_psühh
süümekas,,,seisund,,"nähtus_psühh, omadus_psühh"
süümepiin,,,seisund,,nähtus_psühh
Süüria,koht,,,,
süütalastepäev,,aeg,,,
süütus,,,seisund,,materjal/aine
Sydney,koht,,,,
šafott,koht,,,,
šahh,,,seisund,,"esitus_tiitel, in_roll"
šaht,koht,,,,
šahtiõu,koht,,,,
šahtkaev,koht,,,,
Šahtõ,koht,,,,
Šanghai,koht,,,,
Šani,koht,,,,
šanker,,,seisund,,
šariaadikohus,koht,,,,
šašlõkibaar,koht,,,,
šeflus,,,seisund,,tegevus
šelf,koht,,,,
šelfimeri,koht,,,,
Šiauliai,koht,,,,
šikaan,koht,,,,"nähtus, tegevus"
Šikoku,koht,,,,
Šilutė,koht,,,,
šlakikoonus,koht,,,,
Šnelli tiik,koht,,,,
šokk,,,seisund,,
Šoltozero,koht,,,,
šoping,,,,sündmus,tegevus
šoppamine,,,,sündmus,tegevus
Šoti,koht,,,,
Šotimaa,koht,,,,
šott,koht,,,,toit_jook
Šoutjärv,koht,,,,
Štšeglovsk,koht,,,,
Štšerbinovka,koht,,,,
Štšerbõnivka,koht,,,,
Šupaškar,koht,,,,
šurf,koht,,,,
Švaabi Juura,koht,,,,
Švaabimaa,koht,,,,
Šveits,koht,,,,
švips,,,seisund,,
Šõmkent,koht,,,,
šõu,,,,sündmus,
Zagreb,koht,,,,
Zagrivje,koht,,,,
Zahhonje,koht,,,,
Zaire,koht,,,,
Zambezi,koht,,,,
Zaporižžja,koht,,,,
Zaporožje,koht,,,,
Zaragoza,koht,,,,
Zaretšje,koht,,,,
Zeeland,koht,,,,
Zeja,koht,,,,
Zelenogorsk,koht,,,,
Zelenogradsk,koht,,,,
Zemgale,koht,,,,
zemštšina,koht,,,,
Zhangjiakou,koht,,,,
Zhejiang,koht,,,,
Zhengzhou,koht,,,,
Zhu Jiang,koht,,,,
Zimbabwe,koht,,,,
Zinovjevsk,koht,,,,
Zlatni pyasatsi,koht,,,,
Zlatoust,koht,,,,
Zmijinõi,koht,,,,
Zomba,koht,,,,
zoo,koht,,,,
zooantroponoos,,,seisund,,
zookauplus,koht,,,,
zooloogiakauplus,koht,,,,
zoonoos,,,seisund,,
zoopark,koht,,,,
Zuiderzee,koht,,,,
Zwickau,koht,,,,
Zürich,koht,,,,
žakerii,,,,sündmus,
žandarmeeria,koht,,,,
Ždanov,koht,,,,
Železnovodsk,koht,,,,
Žemaitija,koht,,,,
Žezkazgan,koht,,,,
Žiguli,koht,,,,
Žitomir,koht,,,,
Žõtomõr,koht,,,,
T,,aeg,,,"esitus, esitus_keel_täht, esitus_mõõt, materjal/aine"
t,koht,aeg,,,"esitus, esitus_keel_täht, esitus_mõõt"
taabes,,,seisund,,
Taabor,koht,,,,
Taabori mägi,koht,,,,
Taabri,koht,,,,
Taadikvere,koht,,,,
Taagepera,koht,,,,
Taali,koht,,,,
Taaliku,koht,,,,
taalrimaa,koht,,,,
taandrõdu,koht,,,,
taandumislahing,,,,sündmus,
taandumus,,,seisund,,
taane,koht,,,,
Taani,koht,,,,
Taani Kuninga aed,koht,,,,
Taani Lääne-India,koht,,,,
Taani väinad,koht,,,,
Taaralinn,koht,,,,
taarapunkt,koht,,,,
Taaravainu,koht,,,,
Taari,koht,,,,
taarn,koht,,,,
taasiseseisvumispäev,,aeg,,sündmus,
taasiseseisvuspäev,,aeg,,sündmus,
taaskasutus,koht,,,,"nähtus, tegevus"
taaskasutuskeskus,koht,,,,
taaskasutusorganisatsioon,koht,,,,
taaskehastus,,,,sündmus,"inimene, tegevus"
taaskohtumine,,,,sündmus,
taassünnipäev,,aeg,,,
taastulek,,,,sündmus,tegevus_muutus
taastumisaeg,,aeg,,,
taba,,,seisund,,ese_instru
tabamispunkt,koht,,,,
tabamus,,,,sündmus,
tabanipäev,,aeg,,,
Tabara,koht,,,,
Tabasalu,koht,,,,
tabeldi,koht,,,,ese_instru
tabeldusklahv,koht,,,,ese_instru
tabeliseis,,,seisund,,
Taberlaane,koht,,,,
Tabina,koht,,,,
Tabivere,koht,,,,
tabor,koht,,,,"inimene, in_rahvas"
Tabori mägi,koht,,,,
Tabria,koht,,,,
Tabrīz,koht,,,,
tabulaator,koht,,,,ese_instru
Tade,koht,,,,
Tadžiki,koht,,,,
Tadžikistan,koht,,,,
Taebla,koht,,,,
Taegu,koht,,,,
taevaala,koht,,,,
taevakaar,koht,,,,"nähtus_loodus, objekt_loodus"
taevaminemispüha,,aeg,,,
taevanaba,koht,,,,
taevapiir,koht,,,,esitus_kujutis
taevapoolus,koht,,,,
taevarand,koht,,,,esitus_kujutis
taevariik,koht,,,,
taevaruum,koht,,,,
taevas,koht,,,,"esitus_keel_suhtlus, in_müt, objekt_loodus, vald"
Taevase Rahu väljak,koht,,,,
taevaserv,koht,,,,esitus_kujutis
Taevaskoja,koht,,,,
taevastel jahimaadel,,,seisund,,
taevast kukkunud,,,seisund,,omadus_kval
taevaveer,koht,,,,esitus_kujutis
taevaäär,koht,,,,esitus_kujutis
Taevere,koht,,,,
tagaaed,koht,,,,
tagaaju,,,seisund,,"abstr, kehaosa"
Taga-Baikali krai,koht,,,,
Tagadi,koht,,,,
tagahoov,koht,,,,
Taga-India,koht,,,,
Tagajõe,koht,,,,
tagakamber,koht,,,,kehaosa
Taga-Karpaatia,koht,,,,
Taga-Kaukaasia,koht,,,,
tagakiusamisluul,,,seisund,,
tagakiusamismaania,,,seisund,,
Tagakolga,koht,,,,
Tagaküla,koht,,,,
tagakülg,koht,,,,
Tagakülä,koht,,,,
Tagala,koht,,,,
tagala,koht,,,,"abstr/konkr, tegevus"
Tagalaht,koht,,,,
tagalateenistus,koht,,,,tegevus
tagalava,koht,,,,
tagamaa,koht,,,,"abstr, abstr/konkr"
tagamets,koht,,,,taim
Tagametsa,koht,,,,
Tagamõisa,koht,,,,
taganemislahing,,,,sündmus,
Taganrog,koht,,,,
tagant,koht,aeg,,,"abstr, ADV_aeg, ADV_koht, ADV_seisund"
Taganurga,koht,,,,
taganurk,koht,,,,
tagaots,koht,,,,
tagaplaan,koht,,,,abstr
tagapool,koht,,,,"ADV_aeg, ADV_koht, kehaosa"
tagapõhi,koht,,,,"abstr, esitus_kujutis"
Tagaranna,koht,,,,
tagarida,koht,,,,
Taga-Roostoja,koht,,,,
tagaruum,koht,,,,
tagasein,koht,,,,
tagaselg,koht,,,,
tagasiaste,koht,,,,
tagasikutsumine,,,,sündmus,tegevus_tegu
tagasirge,koht,,,,
tagasisööt,,,,sündmus,
tagasitee,koht,,,,tegevus
Tagassaare,koht,,,,
tagastamistähtaeg,,aeg,,,
tagataskus,,,seisund,,
tagataust,koht,,,,"abstr, abstr/konkr, ese_kunst, esitus_kujutis, nähtus_füüs"
tagatipp,koht,,,,abstr/konkr
tagatisaeg,,aeg,,,
tagatiseandja,koht,,,,inimene
tagatisparandus,koht,,,,tegevus
tagatoeng,,,seisund,,
tagatoenglamang,,,seisund,,
tagatrepp,koht,,,,tegevus
tagatuba,koht,,,,inimene
tagatus,,,seisund,,
tagauks,koht,,,,esitus_info
tagavaratee,koht,,,,abstr
Tagavere,koht,,,,
tagavärav,koht,,,,
tagaõu,koht,,,,
Taguküla,koht,,,,
Tagula,koht,,,,
Tagumaa,koht,,,,
tagumiktund,,aeg,,,
tagumikulohk,koht,,,,
tagumikutund,,aeg,,,
tagune,koht,,,,"omadus_aeg, omadus_koht"
tagupool,koht,,,,kehaosa
Taheva,koht,,,,
tahhükardia,,,seisund,,
Tahiti,koht,,,,
Tahkuna,koht,,,,
Tahkuranna,koht,,,,
tahmasus,,,seisund,,
tahtehäire,,,seisund,,
tahtejõuetus,,,seisund,,
tahtenõrkus,,,seisund,,
tahtepingutus,,,seisund,,tegevus
Tahu,koht,,,,
Tahula,koht,,,,
tahveldis,koht,,,,
Tai,koht,,,,
Taibei,koht,,,,
taiga,koht,,,,
taigamets,koht,,,,taim
taigavöönd,koht,,,,
Taikse,koht,,,,
Tai laht,koht,,,,
Taimaa,koht,,,,
taimeaed,koht,,,,
taimehaigus,,,seisund,,
taimekahjustaja,,,seisund,,loom
taimekahjustus,,,seisund,,
taimekasvuperiood,,aeg,,,
taimelava,koht,,,,abstr/konkr_omadus
taimetervis,,,seisund,,
taimetoidurestoran,koht,,,,
taimla,koht,,,,
Taimõr,koht,,,,
Taimõri poolsaar,koht,,,,
Taipei,koht,,,,
Tai Shan,koht,,,,
Taizé,koht,,,,abstr/konkr
Taiwan,koht,,,,
Taiyuan,koht,,,,
Tajo,koht,,,,
tajuhäire,,,seisund,,
tajumishäire,,,seisund,,
take-away,koht,,,,toit
takistusriba,koht,,,,
takka,koht,aeg,,,"abstr, ADV_koht"
Taklimakan,koht,,,,
taksofirma,koht,,,,
taksojärjekord,,aeg,,,inimene
taksopark,koht,,,,ese_instru
taksopeatus,koht,,,,
takt,,,seisund,,"ese_instru, ese_kunst, esitus_mõõt, nähtus_psühh, omadus_füüs"
taktikepi all,,,seisund,,
takõrr,koht,,,,
talalagi,koht,,,,
Talas,koht,,,,
talasild,koht,,,,ese_instru
talasseemia,,,seisund,,
taldmik,koht,,,,
Taldõkorgan,koht,,,,
talgud,,,,sündmus,
talgupidu,,,,sündmus,
talgupäev,,aeg,,,
Tali,koht,,,,
tali,,aeg,,,ese_instru
Taliban,koht,,,,
talihari,,aeg,,,
taliharjapäev,,aeg,,,
talihooaeg,,aeg,,,
talikross,,,,sündmus,tegevus
talikuurort,koht,,,,
Talila,koht,,,,
talilaager,,,,sündmus,tegevus
talimängud,,,,sündmus,
taliolümpia,,,,sündmus,
taliolümpiamängud,,,,sündmus,
talispordikeskus,koht,,,,
talistepüha,,aeg,,,
talitee,koht,,,,
talitlushäire,,,seisund,,
talitsetus,,,seisund,,
talitus,koht,,,sündmus,"nähtus_loodus, tegevus, tegevus_tegu"
taliuinak,,,seisund,,
talje,,,seisund,,"ese_riie, kehaosa"
taljejoon,koht,,,,"ese_riie, esitus_kujutis"
Talka,koht,,,,
tall,koht,,,,"inimene, in_müt, in_omadus, in_roll, loom, omadus_füüs"
tallaalune,koht,,,,"ese, kehaosa, omadus, omadus_kval"
tallermaa,koht,,,,abstr
tallesaba,,,seisund,,
Tallikeste,koht,,,,
Tallima,koht,,,,
Tallinn,koht,,,,
Tallinna laht,koht,,,,
Tallitorn,koht,,,,
Talsi,koht,,,,
talsipüha,,aeg,,,
talu,koht,,,,esitus
taluelamu,koht,,,,
taluhoone,koht,,,,
taluhäärber,koht,,,,
talukoht,koht,,,,
talumaja,koht,,,,
talumajand,koht,,,,
talumajapidamine,koht,,,,tegevus
talumets,koht,,,,taim
talumispiir,,,seisund,,
talumuuseum,koht,,,,
talund,koht,,,,
talupood,koht,,,,
talurahvakohus,koht,,,,
talurahvakool,koht,,,,
talurahvaliikumine,,,,sündmus,tegevus
talurahvarahutus,,,,sündmus,
talurahvasõda,,,,sündmus,
talutare,koht,,,,
talv,,aeg,,,
talve,,aeg,,,
talveaed,koht,,,,
talveaeg,,aeg,,,
talvedepressioon,,,seisund,,
talvehakk,,aeg,,,
talvehari,,aeg,,,
talvehooaeg,,aeg,,,
talvekirik,koht,,,,
talvekoda,koht,,,,
talvekorter,koht,,,,
talvekuu,,aeg,,,esitus
talvelaager,koht,,,sündmus,tegevus
talvemaastik,koht,,,,ese_kunst
talvemasendus,,,seisund,,
Talvepalee,koht,,,,
talvepuhkus,,aeg,,,tegevus
talvepäev,,aeg,,,
talvepäevad,,,,sündmus,
talvepüha,,aeg,,,
talvesadam,koht,,,,
talvesõda,,,,sündmus,
talvesüda,,aeg,,,
talvetee,koht,,,,
talveuinak,,,seisund,,
talveuni,,,seisund,,"nähtus_psühh, tegevus"
talveõhtu,,aeg,,,
talveöö,,aeg,,,
Talvikese,koht,,,,
talvine pööripäev,,aeg,,,
talvistepüha,,aeg,,,
talvitumiskoht,koht,,,,
talvitumispaik,koht,,,,
talvitusala,koht,,,,
talvituskoht,koht,,,,
talvituspaik,koht,,,,
talvitustiik,koht,,,,
Taman,koht,,,,
Tamba,koht,,,,
Tambov,koht,,,,
Tambre,koht,,,,
tambur,koht,,,,
tambuur,koht,,,,
Tamil Nadu,koht,,,,
tamm,koht,,,,"ese_instru, materjal/aine, taim"
Tamme,koht,,,,
Tammejärve,koht,,,,
Tammeküla,koht,,,,
Tammela,koht,,,,
Tammelinn,koht,,,,
tammemets,koht,,,,taim
Tammemäe,koht,,,,
Tammese,koht,,,,
Tammessaare,koht,,,,
Tammetaguse,koht,,,,
Tammevaldma,koht,,,,
Tammeveski,koht,,,,
tammik,koht,,,,taim
Tammiku,koht,,,,
Tammikualuse,koht,,,,
Tammisaari,koht,,,,
Tammispea,koht,,,,
Tammispää,koht,,,,
Tammiste,koht,,,,
Tammistu,koht,,,,
Tammneeme,koht,,,,
Tammsaare,koht,,,,
Tammuna,koht,,,,
Tammuru,koht,,,,
tamp,,,seisund,,"ese_instru, tegevus, toit"
Tampere,koht,,,,
Tamsa,koht,,,,
Tamsalu,koht,,,,
Tamse,koht,,,,
Tamsi,koht,,,,
Tamula,koht,,,,
Tamula järv,koht,,,,
tander,koht,,,,vald
Tanganjika,koht,,,,
Tanganjika järv,koht,,,,
Tanger,koht,,,,
tangi,,,seisund,,
tangis,,,seisund,,
tangisünnitus,,,,sündmus,
tangsünnitus,,,,sündmus,
tangtõbi,,,seisund,,
tankilahing,,,,sündmus,
tankitõrjekraav,koht,,,,
tankivägi,koht,,,,
tankla,koht,,,,
tanklakett,koht,,,,
tanklapood,koht,,,,
tankodroom,koht,,,,
Tannenbergi liin,koht,,,,
tanner,koht,,,,vald
Tannu-Tuva,koht,,,,
Tansaania,koht,,,,
Tanska,koht,,,,
Tantalose piinad,,,seisund,,
tants,,,,sündmus,"ese_kunst, tegevus, tegevus_tegu, vald"
tantsing,,,,sündmus,tegevus
tants ja trall,,,,sündmus,tegevus
tantstõbi,,,seisund,,
tantsuasend,,,seisund,,
tantsuetendus,,,,sündmus,
tantsuklubi,koht,,,,
tantsukool,koht,,,,abstr
tantsukursus,,,,sündmus,
tantsulka,,,,sündmus,
tantsulokaal,koht,,,,
tantsupidu,,,,sündmus,
tantsuplats,koht,,,,
tantsupoos,,,seisund,,
tantsupõrand,koht,,,,
tantsurestoran,koht,,,,
tantsuteater,koht,,,,
tantsutreening,,,,sündmus,tegevus
tantsutrenn,,,,sündmus,tegevus
tantsuturniir,,,,sündmus,
tantsuvõistlus,,,,sündmus,
tantsuväljak,koht,,,,
tantsuõhtu,,,,sündmus,
tanum,koht,,,,
taotlusvoor,,,,sündmus,
Tapa,koht,,,,
tapabaar,koht,,,,
tapamaja,koht,,,,
tapapunkt,koht,,,,
tapatall,koht,,,,loom
Tapiau,koht,,,,
Tapiku,koht,,,,
tapivangla,koht,,,,
tapp,koht,,,,"ese_instru, inimene, taim, tegevus, tegevus_tegu"
tappliide,koht,,,,ese_instru
tappnurk,koht,,,,
tappseotis,koht,,,,ese_instru
tapuaed,koht,,,,
Tapupere,koht,,,,
Tapurla,koht,,,,
tara,koht,,,,"ese_instru, nähtus_loodus"
Tarakuse,koht,,,,
Tarakvere,koht,,,,
tarand,koht,,,,
tarandik,koht,,,,
tarandkalme,koht,,,,
Taranto,koht,,,,
Taraz,koht,,,,
Tarawa,koht,,,,
tarbeaed,koht,,,,
tarbekunstimuuseum,koht,,,,
tarbetus,,,seisund,,
tarbija,koht,,,,"in_roll, organism"
tarbijakaitse,koht,,,,"abstr/konkr, tegevus"
tarbijakaitseamet,koht,,,,
tarbijate ühistu,koht,,,,
tarbijaühistu,koht,,,,
tarbimiskoht,koht,,,,
tarbimisküpsus,,,seisund,,
Tarbja,koht,,,,
tardumus,,,seisund,,
tarduni,,,seisund,,
tare,koht,,,,
Tareste,koht,,,,
Târgu Mureş,koht,,,,
Tarim,koht,,,,
tarind,koht,,,,"ese_instru, esitus_keel"
Taritu,koht,,,,
tarkusekuu,,aeg,,,
tarkusepäev,,,,sündmus,
tarkusetempel,koht,,,,
tarkuspäev,,,,sündmus,
tarkvarafirma,koht,,,,
tarnamätas,koht,,,,
tarneaeg,,aeg,,,
tarneprobleem,,,seisund,,
tarneraskus,,,seisund,,
tarnija,koht,,,,in_elukutse
tarre,,,seisund,,materjal/aine
tarretus,,,seisund,,
Tarzani rada,koht,,,,
tartaanrada,koht,,,,
tartaanväljak,koht,,,,
Tartu,koht,,,,
Tartumaa,koht,,,,
Tartu maakond,koht,,,,
Tartu-Maarja,koht,,,,
taru,koht,,,,
Tarumaa,koht,,,,
Tarvastu,koht,,,,
tarve,,,seisund,,"abstr, tegevus, tegevus_tegu"
tarvitaja,koht,,,,in_roll
tasa,,,seisund,,"abstr_asend/suund, ADV_viis"
tasakaal,,,seisund,,"abstr_asend/suund, nähtus_psühh"
tasakaaluasend,,,seisund,,
tasakaaluhäire,,,seisund,,
tasakaaluseisund,,,seisund,,
tasakaalustamatus,,,seisund,,
tasakaalustatus,,,seisund,,
tasakaalustus,,,seisund,,tegevus_muutus
tasakaalutunne,,,seisund,,nähtus_psühh
tasalülitus,,,seisund,,
tasamaa,koht,,,,
tasandik,koht,,,,
tasandikujõgi,koht,,,,
tasanduskool,koht,,,,
tasemel,,,seisund,,omadus_kval
tasku,koht,,seisund,,"abstr, ese_instru, ese_riie, toit"
taskupark,koht,,,,
Tasmaania,koht,,,,
Tasmani meri,koht,,,,
tasuretk,,,,sündmus,
tasuta,,,seisund,,"ADV_viis, omadus"
tasuvusaeg,,aeg,,,
Tašauz,koht,,,,
Taškent,koht,,,,
Taz,koht,,,,
Tatarimaa,koht,,,,
Tatari väin,koht,,,,
Tatarstan,koht,,,,
tatitaud,,,seisund,,kehaosa
tatitõbi,,,seisund,,
Tatrad,koht,,,,
tattoo,,,,sündmus,"ese_kunst, esitus_kujutis, tegevus"
taud,,,seisund,sündmus,nähtus
Taunton,koht,,,,
Tauragė,koht,,,,
Tauria,koht,,,,
Taurus,koht,,,,"esitus_kujutis, in_omadus, objekt_loodus_tähtkuju"
taust,koht,,,,"abstr, abstr/konkr, ese_kunst, esitus_kujutis, nähtus_füüs"
tavaelu,,,seisund,,
tavakool,koht,,,,
tavalisus,,,seisund,,omadus_kval
tavand,,,,sündmus,
tavapood,koht,,,,
tavapära,,,seisund,,omadus_kval
tavapärasus,,,seisund,,omadus_kval
tavatarbija,koht,,,,in_roll
tavern,koht,,,,
tax-free,koht,,,,"abstr/konkr, omadus_kval"
tbc,,,seisund,,
Tbilisi,koht,,,,
te,koht,,,,"esitus_keel, esitus_keel_suhtlus, inimene"
teabeagentuur,koht,,,,
teabekeskus,koht,,,,
teabepäev,,,,sündmus,
teabetalitus,koht,,,,
teabeteenistus,koht,,,,
teabetund,,,,sündmus,
tead,,,seisund,,
teade,,,,sündmus,"abstr, ese_semio"
teadeteagentuur,koht,,,,
teadlikkus,,,seisund,,
teadmatus,,,seisund,,
teadmine,,,seisund,,
teadusasutus,koht,,,,
teadusetempel,koht,,,,
teaduse tippkeskus,koht,,,,
teadusinstituut,koht,,,,
teadus- ja arendusasutus,koht,,,,
teaduskeskus,koht,,,,
teaduskond,koht,,,,
teaduskonverents,,,,sündmus,
teaduskool,koht,,,,
teaduslabor,koht,,,,
teaduslinnak,koht,,,,
teadusnõukogu,koht,,,,inimene
teaduspark,koht,,,,
teadusraamatukogu,koht,,,,
teadusrevolutsioon,,,,sündmus,
teadusteater,koht,,,,
teadustempel,koht,,,,
teadvel,,,seisund,,
teadvelolek,,,seisund,,
teadvusekaotus,,,seisund,,
teadvusetu,,,seisund,,omadus_psühh
Tealama,koht,,,,
Teaste,koht,,,,
teateorienteerumine,,,,sündmus,
teater,koht,,,,"ese_kunst, omadus_psühh, tegevus, vald"
teatesuunistus,,,,sündmus,
teatesõit,,,,sündmus,
teatevahetus,,,,sündmus,
teatevõistlus,,,,sündmus,
teatriaasta,,aeg,,,
teatriball,,,,sündmus,
teatrihoone,koht,,,,
teatrikassa,koht,,,,
teatrikool,koht,,,,
teatrikuu,,aeg,,,
teatrilava,koht,,,,
teatrimaja,koht,,,,
teatripäev,,aeg,,,
teatristuudio,koht,,,,
Tedre,koht,,,,
Tedreküla,koht,,,,
tee,koht,,,sündmus,"abstr, abstr_asend/suund, abstr/konkr, ese_instru, ese_semio, esitus_keel_täht, materjal/aine, taim, tegevus, toit_jook"
Teeba,koht,,,,
teedeministeerium,koht,,,,
teedevõrk,koht,,,,
Teedla,koht,,,,
teeharu,koht,,,,
teejoomine,,,,sündmus,
teekallas,koht,,,,
teekraav,koht,,,,
teekünnis,koht,,,,ese_instru
teelahe,koht,,,,abstr
teelõik,koht,,,,
teemaa,koht,,,,
teemaja,koht,,,,
teemamuuseum,koht,,,,
teemantjuubel,,,,sündmus,
teemantpulm,,aeg,,sündmus,
teemanädal,,aeg,,sündmus,
teemanäitus,,,,sündmus,
teemapark,koht,,,,
teemapidu,,,,sündmus,
teemapäev,,,,sündmus,
teemaõhtu,,,,sündmus,
teenijatuba,koht,,,,
teenindus,koht,,,,"tegevus, vald"
teenindusbüroo,koht,,,,
teenindusettevõte,koht,,,,
teenindushoone,koht,,,,
teenindusjaam,koht,,,,
teeninduskeskus,koht,,,,
teeninduskombinaat,koht,,,,
teenindusmaja,koht,,,,
teeninduspunkt,koht,,,,
teenindusruum,koht,,,,
teenismõis,koht,,,,
teenistus,koht,,seisund,sündmus,"abstr/konkr, ese_raha, tegevus"
teenistusaasta,,aeg,,,
teenistusaeg,,aeg,,,
teenistuskoht,koht,,,,abstr
Teenuse,koht,,,,
teenuseosutaja,koht,,,,
teenusepakkuja,koht,,,,
teenusetõkestusrünne,,,,sündmus,tegevus
teenuskeskus,koht,,,,
teenusmaja,koht,,,,
teenustõkestusrünnak,,,,sündmus,tegevus
teeots,koht,,,,abstr_asend/suund
teepeenar,koht,,,,
teeperv,koht,,,,
teepool,koht,,,,
teerada,koht,,,,abstr
teereis,,,,sündmus,tegevus
teerist,koht,,,,
teeriste,koht,,,,
teeroobas,koht,,,,esitus_kujutis
teerööbas,koht,,,,esitus_kujutis
teeserv,koht,,,,
teesiht,koht,,,,
teesild,koht,,,,
Teesside,koht,,,,
teestik,koht,,,,
teesulg,koht,,seisund,,
teesuu,koht,,,,
teesüvend,koht,,,,
teetamm,koht,,,,
teetanus,,,seisund,,
teetrass,koht,,,,
teetruup,koht,,,,ese_instru
teetseremoonia,,,,sündmus,
teetähis,,,,sündmus,ese_semio
teevall,koht,,,,
teeveer,koht,,,,
teeõhtu,,,,sündmus,
teeäär,koht,,,,
teeäärne,koht,,,,omadus_koht
tegelikkus,,,seisund,,"abstr, nähtus"
tegelusmaja,koht,,,,ese_instru
tegevteenistus,,,seisund,,tegevus
tegevus,,,,sündmus,"omadus_kval, tegevus, tegevus_tegu"
tegevusaasta,,aeg,,,
tegevusaeg,,aeg,,,
tegevusetus,,,seisund,,
tegevuskeskus,koht,,,,
tegevuskoht,koht,,,,
tegevuspaik,koht,,,,
tegevuspiirkond,koht,,,,
tegevustik,,,,sündmus,
tegevusvalmidus,,,seisund,,
tegevusväli,koht,,,,vald
tegevvägi,koht,,,,
tegija,koht,,,,"in_omadus, in_tegija, omadus"
Tegucigalpa,koht,,,,
tegutsemisaasta,,aeg,,,
tehas,koht,,,,
tehasehoone,koht,,,,
tehasemaja,koht,,,,
tehasepood,koht,,,,
Teheran,koht,,,,
tehisabort,,,,sündmus,
tehiskeskkond,koht,,,,
tehiskoelmu,koht,,,,
tehismaailm,koht,,,,
tehismaastik,koht,,,,
tehissaar,koht,,,,
tehnikagümnaasium,koht,,,,
tehnikainstituut,koht,,,,
tehnikakõrgkool,koht,,,,
tehnikamuuseum,koht,,,,
tehnikanäitus,,,,sündmus,
tehnikaraamatukogu,koht,,,,
tehnikarevolutsioon,,,,sündmus,
tehnikasajand,,aeg,,,
tehnikum,koht,,,,
tehnoloogiagigant,koht,,,,
tehnoloogiahiid,koht,,,,
tehnoloogiaküla,koht,,,,
tehnoloogiapark,koht,,,,
tehnoloogiline singulaarsus,,aeg,,,
tehnopark,koht,,,,
tehnorajatis,koht,,,,
tehnoseisund,,,seisund,,
tehnostress,,,seisund,,nähtus_psühh
Tehumardi,koht,,,,
tehvanipäev,,aeg,,,
Teilma,koht,,,,
teineteisemõistmine,,,seisund,,
teisipäev,,aeg,,,esitus
teismed,,aeg,,,
teismeiga,,aeg,,,
teispool,koht,,,,
teispoole,koht,,,,
teispoolsus,koht,,,,
teivasjaam,koht,,,,
TEJ,koht,,,,esitus
tej,koht,,,,esitus
Tejo,koht,,,,
tekialune,koht,,,,omadus_koht
tekiehitis,koht,,,,
tekk,koht,,,,ese_riie
tekkeaeg,,aeg,,,
tekkekoht,koht,,,,
tekkimisaeg,,aeg,,,
tekstiilivabrik,koht,,,,
tektonosfäär,koht,,,,
Telangana,koht,,,,
Tel Aviv,koht,,,,
tele,koht,,,,"abstr, omadus_füüs, tegevus"
telefonifirma,koht,,,,
telefonijaam,koht,,,,ese_instru
telefonikabiin,koht,,,,
telefonikapp,koht,,,,ese_instru
telefonikeskjaam,koht,,,,ese_instru
telefonimüüja,koht,,,,in_elukutse
telefoniputka,koht,,,,
telegraaf,koht,,,,"abstr/konkr, ese_instru"
telegraafiagentuur,koht,,,,
telegraafijaam,koht,,,,ese_instru
telehooaeg,,aeg,,,
telejaam,koht,,,,
telekas,koht,,,,"abstr, ese_instru, tegevus"
telekeskus,koht,,,,
telekom,koht,,,,"abstr/konkr, vald"
telekomiettevõte,koht,,,,
telekomm,koht,,,,"abstr/konkr, vald"
telekommunikatsiooniettevõte,koht,,,,
telekompanii,koht,,,,
telekonverents,,,,sündmus,
telemaania,,,seisund,,
Telemark,koht,,,,
telemast,koht,,,,
teleoksjon,,,,sündmus,
telepood,koht,,,,
telestuudio,koht,,,,
teletorn,koht,,,,
televisioon,koht,,,,"abstr, abstr/konkr, tegevus, vald"
televisioonijaam,koht,,,,ese_instru
televisioonimast,koht,,,,
televisioonisaatejaam,koht,,,,ese_instru
televisioonistuudio,koht,,,,
telg,koht,,,,"abstr, ese_instru, esitus_kujutis, taim"
telgitagune,,,seisund,,"abstr/konkr, omadus, omadus_kval, tegevus"
Telise,koht,,,,
teljeriigid,koht,,,,
teljevahe,koht,,,,
telk,koht,,,,
telkelamu,koht,,,,
telkimiskoht,koht,,,,
telkimispaik,koht,,,,
telkkatus,koht,,,,ese_instru
telkkiiver,koht,,,,osa
telkla,koht,,,,
telklaager,koht,,,sündmus,
telklinnak,koht,,,,
telko,koht,,,,"abstr/konkr, vald"
telku,koht,,,,"abstr, ese_instru, tegevus"
Tellaste,koht,,,,
tellija,koht,,,,in_tegija
tellimuslend,,,,sündmus,
telliseahi,koht,,,,ese_instru
telliselööv,koht,,,,
tellisetehas,koht,,,,
tellishoone,koht,,,,
telliskivihoone,koht,,,,
telliskivimaja,koht,,,,
telliskivimüür,koht,,,,
telliskivisein,koht,,,,
telliskivitehas,koht,,,,
Telliskopli,koht,,,,
telliskorsten,koht,,,,
tellismaja,koht,,,,
tellismüür,koht,,,,
tellissein,koht,,,,
Telliste,koht,,,,
tellisvooder,koht,,,,
telomeer,koht,,,,
Temirtau,koht,,,,
Tempa,koht,,,,
tempel,koht,,,,"abstr, ese_instru, esitus_kujutis"
temperatuurivuuk,koht,,,,
templikool,koht,,,,
Templimägi,koht,,,,
templiteenistus,,,seisund,sündmus,
templivaremed,koht,,,,
temposõit,,,,sündmus,tegevus
tendiniit,,,seisund,,
tendovaginiit,,,seisund,,
Tenerife,koht,,,,
tenesm,,,seisund,,
tengelpung,,,seisund,,"abstr, ese_instru"
Tennessee,koht,,,,
tennisehall,koht,,,,
tenniseklubi,koht,,,,
tenniseväljak,koht,,,,
tenuur,,,seisund,,abstr/konkr
teokoht,koht,,,,
teooriaeksam,,,,sündmus,
teopäev,,aeg,,,abstr/konkr
teostus,,,seisund,,tegevus
teotus,,,seisund,,"tegevus, tegevus_tegu"
Tepelvälja,koht,,,,
Tepia,koht,,,,
tepidaarium,koht,,,,
teralisus,,,seisund,,omadus_füüs
teraskatus,koht,,,,
teraskonstruktsioon,koht,,,,ese_instru
terastarind,koht,,,,ese_instru
terasus,,,seisund,,omadus_psühh
teratoblastoom,,,seisund,,
teratoom,,,seisund,,
teraviljakultuur,koht,,,,taim_liik
teraviljatalu,koht,,,,
teravkaar,koht,,,,esitus_kujutis
teravmeel,,,seisund,,omadus_psühh
teravmeelsus,,,seisund,,"omadus_psühh, tegevus_kõnetegu"
Teravmäed,koht,,,,
Terek,koht,,,,
Terepi,koht,,,,
Terijoki,koht,,,,
Terikeste,koht,,,,
teritus,,,seisund,,tegevus
termid,koht,,,,
termidoor,,aeg,,,
terminal,koht,,,,ese_instru
Termiz,koht,,,,
termokamber,koht,,,,ese_anum
termokapp,koht,,,,ese_anum
termokliin,koht,,,,
Termopüülid,koht,,,,
termosfäär,koht,,,,
Ternopil,koht,,,,
Ternopol,koht,,,,
terraarium,koht,,,,
terrass,koht,,,,
terrassaed,koht,,,,
terrassmaja,koht,,,,
terrasspõld,koht,,,,
terratsopõrand,koht,,,,
territoorium,koht,,,,
territoriaalmeri,koht,,,,
territoriaalne puutumatus,,,seisund,,abstr
territoriaalveed,koht,,,,
terrorioht,,,seisund,,
terrorirünnak,,,,sündmus,tegevus_tegu
terrorismioht,,,seisund,,
terrorivõrgustik,koht,,,,inimene
terrorivõrk,koht,,,,inimene
tertsiaar,,aeg,,,in_roll
tervis,,,seisund,,"esitus_keel_suhtlus, tegevus_tegu"
terviseallikas,koht,,,,
terviseamet,koht,,,,
tervisehäda,,,seisund,,
tervisehäire,,,seisund,,
tervisekahjustus,,,seisund,,
tervisekaitsetalitus,koht,,,,
tervisekassa,koht,,,,
tervisekeskus,koht,,,,
terviseklubi,koht,,,,in_omadus
tervisemure,,,seisund,,
tervisepäev,,aeg,,,
terviserada,koht,,,,
terviserike,,,seisund,,nähtus_loodus
terviseseisund,,,seisund,,
tervisetee,koht,,,,"materjal/aine, toit_jook"
terviseveed,koht,,,,
terviseärevus,,,seisund,,nähtus_psühh
tervishoiuasutus,koht,,,,
tervishoiuministeerium,koht,,,,
tervishoiumuuseum,koht,,,,
tervistusasutus,koht,,,,
tervisveed,koht,,,,
tervituskohv,,,,sündmus,toit_jook
tesaurus,koht,,,,ese_semio
Tessaalia,koht,,,,
Tessaloonika,koht,,,,
Tessova,koht,,,,
test,,,,sündmus,"ese_semio, tegevus_tegu, VERB_psühh, VERB_psühh_mõistus, VERB_tegevus"
testimispunkt,koht,,,,
tetaania,,,seisund,,
Teterüvä,koht,,,,
Tétouan,koht,,,,
tetrapleegia,,,seisund,,
tetrarhia,koht,,,,
Tevere,koht,,,,
Teverya,koht,,,,
Texas,koht,,,,
Thames,koht,,,,
Thbilisi,koht,,,,
The Bottom,koht,,,,
Thessaloníki,koht,,,,
The Valley,koht,,,,
Thimphu,koht,,,,
Thiruvananthapuram,koht,,,,
TIA,,,seisund,,
Tialasõ,koht,,,,
Tian'anmeni väljak,koht,,,,
Tianjin,koht,,,,
Tian Shan,koht,,,,
Tiastõ,koht,,,,
tiba,,,,sündmus,"abstr/konkr, ADV_aste, materjal/aine"
Tibeeria,koht,,,,
Tibeeria järv,koht,,,,
Tiber,koht,,,,
Tiberias,koht,,,,
tibula,koht,,,,
tibutagi,,,seisund,,
Tidriku,koht,,,,
Tiduvere,koht,,,,
Tigase,koht,,,,
Tigray,koht,,,,
Tigris,koht,,,,
Tiharu,koht,,,,
tiheasustus,koht,,,,
tiheasustusala,koht,,,,
tiheasustusega ala,koht,,,,
Tiheda,koht,,,,
Tihemetsa,koht,,,,
tihend,koht,,,,ese_instru
tihendus,koht,,,,"ese, tegevus"
tihnik,koht,,,,"abstr/konkr, taim"
Tihu järved,koht,,,,
Tihvin,koht,,,,
tiib,koht,,,,"abstr/konkr, ese, ese_instru, in_müt, kehaosa, kehaosa_loom, osa, taim"
tiibehitis,koht,,,,
Tiibet,koht,,,,
Tiibeti kiltmaa,koht,,,,
tiibhoone,koht,,,,
Tiido,koht,,,,
Tiidu,koht,,,,
tiidus,,,seisund,,"ese_instru, konkr_omadus, omadus_füüs"
Tiigi,koht,,,,
tiigri aasta,,aeg,,,
tiigriaasta,,aeg,,,
tiik,koht,,,,
Tiilige,koht,,,,
Tiilima,koht,,,,
tiinus,,,seisund,,
tiinusaeg,,aeg,,,
tiinusperiood,,aeg,,,
tiir,koht,,,,"loom_lind, tegevus"
Tiirhanna,koht,,,,
Tiirimetsa,koht,,,,
tiirlemisperiood,,aeg,,,
tiirud,,,seisund,,
tiisikus,,,seisund,,
tiitlimatš,,,,sündmus,
tiitlivõistlus,,,,sündmus,
tiitlivõit,,,,sündmus,
Tiitsa,koht,,,,
Tiitsuotsa,koht,,,,
Tika,koht,,,,
tikk,,,seisund,,"ese_instru, loom_lind, materjal/aine"
Tiklasõ,koht,,,,
tikutööstus,koht,,,,vald
tikuvabrik,koht,,,,
Tila,koht,,,,
Tilga,koht,,,,
Tilgu,koht,,,,
tilksüda,,,seisund,,
Tilla,koht,,,,
Tilleorg,koht,,,,
tillikas,,,seisund,,tegevus
Tilsi,koht,,,,
Tilsit,koht,,,,
Timaani kõrgustik,koht,,,,
Timbuktu,koht,,,,
Timişoara,koht,,,,
Timo,koht,,,,
Timor,koht,,,,
Timori meri,koht,,,,
Timor-Leste,koht,,,,
tinamürgistus,,,seisund,,
tinamürgitus,,,seisund,,
tinapulm,,,,sündmus,
Tindi,koht,,,,
ting,,,,sündmus,organism
tinglikkus,,,seisund,,
Tinnikuru,koht,,,,
Tinu,koht,,,,
tinutus,koht,,,,tegevus
tipi,koht,,,,
tipp,koht,,,,"abstr, ese_raha, esitus_mõõt, in_omadus, objekt"
tippaasta,,aeg,,,
tippaeg,,aeg,,,
tipphetk,,aeg,,,
tipphooaeg,,aeg,,,
tippkeskus,koht,,,,
tippklass,,,seisund,,omadus_kval
tippklubi,koht,,,,
tippkohtumine,,,,sündmus,
tippnõupidamine,,,,sündmus,
tippsündmus,,,,sündmus,
tipptund,,aeg,,,
tippvorm,,,seisund,,
tippvõistlus,,,,sündmus,
Tipu,koht,,,,
tiputund,,aeg,,,
Tirana,koht,,,,
Tiraspol,koht,,,,
Tirbi,koht,,,,
Tirbiku,koht,,,,
Tîrgu Mureş,koht,,,,
Tiri,koht,,,,
tiri,,,seisund,,
tiriasend,,,seisund,,
tiriripe,,,seisund,,
tiriseis,,,seisund,,tegevus
Tirool,koht,,,,
tirp,koht,,,,
Tiskre,koht,,,,
Tisza,koht,,,,
titekõõm,,,seisund,,
titeootele,,,seisund,,ADV_seisund
titepidu,,,,sündmus,
titepuhkus,,aeg,seisund,,
titevoodi,,aeg,,,"ese, tegevus"
Titicaca,koht,,,,
Titograd,koht,,,,
tivoli,koht,,,,
Tjan-Šan,koht,,,,
Tjuka,koht,,,,
Tjumen,koht,,,,
Tln,koht,,,,
tlt,koht,,,,
tn,koht,,,,in_rahvas_keel
toapealne,koht,,,,
Tobago,koht,,,,
Tobia,koht,,,,
Tobol,koht,,,,
Tobolsk,koht,,,,
Tobraselja,koht,,,,
Tobrova,koht,,,,
toenglamang,,,seisund,,abstr_asend/suund
toengpõlvitus,,,seisund,,
toes,koht,,,,"ese_instru, kehaosa"
toesehaigus,,,seisund,,
toestuskaar,koht,,,,ese_instru
toetajaliige,koht,,,,in_roll
toetuspind,koht,,,,inimene
toetuspunkt,koht,,,,abstr
toetusstreik,,,,sündmus,
toetussõltuvus,,,seisund,,
Togliatti,koht,,,,
Togo,koht,,,,
Togomaa,koht,,,,
Tohera,koht,,,,
Tohisoo,koht,,,,
Tohkri,koht,,,,
Tohku,koht,,,,
tohuvabohu,,,seisund,,
Tohvri,koht,,,,
toiduahel,,,seisund,,abstr
toiduala,koht,,,,vald
toiduallergia,,,seisund,,
toidubaar,koht,,,,
toidujulgeolek,,,seisund,,
toidukauplus,koht,,,,
toidukoht,koht,,,,
toidukooma,,,seisund,,
toidukord,,aeg,,sündmus,
toidukäitleja,koht,,,,in_elukutse
toidumürgistus,,,seisund,,
toidumürgitus,,,seisund,,
toiduohutus,,,seisund,,vald
toidupank,koht,,,,
toidupood,koht,,,,
toidusalu,koht,,,,
toidusõltuvus,,,seisund,,
toidutalumatus,,,seisund,,
toidutänav,koht,,,,
toiduvõrgustik,koht,,,,abstr
Toila,koht,,,,
Toila-Altküla,koht,,,,
toimeaeg,,aeg,,,
toimetulek,,,seisund,,abstr
toimetulekukool,koht,,,,
toimetulematus,,,seisund,,
toimetulemine,,,seisund,,abstr
toimetus,koht,,,,"in_elukutse, tegevus_tegu"
toiteala,koht,,,,
toitekeskkond,koht,,,,
toitepind,koht,,,,abstr
toitjakaotus,,,,sündmus,
toitluskomitee,koht,,,,
toitlustustelk,koht,,,,
toitumisahel,,,seisund,,abstr
toitumishäire,,,seisund,,
toitumus,,,seisund,,
Tokaj,koht,,,,toit_jook
Tokelau,koht,,,,
Tokio,koht,,,,
Tokolopi,koht,,,,
tokseemia,,,seisund,,
toksikoos,,,seisund,,
toksoplasmoos,,,seisund,,
Toku,koht,,,,
Tokyo,koht,,,,
Tōkyō,koht,,,,
Toledo,koht,,,,
toll,koht,,,,"abstr, abstr/konkr, esitus_mõõt, in_elukutse, VERB_nähtus"
Tolla,koht,,,,
tollal,,aeg,,,
Tolli,koht,,,,
tolliamet,koht,,,,
tolliasutus,koht,,,,
tolliinspektuur,koht,,,,
tolliladu,koht,,,,
tollioksjon,,,,sündmus,
tollipiir,koht,,,,
tollipunkt,koht,,,,
tolliterritoorium,koht,,,,
tollitsoon,koht,,,,
tolmu koguma,,,seisund,,
tolmuplahvatus,,,,sündmus,
Tom,koht,,,,
tombolo,koht,,,,
Tombouctou,koht,,,,
tompus,,,seisund,,
Tomsk,koht,,,,
Tondi,koht,,,,
tondiloss,koht,,,,
Tondiraba,koht,,,,
Tonga,koht,,,,
Tongking,koht,,,,
Tongkingi laht,koht,,,,
Tonja,koht,,,,
tonsilliit,,,seisund,,
Toodsi,koht,,,,
toofus,,,seisund,,
Toolamaa,koht,,,,
tool kõigub,,,seisund,,
Toolse,koht,,,,
toom,koht,,,,taim
Tooma,koht,,,,
Toomalõuka,koht,,,,
toomapäev,,aeg,,,
Toomasmäe,koht,,,,
Toomemägi,koht,,,,
Toomika,koht,,,,
Toomja,koht,,,,
toomkirik,koht,,,,
toomkogudus,koht,,,,
toomkool,koht,,,,
Toomla,koht,,,,
Toompea,koht,,,,in_elukutse
toonela,koht,,,,
Tooni,koht,,,,
Tooninga,koht,,,,
toonus,,,seisund,,nähtus_psühh
tooraineallikas,koht,,,,materjal/aine
Toosi,koht,,,,
Tooste,koht,,,,
tootetutvustus,,,,sündmus,esitus_info
tootja,koht,,,,"in_tegija, organism, taim_omadus"
tootjafirma,koht,,,,
tootjamaa,koht,,,,
tootjaorganisatsioon,koht,,,,inimene
tootmisaeg,,aeg,,,
tootmisala,koht,,,,vald
tootmisettevõte,koht,,,,
tootmishoone,koht,,,,
tootmiskeskus,koht,,,,
tootmiskompleks,koht,,,,
tootmiskoondis,koht,,,,
tootmisnõupidamine,,,,sündmus,
tootmisosakond,koht,,,,
tootmispind,koht,,,,
tootmisruum,koht,,,,
tootmistsükkel,,aeg,,,abstr/konkr
tootmisühistu,koht,,,,
Tootsi,koht,,,,
Tootsi peenar,koht,,,,
Toovere,koht,,,,
top,,,seisund,,"abstr, abstr/konkr, objekt, omadus_koht"
topeltmõrv,,,,sündmus,tegevus_tegu
topeltnägemine,,,seisund,,
topeltvõit,,,,sündmus,
topistumine,,,seisund,,
topistus,,,seisund,,
topless,,,seisund,,ADV_viis
topp,,,seisund,,"abstr/konkr, ese_instru, ese_riie"
Toretsk,koht,,,,
Torgu,koht,,,,
Torgu-Mõisaküla,koht,,,,
Tori,koht,,,,
Torila,koht,,,,
Torino,koht,,,,
Tori põrgu,koht,,,,
torkav,,,seisund,,omadus_kval
torkehaav,,,seisund,,
torkekoht,koht,,,,
Torma,koht,,,,
Tormi,koht,,,,
tormihäda,,,seisund,,
tormikeeris,,,seisund,,nähtus_loodus
tormipagu,koht,,,,
tormipüha,,aeg,,,
tormiristsed,,,,sündmus,
tormivari,koht,,seisund,,
torm ja tung,,,seisund,,nähtus_psühh
torn,koht,,,,ese_instru
tornelamu,koht,,,,
tornhoone,koht,,,,
tornikiiver,koht,,,,
Tornimäe,koht,,,,
Tornio,koht,,,,
tornlinnus,koht,,,,
tornmaja,koht,,,,
torntuulik,koht,,,,
Toronto,koht,,,,
Torrensi järv,koht,,,,
Tórshavn,koht,,,,
torsioon,,,seisund,,nähtus
torukool,koht,,,,
Toruküla,koht,,,,
toruliide,koht,,,,ese_instru
Torupilli,koht,,,,
Toscana,koht,,,,
totaalsõda,,,,sündmus,
Toulon,koht,,,,
Toulouse,koht,,,,
Tourette'i sündroom,,,seisund,,
Tours,koht,,,,
Toyohara,koht,,,,
traagika,,,seisund,,nähtus_psühh
Traakia,koht,,,,
traali-vaali,,,,sündmus,tegevus
traalivaali,,,,sündmus,tegevus
traavers,koht,,,,"abstr_asend/suund, ese_instru, tegevus"
traavivõistlus,,,,sündmus,
Trabzon,koht,,,,
traditsioon,,,,sündmus,abstr/konkr
Trafalgar,koht,,,,
trafoalajaam,koht,,,,
trafopunkt,koht,,,,
tragikomöödia,,,,sündmus,ese_kunst
tragism,,,seisund,,nähtus_psühh
tragöödia,,,,sündmus,"abstr/konkr, abstr/konkr_omadus, ese_kunst"
trahheiit,,,seisund,,
trahhoom,,,seisund,,
trahter,koht,,,,
trahviminut,,aeg,,,
trahviring,koht,,,,
traiel,,,,sündmus,
Trakai,koht,,,,
trakt,koht,,,,organism
traktorijaam,koht,,,,
traktoritee,koht,,,,
trall,,,,sündmus,tegevus
tralling,,,,sündmus,
trammidepoo,koht,,,,
trammiliin,koht,,,,ese_instru
trammipark,koht,,,,ese_instru
trammipeatus,koht,,,,
trammitee,koht,,,,ese_instru
trampliin,koht,,,,ese_instru
transaktsioon,,,,sündmus,
transept,koht,,,,
Transhimaalaja,koht,,,,
transiidikoridor,koht,,,,
transiidimaa,koht,,,,
transiidisadam,koht,,,,
transiitmaa,koht,,,,
transiitsadam,koht,,,,
transiittee,koht,,,,
Transilvaania,koht,,,,
transiseisund,,,seisund,,
transitoorne isheemiline atakk,,,seisund,,
Transjordaania,koht,,,,
Transleitaania,koht,,,,
Transnistria,koht,,,,
transpordiamet,koht,,,,
transpordiettevõte,koht,,,,
transpordifirma,koht,,,,
transpordikoridor,koht,,,,
transporditavus,,,seisund,,
transs,,,seisund,,
transudatsioon,,,seisund,,
Transvaal,koht,,,,
transvestism,,,seisund,,
transvestitism,,,seisund,,
tranšee,koht,,,,
trapp,koht,,,,"ese_instru, loom_lind, nähtus_loodus"
trass,koht,,,,"materjal/aine, nähtus_füüs"
trauma,,,seisund,,
traumapunkt,koht,,,,
travee,koht,,,,
treemor,,,seisund,,
treening,,,,sündmus,tegevus
treeningkogunemine,,,,sündmus,
treeninglaager,koht,,,sündmus,
treeningmäng,,,,sündmus,
treeningpäev,,aeg,,,
treeningsaal,koht,,,,
treeningtund,,aeg,,sündmus,
treeningukogunemine,,,,sündmus,
treeningulaager,koht,,,sündmus,
treeningupaik,koht,,,,
treeningupäev,,aeg,,,
treeningusaal,koht,,,,
treeningutund,,aeg,,sündmus,
treeningvõistlus,,,,sündmus,
trehter,koht,,,,ese_instru
trehvama,,,seisund,,"tegevus, VERB_seisund"
trehvunks,,,,sündmus,
Treiali,koht,,,,
Treimani,koht,,,,
trekisõit,,,,sündmus,"tegevus, vald"
trekk,koht,,,,
trendirestoran,koht,,,,
trenn,,,,sündmus,tegevus
trennipäev,,aeg,,,
Trentino-Alto Adige,koht,,,,
trepialune,koht,,,,omadus
trepiaste,koht,,,,
trepikoda,koht,,,,ese_instru
trepikäik,koht,,,,
trepimade,koht,,,,
trepimarss,koht,,,,
trepipealne,koht,,,,omadus_koht
trepirõdu,koht,,,,
trepistik,koht,,,,
trepp,koht,,,,
trepptee,koht,,,,
trepptänav,koht,,,,
Treski,koht,,,,
trial,,,,sündmus,tegevus
triangulatsioonitorn,koht,,,,
triatlonivõistlus,,,,sündmus,
tribunal,koht,,,,inimene
tribuutkontsert,,,,sündmus,
tribüün,koht,,,,
triennaal,,,,sündmus,
Trier,koht,,,,
Trieste,koht,,,,
trifoorium,koht,,,,
Triginä,koht,,,,
trihhinelloos,,,seisund,,
trihhinoos,,,seisund,,
trihhofüütia,,,seisund,,
trihhomoniaas,,,seisund,,
trihhomonoos,,,seisund,,
triias,,aeg,,,
triibuline nimekiri,,,seisund,,ese_semio
triibus,koht,,,,"abstr, inimene"
Triigi,koht,,,,
triiphoone,koht,,,,
triiv,,,seisund,,"abstr/konkr, materjal/aine, tegevus"
triivjaam,koht,,,,
triivpakis,,,seisund,,
triivpakki,,,seisund,,
trikipark,koht,,,,
trikoovoor,,,,sündmus,
trill ja trall,,,,sündmus,tegevus
trill-trall,,,,sündmus,tegevus
triloog,,,,sündmus,tegevus
trimester,,aeg,,,
trimm,,,seisund,,
trimmi,,,seisund,,
trimmis,,,seisund,,
Trinidad,koht,,,,
Trinidad ja Tobago,koht,,,,
Tripoli,koht,,,,
Tripolitaania,koht,,,,
tripper,,,seisund,,
Tripura,koht,,,,
triumf,,,,sündmus,
triumfikaar,koht,,,,
triumfikäik,,,,sündmus,
triumfivärav,koht,,,,
Trivandrum,koht,,,,
Trnava,koht,,,,
troika,koht,,,,"ese_instru, in_elukutse, inimene"
Trolla,koht,,,,
trollipeatus,koht,,,,
trollivabrik,koht,,,,
tromb,,,seisund,,"materjal/aine, nähtus_loodus"
trombemboolia,,,seisund,,
tromboflebiit,,,seisund,,
tromboos,,,seisund,,
trombotsütopeenia,,,seisund,,
trompetiklass,koht,,,,
Tromsi,koht,,,,
Tromsø,koht,,,,
Trøndelag,koht,,,,
Trondheim,koht,,,,
Tróodos,koht,,,,
troog,koht,,,,
Trooja,koht,,,,
Trooja sõda,,,,sündmus,
troon,,,seisund,,"ese_instru, tegevus"
troonisaal,koht,,,,
troonitüli,,,,sündmus,
troopika,koht,,,,
troopikahaigus,,,seisund,,
troopikamaa,koht,,,,
troopikamaja,koht,,,,
troopikamets,koht,,,,taim
troopikapalavik,,,seisund,,
troopikasaar,koht,,,,
troopikavööde,koht,,,,
troopiline aasta,,aeg,,,
troposfäär,koht,,,,
trotuaar,koht,,,,
Trt,koht,,,,
trumm,koht,,,,ese_instru
trust,koht,,,,nähtus_psühh
truup,koht,,,,ese_instru
Truuta,koht,,,,
träps,koht,,,,
trükikoda,koht,,,,
trükikoht,koht,,,,
trükipilt,,,seisund,,esitus_kujutis
trükkija,koht,,,,"in_elukutse, inimene"
trükkiminek,,,,sündmus,tegevus
trükla,koht,,,,
trümm,koht,,,,
trümoo,koht,,,,ese
tsaariaeg,,aeg,,,
tsaaririik,koht,,,,
Tsaari-Venemaa,koht,,,,
tsaarivõim,koht,,,,"abstr, in_elukutse"
Tsaritsõn,koht,,,,
Tsarjovokokšaisk,koht,,,,
tsehh,koht,,,,
Tseilon,koht,,,,
Tselinograd,koht,,,,
tselluliit,,,seisund,,
tselluloositehas,koht,,,,
tsemendi peal,,,seisund,,ADV_seisund
tsemendi peale,,,seisund,,ADV_seisund
tsensus,,,,sündmus,abstr/konkr
tsensuur,koht,,,,"in_elukutse, tegevus"
tsenter,koht,,,,in_elukutse
tsentraalsus,koht,,,,
tsentralisatsioon,,,seisund,,tegevus
tsentrum,koht,,,,
Tserebi,koht,,,,
tseremoonia,,,,sündmus,tegevus
Tsergondõ,koht,,,,
tservitsiit,,,seisund,,
Tshinvali,koht,,,,
Tsiamäe,koht,,,,
tsiboorium,koht,,,,"ese_anum, osa"
Tsiiruli,koht,,,,
Tsiistre,koht,,,,
tsikuraat,koht,,,,
Tsilgutaja,koht,,,,
Tsirgu,koht,,,,
Tsirguliina,koht,,,,
Tsirgumäe,koht,,,,
Tsirgupalu,koht,,,,
tsirk,koht,,,,loom_lind
Tsirksi,koht,,,,
tsirkus,koht,,,sündmus,"tegevus, vald"
tsirkus Barcelona,,,seisund,,
tsirkus Barcelonas,,,seisund,,
tsirkuseetendus,,,,sündmus,
tsirkusetelk,koht,,,,ese_instru
tsirkusorg,koht,,,,
tsirroos,,,seisund,,
Tsisleitaania,koht,,,,
tsistertslaste ordu,koht,,,,
tsitadell,koht,,,,
Tsitre,koht,,,,
tsiviilaeg,,aeg,,,
tsiviilala,koht,,,,vald
tsiviilhageja,koht,,,,in_roll
tsiviilis,,,seisund,,
tsiviilkohus,koht,,,,
tsiviilkontroll,,,seisund,,
tsiviilmissioon,,,,sündmus,
tsiviilprotsess,,,,sündmus,
tsiviilvalitsus,koht,,,,
tsiviilvõim,koht,,,,"abstr/konkr, in_roll"
tsivilisatsioonihaigus,,,seisund,,
Tsolgo,koht,,,,
Tsolli,koht,,,,
tsoon,koht,,,,
tsooniturniir,,,,sündmus,
Tsooru,koht,,,,
Tsumba,koht,,,,
Tsushima,koht,,,,
Tsutsu,koht,,,,
Tsälbämägi,koht,,,,
Tsäpsi,koht,,,,
tsässon,koht,,,,
Tsätski nulk,koht,,,,
tsöliaakia,,,seisund,,
tsölibaat,,,seisund,,
tsüanoos,,,seisund,,
tsükkel,,aeg,,sündmus,"abstr, ese_kunst, ese_semio, nähtus, nähtus_füüs, nähtus_loodus, tegevus"
tsükliõpe,,aeg,,,tegevus
tsüklotüümia,,,seisund,,
tsüst,,,seisund,,"nähtus_loodus, organism"
tsüstiit,,,seisund,,
tsüstitserkoos,,,seisund,,
tsütolüüs,,,seisund,,
Tšaad,koht,,,,
Tšaadi järv,koht,,,,
tšaihanaa,koht,,,,
tšaitja,koht,,,,
Tšanõ,koht,,,,
tšarter,,,,sündmus,ese_semio
tšarterlend,,,,sündmus,
tšarterreis,,,,sündmus,tegevus
Tšeboksarõ,koht,,,,
Tšehhi,koht,,,,
Tšehhimaa,koht,,,,
Tšehhi põrgu,,,,sündmus,
Tšehhi Vabariik,koht,,,,
Tšehhoslovakkia,koht,,,,
tšekaa,koht,,,,
Tšeljabinsk,koht,,,,
Tšeljuskini neem,koht,,,,
tšelloklass,koht,,,,
tšellokontsert,,,,sündmus,ese_kunst
tšempionaat,,,,sündmus,
Tšerepovets,koht,,,,
Tšerkassõ,koht,,,,
Tšerkessia,koht,,,,
Tšerkessk,koht,,,,
Tšernigiv,koht,,,,
Tšernigov,koht,,,,
Tšernihiv,koht,,,,
Tšernivtsi,koht,,,,
Tšernjahhovsk,koht,,,,
Tšernobajevka,koht,,,,
Tšernobõl,koht,,,,
Tšernogooria,koht,,,,
Tšernovtsõ,koht,,,,
Tšetšeeni,koht,,,,
Tšetšeenia,koht,,,,
Tšiili,koht,,,,
tšill,,,seisund,,omadus_kval
Tšita,koht,,,,
Tšitaa,koht,,,,
Tškalov,koht,,,,
Tšornobajivka,koht,,,,
Tšornobõl,koht,,,,
Tšukotka,koht,,,,
Tšuktši,koht,,,,
Tšuktšimaa,koht,,,,
Tšuktši meri,koht,,,,
Tšuktši mägismaa,koht,,,,
Tšuktši poolsaar,koht,,,,
Tšulõm,koht,,,,
tšumm,koht,,,,
Tšuvaši,koht,,,,
Tšuvašimaa,koht,,,,
Tšuvaššia,koht,,,,
tualett,koht,,,,"ese_riie, tegevus"
tualettruum,koht,,,,
Tuamotu saared,koht,,,,
Tuapse,koht,,,,
tuba,koht,,,,
Tubala,koht,,,,
tuberkul,,,seisund,,
tuberkuloos,,,seisund,,
tuberkuloosihaigla,koht,,,,
Tubuai saared,koht,,,,
tudengilinn,koht,,,,
tudengipõlv,,aeg,seisund,,
tudengipäevad,,,,sündmus,
Tuderna,koht,,,,
tudin,,,seisund,,
Tudre,koht,,,,
Tudu,koht,,,,
Tudulinna,koht,,,,
tugai,koht,,,,
tugaimets,koht,,,,
tugevama õigus,,,seisund,,
tugiala,koht,,,,
tugikaar,koht,,,,ese_riie
tugikeskus,koht,,,,
tugikodu,koht,,,,
tugikoht,koht,,,,
tugikonstruktsioon,koht,,,,ese_instru
tugiliit,koht,,,,inimene
tugimaantee,koht,,,,
tugimüür,koht,,,,
tugipiilar,koht,,,,
tugipunkt,koht,,,,abstr
tugisammas,koht,,,,"abstr/konkr, ese_instru"
tugisein,koht,,,,
tugitarind,koht,,,,ese_instru
tuhaase,koht,,,,
Tuhala,koht,,,,
Tuhalaane,koht,,,,
tuhandeaastane,,aeg,,,omadus_aeg
tuhande järve maa,koht,,,,
tuhapäev,,aeg,,,
tuhaväli,koht,,,,
tuhkakolmapäev,,aeg,,,
tuhkapäev,,aeg,,,
tuhkhaud,koht,,,,
Tuhu,koht,,,,
tuhv,koht,,,,
tuhvli all,,,seisund,,
tuige,,,seisund,,tegevus
tuiksoonelaiend,,,seisund,,
tuiksoonelubjastus,,,seisund,,
tuiksoonepõletik,,,seisund,,
tuimastus,,,seisund,,tegevus_tegu
tuimestus,,,seisund,,tegevus_tegu
tuimus,,,seisund,,nähtus_psühh
Tuimõisa,koht,,,,
tuisupüha,,aeg,,,
Tuiu,koht,,,,
Tuka,koht,,,,
tukastus,,,seisund,,
tukk,,,seisund,,"ese_instru, kehaosa, materjal/aine, taim"
tukkumistõbi,,,seisund,,
Tuksi,koht,,,,
Tukums,koht,,,,
Tula,koht,,,,
tulareemia,,,seisund,,
tulbandik,koht,,,,ese
tulealtar,koht,,,,
tulease,koht,,,,
tulehaav,,,seisund,,
tulejoon,koht,,,,abstr_asend/suund
tulejärv,koht,,,,
tulek,,,,sündmus,tegevus
tulekahi,,,,sündmus,
tulekahju,,,,sündmus,
tulekahjumärk,,,seisund,,
tulekaitseriba,koht,,,,
tulekolle,koht,,,,ese_instru
tulekuaeg,,aeg,,,
tuleliin,koht,,,,
tulelöök,,,,sündmus,
Tulemaa,koht,,,,
tulemärk,,,seisund,,
tulemüür,koht,,,,ese_instru
tuleohutus,,,seisund,,
tulepesa,koht,,,,ese_instru
tulepositsioon,koht,,,,
tuleproov,,,,sündmus,tegevus_tegu
tulepunkt,koht,,,,
tuleriba,koht,,,,
tulerinne,koht,,,,
tuleristsed,,,,sündmus,tegevus_tegu
tulerõngas,koht,,,,
tulesektor,koht,,,,
tulestik,,,,sündmus,nähtus_füüs
tulesurm,,,,sündmus,
tuletorm,,,,sündmus,
tuletorn,koht,,,,
tuletõke,koht,,,,
tuletõkestusriba,koht,,,,
tuletõrje,koht,,,,vald
tuletõrjedepoo,koht,,,,
tuletõrjemaja,koht,,,,
tuletõrjemuuseum,koht,,,,
tuletõrjeteenistus,koht,,,,
tuletõrjevõistlus,,,,sündmus,
tulevaasta,,aeg,,,
tulevalvetorn,koht,,,,
tulevik,,aeg,,sündmus,"abstr, esitus_keel"
tulevikulinn,koht,,,,
tulevikulootus,,,seisund,,in_omadus
tulevärk,,,,sündmus,"nähtus_füüs, nähtus_psühh"
tuleõnnetus,,,,sündmus,
tuli,,,seisund,sündmus,"ese_instru, esitus_keel_suhtlus, nähtus, nähtus_füüs, nähtus_psühh, omadus, tegevus"
tulipunkt,koht,,,,abstr/konkr
tulistuspunkt,koht,,,,
Tulpe saared,koht,,,,
tulprinnatis,koht,,,,ese
tulukooslus,,,seisund,,nähtus_loodus
tulundusmaa,koht,,,,
tulundusühing,koht,,,,
tulundusühistu,koht,,,,esitus
tuluõhtu,,,,sündmus,
tulv,,,seisund,,"nähtus, nähtus_loodus"
Tumala,koht,,,,
tumend,koht,,,,
tumendus,koht,,,,tegevus
tumetaiga,koht,,,,
Tummelka,koht,,,,
tumm isheemia,,,seisund,,
tummus,,,seisund,,
tunaeile,,aeg,,,
tunaeilne,,aeg,,,omadus_aeg
tunahomme,,aeg,,,
tund,,aeg,,sündmus,esitus_mõõt
tundehäire,,,seisund,,
tundeliigutus,,,seisund,,nähtus_psühh
tundeseisund,,,seisund,,
tundma,,,seisund,,"VERB_psühh_mõistus, VERB_seisund"
tundra,koht,,,,
tundramaastik,koht,,,,
tundravöönd,koht,,,,
Tundu,koht,,,,
tundur,koht,,,,
Tuneesia,koht,,,,
tung,,,seisund,,"nähtus_psühh, tegevus"
tungalteramürgistus,,,seisund,,
tungalteramürgitus,,,seisund,,
tunglus,,,seisund,,"nähtus_psühh, tegevus"
Tunguusi katastroof,,,,sündmus,
Tunis,koht,,,,
tunnel,koht,,,,
tunnelkollektor,koht,,,,
tunnelnägemine,,,seisund,,nähtus_psühh
tunnihotell,koht,,,,
tunnike,,aeg,seisund,,
tunnikene,,aeg,seisund,,
tunnipalvus,,,,sündmus,
tunnisaun,koht,,,,
tunnustamatus,,,seisund,,
tunnustatus,,,seisund,,
tunnustusüritus,,,,sündmus,
tuntus,,,seisund,,omadus_kval
tupekramp,,,seisund,,
Tupenurme,koht,,,,
tupepõletik,,,seisund,,
tupeseen,,,seisund,,
tupevaje,,,seisund,,
tupik,koht,,seisund,,abstr
tupiktee,koht,,,,abstr
tupiktänav,koht,,,,
Tupina,koht,,,,
Tuplova,koht,,,,
tuppumine,,,seisund,,
tuppumus,,,seisund,,
Tura,koht,,,,
Turaani madalik,koht,,,,
Turavina,koht,,,,
Turba,koht,,,,
turbaauk,koht,,,,
turbahaud,koht,,,,
turbakuur,koht,,,,
turbalasund,koht,,,,
turbamaa,koht,,,,
turbapeenar,koht,,,,
turbaraba,koht,,,,
turbasoo,koht,,,,
turbatehas,koht,,,,
turbaväli,koht,,,,
Turbuneeme,koht,,,,
turg,koht,,,,"abstr, vald"
turiaad,,,,sündmus,
turiseis,,,seisund,,tegevus
turismibüroo,koht,,,,
turismifirma,koht,,,,
turismihooaeg,,aeg,,,
turismikeskus,koht,,,,
turismimagnet,koht,,,,
turismimeka,koht,,,,
turismireis,,,,sündmus,"tegevus, tegevus_tegu"
turismitalu,koht,,,,
turistilõks,koht,,,,
Turja,koht,,,,
turjal,,,seisund,,omadus_kval
turjale,,,seisund,,omadus_kval
turjalt,,,seisund,,omadus_kval
turjapealne,koht,,,,omadus_koht
Turkana järv,koht,,,,
Turkestan,koht,,,,
Turkmeeni,koht,,,,
Turkmeenia,koht,,,,
Turks ja Caicos,koht,,,,
turm,,,,sündmus,
turnee,,,,sündmus,tegevus
turniir,,,,sündmus,
Tursa,koht,,,,
turse,,,seisund,,
Turu,koht,,,,
turuhall,koht,,,,
turuhoone,koht,,,,
turukoht,koht,,,,
turukonjunktuur,,,seisund,,
turuletulek,,,,sündmus,
turuliider,koht,,,,
turuolud,,,seisund,,
turuolukord,,,seisund,,
turuosaline,koht,,,,in_roll
turuplats,koht,,,,
turuputka,koht,,,,
turupäev,,aeg,,,
turuseisund,,,seisund,,
turusituatsioon,,,seisund,,
turustaja,koht,,,,
turutasakaal,,,seisund,,
turuväljak,koht,,,,
Turva,koht,,,,
turva,koht,,,,"in_elukutse, tegevus"
turvaala,koht,,,,
turvafirma,koht,,,,
turvaintsident,,,,sündmus,
turvakodu,koht,,,,
Turvalepa,koht,,,,
turvalisus,,,seisund,,
turvapaik,koht,,,,ese_semio
turvateenistus,koht,,,,tegevus
turve,,,seisund,,tegevus
Tusari,koht,,,,
tusk,,,seisund,,nähtus_psühh
Tusti,koht,,,,
Tutermaa,koht,,,,
Tuti,koht,,,,
tutipidu,,,,sündmus,
tutipäev,,aeg,,,
Tutku,koht,,,,
tutvumisteenistus,koht,,,,
tutvumisõhtu,,,,sündmus,
tuubirada,koht,,,,
tuubus,koht,,,,ese_instru
Tuudi,koht,,,,
Tuuka,koht,,,,
tuukriekspeditsioon,,,,sündmus,tegevus
tuukrihaigus,,,seisund,,
Tuula,koht,,,,
Tuulavere,koht,,,,
Tuulealused saared,koht,,,,
tuuleelektrijaam,koht,,,,
tuulefarm,koht,,,,
tuulejaam,koht,,,,
tuulejõujaam,koht,,,,
tuulekaitseriba,koht,,,,
tuulekast,koht,,,,
tuulekoda,koht,,,,
tuulekoridor,koht,,,,
Tuulemäe,koht,,,,
tuulepagu,koht,,,,nähtus_loodus
tuulepark,koht,,,,
Tuulepealsed saared,koht,,,,
tuulerõuged,,,seisund,,
tuules,,,seisund,,
tuuletus,,,seisund,,
tuulevaikus,,,seisund,,
tuulevari,koht,,seisund,,
tuuleveski,koht,,,,
Tuulevälja,koht,,,,
tuulik,koht,,,,ese_instru
Tuuliku,koht,,,,
tuulispask,,,seisund,,"in_müt, nähtus_loodus"
Tuulna,koht,,,,
Tuulova,koht,,,,
tuul tiibades,,,seisund,,
tuulutus,,,,sündmus,"nähtus_füüs, nähtus_psühh"
tuulutusava,koht,,,,
tuulutuslõõr,koht,,,,
tuulutussild,koht,,,,
tuulutusvahe,koht,,,,
tuumaajastu,,aeg,,,
tuumaarsenal,koht,,,,ese_instru
tuumaelektrijaam,koht,,,,esitus
tuumajaam,koht,,,,esitus
tuumajõujaam,koht,,,,esitus
tuumakatastroof,,,,sündmus,
tuumanohu,,,seisund,,
tuumaplahvatus,,,,sündmus,
tuumasõda,,,,sündmus,
tuumik,koht,,,,"ese, inimene, konkr"
tuumikala,koht,,,,
tuumor,,,seisund,,
tuur,koht,,seisund,sündmus,"ese_instru, ese_kunst, loom, loom_kala, nähtus, nähtus_füüs, nähtus_psühh, omadus_füüs_värv, tegevus, toit"
Tuuraste,koht,,,,
Tuuru,koht,,,,
Tuva,koht,,,,
Tuvalu,koht,,,,
tuvikong,koht,,,,
tuvila,koht,,,,
tuvimaja,koht,,,,
TuÜ,koht,,,,esitus
TV,koht,,,,"abstr/konkr, ese_instru, vald"
tv,koht,,,,"abstr/konkr, vald"
Tver,koht,,,,
tvintekk,koht,,,,
tõbi,,,seisund,,abstr
tõbila,koht,,,,
tõbisus,,,seisund,,
Tõdu,koht,,,,
Tõdva,koht,,,,
tõeline polütsüteemia,,,seisund,,
tõelisus,,,seisund,,"abstr, nähtus"
tõelus,,,seisund,,"abstr, nähtus"
tõendatus,,,seisund,,
tõenäosuslik,,,seisund,,omadus
Tõhela,koht,,,,
Tõhela järv,koht,,,,
Tõhelgi,koht,,,,
Tõikvere,koht,,,,
Tõitse,koht,,,,
Tõivere,koht,,,,
tõkestus,,,seisund,,"nähtus, objekt, tegevus"
tõkketamm,koht,,,,
Tõlla,koht,,,,
tõllakuur,koht,,,,
Tõlli,koht,,,,
Tõlliste,koht,,,,
Tõlluste,koht,,,,
tõmbeava,koht,,,,
tõmbekeskus,koht,,,,
tõmbetuul,,,seisund,,nähtus_füüs
tõmblus,,,seisund,,"nähtus_psühh, tegevus"
tõmblustõbi,,,seisund,,
tõmme,,,seisund,,"nähtus_füüs, nähtus_psühh, tegevus, tegevus_tegu"
Tõmmiku,koht,,,,
tõngermaa,koht,,,,
tõngermu,koht,,,,
Tõnija,koht,,,,
tõnisepäev,,aeg,,,
Tõnismäe,koht,,,,
Tõnismägi,koht,,,,
Tõnissaare,koht,,,,
Tõnkova,koht,,,,
Tõnuküla,koht,,,,
Tõnumaa,koht,,,,
tõra,koht,,,,
Tõravere,koht,,,,
Tõrdu,koht,,,,
Tõre,koht,,,,
Tõrenurme,koht,,,,
Tõreska,koht,,,,
Tõrise,koht,,,,
tõrjelahing,,,,sündmus,tegevus_tegu
tõrjutus,,,seisund,,
tõrjutusrisk,,,seisund,,
tõrketus,,,seisund,,
Tõrma,koht,,,,
Tõrreküla,koht,,,,
Tõrremäe,koht,,,,
Tõru,koht,,,,
Tõruvere,koht,,,,
Tõrva,koht,,,,
Tõrvandi,koht,,,,
Tõrvase,koht,,,,
tõrvasvähk,,,seisund,,
Tõrve,koht,,,,
tõsielusündmus,,,,sündmus,
tõsiolud,,,seisund,,
Tõstamaa,koht,,,,
tõstand,koht,,,,esitus_mõõt
tõstekallak,koht,,,,
tõstesild,koht,,,,
tõstetorn,koht,,,,
tõufarm,koht,,,,
tõugata ja lükata,,,seisund,,
Tõugu,koht,,,,
tõugurike,,,seisund,,
tõugustaadium,,aeg,,,
tõukering,koht,,,,
tõulava,koht,,,,
tõuloomakasvandus,koht,,,,
tõus,koht,,,,"abstr, esitus, nähtus, nähtus_loodus, tegevus, tegevus_tegu"
tõuseb tulu,,,seisund,,
tõuselts,koht,,,,
Tõusi,koht,,,,
tõus-mõõn,,,seisund,,nähtus_loodus
tõusufaas,,,seisund,,
Tõusva Päikese Maa,koht,,,,
Tõutsi,koht,,,,
Tõva,koht,,,,
tõvehoog,,,seisund,,
tõvesängi,,,seisund,,
tõvesängis,,,seisund,,
tõvevoodi,,,seisund,,ese_instru
tõvevoodis,,,seisund,,
tõvevoodisse,,,seisund,,
Tõõrakõrve,koht,,,,
Tõõraste,koht,,,,
Täbris,koht,,,,
täheaasta,,aeg,,,
täheaeg,,aeg,,,
tähelepanuhäire,,,seisund,,
Tähemaa,koht,,,,
tähematk,,,,sündmus,
tähemärk,koht,,,,"esitus_kujutis, nähtus_loodus"
tähesuusatamine,,,,sündmus,
tähetorn,koht,,,,
tähetund,,aeg,,,
täheööpäev,,aeg,,,
tähis,koht,,,sündmus,"abstr/konkr, ese_instru, esitus_kujutis"
Tähkvere,koht,,,,
tähniline tüüfus,,,seisund,,
tähtaeg,,aeg,,,
tähtkuju,koht,,,,"esitus_kujutis, nähtus_loodus"
tähtpäev,,aeg,,,
tähtsündmus,,,,sündmus,
Tähtvere,koht,,,,
tähtvõlv,koht,,,,
täiendus,,,,sündmus,"abstr/konkr, in_omadus"
täienduskool,koht,,,,
täienduskursus,,,,sündmus,tegevus
täiendusseminar,,,,sündmus,
täies purjes,,,seisund,,
täies õies,,,seisund,,
täie teadmisega,,,seisund,,
täika,koht,,,,
täipõrgu,koht,,,,
täis,,,seisund,,"abstr/konkr, ADV_aeg, ADV_aste, omadus, omadus_füüs, omadus_kval, omadus_psühh, tegevus_tegu"
täisaun,koht,,,,
täisealisus,,,seisund,,
täisgaas,,,seisund,,tegevus
täishõive,,,seisund,,
täisiga,,aeg,,,
täiskandeiga,,aeg,,,
täiskarskus,,,seisund,,
täiskasvanuiga,,aeg,,,
täiskasvanute gümnaasium,koht,,,,
täiskelpkatus,koht,,,,
täiskesa,koht,,,,
täiskoguistung,,,,sündmus,
täisküpsus,,,seisund,,omadus
täismahus,,,seisund,,
täismeheiga,,aeg,,,
täismäng,,,seisund,,
täis nagu pinal,,,seisund,,
täis nagu siga,,,seisund,,
täis nagu sikk,,,seisund,,
täis nagu sitikas,,,seisund,,
täis nagu tarakan,,,seisund,,
täis nagu tatikas,,,seisund,,
täis nagu templielevant,,,seisund,,
täis nagu tina,,,seisund,,
täis nagu tinavile,,,seisund,,
täis nagu tint,,,seisund,,
täispurjede all,,,seisund,,
täispurjedes,,,seisund,,
täispurjeis,,,seisund,,
täispurjes,,,seisund,,
täispööre,,,seisund,sündmus,"esitus_kujutis, esitus_mõõt, tegevus_tegu"
täisring,,,seisund,sündmus,"esitus_kujutis, konkr, tegevus_tegu"
täistabamus,,,,sündmus,abstr
täistsüklikool,koht,,,,
täistund,,aeg,,,
täistööhõive,,,seisund,,
täistööpäev,,aeg,,,
täisvari,koht,,,,
täisõitsemine,,aeg,seisund,,
täisõitseng,,aeg,seisund,,
täisühing,koht,,,,
täitapla,koht,,,,
täitevkomitee,koht,,,,
täitevorgan,koht,,,,"inimene, in_roll"
täitevosakond,koht,,,,inimene
täitja,koht,,,,"in_roll, in_tegija"
täitumus,,,seisund,,
täitumustunne,,,seisund,,
täiturg,koht,,,,
täituvus,,,seisund,,omadus
täitõbi,,,seisund,,
täke,koht,,,,
täkku täis,,,seisund,,
täks,koht,,,,"loom_lind, tegevus_tegu"
Täkumetsa,koht,,,,
Tällevere,koht,,,,
Tällnäs,koht,,,,
täna,,aeg,,,
täna-homme,,aeg,,,
tänane,,aeg,,,"omadus_aeg, omadus_psühh"
tänapäev,,aeg,,,
Tänassilma,koht,,,,
tänav,koht,,,,
tänavakohvik,koht,,,,
tänavalahing,,,,sündmus,
tänavanurk,koht,,,,
tänavaots,koht,,,,
tänavapool,koht,,,,abstr_asend/suund
tänavarahutus,,,,sündmus,
tänavaraudtee,koht,,,,ese_instru
tänavarist,koht,,,,
tänavaruum,koht,,,,
tänavasuu,koht,,,,
tänavaturg,koht,,,,
tänavatutvus,,,seisund,,
Tänavjärv,koht,,,,
tänavküla,koht,,,,
tänavu,,aeg,,,
tänavune,,aeg,,,omadus_aeg
Tännapere,koht,,,,
Tännassilma,koht,,,,
tänujumalateenistus,,,,sündmus,
tänupidu,,,,sündmus,
tänupüha,,aeg,,,
tänuvastuvõtt,,,,sündmus,
tänuõhtu,,,,sündmus,
tänuüritus,,,,sündmus,
täpiks i peal,,,seisund,,
täpp,,,seisund,,"esitus_kujutis, objekt"
täpp i peal,,,seisund,,
täppverevalum,,,seisund,,
Täpsi,koht,,,,
täpsussõit,,,,sündmus,
tärge,koht,,,,"taim, taim_liik"
tärgeldus,,,seisund,,tegevus
Tärivere,koht,,,,
Tärkma,koht,,,,
tärmin,,aeg,,,
tärnihotell,koht,,,,
Täsvere,koht,,,,
täägivõitlus,,,,sündmus,
Tääglova,koht,,,,
Tääksi,koht,,,,
Täätsi,koht,,,,
Tömbi,koht,,,,
töö,koht,,,,"ese, esitus_mõõt, tegevus, tegevus_tegu"
tööaasta,,aeg,,,
tööaeg,,aeg,,,
tööamet,koht,,,,
tööbörs,koht,,,,
tööbüroo,koht,,,,
tööd andma,,,seisund,,
tööerakond,koht,,,,
tööesi,koht,,,,abstr/konkr
tööhõive,,,seisund,,
tööhõiveamet,koht,,,,
tööhõivetalitus,koht,,,,
tööiga,,aeg,,,abstr
tööinspektsioon,koht,,,,
tööjaam,koht,,,,ese_instru
tööjuubel,,,,sündmus,
tööjõupuudus,,,seisund,,
töökoda,koht,,,,
töökoht,koht,,,,"abstr/konkr, tegevus"
töökohtumine,,,,sündmus,
töökohus,koht,,,,"abstr, tegevus_tegu"
töökool,koht,,,,tegevus
töökoosolek,,,,sündmus,
töölaager,koht,,,,
töölesaamine,,,,sündmus,
töölisfakulteet,koht,,,,
tööliskann,koht,,,,
töölismaja,koht,,,,
töölisrahutus,,,,sündmus,
töölissöökla,koht,,,,
töölõik,koht,,,,tegevus
töölõuna,,,,sündmus,
töömaa,koht,,,,
tööministeerium,koht,,,,
töönurk,koht,,,,
töönädal,,aeg,,,
tööobjekt,koht,,,,ese
tööohutus,,,seisund,,abstr/konkr
tööorgan,koht,,,,
tööpaik,koht,,,,tegevus
tööpaja,,,,sündmus,
tööpartei,koht,,,,
tööpiirkond,koht,,,,
tööpind,koht,,,,ese_instru
tööpäev,,aeg,,,
tööpüha,,aeg,,,
töörahu,,,seisund,,
töörahvapüha,,aeg,,,
tööreis,,,,sündmus,tegevus
tööriistakuur,koht,,,,
töörinne,koht,,,,tegevus
tööruum,koht,,,,
tööseisak,,,seisund,,
tööstaaž,,aeg,,,
tööstress,,,seisund,,nähtus_psühh
tööstus,koht,,,,vald
tööstusasula,koht,,,,
tööstusehitis,koht,,,,
tööstusettevõte,koht,,,,
tööstushoone,koht,,,,
tööstuskool,koht,,,,
tööstuskriis,,,seisund,,
tööstuskvartal,koht,,,,
tööstuslik pööre,,,,sündmus,
tööstuslinn,koht,,,,
tööstusmaa,koht,,,,
tööstusmaastik,koht,,,,
tööstusnäitus,,,,sündmus,
tööstuspark,koht,,,,
tööstuspiirkond,koht,,,,
tööstusrevolutsioon,,,,sündmus,
tööstusriik,koht,,,,
tööstustarbija,koht,,,,
töösõit,,,,sündmus,tegevus
töötaolek,,,seisund,,
töötee,koht,,,,"abstr, tegevus"
töötleja,koht,,,,in_elukutse
töötrauma,,,seisund,,
töötuba,koht,,,sündmus,
töötukassa,koht,,,,
töötund,,aeg,,,
tööturuamet,koht,,,,
töövarjupäev,,,,sündmus,
töövigastus,,,seisund,,
töövisiit,,,,sündmus,
töövõimetus,,,seisund,,
töövõistlus,,,,sündmus,
tööväsimus,,,seisund,,
tööõnnetus,,,,sündmus,
TÜ,koht,,,,
Tübingen,koht,,,,
tüdrukuiga,,aeg,,,
tüdrukupõli,,aeg,,,
tüdrukupõlv,,aeg,,,
tüdrukutekool,koht,,,,
tüdrukuteõhtu,,,,sündmus,
tüfliit,,,seisund,,
tühe,koht,,,,
tühemik,koht,,,,
tühermaa,koht,,,,
tühi,,,seisund,,"in_müt, omadus, omadus_füüs, omadus_kval, omadus_psühh"
tühik,koht,,,,
tühimik,koht,,,,
tühisus,,,seisund,,nähtus
tühi töö ja vaimunärimine,,,seisund,,"omadus_kval, tegevus"
tühja minema,,,seisund,,
tühja pesa sündroom,,,seisund,,
Tühjasma,koht,,,,
tühjus,,,seisund,,"omadus_füüs, omadus_kval"
tükeldatus,,,seisund,,
Tüki,koht,,,,
tüli,,,seisund,sündmus,tegevus_kõnetegu
tülin,,,seisund,,
tülpimus,,,seisund,,
tüma,koht,,,,"omadus_füüs, omadus_kval"
tümpaania,,,seisund,,
Tümpsi,koht,,,,
Tündre järv,koht,,,,
tündrimaa,koht,,,,
tüng,,,seisund,,tegevus
tünnisaun,koht,,,,
türeotoksikoos,,,seisund,,
Türgi,koht,,,,
Türgi saun,koht,,,,
Türi,koht,,,,
Türi-Alliku,koht,,,,
Türisalu,koht,,,,
Türje,koht,,,,
Türju,koht,,,,
Türkistan,koht,,,,
Türkmeeni,koht,,,,
Türkmenbaşy,koht,,,,
Türkmenistan,koht,,,,
türm,koht,,,,abstr/konkr
türotoksikoos,,,seisund,,
Türreeni meri,koht,,,,
Türsamäe,koht,,,,
tüsistus,,,seisund,,nähtus
tütarettevõte,koht,,,,abstr
tütarfirma,koht,,,,abstr
tütarlastegümnaasium,koht,,,,
tütarlastekool,koht,,,,
tütarlinn,koht,,,,
tütarpank,koht,,,,
Tütarsaared,koht,,,,
tütarühing,koht,,,,
tüvemädanik,,,seisund,,
tüvepõletik,,,seisund,,
tüvevähk,,,seisund,,
tüveõõnsus,koht,,,,
tüüfus,,,seisund,,
tüüfushaige,,,seisund,,in_omadus
tüügas,,,seisund,,"kehaosa, objekt_loodus, taim"
Tüükri,koht,,,,
tüünus,,,seisund,,
tüüpelamu,koht,,,,
tüüpkorter,koht,,,,
Tüüringi,koht,,,,
Tüüringi mets,koht,,,,
Tüüros,koht,,,,
Tüütsi,koht,,,,
Tüütsmäe,koht,,,,
Tyrisevä,koht,,,,
Tyrone,koht,,,,
uba,koht,,,,"abstr, taim, toit, toit_vili"
Ubangi-Šari,koht,,,,
Ubasalu,koht,,,,
uberik,koht,,,,omadus
Ubja,koht,,,,
ubrik,koht,,,,
udarapõletik,,,seisund,,
udell,koht,,,,
udellimaa,koht,,,,
Uderna,koht,,,,
Udeva,koht,,,,
Udmurdi,koht,,,,
Udmurdimaa,koht,,,,
Udmurtia,koht,,,,
Udria,koht,,,,
Udriku,koht,,,,
Udsali,koht,,,,
udumets,koht,,,,taim
udusulis,,,seisund,,"omadus_füüs, omadus_kval"
Uduvere,koht,,,,
Ufa,koht,,,,
Ufaa,koht,,,,
Uganda,koht,,,,
Ugandi,koht,,,,
Uhe,koht,,,,
uhetjoom,koht,,,,
Uhmardu,koht,,,,
Uhta,koht,,,,
uhtejoom,koht,,,,
Uhti,koht,,,,
Uhtju saared,koht,,,,
Uhtjärve,koht,,,,
uhtkuhik,koht,,,,
uhtlamm,koht,,,,
uhtmadalik,koht,,,,
Uhtna,koht,,,,
uhtorg,koht,,,,
Uhtua,koht,,,,
Uia,koht,,,,
uibuaed,koht,,,,
Uibujärve,koht,,,,
Uikala,koht,,,,
uimane,,,seisund,,"omadus_kval, omadus_psühh"
uimastinälg,,,seisund,,
uimastisõltuvus,,,seisund,,
uimastus,,,seisund,,
uimasus,,,seisund,,
uimus,,,seisund,,
uinak,,,seisund,,
uinumishäire,,,seisund,,
uisumatk,,,,sündmus,
uisurada,koht,,,,
uisustaadion,koht,,,,
uisutamisvõistlus,,,,sündmus,
uisutee,koht,,,,
uisuvõistlus,,,,sündmus,
uisuväli,koht,,,,
uisuväljak,koht,,,,
ujuksild,koht,,,,
ujula,koht,,,,
ujumisbassein,koht,,,,
ujumiskoht,koht,,,,
ujumiskursus,,,,sündmus,
ujumispaik,koht,,,,
ujumissild,koht,,,,
ujumistund,,,,sündmus,
ujupinnas,koht,,,,
ujutus,,,,sündmus,nähtus_loodus
ujuvsild,koht,,,,
ukj,,aeg,,,
Ukmergė,koht,,,,
Ukraina,koht,,,,
uksealune,koht,,,,omadus_koht
ukseauk,koht,,,,
ukseava,koht,,,,
ukseavaus,koht,,,,
ukseesine,koht,,,,omadus_koht
uksekünnis,koht,,,,
uksele koputama,,,seisund,,
ukselävi,koht,,seisund,,
ukseorv,koht,,,,
uksepakk,koht,,,,
uksepilu,koht,,,,
uksepragu,koht,,,,
uksetagune,koht,,,,omadus_koht
uksevahe,koht,,,,
Uku,koht,,,,
Ukva,koht,,,,
Ula,koht,,,,
Ulaanbaatar,koht,,,,
Ulaan Üde,koht,,,,
ulakus,,,seisund,,tegevus_tegu
Ulala,koht,,,,
Ulalu,koht,,,,
Ulan-Bator,koht,,,,
Ulan-Ude,koht,,,,
ula peal,,,seisund,,
Ulaskova,koht,,,,
ulgtorn,koht,,,,
ulgumeri,koht,,,,
ulguvesi,koht,,,,
Ulila,koht,,,,
Ulitina,koht,,,,
Ulja,koht,,,,
Uljanovsk,koht,,,,
Uljaste,koht,,,,
Ulje,koht,,,,
Ullaste,koht,,,,
Ulm,koht,,,,
Ulster,koht,,,,
ultra,,,,sündmus,"ADV_aste, in_omadus, in_roll, omadus, tegevus"
ultraheli,,,,sündmus,"nähtus_füüs, tegevus"
ultratriatlon,,,,sündmus,vald
ultravõistlus,,,,sündmus,
ulu all,,,seisund,,
uluall,,,seisund,,
ulu alla,,,seisund,,
ulualla,,,seisund,,
ulu alt,,,seisund,,
ulualt,,,seisund,,
ulualune,koht,,,,
uluss,koht,,,,in_rahvas
Uluste,koht,,,,
Ulvi,koht,,,,
umbaed,koht,,,,
umbes olema,,,seisund,,
umbharu,koht,,,,abstr/konkr
umbjoove,,,seisund,,
umbjärv,koht,,,,
umbkaitse,,,seisund,,"abstr/konkr, tegevus"
umbkott,,,seisund,,
umbkäik,koht,,,,
umblaht,koht,,,,
umbmüüritis,koht,,,,
umboja,koht,,,,
umborg,koht,,,,
umbpais,koht,,,,
Umbria,koht,,,,
umbrohtumus,,,seisund,,esitus_mõõt
umbrohusus,,,seisund,,esitus_mõõt
Umbsaare,koht,,,,
umbsein,koht,,,,
Umbsoo,koht,,,,
umbsoolepõletik,,,seisund,,
umbsopp,koht,,,,
umbsus,,,seisund,,
umbsõlm,,,seisund,,"abstr, ese_instru"
umbtee,koht,,,,abstr
umbtänav,koht,,,,
umbus,,,seisund,,
Umbusi,koht,,,,
Umeå,koht,,,,
Ummaru,koht,,,,
umme,,,seisund,,
ummik,koht,,seisund,,"ese_anum, nähtus_loodus, objekt"
ummikseis,,,seisund,,
ummiktee,koht,,,,abstr
ummistus,,,seisund,,tegevus
ummistusrünnak,,,,sündmus,tegevus
ummistusrünne,,,,sündmus,tegevus
ummuksisolek,,,seisund,,
ummus,,,seisund,,
Unakvere,koht,,,,
Unametsa,koht,,,,
Undama,koht,,,,
Undi,koht,,,,
Undimäe,koht,,,,
Undla,koht,,,,
Undva,koht,,,,
uneaeg,,aeg,,,
uneapnoe,,,seisund,,
unehaigus,,,seisund,,
unehäire,,,seisund,,
unehämu,,,seisund,,
unekas,,,seisund,,
unelisa,,aeg,,,
unenappus,,,seisund,,
unenäolik,,,seisund,,
unenäoline,,,seisund,,
unepaanika,,,seisund,,
unepuudus,,,seisund,,
unerahu,,,seisund,,
unerammestus,,,seisund,,
unerähm,,,seisund,,materjal/aine
UNESCO,koht,,,,
uneskõndimine,,,seisund,,
unesränne,,,seisund,,
Uneste,koht,,,,
unetarve,,,seisund,,
unetukk,,,seisund,,
unetund,,aeg,,,
unetus,,,seisund,,
uneuim,,,seisund,,
unevajadus,,,seisund,,
uneähm,,,seisund,,
uneärevus,,,seisund,,
Ungari,koht,,,,
ungas,koht,,,,
Ungru,koht,,,,
Unguma,koht,,,,
uni,,,seisund,,nähtus_psühh
Uniküla,koht,,,,
Unimäe,koht,,,,
Unipiha,koht,,,,
unisoon,,,seisund,,nähtus_füüs
unisus,,,seisund,,
unitaarriik,koht,,,,
unitõbi,,,seisund,,
Univere,koht,,,,
universaalkauplus,koht,,,,
universiaad,,,,sündmus,
universiteet,koht,,,,
unkaauk,koht,,,,
unplugged-kontsert,,,,sündmus,
Unukse,koht,,,,
unustus,,,seisund,,
Upa,koht,,,,
upplamang,,,seisund,,
Uppland,koht,,,,
uppripe,,,seisund,,
Uppsala,koht,,,,
uppumissurm,,,,sündmus,tegevus_tegu
uputus,,,seisund,sündmus,"abstr/konkr, nähtus_loodus"
Ura,koht,,,,
Uraal,koht,,,,
Uralaane,koht,,,,
Uralsk,koht,,,,
Urartu,koht,,,,
urbaniit,,,seisund,,
urbanipäev,,aeg,,,
urbekuu,,aeg,,,
urbepäev,,aeg,,,
urbepüha,,aeg,,,
urdaaž,koht,,,,
ureaplasmoos,,,seisund,,
ureemia,,,seisund,,
uretriit,,,seisund,,
Urevere,koht,,,,
Urfa,koht,,,,
urg,koht,,,,
Urga,koht,,,,
Urganch,koht,,,,
urgas,koht,,,,
Urge,koht,,,,
uriinipeetus,,,seisund,,
uriinipidamatus,,,seisund,,
urineerimishäire,,,seisund,,
Urissaare,koht,,,,
Urita,koht,,,,
Urjanhai,koht,,,,
Urjanhaisk,koht,,,,
Urmi,koht,,,,
Urmia,koht,,,,
Urmia järv,koht,,,,
urnimüür,koht,,,,
urniväli,koht,,,,
urtikaaria,,,seisund,,
uruauk,koht,,,,kehaosa
Uruguai,koht,,,,
Uruguay,koht,,,,
Urumarja,koht,,,,
Urumtši,koht,,,,
Urvaste,koht,,,,
urve,koht,,,,
USA,koht,,,,
usaldushääletus,,,,sündmus,
usalduskriis,,,seisund,sündmus,
usaldusühing,koht,,,,esitus
USA Neitsisaared,koht,,,,
Usbeki,koht,,,,
Usbekistan,koht,,,,
Usinitsa,koht,,,,
uskmatus,,,seisund,,
ussaed,koht,,,,
ussimaarjapäev,,aeg,,,
Ussimäe,koht,,,,
Ussisaar,koht,,,,
ussripikupõletik,,,seisund,,
usstõbi,,,seisund,,
Ussuuri,koht,,,,
Ust-Abakanskoje,koht,,,,
Ustinov,koht,,,,
Ustjurt,koht,,,,
Ust-Kamenogorsk,koht,,,,
Ust-Orda Burjaatia,koht,,,,
Ust-Ordõnski,koht,,,,
Ust-Sõssolsk,koht,,,,
usukonflikt,,,,sündmus,
Usumbura,koht,,,,
usupimedus,,,seisund,,
usupuhastuspüha,,aeg,,,
usupüha,,aeg,,,
usurahutus,,,,sündmus,
usutavand,,,,sündmus,
Uškovo,koht,,,,
Užgorod,koht,,,,
Užhorod,koht,,,,
Utah,koht,,,,
UTC,,aeg,,,esitus_mõõt
Utena,koht,,,,
Utessuu,koht,,,,
utiil,koht,,,,materjal/aine
utmistehas,koht,,,,
Utrecht,koht,,,,
utsin,,,seisund,,tegevus_tegu
Utsjoki,koht,,,,
Uttarakhand,koht,,,,
Uttar Pradesh,koht,,,,
Utu,koht,,,,
Utukolga,koht,,,,
Uudeküla,koht,,,,
uudismaa,koht,,,,
uudismoodustis,,,seisund,,esitus_keel
uudisteagentuur,koht,,,,
uudistesaade,,,,sündmus,
Uue-Antsla,koht,,,,
Uuearu,koht,,,,
Uue-Irboska,koht,,,,
uue kalendri järgi,,aeg,,,
Uue-Kariste,koht,,,,
Uuemaa,koht,,,,
Uuemõisa,koht,,,,
Uue-Saaluse,koht,,,,
Uuesalu,koht,,,,
Uueveski,koht,,,,
Uuevälja,koht,,,,
Uugla,koht,,,,
uuk,koht,,,,ese_instru
uulits,koht,,,,
Uulu,koht,,,,
uurak,koht,,,,
Uural,koht,,,,
Uuralid,koht,,,,
Uurali mäestik,koht,,,,
Uuras,koht,,,,
uurdejärv,koht,,,,
uurdeorg,koht,,,,
uure,koht,,,,ese_instru
Uuri,koht,,,,
uurimisala,koht,,,,vald
uurimisalluvus,,,seisund,,
uurimisasutus,koht,,,,"in_elukutse, inimene"
uurimisinstituut,koht,,,,
uurimisjaam,koht,,,,
uurimiskeskus,koht,,,,
uurimislabor,koht,,,,
uurimisorgan,koht,,,,"in_elukutse, inimene"
uurimisreis,,,,sündmus,tegevus
uurimisretk,,,,sündmus,tegevus
uuringufirma,koht,,,,
uuris,koht,,seisund,,
uuritus,,,seisund,,
uusaasta,,aeg,,sündmus,
uusaastaball,,,,sündmus,
uusaastahommik,,aeg,,,
uusaastakontsert,,,,sündmus,
uusaastapidu,,,,sündmus,
uusaastapäev,,aeg,,sündmus,
uusaastaöö,,aeg,,,
uusaeg,,aeg,,,
uusaegkond,,aeg,,,
Uus-Akvitaania,koht,,,,
uusarendus,koht,,,,
uusasum,koht,,,,
Uus-Britannia,koht,,,,
uusehitis,koht,,,,
uusehitus,koht,,,,tegevus
uuselamu,koht,,,,
uuselamurajoon,koht,,,,
Uus-Guinea,koht,,,,
Uus-Hebriidid,koht,,,,
Uus-Holland,koht,,,,
Uus-Iirimaa,koht,,,,
Uusikaarlepyy,koht,,,,
Uusikaupunki,koht,,,,
Uusimaa,koht,,,,
uusim aeg,,aeg,,,
Uus-Inglismaa,koht,,,,
Uus-Irboska,koht,,,,
Uus-Kaledoonia,koht,,,,
uuskasutuskeskus,koht,,,,
Uusküla,koht,,,,
Uuslinn,koht,,,,
uuslinn,koht,,,,
Uus-Lõuna-Wales,koht,,,,
Uus Maailm,koht,,,,
Uus-Meremaa,koht,,,,
uusmoodustis,,,seisund,,esitus_keel
uus must,,,seisund,,omadus_kval
Uusna,koht,,,,
Uus-Siberi saared,koht,,,,
Uusvada,koht,,,,
uusvasakpoolsus,,,seisund,,omadus_kval
Uus-Vene,koht,,,,
Uuta,koht,,,,
UÜ,koht,,,,esitus
v,koht,,,,"ese_semio, esitus, esitus_keel_täht, esitus_kujutis"
Vaabina,koht,,,,
vaadend,,,,sündmus,
vaagnaava,koht,,,,
Vaaksaarõ,koht,,,,
Vaaksaarõ nulk,koht,,,,
vaakumekstraktsioon,,,,sündmus,
vaakumkamber,koht,,,,ese_instru
vaakumsünnitus,,,,sündmus,
Vaali,koht,,,,
Vaalimäe,koht,,,,
Vaalu,koht,,,,
vaar,koht,,,,"in_omadus, in_sugulane, toit"
vaarastik,koht,,,,
Vaardi,koht,,,,
vaarikaistandik,koht,,,,
vaarikamets,koht,,,,
vaariks,,,seisund,,
Vaarkali,koht,,,,
Vaartsi,koht,,,,
Vaasa,koht,,,,
vaatamisväärsus,koht,,,,"abstr, ese"
vaateaken,koht,,,,ese_instru
vaateala,koht,,,,
vaateava,koht,,,,
vaatekaugus,koht,,,,
vaatekoridor,koht,,,,
vaatemäng,,,,sündmus,tegevus
vaatepiir,koht,,,,"abstr, esitus_kujutis"
vaatepilt,,,seisund,,
vaatepilu,koht,,,,
vaatepunkt,koht,,,,"abstr, abstr/konkr"
vaatetorn,koht,,,,
vaateulatus,koht,,,,
vaateväli,koht,,,,abstr
vaatlusaasta,,aeg,,,
vaatlusaeg,,aeg,,,
vaatlusala,koht,,,,
vaatlusjaam,koht,,,,
vaatluskaev,koht,,,,
vaatluskoht,koht,,,,
vaatlusperiood,,aeg,,,
vaatluspost,koht,,,,inimene
vaatluspunkt,koht,,,,
vaatlustorn,koht,,,,
vaatlusvõrk,koht,,,,inimene
vaatlusväljak,koht,,,,
vaatus,,,,sündmus,ese_kunst
vaba,,,seisund,,"omadus, omadus_füüs, omadus_kval"
vabaabielu,,,seisund,,
vaba aeg,,aeg,,,
vabaajakeskus,koht,,,,
vabaateljee,koht,,,,
vabadikukoht,koht,,,,
vabadikusaun,koht,,,,
vabad käed,,,seisund,,
vabadus,,,seisund,,abstr
vabadussõda,,,,sündmus,
vabaerakond,koht,,,,
vabajooks,,,seisund,,tegevus
vabakaubanduspiirkond,koht,,,,
vabakaubandustsoon,koht,,,,
vabakirik,koht,,,,
vabakool,koht,,,,
vabakäik,,,seisund,,tegevus
vabalaut,koht,,,,
vaba lava,koht,,,,
vabalava,koht,,,,
vabalinn,koht,,,,
vabamajanduspiirkond,koht,,,,
vabamajandustsoon,koht,,,,
Vabamatsi,koht,,,,
Vabamu,koht,,,,
vabasadam,koht,,,,
vabasuhe,,,seisund,,
vabasurm,,,,sündmus,tegevus_tegu
vabatalu,koht,,,,
vabatsoon,koht,,,,
vabavaht,,aeg,,,inimene
vabaviskeala,koht,,,,
vabaviskejoon,koht,,,,
vabaõhuetendus,,,,sündmus,
vabaõhujumalateenistus,,,,sündmus,
vabaõhukino,koht,,,sündmus,
vabaõhukohvik,koht,,,,
vabaõhukontsert,,,,sündmus,
vabaõhukool,koht,,,,
vabaõhulava,koht,,,,
vabaõhumuuseum,koht,,,,
vabaõhuteater,koht,,,sündmus,
vabaõhuüritus,,,,sündmus,
vabaühendus,koht,,,,
vabeaed,koht,,,,
vabin,,,seisund,,"nähtus_füüs, nähtus_psühh"
vabrik,koht,,,,
vabrikuasula,koht,,,,
vabrikuhoone,koht,,,,
vabrikukool,koht,,,,
vabrikupood,koht,,,,
Vadi,koht,,,,
vadi,koht,,,,
Vadiküla,koht,,,,
Vadsa,koht,,,,
Vaduz,koht,,,,
vaegkirjutamine,,,seisund,,
vaegkuulmine,,,seisund,,
vaeglugemine,,,seisund,,
vaegnägemine,,,seisund,,
vaegpingus,,,seisund,,
vaegsoojumus,,,seisund,,nähtus
vaegtalitlus,,,seisund,,
vaegtoitumus,,,seisund,,
vaegushaigus,,,seisund,,
vaegveresus,,,seisund,,
vaekoda,koht,,,,
Vaeküla,koht,,,,
Vaela,koht,,,,
Vaemla,koht,,,,
vaene kui kirikurott,,,seisund,,
vaenukuritegu,,,,sündmus,
vaenus,,,seisund,,
vaenuväli,koht,,,,
vaeslastekodu,koht,,,,
vaeslastekohus,koht,,,,
vaesteabi,koht,,,,tegevus
vaesteagul,koht,,,,
vaestekvartal,koht,,,,
vaestelastekohus,koht,,,,
vaestemaja,koht,,,,
vaesus,,,seisund,,"abstr, ese_raha"
vaesuslõks,,,seisund,,
vaesusrisk,,,seisund,,
vaev,,,seisund,,"abstr/konkr, nähtus_psühh, tegevus"
vaginiit,,,seisund,,
vaginism,,,seisund,,
Vagivere,koht,,,,
vagu,koht,,,,esitus_mõõt
Vaguja,koht,,,,
Vagula,koht,,,,
Vagula järv,koht,,,,
vagumus,koht,,,,
vagunidepoo,koht,,,,
Vahakulmu,koht,,,,
Vahakõnnu,koht,,,,
vahaküps,,,seisund,,omadus
vahaküpsus,,,seisund,,
Vahastu,koht,,,,
vahe,koht,aeg,,,"abstr/konkr, omadus_füüs, omadus_kval, omadus_psühh"
vaheaasta,,aeg,,,
vaheaed,koht,,,,
vaheaeg,,aeg,,sündmus,esitus_info
vaheala,koht,,,,abstr/konkr
Vahe-Ameerika,koht,,,,
vahefiniš,koht,,,,abstr
vaheilmakaar,koht,,,,
vahejaam,koht,,,,
vahejooks,,,,sündmus,
vahejuhtum,,,,sündmus,
vahekarniis,koht,,,,
vahekoda,koht,,,,
vahekoht,koht,,,,
vahekohus,koht,,,,in_roll
vahekorrus,koht,,,,
vahekäik,koht,,,,
vahel,koht,aeg,,,"abstr, ADV_aeg"
vaheladu,koht,,,,
vaheldus,,,,sündmus,tegevus
vahelduva eduga,,,seisund,,
vahelduvus,,,seisund,,
vahele,koht,aeg,,,abstr
vahelejäämine,,,,sündmus,
vahelik,koht,,,,"taim_seen, toit"
vahelt,,aeg,,,abstr
vahelöök,,,seisund,,
vahemaa,koht,aeg,,,nähtus_psühh
vahemade,koht,,,,
Vahemere maad,koht,,,,
Vahemeri,koht,,,,
vahemik,koht,aeg,,,abstr
vahendusfirma,koht,,,,
Vahenurme,koht,,,,
vaheosa,koht,,,,
vahepala,,,,sündmus,"ese_semio, toit"
vahepeal,koht,aeg,,,
vaheperiood,,aeg,,,
vahepodest,koht,,,,
vahepäev,,aeg,,,
vaherahu,,,seisund,,
vaheruum,koht,aeg,,,
vahesadam,koht,,,,
vahesein,koht,,,,"ese_instru, nähtus_psühh"
vahesektsioon,koht,,,,
Vahessaare,koht,,,,
vahesõit,,,,sündmus,
vahetalituskontor,koht,,,,
vahetekk,koht,,,,ese_riie
vahetsi,koht,aeg,,,
vahetund,,aeg,,sündmus,
vahetus,,aeg,,,"ese, inimene, nähtus_psühh, tegevus, tegevus_kõnetegu"
vahetusaasta,,aeg,,,
vahetusala,koht,,,,
Vahetüki,koht,,,,
vaheujumine,,,,sündmus,
vahevalimised,,,,sündmus,
vahevöö,koht,,,,
Vahh,koht,,,,
Vahi,koht,,,,
vahikord,,aeg,,,tegevus
vahimaja,koht,,,,
vahimajake,koht,,,,
vahipataljon,koht,,,,
vahipost,koht,,,,"in_roll, tegevus"
vahiputka,koht,,,,
vahitorn,koht,,,,
vahk,,,seisund,,"nähtus_loodus, nähtus_psühh"
vaht,,aeg,,,"abstr, in_elukutse, in_roll, loom, loom_omadus, materjal/aine, nähtus_füüs, tegevus"
vahtimine,,,seisund,,tegevus
vahtkond,koht,,,,inimene
vahtralehemaa,koht,,,,
vahtramets,koht,,,,taim
Vahtraste,koht,,,,
Vahtrepa,koht,,,,
vahtrik,koht,,,,taim
Vahtseliina,koht,,,,
Vahtsõ-Kasaritsa,koht,,,,
Vahtsõliina,koht,,,,
Vahtsõ-Roosa,koht,,,,
Vahtsõ-Saalussõ,koht,,,,
Vahuküla,koht,,,,
Vahva,koht,,,,
vahvärk,koht,,,,
vahvärkhoone,koht,,,,
vahvärkmaja,koht,,,,
vaiasula,koht,,,,
Vaiatu,koht,,,,
vaibefaas,,aeg,,,
vaibejärk,,aeg,,,
Vaibla,koht,,,,
Vaida,koht,,,,
Vaidasoo,koht,,,,
Vaidavere,koht,,,,
vaidluskoosolek,,,,sündmus,
vaidlusõhtu,,,,sündmus,
Vaidva jõgi,koht,,,,
vaiehitis,koht,,,,
Vaigatš,koht,,,,
Vaigu,koht,,,,
vaigulaik,koht,,,,
vaigupesa,koht,,,,materjal/aine
Vaigu-Rannaküla,koht,,,,
vaigutuslank,koht,,,,
vaigutuslõige,koht,,,,tegevus_tegu
Vaika saared,koht,,,,
vaikelu,,,seisund,,"ese_kunst, vald"
vaikiv ajastu,,aeg,,,
Vaikla,koht,,,,
Vaikna,koht,,,,
Vaikne järv,koht,,,,
vaikne laupäev,,aeg,,,
vaikne neljapäev,,aeg,,,
vaikne nädal,,aeg,,,
Vaikne ookean,koht,,,,
Vaikse ookeani saarte hooldusala,koht,,,,
vaikus,,,seisund,,
vaikusevöönd,koht,,,,
vaikushetk,,aeg,,,
vaikusminut,,aeg,,sündmus,
vaikusvöönd,koht,,,,
vaiküla,koht,,,,
Vaila,koht,,,,
vaim,,,seisund,,"abstr, inimene, in_müt, in_omadus, in_roll, nähtus_psühh"
vaimaja,koht,,,,
Vaimastvere,koht,,,,
vaimude tund,,aeg,,,
vaimuhaigla,koht,,,,
vaimuhaigus,,,seisund,,
vaimuhäire,,,seisund,,
vaimunärimine,,,seisund,,"omadus_kval, tegevus"
vaimupimedus,,,seisund,,
vaimupuue,,,seisund,,
vaimupäev,,aeg,,,
vaimuseisund,,,seisund,,
vaimutervis,,,seisund,,
vaimuvald,koht,,,,abstr
vaimuärksus,,,seisund,,omadus_psühh
Vaimõisa,koht,,,,
vain,koht,,,,
Vaindloo,koht,,,,
Vaindlood,koht,,,,
Vainu,koht,,,,
vainu,koht,,,,
Vainupea,koht,,,,
vainupealne,koht,,,,
vaipelamu,koht,,,,
vaippeenar,koht,,,,
Vaisi,koht,,,,
Vaiste,koht,,,,
Vaivara,koht,,,,
Vaivere,koht,,,,
Vaivina,koht,,,,
vaivundament,koht,,,,
vajak,,,seisund,,omadus
vajakajäämine,,,seisund,,
Vajangu,koht,,,,
vajuk,koht,,,,osa
vajukaev,koht,,,,
vajumisnõva,koht,,,,
vajumisvuuk,koht,,,,
Vakalepa,koht,,,,
vakantsus,,,seisund,,
Vakari,koht,,,,
Vaki,koht,,,,
vaksal,koht,,,,
vaksaliesine,koht,,,,omadus_koht
vaksalihoone,koht,,,,
vakukohus,koht,,,,
vakumaa,koht,,,,
vakupidu,,,,sündmus,
vakus,koht,,,sündmus,
vakusepidu,,,,sündmus,
vakutalu,koht,,,,
Valaam,koht,,,,
Valahhia,koht,,,,
Valamo,koht,,,,
Valaste,koht,,,,
Valaste juga,koht,,,,
Valasti,koht,,,,
vald,koht,,,,"abstr, esitus, inimene, vald"
Valdai,koht,,,,
valdaja,koht,,,,"in_omadus, in_roll"
Valdina,koht,,,,
valdus,koht,,,,abstr
valdusala,koht,,,,abstr
valduses,,,seisund,,
valdusesse,,,seisund,,
valdusfirma,koht,,,,
valdusse,,,seisund,,
valdusühing,koht,,,,
Valencia,koht,,,,
valentinipäev,,aeg,,,
valerahavabrik,koht,,,,
Valga,koht,,,,
valgala,koht,,,,
Valgamaa,koht,,,,
Valga maakond,koht,,,,
valge aeg,,aeg,,,
valged jõulud,,aeg,,,
valged luited,koht,,,,
valgedus,,,seisund,,
valgejoonesong,,,seisund,,
Valgejõe,koht,,,,
Valgejõgi,koht,,,,
valge karp,koht,,,,
Valge Maja,koht,,,,inimene
Valge Mander,koht,,,,
Valge Manner,koht,,,,
Valgemere-Karjala,koht,,,,
Valge meri,koht,,,,
Valgemetsa,koht,,,,
valgemädanik,,,seisund,,
Valge Niilus,koht,,,,
Valgesoo,koht,,,,
Valgevene,koht,,,,
valgeveresus,,,seisund,,
Valgevälja,koht,,,,
Valgjärv,koht,,,,
Valgjärve,koht,,,,
valgla,koht,,,,
valglinn,koht,,,,
Valgma,koht,,,,
valgma,koht,,,,
valgmik,koht,,,,ese_instru
valgmikaken,koht,,,,ese_instru
Valgu,koht,,,,
valgupuudus,,,seisund,,
valgusekartus,,,seisund,,
valguskartus,,,seisund,,
valguskiir,,,seisund,,nähtus_füüs
valguslööve,,,seisund,,
valgustatus,,,seisund,,esitus_mõõt
valgustundlik,,,seisund,,omadus_füüs
valgustundlikkus,,,seisund,,nähtus_füüs
valgustunud,,,seisund,,
valgustusaeg,,aeg,,,
valgustusajastu,,aeg,,,
valgustussajand,,aeg,,,
Valguta,koht,,,,
valguvaegus,,,seisund,,
Valgu-Vanamõisa,koht,,,,
Valhalla,koht,,,,
valikabort,,,,sündmus,
valikmäng,,,,sündmus,
valiksari,,,,sündmus,"ese_instru, ese_semio"
valikvõistlus,,,,sündmus,
valikväeosa,koht,,,,
valikvägi,koht,,,,
Valila,koht,,,,
valimised,,,,sündmus,
valimisjaoskond,koht,,,,
valimiskabiin,koht,,,,
valimiskaotus,,,,sündmus,
valimiskoosolek,,,,sündmus,
valimispunkt,koht,,,,
valimispäev,,aeg,,,
valimisringkond,koht,,,,
valimistsükkel,,aeg,,,
valimisvoor,,,,sündmus,
valimisvõit,,,,sündmus,
Valingu,koht,,,,
Valipe,koht,,,,
Valistre,koht,,,,
valitseja,koht,,,,"in_roll, loom_omadus"
valitsejamaja,koht,,,,
valitsemisaeg,,aeg,,,
valitsemisohjad,,,seisund,,abstr/konkr
valitsus,koht,,,,"inimene, tegevus"
valitsusaeg,,aeg,,,
valitsusaparaat,koht,,,,in_roll
valitsusasutus,koht,,,,
valitsushoone,koht,,,,
valitsuskriis,,,seisund,sündmus,
valitsusohjad,,,seisund,,abstr/konkr
valitsussektor,koht,,,,
valitsusväline organisatsioon,koht,,,,
Valjala,koht,,,,
Valjala-Ariste,koht,,,,
Valjala-Kogula,koht,,,,
Valjala-Nurme,koht,,,,
Valka,koht,,,,
Valkeakoski,koht,,,,
valkkusesus,,,seisund,,
Valkla,koht,,,,
Valkse,koht,,,,
vall,koht,,,,"ese_instru, nähtus_loodus"
Valladolid,koht,,,,
vallakeskus,koht,,,,
vallakohus,koht,,,,
vallakool,koht,,,,
vallamaja,koht,,,,
vallandamine,,,,sündmus,tegevus
Vallapalu,koht,,,,
vallaspõli,,,seisund,,
vallaspõlv,,,seisund,,
vallatee,koht,,,,
vallavalitsus,koht,,,,
Valletta,koht,,,,
Valli,koht,,,,
Vallikraav,koht,,,,
vallikraav,koht,,,,
vallivärav,koht,,,,
vallkindlustus,koht,,,,
Valloonia,koht,,,,
vallseljak,koht,,,,
vallutusretk,,,,sündmus,tegevus
vallutussõda,,,,sündmus,
valmidus,,,seisund,,
Valmiera,koht,,,,
valmimisaeg,,aeg,,,
valmimistähtaeg,,aeg,,,
valmis,,,seisund,,"ADV_seisund, omadus, omadus_kval"
valmisfirma,koht,,,,
valmisolek,,,seisund,,
valmisreis,,,,sündmus,tegevus
valmistaja,koht,,,,in_tegija
valmistajatehas,koht,,,,
valmistamisaeg,,aeg,,,
valmistusaeg,,aeg,,,
valmivus,,,seisund,,
Valparaíso,koht,,,,
valts,koht,,,,ese_instru
valtsliide,koht,,,,ese_instru
Valtu,koht,,,,
valujutt,,,seisund,,
valukoda,koht,,,,
valukuur,koht,,,,
valum,,,seisund,,
valupunkt,koht,,,,"kehaosa, nähtus"
valutehas,koht,,,,
valutsehh,koht,,,,
valutöökoda,koht,,,,
valuutablokk,koht,,,,
valuutafond,koht,,,,ese_raha
valuutakauplus,koht,,,,
valuutakriis,,,seisund,,
valuutaliit,koht,,,,abstr
valuutapood,koht,,,,
valuutarisk,,,seisund,,
valuutatsoon,koht,,,,
valuutavahetuspunkt,koht,,,,
valuviirg,,,seisund,,
valve,,,seisund,,"ese_instru, in_elukutse, inimene, tegevus"
valve all,,,seisund,,
valve alla,,,seisund,,
valve alt,,,seisund,,
valveapteek,koht,,,,
valvehaigla,koht,,,,
valvekauplus,koht,,,,
valvekord,,aeg,,,tegevus
valvelolek,,,seisund,,
valvepost,koht,,,,"in_roll, tegevus"
valvepunkt,koht,,,,
valveputka,koht,,,,
valves,,,seisund,,
valveteenistus,koht,,,,tegevus
valvetorn,koht,,,,
valvetuba,koht,,,,
valvevahetus,,aeg,,sündmus,inimene
valvuriputka,koht,,,,
Van,koht,,,,
vana-aasta,,aeg,,,
vana-aastaõhtu,,aeg,,,
vana-aastaöö,,aeg,,,
vanaaeg,,aeg,,,
vanaaegkond,,aeg,,,
Vana-Aespa,koht,,,,
Vana-Antsla,koht,,,,
Vana-Baieri,koht,,,,
vanadekodu,koht,,,,
Vanadzor,koht,,,,
vanadus,,aeg,seisund,,abstr
vanadusaastad,,aeg,,,
vanadusiga,,aeg,,,
vanaduskae,,,seisund,,
vanadusnõrkus,,,seisund,,
vanadusnõtrus,,,seisund,,
vanaduspõli,,aeg,,,
vanaduspõlv,,aeg,,,
vanaduspäevad,,aeg,,,
vanadussurm,,,,sündmus,
Vana-Egiptus,koht,,,,
Vana-India,koht,,,,
vanajõgi,koht,,,,
Vana-Kaiu,koht,,,,
vana kalendri järgi,,aeg,,,
Vana-Kariste,koht,,,,
Vana-Kasaritsa,koht,,,,
Vana-Koiola,koht,,,,
vanakraamiturg,koht,,,,
Vana-Kreeka,koht,,,,
vana kuu,,aeg,,,nähtus_loodus
vanakuu,,aeg,,,nähtus_loodus
Vana-Kuuste,koht,,,,
Vanaküla,koht,,,,
Vanakülä,koht,,,,
Vana-Liivimaa,koht,,,,
vanalinn,koht,,,,
Vanalõve,koht,,,,
Vana Maailm,koht,,,,
Vanamõisa,koht,,,,
vananaistesuvi,,aeg,,,
Vana-Nurtu,koht,,,,
vanapõli,,aeg,,,
vanapõlv,,aeg,,,abstr
Vana-Pärnu,koht,,,,
vanaraamatukauplus,koht,,,,
Vana-Rooma,koht,,,,
Vana-Roosa,koht,,,,
Vana-Saksimaa,koht,,,,
Vanassaare,koht,,,,
vanatalu,koht,,,,
vanatare,koht,,,,
Vana-Vastseliina,koht,,,,
Vana-Vene,koht,,,,
Vana-Vigala,koht,,,,
Vana-Võidu,koht,,,,
Vancouver,koht,,,,
vandekohus,koht,,,,
vandeselts,koht,,,,inimene
vanematekodu,koht,,,,
vanemlus,,,seisund,,
vanemus,,,seisund,,
vangi,,,seisund,,
vangi dilemma,,,seisund,,
vangikamber,koht,,,,
vangikoda,koht,,,,
vangikong,koht,,,,
vangilaager,koht,,,,
vangileib,,,seisund,,
vangimaja,koht,,,,
vangipõli,,,seisund,,
vangipõlv,,,seisund,,
vangis,,,seisund,,
vangist,,,seisund,,
vangistus,,,seisund,,tegevus
vangistusaeg,,aeg,,,
vangitapp,koht,,,,"inimene, tegevus"
vangitorn,koht,,seisund,,
vangla,koht,,,,
vangla-aasta,,aeg,,,
vanglaleib,,,seisund,,
vanglamüür,koht,,,,
vangus,,,seisund,,
Vani järv,koht,,,,
vankrikuur,koht,,,,
vankripõlv,,aeg,,,
vankriroobas,koht,,,,
vankrirööbas,koht,,,,
vankritee,koht,,,,
vankrivahe,koht,,,,
vannimaja,koht,,,,
vannituba,koht,,,,
vannituba-WC,koht,,,,
Vantaa,koht,,,,
vantsild,koht,,,,
Vanuatu,koht,,,,
vanus,,aeg,,,
vanusevahe,,aeg,,,
Vao,koht,,,,
vaohari,koht,,,,
vaond,koht,,,,
vaost väljas,,,seisund,,
vapluskramp,,,seisund,,
vapped,,,seisund,,
vappekülm,,,seisund,,
Vapramäe,koht,,,,
vapsism,,,,sündmus,
vapslus,,,,sündmus,
vapustus,,,seisund,sündmus,"nähtus, nähtus_psühh"
Vara,koht,,,,
vara,koht,,,,"abstr, ADV_aeg, ese_instru, ese_raha"
varahoidla,koht,,,,
varahommik,,aeg,,,
varakamber,koht,,,,
varakapitalism,,aeg,,,abstr/konkr
varakeskaeg,,aeg,,,
varakevad,,aeg,,,
varaklassitsism,,aeg,,,
varakristlus,,aeg,,,abstr
varakus,,,seisund,,ese_raha
varalahusus,,,seisund,,
varamu,koht,,,,"ese_kunst, ese_semio"
Varanasi,koht,,,,
Varangeri fjord,koht,,,,
Varangu,koht,,,,
vararenessanss,,aeg,,,
varasuvi,,aeg,,,
varasügis,,aeg,,,
varatalv,,aeg,,,
varavõitu,,aeg,,,
varaõhtu,,aeg,,,
varaühisus,,,seisund,,
Varbla,koht,,,,
Varbola,koht,,,,
Vardar,koht,,,,
Vardi,koht,,,,
vare,koht,,,,in_omadus
varemed,koht,,,,
Varesesaar,koht,,,,
vargapesa,koht,,,,ese_instru
vargusjuht,,,,sündmus,
vargusjuhtum,,,,sündmus,
varguslugu,,,,sündmus,
vari,koht,,seisund,,"abstr, abstr/konkr, ese, ese_instru, esitus_kujutis, in_müt, nähtus_loodus, toit"
varietee,koht,,,sündmus,
varieteekava,,,,sündmus,
varieteeprogramm,,,,sündmus,
varieteeteater,koht,,,,
variettevõte,koht,,,,
varifirma,koht,,,,
varikatus,koht,,,,
varikoos,,,seisund,,
Variku,koht,,,,
varikäik,koht,,,,
varing,,,,sündmus,
varisein,koht,,,,
varisõda,,,,sündmus,
varitekk,koht,,,,
varitsus,koht,,,sündmus,"in_roll, tegevus"
varitsuskoht,koht,,,,
varitsusonn,koht,,,,
varitsuspaik,koht,,,,
varjamine,,,seisund,,tegevus
varjend,koht,,,,
varjuaed,koht,,,,
varjualune,koht,,,,
varjude riik,koht,,,,
varjuderiik,koht,,,,
varjukoht,koht,,,,
varjumiskoht,koht,,,,
varjupaik,koht,,,,
varjupoolne,koht,,,,
varjuriik,koht,,,,
varjusadam,koht,,,,
varjusolek,,,seisund,,
varjusurm,,,seisund,,
varjuteater,koht,,,,
Varkaus,koht,,,,
Varna,koht,,,,
Varnja,koht,,,,
varrepõletik,,,seisund,,
varresõlm,koht,,,,"osa, taim"
varroatoos,,,seisund,,
varrud,,,,sündmus,
Varssavi,koht,,,,
varsti,,aeg,,,ADV_aeg
Varstu,koht,,,,
varupink,,,seisund,,
varustamishäire,,,seisund,,
varv,koht,,,,
vasakkaitse,,,seisund,,"in_roll, tegevus"
vasakkallas,koht,,,,
vasakkurv,koht,,,,
vasakpoolsus,,,seisund,,omadus_kval
Vasalemma,koht,,,,
vasallilinnus,koht,,,,
vasallisõltuvus,,,seisund,,
vasallriik,koht,,,,
vasaraheitering,koht,,,,
vasaraheitesektor,koht,,,,
vaseaeg,,aeg,,,
vase-kiviaeg,,aeg,,,
vasemürgistus,,,seisund,,
vasemürgitus,,,seisund,,
vaseveski,koht,,,,
vasikaiga,,aeg,seisund,,
Vaskjala,koht,,,,
Vasknarva,koht,,,,
Vaskrääma,koht,,,,
vaskuliit,,,seisund,,
Vassevere,koht,,,,
vastas,koht,,seisund,,abstr_asend/suund
vastaserakond,koht,,,,
vastaskallas,koht,,,,
vastaskorter,koht,,,,
vastaskülg,koht,,,,
vastasnurk,koht,,,,esitus_kujutis
vastaspartei,koht,,,,
vastaspool,koht,,,,in_omadus
vastassein,koht,,,,
vastasseis,,,seisund,,"abstr, abstr_asend/suund"
vastassuunavöönd,koht,,,,
vastast,koht,,seisund,,
vastasus,,,seisund,,
vastavus,,,seisund,,abstr
Vastemõisa,koht,,,,
vastlad,,aeg,,,
vastlakarneval,,,,sündmus,
vastlakuu,,aeg,,,esitus
vastlapäev,,aeg,,,
vastsejärk,,aeg,,,
Vastse-Kasaritsa,koht,,,,
Vastse-Kuuste,koht,,,,
Vastseliina,koht,,,,
Vastse-Roosa,koht,,,,
vastsestaadium,,aeg,,,
vastsündinuiga,,aeg,,,
vastu,,aeg,,,"abstr, abstr_asend/suund, ADV_seisund"
vastuhakkamine,,,,sündmus,tegevus
vastukülaskäik,,,seisund,,
vastulöök,,,,sündmus,tegevus_tegu
vastunäidustus,,,seisund,,nähtus
vastuolek,,,seisund,,
vastuolu,,,seisund,,
vastupanukolle,koht,,,,
vastupealetung,,,,sündmus,
vastupidavustreening,,,,sündmus,tegevus
vastupidavustrenn,,,,sündmus,tegevus
vastureformatsioon,,,,sündmus,
vasturünnak,,,,sündmus,tegevus_tegu
vastuseis,,,seisund,,
vastutaja,koht,,,,in_roll
vastutav hoid,,,seisund,,
vastutus,,,seisund,,"abstr, abstr/konkr"
vastutusala,koht,,,,abstr
vastutusekoorem,,,seisund,,
vastutuskoorem,,,seisund,,
vastuvisiit,,,,sündmus,
vastuvõtja,koht,,,,"ese_instru, in_elukutse, in_roll"
vastuvõtmine,,,,sündmus,"tegevus, tegevus_tegu"
vastuvõtt,,aeg,,sündmus,"nähtus_psühh, tegevus_tegu"
vastuvõtuaeg,,aeg,,,
vastuvõtueksam,,,,sündmus,
vastuvõtukatse,,,,sündmus,
vastuvõtupidu,,,,sündmus,
vastuvõtupunkt,koht,,,,
vastuvõtupäev,,aeg,,,
vastuvõturuum,koht,,,,
vastuvõtusaal,koht,,,,
vastuvõtutseremoonia,,,,sündmus,
vastuvõtutuba,koht,,,,
vastuvõtutund,,aeg,,sündmus,
Vasula,koht,,,,
Vatikan,koht,,,,
Vatla,koht,,,,
Vea,koht,,,,
Veadla,koht,,,,
veatus,,,seisund,,omadus_kval
vebinar,,,,sündmus,
vedaja,koht,,,,"in_müt, in_roll"
vedajafirma,koht,,,,
vedelgaasiterminal,koht,,,,
vedelikukaotus,,,seisund,,
vedelikupuudus,,,seisund,,
vedelus,,,seisund,,
Vedernika,koht,,,,
Vedra,koht,,,,
Vedruka,koht,,,,
Vedu,koht,,,,
veduridepoo,koht,,,,
Vee,koht,,,,
veeala,koht,,,,
veeallikas,koht,,,,
veeavarii,,,,sündmus,
veebikoosolek,,,,sündmus,
veebinar,,,,sündmus,
veebipood,koht,,,,
veebiseminar,,,,sündmus,
veebr,,aeg,,,esitus
veebruar,,aeg,,,esitus
veebruarikuu,,aeg,,,esitus
veebruarirevolutsioon,,,,sündmus,
veed,koht,,,,
veehaare,koht,,,,
veehaud,koht,,,,
veehoidla,koht,,,,
veehorisont,koht,,,,
vee ja leiva peal,,,seisund,,ADV_koht
veejoon,koht,,,,
veejuhe,koht,,,,ese_instru
veejõujaam,koht,,,,esitus
veekahjustus,,,seisund,,
veekalkvel,,,seisund,,ADV_seisund
veekalkvele,,,seisund,,ADV_seisund
veekeskus,koht,,,,
veekiht,koht,,,,materjal/aine
veeklosett,koht,,,,
veekogu,koht,,,,
veekogur,koht,,,,ese_instru
veekõrb,koht,,,,
veelade,koht,,,,
veelahe,koht,,,,abstr
veelase,koht,,,,konkr
veelaud,koht,,,,ese_instru
veeliin,koht,,,,
Veelikse,koht,,,,
veelomp,koht,,,,
veenikomu,,,seisund,,
veenilaiend,,,seisund,,
veenipõletik,,,seisund,,
veepark,koht,,,,
veepiir,koht,,,,
veepind,koht,,,,
veepuhastusjaam,koht,,,,
veepuhastustiik,koht,,,,
veepuudus,,,seisund,,
veer,koht,aeg,seisund,,"ese_anum, ese_instru, VERB_muutus"
veerada,koht,,,,
veerand,,aeg,,,"esitus_arv, nähtus_loodus"
veerandaasta,,aeg,,,esitus
veerandaeg,,aeg,,,
veerandfinaalmäng,,,,sündmus,
veerandfinaalseeria,,,,sündmus,
veerandmiil,koht,,,,esitus_mõõt
veerandsajand,,aeg,,,
veerandtund,,aeg,,,
Veere,koht,,,,
Veeremäe,koht,,,,
veeremängurada,koht,,,,
veeremängutee,koht,,,,
Veerenni,koht,,,,
veererada,koht,,,,
veerest,koht,,,,ADV_koht
Veeriku,koht,,,,
veeris,koht,,,,materjal/aine
Veerksu,koht,,,,
veermaht,koht,,,,
veesilm,koht,,,,
veesoon,koht,,,,
veestik,koht,,,,
veesurm,,,,sündmus,tegevus_tegu
veesõda,,,,sündmus,tegevus
veetee,koht,,,,
veetorn,koht,,,,
veetornelamu,koht,,,,
veetõbi,,,seisund,,
veetõke,koht,,,,materjal/aine
veeuputus,,,seisund,sündmus,nähtus_loodus
Veevalaja,koht,,,,"esitus_kujutis, in_omadus, objekt_loodus_tähtkuju"
veevarustus,,,seisund,,
veeviimar,koht,,,,
veevõrk,koht,,,,
veeõnnetus,,,,sündmus,
veeälevil,,,seisund,,ADV_seisund
veeälevile,,,seisund,,ADV_seisund
veganikohvik,koht,,,,
veganirestoran,koht,,,,
vegankohvik,koht,,,,
veganrestoran,koht,,,,
vegetatsiooniaeg,,aeg,,,
vegetatsiooniperiood,,aeg,,,
Vehendi,koht,,,,
vehklemisrada,koht,,,sündmus,tegevus
Veia,koht,,,,
Veibri,koht,,,,
veiniaed,koht,,,,
veinibaar,koht,,,,
veiniistandus,koht,,,,
veinikelder,koht,,,,
veinimaa,koht,,,,
veinimaja,koht,,,,
veinimõis,koht,,,,
veinirestoran,koht,,,,
veinituba,koht,,,,
veiniõhtu,,,,sündmus,
veiseröögatus,,,seisund,,
Veisjärv,koht,,,,
Veisjärve,koht,,,,
veistehullus,,,seisund,,
vekslimaakler,koht,,,,in_elukutse
vekslitähtaeg,,aeg,,,
vektorväli,koht,,,,
Velikaja,koht,,,,
Velikije Luki,koht,,,,
Veliki Novgorod,koht,,,,
Velise,koht,,,,
Velisemõisa,koht,,,,
Velise-Nõlva,koht,,,,
Velje,koht,,,,
Veljesto,koht,,,,
Vellavere,koht,,,,
Velna,koht,,,,
velodroom,koht,,,,
velotrekk,koht,,,,
velotuur,,,,sündmus,
velskripunkt,koht,,,,
Veltsa,koht,,,,
Veltsi,koht,,,,
vend,,aeg,,,"abstr/konkr, inimene, in_rahvas, in_roll, in_sugulane"
Vendée,koht,,,,
Vendise,koht,,,,
vendium,,aeg,,,
Vene,koht,,,,
Vene aeg,,aeg,,,
Vene Ameerika,koht,,,,
Veneetsia,koht,,,,
Venekuusiku,koht,,,,
Veneküla,koht,,,,
Venemaa,koht,,,,
Veneoja,koht,,,,
Vene okupatsioon,,,,sündmus,
Venezia,koht,,,,
Venezuela,koht,,,,
Veneto,koht,,,,
Venetsueela,koht,,,,
Vene Turkestan,koht,,,,
Venevere,koht,,,,
Vene värk,,,seisund,,
venia legendi,,,,sündmus,
venitus,,,seisund,,"nähtus_füüs, tegevus_tegu"
venitusarm,,,seisund,,
vennashaud,koht,,,,
vennaskalm,koht,,,,
vennaskalmistu,koht,,,,
vennastus,,,,sündmus,tegevus
vennastuspidu,,,,sündmus,
vennasvabariik,koht,,,,
vennatapusõda,,,,sündmus,tegevus_tegu
Vennati,koht,,,,
Venta,koht,,,,
ventilatsiooniava,koht,,,,
ventilatsioonikorsten,koht,,,,
ventilatsioonilõõr,koht,,,,ese_instru
ventilatsioonišaht,koht,,,,
Ventspils,koht,,,,
veoettevõte,koht,,,,
veofirma,koht,,,,
veokaugus,koht,,,,
veondusettevõte,koht,,,,
veondusfirma,koht,,,,
veostrekk,koht,,,,
veoäri,koht,,,,
Vepsa kõrgustik,koht,,,,
Vepsamaa,koht,,,,
veranda,koht,,,,
Verdun,koht,,,,
verehaigus,,,seisund,,
verehüüve,,,seisund,,materjal/aine
verejooks,,,seisund,,nähtus_füüs
verekaotus,,,seisund,,
verekeskus,koht,,,,
verekusemine,,,seisund,,
verekämp,,,seisund,,
vereköhimine,,,seisund,,
verel,,,seisund,,
verele,,,seisund,,
veremürgistus,,,seisund,,
veremürgitus,,,seisund,,
verepais,,,seisund,,
vererada,koht,,,,
veresoonkasvaja,,,seisund,,
vereteenistus,koht,,,,tegevus
veretegu,,,,sündmus,
Veretinä,koht,,,,
veretung,,,seisund,,
verevaesus,,,seisund,,omadus_kval
verevalandus,,,seisund,,
Verevi,koht,,,,
verevähk,,,seisund,,
vereülekandejaam,koht,,,,
verf,koht,,,,
Vergi,koht,,,,
Verhneudinsk,koht,,,,
Verhojansk,koht,,,,
Verhoviina,koht,,,,
Verhulitsa,koht,,,,
Verijärve,koht,,,,
veri keeb,,,seisund,,
verikoeranael,,,seisund,,
verikomu,,,seisund,,
verikusesus,,,seisund,,
veriköha,,,seisund,,
Verilaske,koht,,,,
veriliha,,,seisund,,
verimuhk,,,seisund,,
verine kõhutõbi,,,seisund,,
veriokse,,,seisund,,
Veriora,koht,,,,
Verioramõisa,koht,,,,
verirind,,,seisund,,
veriroe,,,seisund,,
veritsus,,,seisund,,
veritsustõbi,,,seisund,,
veritähnus,,,seisund,,
verivill,,,seisund,,
Vermont,koht,,,,
vernissaaž,,,,sündmus,
Vernõi,koht,,,,
Verona,koht,,,,
Versailles,koht,,,,
verseng,koht,,,,
Verska,koht,,,,
verstapost,,,,sündmus,
vertiigo,,,seisund,,
vertikaal,koht,,,,"abstr_asend/suund, esitus_kujutis, omadus_füüs"
vertikaalasend,,,seisund,,abstr_asend/suund
vertikaalne,koht,,,,omadus_füüs
vesi,koht,,,,"materjal/aine, nähtus_loodus"
vesiehitis,koht,,,,
vesiikul,koht,,,,kehaosa
vesikaar,koht,,,,
vesikest,koht,,,,kehaosa
vesikiht,koht,,,,
vesiklosett,koht,,,,
vesikond,koht,,,,
vesikõht,,,seisund,,
vesikäimla,koht,,,,
vesiliiges,,,seisund,,
vesilinnus,koht,,,,
vesiliug,,,seisund,,
vesinikutankla,koht,,,,
vesipea,,,seisund,,"in_omadus, kehaosa"
vesirakk,,,seisund,,
vesiravila,koht,,,,
vesirind,,,seisund,,
vesisong,,,seisund,,
vesistu,koht,,,,
vesitõbi,,,seisund,,
vesitõke,koht,,,,
vesivagu,koht,,,,
vesivarustus,,,seisund,,
vesiveski,koht,,,,
vesi veskile,,,seisund,,
vesivill,,,seisund,,
Veske,koht,,,,
Veski,koht,,,,
veski,koht,,,,ese_instru
Veskiaru,koht,,,,
Veskijärv,koht,,,,
veskijärv,koht,,,,
veskikivina kaelas,,,seisund,,
veskikoda,koht,,,,
veskikoht,koht,,,,
Veskiküla,koht,,,,
veskilagi,koht,,,,
Veskimetsa,koht,,,,
Veskimäe,koht,,,,
veskipais,koht,,,,
Veskisoo,koht,,,,
Veskitaguse,koht,,,,
veskitalu,koht,,,,
veskitamm,koht,,,,
veskitiik,koht,,,,
Vesneri,koht,,,,
vesper,,,,sündmus,"ese_kunst, tegevus"
Veszprém,koht,,,,
vest,koht,,,,"ese_raha, ese_riie"
Vestfaal,koht,,,,
vestibüül,koht,,,,
Vestla,koht,,,,
vestluskursus,,,,sündmus,
vestlusohjad,,,seisund,,
vestlusring,,,,sündmus,tegevus
vestlusõhtu,,,,sündmus,
Vesuuv,koht,,,,
vetelpäästejaam,koht,,,,
vetelpäästepost,koht,,,,
vetelpäästepunkt,koht,,,,
vetelpäästeteenistus,koht,,,,
vetelpäästeühing,koht,,,,
Vetepere,koht,,,,
veteranipäev,,aeg,,,
veterinaarapteek,koht,,,,
veterinaarasutus,koht,,,,
Vetiku,koht,,,,
Vetla,koht,,,,
Vetluga,koht,,,,
vets,koht,,,,
vettesünnitus,,,,sündmus,
vh,koht,,,,
via crucis,koht,,,sündmus,
via dolorosa,koht,,,sündmus,
viadukt,koht,,,,
Viangchan,koht,,,,
Viborg,koht,,,,
vibratsioontõbi,,,seisund,,
vibulaskevõistlus,,,,sündmus,
vibulaskmisvõistlus,,,,sündmus,
viburada,koht,,,,
Vichy,koht,,,,
Viciebsk,koht,,,,
Victoria,koht,,,,taim
Victoria järv,koht,,,,
videodisko,,,,sündmus,
videokonverents,,,,sündmus,
videokoosolek,,,,sündmus,
videvik,,aeg,seisund,,
videvikpimesus,,,seisund,,
videvikuaeg,,aeg,seisund,,
videvikutund,,aeg,seisund,,
Vidrike,koht,,,,
Vidruka,koht,,,,
Vidzeme,koht,,,,
vidukil,,,seisund,,
vidus,,aeg,seisund,,
Vientiane,koht,,,,
Vientjan,koht,,,,
Vietnam,koht,,,,
Vietnami sõda,,,,sündmus,
viga,,,seisund,,"abstr/konkr, esitus_mõõt, omadus, tegevus"
Vigala,koht,,,,
Vigala-Vanamõisa,koht,,,,
vigastuspaus,,aeg,seisund,,
vigiil,,,,sündmus,in_roll
vigiilia,,,,sündmus,in_elukutse
Vigo,koht,,,,
vigurmarss,,,,sündmus,tegevus
vigvam,koht,,,,
viha,,,seisund,,"nähtus, nähtus_psühh, omadus"
vihakuritegu,,,,sündmus,
vihasaun,koht,,,,
Vihasoo,koht,,,,
Vihavu,koht,,,,
Vihi,koht,,,,
Vihkla,koht,,,,
vihmaaeg,,aeg,,,
vihmakuu,,aeg,,,
vihmamets,koht,,,,taim
vihmapaus,,aeg,,,
vihmapeenar,koht,,,,
vihmaperiood,,aeg,,,
vihmapüha,,,,sündmus,
vihmauure,koht,,,,
vihmavari,koht,,seisund,,"abstr, ese_instru"
Vihterpalu,koht,,,,
vihtlemissaun,koht,,,,
Vihtra,koht,,,,
Vihula,koht,,,,
vihusaun,koht,,,,
viibeaeg,,aeg,,,
viibimisaeg,,aeg,,,
Viiburi,koht,,,,
viidas,koht,,,,
viide,,aeg,,,"esitus, esitus_tähis, tegevus, tegevus_kõnetegu"
Viidike,koht,,,,
viidipäev,,aeg,,,
Viidu,koht,,,,
Viidumäe,koht,,,,
Viidu-Mäebe,koht,,,,
viiekümnendad,,aeg,,,
viiepäevakoht,koht,,,,
viies aastaaeg,,aeg,,,nähtus_loodus
viietärnihotell,koht,,,,
viievõistlus,,,,sündmus,vald
viigiseis,,,seisund,,
viik,koht,,seisund,,"ese_instru, ese_riie, taim, tegevus, toit_vili"
viikingiaeg,,aeg,,,
viil,koht,,,,"ese_instru, esitus_kujutis, in_omadus, osa, toit"
viilhall,koht,,,,
viilkatus,koht,,,,
Viilupi,koht,,,,
viiluväli,koht,,,,
viimane,koht,aeg,,,"objekt, omadus, omadus_kval"
viimane piisk karikas,,,seisund,,
viimane piisk karikasse,,,seisund,,
viimane tilk karikas,,,seisund,,
viimane tilk karikasse,,,seisund,,
viimane uni,,,seisund,,abstr
viimase koolikella päev,,aeg,,,
viimase tuhande peal,,,seisund,,
viimase veerandi peal,,,seisund,,
viimistlematus,,,seisund,,
viimistletus,,,seisund,,
viimne kohtupäev,,aeg,,,
viimnepäev,,aeg,,,
viimsele teekonnale saatma,,,,sündmus,
viimsele teele saatma,,,,sündmus,
viimsepäevakohus,,,,sündmus,
Viimsi,koht,,,,
Viimsi poolsaar,koht,,,,
Viin,koht,,,,
viinaaur,,,seisund,,nähtus_füüs
viinakelder,koht,,,,
viinakoda,koht,,,,
viinakuu,,aeg,,,esitus
viinaköök,koht,,,,
viinamarjaaed,koht,,,,
viinamarjaistandus,koht,,,,
viinamarjapõld,koht,,,,
viinamarjaväli,koht,,,,
viinamonopol,koht,,,,abstr
viinamägi,koht,,,,
viinapood,koht,,,,
viinapuuaed,koht,,,,
viinapuupõld,koht,,,,
viinasurm,,,,sündmus,tegevus_tegu
viinatööstus,koht,,,,vald
viinauim,,,seisund,,
viinauni,,,seisund,,
viinavabrik,koht,,,,
viinaväsimus,,,seisund,,
Viinistu,koht,,,,
Viira,koht,,,,
Viirapalu,koht,,,,
Viiratsi,koht,,,,
Viirelaid,koht,,,,
viirg,,,seisund,,"esitus_kujutis, grupp, konkr, nähtus_psühh"
Viiri,koht,,,,
viirik,koht,,,,"omadus_füüs, omadus_füüs_värv"
viirusekandlus,,,seisund,,
viirushaigus,,,seisund,,
viirushepatiit,,,seisund,,
viirusinfektsioon,,,seisund,,
viiruskandlus,,,seisund,,
viirusnakkus,,,seisund,,
viis,,aeg,,,"abstr, abstr/konkr, ese_kunst, esitus, esitus_arv, konkr, nähtus_füüs, omadus_kval"
viisaastak,,aeg,,,
viisakeeld,,,,sündmus,
viisakusvisiit,,,,sündmus,
viisaruum,koht,,,,abstr
Viisireiu,koht,,,,
Viisli,koht,,,,
viispäevak,,aeg,,,
viisteist,,aeg,,,"esitus_arv, omadus"
Viisu,koht,,,,
Viisuküla,koht,,,,
Viita,koht,,,,
viitaeg,,aeg,,,
Viitasoo,koht,,,,
Viiterna,koht,,,,
Viitina,koht,,,,
Viitka,koht,,,,
Viitna,koht,,,,
viitsimatus,,,seisund,,
viiuliklass,koht,,,,
viiulikontsert,,,,sündmus,ese_kunst
viiv,,aeg,,,
viive,,aeg,,,
Viivikonna,koht,,,,
viivitus,,aeg,,,
viivitusaeg,,aeg,,,
viivuke,,aeg,,,
viivukene,,aeg,,,
vikariaat,koht,,,,abstr/konkr
vikerkestapõletik,,,seisund,,
Viki,koht,,,,
Vikipalu,koht,,,,
vikkel,koht,,,,esitus_kujutis
vikkelkuppel,koht,,,,
viktoriin,,,,sündmus,
Vila,koht,,,,
vilajett,koht,,,,
Vilama,koht,,,,
Vilaski,koht,,,,
vildakselgsus,,,seisund,,
viletsus,,,seisund,,omadus
viletsusepäevad,,aeg,seisund,,
viletsuspäevad,,aeg,seisund,,
Vilidu,koht,,,,
Viliksaarõ,koht,,,,
Vilima,koht,,,,
Vilimeeste,koht,,,,
Vilina,koht,,,,
Vilistimaa,koht,,,,
Vilita,koht,,,,
Vilivalla,koht,,,,
Vilivere,koht,,,,
vilja-aasta,,aeg,,,
viljaait,koht,,,,
viljabörs,koht,,,,
viljaelevaator,koht,,,,
viljahoidla,koht,,,,
viljakandeiga,,aeg,,,
viljakandeperiood,,aeg,,,
Viljakas Poolkuu,koht,,,,
viljakuivati,koht,,,,ese_instru
viljakustervis,,,seisund,,
viljamaa,koht,,,,
Viljandi,koht,,,,
Viljandi järv,koht,,,,
Viljandimaa,koht,,,,
Viljandi maakond,koht,,,,
viljapuuaed,koht,,,,
viljapuuistandik,koht,,,,
viljapuu-juurevähk,,,seisund,,
viljapõld,koht,,,,
viljasalv,koht,,,,ese_anum
viljaveski,koht,,,,ese_instru
viljaväli,koht,,,,
viljelusmaa,koht,,,,
Viljui,koht,,,,
vilk,,aeg,,,"materjal/aine, nähtus_füüs"
Vilkla,koht,,,,
vill,,,seisund,,"loom, materjal/aine, taim"
Villa,koht,,,,
villa,koht,,,,
Villakvere,koht,,,,
Villamaa,koht,,,,
Villandi,koht,,,,
villavabrik,koht,,,,
Villavere,koht,,,,
villaveski,koht,,,,
Villemi,koht,,,,
Villevere,koht,,,,
villik,,,seisund,,
Villike,koht,,,,
villtõbi,,,seisund,,
villu,,,seisund,,
Vilnius,koht,,,,
Vilo,koht,,,,
Vilsandi,koht,,,,
Vilta,koht,,,,
Viltina,koht,,,,
viltrooste,,,seisund,,
viltuminek,,,seisund,,
viltuvedamine,,,seisund,,
vilu,,,seisund,,omadus_füüs
Vilumäe,koht,,,,
vilus,,,seisund,,
Vilusi,koht,,,,
Vilussaare,koht,,,,
Viluste,koht,,,,
viluvari,koht,,,,
Viluvere,koht,,,,
vimperg,koht,,,,osa
vinanohu,,,seisund,,
Vindavi,koht,,,,
vine,,,seisund,,nähtus_füüs
vingumürgistus,,,seisund,,
vingumürgitus,,,seisund,,
vinklis,,,seisund,,"ADV_seisund, omadus_füüs"
vinn,,,seisund,,ese_instru
vinnastus,,,seisund,,tegevus
Vinni,koht,,,,
vinnid,,,seisund,,
Vinnitsa,koht,,,,
vinnlööve,,,seisund,,
vinntõbi,,,seisund,,
Vinnõtsja,koht,,,,
vinoteek,koht,,,,
Vinski,koht,,,,
Vinso,koht,,,,
Vintri,koht,,,,
Vintse,koht,,,,
vintskap,koht,,,,ese_instru
vintskapaken,koht,,,,
vintsutus,,,seisund,,
viraaž,koht,,seisund,,"tegevus_muutus, tegevus_tegu"
Viraksaare,koht,,,,
virelus,,,seisund,,
virg,koht,,,,
virgeaeg,,aeg,,,
virgestusala,koht,,,,
Virginia,koht,,,,
virgmärk,koht,,,,
virgumine,,,seisund,,tegevus
virilism,,,seisund,,
virilus,,,seisund,,
Virita,koht,,,,
Virla,koht,,,,
Viro,koht,,,,
viroos,,,seisund,,
virtsaauk,koht,,,,
virtsahoidla,koht,,,,
virtsakaev,koht,,,,
Virtsu,koht,,,,
virtuaalbüroo,koht,,,,
virtuaalkontor,koht,,,,
virtuaalköök,koht,,,,
virtuaalmaailm,koht,,,,
Viru,koht,,,,omadus_koht
Viru-Jaagupi,koht,,,,
Viru-Kabala,koht,,,,
Viruküla,koht,,,,
Virulase,koht,,,,
Virumaa,koht,,,,
Viru maakond,koht,,,,
Virumägi,koht,,,,
Viru-Nigula,koht,,,,
Virunurme,koht,,,,
virus,koht,,,,"ese_semio, organism"
Viruvere,koht,,,,
Viru värav,koht,,,,
Viruvärava mägi,koht,,,,
Virve,koht,,,,
virvendus,,,seisund,,"nähtus_füüs, nähtus_loodus, nähtus_psühh, tegevus"
virvendusarütmia,,,seisund,,
Visaginas,koht,,,,
Visby,koht,,,,
Visegrád,koht,,,,
Visela,koht,,,,
visiidiaeg,,aeg,,,
visiit,,,,sündmus,
visiitabielu,,,seisund,,
visin,,,seisund,,nähtus_füüs
visitatsioon,,,,sündmus,
viskejoon,koht,,,,abstr_asend/suund
viskekoht,koht,,,,
viskepositsioon,koht,,,,
viskevõistlus,,,,sündmus,
Viskla,koht,,,,
Visla,koht,,,,
Vismeistri,koht,,,,
Visnapuu,koht,,,,
Vissi,koht,,,,
Vissuvere,koht,,,,
vistar,,,seisund,,
Vistla,koht,,,,
vistrik,,,seisund,,
Visusti,koht,,,,
vitamiinipuudus,,,seisund,,
vitamiinivaegus,,,seisund,,
Vitebsk,koht,,,,
Viti,koht,,,,
vitiliigo,,,seisund,,
Vitim,koht,,,,
Vitoria-Gasteiz,koht,,,,
vitriinaken,koht,,,,ese_instru
Vitsebsk,koht,,,,
Vitsiku,koht,,,,
Vitsjärve,koht,,,,
vituviha,,,seisund,,
vivaarium,koht,,,,
Vivva,koht,,,,
Vjazma,koht,,,,
Vjatka,koht,,,,
vkj,,aeg,,,
Vladikavkaz,koht,,,,
Vladimir,koht,,,,
Vladimirovka,koht,,,,
Vladimir-Volõnski,koht,,,,
Vladivostok,koht,,,,
Vlorë,koht,,,,
Vltava,koht,,,,
Vodava,koht,,,,
vodevill,,,,sündmus,ese_kunst
Vodi,koht,,,,
Vodja,koht,,,,
Vogeesid,koht,,,,
Vohilaid,koht,,,,
Vohnja,koht,,,,
Voika,koht,,,,
Vojvodina,koht,,,,
Voka,koht,,,,
Voki,koht,,,,
Voki-Tamme,koht,,,,
volber,,aeg,,sündmus,
volbripäev,,aeg,,,
volbriöö,,aeg,,sündmus,
Voldi,koht,,,,
Volga,koht,,,,
Volgograd,koht,,,,
Volhov,koht,,,,
Volmari,koht,,,,
Volodõmõr,koht,,,,
Volodõmõr-Volõnskõi,koht,,,,
Vologda,koht,,,,
volt,koht,,,,"ese_riie, esitus_mõõt, objekt, tegevus"
Volta,koht,,,,
Voltveti,koht,,,,
Volõõnia,koht,,,,
vomm,koht,,,,
vooder,koht,,,,"ese_riie, materjal/aine, tegevus"
vooderdis,koht,,,,"materjal/aine, tegevus"
voodialune,koht,,,,omadus_koht
voodiase,koht,,,,ese_instru
voodikoht,koht,,,,
voodimärgamine,,,seisund,,
voodinurk,koht,,,,ese_instru
voodipäev,,aeg,,,
voodrivahe,koht,,,,
voolmed,,,seisund,,ese_instru
voolmevalu,,,seisund,,
voolujoom,koht,,,,
voolukatkestus,,,,sündmus,
voolukoht,koht,,,,
voolunõva,koht,,,,
voolusäng,koht,,,,
voolutarbija,koht,,,,in_roll
vooluveekogu,koht,,,,
voor,,,,sündmus,"ese_instru, inimene, nähtus_loodus, tegevus"
Voorbahi,koht,,,,
Voore,koht,,,,
Vooreküla,koht,,,,
Vooremaa,koht,,,,
vooremaastik,koht,,,,
Voorepalu,koht,,,,
Voorepera,koht,,,,
Vooru,koht,,,,
Voose,koht,,,,
Voosi kurk,koht,,,,
Vorbuse,koht,,,,
Vorkuta,koht,,,,
vorm,,,seisund,,"abstr, abstr/konkr, ese_anum, ese_riie, ese_semio, esitus_keel, esitus_kujutis, kehaosa, konkr, omadus_füüs, taim, toit"
vormelisõit,,,,sündmus,"tegevus, vald"
vormist väljas,,,seisund,,
Vormsi,koht,,,,
Voronež,koht,,,,
Voronja,koht,,,,
Voropi,koht,,,,
Vorošilovgrad,koht,,,,
Vorošilovsk,koht,,,,
vorp,koht,,,,
Vorpommern,koht,,,,
Vorsti,koht,,,,
Vorstimäe,koht,,,,
vorstitsehh,koht,,,,
vorstivabrik,koht,,,,abstr
vuajerism,,,seisund,,
vulkaanijärv,koht,,,,
vulkaanikraater,koht,,,,
vulkaanipurse,,,,sündmus,
vulkaanisaar,koht,,,,
vulkanoid,koht,,,,
vulva,koht,,,,kehaosa
vundamendiauk,koht,,,,
vundamendikraav,koht,,,,
vundamendisüvend,koht,,,,
vundament,koht,,,,abstr/konkr
Vungi,koht,,,,
Vuoksi,koht,,,,
Vuti,koht,,,,
vutimuru,koht,,,,
vuugivahe,koht,,,,
vuuk,koht,,,,
võbin,,,seisund,,"nähtus_füüs, nähtus_psühh"
võdin,,,seisund,,"nähtus_füüs, nähtus_psühh"
Võduvere,koht,,,,
Võerdla,koht,,,,
Võeva,koht,,,,
Võhandu,koht,,,,
Võhandu jõgi,koht,,,,
Võhma,koht,,,,
Võhmanõmme,koht,,,,
võhmas,koht,,,,
Võhmassaare,koht,,,,
Võhmetu,koht,,,,
Võhmuta,koht,,,,
Võhu,koht,,,,
Võiardi,koht,,,,
Võibla,koht,,,,
Võide,koht,,,,
Võidivere,koht,,,,
Võidu,koht,,,,
võiduaeg,,aeg,,,
võidukaar,koht,,,,
Võidula,koht,,,,
võidulootus,,,seisund,,
võidumees,koht,,,,in_omadus
võidupärg,,,,sündmus,ese
võidupüha,,aeg,,,
võiduseeria,,,,sündmus,
võiduseis,,,seisund,,
võidusoon,,,seisund,,
võidusõidurada,koht,,,,
võidusõit,,,,sündmus,
võiduvärav,koht,,,,tegevus
Võiera,koht,,,,
Võigaste,koht,,,,
Võika,koht,,,,
Võikvere,koht,,,,
Võiküla,koht,,,,
Võilaid,koht,,,,
võim,koht,,,,"abstr, in_roll, omadus_kval, omadus_psühh"
võimaluste aken,,aeg,,,
võimeteproov,,,,sündmus,tegevus
võimla,koht,,,,
võimlemispidu,,,,sündmus,
võimlemistund,,,,sündmus,
võimuaparaat,koht,,,,in_roll
võimukriis,,,seisund,sündmus,
võimukõnelused,,,,sündmus,tegevus_kõnetegu
võimulepääs,,,,sündmus,
võimuletulek,,,,sündmus,
võimulolek,,,seisund,,
võimuläbirääkimised,,,,sündmus,tegevus_kõnetegu
võimuohjad,,,seisund,,abstr/konkr
võimuorgan,koht,,,,inimene
võimupiirkond,koht,,,,
võimupositsioon,,,seisund,,
võimutüüri juures,,,seisund,,
võimuvaakum,,,seisund,,
võimuvahetus,,,,sündmus,
võinädal,,aeg,,,
Võipere,koht,,,,
Võisiku,koht,,,,
Võiste,koht,,,,
võistkonnavõistlus,,,,sündmus,
võistlemine,,,,sündmus,tegevus
võistlus,,,,sündmus,nähtus
võistlusdistants,koht,,,,
võistluseksam,,,,sündmus,
võistlushooaeg,,aeg,,,
võistluskalender,,aeg,,,abstr/konkr
võistluskontsert,,,,sündmus,
võistlusmaa,koht,,,,
võistlusmäng,,,,sündmus,
võistlusnärv,,,seisund,,omadus_psühh
võistluspaik,koht,,,,
võistluspaus,,aeg,seisund,,
võistluspinge,,,seisund,,nähtus_psühh
võistluspäev,,aeg,,,
võistlusrada,koht,,,,
võistlusreis,,,,sündmus,tegevus
võistlustrass,koht,,,,
Võistre,koht,,,,
võistulaulmine,,,,sündmus,tegevus
võistumängimine,,,,sündmus,tegevus
võistutantsimine,,,,sündmus,
võit,,,,sündmus,"abstr/konkr, ese, ese_raha, nähtus, tegevus"
võitja,koht,,,,in_omadus
võitlus,,,,sündmus,tegevus
võitlusmäng,,,,sündmus,
võitlusväli,koht,,,,abstr
Võitra,koht,,,,
võitööstus,koht,,,,
Võivaku,koht,,,,
Võivere,koht,,,,
võlaandja,koht,,,,in_omadus
võlakeeris,,,seisund,,
võlakriis,,,,sündmus,
võlanõudja,koht,,,,in_elukutse
võlatähtaeg,,aeg,,,
võlatähtpäev,,aeg,,,
võlausaldaja,koht,,,,in_omadus
võlavangistus,,,seisund,,
võlavangla,koht,,,,
Võle,koht,,,,
Võlla,koht,,,,
Võlle,koht,,,,
Võlli,koht,,,,
Võllinge,koht,,,,
Võlsi,koht,,,,
võluloss,koht,,,,
võlumaa,koht,,,,
võlumaailm,koht,,,,
võlv,koht,,,,kehaosa
võlvialune,koht,,,,omadus_koht
võlvik,koht,,,,
võlvipealne,koht,,,,omadus_koht
võlvisiil,koht,,,,
võlvistik,koht,,,,
võlvitis,koht,,,,
võlvkaar,koht,,,,
võlvkelder,koht,,,,
võlvkäik,koht,,,,
võlvlagi,koht,,,,
võmm,koht,,,,"in_elukutse, tegevus_tegu"
Võmmorski,koht,,,,
võnkeperiood,,aeg,,,
Võnnu,koht,,,,
Võnnu lahing,,,,sündmus,
Võntküla,koht,,,,
võplus,,,seisund,,
Võpolsova,koht,,,,
võpsik,koht,,,,taim
võrdpäevsus,,aeg,,,
võrdväärsus,,,seisund,,
võrdõigus,,,seisund,,
võrdõiguslikkus,,,seisund,,
võrdõiguslus,,,seisund,,
võrendik,koht,,,,
võreng,koht,,,,
võrepuur,koht,,,,ese_instru
Võrevere,koht,,,,
võrguaed,koht,,,,
võrgukuur,koht,,,,
võrgumaja,koht,,,,
võrgustik,koht,,,,"abstr/konkr, ese_semio, inimene"
võrk,koht,,,,"abstr/konkr, ese_instru, ese_riie, inimene, materjal/aine, nähtus_loodus, tegevus_mäng"
võrkkestapõletik,,,seisund,,
Võrkla,koht,,,,
võrklaiksus,,,seisund,,
võrkpalliklubi,koht,,,,in_tegija
võrkpalliplats,koht,,,,
võrkpalliväljak,koht,,,,
Võrnu,koht,,,,
Võro,koht,,,,
Võrsna,koht,,,,
Võrtsjärv,koht,,,,
Võru,koht,,,,
võru,koht,,,,"ese_instru, esitus_kujutis"
Võruküla,koht,,,,
Võrumaa,koht,,,,
Võru maakond,koht,,,,
Võrumõisa,koht,,,,
Võrungi,koht,,,,
Võrusoo,koht,,,,
võsa,koht,,,,taim
võsaalune,koht,,,,omadus
võsamaa,koht,,,,
võsandik,koht,,,,taim
võsapõleng,,,,sündmus,
võsastik,koht,,,,taim
võserik,koht,,,,taim
võsik,koht,,,,taim
Võsivere,koht,,,,
Võssotsk,koht,,,,
Võsu,koht,,,,
Võsupere,koht,,,,
Võtikvere,koht,,,,
võtmeala,koht,,,,vald
võtmeauk,koht,,,,
võtmekoht,koht,,seisund,,
võtmemäng,,,,sündmus,
võtmeosariik,koht,,,,
võtmepositsioon,,,seisund,,
Võtšegda,koht,,,,
võtteaeg,,aeg,,,
võttepaik,koht,,,,
võttepaviljon,koht,,,,
võtteplats,koht,,,,
võttepunkt,koht,,,,
Võuküla,koht,,,,
Võõbu,koht,,,,
Võõlastõ,koht,,,,
Võõpste,koht,,,,
Võõpsu,koht,,,,
võõrandamatus,,,seisund,,omadus_kval
võõrastemaja,koht,,,,
võõrastetuba,koht,,,,
võõrikjõgi,koht,,,,
võõrriik,koht,,,,
võõrsilmäng,,,,sündmus,
võõrusele,koht,,,,ADV_koht
võõrusetendus,,,,sündmus,tegevus
võõruspidu,,,,sündmus,
võõrutusnäht,,,seisund,,nähtus
väeleer,koht,,,,"grupp, in_roll"
väeliin,koht,,,,tegevus
väeosa,koht,,,,in_roll
väerind,koht,,,,tegevus
väerinne,koht,,,,tegevus
väetisehoidla,koht,,,,
väeüksus,koht,,,,
Vägari,koht,,,,
Vägeva,koht,,,,
vägi,koht,,,,"inimene, in_müt, nähtus_loodus, nähtus_psühh, omadus_füüs, omadus_kval, omadus_psühh"
vägivallaaparaat,koht,,,,in_roll
vägivallajuhtum,,,,sündmus,
vägivallapuhang,,,,sündmus,omadus_psühh
vähemus,,,seisund,,"grupp, inimene, kogus, objekt"
vähemusosalus,,,seisund,,
vähemusstress,,,seisund,,
Väheru,koht,,,,
vähesus,,,seisund,,omadus_kval
väheveresus,,,seisund,,
vähieelne seisund,,,seisund,,
vähifond,koht,,,,
vähihaigus,,,seisund,,
vähijõgi,koht,,,,
vähijärv,koht,,,,
vähikasvandus,koht,,,,
vähikatk,,,seisund,,loom
Vähi pöörijoon,koht,,,,
vähirakk,,,seisund,,
vähisiire,,,seisund,,
vähisurm,,,,sündmus,
vähitiik,koht,,,,
Vähk,koht,,,,"esitus_kujutis, in_omadus, objekt_loodus_tähtkuju"
vähk,,,seisund,,"loom, tegevus"
vähkkasvaja,,,seisund,,
vähktõbi,,,seisund,,
Väike-Aasia,koht,,,,
Väike-Ahli,koht,,,,
väikeasula,koht,,,,
Väike-Belt,koht,,,,
väikeelamu,koht,,,,
Väike Emajõgi,koht,,,,
väikeettevõte,koht,,,,
väikefirma,koht,,,,
Väikeheinamaa,koht,,,,
väikehoone,koht,,,,
Väike-Kamari,koht,,,,
Väike-Kareda,koht,,,,
väikekoht,koht,,,,
väikekool,koht,,,,
väikekraater,koht,,,,
Väike-Kõpu,koht,,,,
Väikeküla,koht,,,,
väikelapseiga,,aeg,,,
väikelastekodu,koht,,,,
väikelaste roseool,,,seisund,,
väikelaut,koht,,,,
Väike-Leedu,koht,,,,
väikelinn,koht,,,,
väikeloomakliinik,koht,,,,
Väike-Lähtru,koht,,,,
väikemaakond,koht,,,,
Väike-Maarja,koht,,,,
väikemajapidamine,koht,,,,
Väike Munamägi,koht,,,,
väikemõis,koht,,,,
Väike-Nõmmküla,koht,,,,
Väike-Pahila,koht,,,,
Väike-Pakri,koht,,,,
väikepartei,koht,,,,
Väike-Pommeri,koht,,,,
väikepood,koht,,,,
Väike-Poola,koht,,,,
Väike-Prangli,koht,,,,
Väike-Pungerja,koht,,,,
Väike-Rahula,koht,,,,
Väike-Rakke,koht,,,,
väikeriik,koht,,,,
Väike-Rootsi,koht,,,,
Väike-Rõsna,koht,,,,
väikesaar,koht,,,,
väikesadam,koht,,,,
Väike-Salatsi,koht,,,,
Väikesed Antillid,koht,,,,
väike skeema,,,seisund,,
väike slämm,,,,sündmus,
väiketalu,koht,,,,
Väike-Tammiku,koht,,,,
väiketarbija,koht,,,,in_roll
väiketööstus,koht,,,,vald
Väike Tütarsaar,koht,,,,
Väike-Ula,koht,,,,
Väike-Valahhia,koht,,,,
Väike-Veerksu,koht,,,,
Väike-Vene,koht,,,,
väikevoor,koht,,,,
Väike-Võhma,koht,,,,
Väike väin,koht,,,,
Väike-Õismäe,koht,,,,
Väiko-Härmä,koht,,,,
Väiko-Serga,koht,,,,
Väiko-Tiilige,koht,,,,
Väiku-Ruuga,koht,,,,
Väiküla,koht,,,,
väil,koht,,,,
Väimela,koht,,,,
Väimela-Tagaküla,koht,,,,
väin,koht,,,,esitus
Väina jõgi,koht,,,,
Väinameri,koht,,,,
Väinjärv,koht,,,,
Väinjärve,koht,,,,
väisang,,,,sündmus,
Väiso,koht,,,,
väitlus,,,,sündmus,tegevus_kõnetegu
Väkra,koht,,,,
Välgi,koht,,,,
Välgita,koht,,,,
välgujälg,,,seisund,,
väli,koht,,,,abstr
välibaas,koht,,,,
välibassein,koht,,,,ese_instru
välihaigla,koht,,,,
välihospidal,koht,,,,
välihospital,koht,,,,
välikatse,,,,sündmus,
välikelder,koht,,,,
välikino,koht,,,sündmus,
välikohus,koht,,,,
välikohvik,koht,,,,
välikäimla,koht,,,,
väliköök,koht,,,,
välilaager,koht,,,sündmus,
välilaatsaret,koht,,,,
välilabor,koht,,,,
välilaboratoorium,koht,,,,
välilahing,,,,sündmus,
välinäitus,,,,sündmus,
välipolitsei,koht,,,,
välisesindus,koht,,,,
välisettevõte,koht,,,,
välisfirma,koht,,,,
Välis-Hebriidid,koht,,,,
välishooaeg,,aeg,,,
välisilm,koht,,,,nähtus_loodus
välisjulgeolek,,,seisund,,
väliskeskkond,koht,,,,
väliskest,koht,,,,nähtus_psühh
väliskunstimuuseum,koht,,,,
väliskõrvapõletik,,,seisund,,
väliskülg,koht,,,,
välislähetus,,,,sündmus,
välismaa,koht,,,,omadus_koht
välismaailm,koht,,,,nähtus_loodus
välismaareis,,,,sündmus,
välisministeerium,koht,,,,
välismissioon,,,,sündmus,tegevus
Välis-Mongoolia,koht,,,,
välisnurk,koht,,,,
välisnäitus,,,,sündmus,
välisoperatsioon,,,,sündmus,
välispank,koht,,,,
välispiir,koht,,,,abstr
välispind,koht,,,,
välispost,koht,,,,
välisrada,koht,,,,
välisreis,,,,sündmus,
välisriik,koht,,,,
välisrõdu,koht,,,,
välissaatkond,koht,,,,
välissadam,koht,,,,
välissein,koht,,,,
välissõit,,,,sündmus,tegevus
välistrepp,koht,,,,
välisujula,koht,,,,
välisveeris,koht,,,,
välisvisiit,,,,sündmus,
välisvooder,koht,,,,
välisväljak,koht,,,,
välisõu,koht,,,,
välisülikool,koht,,,,
väliterrass,koht,,,,
väliujula,koht,,,,
väliõppus,,,,sündmus,
väljaandja,koht,,,,"in_elukutse, in_omadus"
väljaandmine,,,,sündmus,tegevus
väljaanne,,,,sündmus,"ese_semio, esitus_info, tegevus"
väljaaste,koht,,,,"osa, tegevus_tegu"
väljaastumine,,,,sündmus,tegevus
väljak,koht,,,,
väljakaevamised,,,,sündmus,tegevus
väljakuhirm,,,seisund,,
väljakäik,koht,,,,
Väljaküla,koht,,,,
väljalangemine,,,seisund,,
väljalangemismäng,,,,sündmus,tegevus_tegu
väljalangemissõit,,,,sündmus,
väljalangemissüsteem,,,,sündmus,abstr/konkr
väljalangemus,,,seisund,,
väljalangevus,,,seisund,,
väljalangus,,,seisund,,
väljalase,koht,,,,"ese, ese_raha, grupp, inimene, materjal/aine, nähtus_füüs, tegevus, tegevus_tegu"
väljalask,koht,,,,tegevus_tegu
väljalaskeaasta,,aeg,,,
väljalaskja,koht,,,,
väljalennupunkt,koht,,,,
väljamaa,koht,,,,
väljamaksepäev,,aeg,,,
väljamarss,,,,sündmus,tegevus
väljamurre,,,,sündmus,
Väljamõisa,koht,,,,
väljamägi,koht,,,,
väljanäitus,,,,sündmus,
Väljaotsa,koht,,,,
väljapanek,,,,sündmus,"ese, ese_kunst, tegevus_tegu"
väljapeetus,,,seisund,,
väljapääs,koht,,,,"abstr, abstr/konkr"
väljapääsutee,koht,,,,abstr
väljaränd,,,seisund,,"nähtus, tegevus"
väljarändamine,,,seisund,,"nähtus, tegevus"
väljaränne,,,seisund,,"nähtus, nähtus_loodus, tegevus"
väljasopistis,koht,,seisund,,
väljasopistus,koht,,seisund,,
väljasõiduistung,,,,sündmus,
väljasõidukoht,koht,,,,
väljasõit,,,,sündmus,tegevus
Väljataguse,koht,,,,
väljatulek,,,,sündmus,"konkr, materjal/aine"
väljatung,,,,sündmus,
väljauhtekiht,koht,,,,materjal/aine
väljavaade,,,seisund,,abstr
väljavedaja,koht,,,,"ese_instru, in_elukutse, in_roll"
väljaõppelaager,koht,,,,
väljumisaeg,,aeg,,,
väljund,koht,,,,"abstr/konkr, ese_instru, esitus_info, inimene"
väljutusperiood,,aeg,,,
välkkoosolek,,,,sündmus,
välknõupidamine,,,,sündmus,
välkrünnak,,,,sündmus,tegevus_tegu
välkturniir,,,,sündmus,
välkvisiit,,,,sündmus,
välkõppus,,,,sündmus,
Vällamägi,koht,,,,
Vällämägi,koht,,,,
välp,,aeg,,,
Välta,koht,,,,
vältel,,aeg,,,
vältus,,aeg,,,"omadus_aeg, omadus_füüs"
välu,koht,,,,
Väluste,koht,,,,
Vända,koht,,,,
Vändra,koht,,,,
Vändramaa,koht,,,,
Vänern,koht,,,,
Vängla,koht,,,,
Vänni,koht,,,,
vänt,koht,,,,"ese_instru, kehaosa"
väntsutus,,,seisund,,tegevus
Väo,koht,,,,
Värati,koht,,,,
värav,koht,,,sündmus,"abstr, ese, ese_instru"
väravaala,koht,,,,
väravaalune,koht,,,,omadus_koht
väravaava,koht,,,,
väravaesine,koht,,,,omadus_koht
väravahoone,koht,,,,
väravakaar,koht,,,,
väravakäik,koht,,,,
väravamaja,koht,,,,
väravanurk,koht,,,,
väravaputka,koht,,,,
väravasuu,koht,,,,
väravatorn,koht,,,,
väravavõimalus,,,seisund,,
värbamispunkt,koht,,,,
värihalvatus,,,seisund,,
värin,,,seisund,,"nähtus_füüs, nähtus_psühh"
värk,,,seisund,,"ese, nähtus, tegevus"
värkstuba,koht,,,,
Värmland,koht,,,,
Värska,koht,,,,toit_jook
värske õhu mürgitus,,,seisund,,
värskus,,,seisund,,
Värssu,koht,,,,
Värtsilä,koht,,,,
värvikirevus,,,seisund,,omadus_füüs_värv
värvikoda,koht,,,,
värvikus,,,seisund,,"nähtus_psühh, omadus_füüs_värv, omadus_kval"
värviline kliiketendustõbi,,,seisund,,
värviline revolutsioon,,aeg,,sündmus,
värvimiskoda,koht,,,,
värvimistöökoda,koht,,,,
värvipimedus,,,seisund,,
värvipimesus,,,seisund,,
värvipind,koht,,,,
väsimus,,,seisund,,nähtus_füüs
väsimusmurd,,,seisund,,
väss,,,seisund,,omadus_kval
vässu,,,seisund,,omadus_kval
Västerbotten,koht,,,,
Västernorrland,koht,,,,
Västmanland,koht,,,,
Vätse,koht,,,,
Vätta,koht,,,,
Vättern,koht,,,,
Väägvere,koht,,,,
Vääna,koht,,,,
Vääna-Jõesuu,koht,,,,
vääne,,,seisund,,"nähtus, tegevus_tegu"
Väänikvere,koht,,,,
Väänla,koht,,,,
väär,koht,,,,"omadus_kval, omadus_psühh"
väärareng,,,seisund,,
väärasend,,,seisund,,
väärikus,,,seisund,,"abstr, omadus_psühh"
vääriselupaik,koht,,,,
väärlülipuit,,,seisund,,
väärtpaberibörs,koht,,,,
väärtuspäev,,aeg,,,
Väätsa,koht,,,,
väävliallikas,koht,,,,
vöö,koht,,,,"ese_riie, kehaosa, kehaosa_loom"
vööde,koht,,,,kehaosa
vööjoon,koht,,,,"abstr, ese_riie, esitus_kujutis"
vöönd,koht,,,,abstr/konkr
vööndiaeg,,aeg,,,
vööndkaar,koht,,,,
vöörikajut,koht,,,,
vööritekk,koht,,,,
vöörkoda,koht,,,,
vöörpiik,koht,,,,
vöörus,koht,,,,
vöötohatis,,,seisund,,
vöötrada,koht,,,,esitus_kujutis
vöövahe,koht,,,,"kehaosa, tegevus"
vürstiriik,koht,,,,
vürstkond,koht,,,,
Vürtsisaared,koht,,,,
vürtspood,koht,,,,
W,koht,,,,"esitus_keel_täht, esitus_mõõt, materjal/aine"
Wakhani koridor,koht,,,,
Waldorfi kool,koht,,,,
waldorfkool,koht,,,,
Wales,koht,,,,
Wallis ja Futuna,koht,,,,
Walpurgi öö,,aeg,,sündmus,
Warmia-Masuuria,koht,,,,
Warnemünde,koht,,,,
Warta,koht,,,,
Warwick,koht,,,,
Warwickshire,koht,,,,
Washington,koht,,,,
Waterloo,koht,,,,
WC,koht,,,,
WC-duširuum,koht,,,,
WC-vannituba,koht,,,,
Wehrmacht,koht,,,,
Weimar,koht,,,,
Weimari vabariik,koht,,,,
Wellington,koht,,,,
wellness,,,seisund,,
Weser,koht,,,,
Westfalen,koht,,,,
West Island,koht,,,,
Westminster,koht,,,,
Westmorland,koht,,,,
WET,,aeg,,,
Wieliczka,koht,,,,
Wiesbaden,koht,,,,
Wight,koht,,,,
Wilhelmshaven,koht,,,,
Willemstad,koht,,,,
Wilton,koht,,,,
Wiltshire,koht,,,,
Wimbledon,koht,,,,
Winchester,koht,,,,
Windhoek,koht,,,,
Windsor,koht,,,,
Winnipeg,koht,,,,
Winnipegi järv,koht,,,,
win-win,,,seisund,,omadus_kval
Wisconsin,koht,,,,
Wisła,koht,,,,
Wismar,koht,,,,
Wittenberg,koht,,,,
woke,,,seisund,,omadus_psühh
Wollongong,koht,,,,
Wolverhampton,koht,,,,
Worcester,koht,,,,
Worcestershire,koht,,,,
workshop,,,,sündmus,
Worms,koht,,,,
Wrangeli saar,koht,,,,
Wrexham,koht,,,,
Wrocław,koht,,,,
Wuhan,koht,,,,
Wuppertal,koht,,,,
Würzburg,koht,,,,
Württemberg,koht,,,,
Wyoming,koht,,,,
õa,,aeg,,,
õdang,,aeg,,,
õelus,,,seisund,,"in_omadus, loom_omadus, nähtus_psühh, tegevus_kõnetegu"
õendushaigla,koht,,,,
Õepa,koht,,,,
Õeste,koht,,,,
õestuspidu,,,,sündmus,
õgila,koht,,,,
õgurannik,koht,,,,
õgvendus,koht,,,,"abstr/konkr, tegevus_tegu"
Õha,koht,,,,
õhend,koht,,,,
õhetus,,,seisund,,nähtus
õhk,koht,,,,"abstr, materjal/aine, nähtus_füüs, omadus_füüs"
õhkemboolia,,,seisund,,
õhkkond,koht,,seisund,,abstr
õhkkümblus,,,seisund,,tegevus_tegu
õhkmatus,,,,sündmus,
õhkrind,,,seisund,,
õhktopistus,,,seisund,,
õhkvahe,koht,,,,
Õhne jõgi,koht,,,,
õhtu,koht,aeg,,sündmus,"tegevus, toit"
õhtueha,,aeg,,,nähtus_loodus
õhtuhakk,,aeg,,,
õhtuhämar,,aeg,seisund,,omadus_füüs
õhtuhämarik,,aeg,seisund,,
õhtuhämarus,,aeg,seisund,,
õhtujumalateenistus,,,,sündmus,
õhtukaar,koht,,,,
õhtukool,koht,,,,
õhtukuma,,aeg,,,nähtus_loodus
õhtuline,,,,sündmus,toit
õhtumaa,koht,,,,
õhtumissa,,,,sündmus,
õhtupalvus,,,,sündmus,
õhtupime,,,seisund,,
õhtupimedik,,,seisund,,
õhtupimedus,,,seisund,,
õhtupool,,aeg,,,
õhtupoolik,,aeg,,,
õhtupoolis,,,,sündmus,toit
õhtupuna,,aeg,,,nähtus_loodus
õhtusöök,,,,sündmus,"tegevus, toit"
õhtusööm,,,,sündmus,"tegevus, toit"
õhtutund,,aeg,,,
õhtuvidevik,,aeg,seisund,,
Õhu,koht,,,,
õhuauk,koht,,,,nähtus_füüs
õhuava,koht,,,,
õhudessantvägi,koht,,,,
õhuhaigus,,,seisund,,
õhujõud,koht,,,,"grupp, in_elukutse"
õhukaitsevägi,koht,,,,"grupp, in_elukutse"
õhukamber,koht,,,,
õhukatastroof,,,,sündmus,
õhuke rahakott,,,seisund,,omadus_kval
õhuke riik,koht,,,,
õhukoridor,koht,,,,
õhulahing,,,,sündmus,
õhulõõr,koht,,,,ese_instru
õhulöök,,,,sündmus,tegevus_tegu
õhuookean,koht,,,,
õhupuudus,,,seisund,,
õhureis,,,,sündmus,tegevus
õhureostus,,,seisund,,tegevus
õhuruum,koht,,,,
õhurünnak,,,,sündmus,tegevus_tegu
õhusaaste,,,seisund,,tegevus
õhu-show,,,,sündmus,
õhustik,koht,,seisund,,abstr
õhusõda,,,,sündmus,
õhusõiduhaigus,,,seisund,,
õhusõu,,,,sündmus,
õhušõu,,,,sündmus,
õhutee,koht,,,,"kehaosa, tegevus"
õhutunnel,koht,,,,
õhuturbemissioon,,,,sündmus,
õhutus,,,seisund,,"nähtus_psühh, tegevus"
õhutusava,koht,,,,
õhuvahe,koht,,,,
õhuvald,koht,,,,
õhuvann,,,seisund,,tegevus_tegu
õhuvõitlus,,,,sündmus,
õhuvägi,koht,,,,"grupp, in_elukutse"
õhuvärav,koht,,,,
õieaeg,,aeg,,,ADV_aeg
õieehtes,,,seisund,,ADV_viis
õierüü,,,seisund,,
õies,,,seisund,,omadus_psühh
õietolmuallergia,,,seisund,,
õiglane üleminek,,,,sündmus,tegevus
õigus,,,seisund,,"abstr, abstr/konkr, esitus_keel_suhtlus, vald"
õigusbüroo,koht,,,,
õigusemõistja,koht,,,,"in_elukutse, in_roll"
õigusemõistmine,,,,sündmus,"abstr/konkr, tegevus"
õigusinstituut,koht,,,,abstr/konkr
õigusjõud,,,seisund,,omadus_kval
õigusjärglane,koht,,,,in_roll
õiguskaitseorgan,koht,,,,inimene
õigusnõuandla,koht,,,,
õigusorgan,koht,,,,in_roll
õiguspära,,,seisund,,
õiguspärasus,,,seisund,,
õigusriik,koht,,,,
õigusruum,koht,,,,abstr
õigustalitus,koht,,,,
õilmekuu,,aeg,,,
Õismäe,koht,,,,
Õismägi,koht,,,,
Õisu,koht,,,,
õitseaeg,,aeg,seisund,,ADV_aeg
õitsel,,,seisund,,ADV_viis
õitsemisaeg,,aeg,,,ADV_aeg
õitseng,,aeg,seisund,,
Õlatu,koht,,,,
Õlbiku,koht,,,,
Õle,koht,,,,
õlekatus,koht,,,,
õlg,,,seisund,,"ese_riie, kehaosa"
õlgkatus,koht,,,,
õlgmik,koht,,,,ese_instru
Õlimägi,koht,,,,
õlimägi,koht,,,,
õlitase,,,seisund,,omadus_füüs
õlitehas,koht,,,,
õliväli,koht,,,,
õlleaed,koht,,,,
õlleaur,,,seisund,,nähtus_füüs
õllebaar,koht,,,,
õllefestival,,,,sündmus,
õllejanu,,,seisund,,
õllekas,koht,,,,
õllekelder,koht,,,,
õllekiosk,koht,,,,
õllekoda,koht,,,,
õllekõrts,koht,,,,
õlleköök,koht,,,,
õllemaa,koht,,,,
õllepood,koht,,,,
õlleputka,koht,,,,
õllerestoran,koht,,,,
õllesaal,koht,,,,
õllesoe,,,seisund,,omadus
õlletehas,koht,,,,
õlletuba,koht,,,,
õlletööstus,koht,,,,vald
õlleuim,,,seisund,,
õlleviha,,,seisund,,"taim, toit, toit_jook"
õmblus,koht,,,,"ese_riie, esitus_kujutis, kehaosa, tegevus, vald"
õmblusateljee,koht,,,,
õmblusettevõte,koht,,,,
õmbluskool,,,,sündmus,
õmblusvabrik,koht,,,,
õmblusvaru,koht,,,,
õnar,koht,,,,
õnarus,koht,,,,
õndsus,,,seisund,,
õndsuseriik,koht,,,,
Õngu,koht,,,,
õnneaeg,,aeg,,,
õnnejoovastus,,,seisund,,
õnnekaup,,,,sündmus,
õnnemaa,koht,,seisund,,
õnnepõli,,aeg,seisund,,
õnnepõlv,,aeg,seisund,,
õnnepäev,,aeg,,,
õnnesärgis sündinud,,,seisund,,
õnnetund,,aeg,,,
õnnetus,,,,sündmus,
õnnetus ei hüüa tulles,,,seisund,,
õnnetusjuht,,,,sündmus,
õnnetusjuhtum,,,,sündmus,
õnnetuskoht,koht,,,,
õnnetuspaik,koht,,,,
õnnistamispidu,,,,sündmus,
õnnistamispäev,,aeg,,sündmus,
õnnistatud olek,,,seisund,,
õnnistatud seisund,,,seisund,,
õnnis teadmatus,,,seisund,,
õpetajamaja,koht,,,,
õpetajate tuba,koht,,,,
õpetatus,,,seisund,,
õpiaasta,,aeg,,,
õpiaeg,,aeg,,,
õpihuvilaager,,,,sündmus,
õpikeskkond,koht,,,,ese_semio
õpikoda,,,,sündmus,
õpilasakadeemia,koht,,,,
õpilasfirma,koht,,,,
õpilaskodu,koht,,,,
õpilaskontsert,,,,sündmus,
õpilaskonverents,,,,sündmus,
õpinguaasta,,aeg,,,
õpinguaeg,,aeg,,,
õpipoisiaeg,,aeg,,,
õpituba,,,,sündmus,
õpitud abitus,,,seisund,,nähtus
õppeaasta,,aeg,,,
õppeaed,koht,,,,
õppeaeg,,aeg,,,
õppeasutus,koht,,,,
õppebaas,koht,,,,
õppeekskursioon,,,,sündmus,
õppehoone,koht,,,,
õppehäire,,,,sündmus,
õppekabinet,koht,,,,
õppekeskus,koht,,,,
õppeklass,koht,,,,
õppekogunemine,,,,sündmus,
õppekorpus,koht,,,,
õppeköök,koht,,,,
õppelaager,,,,sündmus,
õppelabor,koht,,,,
õppelaskmine,,,,sündmus,tegevus
õppemajand,koht,,,,
õppematk,,,,sündmus,
õppemetskond,koht,,,,
õppenädal,,aeg,,,
õppeosakond,koht,,,,
õppeperiood,,aeg,,,
õppeplats,koht,,,,
õppepolügoon,koht,,,,
õppepoolaasta,,aeg,,,
õppepuhkus,,aeg,,,
õppepäev,,aeg,,sündmus,
õpperaamatukogu,koht,,,,
õpperada,koht,,,,
õppereis,,,,sündmus,tegevus
õpperetk,,,,sündmus,
õpperingkond,koht,,,,
õpperuum,koht,,,,
õppestuudio,koht,,,,
õppetool,koht,,,,
õppetorn,koht,,,,
õppetund,,,,sündmus,nähtus_psühh
õppetöökoda,koht,,,,
õppevaheaeg,,aeg,,,
õppeveerand,,aeg,,,
õppevisiit,,,,sündmus,
õppeväli,koht,,,,
õppeväljak,koht,,,,
õppus,,,,sündmus,
õppused,,,,sündmus,
Õrsava,koht,,,,
Õru,koht,,,,
Õruste,koht,,,,
Õssu,koht,,,,
Õsõk-Köl,koht,,,,
Õsõk-Köli oblast,koht,,,,
õu,koht,,,,inimene
õud,,,,sündmus,"nähtus_psühh, tegevus_tegu"
õudsus,,,seisund,,
õudus,,,,sündmus,"nähtus_psühh, tegevus_tegu"
õuduslugu,,,,sündmus,"ese_semio, tegevus_kõnetegu"
õueaed,koht,,,,ese_instru
õue-aiamaa,koht,,,,
õueala,koht,,,,
õuekohus,koht,,,,
õuekohvik,koht,,,,
õueköök,koht,,,,
õuelasteaed,koht,,,,
õuemaa,koht,,,,
õuemaja,koht,,,,
õuenurk,koht,,,,
õuepealne,koht,,,,omadus_koht
õuepoolne,koht,,,,
õueteater,koht,,,sündmus,
õukonnateater,koht,,,,
Õuna,koht,,,,
õuna-aasta,,aeg,,,
Õvanurme,koht,,,,
Õvi,koht,,,,
õõnestis,koht,,,,
õõnsus,koht,,,,
õõs,koht,,,,
õõtssoo,koht,,,,
äbarus,,,seisund,,
ädal,koht,,,,taim
Ädu,koht,,,,
ägedus,,,seisund,,abstr/konkr_omadus
äge kõht,,,seisund,,
Äherdi,koht,,,,
Ähijärve,koht,,,,
ähmi,,,seisund,,ADV_seisund
ähmil,,,seisund,,ADV_seisund
ähmis,,,seisund,,ADV_seisund
ähmi täis,,,seisund,,ADV_seisund
ähvarduspoos,,,seisund,,
Äiamaa,koht,,,,
Äiavere,koht,,,,
Äigna,koht,,,,
Äigrumäe,koht,,,,
äikesepäev,,aeg,,,
Äila,koht,,,,
äkildane,,,seisund,,"omadus, omadus_kval"
äkine,,,seisund,,"omadus, omadus_kval, toit"
äkkeksanteem,,,seisund,,
äkk-kallaletung,,,,sündmus,
äkkrünnak,,,,sündmus,
äkksurm,,,,sündmus,nähtus_loodus
äkkvalu,,,seisund,,
äkkverejooks,,,seisund,,
äkkõppus,,,,sündmus,
Äksi,koht,,,,
äksi täis,,,seisund,,
Älmät,koht,,,,
älveraba,koht,,,,
älves,koht,,,,
älvestik,koht,,,,
Ämari,koht,,,,
Ämbra,koht,,,,
Ämmuste,koht,,,,
Änari,koht,,,,
äng,,,seisund,,nähtus_psühh
Ängi,koht,,,,
ängistus,,,seisund,,nähtus_psühh
ängistustunne,,,seisund,,nähtus_psühh
Änglema,koht,,,,
Änkküla,koht,,,,
änksi täis,,,seisund,,
Änniksaare,koht,,,,
Ännikse,koht,,,,
Äntu,koht,,,,
ärajäämanäht,,,seisund,,nähtus
äraolek,,,seisund,,
äraolemine,,,seisund,,
ärasaatmine,,,,sündmus,
äratuskoosolek,,,,sündmus,
äratussignaal,,,,sündmus,nähtus_füüs
äravooluava,koht,,,,
äravoolukanal,koht,,,,
ärevushäire,,,seisund,,
äri,koht,,,,"tegevus, vald"
äriettevõte,koht,,,,
ärihoone,koht,,,,
äriingel,koht,,,,in_roll
ärikeskus,koht,,,,
äriklient,koht,,,,
ärikohtumine,,,,sündmus,
ärikvartal,koht,,,,
Äriküla,koht,,,,
ärila,koht,,,,
ärilinn,koht,,,,
ärilõuna,,,,sündmus,
ärimaa,koht,,,,
ärimaja,koht,,,,
Ärina,koht,,,,
äripank,koht,,,,
äripark,koht,,,,
äripind,koht,,,,
äripäev,,aeg,,,
ärireis,,,,sündmus,tegevus
äririsk,,,seisund,,nähtus
äriruum,koht,,,,
ärisõber,koht,,,,in_roll
äritänav,koht,,,,
ärkamisaeg,,aeg,,,
ärkamispalat,koht,,,,
ärkel,koht,,,,
ärkliaken,koht,,,,
ärklikamber,koht,,,,
ärklikorrus,koht,,,,
ärklikorter,koht,,,,
ärklituba,koht,,,,
ärksameelsus,,,seisund,,omadus_psühh
ärksus,,,seisund,,omadus_psühh
ärkvelaeg,,aeg,,,
ärkvelolek,,,seisund,,
ärritatus,,,seisund,,
ärritunud soole sündroom,,,seisund,,
Äteniidi,koht,,,,
Ätte,koht,,,,
Äänekoski,koht,,,,
Äänisjõgi,koht,,,,
Äänisjärv,koht,,,,
äär,koht,,seisund,,"ese_anum, ese_instru"
ääreala,koht,,,,abstr
äärelinn,koht,,,,
ääremaa,koht,,,,
ääremeri,koht,,,,
äärest,koht,,,,ADV_koht
ääristus,koht,,,,ese_instru
äärmuspunkt,koht,,,,
äärmustipp,koht,,,,
äärne,koht,,,,omadus_koht
Ääsmäe,koht,,,,
ödeem,,,seisund,,
Öfö,koht,,,,
ökoasum,koht,,,,
ökokatastroof,,,,sündmus,
ökokriis,,,seisund,,
ökoküla,koht,,,,
ökolinn,koht,,,,
ökoloogia,,,seisund,,vald
ökomaja,koht,,,,
ökopood,koht,,,,
ökorisk,,,seisund,,
ökotalu,koht,,,,
ökotasakaal,,,seisund,,
ökoton,koht,,,,
ökotoop,koht,,,,
Öland,koht,,,,
Ölbäck,koht,,,,
Ölöön,koht,,,,
Ördi raba,koht,,,,
Örebro,koht,,,,
Öskemen,koht,,,,
Österbi,koht,,,,
Österby,koht,,,,
Östergötland,koht,,,,
öö,,aeg,,,esitus_keel_täht
Ööbikuorg,koht,,,,
ööbimiskoht,koht,,,,
ööbimispaik,koht,,,,
ööd-päevad,,aeg,,,
ööistung,,,,sündmus,
öökino,,,,sündmus,
ööklubi,koht,,,,
öökorter,koht,,,,
öölaulupidu,,,,sündmus,
öölokaal,koht,,,,
öömaja,koht,,,,
ööoode,,,,sündmus,toit
ööp,,aeg,,,
ööpime,,,seisund,,omadus_füüs
ööpool,koht,,,,nähtus_psühh
ööpuhkus,,,seisund,,
ööpäev,,aeg,,,
öörahu,,aeg,,,
Ööriku,koht,,,,
Ööri lõpp,koht,,,,
öösüda,,aeg,,,
Öötla,koht,,,,
öötund,,aeg,,,
ööuni,,,seisund,,
öövahetus,,aeg,,,inimene
öövaikus,,,seisund,,
öövalve,,aeg,,,tegevus
öövari,koht,,,,
Üdruma,koht,,,,
üheaegsus,,aeg,,,
üheinimesekajut,koht,,,,
üheinimesetuba,koht,,,,
üheksa,,aeg,,,"esitus_arv, konkr, omadus_kval"
üheksakümnendad,,aeg,,,
üheksateist,,aeg,,,"esitus_arv, omadus"
ühel lainel,,,seisund,,
ühemeheetendus,,,,sündmus,
ühemehefirma,koht,,,,
ühemeheteater,koht,,,,
ühendasutus,koht,,,,
Ühendemiraadid,koht,,,,
Ühendkuningriik,koht,,,,
Ühendriigid,koht,,,,
Ühendriikide hajasaared,koht,,,,
ühendus,koht,,,,"abstr/konkr, inimene"
ühenduskäik,koht,,,,
ühendustee,koht,,,,nähtus_psühh
ühepereelamu,koht,,,,
üheperemaja,koht,,,,
ühepoolehalvatus,,,seisund,,
ühepäevasõit,,,,sündmus,tegevus_tegu
üheslaulmine,,,,sündmus,tegevus
ühes leivas,,,seisund,,
ühes tükis,,,seisund,,
ühesuvine,,aeg,,,omadus
ühesõidukiõnnetus,,,,sündmus,
üheõiguslikkus,,,seisund,,
ühikas,koht,,,,
ühinemiskongress,,,,sündmus,
Ühinenud Araabia Vabariik,koht,,,,
"Ühinenud Rahvaste Hariduse, Teaduse ja Kultuuri Organisatsioon",koht,,,,
ühiselamu,koht,,,,
ühiselamukoht,koht,,,,
ühiselu,,,seisund,,
ühisettevõte,koht,,,,tegevus_tegu
ühisettevõtmine,,,,sündmus,
ühisfirma,koht,,,,
ühisgümnaasium,koht,,,,
ühishaud,koht,,,,
ühisjaht,,,,sündmus,
ühiskajut,koht,,,,
ühiskamber,koht,,,,
ühiskauplus,koht,,,,
ühiskodu,koht,,,,
ühiskong,koht,,,,
ühiskontsert,,,,sündmus,
ühiskool,koht,,,,
ühiskorter,koht,,,,
ühiskäimla,koht,,,,
ühisköök,koht,,,,
ühiskülastus,,,,sündmus,
ühislaut,koht,,,,
ühismaa,koht,,,,
ühismajand,koht,,,,
ühismeelsus,,,seisund,,
ühisnõupidamine,,,,sündmus,
ühisnäitus,,,,sündmus,
ühispalvus,,,,sündmus,
ühispank,koht,,,,
ühisproov,,,,sündmus,tegevus_tegu
ühissaun,koht,,,,tegevus
ühisseminar,,,,sündmus,
ühisstart,,,,sündmus,
ühissõidukirada,koht,,,,
ühistu,koht,,,,esitus
ühistupank,koht,,,,
ühisturg,koht,,,,
ühisus,koht,,,,"abstr/konkr, inimene"
ühisvaldus,koht,,seisund,,
ühisõppus,,,,sündmus,
ühisüritus,,,,sündmus,
ühtekuuluvus,,,seisund,,
ühtelangevus,,,seisund,,
ühtivus,,,seisund,,abstr
ühtlus,,,seisund,,
ühtlusaeg,,aeg,,,
Ühtri,koht,,,,
ÜK,koht,,,,
üks,,aeg,,,"abstr/konkr, ADV_modaalsus, esitus_arv, konkr, omadus_kval"
üks hõikab teist taga,,,seisund,,
üksijäämine,,,seisund,,
üksikelamu,koht,,,,
üksikjuht,,,,sündmus,
üksikjuhtum,,,,sündmus,
üksikkamber,koht,,,,
üksikkong,koht,,,,
üksikmatus,,,,sündmus,objekt
üksikpalat,koht,,,,
üksikpataljon,koht,,,,
üksikstart,,,,sündmus,
üksiktalu,koht,,,,
üksikvahipataljon,koht,,,,
üksikvangistus,,,seisund,,tegevus
üksikõu,koht,,,,
üksildus,,,seisund,,nähtus_psühh
üksildustunne,,,seisund,,nähtus_psühh
üksindus,,,seisund,,
üksiolek,,,seisund,,
üksiolemine,,,seisund,,
ükski näolihas ei liigu,,,seisund,,
ükskõiksus,,,seisund,,"nähtus_psühh, tegevus_tegu"
Üksküla,koht,,,,
üks luu ja liha,,,seisund,,
Üksnurme,koht,,,,
üksolemine,,,seisund,,
üksteisemõistmine,,,seisund,,
üksteist,,aeg,,,"esitus_arv, omadus"
üksus,koht,,,,abstr/konkr
ülakorrus,koht,,,,
ülakülg,koht,,,,
ülalinn,koht,,,,
ülalistumised,,,,sündmus,
ülalpool,koht,,,,ADV_koht
ülaltpoolt,koht,,,,
ülalõuaurkepõletik,,,seisund,,
ülang,koht,,,,
ülanurk,koht,,,,
ülatekk,koht,,,,
ülaveeris,koht,,,,
ülaäär,koht,,,,
ülbus,,,seisund,,"nähtus_psühh, tegevus_tegu"
üldanesteesia,,,seisund,,tegevus_tegu
üldapteek,koht,,,,
Ülde,koht,,,,
üldhaigestumine,,,seisund,,
üldhaigla,koht,,,,
üldhaigus,,,seisund,,
üldhariduskool,koht,,,,
üldjuht,,,,sündmus,in_roll
üldjuhtum,,,,sündmus,
üldkoosolek,,,,sündmus,
üldlaulupidu,,,,sündmus,
üldlevila,koht,,,,
üldmobilisatsioon,,,,sündmus,
üldnarkoos,,,seisund,,tegevus_tegu
üldpalat,koht,,,,
üldpealetung,,,,sündmus,
üldreaktsioon,,,seisund,,
üldsaun,koht,,,,
üldseis,,,seisund,,
üldseisund,,,seisund,,
üldstreik,,,,sündmus,
üldtuimastus,,,seisund,,tegevus_tegu
üldvalimised,,,,sündmus,
üldvõit,,,,sündmus,
üle-eelmine,,aeg,,,"omadus_aeg, omadus_koht"
üleeile,,aeg,,,
üleeilne,,aeg,,,omadus_aeg
ülehomme,,aeg,,,
ülehomne,,aeg,,,omadus_aeg
üleilmakool,koht,,,,
ülejahtumine,,,seisund,,nähtus
Ülejõe,koht,,,,
ülejõud,,,seisund,,
ülekaal,,,seisund,,omadus_füüs
ülekohus,,,seisund,,tegevus_tegu
ülekoormatus,,,seisund,,
ülekuumenemine,,,,sündmus,nähtus
ülekäigukoht,koht,,,,
ülekäigurada,koht,,,,
ülekäik,koht,,,,"ese_riie, tegevus"
üleküllastatus,,,seisund,,
üleküllastus,,,seisund,,
Ülem-Austria,koht,,,,
Ülem-Baieri,koht,,,,
ülemeelikus,,,seisund,,tegevus_tegu
ülemeremaa,koht,,,,
ülemereprovints,koht,,,,
ülemereriik,koht,,,,
ülemereterritoorium,koht,,,,
Ülem-Frangimaa,koht,,,,
üleminek,,,,sündmus,"nähtus, tegevus"
üleminekuaasta,,aeg,,,
üleminekuaastad,,aeg,,,
üleminekuaeg,,aeg,,,
üleminekuala,koht,,,,
üleminekueksam,,,,sündmus,
üleminekuiga,,aeg,,,
üleminekukool,koht,,,,
üleminekuperiood,,aeg,,,
üleminekuriik,koht,,,,
üleminev,,aeg,,,omadus_aeg
üleminut,,aeg,,,
Ülemiste,koht,,,,
Ülemiste järv,koht,,,,
ülemjooks,koht,,,,
ülemjuhatus,koht,,,,
Ülemjärv,koht,,,,
ülemkoda,koht,,,,
ülemkogu,koht,,,sündmus,"grupp, in_roll"
ülemkohus,koht,,,,
ülemmaakohus,koht,,,,
Ülem-Normandia,koht,,,,
ülemnõukogu,koht,,,,
Ülem-Prantsusmaa,koht,,,,
ülemraada,koht,,,,
Ülem-Senegal,koht,,,,
Ülem-Sileesia,koht,,,,
ülemtalurahvakohus,koht,,,,
ülemvalitsus,,,seisund,,
Ülem-Volta,koht,,,,
Ülemõisa,koht,,,,
ülemöödunud,,aeg,,,omadus_aeg
Ülendi,koht,,,,
ülendus,,,seisund,,tegevus_muutus
Ülensi,koht,,,,
Ülenurme,koht,,,,
üleolek,,,seisund,,nähtus_psühh
Üle-Pelska nulk,koht,,,,
ülepinge,,,seisund,,
üleproduktsioon,,,seisund,,"nähtus, nähtus_füüs"
ülepääs,koht,,,,tegevus
ülerahvastatus,,,seisund,,
ülerahvastus,,,seisund,,
ülespoole,koht,,,,abstr
ülestõus,,,,sündmus,
ülestõusmispühad,,aeg,,,
ülesõidukoht,koht,,,,
ülesõit,koht,,,,tegevus
ülesütlemine,,,seisund,,"tegevus_kõnetegu, tegevus_tegu"
ületalitlus,,,seisund,,
ületamatus,,,seisund,,
ületoitumus,,,seisund,,
ületootmiskriis,,,,sündmus,
ületreenitus,,,seisund,,
ületunaeile,,aeg,,,
ületund,,aeg,,,
ületöötamine,,,seisund,,tegevus
üleujutus,,,seisund,sündmus,nähtus_loodus
ülevaatenäitus,,,,sündmus,
ülevalolek,,,seisund,,
ülevalpool,koht,,,,ADV_koht
ülevaltpoolt,koht,,,,
ülevedaja,koht,,,,"in_elukutse, in_roll"
üleveokoht,koht,,,,
ülevoolupais,koht,,,,
ülevõim,,,seisund,,
Üle-Väina hertsogkond,koht,,,,
Üle-Väina Liivimaa,koht,,,,
üleväsinud,,,seisund,,
üleüleeile,,aeg,,,
Ülgase,koht,,,,
ülihappesus,,,seisund,,
ülikool,koht,,,,
ülikooliaasta,,aeg,,,
ülikooliaastad,,aeg,,,
ülikooliaeg,,aeg,,,
ülikoolihoone,koht,,,,
ülikoolikursus,,,,sündmus,ese_semio
ülikoolilinn,koht,,,,
ülikoolilinnak,koht,,,,
ülikoolipõlv,,aeg,,,
ülikoolipäevad,,aeg,,,
ülimus,,,seisund,,in_roll
ülimuslikkus,,,seisund,,
üliriik,koht,,,,
ülitundlikkus,,,seisund,,nähtus_psühh
üliõpilasabielu,,,seisund,,
üliõpilaselamu,koht,,,,
üliõpilaskorporatsioon,koht,,,,grupp
üliõpilasküla,koht,,,,
üliõpilaslaulupidu,,,,sündmus,
üliõpilaslinn,koht,,,,
üliõpilaslinnak,koht,,,,
üliõpilasmaja,koht,,,,
üliõpilasmalev,koht,,,,
üliõpilasmängud,,,,sündmus,
üliõpilasorganisatsioon,koht,,,,inimene
üliõpilaspäev,,aeg,,,
üliõpilaspäevad,,aeg,,sündmus,
üliõpilasrahutused,,,,sündmus,
üliõpilasselts,koht,,,,
üll,koht,,,,"ADV_koht, ese_riie"
üllatus,,,,sündmus,"nähtus_psühh, tegevus"
üllatusmoment,,aeg,,sündmus,
üllatuspidu,,,,sündmus,
üllatuspomm,,,,sündmus,
üllatusrünnak,,,,sündmus,
üllatusvisiit,,,,sündmus,
üllatusvõit,,,,sündmus,
ülle,koht,,,,ADV_koht
ült,koht,,,,ADV_koht
ümaraken,koht,,,,kehaosa
ümarehitis,koht,,,,
ümarkaar,koht,,,,
ümarlaiksus,,,seisund,,taim
ümarlauaarutelu,,,,sündmus,
ümarlauakohtumine,,,,sündmus,
ümarlauanõupidamine,,,,sündmus,
ümarlaud,,,,sündmus,in_roll
ümarselgsus,,,seisund,,
ümartempel,koht,,,,"ese_instru, esitus_kujutis"
ümartorn,koht,,,,
ümarusstõbi,,,seisund,,
ümber,koht,aeg,,,"abstr, ADV_koht"
ümberehitis,koht,,,,
ümberkehastumine,,,,sündmus,"nähtus, nähtus_loodus"
ümbermaailmareis,,,,sündmus,tegevus
ümberminek,,,,sündmus,
ümberringi,koht,,,,ADV_koht
ümbersõidutee,koht,,,,
ümbersõit,koht,,,,
ümbert,koht,,,,ADV_viis
ümbervalimine,,,,sündmus,
ümbervalimised,,,,sündmus,
ümbriskäik,koht,,,,
ümbritsev,koht,,,,omadus_koht
ümbrus,koht,,,,"abstr, inimene"
ümbruskond,koht,,,,"abstr, inimene"
ümmargune sünnipäev,,aeg,,,
Ünnaste,koht,,,,
ürdiaed,koht,,,,
ürditalu,koht,,,,
ürgaeg,,aeg,,,
ürgaegkond,,aeg,,,
ürgeoon,,aeg,,,
ürgjärv,koht,,,,
ürgkodu,koht,,,,
ürglaas,koht,,,,taim
ürgloodus,koht,,,,
ürgmeri,koht,,,,
ürgmets,koht,,,,taim
ürgookean,koht,,,,
üritus,,,,sündmus,tegevus_tegu
Ürjaste,koht,,,,
Üru,koht,,,,
Ürümqi,koht,,,,
üsk,koht,,,,kehaosa
Üsse,koht,,,,
Üstirt,koht,,,,
Üüdibe,koht,,,,
üürikas,koht,,,,
üürikasarm,koht,,,,
üürikorter,koht,,,,
üürileandja,koht,,,,in_roll
üürilevõtja,koht,,,,in_roll
üürimaja,koht,,,,
üüripind,koht,,,,
üürituba,koht,,,,
Üüvere,koht,,,,
Xankändi,koht,,,,
Xi’an,koht,,,,
Xianggang,koht,,,,
Xi Jiang,koht,,,,
Xijing,koht,,,,
Xining,koht,,,,
Xinjiang,koht,,,,
Xiva,koht,,,,
x-jalad,,,seisund,,kehaosa
x-jalgne,,,seisund,,omadus
x-jalgsus,,,seisund,,
X-mängud,,,,sündmus,
Yafo,koht,,,,
Yamoussoukro,koht,,,,
Yamuna,koht,,,,
Yangon,koht,,,,
Yaoundé,koht,,,,
Yar Çallı,koht,,,,
Yaren,koht,,,,
Yarkant,koht,,,,
Yellowstone,koht,,,,
Yinchuan,koht,,,,
Yizre’éli org,koht,,,,
Ylivieska,koht,,,,
Ylöjärvi,koht,,,,
Yogyakarta,koht,,,,
Yokohama,koht,,,,
York,koht,,,,
Yorkshire,koht,,,,
Ypres,koht,,,,
Yucatán,koht,,,,
Yucatáni poolsaar,koht,,,,
Yukon,koht,,,,
Yunnan,koht,,,,
Ƶovhar-Ġala,koht,,,,
