sentence_id,head_id,head_loc,verb,verb_compound,morph_case,lemma,form,sentence,opinion,simple_sentences,tags,timex_tag,ekilex_tag,ner_tag,A,E,T,L1,L2,L,S,tag,initial_cat
5399131,8658564,1,katsuma,,all,kõrbetaim,Kõrbetaimedele,"Kõrbetaimedele katsu leida korteri kõige valgem koht , hämarate vihmametsade asukad aga ei pea olema isegi mitte aknalaual .",,,,,,,no,no,no,yes,no,yes,no,L,a_n50
15270292,23846411,2,õhkuma,,el,PR-pude,PR-pudemetest,"Nendest PR-pudemetest õhkub sellist jõulisust ja suursugusust , et ” Siberi habemeajaja ” muutus sündmuseks veel enne ekraanidele jõudmist .",,,,,,,no,no,no,no,no,no,no,,a_n50
15331149,23942314,6,ennustama,,all,netifoorum,netifoorumitele,mingit tehnilist hüpet ma küll netifoorumitele ei ennusta .,,,,,,,no,no,no,no,yes,yes,no,L,a_n50
12437255,19912298,5,suurenema,,all,palk,palgale,"Sellega suurenes nende tähelepanu palgale , mis töö tegelikku intensiivsust ja tulemuslikkust arvestades pole kuigi palju madalam erasektori keskastme töötaja palgast .",,,,,,,no,no,no,no,no,no,no,,a_n50
3753353,6044920,2,pöörduma,,all,lend,lennule,Järgmisele lennule pöördub lennuk Tallinnast Kopenhaageni suunas .,,,,,,,no,yes,no,no,no,no,no,E,a_n50
10076363,16164075,8,kuuluma,,adit,arheosoikumine,arheosoikumisse,"Aga sellisena kuulub ta sisuliselt eesti huumori arheosoikumisse , kuhugi samasse rubriiki “ Meelejahutaja ” , “ Rameto ” ja Pikriga , kus profiiti võisid lõigata naljad stiilis “ gastrolleestlane - kastruleestlane ” .",,,,,,,no,no,yes,no,no,no,no,T,a_n50
7961192,12762542,13,moodustuma,,el,tsemenditolm,tsemenditolmust,"Valada sellesse loginal pöörlevasse astjasse vett , kuni kõik seguneb , sinisest tsemenditolmust ja kollasest liivast hall kört moodustub .",,,,,,,no,no,no,yes,no,yes,no,L,a_n50
12729759,20365595,3,tahtma,,all,Salatoimik,Salatoimikutele,"Tahtsin « Salatoimikutele » kriipsu peale tõmmata juba enne , kui see tegelikult lõppes , » paristab Anderson oma kodus Londonis Notting Hilli trendirajoonis .",,,,,,,no,no,no,no,yes,yes,no,L,a_n50
17034415,26180081,7,pidama,,el,Ventspils,Ventspilsist,Roeder pidas Levadiat Newcastle'i eelmisest vastasest Ventspilsist tugevamaks .,,,|L|AL|EL|LS|LT|ALT|ELT|LST|,,location,LOC,no,no,no,yes,no,yes,no,L,a_n50
4233828,6813632,7,alistuma,,all,šveitslane,šveitslastele,"Murs-Lulla alistusid napilt 1 : 2 šveitslastele Andreas Sutter - Jonas Weingart , Jaani-Ruul jäid kindlalt 0 : 2 alla Tšehhi paarile Michal Biza - Premysl Kubala .",,,|A|AE|AL|AS|AT|AET|ALT|AST|,,alive,,yes,no,no,no,no,no,no,A,a_n50
1518677,2416707,2,suutma,,el,koht,kohast,Hoolimata kohast riikliku naftafirma juhatuses ning kuulumisest parlamenti pole presidendi poeg suutnud endale tõsist mainet kujundada .,???,"Presidendi poeg kuulub riikliku naftafirma juhatusse.
Presidendi poeg kuulub parlamenti.
Presidendi poeg pole suutnud endale tõsist mainet kujundada.",,,,,no,no,no,yes,no,yes,no,L,a_n50
6752792,10863306,3,tulema,,all,Jaani,Jaanile,Siis tuleb Jaanile meelde Reinu õpetus .,,,|AL|ALT|,,location,PER,yes,no,no,no,no,no,no,A,a_n50
769389,1226822,17,jääma,ilma,el,aktsiis,aktsiisist,"Erik Kaldase sõnul käib praegu uurimine , kus kütust solgitakse ja kui suures ulatuses riik mootorikütuse aktsiisist ilma jääb .",,,,,,,no,no,no,yes,no,yes,no,L,a_n50
1708610,2719631,13,leidma,,all,audiitor,audiitorile,Prokuröri hinnangul on Kallase ( 52 ) süü Eesti Panga juhina keskpanga audiitorile valeandmete esitamises kohtus tõendamist leidnud ning seetõttu tuleb teda karistada rahatrahviga .,???,"Siim Kallas on 52-aastane.
Prokurör leidis, et Kallase süü on kohtus tõendamist leidnud.
Kallas esitas Eesti Panga juhina keskpanga audiitorile valeandmeid.
Seetõttu tuleb teda karistada rahatrahviga.",|A|AE|AL|AS|AT|AET|ALT|AST|,,alive,,yes,no,no,no,no,no,no,A,a_n50
16460744,25407442,2,tahtma,,el,igavus,igavusest,"Tahaks igavusest mingit nende mängu proovida , koodi oleks vaja korgi alt .",???,"Tahaks igavusest mingit nende mängu proovida.
Selle mängu jaoks oleks vaja koodi.
Kood on “korgi alt”.",,,,,no,no,no,no,no,no,yes,S,a_n50
10904358,17463756,10,minema,vaja,ad,Pikaro,Pikarol,Külma verd on 25 aastat miilitsas ja politseis töötanud Pikarol vaja läinud õige mitmel korral .,,,|L|AL|EL|LS|LT|ALT|ELT|LST|,,,LOC,yes,no,no,no,no,no,no,A,a_n50
11197462,17937929,9,elama,,el,akadeemia,akadeemiast,Praegu on mul elamistingimused väga head : elan akadeemiast jalgsi umbes kümne minuti kaugusel .,,,|L|AL|EL|LS|LT|ALT|ELT|LST|,,organisation,,no,no,no,yes,no,yes,no,L,a_n50
12618274,20191803,6,lootma,,all,dopinguagentuur,dopinguagentuurile,"Kaspergi loodab ROK-i moodustatavale rahvusvahelisele dopinguagentuurile , kuid ta kindlus ei veena .",,,,,,,no,no,no,yes,no,yes,no,L,a_n50
5269131,8452143,14,lööma,,el,Panionio,Panioniost,"Täisedu , üheksa võiduga jätkab üllataja Ateena Peristeri , kes viimati lõi Ateena Panioniost 78 : 76.",syntax,"Üllataja Peristeri B.C. jätkab täiseduga.
Peristeri on võitnud üheksa mängu.
Peristeri alistas viimati Panionios B.C. tulemusega 78 : 76.",|L|AL|EL|LS|LT|ALT|ELT|LST|,,,ORG,no,no,no,yes,no,yes,no,L,a_n50
4072265,6554869,17,andma,välja,all,muusikaõpetaja,muusikaõpetajale,"Riho Pätsi Koolimuusika Fond annab igal aastal välja stipendiumeid viimase kolme aasta jooksul eriliselt silma paistnud muusikaõpetajale , instrumendiõpetajale , heliloojale , muusikapedagoogika uurijale ja koolimuusika edendajale .",,,|A|AE|AL|AS|AT|AET|ALT|AST|,,alive,,yes,no,no,no,no,no,no,A,a_n50
12879242,20601501,7,vanduma,alla,all,seltsiline,seltsilistele,Lõpus vandus Dęhlie alla ka oma seltsilistele - Ilmar Udamile ja itaallasele Andrea Piccoliorile .,,,|A|AE|AL|AS|AT|AET|ALT|AST|,,alive,,yes,no,no,no,no,no,no,A,a_n50
5817968,9334876,12,leidma,,all,algatus,algatusele,Tervishoiuprobleemide pärast peaminister Juhan Partsi tagandamist kavandanud sotsiaaldemokraadid ei leidnud oma algatusele liitlasi .,,,,,,,no,no,no,no,no,no,no,,a_n50
1849060,2944712,10,kavandama,,all,tema,neile,"Kas soomlased tajusid , et pikas perspektiivis kavandas idanaaber neile samasugust saatust ja lämmatatud Eesti oli tegelikult tuleviku Soome ?",,,,,,,yes,no,no,no,no,no,no,A,a_n50
6844848,11012712,2,mõtlema,,all,edasipääsuvõimalus,edasipääsuvõimalustele,Eesti edasipääsuvõimalustele ta mängu ajal ei mõtle .,,,,,,,no,no,no,no,no,no,yes,S,a_n50
10808882,17311387,3,pruukima,,ad,sportlane,sportlastel,"Pruugib Eesti sportlastel mõnel maailmamastaabiga võistlusel esinemine ebaõnnestuda , kui ühiskonnas vallandub teenitud meelepaha : milleks raisatakse rahva raha , mida võiks kasutada kasvõi nende poolte eestlaste toitmiseks-katmiseks , kes Jaak Alliku andmetel parasjagu nälgivad .",,,|A|AE|AL|AS|AT|AET|ALT|AST|,,alive,,yes,no,no,no,no,no,no,A,a_n50
3449293,5553715,5,võitma,,all,kaitsetegevus,kaitsetegevusele,Kreeka võitis tänu hingestatud kaitsetegevusele ning Efthimios Rentziase ja Nikos Ekonomou heale mängule .,???,"Kreeka võitis.
Võidu põhjuseks oli hingestatud kaitsetegevus.
Efthimios Rentzias mängis hästi.
Nikos Ekonomou mängis hästi.",,,,,no,no,no,no,no,no,no,,a_n50
1716275,2732183,16,pöörduma,,all,rahvas,rahvale,"Alles siis ronis K-Fori rahuvalvajate juhataja , Saksa kindral Klaus Reinhardt Briti tankile ja pöördus rahvale kõnelema .",,,|A|AE|AL|AS|AT|AET|ALT|AST|,,alive,,yes,no,no,no,no,no,no,A,a_n50
9914955,15905727,10,lisanduma,,all,grupeering,grupeeringutele,"Uus rühmitus lisandub juba varem rahvusvahelise majanduskoostöö edendamiseks loodud grupeeringutele , mille hulka peale G7 kuuluvad näiteks G10 ja G24 .",,,|A|AE|AL|AS|AT|AET|ALT|AST|,,alive,,no,no,no,yes,no,yes,no,L,a_n50
5763046,9245109,16,laskma,,ad,avameri,avamerel,Soome ajalehe väitel lasevad suured Tallinki liinilaevad Romantika ja Meloodia endistviisi oma pesu- ja tualetivee avamerel Läänemerre .,,,|L|AL|EL|LS|LT|ALT|ELT|LST|,,location,,no,no,no,yes,no,yes,no,L,a_n50
1354468,2152699,5,kandma,,all,Inglismaa,Inglismaale,"Kannaksin selle raha otse Inglismaale sinna selle kooli või kolledži arvele , kus ta õpib !",???,"Ma kannaksin selle raha otse Inglismaale.
Ma kannaksin raha selle kooli või kolledži arvele.
Ta õpib selles koolis või kolledžis.",|L|AL|EL|LS|LT|ALT|ELT|LST|,,location,LOC,no,no,no,yes,no,yes,no,L,a_n50
1482904,2360290,1,soovima,,el,Eesti,Eestist,"Eestist soovivad Venemaale või mõnda teise SRÜ riiki ümber asuda keskmisest haritumad mittekodanikud , selgub eile avalikustatud uuringust .",,,|L|AL|EL|LS|LT|ALT|ELT|LST|,,location,LOC,no,no,no,yes,no,yes,no,L,a_n50
12565181,20108405,15,olema,tarvis,ad,suusataja,suusatajail,Eesti suusaliidu peasekretär Kaarel Zilmer säras kui pühademuna : vaatamata Kristina Šmiguni õnnetusele pole suusatajail tarvis koju tagauksest siseneda .,,,|A|AE|AL|AS|AT|AET|ALT|AST|,,alive,,yes,no,no,no,no,no,no,A,a_n50
3537862,5697343,4,tahtma,,el,kaaslane,kaaslasest,Heast ja kannatlikust kaaslasest ei tahaks lapsed ja kasvatajad aga loobuda .,,,,,,,yes,no,no,no,no,no,no,A,a_n50
2868731,4600234,25,piinama,,el,sügis,sügisest,"Päris sama koosseisuga ei saaks neljapaat kuidagi aga edasi sõita , kuna eessõudja Andrei Jämsä pole lahti saanud kõhu- ja seljavaludest , mis teda sügisest saati piinavad .",,,|T|AT|ET|LT|ST|AET|ALT|AST|ELT|LST|,DATE,time,,no,no,yes,no,no,no,no,T,a_n50
4530501,7282195,2,köitma,,el,liikluskorraldaja,liikluskorraldajatest,"Tallinna liikluskorraldajatest ja parkimisametnikest , maanteeameti liiklusohutusspetsialistidest , liikluspolitseinikest ja inseneribüroo Stratum töötajatest koosneva ümarlaua tähelepanu köitsid viimastel kuudel toimunud järjestikused ränkade tagajärgedega otsasõidud Tallinna vöötradadel .",???,"Tallinnas on liikluskorraldajad ja parkimisametnikud.
Seal on ka maanteeameti liiklusohutusspetsialistid.
Seal on liikluspolitseinikud.
Seal töötavad inseneribüroo Stratum töötajad.
Need inimesed moodustasid ümarlaua.
Ümarlaua tähelepanu köitsid viimastel kuudel toimunud järjestikused ränkade tagajärgedega otsasõidud Tallinna vöötradadel.",|A|AE|AL|AS|AT|AET|ALT|AST|,,alive,,yes,no,no,no,no,no,no,A,a_n50
11437343,18326289,2,väärima,,el,kaotanu,kaotanutest,Poolfinaalis kaotanutest väärinuks ainsana finaalipääsu KK Tartu .,,,|A|AE|AL|AS|AT|AET|ALT|AST|,,alive,,yes,no,no,no,no,no,no,A,a_n50
1770245,2818602,8,hääletama,,all,planeering,planeeringule,"Sellega hääletasid nad vastu valmivale Saare maakonna planeeringule , mis näeb ette Ruhnu valla liitmist Kuressaare või Pärnu linnaga .",,,,,,,no,no,no,no,no,no,no,,a_n50
15010528,23549113,2,kasvama,,all,asi,asjale,"Mõnele asjale , mis tema puhul häirib , vaatan , ah , kasva veel .",syntax,,,,,,no,no,no,no,no,no,no,,a_n50
3000456,4812747,9,keelama,,ad,esindaja,esindajail,Trüb Switzerland AG tootejuht Stephan Hofstetter keelas ARK esindajail lepingu konfidentsiaalsusele viidates uue loa hinda avalikult välja öelda .,,,|A|AE|AL|AS|AT|AET|ALT|AST|,,alive,,yes,no,no,no,no,no,no,A,a_n50
8858567,14232449,7,langema,,all,ajakirjandus,ajakirjandusele,"See oli mõjukas kõne , milles ajakirjandusele langes osaks küllalt karm kriitika , võiks isegi ütelda , et süüdistused täielikus väärkäitumises .",,,,,,,no,no,no,yes,no,yes,no,L,a_n50
10439332,16741696,22,piiskama,,el,ulmekas,ulmekast,"Universumiavarus peidab endas kohutavat tõde , mis on koguni nii ebameeldiv , et selle kujutamiseks pole piisanud Ridley Scotti 1979. aasta ulmekast “ Alien ” .",verb = piisama?,,,,,,no,no,no,no,no,no,no,,a_n50
4325300,6958332,10,võitma,,el,Lillehammer,Lillehammerist,Kolm aastat hiljem tuli olümpiavõitjaks 10 000 meetris ja 1994 Lillehammerist võitis samal distantsil olümpiapronksi .,,,|L|AL|EL|LS|LT|ALT|ELT|LST|,,location,LOC,no,yes,no,no,no,no,no,E,a_n50
1093286,1737677,15,alustama,,all,Saaremaa,Saaremaale,"1962. ja 1966. aastal sündinud mehed alustasid reede hommikul väikese päramootoriga paadiga teed Vilsandilt Saaremaale , et otsida poest abi ühe paadisolija hambavalu vastu , ütles piirivalve pressiesindaja BNS-ile .",,,|L|AL|EL|LS|LT|ALT|ELT|LST|,,location,LOC,no,no,no,yes,no,yes,no,L,a_n50
3562443,5736582,3,lähenema,,all,iirlane,iirlastele,"Tööpuudus läheneb iirlastele seni utoopilisena tundunud kümne protsendini ja sisemaine kogutoodang inimese kohta oli eelmisel aastal suurem kui Suurbritannias , mis saarlastele muidugi suurt rõõmu valmistab .",,,|A|AE|AL|AS|AT|AET|ALT|AST|,,alive,,yes,no,no,no,no,no,no,A,a_n50
105347,177625,3,esinema,,el,kolesterool,kolesteroolist,Veres olevast kolesteroolist esinebki põhiosa kahel kujul : madala tihedusega lipoproteiinina ( LDL ) ja kõrge tihedusega lipoproteiinina ( HDL ) .,,,,,,,no,no,no,no,no,no,no,,a_n50
8924817,14346161,9,püsima,,all,linnapea,linnapeale,Tänaseks võivad valimas käinud kergendatult ohata - tänu linnapeale ja siseministrile Tartu võimuliit püsib .,???,"Tänaseks võivad valimas käinud kergendatult ohata.
Tartu linnapea ja siseminister tegid midagi.
Tartu võimuliit püsib.",|A|AE|AL|AS|AT|AET|ALT|AST|,,alive,,yes,no,no,no,no,no,no,A,a_n50
4870996,7819993,4,äratama,,in,tegelane,tegelastes,See äratas komsomolimeelsetes tegelastes pilkeid ja rahva hulgas suurt poolehoidu .,,,,,,,yes,no,no,no,no,no,no,A,a_n50
6484627,10428322,29,jääma,välja,el,duuma,duumast,""" Jõudude ühinemine ei tule nähtavasti jälle välja ning me näeme presidendivalimistel jälle Jabloko kandidaati Javlinskit ja võib-olla kedagi veel Paremjõudude Liidust , kuid uutes tingimustes , mil duumast välja jäänud parteid peavad koguma kandidaadi toetuseks kaks miljonit allkirja , on parempoolsete osalus suure küsi-märgi all . """,,,|L|AL|EL|LS|LT|ALT|ELT|LST|,,location,,no,no,no,yes,no,yes,no,L,a_n50
19564159,29177912,6,kasvatama,,all,suguelund,suguelunditele,Lisa-maria: kasvata ennem oma suguelunditele karvad,,,,,,,no,no,no,no,no,no,no,,a_n50
5822852,9343076,13,mõtlema,,el,kaasalöömine,kaasalöömisest,"Neljapaat tähendab paljudele perspektiivi , tagab konkurentsi - ka Jüri Jaanson mõtleb kaasalöömisest - ja annab tööisu .",???,"Neljapaat tähendab paljudele perspektiivi.
Neljapaat tagab konkurentsi.
Jüri Jaanson mõtleb kaasalöömisest.
Neljapaat annab tööisu.",,,,,no,no,no,no,no,no,no,,a_n50
1651470,2628094,3,langema,,all,Finnair,Finnairile,"Valik langes Finnairile , sest Helsingi lennujaamas Pariisi lennuki ootamise aeg oli kõige lühem .",,,|A|AE|AL|AS|AT|AET|ALT|AST|,,,PER,no,no,no,no,no,no,no,A,a_n50
7973329,12786868,15,lahutama,,el,maavägi,maaväest,"Aga pöörates pealtnäha meeleheitlikule taganemisele , meelitasid mongolid rüütliväe oma kannule ja lahutasid nad maaväest .",,,,,,,no,no,no,yes,no,yes,no,L,a_n50
12753203,20400469,5,mõtlema,,el,alagrupp,alagrupist,Neissaar ei mõtle esialgu alagrupist edasipääsule .,,,,,,,no,no,no,yes,no,yes,no,L,a_n50
14330004,22749634,5,tulema,,all,Kiidjärv,Kiidjärvele,Mõni aeg tagasi tuli Kiidjärvele saksakeelne tänukaart .,,,|L|AL|EL|LS|LT|ALT|ELT|LST|,,,LOC,no,no,no,yes,no,yes,no,L,a_n50
13972197,22242712,6,seisma,ees,ad,Mari-Liisi,Mari-Liisil,"Georg Otsa nimelises muusikakoolis seisab Mari-Liisil ees viimane õppeaasta , kevadel peaks ta käes hoidma koorijuhi diplomit .",,,|A|AE|AL|AS|AT|AET|ALT|AST|,,,PER,yes,no,no,no,no,no,no,A,a_n50
4902796,7871871,4,vajama,,el,muhameedlane,muhameedlastest,Ma ei vaja muhameedlastest fundamentaliste rohkem kui näiteks Jehoova-tunnistajaid .,???,,|A|AE|AL|AS|AT|AET|ALT|AST|,,alive,,yes,no,no,no,no,no,no,A,a_n50
8978088,14434863,12,moodustama,,all,eestlane,eestlastele,"Sama medali teise külje aga moodustab isade maa külastamise lihtsustamine nendele eestlastele , kellel pole ette näidata Eesti riigis arvestatavat isikutunnistust .",,,|A|AE|AL|AS|AT|AET|ALT|AST|,,alive,,yes,no,no,no,no,no,no,A,a_n50
6482303,10424411,38,olema,tarvis,ad,psühhiaatria-kliinik,psühhiaatria-kliinikul,""" Oleksime kolimiseks valmis , aga enne peab töögrupp läbi vaatama kõik kolimise kasulikud ja kahjulikud mõjud , kindel on aga see , et onkoloogiakeskuses tuleb enne kolimist ära teha põhjalik remont , näiteks operatsioonisaale ei ole psühhiaatria-kliinikul tarvis , "" rääkis Rammul .",,,,,,,no,no,no,no,yes,yes,no,L,a_n50
6625014,10660705,4,tundma,ära,in,materjalikäsitlus,materjalikäsitluses,Arvan end Rodgersi materjalikäsitluses ära tundvat oskuse tuua esile tarbeesemeis sisalduvat vägivalda ja kurjust .,,,,,,,no,no,no,no,yes,yes,no,L,a_n50
14155762,22502020,7,viskama,,all,hüüdja,hüüdjale,» Seepeale viskab Põhjala ühe kangi hüüdjale .,,,|A|AE|AL|AS|AT|AET|ALT|AST|,,alive,,yes,no,no,no,no,no,no,A,a_n50
2437968,3909052,2,võistlema,,el,koondislane,koondislastest,Eesti koondislastest võistleb Jaak Mae samal ajal Nove Miestos MK-etapil 10 km klassikasõidus ja Raul Olle aga osaleb Tšehhimaal maratonil .,???,,|A|AE|AL|AS|AT|AET|ALT|AST|,,alive,,yes,no,no,no,no,no,no,A,a_n50
7194217,11572017,3,lubama,,ad,Arbonale,Arbonalel,"Mis lubab Arbonalel maailma juhtiva krediidiagentuuri Dun & Bradstreeti andmetele viidates väita , et ESCO Holdingi eelistamine on väga riskantne .",,,|A|AE|AL|AS|AT|AET|ALT|AST|,,,PER,no,no,no,no,no,no,no,A,a_n50
11029215,17665024,2,puutuma,,el,film,filmist,"Mitte filmist , film ei puutu siin üldse asjasse .",???,,,,,,no,no,no,no,yes,yes,no,L,a_n50
12080207,19338045,2,tekkima,,ad,Cruise,Cruise'il,"43aastasel Cruise'il tekkis idamaiste pulmade idee Maroma kuurordis Mehhikos , kirjutab ajaleht Sunday Mirror .",,,|A|AE|AL|AS|AT|AET|ALT|AST|,,,PER,yes,no,no,no,no,no,no,A,a_n50
7554055,12131168,12,sarnanema,,all,kana,kanadele,"Siis on tal täiesti erisugused tibud , kes sarnanevad mitte tänastele kanadele , vaid kes on saledad , kirjud , pikkade sabasulgedega , nende kaugete eelkäijate moodi , keda öeldakse vabaduses enam peaaegu üldse mitte leiduvat .",,,,,,,yes,no,no,no,no,no,no,A,a_n50
1976869,3152588,13,sarnanema,,all,joobnu,joobnule,""" Ta üritas käivitada juba töötava mootoriga autot ning tema kõnepruuk sarnanes joobnule , "" ütles Reigo .",,,|A|AE|AL|AS|AT|AET|ALT|AST|,,alive,,yes,no,no,no,no,no,no,A,a_n50
412071,641103,8,kuluma,,all,arhiiv,arhiividele,"Kuna arhiivitöötajate energia on kulunud täielikult väliseesti arhiividele , on kodueesti materjalid seni oma järge oodanud .",,,|L|AL|EL|LS|LT|ALT|ELT|LST|,,location,,no,no,no,yes,no,yes,no,L,a_n50
1427383,2270802,3,pühendama,,all,Ateena,Ateenale,"Kärmas pühendas Ateenale oma kolmenädalasest Kreeka reisist ühe päeva ega kahetse , et kauemaks ei jäänud .",,,|L|AL|EL|LS|LT|ALT|ELT|LST|,,location,LOC,no,no,no,yes,no,yes,no,L,a_n50
168632,280853,3,tundma,ära,in,nõudmine,nõudmistes,Pachomiuse rangetes nõudmistes tunnevad egüptüloogid ära iidse vanaegiptuse elutarkuse ettekirjutusi .,,,,,,,no,no,no,no,yes,yes,no,L,a_n50
4866775,7813213,11,andma,välja,all,aktsiaselts,aktsiaseltsile,Kehra linnavalitsus ei ole meie sooviga arvestanud ning on andnud aktsiaseltsile välja ka litsentsi alkoholimüügiks .,,,,,,,no,no,no,yes,no,yes,no,L,a_n50
5469152,8768954,20,vaatama,,all,külastaja,külastajale,"Loomade õiguste eest võitlev rühmitus Oikeutta Eläimille valmistas ruttu heal tasemel Marimekko-vastase kodulehekülje (  ) , mille esilehel vaatab külastajale sügavale silma põhja soojade silmadega rebasekutsikas ning kus räägitakse Marimekko ebaeetilisest käitumisest , kutsutakse üles mitte ostma Marimekko tooteid ja saatma arvamusavaldusi otse rõivafirma juhile Paakkanenile .",,,|A|AE|AL|AS|AT|AET|ALT|AST|,,alive,,no,no,no,no,no,no,no,,a_n50
17339132,26609338,9,lõpetama,,all,juhtimiskeskus,juhtimiskeskusele,Teine piloot Klass Meurs lõpetas stardieelsete toimingute raporti juhtimiskeskusele ning kohe avas kapten van Zanten gaasiheeblid ja lennuk hakkas liikuma .,,,|A|AE|AL|AS|AT|AET|ALT|AST|,,organisation,,no,no,no,no,yes,yes,no,L,a_n50
15594972,24342900,29,viskama,,el,kurv,kurvist,"Sumbutajatega on lugu hoopis keeruline sest kõik sõltub mis on tuuningu kontseptsioon kas tahetakse sõida staadionit kus ka võrrid peavad käima alt ka keskelt , et tagasi pöörde kurvist kohe üle suure hüppe viskaks või on vaja Jean D'Angeli suurtele mägedel mõeldud karmi laksuga kesala lõppu pilli .",,,|L|AL|EL|LS|LT|ALT|ELT|LST|,,location,,no,no,no,no,no,no,no,,a_n50
2291755,3669414,23,käituma,,all,norm,normidele,"Riidekaupluse omaniku Nadežda ( 54 ) sõnul visati ta Amigost välja , vaatamata sellele et ta oli ostnud pileti ning käitunud kõikidele normidele vastavalt .",,,,,,,no,no,no,no,no,no,no,,a_n50
11190209,17925497,21,ütlema,lahti,el,muudatus,muudatustest,"“ Mul on hea meel , et valitsus ei andnud alla ega loobunud haldusreformist , et valitsus ütles lahti kosmeetilistest muudatustest ning valis radikaalse tee , mis jättis Eestisse viisteist tugevat valda . ”",,,,,,,no,no,no,no,no,no,no,,a_n50
4923788,7905668,7,vajama,,all,kes,kellele,"Kutsudes kommunismi hukka mõistes kõigile , kellele vaja koodiga koonu pihta andma !",,,,,,,yes,no,no,no,no,no,no,A,a_n50
13585972,21724158,5,valima,,all,aastaja,aastajale,*Valige hooldusvahendid vastavalt aastajale ja jalatsi materjalile .,???,,,,,,no,no,yes,no,no,no,no,T,a_n50
13153656,21046246,10,lunastama,,el,Riesa,Riesast,"Varasemate teenete põhjal oli osavõtuõigus Saksamaal ja Soomel , Riesast lunastasid edasipääsu lisaks Eestile veel Inglismaa , Prantsusmaa ja Šveits , kes võitis lisamatšis Bulgaariat .",,,,,,,no,no,no,yes,no,yes,no,L,a_n50
15593872,24341421,3,tekkima,,all,GL-mudel,GL-mudelitele,"Lukstrend tekkis GL-mudelitele alles 80-date algusest , kui neile tupperwaret tehasepoolt külge riputama hakati .",,,,,,,no,no,no,yes,no,yes,no,L,a_n50
11377266,18230334,13,tõusma,,all,esinemine,esinemisele,Moodsas viievõistluses Euroopa meistriks kroonitud Imre Tiidemann tõusis ihaldatud kuldmedalini tänu ühtlasele esinemisele kõigil aladel .,???,,,,,,no,no,no,no,no,no,no,,a_n50
14742159,23223916,6,pärinema,,abl,kagebiit,kagebiidilt,"Kuuldu pärines ühelt endiselt ” kagebiidilt ” , kes pärast KGB tegevuse ametlikku lõppu Eestis 1991 . aastal asus tegutsema väikeettevõtjana .",,,|A|AE|AL|AS|AT|AET|ALT|AST|,,alive,,yes,no,no,no,no,no,no,A,a_n50
1809238,2879636,3,tekkima,,all,asu-ala,asu-alale,"Eestlaste ajaloolisele asu-alale ei tekkinud 1991 uus riik , vaid taastati varem olnu .",,,,,,,no,no,no,yes,no,yes,no,L,a_n50
8619741,13827795,10,laskma,,ad,KGBlane,KGB-lastel,"Selle eest saigi , et kaks ja pool aastat KGB-lastel end punkrites lollitada laskis .",,,,,,,yes,no,no,no,no,no,no,A,a_n50
904457,1440807,16,olema,vaja,ad,ETV,ETV-l,"Valitsus otsustas eile eraldada reservfondist ETV-le ka kuus miljonit krooni , kuigi võlgade maksmiseks oleks ETV-l vaja 30 miljonit .",,,|A|AE|AL|AS|AT|AET|ALT|AST|,,organisation,ORG,no,no,no,no,no,no,no,A,a_n50
12463447,19952076,29,tegema,välja,el,peaminister,peaministrist,"Briti peaminister Tony Blair sattus piinlikku olukorda : metroos üritas ta juttu alustada noorepoolse riigialamaga , kes kuulas aga andunult kõrvaklappidest ameerika lauljatari Whitney Houstonit ja ei teinud peaministrist väljagi .",,,|A|AE|AL|AS|AT|AET|ALT|AST|,,alive,,yes,no,no,no,no,no,no,A,a_n50
1030321,1639082,16,joonistama,,all,aken,aknale,"Soome kelke on veel keegi näinud , aga last , kes vaatab , kuidas pakane aknale jäälilli joonistab ja tõmbab sealjuures sukka jalga , küll ei ole .",,,,,,,no,no,no,yes,no,yes,no,L,a_n50
2564033,4114099,3,sülitama,,all,paragrahv,paragrahvidele,Sülitavad seaduse paragrahvidele .,,,,,,,no,no,no,no,no,no,no,,a_n50
5497212,8813768,5,õnnestuma,,ad,FSB,FSB-l,"See , mis õnnestus FSB-l Venemaal , kukkus naaberriigis läbi , kõlab oletuslik kommentaar .",,,|AL|ALT|,,organisation,LOC,no,no,no,no,yes,yes,no,L,a_n50
4074829,6559041,1,eemalduma,,el,organism,Organismist,"Organismist eemaldub igal päeval ligi 2,5 liitrit vedelikku , treeninguga kaotab tervisesportlane lisaks 0,5 -,5 liitrit , seepärast tuleb vedelikku tarbida korrapäraselt .",,,,,,,no,no,no,yes,no,yes,no,L,a_n50
6226926,10001297,6,minema,mööda,el,Timošenko,Timošenkost,Esialgu aga läks valitsusjuhi koht Timošenkost mööda - president Kutšma määras eile ajutiselt sellele kohale senise esimese asepeaministri Mikola Azarovi .,,,|A|AE|AL|AS|AT|AET|ALT|AST|,,,PER,yes,no,no,no,no,no,no,A,a_n50
17485571,26805871,4,kirjutama,,el,Albaania,Albaaniast,"Kui kirjutasin lugu Albaaniast , siis see oli mulle tõeline šokk , kui kinnised olid seal inimesed , kuivõrd omas kestas nad elasid .",,,|L|AL|EL|LS|LT|ALT|ELT|LST|,,location,,no,no,no,yes,no,yes,no,L,a_n50
746692,1190115,22,juhatama,,all,ots,otsale,"Töötus , kodutus , rahanappus , alkoholi- või uimastisõltuvus , oskamatus eluga toime tulla on hädad , mis tihti kuritegeliku tee otsale juhatavad .",,,,,,,no,no,no,yes,no,yes,no,L,a_n50
12773510,20432789,1,aitama,,ad,Hamre,Hamrel,"Hamrel ja Larsenil on aidanud kohaneda juba mullu Florasse tulnud rahvuskaaslane Kim Solberg , kes jalaluumurru järel Eestis vormi taastab .",,,,,,,yes,no,no,no,no,no,no,A,a_n50
7584991,12172559,16,suurenema,,all,tund,tunnile,"2002.aastal jõustuva uue TPS-i  137  kohaselt suureneb ületundide piirnorm seniselt 200 tunnilt aastas 576 tunnile aastas , mis on Euroopa riikidega võrreldes täiesti erandlik regulatsioon .",,,|T|AT|ET|LT|ST|AET|ALT|AST|ELT|LST|,DURATION,,,no,no,no,no,no,no,no,T,a_n50
3445086,5546809,18,ähvardama,,all,mis,millele,"Kuigi Ülemiste järve , mis on tallinlaste joogivee allikas juba 14. sajandist , piirab osaliselt võrkaed , millele kinnitatud ähvardavad keelusildid peaks kõik nõrga närvikavaga inimesed meetrite taha peletama , võib aiatagusest keelutsoonist siiski leida hulgaliselt olmeprügi , kalameeste sissetallatud radu ja piduliste lõkkeplatse .",,,,,,,no,no,no,no,no,no,no,,a_n50
11634627,18624824,3,seisma,ees,ad,konstruktor,konstruktoritel,"Nii seisis konstruktoritel ees ülesanne luua käepärane mahtuniversaal , mille saab kiiresti ja lihtsalt muuta kas kahe- või viieistmeliseks autoks ning vastupidi .",,,,,,,yes,no,no,no,no,no,no,A,a_n50
6790422,10924519,13,kujunema,välja,ad,korter,korteritel,"Kiire kasu eesmärgil tehtavate kinnisvaratehingute aeg on suuremates linnades möödas , kuna korteritel on tänaseks välja kujunenud kindel hinnatase .",,,|L|AL|EL|LS|LT|ALT|ELT|LST|,,location,,no,no,no,no,no,no,no,,a_n50
5167719,8290682,3,elama,,all,käsipall,käsipallile,Ta elab käsipallile .,,,,,,,no,no,no,no,no,no,no,,a_n50
2866035,4596055,10,tahtma,,el,kaks,kahest,"Pistsin nina sisse mitmele kontserdile , lähemalt kirjutada tahaks kahest .",,,,,,,no,no,no,no,no,no,no,,a_n50
3136608,5036529,6,vaatama,mööda,el,oht,ohtudest,Linnaarendajad vaatavad Luksi sõnul tihtipeale ohtudest mööda .,,,,,,,no,no,no,yes,no,yes,no,L,a_n50
11821219,18919200,4,takistama,,ad,Watson,Watsonil,Hoss takistab Waldo Watsonil enesetappu sooritamast .,,,|A|AE|AL|AS|AT|AET|ALT|AST|,,,PER,yes,no,no,no,no,no,no,A,a_n50
3317237,5334402,13,väitma,,el,aeg,ajast,"Nõnda väitis endine USA rahandusminister Paul O'Neill oma esimeses intervjuus ajast , mil ta oli Valge Maja Insaider .",,,,,,,no,no,yes,no,no,no,no,T,a_n50
13736725,21932636,16,täitma,,all,kaup,kaubale,"Lõikes 1 nimetatud kaupa võib toll müüa ainult tingimusel , et ostja täidab viivitamata formaalsused kaubale tollikäitlusviisi määramiseks .",,,,,,,no,no,no,yes,no,yes,no,L,a_n50
5074409,8144585,4,pöörama,,all,autosportlane,autosportlastele,Üldse on soomlastest autosportlastele fortuuna vist selja pööranud : eelmise aasta WRC-meister Marcus Grönholm on teeninud täpselt sama palju punkte kui Mika : 4 tükki .,,,|A|AE|AL|AS|AT|AET|ALT|AST|,,alive,,yes,no,no,no,no,no,no,A,a_n50
15388200,24037219,48,kartma,,all,luure,luurele,"( NB ! ma räägin sellest , mis viimase 3 kuu jooksul ekraanilt vastu vaatab !! ) Kui sõjanduse termineid kasutada , siis ma ütleks , et ma ei karda luurele minna ei ateisti , materialisti , kommunisti , budisti ega paljude teistega , kuid ma kardan luurele minna nn südameusulisega .",,,,,,,no,yes,no,no,no,no,no,E,a_n50
12178097,19497807,6,kuluma,,ad,Tonkov,Tonkovil,Sõiduks Santarcangelost San Marinosse kulus Tonkovil aega 31 .,,,,,,,yes,no,no,no,no,no,no,A,a_n50
4542280,7301106,4,ennustama,,all,Kesk-Euroobas,Kesk-Euroopale,Euroopa Komisjon ennustab Kesk-Euroopale tugevat kasvu,,,|L|AL|EL|LS|LT|ALT|ELT|LST|,,,LOC,no,no,no,yes,no,yes,no,L,a_n50
13382333,21406438,19,hakkama,,abl,sihtasutus,sihtasutuselt,"Jaan Ruus leiab : "" On täiesti loomulik , et stuudiod valmistavad projekte ette , aga kui nad sihtasutuselt hakkavad raha tahtma , peab projekt olema ette valmistatud .",,,|A|AE|AL|AS|AT|AET|ALT|AST|,,organisation,,no,no,no,yes,no,yes,no,L,a_n50
16385584,25327322,17,takistama,,el,asutus,asutusest,"Kui isiku üleandmist lõikes 1 ettenähtud tähtaja jooksul takistavad artikli 10 lõikes 1 märgitud asjaomasest pädevast asutusest olenematud asjaolud , teatab mainitud pädev asutus sellest teisele pädevale asutusele .",,,,,,,no,no,no,yes,no,yes,no,L,a_n50
13055351,20889691,10,kujutama,,el,kesklinn,kesklinnast,Ei kujutaks kuidagi lätlaste poolt palavalt armastatud Riia vabadussammast kesklinnast eemal .,,,|L|AL|EL|LS|LT|ALT|ELT|LST|,,location,,no,no,no,yes,no,yes,no,L,a_n50
2463311,3948867,7,hoidma,eemale,el,riigihange,riigihankest,"Suuremad mööblifirmad hoiavad sihtasutuse Eesti Geenivaramu riigihankest eemale , viidates vaba konkurentsi piiratusele .",,,,,,,no,yes,no,no,no,no,no,E,a_n50
11135553,17839480,7,valima,,all,värvitoon,värvitoonile,Valige seinavärvide seast sobiv vastavalt soovitavale värvitoonile ja läikeastmele ning ruumi kasutusotstarbele .,???,,,,,,no,no,no,no,no,no,no,,a_n50
10707347,17158143,2,suutma,,el,kohv,kohvist,Kuumast kohvist jäätise ja riivitud shokolaadiga suudavad vähesed ära öelda .,,,,,,,no,no,no,yes,no,yes,no,L,a_n50
1669713,2658712,4,tuginema,,all,intervjuu,intervjuudele,"Raamat tugineb hulgale intervjuudele Lewinskyga , kes pärast skandaalse armuloo avalikuks tulekut on avalikkuse eest varju tõmbunud .",,,,,,,no,no,no,no,yes,yes,no,L,a_n50
13975017,22247208,10,olema,vaja,all,diiler,diileritele,"Just seetõttu on vaja pikemaid , reaalseid vanglakaristusi just diileritele ja sellisest ettepanekust lähtub ka Res Publica parandusettepanek karistusseadustikku .",,,|A|AE|AL|AS|AT|AET|ALT|AST|,,alive,,yes,no,no,no,no,no,no,A,a_n50
16187050,25100288,8,koostama,,el,territoorium,territooriumidest,"( 3 ) Vabariigi Valitsus koostab nimekirja territooriumidest , mida ei loeta madala maksumääraga territooriumideks , olenemata lõigetes 1 ja 2 sätestatust .",,,|L|AL|EL|LS|LT|ALT|ELT|LST|,,location,,no,no,no,yes,no,yes,no,L,a_n50
4293655,6908231,2,eelistama,,all,diskomuusika,diskomuusikale,Eestimaisele diskomuusikale eelistab ta välismaist .,,,,,,,no,no,no,no,no,no,no,,a_n50
4762638,7648046,22,lõpetama,,all,ohvitser,ohvitseridele,President Arnold Rüütel andis riigikaitse kõrgeima juhina 14. novembril kätte esimesed tunnistused ja akselbandid kindralstaabi kursused ja kõrgemate staabiohvitseride kursused lõpetanud ohvitseridele .,???,"Arnold Rüütel andis riigikaitse kõrgeima juhina kätte esimesed tunnistused ja akselbandid.
See toimus 14. novembril.
Tunnistused ja akselbandid anti ohvitseridele.
Ohvitserid olid lõpetanud kindralstaabi kursused.
Ohvitserid olid lõpetanud kõrgemate staabiohvitseride kursused.",|A|AE|AL|AS|AT|AET|ALT|AST|,,alive,,yes,no,no,no,no,no,no,A,a_n50
5923276,9508816,5,kuuluma,,ill,Sydney,Sydneysse,"Võistupurjetamise teisel etapil Kaplinnast Sydneysse pikka aega keskmike hulka kuulunud jaht leidis soodsa tuule ja ületas kahel päeval järjest regati kiirusrekordi , teatas Spornet .",???,"Võistupurjetamise teine etapp toimus Kaplinnast Sydneysse.
Spornet teatas midagi.
Pikka aega keskmike hulka kuulunud jaht leidis soodsa tuule.
Jaht ületas kahel päeval järjest regati kiirusrekordi.",|L|AL|EL|LS|LT|ALT|ELT|LST|,,location,LOC,no,yes,no,no,no,no,no,E,a_n50
4214160,6781978,10,kindlustama,,all,soovija,soovijaile,""" Eesti Terviserajad projekti raames valminud rajavalgustus kindlustab igale soovijaile jõukohase liikumisvõimaluse just õhtutundidel .",,,|A|AE|AL|AS|AT|AET|ALT|AST|,,alive,,yes,no,no,no,no,no,no,A,a_n50
8665074,13902620,11,avaldama,,el,kõrgharidus,kõrgharidusest,13. jaanuari “ Postimehes ” avaldas professor Vello Kukk mõtteid kõrgharidusest .,,,,,,,no,no,no,no,yes,yes,no,L,a_n50
14313314,22722084,2,vaimustuma,,el,kokakunst,kokakunstist,"Dietrichi kokakunstist vaimustusid režissöör Joseph von Sternberg , Jean Gabin , Erich Maria Remarque , Maurice Chevalier ja paljud teised tolle aja tuntud isiksused .",,,,,,,no,no,no,no,no,no,no,,a_n50
13984631,22261964,4,olema,vaja,ad,Juventus,Juventusel,"Kuigi edasipääsu kindlustanud Juventusel polnud vaja eile pingutada , lubas prantslasest kaitsja Lilian Thuram , et Itaalia meeskond võtab kohtumist tõsiselt .",,,,,,,no,no,no,no,yes,yes,no,L,a_n50
10705219,17154800,25,seadma,,all,kursus,kursustele,"See , kel pendel tuurid üles võttis ( tasub teada , et 95% inimestest hakkab see seadeldis näppude vahel tööle ) , seadis sammud kursustele .",,,,,,,no,yes,no,no,no,no,no,E,a_n50
17575893,26930496,6,vastama,,all,abitaotlus,abitaotlusele,Taotluse saanud lepinguosalise tolliamet vastab abitaotlusele võimalikult kiiresti .,,,,,,,no,no,no,no,no,no,no,,a_n50
8630505,13846789,7,tooma,,all,Piusa,Piusale,"Kõiki kooli töötajaid toob hommikul Petserist Piusale tööle kooli auto , auto viib nad õhtul ka tagasi .",,,|L|AL|EL|LS|LT|ALT|ELT|LST|,,location,LOC,no,no,no,yes,no,yes,no,L,a_n50
1827403,2908846,16,toetuma,,all,informatsioon,informatsioonile,""" Tasakaalukalt valida saab Eesti kodanik üksnes siis , kui ta oma otsuses toetub ausale informatsioonile .",,,,,,,no,no,no,no,yes,yes,no,L,a_n50
1165217,1851259,10,hääletama,,all,tuumajaam,tuumajaamale,Ajalehes Taloussanomat avaldatud küsitlustulemuste kohaselt hääletaks Loviisa ja Olkiluoto tuumajaamale lisaks kolmanda jaama ehitamise poolt 88 saadikut ja 74 oleks vastu .,???,"Küsitlustulemused avaldati ajalehes Taloussanomat.
Küsitluse kohaselt toetaks 88 saadikut kolmanda tuumajaama ehitamist.
74 saadikut oleks kolmanda tuumajaama ehitamise vastu.
Kolmas tuumajaam oleks lisaks Loviisa ja Olkiluoto tuumajaamadele.",,,,,no,no,no,yes,no,yes,no,L,a_n50
1447932,2304408,3,vihjama,,all,hankimine,hankimisele,"Uue auto hankimisele vihjasid pärast hooaja lõppu ka Aleksander Käo ja Aare Ojamaa , paraku pole plaanid veel täitunud .",,,,,,,no,yes,no,no,no,no,no,E,a_n50
14266093,22646538,14,mahtuma,,el,võtteplats,võtteplatsist,"Lisaks hiiglaslikule stuudiole , kuhu mahub nii enamik "" Kodu keset linna "" võtteplatsist kui ka terve "" Kes tahab saada miljonäriks ? "" salvestuspaik , kasutatakse ka lähedalasuvaid pisemaid ruume ja isegi koridori .",,,|L|AL|EL|LS|LT|ALT|ELT|LST|,,location,,no,no,no,yes,no,yes,no,L,a_n50
8252042,13239435,2,koostama,,el,käsitööõpetaja,käsitööõpetajast,Koostasime käsitööõpetajast siseministrile nimekirja selle nädala kõige jubedamatest saatepäevadest .,,,|A|AE|AL|AS|AT|AET|ALT|AST|,,alive,,yes,no,no,no,no,no,no,A,a_n50
9279797,14909378,2,ajama,,all,liigsöömisele-joomine,liigsöömisele-joomisele,"Mitte liigsöömisele-joomisele , see ajab asja hullemaks .",,,,,,,no,no,no,no,no,no,no,,a_n50
2203865,3523972,13,avaldama,,el,lapsetoetus,lapsetoetustest,Oviiri parteikaaslane Keskerakonnast Olev Raju avaldas hiljuti toetust Aino Järvesoo ideele 1000-kroonisest lapsetoetustest .,,,,,,,no,no,no,yes,no,yes,no,L,a_n50
11219988,17977123,8,kavandama,,all,eraõppeasutus,eraõppeasutustele,Järgmiseks õppeaastaks kavandab riik tellimuse esitamist ka eraõppeasutustele .,,,|A|AE|AL|AS|AT|AET|ALT|AST|,,organisation,,no,no,no,yes,no,yes,no,L,a_n50
14514372,22952936,11,jääma,maha,el,erakanal,erakanalist,Lätis on riiklik TV ammu oma esikoha kaotanud ja jääb erakanalist LNT pikalt maha .,,,,,,,no,no,no,yes,no,yes,no,L,a_n50
10150657,16285436,5,tekkima,,ad,Berglund,Berglundil,Esimesed kontaktid Eestiga tekkisid Berglundil kümne aasta eest tänu kohtumisele toonase Eesti Evangeelse Luterliku Kiriku Tartumaa praosti Harald Tammuriga .,,,|L|AL|EL|LS|LT|ALT|ELT|LST|,,,LOC,yes,no,no,no,no,no,no,A,a_n50
10399586,16683528,20,kandma,,all,liider,liidritele,"Palusalu-turniiri tasus siiski jälgida , leidis Põlluste , sest kaasa tegi ka mitmeid soomlasi , kes lähitulevikus võiksid omamaistele liidritele kanna peale astuda .",vigane verb,,|A|AE|AL|AS|AT|AET|ALT|AST|,,alive,,yes,no,no,no,no,no,no,A,a_n50
2232608,3571733,7,piiskama,,el,varu,varudest,"Ei iial , siis piisanuks tema varudest küll ja küll !",,,,,,,no,no,no,yes,no,yes,no,L,a_n50
8902336,14309789,8,vajama,,all,Saaremaa,Saaremaale,Nii vajab Saaremaa ja tegelikult kogu Eesti Saaremaale ilmselt süvasadamat .,,,|L|AL|EL|LS|LT|ALT|ELT|LST|,,location,LOC,no,no,no,yes,no,yes,no,L,a_n50
2004977,3198839,13,leidma,,all,ebameeldivus,ebameeldivustele,"Teadvustades endale ja lähedastele probleemi ning pöördudes arsti poole , leiate lahenduse ebameeldivustele ja võite taas elada täisväärtuslikku elu .",,,,,,,no,no,no,no,no,no,yes,S,a_n50
9973816,15998302,3,õnnestuma,,all,nuhk,nuhkidele,Tänu headele nuhkidele õnnestus sakslastel paljastada palju prantsuse vastupanuliikumise tegelasi ja teiselt poolt rindejoont saadetud luurajaid .,???,,,,,,yes,no,no,no,no,no,no,A,a_n50
7273939,11693204,4,kaugenema,,el,sünniaasta,sünniaastast,Lauljad on oma sünniaastast märkamatult kaugenenud .,,,|T|AT|ET|LT|ST|AET|ALT|AST|ELT|LST|,,time,,no,no,yes,no,no,no,no,T,a_n50
19647597,29217578,8,teadma,,abl,spets,spetsilt,Silent_Trigger: ma n6kse ei tea nii spetsilt,???,,,,,,no,no,no,no,no,no,no,,a_n50
8139755,13065980,5,sillutama,,all,aafriklane,aafriklasele,Poolakast paavst sillutas teed aafriklasele,,,|A|AE|AL|AS|AT|AET|ALT|AST|,,alive,,yes,no,no,no,no,no,no,A,a_n50
161230,268308,7,pühendama,,all,kahtlustus,kahtlustusele,"Kaarel Tarand pühendab ohtralt ruumi skisofreenilisele kahtlustusele , nagu oleksid ETV ja Eesti Raadio üritanud rünnata trükiajakirjandust , aidates “ lobbytööga ” läbi suruda viimatist käibemaksuseaduse parandust .",,,,,,,no,no,no,no,no,no,no,,a_n50
6751914,10861921,1,puuduma,,ad,Christensen,Christensenil,"Christensenil puudub küll erialane haridus , aga seda korvab mitu aastat tehtud uurimistöö .",,,|A|AE|AL|AS|AT|AET|ALT|AST|,,,PER,yes,no,no,no,no,no,no,A,a_n50
1229156,1954759,4,kavatsema,,all,saneerimine,saneerimisele,Vaatamata vaevaliselt kulgenud saneerimisele kavatseb Hansapank Ühinenud Meiereid lähima aastaga müügikõlbulikuks muuta .,???,,,,,,no,yes,no,no,no,no,no,E,a_n50
12051094,19290652,14,mõtlema,,el,kaks,kahest,"Võõrsil viik Lätiga pole ju halb tulemus , aga vähemalt esialgu mõtlen kaotatud kahest , mitte saadud ühest punktist , » teatas Lätiga 2 : 2 viigistanud Eesti jalgpallikoondise kapten Mart Poom .",,,,,,,no,no,no,no,no,no,no,,a_n50
15686620,24476905,7,vedama,,ad,60.,60ndatel,"Meil oli oma punt , kellega 60ndatel tõuloomi vedasime .",,,|T|AT|ET|LT|ST|AET|ALT|AST|ELT|LST|,DATE,,,no,yes,no,no,no,no,no,E,a_n50
762880,1215945,21,kanduma,,all,kanal,kanalile,"Olukorras , kus pea iga päev tuleb juurde uusi , üha spetsialiseeritumaid telekanaleid , kandub rõhk üksikult terviklikult saatelt üle kanalile kui temaatilisele tervikule .",,,,,,,no,no,no,yes,no,yes,no,L,a_n50
13714227,21913276,13,pelgama,,el,bürootöötaja,bürootöötajaist,"Kasulike näpunäidete loetelu otsustati koostada , kui selgus , et 76percent ; bürootöötajaist pelgab iga-aastast asutuse jõulupidu .",???,,|A|AE|AL|AS|AT|AET|ALT|AST|,,alive,,yes,no,no,no,no,no,no,A,a_n50
6086715,9770366,23,tähistama,,all,Baltimaa,Baltimaadele,"Vaid niimoodi saab võimalikuks kolme Balti riigi ja Venemaa vaheline leppimine , väitis Pflüger , kinnitades , et 9. mai ei tähista Baltimaadele mitte ainult natsionaalsotsialistide diktatuuri lõppu , vaid ka N Liidu okupatsiooni jätkumist .",,,|L|AL|EL|LS|LT|ALT|ELT|LST|,,,LOC,no,no,no,yes,no,yes,no,L,a_n50
13842300,22071703,37,vihjama,,all,hõivatus,hõivatusele,"« Kui proovisaal jääb mitmel päeval tühjaks , siis on see ikka traagika ja mul ei ole praegu selget retsepti , kuidas sellest asjast jagu saada , » vihjab TV3 programmijuht Jüri Pihel näitleja Jan Uuspõllu hõivatusele , proovide ärajäämisele ja sellest johtuvalt ka saate « Jan E. Uuspõld show » arenguruumile .",,,|S|AS|LS|ST|AST|LST|,,state,,no,no,no,no,no,no,yes,S,a_n50
14283627,22675500,12,jaguma,,ad,võim,võimul,"Justiitsminister on maha saanud eelnõuga , mille kohta jagub kriitikat kohalikul võimul ning tavakodanikul , loodan südamest , et tegemist oli lihtsalt mõne ametniku soperdisega , millele ministrihärral polnud aega pilku peale visata ning nüüd katsub ta seda tagantjärele natuke õigustada , et siis maha kanda .",,,,,,,no,no,no,no,no,no,no,,a_n50
7499427,12039212,7,tegema,välja,el,veski,veskist,"Sõnaga , Mart teeb ettevalmistusi hobuse veskist välja toomiseks .",verbi probleem?,,|L|AL|EL|LS|LT|ALT|ELT|LST|,,location,,no,no,no,yes,no,yes,no,L,a_n50
4517676,7262381,2,maalima,,el,aasta,aastast,"1976. aastast , mil te 25-aastasena Kalevis kanda kinnitasite , maalib koguteos "" Korvpall "" üsna masendava pildi : "" 1976. aasta meistrivõistluste eel ei oleks tahtnud küll meie esindusmeeskonna treenerite ( Sokk , Kullam , Krevald ) nahas olla .",???,"Kalev on korvpalliklubi.
Te kinnitasite Kalevis kanda 1976. aastal, kui olite 25-aastane.
Koguteos „Korvpall” maalib üsna masendava pildi.
1976. aasta meistrivõistluste eel oli olukord raske.
Treenerid olid Tiit Sokk, Kullam ja Krevald.
Nende treenerite rollis ei oleks tahtnud olla.",|T|AT|ET|LT|ST|AET|ALT|AST|ELT|LST|,DATE,,,no,no,yes,no,no,no,no,T,a_n50
4618136,7422306,2,jääma,,all,Paldiski,Paldiskile,""" Paldiskile jääks ka 81 miljonist väheks , "" lausus Klaassen .",,,|L|AL|EL|LS|LT|ALT|ELT|LST|,,location,LOC,no,no,no,yes,no,yes,no,L,a_n50
5448705,8735449,6,mõtlema,,el,NATO,NATO-st,Vaid kaks protsenti küsitletuist mõtleb NATO-st positiivselt .,,,|L|AL|EL|LS|LT|ALT|ELT|LST|,,organisation,ORG,no,no,no,yes,no,yes,no,L,a_n50
14094345,22442272,5,mõtlema,,el,eemalejääja,eemalejääjatest,"Aga ma ei mõtle eemalejääjatest , see ei aita .",,,,,,,yes,no,no,no,no,no,no,A,a_n50
932545,1485045,7,kavatsema,,all,osaline,osalisele,"Tallinna linnavalitsus kavatseb ühele pealinna võimuliidu osalisele , vene valimisliidule Rahva Usaldus lähedalseisva firmaga AS Rukon sõlmitud pikaajalise rendileppe ohvitseride majas lõpetada ning edaspidi hakkab hoonet haldama linna haridusamet .",,,,,,,no,no,no,no,no,no,no,,a_n50
5462828,8758527,6,suunama,,all,laienemisstrateegia,laienemisstrateegiale,Vastavalt Nizza tippkohtumisel vastu võetud laienemisstrateegiale suunab läbirääkimisi iga kandidaadi edusammudel põhinev diferentseerimine .,,,,,,,no,no,no,no,no,no,no,,a_n50
6618757,10651089,13,vaimustuma,,el,käsi,kätest,"Olles ise põgusalt suvel meie juures peatunud ja vaimustunud massöör Tiiu osavatest kätest , andis noormees lubaduse , et esimesel võimalusel tuleb ta Tahevasse tagasi ja toob kaasa hea muusiku .",,,,,,,no,no,no,no,no,no,no,,a_n50
7922318,12691785,58,puhastama,,el,silm,silmast,"Lõikasin , Tallinnfilmi rekviisiitide laost laenatud frakk seljas , pikkade aednikukääridega naks ja naks hänna poole lühemaks , seejärel viskasin looga üle kronu turja , surusin ülestõstetud põlve vastu rangi , sikutasin rihmad koomale , kinnitasin rinnuse ja sedelga , sidusin aisad kinni , kammisin harjaga kaeramootori tagumendile maleruudustiku , lükkasin rauad suhu , puhastasin loomal rähma silmast ja juhaidii-aidaa !",,,,,,,no,no,no,yes,no,yes,no,L,a_n50
12249114,19609636,1,mõtlema,,el,eriala,Erialadest,"Erialadest olen mõelnud haldusjuhtimisele , usun , et selline organiseeriv töö sobib mulle .",,,,,,,no,no,no,no,no,no,no,,a_n50
4497064,7230832,5,pruukima,,ad,loom,loomadelgi,"Ja mäng ei pruugi loomadelgi olla vaid selleks , et õppida keskkonnas paremini toime tulema .",,,,,,,yes,no,no,no,no,no,no,A,a_n50
8929949,14354195,4,pettuma,,in,otsesaade,otsesaadetes,"Olen alati pettunud otsesaadetes , milles ainult moepärast korraldatakse otseliin vaatajatega .",,,,,,,no,yes,no,no,no,no,no,E,a_n50
6190913,9940930,21,käima,üle,el,pekk,pekist,"Kahtlen , kas mitte need helbed mu pekki lihtsalt pehmeks ei teinud , et püksid ikka kenasti jalga mahuks , pekist üle käiks .",,,,,,,no,no,no,yes,no,yes,no,L,a_n50
3071177,4929476,4,tulema,,abl,Iirimaa,Ii-ri-maalt,"Se-ni ei ole Ii-ri-maalt amet-lik-ke sig-naa-le võima-li-ke pii-ran-gu-te koh-ta tul-nud , ise-gi sel-lis-te kit-sen-dus-te koh-ta , mis puu-du-ta-vad toi-me-tu-le-ku-toe-tu-si .",,,|L|AL|EL|LS|LT|ALT|ELT|LST|,,location,LOC,no,no,no,yes,no,yes,no,L,a_n50
14613052,23078795,4,algama,,all,aktsiaturg,aktsiaturule,Oktoober algas Venemaa aktsiaturule küllalt korralikus kasvutempos .,,,,,,,no,no,no,yes,no,yes,no,L,a_n50
1139743,1810822,17,tahtma,,el,kadedus,kadedusest,""" Õhulaevadest "" näevad muhameedliku "" kuningas La-lo "" sõdurid , milline heaolu valitseb Sambalas ja kadedusest tahavad ka seda vallutada .",,,,,,,no,no,no,no,no,no,yes,S,a_n50
10630003,17037397,5,vaatama,mööda,el,huvi,huvidest,Ometi vaatasid nad oma huvidest mööda ning otsustasid tarbijaid informeerida .,,,,,,,no,no,no,no,no,no,no,,a_n50
1246641,1982124,12,takistama,,ad,kontrollimine,kontrollimisel,Tallinna majanduspolitsei komissar Jaak Hindriksoni sõnul takistab politsei tegevust kahtlusaluste ettevõtete kontrollimisel tööjõu vähesus .,,,,,,,no,yes,no,no,no,no,no,E,a_n50
10075141,16161934,14,pärinema,,abl,ehitus,ehituselt,"Inseneri tütre esimene isa tööga seotud , sõjaeelne mälestus pärineb hoopis Ulila elektrijaama ehituselt , kui Nikolai Oll väikese Malle ise objektile siirdudes autosse kinni pani .",,,,,,,no,yes,no,no,no,no,no,E,a_n50
10106516,16213027,6,mängima,,el,kahegeim,kahegeimist,Avapäeval mängib iga võistkond viis kahegeimist mängu kuni 15 punktini .,???,,,,,,no,no,no,no,no,no,no,,a_n50
14581395,23030393,2,huvitama,,el,avalik,avalikust,Maailma avalikust ei huvita vene armee teod kusagil nii kauges paigas kui tsetseenia .,???,,,,,,no,no,no,no,no,no,no,,a_n50
8341412,13366537,13,mahtuma,,el,kalevlane,kalevlastest,"Eesti suurima spordiühingu 95. aastapäevale pühendatud võistluste hulka mahub Kalevi päevade raames kalevlastest võrk- ja korvpallurite kohtumisõhtu , mis toimub 5. juulil kell 19 Tallinnas , Mustpeade majas .",???,"Eesti suurimal spordiühingul on 95. aastapäev.
Sellele aastapäevale on pühendatud võistlused.
Võistlused toimuvad Kalevi päevade raames.
Kalevi päevade raames toimub kohtumisõhtu.
Kohtumisõhtul osalevad Kalevi võrkpallurid ja korvpallurid.
Kohtumisõhtu toimub 5. juulil kell 19.
Kohtumisõhtu toimub Tallinnas Mustpeade majas.",|A|AE|AL|AS|AT|AET|ALT|AST|,,alive,,yes,no,no,no,no,no,no,A,a_n50
6071510,9746454,7,kanduma,,all,kes,kellele,"Tema on paraku ka see , kellele kandub üle valitsuse üldine mainelangus .",,,,,,,yes,no,no,no,no,no,no,A,a_n50
8770524,14075613,1,tahtma,,el,kahjum,Kahjumist,Kahjumist tahab ettevõte vabaneda järgmisel aastal .,,,,,,,no,no,no,yes,no,yes,no,L,a_n50
1985194,3166653,8,hakkama,,abl,väliekraan,väliekraanilt,"Pühapäeval puhkes Moskvas vägivallalaine , kui suurelt väliekraanilt Jaapani 1 : 0 võitu Venemaa üle vaadanud inimesed hakkasid laamendama .",,,,,,,no,no,no,yes,no,yes,no,L,a_n50
8485189,13601060,1,koondama,,el,jaoskond,Jaoskondadest,Jaoskondadest ( v.a. Lasnamäe ja Kesklinn ) koondame ühe abikomissari ametikoha .,,,|L|AL|EL|LS|LT|ALT|ELT|LST|,,organisation,,no,no,no,yes,no,yes,no,L,a_n50
13307832,21289893,7,levima,,all,lõunalaius,lõunalaiustele,Põhja-Skandinaaviast ja Norra merelt levib madalrõhuala lõunalaiustele .,,,,,,,no,no,no,yes,no,yes,no,L,a_n50
15360666,23991013,2,tegema,,el,Monaco,Monacost,Ja Monacost viis teid tee Veneetsiasse ?,vale verb?,,|L|AL|EL|LS|LT|ALT|ELT|LST|,,location,,no,no,no,yes,no,yes,no,L,a_n50
15769945,24593917,22,eemalduma,,el,Põhjamaa,Põhjamaadest,"See , mis Eesti isikuandmete kaitse seaduse 1996. ja 2003. aasta redaktsiooniga tehti , annab pigem tunnistust , et eemaldume kõigist Põhjamaadest kosmilise kiirusega .",,,|L|AL|EL|LS|LT|ALT|ELT|LST|,,,LOC,no,no,no,yes,no,yes,no,L,a_n50
4810180,7723629,5,uskuma,,ill,Allah,Allahisse,"Jah , me usume Allahisse .",,,|A|AE|AL|AS|AT|AET|ALT|AST|,,alive,,yes,no,no,no,no,no,no,A,a_n50
1736704,2764772,3,kuuluma,,adit,A-alagrupp,A-alagruppi,"Saporta sarja A-alagruppi kuuluvad peale Kalevi ja Estrelase veel Kaunase Atletas , Polzela Savjnska Hopsi , Varna Cerno More ja Milano Sony .",,,,,,,no,no,no,yes,no,yes,no,L,a_n50
5607212,8990672,3,pettuma,,in,Washington,WASHINGTONIS,USA SAADIKUD WASHINGTONIS PETTUNUD .,,,|L|AL|EL|LS|LT|ALT|ELT|LST|,,location,LOC,no,no,no,yes,no,yes,no,L,a_n50
8765784,14068128,5,jääma,alla,all,Liverpool,Liverpoolile,"Tookord jäi Brugge FC Liverpoolile 0 : 1 alla , meeskonda treenis legendaarne Ernst Happel .",,,|AL|ALT|,,location,ORG,no,no,no,yes,no,yes,no,L,a_n50
2791571,4476563,6,tekkima,,ad,Bamberg,Bambergil,Aastaid Saksamaa paremikku kuulunud Bayeriga Bambergil probleeme ei tekkinud .,,,|A|AE|AL|AS|AT|AET|ALT|AST|,,,ORG,no,no,no,no,yes,yes,no,L,a_n50
5930832,9520823,4,kirjutama,,el,Bordeaux,Bordeaux'st,"Et ma kirjutan Bordeaux'st , siis ehk ei üllata , et kõik need silmatorkavalt rahulolevad härrased juhtusid olema viinamarjakasvatajad .",,,|L|AL|EL|LS|LT|ALT|ELT|LST|,,location,LOC,no,no,no,yes,no,yes,no,L,a_n50
15629919,24386016,17,lisanduma,,all,SKP,SKPle,"Äraseletatult : kui olete teinud investeeringu , s.t. võtnud laenu ja ostnud korteri , siis lisandub SKPle kohe ka see summa , mida võiksite saada korterit välja üürides .",,,|A|AE|AL|AS|AT|AET|ALT|AST|,,,ORG,no,no,no,no,yes,yes,no,L,a_n50
6287059,10100539,6,osutama,,all,eeskuju,eeskujule,"Eutanaasiaaktivistid osutavad Hollandi ja Belgia eeskujule , kus halastussurm on teatud tingimustel arsti kaasabil lubatud .",,,,,,,no,no,no,no,no,no,no,,a_n50
8744620,14036958,23,lootma,,abl,kodupublik,kodupublikult,"Meheliku välimusega prantslanna sõnul lisavad Hingise pressi jõudnud arvamused tema seksuaalse orientatsiooni kohta talle vaid võidutahet , lisaks loodab ta abi ka kodupublikult .",,,|A|AE|AL|AS|AT|AET|ALT|AST|,,alive,,yes,no,no,no,no,no,no,A,a_n50
3191766,5126046,3,tekkima,,all,Tuudi,Tuudile,"Hiljem tekkis Tuudile kolhoosi keskus , siis käisid külanoored seal peol : seitse kilomeetrit sinna ja tagasi .",,,|L|AL|EL|LS|LT|ALT|ELT|LST|,,location,LOC,no,no,no,yes,no,yes,no,L,a_n50
2682147,4302661,33,vaimustuma,,el,laul,laulust,"Osaliselt on see kahtlemata agressiivsus ja provokatiivsus , mis on Curtis J. Jacksonist teinud maailmaklassi kuuluva staari , kelle nime ja mõningaid laule teab ka see , kes pole kunagi ühestki 50 Centi laulust vaimustunud olnud .",,,,,,,no,no,no,no,no,no,no,,a_n50
16944149,26043343,5,kuluma,,ad,OÜ,OÜ-l,Läänemaal 6000 siga kasvataval OÜ-l Linnamäe Peekon kuluks keskkonnakompleksloa nõuete täitmiseks 10 miljonit krooni .,,,|A|AE|AL|AS|AT|AET|ALT|AST|,,organisation,ORG,no,no,no,no,no,no,no,A,a_n50
2075526,3311926,16,ähvardama,,all,ilves,Ilvesele,Usaldusväärse allika andmetel otsis Reiljan enne umbusalduse algatamist üles Rahvaerakonna aseesimehe Vootele Hanseni ja ähvardas Ilvesele ebamugavate faktide avaldamisega .,,,|A|AE|AL|AS|AT|AET|ALT|AST|,,alive,,yes,no,no,no,no,no,no,A,a_n50
4458766,7169644,15,õnnestuma,,all,abipalve,abipalvele,"Eile ei soovinud ükski ametkond veel kirja sisu kommenteerida , samuti ei õnnestunud väidetavale abipalvele kinnitust saada Läti peaministri büroost .",,,,,,,no,no,no,no,no,no,no,,a_n50
573585,907904,11,alustama,,all,leping,lepingule,"Soome ehitusfirma Kalle Jousmaa OY alustab vastavalt eile linnavalitsusega sõlmitud lepingule Kuressaare linnuse vallikraavide puhastustöid , mille käigus esimesel aastal puhastatakse linnuse merepoolsed kraavid .",???,"Soome ehitusfirma Kalle Jousmaa OY alustab Kuressaare linnuse vallikraavide puhastustöid.
Firma alustab töid vastavalt eile linnavalitsusega sõlmitud lepingule.
Tööde käigus puhastatakse esimesel aastal linnuse merepoolsed kraavid.
Kuressaare linnus asub Kuressaares.",,,,,no,no,no,no,no,no,no,,a_n50
8191189,13147369,7,sarnanema,,all,pangaautomaat,pangaautomaadile,"Nn Õhuke Eesti , mis sarnaneks pangaautomaadile bensiinijaama seinas .",,,,,,,no,no,no,yes,no,yes,no,L,a_n50
2048815,3268146,5,tekitama,,in,armee,armees,Mitte-eestlaste kehv riigikeeleoskus tekitab armees pingeid,,,,,,,no,yes,no,no,no,no,no,E,a_n50
11407948,18281923,24,jääma,võlgu,all,liit,Liidule,"Jutt on umbes 2-2 , 5 miljardist dollarist , mis kukutatud Mengistu Haile Mariami režiim jäi just saadud sõjavarustuse eest võlgu veel Nõukogude Liidule .",,,|L|AL|EL|LS|LT|ALT|ELT|LST|,,,LOC,no,no,no,yes,no,yes,no,L,a_n80
3030028,4860257,10,põhjustama,,all,maaomanik,maaomanikele,"Firma peab hüvitiste maksmist õigeks , kuna infrastruktuuriettevõtted põhjustavad maaomanikele kitsendusi ja ebamugavusi .",,,|A|AE|AL|AS|AT|AET|ALT|AST|,,alive,,yes,no,no,no,no,no,no,A,a_n80
4033611,6491937,7,kandma,ette,all,ECRI,ECRI-le,"Ei tea , kes selliseid andmeid ECRI-le ette kannab - ega ometi mustlased ise !",,,,,,,no,no,no,no,yes,yes,no,L,a_n80
10986231,17595840,15,süstima,,ill,hoolealune,hoolealustesse,"Andres Sõber ( Kalev ) : Kartmatu liider , kes sama hoiakut süstis ka hoolealustesse ning kes kogenud mängijate toel ei jäänud vastastele alla ka taktikuna .",,,|A|AE|AL|AS|AT|AET|ALT|AST|,,alive,,yes,no,no,no,no,no,no,A,a_n80
6485006,10429095,22,kehtima,,all,Iraan,Iraanile,"Ma tean , et täieliku kütusetsükli hankimine tähendab , et riik on mõne kuu kaugusel tuumarelvadest , ja see kehtib nii Iraanile kui kõigile teistele .",,,|L|AL|EL|LS|LT|ALT|ELT|LST|,,location,LOC,no,no,no,yes,no,yes,no,L,a_n80
10454252,16764683,3,tegema,,all,Keskerakond,Keskerakonnale,"“ Tegin Keskerakonnale ettepaneku algatada umbusaldusavaldus linnapea Ivi Eenmaale , seda aga ei tehtud .",,,|A|AE|AL|AS|AT|AET|ALT|AST|,,,ORG,no,no,no,no,yes,yes,no,L,a_n80
13862539,22104496,13,põhjustama,,all,suusaliit,suusaliidule,Val di Fiemme MMil epo-hormooni tarvitamisega vahele jäänud Kaisa Varis põhjustas Soome suusaliidule ligi 6 miljoni Eesti krooni suuruse kahju .,,,,,,,yes,no,no,no,no,no,no,A,a_n80
17832366,27223743,8,kinkima,,all,arvuti,arvutile,ma ei kingi ju ventikat ka talle arvutile,,,,,,,no,no,no,no,no,no,no,,a_n80
5169788,8294008,12,tungima,kallale,all,noorpaar,noorpaarile,"Esmaspäeval aga tungis hai paarsada kilomeetri lõuna pool Põhja-Carolina rannikul kallale noorpaarile - mees hukkus , naine on aga tõsiste vigastustega haiglas .",,,|A|AE|AL|AS|AT|AET|ALT|AST|,,alive,,yes,no,no,no,no,no,no,A,a_n80
14253524,22626415,13,laenama,,abl,iseenese,iseendilt,"Arusaamatuses ja pidetuses otsivad siis headki näitlejad laval abi stampžestidest , laenavad iseendilt .",,,,,,,yes,no,no,no,no,no,no,A,a_n80
12407194,19864326,7,tunnistama,,all,kriisiõppus,kriisiõppusele,Teatrijuhtimise praktika tunnistab ta just tänu kriisiõppusele tugevaks .,syntax,,,,,,no,yes,no,no,no,no,no,E,a_n80
6195531,9948684,10,sõnama,,all,portaal,portaalile,"Aeg-ajalt käikase üle lahe lennumasinatega , "" sõnas ta portaalile .",,,|L|AL|EL|LS|LT|ALT|ELT|LST|,,location,,no,no,no,no,yes,yes,no,L,a_n80
3435614,5530981,2,näima,,all,poliitik,poliitikule,"Mõnele poliitikule näib lausa paradiisina , et ettevõtja peab oma maksumäära kinnitamiseks tema juurde tulema .",,,|A|AE|AL|AS|AT|AET|ALT|AST|,,alive,,yes,no,no,no,no,no,no,A,a_n80
8691290,13944108,13,laulma,,all,kokkuhoidlikkus,kokkuhoidlikkusele,"Selles paigas , kus hommikust õhtuni laulsid rohkem kui sada töötajat kiidulaulu kokkuhoidlikkusele , voorusele , harmooniale , korras seedimisele ja kodurahule , hõljus õhus finantstormide , intriigi , lahkhelide , seedehäirete ja abielurikkumise hõngu .",,,,,,,no,no,no,no,no,no,no,,a_n80
6700220,10779557,4,kinkima,,all,andorralas,andorralastele,"Kaks korda kinkis andorralastele palli Urmas Rooba , kuid õnneks karistust ei järgnenud .",,,,,,,yes,no,no,no,no,no,no,A,a_n80
4284529,6893438,4,meenutama,,all,osaleja,osalejatele,"Konverentsi korraldajad meenutasid osalejatele , et Gaza sektori ja Palestiina humanitaarkriisist ei saa üle vaadata .",,,|A|AE|AL|AS|AT|AET|ALT|AST|,,alive,,yes,no,no,no,no,no,no,A,a_n80
13019981,20831554,9,hõikama,,all,kelk,kelgule,« Vilgats ! » hõikab Lauri järgmise võistleja kelgule .,,,,,,,no,no,no,yes,no,yes,no,L,a_n80
13325269,21317380,1,imponeerima,,all,Märt,Märdile,"Märdile aga imponeerib hoopis Müürilehe plakat , millel kujutatud vaid õuna : Lihtne ja lakooniline .",,,|A|AE|AL|AS|AT|AET|ALT|AST|,,,PER,yes,no,no,no,no,no,no,A,a_n80
10527946,16878011,4,pakkuma,,all,Sabonis,Sabonisele,"Trail Blazers pakub Sabonisele aga juba uut , kolmeaastast lepingut hooajapalgaga kuus miljonit dollarit .",,,,,,,yes,no,no,no,no,no,no,A,a_n80
15704690,24505883,7,taotlema,,abl,ERDA,ERDAlt,"Uuemõisa Tehnika tänava kordategemiseks taotles vallavalitsus ERDAlt raha põhjusel , et seal elab kolmandik valla elanikest ja seal on valla peamine tulubaas .",,,|A|AE|AL|AS|AT|AET|ALT|AST|,,,ORG,no,no,no,yes,no,yes,no,L,a_n80
4886221,7844959,15,näitama,,all,ametivend,ametivendadele,"Mõistagi ei maksa eufooriasse sattuda , tuleval kolmapäeval näitavad Shotimaa jalgpallurid ja poolehoidjad kohalikele ametivendadele eurotaset .",,,|A|AE|AL|AS|AT|AET|ALT|AST|,,alive,,yes,no,no,no,no,no,no,A,a_n80
8969953,14421217,7,pressima,välja,abl,kaubitseja,kaubitsejatelt,"Süüdistustelaine , et turu tegevjuhid pressivad kaubitsejatelt põhjendamatult palju raha välja ja kiusavad neid taga , tõusis taas päevakorda pärast detsembri lõpus toimunud pommiplahvatust , milles hukkus üks ja sai vigastada kolm inimest .",,,|A|AE|AL|AS|AT|AET|ALT|AST|,,alive,,yes,no,no,no,no,no,no,A,a_n80
13627899,21792258,9,naeratama,,all,politseinik,politseinikele,"Teine liik on nn püsikunded , kes naeratavad politseinikele järjekordselt vahele jäädes tuttavlikult .",,,,,,,yes,no,no,no,no,no,no,A,a_n80
3226225,5182857,4,põhjustama,,all,energeetik,energeetikutele,"Just kurjategijad põhjustavad energeetikutele lisakulusid , tekitavad vajaduse suurteks investeeringuteks .",,,,,,,yes,no,no,no,no,no,no,A,a_n80
14429044,22853881,4,soovitama,,all,lasteaed,lasteaiale,Tervisekaitsetalitus soovitas Taebla lasteaiale vett tuua mujalt .,,,|A|AE|AL|AS|AT|AET|ALT|AST|,,organisation,,no,no,no,yes,no,yes,no,L,a_n80
11072933,17736942,5,märkima,,all,Eesti,Eestile,"Käesolev aasta on nii Eestile , Lätile kui ka Leedule alles esimene hooaeg NATO liikmelisuse saavutamise aastaprogrammi (  membership action plan  ehk MAP - toim ) raames , märkis peasekretär .",syntax,"Käesolev aasta on Eestile, Lätile ja Leedule esimene hooaeg NATO liikmelisuse saavutamise aastaprogrammi raames.
NATO liikmelisuse saavutamise aastaprogrammi nimetatakse membership action plan’iks (MAP).
Seda märkis peasekretär.",|L|AL|EL|LS|LT|ALT|ELT|LST|,,location,LOC,no,no,no,yes,no,yes,no,L,a_n80
7736111,12402767,7,andma,,all,Cave,Cave'ile,"Idee tavatult roimarohke kauamängiva kokkupanekuks andis Cave'ile tema pikaaegne kaaskonspiraator ja kitarrist Blixa Bargeld pooleteise aasta eest , kui Cave & Bad Seeds salvestasid eelmist pikka plaati “ Let Love In ” .",,,|A|AE|AL|AS|AT|AET|ALT|AST|,,,PER,yes,no,no,no,no,no,no,A,a_n80
4721345,7585107,5,valmistama,,all,UEFA,UEFA-le,"Ta tunnistas , et UEFA-le valmistab muret , kui halvaks on muutunud kohtunike ja mängijate vahelised suhted , eriti kui need lõpevad vägivallaga , nagu seda tihti juhtub madalamates liigades .",,,|A|AE|AL|AS|AT|AET|ALT|AST|,,,ORG,no,no,no,no,no,no,no,A,a_n80
8825925,14174174,24,kuulma,,abl,Peetri,Peetrilt,"Kadumiseks oli aeg suurepärane - kui keegi hakkaks uurima , miks mind kohtus pole ja kus ma üldse olen , siis kuuleks ta Peetrilt , kuidas me koos napsi võtsime ning kuidas ma oma jala peal koju hakkasin minema .",,,|AL|ALT|,,location,PER,yes,no,no,no,no,no,no,A,a_n80
18382880,27868933,17,delegeerima,,all,ringhäälingunõukogu,ringhäälingunõukogule,"Ma kardan , et see küsimus jällegi ennetab tegelikult seda tegevust , mida see seadus delegeerib ringhäälingunõukogule .",,,,,,,no,no,no,no,yes,yes,no,L,a_n80
17832241,27223596,6,käima,peale,all,lint,lintidele,"Suured lindid käivad külge , lintidele käis ka kaas peale , aga see on kadunud .",,,,,,,no,no,no,yes,no,yes,no,L,a_n80
5729662,9189216,13,tungima,kallale,all,naismüüja,naismüüjale,Umbes 45aastane naine tungis Müürivahe tänaval Guitar Safari pubi vastas asuvas kasukapoes naismüüjale kallale kell 13.09.,,,,,,,yes,no,no,no,no,no,no,A,a_n80
2544269,4081815,32,sõitma,otsa,all,Rudolf,Rudolfile,"22.10.2002 kella 10.30 ajal juhtus Pärnus Karja ja Hõbeda tänava ristmikul liiklusõnnetus , kus sõiduauto Opel Omega , mida juhtis Martti ( s. 1968 ) sõitis otsa ülekäigurajal tänavat ületanud Rudolfile ( s. 1926 ) .",,,|A|AE|AL|AS|AT|AET|ALT|AST|,,,PER,yes,no,no,no,no,no,no,A,a_n80
7158192,11514562,1,kommenteerima,,all,EE,EEle,EEle kommenteeris pankade liitumist Hoiupanga juhatuse esimees Olari Taal .,,,|A|AE|AL|AS|AT|AET|ALT|AST|,,,ORG,no,no,no,yes,no,yes,no,L,a_n80
656313,1042879,8,helistama,,all,elanik,elanikele,"Maja teatab vajadusel ise politseisse ja helistab elanikele , kui keegi püüab sisse tungida .",,,|A|AE|AL|AS|AT|AET|ALT|AST|,,alive,,yes,no,no,no,no,no,no,A,a_n80
4020416,6471584,20,lugema,,all,valijamees,valijameestele,"Tehtud on Eesti poliitilises kultuuris pretsedenditu erakondlik kampaaniareis Pärnumaale , kus Rahvaliit presidendi hõlma varjust omavalitsustele ( loe : valijameestele ) rahamägesid ja eurojõgesid lubas .",syntax,,|A|AE|AL|AS|AT|AET|ALT|AST|,,alive,,yes,no,no,no,no,no,no,A,a_n80
7904969,12657543,9,tegema,,all,Harald,Haraldile,"Ja järsku tundis Manda , et oli teinud Haraldile ülekohut .",,,|A|AE|AL|AS|AT|AET|ALT|AST|,,,PER,yes,no,no,no,no,no,no,A,a_n80
7692281,12333295,5,näima,,all,tantsuhitt,tantsuhitile,Prince'i 1982. aastal ilmunud tantsuhitile “ 1999 ” näib aastavahetusega saabuvat uus ( ja oodatud ) tulemine .,,,,,,,no,no,no,no,no,no,no,,a_n80
7047685,11321711,4,müüma,maha,all,eriosakond,eriosakonnale,""" Müüvad meid eriosakonnale maha ? """,,,|A|AE|AL|AS|AT|AET|ALT|AST|,,organisation,,no,no,no,yes,no,yes,no,L,a_n80
14279601,22668717,9,tungima,kallale,all,Dmitri,Dmitrile,Pühapäeval tungisid Narvas Rakvere tänaval kolm noormeest kallale Dmitrile .,,,,,,,yes,no,no,no,no,no,no,A,a_n80
7192259,11568803,14,kasseerima,,abl,Pentagon,Pentagonilt,"Selleks , et vedada 90 senti gallon maksvat bensiini Iraaki , kasseeris firma Pentagonilt 1,59 dollarit .",,,|A|AE|AL|AS|AT|AET|ALT|AST|,,organisation,PER,no,no,no,yes,no,yes,no,L,a_n80
1892072,3014379,10,näima,,all,mis,millele,"Kuigi uus ajajärk võib meid eemale juhtida kuristikust , millele Eesti näis viimastel kuudel järjest kiiremini lähenevat , jäävad mitmed ohud endiselt õhku rippuma .",,,,,,,no,no,no,no,no,no,no,,a_n80
2038914,3255328,3,andma,,all,EBRD,EBRD-le,"Laenuleping annab EBRD-le õiguse tuleva aasta esimesel poolel konverteerida allutatud laen Hansapanga aktsiateks , ütles Hansapanga finantsdirektor Erkki Raasuke .",,,|A|AE|AL|AS|AT|AET|ALT|AST|,,,ORG,no,no,no,no,no,no,no,A,a_n80
1597427,2541923,6,saatma,laiali,all,tellija,tellijatele,"Baranka joke-list saadab aeg-ajalt oma tellijatele laiali siganaljakaid anekdoote , millest enamik küll inglise keeles .",,,,,,,yes,no,no,no,no,no,no,A,a_n80
8068106,12947571,2,tunnistama,,all,Priskild,Priskillale,"Tunnistan Priskillale , et ma ei ole juutide vandenõust kunagi midagi kuulnud .",,,|A|AE|AL|AS|AT|AET|ALT|AST|,,,PER,yes,no,no,no,no,no,no,A,a_n80
2342833,3753052,2,kompenseerima,,all,seadus,seadusele,"Vastavalt seadusele kompenseerib kohalik omavalitsus investeeringud teedeehitusse , drenaaži ja tänavavalgutusse , juhul kui need on avalikus kasutuses või kui ei lepita kokku teisiti .",syntax,,,,,,no,no,no,no,no,no,no,,a_n80
2970206,4764348,3,kütma,,all,tema,neile,""" Kütsime neile sauna ka rõivistusse , "" muheles Aivar Pohlak .",,,,,,,yes,no,no,no,no,no,no,A,a_n80
12211695,19550360,16,uurima,,abl,see,sellelt,"Miks Romeo Kalda elu läks just nii , nagu ta läinud on , uuris Toimik sellelt ühelt Eestimaa ohtlikumalt kurjategijalt endalt .",???,"Toimik uuris Romeo Kalda käest tema elu kohta.
Romeo Kalda on üks Eestimaa ohtlikumaid kurjategijaid.
Tema elu on läinud nii, nagu see on läinud.",,,,,yes,no,no,no,no,no,no,A,a_n80
9975055,16000359,9,laulma,,all,vokk,vokile,"Öösiti ning varahommikuti käsitööd tehes on ta laulnud vokile , kerilauale ja kõigile muudele asjadele .",,,,,,,no,no,no,no,yes,yes,no,L,a_n80
4649409,7472034,10,lugema,,all,õpilane,õpilastele,"Alustuseks luges Ruitlane publikuks kutsutud 7.-9. klassi õpilastele mõned enda luuletused , Albert Gulk asus aga suurele paberilehele oma hetkemeeleolu joonistama .",,,|A|AE|AL|AS|AT|AET|ALT|AST|,,alive,,yes,no,no,no,no,no,no,A,a_n80
12232139,19583089,10,valmistama,,all,armastaja,armastajale,"Eriretsepti järgi tehtud sealiha punases kastmes valmistab teravate maitsete armastajale pisukese pettumuse portsjon on küll igati kopsakas ja liha parajalt pehmeks hautatud , aga vürtsikust jääb väheks .",,,,,,,yes,no,no,no,no,no,no,A,a_n80
12237660,19591715,23,andma,üle,all,Siimann,Siimannile,"Vähi nentis , et kaks aastat Toompeal olid rasked , kuid tulemuslikud , ja kinnitas , et annab peaministri järje kerge südamega Siimannile üle .",,,|A|AE|AL|AS|AT|AET|ALT|AST|,,,PER,yes,no,no,no,no,no,no,A,a_n80
846700,1349445,19,hüvitama,,all,sõiduauto,sõiduautole,"Hummali tegevuse tagajärjel jäi tema osalusega OÜle Humle tekkimata kahju , kuna Võru linnavalitsus hüvitas OÜ Humle poolt sõiduautole Volvo S40 1,8 varem tehtud kulutused 115.201 , 85 krooni ulatuses .",,,,,,,no,no,no,yes,no,yes,no,L,a_n80
11849203,18962736,2,mõjuma,,all,aru,arule,Naisterahva arule ei mõju ükski ilm ( ühe tartlase tähelepanek ) .,,,,,,,no,no,no,no,no,no,no,,a_n80
7082461,11386542,8,tunnistama,,all,poeg,pojale,"Ühel nõrkushetkel tunnistab Maria Aleksandrovna oma vanemale pojale , kes on tolle tõeline isa .",,,,,,,yes,no,no,no,no,no,no,A,a_n80
18001689,27393337,15,rääkima,ära,all,põli,põlvedele,"Nii mõnigi tollaste sündmuste asjaosaline võiks endalt küsida , kas ta on ikka järeltulevatele põlvedele ausalt ära rääkinud , mis Võrus 21. oktoobril 1987 juhtus .",,,,,,,no,no,no,no,yes,yes,no,L,a_n80
2737810,4391255,13,lugema,,all,nooruk,noorukile,"Tartus Võru tänaval kinnipeetud Audi 80 roolis istunud 1987 aastal sündinud pimedale noorukile luges kaarti kõrvalistuja , kel samuti puudus juhiluba .",,,|A|AE|AL|AS|AT|AET|ALT|AST|,,alive,,yes,no,no,no,no,no,no,A,a_n80
4571330,7347680,2,tasuma,,all,kahekordistumine,kahekordistumisele,"Hindade kahekordistumisele paari kuu jooksul ei tasu loomulikult loota , kuid mõõduka hinnatõusu jätkumine on täiesti reaalne .",,,,,,,no,no,no,no,no,no,no,,a_n80
10820295,17329943,8,mõjuma,,all,diplomaat,diplomaadile,“ Postimehe ” arvates mõjub Venemaa suursaadiku diplomaadile kohatu üliaktiivsus meedia õpetamisel Eesti-Vene niigi habrastele suhetele pärssivalt .,,,,,,,yes,no,no,no,no,no,no,A,a_n80
12264121,19632867,3,sosistama,,all,tina,Tinale,"Ike sosistab Tinale pärast tolle enesetapukatset kiirabiautos kõrva : "" Kui sa ellu ei jää , tapan ma su ära .",,,,,,,yes,no,no,no,no,no,no,A,a_n80
9724402,15603090,8,valmistama,,all,Zabel,Zabelile,"“ Usun , et minu võit valmistas Zabelile ja teistele sprindituusadele paraja üllatuse . ”",,,|L|AL|EL|LS|LT|ALT|ELT|LST|,,,LOC,yes,no,no,no,no,no,no,A,a_n80
1536015,2444551,8,eeldama,,abl,Hansapank,Hansapangalt,"Danil märkis , et antud hinnatase eeldab Hansapangalt juba suhteliselt suurt arengut , seda põhiliselt Läti ja Leedu pangandusturul .",,,|A|AE|AL|AS|AT|AET|ALT|AST|,,,ORG,no,no,no,no,no,no,no,A,a_n80
9538320,15310475,11,helistama,,all,Frishman,Frishmanile,"Fraktsiooni Meie Valik esimees Tatjana Muravjova ütles : “ Olen Frishmanile korduvalt helistanud ja tedaistungitele kutsunud , aga ta pole tulnud .",,,|A|AE|AL|AS|AT|AET|ALT|AST|,,,PER,yes,no,no,no,no,no,no,A,a_n80
7057846,11341038,9,karjuma,,all,uks,uksele,""" Mitte iial ! "" karjus ta kirsipuust uksele .",,,,,,,no,no,no,yes,no,yes,no,L,a_n80
15901007,24737765,17,kasseerima,,abl,filmitäht,filmitähelt,"( Muide , kui Brigitte Bardot'tuleb selle muhameedlase käest vett ostma , kasseerib kaupmees filmitähelt kahekümnekordse hinna ! )",,,|A|AE|AL|AS|AT|AET|ALT|AST|,,alive,,yes,no,no,no,no,no,no,A,a_n80
7972197,12784665,11,kinkima,,all,juut,juutidele,""" Kui Jehoova müüt kõrvale jätta , ei kinkinud käsulaudasidki juutidele mitte abstraktne rahvamass , vaid üks konkreetne inimene , Mooses . """,,,|A|AE|AL|AS|AT|AET|ALT|AST|,,alive,,yes,no,no,no,no,no,no,A,a_n80
11716434,18750734,2,imponeerima,,all,venemaalane,venemaalastele,"Tavalistele venemaalastele imponeerivad järgmistel presidendivalimistel arvatavasti eeskätt need kandidaadid , keda tuntakse raudse käe ja rahvuslike huvide tugevate kaitsjatena .",,,|A|AE|AL|AS|AT|AET|ALT|AST|,,alive,,yes,no,no,no,no,no,no,A,a_n80
3329176,5354106,4,sätestama,,all,toode,toodetele,"Seadus sätestab teatud toodetele , nagu mootorsõidukid ja nende osad , tootja vastutuse põhimõtte .",,,,,,,no,no,no,yes,no,yes,no,L,a_n80
5435058,8714384,41,võimaldama,,all,internetilehekülg,internetilehekülgedele,"Esmaspäeval teatas Saksamaa Juutide Kesknõukogu ( Central Council for Jews ) , et hakkab järjest kohtusse kaebama interneti teenusepakkujaid ( ehk siis Eestis näiteks Eesti Telefon , Tele 2 jne ) , kui need võimaldavad kasutajatel ligipääsu natside ja parem-äärmuslaste internetilehekülgedele .",,,,,,,no,no,no,yes,no,yes,no,L,a_n80
13520518,21624996,3,näima,,all,esindaja,esindajaile,"Teiste spordialade esindajaile näib , et tennisistide eskiis arvestab tennisistide huve .",,,|A|AE|AL|AS|AT|AET|ALT|AST|,,alive,,yes,no,no,no,no,no,no,A,a_n80
16760367,25792956,34,võtma,vastu,abl,keskkond,keskkonnalt,"Mittereligioossele inimesele jäävad moraali ja eetika laeks alati hetkel omaksvõetud ja käibiv tunnustatud moraal ja eetilised normid ( kui tema eetika aluseks peame seda , mis ta on alates lapsepõlvest vastu võtnud ümbritsevalt keskkonnalt ) .",,,,,,,no,no,no,yes,no,yes,no,L,a_n80
9509493,15266336,9,kandma,ette,all,Beale,Beale'ile,"Ta lubas , et kannab järgmisel hommikul mr . Beale'ile tema loo veel kord ette .",,,,,,,yes,no,no,no,no,no,no,A,a_n80
3900385,6282179,1,nähtuma,ette,all,linnapea,Linnapeale,"Linnapeale , abilinnapeale , linnaosa vanematele ja linnasekretärile on ette nähtud 250 liitrit bensiini kuus , teistele autokasutajatele 200 liitrit .",,,|A|AE|AL|AS|AT|AET|ALT|AST|,,alive,,yes,no,no,no,no,no,no,A,a_n80
11485283,18398067,14,tulema,järele,all,narkokohver,narkokohvrile,"Keskkriminaalpolitsei ja piirivalve vahistasid mehed 20 . märtsil Tallinna lennujaama juures , kui nad narkokohvrile järele tulid .",,,,,,,no,no,no,yes,no,yes,no,L,a_n80
9361911,15036299,1,pakutama,,all,investeering,Investeeringutele,Investeeringutele pakutavad maksuvabadused on pannud riigid eriti teravalt konkureerima kapitalimaksude rindel .,verb,,,,,,no,no,no,no,yes,yes,no,L,a_n80
3567554,5745009,15,mõjuma,,all,alustaja,alustajale,"Arvan , et mitte ainult kirjandusolude süül , ehkki raamatu avaldamise perspektiivitus mõjub ju alustajale väga muserdavalt .",,,|A|AE|AL|AS|AT|AET|ALT|AST|,,alive,,yes,no,no,no,no,no,no,A,a_n80
7733668,12399018,12,mängima,ette,all,lasteaialaps,lasteaialastele,"Veike rääkis , et kui ta sämplitud , diskorütmis tümpsuvat lauluversiooni lasteaialastele ette mängis , veendus ta , et see meeldib lastele .",,,|A|AE|AL|AS|AT|AET|ALT|AST|,,alive,,yes,no,no,no,no,no,no,A,a_n80
17984751,27366893,2,helistama,,all,1545.,1545-le,"Kui 1545-le helistanud inimene saab kätte automaatvastaja ja helistab rahulolematusest siiski ka lühiinfonumbritele 1182 või 1188 , ühendatakse ta piirkondliku dispetšeriga või antakse talle tolle number .",,,,,,,no,no,no,no,no,no,no,,a_n80
10062734,16140806,5,nähtuma,ette,all,ostja,ostjaile,"Vesse Maksimarketis on rõivaste ostjaile ette nähtud vaid kolm proovikabiini , millel on väga huvitava disainiga uksed .",,,|A|AE|AL|AS|AT|AET|ALT|AST|,,alive,,yes,no,no,no,no,no,no,A,a_n80
5376970,8624239,11,mõistma,,all,kohtutäitur,kohtutäiturile,"Justiitsminister Märt Rask mõistis eile esmakordselt Eestis 50 000-kroonise rahatrahvi kohtutäiturile , kes nõudis oma klientidelt ebaseaduslikku ettemaksu .",,,|A|AE|AL|AS|AT|AET|ALT|AST|,,alive,,yes,no,no,no,no,no,no,A,a_n80
8667361,13906185,12,garanteerima,,all,partner,partnerile,"“ Hinda , turgu , laene ega äriprojekti tasuvust Eesti oma partnerile selle lepinguga ei garanteeri , ” ütles Leimann .",,,|A|AE|AL|AS|AT|AET|ALT|AST|,,alive,,yes,no,no,no,no,no,no,A,a_n80
4510113,7250656,1,meenuma,,all,Sirje,Sirjele,"Sirjele meenus järsku , et Timil on ju ka teine vanaema , äkki peaks talle helistama ja ütlema , et ta on vanaemaks saanud .",,,,,,,yes,no,no,no,no,no,no,A,a_n80
5715257,9167115,12,mõistma,,all,tsivilisatsioon,tsivilisatsioonile,"Ta mõistab otseselt hukka Euroopa tsivilisatsiooni vägivaldse pealesundimise "" teisele "" tsivilisatsioonile - tollase "" tsivilisatsioonide kokkupõrke "" , mille autorit kindlaks teha on märksa lihtsam kui tänapäeval tuvastada , kes ikka seisis USA-le korraldatud terrorirünnaku taga .",hukka verb_comp?,,,,,,no,no,no,no,no,no,no,,a_n80
11713317,18745885,7,tegema,,all,Belgrad,Belgradile,"USA president Bill Clinton tegi üleeile Belgradile veel ühe hoiatuse , kinnitades , et aeg ÜRO resolutsiooni täitmiseks hakkab ümber saama .",,,|L|AL|EL|LS|LT|ALT|ELT|LST|,,location,LOC,no,no,no,yes,no,yes,no,L,a_n80
2855890,4579567,6,kinkima,,all,alkoholireklaamija,alkoholireklaamijatele,"Remsu väitel kingib riik muudatusega alkoholireklaamijatele tunni kõige magusamat eetriaega , vahendas  Terevisiooni uudiseid .",,,,,,,yes,no,no,no,no,no,no,A,a_n80
1347394,2142337,24,kuuluma,,all,Bush,Bushile,"Selle hagiga tahavad nad Bushi edu suurendada , kuna enamik neist sedelitest oli tulnud USA relvajõududelt ning nende eelistus kuulub enamalt jaolt just Bushile .",,,|A|AE|AL|AS|AT|AET|ALT|AST|,,,PER,yes,no,no,no,no,no,no,A,a_n80
106819,179972,1,meenutama,,all,Krüger,Krügerile,"Krügerile meenutas ta töölevõtmine sõjamehe pajatusi Velikije Lukist : midagi pole teha , ridasid tuleb täiendada .",,,,,,,yes,no,no,no,no,no,no,A,a_n80
14909473,23425399,22,tagastama,,all,hageja,hagejale,"( 2 ) Kui hageja tasus kohtu määratud rahasumma hagi tagamisega tekkida võiva kahju hüvitamiseks kohtu arvele , tagastab kohus raha hagejale , kui kostja ei ole esitanud hagi kahju hüvitamiseks ühe kuu jooksul tema vastu esitatud hagi rahuldamata jätmise otsuse jõustumisest .",,,,,,,yes,no,no,no,no,no,no,A,a_n80
4499428,7234407,9,soovitama,,all,kiirustaja,kiirustajatele,Tema hinnangul toovad kõrvalteed ajakulu ja neid ta kiirustajatele ei soovita .,,,,,,,yes,no,no,no,no,no,no,A,a_n80
4910536,7884394,13,laenama,,abl,Rožoki,Rožokilt,"Kannatanu Ene Tšernõštšuk tunnistas kohtule , et on oma ammuselt healt tuttavalt Rožokilt korduvalt oma firma jaoks suuri summasid laenanud ning on talle senini umbes 8000 USA dollarit ehk ligikaudu 133.000 Eesti krooni võlgu .",,,|L|AL|EL|LS|LT|ALT|ELT|LST|,,,LOC,yes,no,no,no,no,no,no,A,a_n80
2926024,4690865,11,väljastama,,all,lapsevanem,lapsevanematele,"Kooli sekretär Lidia Landra kinnitas , et jätkuvalt on ta lapsevanematele ka vana traditsiooni kohaselt väljastanud tõendeid , millega pensioniametisse pöörduda .",,,|A|AE|AL|AS|AT|AET|ALT|AST|,,alive,,yes,no,no,no,no,no,no,A,a_n80
10000631,16042033,9,meenutama,,all,tee,teedele,"Auklikule Pärnu maanteele jõudes meenutasid soomlased reise Venemaa teedele , mis klopib peaaegu hambad suust välja .",,,,,,,no,no,no,yes,no,yes,no,L,a_n80
9683538,15539691,5,lugema,,all,kõikumine,kõikumistele,Lugesin keskpankurite reageeringutest hiljutistele kõikumistele maailma finantsturgudel .,syntax,,,,,,no,no,no,no,no,no,no,,a_n80
3424602,5512812,10,andma,peksma,all,oma,omadele,"Idasakslased plaksutavad hea meelega kuuldes , kuidas Wolf lääne omadele spioonilahingutes peksa andis .",,,,,,,yes,no,no,no,no,no,no,A,a_n80
9275590,14903174,3,kuuluma,,all,Bosnia,Bosniale,Poolaeg kuulus Bosniale 56 : 39.,,,|L|AL|EL|LS|LT|ALT|ELT|LST|,,location,LOC,no,no,no,yes,no,yes,no,L,a_n80
4963673,7969629,20,toppima,,all,mängumaa,mängumaale,"Otsuse , kes seal on teeb Isamaaliit ja kuni ei ole tegemist tõsise kuritahtlusega Reformierakond oma nina teiste erakondade mängumaale ei topi .",,,,,,,no,no,no,yes,no,yes,no,L,a_n80
8389665,13444950,21,annetama,,all,tempel,templile,"Viimane edukas müügikampaania kandis pealkirja “ Miljonär igaveseks ” , mis tähendas , et kui oma eluajal annetad iga kuu templile 400 Eesti krooni , saad kõigis oma järgmistes eludes olla rikas inimene .",,,,,,,no,no,no,yes,no,yes,no,L,a_n80
74178,126706,3,halastama,,all,see,sellele,"“ Kui sellele halastavad , siis halastavad . ”",,,,,,,no,no,no,no,no,no,no,,a_n80
16583385,25557931,24,põhjustama,,all,kasutus,kasutusele,"b ) ohutu toode - iga toode , mis tavalistes või eeldatavates kasutustingimustes , sealhulgas kasutusaeg , ei põhjusta riske või põhjustab toote kasutusele vastavalt minimaalset riski , ning mida loetakse aktsepteeritavaks ning inimeste ohutuse ja tervise kaitse kõrgele tasemele vastavaks , võttes eelkõige arvesse järgmisi punkte :",???,"Ohutu toode on iga toode.
Ohutu toode ei põhjusta riske tavalistes kasutustingimustes.
Ohutu toode ei põhjusta riske eeldatavates kasutustingimustes.
Ohutu toode võib põhjustada ainult minimaalset riski.
Minimaalne risk vastab toote kasutusele.
Ohutu toodet loetakse aktsepteeritavaks.
Ohutu toodet loetakse inimeste ohutuse ja tervise kaitse kõrgele tasemele vastavaks.
Seda hinnatakse arvesse võttes mitmeid punkte.",,,,,no,no,no,no,no,no,no,,a_n80
6454165,10377531,4,soovitama,,all,beibe,beibele,"Esimesele kohtingule tulnud beibele ei soovitaks seda tellida , sest krõbedat saia noaga saagides on oht , et selle tükid värskele peikale sülle lendavad .",,,|A|AE|AL|AS|AT|AET|ALT|AST|,,alive,,yes,no,no,no,no,no,no,A,a_n80
7259354,11673552,6,rääkima,ära,all,tudeng,tudengile,"Põhupäisemad olid viisakad ja rääkisid tudengile ära , mis nad arvasid .",,,|A|AE|AL|AS|AT|AET|ALT|AST|,,alive,,yes,no,no,no,no,no,no,A,a_n80
1141241,1813320,4,näitama,,all,Toompea,Toompeale,Nõukogu näitas ka Toompeale trääsa .,,,|A|AE|AL|AS|AT|AET|ALT|AST|,,,ORG,no,no,no,yes,no,yes,no,L,a_n80
18553232,28083547,1,soovitama,,all,kõvaketas,Kõvakettale,"Kõvakettale , kus Linux ise asub , ei soovita seda panna .",syntax,"Seda ei soovitata panna kõvakettale.
Linux ise asub kõvakettal.",,,,,no,no,no,yes,no,yes,no,L,a_n80
8307493,13316315,4,kehtima,,all,katoliiklane,katoliiklastele,Teatavasti kehtisid Euroopas katoliiklastele kaua kitsendused raha intressidega äritsemisel .,,,|A|AE|AL|AS|AT|AET|ALT|AST|,,alive,,yes,no,no,no,no,no,no,A,a_n80
10577318,16954531,1,soovitama,,all,Margit,Margitile,Margitile soovitas Mägar koos paki vastu antud kviitungitega Eesti Posti poole pöörduda .,,,|A|AE|AL|AS|AT|AET|ALT|AST|,,,PER,yes,no,no,no,no,no,no,A,a_n80
9012778,14490858,25,tasuma,,all,majandussuhted,majandussuhetele,"Äsja Mordvast naasnud Eesti Moskva-suursaadik Tiit Matsulevitsh arvab , et Eesti ei peaks suhtluses soome-ugri sugulasrahvastega piirduma vaid kultuurikoostööga , vaid mõelda tasuks ka majandussuhetele .",???,"Eesti Moskva-suursaadik Tiit Matsulevitš naasis äsja Mordvast.
Tiit Matsulevitš arvab midagi.
Eesti ei peaks suhtluses soome-ugri sugulasrahvastega piirduma ainult kultuurikoostööga.
Tasuks mõelda ka majandussuhetele.",,,,,no,no,no,no,yes,yes,no,L,a_n80
10542477,16898925,7,tegema,välja,all,jüts,jütsidele,Lisaks rahale teeb linnaosa paljulapseliste perede jütsidele välja jõuluetenduse Nukuteatris .,,,|A|AE|AL|AS|AT|AET|ALT|AST|,,alive,,yes,no,no,no,no,no,no,A,a_n80
6419697,10320614,9,mõjuma,,all,EL,EL-ile,"Debatt , mis sellisele otsusele eelneks , mõjuks EL-ile harakirina , eriti kui süüdlaseks osutuks mõni uus liikmesriik .",,,|A|AE|AL|AS|AT|AET|ALT|AST|,,organisation,ORG,no,no,no,no,yes,yes,no,L,a_n80
1514919,2410588,3,helistama,,all,iga,igale,""" Helistasin igale poole .",???,,,,,,no,no,no,no,no,no,no,,a_n80
7390748,11862675,8,laenama,,abl,Tamjärv,Tamjärvelt,Otsisin välja oma viimased kohvioad ja laenasin Tamjärvelt veski .,,,|A|AE|AL|AS|AT|AET|ALT|AST|,,,PER,yes,no,no,no,no,no,no,A,a_n80
17514698,26853056,5,kehtima,,all,krediidiasutus,krediidiasutustele,Litsentseerimise tingimused kehtivad kõikidele krediidiasutustele kogu tegutsemisaja jooksul .,,,|A|AE|AL|AS|AT|AET|ALT|AST|,,organisation,,no,no,no,yes,no,yes,no,L,a_n80
16294686,25232919,2,soovitama,,all,386,386-tele,"Vanematele 386-tele soovitaksin Win 3.1 või Win 3.11 , aga ka loomulikult vana head dosi , koos norton commanderiga .",,,,,,,no,no,no,no,no,no,no,,a_n80
1237765,1967735,6,andma,üle,all,astronaut,astronautidele,Homme õhtul annab Putin Prantsuse astronautidele üle Venemaa kõrged riiklikud autasud .,,,|A|AE|AL|AS|AT|AET|ALT|AST|,,alive,,yes,no,no,no,no,no,no,A,a_n80
8475395,13584896,16,tasuma,,all,Hiina,Hiinale,"“ Aga ma ei oleks sellele kindlasti alla kirjutanud , sest peab tajuma , miks Hiinale ei tasu Tiibeti peale soola raputada ja Venemaale pole mõtet Tshetsheeniale soola raputada .",???,"Ta ei oleks sellele kindlasti alla kirjutanud.
Tuleb tajuda, miks Hiinale ei tasu Tiibeti peale soola raputada.
Venemaale ei ole mõtet Tšetšeenia peale soola raputada.",|L|AL|EL|LS|LT|ALT|ELT|LST|,,location,LOC,no,no,no,yes,no,yes,no,L,a_n80
3630939,5847365,7,rentima,,all,TSL,TSL-ile,Kas SLK juba mitte ei ole TSL-ile laeva rentinud ?,,,|A|AE|AL|AS|AT|AET|ALT|AST|,,,ORG,no,no,no,no,no,no,no,A,a_n80
8323329,13339991,12,minema,lahku,el,vorm,vormist,"Raidmets ei talu oma kodus mingit šokiteraapiat , kus sisu läheb vormist lahku .",,,,,,,no,no,no,no,no,no,no,,a_n80
11629445,18616523,25,pärima,,abl,teleinimene,teleinimeselt,"Hoolimata sellest , et Spearsi debüütlaul "" Baby One More Time "" troonis Austraalia singlitabeli tipus üheksa nädalat , päris Britney ülekande lõpus ühelt teleinimeselt "" Kus see Austraalia õigupoolest on ? "" , arvates , et ülekanne on juba läbi .",,,,,,,yes,no,no,no,no,no,no,A,a_n80
904488,1440888,12,minema,kallale,all,õpetaja,õpetajale,""" Mikk pidi koolist välja lendama , sest ta läks loodusõpetuse õpetajale kallale , mispeale õpetaja pidi aknast välja ronima , "" rääkis poiss .",,,,,,,yes,no,no,no,no,no,no,A,a_n80
834541,1330180,19,tunnistama,,all,raadio,Raadiole,"Kreeka-rooma maadluses kuni 69 kiloste meeste seas neljanda koha saanud Valeri Nikitin ( pildil ) tunnistas usutluses Eesti Raadiole , et jäi tulemusega rahule .",,,|A|AE|AL|AS|AT|AET|ALT|AST|,,,ORG,no,no,no,no,no,no,no,A,a_n80
7670916,12299635,4,lugema,,all,Savisaar,Savisaarele,Aga ega see Savisaarele loe .,,,|A|AE|AL|AS|AT|AET|ALT|AST|,,,PER,yes,no,no,no,no,no,no,A,a_n80
1533060,2439715,7,kirjutama,välja,all,sõitja,sõitjale,"Uue korra järgi kirjutab kontrolör piletita sõitjale välja trahvinõude , mille alusel tasub seaduserikkuja trahvi panka .",,,|A|AE|AL|AS|AT|AET|ALT|AST|,,alive,,yes,no,no,no,no,no,no,A,a_n80
1959553,3124405,4,andma,üle,all,klubi,klubile,Karika enda andis klubile üle Pärkma tütar Helve Tähe .,,,,,,,no,no,no,yes,no,yes,no,L,a_n80
959043,1527773,4,märkima,,all,agentuur,agentuurile,"Süüria analüütikud märkisid agentuurile AP , et viimane lahing Iisraeliga on Liibanonil siiski veel pidamata , sest Iisrael ei taha lahkuda Hermoni mäe juures asuvatelt aladelt , nimetades neid Süüria omaks , Liibanon aga peab neid enda omaks .",,,,,,,no,no,no,no,no,no,no,,a_n80
7733244,12398377,9,pärima,,abl,õpetaja,õpetajalt,Tasakaalu huvides pärisime arvamust inspektorite kohta ka kahelt õpetajalt .,,,,,,,yes,no,no,no,no,no,no,A,a_n80
5763583,9245954,21,helistama,,all,Markko,Markkole,"Käisime talle kõvasti peale , et ta ühendust võtaks , kuid kulus kolm või neli kuud , enne kui ta Markkole helistas .",,,|A|AE|AL|AS|AT|AET|ALT|AST|,,,PER,yes,no,no,no,no,no,no,A,a_n80
8627364,13841449,11,tasuma,,all,näit,näidule,Alates järgmisest päevast tasub veemõõtjaga korteriomanik oma veearve vastavalt veemõõtja näidule .,???,,,,,,no,no,no,no,yes,yes,no,L,a_n80
601908,954181,7,kaebama,,all,politsei,politseile,"Hiljuti kaebasid Danesi New Yorgi naabrid politseile , et näitlejatar peab oma korteris lärmakat pidu - tähistati Danesi kallima Ben Lee sünnipäeva - ning et sealt tuleb marihuaanalehka .",,,,,,,no,no,no,yes,no,yes,no,L,a_n80
16710809,25710169,4,pakkuma,,all,Arsenal,Arsenalile,"Pakume täismaja ees Arsenalile kindlasti unustamatu lahingu , » vaatas Valencia poolkaitsja Kily Gonzalez otsustavale duellile .",,,|A|AE|AL|AS|AT|AET|ALT|AST|,,,ORG,no,no,no,yes,no,yes,no,L,a_n80
1075921,1710391,11,võimaldama,,all,konto,kontodele,Loodavad lahendused võimaldavad Swedbanki grupi klientidel mobiilside kaudu juurdepääsu oma kontodele ja teha ülekandeid Ericssoni EPOC-tüüpi mobiiltelefonidega .,???,"Loodavad lahendused võimaldavad Swedbanki grupi klientidel juurdepääsu oma kontodele mobiilside kaudu.
Loodavad lahendused võimaldavad Swedbanki grupi klientidel teha ülekandeid.
Ülekandeid tehakse Ericssoni EPOC-tüüpi mobiiltelefonidega.",,,,,no,no,no,yes,no,yes,no,L,a_n80
13315564,21301682,22,valmistama,,all,kodunenu,kodunenuile,"Lisaks pideva reklaamirünnaku väljakannatamisele pea-vad arvutisaajad ka lubama , et kasutavad internetti kaks aastat ja vähemalt 10 tundi kuus – internetimaailmas kodunenuile ei valmista see viimane aga kindlasti raskust .",,,,,,,yes,no,no,no,no,no,no,A,a_n80
5546970,8894196,10,laenama,,abl,klubi,klubilt,"Mart Poomi koduklubi Derby County laenas algavaks hooajaks Itaalia klubilt AC Milan kaitsemängija Daniele Daino , teatas Sportnet .",,,,,,,no,no,no,yes,no,yes,no,L,a_n80
1241934,1974232,23,lugema,,all,teater,teatrile,"Jaak Allik kinnitas valimiskomisjonile ja kohtumisel kultuuriminister Signe Kiviga , et loeb järgmise 5 aasta jooksul oma esmaülesandeks pühendumist "" Ugala "" teatrile ning loodab selle aja jooksul taastada teatri hea kunstilise taseme , maine ja positsiooni Eesti teatrimaastikul .",???,"Jaak Allik kinnitas valimiskomisjonile midagi.
Jaak Allik kinnitas seda ka kohtumisel kultuuriminister Signe Kivi-ga.
Ta peab järgmise 5 aasta jooksul oma esmaülesandeks pühendumist “Ugala” teatrile.
Ta loodab selle aja jooksul taastada teatri hea kunstilise taseme.
Ta loodab taastada teatri maine.
Ta loodab taastada teatri positsiooni Eesti teatrimaastikul.",,,,,no,no,no,no,no,no,no,,a_n80
79881,136117,19,kinkima,,all,inimsugu,inimsoole,"Kummaliselt ühtib see hüpotees suurelt jaolt vanakreeka müüdiga Prometheusest , kes sai kultuuri esiisaks seeläbi , et kinkis inimsoole tule .",,,|A|AE|AL|AS|AT|AET|ALT|AST|,,organisation,,yes,no,no,no,no,no,no,A,a_n80
4194922,6750944,7,laulma,,all,parteijuht,parteijuhtidele,Miks muidu on rahvad laulnud tänu parteijuhtidele ja muudele ülikutele .,???,,|A|AE|AL|AS|AT|AET|ALT|AST|,,alive,,yes,no,no,no,no,no,no,A,a_n80
5413926,8682422,24,laulma,,all,Martin,Martinile,""" M .. n , m .. n , sa oled ikkagi üks igavene m .. n , "" laulis rusikakangelane suvalisel viisil Martinile näkku ka veel siis , kui juba abituna tänaval lamas , õpetaja kaksiraksi tema seljas .",,,|A|AE|AL|AS|AT|AET|ALT|AST|,,,PER,yes,no,no,no,no,no,no,A,a_n80
5476292,8779609,19,võimaldama,,all,parool,paroolidele,"Hansapanga suhtekorraldusjuhi Ando Noormetsa arvates saab juhtunus süüdi olla vaid klient : "" Kui kontoomanik võimaldab võõraste juurdepääsu paroolidele ja tunnustele , siis nimetaksin seda hooletuseks . """,,,,,,,no,no,no,no,no,no,no,,a_n80
3591153,5782680,15,saama,peksma,abl,isa,isalt,"Rondik tõi näitena koolidirektori , kes läks õpilase koju probleeme lahendama ja sai lapse isalt peksa .",,,|A|AE|AL|AS|AT|AET|ALT|AST|,,alive,,yes,no,no,no,no,no,no,A,a_n80
9899296,15880550,9,rentima,,all,linnaametnik,linnaametnikele,"Tallinna linn kuulutas välja avaliku kirjaliku enampakkumise varem linnaametnikele autosid rentinud aktsiaseltsi Autal aktsiatele alghinnaga 13,5 miljonit krooni .",,,|A|AE|AL|AS|AT|AET|ALT|AST|,,alive,,yes,no,no,no,no,no,no,A,a_n80
9327604,14982284,5,maksma,välja,all,teine,teistele,"Ning maksid sellest rahast teistele välja , ” ütles Aleksandrov .",,,,,,,yes,no,no,no,no,no,no,A,a_n80
416459,648336,8,võtma,ära,abl,muulane,muulastelt,Kristi Tamme sõnul on riigi keelepoliitika paljudelt muulastelt õppimistahte ära võtnud ja stressiga asendanud .,,,|A|AE|AL|AS|AT|AET|ALT|AST|,,alive,,yes,no,no,no,no,no,no,A,a_n80
667318,1060766,17,soovitama,,all,hobune,hobusele,"Õpetuseks neile , kes pikal teekonnal hobustega kohtuma tulevad , soovitab hobuste peremees Kalju Laiapea alustuseks hobusele tere ütelda , et hobune inimest näeks .",???,"Hobuste peremees Kalju Laiapea annab õpetust.
See õpetus on mõeldud neile, kes tulevad pikal teekonnal hobustega kohtuma.
Ta soovitab hobusele alustuseks tere öelda.
Hobusele tuleb tere öelda selleks, et hobune inimest näeks.",,,,,yes,no,no,no,no,no,no,A,a_n80
4988272,8009367,11,tungima,kallale,all,Voldemar,Voldemarile,"16.07.2001 kella 23.20 ajal tungisid Tallinnas Valdeku tänaval Liivakalmistu bussipeatuses Voldemarile ( s. 1948 ) kallale kaks tundmatut vene keelt kõnelevat noormeest , kellest üks lõi kannatanut noaga paremasse reide.",,,|A|AE|AL|AS|AT|AET|ALT|AST|,,,PER,yes,no,no,no,no,no,no,A,a_n80
3227789,5185592,12,meenutama,,all,autor,autorile,Tiheda pruuni paruka ning kähiseva seksika häälega meenutab 30-aastane Graps loo autorile nii Mick Jaggerit kui ka Rod Stewartit .,,,|A|AE|AL|AS|AT|AET|ALT|AST|,,alive,,yes,no,no,no,no,no,no,A,a_n80
2460593,3944552,29,maksma,kinni,all,soojus,Soojusele,"Laanjärve sõnul ajendas linnaosa juhtumit uurima ajakirjanduses esinenud väide , nagu oleks BREM-i oktoobris esitatud nõue Tallinnale tekkinud seoses erastamiseelse kahtlase tehinguga , kus Pae Kinnisvarahooldus maksis Tallinna Soojusele 26,3 miljoni krooni ulatuses kinni Lasnamäe linnaosa valitsuse võlgu .",,,|A|AE|AL|AS|AT|AET|ALT|AST|,,,ORG,no,no,no,yes,no,yes,no,L,a_n80
8389440,13444529,14,karjuma,,all,korrapidaja,korrapidajale,"“ Viige ta ära , muidu viskan aknast alla , ” karjus mees korrapidajale kõrva .",,,|A|AE|AL|AS|AT|AET|ALT|AST|,,alive,,yes,no,no,no,no,no,no,A,a_n80
8725126,14003123,15,tungima,kallale,all,rahvas,rahvale,""" Aga nad murdsid end massist läbi , sest kerjused ei tungi kunagi üllale rahvale päevaajal vägisi kallale ; selliste asjade eest karistab kuningas karmilt .",,,|A|AE|AL|AS|AT|AET|ALT|AST|,,alive,,yes,no,no,no,no,no,no,A,a_n80
11822074,18920423,3,sätestama,,all,kõik,kõigile,"Liiklusseadus sätestab kõigile liiklusvahenditele müranormid , ent millegipärast saavad motikamehed oma riistapikendustega sealt alati läbi .",???,"Liiklusseadus sätestab kõigile liiklusvahenditele müranormid.
Liiklusseadus kehtib kõigile liiklusvahenditele.
Millegipärast saavad motikamehed oma riistapikendustega sealt alati läbi.",,,,,yes,no,no,no,no,no,no,A,a_n80
8824416,14171424,3,ütlema,ära,all,töö,töödele,Ütlesin siiski töödele ja kohtumistele viidates viisakalt ära .,,,,,,,no,no,no,no,yes,yes,no,L,a_n80
697326,1109498,3,tunnistama,,all,ajaleht,ajalehele,"Laar tunnistas ajalehele Postimees , et need lõigud pole tekstis kõige õnnestunumas järjestuses ning pannakse kordustrükis kronoloogilisse järjekorda .",,,,,,,no,no,no,no,yes,yes,no,L,a_n80
4217125,6786567,21,pärandama,,all,ütlemine,ütlemisele,"Teiseks on Blackie Lawlessi juhtimisel paarikümne aasta eest 15 minutit kommertsedu nautinud orkester inimkonnale pärandanud elava kinnituse kunagisele Lou Reedi ütlemisele : üks duur on okei , kaks kisub üle ääre ning kolm on juba džäss .",???,,,,,,no,no,no,no,no,no,no,,a_n80
8916184,14332611,5,võtma,ära,abl,demonstrant,demonstrantidelt,"Eelkontrolli käigus võttis politsei demonstrantidelt ära habemenuge , kette , pistodasid , nuge ja muudki , mida võiks kasutada relvadena .",,,|A|AE|AL|AS|AT|AET|ALT|AST|,,alive,,yes,no,no,no,no,no,no,A,a_n80
6785710,10916503,14,koostama,,all,miljonär,miljonäridele,"Kodulehe andmetel peaks Singh elama Costa del Solis , kus ta koostab "" miljonäridele ja kuulsustele "" horoskoope 1000 dollarit tükk .",,,|A|AE|AL|AS|AT|AET|ALT|AST|,,alive,,yes,no,no,no,no,no,no,A,a_n80
11217792,17973223,3,tasuma,,all,partner,partnerile,Pankrotiga ähvardanud partnerile tasus Lacto võla,,,|A|AE|AL|AS|AT|AET|ALT|AST|,,alive,,yes,no,no,no,no,no,no,A,a_n80
4681426,7521897,7,helistama,,all,Veronika,Veronikale,Kuni ühel ilusal päikesepaistelisel sügispäeval helistas Veronikale natuke nutuse häälega Aarne ja tahtis kokku saada .,,,|L|AL|EL|LS|LT|ALT|ELT|LST|,,,LOC,yes,no,no,no,no,no,no,A,a_n80
10321399,16562198,7,võtma,ära,abl,Reformierakond,Reformierakonnalt,"Sel juhul võtab ta hääli ära Reformierakonnalt , Isamaaliidult ja Mõõdukatelt .",,,|A|AE|AL|AS|AT|AET|ALT|AST|,,,ORG,no,no,no,yes,no,yes,no,L,a_n80
13578487,21712045,5,uurima,,abl,väimees,väimehelt,Pruudi isa uurib tulevaselt väimehelt : ” Kaarte mängid ?,,,|A|AE|AL|AS|AT|AET|ALT|AST|,,alive,,yes,no,no,no,no,no,no,A,a_n80
18712060,28288545,2,maitsma,,all,kebab-kes,KEBAB-kellele,GRILL KEBAB-kellele maitseb ?,,,,,,,yes,no,no,no,no,no,no,A,a_n80
8746312,14039961,4,võimaldama,,all,eraettevõtja,eraettevõtjatele,Brasiilia maksuseadus võimaldab eraettevõtjatele kultuuri spondeerimise puhul soodustusi .,,,|A|AE|AL|AS|AT|AET|ALT|AST|,,alive,,yes,no,no,no,no,no,no,A,a_n80
4157878,6692551,6,esitama,,all,Kennedy,Kennedyle,25 parlamendiliiget esitasid alkoholiprobleeme tunnistanud Kennedyle ultimaatumi .,,,|A|AE|AL|AS|AT|AET|ALT|AST|,,,PER,yes,no,no,no,no,no,no,A,a_n80
11953804,19129713,10,müüma,edasi,all,ameeriklane,ameeriklasele,"Ja hetk hiljem nägin , kuidas too lätlane ühele ameeriklasele komplekti edasi müüs !",,,|A|AE|AL|AS|AT|AET|ALT|AST|,,alive,,yes,no,no,no,no,no,no,A,a_n80
1110536,1765060,5,meenutama,,all,hind,hinnale,Sealjuures meenutas hotellituba soolasele hinnale vaatamata omaaegset Tartu bussijaama võõrastemaja .,syntax,,,,,,no,no,no,no,no,no,no,,a_n80
5036830,8084437,15,kinkima,,all,jalgpallimeeskond,jalgpallimeeskonnale,Saudi Araabia miljardärist prints Al-Walid bin Talal kinkis Araabia superkarikasarjas esimeseks ja teiseks tulnud jalgpallimeeskonnale 113 luksusautot .,,,,,,,no,no,no,yes,no,yes,no,L,a_n80
4569627,7345128,20,nentima,,all,ise,endale,"Lihtsamalt öeldes , hoovõtufaasis kogub heite- või tõukeriist energiat , mis peab olema võimalikult suur , "" nendib Krevald endale lihtsalt mõistetavat tõsiasja .",,,,,,,yes,no,no,no,no,no,no,A,a_n80
44421,76785,27,näitama,,all,arst,arstidele,"Juuni keskel palus endine Black Sabbathi laulja , kes hüpohondrikuna käib iga poole aasta tagant oma tervist kontrollimas , et Sharon end üle kolme aasta samuti arstidele näitaks .",,,|A|AE|AL|AS|AT|AET|ALT|AST|,,alive,,yes,no,no,no,no,no,no,A,a_n80
4689797,7535802,23,meenuma,,all,Kallas,Kallasele,"Alles pärast seda , kui Postimees teatas Kallasele , et toimetuse valduses on tema allkirjaga rahataotluse koopia , meenus see taotlus ka Kallasele .",,,|A|AE|AL|AS|AT|AET|ALT|AST|,,,PER,yes,no,no,no,no,no,no,A,a_n80
750913,1196734,13,karjuma,,all,mees,mehele,"Samuti karjus ta ajakirjaniku silma alla invaliidsustõendi pärast vaidlema läinud ühe silmaga mehele : "" Sul tuleb teine silm ka peast välja torgata . """,,,,,,,yes,no,no,no,no,no,no,A,a_n80
3810649,6138111,12,paluma,,abl,Türgi,Türgilt,"Põhja-Iraagi loodesektsiooni kontrolliv Barzani Kurdi Demokraatlik Partei ( KDP ) palus Türgilt abi , kinnitas Atacanli .",,,|L|AL|EL|LS|LT|ALT|ELT|LST|,,location,LOC,no,no,no,yes,no,yes,no,L,a_n80
11339935,18172727,3,mainima,,all,juht,juhile,"Mainigem uut juhile ja kaassõitjale ettenähtud turvapadja süsteemi PRS ( Programmed Restraint System ) , uue põlvkonna turvavööde koormuspiirikuid ja uut tüüpi pürotehnilisi turvavööde eelpinguteid .",???,"Tuleb mainida uut turvapadja süsteemi PRS (Programmed Restraint System).
See süsteem on mõeldud juhile ja kaassõitjale.
Tuleb mainida uue põlvkonna turvavööde koormuspiirikuid.
Tuleb mainida uut tüüpi pürotehnilisi turvavööde eelpinguteid.",,,,,yes,no,no,no,no,no,no,A,a_n80
14122148,22463278,22,tasuma,,all,hagisumma,hagisummale,"( 3 ) Kohtus menetletavates asjades , kus hageja on riigilõivust vabastatud , tasub hagi rahuldamisel kogu riigilõivu kostja vastavalt rahuldatud hagisummale .",???,"Kohtus menetletavates asjades tasub kostja riigilõivu.
Need asjad on sellised, kus hageja on riigilõivust vabastatud.
Hagi rahuldamisel tasub kostja kogu riigilõivu.
Riigilõiv tasutakse vastavalt rahuldatud hagisummale.",,,,,no,no,no,no,no,no,no,,a_n80
2170730,3467925,15,hõikama,,all,poiss,poistele,""" Nüüd üks väike sutsakas tagumikku ja siis koju , "" hõikab kapten Säre poistele .",,,,,,,yes,no,no,no,no,no,no,A,a_n80
14354515,22783014,9,maksma,tagasi,all,ühendus,ühendusele,Asjaomane toetusesaaja maksab mis tahes valesti makstud raha ühendusele tagasi 12 kuu jooksul sellise otsuse teatavakstegemise päevast .,,,,,,,no,no,no,no,no,no,no,,a_n80
13341994,21344330,6,kompenseerima,,all,töötanu,töötanutele,EVP kompenseeris nii okupatsiooni ajal töötanutele kui ka oma varast ilma jäänud inimestele osaks langenud ebaõiglust .,,,,,,,yes,no,no,no,no,no,no,A,a_n80
2243772,3589413,16,kirjutama,välja,all,koormatu,koormatutele,Samas vähendavad antibeebipillid näiteks munasarja- ning emakavähki haigestumise riski ja naistearstid kirjutavad neid selle pärilikkusega koormatutele profülaktika mõttes välja .,,,|A|AE|AL|AS|AT|AET|ALT|AST|,,alive,,yes,no,no,no,no,no,no,A,a_n80
4368754,7027524,2,virutama,,all,vereimeja,vereimejale,Virutabki vereimejale oma tegelikku jõudu alahinnates rusikaga korraliku matsu .,,,,,,,yes,no,no,no,no,no,no,A,a_n80
4395271,7069495,4,ulatama,,all,kuninganna,kuningannale,"Raekoja platsi laval kuningannale 700 esineja poolt lillesülemi ulatanud kooripoisil Henri Tammail jäid laulud laulmata , sest ta pidi oma tähtsat ülesastet telgis ootama .",,,,,,,yes,no,no,no,no,no,no,A,a_n80
6698523,10776931,29,põhjustama,,all,hooldaja,hooldajatele,"Kui hooldatakse mitut hauaplatsi , aga kasutajaks ei soovita end nende puhul registreerida , jäetakse need esialgu puutumata , juhul kui plats on hooldatud ega põhjusta ka naaberplatside hooldajatele liigset tüli .",,,|A|AE|AL|AS|AT|AET|ALT|AST|,,alive,,yes,no,no,no,no,no,no,A,a_n80
1419560,2258434,30,võtma,ära,abl,kannatanu,kannatanult,"13.09.00 kell 14.40 tulid Tallinnas Tammsaare teel Rootsi kodaniku Bergti ( s.1958 ) juurde umbes 30-aastane blondeeritud juustega naine ja 20-aastane kõhna kehaehitusega mees , kes võtsid kannatanult noa ähvardusel ära 2800 krooni sularaha , jope , mobiiltelefoni Ericsson T28s ja käekella .",,,|A|AE|AL|AS|AT|AET|ALT|AST|,,alive,,yes,no,no,no,no,no,no,A,a_n80
12078798,19335605,3,ulatama,,all,palju,paljudele,Terekätt ulatan paljudele ja hea mäluga inimesena oleks mul nii mõndagi neile meenutada …,,,,,,,yes,no,no,no,no,no,no,A,a_n80
2003575,3196564,14,rentima,,all,mikrobuss,mikrobussile,Lauljanna ning tema kaaslaste sõidutamiseks on kontserti korraldav Eesti Kontsert lisaks kahele Mercedes-Benz mikrobussile rentinud luksuslimusiini Lincoln .,???,"Kontserti korraldav Eesti Kontsert sõidutab lauljannat ja tema kaaslasi.
Eesti Kontsert on rentinud kaks Mercedes-Benz mikrobussi.
Eesti Kontsert on rentinud luksuslimusiini Lincoln.",,,,,no,no,no,no,no,no,no,,a_n80
6286014,10098836,1,kuuluma,,all,Aasia,Aasiale,Aasiale kuulub tulevik .,,,|L|AL|EL|LS|LT|ALT|ELT|LST|,,location,LOC,no,no,no,yes,no,yes,no,L,a_n80
8619086,13826218,7,paluma,,abl,Jumal,Jumalalt,"Selle teadmise tõttu ei palu ma Jumalalt kunagi , et ta teeks õigust , tasuks või leevendaks .",,,|A|AE|AL|AS|AT|AET|ALT|AST|,,,PER,yes,no,no,no,no,no,no,A,a_n80
3358775,5403317,4,pärima,,abl,baarmen,baarmenilt,"Päribki siis Arbuus baarmenilt , et kas 300 krooni eest "" privaati "" saab .",,,|A|AE|AL|AS|AT|AET|ALT|AST|,,alive,,yes,no,no,no,no,no,no,A,a_n80
13855523,22093087,8,minema,lahku,el,Jensen,Jensenist,"Väidetavalt vajas ta raha , kuna oli Jensenist just lahku läinud .",,,|A|AE|AL|AS|AT|AET|ALT|AST|,,,PER,yes,no,no,no,no,no,no,A,a_n80
5349539,8581195,8,maksma,kokku,all,telefon,Telefonile,Rakvere Lihakombinaat maksis jaanuaris kohalikke kõnesid Eesti Telefonile kokku 9760 krooni ulatuses ning riigisiseseid kaugekõnesid 21 746 krooni ulatuses .,,,|A|AE|AL|AS|AT|AET|ALT|AST|,,,ORG,no,no,no,no,no,no,no,A,a_n80
19671104,29228547,7,helistama,,all,aastane,aastastele,helistage või messake kahele poisile 17 aastastele nr 058053904 ja te ei kahetse,???,,|T|AT|ET|LT|ST|AET|ALT|AST|ELT|LST|,DURATION,,,yes,no,no,no,no,no,no,A,a_n80
5262852,8442387,4,soovitama,,all,eratarbija,eratarbijale,"Mida soovitate tavalisele eratarbijale , et infot saada ja õige pakett valida ?",,,,,,,yes,no,no,no,no,no,no,A,a_n80
10556686,16921384,1,lugema,,all,maakataster,Maakatastrile,"Maakatastrile loeb see , milline krunt on enne katastrisse kantud - selle järgi mõõdetakse välja külgnev maa-ala , ehkki piirid ei pruugi olla täiesti täpsed .",,,,,,,no,no,no,yes,no,yes,no,L,a_n80
12040460,19272290,11,maksma,,all,Keila,Keilale,"Kuid kui nõuavad , siis Keila maksab ja mina maksan Keilale - ületulek oli puhtalt minu algatus .",,,|L|AL|EL|LS|LT|ALT|ELT|LST|,,location,LOC,no,no,no,yes,no,yes,no,L,a_n80
16187021,25100272,3,kuuluma,kokku,all,isik,isikule,"4 ) isikule kuulub koos teiste temaga seotud isikutega kokku üle 50% juriidilise isiku aktsia- või osakapitalist , häälte koguarvust või õigusest juriidilise isiku kasumile ;",,,,,,,yes,no,no,no,no,no,no,A,a_n80
12815832,20501280,7,hõikama,,all,tuttav,tuttavatele,“ Sean jalad pedaalidesse ja hõikan tuttavatele tervitusi .,,,,,,,yes,no,no,no,no,no,no,A,a_n80
12043683,19277740,6,kinkima,,all,finišeerija,finišeerijatele,"Sest kui algusaastatel kinkisid noormehed finišeerijatele roosi , siis nüüd ootasid meid kilekotikesed jogurti ja leivaga .",,,,,,,yes,no,no,no,no,no,no,A,a_n80
14263201,22641300,8,laulma,,all,elamu,elamule,"Üle viigipükste ääre valguva kõhukese võbisedes laulab elamule ülistuslaulu ja nendib ohates , et noortel on tänapäeval tõesti raske elupinda leida .",,,|L|AL|EL|LS|LT|ALT|ELT|LST|,,location,,no,no,no,yes,no,yes,no,L,a_n80
6889161,11073422,1,muretsema,,all,mõlema,Mõlemale,"Mõlemale muretsesid vanemad mobiili seetõttu , et teismelist vajadusel kontrollida .",,,,,,,yes,no,no,no,no,no,no,A,a_n80
9405419,15103120,23,näitama,,all,Jüri,Jürile,"Teine juht Jaan koos 40 alpinistiga puhastas teed kividest , täitis sügavaid auke , pani rataste alla kaasa võetud planke , näitas Jürile teed .",,,|AL|ALT|,,location,PER,yes,no,no,no,no,no,no,A,a_n80
1187045,1887084,7,valmistama,,all,koalitsioon,koalitsioonile,""" Mõis on valmistanud ebameeldivusi ka koalitsioonile , umbusaldajate arv pigem suureneb kui väheneb , "" ennustas Savisaar .",,,|A|AE|AL|AS|AT|AET|ALT|AST|,,alive,,no,no,no,yes,no,yes,no,L,a_n80
4647523,7468890,4,tasuma,,all,IMF,IMFile,Jaanuaris tasus Venemaa IMFile 117 miljonit dollarit .,,,|AL|ALT|,,location,ORG,no,no,no,no,no,no,no,A,a_n80
4387330,7056809,2,tasuma,,all,dividendimäär,dividendimäärale,"üksnes dividendimäärale ei tasu aktsiate hindamisel kunagi lootma jääda , sest teistest näitajatest eraldi võetuna ei pruugi see midagi näidata .",???,"Aktsiate hindamisel ei tasu kunagi lootma jääda üksnes dividendimäärale.
Dividendimäär võib eraldi võetuna mitte midagi näidata.
Dividendimäär ei pruugi näidata midagi teistest näitajatest eraldi võetuna.",,,,,no,no,no,no,no,no,no,,a_n80
6886123,11069403,15,näitama,,all,Kadõrov,Kadõrovile,"Vene Avaliku Arvamuse Fond korraldas juunis Tšetšeenia valijate seas küsitluse , mille tulemused näitasid Kadõrovile vaid 11 protsendi suurust toetust .",,,,,,,yes,no,no,no,no,no,no,A,a_n80
324164,505010,4,mõjuma,,all,ese,esemele,Pidevas keskkonnas liikuvale esemele mõjub takistusjõud,,,,,,,no,no,no,no,no,no,no,,a_n80
270948,427916,17,ütlema,ära,all,pakkumine,pakkumistele,"Kui tüüpiline töötaja reservatsioonipalk on märkimisväärselt kõrgem kui tüüpiline palgapakkumine , siis töötaja ütleb ära paljudele pakkumistele ja kulutab rohkem aega tööotsimisele , mille tagajärjel tööpuuduse või mitteaktiivsuse määr kaldub tõusma .",,,,,,,no,no,no,no,no,no,no,,a_n80
10615189,17014059,1,sündima,,el,kontekst,Kontekstist,"Kontekstist lahtikistuna , iseseisva orkestritöö pähe kuulatuna ei sünni “ Kashmiri ” sugugi shedöövriks pidada .",,,,,,,no,no,no,no,yes,yes,no,L,s_n50
9201168,14788766,9,veenduma,,in,tagasivalimine,tagasivalimises,"Saksamaa praegune liidukantsler Helmut Kohl on veendunud oma tagasivalimises , kuigi ei luba valijatele sel aastal majanduskasvu rohkem kui 2,7 protsenti .",,,,,,,no,yes,no,no,no,no,no,E,s_n50
10602658,16995259,6,tulenema,,el,favoriit,Favoriidist,""" See ei tulene mitte Favoriidist , vaid minust , "" märkis Aarma .",,,,,,,no,no,no,yes,no,yes,no,L,s_n50
7624824,12231702,3,sündima,,el,enesedistsipliin,enesedistsipliinist,"Enesekindlus sünnib enesedistsipliinist , õpetab Johnson .",,,,,,,no,no,no,yes,no,yes,no,L,s_n50
3765694,6065540,7,tulenema,,el,ehitus,ehitusest,Ehitustegevuse kasv tulenes elamu- ja infrastruktuuriobjektide ehitusest .,,,,,,,no,yes,no,no,no,no,no,E,s_n50
17646522,26978576,16,viitama,,all,antisotsiaalsus,antisotsiaalsusele,"noh , seal peab olema põhjus , miks süütu ollakse , ning üldjuhul viitab see antisotsiaalsusele ja häbelikkusele ja suhtlemisoskuste puudumisele/vähesusele ehk teatavalt määral puudustele ühiskonnas eksisteerimisel ehk luuserlusele .",,,,,,,no,no,no,no,no,no,yes,S,s_n50
17970721,27344992,8,kahtlema,,in,pauk,Paugus,Tõsiseltvõetavatest astronoomidest ei kahtle tänapäeval keegi Suures Paugus .,,,,,,,no,yes,no,no,no,no,no,E,s_n50
7661626,12284598,3,sattuma,,adit,ajalehetoimetus,ajalehetoimetusse,"Kuidas materjal ajalehetoimetusse sattus , pole teada .",,,,,,,no,no,no,yes,no,yes,no,L,s_n50
7212766,11601530,15,viitama,,all,arengutee,arenguteele,"Tal pole veel kindlust , millega läbida üksteisele järgnevad turniirid , "" viitas Luzgin arenguteele .",,,,,,,no,no,no,yes,no,yes,no,L,s_n50
18016939,27415059,6,tulenema,,el,analüüsimine,analüüsimisest,"Need numbrid tulenevad BRS-i äriplaani analüüsimisest , mitte raudtee uue omaniku konkreetsetest väljaütlemistest .",,,,,,,no,yes,no,no,no,no,no,E,s_n50
4202380,6762421,18,sündima,,el,entusiasm,entusiasmist,"Konkursi külaliseks on Õ-Fraktsiooni liikmed K. Kaer , E. Moora , T. Leht , L. Lippmaa , kes jagavad oma kogemust entusiasmist sündinud filmitegemisest .",,,,,,,no,no,no,no,no,no,yes,S,s_n50
2848785,4568629,5,kahtlema,,in,Tšehhi,Tšehhis,"Euroopa piinamisvastaste komitee kahtleb Tšehhis seksuaalkurjategijate ohjeldamisel kasutatava kastreerimise õiguslikkuses , kuna kurjategijatele pakutakse kastreerimise alternatiivina tähtajatut vangistust .",syntax,"Euroopa piinamisvastaste komitee kahtleb Tšehhis kasutatava kastreerimise õiguslikkuses. 
Kastreerimist kasutatakse seksuaalkurjategijate ohjeldamiseks. 
Kurjategijatele pakutakse kastreerimise alternatiivina tähtajatut vangistust.",|L|AL|EL|LS|LT|ALT|ELT|LST|,,location,LOC,no,no,no,yes,no,yes,no,L,s_n50
11209293,17958152,5,kahtlema,,in,kaitsetahe,kaitsetahtes,Avalikkus kahtleb eesti rahva kaitsetahtes .,,,,,,,no,no,no,no,no,no,yes,S,s_n50
5745672,9215963,4,tulema,välja,el,alateadvus,alateadvusest,"Valus minevik tuleb alateadvusest välja siis , kui temast räägitakse .",,,,,,,no,no,no,yes,no,yes,no,L,s_n50
17460085,26767029,6,johtuma,,el,nimetus,nimetusest,"Seetõttu arvan , et sellest nimetusest iseenesest ei johtu veel mitte midagi halba .",,,,,,,no,no,no,no,no,no,no,,s_n50
20753975,29752760,8,piinlema,,in,armuvalu,armuvalus,muru: irw ei ole vaja ma armuvalus piinlen,,,,,,,no,no,no,no,no,no,yes,S,s_n50
5483939,8791849,9,kahtlema,,in,aidsiteraapia,AIDSiteraapiates,"13. rahvusvahelisel AIDSikonverentsil kahtleb Lõuna-Aafrika president Thabo Mbeki AIDSiteraapiates ning paneb küsimärgi alla , kas HIV ikka on AIDSi põhjustaja .",,,,,,,no,yes,no,no,no,no,no,E,s_n50
3234373,5196400,15,sündima,,el,jätmine,jätmisest,""" Tagantjärele mõeldes võib ju öelda , et ega nüüd midagi selle korralduse täitmata jätmisest ei sündinud , aga kuna päästetööde juht lähtus otsesest ohust , mis oleks võinud seoses rongiliiklusega juhtuda , siis on siis ainest , mille üle arutleda , küllaga , "" märkis Laos .",,,,,,,no,yes,no,no,no,no,no,E,s_n50
3525328,5676753,14,sattuma,,adit,duširuum,duširuumi,""" Ainult tädi elab teises rütmis ja pahatihti satub valel ajal pooleks tunniks duširuumi , "" märgib Andre .",,,|L|AL|EL|LS|LT|ALT|ELT|LST|,,location,,no,no,no,yes,no,yes,no,L,s_n50
19230986,28997035,6,tulenema,,el,etteheide,etteheitest,"Minu küsimus tuleneb põhiseaduskomisjonile tehtud etteheitest , mida ettekandja endale lubas .",,,,,,,no,no,no,no,no,no,no,,s_n50
2642837,4241012,13,sattuma,,adit,kellavärk,kellavärki,"Kogu järgneva kolme tunni ja 33 minuti vältel ei satu selle inimmasina kellavärki ühtegi , isegi väiksematki liivatera .",,,,,,,no,no,no,yes,no,yes,no,L,s_n50
2060056,3286386,3,langema,,adit,eesistujaperiood,eesistujaperioodi,Suurbritannia pooleaastasesse eesistujaperioodi EL-is langeb teatavasti mitme üliolulise protsessi algus .,,,,,,,no,yes,no,no,no,no,no,E,s_n50
13191955,21103968,20,veenduma,,in,kehtestamine,kehtestamises,"AS Tallinna Sadam juhatuse esimees Enn Sarap ütles , et Tallinna Sadam oli juba mitu aastat tagasi veendunud viisavabaduse kehtestamises .",,,,,,,no,yes,no,no,no,no,no,E,s_n50
8116711,13026030,10,viitama,,all,Archimedes,Archimedesele,"Kallas märkis pakile lisatud kirjas , et raudkang viitab Archimedesele , kes tahtis sobiva toetuspunkti olemasolul kangiga maakera liigutada .",,,|A|AE|AL|AS|AT|AET|ALT|AST|,,,PER,yes,no,no,no,no,no,no,A,s_n50
146014,243396,4,muutma,,adit,teenistus,teenistusse,"“ Muutsin suhtumist teenistusse , nõudsin iseseisvat mõtlemist , ” kirjeldab Lillemägi ja lisab , et ka viimane ulatuslik õppus Tapa linnas oli planeeritud rahuvalve ja NATO taktikat silmas pidades .",,,,,,,no,no,no,yes,no,yes,no,L,s_n50
2039079,3255618,8,viitama,,all,arvukus,arvukusele,Demograaf Kalev Kattus on viidanud vanade inimeste arvukusele kui Eesti lähima kümne aasta tõsisemaile sotsiaalprobleemile .,,,,,,,no,no,no,no,no,no,yes,S,s_n50
5042903,8092568,15,langema,,adit,kontekst,konteksti,"Ka reedel Riias lõppenud üliesinduslik Baltimaade e-äri foorum ei langenud ajalises mõttes eriti õnnestunud konteksti - täna ei räägi enam keegi uuest majandusest , milles harjunud seaduspärad ei kehti , ja Internetist , mis vana maailmakorralduse pea peale keerab .",,,,,,,no,no,no,no,yes,yes,no,L,s_n50
7879258,12622240,26,juhinduma,,el,juhis,juhistest,"NSV Liidu ja Eesti hariduspoliitika , sh ajaloo õpetamine juhindus aastatel 1944-1953 peamiselt ÜK ( b ) P Keskkomitee varasematest ( 1934 ) juhistest .",,,,,,,no,no,no,no,no,no,no,,s_n50
19150727,28888133,4,tulenema,,el,bioloogia,bioloogiast,Kas see tuleneb bioloogiast või on siin mõni muu põhimõte ?,,,,,,,no,no,no,no,no,no,no,,s_n50
19107,32874,7,tulema,välja,el,Nightlight,Nightlightist,"Nüüd tahan küll väga , et Nightlightist midagi välja tuleks , ja kui , siis laulan nii kaua , kuni rahvas meid vastu võtab ja pakkumisi on .",,,|A|AE|AL|AS|AT|AET|ALT|AST|,,,PER,no,no,no,yes,no,yes,no,L,s_n50
9110450,14648219,15,langema,,adit,kitsh,kitshi,"Kuid Munize paradoks on , et tema ebaharilik viis kunstiteost kopeerida ei lange sentimentaalsesse kitshi - nagu  à la  ristpistes “ Hommik männimetsas ” puhul üldiselt juhtub - , vaid on vaadeldav camp'i kategooriast lähtudes .",,,,,,,no,no,no,no,no,no,no,,s_n50
3209327,5154888,7,minema,vastu,in,Lihula,Lihulas,""" Aga see , kuidas valitsus Lihulas pimedas salaja vastu läks - see on uskumatu , "" lisas ta .",,,|L|AL|EL|LS|LT|ALT|ELT|LST|,,location,LOC,no,no,no,yes,no,yes,no,L,s_n50
8027634,12880883,3,veenduma,,in,sadam,sadamas,"Veendusin juba sadamas , et Kunigunde võis vihast ja ärritusest , rikkumata vere pulbitsedes rinnus , end laevale kaubelda .",,,|L|AL|EL|LS|LT|ALT|ELT|LST|,,organisation,,no,no,no,yes,no,yes,no,L,s_n50
12362222,19792445,5,sündima,,el,fakt,faktist,"Ulme ei sünni teaduslikust faktist , avastusest , arutleb ta enesekindlalt .",,,,,,,no,no,no,no,no,no,no,,s_n50
8575001,13745036,13,viitama,,all,direktiiv,direktiividele,"Toivo Jürgensoni kinnitusel on viga , et rahandusministeerium viitab pidevalt Euroopa Liidu direktiividele , kuigi Eesti ei ole Euroopa Liidu liige .",,,,,,,no,no,no,no,no,no,no,,s_n50
2625812,4213267,11,langema,,adit,keskpärasus,keskpärasusse,"1950 tuli Argentina esimeseks korvpalli maailmameistriks , kuid langes 1990-ndateni keskpärasusse .",,,,,,,no,no,no,yes,no,yes,no,L,s_n50
1293971,2055691,18,juhinduma,,el,ettepanek,ettepanekutest,Keskhaigla peaarsti Andrus Mäesalu sõnul põhinesid haigla juhtkonna need otsused kirurgiakliiniku ettepanekutel ja juhindusid sotsiaalministeeriumi ravikvaliteedi komisjoni ettepanekutest .,,,,,,,no,no,no,no,no,no,no,,s_n50
8348688,13377758,25,langema,,adit,ecstasy-uim,Ecstasy-uima,"Tamarat tabas ilmutus - tunne , et ta on läbi murdnud ja avastanud “ uue vabadusetunnetuse ” - novembrikuus , kui ta langes esmakordselt Ecstasy-uima ning uppus orgiastilisse prallesse ühel Full Mooni pidudest , kus transimusa üürgab päevad ja ööd läbi .",,,,,,,no,no,no,no,no,no,yes,S,s_n50
1212949,1929243,23,viitama,,all,auk,augule,"Nad lisasid , et ühegi filmimise käigus ei ole ilmnenud midagi niisugust , mis viitaks plahvatuse , kokkupõrke või muu asjaolu põhjustatud augule laevakere veealustes osades .",,,,,,,no,no,no,no,no,no,no,,s_n50
5173316,8299848,8,kahtlema,,in,arukus,arukuses,Paljud üliarukad Mensa liikmed kahtlevad siiski ettevõtmise arukuses .,,,,,,,no,no,no,no,no,no,yes,S,s_n50
652824,1037208,11,saama,lahti,el,enamik,enamikust,"Ehk saaksime just "" töötu sõltumatuse "" rezhiimis hoobilt lahti enamikust "" vastuoludest "" , mis Juske head enesetunnet vasakpoolsuse juures häirivad ?",syntax,"Me saaksime ehk just „töötu sõltumatuse” režiimis hoobilt lahti enamikust „vastuoludest”.
Need „vastuolud” häirivad Juske head enesetunnet vasakpoolsuse juures.",,,,,no,no,no,no,no,no,no,,s_n50
12368797,19802572,8,tulenema,,el,finantssüsteem,finantssüsteemist,"Esmane ja peamine probleem tuleneb puudulikult reguleeritud finantssüsteemist , mis suunab kapitali ebapraktiliselt ning lubab erasektoril koguda liigseid võlgu .",,,,,,,no,no,no,yes,no,yes,no,L,s_n50
10547292,16906467,3,sattuma,,adit,füüsikainstituut,füüsikainstituuti,"Kui sattusin füüsikainstituuti , siis vedas mul eeskätt sellega , et akadeemik Karl Rebane oli seadnud lati kõrgele - ei ole olemas Eesti , Nõukogude Liidu või Tartu teadust , on üks füüsikateadus , ja kõik , mis te teete , peab olema maailmatasemel .",,,,,,,no,no,no,yes,no,yes,no,L,s_n50
10938655,17519840,6,langema,,adit,DaimlerChrysler,DaimlerChrysleri,Isegi koos Smartiga ei lange DaimlerChrysleri keskmine alla 40 eluaasta .,syntax,"DaimlerChrysleri keskmine ei lange alla 40 eluaasta.
Smart kuulub arvestusse. (või: Smart on DaimlerChrysleriga koos.)",,,,,no,no,no,no,no,no,no,,s_n50
8707705,13970105,20,sündima,,el,ahnus,ahnusest,"Kindlasti ei saanud Arasthavani anda käsku tema elanikke tappa ja vägistada ; see pidi olema õela Velzini isetegevus , ahnusest sündinud julmus , pimestav raev ja kadedus , mis oli talt meelemõistuse röövinud .",,,,,,,no,no,no,no,no,no,no,,s_n50
20786,35629,3,tulema,välja,el,garderoob,garderoobist,Ada tuli garderoobist välja .,,,|L|AL|EL|LS|LT|ALT|ELT|LST|,,location,,no,no,no,yes,no,yes,no,L,s_n50
8989861,14453617,17,saama,lahti,el,külmatunne,külmatundest,"Kõik räägivad külmast ja isegi hommikuses vagunis , milles me Montmorency poole loksume , ei saa külmatundest lahti .",,,|S|AS|LS|ST|AST|LST|,,state,,no,no,no,no,no,no,yes,S,s_n50
18431726,27932226,37,juhinduma,,el,tunnetus,tunnetusest,"Vaimne reaalsus ja selle tunnetatud väärtused on meie tavaeludes = enam kohal kui materialist seda oma halvimas unenäoski näha oskab= , ammugi ilmsi tunnistada tahab ja ägedaimgi materialist juhindub ise = sellest vaimsest inspireeritud reaalsuse tunnetusest ja väärtustest pea samamoodi kui usklikud , kes Jumalat tunnistavad .",,,,,,,no,no,no,no,no,no,yes,S,s_n50
12929548,20682950,8,veenduma,,in,ammendumine,ammendumises,Muutuste ettevõtmiseks peab olema veendunud senise süsteemi ammendumises .,,,,,,,no,no,no,no,no,no,yes,S,s_n50
5902999,9475885,4,kahtlema,,in,Iraak,Iraagis,Saddami süüs kahtlevad Iraagis ja mujalgi maailmas aga vähesed .,,,|L|AL|EL|LS|LT|ALT|ELT|LST|,,location,LOC,no,no,no,yes,no,yes,no,L,s_n50
2228433,3564546,14,juhinduma,,el,ühisseisukoht,ühisseisukohast,"Läti välisminister Indulis Beržins ütles , et Läti juhindub oma otsuses Euroopa Liidu ühisseisukohast , mille EL-i välisministrid kujundavad septembris .",,,,,,,no,no,no,no,no,no,no,,s_n50
2032071,3243994,2,veenduma,,in,onkoloogiahaigla,Onkoloogiahaiglas,"Tallinna Onkoloogiahaiglas ja Tallinna Meremeeste Haiglas veendusin , et meditsiinitöötajad ei ole alati selleks , et aidata inimesi , vaid tihti selleks , et patsiente pika kepiga eemale peletada .",,,|L|AL|EL|LS|LT|ALT|ELT|LST|,,organisation,ORG,no,no,no,yes,no,yes,no,L,s_n50
3307566,5318060,17,muutma,,adit,koosseis,koosseisu,"TOKYO , 27. september ( AP-EPLO ) - Jaapani peaminister Junichiro Koizumi muutis esmaspäeval oma kabineti koosseisu , lootes tugevdada oma võimu ja tõsta reformide läbiviimise võimekust .",syntax,"Jaapani peaminister Junichiro Koizumi muutis esmaspäeval oma kabineti koosseisu.
Ta lootis tugevdada oma võimu.
Ta lootis tõsta reformide läbiviimise võimekust.",,,,,no,no,no,no,no,no,no,,s_n50
15898863,24734534,17,veenduma,,in,hüüdlause,hüüdlauses,"Kui miski mind Eesti raamatumaailmas häirib , siis see , et kirjastajad on veendunud laialt levinud hüüdlauses kõik me siin tunneme üksteist ja seetõttu pole ka vaja sõnagi kõnelda raamatute autoritest .",,,,,,,no,no,no,no,no,no,no,,s_n50
6322198,10158153,11,piinlema,,in,närvipinge,närvipinges,"Carter nägi , et litter käis Rootsi väravas ega piinelnud närvipinges",,,|S|AS|LS|ST|AST|LST|,,state,,no,no,no,no,no,no,yes,S,s_n50
19129787,28857684,8,juhinduma,,el,olukord,olukorrast,"Antud momendil on härra Opmann juhindunud praegusest olukorrast , kus ei ole kindlustussüsteemi , vaid on olemas riigimaks , sotsiaalmaks .",,,|S|AS|LS|ST|AST|LST|,,state,,no,no,no,no,no,no,yes,S,s_n50
11186130,17918309,11,viitama,,all,akvarelliharrastus,akvarelliharrastusele,Mall Vahtre näituse pealkiri “ Omaks võetud ” viitab kunstniku akvarelliharrastusele .,,,,,,,no,no,no,no,no,no,no,,s_n50
6428994,10335694,5,viitama,,all,Genosense,Genosense'ile,"Üks neist , kes Genosense'ile viitab , on Londoni vananemisspetsialist dr Mike Perring .",,,|A|AE|AL|AS|AT|AET|ALT|AST|,,,PER,no,no,no,no,yes,yes,no,L,s_n50
15910056,24751357,1,saama,lahti,el,NEC,NEC'ist,"NEC'ist sain ka suht kiiresti lahti , nii et minu",,,,,,,no,no,no,yes,no,yes,no,L,s_n50
12486056,19986080,7,sündima,,el,ellusuhtumine,ellusuhtumisest,"Kuna kõik inimese hädad sünnivad valest ellusuhtumisest , tuleks positiivse hoiaku kujundamist alustada kõige lihtsamast – naeruteraapiast .",,,,,,,no,no,no,no,yes,yes,no,L,s_n50
4825682,7748218,8,johtuma,,el,ebaõnn,ebaõnnest,Turneed lootusrikkalt alustanud soomlasi pole pärast liidri ebaõnnest johtunud shokki esikolmikus .,,,|S|AS|LS|ST|AST|LST|,,state,,no,no,no,no,no,no,no,,s_n50
5660896,9078956,2,sündima,,el,kodu,kodust,Oma kodust ja kindlast perest sünnib elu,,,|L|AL|EL|LS|LT|ALT|ELT|LST|,,location,,no,no,no,yes,no,yes,no,L,s_n50
16896907,25986074,3,viitama,,all,apo,apole,samuti viitab apole vana hind 4700.- : |,,,,,,,no,no,no,no,yes,yes,no,L,s_n50
1374659,2185860,8,tulenema,,el,aktiivsus,aktiivsusest,Tegelik norm seksuaalelus tuleneb mõlemale poolele sobivast aktiivsusest ja variantidest .,,,,,,,no,no,no,no,no,no,yes,S,s_n50
7068148,11358783,24,muutma,,adit,rütm,rütmi,"Jama või mitte ; kõik siin ilmas on suhteline , mu laps ; ometi , paari kohta sobiks hiilgavalt semikoolon , muudaks lause rütmi .",,,,,,,no,no,no,no,no,no,no,,s_n50
7364497,11819500,24,johtuma,,el,kehakaal,kehakaalust,"Eks sellele aidanud kõvasti kaasa emiiri ema mõnus eneseiroonia , aga muidugi ka tema teatud abitus , mis vähem east , rohkem aga kehakaalust johtus .",,,,,,,no,no,no,no,no,no,no,,s_n50
1684770,2682049,4,kahtlema,,in,apoliitilisus,apoliitilisuses,"Samas ma Paabo apoliitilisuses ei kahtle ja tean , et ta püüab end poliitikast võimalikult kaugele hoida .",,,,,,,no,no,no,no,yes,yes,no,L,s_n50
16143772,25055211,13,kahtlema,,in,paratamatus,paratamatuses,"Ma alustan sellest , et ka mina ei kahtle Euroopa Liitu astumise paratamatuses , ma just rõhutaksin seda paratamatust , mis tuleneb meie geograafilisest asukohast ja majanduslikust seisundist .",,,,,,,no,no,no,no,yes,yes,no,L,s_n50
16841702,25917070,4,tulema,välja,el,ala,aladest,1 väga vähestest aladest mis laksust kohe välja tuli .,,,,,,,no,no,no,no,no,no,no,,s_n50
10322721,16564395,3,sündima,,el,kaitsemäng,kaitsemängust,"“ Tugevast kaitsemängust sünnib edukas rünnak , ” tõdes Järv .",,,,,,,no,no,no,yes,no,yes,no,L,s_n50
8555668,13712657,21,piinlema,,in,kütke,kütkeis,"Teie Anna Petrovna põleb sisemiselt , ta on tugev ja tark naine , kuid piinleb samamoodi elu mõttetuse ja igavuse kütkeis kui ülejäänud Tshehhovi tegelased .",,,,,,,no,no,no,no,yes,yes,no,L,s_n50
10516729,16860022,3,kahtlema,,in,otsustus,otsustustes,Vallas tehtud otsustustes kahtlevad paljud .,,,,,,,no,no,no,no,yes,yes,no,L,s_n50
17552605,26903509,3,viitama,,all,avamine,avamisele,"Kuigi jaama avamisele ei viidanud neljapäeva lõuna ajal veel miski , keerasid paljud autod Tallinna maanteelt tanklasse sisse .",,,|E|AE|EL|ET|AET|ELT|,,event,,no,yes,no,no,no,no,no,E,s_n50
8572837,13741436,1,johtuma,,el,panganduskriis,Panganduskriisist,Panganduskriisist johtunud ümberkorralduste tõttu on Soome jäänud vaid kolm suurt panka .,,,,,,,no,yes,no,no,no,no,no,E,s_n50
1716234,2732096,4,kahtlema,,in,kestvus,kestvuses,"Kahtlen säärase idülli kestvuses kohe tugevalt , aga Katrin ette ei muretse .",,,,,,,no,no,no,no,yes,yes,no,L,s_n50
9026157,14512685,13,johtuma,,el,otsus,otsustest,Vanalinnaga seotud probleemid on johtunud suures osas riigi monopoolsetele õigustele tuginevatest läbimõtlemata otsustest .,,,,,,,no,no,no,no,no,no,no,,s_n50
5555696,8907981,9,tulema,välja,el,Osaka,Osakast,"Mänedžer Aivar Karotamm aga ütles eile , et Osakast ei tule kindlasti midagi välja ning Rio ripub küsimärgi otsas .",,,,,,,no,no,no,yes,no,yes,no,L,s_n50
11226161,17987470,3,sündima,,el,kandidaat,kandidaatidest,Kõigist esitatud kandidaatidest on 1951. aastal sündinud Andris Berzinshil kõige suuremad kogemused nii linnapeana kui ka valitsuse töös .,syntax,"Esitati mitu kandidaati.
Andris Bērziņš on sündinud 1951. aastal.
Tal on kõige suuremad kogemused linnapeana.
Tal on kõige suuremad kogemused valitsuse töös.",|A|AE|AL|AS|AT|AET|ALT|AST|,,alive,,yes,no,no,no,no,no,no,A,s_n50
12143168,19442929,23,johtuma,,el,põgenemine,põgenemisest,"Murrangulistel aastatel 80ndate lõpul oli bibliofiil tõsiselt hirmul , et äkki huvi vanaraamatu vastu üldse kaob , et äkki johtuski see kirg põgenemisest tegelikkuse eest .",,,,,,,no,no,no,no,no,no,no,,s_n50
2694491,4322272,13,tulenema,,el,erinõue,erinõuetest,"Kantselei haldusdirektor Andres Suurkuusk selgitas , et kardinate kõrge hind tuleneb lossikeskkonna erinõuetest .",,,,,,,no,no,no,no,no,no,no,,s_n50
1332914,2119187,4,sündima,,el,auk,august,Sündinud : 22. august 1963 Tartus .,syntax,,|T|AT|ET|LT|ST|AET|ALT|AST|ELT|LST|,DATE,,,no,no,yes,no,no,no,no,T,s_n50
7361246,11814112,18,johtuma,,el,rasestamissoov,rasestamissoovist,"Jah , seni pole jurisprudents üritanudki vägistamstoiminguid klassifitseerida kahte gruppi : aktid , mis johtuvad vägistaja tungivast rasestamissoovist ning aktid , mil vägistajal see soov puudub või sekundaarne on .",,,,,,,no,no,no,no,no,no,no,,s_n50
6549015,10535934,12,tulenema,,el,assotsiatsioonileping,assotsiatsioonilepingust,"Ansipi hinnangul peaks senisest rohkem kasutama võimalusi , mis tulenevad Egiptuse assotsiatsioonilepingust Euroopa Liiduga .",,,,,,,no,no,no,no,no,no,no,,s_n50
3659277,5893116,13,sattuma,,adit,Haapsalu,Haapsallu,""" See oli imeline juhus , et Lars Nexe ja teised rootslased Haapsallu sattusid ning meid aidata otsustasid , "" ütleb ka õilme Ainjärv .",,,|L|AL|EL|LS|LT|ALT|ELT|LST|,,location,LOC,no,no,no,yes,no,yes,no,L,s_n50
11776324,18847282,2,juhinduma,,el,kehakuju,kehakujust,Juhindusime kehakujust tolleaegsetel gravüüridel .,,,,,,,no,no,no,no,no,no,no,,s_n50
11807664,18897372,10,saama,lahti,el,elukaaslane,elukaaslasest,Eksmodell Jerry Hall ei saa kuidagi lahti oma endisest elukaaslasest Mick Jaggerist .,,,|A|AE|AL|AS|AT|AET|ALT|AST|,,alive,,yes,no,no,no,no,no,no,A,s_n50
19614806,29202159,7,tulenema,,el,biase,biasest,mongo: kas zed tuleneb zed biasest ?,,,,,,,no,no,no,no,no,no,no,,s_n50
18994211,28668166,8,tulenema,,el,ajadimensioon,ajadimensioonist,"Näiteks inglaste mõtteruum tuleneb just nimelt üheteljelisest ajadimensioonist ja nad kasutavad selle täienduseks kolme ruumimõõdet , et asjadest aru saada .",,,,,,,no,no,no,no,no,no,no,,s_n50
4294744,6909878,13,muutma,,adit,omavalitsus,omavalitsusse,Lähis-Ida rahuprotsessi skeptiliselt suhtuva Netanyahu võit muutis oluliselt Iisraeli suhtumist nii Palestiina omavalitsusse kui ka venivatesse rahukõnelustesse Süüriaga .,???,"Benjamin Netanyahu suhtus Lähis-Ida rahuprotsessi skeptiliselt.
Benjamin Netanyahu võitis valimised.
Tema võit muutis oluliselt Iisraeli suhtumist Palestiina omavalitsusse.
Tema võit muutis oluliselt Iisraeli suhtumist Süüriaga peetavatesse venivatesse rahukõnelustesse.",,,,,no,no,no,yes,no,yes,no,L,s_n50
19074446,28781871,1,tulema,välja,el,Kultuuriministeerium,Kultuuriministeeriumist,"Kultuuriministeeriumist välja tulnud muuseumiseaduse muutmise seaduse eelnõus oli just nimelt selline sõnastus , nagu teiegi soovisite - “ kuni viieks aastaks ” .",,,,,,,no,no,no,yes,no,yes,no,L,s_n50
83074,141370,9,tulenema,,el,asukoht,asukohast,"Kui gammasähvatused toimuksid Galaktika kettas , tuleneks meie asukohast nende koondumine teatud taevapiirkondadesse .",,,|L|AL|EL|LS|LT|ALT|ELT|LST|,,location,,no,no,no,yes,no,yes,no,L,s_n50
13762847,21946968,5,tulenema,,el,erisäte,erisätetest,"Kui arvutisüsteemide kasutamist käsitlevatest erisätetest ei tulene teisiti , peab asjaomase isiku käsitsi kirjutatud originaalallkiri olema lähtetolliasutusele jääval eksemplaril .",,,,,,,no,no,no,no,no,no,no,,s_n50
8494781,13615854,14,sündima,,el,Ust-Sõssolski,Ust-Sõssolskist,Kallistrat Zakov sündis 18. septembril 1866 Davponi külas Võlgorti vallas 3 versta kaugusel Ust-Sõssolskist .,???,"Kallistrat Zakov sündis 18. septembril 1866.
Ta sündis Davponi külas.
Davponi küla asus Võlgorti vallas.
Davponi küla asus 3 versta kaugusel Ust-Sõssolskist.",|L|AL|EL|LS|LT|ALT|ELT|LST|,,,LOC,no,no,no,yes,no,yes,no,L,s_n50
2999060,4810304,4,viitama,,all,asutus,asutusele,Teadjamatele inimestele viitab asutusele vaid selle aadress : Juhkentali 58 - see on kaitsejõudude peastaabi aadress .,,,,,,,no,no,no,yes,no,yes,no,L,s_n50
8283928,13285793,16,veenduma,,in,muuseumirahvas,muuseumirahvas,"Aga kui miski veab viltu , siis on selles ka midagi head , veendus nüüd muuseumirahvas .",syntax,"Muuseumirahvas veendus nüüd milleski.
Kui miski veab viltu, siis on selles ka midagi head.",,,,,yes,no,no,no,no,no,no,A,s_n50
16423817,25375015,3,kahtlema,,in,kirjapilt,kirjapildis,"Viimase õiges kirjapildis kahtlen ma sügavalt , aga tegu on väga toreda asjaga .",,,,,,,no,no,no,no,no,no,no,,s_n50
851154,1356445,8,sattuma,,adit,hingamispaus,hingamispausi,Ta tundlik iga sattus nõukogude rezhiimi esimesse hingamispausi 1950. aastate lõpus .,,,,,,,no,yes,no,no,no,no,no,E,s_n50
2429696,3895707,15,langema,,adit,meri,merre,"Kolmapäeva hommikupoolikul nähti Vilsandi lähedal meteoriiti , mis ereda valguse ja tugeva mürina saatel merre langes , kirjutas Meie Maa .",,,,,,,no,no,no,yes,no,yes,no,L,s_n50
17983783,27365342,8,saama,lahti,el,istumine,istumisest,Ühtlasi saaks lahti sobimatust korraga kahel toolil istumisest .,,,,,,,no,no,no,no,no,no,yes,S,s_n50
7987933,12809528,7,saama,lahti,el,härmavõrguline,härmavõrgulisest,"Siis viimaks sai ta esimesena millestki härmavõrgulisest lahti , raputas oma ruugeid , lahtisi juukseid ja lausus kuhtunud , peaaegu paluval häälel :",,,,,,,no,no,no,no,no,no,no,,s_n50
3953300,6366899,5,langema,,adit,kaardilugemisvorm,kaardilugemisvormi,"Kui see langeb ühte kaardilugemisvormi tipuga , ei tohiks suurtulemused jääda tulemata .",syntax,"Kaardilugemisvormil on tipp.
See langeb ühte selle tipuga.
Suurtulemused ei tohiks jääda tulemata.",,,,,no,no,no,no,no,no,no,,s_n50
385905,599450,7,tulema,välja,el,asula,asulatest,"Nagu jooniselt näha , on kindlustatud asulatest välja tulnud luude-kontide seas hobuste omi võrdlemisi palju .",,,|L|AL|EL|LS|LT|ALT|ELT|LST|,,location,,no,no,no,yes,no,yes,no,L,s_n50
966404,1539376,25,sattuma,,adit,heitlus,heitlusse,"Kes aga loodavad meie kolmanda sektori arengust tulevikus uusi töökohti - lääneriikide 1980. aastate arengu alusel - peavad arvestama , et nad satuvad tõsisesse heitlusse ressursside ümberjaotamise pärast .",,,,,,,no,yes,no,no,no,no,no,E,s_n50
1092235,1735694,16,juhinduma,,el,sisetunne,sisetundest,"Kuid isegi kutseliste naljameeste arvamused on olnud sedavõrd vastukäivad , et nüüd juhindun ainult oma sisetundest .",,,,,,,no,no,no,no,no,no,no,,s_n50
17318540,26577694,2,kahtlema,,in,lause,lauses,"viimases lauses ma sygavalt kahtlen ja mis s6pradesse puutub , siis jah .",,,,,,,no,no,no,no,no,no,no,,s_n50
408293,635338,15,kahtlema,,in,olemasolu,olemasolus,"Nendest viimane on tänini veel eksperimentaalselt avastamata , kuid praktiliselt keegi ei kahtle tema olemasolus .",,,|S|AS|LS|ST|AST|LST|,,state,,no,no,no,no,no,no,yes,S,s_n50
8923580,14344119,23,veenduma,,in,puudumine,puudumises,"Riigiduuma liikmed ei andnud eile veel mingeid hinnanguid Sergei Stepashini väljavaadetele saada peaministrina kinnitatud , kuid Postimehe küsitletud analüütikud olid veendunud nende puudumises .",,,,,,,no,no,no,no,no,no,yes,S,s_n50
6387045,10266493,10,tulenema,,el,elektrikatkestus,elektrikatkestustest,"Kas EE kompenseerib kuidagi inimestele need probleemid , mis elektrikatkestustest tulenesid ?",,,|E|AE|EL|ET|AET|ELT|,,event,,no,yes,no,no,no,no,no,E,s_n50
1027266,1634039,5,viitama,,all,andmed,andmetele,"Ajaleht viitas ka FSB andmetele , et Eesti vastuluure on saanud oma Briti kolleegidelt tehnilist varustust , mingeid üksikasju FSB ei avaldanud .",,,,,,,no,no,no,no,no,no,no,,s_n50
2553191,4096067,1,sattuma,,adit,keskerakond,Keskerakonda,"Keskerakonda sattus ta 1988. aastal seoses kampaaniaga "" Tark naine poliitikasse "" .",,,,,,,no,no,no,yes,no,yes,no,L,s_n50
3670850,5910928,1,sündima,,el,Praha,Prahast,"Prahast 100 kilomeetrit lõunapool asuva Hradec Kralove lähedal 955. aastal sündinud Püha Adalberti on nimetatud ka Euroopa apostliks , sest ta tõi ristiusu nii tollasele Böömimaale kui ka Poola .",syntax,"Saint Adalbert of Prague sündis 955. aastal.
Ta sündis Hradec Králové lähedal.
Hradec Králové asub umbes 100 kilomeetrit lõuna pool Prague.
Püha Adalberti on nimetatud Euroopa apostliks.
Ta tõi ristiusu tollasele Böömimaale.
Ta tõi ristiusu ka Poolasse.",|L|AL|EL|LS|LT|ALT|ELT|LST|,,location,LOC,no,no,no,yes,no,yes,no,L,s_n50
10220620,16400740,3,veenduma,,in,muu,muuski,Suumann on muuski veendunud .,,,,,,,no,no,no,no,no,no,no,,s_n50
8090083,12981616,9,juhinduma,,el,määrus,määrusest,Praktikas juhinduvad meedi kud sotsiaalministeeriumi kinnitatud ajusurma konstateerimise määrusest .,,,,,,,no,no,no,no,no,no,no,,s_n50
3739842,6022796,1,tulema,välja,el,jaht,Jahist,"Jahist ei tule küll enne midagi välja , kui lumi maas ja saab jälgi ajada .",,,,,,,no,yes,no,no,no,no,no,E,s_n50
7765856,12450012,13,viitama,,all,diskursus,diskursusele,Selline naisekeha kui peenise sümboolne tõlgendusvõimalus viitab 70ndate/80ndate feministliku kunsti diskursusele .,,,,,,,no,no,no,no,yes,yes,no,L,s_n50
428858,669279,6,tulenema,,el,asi,asjast,""" Minu edu tulenes kahest asjast .",,,,,,,no,no,no,no,no,no,no,,s_n50
16803743,25860225,8,saama,lahti,el,kirg,kirest,"Kui juba berofiil oled , ega siis kirest lihtsalt lahti saa .",,,,,,,no,no,no,no,no,no,no,,s_n50
3565339,5741410,5,saama,lahti,el,konkurent,konkurendist,Pealegi sai nii ühest konkurendist hoobilt lahti .,,,|A|AE|AL|AS|AT|AET|ALT|AST|,,alive,,yes,no,no,no,no,no,no,A,s_n50
8254426,13243128,15,veenduma,,in,nõusolek,nõusolekus,"Jättis ( loobumise avalduseks - toim. ) vormistamata vajaliku volituse ja ei veendunud kliendi nõusolekus sellise loobumise esitamises , ” seisab aukohtu otsuses .",,,,,,,no,no,no,no,no,no,yes,S,s_n50
6171518,9907886,7,tulenema,,el,eraldatus,eraldatusest,"Eks tulene noorte hoiak mõnevõrra ka eraldatusest - olgu mis on , kuid praegune armeenia noorte põlvkond on üles kasvanud väga isoleeritult ning piiri taha pääsemine tähendab tihti pigem emigratsiooni kui turismireisi .",,,|S|AS|LS|ST|AST|LST|,,state,,no,no,no,no,no,no,yes,S,s_n50
982859,1565958,20,veenduma,,in,valelikkus,valelikkuses,"Rabe kinnitas , et pärast kolme sukeldumist on tema ja ekspeditsiooni juht Bemis endiselt täielikult veendunud laevahuku ametliku aruande valelikkuses .",,,,,,,no,no,no,no,no,no,yes,S,s_n50
15403913,24064028,9,tulenema,,el,halbus,halbusest,"Ja soojuse headus teile ei tulene mitte külma halbusest teile vaid soojus on teile hea iseenesest , oma olemuse ja teie olemuse tõttu .",,,,,,,no,no,no,no,no,no,no,,s_n50
13379294,21402091,22,viitama,,all,aiajärjekord,aiajärjekordadele,"Kohatasu toetajad Tarmo Leinatamm , Rein Voog ja Valve Kirsipuu ( Reformierakond ) ning Jaak Vihmand ( Keskerakond ) viitasid pikkadele aiajärjekordadele .",,,,,,,no,no,no,no,no,no,no,,s_n50
2348225,3762239,10,viitama,,all,ajaleht,ajalehele,Sellisele võimalusele viitas Taani välisminister Per Stig Möller intervjuus ajalehele Berlingske Tidende .,syntax,"Per Stig Møller on Taani välisminister.
Ta andis intervjuu ajalehele Berlingske Tidende.
Ta viitas sellisele võimalusele intervjuus.",,,,,no,no,no,yes,no,yes,no,L,s_n50
17212864,26425523,1,viitama,,all,JOKK-sündroom,JOKK-sündroomile,JOKK-sündroomile viitab ka kiivas rendisummaga salatsemine .,,,,,,,no,no,no,no,yes,yes,no,L,s_n50
4365471,7022489,15,sündima,,el,kapital,kapitalist,"§ 13 sätestas : "" ühisuse varandus sünnib : a ) 125 000 rublalisest kokkupandavast kapitalist , mis 5 000 osatäheks on jaotatud , igaüks 25 rbl suur , b ) tagavara kapitalist , mis liikmete sisseastumise-maksu rahast , ühisuse ettevõtete ülejäänud kasudest ja mitmesugustest juhtumise kombel saadud sissetulekutest koguneb "" .",,,,,,,no,no,no,no,no,no,no,,s_n50
12044479,19279076,3,tulema,välja,el,agoonia,agooniast,Sellisest masendavast agooniast ZIL omal jõul välja ei tule .,,,,,,,no,no,no,no,no,no,yes,S,s_n50
19134397,28863751,23,muutma,,adit,redaktsioon,redaktsiooni,"Majanduskomisjon vaatas härra Nestori ettepaneku läbi ja arutas ka laiemalt küsimusi , mis on seotud avalikustamise või kuulutuste esitamisega ning muutis seaduse redaktsiooni .",,,,,,,no,no,no,no,no,no,no,,s_n50
12352045,19776474,9,juhinduma,,el,põhisuund,põhisuundadest,"Halliste sõnul juhindub välisministeerium parlamendis vastu võetud poliitika põhisuundadest , sealhulgas kaitsepoliitika põhisuundadest , mis Riigikogu 1996 . aastal vastu võttis ja kus deklareeritakse üheselt Eesti soovi saada NATO täisliikmeks .",,,,,,,no,no,no,no,no,no,no,,s_n50
16647640,25623995,5,muutma,,adit,trenn,trenni,"Samuti muudan siis üle trenni seda , kas ma teen kangi või hantlitega ( adaptsiooni vähendamiseks ja trenni mitmekülgsemaks tegemiseks ) .",syntax,"Ma muudan üle trenni seda.
Ma teen trenni kangiga.
Ma teen trenni hantlitega.
See aitab vähendada adaptsiooni.
See teeb treeningu mitmekülgsemaks.",|E|AE|EL|ET|AET|ELT|,,event,,no,yes,no,no,no,no,no,E,s_n50
1485731,2365061,11,langema,,adit,saapasäär,saapasäärde,"Käed hakkavad reetlikult värisema , suu kuivab , süda langeb saapasäärde - kellele poleks tuttav see tunne , mis rabab meid reetlikult jalust hetkil , kus elu nõuab meelekindlust .",,,,,,,no,no,no,yes,no,yes,no,L,s_n50
3735260,6015452,5,sündima,,el,heitlus,heitlusist,"Inimese sisimast äratundmisest ja heitlusist sündinud nali on alati traagiline , olemise hämaraid külgi puudutava lisandiga .",,,,,,,no,no,no,no,no,no,no,,s_n50
17037538,26185424,8,tulema,välja,el,kaevamine,kaevamisest,Maa peale no vesi oli siin kõrge kaevamisest ei tulnud midagi välja .,,,,,,,no,yes,no,no,no,no,no,E,s_n50
5979593,9596273,29,veenduma,,in,arengusuund,arengusuundades,"Nad hoiatavad , et Eesti riigi ja AS Sertifitseerimiskeskuse vahelist lepingut sertifitseerimisteenuse osutamiseks riigihankes fikseeritud tingimustel ei saa allkirjastada enne , kui riik ei ole löplikult veendunud projekti arengusuundades .",,,,,,,no,no,no,no,no,no,no,,s_n50
17905129,27292775,1,sattuma,,adit,Maapank,Maapanka,Maapanka sattus see raha proportsionaalses koguses täpselt samade reeglite järgi nagu teistesse turul tegutsevatesse pankadesse .,,,,,,,no,no,no,yes,no,yes,no,L,s_n50
3447863,5551448,9,veenduma,,in,investeerimistingimus,investeerimistingimustes,"Ida-Virumaal käinud Suurbritannia saatkonna esindajad veendusid piirkonna soodsates investeerimistingimustes ja on valmis sealset arengut igati toetama , kirjutab Põhjarannik .",,,,,,,no,no,no,no,no,no,yes,S,s_n50
5109986,8199898,7,sattuma,,adit,joogitorustik,joogitorustikku,Anžero-Zudženski suures tööstuskeskuses sattus pumbaavariis masuut joogitorustikku ning kogu linn peab nüüd pangedega autotsisternidest vett tassima .,,,,,,,no,no,no,yes,no,yes,no,L,s_n50
1494919,2380122,27,langema,,adit,raev,raevu-,"Otisele meenub küll hetki , kui Rourke oli "" võluv ja andekas poisu "" , kuid ta ei suuda unustada ka päevi , mil mees langes raevu- ja vägivallahoogudesse .",???,"Otis meenub hetki.
Mickey Rourke oli „võluv ja andekas poisu“.
Otis ei suuda unustada mõningaid päevi.
Neil päevil langes Rourke raevuhoogudesse.
Neil päevil langes Rourke vägivallahoogudesse.",,,,,no,no,no,no,no,no,yes,S,s_n50
15909760,24750951,10,saama,lahti,el,jalgpall,jalgpallist,"Seega : alustasid märkamatult , aga nüüd ei saa jalgpallist enam lahti ?",,,,,,,no,no,no,yes,no,yes,no,L,s_n50
15980133,24849364,4,saama,lahti,el,grupp,grupist,Mismoodi sellest Mobile grupist seal üldse lahti saab !!!!,,,,,,,no,no,no,yes,no,yes,no,L,s_n50
8876250,14262302,24,viitama,,all,andmestik,andmestikule,"Samas ei saagi riigikassa teenindatavatel asutustel maksuvõlga tekkida ja mõnel juhul on tegemist meie andmete ebatäpsusega , ” viitas Sõerd Postimehele edastatud maksuvõlglaste andmestikule .",,,,,,,no,no,no,no,yes,yes,no,L,s_n50
1969427,3140543,6,tulema,välja,el,kinnipidamisasutus,kinnipidamisasutustest,"Oma aja äraistunud suurvangid tulevad kinnipidamisasutustest välja tõeliste polüglottidena ja asuvad tööle ministeeriumi , linnavalitsusse , panka jm.",,,|L|AL|EL|LS|LT|ALT|ELT|LST|,,organisation,,no,yes,no,no,no,no,no,E,s_n50
408853,636214,17,sattuma,,adit,elavhõbedaaur,elavhõbedaauru,"Elavhõbedat sisaldavad tahkekütused , eriti kivisüsi ( antratsiidis 10-4% ) , mille põletamisel satub õhku elavhõbedaauru .",syntax,"Tahkekütused sisaldavad elavhõbedat.
Eriti kivisüsi sisaldab elavhõbedat.
Antratsiidis on elavhõbedat 10⁻⁴%.
Kivisöe põletamisel satub õhku elavhõbedaauru.",,,,,no,no,no,no,no,no,no,,s_n50
1689879,2690264,4,minema,vastu,in,põhimõte,põhimõtetes,"Nii läheb EÜS põhimõtetes ja tavades konservatiivsena , kuid igapäevaelu väljakutsetele paindlikult kohanedes vastu uuele aastatuhandele .",???,"Eesti Üliõpilaste Selts on oma põhimõtetes konservatiivne.
EÜS on oma tavades konservatiivne.
EÜS kohaneb paindlikult igapäevaelu väljakutsetega.
EÜS läheb vastu uuele aastatuhandele.",,,,,no,no,no,yes,no,yes,no,L,s_n50
14865295,23365948,5,tulema,välja,el,SPDIF,SPDIF-ist,1kHz wav-i siis tuleb SPDIF-ist välja 44.,,,,,,,no,no,no,yes,no,yes,no,L,s_n50
10072804,16157874,7,viitama,,all,Jüriöö-käsitlus,Jüriöö-käsitlusele,Viitasite oma ettekandes korduvalt Uku Masingu Jüriöö-käsitlusele .,,,,,,,no,no,no,no,yes,yes,no,L,s_n50
2889765,4633192,2,veenduma,,in,peatükk,peatükis,"Tolliliidu peatükis veendusid ELi läbirääkijad , et Eesti on suuteline kohe ELi astumise järel , mis tõenäoliselt toimub alates 2004. aastast , rakendama täielikult ELi tollikoodeksit ja -tariife ning vajaduse korral ka muid kaubanduspoliitilisi abinõusid .",,,,,,,no,no,no,yes,no,yes,no,L,s_n50
5828976,9353606,18,sündima,,el,hoone,hoonest,"PÄRNU , 5. juuli ( EPLO ) - Teisipäeva varahommikul põles Pärnumaal Häädemeestes eramu , tuletõrjujad leidsid hoonest 1928. aastal sündinud mehe surnukeha .",syntax,"Pärnumaal Häädemeestes põles teisipäeva varahommikul eramu.
Häädemeeste asub Pärnumaa.
Tuletõrjujad leidsid hoonest mehe surnukeha.
Mees oli sündinud 1928. aastal.",|L|AL|EL|LS|LT|ALT|ELT|LST|,,location,,no,no,no,yes,no,yes,no,L,s_n50
3685366,5934807,14,juhinduma,,el,välisleping,välislepingutest,"Töövaidluskomisjon on kohtueelne sõltumatu individuaalseid töövaidlusi lahendav organ , mis juhindub Eestile kohustuslikest välislepingutest , seadustest , haldusaktidest ja muudest töösuhteid reguleerivatest eeskirjadest , samuti kollektiiv- ja töölepingutest .",,,,,,,no,no,no,no,no,no,no,,s_n50
2357451,3777736,7,viitama,,all,asutajaliige,asutajaliikmetele,"Aktsiate müüjatena viitas Äripäev toona panga asutajaliikmetele , sealhulgas panga juhatuse esimehele Jüri Mõisale .",,,|A|AE|AL|AS|AT|AET|ALT|AST|,,alive,,yes,no,no,no,no,no,no,A,s_n50
8313686,13325567,14,johtuma,,el,otsustusvõimatus,otsustusvõimatusest,Enamus kooliga seotud negatiivseid emotsioone johtuvad ( õpilaste endi sõnul ) just autonoomsest otsustusvõimatusest ( Gordon jt 2000 : 9-14 ) .,,,,,,,no,no,no,no,no,no,yes,S,s_n50
9526219,15291756,19,juhinduma,,el,pöördumine,pöördumisest,"Kapten väitis , et maleva isikkoosseis tegutses põhikirjale ja kodukorrale toetudes vabatahtlikult ja juhindus ka heaks kiidetud avalikust pöördumisest .",,,,,,,no,no,no,no,no,no,no,,s_n50
14248394,22618408,20,kahtlema,,in,olulisus,olulisuses,"Põhiseadusega sätestatud Eesti Panga sõltumatus täitevvõimust , tugev kroon ning tasakaalus eelarve ja avatud majandus on nurgakivid , mille olulisuses ei kahtle ükski tõsiselt võetav Eesti poliitik .",,,|S|AS|LS|ST|AST|LST|,,state,,no,no,no,no,no,no,yes,S,s_n50
9723562,15601749,6,sündima,,el,ebaõiglus,ebaõiglusest,Inimene teab : kunst sünnib ebaõiglusest ja rahvaste rõhumisest !,,,,,,,no,no,no,no,no,no,no,,s_n50
9739470,15626863,5,tulema,välja,el,erakond,erakonnast,"Kui 18st Eestis registreeritud erakonnast tuleb siin välja tublisti alla poole , siis tuleb taas tõdeda , et kohalikeks valimisteks pole meie parteid valmis .",???,"Eestis on registreeritud 18 erakonda.
Neist tuleb kohalikel valimistel välja tublisti alla poole.
Meie parteid ei ole kohalike valimisteks valmis.",|A|AE|AL|AS|AT|AET|ALT|AST|,,alive,,no,no,no,no,no,no,no,,s_n50
5504838,8826155,24,kahtlema,,in,alandamine,alandamises,"Suur osa investoreid ootas keskpangalt vähemalt veerandi protsendipunkti suurust intressimäärade alandamist , aga pärast ootamatult tugeva veebruari rahapakkumise näitaja avaldamist kahtlesid analüütikud intressimäärade alandamises .",,,,,,,no,no,no,no,no,no,no,,s_n50
19345852,29075184,8,sattuma,,adit,kepp,keppi,karolin: hehe vaene kaisu sattus mingi keppi haige lehma kette tunnen kaasa,???,,,,,,no,no,no,no,no,no,no,,s_n50
7775925,12466359,16,kahtlema,,in,peakorter,peakorteris,"Ehkki ta ise pole teiseks perioodiks kandideerimisest veel teatanud , kahtlevad vaid vähesed diplomaadid ÜRO peakorteris New Yorgis 74-aastase Boutros-Ghali kavatsustes .",syntax,"Boutros Boutros-Ghali on 74-aastane.
Ta pole veel teatanud kandideerimisest teiseks ametiajaks.
Vähesed diplomaadid kahtlevad tema kavatsustes.
Need diplomaadid töötavad United Nations peakorteris New York City.",|L|AL|EL|LS|LT|ALT|ELT|LST|,,organisation,,no,no,no,yes,no,yes,no,L,s_n50
10428186,16728358,20,viitama,,all,arvutimaailm,arvutimaailmale,Teadaandmise mitmeastmelisus on kahtlemata vastutulek lugejale - teatavasti omandab inimene uut vaid senituntu kaudu - ja viitab oma olemuselt arvutimaailmale .,,,,,,,no,no,no,yes,no,yes,no,L,s_n50
8663374,13900246,16,tulenema,,el,gaasikatel,gaasikateldest,"Kui soovitakse rääkida Tartu soojamajanduse üledimensioneeritusest , siis tuleneb see otseselt keskkatlamaja 230 MW võimsusega gaasikateldest .",,,,,,,no,no,no,no,no,no,no,,s_n50
7637670,12250318,25,sündima,,el,hõõrumine,hõõrumisest,"Monaazh lähtub Sergei Eisensteini dialektilisest doktriinist - iga uus kaader on diskussioonis eelmisega , uus sünteestähendus , pildirea semantika sünnib just kaadrite omavahelisest tähenduslikust hõõrumisest .",,,,,,,no,no,no,no,no,no,no,,s_n50
4945917,7940812,33,tulenema,,el,finantsprobleem,finantsprobleemidest,"Taani kuninganna Margrethe II õepoeg prints Gustav von Berleburg ja tema prantslannast pruut Elvire Paste de Rochefort teatasid esmaspäeval , et otsustasid pulmad ära jätta , kinnitades , et lahkuminek ei tulene finantsprobleemidest .",,,,,,,no,no,no,no,no,no,no,,s_n50
5044891,8095958,5,juhinduma,,el,sõna,sõnadest,"Kui Müürsepp juhindub oma sõnadest , et on Eesti korvpalli huvides , kui rohkem eestlasi mängib Euroopas ja rohkem välismaalasi mängib Eestis , siis peaks küll napi võidu saama Kaasan .",,,,,,,no,no,no,no,no,no,no,,s_n50
15835239,24656875,7,juhinduma,,el,kavatsus,kavatsustest,Olen peaministrina alati juhindunud kõige parematest kavatsustest ja seadnud esiplaanile Eesti riigi huvid .,,,,,,,no,no,no,no,no,no,no,,s_n50
1576820,2508346,1,veenduma,,in,Papenburg,Papenburgis,"Papenburgis on Meyeri laevatehase töötajad veendunud selles , et Estoniat hooldati halvasti , ja seda peetakse laeva huku peamiseks põhjuseks .",???,"Papenburg on Meyer Werft töötajad.
Meyer Werfti töötajad on veendunud ühes asjas.
Nad on veendunud, et MS Estonia hooldati halvasti.
Halba hooldust peetakse laeva huku peamiseks põhjuseks.",|L|AL|EL|LS|LT|ALT|ELT|LST|,,,LOC,no,no,no,yes,no,yes,no,L,s_n50
1004152,1599249,9,tulenema,,el,avamine,avamisest,"Brutotulu kasv omakorda tuleneb uute kaupluste ja osakonna avamisest käesoleval majandusaastal , millega pole kaasnenud samaväärset tegevuskulude kasvu ning samuti on 3,2 miljoni krooni võrra vähenenud intressikulud .",,,|E|AE|EL|ET|AET|ELT|,,event,,no,yes,no,no,no,no,no,E,s_n50
18091758,27520386,25,johtuma,,el,kattuvus,kattuvusest,"Käesolevate suuniste alusel antud abi ei või ühendada muude asutamislepingu artikli 87 lõike 1 tähenduses riigiabi vormidega või muude ühenduse rahastamisvormidega , kui niisugusest kattuvusest johtub suurem toetuse määr , kui käesolevates suunistes ette on nähtud .",,,,,,,no,no,no,no,no,no,no,,s_n50
2326922,3726261,1,veenduma,,in,Iisrael,Iisraelis,"Iisraelis ollakse aga veendunud , et Araabia Liiga tippkohtumiselt pole mõtet oodatagi rahupakkumisi , kirjutab Jerusalem Post .",,,|L|AL|EL|LS|LT|ALT|ELT|LST|,,,LOC,no,no,no,yes,no,yes,no,L,s_n50
339376,524536,14,sattuma,,adit,jutustus,jutustusse,"Ka mehe vanaema uskus Jumalasse , kuid see ei kandunud mehe maailma ( jutustusse satub see teave ühe koerustüki kaudu ) .",,,,,,,no,no,no,yes,no,yes,no,L,s_n50
2262550,3621946,5,sattuma,,adit,ajavahemik,ajavahemikku,"Kui arvuti süsteemkuupäev satub ajavahemikku 25-29 jaanuar 2002 , käivitab Myparty oma paigaldus- ja levitamisprotseduurid .",,,|T|AT|ET|LT|ST|AET|ALT|AST|ELT|LST|,,time,,no,no,yes,no,no,no,no,T,s_n50
326917,508218,8,tulema,välja,el,arhiiv,arhiividest,Taolisi pudemeid võib olla säilinud veelgi ja arhiividest tuleb alatasa välja vägagi üllatavaid leide .,,,|L|AL|EL|LS|LT|ALT|ELT|LST|,,location,,no,no,no,yes,no,yes,no,L,s_n50
4419339,7107007,16,johtuma,,el,muutumine,muutumisest,"Sellise tegutsemisega paigutati nendesse regioonidesse nn demograafilised pommid - asula arengut vapustavad elanike vanusestruktuuri lainelisest muutumisest johtuvad probleemid ( algul korteripuudus , pruudi- või peiuprobleem , kohalike ja tehasepoiste kaklused , siis lasteaiakohtade puudus , ülekoormatud kooliklassid , noorte tööpuudus ja lõpuks pensionäride asula vanuritest koosnev purutagurlik volikogu ) .",,,,,,,no,no,no,no,no,no,no,,s_n50
114259,191951,16,langema,,adit,rüpp,rüppe,"Nüüd õnnestus tal paralüseerida keskkriminaalpolitsei , kus pärast töötajate massilist ametist kõrvaldamist langesid paljudel käed rüppe .",,,,,,,no,no,no,no,no,no,yes,S,s_n50
3313363,5327721,5,tulenema,,el,Eesti,Eestist,"Aastasest kasvust tulenes 37% Eestist , 32% Leedust , 25% Lätist ja 6% Venemaalt .",,,|L|AL|EL|LS|LT|ALT|ELT|LST|,,location,LOC,no,no,no,yes,no,yes,no,L,s_n50
2907408,4660773,23,veenduma,,in,kvaliteet,kvaliteedis,"Huvi meie toodete vastu oli suur ning oma rõõmuks tõdesime , et venelased ei ole Eesti lihatooteid unustanud ning veendusid taas nende kvaliteedis , ?",,,,,,,no,no,no,no,no,no,yes,S,s_n50
15147395,23690847,2,tulenema,,el,assigneering,assigneeringutest,Liigendatud assigneeringutest tulenevad kulukohustuste assigneeringud ja maksete assigneeringud .,,,,,,,no,no,no,no,no,no,no,,s_n50
10417658,16711623,3,sündima,,el,haridus,haridusest,No mis haridusest siin veel rääkida sünniks ? !,syntax,"Siin ei saa haridusest rääkida.
See küsimus tekitab üllatust või pahameelt.",,,,,no,no,no,no,no,no,no,,s_n50
8986599,14448615,4,juhinduma,,el,islami-idee,islami-ideest,Analüütikute arvates juhindub islami-ideest tegelikult siiski ainult vahhabiit Hattab .,,,,,,,no,no,no,no,no,no,no,,s_n50
1918844,3057394,3,viitama,,all,USA,USA-le,"Hageskog viitas USA-le , kelle staaride ajakavva Davis Cup pahatihti ei mahu .",,,|L|AL|EL|LS|LT|ALT|ELT|LST|,,location,LOC,no,no,no,yes,no,yes,no,L,s_n50
16812439,25874809,1,tulema,välja,el,WC-kabiin,WC-kabiinist,WC-kabiinist tulen tagurpidi välja Rootsi koolinoored pole millegipärast potile pihta saanud .,,,,,,,no,no,no,yes,no,yes,no,L,s_n50
1023699,1628845,17,kahtlema,,in,huvi,huvis,"Kanada ühe suurima päevalehe Toronto Stari majanduskolumnist Kenneth Kidd lausus , et tema kahtleb sügavalt CPR-i huvis Eestisse investeerida .",,,,,,,no,no,no,no,no,no,no,,s_n50
8681368,13929341,37,johtuma,,el,ülekoormamine,ülekoormamisest,"Teede- ja sideministeeriumil pole sooja ega külma sellest , et auto- ja bussitransport saastab meie loodust kümneid kordi rohkem , et raudteede võimalused ( kasutamata reservid ) on mõõtmatult suuremad ja omahind madalam , et teedevõrgu ülekoormamisest johtuvad tõsised hädad , et summa summarum tuleb riigile maanteede hooldus ja remont tunduvalt kallim .",,,,,,,no,no,no,no,no,no,no,,s_n50
4985694,8005152,5,tulema,välja,el,joove,joobest,Tänu sellele nad tulevadki joobest välja .,,,|S|AS|LS|ST|AST|LST|,,state,,no,no,no,yes,no,yes,no,L,s_n50
13993164,22275612,12,johtuma,,el,hirm,hirmust,"Analüütikud on märkinud , et prantslaste vastuseis põhiseaduslikule leppele johtub eelkõige hirmust Euroopa Liidu ulatusliku laienemise ees , hollandlased aga hääletasid vastu eeskätt majanduslikel põhjustel : nad ei poolda eurot ja Brüsseli direktiive .",,,,,,,no,no,no,no,no,no,yes,S,s_n50
12896753,20629592,14,johtuma,,el,tugevnemine,tugevnemisest,"Shell Eesti piirkonnajuht Jaak Mikkel kinnitab , et praegune bensiinihinnatõus johtub peamiselt dollari tugevnemisest .",,,,,,,no,no,no,no,no,no,no,,s_n50
17033848,26179208,20,kahtlema,,in,kuuluvus,kuuluvuses,"Erakond võinuks sotsidega liitumiskampaania teha ka Ilveseta , sest Eestis pole vist ühtegi inimest , kes kahtleks Ilvese erakondlikus kuuluvuses .",,,|S|AS|LS|ST|AST|LST|,,state,,no,no,no,no,no,no,yes,S,s_n50
10437300,16738798,5,saama,lahti,el,lapseseisus,lapseseisusest,Üheksandad saavad nüüd lahti lapseseisusest ja ei pea midagi muud tegema kui kümnendasse edasi minema .,,,,,,,no,no,no,no,no,no,yes,S,s_n50
7537345,12103839,13,viitama,,all,Villem,Villemile,""" Kes see maavillane mats oli ? "" viitas Leoga kaasasolev noormees Villemile , kui see sadamatööliste sekka ära kadus .",,,|L|AL|EL|LS|LT|ALT|ELT|LST|,,,LOC,yes,no,no,no,no,no,no,A,s_n50
1964466,3132637,14,tulenema,,el,alatäitmine,alatäitmisest,"Leks Grupi kahjum tulenes Leksi avalike suhete juhi Rivo Saarna sõnul veel finantstulemi alatäitmisest seoses aktsiahindade langusega nii Baltimaade kui ka Venemaa börsidel , administratiivkulude kasvust , kahjususe kasvust aasta teisel poolel ning samuti ühinemisega seotud kuludest .",,,|S|AS|LS|ST|AST|LST|,,state,,no,no,no,no,no,no,no,,s_n50
18263855,27701255,21,johtuma,,el,kuues,kuuendast,"Kui me seda ettepanekut ei hääletaks ja sisse jätaksime , siis tekiks eelnõus traagiline vastuolu , sest seitsmes ettepanek johtub kuuendast , mille me just praegu välja hääletasime .",,,,,,,no,no,no,no,no,no,no,,s_n50
14060272,22386853,4,kahtlema,,in,ilu,ilus,"Kui kahtled oma ilus ja edus saada meest päriseks , eks siis pinguta ja võitle oma armastuse eest .",,,,,,,no,no,no,no,no,no,yes,S,s_n50
15769520,24593388,17,viitama,,all,aladiagnoosimine,aladiagnoosimisele,"Ainult kolmandik alkoholisõltlastest olid diagnoositud enne uuringu diagnostilist protseduuri ning see , mis viitab tugevale alkoholismi aladiagnoosimisele Eestis .",,,,,,,no,no,no,no,no,no,no,,s_n50
6388278,10268547,13,tulema,välja,el,kaitse,kaitsest,""" Kui kas või üks mees ei pinguta , siis ei tule kaitsest midagi välja .",,,,,,,no,no,no,yes,no,yes,no,L,s_n50
2364093,3788571,1,tulenema,,el,arendamine,Arendamisest,Arendamisest tuleneb vajadus aktiivsemalt suhelda potentsiaalsete tarbijatega : pakkuda neile müügiks oma ideid ja tootlust .,,,,,,,no,no,no,no,no,no,no,,s_n50
3640833,5863224,11,muutma,,adit,mets,metsa,"Vihterpalus 710 hektaril möllanud kahjutuli muutis elujõuetuks umbes 30 000 tihumeetrit metsa , kus puude juured on läbi põlenud .",syntax,"Kahjutuli möllas Vihterpalus 710 hektaril.
Vihterpalu on koht, kus see toimus.
Kahjutuli muutis umbes 30 000 tihumeetrit metsa elujõuetuks.
Puude juured on läbi põlenud.",,,,,no,no,no,yes,no,yes,no,L,s_n50
4552498,7317964,8,langema,,adit,rida,ritta,Tulevikuperspektiive arvestades langeb Eesti liikmesriikide seas tagumisse ritta .,,,,,,,no,no,no,yes,no,yes,no,L,s_n50
14738552,23218251,19,veenduma,,in,aps,apsus,"” See oli puhas suluseis , selles pole vähimatki kahtlust , ” oli floralaste päälik Teitur Thordarson õigusemõistja apsus veendunud .",,,,,,,no,no,no,no,no,no,no,,s_n50
10420236,16715809,5,langema,,adit,NHL,NHLi,Kõik muutused on tehtud NHLi langenud resultatiivsust silmas pidades .,,,,,,,no,no,no,yes,no,yes,no,L,s_n50
7341902,11780677,20,juhinduma,,el,rahvakeel,rahvakeelest,"Venemaalt tulnud eestlasena jättis soovida Felix Kotta eesti keel , ta ei tabanud keele peenemaid nüansse ning juhindus mitte rahvakeelest , vaid õpikust .",,,,,,,no,no,no,no,no,no,no,,s_n50
6513845,10477935,4,langema,,adit,nädalavahetus,nädalavahetusse,Eelistatumad kerjamispäevad langevad nädalavahetusse ning õigeusu pühadesse .,,,|T|AT|ET|LT|ST|AET|ALT|AST|ELT|LST|,,time,,no,yes,no,no,no,no,no,E,s_n50
18127738,27543493,1,põdema,,adit,Mumpsorhiit,Mumpsorhiiti,"Mumpsorhiiti põdenud mehi oli 5,1 - 10 mln/ml spermatosoidiga meeste rühmas enam kui kontrollrühmas .",,,,,,,no,no,no,no,no,no,no,,s_n80
3422121,5508720,2,surema,,adit,nälg,Nälga,""" Nälga on surnud vähemalt pool miljonit inimest , kuid tegelik arv on ilmselt lähemal miljonile või koguni kahele miljonile , "" ütles rahvusvahelise abiorganisatsiooni World Vision asepresident Andrew Natsios CNN-ile .",,,,,,,no,no,no,no,no,no,yes,S,s_n80
2567310,4119313,1,surema,,adit,viinasurm,Viinasurma,"Viinasurma suri möödunud aastal 37 000 venemaalast , peamiselt tööealised mehed .",,,|E|AE|EL|ET|AET|ELT|,,event,,no,no,no,no,no,no,no,,s_n80
4239255,6822609,9,surema,,adit,hepatiit,hepatiiti,"Pihkva rajooni naabruses asuvas Sverdlovski oblastis on toksilisse hepatiiti surnud väidetavalt kolm inimest ja veel 60 inimest sattus selle diagnoosiga haiglasse pärast seda , kui nad olid joonud viinapudelites müüdud etanoolibaasilist klaasipuhastusvahendit .",,,|S|AS|LS|ST|AST|LST|,,state,,no,no,no,no,no,no,no,,s_n80
2571254,4125821,17,haigestuma,,adit,ajukelmepõletik,ajukelmepõletikku,"; Väljaots lükkas Lümanda valla sotsiaaltöötaja Aksel Penu väite BNS-le , et nädala jooksul on viiruslikku ajukelmepõletikku haigestunud üle 20 lapse .",,,|S|AS|LS|ST|AST|LST|,,state,,no,no,no,no,no,no,no,,s_n80
937831,1493424,26,nakatuma,,adit,suguhaigus,suguhaigusse,"Ootamatu vahekorra puhul või uue inimesega kohtudes tuleb kindlasti kasutada kondoomi , sest spiraal ei kaitse seksuaalsel teel levivate haiguste eest ja kui spiraalikasutaja mõnda suguhaigusse nakatub , kulgeb see palju raskemalt .",,,|S|AS|LS|ST|AST|LST|,,state,,no,no,no,no,no,no,no,,s_n80
6357995,10216379,9,surema,,adit,kuulihaav,kuulihaava,"Lahkamisest selgus , et kõik kolm surid mitmesse kuulihaava , mille tekitas kaprali käes olnud M-16 .",,,|S|AS|LS|ST|AST|LST|,,state,,no,no,no,no,no,no,no,,s_n80
2819282,4521341,10,surema,,adit,hing,Hinge,"Eile , 7. märtsil suri pärast rasket haigust prokurör Hinge Brand .",syntax,,|A|AE|AL|AS|AT|AET|ALT|AST|,,,PER,yes,no,no,no,no,no,no,A,s_n80
18064302,27483889,16,surema,,adit,säng,sängi,"Nemad on kõige vajalikumad ja altruistlikumad virulased , kes surevad tavaliselt pärast rasket elutoimetust oma sängi , ja nende najal , võite kindlad olla , püsib Virumaa , püsib Eesti riik .",,,|L|AL|EL|LS|LT|ALT|ELT|LST|,,location,,no,no,no,yes,no,yes,no,L,s_n80
401277,624273,10,haigestuma,,adit,tuberkuloos,tuberkuloosi,"WHO teatel haigestus eelmisel aastal Venemaa 150 miljonist elanikust tuberkuloosi 120 000 kuni 200 000 inimest , kellest suri 25 000.",,,|S|AS|LS|ST|AST|LST|,,state,,no,no,no,no,no,no,no,,s_n80
9587023,15387570,22,surema,,adit,uppumissurm,uppumissurma,"Vanemuurija Arno Põldre märkis , et hukkunutel puudusid välised vigastused , vaid autojuhi randmel oli lõikehaav : “ Ilmselt surid mehed uppumissurma .",,,|E|AE|EL|ET|AET|ELT|,,event,,no,no,no,no,no,no,no,,s_n80
524373,826465,3,haigestuma,,adit,B-hepatiit,B-hepatiiti,"Mullu haigestus B-hepatiiti ligi 500 inimest , tänavu 11 kuuga on haigestunuid 249.",,,,,,,no,no,no,no,no,no,no,,s_n80
5654815,9068765,12,nakatuma,,adit,veresoon,veresoonde,1 206 HIV juhtumist 71% ehk 836 inimest nakatusid HIVsse uimastite süstimisega veresoonde .,syntax,"HIV juhtumeid on 1 206.
Nendest 71% ehk 836 inimest nakatusid HIV-sse.
Need inimesed nakatusid HIV-sse uimastite süstimise kaudu veresoonde.",,,,,no,no,no,yes,no,yes,no,L,s_n80
1897671,3023340,4,haigestuma,,ill,silmahaigus,silmahaigusesse,"Ootamatult haigestus poiss silmahaigusesse klaukoomi , mille taga-järjel saabus pimedus .",,,|S|AS|LS|ST|AST|LST|,,state,,no,no,no,no,no,no,no,,s_n80
505887,795964,4,nakatuma,,adit,puukentsefaliit,puukentsefaliiti,"Kui inimene on puukentsefaliiti nakatunud , siis ilmnevad üks-kaks nädalat pärast puugihammustust gripisarnased haigusnähud - kerge palavik koos pea ja lihasevaluga .",,,|S|AS|LS|ST|AST|LST|,,state,,no,no,no,no,no,no,no,,s_n80
666112,1058782,9,haigestuma,,ill,buliimia,buliimiasse,Esinduskohustuste ja mehe truudusetuse tõttu kannatav Diana haigestus buliimiasse ja püüdis endalt isegi elu võtta .,,,|S|AS|LS|ST|AST|LST|,,state,,no,no,no,no,no,no,no,,s_n80
12783370,20448969,4,nakatuma,,adit,vähk,vähki,Esimene komponent mõõdab vähki nakatunud rakkude hulka organismis .,,,,,,,no,no,no,no,no,no,no,,s_n80
5267160,8449028,6,haigestuma,,ill,tuulerõuged,tuulerõugetesse,Tervisekaitseinspektsiooni andmetel haigestus Tallinnas jaanuaris tuulerõugetesse 323 inimest ehk saja võrra rohkem kui mullu samal ajal.,,,|S|AS|LS|ST|AST|LST|,,state,,no,no,no,no,no,no,no,,s_n80
1684550,2681665,22,surema,,adit,tsüaniidi-mürgitus,tsüaniidi-mürgitusse,"Jaapani politsei alustas eile põhjalikku uurimist , kahtlustades massimõrva pühapäevasel suvepeol Wakayamas , kus pärast karrikastmes riisi söömist suri neli inimest tsüaniidi-mürgitusse ja haiglasse sattus 40 inimest .",,,,,,,no,no,no,no,no,no,no,,s_n80
8319965,13334988,7,nakatuma,,adit,külmatõbi,külmatõppe,"Kui mõni kolleeg on aga juba külmatõppe nakatunud , soovitavad spetsialistid ennast hoida järgmiste nippide abil .",,,|S|AS|LS|ST|AST|LST|,,state,,no,no,no,no,no,no,no,,s_n80
8335181,13356977,16,surema,,adit,suhkrutõbi,suhkrutõppe,"Tarmo Pihlap  ( 47 ) -- estraadilaulja ( “ Valged roosid ” ) , suri suhkrutõppe",,,,,,,no,no,no,no,no,no,no,,s_n80
10620254,17022259,3,haigestuma,,adit,infektsioon,infektsiooni,"“ Anaeroobsesse infektsiooni haigestunud patsient sureb baroteraapiat saamata kindlasti , ” ütles uroloog Gennadi Timberg .",,,|S|AS|LS|ST|AST|LST|,,state,,no,no,no,no,no,no,no,,s_n80
1975651,3150511,11,haigestuma,,adit,tiisikus,tiisikusse,"Vanglaid ähvardab tuberkuloosipuhang , kui riik jätab tänavu katmata praeguseks tiisikusse haigestunud 250 vangi ravikulud .",,,|S|AS|LS|ST|AST|LST|,,state,,no,no,no,no,no,no,no,,s_n80
3508896,5650366,21,haigestuma,,ill,trombemboolia,trombembooliasse,"Masside hulka on paisatud statistika , et 100 000 naisest , kes on tarvitanud uuema põlvkonna antibeebibille , on 30 haigestunud trombembooliasse .",,,|S|AS|LS|ST|AST|LST|,,state,,no,no,no,no,no,no,yes,S,s_n80
187224,310836,13,surema,,adit,entsefaliit,entsefaliiti,"Mullu vapustas maailma kummaline haigus , seitse inimest suri New Yorgis senitundmatusse entsefaliiti .",,,|S|AS|LS|ST|AST|LST|,,state,,no,no,no,no,no,no,yes,S,s_n80
18131243,27547644,3,haigestuma,,adit,onühhomükoos,onühhomükoosi,"Inglismaal haigestub onühhomükoosi keskmiselt 4,8 inimest tuhande täiskasvanu kohta , kusjuures sagedasem on haigestumine meeste hulgas ning sagedamini diagnoositakse varbaküünte seenhaigust ( 7 , 8 ) .",,,,,,,no,no,no,no,no,no,yes,S,s_n80
1074725,1708377,23,haigestuma,,ill,ajukasvaja,ajukasvajasse,"Mõlema uurimuse puhul leidsid teadlased , et ükskõik mis meetodiga uurimisandmeid ka ei analüüsi , kuskil pole mingit viidet sellele , et ajukasvajasse haigestuvad just need , kes mobiiltelefoniga räägivad eriti palju .",,,|S|AS|LS|ST|AST|LST|,,state,,no,no,no,no,no,no,yes,S,s_n80
867555,1381900,9,haigestuma,,ill,nohusse-köha,nohusse-köhasse,"Kui seda on vähe , haigestub inimene sagedamini nohusse-köhasse ja viirushaigustesse .",,,,,,,no,no,no,no,no,no,yes,S,s_n80
10812425,17317261,1,haigestuma,,adit,ajuinfarkt,Ajuinfarkti,"Ajuinfarkti haigestub igal aastal 160-195 inimest 100 000 elaniku kohta , kõikidest surmapõhjustest on ajuinfarkt kolmandal kohal .",,,|S|AS|LS|ST|AST|LST|,,state,,no,no,no,no,no,no,yes,S,s_n80
12108045,19384127,3,surema,,adit,diabeet,diabeeti,Maailmas sureb diabeeti sama palju inimesi kui aidsi .,,,|S|AS|LS|ST|AST|LST|,,state,,no,no,no,no,no,no,yes,S,s_n80
867688,1382145,2,surema,,adit,ajakiri,ajakirja,Suri ajakirja Novõi Mir peatoimetaja,syntax,,,,,,no,no,no,yes,no,yes,no,L,s_n80
6200612,9957582,12,haigestuma,,adit,viirushaigus,viirushaigusse,"Olnud paar nädalat enne Birminghami sise-MM-i heas vormis , haigestus ta viirushaigusse , mis hiljem arenes kopsuklamüüdiaks .",,,|S|AS|LS|ST|AST|LST|,,state,,no,no,no,no,no,no,yes,S,s_n80
9329572,14985266,5,nakatuma,,adit,Hip-Hop,Hip-Hopi,Olen nakatunud Prantsuse Kuninglikku Hip-Hopi .,,,|L|AL|EL|LS|LT|ALT|ELT|LST|,,,ORG,no,no,no,no,no,no,no,L,s_n80
2332675,3735775,10,haigestuma,,adit,soolte-vähk,soolte-vähki,"See summa pole suur , kui arvestada , et soolte-vähki haigestub aastas paar tuhat ning sureb tuhat soomlast .",,,,,,,no,no,no,no,no,no,yes,S,s_n80
3248810,5220366,6,surema,,adit,sissehingamine,sissehingamisse,"Inimesed , kes mürgise suitsu sissehingamisse ka otseselt ei sure , kannatavad hingamisteede haiguste , nagu bronhiidi ja kopsupõletiku , käes .",,,,,,,no,no,no,no,no,no,no,,s_n80
6364090,10226621,15,haigestuma,,adit,kodu,koju,"Tegemist oli kaks aastat Hiinas Guandongi provintsis töötanud 33aastase mehega , kes haigestus teel koju .",syntax,,|L|AL|EL|LS|LT|ALT|ELT|LST|,,location,,no,no,no,yes,no,yes,no,L,s_n80
1535910,2444398,18,nakatuma,,adit,teetanus,teetanusse,Praegu hoolsalt ratsatrennis käiv Kati valmistub nimelt uue täkuga sõitmiseks - jõuluajal nakatus ju tema nooruke mära teetanusse ja suri .,,,|S|AS|LS|ST|AST|LST|,,state,,no,no,no,no,no,no,no,,s_n80
5993184,9618660,18,haigestuma,,ill,viir,viirusse,"Eesti seisab senikardetust suurema HI-viiruse epideemia lävel , sest praeguse nakatumise tempo juures haigestub aasta lõpuks surmavasse viirusse üle tuhande inimese .",,,,,,,no,no,no,no,no,no,no,,s_n80
6245616,10031853,4,nakatuma,,adit,mädanik,mädanikku,Puu on luuviljaliste mädanikku nakatunud .,,,|S|AS|LS|ST|AST|LST|,,state,,no,no,no,no,no,no,no,,s_n80
15764525,24587295,9,haigestuma,,ill,punetised,punetistesse,"Nii haigestusid lapsed esimesel eluaastal mumpsi harva , punetistesse aga sageli .",,,|S|AS|LS|ST|AST|LST|,,state,,no,no,no,no,no,no,no,,s_n80
927895,1478168,12,surema,,adit,südameinfarkt,südameinfarkti,"Esialgu möödus vulkaanipurse suuremate ohvriteta , vaid üks 75aastane külamees suri südameinfarkti , kui nägi tulemäe kraatrit leekides .",,,|S|AS|LS|ST|AST|LST|,,state,,no,no,no,no,no,no,no,,s_n80
13341882,21344132,5,haigestuma,,adit,vöötohatis,vöötohatisse,1998 . a haigestusin ka vöötohatisse .,,,|S|AS|LS|ST|AST|LST|,,state,,no,no,no,no,no,no,no,,s_n80
4965436,7972480,9,haigestuma,,ill,närvihaigus,närvihaigusesse,"Saaremaalt pärit 14-aastane nooruk haigestus Eestis harva esinevasse närvihaigusesse , millest paranemine võib kesta mitu kuud .",,,|S|AS|LS|ST|AST|LST|,,state,,no,no,no,no,no,no,no,,s_n80
462400,724997,5,haigestuma,,adit,gripp,grippi,Moskvas haigestub iga päev grippi 134 inimest 10 000 elaniku kohta .,,,|S|AS|LS|ST|AST|LST|,,state,,no,no,no,no,no,no,no,,s_n80
3715947,5984442,8,surema,,adit,teetanus,teetanusse,Paraku sureb igal aasta Eestis paar inimest teetanusse .,,,|S|AS|LS|ST|AST|LST|,,state,,no,no,no,no,no,no,no,,s_n80
12771499,20429481,4,surema,,adit,puupiiritusemürgitus,puupiiritusemürgitusse,Valitsus eraldas Pärnumaal puupiiritusemürgitusse surnud inimeste orvuks jäänud lastele ühekordseks toetuseks 83 000 krooni .,,,,,,,no,no,no,no,no,no,yes,S,s_n80
10968562,17568161,16,nakatuma,,adit,veisehullus,veisehullusse,"Viitega Läti ajalehes “ Neatkariga ” avaldatud teatele mainiti , et seda haigust põhjustab nn veisehullusse nakatunud looma liha söömine .",???,"Teade avaldati Läti ajalehes Neatkarīgā.
Selles teates mainiti üht haigust.
Seda haigust põhjustab veisehullusesse nakatunud looma liha söömine.",,,,,no,no,no,no,no,no,yes,S,s_n80
812933,1297038,4,surema,,adit,kuumasurm,kuumasurma,"Neli inimest suri kuumasurma New Jerseys , kaks Pittsburgi piirkonnas , kolm Uus-Inglismaal ja kaks Washingtonis .",,,,,,,no,no,no,no,no,no,yes,S,s_n80
7583289,12170228,1,haigestuma,,ill,Mukooshaigus,Mukooshaigusesse,Mukooshaigusesse ( MH ) haigestuvad 6–24 kuu vanused PI-loomad .,,,,,,,no,no,no,no,no,no,yes,S,s_n80
2679319,4298260,8,haigestuma,,adit,kõhulahtisus,kõhulahtisusse,"Eelmisel nädalal haigestusid Tallinki laeva Romantika reisijad kõhulahtisusse , Eesti tervisekaitseinspektsiooni hinnangul on kõige tõenäolisem adenoviirus , mida rahvasuu on ka kõhugripiks nimetanud , teatas BNS .",,,|S|AS|LS|ST|AST|LST|,,state,,no,no,no,no,no,no,yes,S,s_n80
5985649,9606118,5,surema,,adit,insult,insulti,"Venemaal sureb igal aastal insulti 500 tuhat inimest ( teine koht maailmas ) ning sealsed meedikud loodavad , et juba järgmisel aastal saabuvad nendest ainetest koosnevad ravimid ka sinna .",,,,,,,no,no,no,no,no,no,yes,S,s_n80
3437231,5533627,25,nakatuma,,adit,A-hepatiit,A-hepatiiti,"Nakatumiste statistika põhjal on välja arvutatud , et keskmiselt viibib ühes 333 reisijaga lennukis , mis naaseb kõrge A-hepatiidi riskiga piirkonnast , vähemalt üks A-hepatiiti nakatunud inimene .",,,,,,,no,no,no,no,no,no,yes,S,s_n80
7602351,12198871,15,surema,,adit,ahvihammustus,ahvihammustusse,"Ja lõpuks ei või sugugi kindel olla , et botaanik Ezra Chater Martinique'i saarel ahvihammustusse suri või poeet Byron Sidley pargis jänese laskis , duellipidamisest rääkimata .",,,,,,,no,no,no,no,no,no,yes,S,s_n80
384915,597683,4,haigestuma,,adit,kehvveresus,kehvveresusse,Tudeng haigestus raskekujulisse kehvveresusse ja suri .,,,|S|AS|LS|ST|AST|LST|,,state,,no,no,no,no,no,no,yes,S,s_n80
13270331,21231051,8,surema,,adit,sisehaigus,sisehaigusse,Mari haigestus ja suri hiljem mingisse raskesse sisehaigusse ja Indrek pidas end oma ema mõrvariks .,,,,,,,no,no,no,no,no,no,yes,S,s_n80
936835,1491856,13,surema,,adit,südamehaigus,südamehaigusse,Kambodža ekspeaminister ja kuningas Norodom Sihanouki liitlane Son Sann suri teisipäeval 89-aastaselt südamehaigusse .,,,|S|AS|LS|ST|AST|LST|,,state,,no,no,no,no,no,no,yes,S,s_n80
2138054,3415162,3,nakatuma,,adit,marutõbi,marutõppe,Maailmas nakatub marutõppe igal aastal kuni 100 000 inimest .,,,|S|AS|LS|ST|AST|LST|,,state,,no,no,no,no,no,no,yes,S,s_n80
1405361,2235182,14,haigestuma,,ill,lihasööjabakter,lihasööjabakterisse,"Breibergi sõnade kohaselt on Mustamäe haiglas praegu Tallinnast pärit inimene , kes haigestus lihasööjabakterisse kulmuvigastusest .",,,,,,,no,no,no,no,no,no,yes,S,s_n80
1963565,3131233,13,surema,,adit,veen,veeni,"Kaheksa ühe Bangladeshi haigla patsienti surid pärast vananenuks osutunud füsioloogilise lahuse manustamist veeni , 15 inimesel aga tekkis kõrge palavik .",syntax,"Kaheksa patsienti surid.
Need patsiendid olid ühest Bangladeshi haiglast.
Neile manustati veeni vananenuks osutunud füsioloogilist lahust.
Viieteistkümnel inimesel tekkis kõrge palavik.",,,,,no,no,no,yes,no,yes,no,L,s_n80
17061507,26224260,8,surema,,adit,Kuressaare,Kuressaarde,"Pakk oli kaks aastat tagasi saadetud Tallinnast Kuressaarde surnud Lembitu õele , et too venna maha mataks .",syntax,"Pakk saadeti kaks aastat tagasi.
Pakk saadeti Tallinnast Kuressaarde.
Paki saajaks oli Lembitu õde.
Lembitu oli surnud.
Õde pidi venna maha matma.",|L|AL|EL|LS|LT|ALT|ELT|LST|,,location,ORG,no,no,no,yes,no,yes,no,L,s_n80
11853597,18970090,16,surema,,adit,metanoolisurm,metanoolisurma,Valitsusjuhi kohalolekuga alkoholitootmise õilistamine ja tarbimise propageerimine ning sellega seotud aktsiisilaekumised on valitsuse kindlaks prioriteediks metanoolisurma surnud vähemväärtuslikuma elanikekontingendi ees .,,,,,,,no,no,no,no,no,no,yes,S,s_n80
4940873,7933278,9,surema,,adit,taud,taudi,"Ta on kindlalt veendunud , et hullu lehma taudi surnud loom Rakvere Lihakombinaati ei pääse .",???,"Ta on kindlalt veendunud.
Loom on surnud hullu lehma taudi.
See loom ei pääse Rakvere Lihakombinaati.",,,,,no,no,no,no,no,no,yes,S,s_n80
243350,389280,17,haigestuma,,ill,südamehaigus,südamehaigustesse,"Euroopas peaks igal sündival lapsel olema õigus elada vähemalt 65. eluaastani , ilma et ta haigestuks südamehaigustesse .",,,|S|AS|LS|ST|AST|LST|,,state,,no,no,no,no,no,no,yes,S,s_n80
11329863,18157090,7,haigestuma,,adit,trihhomoniaas,trihhomoniaasi,"Tervisekaitseinspektsiooni andmetel haigestus kõige rohkem inimesi trihhomoniaasi , kokku 1778 juhul .",,,|S|AS|LS|ST|AST|LST|,,state,,no,no,no,no,no,no,yes,S,s_n80
4399264,7075658,16,surema,,adit,hapnikupuudus,hapnikupuudusse,""" Eelmisel kevadel , kui veetase oli tänavusest kõrgem , tõmbasime järvest välja 20 tonni hapnikupuudusse surnud angerjaid , "" ütles Võrtsjärve endoloogiajaama kalabioloog Andu Kangur .",???,"Võrtsjärve endoloogiajaama kalabioloog Andu Kangur ütles midagi.
Eelmisel kevadel oli veetase kõrgem kui tänavu.
Eelmisel kevadel tõmmati järvest välja 20 tonni angerjaid.
Angerjad olid surnud hapnikupuuduse tõttu.",|S|AS|LS|ST|AST|LST|,,state,,no,no,no,no,no,no,yes,S,s_n80
5689035,9124221,18,haigestuma,,adit,kopsuhaigus,kopsuhaigusse,"Ajaleht Pakistan Observer väitis anonüümsele Talibani allikale viidates , et bin Laden haigestus paar nädalat tagasi raskesse kopsuhaigusse ja suri .",,,|S|AS|LS|ST|AST|LST|,,state,,no,no,no,no,no,no,yes,S,s_n80
71176,122157,4,surema,,adit,solgisurm,solgisurma,"Jutt , et solgisurma pole veel keegi surnud , siin paika ei pea .",,,|E|AE|EL|ET|AET|ELT|,,event,,no,no,no,no,no,no,yes,S,s_n80
3214042,5162823,1,haigestuma,,adit,noroviirusnakkus,Noroviirusnakkusse,"Noroviirusnakkusse haigestus mullu 168 inimest , kellel see ka laboratoorselt kinnitust leidis .",,,,,,,no,no,no,no,no,no,no,,s_n80
7382906,11849925,5,põdema,,adit,meningiit,meningiiti,"Ta on kaks korda meningiiti põdenud , aga sellest hoolimata kõbusa olemisega mees , kes mööda Neeruti künklikke teid nelja kilomeetri kaugusel poes käib .",,,|S|AS|LS|ST|AST|LST|,,state,,no,no,no,no,no,no,no,,s_n80
4661744,7491060,8,surema,,adit,maailm,maailma,USA-s Memphises suri eile 116. aasta vanuselt maailma vanim inimene Elizabeth Bolden .,syntax,"Memphis asub USA.
Maailma vanim inimene Elizabeth Bolden suri eile.
Ta oli 116-aastane.",,,,,yes,no,no,no,no,no,no,A,s_n80
2005103,3199038,1,haigestuma,,adit,langetõbi,Langetõppe,Langetõppe haigestub seitse korda rohkem mehi kui naisi .,,,|S|AS|LS|ST|AST|LST|,,state,,no,no,no,no,no,no,no,,s_n80
3024815,4851864,11,põdema,,adit,migreen,migreeni,"Üks varasem uuring näitab , et peale kaheaastast perioodi on migreeni põdenud inimene esimestele depressiooni-ilmingutele tavalisest viis korda altim .",,,|S|AS|LS|ST|AST|LST|,,state,,no,no,no,no,no,no,no,,s_n80
6496331,10448100,13,haigestuma,,adit,kõripõletik,kõripõletikku,"TALLINN , 28. august ( EPLO ) - Kolme aasta eest ägedasse kõripõletikku haigestunud naine tahab Mustamäe haiglalt valuraha , sest sealsed tohtrid tegid talle operatsiooni , mis tema olukorda halvendas , ning varjasid haige eest teisi ravivõimalusi Tartus , kirjutab Postimees .",,,|S|AS|LS|ST|AST|LST|,,state,,no,no,no,no,no,no,no,,s_n80
4989402,8011154,1,haigestuma,,ill,pojengi-ringlaiksus,Pojengi-ringlaiksusesse,Pojengi-ringlaiksusesse haigestuvad sageli just hästi arenenud ja korralikult hooldatud taimed .,,,,,,,no,no,no,no,no,no,no,,s_n80
16726860,25735579,13,haigestuma,,adit,liigutusnärvitõbi,liigutusnärvitõppe,Kahe täiskasvanud lapse ema Diane Pretty ( 43 ) haigestus harva esinevasse liigutusnärvitõppe 1999. aastal .,,,,,,,no,no,no,no,no,no,no,,s_n80
5047887,8101294,7,nakatuma,,adit,kärntõbi,kärntõppe,"Paljud viljad nakatusid vaatamata kahekordsele pritsimisele kärntõppe , ütles ETAle Eesti Põllumajandusülikooli Polli Aianduse instituudi direktor Toivo Univer .",,,|S|AS|LS|ST|AST|LST|,,state,,no,no,no,no,no,no,no,,s_n80
2685127,4307416,3,haigestuma,,adit,suhkurtõbi,suhkurtõppe,"Jaanika haigestus suhkurtõppe , kui oli alles viiene .",,,|S|AS|LS|ST|AST|LST|,,state,,no,no,no,no,no,no,no,,s_n80
123426,206847,14,surema,,adit,südamerabandus,südamerabandusse,"Samuti elas Eestis kapteni vanemabi Valentin Sarantsin , kes suri laeval politseihaarangu käigus südamerabandusse .",,,|S|AS|LS|ST|AST|LST|,,state,,no,no,no,no,no,no,no,,s_n80
12086609,19348570,6,surema,,adit,pantšen-laam,pantšen-laama,Kaks päeva hiljem oli kümnes pantšen-laama surnud .,syntax,,,,,,yes,no,no,no,no,no,no,A,s_n80
187283,310937,7,haigestuma,,adit,meningiit,meningiiti,Mõnel pool Austraalias haigestuvad inimesed suviti meningiiti .,,,|S|AS|LS|ST|AST|LST|,,state,,no,no,no,no,no,no,no,,s_n80
15533597,24259267,57,surema,,adit,yletoos,yletoosi,"Ma ei saa aru , miks k6ik r22givad , et kanep on paha , miks keegi ei r22gi , et herohiin on paha , kas te kurat olete seal k6ik puuga p2he saanud  Miks keegi ei keela suitsetamist 2ra , ma olen aru saanud , et regular suits on surm , palju inimesi sureb 2ra kanepi yletoosi v6i pideva tarbimise tagaj2rjel ja palju regulaarse suitsetamise tagaj2rjel ?",,,,,,,no,no,no,no,no,no,no,,s_n80
5829703,9354890,8,surema,,adit,H5-tüüp,H5-tüüpi,"Türgi ametnikud ütlesid , et linnud surid H5-tüüpi grippi , kuid pole selge , kas tegemist on täpselt sama tüvega , mis paneb tervisekaitsjad eriliselt muretsema .",syntax,"Türgi ametnikud ütlesid midagi.
Linnud surid H5-tüüpi grippi.
Ei ole selge, kas tegemist on täpselt sama tüvega.
Sama tüvi paneb tervisekaitsjad eriliselt muretsema.",,,,,no,no,no,no,no,no,no,,s_n80
1761421,2804698,13,haigestuma,,adit,HIV-tõbi,HIV-tõppe,"Tervisekaitseinspektsiooni andmeil elab Eestis 73 HI-viiruse kandjat , kellest viis on haigestunud HIV-tõppe ehk aidsi .",,,,,,,no,no,no,no,no,no,no,,s_n80
181205,301240,16,surema,,adit,käsi,kätte,Politsei avastas maja varemete läbituhnimisel kahe vanainimese surnukehad - ilmselt surid nad kuumuse ja vingu kätte .,syntax,"Politsei avastas maja varemeid läbi tuhnides kahe vanainimese surnukehad.
Need vanainimesed olid surnud.
Nad surid ilmselt kuumuse ja vingu kätte.",,,,,no,no,no,no,no,no,no,,s_n80
178852,297287,2,haigestuma,,ill,difteeria,difteeriasse,"Kuigi difteeriasse haigestuvad ka süsti saanud inimesed , põevad nad haiguse kergelt läbi .",,,|S|AS|LS|ST|AST|LST|,,state,,no,no,no,no,no,no,no,,s_n80
1897671,3023340,5,haigestuma,,adit,klaukoom,klaukoomi,"Ootamatult haigestus poiss silmahaigusesse klaukoomi , mille taga-järjel saabus pimedus .",,,,,,,no,no,no,no,no,no,no,,s_n80
15485428,24182782,3,surema,,adit,ketoatsidoos,ketoatsidoosi,( Suri ketoatsidoosi . ),,,,,,,no,no,no,no,no,no,no,,s_n80
10050386,16120206,3,haigestuma,,adit,veistehullustus,veistehullustusse,Eile haigestus veistehullustusse esimene tartlane .,,,,,,,no,no,no,no,no,no,no,,s_n80
5057919,8117618,29,haigestuma,,ill,BSE,BSEsse,"Tirooli peaminister Wendelin Weingartner ütles uudisteagentuurile APA , et Tiroolist pärit seitsme aastane veis tapeti Saksamaa Baden- Württembergi liidumaal ning esialgsed testid näitasid , et ta oli haigestunud BSEsse .",,,,,,,no,no,no,no,no,no,no,,s_n80
15929685,24780044,4,nakatuma,,adit,lennutamine,lennutamisse,Priidul on lohe lennutamisse nakatunud terve pere .,,,,,,,no,no,no,no,no,no,no,,s_n80
20488573,29622193,14,põdema,,adit,oldk,oldki,skc: kutt21 meie vähemalt noores eas põeme seda aga sul ple veel oldki,syntax,,,,,,no,no,no,no,no,no,no,,s_n80
7075253,11373305,7,surema,,adit,poegimine,poegimisse,"Lehm sai veebruaris otsa , suri poegimisse .",,,,,,,no,no,no,no,no,no,no,,s_n80
607036,962320,19,surema,,adit,verevähk,verevähki,"Kümned riigikogu liikmed saatsid eile kaastundeavalduse NSV Liidu viimasele riigipeale Mihhail Gorbatshovile , kelle abikaasa Raissa suri esmaspäeval verevähki .",,,|S|AS|LS|ST|AST|LST|,,state,,no,no,no,no,no,no,yes,S,s_n80
18955354,28619937,3,haigestuma,,ill,hantaviirus-nakkus,hantaviirus-nakkustesse,Aastas haigestub hantaviirus-nakkustesse erinevates maades umbes 150 000 -,,,,,,,no,no,no,no,no,no,yes,S,s_n80
418119,651193,10,surema,,adit,toidumürgitus,toidumürgitusse,Kenasti verise lihaga söödetud lind suri paraku hiljem loomaaias toidumürgitusse .,,,|S|AS|LS|ST|AST|LST|,,state,,no,no,no,no,no,no,yes,S,s_n80
6097357,9787582,7,surema,,adit,võrk,võrku,"Tean , et kalurid , kelle võrku viigerhüljes on surnud , ei julge sellest tavaliselt teatada .",,,,,,,no,no,no,yes,no,yes,no,L,s_n80
4084088,6573877,13,nakatuma,,adit,majavamm,majavammi,Olen imestades lugenud ajalehesõnumeid rohkem kui miljon krooni maksvast remonditööst mõnes Tallinna majavammi nakatunud hoones .,,,,,,,no,no,no,no,no,no,no,,s_n80
16531670,25492771,9,põdema,,adit,jämesoolevähk,jämesoolevähki,"Gabrieli sõnul on ka ta endise patsiendi , jämesoolevähki põdenud mehe süüdistused alusetud .",,,,,,,no,no,no,no,no,no,yes,S,s_n80
5754570,9230924,30,surema,,adit,põmmd,põmmdi,"Mulle on ka tuttav tüüakas vana härrasmees Rein Raidme - vana Pannoniaga sõitja ja vangis istunud mees , kuna ta ajas mootorrattaga ühe vana onksi alla ja see suri põmmdi kohapeal - nojah see vana Rein Raidme , kellega koos me mõnegi pudelikese oleme ära lahendanud ja kes on kokku joonistanud suurema osa teatud perioodi Eesti multifilmidest - jah seesama tõsises vanuses härrasmees , ütles paari klaasi vahel , kui ma kurtsin , et tunnen end poisikesena , kuigi pea hallineb : "" Peeter , vahel on ikka alles kutsikatunne sees .",syntax,"Mulle on tuttav vana härrasmees Rein Raidme.
Rein Raidme on vana Pannoniaga sõitja.
Ta on vangis istunud mees.
Ta sõitis mootorrattaga ühe vana mehe alla.
See mees suri kohapeal.
Me oleme koos temaga joonud mõne pudeli.
Ta on loonud suure osa teatud perioodi Eesti multifilmidest.
Ta ütles midagi, kui ma kurtsin oma enesetunde üle.
Ma tundsin end poisikesena, kuigi mu pea hallineb.
Ta ütles: „Peeter, vahel on ikka alles kutsikatunne sees.“",,,,,no,no,no,no,no,no,no,,s_n80
16711746,25711702,19,surema,,adit,lümfivähk,lümfivähki,"Järgmises Harry Potteri filmis « Azkabani vang » kehastab professor Dumbledore'i Michael Gambon , kes päris osa mullu lümfivähki surnud Richard Harriselt .",,,,,,,no,no,no,no,no,no,yes,S,s_n80
7134844,11473729,3,surema,,adit,igatsus,igatsusse,"Aeglaselt suren igatsusse , külma , janusse ja kunagi nälga , sest toorest kala ei saa igavesti süüa .",,,,,,,no,no,no,no,no,no,yes,S,s_n80
11238086,18007531,3,surema,,adit,immuunsuspuudulikkus,immuunsuspuudulikkusse,"Samas on immuunsuspuudulikkusse surnud juba 16,3 miljonit inimest .",,,|S|AS|LS|ST|AST|LST|,,state,,no,no,no,no,no,no,yes,S,s_n80
882899,1406190,7,haigestuma,,adit,AIDS,AIDSi,""" Ma olin aastaid omamoodi ristiisaks AIDSi haigestunud laste varjupaigale Puerto Ricos .",,,|S|AS|LS|ST|AST|LST|,,state,,no,no,no,no,no,no,no,,s_n80
516445,813433,8,surema,,adit,veremürgitus,veremürgitusse,"Viktor Siltshenko suri möödunud aasta oktoobris nädalaga veremürgitusse , mille ta sai Mõnistes hambaravil käies .",,,|S|AS|LS|ST|AST|LST|,,state,,no,no,no,no,no,no,yes,S,s_n80
16328793,25275418,49,surema,,adit,rod,rodi,"ja seal pole yldsegi kergem , kuna need teise linna lollakad koksavad just elvini n00be maha , ilmselt vastu pidi kah .. kõige toredam koksamine oli mul siis , kui ma kalastasain , siis tulid mingid pervod ja tegis seda ice striket , ma surnud ja droppisin fishing rodi , see tyyp korjab ylesse ja on h2mmelgus ... « fishing rod ?!?! » njah , see surm oli seda v22rt , naerda sai",syntax,"Seal ei ole üldse kergem.
Teise linna mängijad tapavad Elvini algajaid.
Ilmselt toimub seda ka vastupidi.
Kõige toredam tapmine oli siis, kui ma kalastasin.
Siis tulid mingid mängijad ja kasutasid Ice Strike’i.
Ma surin.
Ma viskasin maha oma õngeritva.
See mängija korjas selle üles.
Ta oli väga üllatunud.
Ta ütles: „Fishing rod?!?!”
See surm oli seda väärt.
Selle üle sai naerda.",,,,,no,no,no,no,no,no,no,,s_n80
1395523,2220103,3,surema,,adit,suhkurtõbi,suhkurtõppe,"Mullu augustis suhkurtõppe surnud Tarmo Pihlap oli pärit Viljandimaalt , kus ta sündis 1952. aastal .",,,|S|AS|LS|ST|AST|LST|,,state,,no,no,no,no,no,no,yes,S,s_n80
7629243,12238415,7,nakatuma,,adit,kivitõbi,kivitõppe,"Lisaks sellele on Sfinks nakatunud parandamatusse kivitõppe , mis teda aeglaselt , kuid järjekindlalt närib , kuni ükskord tuul ta mööda kõrbe laiali puhub .",,,|S|AS|LS|ST|AST|LST|,,state,,no,no,no,no,no,no,yes,S,s_n80
4989363,8011081,1,haigestuma,,adit,pojengi-hahkhallitus,Pojengi-hahkhallitussse,"Pojengi-hahkhallitussse  haigestunud taimede noortel võrsetel tekivad kevadel pruunid laigud , mis on esialgu vähemärgatavad .",,,,,,,no,no,no,no,no,no,yes,S,s_n80
416226,647901,4,surema,,adit,troopikapalavik,troopikapalavikku,"Berliinis suri eile troopikapalavikku sakslane , kes nädalavahetusel naasis reisilt Lääne-Aafrikasse ja kes kardeti olevat nakatunud tapva ebolaviirusega .",,,|S|AS|LS|ST|AST|LST|,,state,,no,no,no,no,no,no,yes,S,s_n80
1873631,2984233,1,haigestuma,,adit,rinnavähk,Rinnavähki,"Rinnavähki haigestunud briti naistest sureb viie aasta jooksul oletatavasti 45 protsenti , sakslannasid seevastu viie protsendi võrra vähem .",,,|S|AS|LS|ST|AST|LST|,,state,,no,no,no,no,no,no,yes,S,s_n80
2174918,3475132,11,surema,,adit,mürgisüst,mürgisüsti,38aastane Mir Aimal Kasi suri kell 21.07 kohaliku aja järgi mürgisüsti läbi Greensville'i vanglas .,???,"Mir Aimal Kasi oli 38-aastane.
Ta suri kell 21.07 kohaliku aja järgi.
Ta suri mürgisüsti läbi.
Ta suri Greensville'i vangla.",,,,,no,no,no,no,no,no,no,,s_n80
7110414,11435633,5,surema,,adit,pimedus,pimedusse,"Kui valgus ei sure pimedusse , siis ei saabu kunagi uus päev , uus kuu , uus aasta ?",,,,,,,no,no,no,yes,no,yes,no,L,s_n80
10274272,16487889,28,surema,,adit,kalamürgitus,kalamürgitusse,"Nädala pärast saab Tallinna loomaaed Rootsist kätte kaks noort hüljest , kelle talitajad lasevad kohe basseini , mis jäi tühjaks suvel , kui seal elanud kolm hüljest kalamürgitusse surid .",,,|S|AS|LS|ST|AST|LST|,,state,,no,no,no,no,no,no,no,,s_n80
2269547,3633169,13,nakatuma,,adit,haigus,haigusse,"Viiruslik meningiidi tõttu viibib Saaremaal Kuressaare haiglas seitse last , kuid ohtlikku haigusse nakatunud võib olla üle kümne .",,,|S|AS|LS|ST|AST|LST|,,state,,no,no,no,no,no,no,yes,S,s_n80
1943877,3098356,17,haigestuma,,adit,süüfilis,süüfilisse,"Sümfoonia dateeritakse 1822. aasta oktoobrisse , kuid on teada , et sama aasta lõpus haigestus Schubert süüfilisse .",,,|S|AS|LS|ST|AST|LST|,,state,,no,no,no,no,no,no,yes,S,s_n80
6158711,9885944,24,nakatuma,,adit,allumatus,allumatusse,"NEW YORK , 30. märts ( AP-EPLO ) - Tervishoiuametnikud on tuvastanud juba mitmeid patsiente , kes on ilmselt nakatunud harvaesinevasse ja ravimitele allumatusse HI-viiruse tüvve , kuid pole selge , kas need juhtumid on seotud .",syntax,,,,,,no,no,no,no,no,no,no,,s_n80
345333,533480,13,surema,,adit,kuumarabandus,kuumarabandusse,Tegelikult hakkas kohe pärast starti temperatuur kabiinis tõusma ning koer suri varsti kuumarabandusse .,,,|S|AS|LS|ST|AST|LST|,,state,,no,no,no,no,no,no,no,,s_n80
11059347,17713179,7,nakatuma,,adit,hepatiit,hepatiiti,Väikesest torkest läbi kummikinda nakatus õde hepatiiti ja arstidel ei õnnestunud teda päästa .,,,|S|AS|LS|ST|AST|LST|,,state,,no,no,no,no,no,no,yes,S,s_n80
5321544,8537884,6,nakatuma,,adit,mobiiliviirus,mobiiliviirusse,Jaapani telefonisõltlased on paanikas : mobiiliviirusse nakatunud aparaat hakkab helistama hädaabinumbrile .,,,,,,,no,no,no,no,no,no,yes,S,s_n80
370145,573488,29,surema,,adit,tuberkuloos,tuberkuloosi,"Nagu Glahn , nii lahkub ka Amos kodumaalt lõunasse , mõlemaid jälitab mälestus kodumaast ja suurest armastusest , mõlemad surevad - Glahn läheb uhkelt vabasurma , Amos sureb tuberkuloosi .",,,|S|AS|LS|ST|AST|LST|,,state,,no,no,no,no,no,no,yes,S,s_n80
2871849,4604912,4,surema,,adit,kops,kopsu-,"Enim surevad eestlased kopsu- , käär- ja pärasoole- ning maovähki .",???,,,,,,no,no,no,no,no,no,no,,s_n80
3514004,5658217,12,haigestuma,,adit,A-hepatiit,A-hepatiiti,"Pihkva linna tervishoiukomitee ja Pihkva Punase Risti andmetel oli novembri lõpuks A-hepatiiti haigestunud üle 500 inimese , nendest 200 alla 14-aastased lapsed .",,,,,,,no,no,no,no,no,no,no,,s_n80
1797916,2862514,1,surema,,adit,tulesurm,Tulesurma,"Tulesurma suri 15 Guatemala elanikku , 12 hukkus püssikuuli ja üheksa teiste relvade läbi .",,,|E|AE|EL|ET|AET|ELT|,,event,,no,no,no,no,no,no,no,,s_n80
6514519,10479185,18,haigestuma,,ill,ahvirõuged,ahvirõugetesse,"Arstid jõudsid tegelikult üsna kiiresti selgusele , et Schyan on esimene läänemaailma inimene , kes on haigestunud ahvirõugetesse .",,,|S|AS|LS|ST|AST|LST|,,state,,no,no,no,no,no,no,no,,s_n80
15770814,24595155,3,haigestuma,,adit,poliomüeliit,poliomüeliiti,"Uurides paralüütilisse poliomüeliiti haigestunud inimeste geneetilisi iseärasusi , ilmnes , et immuunglobuliini retseptori Fe gamma geneetilise variandi VV esinemine kaitseb organismi polioviiruse invasiooni eest .",,,|S|AS|LS|ST|AST|LST|,,state,,no,no,no,no,no,no,no,,s_n80
6758678,10873188,11,surema,,adit,kehavigastus,kehavigastusse,Kiirabi ja politseipatrulli kohale saabumise ajaks oli mees surnud saadud kehavigastusse .,,,,,,,no,no,no,no,no,no,no,,s_n80
6480058,10420611,8,haigestuma,,adit,seenhaigus,seenhaigusse,""" Kui inimene haigestub 40-ndaks eluaastaks küünte seenhaigusse ja ei hakka seda ravima , peab ta teadma , et haigus iseenesest ei parane ja lõpuks haigestuvad kõik varbaküüned ning edasi levib nakkus sõrme-küüntele .",,,|S|AS|LS|ST|AST|LST|,,state,,no,no,no,no,no,no,no,,s_n80
14231463,22605081,15,haigestuma,,adit,kutsehaigus,kutsehaigusse,"Töötajal või füüsilisest isikust ettevõtjal , kellega on juhtunud tööõnnetus või kes on haigestunud kutsehaigusse ning :",,,|S|AS|LS|ST|AST|LST|,,state,,no,no,no,no,no,no,no,,s_n80
5912917,9491645,5,haigestuma,,adit,EM,EM-i,Vend Aleksei haigestus vahetult EM-i eel ja oli sunnitud treeningutes tegema kümnepäevase pausi .,syntax,"Vend Aleksei haigestus.
Haigestumine toimus vahetult EM-i eel.
Ta oli sunnitud treeningutes tegema kümnepäevase pausi.",|EL|ELT|,,event,ORG,no,yes,no,no,no,no,no,E,s_n80
6372837,10241648,5,haigestuma,,adit,puuk-entsefaliit,puuk-entsefaliiti,"Kui 2003. aastal haigestus puuk-entsefaliiti 237 inimest , siis 2004. aastal 182.",,,,,,,no,no,no,no,no,no,no,,s_n80
1493499,2377731,1,surema,,adit,infarkt,Infarkti,"Infarkti sureb aastas tuhandeid - loetlegem vaid surnud pankureid , ministreid , muusikuid , arste .",,,|S|AS|LS|ST|AST|LST|,,state,,no,no,no,no,no,no,no,,s_n80
3971812,6394813,8,haigestuma,,ill,skisofreenia,skisofreeniasse,"Sellel , miks üks või teine inimene skisofreeniasse haigestub , ei ole ühest põhjust .",,,|S|AS|LS|ST|AST|LST|,,state,,no,no,no,no,no,no,no,,s_n80
11404861,18277097,3,surema,,adit,neer,neeru-,"Enamik pealtnäha neeru- ja närvihaigustesse surnud inimesi olid üle 60aastased ja olid kannatanud kõrge vererõhu , suhkurtõve ja neeruhaiguste käes .",???,,,,,,no,no,no,no,no,no,no,,s_n80
4425449,7116664,17,nakatuma,,adit,närvihaigus,närvihaigusse,"Teadlased kahtlustavad , et BSE sai alguse 1980. aastal , mil veistele lisati sööda hulka degeneratiivsesse närvihaigusse nakatunud lammaste rupskeid .",???,,|S|AS|LS|ST|AST|LST|,,state,,no,no,no,no,no,no,no,,s_n80
972754,1549603,22,haigestuma,,adit,kopsuvähk,kopsuvähki,"Philip Morris ja R.J.Reynolds peavad kumbki maksma 10 miljonit dollarit nelja lapse emale Leslie Whiteleyle ( 40 ) , kes haigestus kopsuvähki pärast 25 aastapikkust suitsetamist .",,,|S|AS|LS|ST|AST|LST|,,state,,no,no,no,no,no,no,no,,s_n80
10003683,16047299,13,surema,,adit,pensioniiga,pensioniikka,"Lisaks veel kaks näitajat , mittetüüpilised rahuaja riigile - mehed surid keskmiselt pensioniikka jõudmata ja ülimadal sündimus .",syntax,,,,,,no,no,yes,no,no,no,no,T,s_n80
5437846,8719186,6,surema,,adit,vasemürgitus,vasemürgitusse,"Mõne aasta eest suri seetõttu vasemürgitusse hüljes , kelle kõhust leiti kausitäis münte , kirjutab SL Õhtuleht .",,,|S|AS|LS|ST|AST|LST|,,state,,no,no,no,no,no,no,no,,s_n80
407357,633932,9,haigestuma,,adit,kiiritustõbi,kiiritustõppe,"5 grei suuruse doosi saanud inimene haigestub raskekujulisse kiiritustõppe , mille sümptoomide hulgas on olulisel kohal vereloomeelundi ( luuüdi ) kahjustused .",,,|S|AS|LS|ST|AST|LST|,,state,,no,no,no,no,no,no,no,,s_n80
11875503,19002697,3,surema,,adit,suitsumürgitus,suitsumürgitusse,"Inimesed surid suitsumürgitusse , » teatas tuletõrjujate tegevust juhtinud Rodolfo Briceno .",,,,,,,no,no,no,no,no,no,no,,s_n80
938429,1494264,15,surema,,adit,marutõbi,marutõppe,"Pärtel ise tegi marutaudi süstikuuri läbi kümnekonna aasta eest , kui oli paljakäsi arstinud marutõppe surnud lehma .",???,,|S|AS|LS|ST|AST|LST|,,state,,no,no,no,no,no,no,no,,s_n80
11538931,18478063,4,haigestuma,,ill,tüüfus,tüüfusesse,Kapten Šulgin haigestus tüüfusesse ning ta tuli lumele jätta .,,,|S|AS|LS|ST|AST|LST|,,state,,no,no,no,no,no,no,no,,s_n80
7557945,12137133,16,surema,,adit,alandus,alandusse,"Siis lohistas ta leedi Elizabethi keldrisse ja hoidis teda seal niikaua , kuni tüdruk füüsilisse alandusse , nälga ja hullusesse suri .",,,,,,,no,no,no,no,no,no,yes,S,s_n80
9921525,15917426,27,haigestuma,,adit,ALD-tõbi,ALD-tõppe,"Lorenzo on Ameerika itaallaste Michaela ( Susan Sarandon ) ja Augusto ( Nick Nolte ) Odonede ainus laps , kes ühel päeval haigestub piinava surmaga lõppevasse ALD-tõppe , mida tuntakse ka adrenoleukodüstroofia nime all .",,,,,,,no,no,no,no,no,no,no,,s_n80
408841,636196,1,surema,,adit,elavhõbedamürgistus,Elavhõbedamürgistusse,"Elavhõbedamürgistusse suri Inglise kuningas  Charles II  , kes alkeemikuna uuris elavhõbedast kulla saamist .",,,|S|AS|LS|ST|AST|LST|,,state,,no,no,no,no,no,no,no,,s_n80
10661966,17086416,6,haigestuma,,adit,soolepõletik,soolepõletikku,Kokku oli eilseks enteriiti ehk soolepõletikku haigestunud 42 “ Baltic Challenge'ist ” osavõtnud Eesti kaitseväelast .,,,|S|AS|LS|ST|AST|LST|,,state,,no,no,no,no,no,no,no,,s_n80
15015961,23555547,4,haigestuma,,ill,seenhaigus,seenhaigusesse,"Peale selle võib seenhaigusesse haigestunud küünest nakkus levida ka haige teistele kehaosadele , eriti kätele ja kubemevolti .",,,|S|AS|LS|ST|AST|LST|,,state,,no,no,no,no,no,no,no,,s_n80
568197,898999,7,surema,,adit,kant,kanti,"Rongkäigud jätkusid Rabatis kogu nädala-vahetuse , kanti surnud kuninga pilte , paljud nutsid .",syntax,,,,,,no,no,no,no,no,no,no,,s_n80
1139305,1810069,21,surema,,adit,süüfilis,süüfilisse,"Iiri kirjanik Oscar Wilde , kelle näidendid lahutavad publiku meelt ka sada aastat pärast autori surma , ei surnud mitte süüfilisse , vaid ajju levinud kroonilisse kõrvapõletikku .",,,|S|AS|LS|ST|AST|LST|,,state,,no,no,no,no,no,no,no,,s_n80
160242,266695,8,surema,,adit,vingumürgitus,vingumürgitusse,Üks laps meie perest suri tulekahju ajal vingumürgitusse .,,,|S|AS|LS|ST|AST|LST|,,state,,no,no,no,no,no,no,no,,s_n80
7487923,12017641,4,nakatuma,,adit,AIDS,AIDSi,"“ Mitte ainult AIDSi nakatunud ei vaja kompleksravi : mujal maailmas lähtutakse põhimõttest , et sellega tuleb alustada nakatumise järel võimalikult ruttu , ” selgitab Raukas .",,,|S|AS|LS|ST|AST|LST|,,state,,no,no,no,no,no,no,no,,s_n80
11322229,18146142,10,haigestuma,,adit,suguhaigus,suguhaigusse,"Osa ajaloolasi arvab , et noorpõlves haigestus Friedrich II suguhaigusse , mida arstid ei suutnud ravida .",,,|S|AS|LS|ST|AST|LST|,,state,,no,no,no,no,no,no,no,,s_n80
4496828,7230399,17,surema,,adit,sõjaväebaas,sõjaväebaasi,"Ta sai pihta mürsuga , mis teda väga raskelt haavas , ning arvatavasti suri ta teel sõjaväebaasi .",syntax,"Ta sai pihta mürsuga.
Mürsk haavas teda väga raskelt.
Ta suri arvatavasti teel sõjaväebaasi.",|L|AL|EL|LS|LT|ALT|ELT|LST|,,organisation,,no,no,no,yes,no,yes,no,L,s_n80
1090812,1733754,1,haigestuma,,adit,paragripp,Paragrippi,"Paragrippi haigestunud ja niisama nohus-köhas inimesed ostavad talvel tavapärasest rohkem vitamiine , aspiriini ning gripirohtusid , suurendades oluliselt ravimimüüjate sissetulekut .",,,|S|AS|LS|ST|AST|LST|,,state,,no,no,no,no,no,no,no,,s_n80
806037,1286063,7,põdema,,adit,põletik,põletikku,"Saunakuumust peaksid vältima epilepsia , peaaju põletikku põdenud ja kaugele arenenud veresoonkonna- , südame- ja neerupuudulikkusega haiged .",,,|S|AS|LS|ST|AST|LST|,,state,,no,no,no,no,no,no,no,,s_n80
8819758,14164376,3,surema,,adit,tardumus,tardumusse,Inimkond sureb tardumusse ! ”,,,|S|AS|LS|ST|AST|LST|,,state,,no,no,no,no,no,no,yes,S,s_n80
14186002,22551574,24,surema,,adit,suitsetamine,suitsetamisse,"Polemiseerin teemal vaid nii palju , et umbes kuu aja eest oli kuskil portaalis uudis , et Eestis sureb iga päev viis inimest suitsetamisse , aga vahepeal pole olnud uudist , et suitsetamisse surijate arv oleks kahekordistunud ... aga mis tost .",,,,,,,no,no,no,no,no,no,yes,S,s_n80
9559095,15344034,10,surema,,adit,külmasurm,külmasurma,Moskva meditsiiniametnike andmeil on seal tänavuse talve algusest saadik külmasurma surnud 69 inimest .,,,,,,,no,no,no,no,no,no,yes,S,s_n80
1801124,2866038,12,haigestuma,,ill,miski,millessegi,"Üks kord narkootikumide proovimist ei tähenda veel , et ta on millessegi haigestunud .",,,,,,,no,no,no,no,no,no,no,,s_n80
6632469,10672191,16,haigestuma,,ill,Philadelphia,Philadelphiasse,"Eesti Merelaevanduse madrus , saanud küll eelnevalt malaaria kemoprofülaktikat , haigestus 12. juunil teel Aafrikast Philadelphiasse .",syntax,,|L|AL|EL|LS|LT|ALT|ELT|LST|,,location,LOC,no,no,no,yes,no,yes,no,L,s_n80
6435139,10345627,4,surema,,adit,kopsutõbi,kopsutõppe,Kokku on maailmas kopsutõppe surnud 264 iniemst .,,,,,,,no,no,no,no,no,no,yes,S,s_n80
1201543,1910376,37,surema,,adit,rasvumine,rasvumisse,"Sama kahjulikult kui nälgimine mõjub mustlaskultuurile ja mõnedele islamimaadele omane pruudi nuumamine , mistõttu perekond sai küll naise eest väärilise hinna ( kehakaal väärismetalli kilodes vm ) , kuigi õnnetu pruut ise suri noorelt südame veresoonkonna rasvumisse .",,,|S|AS|LS|ST|AST|LST|,,state,,no,no,no,no,no,no,yes,S,s_n80
1013994,1614717,3,surema,,adit,seenesurm,seenesurma,"Esmaspäeval suri seenesurma kaks inimest , 12 seenesõbra elu jõudsid arstid päästa .",,,,,,,no,no,no,no,no,no,yes,S,s_n80
12131027,19422637,4,haigestuma,,adit,tiim,tiimi,"Ootamatult aga haigestus tiimi üks liige ning Treier sai bossilt telefonikõne : kui tahad meiega Prantsusmaa mitmepäevasõidul startida , ole ülehomme kohal .",syntax,,|A|AE|AL|AS|AT|AET|ALT|AST|,,alive,,yes,no,no,no,no,no,no,A,s_n80
388311,603215,13,surema,,adit,puudulikkus,puudulikkusse,"9. jaanuaril matsin oma venna , kes suri 51 aasta vanuses südame-veresoonkonna puudulikkusse .",,,,,,,no,no,no,no,no,no,yes,S,s_n80
1539504,2449950,6,nakatuma,,adit,marutaud,marutaudi,"Kui möödunud aastal nakatus Põlvamaal marutaudi kuus looma , siis tänavu kümne ja poole kuuga on nakatunuid juba 15 , ütles Koidule Põlvamaa veterinaarkeskuse veterinaarinspektor-episotoloog Peep Mälberg .",,,|S|AS|LS|ST|AST|LST|,,state,,no,no,no,no,no,no,no,,s_n80
20033232,29415655,5,surema,,adit,igawus,igawusse,littlereimo: ma suren igawusse,,,,,,,no,no,no,no,no,no,yes,S,s_n80
968201,1542387,12,surema,,adit,südamepuudulikkus,südamepuudulikkusse,"Genotsiidis süüdistatud Läti kodanikust endine KGB ohvitser Vassili Kirsanov suri pühapäeval südamepuudulikkusse , teatas Läti peaprokuratuuri pressisekretär Dzintra šubrovska .",,,|S|AS|LS|ST|AST|LST|,,state,,no,no,no,no,no,no,yes,S,s_n80
8868385,14248720,1,haigestuma,,adit,reumatoidartriit,Reumatoidartriiti,"Reumatoidartriiti haigestub 0,6 -1,3 protsenti inimestest , neist 5 protsenti lapseeas -kõige sagedamini enne viiendat eluaastat või murdeeas .",,,|S|AS|LS|ST|AST|LST|,,state,,no,no,no,no,no,no,no,,s_n80
4703049,7556562,16,haigestuma,,adit,ravimatus,ravimatusse,"Tervisekaitseamet hakkab hullulehmatõve probleemiga tegelema siis , kui esimene inimene haigestub nakatunud liha söömise tagajärjel ravimatusse Creutzfeld-Jacobi tõppe .",syntax,,,,,,no,no,no,no,no,no,yes,S,s_n80
2089813,3334984,16,surema,,adit,puudumine,puudumisse,"Elavad mõne kuu ja surevad siis madala temperatuuri , päikese või vähese söögiks kõlbliku heitvee puudumisse .",,,,,,,no,no,no,no,no,no,yes,S,s_n80
9479129,15217805,20,haigestuma,,adit,sapikivitõbi,sapikivitõppe,"Samasugune on haigestumus Põhjamaades , seevastu vaid kolm protsenti jaapanlastest ja tervelt 30-70 protsenti Põhja-Ameerika indiaanlastest haigestub sapikivitõppe .",,,|S|AS|LS|ST|AST|LST|,,state,,no,no,no,no,no,no,no,,s_n80
741926,1182159,8,surema,,adit,vanadus,vanadusse,"Meil olid lõvid , aga nad surid vanadusse ja me plaanime tuua siia aasia lõvid .",,,,,,,no,no,yes,no,no,no,no,T,s_n80
5470747,8771046,4,surema,,adit,viinamürgistus,viinamürgistusse,"Aastas sureb Eestis viinamürgistusse keskmiselt 300 inimest ning Pärnu juhtumi tõttu sel aastal number suurem pole , sest ülejäänud ehmatavad ja joovad salaviina vähem .",,,,,,,no,no,no,no,no,no,yes,S,s_n80
15364971,23997877,11,surema,,adit,vang,vangi,"Usbekistanis Andijoni vanglas suri novembris piinamise tagajärjel kaks islamiäärmusluses süüdistatud vangi , ütlesid meeste sugulased ja inimõiguslased .",syntax,,,,,,yes,no,no,no,no,no,no,A,s_n80
11882504,19013882,2,surema,,adit,kemplemine,kemplemisse,Parteidevahelisse kemplemisse surnud « Nürnberg-II » on Eesti olukorrast vaid üks kurb näide .,,,,,,,no,no,no,no,yes,yes,no,L,s_n80
5764928,9248055,12,surema,,adit,heinakuhi,heinakuhja,""" Buridanid "" said oma nime eesli järgi , kes kahe heinakuhja vahel nälga suri .",syntax,,,,,,no,no,no,yes,no,yes,no,L,s_n80
16334815,25281664,61,surema,,adit,kanza-surm,kanza-surma,"niisiis , uurisin antud linki sealt lehelt veel linke ja otsisin veel täiendust ja sain päris palju teada selle asja kohta : esiteks final fantasy sulle teadmiseks et alkohol seejärel tubakas on palju ohtlikumad ja suuremat sõltuvust tekitavad asjad kui kanza ( kanep tekitab vähem sõltuvust kui kohvi ntx ) , kanepiga pole võimalik üledoosi kätte surra , keegi pole kanza-surma surnud , kanza ei tekita inimeses vastupidiselt ntx muudele narkodele ja alcole vägivallatunnet , pigem rahulikku ja mõnusa olemise ( nagu mõne pilsneri joomine ) , kanza on paljus mõttes kasulik ( saab teha köit , ravimina jnejne . )",,,,,,,no,no,no,no,no,no,no,,s_n80
2626340,4214204,7,surema,,adit,polooniumimürgitus,polooniumimürgitusse,Litvinenko suri eelmise aasta novembris Londonis polooniumimürgitusse .,,,,,,,no,yes,no,no,no,no,no,E,s_n80
4977944,7993133,8,haigestuma,,ill,viirusnakkushaigus,viirusnakkushaigustesse,Tervisekaitseinspektsiooni andmetel haigestus eelmisel nädalal ülemistesse hingamisteede viirusnakkushaigustesse 8305 inimest .,,,,,,,no,yes,no,no,no,no,no,E,s_n80
13409269,21449240,7,haigestuma,,adit,osteoporoos,osteoporoosi,"Rahvusvahelise osteoporoosi seltsi andmetel haigestub tänapäeval osteoporoosi iga kolmas naine ning iga viies mees , kes on üle 50 aastane .",,,|S|AS|LS|ST|AST|LST|,,state,,no,no,no,no,no,no,no,,s_n80
6879142,11062320,15,surema,,adit,surr,surri,"Wimaks kiskusid nemmad temmal kõrri lõua alt wälja , kus ta sure walloga ärra surri .",syntax,,,,,,no,no,no,no,no,no,yes,S,s_n80
192887,318505,14,nakatuma,,adit,tõbi,tõppe,Ammu enne hullu gripilaine jõudmist Eestisse on päris paljud eestlased nakatunud teise moodsasse tõppe - Sudokusse .,,,,,,,no,no,no,no,no,no,yes,S,s_n80
6158711,9885944,26,nakatuma,,adit,tüvi,tüvve,"NEW YORK , 30. märts ( AP-EPLO ) - Tervishoiuametnikud on tuvastanud juba mitmeid patsiente , kes on ilmselt nakatunud harvaesinevasse ja ravimitele allumatusse HI-viiruse tüvve , kuid pole selge , kas need juhtumid on seotud .",,,,,,,no,no,no,no,no,no,no,,s_n80
933744,1487131,11,surema,,adit,pealinn,pealinna,84-aastane Bandaranaike osales eile oma kodumaakonnas parlamendivalimistel ja suri tagasiteel pealinna Colombosse .,syntax,,|L|AL|EL|LS|LT|ALT|ELT|LST|,,location,,no,no,no,yes,no,yes,no,L,s_n80
6215791,9983047,5,surema,,adit,sketš,sketši,"Kui parafraseerida Monty Pythoni sketši surnud papagoist , siis tuleb Tony Blair Tallinna sõnumiga "" It is not dead , it's merely resting "" - s.t eesistumisel pole häda midagi , tuleb vaid oodata .",,,,,,,no,no,no,no,yes,yes,no,L,s_n80
654720,1040331,19,haigestuma,,ill,see,sellesse,"Ehkki rinnavähk ei ole Ameerika Ühendriikides naiste seas levinuim vähiliik ( esimesel kohal on kopsuvähk ) , haigestub sellesse iga päev 500 naist .",,,,,,,no,no,no,no,no,no,no,,s_n80
16201132,25105865,5,nakatuma,,adit,viirusartriit,viirusartriiti,Maedi Visna'sse või kitsede viirusartriiti/-entsefaliiti nakatunud loomad on,,,,,,,no,no,no,no,no,no,no,,s_n80
2514205,4031773,7,surema,,adit,südametõbi,südametõppe,"Kui küüniliselt mõelda , siis iga südametõppe surnud eduka maksumaksja näol kaotab linn võrreldamatult enam , kui oleks kulunud mõne palliplatsi loomiseks .",,,,,,,no,no,no,no,no,no,no,,s_n80
5373915,8619271,9,haigestuma,,adit,turist,turisti,"Rohkem kui kümme eelmisel nädalavahetusel Lätit külastanud Soome turisti on haigestunud salmonelloosi , teatas Läti keskkonnatervise kaitse keskus .",syntax,,|A|AE|AL|AS|AT|AET|ALT|AST|,,alive,,yes,no,no,no,no,no,no,A,s_n80
2871850,4604914,6,haigestuma,,ill,mis,millesse,"Need on ka vähihaigused , millesse mehed enim haigestuvad .",,,,,,,no,no,no,no,no,no,no,,s_n80
12524189,20047313,1,haigestuma,,adit,hingamisteedepõletik,Hingamisteedepõletikku,"Hingamisteedepõletikku haigestunud Vene president Boriss Jeltsin ( 67 ) jätkab Moskva-lähedases Gorki-9 residentsis ravikuuri , teatas eile presidendi pressitalitus .",,,,,,,no,no,no,no,no,no,no,,s_n80
1163886,1849246,9,surema,,adit,kopsuvähk,kopsuvähki,"Nädal tagasi suri 61. eluaastal oma kodus Fairfaxis kopsuvähki Michaela Odone , kelle katsed leida ravimit oma poja raske päriliku haiguse vastu said aluseks Eestigi telekanaleil mitu korda näidatud filmile "" Lorenzo õli "" .",,,|S|AS|LS|ST|AST|LST|,,state,,no,no,no,no,no,no,no,,s_n80
14206201,22586169,3,nakatuma,,adit,linnadžiibivaimustus,linnadžiibivaimustusse,"Ford tahab linnadžiibivaimustusse nakatunud Euroopas hiljemalt 2008. aastal müügile tuua väiksemat sorti nelikveolise universaalauto , millele loodetakse suuremat edu , kui praegune Maverick saavutada suutis .",,,,,,,no,no,no,no,no,no,yes,S,s_n80
2676753,4294081,5,nakatuma,,adit,taud,taudi,Waugh' sead nakatusid taudi ilmselt toidujäätmeid süües .,,,,,,,no,no,no,no,no,no,no,,s_n80
383545,595328,16,haigestuma,,ill,veistehullus,veistehullusesse,"Lisaks sellele on USA teadlased omakorda hoiatanud , et kuigi sead , kanad ja kalad veistehullusesse ei haigestu , võivad tõvestavad prioonid nende kudedes paljuneda .",,,|S|AS|LS|ST|AST|LST|,,state,,no,no,no,no,no,no,no,,s_n80
15931669,24783119,1,põdema,,adit,maksavähk,Maksavähki,Maksavähki põdenud 56-aastane Meyer-Wölden suri esmaspäeval Münchenis .,,,|S|AS|LS|ST|AST|LST|,,state,,no,no,no,no,no,no,yes,S,s_n80
4651373,7474900,10,surema,,adit,veesurm,veesurma,"Seni oli väikseima uppunute arvuga aasta 1987 , mil veesurma suri 89 inimest .",,,|E|AE|EL|ET|AET|ELT|,,event,,no,no,no,no,no,no,yes,S,s_n80
7489204,12019665,4,surema,,adit,narkosurm,narkosurma,"Kuid Bangs suri narkosurma juba kaks aastat hiljem , kaks aastat enne Madonnat , ning sel moel teame meie nüüd temast rohkem .",,,|E|AE|EL|ET|AET|ELT|,,event,,no,no,no,no,no,no,yes,S,s_n80
2463299,3948849,11,surema,,adit,kõhulahtisus,kõhulahtisusse,"Rohkem kui 3 miljonit alla 5-aastast last sureb igal aastal kõhulahtisusse , mille taustal võib ainult imestada , millise paanika põhjustas Euroopas hullulehmatõbi , mille tagajärjel suri enam kui 10 aasta jooksul vähem kui 100 inimest .",,,|S|AS|LS|ST|AST|LST|,,state,,no,no,no,no,no,no,yes,S,s_n80
16859951,25942021,17,haigestuma,,ill,rike,rikkesse,"Selle tõttu võib praktikas tekkida olukord , et valitsuse liige haigestub kas püsivasse või ajutisse vaimutegevuse rikkesse .",,,,,,,no,no,no,no,no,no,yes,S,s_n80
