sentence_id,head_id,head_loc,verb,verb_compound,morph_case,lemma,form,sentence,timex_tag,ekilex_tag,ner_tag,classification,explanation,is_abstract,is_alive,is_time,is_event
9696585,15560703,25,visandama,,el,aeg,ajast,"Pühajärve kaitsjate poolt korruptsioonis süüdistatud keskkonnaministeeriumi ametnik Tiina Tallinn nõustas ärimeeste majaehitust Pühajärve äärde Põlend-Kolgale kui riigiametnik , majade paiknemise visandas arhitektina oma vabast ajast .",,,,no,"The phrase 'ajast' refers to time rather than place, so it was classified as 'no' for adverbial of place.",no,no,no,no
13266119,21224811,7,viima,,in,inimrööv,inimröövis,"Lugu , mis viis Winnie süüdimõistmiseni inimröövis .",,,,no,"The phrase 'inimröövis' specifies the type of crime rather than a physical location, so it is not adverbial of place.",no,no,no,yes
2076950,3314189,11,hoidma,,in,alatoitlus,alatoitluses,"See on olukord , mis hoiab suure hulga eesti lapsi alatoitluses , rääkimata täiskasvanutest .",,,,no,"The phrase 'alatoitluses' describes a condition or state rather than a physical location, so it is not adverbial of place.",no,no,no,no
9061330,14569548,9,ennustama,,all,ajakiri,ajakirjale,Keskkooli direktor Tõnu Valdma ennustas seda juba mullu ajakirjale Luup antud intervjuus .,,,,no,"The phrase 'ajakirjale' indicates a recipient of the action rather than a physical location, so it is not adverbial of place.",no,no,no,no
12674224,20279032,5,kehtima,,ad,lõppemine,lõppemisel,Kooli lõpetamise või töösuhte lõppemisel kehtib täiskasvanute ravikindlustus kaks kuud pärast kooli või töötamise lõpetamist .,,,,no,"The phrase 'lõppemisel' refers to the time of the end of something rather than indicating a specific place, so it is not an adverbial of place.",no,no,no,yes
6340453,10188183,14,kontrollima,,el,kapitalimaht,kapitalimahust,"Arreteeritud Platon Lebedev juhib Jukose finantskeskuseks olevat gruppi Menatep , mis kontrollib Jukose kapitalimahust 61 protsenti moodustavat eraomanike vara .",,,,no,"The phrase 'kapitalimahust' refers to a proportion of capital, which is not a reference to a location, hence it is not an adverbial of place.",no,no,no,no
3490887,5621274,15,vähenema,,all,650000,650 000-le,Tööga hõivatud inimeste arv on aga turumajanduslikele suhetele üleminekul vähenenud 200 000 võrra - 850 000-lt 650 000-le .,,,,no,"The phrase '650 000-le' represents a numerical value or quantity, not a location, therefore it is not an adverbial of place.",no,no,no,no
3407180,5483881,1,rippuma,,ad,üks,ühel,ühel neist ripuvad koguni õnnelike ja puhanud liikmete pildid seina peal .,,,,no,"The phrase 'ühel' refers to one of the objects but does not indicate a place, so it is not an adverbial of place.",no,no,no,no
15057347,23584955,10,rahuldama,,in,pära,päras,"b ) vastuvõtjaliikmesriigi skeem rahuldab täiendava hüvitisega seotud nõuded päras seda , kui päritoluliikmesriigi pädevad asutused on talle teatanud emmast-kummast artikli 2 lõikes 2 nimetatud otsusest .",,,,no,The phrase 'päras' signals a temporal relationship rather than indicating a specific location.,no,no,no,no
10845449,17368974,5,välistama,,all,vastutus,vastutusele,"Süüdimatus ei välista aga vastutusele võttu ning eksperdihinnangute järgi otsustades tuleb teda ravida , kinnitas süüdistaja .",,,,no,"The phrase 'vastutusele' was classified as 'no' because it refers to the concept of responsibility, not a physical or specific location.",no,no,no,yes
16773901,25813559,13,võlgnema,,all,ilmajäämine,ilmajäämisele,"kusjuures juba teist aastat võlgnen ma igasuguse tänu oma rattast/rattaosadest ilmajäämisele oma kallile boyfriendile , kes lihtsalt tõmbab kohe rattavargaid külge .",,,,no,The phrase 'ilmajäämisele' was classified as 'no' because it pertains to the concept of loss and not to a place.,no,no,no,no
8783357,14097513,19,võtma,,all,jooksva,jooksvale,Eile 80 aastat tagasi kandis Eesti Pank 10 miljoni margase põhikapitali panga pearaamatusse ning pank võttis esimese summa jooksvale arvele .,,state,,no,"The phrase 'jooksvale' describes the state or target of the action rather than specifying a location, so it is not classified as an adverbial of place.",no,no,no,no
11812642,18905396,10,panema,,abl,pakitu,pakitult,« Tegelikult panevad inimesed oma vanad katkised sukkpüksid ilusasti pakitult meie kasti .,,,,no,"The phrase 'pakitult' describes the condition or manner in which something is packed, not a physical location, so it is not classified as an adverbial of place.",no,no,no,no
5155776,8271170,24,kuulutama,välja,in,esinemine,esinemises,Kroonprints Willem-Alexanderi ( 33 ) ja blondi argentiinlanna Maxima Zorreguieta ( 30 ) kihluse kuulutas märtsi eelviimasel päeval televisioonis ja raadios üle kantud esinemises välja Hollandi kuninganna Beatrix .,,,,no,"The phrase 'esinemises' is not an adverbial of place because it refers to 'in the performance', which is a context or setting, not a physical location.",no,no,no,yes
7148887,11498995,9,jääma,,abl,hoiak,hoiakult,"Ruth vangutas vaid tummalt pead , aga jäi hoiakult endiseks .",,,,no,"The phrase 'hoiakult' is not an adverbial of place because it refers to 'in terms of attitude', which describes a manner or quality rather than a physical location.",no,no,no,no
1975641,3150491,7,kasvama,,ad,eestvedamine,eestvedamisel,"Hüppeliselt kasvasid kaitsekulutused peaminister Tiit Vähi eestvedamisel 1997. aasta eelarves , kuid pidurdusid 1,2 protsendi tasemel sisemajanduse koguproduktist tänavu .",,,,no,"The phrase 'eestvedamisel' is not an adverbial of place because it refers to 'under the leadership', which indicates guidance or influence, not a physical location.",no,no,no,no
5523489,8855905,11,kasvama,,ad,külaskäik,külaskäikudel,"Väike Haapsalu linnake armastas omakorda tsaare , sest tänu nende külaskäikudel kasvas kuurordi populaarsus kogu Peterburi aadelkonna seas .",,event,,no,The phrase 'külaskäikudel' was classified as 'no' because it refers to an event or occurrence and not to a specific location.,no,no,no,yes
9788208,15704947,10,haarama,,el,probleem,probleemidest,"Arenenud maade koolipsühholoogid kinnitavad , et ligi poole käsitletavatest probleemidest haaravad enda alla emotsionaalsed ja käitumisprobleemid .",,,,no,"The phrase 'probleemidest' refers to the problems being discussed, which indicates a topic or subject rather than a location, so it is not adverbial of place.",no,no,no,no
8709108,13972974,12,juhatama,,el,lastmi,lastmist,"Hommikul läks Mastfeld sadamasse , kus õiendas kaptenitega , juhatas kaupade lastmist ja võttis raha vastu .",,,,no,"The word 'lastmist' refers to loading cargo and does not indicate a location, so it is not an adverbial of place.",no,no,no,yes
6627585,10664802,10,takistama,,ad,avaldamine,avaldamisel,""" Viimase ajani ei takistanud mind keegi oma seisukohtade avaldamisel .",,,,no,"'Avaldamisel' refers to expressing opinions rather than a location, so it is not an adverbial of place.",no,no,no,yes
370881,574900,10,viima,välja,el,savijalgsus,savijalgsusest,"Martta rollitõlgendus olevat otsene farss , mis “ ideelisest savijalgsusest viib juba välja eetilise maalibisemiseni ” .",,,,no,"'Savijalgsusest' refers to an abstract concept rather than a physical location, so it is not an adverbial of place.",no,no,no,no
15375421,24015365,22,vastama,,abl,välimus,välimuselt,"Juba seitse aastat show-tantsuga tegelenud Kati peab ennast tüüpiliseks Lõvi tähtkuju esindajaks ning tollele päikesemärgile omastele iseloomujoontele lisaks vastab Kati ka välimuselt Linda Goodmani "" Päikesemärkides "" ära toodud Lõvi-inimese kirjeldusele .",,,,no,"The phrase 'välimuselt' (in appearance) describes a characteristic rather than location, so it is not classified as an adverbial of place.",no,no,no,no
3220721,5173589,6,nägema,,all,kodanikuõigus,kodanikuõigustele,Islamistid nägid Euroopas tagatist oma kodanikuõigustele .,,,,no,"The phrase 'kodanikuõigustele' (to civil rights) refers to a concept and not a physical place, so it is not classified as an adverbial of place.",no,no,no,no
12208614,19546362,14,paigaldama,,el,puit,puidust,"Orlovi andmetel paigaldasid kaks meest koos töödejuhatajaga hoone vahelae tellingute ehitusel ettevalmistatud talastikule puidust kattekihti , kuid Oleg astus teadmata põhjusel veel kinnitamata katteplaadile ning kukkus hoone siseõueks olevale neljanda korruse betoonvahelaele .",,,,no,"The phrase 'puidust' refers to the material of the cover and not a location, so it is not an adverbial of place.",no,no,no,no
6883019,11064461,12,kajastuma,,in,ilmumine,ilmumises,619 Eestis kajastus see näiteks ka oluliselt vähenenud saksa päritolu misjoniperioodika ilmumises I maailmasõja eel .,,event,,no,"The phrase 'ilmumises' indicates the act of publication, not a location, so it is not an adverbial of place.",no,no,no,yes
14091164,22436884,11,leiduma,,el,kakao,kakaost,"Täpsemalt sihukesed paraja suurusega trühvelšokolaadid , mida leidub maitsetega puhtast kakaost ja harjunud pähklist kuni chilli-täidiseni välja .",,,,no,"The phrase 'kakaost' describes the material the chocolates are made of, not a location, so it is not an adverbial of place.",no,no,no,no
9774674,15683958,21,võtma,ette,el,deklaratsioon,deklaratsioonidest,"Liberaalse kallakuga Res Publica ebamääraselt sõidusoodustusi tõrjuv hoiak on maailmavaatelistel põhjustel mõistetav , sotsiaalset õiglust taotlevad noorsotsid ei võtnud aga deklaratsioonidest hoolimata midagi mõjuvat ette .",,,,no,"The phrase 'deklaratsioonidest' indicates the source or origin of an action, not a location, so it is not adverbial of place.",no,no,no,no
5310127,8518798,22,langema,,all,50,50le,Ka EUREXi ja Rootsi OMX indeksifutuuride vahendustasud vähenevad oluliselt - näiteks OMX futuuri puhul langeb ühe lepingu tasu seniselt 100 SEKilt 50le ja miinimumtasu 500lt 200le .,,,,no,"The phrase '50le' indicates a numerical value or endpoint rather than a location, so it is not adverbial of place.",no,no,no,no
10615489,17014496,8,pälvima,,el,peapreemia,peapreemiatest,"Viimasel Sorose keskuse aastanäitusel pälvis ta ühe peapreemiatest , hiljutine isiknäitus Kunstihoone Galeriis suples soosivas kriitikas .",,,,no,"It was not classified as an adverbial of place because 'peapreemiatest' refers to awards or recognition, not a place or location.",no,no,no,yes
7034577,11300435,5,laskma,,all,kvaliteet,kvaliteedile,"Kvantiteedile rõhumine ei lase kvaliteedile piisavalt tähelepanu pöörata , kuid kasvatab enesekindlust .",,,,no,"It was not classified as an adverbial of place because 'kvaliteedile' refers to a focus on quality, which is not a location-related expression.",no,no,no,no
16571628,25550684,13,muutuma,,adit,alapunkt,alapunkti,ii ) kõnealuse punkti 1 alapunkti b alapunkt ii muutub punkti 1 alapunkti b alapunktiks iii ;,,,,no,"It was not classified as an adverbial of place because 'alapunkti' refers to a subsection in a document, which doesn't describe a physical location.",no,no,no,no
13230025,21166877,9,kalduma,,all,kumbki,kummalegi,Esimene poolaeg oli närviline – vaekauss ei kaldunud kummalegi poole .,,,,no,"It was not classified as an adverbial of place because 'kummalegi' expresses an abstract direction or inclination, not a concrete place.",no,no,no,no
1429670,2274554,11,kogunema,,el,see,sellest,"Kokku on ETA-l Luusi sõnul maksuvõlgu 4,28 miljonit krooni , sellest on jooksvatest maksudest kogunenud 780.000 krooni .",,,,no,"It was not classified as an adverbial of place because 'sellest' indicates a reference point or portion, not a location.",no,no,no,no
14194070,22565548,8,nägema,välja,in,käit,käitudes,"Kõige tähtsam on , kuidas nad vabalt käitudes välja näevad .",,,,no,"The phrase 'käitudes' (behaving) refers to a manner or way of acting, so it is not about a specific location and is therefore not adverbial of place.",no,no,no,no
6798894,10938485,7,langema,,all,erastamine,erastamisele,Keskturg langes kurjategijate kätte tänu selle erastamisele Keskerakonna poolt .,,,,no,"The phrase 'erastamisele' (privatization) refers to an abstract concept or action, not a physical location, so it is not adverbial of place.",no,no,no,yes
5856486,9398300,14,tunnistama,,in,kolmas,kolmandas,""" Olen kohutav kahtleja , näiliselt enesekindlast fassaadist hoolimata , "" tunnistab ta kolmandas .",,,,no,"The phrase 'kolmandas' (third) refers to an ordinal position and does not specify a particular location, so it is not adverbial of place.",no,no,no,no
6061851,9730711,1,loobuma,,in,raam,raames,"raames on esimese kahe nädalaga oma romuautodest loobunud 197 inimest , neist 127 on auto ära andnud tasuta .",,,,no,"The phrase 'raames' refers to the context or framework of an action, not a specific location, so it is not adverbial of place.",no,no,no,no
202836,331016,10,unistama,,el,asendamine,asendamisest,"Sajandi algul unistas inglise režissöör G. Craig koguni elavate näitlejate asendamisest sümbolina mõjuvate ülimarionettidega , mida lavastaja saab vabalt manipuleerida .",,,,no,"The phrase 'asendamisest' refers to the act of substitution or replacement, not a location, so it is not adverbial of place.",no,no,no,no
9378890,15061227,11,koondama,,all,väide,väidetele,"Reno juhitav juurdlus koondab põhitähelepanu endise FBI agendi Donald Wilsoni väidetele , mille järgi viis ta Ray autost ära vandenõu tõestavad paberid .",,,,no,The phrase 'väidetele' was not classified as an adverbial of place because it refers to claims and not a location.,no,no,no,no
836636,1332913,14,kaebama,,in,õnnetus,õnnetuses,"Air France kaebab Continental Airlinesi kohtusse viimase väidetava rolli pärast juulis Concorde'ga toimunud õnnetuses , mis surmas 113 inimest ja jättis ülehelikiirusega lennuki maa peale , teatas Prantsuse lennufirma pressiesindaja .",,event,,no,The phrase 'õnnetuses' was not classified as an adverbial of place because it refers to an event (the accident) rather than a specific location.,no,no,no,yes
2117424,3380035,7,vaatama,,el,etapp,etapist,Eelmisel hooajal vaatas Eestis vormelisöite söltuvalt etapist 150.000-200.000 inimest .,,,,no,The phrase 'etapist' was not classified as an adverbial of place because it refers to stages of an event rather than a specific place.,no,no,no,yes
6416224,10315136,3,kaduma,,all,ajavõtt,ajavõtule,Tänu elektroonilisele ajavõtule on paberil protokoll kadunud .,,,,no,"The phrase 'ajavõtule' refers to an abstract concept related to timing, not a specific location, so it is not classified as an adverbial of place.",no,no,no,yes
10426356,16725470,21,nähtuma,,ad,põhjus,põhjusel,"Rabas kõndides jäävad silma üksikud kuivanud puutüved , mis on nii auke täis , nagu oleks nende kallal mingil seletamatul põhjusel puuriga vaeva nähtud .",,,,no,"The phrase 'põhjusel' describes cause or reason, not location, so it is not adverbial of place.",no,no,no,no
1362920,2166599,11,kasvama,,all,käibekasv,käibekasvule,"Ettevõtte pressiesindaja Renata Mozuraite ütles , et kasumi kasv jäi käibekasvule alla kasvanud kulutuste tõttu .",,,,no,"The phrase 'käibekasvule' refers to a concept or comparison, not a location, so it is not adverbial of place.",no,no,no,no
2021175,3225407,4,asuma,,adit,rühm,rühma,19.52 kümme päästeameti rühma asuvad tööle,,,,no,"The phrase 'rühma' refers to a group and not a physical location, so it is not adverbial of place.",no,no,no,no
18475563,27983805,8,juhtuma,,el,faktor,faktorist,Sellises suures ja keerulises inventuuris juhtub inimlikust faktorist tulenevalt kindlasti vigu .,,,,no,"The phrase 'faktorist' is not classified as an adverbial of place because it refers to a cause or reason, not a location.",no,no,no,no
5776317,9267293,10,ununema,,in,mängupinge,mängupinges,"Rünnakut oleme lihvinud lühikest aega , mõni rõhuasetus ununes mängupinges . """,,,,no,"The phrase 'mängupinges' is not classified as an adverbial of place because it describes a state or condition, not a location.",no,no,no,no
1104039,1754433,10,ennustama,,in,voor,voorus,Opositsiooni presidendikandidaat Vojislav Kostunica ennustas oma võitu juba esimeses voorus .,,,,no,"The phrase 'voorus' is not classified as an adverbial of place because it refers to an event or stage, not a location.",no,no,no,yes
11472739,18380786,4,lootma,,in,päästmine,päästmises,Ühendriigid loodavad rahuprotsessi päästmises ka Egiptuse presidendi Hosni Mubaraki abile .,,,,no,"The phrase 'päästmises' refers to the act of saving, which does not specify a location, thus it is not an adverbial of place.",no,no,no,yes
1696498,2700366,8,ilmuma,,in,ametimunder,ametimundris,Ta ilmus tööle tsaariaegseid ohvitsere meenutavas pidulikus ametimundris - esimest ja viimast korda .,,,,no,"The phrase 'ametimundris' describes a state of being dressed in formal uniform, not a location, so it is not an adverbial of place.",no,no,no,no
380873,591341,5,vastama,,abl,arenguloogika,arenguloogikalt,Eesti ei vasta oma arenguloogikalt praegu EL põhimõtetele : EL-s vastavad rahvusriigid riikidevahelise integratsiooni süvenemisele kasvava hoolitsusega enda tervikliku ja tasakaalustatud arengu eest .,,,,no,"The phrase 'arenguloogikalt' explains the logic of progression and does not indicate a location, so it was classified as 'no'.",no,no,no,no
7050124,11326129,4,lootma,,in,kimbatus,kimbatuses,"Übene lootis oma kimbatuses , et vend Ibune asub talle vaidluses Miragaeliga – nagu ta olukorda kujutles – appi .",,state,,no,"The word 'kimbatuses' describes a state of confusion or difficulty, not a location, so it was classified as 'no'.",no,no,no,no
9428347,15139148,2,pälvima,,el,kavatsus,kavatsustest,Headest kavatsustest hoolimata ei pälvi eelnõu naisõiguslastelt ühest heakskiitu .,,,,no,"The phrase 'kavatsustest' refers to intentions and does not express place, so it was classified as 'no'.",no,no,no,no
13982373,22258639,1,põlema,,ad,teenus,Teenusel,Teenusel piirhinda põle .,,,,no,"The phrase 'Teenusel' refers to being on a service rather than a physical place, so it was classified as 'no'.",no,no,no,no
10928534,17502728,7,valmima,,el,tipplugu,tipplugudest,"1938. aastal valmis esimene Fitzgeraldi paljudest tipplugudest , “ A Tisket A Tasket ” , mille edu jagas järgmisel aastal esitatud “ Undecided ” .",,,,no,"The phrase 'tipplugudest' refers to high points of achievement, not a location, so it was classified as 'no'.",no,no,no,no
345279,533428,8,hukkuma,,ad,katsetamine,katsetamisel,1967 hukkus uue kosmoselaeva “ Sojuz ” katsetamisel Vladimir Komarov ning ükski riigijuht ei soostunud positiivselt otsustama lendu ümber Kuu - startinud oleksid arvatavasti kosmonaudid Aleksei Leonov ja Oleg Makarov .,,,,no,"The phrase 'katsetamisel' refers to the act of testing, not a physical location, so it is not adverbial of place.",no,no,no,yes
13769694,21954276,6,käima,ringi,ad,kord,korral,Me käisime tehases ringi neljal korral neljal päeval ja keegi ei takistanud meid .,,,,no,"The phrase 'korral' denotes an instance or occasion rather than a location, so it is not adverbial of place.",no,no,no,no
17667286,27007572,12,haarama,,el,hilp,hilbust,siis ulatab tädi selle ukest välja ja iga tige tibi haarab hilbust .,,,,no,The phrase 'hilbust' is not an adverbial of place because it refers to an object being taken (a piece of clothing) rather than indicating a location.,no,no,no,no
15144175,23686215,5,jääma,,abl,ihu,ihult,Rüütli : « Jään ihult ja hingelt mulgiks . »,,,,no,The phrase 'ihult' is not an adverbial of place because it refers to a condition or state ('in body') rather than indicating a location.,no,no,no,no
17393344,26679482,26,jääma,,adit,ajajänn,ajajänni,"njaa ... nõme on see , et esimese osa teed 1/3 ettenähtud ajaga ja kui siis juhuslikult teises osas millegi otsa komistad ja ajajänni jääd ...",,,,no,The phrase 'ajajänni' was classified as 'no' because it does not indicate a specific place but rather the state of being short on time.,no,no,no,no
18733484,28314636,2,rääkima,,abl,tege,tegelt,"rääkigegi tegelt , siis teab , millest hoiduda .",,,,no,The phrase 'tegelt' was classified as 'no' because it does not describe a location or place but is an informal way of saying 'actually'.,no,no,no,no
4834166,7761739,5,tõusma,,all,11.75,11.75-le,Kanalisatsioonitasu tõuseb neil 9.25-lt 11.75-le.,,,,no,The phrase '11.75-le' was classified as 'no' because it indicates a numerical value rather than a location or place.,no,no,no,no
11387898,18247939,10,kohtama,,ad,pidurdamine,pidurdamisel,"Publiku südamed võitnud Leedu kohtas enim raskusi Andrew Gaze'i pidurdamisel , kes kogus 22 punkti .",,,,no,The phrase 'pidurdamisel' was classified as 'no' because it refers to the act of stopping someone and is not related to a place.,no,no,no,yes
16244404,25160267,6,kaebama,,in,laim,laimus,Tallinna linnavalitsus kaebab ajalehe Äripäev laimus süüdistatuna Avaliku Sõna Nõukogusse ; leht protsessi ei karda ja loodab selle võita .,,,,no,"The phrase 'laimus' specifies the type of accusation rather than a location, so it is not adverbial of place.",no,no,no,no
6354365,10210698,11,lükkama,,el,laenamine,laenamisest,; Seilenthal lükkab kiiresti umber igasuguse spekulatsiooni võimalikust alla omahinna laenamisest .,,,,no,"The phrase 'laenamisest' is related to the act of borrowing, not a location or spatial reference, hence not adverbial of place.",no,no,no,yes
165355,275551,9,langema,,abl,dollar,dollarilt,Tselluloositonni hind on välisturgudel langenud aasta alguse 1000 dollarilt 500-550 dollarile .,,,,no,"The phrase 'dollarilt' refers to a unit of measurement or value and not a location, so it is not classified as an adverbial of place.",no,no,no,no
9417225,15121269,1,sisaldama,,el,,Nullist,"Nullist kümne milligrammini sisaldasid nitriteid AS Nõo Lihatööstuse rulaad Mõnus ( 6,5 mg/kg ) , sama firma rulaad Nõo ( 6,4 mg/kg ) , Valga liha- ja konservitööstuse vürtsisealiha ( 5,9 mg/kg ) , Lihameistri Ranniku sink ( alla 5 mg/kg ) , Talleggi salaami Ranna ( 8 mg/kg ) , AS Adavere Lihatööstuse Kuningavorst ( 6,4 mg/kg ) ning Tarva LT keeduvorst shampinjonidega ( 5,6 mg/kg ) .",,,,no,"The phrase 'Nullist' refers to an origin or starting point but not a specific location, so it is not classified as an adverbial of place.",no,no,no,no
1349371,2145554,9,lõpetama,,all,optimism,optimismile,Tallina börs lõpetas kauplemispäeva vaatamata lähemaid välisturge haaranud optimismile ilma suurema tõusuta .,,,,no,'optimismile' is classified as 'no' because it indicates an abstract concept rather than a specific physical location or place.,no,no,no,no
5205603,8350909,6,käima,üle,el,uljus,uljusest,"Kehra kogemused käisid Oskari nooruslikust uljusest üle , täiesti must päev oli Oskari viskemehel Roman Glinkinil , kes tabas vaid kahel korral .",,,,no,"'uljusest' is classified as 'no' because it refers to a quality or characteristic, not a location or place.",no,no,no,no
63126,108447,3,jääma,,all,80%,80%-le,Seega jääb 80%-le klientidest vaid viiendik .,,,,no,The phrase '80%-le' was classified as 'no' because it indicates a percentage allocation rather than a location or place.,no,no,no,no
14043048,22358266,3,päästma,,in,vorm,vormis,""" Kehvas vormis "" Ballack ja Ševtšenko päästsid Chelsea",,,,no,"The phrase 'vormis' was classified as 'no' because it describes a condition or state, not a location.",no,no,no,no
1486576,2366491,2,hävitama,,ad,põhjus,põhjustel,Mis põhjustel hävitasid palestiinlased Joosepi isa haua - ideoloogilistel või religioossetel ?,,,,no,The phrase 'põhjustel' was classified as 'no' because it refers to reasons and not to a spatial place.,no,no,no,no
16983282,26107971,3,kehtima,,ad,külmutamine,külmutamisel,"Liikuva objekti külmutamisel kehtib lihtne reegel – mida lühem säriaeg , seda parem .",,,,no,"The phrase 'külmutamisel' is not specifying a location but refers to the act of freezing, hence it is not adverbial of place.",no,no,no,no
10901284,17458872,16,möllama,,ad,kord,korral,1957. aastal Tallinna äärelinna Rocca al Mare paekaldale rajatud vabaõhumuuseumis on suur tuli möllanud 12 korral .,,,,no,"The phrase 'korral' does not indicate a location but refers to an occurrence or instance, so it is not adverbial of place.",no,no,no,no
18349129,27812686,35,alanema,,in,liikumiskiir,liikumiskiirus,"Saksa kerged tankitõrjerelvad ( ma ei mõtle siin käsigranaate ) , muutsid kogu taktikalist olukorda - tanke ei saanud enam kasutada kiirete manöövrite teostajana , neid tuli hakata pidevalt saatma jalaväega , tulemusena tankide liikumiskiirus alanes .",,,,no,"The phrase 'liikumiskiirus' refers to the rate of movement and does not denote a location, so it is not an adverbial of place.",no,no,no,no
13307433,21289266,5,sattuma,,all,heroiinikogus,heroiinikogusele,"Kinnitamata andmeil sattus politsei heroiinikogusele pooljuhuslikult , kahtlustades Sepot hoopis teist laadi kuriteos .",,,,no,"The word 'heroiinikogusele' refers to the quantity of heroin found and not to a location, so it is not an adverbial of place.",no,no,no,no
1220254,1940401,14,minema,tagasi,in,lootus,lootuses,""" Kui olime õnnelikult välja pääsenud , läksin kiiresti tagasi lennuki juurde , lootuses abistada piloote David Saundersit ja Dan Worleyd , kuid kahjuks ei olnud enam midagi võimalik teha .",,,,no,"It is classified as 'no' because 'lootuses' refers to a state or condition, not a place.",no,no,no,no
14582959,23033058,13,alistuma,,in,lootus,lootuses,"Eesti rahva esindajana kunagine Eesti President Päts alistus ühele naaberriigi terrorile - lootuses , et ei tule sõda - eestlaste inimelud saavad säilitatud .",,,,no,"The phrase 'lootuses' indicates a manner or state of hope, not a physical place, so it is not classified as an adverbial of place.",no,no,no,no
12063898,19310867,7,treenima,,ad,koormus,koormusel,"Treeni 2–3 kuud kergemal koormusel – käi ujumas , jõusaalis , sõida veloergomeetril .",,,,no,"The phrase 'koormusel' refers to a condition or state of burden, not a location, so it is not classified as an adverbial of place.",no,no,no,no
6920719,11124154,8,määrama,,in,senine,senises,"Valga linnale eraldatud 2,4 miljoni krooni eest senises määras toetusi maksta pole võimalik .",,,,no,"The phrase 'senises' describes a condition or manner (previous state), not a physical place, so it is not classified as an adverbial of place.",no,no,no,no
3577177,5760317,21,paistma,,el,filmiroll,filmirollidest,"Kui valge mees on tavaliselt mustast nutikam , kuid füüsiliselt nõrgem , siis "" Die Hard 3 : Kättemaksu "" filmirollidest paistab vastupidi .",,,,no,"The phrase 'filmirollidest' is not classified as an adverbial of place because it describes the source of observation or implication, not a location.",no,no,no,no
7438883,11943879,1,otsustama,,in,kirehoog,Kirehoos,Kirehoos otsustavad nad oma uued abikaasad maha jätta ja Pariisis elu nautida .,,state,,no,The phrase 'Kirehoos' is not classified as an adverbial of place because it indicates a state or condition and not a physical place.,no,no,no,no
13452450,21515755,4,laienema,,all,haridus,haridusele,"Sama laieneb ka haridusele , kultuurile , sotsiaalküsimustele .",,,,no,"The phrase 'haridusele' is not classified as an adverbial of place because it refers to a subject or focus area, not a physical place.",no,no,no,no
9185891,14764183,22,tõmbama,,all,kvaliteet,kvaliteedile,"“ Usun , et direktorid ja õppealajuhatajad on õpetajate suhtes objektiivsed , sest riigieksamid ja koolide pingeridade koostamine tõmbab tähelepanu õppetöö kvaliteedile , ” ütleb Vääri .",,,,no,The phrase 'kvaliteedile' is not classified as an adverbial of place because it refers to a concept (quality) rather than a location.,no,no,no,no
1541615,2453575,3,ehitama,,ad,luga,loal,Koloonia ülema loal ehitas ta koos saatusekaaslastega õuele võrkpalliväljaku ning pidas maha matši EKE Projekti meeskonnaga .,,,,no,"The phrase 'loal' indicates permission or consent and not a location, so it is classified as 'no' for adverbial of place.",no,no,no,no
8974817,14429377,8,ilmuma,,all,kirjutis,kirjutisele,"Ja lõpetuseks kõrvalmärkusena viimastel päevadel ilmunud mõnele kirjutisele : Eestis ei eksisteeri enam kaheksa aastat ühtki asutust , kes nuhiks oma kodanike järgi või soosiks koputamist .",,,,no,"The phrase 'kirjutisele' refers to a written piece or article, not a location, so it is not an adverbial of place.",no,no,no,no
1719801,2737790,10,murdma,,in,abielu,abielus,"Nad lubavad tõestada , et Smith murdis oma mehele abielus olles truudust , ning on kutsunud Powledge'i tunnistajaks .",,state,,no,"The phrase 'abielus' refers to a state or condition (being married) rather than a physical location or spatial context, so it is not adverbial of place.",no,no,no,no
4261498,6856786,14,maksma,,abl,maht,mahult,"Lisaks sellele loodab reisifirma teenida veel vahendustasudelt , mida reisiettevõtted maksavad müüdud teenuste mahult .",,,,no,"The phrase 'mahult' pertains to volume or quantity and does not indicate a specific physical location, so it is not adverbial of place.",no,no,no,no
13346674,21351750,16,ületama,,in,hoovõtukiird,hoovõtukiirus,"Kui kolmele parimale treeningu- ja kahele võistlushüppele lisada tõsiasi , et kummalgi korral ületas Ahoneni hoovõtukiirus konkurentide näite , võib teda Kivinäo vaieldamatult nimetada Villachi Valitsejaks .",,,,no,"The phrase 'hoovõtukiirus' references a measure or property, not a location, so it is not an adverbial of place.",no,no,no,no
8885891,14278514,23,tantsima,,in,klubiriie,klubiriietes,"Kolmandas tükis leidsin üles ka selle vahepeal ununenud , umbes viieteistkümneminutilise seose klubikultuuriga , kui Z-generatsiooni tüdrukud tantsisid X-generatsiooni moetudengite õmmeldud “ klubiriietes ” Y-generatsiooni muusika ( d & b ) saatel nüüdispolkat ehk kaasaegset tantsu .",,,,no,"The phrase 'klubiriietes' refers to being dressed in club outfits, not a place, so it is not an adverbial of place.",no,no,no,no
3868517,6230604,4,viskama,,in,meelehärm,meelehärmis,"Kas on autor meelehärmis pärast grandioosset debüteerimist oma hilisemad kirjatööd ahju visanud või pole enam üldse vaimu peale tulnud , selle täpseid tagamaid teab vaid tema ise .",,,,no,"The phrase 'meelehärmis' describes an emotional state rather than a location, so it is not adverbial of place.",no,no,no,no
5803677,9312058,25,lõpma,,in,tulemöll,tulemöllus,"Siis see juhtub - võimsa "" Turbatule "" laulu ajal süüdatakse tuleskulptuurid , metsa veerel paiskuvad taevasse leegijoad - Leigo järvemuusika finaal lõpeb lummavas tulemöllus .",,,,no,"The phrase 'tulemöllus' refers to a state or situation involving fire and chaos, not a physical location, so it is not adverbial of place.",no,no,no,yes
14610475,23075598,24,maksma,,abl,ainu,AINULT,"Kuid ma lähen lausa raevu , kui loen , või mulle siis raadiost pröögatakse , et see või teine asi ning teenus maksab AINULT . . . ! ! !",,,,no,"The word 'AINULT' indicates emphasis or limitation and not a location, so it is not adverbial of place.",no,no,no,no
6145423,9863922,12,kaduma,,all,vaktsiin,vaktsiinile,""" Vaktsineeritud inimesed põevad läkaköha tunduvalt kergemini , samuti on tänu vaktsiinile kadunud sellesse haigusesse suremus , "" nentis Tammai .",,,,no,"The phrase 'vaktsiinile' was classified as 'no' because it refers to the reason or cause related to vaccination, not a location or position, and hence is not an adverbial of place.",no,no,no,no
122044,204499,4,hukkuma,,ad,plahvatus,plahvatusel,01.12.95 Narva  Lõhkeseadeldise plahvatusel hukkus 17-aastane Ruslan ning üks inimene sai viga .,,event,,no,"The phrase 'plahvatusel' was classified as 'no' because it refers to the time or event of the explosion, not a place or location, and thus is not an adverbial of place.",no,no,no,yes
471812,740272,1,tellima,,abl,ehitusfirma,Ehitusfirmadelt,"Ehitusfirmadelt tellib kaitseministeerium uute kasarmute , staabihoonete ja sööklate ehitamise .",,,,no,"The phrase 'Ehitusfirmadelt' is classified as 'no' because it refers to the source or agent of the action (from whom the ministry orders), not a location.",no,no,no,no
12568074,20112816,11,nõudma,tagasi,abl,Eesti,Eestilt,"Eesti riik seljatas Helsingi linnakohtus Soome panga , mis nõudis Eestilt tagasi üheksa aasta eest antud pangalaenu .",,location,LOC,no,"The phrase 'Eestilt' refers to the origin or source of some action, not a specific location, hence it is not an adverbial of place.",no,no,no,no
15414128,24078702,7,ostma,,abl,hind,hinnalt,Hakkas uuesti 53kr maksma ja ostsin hinnalt järgmise nende toote Remontix .,,,,no,"The phrase 'hinnalt' refers to price or cost, not a location, so it is not an adverbial of place.",no,no,no,no
15796273,24610748,1,esinema,,el,Sensibiliseerum,Sensibiliseerumist,"Sensibiliseerumist toiduallergeenide ( munavalge- ja/või kollane ) suhtes esines 16 lapsel , neist 9 last olid tundlikud nii muna kui ka respiratoorsete allergeenide suhtes .",,,,no,"The phrase 'Sensibiliseerumist' represents a concept or state, not a location, therefore it is not an adverbial of place.",no,no,no,no
10021678,16076510,34,kinnitama,,el,allahindamine,allahindamisest,"Terepingi ennastohverdav sööst aga ei muuda olematuks Telekomi erastamisel ilmnenud tõsiseid valearvestusi ja vassimisi ega seda , et tänaseks börsil kujunenud hind kinnitab oponentide varasemaid väiteid Telekomi kui monopoolse äriühingu teadlikust või ebateadlikust allahindamisest .",,,,no,"The phrase 'allahindamisest' refers to a process or action and not to a specific location, so it is not an adverbial of place.",no,no,no,no
1401929,2229605,10,hoidma,kokku,all,maks,maksudele,Ka teistes kommuunides hoiavad sama lastearvuga pered tänu madalamatele maksudele kokku 28 000-36 000 krooni aastas .,,,,no,"The phrase 'maksudele' refers to taxes, which is not a location and thus not an adverbial of place.",no,no,no,no
19856516,29318004,7,andma,,adit,kepp,keppi,naga: kiisu miisu aga muidu keppi annad vä,,,,no,"The phrase 'keppi' refers to 'keppi' in phrasing, not indicating a location, so it is not an adverbial of place.",no,no,no,no
4658169,7485355,3,lõpetama,,all,tõus,tõusule,"Neljapäevasele 14,17 -protsendisele tõusule vaatamata lõpetas indeks nädala 2,54 protsendi suuruse tagasiminekuga .",,,,no,"The phrase 'tõusule' does not indicate a location but refers to a rise or increase, which is not categorized as an adverbial of place.",no,no,no,no
16514809,25469524,14,kasvama,,all,"94,6","94,6 -le","Autobensiin tuhandetes liitrites : 10 kuu keskmine on 27,0 , novembris see kasvas 94,6 -le ehk kasv ligemale 3,5 korda .",,,,no,"The phrase '94,6 -le' is not classified as an adverbial of place because it denotes a numerical value rather than a location or spatial reference.",no,no,no,no
18804875,28406948,5,eksima,,in,vastus,vastuses,"Jah , oma eelmises vastuses ma eksisin selles mõttes , et Reformierakond oli teinud oma ettepanekud eelnõu eelmise redaktsiooni kohta ja vastavalt nendele paragrahvinumbritele , mis seal olid .",,,,no,"The phrase 'vastuses' refers to a concept ('answer') and not to a location, so it is not adverbial of place.",no,no,no,no
16921747,26014252,3,nägema,välja,in,digikas,digikas,Hetkel näeb digikas küllaltki täpselt nii välja nagu sellel pildil .,,,,no,"The phrase 'digikas' is a colloquial term for a digital camera and does not refer to a location, so it is not an adverbial of place.",no,no,no,no
8439024,13525564,14,uurima,,el,psühholoogiahuvi,psühholoogiahuvist,"Ta tõi tuntud detektiivide perre noore harrastusdetektiivi Philo Vance'i , kes uurib kuritegusid psühholoogiahuvist , kontrollides nende peal oma arusaamasid inimloomusest .",,,,no,"The phrase 'psühholoogiahuvist' refers to the reason or motivation behind Philo Vance's actions rather than indicating a location, so it is not an adverbial of place.",no,no,no,no
18932398,28584890,19,liituma,,in,kartus,kartuses,"Millise seisukoha võtab Eesti , kui on teada , et vähemalt osaliselt liitusime me nende organisatsioonidega just Venemaa kartuses ?",,state,,no,"The phrase 'kartuses' refers to a feeling or fear motivating an action, not to a specific place, so it is not an adverbial of place.",no,no,no,no
3716170,5984884,15,levima,,el,lahkumine,lahkumisest,"Ajakirjandusringkondades levivad kuuldused ka suure publikumenuga saatesarja "" Reisile Sinuga "" juhi Maire Aunaste lahkumisest ETV-st ning suundumisest TV 1.",,,,no,"The phrase 'lahkumisest' refers to the act of leaving and does not specify a place, so it is not adverbial of place.",no,no,no,yes
2909629,4664221,8,kestma,,ad,kord,korral,"2003. aasta oktoobris alanud töösuhe kestis esimesel korral kümme kuud , raamatupidajana firmas nimega Business Systems House ( BSH ) .",,,,no,"The phrase 'korral' refers to time or occasion rather than a location, so it is not adverbial of place.",no,no,no,no
7200581,11581349,13,hukkuma,,ad,Skuld,Skuldil,"Juhul , kui asja kõrgema astme kohtusse edasi ei kaevata , tuleb Skuldil hukkunud bussijuhi tütrele välja maksta",,,LOC,no,"The phrase 'Skuldil' refers to an entity rather than a location, so it is not adverbial of place.",no,no,no,no
4447072,7151173,1,jälgima,,el,ettevaatamatus,Ettevaatamatusest,Ettevaatamatusest inimese surma põhjustamises süüdistatava kiirabiõe kohtuasja jälginud kannatanu isa sõnul oli tema poeg väljakutse hetkel sügavas koomas .,,,,no,"The phrase 'Ettevaatamatusest' refers to a cause or reason and not a location, so it is not adverbial of place.",no,no,no,no
6250964,10040710,32,tähendama,,adit,BIG,BIG-i,"Raus rääkis , et seoses varasemate võlakirjaemissioonidega ning samuti olles noteeritud Tallinna Börsil on BIG juba aastaid tegutsenud vastavalt reglementeeritud turu tingimustele ning reeglitele , seega ei tähenda tegevuse jätkamine krediidiasutusena BIG-i jaoks ulatuslikke muutusi .",,,ORG,no,The phrase 'BIG-i' refers to an entity or organization and not a location or place.,no,no,no,no
8773850,14081482,16,näima,,in,Volvo-ost,Volvo-ostus,"Autoraha tuleb rektori fondist ja kuivõrd see teaduskondi ei puuduta , siis ei näinud Kulmar Volvo-ostus mingit probleemi .",,,,no,The phrase 'Volvo-ostus' refers to the context of a purchase and not a place.,no,no,no,yes
10025030,16082355,8,pakkuma,,abl,keskmine,keskmiselt,Postimehe küsitletud jaemüügi ettevõtted pakkusid läbimüügi vähenemiseks keskmiselt 10 kuni 30 protsenti .,,,,no,"The phrase 'keskmiselt' describes an average or approximation, not indicating a specific place, thus classified as not adverbial of place ('no').",no,no,no,no
1574859,2505547,9,võitma,,all,lõpp,lõpule,Meeste 10 km vabastiilis võitis tänu kõige teravamale lõpule soomlane Jari Isometsä ja tõusis MK kokkuvõttes neljandaks .,,,,no,"The phrase 'lõpule' refers to an endpoint or conclusion rather than a location, so it is not adverbial of place ('no').",no,no,no,yes
919848,1465334,32,jooma,,el,higi,higist,"Kogu ta lugu hakkab natuke tahumatus stiilis jutustama kõmupiltnik Rai , nahktagi ja tanksaabastega mees ( n.-ö "" naiivne jutustaja "" ) , kelle "" foto-graafisilmad "" ahnelt joovad maailma "" higist kuuma katkist tausta "" .",,,,no,"The phrase 'higist' describes a quality or state rather than a location, and therefore is not adverbial of place ('no').",no,no,no,no
4680014,7519426,1,elama,,adit,lennukatastroof,Lennukatastroofi,"Lennukatastroofi elasid õnnelikult üle piloot ning Jonavast pärit perekond : mees , naine , nende 10-aastane tütar ja 12-aastane poeg .",,event,,no,"The phrase 'Lennukatastroofi' was classified as 'no' because it refers to an event or incident, not a specific place.",no,no,no,yes
5990820,9614563,10,järgnema,,el,valmisolek,valmisolekust,President Arnold Rüütli saabumisele järgneb kaitseliidu ülema ettekanne presidendile valmisolekust võidupüha paraadiks .,,state,,no,"The phrase 'valmisolekust' was classified as 'no' because it describes a state or condition, not a location.",no,no,no,no
14794329,23269030,13,selguma,,in,käitumine,käitumises,"Kuulsus oli aga üürike , sest kohe varsti selgusid ebakõlad mehe valimiseelses käitumises : ta oli pakkunud mõnele rivaalile väikest rahasummat ( mille ta hiljem tituleeris laenuks ) , et too oma kandidatuuri tagasi võtaks , või käinud mõne potentsiaalse valija pool kodus kihutustööd tegemas .",,,,no,"The phrase 'käitumises' refers to behavior and does not indicate a place, thus it is not adverbial of place.",no,no,no,no
3786513,6098705,2,hiilgama,,in,värve,värves,"Arise värves hiilgas aga Puertoriiko koondislane Jose Ortiz , kelle arvele kogunes lõpuks 21 silma .",,,,no,"The phrase 'värves' indicates a context or role (team colors) rather than a place, hence it is not adverbial of place.",no,no,no,no
2331109,3733102,6,põlema,,ad,aadress,aadressil,Laupäeva varahommikul põles Vanalinnas elumaja aadressil Lai tänav 11.,,,,no,The phrase 'aadressil' specifies a location but functions as part of a noun phrase rather than an adverbial modifier of place.,no,no,no,no
19256980,29033876,4,elama,,adit,elama,elame,yleannetu: elame elame,,,,no,"The phrase 'elame' is a verb indicating an action and does not specify a location, so it is not classified as an adverbial of place.",no,no,no,no
6670464,10732585,11,moodustama,,in,alkoholijoove,alkoholijoobes,"Välja on selgitatud kümme liikluseeskirja rikkujat , kellest enamiku moodustasid alkoholijoobes sõidukijuhid .",,state,,no,"The phrase 'alkoholijoobes' describes a condition or state rather than a place, so it is not classified as an adverbial of place.",no,no,no,no
12913738,20656251,10,olema,vaja,abl,jumal,jumalalt,"Aga selleks , et musitseerida , selleks on ilmselt jumalalt vaja teatud asju , neid õppida ei saa .",,,,no,"The phrase 'jumalalt' refers to a source or origin (from God) and not a physical location, so it is not classified as adverbial of place.",no,no,no,no
793795,1266131,4,ostma,,abl,auto,Autolt,Politsei ostab Esma Autolt uuteks ametiautodeks Mazda 626,,,ORG,no,"The phrase 'Autolt' denotes the source (from Esma Auto) and does not describe a location, so it is not classified as adverbial of place.",no,no,no,no
10220397,16400370,22,asuma,,all,kriis,kriisile,"Nn Lääne-Euroopa esindajana määrati selleks endine Rootsi peaminister ja mitu aastat Bosnia rahu vahendanud Carl Bildt , Ida-Euroopast aga asus Kosovo kriisile lahendust otsima Slovakkia välisminister Eduard Kukan .",,,,no,"The phrase 'kriisile' indicates a direction or target of action rather than a location, so it is not classified as an adverbial of place.",no,no,no,yes
75618,129034,22,peituma,,el,marmor,marmorist,"Moskvasse ja selle lähistele tekkis üksteise järel moodsaid piljardikeskusi suurepäraste inglise laudadega , mille kalevi all ei peitunud enam isegi mitte marmorist , vaid koguni grafiidist plaadid , pallid olid valmistatud superkaasaegsetest materjalidest , mis oma omadustelt ületavad elevandiluu .",,,,no,"The phrase 'marmorist' indicates material composition rather than a location, so it is not classified as an adverbial of place.",no,no,no,no
310262,486857,12,hävima,,ad,põhjus,põhjusel,"Nende raamatute tiraažid võivad olla väga suured , aga on mingil põhjusel hävinud või kadunud .",,,,no,"The phrase 'põhjusel' refers to a cause or reason, not a location, so it is not classified as an adverbial of place.",no,no,no,no
5918856,9501495,23,kuulutama,välja,all,kogusumma,kogusummale,"Peale Norra ja Euroopa majanduspiirkonnaga sõlmitud vastastikuse mõistmise memorandumite ratifitseerimist riigikogu poolt 2006. aasta esimeses pooles , kuulutab Rahandusministeerium välja avatud taotlusvooru kogusummale .",,,,no,The phrase 'kogusummale' refers to a quantitative value (total sum) and is not describing a location or place.,no,no,no,no
1803098,2869416,21,langema,,abl,200000,200 000-lt,"Streigi korraldanud ametiühingud väidavad , et rongiliiklus on Prantsusmaal 1992. aastast kasvanud , kuid raudteetöötajate arv on samal ajal langenud 200 000-lt 175 000-le .",,,,no,The phrase '200 000-lt' refers to a number or quantity and not a location or place.,no,no,no,no
13465372,21536480,15,mõistma,,in,pantvangistamine,pantvangistamises,Ida-Viru maakohus mõistis 37aastase ekspolitseiniku Aleksei Maksimovi süüdi Kohtla-Järve linnavoliniku ja ärimehe Nikolai Knjazevi pantvangistamises ja tapmises ning karistas teda 15aastase vangistusega .,,,,no,The phrase 'pantvangistamises' refers to an action (kidnapping) and not a location or place.,no,no,no,yes
12924527,20674401,4,jääma,,abl,elukallidus,elukalliduselt,"Tallinnast tahapoole jäid elukalliduselt näiteks Melbourne , Dubai , Washington , Toronto , Vancouver ja Er-Rijad .",,,,no,"The phrase 'elukalliduselt' is not adverbial of place because it describes a characteristic related to the cost of living, not a location.",no,no,no,no
9437117,15153567,32,kaduma,,all,kaadrivahetus,kaadrivahetusele,"Maakonnaarstide koja esimees , Viljandi sotsiaal- ja tervishoiuosakonna juhataja Henn Sepp : “ Ühinemisvajadus tuli sellest , et ministeeriumis maakonnaarstidega mitte keegi ei tegelnud , veel enam , tänu sotsiaalministeeriumi pidevale kaadrivahetusele kadus igasugune järjepidevus .",,,,no,"The phrase 'kaadrivahetusele' is not adverbial of place because it refers to a process of staff turnover, not a location.",no,no,no,no
261832,413116,39,ilmuma,,in,dialekt,dialektis,"Raamat , mida on nimetatud moodsa kirjandusliku muinasjutu nurgakiviks , Giambattista Basile'i  Lo cunto de li cunti overo Lo trattenemi ento de peccerille  [ Lugu lugudest ehk Meelelahutuseks väikestele ] - või teise nimega  Il Pentamerone  ilmus naapoli dialektis aastatel 1634-36.",,,,no,The phrase 'dialektis' is not adverbial of place because it describes language (dialect) rather than a physical location.,no,no,no,no
10292383,16517160,11,pärinema,,abl,juhatus,juhatuselt,Heategevuspäeva korraldamise mõte pärineb Eestimaa Talupidajate Keskliidu ( ETKL ) juhatuselt .,,,,no,"The phrase 'juhatuselt' is not adverbial of place because it refers to the source (board) of the idea, not a location.",no,no,no,no
477769,750441,25,käima,üle,el,koostamine,koostamisest,"Karjäär ei olegi ju ainult konkreetsel ametikohal edasi jõudmine , vaid haridustee ja tuleviku kavandamine üldse , "" arvas ta , "" konkreetse andmebaasi koostamisest ei käi meil praegu jõud üle .",,,,no,"The phrase 'koostamisest' refers to the process of preparation or creation and does not indicate a location, so it is not adverbial of place.",no,no,no,no
2983884,4786434,2,jaksama,,in,tempo,tempos,Norra tempos jaksas sõita veel ainult Soome naiskond .,,,,no,"The phrase 'tempos' refers to the pace or speed, which is not a place, so it is not adverbial of place.",no,no,no,no
2759906,4426299,6,nägema,,all,inimõigus,inimõigustele,Amnesty International näeb nendes muudatustes inimõigustele ja vabadusele tõsist ohtu .,,,,no,"The phrase 'inimõigustele' refers to human rights and is directional or figurative rather than a physical location, so it is not adverbial of place.",no,no,no,no
458817,719031,12,suurenema,,all,tagasiastumine,tagasiastumisele,Serbia vägede Kosovost lahkumise edenedes suureneb Jugoslaavias surve president Slobodan Milosevici tagasiastumisele .,,,,no,The phrase 'tagasiastumisele' refers to a consequence or result (resignation) and does not indicate a location.,no,no,no,no
4516197,7260161,11,kinnitama,,el,rabelus,rabelusest,"Ehkki Jürgens väitis , et katkestas rünnaku ise , kinnitas rabelusest verise käe ja kriimuga kaelal välja tulnud valvur kohtule , et pöördepunktiks sai hetk , kui kahvel purunes , nooruki kätte jäi ainult kahvli plastkäepide ja appi saabus teine vangivalvur .",,,,no,"The phrase 'rabelusest' refers to the cause or manner of the situation, not a specific place.",no,no,no,no
346700,535705,5,etendama,,in,teke,tekkes,"Psühhotrauma korral etendab depressiooni tekkes suurt rolli inimese kogu omapära - eelkõige mõtlemine ning kognitsioonid ehk vastuvõetud informatsiooni töötlemine , järeldamine ja otsuste tegemine , aga ka kehaline seisund .",,,,no,"The phrase 'tekkes' refers to the process of development or emergence, not a physical location.",no,no,no,no
19135253,28864943,11,suurenema,,all,meetod,meetodile,Oluliselt suurenevad kulutused kõige efektiivsemale HIV leviku vastu kasutusel olevale meetodile - süstalde vahetuse programmile .,,,,no,The phrase 'meetodile' is not classified as an adverbial of place because it refers to the method itself rather than a location.,no,no,no,no
2337258,3743232,37,ühinema,,in,soov,soovis,"Ühendriikide president George Bush kohtus eile Washingtonis Türgi valitseva partei liidri Recep Erdoganiga ja kinnitas talle , et USA toetab täielikult Türgi pürgimist Euroopa Liitu : "" Me ühineme teiega , külg külje kõrval , teie soovis saada Euroopa Liidu liikmeks , "" rõhutas USA president .",,,,no,"The phrase 'soovis' is not classified as an adverbial of place because it describes a desire or wish, not a physical or locational context.",no,no,no,no
7195366,11573767,8,saatma,,in,kirjaviis,kirjaviisis,"Ta saatis konkursile ka näituse plakati , kirjaviisis “ Teistmoodi tegelikus ” .",,,,no,The phrase 'kirjaviisis' is not classified as an adverbial of place because it specifies a manner of writing rather than a location.,no,no,no,no
8143080,13071204,8,saabuma,,in,keel,keeles,22. veebruaril saabus ajalehetoimetustesse e-mail vigases inglise keeles pealkirjaga  The seksiest woman alive is estonian !  .,,,,no,The phrase 'keeles' is not an adverbial of place because it specifies the language context (English) rather than a location.,no,no,no,no
4441924,7143122,3,kasvama,välja,el,kastmete-armastus,kastmete-armastusest,Ennu ammusest kastmete-armastusest kasvas välja huvi rahvusköökide vastu .,,,,no,The phrase 'kastmete-armastusest' is not an adverbial of place because it describes the source or reason for interest rather than a location.,no,no,no,no
1069753,1699800,7,avanema,,all,juhus,juhusele,"Uks filmimaailma avanes Demile tänu puhtale juhusele - Moore'ide naaber sattus olema Nastassja Kinski , kes aitas Demil õigel ajal õiges kohas õigeid samme astuda .",,,,no,The phrase 'juhusele' is not an adverbial of place as it indicates the reason (coincidence) rather than a spatial location.,no,no,no,no
4374310,7036101,6,alustama,,el,esitlemine,esitlemisest,Baltika alustab samuti toote paremast esitlemisest poes või promomisest .,,,,no,The phrase 'esitlemisest' is not an adverbial of place since it explains the activity of presenting or promoting rather than a physical location.,no,no,no,no
11310648,18126141,15,ennustama,,all,kiirenemine,kiirenemisele,Konjunktuuriinstituudi andmetel ennustas 41 protsenti ettevõtetest selle aasta teises kvartalis tänu Euroopa riikide majanduskasvu kiirenemisele ekspordi suurenemist .,,,,no,"The phrase 'kiirenemisele' is referring to a condition or state and not a location, so it is not adverbial of place.",no,no,no,no
283748,447397,9,nihkuma,,all,see,sellele,Uus KES tuuakse sisse tavaliselt enne kui DK sellele nihkub .,,,,no,"The phrase 'sellele' refers to something abstract and not to a specific location, so it is not adverbial of place.",no,no,no,no
4643768,7462228,4,raputama,,in,pidu,peos,Bony raputas pöidlad peos ja hambad tangis .,,event,,no,"It was classified as 'no' because 'peos' refers to a manner or state, not a physical place.",no,no,no,no
17198866,26403896,5,heitma,ette,all,maksuseadus,maksuseadusele,"Kriitikud heidavad Vene uuele maksuseadusele ette seda , et see takistab keskklassi teket .",,,,no,"It was classified as 'no' because 'maksuseadusele' refers to an object (tax law), not a location.",no,no,no,no
5931611,9522181,23,sõnama,,el,liiklusteenistus,liiklusteenistusest,""" Ekskavaator läks killustikku tooma , tõmbas maha pingutustrossi , posti ja sellega koos ka trolliliini , "" sõnas Mati Songisepp transpordiameti liiklusteenistusest .",,,,no,"The phrase 'liiklusteenistusest' indicates the origin or source of information rather than a physical place, so it was not classified as an adverbial of place.",no,no,no,no
4432846,7128530,19,nägema,,all,klass,klassile,Kehalise kasvatuse ainekava ( mis on täitmiseks kohustuslik dokument ) näeb suusatamisoskuste omandamise ette juba 1.-3. klassile .,,,,no,"The phrase 'klassile' specifies the intended group (students in 1-3rd class), not a physical location, so it was not classified as an adverbial of place.",no,no,no,no
7460855,11976965,3,alistuma,,all,see,sellele,"Oleme alistunud sellele tõsiasjale , et kõik uudiskaubad ja -teenused õllest-jäätisest üritusteni kannavad millegipärast millenniumi nime .",,,,no,"The phrase 'sellele' refers to an object or concept ('that'), not a location, so it is not an adverbial of place.",no,no,no,no
10478582,16803026,11,saabuma,,all,ilm,ilmale,Nigula looduskaitseala teadusdirektori Agu Leivitsa sõnul on rändlinnud vaatamata jahedale ilmale ikka saabunud oma sisemise kella järgi .,,,,no,"'ilmale' refers to the weather ('to the weather') and not a location, so it is not an adverbial of place.",no,no,no,no
1966246,3135712,15,elama,,adit,sohk,sohki,"See abielu peab sümboliseerima Iisraeli , kes on ära pöördunud ja ainujumala kõrval elab sohki ebajumalatega .",,,,no,"'sohki' refers to a form of behavior or action ('in deceit') and not a location, so it is not an adverbial of place.",no,no,no,no
15139245,23678335,13,saabuma,,in,jõulumeeleolu,jõulumeeleolus,Möödunud pühadele viitas ka meeskonna kapten Martin Noodla : « Saabusime siia jõulumeeleolus .,,,,no,"'jõulumeeleolus' refers to an emotional state ('in Christmas mood') and not a physical place, so it is not an adverbial of place.",no,no,no,no
10310605,16545718,8,olema,vaja,abl,Panga,Pangalt,"Erandiks on vaid pangandussektor , kus Eesti Pangalt on vaja luba olulise osa omandamisel või investeerimisel kommertspankadesse .",,location,ORG,no,"The phrase 'Pangalt' refers to 'from the bank' (an entity) and does not specify a place, so it is not adverbial of place.",no,no,no,no
5248764,8421360,2,olema,vaja,el,päästerõngas,päästerõngast,Aga päästerõngast on tavaliselt uppujale vaja vaid üheks korraks .,,,,no,"The phrase 'päästerõngast' refers to 'lifebuoy' (an object) and not a location, so it is not adverbial of place.",no,no,no,no
14977221,23495809,9,tunnistama,,all,muusikalisõber,muusikalisõpradele,"Hea , et ostukäru toetas , tunnistab eesti muusikalisõpradele hästi tuttav lauljatar Kelli Uustani , 25.",,,,no,The phrase 'muusikalisõpradele' is classified as 'no' because it indicates the indirect object (to whom) rather than a location.,no,no,no,no
3627207,5841118,2,vähendama,,all,see,sellele,"Tänu sellele , et esikolmiku järel hõivasid kaks järgmist kohta Renault' sõitjad Fernando Alonso ja Jarno Trulli ning Rubens Barrichello ( Ferrari ) pidi leppima alles kuuenda kohaga , vähendas Button MM-i kokkuvõttes vahe Barrichelloga vaid ühepunktiliseks .",,,,no,The phrase 'sellele' is not an adverbial of place because it refers to a cause or reason rather than a location.,no,no,no,no
8647097,13874148,5,kiitma,,in,lühiusutlus,lühiusutluses,"Juri Tshurilkin  Lantanast kiitis lühiusutluses “ Postimehele ” oma mängijaid , tõstes eriti esile Hepnerit , Prinsi , Krasnopjorovit , Braginit , Borissovit , Danileviciust ja Gruznovi .",,,,no,"The phrase 'lühiusutluses' is not an adverbial of place because it refers to the means or context of the action, not a location.",no,no,no,yes
3196157,5133377,7,tooma,,abl,sisu,sisult,"Eksamikeskuse direktor Janar Holm tõi näiteks sisult muutumatu töövihiku , mille hind on aastaga tõusnud 30 protsenti .",,,,no,"The phrase 'sisult' is not an adverbial of place because it describes the content or essence of something, not a physical location.",no,no,no,no
8414865,13486760,23,tekitama,,in,andja,andjas,"Lubaduse tarvilike tingimuste hulka kuuluvad : a ) lubava subjekti mentaalne akt , enda sidumine mingi tulevase käitumisaktiga , mis ühtlasi tekitab andjas uskumuse lubaduse andmisest ; see on lubaduse esmane , mõeldud sisu ; b ) lubaduse andja tahteavaldusakt täidab kahte funktsioooni : 1 ) teade enda sidumisest kavatsetava käitumisaktiga ( lubaduse teisene , avaldatud sisu ) ; 351 teade on adresseeritud lubaduse saajale või avalikkusele , samas lubaja enese suhtes on teade performatiivne akt ; 2 ) lubaduse vorm - lubaduse säilimise ja taasesitamise kuju ja moodus ; c ) lubaduse ( teate ) tunnustav vastuvõtmine , mis ühtlasi tekitab lubaduse saajal uskumuse lubaduse saamisest ; d ) lubaduse subjekte siduv üldine norm , ühtlasi lubaduse mõiste semantiline komponent , et lubadusi antakse täitmiseks ; e ) subjektide teadmine lubaduse tähendusest üldiselt ja antud lubadusest konkreetselt .",,alive,,no,"The phrase 'andjas' is not an adverbial of place because it refers to the person performing an action, not a location.",no,no,no,no
2838186,4551655,8,surema,,all,pistiseandmine,pistiseandmisele,Eesti Advokauuri kinnitusel suri ööl vastu reedet pistiseandmisele õhutamises ja kelmuses süüdistatud advokaat Margus Heek .,,,,no,"The phrase 'pistiseandmisele' refers to an action (bribery) and not a place, so it is not an adverbial of place.",no,no,no,no
1106707,1758571,5,karjuma,,el,vaimustus,vaimustusest,"Göteborgis karjus rootsi publik vaimustusest , kui Pallaadium platsile sõitis .",,,,no,"The phrase 'vaimustusest' was classified as 'no' because it describes an emotional state or condition, not a physical location.",no,no,no,no
7972783,12785961,19,ilmuma,,all,etik,etikule,"Midagi hakkas meenuma Luigele , kuid enne , kui ta jõudis mõtte lõpuni mõelda , kolksatas majauks ja etikule ilmus tume kuju .",,location,,no,The phrase 'etikule' was classified as 'no' because it refers to a person or entity rather than a place.,no,no,no,no
9742623,15632228,27,moodustama,,all,sündmus,sündmustele,"Ajal , mil Moskvas rahvasaadikute kongressi komisjonis peeti alles ägedaid mõttevahetusi , moodustas ENSV ülemnõukogu presiidium 20. juunil 1989 loogilise jätkuna komisjoni 1940. aastal Eestis toimunud sündmustele ajaloolis-õigusliku hinnangu andmiseks .",,,,no,"The phrase 'sündmustele' was classified as 'no' because it refers to events in time, not a physical location.",no,no,no,yes
13193192,21105896,3,ajama,,all,kodanik,kodanikele,"Politsei ajab kodanikele umbluud tublidest korravalvuritest , samal ajal sõidavad purjus komissarid töövälisel ajal politseivärvides autoga puusse .",,alive,,no,"The phrase 'kodanikele' refers to the recipients of the information and not a physical location, so it is not an adverbial of place.",no,no,no,no
14976880,23495201,9,mõjuma,,in,psühhohuligaansus,psühhohuligaansuses,Selles olukorras ei mõju Oviiri süüdistused temavastases poliitilises psühhohuligaansuses veenvalt .,,,,no,"The phrase 'psühhohuligaansuses' describes the context or nature of the accusations and not a location, so it is not an adverbial of place.",no,no,no,no
8223955,13196616,10,libisema,,ad,kinnihoidmine,kinnihoidmisel,"“ Töötaja freesis kopeerfreespingil mööblidetailidele tappe , kui detaili kinnihoidmisel tema parem käsi töötava freesi töötsooni libises ning kaks sõrme raskelt vigastada said , ” rääkis Valgamaa tööinspektsiooni inspektor Jaanus Jaanimäe .",,,,no,"The phrase 'kinnihoidmisel' describes the action or method of holding and not a location, so it is not an adverbial of place.",no,no,no,yes
6604403,10627341,6,jääma,,el,10sendine,10-sendisest,""" Traktori sõelale jäävad kõik 10-sendisest suuremad asjad .",,,,no,The phrase '10-sendisest' is classified as 'no' because it specifies a size or amount and does not indicate a place.,no,no,no,no
5728155,9186778,18,suurenema,,all,seitse,seitsmele,"Samuti näeb kohtute seaduse eelnõu ette , et riigikohtu põhiseaduslikkuse järelevalve kolleegiumi liikmete arv suureneb seniselt viielt seitsmele .",,,,no,The phrase 'seitsmele' is classified as 'no' because it refers to a number of individuals and not a specific location.,no,no,no,no
8400788,13463739,19,ilmnema,,in,lõhustuvus,lõhustuvuses,Küllalt suured erinevused ilmnesid korrigeeritud ja korrigeerimata andmete vahel ka kasutatud teraviljade ja proteiinsöötade kuivaine ja proteiini efektiivses lõhustuvuses .,,,,no,"The phrase 'lõhustuvuses' was classified as 'no' because it refers to the process of breakdown, not a location or place.",no,no,no,no
6211075,9975283,7,hindama,,in,kartus,kartuses,Teisalt ei hinda kliendid rongilt mahajäämise kartuses piisavalt laenu teenindamisega seotud riske .,,state,,no,"The phrase 'kartuses' refers to a state of fear or apprehension and does not describe a location, so it is not an adverbial of place.",no,no,no,no
6375384,10245881,6,olema,kinni,in,rahvus,rahvuses,Tema arvates pole see üldse rahvuses kinni - kõik rahvad teevad omamoodi soomust .,,,,no,"The phrase 'rahvuses' refers to a concept or belonging to a nationality and does not indicate a physical location, so it is not an adverbial of place.",no,no,no,no
5140483,8247906,12,viima,,all,enesetapp,enesetapule,"Vastuseta on ka küsimus , miks ta suri ja väidetavalt teda enesetapule viinud raske haigus on asjatundjatele tundmatu .",,,,no,"The phrase 'enesetapule' does not indicate a place but instead refers to a purpose or goal, thus it is not classified as an adverbial of place.",no,no,no,yes
15334753,23948348,9,ajama,,el,lamp,lambist,"Aga kohati olid need rohud häirivad , ajasid lambist naerma jne .",,,,no,"It was classified as 'no' because 'lambist' is an idiomatic expression referring to suddenness, not a location.",no,no,no,no
10735643,17202501,6,jätma,,in,hoogsus,hoogsuses,"Austatud statistikaprofessor jättis oma poliitikavastases hoogsuses targu mainimata selle , mis saab Eesti krooni vahekorrast trans-Euroopa uue valuutaga .",,,,no,"The phrase 'hoogsuses' describes a state of being or enthusiasm and does not indicate a place, hence it is not adverbial of place.",no,no,no,no
4571827,7348506,13,esinema,,el,külg,küljest,"Venemaa peaminister Viktor Tshernomõrdin esines üleeile õhtul Vene televisiooni NTV kanalil hämmastavast küljest , mängides akkordionil vene rahvalaulu ja tutvustades televaatajaile oma lemmiktoidu - kartuliklimpide - retsepti .",,,,no,"The phrase 'küljest' denotes a manner or part of something, not a location, so it is not adverbial of place.",no,no,no,no
3150871,5059586,14,ajama,,el,aru,arust,"Midagi pole parata , Toomas Kall on kirjanik , isegi kui ta omast arust pada ajab ja tarbeteksti toodab .",,,,no,"The phrase 'arust' refers to a personal perspective or opinion, not a location, so it is not adverbial of place.",no,no,no,no
10313037,16549279,11,puuduma,,ad,C-kvaliteet,C-kvaliteedil,"Hindu enam mõjutavateks teguriteks on soojustatus ja küte ( puudub C-kvaliteedil täielikult , B-kvaliteedi puhul ei pruugi vastata rentniku või ostja nõuetele ) , transpordiga ligipääs ( sissepääs tänavalt , estakaad , asfalteeritud plats ) , piisava elektrivõimsuse ning abipindade olemasolu ( kontor , olmeruumid ) , ruumide mõõtmed ( suuremad ja kõrgemad ruumid on odavamad ) , krundi suurus .",,,,no,"The phrase 'C-kvaliteedil' describes a condition or category rather than a place, so it is not adverbial of place.",no,no,no,no
11806075,18894717,6,eelistama,,all,ankeet,ankeetidele,Silmast silma kõnelemisele eelistasid linlased ankeetidele vastamist .,,,,no,"The phrase 'ankeetidele' indicates the target of an action but not a location, so it is not adverbial of place.",no,no,no,no
15576083,24319608,10,lootma,,in,pidu,pidus,Egert@madallend loodab teid 16-18 aug . pidus näha.ee,,event,,no,The phrase 'pidus' is not an adverbial of place because it does not specify a specific location or spatial reference relevant to the sentence.,no,no,no,yes
9913187,15902617,9,püüdma,,el,ligipääsuvõimalus,ligipääsuvõimalustest,"Punase Risti esindajad kinnitasid , et ääretult viletsatest ligipääsuvõimalustest ning seniajani pea lakkamatult valavast vihmast hoolimata püüavad nad rajada kõigest ilma jäänud inimestele vähemalt ajutisi telklaagreid .",,,,no,"The phrase 'ligipääsuvõimalustest' refers to access possibilities and does not indicate a specific location or direction, so it is not an adverbial of place.",no,no,no,no
16980236,26102865,6,kutsuma,,el,vastane,vastasest,Castro kutsus kõiki kuubalasi USA vastasest massimeeleavaldusest aktiivselt osa võtma .,,,,no,"The phrase 'vastasest' refers to being opposed or against something, not a specific location or direction, so it is not an adverbial of place.",no,no,no,no
14587876,23041579,3,mõistma,,in,kandmine,kandmises,Relvade ebaseaduslikus kandmises mõistis kohus ärimehe õigeks .,,,,no,"The phrase 'kandmises' refers to the act of carrying weapons illegally rather than indicating a place or direction, so it is not an adverbial of place.",no,no,no,yes
7127329,11463436,2,võluma,,in,tanu,tanus,"Valges tanus , helesinises kitlis verinoor kena kreeklanna võlub kõiki : arstidest patsientideni .",,,,no,"The phrase 'tanus' refers to a clothing item (a white headscarf) rather than a place or a direction, so it is not an adverbial of place.",no,no,no,no
3197764,5136086,1,heitma,,all,arv,Arvudele,Arvudele heidab valgust kaheksa aastat Jaapanis käsipalli mänginud Bramanis .,,,,no,"The phrase 'Arvudele' refers to the object of illumination rather than describing where something happens, so it is not an adverbial of place.",no,no,no,no
3380230,5439604,20,liikuma,,ad,lennukifirma,lennukifirmadel,"Kui juba metrooehitajad leiavad , et telefonilevisse tasub investeerida , pole ime , et samas suunas liiguvad mõtted ka lennukifirmadel .",,,,no,"The phrase 'lennukifirmadel' identifies the entities or organizations (airline companies) rather than a place, so it is not an adverbial of place.",no,no,no,no
1746177,2780003,17,soovima,,abl,suusaliit,suusaliidult,"1992. aastast murdmaasuusakoondise peatreenerina töötanud ning Jaak Mae ja Andrus Veerpalu maailmaeliiti viinud Mati Alaver soovis suusaliidult , et väheneksid tema kohustused leida suusatajatele rahastajaid .",,,,no,"The phrase 'suusaliidult' indicates the source or origin (ski federation) rather than a spatial location, so it is not an adverbial of place.",no,no,no,no
16284144,25218561,21,alustama,,el,avalikustamine,avalikustamisest,"Kolmandaks , ma tahaksin loota , et Riigikogu jõuaks sinnamaale , et alustab kõnealuse eelnõu kontekstis vähemalt oma liikmete tuludeklaratsioonide avalikustamisest .",,,,no,"The phrase 'avalikustamisest' is not classified as an adverbial of place because it refers to the act of disclosure or the topic, not a physical location.",no,no,no,no
1769184,2816964,11,leppima,kokku,in,salakaubavedu,salakaubaveos,"Eeluurimise ajal pool aastat vahi all olnud Koger leppis šampanja salakaubaveos Lätist kokku AS Elmo direktori asetäitja Jaan Margusega , kelle kohta teeb kohus otsuse järgmisel kuul .",,,,no,"The phrase 'salakaubaveos' is not classified as an adverbial of place because it refers to the act of smuggling, not a location.",no,no,no,yes
1569814,2497768,3,jääma,,adit,Tartu,Tartu-,Mitmel pool Tartu- ja Põlvamaal jäidki sel aastal sirelid õide puhkemata .,,location,LOC,no,The phrase 'Tartu-' refers to a part of the name of a place but does not independently indicate a location.,no,no,no,no
12348357,19770740,2,kannatama,,in,meeter,meetris,"1500 meetris kannatas ta vapralt lõpuni , kuni mõnikümmend meetrit enne finišit võidus lõplikult veendus .",,,,no,"The phrase 'meetris' refers to a measurement, not a specific place.",no,no,no,no
1376976,2189798,3,jõudma,,in,Dav,Davis,Hispaania jõudis Davis Cupi finaali kolmandat korda .,,,,no,"The word 'Davis' does not indicate a location or specific place, so it is not classified as an adverbial of place.",no,no,no,yes
2009280,3205733,12,tõusma,,all,180,180-le,"Mees meenutab , et pärast kolmenädalast EPO-kuuri tõusis tema verearv 150-lt 180-le .",,,,no,"The phrase '180-le' refers to a numerical measurement rather than a location, so it is not classified as an adverbial of place.",no,no,no,no
5285188,8478038,3,võtma,ette,in,abitus,abituses,"Veendunud rehvide abituses jääl , võtsin ettevaatlikult ette keerukama sõidukoha - kõvaks kihiks sulanud kümne sentimeetri paksuse lumega kaetud külmunud pinnase .",,state,,no,"The phrase 'abituses' refers to the inability or inadequacy of the tires, not a location, so it is not an adverbial of place.",no,no,no,no
3432415,5525478,20,laulma,,in,kuus,kuues,"Kell 22.30 ühineb teleekraani vahendusel vaatajatega Kuldne Trio Tehases nr 43 , kus ta laulab oma vanu hitte uues kuues .",,,,no,"The phrase 'kuues' refers to the state or condition of being in a new appearance, not a location, so it is not an adverbial of place.",no,no,no,no
11467421,18372001,6,laienema,,all,kaasaegne,kaasaegsele,Hiljem laienes ta haare kogu kaasaegsele ning ka eelnevale maailmakirjandusele .,,,,no,"The phrase 'kaasaegsele' refers to modern things, not a location, so it is not adverbial of place.",no,no,no,no
8500374,13624577,21,levima,,el,asutamiskord,asutamiskordadest,"Kaasaja germaani õigusperekonda kuuluvate Euroopa riikide õigussüsteemides ( Saksa , Austria , Eesti ja Šveits ) on levinud juriidilise isiku asutamiskordadest peamiselt normatiivsüsteem .",,,,no,"The phrase 'asutamiskordadest' refers to founding procedures, not a location, so it is not adverbial of place.",no,no,no,no
7046150,11319135,7,olema,kinni,in,perse,persses,""" Marsivad , nagu oleks türad persses kinni !",,,,no,"The phrase 'persses' does not indicate a location but rather is part of an expression; hence, it is not an adverbial of place.",no,no,no,no
13680744,21860574,18,mõjuma,,in,edu,edus,"Miramaxi stuudios toodetud ” Armunud Shakespeare'i ” võit üllatas paljusid , kuid ” Reamees Ryani päästmise ” edus kindlale Steven Spielbergile mõjus see täieliku šokina .",,,,no,"The phrase 'edus' does not specify a location but rather refers to success or progress, so it is not an adverbial of place.",no,no,no,no
14168495,22522758,14,hakkama,,abl,püsijääk,püsijäägilt,"Hansa- ja Hoiupanga era- ja äriklientide arvelduskonto intress hakkab märtsist olema 3% kuu püsijäägilt , kui jääk on üle 1000 krooni .",,,,no,"The phrase 'püsijäägilt' refers to a source or basis for calculation and not a place, hence it is not classified as an adverbial of place.",no,no,no,no
985873,1570793,6,leiduma,,el,hinnavahemik,hinnavahemikust,"164 700-249 900 kroonini küündivast hinnavahemikust leidub näiteks 5ukseline Almera 1,8 Ambience - 4 turvapadja , esiistme aktiivpeatugede , ABS-pidurite , elektriakende-peeglite , kaugjuhitava keskluku , udulaternate , 5 peatoe ja kolmepunktivöö ning paljude pisimugavustega ( prillihoidik , kohvrikinnitusrihm , 12 V lisapistikupesa , lugemislambid , pagasivõrk , välistemperatuurinäidik jpm. ) auto eest küsitav 214 300 krooni on vägagi mõistlik summa .",,,,no,"The phrase 'hinnavahemikust' refers to a range or boundary and not a physical place, hence it is not classified as an adverbial of place.",no,no,no,no
3216445,5166537,29,alistama,,in,8-finaal,8-finaalis,"Eelmisel nädalal Patrase turniiri võitnud 25-aastane eestlanna on Putignano 25 000 USD suuruse auhinnafondiga ITF jõuproovil teinud selle hooaja neljanda esikoha suunas kaks sammu , kui alistas 1/8-finaalis 6 : 1 , 6 : 3 iirlanna Kelly Liggani .",,,,no,"The phrase '8-finaalis' does not indicate a location but rather a stage in a competition, hence it is not an adverbial of place.",no,no,no,yes
11977922,19169329,2,kajastuma,,in,brutopalk,brutopalgas,"Keskmises brutopalgas kajastub veel mitterahaline ehk loonustasu ( nt. toit , tööandja auto kasutamise kulud oma tarbeks , tööandja tasutud laenuintressid jpm. ) .",,,,no,"The phrase 'brutopalgas' refers to a subject or concept (average gross salary) rather than a location, so it is not an adverbial of place.",no,no,no,no
12010200,19222571,2,kiitma,,in,tuju,tujus,"Heas tujus Kanter kiitis hea võistluse eest nii korraldajaid kui ka publikut : « Muusikataust ja publiku ergutus loovad sellise emotsiooni , et pinge langeb , mõtted lähevad vist mujale . »",,,,no,"The phrase 'tujus' describes an emotional state (mood) rather than a physical location, making it not an adverbial of place.",no,no,no,no
575951,911834,1,koostama,,in,märk,Märkides,"Märkides , et väheseid inimesi panevad imestama uudised , et kaheksa protsenti iirlasi on kasutanud kondoomi , et Pekingis varastatakse iga kuu üle tuhande kanalisatsioonikaevu katte ja et Helmut Kohlil on kollased ujumispüksid , koostas Saksa ajakiri Der Spiegel kokkuvõtte läinud aasta tõeliselt erutavatest-totakatest uudistest .",,,,no,The phrase 'Märkides' is not classified as an adverbial of place because it indicates an introductory action rather than a spatial location.,no,no,no,no
4719564,7582297,8,leppima,kokku,in,jätkumine,jätkumises,Riigipead leppisid samuti kokku kahepoolsete kontaktide edasises jätkumises .,,state,,no,The phrase 'jätkumises' is not classified as an adverbial of place because it refers to the continuation of contacts and does not describe a location.,no,no,no,no
12604794,20170173,11,lootma,,in,arrogantsus,arrogantsuses,Säärasele perspektiivile reageerivad isamaaliitlased väga erinevalt : mõni loodab oma arrogantsuses mingit populistlikku käiku .,,,,no,"The phrase 'arrogantsuses' refers to a state or condition, not to a place.",no,no,no,no
21295649,30016323,6,möllama,,ad,sia,sial,SCript: mis möllad siis sial pool,,,,no,"The phrase 'sial' might reference something distant or vague linguistically, but does not specifically indicate a place.",no,no,no,no
14007605,22299576,11,leiduma,,el,maitseaine,maitseainetest,"Lääge ; kokk ei ole viitsinud maitsestamisega vaeva näha ; maitseainetest leidub neil vist ainult suhkrut ; liiga magus ; üldmulje üsna ilmetu ; porgand on toores ; liha on kõva , aga kaste maitseb hästi ; kana kuiv ja mage ; kastme värv kahtlaselt erk ; liha meenutab maitselt pigem kala ; kaste nagu siirup ; mõnusalt on tunda ananassi ; kaste sarnaneb tarretisega .",,,,no,"The phrase 'maitseainetest' refers to a category of substances, not to a location or place.",no,no,no,no
1255516,1996622,1,viigistama,,in,ainus,Ainsas,Ainsas üleeilses kohtumises viigistasid NY Islanders - Phoenix 2 : 2.,,,,no,The phrase 'Ainsas' serves as a descriptor and does not specify a location.,no,no,no,no
14171435,22526615,2,taipama,,in,laast,laastus,"Laias laastus taipan , milles probleem seisneb .",,,,no,"The phrase 'laastus' refers to the broad idea or aspect, not a physical place or location, hence it is not adverbial of place.",no,no,no,no
17987545,27371258,6,võtma,kokku,in,lihtsus,lihtsuses,Mure suuruse võtab oma ilmekas lihtsuses kokku põllumajandusministeeriumile saadetud abipalve .,,,,no,"The phrase 'lihtsuses' refers to simplicity as a quality or characteristic, not a location, so it is not adverbial of place.",no,no,no,no
5495654,8810972,3,suurenema,,in,kadu,kaos,Viimasel veerandil kaos vaid suurenes .,,,,no,"The phrase 'kaos' denotes a state or condition of disorder, not a specific place or location, thus it is not adverbial of place.",no,no,no,no
2960701,4748474,18,tundma,,abl,põgus,põgusaltki,"Robert C. Darnton ( 1939 ) on tänapäeva tuntumaid ajaloolasi , milles vaevalt keegi , kes kaasaegset ajalookirjandust põgusaltki tunneb , eriti kahelda tihkab .",,,,no,"The phrase 'põgusaltki' describes the manner in which someone is familiar with literature and does not refer to a place, making it not adverbial of place.",no,no,no,no
4585699,7370184,8,kuuluma,,el,haldusreform,haldusreformist,Kesklinnale kuulub lopergune Aegna alates 1993. aasta haldusreformist .,,,,no,"The phrase 'haldusreformist' refers to the administrative reform as a point in time or context, not a physical location or place.",no,no,no,yes
9024231,14509473,8,alluma,,all,efekt,efektile,"Siis , kui sündmused alluvad peeglite saali efektile , võib filmide näitamist festivaliks nimetada .",,,,no,"The phrase 'efektile' refers to the effect of the mirrors' hall, which is an abstract concept rather than a physical place.",no,no,no,no
11751012,18805109,2,täituma,,in,asend,asendis,"Sellises asendis puri täitub tuulega , ole valmis väikeseks tõmbeks .",,,,no,The phrase 'asendis' describes a state or condition (position) rather than a physical location or place.,no,no,no,no
12822737,20512010,19,asuma,,ad,hoogustamine,hoogustamisel,Viis kuud enne Ateena olümpiamänge valitsusjuhiks saav 47aastane Costas Karamanlis asus kohe pärast valimistulemuste selgumist tegevusse olümpiamängude ettevalmistamise hoogustamisel .,,,,no,"The phrase 'hoogustamisel' refers to an action or process rather than a location, so it is not an adverbial of place.",no,no,no,no
4912523,7887787,12,laskma,,el,liiklusmüra,liiklusmürast,"Ruumi jätkub veelgi , muru ja teed on koristatud ning kui liiklusmürast end häirida ei lase , võib kirjaniku juures end üsna mugavalt tunda .",,,,no,"The phrase 'liiklusmürast' refers to noise from traffic, which is not a location, so it is not an adverbial of place.",no,no,no,no
1983733,3164118,13,laskma,,el,kuld,kullast,"Eesti Pank laseb täna käibele Eesti krooni taaskehtestamise kümnendale aastapäevale pühendatud puhtast kullast meenemündi , mille nimiväärtus on 100 ja hind 1500 krooni .",,,,no,"The phrase 'kullast' refers to the material (gold) of the coin and not a location, so it is not an adverbial of place.",no,no,no,no
2527507,4054033,20,keelduma,,in,ütlus,ütlustes,"On aga teada vähemalt üks dokumenteeritud juhus , kus endine 36. politseipataljoni võitleja keeldus hiljem Tallinnas kõigist Kuressaares antud ütlustes , põhjendades seda sellega , et oli purjus ja teda ähvardati ütlusi andma relvaga .",,,,no,"The phrase 'ütlustes' refers to statements and not a location, so it is not an adverbial of place.",no,no,no,no
2242651,3587775,6,kujunema,,el,amortisatsioon,amortisatsioonist,"Reeglina kujuneb rendimakse auto finantsilisest amortisatsioonist ja intressist , mida rentnik maksab sarnaselt laenuga rendileandja raha kasutamise eest .",,,,no,"The phrase 'amortisatsioonist' refers to financial depreciation and not a location, so it is not an adverbial of place.",no,no,no,no
462171,724566,4,karistama,,in,peksmine,peksmises,"Kohus karistas reisijate peksmises , mõnitamises ja sõimamises süüdistatud kahe lapse ema Marika Eylandti ( 32 ) kaheaastase tingimisi vabadusekaotusega kaheaastase katseajaga ja määras talle kriminaalhooldaja .",,,,no,"The phrase 'peksmises' refers to an action (beating) and not to a place, so it is not an adverbial of place.",no,no,no,yes
8662048,13897883,21,loobuma,,in,Svergo,Svergos,"Eesti kütusefirma Esoil erastamise esimestes voorudes osales Hydro Texaco iseseisvalt , kuid 1995. aasta oktoobris loobus Esoili juhtkonna moodustatud aktsiaseltsi Svergos kasuks .",,,LOC,no,"The phrase 'Svergos' indicates the name of an entity and not a place, so it is not an adverbial of place.",no,no,no,no
2704108,4337531,6,kaaluma,,all,teravili,teraviljale,"Maailma viies nisueksportija Venemaa kaalub teraviljale ekspordikeelu kehtestamist , mis võib juba niigi kallist nisu hinda tõsta veelgi .",,,,no,"The phrase 'teraviljale' indicates a target or recipient of the export ban, not a location, so it is not an adverbial of place.",no,no,no,no
6867601,11045888,16,kinnitama,,el,ise,endast,"Erinevates näitajates sisalduva informatsiooni ühisosa leitakse mõõtmismudeli ( measurement model ) abil , mis kujutab endast kinnitavat ( confirmatory ) faktoranalüüsi .",,,,no,"The phrase 'endast' does not indicate a specific location or place, so it was classified as 'no'.",no,no,no,no
17455668,26761305,23,tulema,välja,in,mitmus,mitmuses,"Ma palun ka seda hääletada ja samuti põhimõttelisest seisukohast , sest õige mitmed pealkirjad on antud ainsuses , kuid sisu tuleb välja mitmuses .",,,,no,"The word 'mitmuses' describes a grammatical number and not a location, so it is not an adverbial of place.",no,no,no,no
4430520,7124762,2,jooksma,,el,sari,sarjadest,"Briti sarjadest jookseb argihommikuti Yle1-st "" Heartbeat "" , enam kui kümne aasta eest alanud draamasari , mis pajatab Aidensfieldi küla politseijaoskonna tegemistest 1960. aastatel .",,,,no,"The phrase 'sarjadest' (from series) indicates the origin of the shows, not a specific location, so it is classified as 'no'.",no,no,no,no
18468392,27974373,23,märkima,,el,mitu,mitmest,"siiski on mul tunne , et tegelikult on võimalik kasutada sõna « internet » ka juhul , kui see märgib üht võrku mitmest ; umbes samamoodi , nagu Euroopa Liidust rääkides võin tekstis kasutada sõna « euroliit » , ilma et peaksin esile tõstma asjaolu , et tegu on ainulise asja nimetusega .",,,,no,"The phrase 'mitmest' was classified as 'no' because it refers to the number or quantity, not a place.",no,no,no,no
14427275,22850830,4,saabuma,,all,ankeet,ankeetidele,"Hiljuti saabus täidetud ankeetidele kinnitus , et Haapsalu noormees sobib Ameerikasse .",,,,no,The phrase 'ankeetidele' is not classified as an adverbial of place because it refers to indirect recipients (the forms) rather than a location.,no,no,no,no
6056327,9721521,6,ostma,,abl,Carrolsi,Carrolsilt,"Soome hamburgeri-kett Hesburger ostis täna Carrolsilt Tallinnas Viru hotellis asuva kiirtoidurestorani ning veel kaks drive-in tüüpi autorestorani linnas , teatas Soome uudisteagentuur STT .",,,PER,no,"The phrase 'Carrolsilt' indicates the source or origin of the purchase, not a location where an action takes place, so it is not classified as adverbial of place.",no,no,no,no
16233401,25143952,3,vähendama,,all,kaotus,kaotusele,Tänu Interi kaotusele vähendas Torino Juventus vahe liidriga ühele punktile .,,,,no,"The phrase 'kaotusele' refers to the cause or reason for the action and not to a location, so it is not classified as adverbial of place.",no,no,no,yes
1440097,2291488,6,järgnema,,el,karjainstinkt,karjainstinktist,Hobune järgneb teise hobuse hüppele karjainstinktist aetuna .,,,,no,"The phrase 'karjainstinktist' refers to a cause or reason, not a location, so it is not an adverbial of place.",no,no,no,no
4512779,7254688,8,hõivama,,el,meespaar,meespaarist,"Klassikalise sportkeegli Eesti meistrivõistlustel Tallinnas hõivasid 22 meespaarist esikoha Ain Kivirand ja Guido Piksar , 10 naisduost Lilly Liivat ja Anneli Kukk .",,,,no,"The phrase 'meespaarist' refers to a group of people, not a specific place, so it is not an adverbial of place.",no,no,no,no
2199113,3515758,6,ühinema,,in,esmajärk,esmajärgus,Plaani kohaselt ühinevad Tallinna Ülikooliks esmajärgus Tallinna Pedagoogikaülikool ning Eesti Humanitaarinstituut .,,,,no,It was classified as 'no' because 'esmajärgus' refers to the order or priority (manner) rather than indicating a location.,no,no,no,no
10064396,16143639,23,astuma,,el,küllus,küllusest,"Aga tühjus kõmiseb seina taga , inspiratsioon lõpeb , staar võõrandub oma publikust ning astub selle lühikese , ent saatusliku sammu hedonismi küllusest küünilisse tüdimusse .",,,,no,"The word 'küllusest' refers to a source or cause, rather than indicating a physical location, thus it is not an adverbial of place.",no,no,no,no
18432348,27933152,2,soovima,,abl,Lihtsam,Lihtsamalt,"> Lihtsamalt : me soovime mõista , mis see reaalsus võiks olla ja üritame seda kuidagimodelleerida oma sõnalis-keeleliste vahenditega .",,,LOC,no,"The word 'Lihtsamalt' describes the manner or way of doing something, not a physical location, so it is not adverbial of place.",no,no,no,no
10481513,16807518,14,möllama,,ad,eestvõtmine,eestvõtmisel,"Viie minuti pärast möllaks kuues b Lepiksoni , Ilvese või Ööveli ja Kerdi eestvõtmisel endise hooga .",,,,no,"The term 'eestvõtmisel' refers to the management or leadership of an action, not a location, thus it is not an adverbial of place.",no,no,no,yes
15872730,24703368,32,lõpetama,,all,asjaõigusseadus,asjaõigusseadusele,"Aga kui tegemist on eelkõige ehitistega , siis siin on kaasomanike oma asi , kuidas nad pärast toimivad , kas nad tahavad jätta kaasomandisse , määravad kasutamiskorra või lõpetavad kaasomandi vastavalt asjaõigusseadusele .",,,,no,"The phrase 'asjaõigusseadusele' refers to a legal reference rather than a place, therefore it was classified as not adverbial of place.",no,no,no,no
7300336,11726337,5,kuluma,,el,preemiaraha,preemiarahast,Nii kuluski pea pool preemiarahast neljajalgsele lemmikule .,,,,no,"The phrase 'preemiarahast' indicates a source or origin rather than a location, so it is not classified as an adverbial of place.",no,no,no,no
3687863,5938982,9,minema,mööda,el,pakutu,pakutust,"Eluhirmudest kirjutades läks nende kirjandi sisu natuke pealkirjas pakutust mööda , "" selgitab hindaja .",,,,no,"The phrase 'pakutust' refers to a comparison or reference rather than a location, so it is not classified as an adverbial of place.",no,no,no,no
8733528,14018766,7,soovitama,,el,sissetulek,sissetulekust,Algupärase näitekirjanduse edendamiseks soovitas leht etenduste sissetulekust osa autorile honorariks maksta .,,,,no,"The phrase 'sissetulekust' refers to a source of income rather than a physical location, so it is not adverbial of place.",no,no,no,no
4632918,7445406,14,hävima,,ad,ühinemine,ühinemisel,"Küsimus on , miks siis universum ikkagi eksisteerib ja pole aine ning antiaine ühinemisel suure pauguga hävinud .",,,,no,"The phrase 'ühinemisel' was classified as 'no' because it describes the event or process of uniting, not a location.",no,no,no,yes
12448539,19929485,10,tõmbama,,all,male,malele,"Ärimehena teab Iljumžinov aga ülihästi sedagi , et tänu malele tõmbab Kalmõkkia ligi välismaa äripartnereid .",,,,no,The phrase 'malele' was classified as 'no' because it describes the activity of chess and not a physical place.,no,no,no,no
12251281,19613197,15,kontrollima,,el,vaherahu,vaherahust,"Euroopa Julgeoleku- ja Koostööorganisatsioon ( OSCE ) , kes kontrollib kinnipidamist 1994 . aastal sõlmitud vaherahust , kardab , et kuigi viimased intsidendid pole esialgu ohvreid nõudnud , võivad need kujuneda tõsisemaks kui varasemad relvarahu rikkumised .",,state,,no,The phrase 'vaherahust' was classified as 'no' because it describes an agreement (the truce) rather than a specific location.,no,no,no,yes
14784185,23257171,10,eksima,,in,detail,detailis,"Ott lisas , et ajakirjandus on eksinud vaid ühes detailis : kallaletungi hetkel ei olnud tema veres mitte 3 , 9 promilli alkoholi , vaid tunduvalt rohkem .",,,,no,"The phrase 'detailis' describes a particular aspect or element rather than referring to a physical location, so it is not an adverbial of place.",no,no,no,no
10374574,16645283,5,plaanima,,all,ühinemisprotsess,ühinemisprotsessile,Viru Rand  plaanib tänu ühinemisprotsessile AS-iga Läätsa tõsta ettevõtte tänavust kasumiprognoosi .,,,,no,"The phrase 'ühinemisprotsessile' refers to the process of merging as an abstract concept, not to a physical location.",no,no,no,yes
18677302,28243154,6,võtma,ette,in,kõne,kõnes,"Umbusaldusavalduse teksti esitaja oli oma kõnes muu hulgas ette võtnud mõned suvised Pärnu Postimehe numbrid , sealt välja valinud talle sobivad , kontekstist väljarebitud , väidetavalt Jüri Mõisa tsitaadid , mis tegelikult ei kuulu üldse härra Mõisale .",,,,no,"The phrase 'kõnes' refers to the means or medium in which something occurred (a speech) and not to a specific location, so it is not an adverbial of place.",no,no,no,yes
1302276,2069394,6,võtma,,all,aruanne,aruandele,Vastavalt Eesti WTO-ga ühinemise toimkonna aruandele on Eesti võtnud endale kohustuse ühineda WTO riigihankelepinguga .,,,,no,"The phrase 'aruandele' refers to a document or report and not to a specific location, so it is not an adverbial of place.",no,no,no,no
8193516,13150934,8,leiduma,,el,traditsioon,traditsioonist,"Galerii keldrikorrusel leidub kõlasid jaapani kalligraafiliste tušijoonistuste traditsioonist , siin leiab mõtlemisruumi ka vaatajale , haikude vaikust ja tühjust , mille täitmisega kunstnikud oma hinduistlikes maalides agaralt vaeva on näinud .",,event,,no,"The phrase 'traditsioonist' refers to the origin or source of something and not a physical or abstract location, so it is not an adverbial of place.",no,no,no,no
11017554,17646805,20,viima,,all,degradeerumine,degradeerumisele,"Äärmuslik liberalism põhjamaises ühiskonnas ( olgu see siis majanduses , poliitikas või mõnes teises valdkonnas ) viib selle ühiskonna degradeerumisele .",,,,no,"The phrase 'degradeerumisele' refers to the result or effect of something happening and not to a specific place, so it is not an adverbial of place.",no,no,no,no
12522247,20044274,7,tõusma,,all,"80,5","80 , 5-le","Omakapitali osakaal tõusis bilansis aasta jooksul 80 , 5-le .",,,,no,"The phrase '80 , 5-le' was classified as 'no' because it indicates a numerical value or a quantity, not a location.",no,no,no,no
11049772,17696456,6,püsima,,ad,madalam,madalamal,"Võrtsjärve veetase püsib praegu tavalisest madalamal nagu Emajõelgi , kuid uue miinimumtaseme rekordi sündi hüdroloogide hinnangul karta pole .",,,,no,The phrase 'madalamal' was classified as 'no' because it describes a condition or state rather than specifying a physical location.,no,no,no,no
11898219,19040576,14,poseerima,,ad,üks,ühel,"Riiuli kõrval laiuva Vene seebikat näitava plasmaekraani ääres on raamitud fotod , kus ühel poseerib Sergei Zverev Filipp Kirkoroviga , teisel Pugatšova tütrega .",,,,no,The phrase 'ühel' was classified as 'no' because it refers to one of the pictures rather than identifying a place.,no,no,no,no
6148786,9869614,15,käituma,,in,kirehoog,kirehoos,"Vandemehed leidsid 1999. aasta kohtupidamise ajal , et oma naise mõrvamise ajal käitus Watkins kirehoos , kui ta leidis oma abikaasa voodist koos Fontenot'ga .",,state,,no,"The phrase 'kirehoos' refers to an emotional state or manner of action rather than a physical location, so it is not classified as adverbial of place.",no,no,no,no
713511,1136167,6,suurendama,,all,toetuma,toetus,""" Muidugi ei suurenda see toetus sündivust , aga näitab linna suhtumist ja kusagilt tuleb ometi peale hakata , "" leidis lastearstist linnavolinik Uno Mirme .",,,,no,"The phrase 'toetus' refers to support and is not indicative of a location, so it is not classified as adverbial of place.",no,no,no,no
9577852,15373094,3,mõjuma,,in,mõõde,mõõtes,Koduste kriteeriumitega mõõtes ja Nüganeni seniste tööde kõrval mõjub Venemaal tehtud lavastus oodatust kahvatumana .,,,,no,"The phrase 'mõõtes' refers to a manner or action of measuring and does not specify a location, so it is not classified as adverbial of place.",no,no,no,no
14322778,22737739,14,haarama,,el,kuuereväär,kuuerevääridest,"Haiget saanu viskus seepeale 62aastasele Prescottile kallale , lõi teda näkku , haaras kuuerevääridest ja surus üle madala piirde selili maha .",,,,no,"The phrase 'kuuerevääridest' indicates an object or thing (lapels of a coat) rather than a location, so it is not classified as adverbial of place.",no,no,no,no
12533768,20062009,1,jääma,,el,Senis,Senisest,"Senisest 16 RKO-st jääb 1 . veebruariks alles neli , mis asuvad Tallinnas , Rakveres , Tartus ja Pärnus .",,,,no,"The phrase 'Senisest' refers to something previous or earlier, not a specific location, so it is not adverbial of place.",no,no,no,no
18878992,28511113,13,toimuma,,el,kõne,kõnedest,"Siin on võetud arvestuse aluseks , et lauatelefonivõrku helistamisel toimub 50% Peetri kõnedest päevasel ajal ( 8-18 , mil nii Smarti ja Simpeli kõnekaardil kui ET-l kehtib põhitariif ) , 49% tööpäeviti õhtusel ajal ( 20-7 ) ning nädalavahetustel ja 1% kõnedest öisel ajal.",,,,no,"The phrase 'kõnedest' refers to calls and does not indicate a location, hence it is not adverbial of place.",no,no,no,yes
13726197,21928468,6,edastama,,all,lõige,lõigetele,Komisjon edastab teistele liikmesriikidele vastavalt lõigetele 1 ja 2 liikmesriikidest saadud andmed ühe kuu jooksul .,,,,no,"The phrase 'lõigetele' refers to sections or clauses in a document, not to a physical place, so it is not adverbial of place.",no,no,no,no
8061638,12937363,23,tõmbama,,el,pööre,pöördest,"Kogenud sõidumees kiitis väga mootorit , mis pole mitte ainult üliökonoomne ja vähese saastega , vaid tõmbab hästi viiendal käigul isegi 1300 pöördest alates .",,,,no,"The phrase 'pöördest' indicates a starting point of engine activity but does not specify a physical location, so it is not classified as an adverbial of place.",no,no,no,no
19065382,28768845,40,langema,,all,"41,35","41,35 -le","Kui te mäletate 1998. aasta äriplaani , siis seal olid need hinnad natukene allpool , üle 50 sendi , vahepeal kõikusid need läbirääkimistel tõesti 45-46 sendi juures ja nüüd , praeguste läbirääkimise käigus , on nad langenud 41,35 -le .",,,,no,"The phrase '41,35 -le' denotes a numerical value or price point rather than a physical location, so it is not classified as an adverbial of place.",no,no,no,no
12979433,20765859,9,esinema,,el,käimishäire,käimishäiretest,Ligi 90 protsendil patsientidest esinevad liigesekaebused : vähestest käimishäiretest kuni ägedate mitut liigest haaravate põletikkudeni .,,,,no,"The phrase 'käimishäiretest' refers to a type of symptom or condition, not a physical location, so it is not classified as an adverbial of place.",no,no,no,no
1803906,2870781,6,kippuma,,all,leib,leivale,Levicomi tütarfirma töötajad kipuvad konkurendi leivale,,,,no,"The phrase 'leivale' metaphorically refers to competition and not a physical location, so it is not classified as an adverbial of place.",no,no,no,no
8668668,13908303,11,selgitama,,el,mäekristall,mäekristallist,Ajakirjaniku uudistamise peale selgitab Mirjam Veski vutimuna suuruse klaaskuuli väljanägemisega mäekristallist kuulikese tähendust .,,,,no,"The phrase 'mäekristallist' is not specifying a location or place, but rather a material or composition, so it is not classified as an adverbial of place.",no,no,no,no
6044630,9701433,11,tagurdama,otsa,ad,sõna,sõnul,Mõni hetk pärast juhtunut kohale jõudnud Andrese ( 33 ) sõnul oli tsisternvaguneid vedav rong otsa tagurdanud aeglaselt raudteed ületavale veomasinale .,,,,no,"The phrase 'sõnul' refers to a manner of speaking or expressing opinion rather than indicating a place, so it is not classified as an adverbial of place.",no,no,no,no
12428168,19899036,18,nentima,,all,teade,teatele,"Kuigi riigi kultuuripreemiate komisjon valis esmaspäeval välja viis saja tuhande kroonise kultuuripreemia saajat , nentis ETA kultuuriministeeriumi teatele toetudes , et laureaatide nimesid veel ei avalikustata .",,,,no,"The phrase 'teatele' is not classified as an adverbial of place because it refers to a statement or information, not to a place.",no,no,no,no
17201687,26408208,14,mõistma,,in,röövimiskatse,röövimiskatses,Lisaks mõistis kohus Smirnovi ja Romanovi süüdi 1996 . aasta 6 . septembril toime pandud röövimiskatses : mehed püüdsid röövida ühe Tallinna ehitusfirma kontorist raha .,,,,no,"The phrase 'röövimiskatses' describes an event or action (attempted robbery) rather than specifying a location, so it is not an adverbial of place.",no,no,no,yes
5671216,9096069,8,alustama,,all,isikuvabadus,isikuvabadusele,Pressikonverentsi Cannes'i filmifestivalil alustas Flynt kirgliku kaitsekõnega isikuvabadusele .,,,,no,"The phrase 'isikuvabadusele' refers to a concept (personal freedom) rather than a physical or spatial location, so it is not an adverbial of place.",no,no,no,no
1193717,1897918,12,lähtuma,,in,hinnapakkumine,hinnapakkumises,"Eesti Energia energiakaubanduse direktori kohusetäitja Einari Kisel ütles BNS-ile , et hinnapakkumises lähtus Eesti Energia Euroopa vabaturu põhimõtetest , kuna Narva Elektrivõrk ostab elektrit ka välisturult .",,,,no,"The phrase 'hinnapakkumises' refers to the context or circumstance (price offer) rather than a location, so it is not an adverbial of place.",no,no,no,yes
8404840,13469827,28,loovutama,,all,nägemine,nägemisele,"Ent mis veel tähtsam : juhtigu see kuulutatud tõde meid lähemale elule , kus usk ei sõltu enam argumentatsiooni headusest ning aimamisi nägemine peeglist loovutab oma koha nägemisele palgest palgesse.",,,,no,"The phrase 'nägemisele' refers to an abstract concept (seeing or vision) and not a physical location, so it is not an adverbial of place.",no,no,no,no
9275788,14903470,10,tegema,,all,Kodus,Kodusele,"Nüüd tegi maramaalane Jaak Pihlak muigvel märkuse opositsioonis olevale Kodusele Viljandile , et aukodaniku nimetamise otsuse eelnõuga ei olnud kaasas piisavalt põhjalikku materjali Roman Toi kohta .",,,ORG,no,"The phrase 'Kodusele' refers to 'Kodusele Viljandile', which is not describing a location but rather naming who the remark was addressed to.",no,no,no,no
8080123,12965854,12,puuduma,,ad,Nauman,Naumanil,"Lohutuseks siiski niipalju , et eesti kultuur pole ainus , kus Naumanil puudub tähendus - sedasama on prantsuse kultuuri puhul tunnetanud häirivalt Pompidou keskuse kuraatorid Pariisis , kes korraldasidki käesoleva väljapaneku prantslaste hariduslünga täitmiseks .",,,LOC,no,"The phrase 'Naumanil' refers to a person and not a location, so it is not adverbial of place.",no,no,no,no
13355028,21364402,8,kerkima,,el,staatus,staatusest,Hispaania kerkiks võiduga Paraguay üle nullipoisi nukrast staatusest alagrupis teisele kohale .,,,,no,"The phrase 'staatusest' refers to a state or condition ('from the status of') and not a location, so it is not adverbial of place.",no,no,no,no
452212,708151,4,levima,,ad,järte,järtel,"Kohe Browni saabumise järtel levisid kuulujutud , et ta tahab vahetada Iversoni Damon Stoudamireiga .",,,,no,"Classified as 'no' because 'järtel' refers to a temporal relationship, not a location.",no,no,no,no
2470971,3961689,9,otsima,,all,lauluhääl,lauluhäälele,Rakvere teatri näitleja Eva Püssa otsib samal ajal lauluhäälele õiget kõrgust .,,,,no,"Classified as 'no' because 'lauluhäälele' refers to the target object of the search, not a location.",no,no,no,no
331583,513867,33,hõlmama,,el,kestus,kestusest,"Täpsemad arvandmed standardkeele laboratoorse kõne kohta on esitanud Eek ja Meister ( 1997 : 83-84 ) , kelle järgi hõlmab vokaalikeskse malliga sõnade F0 tõusuosa Q2 sõnades keskmiselt 50% V1 kestusest ja Q3 sõnades keskmiselt 24% V1 kestusest .",,time,,no,"The phrase 'kestusest' refers to duration and not a location, so it is not classified as an adverbial of place.",no,no,no,no
2314308,3705441,9,kujunema,,el,aastapäev,aastapäevast,Justiitsminister Märt Raski sõnul ei kujune põhiseaduse rahvahääletuse aastapäevast iga-aastast lipupäeva .,,time,,no,"The phrase 'aastapäevast' refers to an anniversary event and not a location, so it is not classified as an adverbial of place.",no,no,no,yes
19014992,28696476,12,kahanema,,in,seos,seoses,"Usun , et see erinevus meil kasvab , see ei kahane seoses meie üldise avanemisega .",,,,no,The phrase 'seoses' was classified as 'no' because it describes a relation or connection rather than a physical or locational place.,no,no,no,no
14523673,22967959,9,loobuma,,all,internetipakkuja,internetipakkujatele,Haapsalu linnapea Teet Kallasvee loobus Elioni eelistamisest teistele internetipakkujatele ja lubas alustada läbirääkimisi ka kohaliku teenusepakkujaga .,,,,no,"The phrase 'internetipakkujatele' indicates a group or entity involved in the action, not a location.",no,no,no,no
2163426,3456202,7,sättima,,all,vaene,vaesele,"Reformierakond sätib jõukale , Res Publica vaesele .",,,,no,"The phrase 'vaesele' describes a condition or state, not a physical location.",no,no,no,no
760745,1212325,13,esitama,,in,inimsmugeldamine,inimsmugeldamises,Rootsi politsei pidas Al-Shammari tänavu 13. jaanuaril kinni ning esitas talle süüdistuse inimsmugeldamises .,,,,no,"The phrase 'inimsmugeldamises' refers to the act or subject of human smuggling, not the location, hence it is not adverbial of place.",no,no,no,yes
15141657,23682168,13,ruttama,,all,täitmine,täitmisele,"« Elajalikult tapeti teedeminister Karl Kark , kes kurja aimamata oma ametkohuste täitmisele ruttas , » nendib leht .",,,,no,"The phrase 'täitmisele' refers to the act of fulfilling duties and not a location, therefore it is not adverbial of place.",no,no,no,yes
10897810,17453646,2,täituma,,in,kõla,kõlades,"Lõpuvile kõlades , kanadalaste võiduseisul 2 : 1 , täitus hokiväljak nagu nõiaväel kanada meeskonna juhtidest ning fotograafidest .",,,,no,"The phrase 'kõlades' describes timing related to the sound of the final whistle, not a specific place, so it is not adverbial of place.",no,no,no,no
4093132,6587746,12,sattuma,,all,aastapäev,aastapäevale,""" 1987. aastal plahvatas supernoova , see sattus täpselt Nõukogude armee aastapäevale , millest tol ajal Moskvas lugu peeti , "" meenutab Ergma .",,time,,no,It was classified as 'no' because 'aastapäevale' refers to a specific day or event rather than a location.,no,no,no,yes
1027206,1633914,2,juhtuma,,el,kord,kordadest,"Enamikul kordadest on tööõnnetused juhtunud töökohal , teel tööle on tänavu saanud vigastada 37 inimest ning surma pole saanud keegi , ütles tööinspektsiooni osakonnajuhataja Heino Rohtmets BNS-ile .",,,,no,"It was classified as 'no' because 'kordadest' refers to instances or occurrences, not a place.",no,no,no,no
4674030,7510518,13,alistuma,,all,kogusumma,kogusummale,"Ta ponnistas visalt vastutuult murdes , alistus ajaga 2.10 , 35 naiskonna senise liidri kogusummale napilt , kuid tõusis kolmandale kohale .",,,,no,"It was classified as 'no' because 'kogusummale' refers to the total amount, not a location.",no,no,no,no
19838655,29308109,6,lõpetama,,all,exo,exole,Esta: ehk lõpetaks korrutamise exole :),,,,no,"The word 'exole' does not convey information about a location, so it is not an adverbial of place.",no,no,no,no
3077815,4940505,19,nägema,välja,in,relv,relvis,"Arre Illenzeer oli sõdur , keda nähes peaks vaenlase põlved värisema hakkama - tõsise olemisega mehemürakas , kes relvis nägi välja tõeliselt hirmuäratav .",,,,no,"The phrase 'relvis' refers to a state or condition (armed) rather than a location, so it is not an adverbial of place.",no,no,no,no
2690849,4316457,11,murdma,,in,plusskraad,plusskraadides,"Kuigi nädalavahetuseks lubab sula , loodavad ürituse korraldajad , et plusskraadides ilm taieseid ei murra .",,,,no,"The phrase 'plusskraadides' refers to temperature rather than a physical place, so it is not an adverbial of place.",no,no,no,no
14802263,23281863,2,pääsema,ligi,all,ajakiri,ajakirjadele,"Enamikele ajakirjadele internetis ligi ei pääse - sageli on need kaitstud salasõnaga , mille saab teada siis , kui ajakiri tellida .",,,,no,"The phrase 'ajakirjadele' refers to magazines and not a physical location, so it is not an adverbial of place.",no,no,no,no
5132012,8234092,7,karjuma,,el,paik,paigast,Ju karjus ta lõpujoont ületades häälepaelad paigast .,,location,,no,"The phrase 'paigast' refers to a state or position being changed rather than a specific physical place, so it is not an adverbial of place.",no,no,no,no
2115416,3376673,3,saama,kokku,el,hind,hinnast,"280 000kroonisest hinnast sai Tonkson eri aegadel kätte kokku 85 000 krooni , ülejäänu saamiseks tuli alustada pikka aega kestnud kohtuvaidlust .",,,,no,"The phrase 'hinnast' refers to the price but does not specify a location, so it is not an adverbial of place.",no,no,no,no
2969394,4763137,12,nägema,,all,juhus,juhusele,"Paljud olulised välismaal avaldatud raamatud näevad eesti keeles ilmavalgust ainult tänu juhusele , reeglina üldse mitte .",,,,no,"The phrase 'juhusele' refers to chance and not a physical place, so it is not an adverbial of place.",no,no,no,no
9202750,14791295,22,kandma,,all,esildis,esildisele,"Piret Niglas on viimastel võistlustel edukas olnud , kuid Naganosse sõitjate nimekirja ei kandnud Eesti Olümpiakomitee teda ka vaatamata Eesti Suusaliidu esildisele .",,,,no,"The phrase 'esildisele' refers to a proposal and does not indicate a place, so it is not classified as an adverbial of place.",no,no,no,no
7384581,11853161,7,ajama,,all,tort,tortidele,"Ma tean küll , kes neile tortidele päkad silma ajas , aga me leppisime temaga kokku , et mina lähen tema eest istuma .",,,,no,"The phrase 'tortidele' refers to the cakes, which are objects and not a location, so it is not classified as an adverbial of place.",no,no,no,no
12088481,19351557,16,plaanima,,all,laienemine,laienemisele,"Jeltsin ütles äsja Venemaa armeelehele Krasnaja Zvezda antud intervjuus , et Moskva plaanib vastukaaluks NATO laienemisele "" teha kõik , mis võimalik "" , muu hulgas arendada tihedamat integratsiooni SRÜ naabrite , sh . Hiinaga .",,,,no,"The phrase 'laienemisele' is not an adverbial of place as it indicates an action or process related to expansion, not a location.",no,no,no,no
5848537,9385385,4,määrama,,in,alkoholijoove,alkoholijoobes,Sõiduki juhtimise eest alkoholijoobes määras politsei talle karistuseks 13 500 krooni trahvi .,,state,,no,"The phrase 'alkoholijoobes' is not an adverbial of place as it refers to a state or condition, not a location.",no,no,no,no
7774926,12464657,3,töötama,,ad,ilmutamine,ilmutamisel,Enese mina ilmutamisel töötab ta pimikus .,,,,no,"The phrase 'ilmutamisel' pertains to an activity (developing) and does not indicate a location, so it is not adverbial of place.",no,no,no,yes
3440400,5538696,13,andma,ette,all,pood,poele,Energia kaubanduskeskus Järvel annab oma nõukogudeaegsusega silmad ette nii mõnelegi omalaadsust taotlevale poele .,,,,no,"The phrase 'poele' refers to a target or recipient rather than a location, so it was not classified as an adverbial of place.",no,no,no,no
4832680,7759836,13,võitma,,all,artistlikkus,artistlikkusele,""" Symbiosise "" esitus võitis publiku suure aplausi muidugi ka tänu interpreetide artistlikkusele .",,,,no,"The phrase 'artistlikkusele' refers to the interpreters' artistry (a quality) and does not specify any location, so it is not an adverbial of place.",no,no,no,no
471296,739368,14,õnnestuma,,el,jõukus,jõukusest,Maa ja linna vahe kadumine säärasel hõredalt asustatud maal nagu Soome pole suhtelisest jõukusest hoolimata ilmselt õnnestunud .,,,,no,"The phrase 'jõukusest' refers to a cause or reason (despite relative affluence), not a location, so it is not an adverbial of place.",no,no,no,no
12421830,19889175,6,otsima,,all,1260000.,1 260 000-le,Arnold Õun ehk Jüri otsib 1 260 000-le oma seiklusrikkast elust rääkivale tähemärgile kirjastajat,,,,no,"The phrase '1 260 000-le' refers to a number of characters and not a place, so it is not an adverbial of place.",no,no,no,no
11736037,18781323,10,purunema,,in,kannakõõl,kannakõõlus,Kaks aastat tagasi mängitud EM-võistluste valikturniiril purunes Sloveenias Nelke kannakõõlus .,,,,no,"The phrase 'kannakõõlus' refers to an object (Achilles tendon) and not a location, so it is not an adverbial of place.",no,no,no,no
960319,1530045,13,asuma,,all,lahkumine,lahkumisele,"Kui seda aga ei tulnud , asusid nad oma jüngrite siit ilmast lahkumisele ilmselt ise kaasa aitama .",,,,no,"The phrase 'lahkumisele' refers to the act of leaving rather than a location, so it is not an adverbial of place.",no,no,no,yes
2460940,3945158,16,vähenema,,all,kolmandik,kolmandikule,"Kui varem olid kolm nakatunut neljast mehed , siis nüüd on meeste osakaal vähenenud kahele kolmandikule .",,,,no,"The phrase 'kolmandikule' indicates a fraction or proportion, not a location, so it is not an adverbial of place.",no,no,no,no
519121,817791,12,ennustama,,all,mis,millele,"Moskvas liitus üleeile ekspeaminister Jevgeni Primakovi juhitava valimisblokiga Isamaa-Kogu Venemaa , millele analüütikud ennustavad valimisvõitu , seni kommunistidega koostööd teinud Agraarpartei ja mitu väiksemat rühmitust .",,,,no,"The phrase 'millele' is a relative pronoun referring to an entity, not a location, so it is not an adverbial of place.",no,no,no,no
278624,440447,9,hävitama,,ad,korraldus,korraldusel,Küüditamise tagajärjed olid üldiselt siiski katastroofilised - Moskva korraldusel hävitas Nõukogude armee valdava enamuse tšetšeenide rahvuslikest ja ajaloolistest mälestusmärkidest !,,,,no,"The phrase 'korraldusel' indicates a manner or cause of action rather than a physical location, so it is not an adverbial of place.",no,no,no,yes
12307414,19703248,10,kihutama,,ad,välgukiirus,välgukiirusel,"Seni aga peame elama hirmus , et bussid kihutavad välgukiirusel mööda Tallinna ( ja teisi Eesti linnu ) .",,,,no,"The phrase 'välgukiirusel' describes the speed or manner of movement, not a location, so it is not an adverbial of place.",no,no,no,no
2075378,3311639,2,moodustama,,all,trükis,trükistele,"Kahtlastele trükistele ja filmidele hinnangu andmiseks moodustab kultuuriministeerium komisjoni , mis peab tegema otsused läbivaadatud materjali suhtes 30 päeva jooksul pärast taotluse esitamist maaletooja või levitaja poolt .",,,,no,"The phrase 'trükistele' refers to printed material and not to a location, so it is not an adverbial of place.",no,no,no,no
15300663,23886556,36,pöörduma,,in,tähendus,tähenduses,"Kingo nagu ei teakski , et kõige tähtsam on usk See ei maksa ometi midagi , kui eestlane oma sidet loodusega uuesti uskuma hakkab , tasapisi metsa ja maa poole pöördub tegelikus , mitte ülekantud tähenduses Kirikute ülevalpidamine on palju kallimaks maksma läinud - see on igasuguse pühaduse inimese hingest välja loputanud .",,,,no,"The phrase 'tähenduses' was classified as 'no' because it relates to meaning or context, not to a place.",no,no,no,no
711576,1133029,1,püsima,,in,kokkuvõte,Kokkuvõttes,Kokkuvõttes püsin esimese 15 hulgas .,,,,no,The phrase 'Kokkuvõttes' is not describing a place but is instead an adverbial phrase summarizing or introducing a conclusion.,no,no,no,no
17116051,26303834,15,vahetama,,all,kuju,kujule,"aga pakun , et lased kasutaja sisestuse läbi regulaaravaldise mis vahetab aadressid « HTML kujule » ...",,,,no,"The phrase 'kujule' in the sentence does not indicate a specific place, so it is not classified as an adverbial of place.",no,no,no,no
4999958,8027488,4,tajuma,,in,vahekord,vahekorras,Ma ei tajunud vahekorras olles oma puudeid .,,,,no,"The phrase 'vahekorras' describes a state or condition rather than a location, so it is not classified as an adverbial of place.",no,no,no,no
2910189,4665224,5,jääma,järele,el,oluline,olulisest,Ilma stabiilsuseta jääb muust olulisest - esmalt heaolust - vähe järele .,,,,no,"The phrase 'olulisest' is not classified as an adverbial of place because it refers to importance or significance, not a location.",no,no,no,no
18792455,28388471,37,kajastuma,,in,kokkuostuhind,kokkuostuhindades,"Põllumajandustootjale otseselt need meetmed ( liha ja piimatoodete eraladustamine ja sekkumiskokkuost , kasutustoetused , eksporditoetused , impordimaksud ning -kvoodid jne ) nähtavad ei ole , küll aga kajastuvad need stabiilsemates ning piimasektoris seniharjutuga võrreldes kõrgemates kokkuostuhindades .",,,,no,"The phrase 'kokkuostuhindades' refers to purchase prices and does not indicate a physical location or spatial reference, so it is not adverbial of place.",no,no,no,no
1301542,2068107,15,sattuma,,el,ilm,ilmast,"Ida-Virumaal Jõhvi vallas sel nädalal õide puhkenud sinililled on loodusteadlaste hinnangul samamoodi novembri soojast ilmast segadusse sattunud nagu ülased ja kullerkupud Lõuna-Eestis , kirjutas Postimees .",,,,no,"The phrase 'ilmast' refers to the cause (the warm weather in November) rather than a location, so it is not an adverbial of place.",no,no,no,no
2802566,4493905,9,vähenema,,all,50,50-le,Järgmisest õppeaastast väheneb Kahtla kooli õpilaste arv 62-lt 50-le .,,,,no,"The phrase '50-le' refers to a number (a decrease in the number of students), not a physical location, so it is not an adverbial of place.",no,no,no,no
4403628,7082267,6,kontrollima,,el,lüüasaamine,lüüasaamisest,"NF-LF-il on 117 kohta , lüüasaamisest hoolimata kontrollib Kongressipartei 136 kohta .",,event,,no,'lüüasaamisest' is not an adverbial of place because it specifies the cause or result of an action rather than indicating a location.,no,no,no,yes
15049605,23581171,28,kinnitama,,all,juhend,juhendile,"Autentsussertifikaadid kehtivad üksnes juhul , kui need on nõuetekohaselt täidetud ja kui II lisas esitatud loetelus nimetatud väljaandev asutus on need vastavalt I ja II lisas märgitud juhendile kinnitanud .",,,,no,'juhendile' is not an adverbial of place because it refers to an object of reference rather than a location.,no,no,no,no
1079996,1716894,11,laskma,välja,in,väärtus,väärtuses,Leedu valitsus lasi Leedu ja välisturgudel välja 100 miljoni liti väärtuses riigi võlakirju .,,,,no,'väärtuses' is not an adverbial of place because it specifies the value or worth of something rather than a location.,no,no,no,no
1548420,2463806,8,jääma,,abl,kiirus,kiiruselt,"Äärtelt murti teravalt läbi , türklased jäid kiiruselt Marc Overmarsile ja Dennis Bergkampile alla .",,,,no,"The phrase 'kiiruselt' refers to comparison or quality rather than a place, so it is not classified as adverbial of place.",no,no,no,no
7040021,11309582,12,otsustama,,in,kuru,kurus,"Jalalöökide ebaefektiivsusest oli ta ammugi aru saanud , kitsas ruumis otsustab kurus .",,location,,no,"The phrase 'kurus' does not specify a tangible location but rather an abstract aspect of a situation, so it is not classified as adverbial of place.",no,no,no,no
1890366,3011517,1,pälvima,,el,paar,Paaridest,"Paaridest pälvisid võidu Sarah Abitbol-Stephane Bernadis ( Prantsusmaa ) , järgnesid .",,,,no,"The phrase 'Paaridest' refers to a group or individuals and not a physical location, so it is classified as 'no'.",no,no,no,no
829870,1323637,19,saama,,in,Aldar,Aldaris,"Indias eluks ajaks vangi mõistetud Läti lendurid , kellele India president armu andis , saavad igaüks Läti õllefirmalt Aldaris 1.000 dollarit toetust .",,,LOC,no,"The phrase 'Aldaris' references the name of a Latvian brewery and not a physical place being described spatially in the sentence, so it is not an adverbial of place.",no,no,no,no
4366500,7024072,5,pidama,vastu,in,tempo,tempos,"Põhiline , et samas tempos sügiseni vastu peaksin .",,,,no,"The phrase 'tempos' refers to a pace or speed rather than a physical place, so it is not an adverbial of place.",no,no,no,no
16727178,25736124,17,harjutama,,ad,võimalus,võimalusel,"Muud polegi , lihtsalt proovid niikaua , kuni õnnestub , ütleb lumelaudur , kes harjutab igal võimalusel .",,,,no,"The phrase 'võimalusel' indicates a condition or circumstance rather than a location, so it is not an adverbial of place.",no,no,no,no
2777288,4453957,8,sõitma,,in,arvestus,arvestuses,Saaremaa-Ventspilsi liinil sõitis möödunud nädalal kolme aasta arvestuses rekordarv reisijaid : 1600 inimest .,,,,no,"The phrase 'arvestuses' pertains to calculations or considerations, not a location, so it is not an adverbial of place.",no,no,no,no
1788948,2847657,6,laulma,,in,kõla,kõlades,"Ja nii laulsid tribüünil lõpuvile kõlades mõlema meeskonna poolehoidjad ühiselt : Ole , Ole , Ole , We are the Champs !",,,,no,"The phrase 'kõlades' describes a manner or time of action rather than a location, so it is not an adverbial of place.",no,no,no,yes
3968047,6389841,27,ennustama,,in,küsimus,küsimustes,"Nii USA kui ka Vene ametnikud ei pidanud kokkulepet presidentide Bill Clintoni ja Boriss Jeltsini kahepäevase nõupidamise peateemas kuigivõrd tõenäoliseks , kuid ennustasid siiski edu teistes küsimustes , sealhulgas relvastuskontrolli ja majanduse osas .",,,,no,"The phrase 'küsimustes' describes the topic or matter of discussion rather than indicating a location, so it is not classified as an adverbial of place.",no,no,no,no
7619482,12223752,18,sisaldama,,el,kirjutamine,kirjutamisest,"Minu jaoks on väga oluline , et mu näitus sisaldab ka mu romaani või õigemini simulatsiooni romaani kirjutamisest .",,,,no,"The phrase 'kirjutamisest' refers to the action or process of writing and not a location, so it is not classified as an adverbial of place.",no,no,no,yes
5737823,9202820,20,andma,,adit,kõneaeg,kõneaega,""" Kui klient laeb oma kõnekaardile internetist või kraapekaardiga 49 krooni , siis annab Diil kauba peale 49 minutit kõneaega .",,,,no,"The phrase 'kõneaega' was classified as 'no' because it does not indicate a place but rather refers to 'talk-time', which is an abstract concept.",no,no,no,no
2806124,4500005,6,sõlmima,,in,euro,eurodes,"Kui maksumaksja sõlmib eluasemelaenu lepingu eurodes , siis on ta lepingu järgi kohustatud tegema laenu- ja intressimakseid samuti eurodes .",,,,no,"The phrase 'eurodes' was classified as 'no' because it describes the currency, not a physical location or place.",no,no,no,no
11073338,17737650,1,langema,,adit,amfetamiin,Amfetamiini,"Amfetamiini langenud hind ja sissetulev suur kogus tekitavad Põhjala riikide ametiasutustes muret , et oluliselt võib suureneda ka mõnuainete tarvitajate arv .",,,,no,"The phrase 'Amfetamiini' specifies a substance and not a location, so it is not adverbial of place.",no,no,no,no
6864595,11041174,9,kasvama,,ad,järelmõju,järelmõjul,"· Suurima toormassiga võrsed kasvasid PrGl 2,5 μM järelmõjul , kuid tulemus ei olnud statistiliselt usutav .",,,,no,"The phrase 'järelmõjul' indicates a causal effect rather than a location, so it is not adverbial of place.",no,no,no,no
2198977,3515557,14,kahanema,,in,lõppkokkuvõte,lõppkokkuvõttes,""" Soovime selle üritusega anda inimestele impulsi ka uusi puid istutada , et lõppkokkuvõttes Nõmmel puude arv ei kahaneks , "" lisas ta .",,,,no,"The phrase 'lõppkokkuvõttes' is not an adverbial of place, as it signifies a conclusion or summary, not a physical location.",no,no,no,no
11353858,18190868,5,tootma,,all,kvoot,kvoodile,"Kuveit toodab vastavalt OPECi kvoodile päevas 2 miljonit barrelit naftat ning loodab aastaks 2005 suurendada toodangut 3-3 , 5 miljoni barrelini .",,,,no,"The phrase 'kvoodile' is not an adverbial of place, as it relates to a quota, which is an abstract concept rather than a spatial location.",no,no,no,no
12017884,19234907,20,koguma,,in,käärid,käärides,"Esialgu oli karikates tavaline rahulik kuiv vein , alles 17. ja 18. sajandil tutvustati maailmale veini , mis looduslikult käärides oli kogunud pudelisse kenakese hulga süsihappegaasi .",,,,no,"The phrase 'käärides' is not an adverbial of place, as it describes a process (fermentation), not a location.",no,no,no,yes
9365926,15043205,7,mõjuma,,in,kasinus,kasinuses,Sellepärast mõjuvad Kalju Suure fotod oma kasinuses kuidagi vanamoodsalt uuena .,,,,no,"The phrase 'kasinuses' is not an adverbial of place, as it describes a quality (sparsity), not a spatial location.",no,no,no,no
13681625,21861913,2,tõusma,esile,in,male,males,"Maailma males on tänavu esile tõusnud kaks tippturniiri , mõlemad lõppesid Garri Kasparovi võiduga .",,,,no,"The phrase 'males' refers to the context of chess rather than a physical location, so it is not adverbial of place.",no,no,no,no
4370229,7029799,19,kutsuma,,el,kava,kavast,"Kolm USA endist välisministrit ja viis endist kõrgemat ametiisikut kutsusid Iisraeli peaministrile Netanyahule lähetatud kirjas Iisraeli administratsiooni loobuma kavast laiendada juudi asundusi , teatas ajaleht Haaretz eile .",,,,no,"The phrase 'kavast' refers to an object or plan rather than a location, so it is not adverbial of place.",no,no,no,no
17196065,26399776,27,puhuma,,ad,näitamine,näitamisel,"See on pildiga kaasas olev info , mis peaks ütlema , kui suur üks selle pildi piksel reaalses elus välja näeb ( s . t . monitoril tavaliste pildivaatajatega näitamisel ei puhu see üldse pilli ) .",,,,no,"'näitamisel' is not adverbial of place because it refers to the act of showing or displaying something, not a specific location.",no,no,no,yes
11574143,18534017,19,valama,,all,lõeundi,lõeundile,"Paatos pole siin aga õõnes : kui tippkunstnike Lenini-pilte inspireeris ilmselt peamiselt ühiskondlik tellimus , siis Sarapuu on lõeundile valanud oma ehedad elamused suure revolutsionääriga kohtumisest .",,,,no,The phrase 'lõeundile' is not an adverbial of place because it does not indicate a location or spatial context.,no,no,no,no
17225109,26445418,18,süttima,,ad,kihutamine,kihutamisel,"Fordi meeskonna teatel stardib šotlane Colin McRae järgmisel MM-rallil Sanremos just samal masinal , mis tal Soome kihutamisel põlema süttis .",,,,no,The phrase 'kihutamisel' is not an adverbial of place because it describes the act of speeding rather than a specific location.,no,no,no,yes
9177480,14751347,30,osutuma,,in,matemaatika,matemaatikas,"Üheksale Oscarile kandideeriv Gus Van Santi ( sünd 1952 ) “ Hea Will Hunting ” ( “ Good Will Hunting ” ) on film 20-aastasest noorukist , kes osutub matemaatikas äärmiselt andekaks , ent muus osas on konfliktne , vajab isegi psühhiaatri nõustamist .",,,,no,"The phrase 'matemaatikas' is not an adverbial of place because it refers to the field of mathematics, which is a subject and not a physical location.",no,no,no,no
5019327,8056781,7,suurenema,,all,eurovisioonivõit,eurovisioonivõidule,"Martens kinnitas , et tänu Eesti eurovisioonivõidule on Saksamaa huvi Eesti vastu oluliselt suurenenud .",,,,no,"The phrase 'eurovisioonivõidule' refers to the cause or reason (Estonia's Eurovision victory), not a location, so it was classified as 'no'.",no,no,no,yes
16002482,24880939,4,unustama,,all,päästik,päästikule,"Vahest unustad näpu päästikule , kassett täis .",,,,no,"The phrase 'päästikule' refers to the object (the trigger) towards which the action is directed, not a location, so it was classified as 'no'.",no,no,no,no
1680103,2675716,2,viima,,in,aine,aines,Piibli aines koos hoiatava Jeremija sõnumisega viis tahtmatult mõtted praeguse Venemaa kaosele .,,,,no,"The phrase 'aines' refers to the subject matter of the Bible and not a place, so it was classified as 'no'.",no,no,no,no
157864,262949,8,laienema,,el,külg,küljest,"Talle ei tule pähegi , et ühest küljest laieneks temalegi kriminaalkoodeksi paragrahv , mis räägib vastupanu mahasurumisest .",,,,no,"The phrase 'küljest' refers to an abstract point of view or aspect, not a physical place, so it is not adverbial of place.",no,no,no,no
6399126,10286239,16,mahtuma,,all,näitaja,näitajatele,"Arvuliselt on neid küll paras ports , kuid õnneks mahuvad nad peaaegu kõik tänu mingitele näitajatele paari-kolme lahtrisse .",,,,no,"The phrase 'näitajatele' refers to measurable factors or indicators, not to a specific location, hence it is not an adverbial of place.",no,no,no,no
30905,53021,5,hoidma,,all,kooselu,kooselule,Lisaks kolmteist aastat kestnud kooselule Kadi Pedanikuga ( 38 ) hoiab Vahur Kersna ( 40 ) sooje suhteid ka noorukese ajakirjaniku Liina Lepiku ( 22 ) ning Mustamäe noortekeskuse Kullo direktori asetäitja Helen Veebeliga ( 23 ) .,,state,,no,"The phrase 'kooselule' ('to the cohabitation') does not indicate a location or place, but rather refers to the abstract concept of a cohabitative relationship.",no,no,no,no
845320,1347195,6,ühinema,,in,miinus,miinuses,"Austraalia ühines langejate klubiga olles miinuses 5,68 protsenti .",,,,no,"The phrase 'miinuses' ('in the minus') indicates a financial or quantitative state rather than a location, so it is not adverbial of place.",no,no,no,no
223747,363053,10,moodustama,,all,reegel,reeglitele,"Moodul moodustab ühest tüvevariandist teise vastavalt eesti keele tüvemuutuste reeglitele ( Kuusik , 1996 ) , mis jagunevad mitmesse allgrammatikasse vastavalt tüvemuutuste liikidele ( lõpumuutused , astmemuutused jne ) .",,,,no,"'reeglitele' was classified as 'no' because it indicates the rules governing something, not a place.",no,no,no,no
17356896,26638206,5,kalduma,,all,magus,magusale,Vahepeal kaldub teema märkamatult magusale .,,,,no,"'magusale' was classified as 'no' because it describes a metaphorical or figurative quality, not a physical location.",no,no,no,no
12830335,20523898,6,käima,ära,ad,asi,asjal,Tegelikult käisin just enne starti asjal ära ja palava ilmaga higistasin organismi hullupööra kuivaks . »,,,,no,"'asjal' was classified as 'no' because it refers to an activity or task, not a place.",no,no,no,no
4476143,7197758,1,soovitama,,el,puder,Putrudest,Putrudest soovitab lastearst suure toiteväärtusega kaerahelbe- ja tatraputru .,,,,no,"The phrase 'Putrudest' refers to porridge and does not specify a physical location, hence it is not adverbial of place.",no,no,no,no
11909268,19058508,14,jääma,,adit,flööt,flööti,"Pärast laulsime väljas 23kraadises külmas , Anna-Liis Nahkur mängis viiulit ja Maris Üksti flööti näpud jäid , naks ja naks , kinni nagu « Kevades » ! »",,,,no,"The phrase 'flööti' indicates a musical instrument and not a location, so it is not adverbial of place.",no,no,no,no
2862884,4591106,18,kehtestama,,in,enamus,enamuses,"Müügi lõpetamise ajaks saav kell 23 on Partsi sõnul tulnud sellest , et nii on see kehtestanud enamuses omavalitsustes .",,,,no,"The phrase 'enamuses' indicates a quantitative concept (majority) rather than a location, so it is not adverbial of place.",no,no,no,no
5818387,9335581,26,poseerima,,ad,samm,sammul,"Kuid Euroopas MM-etappidel tiirlevad Stefan Everts , Mickael Pichon , Ben Townley on seal sama masti mehed - jagavad intervjuusid ja poseerivad fännidega fotodel igal sammul .",,,,no,"The phrase 'sammul' refers to the manner of movement and not a specific location, making it not adverbial of place.",no,no,no,no
6879313,11062594,19,kajastuma,,in,kriitika,kriitikas,"418 Taoline eurooplaste suhtumine kajastub ilmekalt ka eesti soost misjonikaupmehe Carl Oscar Emil Thali 1889. aastal kirja pandud kriitikas Sierra Leone elanike 419 aadressil : "" Kõik on oma rahwa kombed ja emakeele kaotanud ja ühiseks sidemeks omale nüüd Inglise keele ja kombe vötnud , mis nende hariduse seisukorra kohta niisama palju ehk wähe kõlbab kui näiteks Pariisi kombed ja keel Räpina e.",,,,no,"The phrase 'kriitikas' refers to criticism as a concept rather than a location, so it is not adverbial of place.",no,no,no,no
1655625,2635125,11,tabama,,el,kõik,kõikidest,Jaan Tõnisson sai sel päeval 70- aastaseks ja hoolimata kõikidest teda tabanud saatuselöökidest oli ta selg ikka sirge ja meel kindel .,,,,no,The phrase 'kõikidest' was classified as 'no' because it does not specify a place but rather refers to an abstract or non-physical concept of all difficulties encountered.,no,no,no,no
8055054,12927756,8,ületama,,in,lehv,lehvides,"Mõnikümmend sekundit hiljem ületas ta pika patsi lehvides 400 m tõkkejooksu finišijoone ja silmanud ajatablood , heitis käed taeva poole - MMvõistluste norm oli alistunud , Eesti rekord 55,94 sündinud peale selle .",,,,no,"The phrase 'lehvides' describes the manner of action (how the hair was moving) rather than a location, so it is not classified as an adverbial of place.",no,no,no,no
18585421,28125779,19,kuulutama,,in,järjekord,järjekorras,"Nii et ma usun siiralt , et kui me praegu võtame need eelnõud ja kuulutame nad seadusteks selles järjekorras , siis sellest ei teki probleeme .",,,,no,"The phrase 'järjekorras' refers to order or sequence, not a location, so it is not an adverbial of place.",no,no,no,no
10988222,17599001,5,laskma,,el,pallivaldamine,pallivaldamisest,"Hoolimata lemmikute kohati täiuslikust pallivaldamisest , lasid ülinõudlikud Reali fännid mõnel puhul Ronaldole vilet .",,,,no,It was classified as 'no' because 'pallivaldamisest' refers to ball control and not a place.,no,no,no,no
3546858,5711355,1,kiitma,,in,tänukõne,Tänukõnes,Tänukõnes kiitis Spielberg omakorda Prantsusmaa võitlust antisemitismi vastu ning avaldas au prantsuse filmilavastajale Francois Truffaut'le .,,,,no,It was classified as 'no' because 'Tänukõnes' refers to a speech and not a place.,no,no,no,yes
12328887,19739607,20,langema,,all,dinaar,dinaarile,"Avis küsib Renault Clio Classicu ööpäevahinnaks esimese soojaga tõesti 135 dinaari , kuid rahulike läbirääkimiste tulemusel langeb hind 70 dinaarile poolteise ööpäeva kohta , sisaldades kindlustuse ja hotelli ette toomise .",,,,no,"It was classified as 'no' because 'dinaarile' refers to currency or price, not a place.",no,no,no,no
16761305,25794603,9,tunnistama,,in,avameelsus,avameelsuses,"Aga mulle jälle meenub , kuidas tase oma avameelsuses tunnistas , et jälgib pidevalt punktiseisu ja pahandas , et keegi olevat talle palju miinuseid jaganud ...",,,,no,"It was classified as 'no' because 'avameelsuses' refers to openness or frankness, not a place.",no,no,no,no
1506519,2397711,5,põrkama,kokku,ad,kinnitus,kinnitusel,"Vene admirali Mihhail Kuznetsoi kinnitusel põrkas "" Kursk "" enne uppumist kokku tõenäoliselt teise allveelaevaga .",,,,no,"The phrase 'kinnitusel' is not an adverbial of place because it conveys the source or basis of the statement, not a location.",no,no,no,no
9870572,15838565,5,püüdma,,el,juhtunu,juhtunust,Vello Muru püüdis siiski juhtunust mingit ülevaadet kujundada .,,event,,no,"The phrase 'juhtunust' is not an adverbial of place because it refers to the event or occurrence, not a specific place.",no,no,no,no
19074471,28781905,14,põhjendama,,in,lõige,lõikes,"“ Millega põhjendate § 6-1 “ Riigimuuseumi direktori ametikoha täitmine ” lõikes 2 antud võimalust , et töölepingu direktoriga sõlmib minister või maavanem ?",,,,no,The phrase 'lõikes' is not classified as an adverbial of place because it does not indicate a location but rather references a subsection or part.,no,no,no,no
3732144,6010661,26,hiilgama,,in,headus,headuses,"Kahe vokalistiga kaasakiskuv ja maitsekas trash metal segatuna cypress-hilliliku räpiga ei lasknud rahval kordagi puhata , mida ei lubanud ka neile järgnenud ja oma tuntud headuses hiilanud Metsatöll .",,,,no,"The phrase 'headuses' is not classified as an adverbial of place because it describes a quality or state, not a location.",no,no,no,no
4042787,6507076,9,paistma,,el,auhind,auhindadest,"Ometi paistab laiem filmiüldsus enam hoolivat Sofia festivali auhindadest , kuigi ka rahalises vääringus on Sofia Grand Prix' 5000 eurot ( 78 000 krooni ) vaid pool Pöffi peaauhinnast .",,,,no,"The phrase 'auhindadest' is not classified as an adverbial of place because it describes a source or reference point, not a place.",no,no,no,yes
3298659,5302984,25,langema,,adit,surm,surma,"Kui aga inimese süda 3-5 minutit seisab , tähendab see , et aju ei saa verd ega hapnikku ja inimene langeb kliinilisse surma .",,,,no,"The phrase 'surma' is not classified as an adverbial of place because it refers to a state or condition, not a location.",no,no,no,yes
6894718,11080681,1,tooma,kaasa,all,piirivalve,Piirivalvele,"Piirivalvele toob referendumitulemus kaasa piirivalvurite arvu vähendamise Eesti-Läti piiril , mille eelduseks on muidugi ka lätlaste poole jah-sõna tuleval nädalavahetusel toimuval referendumil Lätis .",,,,no,The phrase 'Piirivalvele' is classified as 'no' because it refers to the agency (Border Guard) rather than indicating a location or place.,no,no,no,no
7059904,11345157,7,puhkama,,ad,eeskuju,eeskujul,"Tulevane spiiker puhkas Leonardo da Vinci eeskujul viisteist minutit iga kolme tunni tagant , öösel aga istus nagu Stalin üleval ja kirjutas kõnesid .",,,,no,"The phrase 'eeskujul' refers to a manner or standard, not a location, so it is not an adverbial of place.",no,no,no,no
692968,1102291,20,viima,välja,el,veri,verest,"Mereväest ja selle reservist arvati ta aga häbiga välja ning kirjale , mis Oswaldile sellest teatas ja mehe täiesti verest välja viis , oli alla kirjutanud tollane mereväeminister John Connally .",,,,no,"The phrase 'verest' refers to a condition or state, not a location, so it is not an adverbial of place.",no,no,no,no
11270415,18062379,3,saama,,el,3-4,3-4-st,""" Vähemasti 3-4-st neist saab lähitulevikus loodetavasti ka autostja . """,,,,no,"The phrase '3-4-st' refers to a number or part of a group and not a location, so it is not an adverbial of place.",no,no,no,no
10016123,16066938,2,liikuma,,ad,omamine,omamisel,"Diferentsiaaliluku omamisel liiguks auto paigast , sest mõlemad rattad peavad pöörlema .",,,,no,"The phrase 'omamisel' was classified as 'no' because it refers to possession or ownership, not a location or place.",no,no,no,no
9696352,15560299,13,lähenema,,all,30,30-le,"Kork ütles , et hagide arv ebaseaduslikke tehinguid teinud firmade vastu läheneb 30-le .",,,,no,"The phrase '30-le' refers to a numerical figure, not a physical or geographical place, so it is not adverbial of place.",no,no,no,no
18967431,28634003,15,pälvima,,el,suhe,suhetest,"Esimeste võistlustööde autasustamine toimus 1805. a , siis pälvis “ Arstiteaduse ja filosoofia vastastikustest suhetest ” kirjutatud töö eest kuldmedali stud .",,,,no,The phrase 'suhetest' refers to relationships and does not indicate any particular place or location.,no,no,no,no
1284149,2040203,1,olema,kohal,el,Varasem,Varasematest,"Varasematest Tallinna linnapeadest olid kohal Ivi Eenmaa , Harri Lumi , Albert Norak ja Ivar Kallion .",,,,no,The phrase 'Varasematest' refers to 'earlier ones' and does not indicate any specific location or place.,no,no,no,no
2712544,4351062,7,arutama,,all,tööjõud,tööjõule,"Eile õhtupoolikul arutas Karksi volikogu uuele tööjõule sihtasutuse KredEx toetuse abiga munitsipaalüürikorterite soetamist ja selleks omaosaluse garanteerimist , kirjutab Sakala .",,,,no,"The phrase 'tööjõule' indicates a target recipient or beneficiary rather than a place, hence it is not an adverbial of place.",no,no,no,no
17160468,26355957,35,kohtama,,all,hinne,hindele,"Kuna mainitud õpetuse kokkupanek eeldab hea jupp aega PrintScreen/Copy/Paste/Cut/jne tegevust , siis otsustasin minna kergema vastupanu teed ja küsida , et äkitse on keegi sellist , hindele 4+ , tehtud juhendimoodi asja kuskil www-sügavustes kohanud ?",,,,no,"The phrase 'hindele' refers to a grade or score, not a location, so it is not an adverbial of place.",no,no,no,no
12129127,19419399,12,pääsema,,el,arvatu,arvatust,Ülemäära suurtele riskidele Brückner hoolealuseid ei kamandanud nii pääsesid Hellase pojad arvatust palju sagedamini ründama .,,,,no,The phrase 'arvatust' is not adverbial of place because it indicates a comparison rather than a location.,no,no,no,no
4490031,7219924,7,suurenema,,all,määrus,määrusele,Vastavalt 28.detsembril vallavolikogu poolt vastuvõetud määrusele suurenevad Vigala vallas 2007.aastal tervikpaketiks seotud lastetoetused eelkooliealistele lastele .,,,,no,The phrase 'määrusele' is not adverbial of place because it refers to a regulation rather than a location.,no,no,no,no
8644865,13870642,12,olema,vaja,all,arvuti,arvutile,"“ Pole mõtet osta tuhandete kroonide eest ekraanifiltreid , kui seda arvutile vaja ei ole .",,,,no,"The phrase 'arvutile' is not adverbial of place because it indicates the recipient of an action, not a spatial location.",no,no,no,no
15215975,23759592,16,uurima,,el,võimatu,võimatust,"Minu arvamus sinust langes kohe meeletult sest enne kui tuled kedagi valetajaks sõimama ja rääkima võimatust siis uuri ikka materjali ( mind on sõjandus huvitanud kogu elu ) näiteks võiksid vaadata sellisesse kohta   Ma rääkisin täpsest arvust , täpsed luureandmed sul puudusid .",,,,no,"The phrase 'võimatust' is classified as 'no' because it refers to a concept or state rather than a location, so it is not an adverbial of place.",no,no,no,no
2182351,3487445,10,kuuluma,,all,BFE,BFEle,"Samuti sooviti osta nii Uuemõisa kaupluse vara kui ka BFEle kuulunud krunti Sauel , kuid siin jäid pakkumised alghinnast madalamaks .",,,,no,"The phrase 'BFEle' is classified as 'no' because it indicates possession or association and not a location, so it is not an adverbial of place.",no,no,no,no
2867837,4598846,19,müüma,,el,kriitikatulv,kriitikatulvast,"2000. aasta lõpul müüs Tallinna linn president Konstantin Pätsi poolt kirjanikule ja riigimehele August Mälgule kingitud Lagle talu kriitikatulvast hoolimata eraisikule , N-terminali asepeadirektorile Sergei Baraševile , kirjutab Postimees .",,,,no,"The phrase 'kriitikatulvast' is classified as 'no' because it refers to criticism or an abstract concept, not a specific location, so it is not an adverbial of place.",no,no,no,no
5629212,9027036,9,kasvama,,all,69%,69%-le,Venekeelsete töötute elanike arv oli detsembri lõpuks kasvanud 69%-le .,,,,no,"The phrase '69%-le' indicates a percentage, not a physical or abstract place, so it was classified as not adverbial of place ('no').",no,no,no,no
1313285,2086778,7,ootama,,el,kohtumine,kohtumisest,"Eesti valitsusjuhi ja Vene asepeaministri tänasest kohtumisest Peterburis ei oota Eesti läbimurret riikide suhetes , vaid seda võetakse kui Mart Laari ja Valentina Matvijenko isiklikku tutvumist ning töökohtumist .",,event,,no,"The phrase 'kohtumisest' refers to the event of a meeting and not to a location, so it was classified as not adverbial of place ('no').",no,no,no,yes
6363759,10226063,9,langema,,all,"3,17%","3,17% le","Puhas intressimarginaal langes samal ajal 0,05 protsendipunkti võrra 3,17% le .",,,,no,"The phrase '3,17% le' represents a numerical value and not a reference to a place, so it was classified as not adverbial of place ('no').",no,no,no,no
6683181,10752102,18,kiitma,,in,kogusumma,kogusummas,Üldkoosolek kuulas ära ja kiitis heaks ka Madis Grossi esitatud Valgamaa Omavalitsuste Liidu 2006. a aasta eelarve kogusummas 780 276 krooni .,,,,no,"The phrase 'kogusummas' refers to an amount, not a location, so it is not adverbial of place.",no,no,no,no
18853136,28471790,7,kujunema,,el,abi,abist,Ainult sedaviisi lähenedes kujuneb üldpilt meie abist .,,,,no,The phrase 'abist' is not an adverbial of place because it does not indicate a location or spatial context.,no,no,no,no
6122715,9827470,5,tahtma,,abl,stiil,stiililt,Me tahame oma juhtimise stiililt olla ühiskonnas leppimust ja koosmeelt otsivad .,,,,no,"The phrase 'stiililt' is not an adverbial of place because it refers to style or manner, not a physical or spatial location.",no,no,no,no
161297,268407,7,kehtima,,ad,juht,juhul,"( Käesolev analüüs ei kehti muidugi juhul , kui üks poliitiline jõud saavutab Riigikogus 68 häält , mis muudaks presidendivalimise puhtal kujul parteipoliitiliseks . )",,,,no,"The phrase 'juhul' describes a condition or circumstance, not a location, so it is not adverbial of place.",no,no,no,no
473353,742810,18,märkima,,el,aktsia,aktsiatest,Lisaks institutsioonilistele investoritele eraldatud osa raames ostetud 20 000 ja investeerimisfirmale ostetud 25 000 aktsiale märkis Vennamo avalikkusele suunatud aktsiatest 820 ja personalile suunatud aktsiatest 1011.,,,,no,"The phrase 'aktsiatest' indicates a partitive sense rather than specifying a physical location, so it was classified as 'no'.",no,no,no,no
1615417,2571203,16,püsima,,in,ideaalkaal,ideaalkaalus,"Liana Vahtra , kes on maha võtnud 30,7 kilo ja püsib juba mitmendat aastat oma ideaalkaalus , on Kaalujälgijate rühmajuht ja auliige .",,,,no,"The phrase 'ideaalkaalus' indicates a state or condition, not a physical location, so it was classified as 'no'.",no,no,no,no
6316249,10149104,6,vähendama,,all,kuum,kuumale,"Pasta kasutamine vähendab hammaste ülitundlikkust kuumale , külmale , magusale ja hapule .",,,,no,"The phrase 'kuumale' is not classified as an adverbial of place because it describes a sensitivity to a condition (heat), not a location.",no,no,no,no
3160903,5075498,5,püsima,,in,kasum,kasumis,""" Maaleht püsib kindlalt kasumis , tal on hea positsioon Eesti meediaturul , kuid me peame mõtlema ka sellele , mis saab kolme ja viie aasta pärast , "" rääkis Ehasalu , kelle sõnul on vaja rohkem investeerida , et leht areneks ka tulevikus .",,,,no,"The phrase 'kasumis' indicates a financial state or condition, not a physical place.",no,no,no,no
12517482,20036626,10,pikendama,,in,Silve,Silves,Ühispanga juristi Katrin Martinsoni sõnul pikendas pank mitu korda Silves Enterprisei laenu tagastamise tähtaega .,,,PER,no,The phrase 'Silves' refers to an entity or name and does not indicate a physical location.,no,no,no,no
10770320,17252539,4,kuuluma,,all,Hotline,Hotline'ile,Number kuulub Ekspress Hotline'ile .,,,ORG,no,"The phrase 'Hotline'ile' indicates the recipient of ownership, not a physical location.",no,no,no,no
1289522,2048605,3,jääma,alles,el,naitumine,naitumisest,Hoolimata Johni naitumisest Carolyniga jäi Sybil alatiseks J. F. K. südamesse alles .,,,,no,"The phrase 'naitumisest' was classified as 'no' because it refers to an event (marriage), not a location or place.",no,no,no,yes
2361699,3784611,9,levima,,ad,viiendik,viiendikul,"Esialgu levib Express Network'iks või 1XRTT-ks nimetatav võrk viiendikul Verizoni levialast , kaasa arvatud Räniorus , kuid aasta lõpuks peaks 3G-võrk töötama kogu Verizoni levialas üle terve riigi .",,,,no,"'viiendikul' was classified as 'no' because it specifies a proportion or fraction, not a location.",no,no,no,no
2924764,4688787,20,jälgima,,el,vaatajaskond,vaatajaskonnast,"Igal esmas-päeval kell 21.30 nöögivad nad poliitikuid ja kohalikku pressi ühes Eesti telemaastiku giljotiinlikumas saates , mida jälgib 15% vaatajaskonnast . """,,alive,,no,'vaatajaskonnast' was classified as 'no' because it refers to a group of people and not a physical location or place.,no,no,no,no
231124,371339,5,otsima,,all,AIDS,AIDS-ile,"Suurim neist otsib ravimit AIDS-ile , samuti tegeletakse aktsiaturgude ennustamise probleemidega .",,state,,no,'AIDS-ile' was classified as 'no' because it specifies a target (disease) rather than a physical location.,no,no,no,no
4912518,7887778,24,vähendama,,all,10%,10%le,"SIA president George Scalis märkis , et assotsiatsioon prognoosis varem selle aasta müügimahtude suurenemist 22% võrra , kuid on vähendanud nüüd seda näitajat 10%le .",,,,no,'10%le' was classified as 'no' because it denotes a percentage and not a location or place.,no,no,no,no
8823837,14170365,2,võtma,sisse,ad,aeg,ajal,Samal ajal võtsin sisse koha diivanisügavuses ning puurisin pilgu mehe enesekindlasse näkku .,,,,no,"The phrase 'ajal' refers to time rather than place, thus it is not an adverbial of place.",no,no,no,no
9866700,15832415,13,vähenema,,all,50000,50 000-le,"See tähendab , et hädas olevate perede arv on vähenenud umbkaudu 75 000-lt 50 000-le . ”",,,,no,"The phrase '50 000-le' indicates a numerical value and not a location, which is why it is classified as 'no'.",no,no,no,no
13368973,21386928,29,seadma,,all,isikuvabadus,isikuvabadusele,"Kui me peame eetiliselt põhjendatuks ise oma vabadust piirata ja lubame seda teha ka meid ümbritsevatel inimestel , kas siis on ebakõlbeline , kui viimase instantsina seab meie isikuvabadusele piirid Kõigekõrgem ?",,,,no,"The phrase 'isikuvabadusele' refers to an abstract concept of personal freedom, not a specific location, which is why it is classified as 'no'.",no,no,no,no
3124122,5017188,3,lisanduma,,all,hulk,hulgale,"Kui praegusele hulgale lisanduks veel mõned , võiks juba tööle elama jääda .",,,,no,"The phrase 'hulgale' was classified as 'no' because it indicates a recipient or referent of addition rather than describing a location or spatial reference, so it is not adverbial of place.",no,no,no,no
8441629,13529751,24,kuuluma,,el,etapp,etapist,"Hoolimata sellest , et punapõskne austerlane Andreas Goldberger lendas lõpuks MK-võistluste üldvõitjaks , võib seljataha jäänud hooaega pidada meie põhjanaabrite jõudemonstratsiooniks - 28st etapist tervelt üheteistkümnel kuulus võitjaau mõnele soomlasele .",,,,no,It was classified as 'no' because 'etapist' refers to a part of something ('of the stages') rather than a place.,no,no,no,yes
3495194,5628219,6,saatma,,el,koolitustellimus,koo-li-tus-tel-li-mu-sest,Prae-gu saa-dab riik 6% riik-li-kust koo-li-tus-tel-li-mu-sest vä-lis-maa üli-koo-li-des-se .,,,,no,It was classified as 'no' because 'koo-li-tus-tel-li-mu-sest' refers to an educational order rather than a specific place.,no,no,no,no
2660765,4268664,3,ennustama,,all,maksumus,maksumusele,"Praeguse toidukorvi maksumusele ennustab konjunktuuriinstituut lähemal ajal kasvu 0,8 protsenti kuus .",,,,no,"The phrase 'maksumusele' pertains to the cost and not a place, hence it is not adverbial of place.",no,no,no,no
167703,279432,5,lähenema,,all,ideaalne,ideaalsele,"Sealse kataloogi ülesehitus läheneb ideaalsele , otsimootor teeb tööd korralikult ning pealegi on Yahoo !",,,,no,"The phrase 'ideaalsele' refers to an ideal or standard and not a physical place, so it is not adverbial of place.",no,no,no,no
9911746,15900033,8,lähenema,,all,ilustandart,ilustandardile,Minu kritseldatud blondid beibed lähenevad meeste keskmisele ilustandardile .,,,,no,"The phrase 'ilustandardile' refers to a beauty standard and not a location, so it is not adverbial of place.",no,no,no,no
14035803,22346026,3,abielluma,,in,osa,osas,« Esimeses osas printsess Fiona ja sookoll Shrek abielluvad .,,,,no,"The phrase 'osas' refers to a part or section and does not indicate a specific location, so it is not adverbial of place.",no,no,no,no
1565398,2490863,15,tunnistama,,in,juhtum,juhtumis,"Zimbabwe Ülemkohus kinnitas 1999. aastal langetatud kohtuotsust , mis tunnistas Banana süüdi 11 homoseksualismi juhtumis ning oma võimu kasutamises meesalluvatega "" ebaloomulike "" seksuaalaktide sooritamiseks .",,event,,no,"The phrase 'juhtumis' refers to an event or incident and does not specify a place, so it is not adverbial of place.",no,no,no,yes
10249035,16446448,5,purunema,,el,jõud,jõust,Purunes müüt Koonderakonna juhtivast jõust .,,,,no,"The phrase 'jõust' refers to a property or quality (strength) and not a location, so it is not adverbial of place.",no,no,no,no
1830686,2913958,3,tajuma,,in,liit,liitudes,"Aga treeningutega liitudes tajusin juba , et mahun koguni algkoosseisu , "" keris 19aastane Kosemets ootamatut sündmusteahelat .",,,,no,"The phrase 'liitudes' refers to the act of joining and not to a location, so it is not adverbial of place.",no,no,no,yes
2300469,3684292,9,leiduma,,el,teadmatus,teadmatusest,"Bussi taha vangijääjaid aga leidub , mitte ainult teadmatusest , vaid see-tõttu , et mõnes peatuses on bussitasku , järgmises aga mitte .",,state,,no,"The phrase 'teadmatusest' explains the reason (ignorance) and not a location, so it is not adverbial of place.",no,no,no,no
6138231,9852871,9,õnnestuma,,el,kompromiss,kompromissist,Sakslaste ühistööna valminud taskuteatmik on suurepärane näide õnnestunud kompromissist .,,,,no,"The phrase 'kompromissist' refers to the source or origin (compromise) and not a location, so it is not adverbial of place.",no,no,no,no
9677888,15530807,5,jääma,,abl,aktiivsus,aktiivsuselt,Eesti jääb majandussuhete sõlmimise aktiivsuselt kaugele isegi lõunanaabritest Lätist ja Leedust .,,,,no,"The word 'aktiivsuselt' indicates a manner or quality rather than a place, so it is not adverbial of place.",no,no,no,no
1965563,3134552,2,kohtuma,,el,tervisehäire,tervisehäiretest,Hoolimata tervisehäiretest kohtus Jeltsin Moskvasse saabunud Hiina presidendi Jiang Zeminiga .,,state,,no,"The word 'tervisehäiretest' refers to the condition or cause rather than a location, so it is not adverbial of place.",no,no,no,no
13254221,21204564,2,lehvitama,,ad,teade,teatel,"Ajalehe teatel lehvitas Floridast Fort Lauderdale'ist pärit Farris Hassan Miami rahvusvahelises lennujaamas häbelikult ajakirjanikele , kuid keeldus oma reisi kommenteerimast .",,,,no,"The word 'teatel' refers to a mode of information rather than a place, so it is not adverbial of place.",no,no,no,no
18425572,27925564,11,olema,kinni,in,tervis,tervises,"Su senine mehetus ja sellest ka lastetus , pole Su tervises kinni , vaid suhtumises ellu ja teistesse inimestesse .",,,,no,"'tervises' is not adverbial of place because it refers to a state or manner, not a physical location.",no,no,no,no
10340062,16590983,12,tähendama,,all,asi,asjadele,"“ Kui liivlased ära kaoksid , tähendaks see tagasilööki kõigile Läti asjadele , sest läti kultuuri ilma liivi kultuurita ja läti keelt ilma liivi keeleta ei ole võimalik käsitleda , ” ütleb Ernshtreit .",,,,no,'asjadele' is not adverbial of place because it refers to an abstract concept rather than a physical location.,no,no,no,no
8912517,14326838,2,kehtima,,ad,nälgimine,nälgimisel,"Ka nälgimisel kehtivad põhitõed , mida on kasulik teada oma tervise huvides , aga ka seetõttu , et valesti nälgides on hõlpus sattuda kaaskodanike naerualuseks .",,,,no,"'nälgimisel' is not adverbial of place because it indicates a condition or event, not a physical location.",no,no,no,yes
8101978,13000959,2,tunduma,,in,masendushoog,masendushoos,"Kui masendushoos tundub , et tegelikult on su iseloom halb ja tahad end testis natuke paremaks petta , siis olgu öeldud , et nii nagu isiksus on põhijoontes muutumatu , ei õnnestu ka testis ennast täiesti teise inimesena esitleda .",,,,no,The phrase 'masendushoos' refers to a state or condition (being in despair) rather than a physical location or place.,no,no,no,no
729536,1162310,12,pöörduma,,in,sada,sajas,"Usun , et kogemuslikult teate , kas teie poole pöördub iga sajas või iga kümnes narkomaan .",,,,no,The phrase 'sajas' is numerical and does not describe a place or location.,no,no,no,no
10780566,17269292,4,tekitama,,in,annus,annustes,Samas tekitab suurtes annustes paratsetamool ( 40-60 tabletti ) maksa pöördumatu kahjustuse .,,,,no,"The phrase 'annustes' was classified as 'no' because it refers to quantities or measurements, not a place.",no,no,no,no
11978392,19170149,16,unistama,,el,jalutamine,jalutamisest,"Põhja-Tallinna teeb eriliseks see , et siin on ümberringi meri , mõtiskleb Jõgeva ja unistab jalutamisest linnahalli juurest Paljassaare tippu mööda mereranda .",,,,no,"The phrase 'jalutamisest' was classified as 'no' because it refers to the act of walking, not a location.",no,no,no,yes
4992685,8016443,15,ootama,,el,kartus,kartusest,"Paljud komandörid , hõimujuhid ja ka rahva enamus ootavad samuti rahvusvaheliste jõudude saabumist , kartusest , et muidu võib riigis taas puhkeda pealike omavaheline sõdimine , nagu 1990. aastate alguses .",,state,,no,"The phrase 'kartusest' was classified as 'no' because it refers to a feeling of fear, not a place.",no,no,no,no
8916408,14332992,12,jooma,,el,kristallklaas,kristallklaasidest,Otse meie takso kõrval parklas joob esinduslik seltskond valge Volga kapotil kristallklaasidest šampust .,,,,no,"The phrase 'kristallklaasidest' indicates the material of the glasses and not a location, so it is not an adverbial of place.",no,no,no,no
15215374,23758349,7,vallutama,,in,tape,tappes,"« Rufus , sa vallutasid Sinister'i tappes Seventhi kuid sa ei tea , et kui ma siiapoole teel olin kohtasin ma Seventhi rusutud vägesid .",,,,no,"The phrase 'tappes' describes an action and not a location, so it is not an adverbial of place.",no,no,no,yes
3889856,6264851,19,lausuma,,all,ajakirjandus,ajakirjandusele,"Kahjuks peame võõrsil heitlema 11 parema sekka pääsemise eest võitlevate kahe Leedu klubiga , "" lausus Kruminš kodumaisele ajakirjandusele .",,,,no,"The phrase 'ajakirjandusele' indicates the recipient or target audience and not a location, so it is not an adverbial of place.",no,no,no,no
18950694,28614034,3,muutuma,,adit,abort,aborti,Oluliselt muutus aborti teinute perekonnaseis .,,,,no,"The phrase 'aborti' refers to a procedure or action, not a physical location, so it is not adverbial of place.",no,no,no,yes
5798307,9303585,5,panema,,abl,harvanähtava,harvanähtavalt,Tippsõudjad panid Emajõe kaldapealsed harvanähtavalt ja publikurohkelt kihama .,,,,no,"The phrase 'harvanähtavalt' describes the manner of an action, not a physical location, so it is not adverbial of place.",no,no,no,no
17330391,26595659,21,sättima,,all,"13,40","13 , 40-le","Pärast mai lõpus põetud haigust vaid ühe korraliku treeningu teinud Olijars jäi saavutatuga ülimalt rahule : “ Tartus sättisin plaani 13 , 40-le , kuid hooaja jooksul tahan jõuda alla 13 , 20 . ”",,,,no,"The phrase '13 , 40-le' indicates a target time rather than a physical space, so it is not adverbial of place.",no,no,no,no
3361091,5407273,7,seadma,,all,figuur,figuurile,""" Viimane seab ranged nõudmised kandja figuurile .",,,,no,"The phrase 'figuurile' refers to whom the demands are aimed and indicates direction or target, not place, so it is not an adverbial of place.",no,no,no,no
10645049,17060944,10,olema,vaja,el,soojus,soojusest,"“ See omakorda tähendab , et elektrienergia tootmisest tekkivast soojusest on vaja kasulikult lahti saada ning sel juhul ei saa piirduda soojuse müümisega ainult Tallinna , ” lausus Kulakov .",,,,no,"The phrase 'soojusest' refers to the source or agent of the action, not a specific location, so it is not an adverbial of place.",no,no,no,no
20020245,29408671,5,töötama,,ad,ehistus,ehistusel,kats22: ma töötan ehistusel :D,,,,no,"The phrase 'ehistusel' might reference where someone is working, but it does not clearly define an actual physical place, so it is not an adverbial of place.",no,no,no,no
10144129,16274437,15,juhatama,,all,valejälg,valejälgedele,Nende trupi nimi S.P.A. ehk Strateegilise Pulli Algatus juhatab valejälgedele .,,,,no,"The phrase 'valejälgedele' refers to a metaphorical idea of a 'false trail' rather than a physical place, so it is not an adverbial of place.",no,no,no,no
383444,595169,39,otsustama,,in,enamus,enamuses,"Mänkside jaoks on nende oma parlament jõuline rahvuslik sümbol , mis tuletab meelde , et Mani saar elab paljuski iseenda seaduste järgi , seda juhib kohalik valitsus , seal kehtib oma maksusüsteem ning vaid kohalik elanikkond otsustab valdavas enamuses nende maksude kasutamise .",,,,no,"The phrase 'enamuses' indicates a proportion or a majority and does not denote a physical location, so it is not an adverbial of place.",no,no,no,no
15518622,24235920,20,moodustama,,in,kuritegu,kuritegudes,"Tahaks tõsiselt teada kuidas see lollide sotside idee vähendab illegaalsete relvadega kuritegusid , mis moodustavad 99 – 100 % tulirelvadega kuritegudes Eestis ?",,,,no,The phrase 'kuritegudes' refers to crimes or acts rather than a physical place and thus is not an adverbial of place.,no,no,no,no
19093918,28808819,8,põrkama,kokku,ad,rakendamine,rakendamisel,"Idee on põhimõtteliselt õige , aga selle rakendamisel põrkaksime kokku väga suurte raskustega .",,,,no,"The phrase 'rakendamisel' is not classified as an adverbial of place because it refers to the process of implementation, not to a specific location or spatial context.",no,no,no,yes
18180551,27614851,6,kuuluma,,ill,ametiülesanne,ametiülesannetesse,"Vastutab kõigepealt see , kelle ametiülesannetesse kuulub jälgida , et seadust täidetaks .",,,,no,"The phrase 'ametiülesannetesse' is classified as 'no' because it refers to duties or responsibilities, which do not indicate a place.",no,no,no,no
65493,112488,5,alluma,,all,distsipliin,distsipliinile,"Kui juba erakonna liige distsipliinile ei allu , mida siis oodata erakonna satelliitidelt ?",,,,no,The phrase 'distsipliinile' is classified as 'no' because it refers to discipline and not to a physical or conceptual location.,no,no,no,no
17338377,26608152,8,olema,vaja,abl,tuletõrje,tuletõrjelt,"Sauna paigaldamiseks linnakorteri vannituppa pole vaja erilube tuletõrjelt ega tervisekaitseinspektsioonilt , piisab majaühistuga või elamut haldava firmaga kooskõlastamisest .",,,,no,"The phrase 'tuletõrjelt' refers to the source of the permits, not a location, so it is not an adverbial of place.",no,no,no,no
17945610,27330945,16,osutuma,,in,protsess,protsessis,"( 4 ) Tellitud maksumärkide vastuvõtmisest keeldumise või maksumärkide tagastamise korral , välja arvatud maksumärgistamise protsessis rikutuks osutunud maksumärkide puhul , peab tellija , juhul kui nimetatud maksumärke ei ole Tolliameti otsusel võimalik väljastada teisele tellijale ja need hävitatakse Tolliameti poolt , hüvitama Tolliametile maksumärkide trükkimise kulud .",,,,no,"The phrase 'protsessis' refers to the process or method, not a location, so it is not an adverbial of place.",no,no,no,yes
21121367,29933150,9,alistuma,,all,norm,normidele,marco: sa oled nõrk ja alistud ühiskonna normidele,,,,no,"The phrase 'normidele' refers to societal norms, which are conceptual and not physical locations, so it is not an adverbial of place.",no,no,no,no
15015409,23554913,2,valitsema,,ad,konsulteerimine,konsulteerimisel,"Kui konsulteerimisel valitseb vastastikune arusaamine , et olukord nõuab asjaomase liikme või liikmete teatud toote ekspordi piiramist , ei tohi sellise piirangu taset määrata madalamale , kui on asjaomase liikme või liikmete ekspordi või impordi tegelik tase 12-kuulise ajavahemiku vältel , mis lõpeb kaks kuud enne kuud , mil esitati konsultatsioonitaotlus .",,,,no,"The phrase 'konsulteerimisel' refers to the act of consultation, which is an event or context, not a physical location, so it is not an adverbial of place.",no,no,no,yes
11179340,17907878,4,võitma,,all,kavaldamine,kavaldamisele,Siil võitis tänu kavaldamisele koos oma naisega .,,,,no,"The phrase 'kavaldamisele' refers to the means or method and not a location, so it is not an adverbial of place.",no,no,no,no
15386437,24034072,16,püsima,,in,jäikus,jäikuses,"Äärmuslik usklikkus kui ka ateism on kui nöörijupi kaks otsa , milledest kinnihoidmine püsib oma jäikuses , mille vahele jääb liikumine ja voolavus - inimlikkus koos eksimuste , andestuse ja armastusega .",,,,no,"The phrase 'jäikuses' refers to a state or condition rather than a location, so it is not an adverbial of place.",no,no,no,no
7915322,12678017,3,seisma,,el,männilaud,männilaudadest,"Heledal peitsimata männilaudadest riiulil seisis terve hulk isesuguseid puujuurtest ja okstest "" skulptuure "" : rõngasse tõmbunud madu , pea püsti , mürgikeel suust väljas ; hüppehoos konn ; ühel jalal seisev , end nokitsev kurg ja veel mitu-mitu omapärast vigurit , millele ma kohe ei osanud nime anda .",,,,no,"The phrase 'männilaudadest' indicates the material the shelves were made of rather than a location, thus it is not an adverbial of place.",no,no,no,no
8601333,13789663,14,juhatama,,all,kann,kannule,"Kuid samas peletas ta kahtluse kõrvale – kui vana semu oleks talle nuhid kannule juhatanud , poleks ta siin .",,,,no,"The phrase 'kannule' indicates pursuit or following someone, and not a specific location, so it is not an adverbial of place.",no,no,no,no
7846208,12572599,1,alistuma,,all,mõlema,Mõlemale,"Mõlemale alistus Eesti Kergejõustikuliidu poolt kehtestatud sise-EMi osavõtunorm ( 7,60 ) .",,,,no,"The phrase 'Mõlemale' refers to 'to both', which points to people or things rather than a location, so it is not an adverbial of place.",no,no,no,no
6274885,10080992,4,käima,,el,eelnõu,eelnõust,"Täpsemalt käis jutt eelnõust , mis keelaks reklaamid , kus alasti naisekeha ja -hääl kutsub erootikatelefonile helistama .",,,,no,"The phrase 'eelnõust' refers to 'the draft' and provides additional clarification or context rather than specifying a location, so it was classified as 'no'.",no,no,no,no
5163200,8283491,6,seisma,,el,ilm,ilmast,"Avamispäeval seisid külmast ja tuulisest ilmast hoolimata Pirital , Eesti Näituste paviljonide uste taga tuhanded ehitushuvilised külastajad .",,,,no,The phrase 'ilmast' is not an adverbial of place because it refers to weather conditions rather than specifying a location.,no,no,no,no
138292,230927,12,suurendama,,all,protsent,protsendile,"Skandinaavia NetCom AB suurendas oma osalust Q-GSM-i operaatorfirmas Ritabell AS 94,8 protsendile ja TELE2-s 19 protsendile .",,,,no,"The word 'protsendile' refers to a numerical percentage rather than a location, so it is not an adverbial of place.",no,no,no,no
3105615,4987052,17,tasuma,,all,maksegraafik,maksegraafikule,"Vee-ettevõtte esitatud kohtuhagi BREM-i vastu on peatatud , kuni BREM tasub võlgnevuse vastavalt täna allkirjastatud notariaalsele maksegraafikule .",,,,no,"The word 'maksegraafikule' refers to a payment schedule rather than a location, so it is not an adverbial of place.",no,no,no,no
12057675,19301024,3,kippuma,,all,lugu,loole,Angers'i koletule loole kipub aga pisut kahtlusevarju heitma mullune pedofiiliaprotsess Põhja-Prantsusmaal .,,,,no,"The phrase 'loole' refers to a subject or topic, not a physical place.",no,no,no,no
17743948,27097207,16,nihkuma,,all,nihkumine,nihkumisele,"Kui oled teatud aastal sündinud , siis sinu pensioniiga kuue kuu võrra nihkub vastavalt sünniaasta nihkumisele .",,,,no,"The phrase 'nihkumisele' refers to a shift or movement, not a place.",no,no,no,no
11999356,19205131,3,alustama,,el,ehitusraha,ehitusrahadest,Kui suurtest ehitusrahadest algatustoimkond üldse alustas ?,,,,no,"The phrase 'ehitusrahadest' refers to a source of funds, not a location.",no,no,no,no
789614,1259218,2,põlema,maha,ad,tänav,tänaval,"Keemikute tänaval põles maha kahekorruseline puidust abihoone , kus kojamehed oma tööriistu hoidsid .",,location,,no,The phrase 'tänaval' is not adverbial of place because it specifies the street where the action occurred but does not detail the specific location of an action in a spatial sense.,no,no,no,no
1422447,2263183,12,vajama,,abl,liikumine,liikumiselt,"Tšetšeenia ei vaja mitte nii palju tunnustust mõnelt tema enda sarnaselt liikumiselt , vaid tunnustatud riigilt , sõnas Ahmadov .",,,,no,The phrase 'liikumiselt' is not adverbial of place because it refers to a movement or entity and not a physical location.,no,no,no,no
14717138,23186661,5,keelduma,,in,vorm,vormis,"Nimelt keeldus Jašin Ottawa vormis jääle uisutamast , sest leidis , et ei saa väärilist töötasu .",,,,no,The phrase 'vormis' is not adverbial of place because it describes a state or condition rather than indicating a specific location.,no,no,no,no
1513736,2408611,1,ühinema,,in,ümberkujundamisjärk,Ümberkujundamisjärgus,Ümberkujundamisjärgus AS-i Ühinenud Meiereide aktsionärid kutsusid 19. veebruaril valitud nõukogu täies koosseisus tagasi ja valisid ettevõttele uue seitsmeliikmelise nõukogu .,,,,no,"Classified as 'no' because 'Ümberkujundamisjärgus' refers to a state or condition, not a place.",no,no,no,no
10668546,17096462,6,jooksma,,el,tähendus,tähendusest,"Ideaalid olid kadunud , traditsioonid tähendusest tühjaks jooksnud .",,,,no,"Classified as 'no' because 'tähendusest' refers to an abstract concept, not a location.",no,no,no,no
8821428,14166195,5,taganema,,in,niheta,nihetades,( Pelagopulos taganeb õlgu nihetades . ) “ Kujuta ette : sa ajad niidi nõela taha ja pistad nõela nööbiauku . . . ”,,,,no,"Classified as 'no' because 'nihetades' refers to a manner of action, not a place.",no,no,no,no
4016370,6465183,18,saatma,,in,hingepiin,hingepiinades,"Seetõttu Jan Kausi romaan "" Tema "" ei üllata , sest juba lugema asudes võib aimata - hingepiinades end pagendusse saatnud edukas reklaamiguru Sten Laam on ahastuses naise pärast .",,state,,no,"Classified as 'no' because 'hingepiinades' describes an emotional state, not a physical location.",no,no,no,no
12961211,20735329,2,soovitama,,el,müüdav,müüdavaist,Meil müüdavaist soovitab Kuning Philadelphiat ja Vigalas toodetud Mascarponet .,,,,no,The phrase 'müüdavaist' refers to items being sold and does not describe a physical location.,no,no,no,no
9308335,14952926,2,pakkuma,välja,in,häda,hädas,Viimases hädas on Niguliste töötajad ka oma lahenduse välja pakkunud : asutada Eesti Kunstimuuseumi juurde vastav sihtasutus .,,,,no,'hädas' indicates a state of distress or difficulty and does not specify a place.,no,no,no,no
6535673,10513400,11,pääsema,ligi,all,teenus,teenustele,Uuriti ka kultuuri kättesaadavust : kas inimesed pääsevad eri kultuurivaldkonna teenustele ligi ja kas see on ka taskukohane .,,,,no,"'teenustele' refers to accessing services, which is abstract and not a physical place.",no,no,no,no
6165736,9898277,14,lükkama,,all,kooma,koomale,""" Jah , suvel on ilus , "" lükkab Laia tänava kojamees lume-lehesodi koomale .",,,,no,"'koomale' means pushing or gathering things closer together, which describes movement but not a place.",no,no,no,no
3567323,5744622,3,kandma,,all,iga,eale,"Vaatamata auväärsele eale kannab proua kohtumisel elegantset musta kostüümi , uhket sulgedega kübarat , ja nii kõrgete kontsadega kingi , et pool sajandit noorematelgi naistel hirm hakkab .",,,,no,"The phrase 'eale' pertains to age, which is a temporal or qualitative reference, not a location, so it is not an adverbial of place.",no,no,no,no
3211262,5158176,11,ütlema,,el,erimeelsus,erimeelsustest,"Shriver ütles ka , et hoolimata tema ning Arnoldi poliitilistest erimeelsustest - naine on demokraat , mees vabariiklane - on ende abielu tugev ja kirglik .",,,,no,"The phrase 'erimeelsustest' refers to differences of opinion and does not indicate a place, so it is not an adverbial of place.",no,no,no,no
3793812,6110690,2,lootma,,el,liitumine,liitumisest,Hongkongi liitumisest loodab Peking oma majandusele olulist tuge .,,,,no,"The phrase 'liitumisest' pertains to the act of merging or integrating and does not specify a location, so it is not an adverbial of place.",no,no,no,yes
988140,1573931,5,panema,,abl,sattunu,sattunult,Eesti maadleja pani kaotusseisu sattunult prantslase Ghani Yalouzi ühe võttega puhtalt õlgadele .,,alive,,no,"The phrase 'sattunult' refers to a state or condition and does not indicate a place, so it is not an adverbial of place.",no,no,no,no
8564414,13727392,8,valitsema,,ad,määratlemine,määratlemisel,Täielik segadus valitseb AS SIA aktsionäride ringi määratlemisel .,,,,no,"The phrase 'määratlemisel' pertains to the process of determining and does not indicate a location, so it is not adverbial of place.",no,no,no,yes
18170022,27600006,11,seadma,,all,2%,2%-le,"Nagu teada , valitsuskoalitsioon on seadnud eesmärgiks riigikaitse kulutuste tõstmise 2%-le rahvuslikust koguproduktist .",,,,no,The phrase '2%-le' refers to a proportion and not to a location or place.,no,no,no,no
2648143,4249266,10,mõistma,,in,kaotamine,kaotamises,"Riigikohus mõistis Hansoni eelmise aasta novembris osaliselt õigeks riigisaladuse kaotamises , kuid jättis talle määratud karistuse ehk rahatrahvi 97 500 krooni alles .",,,,no,"The phrase 'kaotamises' refers to an action or process, not a location.",no,no,no,yes
12159161,19468953,4,pääsema,,el,ekstsess,ekstsessidest,"Maire on sellistest ekstsessidest pääsenud , kuigi käib tellimise peale ärasaatjaks igal pool Eestis .",,,,no,"The phrase 'ekstsessidest' refers to events or incidents, not a location.",no,no,no,no
939363,1495766,9,juhtuma,,ad,ettelugemine,ettelugemisel,"Urve Koni mäletab ainsat juhust , kus kirjanditeema ettelugemisel viga juhtus .",,,,no,"The phrase 'ettelugemisel' refers to the act of reading out, not a specific place, so it was classified as 'no'.",no,no,no,yes
2990487,4796807,24,maalima,,el,tehnoloogia,tehnoloogiast,"Paraku kontrollivad rahvusvahelised suurfirmad GM-maisi tootmisketti , neil on suur poliitiline mõjujõud ning nad korraldavad ajakirjanikele näidisreise , mille põhjal nood lugejatele uuest tehnoloogiast ühekülgseid klantspilte maalivad .",,,,no,"The phrase 'tehnoloogiast' refers to technology, which is a subject or topic rather than a place, so it was classified as 'no'.",no,no,no,no
4666071,7497645,6,unustama,,in,hajameelsus,hajameelsuses,""" Ei , ta unustas hajameelsuses veekraani lahti keerata ! """,,,,no,"'hajameelsuses' was classified as 'no' because it describes a state or condition, not a location.",no,no,no,no
12116926,19399073,2,kujunema,,el,MM-valikmäng,MM-valikmängust,Ülehomsest MM-valikmängust kujuneb Kubani jõe äärses tööstuslinnas kahtluseta suursündmus .,,,,no,"The phrase 'MM-valikmängust' refers to the event or subject rather than specifying a location, so it is not an adverbial of place.",no,no,no,yes
7808818,12518401,11,hindama,,in,kantri,kantris,Kuid seksikuse-jõud pole minu jaoks lahendanud küsimusi : mida kantri-spetsialistid kantris hindavad ?,,,,no,"The phrase 'kantris' indicates a domain or genre (country music) rather than a physical location, so it is not an adverbial of place.",no,no,no,no
1139347,1810175,9,tundma,,abl,saanu,saanult,"Ivari sõnul tunneb ta end taas kord isaks saanult väga hästi , kuid teismoodi kui kahel eelmisel korral .",,alive,,no,"The phrase 'saanult' relates to a state or condition rather than a place, so it is not an adverbial of place.",no,no,no,no
1125779,1790410,10,leppima,kokku,in,andmine,andmises,Eesti ja Venemaa on kokku leppinud 4000 tasuta viisa andmises piirialade elanikele .,,,,no,"The phrase 'andmises' indicates an action or event and does not specify a location, so it is not an adverbial of place.",no,no,no,yes
11410901,18286241,9,loobuma,,in,tülitamishirm,tülitamishirmus,"Hallaste kinnitas , et kui pooled külastajad televisioonigruppide tülitamishirmus järgneva kolme kuu jooksul hotelli broneeringutest loobuvad , toob see Viikingile vähemalt 3 , 5 miljonit krooni kahju .",,,,no,"The phrase 'tülitamishirmus' expresses a condition or reason rather than a location, so it is not an adverbial of place.",no,no,no,no
2360820,3783233,16,püsima,,ad,heategevus,heategevusel,"Raudsepa sõnul on vähki haigestumine riigi probleem , kuid senine vähivastane võitlus on püsinud peamiselt heategevusel .",,,,no,"The phrase 'heategevusel' indicates a concept or manner rather than specifying a physical place, so it is not adverbial of place.",no,no,no,no
7280981,11702374,10,nägema,ette,in,expressi,expressis,"Obligatoorne on kohalik rahvahääletus juhul , kui seadus näeb expressis verbis ette , et kohaliku omavalitsuse organ peab korraldama rahvahääletuse teatud valdkonna küsimuse esinemisel 533.",,,,no,"The phrase 'expressis' was classified as 'no' because it is not indicating a location or place, but rather a mode or manner.",no,no,no,no
3917610,6310079,3,loobuma,,all,protest,protestidele,"Vaatamata arvukatele protestidele ei loobunud põllumajandus- ministeerium plaanist tõsta õlle puhul alkohoolse joogi piir praeguselt 0,5 protsendilt 1,2 mahuprotsendi juurde .",,,,no,"The phrase 'protestidele' was classified as 'no' because it refers to protests, which do not denote a specific location or place.",no,no,no,no
421041,656179,2,kestma,,ad,juht,juhul,"Antud juhul kestab keeld kindlustusseltsi Polaris-Elu pankrotimenetluse lõpuni , mis võib kesta aastaid .",,,,no,"The word 'juhul' refers to a conditional circumstance rather than a location, so it is not an adverbial of place.",no,no,no,no
67295,115717,10,viima,,all,aktiivsus,aktiivsusele,Hõõrdumisel tekkiv soojus sulatab kivimeid ja viibki lõpuks vulkaanilisele aktiivsusele .,,,,no,"The word 'aktiivsusele' refers to the state of activity rather than a location, so it is not an adverbial of place.",no,no,no,no
18458134,27962767,31,planeerima,,all,tööpäev,tööpäevadele,"Alljärgnevat lugedes jääb mulje , et kursuste planeerijad küll teavad , et maikuu ja juuni esimene pool on koolis väga « kiired » , aga ometigi planeerivad kursused üldiselt ikka tööpäevadele .",,time,,no,"The phrase 'tööpäevadele' refers to the time during which courses are planned, not a physical location, so it is not an adverbial of place.",no,no,no,no
15027170,23566223,25,vastutama,,ad,eesmärk,eesmärgil,"- teise liikmesriigi laevad või lennukid - vastandina “ siseriiklikule ” laevale või lennukile on need teatava liikmesriigi laevad või lennukid , mille kaubanduslikul eesmärgil eest vastutab teise liikmesriigi füüsiline või juriidiline isik .",,,,no,"The phrase 'eesmärgil' indicates purpose or reason, not place, hence it is not classified as an adverbial of place.",no,no,no,no
3645480,5870895,16,valmima,,el,väärtus,väärtusest,""" Meedias kohtab vihjeid , et eestlased on raha taga ajades valmis isegi nii pühast väärtusest kui perekond lahti ütlema , "" naeris Indrek .",,,,no,"The phrase 'väärtusest' refers to a value or concept, not a physical location, so it is not classified as an adverbial of place.",no,no,no,no
6037725,9689772,2,hoidma,,all,raskus,raskustele,Mõningatele raskustele vaatamata hoidis CSKA eduseisu kindlalt .,,,,no,The phrase 'raskustele' was not classified as adverbial of place because it refers to difficulties and does not denote a location.,no,no,no,no
2610400,4188521,2,kinnitama,,el,kahtlus,kahtlustest,"Hoolimata kahtlustest kinnitas abilinnapea Toivo Ninnas varemete eksponeerimisega nõustudes , et ka vundamendi kohal tuleb tee neljarealine .",,,,no,The phrase 'kahtlustest' was not classified as adverbial of place because it refers to doubts and does not specify a place.,no,no,no,no
10017647,16069510,10,ajama,,el,keskmine,keskmisest,"Toompeal , Kadriorus ja muudes riigilossides ajavad meie asju keskmisest enamasti jõukamad inimesed .",,,,no,"The phrase 'keskmisest' was not classified as adverbial of place because it implies comparison, not location.",no,no,no,no
452852,709148,16,mõistma,,in,laimamine,laimamises,Tallinna linnakohus mõistis eile maksuameti peadirektori Aivar Sõerdi õigeks AS-i Audest juhataja Pjotr Kisseljovi avalikus laimamises .,,,,no,"The phrase 'laimamises' refers to the action of defamation and does not indicate a location, so it was classified as 'no'.",no,no,no,no
7437317,11941396,21,andma,ette,all,klaverimuusika,klaverimuusikale,"Töötlus Lennoni “ Imagine'ist ” , mida miskipärast pidevalt biitlikomplekti surutakse , andis silmad ette  Richard Claydermani  “ ühehäälsele kergele klaverimuusikale ” .",,,,no,The phrase 'klaverimuusikale' is not an adverbial of place because it refers to the type of music rather than a location.,no,no,no,no
3227287,5184724,1,jääma,ära,el,hirm,Hirmust,Hirmust põrnikate ees jääb USA idaranniku 15 osariigi paljudes maakondades ära enamik selle kuu lõpuks kavandatud vabaõhuüritusi .,,,,no,The phrase 'Hirmust' is not an adverbial of place because it denotes a cause or reason (fear) rather than a location.,no,no,no,no
2932255,4700770,13,sisaldama,,el,teemakoht,teemakohast,""" Kui kõnnib mannekeen "" Airi Allvee ja Orumetsa ettekandes sisaldas juba teemakohast kerget koketti ja pilkudepildumist .",,,,no,"The phrase 'teemakohast' describes a characteristic or quality and does not indicate a location, so it was not classified as an adverbial of place.",no,no,no,no
12908199,20647711,9,pidama,,abl,näitlemisoskus,näitlemisoskuselt,"Tein annab mõista , et ei pea end näitlemisoskuselt Aivar Kuusmaast kõvemaks meheks , kuid nõustub , et nii tema kui Kriisa pole paipoisid .",,,,no,"The phrase 'näitlemisoskuselt' refers to acting skills and compares them; it is not related to place, so it is not an adverbial of place.",no,no,no,no
2867945,4599031,5,langema,,abl,21%,21%-lt,Sealhulgas Lääne-Euroopa osa langeb 21%-lt kõigest 5%-ni .,,,,no,The phrase '21%-lt' was classified as 'no' because it refers to a proportion and not a physical location or place.,no,no,no,no
12750725,20396441,9,kaaluma,,all,sealiha,sealihale,"Nüüd , kui Läti parlament kaalub Eestist tulevale sealihale sisseveokvootide kehtestamist , on sellest tehtud riikidevaheline tüli , kus noodiga on reageerinud Eesti välisministeerium ja asja arutati peaministrite kohtumisel .",,,,no,"The phrase 'sealihale' indicates the target or beneficiary of an action (pork) and not a location, hence it is not an adverbial of place.",no,no,no,no
11259903,18044651,4,ajama,,el,miski,millestki,( Ainuüksi mõte millestki nii võikast ajab « Lihtsa elu » piigadel ihukarvad püsti . ),,,,no,"The phrase 'millestki' is not describing a location but rather something abstract, so it is not an adverbial of place.",no,no,no,no
2535832,4068457,7,õnnestuma,,el,kulu,kuludest,Näiteks köögi või vannitoa põhjaliku uuendamise kuludest õnnestus 2001. aastal ajakirja hinnangul tagasi saada u 80 protsenti ja kodukontori lisamisest vaid 50 protsendi ringis .,,,,no,"The phrase 'kuludest' refers to costs, which do not indicate a location, so it is not an adverbial of place.",no,no,no,no
13050997,20882498,4,libisema,,ad,juhtimine,juhtimisel,Sakslase Dirk Nowitzki juhtimisel esmakordselt klubi ajaloos finaali jõudnud Dallase mängijad võisid vaid käest libisenud võimalust taga nutta .,,,,no,"The phrase 'juhtimisel' refers to an action or guidance, not a location, so it is not an adverbial of place.",no,no,no,no
5458709,8751861,12,suurenema,,all,hinnatase,hinnatasemele,"Kõige positiivsema stsenaariumi korral suureneks reisijate arv küll tänu aktsiisikaupade madalale hinnatasemele Eestis ja veopiirangute olulisele vähenemisele kümne protsendi võrra , kuid keskmine piletihind tõuseks Hansatee laevadel 150 kroonilt 200 krooni tasemele .",,,,no,"The phrase 'hinnatasemele' relates to a level or condition (price level in Estonia) rather than indicating a place, so it is classified as 'no'.",no,no,no,no
16686883,25675547,26,laskma,,el,häbi,häbist,"Poeg häbenes isa , pojapoeg ei teadnudki vanaisast midagi , lõpetas Oxfordi ja kui juhuslikult teada sai , kes ta vanaisa oli , siis suurest häbist laskis endale kuuli pähe .",,,,no,"The phrase 'häbist' refers to a state or feeling (shame) rather than location, so it is classified as 'no'.",no,no,no,no
9641310,15471889,25,tõmbama,,all,lahendamine,lahendamisele,"Kui ta midagi veel rohkemat teha tahaks , peaks ta hakkama kas diktaatoriks või nõrgal juhtumil poliitiliseks publitsistiks , kes tõmbab oma riigi probleemide lahendamisele välisriikide tähelepanu .",,,,no,The phrase 'lahendamisele' refers to a goal or target and does not indicate a place.,no,no,no,no
3441850,5540996,7,tõusma,,adit,Citroen,Citroeni,Tootjate arvestuses tõusis Ford 22 punktiga Citroeni ( 24 ) järel teiseks .,,,,no,"The phrase 'Citroeni' refers to a competing entity and not a physical location, so it is not adverbial of place.",no,no,no,no
8308251,13317327,2,võtma,,all,ehitustöö,ehitustööle,Tänu ehitustööle on jõmmirahvas omaks võtnud võõrsõna “ objekt ” .,,,,no,The phrase 'ehitustööle' refers to the cause or reason (owing to the construction work) rather than indicating a location or place.,no,no,no,yes
19149613,28886643,11,tooma,kaasa,all,sotsiaalkindlustusskeem,sotsiaalkindlustusskeemidele,"Nii et tegemist on sellise liitumisega , mis lisakulusid meie sotsiaalkindlustusskeemidele kaasa ei too , aga võimaldab nendel inimestel , keda elu on viinud elama teistesse lepinguosalistesse riikidesse , saada sotsiaalkindlustust võrdselt selle riigi kodanikega .",,,,no,"The phrase 'sotsiaalkindlustusskeemidele' refers to the beneficiaries or recipients (social insurance schemes), not a place.",no,no,no,no
12416898,19880973,6,haarama,,el,kuulumine,kuulumisest,Film haarab ajalooperioodi alates Eesti kuulumisest Rootsi kuningriigi koosseisu 17. sajandil ning jõuab läbi maailmasõdade ja Nõukogude okupatsiooni Eesti taasiseseisvumiseni .,,,,no,The phrase 'kuulumisest' refers to a state of being or belonging (membership) rather than a specific location or place.,no,no,no,no
12318221,19721996,4,harrastama,,ad,teine,teisel,"Kepikõndi harrastas ta teisel pool metsatukas elava naabrinaisega juba siis , kui see ala veel moes polnud .",,,,no,"The phrase 'teisel' does not describe a specific location but rather an ordinal numeral, so it is not adverbial of place.",no,no,no,no
5671943,9097318,12,saama,kokku,el,muutus,muutustest,""" See on küll nii väike asi , aga igapäevastest tillukestest muutustest saab kokku päris suure . """,,event,,no,"The phrase 'muutustest' refers to changes and not a physical location, so it is not adverbial of place.",no,no,no,no
9731842,15614568,15,kuluma,,el,kerjamine,kerjamisest,"Õhulossiga kaugele ei sõida , liivakindlused ei kaitse keskit , ei kirjanikku ega tema kerjamisest kulunud kingi .",,,,no,"The word 'kerjamisest' is not specifying a location, so it is not classified as an adverbial of place.",no,no,no,no
9086093,14609850,9,jalutama,ringi,ad,nägu,näol,Samal ajal ja nendessamades televisioonimaja ruumides jalutab tähtsal näol ringi ka homofoobidest prominente .,,,,no,"The phrase 'näol' refers to the manner or appearance, not a specific place.",no,no,no,no
2772714,4446452,13,langema,,adit,seis,seisu,Inimesed ei taha seal töötada ja selle tõttu langeb osakond veel viletsamasse seisu .,,,,no,"'Seisu' describes a state or condition, not a location.",no,no,no,no
11300843,18110573,8,sõitma,,all,9.,9le,Turu-Soola ristis sõitis Ikarus 250 otsa Renault 9le .,,,,no,'9le' indicates direction or target but not an adverbial of place.,no,no,no,no
13145514,21033720,13,võitlema,,in,leitsak,leitsakus,"Raske on leida piisavalt tänusõnu meestele , kes vahetusest ja kellaajast sõltumata leitsakus kuumuse ja leekidega võitlevad .",,,,no,The phrase 'leitsakus' was classified as 'no' because it indicates a condition (heat) rather than a physical location.,no,no,no,no
2116664,3378668,22,lõhkuma,,ad,kinnitus,kinnitusel,""" Rainer ei allunud korraldusele korrarikkumine lõpetada , vaid jätkas politseinike solvamist ja jalgadega peksmist , "" ütles Raudjalg , kelle kinnitusel lõhkus poiss vineeri , mis on politseiautos seespool .",,,,no,"The phrase 'kinnitusel' indicates a manner of confirmation or assertion and does not specify a location, so it is not an adverbial of place.",no,no,no,no
825693,1317304,23,liikuma,,ad,kiirus,kiirusel,"Ferrari bossid lubasid enne lepingu sõlmimist , et teda koheldakse Michael Schumacheriga samaväärselt , ent San Marino GPl liikus brasiillase auto teo kiirusel .",,,,no,"The phrase 'kiirusel' refers to the speed of movement and not a physical location, so it is not an adverbial of place.",no,no,no,no
10100056,16203035,16,märkima,,el,toetus,toetusest,"“ Paistis , et Eesti lippe lehvis metsa vahel kõige rohkem , ” märkis publiku toetusest indu ammutanu .",,,,no,"The phrase 'toetusest' refers to support or encouragement, which is not a location, so it is not an adverbial of place.",no,no,no,no
8422483,13499746,12,kuulutama,välja,all,lubadus,lubadustele,"Kreenholmi Valduse ASi peadirektori Meelis Virkebau hinnangul ei kuuluta ametiühingud vaatamata lubadustele Kreenholmi kontsernis välja üldstreiki , vaid halvimal juhul lühiajalise hoiatusstreigi .",,,,no,"The phrase 'lubadustele' refers to a non-spatial concept (promises) and does not describe a place, so it is not an adverbial of place.",no,no,no,no
4115434,6624276,9,põhjendama,,in,prognoos,prognoosides,"Jaanuar 2005 - Leev Kuum põhjendas 6,5 -protsendilist majanduskasvu prognoosides , et eeldused on praegu paremad kui aasta tagasi , mistõttu ta ootab mullusega võrreldes veidi kiiremat majanduskasvu .",,,,no,"The phrase 'prognoosides' indicates the means or manner of doing an action, not the place, so it is not adverbial of place.",no,no,no,no
12328159,19738295,8,käima,üle,el,palve,palvest,Suurriiklik retoorika käib üle ka Ganini ema palvest hoida ta surnud poeg eemal poliitikast .,,,,no,"The phrase 'palvest' was classified as 'no' because it does not indicate a place; it refers to something related to a plea or request, not a physical location.",no,no,no,no
1470828,2340977,5,vähenema,,all,oodatu,oodatule,Ajalehtede reklaamimahud on vastupidiselt oodatule oktoobrikuise seisuga viimase aasta jooksul üle 13 protsendi võrra vähenenud .,,,,no,'oodatule' was classified as 'no' because it indicates a comparison or expectation rather than a location.,no,no,no,no
8521981,13657288,4,paiskuma,välja,ad,plagin,plaginal,Parv paiskus tiibade plaginal torniaknast välja .,,,,no,"'plaginal' was classified as 'no' because it describes the manner in which the action occurred, not a specific place.",no,no,no,no
14314510,22724011,16,võitma,,all,katsetus,katsetustele,Kogu oma 50aastase ajaloo vältel on see jook püsinud kui soomlaste jook ning vaatamata korduvatele katsetustele pole see naaberriikidest kaugemal populaarsust võitnud .,,,,no,"'katsetustele' was classified as 'no' because it refers to attempts or efforts, not to a location.",no,no,no,no
13907067,22177589,3,otsima,,all,grillvorst,grillvorstile,"Kes traditsioonilisele grillvorstile vaheldust otsib , võiks proovida Oskar Lihatööstuse uudistoodet Tootsi Rosinavorsti ( II koht ) .",,,,no,"'grillvorstile' was classified as 'no' because it refers to an object, not a place.",no,no,no,no
10744431,17214203,50,laskma,,el,lemmikmuusika,lemmikmuusikast,"Suvepäevalised pole kade rahvas ning nende laagriplatsilt kostva muusika järgi võib öö läbi tantsu vihtuda mitte ainult platsi ümber olev küla , vaid ka alevik teisel pool lahte ( arusaamatul kombel panevad linnas elavad eestlased tavaliselt muukeelsetele naabritele pahaks , kui need kõlarid aknalauale tõstavad ja kogu mikrorajoonil oma lemmikmuusikast osa lasevad saada ) .",,,,no,"The phrase 'lemmikmuusikast' was classified as 'no' because it pertains to music, which does not indicate a place or location.",no,no,no,no
15273512,23849521,8,kahanema,,in,kamm,kammides,"Esimene vaimustus kahaneb pisut järgnevaid träkke läbi kammides – siitsealt lööb läbi Lake Of Tears , veelgi rohkem aga Clawfinger .",,,,no,The phrase 'kammides' was classified as 'no' because it refers to an action (going through) rather than a location or spatial concept.,no,no,no,no
3747429,6035270,18,tähendama,,adit,koht,kohta,"Veerandfinaalis seljatas ta kahekordse olümpiavõitja Björn Lindi ja lõpetas kolmandana , mis üldjärjestuses tähendas esilagsetel andmetel 15. kohta .",,,,no,"The phrase 'kohta' refers to a position or rank rather than a physical place, so it is not classified as an adverbial of place.",no,no,no,no
1133891,1802804,6,pärinema,,abl,firma,firmalt,Suurem osa kaubamaja delikatessidest pärineb firmalt Merandel .,,,,no,"The phrase 'firmalt' indicates the source or origin of something, not a location, so it is not classified as an adverbial of place.",no,no,no,no
12838317,20535169,5,tekitama,,ad,libisemine,libisemisel,"« See tekitab probleeme libisemisel ma ei saa aru , kas liigun suusa põhjal või suusa kandil .",,,,no,"The phrase 'libisemisel' refers to the manner in which something is happening, not a location, so it is not classified as an adverbial of place.",no,no,no,yes
17236910,26464544,15,tõmbama,,el,ministriamet,ministriametist,"1973. aasta suvi EPA praktikandina Viljandi näidissovhoosis , kus Harald Männik 1970-1975 ministriametist vahepeal direktorina “ hinge tõmbas ” , veenis mind , et ministrihaarde kõrval oli temas vähemalt 70 protsenti Vargamäe Andrest ja 30 protsenti Pearut .",,,,no,"The phrase 'ministriametist' refers to a role or position, not a location, so it is not classified as an adverbial of place.",no,no,no,no
10575052,16950827,2,unistama,,el,Jaguari,Jaguarist,"Unistan Jaguarist , aga kuna elan L . A . getos , siis pole mõtet seda endale soetada .",,,,no,"The phrase 'Jaguarist' refers to a make or type of car and does not indicate a place, so it is not adverbial of place.",no,no,no,no
2463790,3949680,5,lisanduma,,adit,mäng,mängu,Seni väliselt vaoshoitud Randalu mängu oli lisandunud annus artistlikku maneerlikkust - miks ka mitte .,,,,no,"The phrase 'mängu' refers to 'game' or manner of performance and does not denote a location, so it is not adverbial of place.",no,no,no,no
2174471,3474403,28,alistuma,,all,tahe,tahtele,"Ühel pool veel 21-aastane äraolevalt süüdimatu , kogenematu ja vahel koguni lapsikult trotslik Thomas Anders ( 1.03.1963 ) , kes alistus täielikult oma jäigalt enesekeskse naise Nora tahtele .",,,,no,"The phrase 'tahtele' refers to 'will' or desire and does not imply a location, so it is not adverbial of place.",no,no,no,no
727677,1159066,3,toetama,,in,mõõt,mõõdus,Muljet Becketti mõõdus mudelnäidendist toetab noore kunstniku Liina Tepandi pleekinud ja must-valgetes toonides kujundus .,,,,no,"The phrase 'mõõdus' is not an adverbial of place because it describes the measure or size of the 'mudelnäidendist', not a location.",no,no,no,no
10259401,16463468,8,juhtuma,,el,tagaajamine,tagaajamisest,Enamik vöötraja õnnetusigi näib juhtuvat just eesõiguse tagaajamisest .,,,,no,"The phrase 'tagaajamisest' is not an adverbial of place because it refers to the cause or reason for something happening, not a location.",no,no,no,no
6413756,10310944,7,kulgema,,ad,viis,viisil,Asjad kuidagi lihtsalt kulgevad - looduslikul viisil .,,,,no,"The phrase 'viisil' describes the manner in which things progress, not a physical location, so it is not an adverbial of place.",no,no,no,no
16093853,24983352,6,vähenema,,all,poliitika,poliitikale,Hiljem on erakonna toetus Chiraci poliitikale vähenenud ja praegu rivistutakse president Nicolas Sarkozy selja taha .,,,,no,"The phrase 'poliitikale' refers to a target or aim (politics), not a place, so it is not an adverbial of place.",no,no,no,no
5994054,9620131,7,jääma,alla,all,DVD,DVDle,"Kvaliteedilt jääb televiisorist nähtav pilt alla DVDle , kuid on täiesti võrreldav kaabel-TVga .",,,,no,"The phrase 'DVDle' refers to a comparison target (a DVD), not a physical location, so it is not an adverbial of place.",no,no,no,no
11140897,17846544,25,nägema,,all,olümpiavõit,olümpiavõidule,"Göteborgi Euroopa meistrivõistluste medalite jagamist jälgis Värnik eelmisel kolmapäeval kodus diivanilt ning tunnistas , et läks närvi , kui nägi norralast Andreas Thorkildsenit oma olümpiavõidule ka Euroopa meistritiitlit lisamas .",,,,no,"The phrase 'olümpiavõidule' refers to a figurative goal or achievement, not a physical location, so it is not an adverbial of place.",no,no,no,no
1502688,2391576,17,tõusma,,all,kann,kannule,"Võimsalt jooksis taas Stanislav Olijars , kes iga tõkkevahega ettepoole rühkis ning viimasel tõkkel päris Garcia kannule tõusis .",,,,no,"The phrase 'kannule' describes closeness or proximity to someone, but it does not specify a place.",no,no,no,no
14492029,22918748,17,nägema,välja,in,meistrisärk,meistrisärgis,"Asjatundjad arvasid , et Taaramäe ei saanud järgnevatel öödel magada vaid unistas , kuidas ta sini-must-valges meistrisärgis välja näeb .",,,,no,"The phrase 'meistrisärgis' refers to the condition or state of wearing a champion's jersey, not a location or place.",no,no,no,no
3905041,6290029,5,laienema,,all,asutus,asutustele,""" Soodustus ei laiene asutustele ja ettevõtetele , ka kirja saatmisel välismaale ei tee Eesti Post jõulude ajal hinnaalandust , "" märkis Nuu .",,,,no,"The phrase 'asutustele' refers to institutions or entities, not a specific place.",no,no,no,no
14894424,23406823,7,kohama,,ad,mudel,mudelitel,"Ei ütleks , et väga paljudel mudelitel oleks seda omadust kohanud .",,,,no,"The phrase 'mudelitel' refers to the models and not a location, so it is not an adverbial of place.",no,no,no,no
1680865,2677036,14,suurendama,,all,litt,litile,Ukio Pank suurendas möödunud aasta viimasel päeval aktsiakapitali 42 miljonilt litilt 60 miljonile litile .,,,,no,"The phrase 'litile' refers to an amount of currency rather than a location, so it is not an adverbial of place.",no,no,no,no
11061902,17717573,9,peatuma,,ad,areng,arengul,"Leiger peatus valimiskõnes ka informaatika ja infotehnoloogia kiirel arengul : “ Informaatika tungib peale puhta matemaatika arvel , dekaan peab hea seisma selle eest , et mõlemad saaksid areneda ja kellelgi ei keerataks hapnikukraani kinni . ”",,,,no,"The phrase 'arengul' refers to the development of informatics and not a location, so it is not an adverbial of place.",no,no,no,no
3740208,6023340,5,oskama,,in,seisund,seisundis,Ma ei oska praeguses seisundis midagi täpsemalt öelda .,,,,no,"The phrase 'seisundis' (in condition) indicates a state or condition rather than a location, so it is not an adverbial of place.",no,no,no,no
717722,1143452,6,kalduma,,all,langus,langusele,"Ent isegi kui nafta hind langusele kaldub , on kahtlane , et Eesti kütusehinnad aasta alguse tasemele tagasi kukuvad .",,,,no,"The phrase 'langusele' indicates a state or direction (decline) rather than a specific location, so it is not an adverbial of place.",no,no,no,no
13799125,22001068,12,mõistma,,in,kallaletung,kallaletungis,"NHL määras mehele aastase mängukeelu , Vancouveri kohus mõistis ta küll kallaletungis süüdi , kuid reaalset karistust ei määranud .",,event,,no,"The phrase 'kallaletungis' refers to an act or event (assault) rather than a location, so it is not an adverbial of place.",no,no,no,yes
3143203,5046842,12,osalema,,el,film,filmidest,"Lisaks "" Une Instituudile "" osalesid "" Bimini "" festivalil Eesti filmidest veel "" Miriam merehädas "" ( rež Riho Unt ) ja "" Elu maitse "" ( rež Ülo Pikkov ) .",,,,no,The phrase 'filmidest' is not adverbial of place because it indicates a category or group (films) rather than a spatial or physical place.,no,no,no,no
2718212,4360322,30,müüma,,el,prognoositu,prognoositust,""" Jaanuaris turule toodud eriõlu Saku Abbey ületas meie esialgseid müügiprognoose mitmekordselt , väga hästi võeti vastu ka aasta alguses turule toodud Saku Kulla eksklusiivne purk , mida müüsime prognoositust kaks korda rohkem .",,,,no,"The phrase 'prognoositust' is not adverbial of place because it refers to a comparison to a forecast, not to a location in space.",no,no,no,no
4364917,7021679,9,liginema,,all,3000,3000-le,Iseseisvuslaste andmeil ligineb Groznõis hukkunud rahulike elanike arv 3000-le .,,,,no,"The phrase '3000-le' refers to a quantity or number of people and does not indicate a location, so it is not adverbial of place.",no,no,no,no
9345683,15010866,26,selgitama,,el,plaan,plaanist,"“ Mõtlesin algul , et lähen ja kritiseerin Peterburi konsulaadi tööd Eesti välisministeeriumile , ” lõpetab oma loo Margit , kuid selgitab viimast episoodi jutustades plaanist loobumise põhjuse .",,,,no,"The phrase 'plaanist' refers to an idea or plan, which is not a location, so it is not an adverbial of place.",no,no,no,no
13533957,21644895,28,puhkama,,ad,kutse,kutsel,"Nädal enne Miss Hawaiian Tropicu finaali puhkasid Karin Laasmäe ja Raivo Kiisler Michael Jacksoni moeloojana tuntud disaineri Gloria Kimi ja  kung-fu  filmide "" isa "" David Chow kutsel Los Angeleses .",,,,no,"The phrase 'kutsel' indicates the cause or reason for an action, not a place, so it is not an adverbial of place.",no,no,no,no
14869427,23371633,13,kattuma,,el,asi,asjadest,"Mul on omal ka paar tehnika kauplust aga tõepoolest ei kattu nendest asjadest mis lettidel seisab , nende asjdega mis mul kodus või autos on , ükski asi .",,,,no,"The phrase 'asjadest' was classified as 'no' because it does not indicate a location or spatial relationship, which is necessary for an adverbial of place.",no,no,no,no
1240664,1972075,15,kogunema,,all,küsimus,küsimustele,Tema inglise keel on keskmisest parem ning suuresti tänu sellele sai briti piirivalveametnik esitatud küsimustele kogunenud vastustest kokku 22leheküljelise paberipataka .,,,,no,The phrase 'küsimustele' was classified as 'no' because it indicates questions being responded to and does not describe a location or spatial information.,no,no,no,no
2647938,4248951,2,hakkama,,abl,olemus,olemuselt,Oma olemuselt hakkab see sarnanema eelmisel aastal Genfi autonäitusel esitletud Toyota kolmerattalise ideesõidukiga i-swing .,,,,no,"It was classified as 'no' because 'olemuselt' describes an attribute or essence, not a place.",no,no,no,no
4026444,6481071,2,keerlema,,ad,kirjeldus,kirjeldusel,"Kommentaatorite kirjeldusel ei keerle poliitilised vaidlused enam selle ümber , kas olla Venemaa või läänega .",,,,no,"It was classified as 'no' because 'kirjeldusel' indicates a method or description, not a location or place.",no,no,no,no
4669599,7503533,9,teenindama,,in,eelisjärjekord,eelisjärjekorras,""" Vahele võtame ainult kiirabi vajavad patsiendid ning eelisjärjekorras teenindame meil eelnevalt käinud patsiente , "" lisab loomaarst .",,,,no,"The phrase 'eelisjärjekorras' refers to prioritization rather than a location, so it is not an adverbial of place.",no,no,no,no
10834899,17353174,5,täituma,,in,kittel,kitlites,Ohtlik ala täitub valgetes kitlites tegelastega .,,,,no,"The phrase 'kitlites' describes attire and not a location, so it is not an adverbial of place.",no,no,no,no
2877822,4614576,3,kõlama,,el,tühistamine,tühistamisest,Kuulujutud litsentsi tühistamisest ei kõlanud enam sugugi vaid vaiksel sosinal .,,,,no,"The phrase 'tühistamisest' specifies the object of 'litsentsi' and describes the subject matter of the rumors rather than indicating a location, so it is not adverbial of place.",no,no,no,no
10131539,16254827,9,osalema,,in,Piazzolla-plaadistus,Piazzolla-plaadistuses,"Muuseas , Kremer osales äsja firmale Nonesuch tehtud Piazzolla-plaadistuses “ El Tango ” ja 1997. aasta maailmaturneel “ Hommage a Piazzolla ” .",,,,no,"The phrase 'Piazzolla-plaadistuses' refers to an object (the creation or production of a recording) and does not describe a location, so it is not adverbial of place.",no,no,no,no
194781,321050,5,arendama,,ad,taktsagedus,taktsagedusel,32-bitise sõnapikkusega mikroprotsessor arendab taktsagedusel 250 MHz jõudlust kuni 250 MIPS .,,,,no,"The phrase 'taktsagedusel' indicates the mode or condition of an action rather than the location, so it is not adverbial of place.",no,no,no,no
3607025,5808727,3,alustama,,all,otsus,otsusele,"Volikogu revisjonikomisjoni otsusele vaatamata ei alusta Kesklinna valitsus veel seadusevastaste korteritehingute süüdlaste selgitamist , vaid ootab volikogu vastavat otsust .",,,,no,"The phrase 'otsusele' refers to the basis or reference for the action rather than a location, so it is not adverbial of place.",no,no,no,no
7706537,12356007,20,märkima,,el,nostalgia,nostalgiast,"Tõstes esile värvide suveräänsust , peenust ja nüansside assotsiatsioonirohkust , märkis ta ühtlasi kargust ja vabadust “ Pallase ” nostalgiast .",,state,,no,"The phrase 'nostalgiast' refers to an abstraction (nostalgia) and not a location, so it is not adverbial of place.",no,no,no,no
4373750,7035215,20,algama,,el,aimamine,aimamisest,"Arvutamist õpitakse koos rütmitajuga , võõra keele kõla jääb meelde laulude ja luuletuste kaudu , emakeele õpetus algab kujundite aimamisest jne.",,,,no,"The phrase 'aimamisest' refers to the action of sensing and not a location, so it is not adverbial of place.",no,no,no,no
3954376,6368278,5,saatma,,all,9000.,9000-le,"Läti maksuamet saatis ligi 9000-le Läti ettevõtte juhile kirja , milles ärgitas ettevõtete juhtkondi tõstma oma töötajate palka ja mida firmajuhid nimetasid ähvarduskirjaks .",,,,no,"The phrase '9000-le' refers to a number of people (9000 recipients), not a location, so it is not adverbial of place.",no,no,no,no
10216937,16395239,4,laskma,,el,hoolimatus,hoolimatusest,"“ Kui me hoolimatusest ja mugavusest laseme hääbuda sellel liikumisel , mille algatas Johann Voldemar Jannsen 130 aastat tagasi , siis andkem endale aru - seda rahvakultuuri osa me enam käsu korras üles ei ehita . ”",,,,no,"The phrase 'hoolimatusest' refers to the manner or reason (carelessness), not a location, so it is not adverbial of place.",no,no,no,no
17476896,26791153,16,jääma,,all,39aastane,39aastasele,"KA JALAK KANDIDEERIS Igatahes osales 52aastane Jalak juhataja koha täitmise avalikul konkursil , kuid jäi 39aastasele Mardnale alla .",,,,no,"The phrase '39aastasele' is not adverbial of place because it refers to a person and their age, not a location.",no,no,no,no
13566636,21693288,3,sõitma,vastu,ad,sõna,sõnul,Kohalike elanike sõnul oli tundmatu mees autoga vastu posti sõitnud ja seejärel põgenenud .,,,,no,"The phrase 'sõnul' is not adverbial of place as it indicates attribution or reference to someone's words, not a place.",no,no,no,no
977646,1557185,2,kasvatama,,ad,kinnitus,kinnitusel,Kallaste kinnitusel ei kasvata laenukoormuse suurenemine tallinlaste maksukoormust .,,,,no,"The phrase 'kinnitusel' indicates a source or confirmation of something rather than a location, so it is not classified as an adverbial of place.",no,no,no,no
4485011,7211585,9,kasvama,,all,lisandumine,lisandumisele,"Senine Kayaba amatöörklubi kasvas profiklubiks tänu teise sponsori lisandumisele , sest ka rahvusvahelised reeglid näevad ette kahe sponsori olemasolu .",,,,no,"The phrase 'lisandumisele' refers to the addition of a sponsor, which does not specify a location, so it is not classified as an adverbial of place.",no,no,no,no
15349472,23974102,18,kommenteerima,,el,otsus,otsusest,""" Arvan , et Murutar oleks saate juhtimisega ka üksi suurepäraselt toime tulnud , "" kommenteeris Murutari otsusest teha saadet koos Tammeriga Pihlamägi .",,,,no,"The phrase 'otsusest' refers to the decision, which is an abstract concept and not a location, so it is not classified as an adverbial of place.",no,no,no,no
1871123,2980232,19,nakatuma,,ad,olemasolu,olemasolul,"Mustamäe haigla peaarsti Teet Lainevee sõnul peab olema hulk eeltingimusi , et surmatõppe haigestuda ning ka nende tingimuste olemasolul nakatub vaid üks inimene kümnest tuhandest .",,state,,no,"The phrase 'olemasolul' refers to the existence of certain conditions and is not spatial, so it is not an adverbial of place.",no,no,no,no
1483260,2360868,22,tulema,välja,el,ajamine,ajamisest,"Samas teeb ta sellega enda parteile ja toetajatele karuteene , sest kui Bush võidab valimised , siis ei tule nende poliitika ajamisest üldse midagi välja .",,,,no,"The phrase 'ajamisest' refers to the act of pursuing politics, which is an abstract concept and not related to a specific place, so it is not an adverbial of place.",no,no,no,no
2397585,3842693,24,jätma,,in,kogusumma,kogusummas,"Samuti tegi VKG pankrotihoiatuse Kiviõli linna heakorraettevõttele OÜ Elkarin , mis on OÜ Kiviõli Vesi emaettevõte ning jätnud VKG-le tasumata graafikujärgset vana veevõlga kogusummas ligi 400 000 krooni .",,,,no,"The phrase 'kogusummas' refers to a total amount, which is a non-spatial concept and not related to location, so it is not an adverbial of place.",no,no,no,no
4361902,7016989,16,olema,alles,el,kilomeeter,kilomeetrist,"Kukk ütles Mõõdukate fraktsiooni juhtide Andres Tarandi ja Mihkel Pärnoja arupärimisele vastates , et 7,6 kilomeetrist Haapsalu-Rohuküla raudteest on alles ainult 1,1 kilomeetrit Haapsalu külje all .",,,,no,"The phrase 'kilomeetrist' refers to a measurement of distance but does not indicate a specific location, so it is not an adverbial of place.",no,no,no,no
13292774,21266350,16,kasvama,,all,loodetud,loodetule,"Ma arvan , et luteri kirik tegi selle keeluga oma mainele suurt kahju ja vastupidiselt loodetule kasvas rahva poolehoid meie vastu .",,,,no,"The phrase 'loodetule' refers to an expected situation or hope, not indicating any place, so it is not classified as an adverbial of place.",no,no,no,no
16734229,25747776,4,hindama,,in,Lenda,Lendas,"Kui lugejad hindasid Lendas üle käopesa , siis kriitikud tunnistavad kirjaniku parimaks raamatuks tema teise , 1964. aastal ilmunud romaani .",,,LOC,no,"The phrase 'Lendas' describes an action and does not indicate a location, so it is not classified as an adverbial of place.",no,no,no,no
6572415,10575218,5,nägema,,all,narkomaania,narkomaaniale,Lahendust praegu laialt levinud narkomaaniale ja lausvarastamisele näeb Kõrgmaa eelkõige noorte vaba aja sisustamises .,,,,no,The phrase 'narkomaaniale' is not adverbial of place because it indicates the issue being addressed rather than a location.,no,no,no,no
13998063,22284025,7,algama,,el,allkiri,allkirjast,"Kõik algas mullu jaanuaris Siim Kallase allkirjast Res Publica ja Reformierakonna ühinemismemorandumil , mida Reform pole võib-olla kavatsenudki , kuid päris kindlasti pole üritanud teostada .",,,,no,"The phrase 'allkirjast' is not adverbial of place because it refers to the act of signing, not to a place.",no,no,no,yes
1053742,1675738,3,minema,ümber,ad,tagajärg,tagajärjel,"Järsu pidurdamise tagajärjel ümber läinud veoki koormas oli pulbriline toorplastaine , mis ei ole keskkonnale ohtlik .",,,,no,"The phrase 'tagajärjel' is not adverbial of place because it indicates a consequence, not a location.",no,no,no,yes
14648142,23108894,8,väitma,,el,kuus,kuuest,"India eksportivate tootjate puhul väitsid viis äriühingut kuuest , et nad müüsid töötlejatele kõrgema hinnaga kui turustajatele .",,,,no,"The phrase 'kuuest' indicates a quantity or part of a group, not a location or place, so it is not adverbial of place.",no,no,no,no
11977240,19168211,6,võtma,,all,keemia,keemiale,"Paljud kavalpead on siingi üritanud keemiale ninanipsu mängida võtnud mineraalse põhivärvi ja läinud ehituskauplusse seda värvikaardi järgi toonima , teinud seda aga orgaaniliste pastadega , mille toonivalik on tõepoolest lõputu .",,,,no,"The phrase 'keemiale' refers to chemistry as a field or discipline rather than a physical location, so it is not adverbial of place.",no,no,no,no
954491,1520208,17,vähendama,,all,kaks,kahele,"Lahti MMiks atra seades ei kavanda Alaver suuremaid muutusi , vahest vähendab Vuokatti alpimaja külastuskorrad kolmelt kahele .",,,,no,"The phrase 'kahele' indicates a reduction in the number of visits rather than a specific location, so it is not adverbial of place.",no,no,no,no
67040,115270,9,olema,vaja,all,import,impordile,"“ Kuni meie riik on nõus , et impordile pole vaja tollimaksu , seni on siinsed ettevõtted kaitsetud , ” leiab Arnold Kimber , tuues näiteks kohaliku makaroni- ja küpsisetööstuse väljasure(ta)mise .",,,,no,"The phrase 'impordile' refers to import as a practice or concept, not a physical location, so it is not adverbial of place.",no,no,no,no
8687186,13939002,12,õnnestuma,,el,pind,pinnast,"Linna kuulsaimas kõrghoones , Emajõe keskuses , on 500 ruutmeetrist kasulikust pinnast õnnestunud ära müüa 15 protsenti , rentnikud on enda alla võtnud poole ärihoonest .",,,,no,The phrase 'pinnast' is not adverbial of place because it refers to the subject matter rather than a physical location.,no,no,no,no
15432618,24106370,27,jääma,alles,el,roostevabast-meile-tundmatust-metall,roostevabast-meile-tundmatust-metallist,"ega need ka igavesed pole , näiteks 50 aastat vanad laevad merepõhjas on nii läbi omadega .. et selle näiteks miljoni aasta jooksul ei jääks ka roostevabast-meile-tundmatust-metallist mitte midagi alles ...",,,,no,"The phrase 'roostevabast-meile-tundmatust-metallist' is describing the type of metal and not a location, so it is not an adverbial of place.",no,no,no,no
1840054,2929310,9,ületama,,in,dramaatilisus,dramaatilisuses,Lõpustseen surivoodil Mimi ja ahastuses Rodolfoga ületas oma dramaatilisuses kõik ootused .,,,,no,"The phrase 'dramaatilisuses' refers to the quality of the ending scene rather than specifying a location, so it is not an adverbial of place.",no,no,no,no
7830374,12547727,13,vedama,,in,eurostiil,eurostiilis,Rootsist humanitaarabina saadud paarkümmend aastat vanad bussid veavad inimesi Boeingute pardalt uude eurostiilis lennujaama .,,,,no,"The phrase 'eurostiilis' describes the style of the new airport and not a specific location, so it is not an adverbial of place.",no,no,no,no
1758194,2799744,12,kuulutama,välja,in,isik,isikus,Konkursi tingimused kooskõlastas ja konkursi kuulutas välja valitsus peaministri Mart Laari isikus .,,,,no,"The phrase 'isikus' refers to the capacity or identity of a person, rather than describing a physical location, so it is not adverbial of place.",no,no,no,no
10498483,16832755,17,sõnama,,all,publik,publikule,"Viimase lähenemiskatse tegi Madonna MTV muusikavideo auhindade galal , kus ta põlvitas McCartney ette ja sõnas publikule : “ Head daamid ja härrad , lubage mul esitleda meest , keda ma austan . ”",,alive,,no,"The phrase 'publikule' refers to the audience that Madonna addressed, expressing the recipient of the action rather than a physical place, so it is not an adverbial of place.",no,no,no,no
12808325,20489419,7,levima,,el,tööpuudus,tööpuudusest,Ajakirjanikud soovitavad presidendil kõneleda muu hulgas tööpuudusest ja liiglaialt levinud alkoholismist .,,,,no,"The phrase 'tööpuudusest' is not an adverbial of place because it refers to a topic of discussion, not a location.",no,no,no,no
4660565,7489318,9,moodustama,,all,kaasamine,kaasamisele,"Kõik üliõpilased maksavad õppemaksu ning tänu erasektori vahendite kaasamisele moodustasid ühe üliõpilase koolitamiseks tehtavad riiklikud kulutused 2002. aastal vaid 63,5% 1990. aasta tasemest .",,,,no,The phrase 'kaasamisele' is not an adverbial of place because it indicates a process or action rather than a location.,no,no,no,no
5142867,8251847,4,sõlmima,,in,hirm,hirmus,"Villand uute pommiplahvatuste hirmus Iisraelis elamisest , sõlmib endine Eesti jalgpallikoondislane Sergei Hohlov-Simson lepingu Norra esiliigasse kuuluva Hamari klubiga Ham-Kam .",,,,no,"The phrase 'hirmus' refers to a state or emotion, not to a location, so it is not adverbial of place.",no,no,no,no
4182362,6731057,2,alustama,,all,lahendus,lahendustele,"Vaatamata lahendustele , mida pakkusid välja nii "" Rehepapi "" rahastajad kui ka loominguline trupp , alustas just filmi tootja pressisõda .",,,,no,The phrase 'lahendustele' refers to proposed solutions and not to any location.,no,no,no,no
824623,1315539,7,kavandama,,all,eriala,erialale,"Kultuuriministeerium on kavandanud palgatõusu suuruseks vastavalt erialale 10-20 protsenti , ütles BNS-ile kultuuriministeeriumi eelarve- ja majandusanalüüsi osakonna juhataja Linda Sade .",,,,no,"The phrase 'erialale' refers to a field of work or profession, which is not a physical location.",no,no,no,no
5614263,9001815,6,käima,,abl,mitu,mitmelt,"Manija rahval käis talgutel abilisi mitmelt poolt - kes tuli koos pere , kes sõprade , kes töökaaslastega .",,,,no,"The phrase 'mitmelt' was classified as 'no' because it does not specify a location or direction, hence it is not an adverbial of place.",no,no,no,no
3328189,5352626,17,leiduma,,el,võimalus,võimalusest,Inimeste kõrval leidub selles maailmas teisigi arukaid rasse - rääkimata siis ( vähemalt valitutele antud ) võimalusest puude ja loomadega suhelda .,,,,no,"The phrase 'võimalusest' was classified as 'no' because it refers to an abstract concept (possibility) and not to a place or location, thus it is not an adverbial of place.",no,no,no,no
6201832,9959665,28,kasvatama,,ad,rahvahääletus,rahvahääletusel,"BRÜSSEL , 27. august ( EPLO ) - Euroopa Liidu laienemisvoliniku Günther Verheugeni sõnul tähendab Euroopa Liitu astumine Eestile turvalist tulevikku ja heaolu , "" ei "" rahvahääletusel aga kasvatab Venemaa mõju ning viib Eesti isolatsiooni .",,event,,no,"The phrase 'rahvahääletusel' was classified as 'no' because it refers to an event (referendum) rather than a location or spatial attribute, so it is not an adverbial of place.",no,no,no,yes
5814560,9329187,31,kiirustama,,all,piirilepe,piirileppele,"Läti president Vaira Vike-Freiberga on ainus Balti riigi president , kes soostus osalema 9. mail Moskvas peetavatel pidustustel , kuid samas ei kiirusta ta ei 9. ega ka 10. mail piirileppele allkirjade andmisega .",,,,no,"The phrase 'piirileppele' does not indicate a place but refers to an agreement, so it is not an adverbial of place.",no,no,no,no
8293799,13298574,8,alluma,,all,hüdrolüüs,hüdrolüüsile,Proteiin nagu ka süsivesikud alluvad vatsas mikrobiaalsele hüdrolüüsile .,,,,no,"The phrase 'hüdrolüüsile' refers to a process (hydrolysis) rather than a place, so it is not an adverbial of place.",no,no,no,no
1653887,2632171,7,jääma,,abl,headus,headuselt,Tema sõnul jääb Sydney olümpiaküla oma headuselt Barcelona ja Atlanta vahele .,,,,no,"The phrase 'headuselt' refers to a quality or characteristic (goodness) and not a location, so it is not an adverbial of place.",no,no,no,no
11883005,19014714,13,näima,,in,Let,Let's,"Vaadeldes Eurovisionil võistlevate laulude eri riikide edetabeleid , näib Eesti laulu « Let's Get Loud » seis üsna nutune hääletanute arvates see kvalifikatsioonivoorust edasi ei pääse .",,,ORG,no,"The phrase 'Let's' does not indicate a location or place, so it is not an adverbial of place.",no,no,no,no
16258697,25181569,3,toetama,,all,kriitika,kriitikale,"Vaatamata sellele kriitikale , mis oli eelkõige suunatud ühele äsja siin puldis käinud kolleegile , mitte ministrile , me toetame veel kord ministri jätkamist .",,,,no,"The phrase 'kriitikale' refers to criticism and not to a location, so it is not an adverbial of place.",no,no,no,no
17476666,26790749,7,kerkima,,el,kaablisõda,kaablisõjast,"Teine , märksa olulisem küsimus kerkib kaablisõjast aga Eesti riigi ette .",,,,no,"The phrase 'kaablisõjast' refers to a conflict and not a place, so it is not an adverbial of place.",no,no,no,yes
12961829,20736334,10,mõistma,,in,rüvetamine,rüvetamises,"Kohus mõistis Andrei Gurovi ( 37 ) süüdi laiba rüvetamises ja karistas teda nelja kuu pikkuse vangistusega , mille kohtualune oli ära kandnud juba kriminaalasja eeluurimisel .",,,,no,"The phrase 'rüvetamises' refers to an action (defilement) and not a place, so it is not an adverbial of place.",no,no,no,yes
12203066,19537600,10,kaduma,,all,direktiiv,direktiivile,Tuleva aasta suvel kaob Euroopa Liidu maades vastavalt kinnitatud direktiivile tax-free kaubandus .,,,,no,"The phrase 'direktiivile' refers to a directive and does not indicate a location, so it is not adverbial of place.",no,no,no,no
2289320,3665836,3,tegema,,abl,odavus,odavuselt,"Samal suunal odavuselt järgmise pakkumise teinud AS Temptrans pakkus hinnaks 6,49 krooni , MTG Vooremaa kaheksa , AS Sebe 8,85 , AS Harjumaa Liinid 10,44 ja Tallinna Autobussikoondis 10,56 krooni .",,,,no,"The phrase 'odavuselt' refers to a degree of cheapness or affordability, which is not related to place, so it is not adverbial of place.",no,no,no,no
1875647,2987549,9,rippuma,,ad,palju,paljudel,"Topise siseelundid koosnesid samuti kaltsupoe rõivastest , millest paljudel rippusid küljes paarikroonised hinnasildid .",,,,no,"The phrase 'paljudel' refers to many of something but does not indicate location, so it is not adverbial of place.",no,no,no,no
14385458,22803154,16,leiduma,,ad,lõikamine,lõikamisel,"Toodet tuleb piisavalt kuumtöödelda , et tagada lihavalkude kalgendumine kogu tootes , nii et toote lõikamisel piki tema kõige jämedamat kohta läbivat joont ei leiduks toote lõikepinnal roosakat vedelikku .",,,,no,"The phrase 'lõikamisel' refers to the action of cutting and does not indicate a specific location, so it is not adverbial of place.",no,no,no,yes
17769496,27129304,3,teatama,,in,Kriisireguleerim,Kriisireguleerimis,"17:12 Teatab Kriisireguleerimis büroo juhataja , et valmistutakse ette Soome tuukrite 43'e meetri sügavusele saatmist .",,,,no,"The phrase 'Kriisireguleerimis' specifies the bureau and is not about location, so it is not adverbial of place.",no,no,no,no
4419033,7106542,14,püsima,,ad,lootus,lootustel,"Palju on juttu olnud Hoiupanga headest tulevikuväljavaadetest ja ka Rakvere Lihakombinaadi hind püsib lootustel , et paari aasta jooksul hakkab praegu kahjumis olev ettevõte kasumit tootma .",,,,no,"The phrase 'lootustel' refers to expectations or hopes, not a physical place, so it is not adverbial of place.",no,no,no,no
1865147,2970682,14,algama,,el,edu,edust,"Eesti jalgpalli võidukäik algas tagasihoidlikest oludest pärit Mustamäe poiste meeskonna , Tallinna Lõvide edust .",,,,no,"The phrase 'edust' refers to success and not a physical place, so it is not adverbial of place.",no,no,no,yes
13484552,21567396,13,annetama,,all,arv,arvule,"Kui te suudate , palun annetage alljärgnevale arvele raha vastavalt kuulatud lugude arvule ( 20 USA senti loo eest konverteeritud rubladesse vastavalt Vene keskpanga kursile ) .",,,,no,"The phrase 'arvule' refers to the number (count) and not a location, so it is not an adverbial of place.",no,no,no,no
12125431,19413409,21,määrama,,in,gradatsioon,gradatsioonis,"Võib-olla oli see nõukogude ajal , kui teater hoolitses näitleja perspektiivi eest , näitleja arengu eest , ja määras talle gradatsioonis rolle .",,,,no,"The phrase 'gradatsioonis' refers to gradations or levels and does not indicate location, so it is not an adverbial of place.",no,no,no,no
8082641,12970040,9,kogunema,,el,viht,vihast,"Paar nädalat pärast avamist kogunes sakslaste kaubahalli 400 vihast kohalikku poepidajat , kelle tõttu tuli müügitegevus katkestada .",,,,no,"The phrase 'vihast' denotes anger, which is a state or emotion rather than a location, so it is not an adverbial of place.",no,no,no,no
7647870,12264999,18,jooksma,,el,aur,aurust,"Ühe riigi kontrolli alt väljunud ja teise riigi vabadusse uskunud tegijad jooksid oma üliinimlike pingutuste järel lihtsalt aurust tühjaks , institutsioonid suutsid end säilitada suhteliselt muutumatul kujul ja nii on saabunud nn “ peerude revanšiperiood ” .",,,,no,"The phrase 'aurust' refers to being out of energy, metaphorically related to steam, and does not refer to a location, so it is not an adverbial of place.",no,no,no,no
21364988,30048820,8,jääma,,adit,default,defaulti,"viruvalge: mcn , kas optionsid jäid defaulti ?",,,,no,"The phrase 'defaulti' refers to a default setting and does not indicate a location, so it is not an adverbial of place.",no,no,no,no
11511101,18436284,13,alluma,,all,firma,firmale,"Tartu turul on praegu üle 300 takso , mis alluvad kuuele erinevale firmale .",,,,no,"The phrase 'firmale' indicates a target of subordination rather than a physical location, so it is not adverbial of place.",no,no,no,no
1380634,2195956,4,triivima,,ad,mood,moel,"Rojas triivis sel moel kaks päeva paadis , suutmata seda kaldale juhtida , kuni juhuslik laev ta päästis .",,,,no,"The phrase 'moel' refers to a manner or method rather than a physical place, so it is not adverbial of place.",no,no,no,no
9288477,14921548,7,sisaldama,,el,devalveerumine,devalveerumisest,"Hoolimata “ sõltumatu filmi ” väidetavast devalveerumisest , sisaldas Mannheimi programm siiski peamiselt traditsioonilist arusaamist “ sõltumatust mõtlemisest ” .",,,,no,"The phrase 'devalveerumisest' indicates a process or change rather than a physical place, so it is not adverbial of place.",no,no,no,no
910066,1450150,3,esinema,,el,ansambel,ansamblitest,"Tuntumatest Eesti ansamblitest esinevad festivalil A Rühm , Claire's Birthday , Super Slinky , Blind , Genialistid , Dallas jt.",,,,no,"The phrase 'ansamblitest' is not describing a place but refers to bands, which is why it is not classified as an adverbial of place.",no,no,no,no
10117621,16232031,6,kiirustama,,all,ummik,ummikule,"Lisaks politseile , kelle ummikult ummikule kiirustavad autod alatasa Lasnamäel ja Haaberstis hangedesse kinni jäid , istusid lumevangis ka kiirabimasinad , mida oli õhtul kella 21 paiku juba kümmekond korda välja tõmbamas käidud .",,,,no,The phrase 'ummikule' refers to a traffic jam but does not specify a location purpose; hence it is not an adverbial of place.,no,no,no,no
16298705,25238538,4,tegema,,abl,vertikaalsuund,vertikaalsuunalt,BSPlayer tegi filmile vertikaalsuunalt mirrorit ( ühesõnaga Columbia pictures tädi oli pea alaspidi ...,,location,,no,"The phrase 'vertikaalsuunalt' refers to a direction or orientation but not a specific location, so it is not adverbial of place.",no,no,no,no
13087229,20941120,15,sisaldama,,el,lugu,loost,Uue house'igeeniuse IG Culture värske plaadifirma esimene üllitis sisaldab nelja versiooni kahest loost : ” Flying High ” ja ” Pleasure Ride ” .,,,,no,"The phrase 'loost' refers to a part of a story or music piece, not a specific place, so it is not adverbial of place.",no,no,no,no
592470,939049,32,unistama,,el,kapsas,kapsast,""" Ma pole eriline toidunautija , kuid korra-paar lasen end lõdvaks : kui ilusat ilma peab , grillin mõnel õhtul liha , "" tunnistab Kirsipuu , kes võõrsilgi ei unista mulgi kapsast ja seapraest .",,,,no,"The phrase 'kapsast' refers to an object (cabbage) rather than a location, hence it is not adverbial of place.",no,no,no,no
16924618,26017396,14,sattuma,,el,ghou,ghoust,"paldiskis sai ringi tripitud üle tunni aja , otsides reaktorit , sattusime erilisse ghoust towni , majad olid ehitatud kõikvõimalikkudest asjadest , alustades metallplaatidest lõpetades autoustega .",,,,no,"The word 'ghoust' does not describe a location but seems to refer to a ghost town metaphorically, so it is not adverbial of place.",no,no,no,no
12680632,20288824,1,keelduma,,in,koomaseisund,Koomaseisundis,Koomaseisundis poisi tervise täpsema seisu kohta keeldus Mustamäe lastehaigla intensiivraviosakonna valvearst infot andmast .,,state,,no,"The phrase 'Koomaseisundis' describes a state or condition, not a location, so it is not classified as an adverbial of place.",no,no,no,no
3279004,5270561,20,otsima,,all,käsi,kätele,"Üksteise järel astuvad need pisikesed naised kangi juurde , hõõruvad kätele talki , keskenduvad hetke , otsivad hoolikalt kangil kätele asendit ja rebivad raske kangi pea kohale .",,,,no,"The phrase 'kätele' indicates a direction or target (to the hands), not a specific place, so it is not classified as an adverbial of place.",no,no,no,no
2342311,3752108,36,andma,üle,all,koosseis,koosseisule,"Põhilised mured : ei avalikustata , ei informeerita , ei võeta jutule , ei lasta kontrollida juhatuse tegemisi , tööde tegemiseks ei korraldata konkursse , kuidas juhatus välja vahetada , mahavõetud juhatus ei anna uuele koosseisule dokumente üle jne.",,,,no,"The phrase 'koosseisule' indicates the recipient of an action (to the new board), not a physical location, so it is not classified as an adverbial of place.",no,no,no,no
8791912,14111018,7,heitma,ette,all,Rahvusvaheline,Rahvusvahelisele,"Dvoraki ja Roman Šebrle juhendaja heitis Rahvusvahelisele Kergejõustikuliidule ette , et 110 m tõkkejooksus jäi keskel kaks rada tühjaks .",,,ORG,no,"The phrase 'Rahvusvahelisele' was classified as 'no' because it does not indicate a location or spatial reference, thus not serving as an adverbial of place.",no,no,no,no
3910880,6299421,44,teatama,,in,kaasaaitamine,kaasaaitamises,"Kohus mõistis Mihhail Mironovi ( 20 ) , Eduard Ignatjevi ( 20 ) ja Anna Rutkovskaja ( 20 ) süüdi narkootilise aine suures koguses ebaseaduslikus omandamises , hoidmises , valdamises ja edasiandmises grupi poolt ning Anton Pozdnjakovi ( 21 ) süüdi eelpoolnimetatud tegevusele kaasaaitamises , teatas maakohtu pressiesindaja Aet Truu .",,,,no,The phrase 'kaasaaitamises' was classified as 'no' because it does not indicate a location or place.,no,no,no,yes
5543740,8889418,7,hindama,,in,palju,paljuski,"Hinrikuse sõnul hindavad inimesed praegust aega paljuski selle järgi , kuidas neil läheb .",,,,no,"The phrase 'paljuski' was classified as 'no' because it describes the extent or manner, not a place.",no,no,no,no
153909,256447,1,säilima,,ad,27,27-l,27-l neist oli säilinud ka korralikult dokumenteeritud ajalugu .,,,,no,"The phrase '27-l' was classified as 'no' because it refers to a numerical quantity, not a place.",no,no,no,no
2821571,4524886,6,soovitama,,el,majandusprognoos,majandusprognoosist,"Ajendatuna Eesti Panga täna avaldatud majandusprognoosist , mis näeb ette majanduskasvu tõusu aeglustumist ning seega majanduse stabiliseerumist , soovitab rahandusminister Padar Eesti inimestel majanduse tervise hoidmiseks enam raha säästa , teatas rahandusministeerium .",,,,no,"The phrase 'majandusprognoosist' refers to an economic forecast and not a location, so it is not classified as an adverbial of place.",no,no,no,no
15446651,24124704,11,vabanema,,in,masendus,masenduses,Hipe usub ürgoru ja metsa mõjusse - nende naabruses vabanevad masenduses ja pinges inimesed hõlpsamalt organismi kogunenud saastast .,,state,,no,"The phrase 'masenduses' describes a state or condition, not a location, so it is not an adverbial of place.",no,no,no,no
437705,684113,4,nakatuma,,ad,andmed,andmetel,"Eestis nakatus ametlikel andmetel poole aasta jooksul 20. sajandi katkuks kutsutud aidsi kaks inimest , üks inimene lisandus HI-viiruse kandjate hulka .",,,,no,"The phrase 'andmetel' specifies the basis or source of the information, not a physical location, hence it is not adverbial of place.",no,no,no,no
3681641,5928593,9,kerkima,,el,rünnak,rünnakust,"Veendunud , et kaaslastel viskejanu puudub ja kollektiivsest rünnakust kasu ei kerki , võttis Priit Ilver julgelt mängu enda peale .",,event,,no,"The phrase 'rünnakust' relates to the origin of the action and does not indicate a location, so it is not adverbial of place.",no,no,no,yes
8396717,13457160,8,kasvama,,all,jutt,juttudele,Eliitsuusatajad näevad Otepää loodust ja tänu nende juttudele kasvab meie suusakeskuse populaarsus . ”,,,,no,"The phrase 'juttudele' refers to discussions or talks, not a physical location, so it is not adverbial of place.",no,no,no,no
3526752,5679067,5,lähenema,,all,epideemia,epideemiale,Aidsi levik Valgevenes läheneb epideemiale,,,,no,"The phrase 'epideemiale' refers to an epidemic rather than a physical place, so it is not adverbial of place.",no,no,no,yes
15311035,23905601,6,keelduma,,in,rivaliteet,rivaliteedis,"Keelduge osalemast selle ilma himu rivaliteedis , luues endale teisi prioriteete .",,state,,no,"The phrase 'rivaliteedis' refers to the state of rivalry, which is not a physical place, so it is not adverbial of place.",no,no,no,no
1884176,3001620,6,võtma,,all,integreerimine,integreerimisele,Eesti riik võttis kursi ühiskonna integreerimisele .,,,,no,"The phrase 'integreerimisele' refers to the act of integration, not a physical place, so it is not adverbial of place.",no,no,no,no
4328293,6962895,6,koostama,,in,kooskõla,kooskõlas,"Kuivõrd ESKL koostab oma tegevuskalendri kooskõlas Eesti Spordigümnaasiumiga , ei tohiks võistluste ajad kattuda .",,,,no,"The phrase 'kooskõlas' means 'in accordance with,' expressing agreement or conformity, not location, so it is not an adverbial of place.",no,no,no,no
7964862,12770133,5,ajama,,all,rebed,rebedile,"Leitnant ajab oma püksid rebedile ja kviteerib endal reiehaava , kust voolab rahulikult , pulseerimata verd .",,,,no,The phrase 'rebedile' is not classified as an adverbial of place because it describes a state or result rather than a location where something happens.,no,no,no,no
8626914,13840698,26,vajama,,abl,asend,asendilt,"Need materjalid , see tükk ajalugu on olemas ainult ühes eksemplaris ja olulisem osa neist vajab kopeerimist mikrofilmile ja säilitamist ka mõnes maailma teises geopoliitiliselt asendilt ehk turvalisemas paigas .",,,,no,The phrase 'asendilt' is not classified as an adverbial of place because it refers to a figurative or abstract concept of positioning rather than a specific physical location.,no,no,no,no
14282158,22672895,3,unistama,,el,koduvõit,koduvõidust,Olsson unistab koduvõidust,,,,no,"The phrase 'koduvõidust' refers to the concept of a home win and not a specific location, so it is not adverbial of place.",no,no,no,yes
11194000,17932082,8,kasutama,ära,in,enamik,enamikus,Eluruumide erastamiseks on inimesed oma EVPd juba enamikus ära kasutanud ning praegune jääk vajab lisaks maa erastamisele ja olemasolevatele võimalustele veel täiendavat katte leidmist .,,,,no,"The phrase 'enamikus' refers to the extent of usage (majority) and does not indicate a location, so it is not adverbial of place.",no,no,no,no
1967943,3138140,8,kindlustama,,in,töökord,töökorras,"Saksa firma kindlustab eestlased 4000 marga eest töökorras mootoritega , belglased andsid tasuta sõiduvarustuse .",,,,no,"The phrase 'töökorras' describes the condition of the engines rather than indicating a physical location, so it is not adverbial of place.",no,no,no,no
13363554,21378430,3,kogunema,,all,antistaatilisus,antistaatilisusele,Tänu vahendi antistaatilisusele ei kogune seejärel armatuurlauale nii kiiresti ka tolmukübemeid .,,,,no,"The phrase 'antistaatilisusele' refers to a characteristic or quality (antistatic nature) and not a location, so it is not adverbial of place.",no,no,no,no
2746421,4405146,11,kinnitama,,all,justiitsministeerium,justiitsministeeriumile,"Justiitsministeeriumist öeldi Päevaleht Online'ile , et Riigi Kinnisvara AS on justiitsministeeriumile kinnitanud , et Viru Vangla valmimise tähtaega laenuhanke läbikukkumine ei mõjuta .",,location,ORG,no,"The phrase 'justiitsministeeriumile' indicates the recipient (to the Ministry of Justice) rather than a physical place, so it is not adverbial of place.",no,no,no,no
15234095,23791160,2,hakkama,,abl,vaixe,vaixelt,Hakkab vaixelt jalga põranda poole laskma .,,,,no,"The phrase 'vaixelt' describes the manner of an action (quietly) rather than a location, so it is not adverbial of place.",no,no,no,no
7464866,11982699,4,langema,,abl,3.20,3.20-lt,"Eliitpiima hind on 3.20-lt langenud 2 kroonini , kuid piimaraha laekub korrektselt , ütleb Rakvere piimaühistu juhatuse liige Tom Kuusmik Rakvere Piimakombinaadi kohta .",,,,no,"The phrase '3.20-lt' refers to a starting price value and is not a location, so it is not adverbial of place.",no,no,no,no
15232110,23787739,17,langema,,adit,iid,iidi,"Viimased suurimad tähesajud olid Eestis 1998. aastal , kui tipptunnis langes 45 pers(e)iidi , ja 1999. aastal , kui langes 200 leoniidi .",,time,,no,"The phrase 'iidi' appears as part of a word or term and does not indicate a location, so it is not adverbial of place.",no,no,no,no
13687492,21870398,7,andma,ette,all,tugitool,tugitoolidelegi,Kiiktooli mugavus annab silmad ette enamikule tugitoolidelegi .,,,,no,"The phrase 'tugitoolidelegi' refers to objects (armchairs) and does not denote a physical location, so it is not adverbial of place.",no,no,no,no
424593,662095,10,püüdma,,el,püügikeeld,püügikeelust,"Piirivalvurid tegid elu kibedaks röövpüüdjatel , kes reedeni kestvast püügikeelust hoolimata Peipsi järvel lutsu püüdsid .",,,,no,"The phrase 'püügikeelust' refers to a fishing ban and not to any specific place, so it is not adverbial of place.",no,no,no,yes
4863900,7808715,16,naasma,,in,miinus,miinustes,"Kuueteistkümne hulka jõudmine Moskvas kindlustas Ehlvestile 24 000 dollarit , ent pahatihti naaseb ta nappidelt turniiridelt miinustes .",,,,no,"The phrase 'miinustes' refers to a financial deficit and not a location, so it is not adverbial of place.",no,no,no,no
13481641,21562458,3,plaanima,,in,võlg,võlgades,38aastane kõrvuni võlgades Tyson oli plaaninud kahe aastaga seitset kohtumist ja MM-tiitli tagasivõitmist .,,,,no,"The phrase 'võlgades' refers to being in debt, which is a state or condition, not a location, so it is not an adverbial of place.",no,no,no,no
17814038,27196653,28,tegema,,abl,norm,normilt,"Aga nojah , tegin teise plaadi ka , mis oli juba ära crackitud , kuid bootableks ma igatahes ei suutnud seda teha  - oma arust tegin kõik normilt , kuid igatahes plaadi pealt ei boodi vaid tuli ikka win all hakata installima ( aga vahet ei ole ... ) .",,,,no,"The phrase 'normilt' indicates a manner or way ('normally') rather than a location, so it is not an adverbial of place.",no,no,no,no
2193272,3505642,5,eksima,,in,roll,rollis,Ellen Niit eksis jänese rollis,,,,no,"The phrase 'rollis' describes a role or character, which refers to a state or condition rather than a physical location, so it is not classified as adverbial of place.",no,no,no,no
3498263,5633136,16,ennustama,,in,kasumiprognoos,kasumiprognoosis,"Shiauliai Panga esimese kvartali kasum oli 360 000 litti ehk tunduvalt väiksem , kui pank oma kasumiprognoosis ennustas .",,,,no,"The phrase 'kasumiprognoosis' refers to a forecast or a prediction context, which is not a physical location, so it is not adverbial of place.",no,no,no,no
5520805,8851397,17,nihkuma,,all,liitmine,liitmisele,"Sestap ei ole üllatav , et viimase paarikümne aasta jooksul on teadlaste pilgud nihkunud hoopis inimese liitmisele kaamerate , mikrofonide ja nendega ühendatud arvutiga .",,,,no,"The phrase 'liitmisele' refers to an action or process, not a place, hence it is not adverbial of place.",no,no,no,no
10575118,16950974,20,põgenema,,in,selg,seljas,"Enamik neist on muidugi nii- ja teistpidi didaktilised : jalgratas teeb haiged terveks , jalgratas juhib abielusadamasse , jalgratta seljas põgeneb ahistatud naine vabadusse .",,,,no,"The phrase 'seljas' describes a position or state but not a specific location, so it is not an adverbial of place.",no,no,no,no
12638184,20222784,6,ilmutama,,in,pinge,pinges,"Ta ei ilmutanud mingil moel pinges olekut ja kinnitas ajakirjanikele : “ Ma ootan , et poliitiline olukord Jugoslaavias pärast valimisi stabiliseerub ja majanduskasv praegusega võrreldes veelgi kiireneb . ”",,,,no,"The phrase 'pinges' describes a state of being or emotion and not a physical location, so it is not adverbial of place.",no,no,no,no
11941545,19109507,5,rippuma,,ad,madal,madalal,Hõredas konkurentsis rippus pronks madalal,,,,no,"The phrase 'madalal' describes a position or state rather than a specific location, so it is not classified as an adverbial of place.",no,no,no,no
1953083,3113273,42,pälvima,,el,ost,ostudest,"Ehkki eesmärk oli hea logistika , taandus kogu otsustamine enammeeldiva fassaadi valimisele - mis poleks liialt traditsiooniline ( etteheide A. Saksa III koha tööle ) ega välisilme poolest vaene ( ka III koha saanud Vallner-Grossschmidti töö ) või muidu hullumeelne ( ühe ostudest pälvinud projekt , mis suisa plagieeris maailmakuulsa "" hullu arhitekti "" Frank O. Gehry loomingut ) .",,,,no,"The phrase 'ostudest' indicates 'of purchases' and does not specify a location, so it is not adverbial of place.",no,no,no,no
15422962,24090791,2,kalduma,,ad,tase,tasemel,"Väidete tasemel kaldub mu sümpaatia hoopis teenusepakkuja poole , kes tõesti midagi Interneti turvalisuse nimel teeb .",,,,no,"The phrase 'tasemel' implies 'on the level', which is more about the figurative level of claims rather than referring to a physical location, so it is not adverbial of place.",no,no,no,no
6148088,9868320,1,rippuma,,ad,Maa,Maal,"Maal rippus toona tema kabineti seinal ja ta sai selle lahkudes endale , "" ütles Künnapas .",,,,no,"The phrase 'Maal' refers to a painting and not a location, so it is not adverbial of place.",no,no,no,no
2652527,4256095,7,süütama,,ad,juht,juhul,"Tavaliselt läheb suitsema elektrikilp , hullemal juhul süütavad ülekuumenenud elektrijuhtmed saepuru seina sees .",,,,no,"The phrase 'juhul' refers to a situation or condition and not a place, so it is not adverbial of place.",no,no,no,no
17034439,26180127,22,kolima,,in,hoog,hoos,"Roidevigastust raviva Vitali Leitani koha vasakul äärel täidab Marius Dovydenas , keskelt kolib paremale Konstantin Vassiljev ja pingilt tema kohale võimsas hoos Konstantin Nahk .",,,,no,The phrase 'hoos' is not adverbial of place as it describes a state or condition (in full swing) rather than a location.,no,no,no,no
15905733,24744457,11,seletama,,el,mis,millest,"Pikemat aega plaaninud osta , ootasin seda kõige uuemat , millest Ebichu seletas koguaeg .",,,,no,The phrase 'millest' is not adverbial of place as it refers to an object or subject (what Ebichu talked about) and not a location.,no,no,no,no
18884719,28519747,6,teadma,,abl,sisu,sisult,"“ Aga ma ei tea sisult olulisemat tööd kui sedasorti projekt , ” ütles Karusoo .",,,,no,"The phrase 'sisult' is not indicating a location but rather a manner or essence, so it is not an adverbial of place.",no,no,no,no
3691831,5944923,6,minema,,all,Alexela,Alexelale,Külgvankritega tsiklite MMetapi läbiviimine läheb Alexelale ja teistele sponsoritele maksma 3 miljonit krooni .,,,LOC,no,"The phrase 'Alexelale' refers to the recipient of the cost but does not indicate a place, so it is not an adverbial of place.",no,no,no,no
4800529,7708812,8,osalema,,el,neli,neljast,Kiirusel 60 km/h toimunud katse tulemusel tunnistati neljast osalenud autost turvalisemaks Nissan Almera .,,,,no,"The phrase 'neljast' refers to the quantity or part of a group and does not indicate a location, so it is not an adverbial of place.",no,no,no,no
17945130,27330734,4,andma,välja,all,tõuaretusühing,tõuaretusühingule,"6 ) annab tõuaretusühingule , tõuaretusega tegelevale isikule , seemendusjaamale ja embrüojaamale välja tegevusloa ;",,,,no,"The phrase 'tõuaretusühingule' denotes an entity or organization and not a physical location, so it is not an adverbial of place.",no,no,no,no
466289,731484,20,andma,,adit,keel,keelde,"Seda pandi laiemalt tähele ja meid kutsuti ühele Peter Gabrieli korraldatud WOMAD-festivalile ( WOMAD on lühend , mida eesti keelde annab tõlkida - maailmamuusika ja - tants ) .",,,,no,"The phrase 'keelde' refers to language or speech and does not indicate a location, so it is not classified as an adverbial of place.",no,no,no,no
22819,39275,5,valitsema,,ad,hinnang,hinnangul,Mustamäe haiglas valitses Bentonite hinnangul tume teadmatus .,,,,no,"The phrase 'hinnangul' refers to an opinion or assessment, not a location, so it is not classified as an adverbial of place.",no,no,no,no
4859113,7801111,15,jõudma,,el,edasipääs,edasipääsust,Los Angeles Lakers jõudis 103 : 81 võiduga Sacramento Kingsi üle ühe võidu kaugusele edasipääsust konverentsi finaali .,,event,,no,"The phrase 'edasipääsust' is not classified as an adverbial of place since it refers to the concept of advancing or proceeding, which does not indicate a specific physical location.",no,no,no,no
3771001,6074114,3,tootma,,all,ümberkorraldus,ümberkorraldustele,Tänu toimunud ümberkorraldustele tootis laevandus selle aasta esimesel poolel aga juba kasumit .,,,,no,"The phrase 'ümberkorraldustele' refers to the process or changes and not to a specific place, so it is not classified as an adverbial of place.",no,no,no,yes
11970645,19157513,13,eelistama,,all,deebetkaart,deebetkaardile,"Mõnikord on ainus maksevõimalus aga hoopis krediitkaart , sest paljud kaupmehed eelistavad deebetkaardile krediitkaarti .",,,,no,"The phrase 'deebetkaardile' was classified as 'no' because it refers to a payment method or means, not a physical location.",no,no,no,no
7892373,12636515,33,märkima,,el,käitumine,käitumisest,"310 Eeltoodud voluntatiivset elementi tahteotsustusega võrdsustavad arusaamad langevad siiski kokku voluntatiivse elemendi vastandamises intellektuaalsele selles mõttes , et kui teadmine eespool vaadeldud piirides märgib tahtluse õigusdogmaatilises skeemis kujutlust kavandatavast , tulevikus eesseisvast käitumisest , siis tahtmisfaktor realiseerib sellise kujutluse tegelikkuses .",,,,no,"The phrase 'käitumisest' refers to behavior and does not indicate a place, so it is not classified as an adverbial of place.",no,no,no,no
10950416,17539145,20,säilima,,el,eluaasta,eluaastast,"Rein Parts  Eesti Raudtee reisijateveo kontrolligrupist ütles “ Postimehele ” , et 50-protsendiline sõidusoodustus säilib ka sõitjatel alates kuuekümnendast eluaastast .",,time,,no,"The phrase 'eluaastast' refers to an age or time period and not a place, so it is not classified as an adverbial of place.",no,no,no,no
2175742,3476497,6,kaaluma,,in,see,selles,"Parimad tulemused on tulnud just selles kaalus . """,,,,no,"The phrase 'selles' implicitly refers to a weight category, not an explicit location, thus it is not adverbial of place.",no,no,no,no
7357958,11808856,1,puhuma,,ad,iga,Igal,"Igal pool puhub tuul , ainult vanalinnas on vaikne .",,,,no,"The word 'Igal' refers to an unspecified quantity or extent and not a location, so it is not an adverbial of place.",no,no,no,no
2103041,3356640,12,käituma,,in,suund,suunas,Ja ansambli loojast dirigent käitus laval nagu juhtpuldi taga - ainult suunas .,,,,no,"The phrase 'suunas' describes direction rather than a specific location, so it is not an adverbial of place.",no,no,no,no
7406920,11890561,6,paistma,,el,imestus,imestusest,Läbi paksude prilliklaaside paistsid ta imestusest pärani silmad .,,,,no,"The phrase 'imestusest' refers to a state of emotion, not a physical location, so it is not an adverbial of place.",no,no,no,no
9822643,15760942,12,õppima,,ad,oma,omadel,"“ Noorem poeg võib lennata kõikidel lennukitel , mis tahes riigi omadel , kolm kuud õpib ja selge !",,,,no,"The phrase 'omadel' refers to possession or ownership of objects, not a specific location, so it is not an adverbial of place.",no,no,no,no
1364629,2169628,2,lõhkuma,,ad,sõna,sõnul,Valmi sõnul on lapsed lõhkunud raamatuid ning mööblit .,,,,no,"The phrase 'sõnul' (according to) does not indicate a specific location or place, hence it is not classified as adverbial of place.",no,no,no,no
9066129,14576986,5,lükkama,,el,midagi,midagist,"“ Mina ei lükanud midagist , vaatasin , et ise koos temaga ei lendaks , ” irvitab Heimar õnneks vaid kerge vigastusega pääsenud admirali üle .",,,,no,"The phrase 'midagist' (anything) does not provide any information about a place, so it is not classified as adverbial of place.",no,no,no,no
2476335,3970443,11,kuluma,,el,saamine,saamisest,""" Kui linnavolikogu annab loa trolliliinide käivitamiseks , kulub ehitusloa saamisest kuni trollide sõitmahakkamiseni umbes kaks kuud , "" rääkis Ninnase nõunik Martin Jaško .",,,,no,The phrase 'saamisest' is not an adverbial of place because it does not indicate a location but rather refers to a temporal process or point of time (receiving/obtaining something).,no,no,no,yes
1928394,3072752,6,jääma,,abl,sarm,sarmilt,Kuulus sopran ei jäänud oma sarmilt ega andelt sugugi alla natuke aega tagasi Jackie Brownina meie kinokülastajate südamed vallutanud näitlejannale .,,,,no,"The phrase 'sarmilt' is not an adverbial of place because it describes a characteristic or quality (charm), not a location.",no,no,no,no
6927519,11132684,16,seisma,,el,mõte,mõtetest,"Mina ise eelistaksin määratlust , mille järgi kultuur on terviknähtus , mis seisab koos meie mõtetest , neist kantud hoiakutest ja väärtushinnangutest , samuti eelnevatest otsusest , tegudest ja nende tulemustest .",,,,no,The phrase 'mõtetest' was classified as not adverbial of place because it refers to thoughts rather than a physical location or spatial concept.,no,no,no,no
13033899,20854067,3,hoidma,,all,mäng,mängule,"Tänu jõulisele mängule hoidis Mirnõi võrdsust kolmanda seti eduseisuni 5 : 4 , seejärel pääses maksvusele Agassi paremus tõrjel ja tagajoonemängus .",,,,no,"The phrase 'mängule' describes the game itself but does not indicate a specific location, so it is not classified as an adverbial of place.",no,no,no,yes
8455543,13551900,17,lisanduma,,in,rezhii,rezhiis,"Sel nädalal etenduvatele koolilavastustele lisandub kevadel veel üks , Büchneri “ Woyzzek ” diplomand Peeter Raudsepa rezhiis .",,,,no,"The phrase 'rezhiis' refers to the direction or authorship of the play and does not specify a location, so it is not classified as an adverbial of place.",no,no,no,no
14142991,22481027,12,säilima,,ad,küpsetamine,küpsetamisel,"Tuginedes tarkusele , et mida suurem leib , seda paremini säilivad küpsetamisel rukkileiva maitse- ja lõhnaomadused , pakub Leibur nüüd 5 kg vormis küpsetatud köömnetega Talu rukkileiba ning rukkipõhist Talu teraleiba ; viimasele on lisatud nisuteri ja päevalilleseemneid .",,,,no,"The phrase 'küpsetamisel' refers to the process of baking and does not indicate a location, so it is not classified as an adverbial of place.",no,no,no,yes
3578706,5762713,9,töötama,,ad,juhatus,juhatusel,õdedele annavad tööd polikliinikud ning nad töötavad arstide juhatusel .,,,,no,'juhatusel' is not an adverbial of place as it describes the manner or context (under someone's guidance) rather than a physical location.,no,no,no,no
794384,1267187,9,otsustama,,in,kord,korras,Riigiabi andmise otsustab määruse eelnõu kohaselt rahandusminister erandite korras ministeeriumi finantsteenuste osakonna ettepanekul .,,,,no,"'korras' is not an adverbial of place because it signifies the manner or condition (orderly, by exception) rather than a location.",no,no,no,no
14143464,22481791,3,haarama,,in,alkoholijoove,alkoholijoobes,"Põlvamaal haaras alkoholijoobes kaassõitja ootamatult rooli , mistõttu auto sõitis vastu puud ning mees ise sai vigastada .",,state,,no,The phrase 'alkoholijoobes' was classified as 'no' because it describes a condition (state of being intoxicated) rather than a location.,no,no,no,no
2050368,3270074,2,eksima,,in,kokkuvõte,Kokkuvõttes,""" Kokkuvõttes eksisime siiski liiga sageli aabitsatõdede vastu , "" ohkas Pärnu meeskonna treener Andrei Ojamets .",,,,no,The phrase 'Kokkuvõttes' was classified as 'no' because it indicates a summary or conclusion rather than a place.,no,no,no,no
6807170,10952075,10,tulema,välja,el,ebameeldiv,ebameeldivast,"Eilsel Austria GPl tuli viiekordne maailmameister Micahel Schumacher kõigest ebameeldivast puhtalt välja , sai kolmanda etapivõidu järjest ja jõudis MM-konkurentsis Kimi Räikkönenist kahe punkti kaugusele .",,,,no,The phrase 'ebameeldivast' was classified as 'no' because it refers to an unpleasant situation or condition rather than a location.,no,no,no,no
1808559,2878612,18,arendama,,ad,mood,moel,"Millistel kaalutlustel Vanessa neid klassikakilde töötleb , ei oska arvata , publiku muusikalist silmaringi ja maitset sel moel küll ei arenda .",,,,no,"The phrase 'moel' refers to the manner (way) of doing something rather than indicating a place, so it is not an adverbial of place.",no,no,no,no
10897769,17453585,5,kaaluma,,in,tsiviilkord,tsiviilkorras,Halduri sõnul kaalub ta tsiviilkorras nõude esitamist GGI Eesti juhatuse liikmete vastu ettevõttele tekitatud kahjude hüvitamiseks .,,,,no,"The phrase 'tsiviilkorras' refers to the manner (civil procedure) in which something is carried out, not a location, and thus is not an adverbial of place.",no,no,no,no
11148211,17857979,11,aeguma,,in,mõiste,mõistes,"5 000 000 armsa välimusega autokese , kuigi selle turvavarustus on tänapäeva mõistes juba aegunud ( ABS-pidurid peab näiteks lisatasu eest ostma ) , vedrustus kipub Prantsuse autole tüüpiliselt kolisema , sõitjateruum on neljale täiskasvanule kitsavõitu ning nii mõnigi omanik maadleb sagedaste elektrivigadega .",,,,no,"The phrase 'mõistes' refers to understanding or considering something, which does not indicate a location, hence it is not an adverbial of place.",no,no,no,no
18124692,27540152,3,levima,,el,edu,edust,"Hoolimata mõningasest edust laialt levinud klassikaliste riskitegurite ohjamisel arenenud riikides , olukord maailmas tervikuna halveneb .",,,,no,"The phrase 'edust' refers to success in a context, not a location, so it is not an adverbial of place.",no,no,no,no
10322311,16563774,21,maksma,,abl,kuupalk,kuupalgalt,"Näiteks Postimehe kirjadetoimetuselt on hulk lugejaid küsinud , miks Eesti Energia endine peadirektor Uudo-Rein Lehtse maksis oma ligi 70 000-krooniselt kuupalgalt samasuguse protsendiga tulumaksu nagu temast kümme-kakskümmend korda vähem teeniv kooliõpetaja või kõrgkooliõppejõud .",,,,no,"The phrase 'kuupalgalt' refers to the salary amount and is not indicating a location, so it is not classified as an adverbial of place.",no,no,no,no
6429493,10336549,10,vigastama,,in,rebimine,rebimises,Euroopa meistrivõistlustel Kreekas Loutrakis vigastas meie lootus Andrus Utsar rebimises õlaliigese sidemeid ja pidi katkestama .,,,,no,"The phrase 'rebimises' refers to an action or activity, not to a location, so it is classified as 'no'.",no,no,no,yes
1583246,2518575,16,kuulutama,,in,kuritegu,kuritegudes,""" Itaalia rahva nimel kuulutab see kohus Guillermo Suarez Masoni ja Omar Santiago Riverose süüdi kuritegudes , mille pärast nad kohtu ees seisid ja mõistab nad eluks ajaks vangi , "" ütles kohtunik Mario D'Andria .",,,,no,"The phrase 'kuritegudes' refers to crimes or actions, not to a location, so it is classified as 'no'.",no,no,no,no
4497756,7231817,1,selguma,,in,hõbelusikas,Hõbelusikas,"Hõbelusikas 2005 konkursil on selgunud restoranid , kelle vahel jagatakse auhinnatrofeed .",,,,no,"The phrase 'Hõbelusikas' references a proper noun (a name) and does not specify a location, so it is not an adverbial of place.",no,no,no,yes
8043117,12909667,10,ajama,,el,lahkam,lahkamist,Seetõttu ei aja ta lõpuks kõikidele eksistentsialistidele lähedaste probleemide lahkamist liiga keeruliseks ( nagu Heidegger ) .,,,,no,"The phrase 'lahkamist' refers to the act of dissecting or analyzing rather than designating a location, so it is not an adverbial of place.",no,no,no,no
4067431,6547134,4,kuluma,,el,moodustamine,moodustamisest,Asjatundjate töögrupi formaalsest moodustamisest kuni esmase rapordi avaldamiseni kulus napilt kuu .,,,,no,"The phrase 'moodustamisest' refers to the action of forming or establishing something, not a reference to a location, so it is not an adverbial of place.",no,no,no,yes
4043265,6507866,28,valmima,,el,plaan,plaanidest,"Eesti Päevalehele väitis Kirt siiski , et vajab veel mõned kuud aega , et end haigla tööga kurssi viia , alles siis on ta valmis oma strateegilistest plaanidest rääkima .",,,,no,"The phrase 'plaanidest' refers to plans and not a location, so it is not classified as an adverbial of place.",no,no,no,no
8902753,14310554,11,haarama,,el,mänguohjad,mänguohjest,Sabresi ründajad haarasid pärast avakolmandiku 0 : 1 kaotusseisu ise mänguohjest .,,state,,no,"The phrase 'mänguohjest' refers to taking control of the game, which is not related to a place, so it is not classified as an adverbial of place.",no,no,no,no
9034968,14526725,6,rippuma,,ad,maastikumaa,maastikumaal,"Minu mereäärse hüti seinal ripub maastikumaal , millel on kujutatud üldistatud vormiga järve ja järveäärset metsa .",,,,no,"The phrase 'maastikumaal' refers to a landscape painting, which is an object and not a place, so it is not classified as an adverbial of place.",no,no,no,no
467435,733249,9,kuulutama,,in,seos,seoses,"Mitmed Eesti avalik-õiguslikud ülikoolid on kuulutanud tasulise vastuvõ-tuga seoses , et aastane õppemaks näiteks loodusteaduskondades on alla 10 000 krooni , samal ajal kui riik maksab ühe üliõpilaskoha eest ligi kaks korda rohkem .",,,,no,The phrase 'seoses' is not adverbial of place because it does not indicate a location but rather a relation or connection.,no,no,no,no
20461193,29609845,6,tahtma,,abl,lihtlsa,lihtlsalt,"maffia: deemonike - ma lihtlsalt tahtsin teada , mida sa sellest loost siin arvad",,,,no,"The phrase 'lihtlsalt' is not adverbial of place because it describes manner or emphasis, not a location.",no,no,no,no
8088629,12979290,6,hüppama,,el,pritse,pritsmetest,Paar tundi pärast koitu hüppasid pritsmetest läbimärjad põgenikud 20 kilomeetri kaugusel Por voost Suure Pellingi saartel rinnakõrgusesse aprillikuu vette ja tõmbasid paadi üle kivide kaldale .,,,,no,"The phrase 'pritsmetest' refers to the source or cause, not a location, so it is not an adverbial of place.",no,no,no,no
2469909,3959881,20,eelistama,,all,isevalmistamine,isevalmistamisele,"Tema sõnul on väikemajade kasvutrendi üheks põhjuseks see , et inimesed väärtustavad üha rohkem oma aega ning eelistavad ostmist isevalmistamisele .",,,,no,"The phrase 'isevalmistamisele' refers to a preference or direction, not a location, so it is not an adverbial of place.",no,no,no,no
10091766,16189716,23,heitma,,all,fotoaparaat,fotoaparaadile,"Põllult on tütretütre juurde tõtanud kirjus suvekleidis Aleksandra Simagina ( 64 ) , kes heidab kahtlustava , isegi põlgliku pilgu tihedalt plõksuvale fotoaparaadile .",,,,no,The phrase 'fotoaparaadile' is not adverbial of place because it refers to an object being looked at rather than indicating a location.,no,no,no,no
7973456,12787086,5,langema,,abl,mis,millelt,"Pikk ühekordne maja , millelt krohv langenud , osad aknad laudadega kinni löödud , aed viltu vajunud .",,,,no,The phrase 'millelt' is not adverbial of place because it is a relative pronoun referring to the house rather than pointing to a specific location.,no,no,no,no
10805960,17306689,30,viima,,all,deformeerumine,deformeerumisele,"Niipea kui tekib oluline osa erialasid , mida enam emakeeles õppida ei saa , tekib nö altpoolt surve emakeelest loobumiseks ka madalamatel haridustasanditel - tee , mis viib haridussüsteemi deformeerumisele .",,,,no,The phrase 'deformeerumisele' is not adverbial of place because it indicates a process or result rather than a spatial location.,no,no,no,no
12299073,19689148,8,moodustama,,all,õlu,õllele,Enam kui kolmandiku jootude eelarvest moodustasid kulutused õllele : alkohol ja mitmesugused joomisrituaalid olid pidustuste käigus kesksel kohal .,,,,no,"The phrase 'õllele' is not adverbial of place because it indicates the object of the expenditure, not a location.",no,no,no,no
885536,1410298,10,joonistama,,all,ettevõtmine,ettevõtmisele,Tänu Rakvere muusemi teadusdirektori Teet Veispaki ja Jaan Toomiku ettevõtmisele joonistas end Eesti kunstisuve maastikule ka Rakvere .,,,,no,The phrase 'ettevõtmisele' was classified as 'no' because it refers to an undertaking or initiative and does not indicate a location or place.,no,no,no,yes
1631958,2598165,4,minema,edasi,all,see,sellele,"Edasi läks jutt sellele , et nemad küll mingit talumatsi või usumehest kirikuõpetajat endale kaasaks ei taha , ka oma klassi poisid olevat jamad .",,,,no,"The phrase 'sellele' was classified as 'no' because it refers to a subject or topic of conversation, not a location or place.",no,no,no,no
3762274,6059706,9,hakkama,,abl,seis,seisult,Teise poolaja retsept on - mäng hakkab taas seisult 0 : 0.,,,,no,"The phrase 'seisult' was classified as 'no' because it refers to a state or score in a game, not a location or place.",no,no,no,no
2847834,4567078,14,tutvustama,,el,tema,neist,"Kokku on Saksamaa pealinnas 385 avalikku kempsu , rikkalikult piltidega varustatud raamat tutvustab neist 58.",,,,no,"The phrase 'neist' does not indicate a location but refers to a subset of something mentioned earlier, hence not adverbial of place.",no,no,no,no
5135433,8239567,5,jätma,,in,inimrööv,inimröövis,"Tallinna ringkonnakohus jättis eile inimröövis ja lunaraha nõudmises süüdistatava pandimajapidaja Anatoli Lukini ( 54 ) 19. novembrini vahi alla ega rahuldanud advokaat Anatoli Jaroslavski kaebust , milles , viidates vahialuse viletsale tervisele , palus ta Lukini kautsjoni vastu vabaks lasta .",,,,no,"The phrase 'inimröövis' refers to an act or event, not a location, hence not adverbial of place.",no,no,no,yes
4457235,7167008,8,leppima,kokku,in,koosseis,koosseisus,"Poola valitsev vasakkoalitsioon leppis kokku uue valitsuskabineti koosseisus , mis esitatakse president Aleksander Kwasniewskile kinnitamiseks , teatas eile peaminister Wlodzimierz Cimoszewicz .",,,,no,"The phrase 'koosseisus' refers to a composition or structure, not a location, hence not adverbial of place.",no,no,no,no
6747051,10853538,7,suurenema,,all,indekseerimine,indekseerimisele,Selle aasta aprillis suurenesid vanaduspensionid tänu indekseerimisele keskmiselt 136 krooni võrra .,,,,no,"The phrase 'indekseerimisele' refers to the process of indexation and not a specific location, so it is not an adverbial of place.",no,no,no,yes
13202516,21120552,28,sattuma,,el,alakeha,alakehast,"Ütleme nii , et see on läbiv kõrvalosa , "" iseloomustab Rakvere teatri peanäitejuht oma tegelaskuju , kes juba esimeses seerias õnnetult kurikaela kuuli ette jäi ning alakehast halvatuna haiglasse sattus .",,,,no,"The phrase 'alakehast' refers to a part of a body and not a location, so it is not adverbial of place.",no,no,no,no
12299744,19690285,8,tõusma,,all,42,42-le,NATO-liitumise toetus on poole aastaga tõusnud 39-lt 42-le .,,,,no,"The phrase '42-le' refers to a numerical value rather than a location, so it is not adverbial of place.",no,no,no,no
4725276,7591101,16,elama,,adit,ühiselamu-tüüp,ühiselamu-tüüpi,"See , kuidas Peeter Bõstrov ( 36 ) koos 10aastase poja Germaniga Viljandis Leola tänava ühiselamu-tüüpi sotsiaalmaja toas ja köögis elab , on kaugel musterperekonna normist .",,,,no,The phrase 'ühiselamu-tüüpi' was classified as 'no' because it describes the type of the building and does not indicate a place or location.,no,no,no,no
1217863,1936394,17,pidama,,abl,pöid,pöialt,Eesti missi-isa Valeri Kirss tegi võistluse algusest lõpuni ( hinges ) kaasa ja pidas Dagmar Makkole pöialt .,,,,no,"The phrase 'pöialt' was classified as 'no' because it refers to supporting someone metaphorically, not a physical location or place.",no,no,no,no
1378900,2192976,17,loksuma,,ad,kõrgus,kõrgusel,19. juulil kahe rusuvoolu alla jäänud orus loksus sel ajal mudane vesi majade teise korruse akende kõrgusel ning sellele äravoolu rajamiseks lõhati mägedest alla veerenud kivihunnikuid .,,,,no,"The phrase 'kõrgusel' describes a level or measurement, not a specific location, so it is not adverbial of place.",no,no,no,no
2375747,3807196,14,säilima,,ad,määr,määral,"Uue kava kohaselt säilib Rapla , Põlva , Jõgeva ja Valga haiglas teatud määral eriarstiabi ning Kärdla haigla jätkab tööd senises mahus .",,,,no,"The phrase 'määral' indicates a degree or extent, not a location, so it is not classified as adverbial of place.",no,no,no,no
8325068,13342470,11,liikuma,,ad,liitumine,liitumisel,Eriti salajaselt on ametkondade vahel liikunud Eesti positsioon suhkru osas liitumisel Euroopa Liiduga .,,,,no,"The phrase 'liitumisel' refers to the act or process of joining, not a location, so it is not classified as adverbial of place.",no,no,no,yes
3876300,6243326,1,asuma,,adit,lööm,Lööma,"Lööma asus Ronaldinho , kes sihtis palli tagumise ülanurga suunas , kuid lõi poole meetri jagu üle .",,event,,no,The phrase 'Lööma' was classified as 'no' because it refers to an action and does not indicate a location.,no,no,no,no
246925,394463,1,jääma,,abl,oma,Omalt,Omalt poolt jääb ainult soovitada veebist lisainformatsioni hankida .,,,,no,The phrase 'Omalt' was classified as 'no' because it expresses a subjective perspective rather than a location.,no,no,no,no
4947328,7942878,10,õnnestuma,,el,senine,senisest,"Kaari on kindel , et kui tal õnnestuks mehega senisest vähegi kauem koos olla , siis jõuaks ta lähemale ka tolle tegelikule minale , saavutaks viimaks ehk mingi arusaamise tasandi ja suudaks ta siseilma mõista .",,,,no,"The phrase 'senisest' was classified as 'no' because it refers to a comparison in terms of time or degree, not a location.",no,no,no,no
16095143,24985537,17,ennustama,,in,särk,särgis,""" Usun , et Ujula tänava spordihoonelt tõstetakse laupäeval katus pealt ära , "" ennustas Rocki särgis taas ühe hiilgava esituse teinud Tanel Tein .",,,,no,"The phrase 'särgis' was classified as 'no' because it describes a state or attire, not a location.",no,no,no,no
12077562,19333413,26,tõmbama,,all,imevidin,imevidinatele,"Bondi-filmi « Casino Royale » režissöör Martin Campbell sõnab , et uus film tuleb süngem ning keskendub rohkem karakterile ning ei tõmba liigset tähelepanu igasugustele imevidinatele , mida viimastes Bondi-filmides palju kritiseeritud on .",,,,no,The phrase 'imevidinatele' is not classified as an adverbial of place because it refers to objects or gadgets rather than a location.,no,no,no,no
686667,1092017,3,möllama,,ad,teade,teatel,"Päästeameti juhtimiskeskuse teatel möllasid tulekahjud reedel-laupäeval Eestis kolmes paigas , kus ühes neist hukkus kümme põrsast .",,,,no,The phrase 'teatel' is not classified as an adverbial of place because it describes a source of information (a report) and not a location.,no,no,no,no
16577587,25553999,40,laienema,,all,linnaseadus,linnaseadusele,"Myanmari ametiasutused said ametliku teate uurimise alustamise kohta ; Myanmari ametiasutused väitsid ILO konventsiooni nr 29 artikli 2 lõikes 2 esitatud eranditele viidates , et kaebuses nimetatud tegevus ei ole sunniviisiline töö , ning kõnealused erandid laienevad 1907. aasta linnaseadusele ( 1907 Town Act ) ja 1908. aasta külaseadusele ( 1908 Willage Act ) , mis võimaldavad elanikkonda rakendada töödel ja teeninduses ; ILO vaidlustas kõnealuse tõlgenduse ning selle pädevad organid on nõudnud kõnealuste seaduste viivitamatut kehtetuks tunnistamist , et tagada konventsiooni nr 29 mõtte ja sätte järgimine ;",,,,no,"The phrase 'linnaseadusele' refers to a legal act and not a specific location, so it is not an adverbial of place.",no,no,no,no
41372,71675,11,juhtuma,,el,see,sellest,"“ Kui mees natuke üle aisa lööb , ei juhtu sellest midagi , ” muheleb Eino Baskin abikaasa Veera kätt silitades .",,,,no,"The phrase 'sellest' refers to a pronoun and does not indicate a place, so it is not an adverbial of place.",no,no,no,no
1252840,1992031,8,olema,kinni,in,pronksmedal,pronksmedalis,"Kergejõustikuliidu president Neinar Seli oli vasaraheites 52.05-ga pronksmedalis kinni viimase heitevooruni , siis napsati see 40 sentimeetriga ära .",,location,,no,"The phrase 'pronksmedalis' describes a state or outcome related to a medal, not a specific location, so it is not an adverbial of place.",no,no,no,no
1257014,1999164,3,kehtima,,ad,kokkusobitamine,kokkusobitamisel,Erinevate taimede kokkusobitamisel ei kehti tänapäeval enam mingid reeglid .,,,,no,"The phrase 'kokkusobitamisel' refers to an action or process, not a specific location, so it is not an adverbial of place.",no,no,no,no
20555997,29653869,7,kohtama,,ad,smmu,smmul,kuska: neid kohtab siin igal smmul,,,,no,"The phrase 'smmul' appears to be a typographical error and does not indicate a place, so it is not an adverbial of place.",no,no,no,no
5371761,8615553,26,võtma,kokku,in,asi,asjas,"Täna ma seda enam ei registreeriks , aga härra Meri nimeline poliitikaajakirja idee jääb jõusse - tema enda nõusolekul , loomulikult , "" võtab ta asjas kokku .",,,,no,"The phrase 'asjas' refers to 'in the matter' and is not indicating a place, hence it is not adverbial of place.",no,no,no,no
2297170,3678484,6,liginema,,all,protsent,protsendile,"Keskmine üüritootlus ligineb seal 10 protsendile , kuid magalarajoonides on see umbes 7 protsenti aastas .",,,,no,"The phrase 'protsendile' refers to a percentage and does not indicate a place, thus it is not adverbial of place.",no,no,no,no
7275935,11695698,6,alluma,,all,lagunemisprotsess,lagunemisprotsessidele,"Taime- ja loomajäänused mullas alluvad lagunemisprotsessidele , mille tagajärjel osa orgaanilist ainet mineraliseerub , osa aga kasutatakse mikroorganismide vahendusel uute orgaaniliste ainete – huumusainete – moodustamiseks .",,,,no,The phrase 'lagunemisprotsessidele' refers to processes and does not specify or describe a place.,no,no,no,no
10902074,17460130,13,vahetama,,all,nimi,nimele,Pool aastat viskas laevakokana töötanud tallinlane muud mõtted peast ja vahetas lisaks nimele ka ellusuhtumist - ta asus tõsiselt treenima .,,,,no,The phrase 'nimele' refers to a name and not to any physical or geographical location.,no,no,no,no
12213583,19553232,4,vaatama,,el,kaebus,kaebusest,Seega 586-st lahendatud kaebusest ja avaldusest vaatas loakogu ettenähtud kahe kuu jooksul läbi 548 ( 94 ) .,,,,no,"The phrase 'kaebusest' refers to a complaint, which is not a specific or physical location.",no,no,no,no
2737662,4391014,8,tõusma,,all,hinnalangetus,hinnalangetustele,"Aga arvestades , kui tohutult tõusid kinnisvarahinnad hinnalangetustele eelnenud aastatel , ja seda , et tipuhindadega jõudsid eluaseme osta vähesed inimesed , pole põhjust maakleritega vaielda , kui nad eelistavad toimunut korrektsiooniks ja turu korrastamiseks nimetada .",,,,no,"The phrase 'hinnalangetustele' refers to a contextual event or trend, not a physical location.",no,no,no,no
11021366,17652880,3,eelistama,,all,kaval,kavalale,"Tshubais eelistas kavalale Berezovskile kindlamat tutvust Venemaa suuruselt neljanda , ONEXIM-panga presidendi  Vladimir Potanin  iga , aidates viimasel suurendada oma äriimpeeriumi .",,,,no,"The phrase 'kavalale' describes a characteristic of Berezovsky, not a place.",no,no,no,no
14122148,22463278,22,tasuma,,all,hagisumma,hagisummale,"( 3 ) Kohtus menetletavates asjades , kus hageja on riigilõivust vabastatud , tasub hagi rahuldamisel kogu riigilõivu kostja vastavalt rahuldatud hagisummale .",,,,no,"The phrase 'hagisummale' indicates an amount or sum related to the lawsuit rather than a physical location, so it is not adverbial of place.",no,no,no,no
13748934,21938637,10,teatama,,all,asutu,asutule,"Tootja , kellele ladustamiskohustus üle antakse , teatab pädevale asutule enne iga kuu lõppu eelmise kuu kogused , mida üleantud kohustus hõlmab .",,,,no,"The phrase 'asutule' refers to a recipient entity or authority, not a location, so it is not adverbial of place.",no,no,no,no
2108447,3365717,8,valitsema,,ad,hoidmine,hoidmisel,Tarto sõnul valitses 1993. aastal KGB arhiivitoimikute hoidmisel korralagedus .,,,,no,"The phrase 'hoidmisel' refers to the act of maintaining or keeping, which describes an action rather than a location, so it is not adverbial of place.",no,no,no,no
17041266,26191666,7,tunnistama,,in,kallutamine,kallutamises,Pent ei tunnistanud end süüdi Prii kallutamises ametiseisundi kuritarvitamisele ja nende andmete avaldamisele .,,,,no,"The phrase 'kallutamises' refers to an act or concept rather than indicating a location, so it is not classified as an adverbial of place.",no,no,no,no
11697390,18720626,14,kujundama,,el,valimisratsu,valimisratsust,"Kuid suure panuse Keskerakonna etteotsa kerkimiseks tegid ajakirjanikud , kes kujundasid astmelise tulumaksu valimisratsust tõelise lemmikteema .",,,,no,"The phrase 'valimisratsust' describes a concept rather than a physical location, thus it is not an adverbial of place.",no,no,no,no
11122833,17818253,5,minema,,el,armumine,armumisest,Mõne partneriga on asi armumisest kaugemale ka läinud ?,,,,no,"The phrase 'armumisest' refers to an abstract concept of falling in love, not a location, so it is not an adverbial of place.",no,no,no,no
11018363,17648087,14,suurendama,,all,36%,36%le,Lufthansale kuulub Lauda Airist endiselt 20% ja Austrian Airlines Group suurendas oma osa 36%le .,,,,no,"The phrase '36%le' represents a numerical value or proportion rather than a physical location, so it is not adverbial of place.",no,no,no,no
15922532,24769634,5,kalduma,,all,6610,6610-le,kaldun teie jutu järgi 6610-le siis aga kui hind oleks sama siis ikka 6610-e ??,,,,no,"The phrase '6610-le' refers to a numerical identifier or model, not a physical location, so it is not adverbial of place.",no,no,no,no
9286751,14918803,15,kujutama,,all,kommerts,kommertsile,"Kuid mis tahes müügiidee ei ole niikuinii autentne folk , mis kujutab end vastandina kommertsile ja autentsuse kandjana .",,,,no,The phrase 'kommertsile' was classified as 'no' because it does not indicate a location or position; it refers to a concept or relation to commerce.,no,no,no,no
5875969,9430921,24,seisma,,ad,kaitsmine,kaitsmisel,""" Ameerika Ühendriigid keeldusid tunnustamast teie okupeerimist impeeriumi poolt , "" tuletas Bush meelde USA mittetunnustuspoliitikat ning lisas , et "" oma vabaduse kaitsmisel ei seisa te enam kunagi üksi "" .",,,,no,The phrase 'kaitsmisel' is not an adverbial of place because it indicates an action or process ('in defending') rather than denoting a specific location.,no,no,no,no
360247,558291,14,tunnistama,,all,mõtlemine,mõtlemisele,"Paljud , kuid mitte enamik uue teadvuse pooldajatest tunnistavad oma ideede lähedust idamaisele mõtlemisele ning mõned usuvad , et see on selgeks märgiks sellest , et nad on õigel teel , võttes mõlemast maailmast nende parema osa .",,,,no,The phrase 'mõtlemisele' is not an adverbial of place because it indicates a relationship to 'thought' or 'thinking' ('to thinking') rather than a physical location.,no,no,no,no
6000588,9630693,1,puhkama,,ad,periood,Perioodil,"Perioodil eelmise aasta oktoobrist kuni tänavu aprillini puhkas Bulgaarias 4500 ameeriklasest rahutagajat , kes olevat "" hinnanud kõrgelt edukat puhkus- ja taastusprogrammi Bulgaarias "" .",,,,no,"The phrase 'Perioodil' refers to a period of time and not a location, so it is not adverbial of place.",no,no,no,no
3141190,5044314,2,kavatsema,,in,etepi,etepis,Esimeses etepis kavatseb austraallane Eestisse investeerida umbes 200 000 dollarit .,,,,no,"The phrase 'etepis' refers to a stage or phase and does not specify a physical location, so it is not an adverbial of place.",no,no,no,no
21200907,29971358,8,minema,,abl,aikse,aikselt,"jenny: hei kutid , lähme privame aikselt",,,,no,"The phrase 'aikselt' translates to 'quietly' and indicates manner rather than place, so it is not an adverbial of place.",no,no,no,no
5383397,8632675,6,plaanima,,in,ühistöö,ühistöös,Västrik ja Toodo plaanivad Kaali-filmi ühistöös lätlastega .,,,,no,"The phrase 'ühistöös' refers to cooperation or working together, and does not indicate a physical location, so it is not an adverbial of place.",no,no,no,no
718364,1144520,2,kehtima,,ad,määratlemine,määratlemisel,"Pensioniea määratlemisel kehtib karm ja lihtne loogika : mida madalam on pensioniiga , seda rohkem on riigis pensionäre , mida rohkem on pensionäre , seda madalam on keskmine pension .",,,,no,"The phrase 'määratlemisel' translates to 'in determining' and pertains to an action, not a location, so it is not an adverbial of place.",no,no,no,no
11482036,18393096,4,lehvima,,ad,korraldus,korraldusel,Siseminister Manfred Kantheri korraldusel lehvisid eile kogu Saksamaal leinalipud .,,,,no,"The phrase 'korraldusel' refers to an order or directive and does not specify a location, so it is not an adverbial of place.",no,no,no,no
215254,350618,12,langema,,abl,mass,massilt,"On tehtud arvutusi , mille alusel 2000.a. langes Eestis kasumi massilt 40 suurema ettevõtte arvele umbes 90% ettevõtte tulumaksu sisulise kaotamise “ võidust .",,,,no,"It was classified as 'no' because 'massilt' refers to the abstraction of mass or scale, not a place.",no,no,no,no
8966574,14415521,13,kinnitama,,el,oodatu,oodatust,Ka Kloostrimetsas projekti Kodu 2001 arendava OÜ Wicom peadirektor Priit Vilba kinnitas oodatust väiksemat huvi uute elamurajoonide vastu .,,,,no,It was classified as 'no' because 'oodatust' refers to expectation rather than a physical place.,no,no,no,no
14263975,22642672,5,käima,ära,ad,käsi,käel,"Olümpias käisime ära omal käel – ja nägime tee peal , paarikümne minuti rongisõidu kaugusel ligi kümne kilomeetri jagu maha põlenud metsa mõlemat kätt .",,,,no,"The phrase 'käel' refers to the manner in which something was done rather than specifying a location, so it is not adverbial of place.",no,no,no,no
10776684,17262788,1,leiduma,,ad,enamus,Enamusel,"Enamusel kontsertidest leidus õnneks siiski ka neid hetki , kus virtuoossed müramised ka loo üldist kulgemist toetasid , ning kus noodimustri tihedust vaid esmaseks ülejõukäivate ponnistuste sihtmärgiks ei peetud .",,,,no,"The phrase 'Enamusel' describes a group or majority and does not specify a location, so it is not adverbial of place.",no,no,no,no
1904743,3034924,13,alistuma,,all,nõudmine,nõudmistele,"Holbrooke painutas teised riigid kiiresti Ameerika eesmärkidele , mitte ei alistunud nende nõudmistele , milleks USA välisministeerium näib nüüd Kosovo asjus valmis olema .",,,,no,"The phrase 'nõudmistele' refers to demands rather than a physical place, so it is not an adverbial of place.",no,no,no,no
5440220,8723001,30,tooma,kaasa,all,muutmine,muutmisele,"Rahva mõjutamine "" jah "" -otsuse suunas jutuga "" meie viime teid EL-i , kuid mitte eelmise valitsuse rahvavaenulikel tingimustel "" toob kaasa eelmise koalitsiooni erakondade vastuseisu liitumistingimuste muutmisele .",,,,no,"The phrase 'muutmisele' refers to the act of changing and does not indicate a location, so it is not an adverbial of place.",no,no,no,no
13257340,21209778,15,valmima,,el,kloon,kloonidest,"Verona linna lähistel laiuvas Valpolicella piirkonnas valmib Corvina , Rondinella ja Molinara sortide erinevatest kloonidest üsna kerge , kuid samas piisavalt vürtsika ja puuviljalise maitsebuketiga punane vein .",,,,no,"The phrase 'kloonidest' describes the origin or material of something rather than a place, so it is not an adverbial of place.",no,no,no,no
3419823,5504949,8,tõmbama,,all,maailmasõda,maailmasõjale,NATO järjekordne laienemine möödunud nädalal tõmbas Teisele maailmasõjale joone alla veel seitsme riigi jaoks .,,event,,no,"The phrase 'maailmasõjale' refers to the Second World War, which is an event and not a location, so it is not an adverbial of place.",no,no,no,no
21382592,30059363,3,oskama,,in,kahju,kahjus,Villu19: kahjus siis ei oska ise kah mingit teemat välja mõelda,,,,no,"The phrase 'kahjus' refers to a state or condition and not to a location, so it is not adverbial of place.",no,no,no,no
11063888,17721027,17,olema,,el,aadlisugu,aadlisoost,"Kuni etenduse lõpuni murdsin pead , miks pole ma varem taibanud , et Lepik puhtast baltisaksa aadlisoost on ja seetõttu teinekord teisiti käitub kui näiteks mina .",,,,no,"The phrase 'aadlisoost' refers to lineage or descent rather than a spatial location, so it is not adverbial of place.",no,no,no,no
6829911,10989917,9,sisaldama,,el,sein,seinast,"Mõttepähklite selektsioon tehti põhimõttel , et kogum sisaldaks seinast seina küsimusi - täpselt nagu "" Mnemoturniiri "" saateski aegade jooksul põhimõtteks on olnud .",,,,no,"The phrase 'seinast' refers to a source or comparison but not to a location in this context, so it is not adverbial of place.",no,no,no,no
16091240,24978856,1,kuluma,,el,soolalahk,Soolalahust,"Soolalahust kulub ligikaudu 1/3 kurkide kogusest ehk näiteks 10 kg kurgi hapendamiseks tuleks arvestada umbes 3,5 l vett ja 160–200 g soola .",,,,no,"The phrase 'Soolalahust' refers to a substance being consumed or used, not a location, so it is not adverbial of place.",no,no,no,no
990428,1577770,3,kasvama,,all,legaalsus,legaalsusele,Vaatamata vaieldavale legaalsusele on Napsteri tarkvara kasutajate arv kasvanud seni jälgitud aplikatsioonidest kõige kiiremini .,,,,no,"The phrase 'legaalsusele' refers to a legal condition or state, not a spatial location, so it is not adverbial of place.",no,no,no,no
8273190,13270043,5,laskma,välja,in,püstiasend,püstiasendis,Iga võistleja laskis välja püstiasendis kaheksa lasku .,,location,,no,"The phrase 'püstiasendis' describes the position or posture rather than a location, so it is not adverbial of place.",no,no,no,no
2888314,4631130,2,tõusma,,all,kampaania,kampaaniatele,Tänu kampaaniatele on sõeluuringus osalevate naiste protsent igal aastal tõusnud ja praeguseks on see juba üle 50% .,,,,no,The phrase 'kampaaniatele' is not an adverbial of place because it refers to a cause or reason rather than a location.,no,no,no,no
14056898,22381413,4,tulema,välja,el,imetlemine,imetlemisest,"Kuid oma naba imetlemisest ei tule midagi välja , sest igal sammul leidub märke lõunanaabrite sama suurest edasipüüdlikkusest .",,,,no,The phrase 'imetlemisest' is not an adverbial of place because it refers to an action or activity and does not indicate a location.,no,no,no,no
6064866,9735677,4,sõitma,otsa,ad,hinnang,hinnangul,"Sündmuskohal käinud politseiekspertide hinnangul sõitis noormehele otsa tumesinise kabiiniga madel- või furgoon-auto , mis oli ilmselt Volvo FL7 või FL10 .",,,,no,"The phrase 'hinnangul' indicates an estimation or judgment and does not describe a location; hence, it is not an adverbial of place.",no,no,no,no
14455185,22878937,3,moodustama,,in,Asparagu,Asparagus,Kimbu moodustavad Asparagus sprengeri võrsed peavad olema enam-vähem ühepikkused .,,,LOC,no,"The phrase 'Asparagus' refers to a plant species and does not describe a location; hence, it is not an adverbial of place.",no,no,no,no
4676253,7513594,19,otsima,,abl,rahusti,rahustitelt,""" Nutan ikka edasi ja järjest hullemaks läheb , "" ütleb murtud naine ja otsib elujõu säilitamiseks abi rahustitelt .",,,,no,"The phrase 'rahustitelt' refers to obtaining assistance from sedatives, which is not a physical location but rather a source, so it is not an adverbial of place.",no,no,no,no
1506553,2397762,12,põrkama,kokku,ad,väide,väitel,"Kokkupõrke versioon hakkas esmalt levima admiral Eduard Baltini suust , kelle väitel põrkas tuumaallveelaev kokku jäälõhkuja tüüpi transpordilaevaga .",,,,no,The word 'väitel' was classified as 'no' because it describes a manner or state of saying something rather than providing information about location.,no,no,no,no
6270382,10073061,25,muutuma,,adit,headus,headusse,"Näiteks kui "" Harala elulugudes "" ei suutnud mõni külaelanik räsitud aja taustal olla normipärane ja kõigile mõistetav , siis muutus ta lootusrikka usuga headusse ja armastusse sageli teiste pilkealuseks .",,,,no,The word 'headusse' was classified as 'no' because it indicates a state or direction of belief and not a physical or abstract place.,no,no,no,no
4059097,6533544,18,andma,ette,all,firma,firmale,Endale meelepäraste poliitiliste otsuste läbisurumises ja rahva arvamuse kujundamises annab Eenmaa silmad ette igale avalike suhete edendamise firmale .,,,,no,"'firmale' is not adverbial of place because it indicates a beneficiary or recipient, not a location.",no,no,no,no
2356019,3775535,9,võlgnema,,all,lõpplahendus,lõpplahendusele,"Ehk võlgneb ta oma edu ka peaaegu hullumeelsele lõpplahendusele , milles ta kangelane langeb läänerindel , sureb silmapilkselt ja jääb lamama , silmad taeva poole .",,,,no,"The phrase 'lõpplahendusele' indicates an end solution but does not specify a location, so it is not adverbial of place.",no,no,no,no
4734105,7605243,20,kahandama,,in,vabalang,vabalangus,"Tallinna börs avaldas eile suurärimehe Ernesto Preatoni firma Pro Kapitali börsilt väljaheitmise põhjendused , samal ajal kahandas ettevõtte aktsia vabalangus omanike varandust 30 protsendi võrra .",,,,no,"The phrase 'vabalangus' describes a state or condition rather than a location, so it is not adverbial of place.",no,no,no,yes
5705299,9151112,32,jääma,,abl,samm,sammult,"Tead , oli siin üks tants , sihuke kiire tants , "" Kodutants "" , tema hakkab mängima , paneb neljakordse kiirusega , tantsijad teevad kaks sammu , kõik jäävad poolelt sammult seisma , keegi ei oska enam midagi edasi teha .",,,,no,"The phrase 'sammult' does not indicate a physical location or position, so it is not adverbial of place.",no,no,no,no
16896731,25985891,42,ajama,,el,kaamera,kaameratest,"Arvasin , et võiks olla väike teema , kus saab arutada üldse kaameratest , lihtsalt selleks , et kui isu tuleb , ei peaks tegema uut teemat ühe kaamera jaoks , kas siis selle haipimiseks või selle kohta küsimiseks .. ajame kaameratest siin juttu ?",,,,no,"The word 'kaameratest' refers to 'about cameras' and indicates a topic or subject matter, not a location, so it is not adverbial of place.",no,no,no,no
10336671,16585093,10,toetama,,in,lõppkokkuvõte,lõppkokkuvõttes,"Igal riigil ja parteil on oma lähenemisnurk , kuid lõppkokkuvõttes toetavad kõik laienemist , ” ütles Mõõdukate kutsel Eestit külastanud Sigler Postimehele .",,,,no,"The word 'lõppkokkuvõttes' means 'in the end' and refers to a conclusion or result, not a location, so it is not adverbial of place.",no,no,no,no
88178,149707,7,kestma,,ad,hinnang,hinnanguil,"” Äikeseline tormihoog , mis erinevail hinnanguil kestis mõnest minutist poole tunnini ( hir-muga ei osata ajakulgu hinnata ) , tegi nagu hiigelteerull maatasa põliste kaskedega kalmistu .",,,,no,The phrase 'hinnanguil' was classified as 'no' because it refers to an evaluation or assessment rather than specifying a place.,no,no,no,no
7466053,11984782,8,heitma,,all,humanism,humanismile,"Kindlasti heidab ta ka kõrvalpilgu vasakpoolsuse rõhutatud humanismile , mis oleks justkui nõrgakeste kaitse , kuid pöördub kergesti vägivallaks nn tugeva enamuse vastu , kes kogu süsteemi üleval peab .",,,,no,The phrase 'humanismile' was classified as 'no' because it refers to an abstract concept (humanism) and does not indicate a location.,no,no,no,no
12887242,20615043,14,saabuma,,in,kriminaalasi,kriminaalasjas,"Lilles täidab Kihnu vallavanema kohuseid seni , kuni saabub selgus vallavanem Johannes Leasi kriminaalasjas , ütles Kihnu vallavolikogu esimees Evi Vesik .",,,,no,The phrase 'kriminaalasjas' was classified as 'no' because it refers to a legal case and does not denote a specific place.,no,no,no,yes
7977588,12794688,12,tahtma,,abl,tege,tegelt,"See korter oleks nagu täiesti kesklinnas , sellises uues majas , tegelt ma ei tahagi vanalinnas elada , aga kesklinnas niimoodi vanalinna lähedal , korter oleks seal viimasel korrusel ja täiesti ultra vaade oleks , noh , kogu linna peale , ma näeksin kaugele , kaugele .",,,,no,"The phrase 'tegelt' means 'actually' in Estonian and expresses a qualification or emphasis, not a location.",no,no,no,no
3835313,6177631,10,jälgima,,el,huvi,huvist,"Taavi Reidma : "" Olen šõud jälginud , peamiselt huvist Eesti muusikamaitse muutumise vastu .",,,,no,"The phrase 'huvist' indicates a reason or cause ('out of interest'), not a place.",no,no,no,no
14188826,22556452,8,ajama,,all,üliärev,üliärevile,Ajakirjanik Lolita Rozele antud intervjuu on lätlased üliärevile ajanud ja selle tekst on maandunud nii Eesti kui Leedu TV3 laudadel .,,,,no,"The phrase 'üliärevile' describes a state or condition ('very agitated'), not a location.",no,no,no,no
9910430,15897888,18,lähenema,,all,300000,300 000-le,"Loogiline , et sedavõrd tõsisemalt pean võtma kirjatööd , mille tulemusel valminud pildirea jälgijaskond igal laupäeval läheneb 300 000-le .",,,,no,"The phrase '300 000-le' refers to a numerical value or quantity rather than a location, so it is not classified as adverbial of place.",no,no,no,no
11356379,18194933,11,asuma,,all,laushävitamine,laushävitamisele,"Loodus soosis partisane , mispeale USA ja tema liitlased asusid laushävitamisele .",,,,no,"The phrase 'laushävitamisele' refers to an action or state (destruction) rather than a location, so it is not classified as adverbial of place.",no,no,no,yes
14844165,23341229,23,langema,,abl,aeglasemiga,aeglasemealt,"Samuti ei vaidle keegi vastu sellele , et tavakaameraga on täna veel võimalik produtseerida kvaliteetsemaid pilte , samuti langeb tavakaamera väärtus ajas aeglasemealt .",,,,no,"The phrase 'aeglasemealt' describes how something happens (slower), not where it happens.",no,no,no,no
16507014,25458721,8,andma,ette,all,areng,arengule,"Küsimus on selles , kas me anname arengule ette mingisuguse regulatsiooni , näeme ette mingeid ohtusid ja püüame neid vältida või me ei tee seda .",,,,no,"The phrase 'arengule' refers to development as a concept, not to a specific place.",no,no,no,no
18138414,27556173,36,hõlmama,,el,otsus,otsustest,"2 Tulenevalt Riigikohtu tsiviilkolleegiumi 10. märtsi 1999. a asja nr 3-2-1-6-99 ja 8. veebruari 2001. a asja nr 3-2-1-1-0 otsustest hõlmab kehavigastuse tõttu tekkinud mittevaraline kahju heaolu languse , mis on tingitud piirangutest isiku tegevuses ning elukorralduses : pikaajaline eemalolek harjumuspärasest keskkonnast , vajadus kõrvalise abi järele , teadmatus oma tervise paranemise võimalikkusest ning sunnitud loobumine oma harrastustest ning harjumustest .",,,,no,"The phrase 'otsustest' refers to decisions, which is not associated with a location.",no,no,no,no
13171468,21073492,4,loobuma,,all,surve,survele,Valitsuse ja kiriku survele vaatamata ei loobu Edward VIII plaanist abielluda mrs . Simpsoniga .,,,,no,The phrase 'survele' refers to pressure and not a physical location.,no,no,no,no
18072134,27496124,14,eraldama,,el,omarahastu,omarahastust,"Keskkonnainvesteeringute Keskus on esimese etapi ehituseks eraldanud 3,5 miljonit krooni pluss 10% operaatori omarahastust .",,,,no,The phrase 'omarahastust' is not indicating a place but refers to funding from the operator's own resources.,no,no,no,no
10096399,16197365,8,olema,vaja,abl,linnaosavalitsus,linnaosavalitsuselt,Kötsi sõnul oleks turu rajamiseks esmajärgus vaja linnaosavalitsuselt luba ning seejärel ehitada alale ümber tara ja lahendada turu valve küsimus .,,,,no,"The phrase 'linnaosavalitsuselt' refers to obtaining permission from the district government, which is not indicating a location.",no,no,no,no
9555062,15337426,14,tunnistama,,all,saavutamine,saavutamisele,Peeter Kiloman vaidles kohtuistungil pankrotiavaldusele vastu ning tunnistas ERA Panga nõuet viidates kokkuleppe saavutamisele ERA Pangaga võlgnevuse tasumiseks vastavalt koostatud maksegraafikule .,,,,no,"The phrase 'saavutamisele' refers to the achievement of an agreement and not to a specific location, so it is not adverbial of place.",no,no,no,yes
2815723,4515448,13,kandma,üle,all,määrus,määrusele,"Haigekassa on verevähihaigele Marge Valdmannile ravimi Glivec eest raha vastavalt Tallinna halduskohtu määrusele üle kandnud , kuigi ei pea seda ise õigeks .",,,,no,"The phrase 'määrusele' refers to a court decision and not to a specific place, so it is not adverbial of place.",no,no,no,no
7724917,12385204,10,karistama,,in,pankrotioht,pankrotiohus,"Tartu tervisekaitsetalitus on sellel aastal juba ühte piimatootmisettevõtet , pankrotiohus olevat KPÜ Tartu Piima vormikohase etiketi puudumise tõttu 6000- ja 1000-kroonise trahviga karistanud .",,,,no,The phrase 'pankrotiohus' is not classified as adverbial of place because it describes a state or condition (being in bankruptcy risk) rather than indicating a physical location.,no,no,no,no
15512871,24226449,4,annetama,,all,mõlema,mõlemale,miks annetas sõõrumaa mõlemale « liidrikandidaadile » raha .,,,,no,"The phrase 'mõlemale' refers to 'both candidates,' which denotes a relationship rather than a location, so it is not adverbial of place.",no,no,no,no
34492,59339,8,aitama,,in,kõik,kõiges,"Ta räägib mulle kõigest ning aitab mind kõiges , mida ma ise teha ei saa .",,,,no,"The phrase 'kõiges' refers to 'everything,' which indicates a broad scope rather than a specific place, so it is not adverbial of place.",no,no,no,no
14245333,22613453,5,jääma,,all,"0,5","0 , 5-le","Ametlik diskontomäär jäi stabiilselt 0 , 5-le , kus ta on püsinud alates 1995 . aasta septembrist .",,,,no,"The phrase '0 , 5-le' indicates a numerical value rather than a location, so it is not adverbial of place.",no,no,no,no
1643020,2615181,25,liikuma,,ad,eesmärk,eesmärkidel,"Tundus vähe raske loobuda mõttest , et üha suureneva liiklusega Eesti sillal liiguvad muud kui ohu ( loe : nõukogude tolli ) ähvardusel kultuurilistel eesmärkidel käsikirju salakaubana üle vedavad romantilised kujud .",,,,no,"The phrase 'eesmärkidel' refers to 'purposes' and denotes intent rather than a location, so it is not adverbial of place.",no,no,no,no
4110168,6615448,2,uppuma,,ad,ümberminek,ümberminekul,"Paadi ümberminekul uppus 15 inimest , neist seitse olid purjus .",,event,,no,"The phrase 'ümberminekul' describes the circumstance or condition under which the action happens, not a specific place, so it is not an adverbial of place.",no,no,no,yes
5369093,8612041,13,kaklema,,ad,relvatehing,relvatehingul,"Loodan , et meie pangad ei harrasta Kalevipoja kombel äri tegemist : relvatehingul ühega kakles , teise tappis ja kolmanda lörtsis .",,,,no,"The phrase 'relvatehingul' refers to an activity or occasion rather than a specific location, so it is not an adverbial of place.",no,no,no,yes
11228140,17990669,21,kavandama,,all,ülalpidamismaks,ülalpidamismaksule,"Kuus 1000-kroonise pensionilisa saamiseks tuleb aastas sisse maksta 2 x 7000 = 14 000 krooni , 5 ) valitsus kavandab vanurite ülalpidamismaksule lisa II pensionisambasse ning pole kuulda , et soodustusi tehtaks neile , kel juba ühed ülalpeetavad - lapsed - toita , 6 ) abielupaaril on ka endal vanemad , sageli pensionieas , kes vajavad lastelt materiaalset abi .",,,,no,"The phrase 'ülalpidamismaksule' refers to a financial concept or subject, not a place, so it is not an adverbial of place.",no,no,no,no
13391794,21420120,5,võitma,,all,häälestus,häälestusele,"“ Võitsime tänu paremale häälestusele , ” muheles Pere Leiva juhendaja Andres Toode .",,,,no,"The phrase 'häälestusele' refers to a cause or reason ('thanks to better preparation') rather than a location, so it is not an adverbial of place.",no,no,no,no
11434940,18322494,5,toimuma,,el,kardetu,kardetust,Õlavigastusest paranemine aga toimus kardetust kiiremini ning meie esiväravavaht jõudis MM-mängu eel neli korda trennigi teha .,,,,no,"The phrase 'kardetust' refers to a state of concern ('from what was feared') and is not related to a place, so it is not classified as adverbial of place.",no,no,no,no
55484,96103,15,hõlmama,,el,elanikkond,elanikkonnast,"Teiseks - kasvav tööpuudus , mis ametlikel andmetel hõlmab linnades praegu keskmiselt 3,5% töövõimelisest elanikkonnast .",,alive,,no,"The phrase 'elanikkonnast' refers to a group of people, not a specific location, so it is not an adverbial of place.",no,no,no,no
11923629,19079842,10,sisaldama,,el,kommentaar,kommentaarist,"DVD sisaldab hulgaliselt lisamaterjale , alates lavastaja Elmo Nüganeni kommentaarist kuni vaegkuuljatele mõeldud eestikeelsete subtiitriteni .",,,,no,"The phrase 'kommentaarist' refers to a source or material, not a place, so it is not an adverbial of place.",no,no,no,no
1151648,1829636,10,hindama,,in,käsi,Käes,""" Haiglane inimene , "" hindas koerte tapjat Taimi Käes .",,,,no,"The phrase 'Käes' was classified as not adverbial of place because it does not indicate a location or place, but rather might serve another function in the sentence.",no,no,no,no
108605,182767,18,seadma,,all,ambitsioon,ambitsioonidele,"Aga mine tea , võib-olla on terviku jaoks paremgi , et indiviid ise seab selliselt oma hukutavatele ambitsioonidele piirid .",,,,no,"'ambitsioonidele' refers to ambitions and not a physical location, so it is not adverbial of place.",no,no,no,no
3663030,5898787,2,laskma,,el,edu,edust,Esialgsest edust ei lasknud Super Expressi omanikud end siiski mitte pimestada ning valmistusid õigeaegselt konkureerimiseks selliste välismaiste hiiglastega nagu näiteks Rupert Murdoch .,,,,no,"'edust' relates to a state or condition of success rather than a physical location, so it is not adverbial of place.",no,no,no,no
11914509,19065014,3,võitma,,all,eneseohverdamine,eneseohverdamisele,Tänu meeletule eneseohverdamisele võitsimegi .,,,,no,"'eneseohverdamisele' refers to self-sacrifice, which is not a location, so it is not adverbial of place.",no,no,no,no
20868610,29804289,4,tahtma,,abl,phmt,phmt'lt,mrt: sest phmt'lt MA TAHAN KAUGELE SAARELE LENNATA ÄRA ..,,,,no,"'phmt'lt' is an abbreviation likely used in a conversational context, but it does not denote a place.",no,no,no,no
3656086,5888010,24,sattuma,,all,iga,igale,"Sukles kutsus volikogu juhatuse liikmed Toomas Vilosiuse , Andres Lipstoki ja Andres Ammase jalgrattasõidule , arvates , et autoga sõites poleks nad ehk igale poole sattunud .",,,,no,"The phrase 'igale' refers to a general scope or extent, not a specific location, so it is not an adverbial of place.",no,no,no,no
2261032,3619422,26,tõstma,,in,osa,osades,"Eelmisel nädalal alanud hinnasõda kütuse jaemüüjate vahel hakkab lõppema , Hydro Texaco kergitas teisipäeval bensiini 95 hinda 8,55 kroonilt 9,35 kroonile ning ka Neste on osades tanklates juba hindu tõstnud , teatas BNS .",,,,no,"The phrase 'osades' refers to parts or sections, not directly to a precise location, so it is not an adverbial of place.",no,no,no,no
12593801,20152974,9,osutuma,,in,kuulitõuge,kuulitõukes,MM-võistluste esimeseks kuldmedalivõitjaks osutus ukrainlane Aleksandr Bagatš meeste kuulitõukes .,,,,no,"The phrase 'kuulitõukes' refers to the event of shot put and is not indicating a location, so it is not classified as an adverbial of place.",no,no,no,yes
1410950,2244119,17,tõstma,,in,kord,korras,"Riigikogu rahanduskomisjoni esimehe Kalle Jürgensoni sõnul oleks parimaks lahenduseks , kui tööandjad tõstaksid palka hea tahte korras .",,,,no,"The phrase 'korras' describes the manner or way (good will) in which something could happen, not a location, so it is not classified as an adverbial of place.",no,no,no,no
69389,119366,1,eksima,,in,mis,Milles,Milles briti lordid eksisid ?,,,,no,"The phrase 'Milles' asks for the context or matter in which something occurred, not a location, so it is not classified as an adverbial of place.",no,no,no,no
622089,986977,7,andma,,adit,dotatsioon,dotatsiooni,Käesolevaks aastaks andis riik Saaremaa Laevakompaniile dotatsiooni 50 miljonit krooni .,,,,no,"The phrase 'dotatsiooni' refers to a subsidy or funding provided, rather than describing a location, so it is not classified as an adverbial of place.",no,no,no,no
11775000,18844961,12,tulema,välja,el,kavandatu,kavandatust,"Küsida tuleb aga seda , miks peaminister Juhan Parts Kallase kandidatuuriga kavandatust varem välja tuli .",,,,no,"The phrase 'kavandatust' refers to a comparison with something planned and does not indicate a location, so it is not classified as an adverbial of place.",no,no,no,no
7572469,12157727,6,põgenema,,in,olukord,olukorras,"Mõned töötud noored põgenevad niisuguses olukorras maskuliinsesse fundamentalismi , gangide rituaalsesse hierarhiasse .",,state,,no,"The phrase 'olukorras' refers to a situation or state rather than a physical location, so it is not classified as an adverbial of place.",no,no,no,no
9066864,14578219,5,hävitama,,ad,viis,viisil,"Serblased hävitavad Kosovo albaanlasi viisil , mis annab metsikuses silmad ette isegi natsidele",,,,no,"The phrase 'viisil' was classified as 'no' because it describes the manner of an action, not the location.",no,no,no,no
10920791,17489354,1,tekkima,,all,advokaat,Advokaatidele,"Advokaatidele tekkis eile ka ootamatu liitlane Venemaa presidendi Vladimir Putini näol , kes ise Saksamaal viibides vastu õhtut teatas , et “ ei pea Gussinski aresti põhjendatuks ” .",,alive,,no,"The phrase 'Advokaatidele' refers to the recipients (to lawyers) of the action, not a physical location.",no,no,no,no
2066358,3296791,1,jääma,,adit,elamispind,Elamispinda,Elamispinda jääks majja vaid kolmandik .,,location,,no,"The phrase 'Elamispinda' concerns a quantity or area of living space, not a specific location.",no,no,no,no
12669642,20272260,7,sisaldama,,el,hitt,hittidest,"Kontsert sisaldab endas enamiku Turneri tuntumatest hittidest , mitte ainult viimase heli-plaadi meeleolult suhteliselt keskpäraseid lugusid .",,,,no,"The phrase 'hittidest' does not indicate a location or place, hence it is not classified as an adverbial of place.",no,no,no,no
1407174,2237994,4,olema,alles,el,kraam,kraamist,"300 pudelist kangemast kraamist , millega kuni aastavahetuseni peab jätkuma , oli enamik veel alles .",,,,no,"The phrase 'kraamist' refers to 'stuff' or 'goods' and does not indicate a specific location or place, so it is classified as 'no'.",no,no,no,no
18352440,27818117,11,eelistama,,all,demokraatia,demokraatiale,"Siin äkki ongi jälle see põhjus , miks Harri eelistab demokraatiale , juhuslikule otsingule midagi muud .",,,,no,"The phrase 'demokraatiale' refers to 'democracy' and is not an adverbial of place because it does not specify a location, so it is classified as 'no'.",no,no,no,no
8340882,13365834,6,olema,vaja,all,ilm,ilmale,Ehk ei ole imet sellele ilmale üldse vaja ?,,,,no,"The phrase 'ilmale' refers to 'weather' and does not denote a location or place, so it is classified as 'no'.",no,no,no,no
4136616,6659072,2,võitlema,,in,eesots,eesotsas,Paremparteide eesotsas valimisvõidu pärast võidelnud peaminister Silvio Berlusconi hääletas pühapäeval Milanos ja hoidus eile päeva esimesel poolel avalikkuse ette ilmumast .,,location,,no,"The phrase 'eesotsas' means 'at the head' or 'in charge' and does not indicate a specific place, so it is classified as 'no'.",no,no,no,no
14595765,23053649,16,vigastama,,in,murd,murdudes,"Lääne-Virumaal püüdis veoautojuht esmaspäeval vältida otsasõitu teele jooksnud tüdrukule ja sõitis vastu aiaposti , mis murdudes vigastas teist tee ääres seisnud tütarlast .",,,,no,"The phrase 'murdudes' is an adverbial participle indicating a manner or process, not a place, hence it is not classified as an adverbial of place.",no,no,no,no
7261450,11676697,4,jätkama,,abl,zhest,zhestilt,"Siis jätkab poolelt zhestilt ja sõnalt kirglikult ja intensiivselt : “ Tõrvalill , tõrvalill oli see , mida ma lapsena vaatasin , ihalesin ja imetlesin .",,,,no,"The phrase 'zhestilt' indicates a source and not a place, therefore it is not classified as an adverbial of place.",no,no,no,no
7830748,12548261,1,vahendama,,abl,üks,Ühelt,"Ühelt poolt , nad vahendavad poliitilised otsu-sed/ protsessid läbi oma filtri rahva teadvusse , teiselt poolt , edastavad peamiselt oma arvamust poliitikutele ( lugeja/kuulaja arvamused jõuavad poliitikuteni ajalehe/raadio/",,,,no,"The phrase 'Ühelt' relates to direction or manner rather than a specific place, so it is not an adverbial of place.",no,no,no,no
5697248,9137414,11,kommenteerima,,all,rünnak,rünnakule,"Alliansi välisminister Abdullah Abdullah kommenteeris USA öhujöudude eriüksuste lennuki AC-130 rünnakule asumist sönadega , et "" söjaliselt tähendab see Afganistani terroristlike rühmituste vastase söja esimese faasi löppu "" .",,event,,no,"The phrase 'rünnakule' (to the attack) was classified as 'no' because it describes an action, not a location.",no,no,no,yes
9471923,15205877,6,põhjendama,,all,pää,pääle,"Selts põhjendab oma palvet selle pääle , et käesoleva kuu algul kroonu aurulaev “ Jurjev ” takistamata selle tee ära sõitis , kuna ennemalt arvati , nagu oleks Narova jõe kärestikust laevaga läbi pääsemine võimata .",,,,no,The phrase 'pääle' is not an adverbial of place as it does not indicate location but rather suggests a cause or reason for the action.,no,no,no,no
3158203,5071478,12,kindlustama,,in,kehakaal,kehakaalus,23. juunist 1. juulini Ungaris Sifokis toimuval Euroopa U-17 meistrivõistlustel on kehakaalus kuni 66 kg kindlustanud endale pronksmedali Eesti poksija Rodion Ippolitov .,,,,no,"The phrase 'kehakaalus' is not an adverbial of place as it refers to a weight category, which is not a spatial or locational context.",no,no,no,no
10353490,16612136,12,valmima,,el,remont,remondist,"“ Armastuse ja anarhia ” tänavune põhikino , esimesena Klaaspalee ruumidekompleksi remondist valminud Bio Rex seisab vastamisi moodsa kunsti muuseumi Kiasmaga , sada sammu eemal Tennisepalees on jõuludeks valmimas 14 saaliga uhke multiplex-kino .",,,,no,"The phrase 'remondist' is not an adverbial of place as it denotes the activity of renovation, not a physical location.",no,no,no,no
3343955,5378279,1,aeguma,,in,pakkumisjuht,Pakkumisjuhis,Pakkumisjuhis aegunud,,,,no,The phrase 'Pakkumisjuhis' is not an adverbial of place as it refers to an abstract concept (a guideline) and not a spatial location.,no,no,no,no
5725568,9183030,24,võitma,,all,abimees,abimeestele,"See on üks variant Eesti ühe tüüpilise imemuinasjutu algusest , kus ullikeseks peetud noorim perepoeg lõpuks teiste vendade kõrkuse kiuste ja tänu headele abimeestele kõik takistused võidab ning saab viimaks ka kuningatütre ja pool kuningriiki .",,,,no,"The phrase 'abimeestele' refers to people (good helpers) rather than a location, so it is not adverbial of place.",no,no,no,no
11378390,18232317,11,käima,,el,detail,detailidest,"Et asi on tõsine , näitab asjaolu , et projekti detailidest käis Peterburis rääkimas peaminister Mihhail Kasjanov .",,,,no,"The phrase 'detailidest' is not an adverbial of place because it refers to details of the project, not a location.",no,no,no,no
1067789,1696379,26,tekitama,,ad,muutmine,muutmisel,"Üheskoos avaldati lootust , et Riigikogu korruptsioonivastase erikomisjoni ülevaade korruptsioonivastase seaduse kohaldamisest 2000. aastal pälvib ka laiemat tähelepanu ning tekitab diskussioone olukorra selgemaks ja läbipaistvamaks muutmisel .",,,,no,"The phrase 'muutmisel' is not an adverbial of place as it describes a process of change or transformation, not a physical location.",no,no,no,no
12730813,20367402,17,seletama,,el,väsimus,väsimusest,"Kuna nad räägivad ainult prantsuse keelt , saame vesteldud käte ja jalgade abiga , » seletab väsimusest punaste silmadega Eva .",,,,no,The phrase 'väsimusest' refers to a condition (tiredness) and not a location.,no,no,no,no
18149013,27570774,8,liikuma,,ad,defineerimine,defineerimisel,"Mulle tundub , et me liigume talu defineerimisel ühes suunas .",,,,no,"The phrase 'defineerimisel' relates to an action (defining), not a place.",no,no,no,no
10230900,16417460,10,tegema,,abl,kaotusseis,kaotusseisult,"Moskva olümpiahõbe Kolczonay ( 44 ! ) tegi imet kaotusseisult 9 : 12 ja 13 : 14 , lüües Kajakut 15 : 14.",,state,,no,"The phrase 'kaotusseisult' refers to a state of being behind in score, not a location.",no,no,no,no
3384639,5446935,10,minema,vaja,in,tüli,tülis,"Kahe kange , alaliidu ja Noole pikka aega lõõmanud tülis läks vaja EOK presidendi lepitamist .",,,,no,"The phrase 'tülis' refers to a state of conflict, not a place.",no,no,no,no
14258641,22633957,12,ajama,,all,visandatu,visandatule,Viimased viis aastat on toosama Jeltsin ja tema meeskond ajanud äsja visandatule risti vastupidist välispoliitikat .,,,,no,"The phrase 'visandatule' refers to something drawn or outlined, which indicates an abstract concept, not a location, so it is not classified as an adverbial of place.",no,no,no,no
9587339,15388125,14,jääma,alla,all,Entel-tenteli,Entel-tentelile,"Ei saa öelda , et näiteks praegune “ Laulukarussell ” jääks tookordsele “ Entel-tentelile ” alla , aeg on lihtsalt hoopistükkis teistsugune . ”",,,,no,"The phrase 'Entel-tentelile' refers to a particular program, not a specific location, so it is not classified as an adverbial of place.",no,no,no,no
3508148,5649172,7,seisma,,ad,jõudmine,jõudmisel,"Cambrinuse õlleklubi seisab hea oma õlle jõudmisel kõikide õllesõpradeni , sest väikefirmadel nii siin kui sealpool lahte pole oma tootega turule tulemine kerge .",,,,no,"The phrase 'jõudmisel' refers to the act of reaching or arrival, which does not specify a location, so it is not adverbial of place.",no,no,no,yes
4783400,7681764,9,võitma,,all,punkt,punktile,Eile võitis Charlotte koduplatsil tänu Jamal Mashburni 31 punktile 85 : 78.,,,,no,"The phrase 'punktile' refers to a score or numerical value, not a location, so it is not classified as adverbial of place.",no,no,no,no
11472620,18380577,12,saatma,,in,esitus,esituses,"Ka tshetsheenid kinnitasid lahinguid Tsentoroi ja Galaitõ lähedal , kuid nende esituses on praeguseni edu saatnud hoopis iseseisvusvõitlejaid .",,event,,no,"The phrase 'esituses' was classified as 'no' because it refers to the way something is presented or performed, not a physical location or place.",no,no,no,no
16909023,25999921,4,lootma,,in,bannerivahetu,bannerivahetus,"Nädalasees loodan selle bannerivahetus scripti ka lõpuks tööle saada ja siis loodan , et saan iga nädalavahetus sinna tutorialeid lisada .",,,,no,"The phrase 'bannerivahetus' was classified as 'no' because it refers to a script or process, not a physical place or location.",no,no,no,no
4486195,7213449,8,kohtuma,,el,valim,valimist,Arnold Rüütel kohtus esimest korda pärast presidendiks valimist ametist lahkuva president Lennart Meriga ning andis endisele rahvastikuministrile Andra Veidemannile volitused koordineerida tema meeskonna tööd .,,,,no,"The phrase 'valimist' refers to the action or event of election and does not indicate a location, so it is not adverbial of place.",no,no,no,yes
4717264,7578658,1,tooma,sisse,all,risk,Riskidele,Riskidele vaatamata toob kanepiäri kenasti sisse .,,state,,no,"The phrase 'Riskidele' denotes the object of consideration or risk but does not indicate a specific location, so it is not classified as an adverbial of place.",no,no,no,no
3268437,5253738,19,jooksma,,el,rõõm,rõõmust,"kui šotlane ja nad joovad kurvastusest linna peal ja tõstavad meie elatustaset , kuigi võidu korral nad jooksid rõõmust ja nii arutades oleks vist viik meie majandusele kõige halvem tulemus .",,,,no,"The phrase 'rõõmust' conveys the cause or reason for running and drinking, not a specific place, so it is not classified as an adverbial of place.",no,no,no,no
819760,1307787,21,lausuma,,all,fakt,faktile,"Meil pole andmeid , et komponente oleks kadunud , "" lausus eile Postimehele Elcoteq Network Corporationi asepresident Osmo Kammonen vaatamata faktile , et Tallinna Ida politseiosakond on tabanud hulga Lasnamäel asuva tehase töötajaid , kes peidikute abil on tahtnud sealt välja tuua mobiiltelefonide erinevaid osi .",,,,no,"The phrase 'faktile' refers to a concept or idea, not a location, which is why it is not an adverbial of place.",no,no,no,no
7211004,11598684,2,kihutama,,ad,ülehelikiirus,ülehelikiirusel,"Ainsad ülehelikiirusel Euroopa ja Ameerika vahel kihutavad regulaarliinilennukid on pärast enam kui 30-aastast teenistust osutunud siiski liiga kalliks , nii et nende lennud lõpetatakse .",,,,no,"The phrase 'ülehelikiirusel' describes the speed and not a place, so it is not classified as adverbial of place.",no,no,no,no
732321,1166635,1,minema,,el,Seitsme,Seitsmest,Seitsmest on neli läinud üle saja korra .,,,,no,The phrase 'Seitsmest' is not adverbial of place as it describes a numerical subset rather than a location.,no,no,no,no
260990,411783,8,vähenema,,all,karistus,karistusele,"Teise küsitluse tulemused olid sellised , et karistusele orienteeritus vähenes ( M=6 , 17 ) .",,,,no,"The phrase 'karistusele' is not an adverbial of place because it indicates orientation towards punishment, not a specific physical place.",no,no,no,no
7397788,11873825,5,levima,,el,vaikimine,vaikimisest,"Õige pea , rangest vaikimisest hoolimata levis aga kuuldus , et Maarja-preili olevat röövinud "" sakste "" kulla ja hõbeda ning sellega Peterburist jalga lasknud .",,,,no,"The phrase 'vaikimisest' refers to the act of silence rather than a physical location, so it is not classified as an adverbial of place.",no,no,no,no
5874224,9428092,13,olema,vaja,all,atraktsioon,atraktsioonidele,"kui heast seltskonnast ja lõõgastavast keskkonnast piisab , ei ole vesi-õhk-maa tüüpi atraktsioonidele vaja mõelda .",,,,no,"The phrase 'atraktsioonidele' refers to types of activities or attractions rather than a physical location, so it is not classified as an adverbial of place.",no,no,no,no
9099831,14631929,4,jääma,alles,el,reform,reformidest,Põllumajandus jääb mistahes reformidest hoolimata igal juhul alles .,,,,no,"The phrase 'reformidest' refers to reforms and not a location, so it is not adverbial of place.",no,no,no,no
2581468,4143073,15,ületama,,in,liikulune,liikuluses,Ööpäeva jooksul on liikluses hukkunud neli inimest ning Maanteeameti hinnangul ületab ebanormaalse olukorra tõttu liikuluses tänavu aasta lõpuks hukkunute arv kindlasti 200 inimese piiri .,,,,no,"The phrase 'liikuluses' refers to the state of traffic, not a physical location, so it is not adverbial of place.",no,no,no,no
15400130,24057193,13,panema,,abl,punkt-punkt,punkt-punktilt,Lp. Volado on nüüd nii lahke ja paneb kaalukad argumendid liitumise poolt punkt-punktilt kirja .,,,,no,"The phrase 'punkt-punktilt' refers to a manner or method rather than a physical location, so it is not an adverbial of place.",no,no,no,no
15937154,24791043,7,tunduma,,in,kehastus,kehastuses,"Giorgetta armuke laadija Luigi  Vello Jürna  kehastuses tundus tüübina , kel teab kui sügavaid tundeid Giorgetta vastu pole , ta pigem kasutab juhust .",,,,no,"The word 'kehastuses' refers to the state or role of a person and not a location, so it is classified as not adverbial of place.",no,no,no,no
728039,1159651,13,maksma,,abl,must,mustalt,"Maksuametnike ja tööinspektorite kontrollkäigud firmadesse võivad paljastada tööandjaid , kes inimestele "" mustalt "" palka maksavad .",,,,no,"The phrase 'mustalt' describes the manner in which something is done, not a location.",no,no,no,no
12694790,20310528,23,vastama,,abl,kulumisaste,kulumisastmelt,Võrdluseks : lennukompanii British Airways käsutuses olevatel Concorde'idel on on agentuuri Reuters andmetel selja taga 15 405 - 22 742 lennutundi ning kulumisastmelt vastavad nad viie-kuue aasta vanusele Boeing 747 tüüpi reisilennukile .,,,,no,The phrase 'kulumisastmelt' describes a comparison or condition rather than a physical location.,no,no,no,no
12531314,20058314,15,sõitma,kokku,ad,libe,libedal,"Õhtul ei osanud varasematest õnnetustest õppust võtta Opeli ja Moskvitši juht , kes sõitsid libedal kokku Pärnu maanteel Kernu juures .",,,,no,"The phrase 'libedal' describes the condition of the road (slippery) rather than indicating a location, so it is not classified as an adverbial of place.",no,no,no,no
10727484,17189232,10,vahendama,,abl,jagu,jaolt,"Kõige rohkem kuulutusi leidub tutvumisrubriigis , mis vahendab suuremalt jaolt intiimsuhteid .",,,,no,The phrase 'jaolt' was classified as 'no' because it indicates a manner or extent rather than a physical place.,no,no,no,no
951646,1515839,10,kalduma,,all,roppus,roppusele,"Veebiküljelt leiad ka padulahedate laulude sõnad , mis kalduvad roppusele ning on seetõttu seda naljakamad .",,,,no,"The phrase 'roppusele' was classified as 'no' because it indicates a tendency or inclination toward something, not a specific place.",no,no,no,no
10020880,16075234,13,võtma,kokku,in,silmanurk,silmanurgas,"“ See on suurim väljakutse pärast Talvesõda , ” võtavad kerge pilkega silmanurgas kuus kuud kestva eesistumisaja kokku Soome välisministeeriumi ametnikud .",,,,no,"The phrase 'silmanurgas' was classified as 'no' because it describes a manner of expression (with a slight smile), not a location.",no,no,no,no
3395482,5464878,6,avaldama,,in,jõulukaunistus,jõulukaunistustes,"Näiteks avaldas see ajaleht pildiseeria jõulukaunistustes Londonist , New Yorgist ja Pariisist ning kuulutas suures pealkirjas : "" Kui maailma suured linnad löövad särama , küsib Sydney ...",,,,no,"The phrase 'jõulukaunistustes' describes decorations for Christmas, which is related to a specific setting or context, not a location, so it was classified as 'no'.",no,no,no,no
9790246,15707974,20,lähenema,,all,000,000le,"Kui 1992. aastal oli Eesti õhuruumis ülelende natuke alla 10 000 , siis 1996. aastal lähenes see arv juba 50 000le .",,,,no,"The phrase '000le' refers to a numerical quantity or value, not a location, so it was classified as 'no'.",no,no,no,no
17157306,26352158,11,nägema,,all,arvuti,arvutile,Üks tuttav nägi kuskil lehes reklaami mingile PC hot 1300 arvutile .,,,,no,"The phrase 'arvutile' refers to an object (to the computer) rather than describing a location, so it is not an adverbial of place.",no,no,no,no
8558795,13717761,14,sõdima,,ad,sunniviis,sunniviisil,"Selles ei muuda midagi seegi , et eestlasi ka Punaarmees sõdis , enamik sunniviisil .",,,,no,"The phrase 'sunniviisil' describes a manner (by compulsion) rather than a location, so it is not an adverbial of place.",no,no,no,no
7683577,12320035,6,tunnistama,,in,korterivargus,korterivarguses,"Põdra tunnistas end süüdi üheteistkümnes korterivarguses , võltsimises ning petturluses , kuid eitas rängemaid süüdistusi .",,,,no,"The phrase 'korterivarguses' indicates an involvement in an activity (in the apartment burglary) rather than expressing a location, so it is not an adverbial of place.",no,no,no,yes
7397991,11874217,9,kihutama,,ad,halb,halval,"Heal juhul pääsevad nad tema käest põgenema , halval aga kihutavad talle endale kuuli keresse ja kaovad ikkagi .",,,,no,"The phrase 'halval' refers to a condition or state and does not indicate a location, thus it is not an adverbial of place.",no,no,no,no
8770510,14075590,7,kavandama,,all,tarbija,tarbijatele,Eesti Energia kavandab Liive sõnul oma tarbijatele siiski teatud üllatusi .,,,,no,"The phrase 'tarbijatele' specifies the recipients of an action rather than a location, so it is not classified as an adverbial of place.",no,no,no,no
2643572,4242182,9,juhtuma,,el,tööõnnetus,tööõnnetusest,"Enam kui kümnendik tööinspektsioonis registreeritud eelmise aasta 3594 tööõnnetusest juhtus hulgi- ja jaekaubanduses , nendest veerandi puhul oli tegemist tõsisema juhtumiga .",,event,,no,"The phrase 'tööõnnetusest' refers to the type or subject of accidents rather than indicating a location, so it is not an adverbial of place.",no,no,no,yes
65590,112660,9,kuuluma,,all,AS,AS-ile,See asub Tallinna külje all Haabneemes ning kuulub AS-ile Toom Kaubandus .,,,ORG,no,"The phrase 'AS-ile' refers to possession or belonging rather than a location, so it is not an adverbial of place.",no,no,no,no
5782600,9277801,10,vormistama,,in,toon,toonides,Õhulisuse ja elegantsi lisamiseks vormistasid arhitektid mõlemad tornid eri toonides klaasfassaadiga - üks kaetakse kirka peegelklaasi ja teine tumeda klaasiga .,,,,no,"The phrase 'toonides' describes colors or shades (tones) and does not indicate location, so it is not adverbial of place.",no,no,no,no
1684564,2681689,4,süttima,,ad,andmed,andmeil,Albaanlaste Kosovo Infokeskuse andmeil on paljud külad pommirünnakutes põlema süttinud .,,,,no,"The phrase 'andmeil' means 'according to' and refers to the source of information, not to a location, so it is not adverbial of place.",no,no,no,no
6734689,10833937,2,kasvama,,all,euroraha,eurorahale,Tänu eurorahale kasvab eelarve tänavusega võrreldes koguni 17 protsenti .,,,,no,"The phrase 'eurorahale' was classified as 'no' because it indicates the reason for the budget growth (due to EU money), not a specific location or place.",no,no,no,no
3083704,4950052,22,valama,,all,plaan,plaanile,"Ei muud kui inimlik kadedus ning üleolev suhtumine malesse seisis nende spordialaliitude juhtide-treenerite väljaütlemise taga , kes eilses Postimehes maleolümpia korraldamise plaanile tuld ja tõrva peale valasid .",,,,no,The phrase 'plaanile' is not classified as adverbial of place because it refers to the plan itself rather than specifying a physical location.,no,no,no,no
7030033,11292856,17,tegutsema,,ad,elluviimine,elluviimisel,"Pärast presidendiks saamist alustas Assad suuri reforme , kuid kriitikud ütlesid , et valitsus tegutseb nende elluviimisel liiga aeglaselt .",,,,no,The phrase 'elluviimisel' is not classified as adverbial of place because it describes the act of implementation and not a physical place.,no,no,no,yes
9829552,15772338,23,ületama,,in,kogu,kogudes,"Tallinna linnavalitsus andis eile heakskiidu Läänemere Üldgümnaasiumi direktori Jevgeni Karavajevi lahtilaskmiseks , leides , et koolijuht ületas igasuguseid piire õpilastelt seadusevastaselt raha kogudes .",,,,no,The phrase 'kogudes' is not classified as adverbial of place because it refers to the action of collecting rather than indicating a location.,no,no,no,yes
12045056,19279917,3,andma,,adit,lisaressurss,lisaressurssi,See annaks lisaressurssi 56 miljonit krooni .,,,,no,"The word 'lisaressurssi' refers to additional resources and does not denote any physical location, so it is not an adverbial of place.",no,no,no,no
12058748,19302902,5,näima,,in,kiirus,kiiruses,« Ma ei näinud kiiruses enam mingit varu .,,,,no,"The word 'kiiruses' refers to the concept of speed and not to any physical place, so it is not an adverbial of place.",no,no,no,no
10235807,16425251,2,vabanema,,in,fotograafia,fotograafias,Dokumentaalsusest fotograafias ei vabane nii ehk teisiti .,,,,no,"The phrase 'fotograafias' refers to a domain or field rather than specifying a physical location, so it is not classified as an adverbial of place.",no,no,no,no
997602,1588793,10,langetama,,in,kohtuasi,kohtuasjas,"Moskva linnakohus langetab täna otsuse USA kodaniku Edmond Pope'i kohtuasjas , keda süüdistatakse spionaažis .",,,,no,"The phrase 'kohtuasjas' relates to a legal matter or case and does not indicate a physical location, so it is not classified as an adverbial of place.",no,no,no,yes
1415451,2251470,12,kandideerima,,el,tagakiusamine,tagakiusamisest,"Filmid "" Berliini lahing "" ja "" Kollane täht "" juutide tagakiusamisest on kandideerinud Oscarile , ta on võitnud Berliini filmifestivalil Hõbekaru .",,,,no,"The phrase 'tagakiusamisest' refers to the topic of persecution, not a location, so it is classified as 'no'.",no,no,no,no
2244913,3591465,10,mõjuma,,in,emotsionaalsus,emotsionaalsuses,"Hocine töö on olemuselt traagiline , kuid samas oma emotsionaalsuses mõjus - igati peapreemia vääriline .",,,,no,The phrase 'emotsionaalsuses' is classified as 'no' because it refers to a characteristic or quality rather than a specific location.,no,no,no,no
13149835,21040023,10,eelistama,,all,harjutamine,harjutamisele,"Kuuldused , et odaviske maailmameister Andrus Värnik eelistab tõsisele harjutamisele kergeid trenne ja pidutsemist ning võib kaotada isegi kodustele konkurentidele , said eile kummutatud .",,,,no,"The phrase 'harjutamisele' is classified as 'no' because it indicates an activity or focus, not a place.",no,no,no,no
9609445,15424013,7,lähenema,,all,erastamine,erastamisele,“ Balti riigid lähenevad oma energiaettevõtete erastamisele .,,,,no,"The phrase 'erastamisele' is classified as 'no' because it refers to a process or action, not a physical location.",no,no,no,yes
11577381,18538968,4,kaaluma,,in,kunstiline,kunstilises,"Õigupoolest seda orkestrit kunstilises kaalus veel ei ole , kuid ta on mõneti praegu just sündimas .",,,,no,"The phrase 'kunstilises' refers to an abstract quality ('in artistic weight') rather than specifying a physical or spatial location, so it is not adverbial of place.",no,no,no,no
3815934,6146501,8,tunduma,,in,halenaljakas,halenaljakas,"Ehkki esmapilgul tundub kivisse raiutud kirjaviga lihtsalt halenaljakas , on Venemaa saatkonna poolt kordasaadetu näol tegu jultunud ja provokatiivse käitumisega .",,,,no,"The phrase 'halenaljakas' expresses a judgment or characteristic ('simply pathetic and funny') and not a spatial or physical place, so it is not adverbial of place.",no,no,no,no
15259344,23834521,8,murdma,,in,viht,vihas,"Lisatud on tsitaat Piiblist : « Oma vihas murdis Mooses käsulauad pooleks , kui ta tagasi mäe otsast alla kõndis .",,,,no,"The phrase 'vihas' describes the reason or cause of the action rather than a specific location, so it is not adverbial of place.",no,no,no,no
4771828,7663145,8,tõusma,,all,5.70,5.70-le,"Näiteks Pilsneri õlle tehase väljamüügihind tõuseb 5.40-lt 5.70-le , Ordumeistri õlu aga 7.07-lt 7.50-le.",,,,no,"The phrase '5.70-le' relates to a numerical value or amount rather than a location, so it is not adverbial of place.",no,no,no,no
424034,661145,6,väitma,,in,kild,killus,"Ühes tosinkond aastat tagasi avaldatud killus "" Kriitiku mudelsituatsioon "" väitis Hando Runnel , et "" kriitik on abimees , kes tuleb ja hüüab oma jõudu tööle !",,,,no,"The phrase 'killus' refers to a part or piece of something rather than a physical location, so it is not adverbial of place.",no,no,no,no
8462550,13563326,8,toetama,,in,mask,maskis,Tulistamist oli toetanud ka kraavis varitsenud mustas maskis ja isevalmistatud summutiga Makarovi püstoli padruneid tulistava automaatrelvaga Riia elanik Artor ( sündinud 1968 ) .,,,,no,"The phrase 'maskis' describes the state or condition of the shooter instead of a place, so it is not adverbial of place.",no,no,no,no
3977469,6404005,25,selgitama,,el,vildak,vildakust,""" NATO leping ei saa ju olla vastuolus ÜRO hartaga , muidu me peaksime ÜRO-st välja astuma , "" selgitas riigikaitsekomisjoni esimees peaministri mõttekäigu vildakust .",,,,no,"The phrase 'vildakust' was classified as 'no' because it refers to a concept or condition, not a location or place.",no,no,no,no
6231482,10008455,16,saabuma,,in,nihe,nihkes,"Ehkki Vene Oktoobriraudtee töötab sõjaväelise täpsusega , saabuvad nii pika ahela juures rongid aeg-ajalt ikka nihkes graafikuga .",,,,no,"The phrase 'nihkes' describes timing or coordination rather than a location, so it is not an adverbial of place.",no,no,no,no
7475748,11999834,2,karjuma,,ad,väide,väitel,Lehe väitel karjusid 8. mail ligi 40 noort Narvas Daumani tänaval loosungit “ Sieg Heil ” .,,,,no,"The phrase 'väitel' describes the source of information rather than a location, so it is not an adverbial of place.",no,no,no,no
17058762,26219826,5,ilmutama,,in,kartus,kartuses,"Kuigi Milosevic ilmutas õhurünnakute kartuses viimasel hetkel järeleandlikkust , võib vastasseisu sumbumise järel ennustada suure tõenäosusega peagi uut kriisi .",,state,,no,The phrase 'kartuses' is not an adverbial of place because it refers to a state of fear rather than indicating a location.,no,no,no,no
2575897,4133512,8,alluma,,all,Rahvusvaheline,Rahvusvahelisele,"Soome ajaleht Helsingin Sanomat kahtlustab , et Rahvusvahelisele Suusaliidule ( FIS ) allunud labor lahjendas tahtlikult 2001. aasta Lahti MM-võistluste eel suusatajailt võetud vereproove .",,,ORG,no,"The phrase 'Rahvusvahelisele' is not an adverbial of place because it refers to an organization or entity, not a location.",no,no,no,no
474192,744232,17,võitlema,,in,munder,mundris,"Nii vastab Gailiti romaan lihtsalt ja selgesti tüütult sageli kergitatavale küsimusele , miks eestlased võitlesid saksa mundris .",,,,no,"The phrase 'mundris' refers to the attire or uniform and does not indicate a location, so it was classified as 'no'.",no,no,no,no
14346910,22774678,11,leiduma,,el,lubatu,lubatust,"56aastasele näitlejale esitatakse ametlik süüdistus , kui tema veres leidub lubatust rohkem alkoholi .",,,,no,"The phrase 'lubatust' refers to an allowable limit rather than a location, so it was classified as 'no'.",no,no,no,no
7170377,11533842,6,osutuma,,in,käitumine,käitumises,Praeguse valitsuse põllumajandusministeerium on oma käitumises osutunud täiesti etteaimamatuks .,,,,no,"The phrase 'käitumises' refers to the manner or behavior and does not indicate a location, so it is not adverbial of place.",no,no,no,no
3764433,6063368,7,kinnitama,,el,nahk,nahast,Tädi kogenud pilk kinnitas kohe : nahast !,,,,no,"The phrase 'nahast' specifies the material of something, not a location, so it is not adverbial of place.",no,no,no,no
4330231,6966138,27,tekitama,,ad,hakkamasaamine,hakkamasaamisel,"Ega olegi niikaua , kui nad ei muutu oma aktiivse käitumise tõttu meie poolt raskesti juhitavateks ning selline käitumine ei tekita meis abituse tunnet selliste lastega hakkamasaamisel .",,,,no,"The phrase 'hakkamasaamisel' refers to the act of coping or managing, which is related to an action or state rather than specifying a location, so it is not classified as adverbial of place.",no,no,no,no
3002752,4816366,9,laskma,,all,paluma,palun,"Punane rätik uksel annab märku , et laske palun magada , rohelisega öeldakse , et tulge juba tuba koristama .",,,,no,"The phrase 'palun' is a polite expression and does not refer to a location, so it is not an adverbial of place.",no,no,no,no
4553,7793,9,olema,alles,el,joonistus,joonistusest,"Lõpuks oled end kulmudeni täis tätoveerinud ning algsest joonistusest pole midagi alles , ” sõnab Ülle .",,,,no,"The phrase 'joonistusest' refers to something originating from a drawing, not a location, so it is not classified as an adverbial of place.",no,no,no,no
2237890,3579896,12,võtma,,all,kiirendamine,kiirendamisele,"Uue peaministri Siim Kallase sõnul võtab valitsus kursi Eurooopa Liiduga liitumisläbirääkimiste kiirendamisele , tehes seejuures "" palju valusaid otsuseid , mida on seni edasi lükatud "" .",,,,no,"The phrase 'kiirendamisele' describes the target or focus of action rather than a place, so it is not an adverbial of place.",no,no,no,no
4609437,7408075,6,laskma,,all,pulber,pulbrile,""" Hiljuti lasime leitud valgele pulbrile ekspertiisi teha ja selgus , et amfetamiini oli seal vaid 12 protsenti , "" meenutas Sass .",,,,no,The phrase 'pulbrile' was classified as 'no' because it refers to the object of the action (the powder) and not a place.,no,no,no,no
9490480,15235211,46,vallutama,,in,tuhin,tuhinas,"Samal päeval kirjutati alla veel analoogne kokkulepe ümberasumise kohta Leedu NSVst , konfidentsiaalne Saksa-Nõukogude lepe vastastikuste varanõuete kohta , protokoll vastastikuste kaubasaadetiste arvelduse kohta ja lisaks veel eraldi leping 7,5 miljoni kulddollari maksmise kohta Leedu edelanurga eest , mille Nõukogude Liit oli vallutanud Leedu okupeerimise tuhinas kõiki varasemaid Saksa riigiga sõlmitud lepinguid ja vähemalt kahte salaprotokolli eirates .",,,,no,"The phrase 'tuhinas' refers to an emotional or mental state and not a physical location, so it was classified as 'no'.",no,no,no,no
562519,889633,9,kasvama,,ad,arvestamine,arvestamisel,Pool aastat 300 000 krooni maksmata võlg oleks viiviste arvestamisel kasvanud aasta lõpuks 800 000 kroonini .,,,,no,"The phrase 'arvestamisel' describes a process or context rather than a physical location, so it was classified as 'no'.",no,no,no,yes
11270602,18062696,15,tulema,välja,el,hävitamine,hävitamisest,"Aga kui Venemaa ei ratifitseeri konventsiooni ega ühine selle kontrollmehhanismiga , ei tule keemiarelvastuse hävitamisest midagi välja .",,,,no,"The phrase 'hävitamisest' refers to an action or result instead of a physical location, so it was classified as 'no'.",no,no,no,yes
4272664,6874708,13,kuluma,,el,omavahend,omavahenditest,"Leksi juhatuse esimees Raul Kastan ütles , et hoone renoveerimiseks kulus seltsil omavahenditest kümme miljonit krooni .",,,,no,"The phrase 'omavahenditest' describes the source of funds, not a physical location, so it is not classified as an adverbial of place.",no,no,no,no
2344084,3755050,2,sõlmima,,all,kokkulepe,kokkuleppele,Vastavalt kokkuleppele sõlmib EAÜ osaühinguga tagantjärele lepingu muusikateoste kasutamiseks .,,,,no,"The phrase 'kokkuleppele' describes an agreement or understanding, not a physical location, so it is not classified as an adverbial of place.",no,no,no,no
12645685,20232903,4,nägema,välja,in,depressioon,depressioonis,Näen ma tõepoolest depressioonis inimese moodi välja ? ” laiutas ManU keskväljamees käsi .,,state,,no,"The phrase 'depressioonis' refers to an emotional state, not a physical location, so it is not classified as an adverbial of place.",no,no,no,no
3283953,5278197,17,maanduma,,ad,teade,teatel,"LAXi probleemid mõjutasid kokku umbes 800 lennukit riigis , sealhulgas reisilennukeid ja eraõhusõidukeid , kuid võimude teatel maandusid lennukid lõpuks õnnelikult kas algses sihtpunktis või seal , kuhu nad ümber suunati .",,,,no,"The phrase 'teatel' describes the source of the information, not a physical location, so it is not classified as an adverbial of place.",no,no,no,no
10895360,17449893,4,unustama,,all,riiklus,riiklusele,Oleme unustanud üksmeele riiklusele tähtsate valdkondade käsitlemisel .,,state,,no,"The phrase 'riiklusele' refers to the concept of statehood, not a physical location, so it is not classified as an adverbial of place.",no,no,no,no
1476193,2349252,8,helistama,,in,ühendus,ühenduses,"Katrin on isa ja õega üle päeva ühenduses kord helistab , kord saadab meile .",,,,no,"The phrase 'ühenduses' indicates a state or condition of being in contact, not a physical location, so it is not an adverbial of place.",no,no,no,no
8951575,14390078,21,tellima,,abl,Estiko,Estikolt,"Ta täiendas , et käive on kahanenud umbes viiendiku võrra , sest Eesti toiduainetööstus pääseb vähem idaturule ning ei telli Estikolt enam endises koguses kile- ja plastpakendeid .",,,ORG,no,"The phrase 'Estikolt' indicates the source or provider, not a physical location, so it is not an adverbial of place.",no,no,no,no
1322924,2103054,8,vahetama,,all,vajadus,vajadusele,"Meie tiim vahetas pidevalt vastavalt külmast lõikavale vajadusele salle , mütse ja kindaid .",,,,no,The phrase 'vajadusele' relates to a need or requirement and does not describe a physical location or place.,no,no,no,no
5105263,8193145,8,võlgnema,,all,eneseusk,eneseusule,"Ühes olen aga kindel , võlgneme võidu eneseusule ja kõrgele võitlusmoraalile .",,,,no,"The phrase 'eneseusule' refers to self-belief, which is not a physical location or place.",no,no,no,no
969490,1544318,18,raputama,,in,hämming,hämmingus,""" Et me siis ka niimoodi pidime avalikkuse ette ilmuma ... "" raputab Urmas veel päevi hiljemgi hämmingus pead .",,,,no,"The phrase 'hämmingus' describes a state of being confused or bewildered and does not denote a location, therefore it is not an adverbial of place.",no,no,no,no
18798597,28398176,1,levima,,el,veespordiala,Veespordialadest,"Veespordialadest on meil levinud allveeujumine ja veesuusatamine , kõige enam kalastamine .",,,,no,"The phrase 'Veespordialadest' refers to the topic or category of water sports, not a physical location, so it is not an adverbial of place.",no,no,no,no
6678164,10744927,5,viima,,in,asend,asendis,"Jalad viivad vaid konstantses asendis keha ühest kohast teise , ka näoilme on muutumatu - infot kannavad käed .",,,,no,The phrase 'asendis' was classified as 'no' because it does not specify a location but rather a state or position.,no,no,no,no
14253046,22625647,8,jääma,alles,el,rikkus,rikkusest,"Samas liiguvad kõrgseltskonnas tiitlikandjad , kelle kunagisest rikkusest pole vähimatki alles jäänud .",,,,no,The phrase 'rikkusest' was classified as 'no' because it refers to a concept of wealth rather than a physical location.,no,no,no,no
3249259,5221168,8,määrama,,in,palgejoon,palgejoontes,Eellaste olemuslik erinevus on määranud paljugi laste palgejoontes .,,,,no,The phrase 'palgejoontes' was classified as 'no' because it refers to facial features and not a place.,no,no,no,no
9634907,15460975,11,välistama,,all,väärtegu,väärtegudele,Tavaliselt ei leita neil juhtudel tunnistajaid ja pedagoogide ringkaitse välistab väärtegudele hinnangu andmise .,,,,no,"The phrase 'väärtegudele' is not classified as adverbial of place because it refers to giving an assessment to misdemeanors, which is not indicative of a location.",no,no,no,no
209570,341819,5,loobuma,,all,seadus,seadusele,Töövõtjad loobuvad vastavalt töölepingu seadusele ja töölepingule õigusest otsustada enda tegevuse üle ja allutavad end vabatahtlikult ettevõtjate ja nende esindajate ( juhtide ) kontrollile .,,,,no,The phrase 'seadusele' is not classified as adverbial of place because it refers to following a law and not a specific location.,no,no,no,no
108844,183185,13,lubama,,in,eesots,eesotsas,Hoolimata arvamusküsitluste tulemustest on Helmut Kohl vähemalt näiliselt optimistlik ja lubab SPD-d eesotsas kantslerikandidaat Gerhard Schröderiga valimistel võita .,,location,,no,The phrase 'eesotsas' is not classified as adverbial of place because it refers to being at the forefront or leading and does not indicate a location.,no,no,no,no
7770044,12457018,3,haarama,,el,soovitus,soovitusest,"“ Haarasin soovitusest kui õlekõrrest , ” tunnistas Clevelandis Western Reserve'i ülikooli füsioloogia osakonna magistratuuri astunu .",,,,no,"'soovitusest' was classified as 'no' because it refers to the source of the suggestion, not to a place.",no,no,no,no
17795252,27168775,11,andma,,adit,reputatsioon,reputatsiooni,"Kas tegemist on sellega , et sinule naine andsin miinus reputatsiooni ?",,,,no,The phrase 'reputatsiooni' does not refer to a place and hence is not classified as an adverbial of place.,no,no,no,no
18459085,27963728,3,tegema,,abl,ümarguse,ümarguselt,see teeb ümarguselt ca 10 000. - aastas per installatsioon,,,,no,"It was classified as 'no' because 'ümarguselt' indicates manner or approximation, not location.",no,no,no,no
417452,650052,3,hukkuma,,ad,süü,süül,"Purjus juhtide süül hukkus läinud aastal 7,3 miljoni elanikuga New Yorgis väidetavalt vaid 33 inimest , 18 ohvrit vähem kui aasta varem .",,,,no,"It was classified as 'no' because 'süül' indicates cause or reason, not location.",no,no,no,no
410264,638184,13,tunnistama,,in,häda,hädas,"Tartu Ülikooli kõrva- ja kurgukliinikus käivad mõnikord ka need mehed-naised , kes hädas norskamisega ja isegi endale tunnistavad , et nad kaasmagajatele “ ristiks ” kaelas on .",,,,no,"The phrase 'hädas' describes a state or condition rather than a location, so it is not classified as adverbial of place.",no,no,no,no
10622361,17025349,1,jääma,,el,Kaheksa,Kaheksast,Kaheksast osalusõiguse väljavõidelnust jäid kaks vigastuse tõttu tulemata .,,,,no,The phrase 'Kaheksast' refers to a quantity and not to a location.,no,no,no,no
311906,489485,14,otsustama,,in,osa,osas,"Kumb kaalub nende jaoks rohkem , kas maailmavaade või sugupool , otsustab suures osas selle , kes juhib Soomet järgmised kuus aastat .",,,,no,"The phrase 'osas' indicates a part or aspect, not a place.",no,no,no,no
11227926,17990286,11,tõmbama,,el,kauplemine,kauplemisest,Keskaegse Tartu jõukus ja tähtsus ei tõmmanud ligi üksnes rahumeelsest kauplemisest huvitatuid .,,,,no,The phrase 'kauplemisest' refers to an activity (trading) and not a location.,no,no,no,no
3639448,5860928,3,kerkima,,el,vestlus,vestlustest,Mõtlemapanevat kerkis vestlustest Suurbritannia veerandmaileri Iwan Thomase ja kolmikhüppaja Ashia Hanseniga .,,,,no,"The phrase 'vestlustest' was not classified as an adverbial of place because it refers to the source or origin of the discussions, not a physical location.",no,no,no,no
8171344,13116738,18,paistma,,el,eeldus,eeldusest,"Kui nokia oli defineerimata püüdlus justkui leida Eestile competitive advantage'it , siis brändi puhul paistab kõik lähtuvat eeldusest : siseturism on Eesti majanduse eelis muude riikide ees ning ühtlasi meie valitsuse pikaajaline majanduslik prioriteet .",,,,no,"The phrase 'eeldusest' was not classified as an adverbial of place because it describes the basis or premise of the statement, not a spatial location.",no,no,no,no
2682776,4303735,19,tõusma,,all,12000,12 000-le,Eile kella viie ajal õhtul oli näiteks Pirita rannas vesi 20 kraadi soe ja rahvaarv tõusnud hommikuselt 50-lt 12 000-le .,,,,no,The phrase '12 000-le' was not classified as an adverbial of place because it indicates a numerical or quantitative value rather than a location.,no,no,no,no
6989908,11229480,29,liginema,,all,lugemine,lugemisele,"Eesti Päevaleht Online'i loetavus on pidevalt kasvanud alates eelmise aasta kevadest , kui toona oli lehekülje nädalane loetavus 800 000 piires , siis praeguseks on see liginenud 1,5 miljonile lugemisele nädalas ja kohati ületab sedagi .",,,,no,"The phrase 'lugemisele' refers to an activity or occurrence, not to a physical place.",no,no,no,no
793089,1264914,11,vähenema,,all,hiilgemäng,hiilgemängule,Poolaja lõpuks vähenes kaotusseis tänu 178 cm pika Kaido Saagi hiilgemängule 20 : 31-le .,,,,no,"The phrase 'hiilgemängule' refers to an event or performance, not to a physical location.",no,no,no,no
14923115,23437381,20,laienema,,all,lõige,lõikele,"( 4 ) Käesoleva paragrahvi 1. , 2. ja 3. lõike sätted ei laiene käesoleva seaduse paragrahv 9 2. lõikele , paragrahv 35 6. lõikele ja paragrahvile 42.",,,,no,"The phrase 'lõikele' refers to a section in a regulatory or written document, not to a physical place.",no,no,no,no
9092279,14619975,17,püüdma,,el,rasvane,rasvasest,"G :  Mul pole iseloomu , et lugeda iga grammi , nagu kaalujälgijad teevad , aga rasvasest püüan hoiduda .",,,,no,"The phrase 'rasvasest' refers to a type of substance or food, not to a physical location.",no,no,no,no
525044,827475,8,kinnitama,,all,järelepärimine,järelepärimisele,""" Taranto politsei kinnitas vastuses Eesti saatkonna järelepärimisele , et kinnipeetute hulgas ei ole ühtegi Eesti kodanikku , Eesti elanikku või kuidagi Eestiga seotud isikut , "" ütles Eesti välisministeeriumi pressiesindaja BNS-ile .",,,,no,"The phrase 'järelepärimisele' refers to the act of inquiry or its response, not a physical place.",no,no,no,no
14022532,22323833,13,tegema,,abl,menukus,menukuselt,"Finaali jälgis telerite taga ligi 1,8 miljonit soomlast , mis tegi sellest menukuselt olümpia-aasta neljanda saate .",,,,no,"The phrase 'menukuselt' refers to popularity or success ranking rather than a location, so it is not an adverbial of place.",no,no,no,no
8765859,14068264,6,vähenema,,all,"1,6%","1,6% -le","x riigikantselei : 1,7% väheneb 1,6% -le",,,,no,"The phrase '1,6% -le' is not classified as an adverbial of place because it refers to a percentage value, which indicates a level or amount rather than a physical location.",no,no,no,no
2614130,4194380,4,lööma,,in,Ocean,Ocean's,"Selle tulemusega lõi Ocean's 13 enim vaadatud filmide tabelist esikohalt seal kaks eelnevat nädalat esikohta hoidnud Piraatide triloogia kolmanda osa "" Kariibimere piraadid : maailma äärel "" .",,,LOC,no,The phrase 'Ocean's' is not classified as an adverbial of place because it is a proper noun referring to a title or name and not a location.,no,no,no,no
7880495,12623546,10,kasvama,,all,juhend,juhenditele,"Teise teemana kasvas 1980. aastate esimesel poolel vastavalt üleliidulistele juhenditele isikute , eriti Lenini tähtsustamine kõikides ainetes , sh ajalooõpetuses .",,,,no,"The phrase 'juhenditele' refers to guidelines, which are an object of allocation or adherence and do not express a spatial location, so it is not adverbial of place.",no,no,no,no
10906808,17466868,2,kuuluma,,el,eeskuju,eeskujudest,Suurtest eeskujudest kuulub näiteks Madis Kõiv selliste autorite hulka .,,,,no,"The phrase 'eeskujudest' refers to 'role models' and does not indicate a location, so it is not an adverbial of place.",no,no,no,no
10178699,16331135,3,kuluma,,el,protsent,protsendist,Sellest 80 protsendist umbes pool kulub põllumajandusele .,,,,no,"The phrase 'protsendist' refers to 'percent' or 'of percent,' which does not indicate a place, so it is not an adverbial of place.",no,no,no,no
106936,180148,20,laskma,,all,kaugus,kaugusele,"Rovajärvest väiksema laskealaga soomlased läbi ajada ei saa , kangeim , praegu katsetusjärgus olev 155-mm kahur laseb 32 kilomeetri kaugusele .",,,,no,"The phrase 'kaugusele' was classified as 'no' because it indicates a directional endpoint (distance) in relation to an action, rather than specifying the location where something occurs.",no,no,no,no
5701572,9144840,4,treenima,,ad,andmed,andmetel,"Ajakirjanike treenib esialgsetel andmetel Mart Poom , kes juhendas mängu ka eelmisel aastal , kui linnapea andis FC Flora presidentile Aivar Pohlakule lubaduse teha kõik selleks , et aasta pärast oleks staadion valmis .",,,,no,The phrase 'andmetel' is not classified as an adverbial of place because it indicates the source of information rather than a physical location.,no,no,no,no
5246793,8418080,14,kinnitama,,el,elujõuetus,elujõuetusest,"Rahandusministeeriumi edetabel kinnitab reformierakondlasest regionaalministri Toivo Asmeri sõnu nostalgia ajel taastatud paljude valdade-linnade elujõuetusest , millega ta soovitas mullu sügisel haldusreformi mudeliks valemit "" 15+x "" ( 15 oli maakondadest moodustuvate suurvaldade arv , x aga omavalitsuse staatusesse jäävate linnade arv ) .",,,,no,The phrase 'elujõuetusest' is not classified as an adverbial of place because it describes a state or condition rather than a specific place.,no,no,no,no
1048654,1667796,5,kukkuma,välja,el,tegemine,tegemisest,Kiur kukkus tavapärasest nägude tegemisest välja .,,,,no,"The phrase 'tegemisest' is not classified as an adverbial of place because it describes an action or activity, not a location.",no,no,no,no
9005211,14478419,22,käituma,,in,narkouim,narkouimas,"Film on ennekõike uurimus sellest , kuidas üks või teine mõnuaine tegelastele mõjub , mida nad läbi elavad ja kuidas käituvad narkouimas .",,state,,no,"The phrase 'narkouimas' pertains to the state or condition of being under the influence of drugs and does not indicate a location, so it is not adverbial of place.",no,no,no,no
11016264,17644605,6,kõlama,,el,armastus,armastusest,"Kõige sagedamini kõlab vastuseks - armastusest , see raamat räägib armastusest .",,,,no,"The phrase 'armastusest' refers to the subject or theme of love but does not describe a location, so it is not adverbial of place.",no,no,no,no
11417371,18296528,28,selgitama,,el,paarisajameeter,paarisajameetrist,""" Ma olen normaalne inimene , tulin lihtsalt inimeste käest abi paluma , et rutem kuskile haiglasse või vanadekodusse sisse saada , "" selgitas jalutu Mati oma paarisajameetrist retke raudteejaama .",,,,no,The phrase 'paarisajameetrist' is not adverbial of place because it describes a characteristic of the journey (distance) rather than a specific location.,no,no,no,no
7526585,12088170,4,jääma,ära,el,vahekord,vahekorrast,Kuid sellest patusest vahekorrast jäi ta ära ja vaevles nüüd nurgavoodis ning ootas hirmuga käopoja ilmaletulekut .,,,,no,"The phrase 'vahekorrast' is not adverbial of place because it refers to the origin or cause of a situation, not a physical location.",no,no,no,no
7327771,11760955,11,poseerima,,ad,titeoode,titeootel,"Samasse shokikategooriasse kuulub skandaalimaiguline esikaas , millel poseeris palja kõhuga titeootel  Victoria de Luna  , supermodell  Carmen Kassi  õde .",,,,no,"The phrase 'titeootel' describes a condition or state (being pregnant) rather than a location, so it is not adverbial of place.",no,no,no,no
5805540,9314837,15,vähenema,,all,vaakumpakend,vaakumpakendile,"Kui varem oli kasumlik madratsiäri logistilistel kaalutlustel Tallinnast 700 km raadiuses , siis tänu vaakumpakendile on piiravate tegurite hulk vähenenud , ?",,,,no,"The phrase 'vaakumpakendile' refers to a facilitating object rather than a physical place, so it is not adverbial of place.",no,no,no,no
4303459,6923667,15,sattuma,,all,jaanimardikas,jaanimardikale,"Loodushuviline raplalane Kristiina sattus eelmisel nädalal Pärnumaal Reiu jõe ääres aega veetes kolmele helendavale jaanimardikale , mis on aga putukauurija sõnul nii hilisel ajal haruldane vaatepilt .",,alive,,no,"The phrase 'jaanimardikale' refers to the object of an encounter (three fireflies) and not a place, so it is not adverbial of place.",no,no,no,no
13358271,21369854,4,käima,läbi,abl,hull,hullult,"Õnneks mitte eriti hullult , suurt valu läbi ei käinud , panin külma peale ja samal päeval polnud eriti midagi häda . """,,,,no,"The phrase 'hullult' describes the manner or intensity rather than a physical location, so it is not adverbial of place.",no,no,no,no
5966464,9578329,15,laiendama,,all,Mbit,Mbit-ile,"Seoses klientide arvu kiire kasvuga laiendas Starman eile oma interneti väliskanalit 15 Mbit-ilt 20 Mbit-ile , mis tagab klientidele senisest kiirema internetiliikluse välismaailmaga .",,,,no,"The phrase 'Mbit-ile' specifies a measure of transfer speed and does not indicate a location where something takes place, so it is not classified as an adverbial of place.",no,no,no,no
8488308,13606221,2,suunama,,el,summ,summast,Sellest summast kaks protsenti suunab LKF liikluskindlustuse maksesoodustuste tegemiseks rahaliselt vähekindlustatud autoomanikele .,,,,no,"The phrase 'summast' refers to a part or portion of an amount, not to a location or place, so it is not classified as an adverbial of place.",no,no,no,no
4018469,6468224,25,kommenteerima,,all,kaamera,kaamerale,"Ja see üldine atmosfäär täna oli küll selline , et sellise suhtumise vastu tuleb välja astuda , "" kommenteeris Eesti peaminister Andrus Ansip Aktuaalsele kaamerale .",,,,no,"The phrase 'kaamerale' refers to the recipient of the comment rather than indicating a physical location, so it is not an adverbial of place.",no,no,no,no
5364892,8605169,29,võitma,,all,lahkuminek,lahkuminekule,"Oma mulluse 43,2 miljoni dollarilise teenistusega jäi Cruise küll kolmandale kohale , kuid juurde arvati veel 11 ajakirjade kaanelugu ning hulgaliselt ajaleheruumi , mida ta võitis tänu segasele lahkuminekule abikaasast Nicole Kidmanist .",,,,no,"The phrase 'lahkuminekule' refers to an event (separation), not a location, so it is not an adverbial of place.",no,no,no,yes
5406239,8669810,8,võtma,ette,in,oma,omas,"Ämmaemandaid , kes lisaks Hellele selle sammu omas kodus ette võtnud , on Eestis läbi aastate olnud neli .",,,,no,"The phrase 'omas' refers to possession (in one's own) and not a location, so it is not an adverbial of place.",no,no,no,no
10147890,16280842,5,lisanduma,,in,käibemaksutõug,käibemaksutõus,"Sellele lisanduks uuest aastast käibemaksutõus ( esialgu 5% , peatselt aga 18% ) .",,,,no,"The phrase 'käibemaksutõus' refers to an economic concept, not a location, so it is not adverbial of place.",no,no,no,yes
2927312,4692854,21,suurenema,,in,andmeedastuskiir,andmeedastuskiirus,"Pärnu 3,5 G võrk töötab maksimaalse andmeedastuskiirusega 3,6 Mbit/s , lähinädalate jooksul suureneb Tele2 Tallinna 3,5 G jaamade andmeedastuskiirus samale tasemele .",,,,no,"The phrase 'andmeedastuskiirus' does not specify a location or place, so it is not an adverbial of place.",no,no,no,no
7486656,12015797,28,ajama,,el,fanatism,fanatismist,"Juba pealkiri “ kirbuturg ” määratleb sõltumatute webi-inimeste sotsiaalse staatuse -- tegemist on enamasti rahatute noorte idealistidega , kes esindavad pahempoolseid vaateid ning ajavad oma asja sulaselgest fanatismist .",,,,no,"The phrase 'fanatismist' expresses the cause or reason and not a location, so it is not an adverbial of place.",no,no,no,no
640052,1016087,20,sõlmima,,in,mõiste,mõistes,"Mitmendat aastat Rannus elav ja Rootsis eestlaste rühma töödejuhataja olnud Vaihia ütles , et kõik kümme meest sõlmisid Eesti mõistes normaalse töölepingu .",,,,no,"The phrase 'mõistes' describes understanding or interpretation and does not specify a location, hence it is not an adverbial of place.",no,no,no,no
18349363,27813083,21,liituma,,in,tuumafüüsika,tuumafüüsikas,"Konkreetne näide mind küll väga palju ei puuduta , sest tuumafüüsikast ei tea minagi kahjuks midagi , tean vaid et tuumafüüsikas on liitunud mass väiksem kui liidetavate masside summa ja et see masside vahe tekitab paugu , vähki ja palju valu .",,,,no,"The phrase 'tuumafüüsikas' refers to the field of nuclear physics, indicating a topic rather than a specific location, so it was classified as 'no'.",no,no,no,no
6414706,10312631,6,levima,,el,võltsimine,võltsimisest,Kohe pärast telefonihääletust levisid kahtlused võltsimisest .,,,,no,"The phrase 'võltsimisest' indicates a topic or subject related to falsification, not a place, so it is not adverbial of place.",no,no,no,no
8335417,13357214,16,tajuma,,in,tegutsemine,tegutsemises,"Sõnum oli mõeldud nii välisilmale kui ka Venemaa nendele kodanikele , kes tajuvad Putini tugevakäelises tegutsemises teatud ohtu .",,,,no,"The phrase 'tegutsemises' refers to an action or activity rather than a location, so it is not adverbial of place.",no,no,no,no
13823584,22040373,14,mõjuma,,adit,liim,liimi,"Lisaks veepiisast saadud hoobile , mõjub kehale sattunud veetilk putukale ka kui tilk liimi .",,,,no,"The phrase 'liimi' refers to a substance and does not indicate a location, so it is not adverbial of place.",no,no,no,no
3261499,5241778,7,eemalduma,,el,arusaam,arusaamast,"Tänapäeva tantsukunst eemaldub niivõrd palju tavainimese arusaamast , mida tants endast kujutab .",,,,no,"The phrase 'arusaamast' refers to an understanding or concept, not a physical location, so it is not adverbial of place.",no,no,no,no
961977,1532699,5,töötama,,ad,WAP-maa,WAP-mail,"Ainukese erinevusena ei tööta WAP-mail mitte veebilehitsejas , vaid mobiili või elektroonilise taskumärkmiku WAP-brauseris .",,,,no,"The phrase 'WAP-mail' refers to a system or service, not a location, so it is not adverbial of place.",no,no,no,no
965509,1537877,5,kaaluma,,in,raskem,raskemas,""" Kontrollvõistlusel võib vabalt raskemas kaalus maadelda . """,,,,no,"The phrase 'raskemas' (heavier) describes a weight category rather than a physical location, so it is classified as not adverbial of place ('no').",no,no,no,no
10727151,17188740,7,moodustama,,all,euro,eurole,Brüsselis prohmaka teinud Mart Laar moodustas eurole ülemineku võimalikkust uuriva komisjoni .,,,,no,"The phrase 'eurole' refers to a goal or target (transition to the euro) and does not indicate a specific location, so it is not an adverbial of place.",no,no,no,no
5299307,8501812,12,vaatama,,el,hull,hullust,"Ma arvan , et paljud vaataksid Kreisiraadio asemel heal meelel seda hullust , mis tegelikult leiab aset näiteks Kreisiraadio võtteplatsil .",,,,no,"The phrase 'hullust' refers to a state or condition (madness) and not a location, so it is not an adverbial of place.",no,no,no,no
2532397,4062465,3,hõlmama,,el,ise,endast,"Hommikuprogramm hõlmab endast informatsiooni , uudiseid , mõõdukat meelelahutust ja head muusikat ning keskendub kuulajaskonnale üle kogu Eesti .",,,,no,"The phrase 'endast' refers to an internal state or entity and not a physical location, so it is not an adverbial of place.",no,no,no,no
6387896,10267991,10,ületama,,in,kasutus,kasutuses,"EMT andmetel jõuab lähemal ajal kätte hetk , mil kasutuses SIM-kaartide hulk ületab Eesti rahvaarvu ehk ligi 1,4 miljoni piiri .",,,,no,'kasutuses' was classified as 'no' because it does not indicate a specific location; it refers to the state of being in use rather than a place.,no,no,no,no
13306668,21288047,33,loobuma,,in,sörkimine,sörkimises,"Ilmselt pärast Läti uudiste lugemist , kus majandusminister sai kinga pärast peaministri naftamarionetiks nimetamist , loobus ka Toomas Lepp valitsuse kahtlustamisest Schibstedi ( Kanal 2 ) ja Kinneviku ( TV3 ) sabas sörkimises .",,,,no,'sörkimises' was classified as 'no' because it refers to an activity (jogging or trailing behind) and not an adverbial place.,no,no,no,no
260410,410997,14,tegutsema,,ad,kaasabi,kaasabil,"Kui õpipoisile hakati usaldama juba tõsisemaid töid , tegutses ta algul vilunuma kolleegi kaasabil ja juhendamisel , kuid vähehaaval viimase osalus ja nõustamine kahanesid ( taanduv juhendamine ,  scaffolding and fading  ) .",,,,no,"'kaasabil' was classified as 'no' because it indicates assistance or support, not a specific location or spatial reference.",no,no,no,no
831937,1326841,19,süüdistama,,all,hävitamine,hävitamisele,"Kuid paavst jättis otsesõnu vabandamata oma sõjaaegse eelkäija paavst Pius XII eest , keda juudid süüdistavad Euroopa juutkonna hävitamisele läbi sõrmede vaatamises .",,,,no,"The phrase 'hävitamisele' describes an outcome or goal rather than a location or place, which is why it is not classified as adverbial of place.",no,no,no,no
3249305,5221254,16,ilmutama,,in,huumor,huumoris,"Kui lembekujundite tulv teinekord veidi lämmatavalt mõjub , siis tõeliselt hinnatav Winterson ilmutab end peenes huumoris ja iroonias .",,,,no,"The phrase 'huumoris' was classified as 'no' because it does not indicate a place but rather refers to humor, which is a concept or quality, not a location.",no,no,no,no
1301721,2068456,15,leppima,kokku,in,leping,lepingus,""" Võime ennustada , kes enne otsusele jõuab : kas enne lepime kokku minu lepingus teie kooriga või selgub enne Ameerika uus president , "" ütles põhiliselt Ameerikas tegutsev Hillier .",,,,no,"The phrase 'lepingus' refers to being within a contract context and not a physical location, so it is not an adverbial of place.",no,no,no,no
13255219,21206265,15,vormistama,,in,taba,tabades,"Gulbene vasturünnakul tegi Tein vaheltlõike ning 1,2 sekundit enne lõppu vormistas kahest vabaviskest ühe tabades lõppseisu .",,,,no,"The phrase 'tabades' refers to an action and not to a specific place, so it is not an adverbial of place.",no,no,no,yes
7520207,12076559,13,kuluma,,el,osa,osast,"Koolis käib 85 000 last , mille peale kulub 90 protsenti eelarve kulude osast .",,,,no,"The phrase 'osast' is not adverbial of place because it refers to a part or share, not a location.",no,no,no,no
5708781,9156649,3,jääma,,abl,sadamapp,sadamapilt,Vana Küreenia sadamapilt jääb meist paremale .,,,,no,'sadamapilt' was classified as 'no' because it does not indicate a location or spatial relationship.,no,no,no,no
11459973,18358993,4,seisma,,ad,halduskohus,halduskohtul,"Lähiajal seisab Viljandi halduskohtul ees veel kuus istungit , mis käsitlevad autoriõiguse seadust rikkunud kauplusi .",,location,ORG,no,"The phrase 'halduskohtul' was classified as 'no' because it indicates the institution responsible for an event, not a physical place associated with the action.",no,no,no,yes
13512972,21612715,11,sattuma,,el,enesetapumõte,enesetapumõtetest,"Kui Pariisi sõbranna Giselle ta välja viskab , satub mees enesetapumõtetest vintsutanuna siiski New Yorki , kus tema eluisu hakkavad kibekiiresti suurendama tema endine naine Steffi ( Goldie Hawn ) koos oma uue kaaslase Joega ( Alan Alda ) ja mitmed teised endised ja uued tuttavad .",,,,no,"The phrase 'enesetapumõtetest' refers to a state or condition of mind rather than a physical place, so it is not classified as an adverbial of place.",no,no,no,no
13948309,22208946,20,tegema,,abl,absoluutväärtus,absoluutväärtuselt,"Kui mitu vastuvõetavat pakkumist käsitlevad täielikult või osaliselt samu vaate , määrab komisjon kõnealuse alkoholikoguse pakkujale , kes teeb absoluutväärtuselt kõrgeima pakkumise .",,,,no,"The phrase 'absoluutväärtuselt' describes a manner or means, not a location, so it is not an adverbial of place.",no,no,no,no
19058805,28759136,7,pöörduma,,in,pohmelus,pohmeluses,"Näiteks pöörduvad sinna väga sageli raskes pohmeluses alkohoolikud , kes jäävad haigla ukse taha , sest nendel pole ravi eest maksta .",,state,,no,"The phrase 'pohmeluses' refers to a state or condition, not a location, so it is not an adverbial of place.",no,no,no,no
3356168,5398842,13,rentima,,all,kinnisvara,Kinnisvarale,"Rohkem kui kümme aastat tagasi rentis linn maja holding-lepinguga 99 aastaks Creo Kinnisvarale , sest linnal polnud raha selle korrashoiuks .",,,ORG,no,It was classified as 'no' because 'Kinnisvarale' refers to the recipient of the rental agreement rather than indicating a physical place.,no,no,no,no
1709949,2721755,4,panema,,abl,viks,viksilt,Valentina paneb nime viksilt kirja .,,,,no,"It was classified as 'no' because 'viksilt' describes the manner in which the name is written, not a location.",no,no,no,no
81798,139317,1,seisma,,el,kõik,Kõigest,"Kõigest hoolimata seisab küsimus eelkõige selles , et Itaalia ja Euroopa on silmitsi majandusliku globaliseerumisega .",,,,no,"It was classified as 'no' because 'Kõigest' indicates a condition or circumstance, not a place.",no,no,no,no
3971299,6394027,1,asuma,,ad,ettevõte,Ettevõttel,Ettevõttel asub ka teine sepikoda Laagris .,,,,no,"It was classified as 'no' because 'Ettevõttel' indicates ownership or possession, not a physical location.",no,no,no,no
12158320,19467544,6,andma,,adit,majonees,majoneesi,"Jelena andis Galinale uue purgi majoneesi , kuid ei nõustunud kliendile kinni maksma raiskuläinud salatit .",,,,no,"The phrase 'majoneesi' refers to the object given, not a location where something occurs, so it is not an adverbial of place.",no,no,no,no
1660812,2643865,24,lõpetama,,all,võimalus,võimalusele,""" Kui koolist kaks nädalat puududa , on raske teistele õpilastele järele jõuda , "" teab Kairi , kes kaheksanda klassi lõpetas tänu võimalusele haiglas ja kodus õppida .",,,,no,"The phrase 'võimalusele' refers to the reason or means by which something was possible, rather than a place, so it is not an adverbial of place.",no,no,no,no
8996896,14465014,23,kõlama,,in,kooritigu,kooriteos,"Sestap oodati ka siinmail , kas naeratab õnn plaadile “ Kanon Pokajanen ” , millel Eesti Filharmoonia Kammerkoori esituses kõlab Arvo Pärdi kooriteos ja mis kandideeris ühes veidi vähem kui sajast Grammy-kategooriast .",,,,no,"The phrase 'kooriteos' describes the subject or content of the performance rather than a place, so it is not an adverbial of place.",no,no,no,no
6351529,10205866,20,sõitma,ette,ad,omama,oma,"Õnnetus juhtus kolmapäeval kella 15.30 ajal Tallinna-Tartu-Luhamaa maantee 255. kilomeetril Võru-Räpina ristmikul , kus Hillar ( 48 ) sõitis oma Volvoga ette peateel liikunud Scania veokile .",,,,no,"The phrase 'oma' refers to possession and not to any specific physical location, so it is not an adverbial of place.",no,no,no,no
4773294,7665657,18,tellima,,abl,FBI,FBI-lt,"Sõimata saanud eriagendid olid samal päeval Tartu politseimajas pidanud Eesti politseinikele loenguid eri vihkamiskuritegudest , seminari tellisid FBI-lt siseministeerium ja USA saatkond .",,location,ORG,no,"The phrase 'FBI-lt' indicates a source or origin rather than a physical locale, so it is not an adverbial of place.",no,no,no,no
10147346,16280032,6,jooma,,el,pärnaõis,pärnaõitest,"Jooge järjest kaks-kolm tassi teesegu pärnaõitest , leedripuumarjadest ja kummelist ning heitke tunniks ajaks voodisse paksu teki alla .",,,,no,"The phrase 'pärnaõitest' describes material or composition, not a physical location, hence it is not an adverbial of place.",no,no,no,no
14882718,23390745,22,saama,,abl,ATI,ATIlt,"Oleksin nous isegi loobuma nendest teistest headest capture progedest mis seda « Video for Windows » capture driverit tahavad ja mida ATIlt enam ei saa , kuid taiesti FUCK on ju see et et see _uus_ Fury VIVO toesti valib rauda ( voibolla emaplaat , voibolla soundikaart ) ja enamusega paneb capture pange .",,,,no,"The phrase 'ATIlt' refers to the source of something rather than denoting a place, so it is not an adverbial of place.",no,no,no,no
13801971,22005823,16,võtma,,all,kaotus,kaotusele,Kõige selle valguses võtan venelaste kahe aasta taguseid jutte meie kehvast väljakust üksnes vabandusena toonasele kaotusele .,,,,no,"The phrase 'kaotusele' indicates a result or outcome rather than a physical location, thus it is not an adverbial of place.",no,no,no,no
10713109,17167238,1,kalduma,,ad,õhtusöök,Õhtusöögil,"Õhtusöögil enne tema Saksamaale tagasiminekut kaldus kõnelus sõjamälestustele ja eriti Tallinna pommitamisele 1944 . aasta 9/10 . märtsiööl , mille ta oli üle elanud .",,event,,no,"The phrase 'Õhtusöögil' refers to the occasion or time of the dinner and not a specific place, so it is not classified as an adverbial of place.",no,no,no,no
9438585,15155815,8,levima,,el,likviidsusraskus,likviidsusraskustest,"“ Hommikul levis klientide hulgas kuulujutt panga likviidsusraskustest ja kliendid asusid arveid sulgema , ” nentis Pajuri Postimehele .",,,,no,"The phrase 'likviidsusraskustest' refers to a difficulty and not a location, so it is not adverbial of place.",no,no,no,no
10797660,17293306,3,tõusma,,all,kasumivõtmine,kasumivõtmisele,"Vaatamata pidevale kasumivõtmisele tõusid tugevalt atraktiivsemate aktsiate hinnad , sest nõudlus  blue chips  ide järele oli veelgi suurem kui investorite müügihuvi .",,,,no,"It was classified as 'no' because 'kasumivõtmisele' refers to the action of taking profits, which is not describing a location.",no,no,no,no
556720,879881,32,tunnistama,,all,kohustus,kohustustele,"USA välisministeeriumi pressisekretäri asetäitja James Foley sõnul märgitakse Washingtoni pöördumises , et ka Euroopa Julgeoleku- ja Koostööorganisatsiooni ( OSCE ) ülemkomissar Max van der Stoel on Läti keeleseaduse tunnistanud riigi rahvusvahelistele kohustustele vastavaks .",,,,no,It was classified as 'no' because 'kohustustele' refers to obligations and not a place.,no,no,no,no
6159223,9886942,7,tabama,,el,hukkumine,hukkumisest,"Kõige rohkem joobes juhte on Ausi hukkumisest saadik politsei tabanud Tallinnas - 239 - , neist neli oli narkojoobes .",,,,no,"It was classified as 'no' because 'hukkumisest' refers to the event of someone's death, which is not describing a location.",no,no,no,yes
7314251,11740063,15,ilmutama,,in,taskuformaat,taskuformaadis,Tuntud iludusest ja seltskonnadaamist ning endisest modellist Beatricest ilmutas kirjastus Tänapäev ajakirjanik  Tatjana Muravskaja  taskuformaadis teose “ Beatrice .,,,,no,It was classified as 'no' because 'taskuformaadis' describes the format of a book and not a place.,no,no,no,no
13153435,21045856,13,eelistama,,all,häbi,häbile,""" Meile , Jaapani sõduritele , sisendati , et eelistaksime surma vangipõlve häbile , "" rääkis ta tookord .",,,,no,"The phrase 'häbile' refers to 'shame' and does not indicate a specific location or place, so it is not an adverbial of place.",no,no,no,no
8870968,14253333,4,lubama,,in,ettepanek,ettepanekus,Erafirma lubas tehtud ettepanekus sõlmida tunnelis turvalisuse tagamiseks lepingu turvafirmaga ESS .,,,,no,"The phrase 'ettepanekus' refers to 'in the proposal' and indicates a context or situation rather than a place, so it is not an adverbial of place.",no,no,no,no
8598966,13785048,8,levima,,all,laiem,laiemale,"Põrkekohtadesse joonistus ringe , mis keskkohast aina laiemale levisid , naaberringidega lõikudes ning neid endaga kaasa haarates .",,,,no,"The phrase 'laiemale' refers to 'wider' or 'broader', describing extent rather than a particular place, so it is not an adverbial of place.",no,no,no,no
707938,1126957,19,sõnama,,all,lipsustatud,lipsustatule,""" Vaadake , see juhe tuleb sealt lae alt tõmmata , "" sõnab istungitesaalis üks tunkedes noormees kahele lipsustatule .",,,,no,The phrase 'lipsustatule' refers to people rather than a location or place.,no,no,no,no
11294881,18101281,29,suunama,,el,sissetulek,sissetulekust,"Et noortel inimestel tekiks huvi oma vanaduspõlve kindlustamiseks omaalgatuslikult säästa , on praegustes kavades ette nähtud töötasu tulumaksust vabastamine kuni 15% ulatuses , kui palgasaaja selle osa oma sissetulekust vabatahtlikult pensionikindlustuseks suunab .",,,,no,"'sissetulekust' was classified as 'no' because it does not indicate a location or spatial context, hence it is not an adverbial of place.",no,no,no,no
10079759,16169584,5,saama,kokku,el,üllitis,üllitistest,"Neist aegade vältel koostatud üllitistest saaks kokku paksu raamatu , aga suhted sellest ei parane ja aeg-ajalt lööb mõni ekstreemne juhtum kõigil hinge kinni .",,,,no,"The phrase 'üllitistest' refers to the source of something, not a place, so it is not an adverbial of place.",no,no,no,no
3735060,6015123,5,planeerima,,all,teave,teabele,Vastavalt linna haridusametist saadud teabele planeerib Kesklinna valitsus majas Gonsiori 3 likvideerida 48.lasteaia ja vabanenud ruumid seejärel McDonaldsi suurkorporatsiooni käsutusse anda .,,,,no,"The phrase 'teabele' refers to 'information' and does not indicate a specific location, so it is not adverbial of place.",no,no,no,no
12931837,20686789,13,kohtuma,,el,suhe,suhetest,Neljapäeval andis endine Neverlandi turvamees kohtus seni kõige detailsemaid tunnistusi Michael Jacksoni suhetest poistega .,,,,no,"The phrase 'suhetest' refers to 'relationships' and denotes a topic or subject, not a location, thus not adverbial of place.",no,no,no,no
7167964,11529637,15,otsima,,in,mänglemine,mänglemises,"Sõja ajal , kui veetsin vahel öid mõnes pommivarjendis ja poolunisena otsisin ajaviidet mõtetega mänglemises , tundus mulle , et minu ilmaletulekut ja Nobile ekspeditsiooni lugu võiks hea tahtmise juures omavahel siduda ; pealegi veel minule küllaltki optimistlikus vaimus .",,,,no,"The word 'mänglemises' describes an activity or manner rather than a location, so it is not an adverbial of place.",no,no,no,no
9749656,15643566,5,kehtima,,ad,erakorraline,erakorralisel,x Soodustus ei kehti erakorralisel ja kordusülevaatusel .,,,,no,The phrase 'erakorralisel' refers to a type of status (extraordinary) rather than a specific place.,no,no,no,no
11518473,18447170,13,võlgnema,,all,põletamine,põletamisele,Lõppude lõpuks võlgnevad rikkad riigid oma rikkuse osalt just fossiilsete kütuste piiramatule põletamisele lähiminevikus .,,,,no,"The phrase 'põletamisele' was not classified as adverbial of place because it refers to the act or process of burning, not a physical location.",no,no,no,yes
17833532,27225382,3,unistama,,el,elektrilamp,elektrilambist,Edison unistas elektrilambist ja hakkas seda unistust täide viima.,,,,no,"The phrase 'elektrilambist' was not classified as adverbial of place because it describes the object of an idea, not a specific location.",no,no,no,no
612174,970796,20,hukkuma,,ad,taga-järg,taga-järjel,"Kuigi kolm protsenti 17- kuni 18-aastastest koolilastest käis koolis tulirelvaga , hukkusid koolides lapsed ükskõik mis moel tulistamise taga-järjel ülimalt harva .",,,,no,"The phrase 'taga-järjel' refers to causality or consequence, not a location, so it is not classified as adverbial of place.",no,no,no,no
14421811,22841581,24,müüma,,el,periood,perioodist,"Loodetavasti , sest viimasel ajal on Haapsalu kinnisvaraturg üle saanud esialgsest osta – ja – paari – aasta – pärast – müü – perioodist ning siingi on hakatud kinnisvara arendama .",,,,no,"The phrase 'perioodist' refers to a time period rather than a location, so it is not classified as adverbial of place.",no,no,no,no
9307884,14952219,9,rippuma,,ad,nähtav,nähtaval,"Relvaruumi võtmed rippusid ukse kohal naela küljes kõigile nähtaval ning kogu röövlite vaev oli lihtsalt uksed lahti keerata , ” väideti Postimehele .",,,,no,"The phrase 'nähtaval' refers to visibility or a condition rather than a location, so it is not classified as an adverbial of place.",no,no,no,no
5551711,8901521,2,tunnistama,,all,kokkulepe,kokkuleppele,Vastavalt kokkuleppele tunnistavad osapooled iga erakonda kuuluva Riigikogu liikme õigust hääletada oma südametunnistuse järgi .,,,,no,"The phrase 'kokkuleppele' refers to an agreement and does not indicate location, so it is not classified as an adverbial of place.",no,no,no,no
783419,1249387,7,põgenema,,in,hirm,hirmus,"Mõned aastad hiljem põgenesid mehed vahistamise hirmus Rootsi , kus neid hakati peagi seostama autovargustega .",,,,no,"The phrase 'hirmus' refers to the reason or cause (fear of arrest) and not a location, so it is not adverbial of place.",no,no,no,no
18909085,28552624,22,nägema,ette,in,sõnaühend,sõnaühendis,"Eelnõu näeb ette üksnes formaalse nimemuutuse , kuid ameti asendamise kõrval inspektsiooniga näeb eelnõu selguse mõttes ette ka praegu kehtivas variandis sõnaühendis “ tehnilise järelevalve inspektsiooni ülem ” sõna “ inspektsioon ” ette “ piirkondliku ” lisamist .",,,,no,"The phrase 'sõnaühendis' refers to a part of a phrase or wording, which is not a location, hence it is not adverbial of place.",no,no,no,no
902490,1437567,11,asendama,,in,stiil,stiilis,"Arvuti asendab nüüdisaja linnalapsele tihti naabripoissi või Pàl tänava poiste stiilis kampa , sest need , kel on naabripoiss või tänaval omavanuseid lapsi , on õnneseened .",,,,no,"The phrase 'stiilis' describes a manner or style and not a location, so it is not an adverbial of place.",no,no,no,no
2005477,3199611,7,kogunema,,el,hüvitis,hüvitistest,"Keskkonnafondi miljonid kogunevad saaste- ja looduskahjude hüvitistest , ulukivaru ja loodusvara kasutusõigusest , erastamisest ja pakendiaktsiisist jms.",,,,no,"The phrase 'hüvitistest' indicates the source of funds rather than a location, so it is not an adverbial of place.",no,no,no,no
10953033,17542890,3,seisma,,el,otsing,otsingutest,Ees seisab otsingutest kokkuvõtete tegemine .,,,,no,"The phrase 'otsingutest' refers to the source of summaries rather than indicating a location, so it is not classified as adverbial of place.",no,no,no,yes
7899708,12647760,11,nägema,välja,in,suvekostüüm,suvekostüümis,Meeri nägi ikka veel nooruslik välja oma aprikoosivärvi lühikeste varrukatega suvekostüümis .,,,,no,"The phrase 'suvekostüümis' describes what someone is wearing, not a location, so it is not adverbial of place.",no,no,no,no
2973708,4770258,7,kehtima,,ad,lisamine,lisamisel,Tele2 uue Smart Hinnaliider laadimiskaardiga kõneaja lisamisel kehtib kõikidesse mobiilivõrkudesse helistamisel kõnehind 75 senti minut .,,,,no,"The phrase 'lisamisel' refers to an action or event and does not specify a location, so it is not an adverbial of place.",no,no,no,yes
2970438,4764701,13,saama,kokku,el,osa,osadest,"Aastapäeva tervituskõnes ütles Rein Raud , et Tallinna ülikooli ühisvaim on erinevatest osadest kokku saanud ülikoolina uus ja jätkuvalt edasi uuenev kooslus .",,,,no,The phrase 'osadest' is not classified as an adverbial of place because it specifies a partitive element or components rather than a location.,no,no,no,no
9822770,15761145,9,koondama,,all,kujundamine,kujundamisele,Kunstikriitikud ja arhitektuuriajaloolased koondagu oma tähelepanu Viru väljaku kujundamisele !,,,,no,The phrase 'kujundamisele' is not classified as an adverbial of place because it refers to an action or focus (designing) rather than a location.,no,no,no,yes
4249495,6837176,4,alistama,,in,Olympiako,Olympiakos,A-grupis alistas Pireuse Olympiakos võõrsil Saloniki Iraklise 69 : 63 ( 29 : 31 ) .,,,ORG,no,"The phrase 'Olympiakos' refers to a team, not a location, so it is classified as 'no'.",no,no,no,no
12430508,19902918,20,pöörduma,,el,arvatu,arvatust,"Mehiku sõnul ei ole telefonipiraatlus Saaremaal eriti levinud , kuigi samas majas on kaableid ka varem lõhutud ja elanikud arvatust suuremate arvetega telefonifirma poole pöördunud .",,,,no,"The phrase 'arvatust' refers to a manner or degree, not a location, so it is classified as 'no'.",no,no,no,no
15419949,24086861,11,kehtima,,ad,etteteatamine,etteteatamisel,Mis mõte sinu arust sel katseajal siis üldse on kui etteteatamisel ikka tavapärane protseduur kehtib ?,,,,no,"The phrase 'etteteatamisel' pertains to a concept or circumstance rather than a spatial location, so it is not an adverbial of place.",no,no,no,yes
54500,94486,7,toetama,,all,mis,millele,"Inimene saab ühiskondlikus mõttes valida , millele ta ennast olulisemalt toetab , ümbruses valitsevatele hoiakutele või sisemistele tõekspidamistele .",,,,no,"The phrase 'millele' refers to what something is supported by, not indicating a spatial location, so it is not an adverbial of place.",no,no,no,no
12566391,20110294,13,osutuma,,in,keel,keeles,"Suuremais linnades osutub ehk võimalikuks kool ukraina , soome või mõnes muus keeles .",,,,no,"The phrase 'keeles' pertains to language, not a spatial location, so it is not an adverbial of place.",no,no,no,no
8155454,13091284,29,ostma,,abl,kaasrajaja,kaasrajajalt,"Tšukotka kuberner ja üks Venemaa rikkamaid ärimehi Roman Abramovitš , kes hiljaaegu ostis Inglise kõrgliigasse kuuluva Chelsea jalgpalliklubi , on lisaks sellele ostnud ka hiiglasliku jahi arvutikontserni Microsoft kaasrajajalt Paul Allenilt , mõne päeva eest saabus jaht Vladivostokki .",,,,no,"The phrase 'kaasrajajalt' indicates the source of the yacht, not the location, so it is not an adverbial of place.",no,no,no,no
19857207,29318324,6,jääma,ilma,el,huvitav,huvitavast,tiigrikiisu: kas jäin millestki huvitavast kah ilma ?,,,,no,"The phrase 'huvitavast' describes an abstract quality, not a location, so it is not an adverbial of place.",no,no,no,no
15117404,23642319,5,tulema,välja,in,Hell,Hell's,Brothers in Arms : Hell's Highway tuleb 2006 aasta lõppu poole välja .,,,PER,no,The phrase 'Hell's' is not an adverbial of place because it refers to a part of a title and not a location.,no,no,no,no
8501407,13626351,3,realiseerima,,in,lõppkokkuvõte,lõppkokkuvõttes,"Teovõimet realiseerivad lõppkokkuvõttes igal üksikjuhul inimesed , kes reaalselt käituvad , kuid pädevuse alusel , mis tuleneb nende kuuluvusest juriidilise isiku organi koosseisu 704.",,,,no,"The phrase 'lõppkokkuvõttes' is not an adverbial of place because it describes a conclusion or summary, not a location.",no,no,no,no
711581,1133034,2,jääma,,adit,ajahäda,ajahätta,Jään ajahätta ja ei jõua vastata kümnele küsimusele .,,,,no,The phrase 'ajahätta' is not an adverbial of place because it refers to being short on time rather than a physical location.,no,no,no,no
5703658,9148472,7,kuulutama,välja,in,kuu,kuus,"Täna kuulutab USA valitsus ametlikult välja kuus  persona non grata  't , mis tähendab , et nad ei ole enam teretulnud riiki .",,,,no,The phrase 'kuus' is not an adverbial of place because it denotes a number (six) rather than a physical location.,no,no,no,no
18632922,28186365,1,juhtuma,,ad,igaljuht,igaljuhul,"igaljuhul kui lugema juhtud , siis kuulasin su paari lugu , mis kuskilt leidsin .",,,,no,"The phrase 'igaljuhul' is not an adverbial of place because it indicates certainty or emphasis, not a location.",no,no,no,no
12518590,20038433,8,sisaldama,,el,segu,segudest,"Kahjuks sisaldab osa Spordimuru nime alla müüdavatest segudest valdavalt karjamaa-raiheina , mis talvitub meie kliimas halvasti .",,,,no,"It was classified as 'no' because 'segudest' refers to the source or material in context, not a location.",no,no,no,no
11217701,17973062,19,tantsima,,in,arm,armudes,"Mats Eki Giselle on külahulluke , aga ka klassikalise balleti peategelane on kummaliselt käituv tütarlaps , kes ennast armudes surnuks tantsib .",,,,no,"The phrase 'armudes' describes the condition or manner in which someone acts and does not indicate a specific location, so it was classified as not adverbial of place ('no').",no,no,no,no
2491769,3995949,12,plaanima,,all,politseipension,politseipensionile,"Tsugarti teise võimaliku ametikohana näeb politseiamet Maardu politsei juhtimist , sest politseipensionile plaanib minna ka sealse osakonna juht , aastaid Tallinna politseis juhtivatel kohtadel töötanud Vladimir Triškin .",,,,no,"The phrase 'politseipensionile' describes a state or purpose and not a location, so it was classified as not adverbial of place ('no').",no,no,no,no
1344323,2137502,13,tooma,,in,kahi,kahjus,""" Tekkinud on üha suurem kartus , et ummistunud Doonau veetee toob kahjus allavoolu asuvatele riikidele aga mitte Belgradi režiimile , "" ütles Bulgaaria transpordi- ja sideminister Antoni Slavinski .",,,,no,"The phrase 'kahjus' refers to a negative effect or impact and does not describe a location, so it was classified as not adverbial of place ('no').",no,no,no,no
1936413,3085986,19,levima,,all,kodusõda,kodusõjale,"Vene ajakirjandus pidas kogu tipp-poliitikat kuidagi teisejärguliseks ja asjakohatuks , sest sisepoliitikas levivad vasakjõudude vihjed septembri keskel algavale kodusõjale .",,event,,no,The phrase 'kodusõjale' refers to an event or phenomenon (civil war) rather than specifying a physical location.,no,no,no,yes
3600189,5797563,6,välistama,,all,riik,riigile,"Pealegi ei välista ettevõtte lülitamine riigile tähtsate objektide nimekirja sattumist erakätesse , leiab Pärnoja .",,,,no,The phrase 'riigile' refers to possession or relevance to the state rather than a specific location.,no,no,no,no
12134145,19427566,5,olema,vaja,abl,paremus,paremuselt,Viimase ringi järel polnud paremuselt teisi katseid aga enam vaja mõõta Alekna lajatas eelviimase heitjana päeva pikima kaare 69.30.,,,,no,"The phrase 'paremuselt' indicates a comparative quality and not a location, so it is not adverbial of place.",no,no,no,no
136997,228944,2,kuuluma,,el,faktor,faktoritest,"Organismisisestest faktoritest kuulub siia näiteks munandikoti veenilaiend , mis esineb umbes 35 protsendil lastetutest meestest .",,,,no,"The phrase 'faktoritest' refers to a source or origin, not a location, so it is not adverbial of place.",no,no,no,no
4209334,6773689,12,suurenema,,all,sisustamine,sisustamisele,"Aastaga vähenes toidukulutuste osatähtsus leibkonnaliikme kulutuste struktuuris ning suurenes vaba aja sisustamisele , mitmesugustele kaupadele ja teenustele ( juuksur , kindlustuskulutused , sotsiaalkaitse teenused jne ) ning riietele ja jalanõudele tehtud kulutuste osatähtsus .",,,,no,"The phrase 'sisustamisele' was classified as 'no' because it refers to an activity or purpose, not a location in space.",no,no,no,no
1599283,2544973,6,kuuluma,,el,ettevõtmine,ettevõtmistest,"Pastile ja Kolgile kuulub meelelahutuse ettevõtmistest veel Väike-Munamäe mäesuusakeskus , mille nad koos väärtpaberivahendusfirma ASi ITC Trust tegevdirektori Tarmo Pedjasaarega ostsid aasta tagasi pankrotipesast 4,4 miljoni krooni eest .",,,,no,"The phrase 'ettevõtmistest' was classified as not adverbial of place because it refers to the subject matter or type of business ventures, not a physical location.",no,no,no,no
13013233,20820542,2,seisma,,ad,alevik,alevikul,"Rummu alevikul on aastakümnete pikkune vanglate traditsioon , infrastruktuurid , tööjõud ja kogemus , seisab Harju maavanema Orm Valtsoni saadetud kirjas justiitsminister Ken-Marti Vaherile .",,location,,no,"The phrase 'alevikul' was classified as not adverbial of place because it indicates possession or an attribute of the settlement, not a description of a physical location.",no,no,no,no
6707211,10791078,42,alistuma,,all,kirg,kirgedele,"Lahkunu kirjutas 1991 oma teoses "" Centesimus annus "" : "" Selles pööratakse tähelepanu inimvabaduse ja tõe vahelisele olemuslikule seosele , mis on nii tugev , et vabadus , keeldudes end sidumast tõega , langeks meelevaldsusesse ja alistuks lõpuks kõige madalamatele kirgedele ning hävitaks end ise .",,,,no,"The phrase 'kirgedele' is not indicating a location or place; it refers to emotions or passions, not a physical place.",no,no,no,no
12418527,19883831,1,unistama,,el,Kuuba-reis,Kuuba-reisist,"Kuuba-reisist unistasid Saksa DVs paljud , sest Kuuba oli sotsialismileeri riikidest ainus , kus sai palmide all troopikamõnusid nautida .",,,,no,"The phrase 'Kuuba-reisist' refers to a topic or subject (a trip to Cuba), not a specific location or place.",no,no,no,no
17275722,26521166,25,leiduma,,el,traffik,traffikust,"Suured tänud ja mina Väga vabandan : Kasutasin CommView-i , mis ilmselt vajab mingit registreerimist vms . kuna ei kuskil mujal leidu jälgegi sellest traffikust ( see eest võrgukaardi silm pilgutab nii kavalalt ) .",,,,no,The phrase 'traffikust' is not related to a geographical or spatial location but refers to traffic in a network context.,no,no,no,no
758671,1209173,11,mõjuma,,in,keel,keeles,Vene või inglise keele mahlakate roppuste üksühele tõlkimine mõjuks eesti keeles väljaimetuna .,,,,no,"The phrase 'keeles' refers to 'in the language' and does not indicate a specific place, so it is not adverbial of place.",no,no,no,no
62714,107728,9,kihutama,välja,ad,tuur,tuuridel,"” Ning too ülemuslik autode karavan kihutas nomenklatuurseil tuuridel linnast välja , läände , nii päeva kui riikliku loojangu suunas .",,,,no,The phrase 'tuuridel' is not indicating a location and therefore is not an adverbial of place.,no,no,no,no
2766452,4436610,2,sõitma,ringi,ad,tellimus,tellimusel,"Elisa tellimusel sõitis ligi kuu aega tagasi Levira spetsiaalse raadiolevi mõõtetehnikaga varustatud auto Tartu linnas ringi , läbides kõik teed ja tänavad ning mõõtes operaatorite GSM-võrkude kvaliteeti .",,,,no,"The phrase 'tellimusel' is describing the circumstances or basis of the action, not a place, so it is not an adverbial of place.",no,no,no,no
5774787,9264790,18,ajama,,el,hirm,hirmust,"Mõistagi on lugeja teha , kas tema teises romaanis "" Purpurjõed "" kirjeldatud õudused ajavad ikka kuklakarvad hirmust turri , kuid meisterlik kirjeldus ükskõikseks ei jäta .",,,,no,"The phrase 'hirmust' describes the cause or reason of the reaction and not a physical location, so it is not an adverbial of place.",no,no,no,no
10510740,16849964,2,paistma,,el,erinevus,erinevusest,"Sellisest erinevusest paistab selgelt , et riiklik õppekava on osale õpilastest jõukohane ja osale mitte .",,,,no,"The phrase 'erinevusest' expresses a source or point of reference but not a physical location, so it is not an adverbial of place.",no,no,no,no
3853536,6206929,18,lisama,,adit,saabumine,saabumisse,""" Isegi paljunäinud Jüri Makarov ei ole sellise lepinguga kunagi kokku puutunud , "" lisab Raudsepp mustkunstniku saabumisse salapära .",,,,no,"The phrase 'saabumisse' refers to an event or situation, rather than a physical location, so it is not an adverbial of place.",no,no,no,yes
781523,1246456,13,püüdma,,el,põhjus,põhjustest,"Sama kaua kui inimene on alkoholi pruukinud , on ta selle toime põhjustest püüdnud ka aru saada .",,,,no,"The phrase 'põhjustest' explains the source or reason for something but does not indicate a physical location, so it is not an adverbial of place.",no,no,no,no
6090220,9775866,10,seisma,,el,kavandatu,kavandatust,"Venekeelse nädalalehe MK-Estonija andmetel seisis aga laev BLRT territooriumil kavandatust kauem , sest SRC polnud lõplikult maksnud ellingu rendi eest ja BLRT ei lasknud remonditud laeva ellingult vette .",,,,no,"The phrase 'kavandatust' refers to a time duration ('longer than planned') and not a location, so it was classified as 'no'.",no,no,no,no
4536251,7291563,3,lisanduma,,adit,põhiplaan,põhiplaani,Suuremate elutubade põhiplaani lisandub ka sööginurk laua ja puhvetkapiga .,,,,no,"The phrase 'põhiplaani' refers to a design or layout, not a physical location, so it was classified as 'no'.",no,no,no,no
3225726,5181948,1,lootma,,el,piletimüük,Piletimüügist,"Piletimüügist loodavad korraldajad saada üle viie miljoni krooni , kusjuures eelmüügist on siiani saadud miljon krooni .",,,,no,"The phrase 'Piletimüügist' refers to the source of income from ticket sales rather than a physical place, so it was classified as 'no'.",no,no,no,no
8152244,13085669,5,tunnistama,,in,isik,isikus,"Tegelikult on ministeerium põllumajandusministri isikus meedias avalikult tunnistanud , et tegemist on plaaniga , mis kaitseks teatud kitsa huvigrupi ärihuvisid .",,,,no,"The phrase 'isikus' refers to 'in the person of' and is not related to a location or place, so it is not an adverbial of place.",no,no,no,no
8249244,13235681,18,esitama,,in,diskorütm,diskorütmis,"Lias :  “ Kadunud  Margus Turul  tekkis pärast 1967. aasta augustitormi idee moodustada poistebänd , mis esitaks diskorütmis veneusuliste kirikukoraale .",,,,no,"The phrase 'diskorütmis' refers to 'in disco rhythm', which describes a manner, not a place, so it is not an adverbial of place.",no,no,no,no
17896679,27281893,14,eksima,,in,ettepanek,ettepanekus,"Kas õiguskomisjon ütles oma koosolekul otse välja , et õiguskantsler on eksinud oma ettepanekus nr 23 , kui päris täpne olla , või siiski langetas puht KMÜ-liku poliitilise otsuse antud küsimuses ?",,,,no,"The phrase 'ettepanekus' refers to being in the proposal, which is not about the place but rather a topic or context.",no,no,no,no
6377148,10248947,11,levima,,ad,kokkupuutumine,kokkupuutumisel,"Viirus levib kehavedelike - vere , sülje ja spermaga - kokkupuutumisel .",,,,no,"The phrase 'kokkupuutumisel' refers to the condition of contact, not a physical place.",no,no,no,yes
9013494,14492031,9,haarama,,in,õlgkaabu,õlgkaabus,"Laupäev ei olnud selles suhtes erand , kui õlgkaabus ja lühikeste pükstega kütuseärimees  Henn Pärn  haaras tordinäitsikutelt mitmekilose kreemikandiku ja hakkas sellega rahva seas valju sõjakisa saatel ringi jooksma .",,,,no,"The phrase 'õlgkaabus' refers to an object (a straw hat) being worn, not a location.",no,no,no,no
3571708,5751419,6,kujundama,,el,pisirida,pisireast,Ta kujundas oma isikulegendi väljamõeldiste pisireast .,,,,no,"The phrase 'pisireast' refers to the origin or source of the designs and not a location, so it is not adverbial of place.",no,no,no,no
8878225,14265717,13,toimuma,,el,ehitus,ehitusest,"Elastsus hakkab silmnähtavalt kaduma umbes 30ndast eluaastast - muutused toimuvad sõltuvalt kaela ehitusest , pärilikest teguritest , tervislikust seisundist ja ka elustiilist .",,,,no,"The phrase 'ehitusest' refers to a source or basis of the changes and not a physical location, so it is not an adverbial of place.",no,no,no,no
8025560,12877063,24,tulema,juurde,all,nimi,nimele,"Olin absoluutselt kindel , et kui mul oleks niisugune Husi tinatükike , siis kaitseks see mind vääramatult kogu elu ja hingeraamatusse tuleks minu nimele üks pookstav juurde .",,,,no,"The phrase 'nimele' is classified as 'no' because it indicates possession or assignment, not a location.",no,no,no,no
453591,710410,9,elama,,adit,uuenduskuur,uuenduskuuri,Eelkõige politseiautona tuntuks saanud Mazda 626 elas üle uuenduskuuri .,,,,no,The phrase 'uuenduskuuri' was classified as 'no' because it refers to an event or process (renovation) and not a specific location.,no,no,no,yes
6123257,9828170,5,purunema,,in,õhulöök,õhulöökides,"Jordaania-Bagdadi magistraal purunes USA õhulöökides juba esimesel sõjapäeval , humanitaarabikolonnide Iraaki viimine Süüria kaudu ei pruugi aga meeldida ameeriklastele , kuna viimased kardavad sealt ka sõjalise varustuse Iraaki toimetamist .",,event,,no,"The phrase 'õhulöökides' refers to an action or event that occurred rather than a location, so it is not classified as an adverbial of place.",no,no,no,yes
18666718,28228300,10,käima,,abl,eelarve,eelarvelt,"Seda otseselt keskkonnastrateegias lahendada ei saa , see käib eelarvelt eelarvele ja loodetavasti arengukavalt arengukavale , kus on majanduslikult läbi kaalutud , kui palju me suudame ühe , kahe , viie , energeetikas isegi 20 aastaga ära teha .",,,,no,"The phrase 'eelarvelt' describes a source or origin (budget) and not a place, so it is not classified as an adverbial of place.",no,no,no,no
17798760,27173974,18,otsima,,abl,võimalus,võimaluselt,"See pole midagi uut , et kurde on seal maal eriti sallimatult koheldud ja nüüd otsivad nad võimaluselt riiki juhtida oma olukorrale väljapääsu mis pole jälle šiiitididele meeltmööda ...",,,,no,"The phrase 'võimaluselt' indicates a manner of approach, not a physical location, so it is not an adverbial of place.",no,no,no,no
7751284,12426450,18,õnnestuma,,el,järgmine,järgmistest,"Võiks rivisse panna terve rea kergelt sõnastatavaid põhjusi , miks see teos on õnnestunud , alates näiteks järgmistest : suur kogus uut informatsiooni , fantastiline täiendus Ernst Jaaksoni ( 1905-1998 ) oma raamatule “ Eestile ” , tema kui inimese harvakogetult tajutav portree , asendamatu ja vajalik tükk Eesti ja Eesti diplomaatia ajalugu , huvitav ja laitmatu viitestik jne.",,,,no,"The phrase 'järgmistest' refers to examples or reasons, not a physical location, so it is not an adverbial of place.",no,no,no,no
2586418,4150880,7,välistama,,all,tootja,tootjale,Energeetikasüsteemi ümberkorraldamine välistab Keevalliku sõnul ühele tootjale pikaajalise garanteeritud turuosa andmise ning sõltumatu elektrivõrgu avamine kõikidele elektritootajatele loob eeldused tootjatevaheliseks konkurentsiks .,,,,no,"The word 'tootjale' refers to a recipient or entity rather than indicating a location, so it is not classified as an adverbial of place.",no,no,no,no
6629260,10667247,9,pääsema,,in,jää,jääs,"Ma mõtli küll hirmuge , et sinna ta jääs ja mi ei pääse enam edesi ega tagasi , sest üits tõine autu olli meil joba taka .",,,,no,"The word 'jääs' describes a state or condition rather than a location, so it is not classified as an adverbial of place.",no,no,no,no
13234026,21173417,14,mõistma,,in,raha,rahas,"Öeldakse , et rahvale peab seletama lihtsas keeles , mida ta mõistab : rahas .",,,,no,"The word 'rahas' refers to an abstract concept or currency rather than a physical location, so it is not classified as an adverbial of place.",no,no,no,no
2172300,3470670,4,laulma,,in,mängupoos,mängupoosis,"Kui metsis maas mängupoosis laulab , on tema vaenlaseks suured kakud , rebased ja nugised .",,,,no,"The phrase 'mängupoosis' refers to a position or posture, not a location, thus it is not an adverbial of place.",no,no,no,no
5417874,8688748,19,jääma,ette,ad,iga,igal,"Et meil on maja ehitamine pooleli , siis pole neid veel ka riiulisse saanud panna ja ega need igal pool ette jäävad raamatud mind nii väga vaimusta .",,,,no,"The phrase 'igal' refers to generality or extent, not to a specific location, hence it is not an adverbial of place.",no,no,no,no
5376038,8622530,4,pääsema,,el,energiakulutamine,energiakulutamisest,"Nüüd pääsen sellest energiakulutamisest - kaal on kogu aeg normis . """,,,,no,"The phrase 'energiakulutamisest' refers to avoiding energy expenditure and does not indicate a place, so it is classified as 'no'.",no,no,no,no
5391057,8645061,9,juhtuma,,el,koduõnnetus,koduõnnetustest,Üldiselt on aga köök väga ohtlik koht - koduõnnetustest juhtub suurem osa just seal .,,,,no,"The phrase 'koduõnnetustest' refers to accidents at home and not to a specific place, so it is classified as 'no'.",no,no,no,yes
4271413,6872704,13,eelistama,,all,improvisatsioon,improvisatsioonile,"Paljud klassikalise kooliga muusikud džässi üleliia ei armasta , nad eelistavad partituuri improvisatsioonile .",,,,no,"The phrase 'improvisatsioonile' refers to a preference or inclination towards improvisation, not a place.",no,no,no,no
4783848,7682497,12,sattuma,,el,avavile,avavilest,""" Tunnen end hästi nii füüsiliselt kui vaimselt , sattusin juba avavilest mõnusasse sõiduvette , "" kiitis Bryant .",,,,no,"The phrase 'avavilest' indicates a specific event or point in time (kick-off whistle) rather than a location, so it is not an adverbial of place.",no,no,no,yes
1400479,2227400,4,lõpetama,,all,laul,laulule,"Saate lõpetab eesti laulule kõige sarnasem pala ja üks suurfavoriite , norra tütarlastetrio Charmedi abbalik "" My Heart Goes Boom .",,,,no,"The phrase 'laulule' refers to a song rather than indicating a physical location, so it is not an adverbial of place.",no,no,no,no
6075986,9753077,9,jääma,ilma,el,edetabelipunkt,edetabelipunktist,"Poleks aetud , jäänuks esikohast ja ligi 50 edetabelipunktist ilma , "" rääkis Cofidise profirattur Janek Tombak ( pildil ) kahepäevase Guldensporentweedaagse tuuri järel koju Chamberysse jõudes .",,,,no,The phrase 'edetabelipunktist' was classified as 'no' because it does not describe a location or place.,no,no,no,no
2102665,3356079,21,seadma,,all,kvaliteet,kvaliteedile,"See töö nõuab eritehnoloogiat ja temperatuurirežiimi ( metalli temperatuur ei tohi langeda alla +5°C ) , mis seab töö kvaliteedile kõrged nõudmised .",,,,no,"The phrase 'kvaliteedile' refers to a standard or level of quality, which is not a physical location, so it is not an adverbial of place.",no,no,no,no
50725,87645,4,alustama,,all,põlvkond,põlvkonnale,"Mina alustasin oma põlvkonnale kohaselt suhteliselt hilja , olin 18-19.",,,,no,"The phrase 'põlvkonnale' indicates a target audience or group rather than a location, so it is not an adverbial of place.",no,no,no,no
15371579,24008661,3,seisma,,ad,initsiatiiv,initsiatiivil,"Valmo Kriisa initsiatiivil seisis Eesti korvpallikoondis eilse kohtumise eel hümni mängimise ajal ühtse ketina , kõigil käed üle naabri selja , ning laulsid üheskoos "" Mu isamaa , mu õnn ja rõõm "" .",,,,no,"The phrase 'initsiatiivil' refers to an initiative or cause, not a location, hence it is not adverbial of place.",no,no,no,no
1202749,1912200,36,kerkima,,el,käsi,kätest,"Arglikud eestlased tõusid püsti , tagusid käsi kokku ja kui spirituaali "" Swing Low , Sweet Chariot "" ajal juhendati lavalt "" Põdral maja "" laadis liigutusi tegema , kerkis sõna home ajal peade kohale kätest katuste meri .",,,,no,"The phrase 'kätest' describes the source or material ('from hands'), but not a specific location, so it is not an adverbial of place.",no,no,no,no
13259863,21213950,13,alustama,,el,andmine,andmisest,"Värvi , värvi ja veel kord värvi Kindlasti alusta seintele uue tooni andmisest , sest juba ainuüksi nende värvi muutmine mõjub kui kevadine tuuleiil .",,,,no,"The phrase 'andmisest' refers to the action of giving or applying, not a location, so it is not adverbial of place.",no,no,no,no
1221044,1941796,25,kontrollima,,el,arestimine,arestimisest,""" Olukord on lihtsalt kohutav , sest enamik sanitaarnõuetest on täitmata , "" lausus eile pärast Eesti Päevalehes ilmunud artiklit Paljassaares seisva kalatraaleri Seagull arestimisest laeva kontrollinud sanitaarkarantiini talituse arst-inspektor Alla Ferdmann .",,,,no,"The phrase 'arestimisest' pertains to the act of confiscation or arrest, which is not a location, so it is not adverbial of place.",no,no,no,yes
11793536,18875106,7,kogunema,,all,kasv,kasvule,Riigil endal on tänu maksumaksjate võimekuse kasvule kogunenud eelarvesse palju rohkem raha kui osati loota .,,,,no,"The phrase 'kasvule' points to an abstract concept (growth) and not a physical location, so it is not an adverbial of place.",no,no,no,no
16422666,25373922,25,põgenema,,in,riietus,riietuses,"Kogu õhtu äripartneritega pidutsenud Wang oli enne põlengu puhkemist end sviidi kuninglikus voodis sisse seadnud koos 28-aastase prostituudi Ramonaga , kes tulekahju puhkedes napis riietuses sviidist põgenes .",,,,no,"The phrase 'riietuses' describes the state or condition of someone being dressed and does not indicate a physical place, so it is not adverbial of place.",no,no,no,no
15546877,24280174,7,nõudma,tagasi,abl,riigikogu,RIIGIKOGULT,"31. DETSEMBER RIIGIKONTROLL JA ÕIGUSKANTSLER NÕUAVAD RIIGIKOGULT KASUKAD TAGASI , LAMBA-AASTA LOOGILINE LÕPP .",,location,ORG,no,"The phrase 'RIIGIKOGULT' implies a source or origin (from parliament) rather than a physical location, so it is not adverbial of place.",no,no,no,no
1180661,1876330,6,käima,,abl,õudsa,õudsalt,""" See tänapäeva noorus käib õudsalt maitsetult riides !",,,,no,"The phrase 'õudsalt' is an adverb describing the intensity of the action and not a physical location, so it is not adverbial of place.",no,no,no,no
15106750,23629561,7,tulema,,abl,Hiage,HIAGELT,Hetkel pole korras vaid tuleb mingi HIAGELT PALJU mingit teksti ja koodi .,,,PER,no,"The phrase 'HIAGELT' is an adverb describing intensity and not a physical location, so it is not adverbial of place.",no,no,no,no
13166997,21066449,5,põhjendama,,all,kodutarbija,kodutarbijale,Öpik põhjendas suuremat hinnatõusu kodutarbijale vajadusega lõpetada nende doteerimine suurklientide poolt .,,,,no,"The phrase 'kodutarbijale' refers to the recipient of the explanation ('to the domestic consumer') and is not indicating a location, hence it is not classified as adverbial of place.",no,no,no,no
172151,286425,24,edastama,,all,firma,firmale,"Prantsuse firma Thomson-CSF jäi ilma Brasiiliast loodetud 1,4 miljardi dollarisest radaritellimusest , sest ECHELON-i abil hankis USA läbirääkimiste materjalid ja edastas need USA firmale nimega Raytheon .",,,,no,"The phrase 'firmale' refers to the recipient of the materials ('to a company') and does not specify a location, so it is not adverbial of place.",no,no,no,no
17290953,26538191,47,olema,,el,aretus,aretusest,"tglt oli jah see honda ilusam sellest « ferrarist »  sellisega ei julge sõitagi linnas mõni natuke tagant sisse sõidab siis vajub laiali ja päris äge tunne võib siis olla ... aga mootor on ju ikka honda oma mitte ferrari , mis mõtet on mingist sellisest aretusest ?? sõitku parem oma hondaga ringi , mis oli ka ilus .",,,,no,"The phrase 'aretusest' refers to the topic ('about the breeding') rather than a location, and thus it is not classified as adverbial of place.",no,no,no,no
7106686,11429078,2,jääma,alles,el,söömaaeg,söömaajast,"Mis söömaajast laua peale alles jääb , see kaabitakse enesele peopessa ja neelatakse ühe lõnksuga alla , suurem solk valatakse õunapuude alla , et need suuremaid vilju kannaksid ja katkised asjad - no eks need kantakse ju kuuri alla või pööningule , kus nad rahumeeli kasvõi sada aastat võivad vedeleda !",,event,,no,"The phrase 'söömaajast' refers to the origin of leftovers ('from the mealtime') rather than a location, so it is not considered adverbial of place.",no,no,no,yes
12582522,20135658,9,minema,,abl,27%,27%-lt,"Schibstedile läheb osaluse suurendamine Kanal 2 emafirmas praeguselt 27%-lt 80%-ni maksma ligikaudu 3 , 5 miljonit dollarit .",,,,no,"The phrase '27%-lt' specifies a percentage value and not a location, thus it was classified as 'no' for adverbial of place.",no,no,no,no
5459608,8753580,23,juhtuma,,ad,astumine,astumisel,""" Oleme veendunud , et see kujundab meie suhteid Venemaaga lihtsaks ja koostöötahteliseks , nagu see juhtus Poola , Tsehhi ja Ungari astumisel NATO-sse , "" lisas Meri .",,,,no,"The phrase 'astumisel' indicates an action or event, not a location or place, so it was classified as 'no' for adverbial of place.",no,no,no,yes
10766061,17245402,11,viima,,all,esitus,esitusele,"See viib mõtted taas Ristikivile , õigemini küll tema eluloo esitusele “ Teelises ja tähtedes ” , mille murdekohta Nirk paigutas “ Hingede öö ” eeskujul kirja klassikaaslasele Kanadas .",,event,,no,"The phrase 'esitusele' refers to a presentation or expression rather than a location, so it was classified as 'no' for adverbial of place.",no,no,no,no
537651,848167,5,mõistma,,in,kuritegu,kuriteos,"Reedel mõistis maakohus sarnases kuriteos süüdi ka kohtlajärvelase Andrei Kabilovi ( 19 ) , kellele määrati teist korda joobes juhtimise eest kolmekuuline tingimisi vanglakaristus aastase katseajaga .",,,,no,"The phrase 'kuriteos' refers to the crime and is not describing a place, so it is not an adverbial of place.",no,no,no,yes
21090667,29917352,6,aitama,,in,maatöö,maatöödes,karvakera: sest aitasin vanemaid maatöödes,,,,no,"The phrase 'maatöödes' refers to specific types of work and does not indicate a location, so it is not an adverbial of place.",no,no,no,yes
98870,167030,24,alluma,,all,korraldus,korraldustele,"Ainukest “ reaalset vastupanu ” punaarmeelastele ja 20 viinastunud “ revolutsionäärile ” osutas Boris Nykänen , kes polpoli aknast hüüdis : “ Kaltsakate korraldustele me ei allu !",,,,no,The phrase 'korraldustele' is not an adverbial of place because it refers to compliance or orders and not a physical location.,no,no,no,no
16827175,25895757,19,viima,,in,kokkulepe,kokkuleppes,"Eelnõust jäetakse muudatusettepaneku nr 24 kohaselt välja laeva lipuõiguse ja laevaregistrite seaduse muutmist puudutav § 100 , kuna kokkuleppes Justiitsministeeriumiga viisime nimetatud väikelaevade probleemistikku käsitleva paragrahvi rahvusvahelise merivõlgade ja pantide konventsiooniga ühinemise ja laeva lipuõiguse ja laevaregistrite seaduse muutmise seaduse eelnõusse nr 846 , mis on hetkel õiguskomisjoni menetluses .",,,,no,The phrase 'kokkuleppes' is not an adverbial of place because it refers to an agreement rather than a location.,no,no,no,no
2593017,4161516,3,vaatama,,el,huvi,huvist,"Vaatan kultuurantropoloogilisest huvist , missugune eesti inimene tänapäeval on .",,,,no,The phrase 'huvist' is not an adverbial of place because it refers to a reason or motivation and not a location.,no,no,no,no
7192779,11569656,8,võitlema,,all,osakond,osakonnale,Olin siis juriidilise osakonna juhataja ja võitlesin osakonnale mugavama lisatööruumi ( võõrastega läbirääkimisteks ) eraldamise eest .,,location,,no,'osakonnale' was classified as 'no' because it indicates a target or recipient rather than a location.,no,no,no,no
20031807,29415001,4,elama,,adit,pekk,pekki,plixxx: sae pekki kus elad,,,,no,"The phrase 'pekki' is an informal expression, not indicating any specific place.",no,no,no,no
1409034,2241131,22,seisma,,ad,jooksva,jooksvatel,"Eraisikute hoiuste maht pankades on viimase pooleteise aasta jooksul kasvanud kaks korda ehk 14,5 miljardi kroonini , millest üle poole seisab jooksvatel ehk nõudmiseni hoiustel .",,state,,no,The phrase 'jooksvatel' refers to the type of deposits (current deposits) and not a location.,no,no,no,no
7653777,12273494,7,uurima,,el,korraldamine,korraldamisest,Revidendid uurivad kogu süsteemi raha kasutamise korraldamisest passiblankettide kadumiseni .,,,,no,"The word 'korraldamisest' refers to an action or process and not a location, so it is not an adverbial of place.",no,no,no,no
10733165,17198657,13,levima,,el,areng,arengust,"Kartuli lehemädanikku ( nii lehe- kui ka varrevorm ) levib sõltuvalt kartuli arengust , sordist , põllu asukohast , eelnenud tõrjest jms.",,,,no,"The word 'arengust' refers to a state or process, not a physical location, so it is not an adverbial of place.",no,no,no,no
9868947,15835988,4,nentima,,all,kogemus,kogemustele,"Ots nendib isiklikele kogemustele tuginedes , et suur osa transpordiga seotud palgalistest näeb välja ja käitub “ nagu issand jumal juhatab ” .",,,,no,"The phrase 'kogemustele' refers to experiences rather than a specific place, so it is not adverbial of place.",no,no,no,no
10535044,16889262,12,alustama,,el,areng,arengust,Paljud riigid peavad arengu mootoriks tööstust ning tahavad kopeerida samuti tööstuse arengust alustanud Kagu-Aasia riikide reforme .,,,,no,"The phrase 'arengust' refers to development, which is not a specific location, so it is not adverbial of place.",no,no,no,no
14571565,23014212,30,lootma,,in,kitjutam,kitjutamas,Seepärast ei taha ma teie madalas ja vastikus seltskonnas enam viibida vaid lähen ja enne järgmist sügist ärge mind siit leida lootke ei minu ega kelleegi teise nime all kitjutamas !,,,,no,"The phrase 'kitjutamas' refers to an action (writing) and does not indicate a place, so it is not adverbial of place.",no,no,no,no
11035686,17674979,21,lisama,,adit,edukus,edukusse,Suhted Kiieviga on Solana teeside üks oluline punkt ning Suurbritannia kaitseministri  Michael Portillo  äsjane visiit Ukrainasse üksnes lisas usku koostöö edukusse .,,,,no,"The phrase 'edukusse' indicates a goal or result, not a location, thus it is not an adverbial of place.",no,no,no,no
7199203,11579349,2,alustama,,all,kahtlus,kahtlustele,Suurtele kahtlustele vaatamata alustasid Eesti tippkorvpallurid esmaspäeval ühistreeninguid .,,,,no,"The phrase 'kahtlustele' refers to doubts as a metaphorical object, not a physical place, hence it is not an adverbial of place.",no,no,no,no
6853080,11025567,10,lisanduma,,in,mis,milles,"Uue lähenemise järgi tõlgendatakse karjääri kui kompetentsuse kasvu , milles lisanduvad oskused ja asjatundlikkus ning kasvab suhtlemisvõrgustik .",,,,no,"The phrase 'milles' refers to 'in which' and explains a condition or state, not a specific place.",no,no,no,no
3074697,4935480,7,alluma,,all,disainireegel,disainireeglile,"Kindlasti ei allu säärane sisekujundus ühelegi disainireeglile , aga vastab kriteeriumile "" originaalne "" küll .",,,,no,The phrase 'disainireeglile' refers to 'design rule' and is not about a specific location or place.,no,no,no,no
18220343,27662234,28,moodustama,,all,kaebus,kaebusele,"Kaebus loetakse ühenduse tööstuse esitatuks või ühenduse tööstuse nimel esitatuks , kui seda toetavad need ühenduse tootjad , kelle ühene suutlikkus ehitada samalaadne laev moodustab üle 50% kaebusele toetust või vastuseisu avaldavast ühenduse tööstuse osast .",,,,no,The phrase 'kaebusele' refers to 'on the complaint' and is related to an abstract concept rather than a physical place.,no,no,no,no
3639040,5860418,7,takistama,,ad,jõudmine,jõudmisel,Sarmeti sõnul takistasid ülejäänud mehi tippu jõudmisel tervisehäired või lihtsalt laiskus .,,,,no,The phrase 'jõudmisel' is not an adverbial of place because it indicates an action or process rather than a spatial location.,no,no,no,yes
2852699,4574716,6,mõistma,välja,abl,ehitus,Ehituselt,"Kohus mõistis juuni lõpus YIT Ehituselt välja üle 11 miljoni krooni , mis Ülemiste hotell oli kulutanud hallitusest tekkinud kahjustuste kõrvaldamiseks .",,,ORG,no,"The phrase 'Ehituselt' is not an adverbial of place because it specifies an entity (YIT Ehitus) from which something was extracted, not a physical location.",no,no,no,no
3563359,5738114,2,püüdma,,el,spekulatsioon,spekulatsioonidest,Hoolimata spekulatsioonidest ennetähtaegsete valimiste teemal püüab Taani peaminister Poul Nyrup Rasmussen määrata kindlaks oma maa tulevast kurssi Euroopas .,,,,no,"The phrase 'spekulatsioonidest' refers to speculations and does not indicate the location of an action, so it is not an adverbial of place.",no,no,no,no
2726528,4373541,15,ehitama,,ad,eestvedamine,eestvedamisel,"Hansapordi kõrvale ehitab Eston Ehitus AS kunagise veski ja teraviljasalve kohale Aida Partnerid OÜ eestvedamisel kaheksakorruselise äri- ja eluhoone Pärnu Keskus , kirjutab Pärnu Postimees .",,,,no,"The phrase 'eestvedamisel' refers to the leadership or guidance in building the structure and does not indicate a location, so it is not an adverbial of place.",no,no,no,no
6975459,11206457,3,kutsuma,,in,kett,ketis,"Taluõues jälle ketis kutsu , kes muidu lahti olles aiavilja sõkuks .",,,,no,"The phrase 'ketis' describes the state of being chained or tethered, which does not necessarily describe a location, so it is not an adverbial of place.",no,no,no,no
10950513,17539339,13,nägema,välja,in,halenaljakas,halenaljakas,"Klassiõhtul ei julge ma tantsida , sest mõtlen , et võibolla näen halenaljakas välja .",,,,no,"The phrase 'halenaljakas' describes an emotion or appearance (ridiculous and pitiful) and does not relate to a place, so it is not an adverbial of place.",no,no,no,no
1670331,2659721,7,säilima,,ad,osa,osal,"Halb on ka olukord , kus osal seinas ülalt alla jooksvatel trossidel pinge säilib , osal aga mitte .",,,,no,"The phrase 'osal' refers to a subset but does not indicate a location, so it is not classified as adverbial of place.",no,no,no,no
9994289,16031375,17,õppima,,ad,läbimine,läbimisel,"Rohkem arhitektuuri talletajana tuntud Rocca al Mare vabaõhumuuseum avas laupäeval ka looduse õpperaja , mille kahetunnisel läbimisel õpivad inimesed loodust lähemalt tundma .",,,,no,"The phrase 'läbimisel' refers to the action of completing the trail, not a location, hence it is not adverbial of place.",no,no,no,yes
6358602,10217405,34,kõlama,,el,kriitika,kriitikast,""" Tõlked on kohati konarlikud ja nende osas võib olla rahulolematu "" ja "" Meil on eesti õiguskeele keskus ja jurist-lingvistid , aga tekstid ei kõlba kuhugi "" on vaid mõned näited kõlanud kriitikast .",,,,no,"The phrase 'kriitikast' refers to criticism as a subject, not as a place, so it is not an adverbial of place.",no,no,no,no
13508482,21605753,4,valmima,,el,olemasolev,olemasolevaist,"Samal ajal valmib olemasolevaist täpseim põllupidajate andmebaas , kus on kirjas ka nende mured ja soovid .",,,,no,"The phrase 'olemasolevaist' describes the origin or type of the database but does not indicate a specific location, so it is not an adverbial of place.",no,no,no,no
13655393,21822473,9,suurenema,,all,millenniumiboonus,millenniumiboonusele,"Samuti on võimalik , et võidusumma suureneb tänu millenniumiboonusele 3 , 5 miljonini .",,,,no,"The phrase 'millenniumiboonusele' specifies the cause or source of the increase, not a location, so it is not an adverbial of place.",no,no,no,no
2591953,4159811,20,toetama,,in,edu,edus,"USA ja , ma loodan , teised nõukogu liikmed , annavad inspektoritele kogu vajaliku abi ja toetavad neid nende edus eluliselt olulisel missioonil , "" ütles Powell .",,,,no,"The phrase 'edus' refers to the inspectors' progress, not to a geographic or spatial location, so it is not an adverbial of place.",no,no,no,no
594366,942243,2,kasvama,,all,lapsehooldustasu,lapsehooldustasule,Tänu lapsehooldustasule ja maksuvaba miinimumi tõusule kasvab selle pere sissetulek aastas rohkem kui keskmise kuupalga võrra .,,,,no,"The phrase 'lapsehooldustasule' refers to a cause or source of support and not to a physical location, so it is not an adverbial of place.",no,no,no,no
7024508,11283749,20,tooma,,in,ahel,ahelas,"Tervishoid on aga niipalju konservatiivne , et üks muutus , kui see pole põhjalikult läbi analüüsitud , toob reas ahelas palju muutusi .",,,,no,"The phrase 'ahelas' indicates a figurative sequence or chain of events, not a physical location, so it was classified as not adverbial of place ('no').",no,no,no,no
8361110,13398583,6,jääma,alles,el,tõus,tõusust,Nii jääb lubatud 100%-lisest tõusust tegelikkuses alles vaid 9% !,,,,no,"The phrase 'tõusust' refers to an increase or rise, which is an abstract concept, not a location, so it was classified as not adverbial of place ('no').",no,no,no,no
12418169,19883131,2,põrkama,kokku,ad,komme,kombel,"Kummalisel kombel põrkas Tu-144 demonstratsioonlennul kokku Prantsuse hävitajaga Mirage , hukkus 13 inimest .",,,,no,The phrase 'kombel' was classified as 'no' because it does not indicate a location or place but rather describes a manner or way in which something occurred.,no,no,no,no
3692050,5945302,8,maksma,,abl,teisaldus,teisalduselt,"Lepingu järgi maksab Bankend Auto Valikale igalt teisalduselt 10 protsenti ehk 60 krooni , ütles Valika direktor Heiki Tõnupärt .",,,,no,The phrase 'teisalduselt' was classified as 'no' because it refers to an event or action (a transfer) rather than a location.,no,no,no,yes
16210607,25113566,40,taotlema,,el,sissemakse,sissemaksetest,"Juhul kui isik , kes tavaliselt elab Gibraltaril või kellelt on nõutud alates tema viimatisest saabumisest Gibraltarile , et ta tasuks töötajana sissemakseid Gibraltari õigusaktide alusel , taotleb töövõimetuse , raseduse või sünnituse või töötuse tõttu teatud ajaks vabastust sissemaksetest ja teeb ettepaneku , et selle perioodi sissemaksed talle krediteeritakse , loetakse kõik perioodid , mille jooksul see isik on töötanud mingi muu liikmesriigi kui Ühendkuningriigi territooriumil , tema taotluse suhtes perioodideks , mille jooksul ta on töötanud Gibraltaril ja mille eest ta on tasunud sissemakseid töötajana vastavalt Gibraltari õigusaktidele .",,,,no,The phrase 'sissemaksetest' was classified as 'no' because it refers to contributions or payments and not a physical or abstract location.,no,no,no,no
67198,115551,2,seadma,,all,ilmumine,ilmumisele,Ajalehe ilmumisele ja levitamisele seavad võimud pidevalt takistusi .,,event,,no,"The word 'ilmumisele' refers to the act of appearance or publishing and not to a specific location, so it is classified as not adverbial of place.",no,no,no,yes
2818863,4520630,17,rääkima,,abl,pind,pinnalt,"Väitlema on saadetud inimesi , kes ei ole teemaga kursis ja räägivad kas taksoteaduse või kõhutunde pinnalt ning mis põhiline , risti vastupidi mõnele teises debatis esinevale erakonnakaaslasele .",,,,no,"The word 'pinnalt' metaphorically indicates a basis or foundation, not a concrete physical place, so it is classified as not adverbial of place.",no,no,no,no
738677,1177069,20,tõmbama,,all,arendamine,arendamisele,"Vee hinna alandamine kahe krooni võrra oktoobrist ähvardab viia aktsiaseltsi Tallinna Vesi kahjumisse , tõmbab kriipsu peale linna veemajanduse arendamisele ning seab ohtu EBRD sõlmitud laenulepingu .",,,,no,The phrase 'arendamisele' was classified as 'no' because it refers to an abstract action (development) rather than a specific place.,no,no,no,no
10987271,17597492,1,tahtma,,abl,ilme,Ilmelt,"Ilmelt tahtnuks ta , olles toetanud poegi lapsest alates , et nad igal juhul võidu sõidaksid .",,state,,no,"The phrase 'Ilmelt' was classified as 'no' because it refers to appearance or manner, not a location or place.",no,no,no,no
13481080,21561625,8,sisaldama,,el,lind,lindudest,"« Kuigi kalkuni rinnafilee ja kintsuliha sisaldavad lindudest kõige vähem rasva , on samas kalkuni kintsuliha sea sisefileest isegi rammusam , » märgib Kaja Torm .",,,,no,"The phrase 'lindudest' was classified as 'no' because it refers to a comparison involving birds, not a specific location.",no,no,no,no
824756,1315783,12,tõusma,,all,15,15le,"Möödunud neljapäeval Lõuna-Iraagile tehtud Lääne õhurünnakute ohvrite arv on tõusnud 14lt 15le , teatas neljapäeval Iraagi armeekindral .",,,,no,"The phrase '15le' does not specify a location or direction, thus it was not classified as an adverbial of place.",no,no,no,no
16512464,25466400,35,hõlmama,,el,planeerimine,planeerimisest,"Tooksin näiteks 2000. aasta oktoobris Riias toimuva konverentsi , mis ajalooliste asulate põhiprogrammi raames hõlmab autentsust ja rekonstruktsiooni maailmapärandi linnades , ning novembris sel aastal Vilniuses toimuva nädalase  workshop  'i maailmapärandi linnade terviklikust planeerimisest .",,,,no,"The phrase 'planeerimisest' does not indicate a location or spatial aspect, so it was not classified as an adverbial of place.",no,no,no,no
252555,402597,7,jõudma,,abl,kerge,kergetelt,"Loo lõpus näeme , et suhteliselt kergetelt ja mängulistelt probleemidelt jõuame üsna pea nüüdisaja teaduse kõige raskema temaatika - NP-keerukuse juurde .",,,,no,"The phrase 'kergetelt' refers to a quality or characteristic and not to a location, hence it was not classified as an adverbial of place.",no,no,no,no
7879377,12622396,16,andma,,adit,rajoon,rajooni-,"99 Siiski oli neil vähestel kooli kommunistidel suur võim , sest nad andsid aru partei rajooni- või linnakomiteedele , kust omakorda liikus info EK ( b ) P Keskkomiteesse .",,,,no,"The phrase 'rajooni-' is part of a compound word and does not independently denote a location, thus it was not classified as an adverbial of place.",no,no,no,no
16840812,25915767,3,lõpetama,,all,haigus,haigusele,Tänu sellele haigusele lõpetasin jalka trennides käimise .,,state,,no,"The phrase 'haigusele' indicates a reason or cause (due to the illness) rather than a place, so it is not an adverbial of place.",no,no,no,no
14343162,22769496,16,kanduma,,all,päev,päevadele,"Esialgu on mängupäevadeks reede ja laupäev , Põhja-Euroopa liiga algades kanduvad kodused mängud ka teistele päevadele .",,,,no,"The phrase 'päevadele' is not indicating a location but rather refers to specific days, which makes it not adverbial of place.",no,no,no,no
8104866,13005759,10,tõstma,,in,kuritarvitus,kuritarvituses,Aaviksoo kohale on kaitsepolitsei tõstnud korruptsioonikahtluse oma ametiseisundi võimalikus kuritarvituses .,,,,no,"The phrase 'kuritarvituses' refers to an act of misuse and not a location, so it is not classified as an adverbial of place.",no,no,no,no
4071173,6553226,8,harjuma,,ad,tase,tasemel,Eesti keskkond ei ole harjunud taolise maailma tasemel turvaoperatsiooniga .,,,,no,"The phrase 'tasemel' describes a level or standard, not a location, so it is not classified as an adverbial of place.",no,no,no,no
16289450,25225894,6,tunnistama,,all,määrus,määrustele,"Seega oleme vastavalt Vabariigi Valitsuse määrustele kui meie riigi õigusaktidele tunnistanud 16. veebruari , Leedu Vabariigi iseseisvuspäeva Leedu rahvuspühaks ja Läti Vabariigi väljakuulutamise päeva , 18. novembri Läti rahvuspühaks .",,,,no,"The phrase 'määrustele' refers to specific regulations rather than a location, so it is not classified as an adverbial of place.",no,no,no,no
17975442,27352449,7,vabastama,,in,stiil,stiilis,“ Vabastage orja mõistus kõige kaasaegsemas stiilis ja ta jääb orjaks .,,,,no,The phrase 'stiilis' is not an adverbial of place because it refers to a manner or style rather than a location.,no,no,no,no
3614945,5821271,19,alluma,,all,keelekorraldus,keelekorraldusele,"Rahvakeelt ei saa keelekorraldus kuidagi ahistada , sest rahvakeel ongi see keel , mis on vaba ja mis keelekorraldusele ei allu .",,,,no,The phrase 'keelekorraldusele' is not an adverbial of place because it refers to a concept or entity (language regulation) rather than a location.,no,no,no,no
6286300,10099255,6,pälvima,,el,olnu,olnust,"Mis aga kolmel päeval eetris olnust erilist kiitust pälvib , on sisuliselt täpses meeleolus teostatud heategevuslik rahaannetuse Jõulutunnel .",,,,no,The phrase 'olnust' is not classified as an adverbial of place because it refers to a state or situation in the past and not a specific place.,no,no,no,no
2810441,4506825,14,kajastuma,,in,hobujõud,hobujõududes,"C-klassi mootorid on samuti läbi teinud suured muudatused , mis kajastuvad 13% võimsamates hobujõududes ( 136-272 hj ) ning 18% suuremas pöördemomendis .",,,,no,"The phrase 'hobujõududes' refers to the power units and is not indicative of a location, so it is not classified as an adverbial of place.",no,no,no,no
4437076,7135375,2,esitama,,in,andmine,andmises,"Altkäemaksu andmises , vahendamises või altkäemaksu andmisele kihutamises esitas prokurör süüdistuse 13 eraisikule .",,,,no,"The phrase 'andmises' refers to the act of giving bribes and does not denote a location, so it is not classified as an adverbial of place.",no,no,no,no
186199,309331,4,põhjendama,,all,kõik,kõigile,Lahtilaskmist põhjendab ta kõigile tuliselt väga ratsionaalsete asjaoludega : näiteks alluva kehvade töötulemuste või ebalojaalsusega .,,,,no,"The phrase 'kõigile' indicates the general recipients of justification and does not specify a location, so it is not classified as an adverbial of place.",no,no,no,no
9156014,14719379,9,liituma,,in,nahktagi,nahktagides,"Elatanud inimeste piketiga Riia valitsushoone ees liitus rühm nahktagides noorukeid , kandes käesidemeid , mis tugevasti meenutasid omaaegseid natside omi : punasel põhjal valge ring , milles küll haakristi asemel sirbi ja vasara kujutis .",,,,no,"The phrase 'nahktagides' refers to the clothing style of the youths and does not describe a location, thus it is not adverbial of place.",no,no,no,no
1221026,1941773,4,levima,,all,kõik,kõigile,"Edasi levis viirus kõigile . """,,,,no,"The phrase 'kõigile' indicates the recipients of the virus and not a specific location, so it is not classified as adverbial of place.",no,no,no,no
15379292,24021933,3,valama,,all,kapsalõik,kapsalõikudele,Järgmisena vala kapsalõikudele seente ja sibulate segu .,,,,no,"The phrase 'kapsalõikudele' specifies the object being acted upon rather than a location, hence it is not adverbial of place.",no,no,no,no
17691373,27026540,8,eksima,,in,kontseptuaalne,kontseptuaalses,"Võimalik , et ka Siseministeeriumi töögrupp milleski kontseptuaalses eksib , ja et vältida asjatut kära ja ažiotaaži , siis enne valitsuses arutusele panekut seda teha kavas ei ole .",,,,no,"The phrase 'kontseptuaalses' describes a conceptual error, not a physical location, thus it is not adverbial of place.",no,no,no,no
5076684,8147920,7,jääma,,adit,esi,ette-,Laine laskus üle vutimuru ning kõik ette- jäänud pallurid kooriti aluspüksteni paljaks - fännid ihkasid mälestuseks kas või riba iidoli särgist või pükstest .,,,,no,The phrase 'ette-' was not classified as adverbial of place because it does not specify a location or spatial direction.,no,no,no,no
1411078,2244367,9,tõmbama,,all,aade,aadetele,""" Oleksin sellega vee peale tõmmanud kõigile oma aadetele . """,,,,no,The phrase 'aadetele' was not classified as adverbial of place because it refers to principles rather than a location or spatial aspect.,no,no,no,no
13571241,21700372,5,kindlustama,,in,kaaluma,kaalus,Toomas Proovel kindlustas oma kaalus Eestile olümpiakoha mullu MM-i 6 . kohaga ning Helger Hallik tänavu Sydney valiksarja 7 . kohaga .,,,,no,"The phrase 'kaalus' was classified as 'no' because it indicates a category or weight division, not an actual place or location.",no,no,no,no
19997828,29397068,7,kalduma,,all,homosexuaalsus,homosexuaalsusele,Noor_Pede: ma kaldun juba vaikselt homosexuaalsusele,,,,no,"Classified as 'no' since 'homosexuaalsusele' refers to a concept or orientation, not a physical location or spatial reference.",no,no,no,no
4278529,6883991,11,edestama,,in,km,km-s,Suusatamisvõistlustel Sallas ( Soome ) edestas venelanna Nina Gavriljuk 5 km-s ( v ) meie põhjanaabrite lootust Anu Kittilät .,,,,no,"Classified as 'no' because 'km-s' specifies a distance or measure, not a place or location.",no,no,no,yes
15652986,24424168,3,seadma,,all,alkoholimüük,alkoholimüügile,"Eesti riik alkoholimüügile ajalisi piiranguid ei sea , aga omavalitsus võib oma territooriumil seda teha .",,,,no,"Classified as 'no' because 'alkoholimüügile' refers to the act of alcohol sales, not a place or physical location.",no,no,no,no
9563433,15350910,10,hõivama,,el,maht,mahust,Kuid limerikud hõivavad vaid veidi rohkem kui poole raamatu mahust .,,,,no,"The phrase 'mahust' is not classified as an adverbial of place because it refers to the extent or volume (quantity), not a specific location.",no,no,no,no
77583,132319,20,väitma,,el,suu,suust,"Sajad auväärsed teadlased ja meditsiinidoktorid - nende seas vähemalt kolm Nobeli preemia laureaati - väidavad aidsi kohta kui ühest suust : pole mingit HI-viirust , on vaid elupõletamine .",,,,no,"'suust' was classified as 'no' for adverbial of place because it metaphorically refers to the act of speaking or consensus, not a physical location.",no,no,no,no
4960715,7964653,11,määrama,,in,põhiosa,põhiosas,"PwC märgib , et majanduskasvu aeglustumise ulatuse ja iseloomu määravad põhiosas välismaised mõjutegurid .",,,,no,"'põhiosas' was classified as 'no' for adverbial of place because it refers to the extent or majority of something, not a physical location.",no,no,no,no
12009057,19220472,17,tõmbama,,all,lepingulootus,lepingulootusele,"Kingi eakaaslane Ragnar Klavan pidi eile osalema Hispaania eliitklubi Real Sociedadi kontrollmängus , aga vigastus tõmbas lepingulootusele kriipsu .",,,,no,"'lepingulootusele' was classified as 'no' for adverbial of place because it refers to the hope or prospect of a contract, not a physical location.",no,no,no,no
7330078,11764780,2,lisanduma,,all,ebakindlus,ebakindlusele,"Teaduslikule ebakindlusele lisandub keskkonnaalases kontrollis ka sotsiaalne , majanduslik ja poliitiline ebakindlus .",,state,,no,"'ebakindlusele' was classified as 'no' for adverbial of place because it refers to uncertainty as a concept, not a physical location.",no,no,no,no
17064679,26229216,29,peituma,,el,sensatsioonilisus,sensatsioonilisusest,"Meisterrežissöör ei ole endale truuks jäädes ekraniseerinud ainuüksi põnevat ja kaasakiskuvat gangsteridraamat , vaid ta annab pidi ka Ameerika ühiskonnas valitsevatest tegelikest naiivsevõitu suhetest , mis on peitunud sensatsioonilisusest ja brutaalsusest küllastunud fassaadi taha .",,,,no,"The phrase 'sensatsioonilisusest' pertains to a quality or state, not a location, so it is not adverbial of place.",no,no,no,no
284630,448974,11,säilima,,el,kiri,kirjast,"Sellest ajast on säilinud ärakirjad prof Hermann Jaaksoni kolmest järgmisest kirjast : 1 ) Tartu Ülikooli rektorile ( 28. juulil 1943 ) , milles küsiti luba seltsi tegevuse jätkamiseks , 2 ) Tartu prefektile ( 26. septembril 1943 ) , milles kirjeldati seltsi liikmeskonda ( seltsi liikmetest 19 elasid Tartus , 9 Tallinnas , 1 Viljandis ning 1 Petseris ) , ja 3 ) Tartu Ülikooli rektorile ( 25. jaanuaril 1944 ) , milles paluti luba Akadeemilise Matemaatika Seltsi tegevuse taasalustamiseks .",,,,no,"The phrase 'kirjast' refers to a written document and not a physical location, hence it is not adverbial of place.",no,no,no,no
16179127,25095877,6,koostama,,in,esi,ees-,2 ) akti koostanud ametniku ees- ja perekonnanimi ning ametinimetus ;,,,,no,"The phrase 'ees-' was classified as 'no' because it does not indicate a location or place, instead it is part of a word linked to someone's name.",no,no,no,no
8986023,14447739,23,jääma,ette,ad,liikumine,liikumisel,"Isegi esimesest reast võib bussist väljumata minna istuma tagumisele reale , sest käigukang asub esipaneeli küljes , mitte põrandal ja ei jää liikumisel ette .",,,,no,"The phrase 'liikumisel' refers to movement or a process, not a specific place, so it is not classified as an adverbial of place.",no,no,no,yes
6896122,11082925,1,moodustama,,in,küpse,Küpsetes,"Küpsetes maasika viljades moodustavad suhkrud mahla kuivainest 80-90% ( Wrolstad ja Shallenberger , 1981 ) .",,,,no,"The phrase 'Küpsetes' describes the state of the strawberries and not a specific location, so it is not an adverbial of place.",no,no,no,no
8011753,12850951,7,ilmuma,,all,kõne,kõnedele,"Sel perioodil on Nigol Andresenilt lisaks kõnedele ilmunud tikutoosisuurune "" Uusi sihte Eesti töölisliikumises "" ( 1937 ) , läbinisti haritud inimese teos .",,,,no,"The phrase 'kõnedele' indicates what the publication is in addition to, not a location, so it is not an adverbial of place.",no,no,no,no
11305840,18118737,8,olema,,el,aade,aadetest,Kas olete kogu oma poliitilises tegevuses lähtunud aadetest ?,,,,no,"The phrase 'aadetest' refers to principles and does not indicate a location, so it is not an adverbial of place.",no,no,no,no
10781290,17270437,8,levima,,el,tervenemine,tervenemisest,Ühtaegu levivad jutud nii seekordse mädapaise peatsest tervenemisest kui ka kriisi ülekasvamisest sotsiaalseks plahvatuseks või koguni kodusõjaks .,,,,no,"The phrase 'tervenemisest' refers to recovery and does not specify a location, so it is not an adverbial of place.",no,no,no,no
3105953,4987569,4,kaaluma,,in,villakogu,villakogus,"Shreki seljast pügatud villakogus kaalus 27 kilo ning tõenäoliselt on see suurim ühe lamba seljast võetud kasukas , edastas BBC .",,,,no,"The phrase 'villakogus' refers to the quantity of wool and not a location, so it is not an adverbial of place.",no,no,no,no
747117,1190824,14,kannatama,,in,silmaots,silmaotsaski,"Melanie Griffith on oma näoga rahul , aga oma keha ei kannata ta silmaotsaski .",,,,no,The phrase 'silmaotsaski' was not classified as an adverbial of place because it conveys an emotional or evaluative meaning rather than indicating a physical location.,no,no,no,no
2746336,4405027,8,tunnistama,,in,avarii,avariis,Pikka aega haiglaravil olnud Altmäe tunnistas end avariis süüdi ja maksis kõik tekitatud kahjud oma rahakotist kinni .,,,,no,"The phrase 'avariis' refers to a situation ('in the accident') rather than a physical place, so it was classified as not adverbial of place.",no,no,no,yes
4819162,7737873,27,kalduma,,all,järeleandmine,järeleandmistele,"See seletab ka , miks Washington kiitis heaks üheksa miljardi dollarilise IMF-i laenu Venemaale , vaatamata sellele , et Jeltsini valitsus näib kalduvat majanduslikult katastroofilistele populistlikele järeleandmistele oma populaarsuse tõstmiseks rahva hulgas .",,,,no,"The phrase 'järeleandmistele' refers to concessions or agreements ('to concessions') rather than a location, so it was classified as not adverbial of place.",no,no,no,no
13849935,22084463,3,töötama,,ad,avaldus,avaldusel,Rahvaliidu tänasel avaldusel on erakonna juhatuse heakskiit rahvaliitlased töötasid selle kallal kogu nädalavahetuse .,,,,no,"The phrase 'avaldusel' relates to a document or statement ('on the statement') rather than a physical place, so it was classified as not adverbial of place.",no,no,no,no
10566417,16937053,23,kavatsema,,in,laimamine,laimamises,"Ta peaks ettevaatlik olema , mul on veel ässasid tagataskus , ” ütleb Heino Lill ( pildil ) , keda Riho Soonik laimamises süüdistatuna kohtusse kavatseb anda .",,,,no,"The phrase 'laimamises' refers to an action or context ('in slander') rather than describing a location, so it was classified as not adverbial of place.",no,no,no,yes
11492691,18408803,6,pidama,vastu,in,kohatus,kohatuses,""" Perekonnaringmäng "" peab oma kohatuses ja ajatuses vastu nii koha- kui ka ajaproovile",,,,no,"The phrase 'kohatuses' relates to a state of being inappropriate rather than a physical or locational place, so it is classified as 'no'.",no,no,no,no
918149,1462497,22,langema,,all,2300,2300le,"Võrreldes eelnevate aastate ajateenijate väljaõppega , alustati tänavu ajateenijate teenistusaja diferentseerimist , mille tulemusel langeb ajateenijate keskmine arv kogu kaitseväes 2700lt 2300le .",,,,no,"The phrase '2300le' indicates a numerical quantity or target rather than a physical or locational place, so it is classified as 'no'.",no,no,no,no
16742633,25761702,17,säilima,,ad,selviis,selviisil,"Sittumiseks peded pükse jalast ei võta - situtakse läbi pükste ( ehk püksi ) , sest selviisil säilib üks peamisi pederastia kiimakiirgusi - sitahais !",,,,no,The phrase 'selviisil' was classified as 'no' because it describes manner or method rather than a location.,no,no,no,no
5921732,9506512,10,pidama,,abl,kõla,kõlalt,Maailma suurim personaliteenuseid pakkuv ettevõte Adecco peab Elioni kaubamärki kõlalt liiga sarnaseks enda kaubamärgiga Ajilon .,,,,no,The phrase 'kõlalt' was classified as 'no' because it describes a quality (similarity in sound) and not a place.,no,no,no,no
15755800,24577099,18,ületama,,in,loomus,loomuses,"Kui Champsocephalus gunnari spetsialiseeritud püügi käigus ületab mis tahes lõike 5 punktis i esineva liigi kaaspüük ühes loomuses 5% koguloomuse kaalust , siirdub kalalaev teise püügikohta , mis asub vähemalt viie meremiili kaugusel .",,,,no,"The phrase 'loomuses' was classified as 'no' because it refers to the nature or total content of the catch, not a location.",no,no,no,no
1759219,2801220,1,jääma,alles,el,paber,Paberist,Paberist ajaleht jääb alles,,,,no,"The phrase 'Paberist' indicates the material something is made of, not a location, so it is not an adverbial of place.",no,no,no,no
10689004,17128673,1,lisanduma,,adit,auhinnakollektsioon,Auhinnakollektsiooni,Auhinnakollektsiooni lisandus neli kuld- ja üks pronksmedal .,,,,no,The phrase 'Auhinnakollektsiooni' is not an adverbial of place because it indicates a possession context rather than referring to a location.,no,no,no,no
1672634,2663626,9,võitlema,,in,kaotusseis,kaotusseisus,Kuni 80. minutini võitlesid maardulased 1 : 2 kaotusseisus viigi eest .,,state,,no,"The phrase 'kaotusseisus' describes a state of being in a losing position rather than indicating a physical location, so it is not an adverbial of place.",no,no,no,no
17172368,26370058,5,toetama,,all,teema,teemadele,"Seega toetan moraalselt gruppide teemadele vastavust - võid sellest välja lugeda , et paiknen pigem Soolo poolel ( tema idee on raudselt õige , meetodid ... hmm , võibolla pisut karmid , aga « hull aeg sünnitab segaseid tegusid » ; )",,,,no,"The phrase 'teemadele' indicates correspondence or relevance to something and does not describe a place, so it is not an adverbial of place.",no,no,no,no
13456248,21522101,9,avanema,,all,pöördumine,pöördumisele,Kanada uks avanes talle alles tänu Toronto sõprade pöördumisele tuttava Kanada parlamendiliikme poole .,,,,no,"The phrase 'pöördumisele' refers to an action (turning to someone) rather than a location, so it is not classified as an adverbial of place.",no,no,no,yes
8304806,13312347,10,olema,alles,el,lahendus,lahendustest,"Loodan , et vähemalt lehekülgede haldajatel on varasemaist visuaalsetest lahendustest koopiad alles .",,,,no,The phrase 'lahendustest' was classified as 'no' because it refers to 'solutions' and does not indicate a place.,no,no,no,no
13150903,21041781,16,tooma,sisse,all,protest,protestidele,"« Da Vinci koodi » ekraniseering ( pildil Audrey Tautou ja Paul Bettany ) tõi protestidele ja laitvatele arvustustele vaatamata esimese nädalavahetusega maailmas sisse 223 miljonit dollarit , kirjutab BBC .",,,,no,The phrase 'protestidele' was classified as 'no' because it refers to 'protests' and does not imply a physical place.,no,no,no,no
6378745,10251727,10,süüdistama,,all,tapmine,tapmisele,Rantisi süüdistas Sharoni ja Mofazi hüsteerilises reageerimises kolme kaitseväelase tapmisele Ain Yabroudi külas Ram Allah' lähedal sel nädalal .,,,,no,"The phrase 'tapmisele' refers to the act of killing, which is not a location, so it is not an adverbial of place.",no,no,no,yes
16789363,25836598,9,viskama,,in,leil,leilis,"Võib-olla kaunis kummaline tunne , kui nagu tumm leilis nalja viskad .",,,,no,"The phrase 'leilis' refers to being in steam or sauna heat, which describes a state or condition rather than a location, so it is not an adverbial of place.",no,no,no,no
10188347,16347413,22,minema,,abl,kepp,kepilt,"Seeria esimese mängu kodus 7 : 3 võitnud Devils pommitas Belfouri kaitstud väravat 28 korda , kuid vaid venelase Aleksandr Mogilnõi kepilt lendu läinud litter leidis esimese kolmandikaja keskel tee kanadalase selja taha .",,,,no,"The phrase 'kepilt' refers to 'from the stick', indicating a source rather than a place, so it is not an adverbial of place.",no,no,no,no
4228833,6805641,22,toetama,,in,logistikaküsimus,logistikaküsimustes,"Hetkel on kaitseväes kaks struktuuri , mis üksusi operatsioonideks ette valmistavad : rahuoperatsioonide keskus ( ROK ) ja scoutspataljon , keda logistikaküsimustes toetab logistikakeskus .",,,,no,"The phrase 'logistikaküsimustes' refers to a general context or topic (logistical issues) but not a specific physical location, so it is not classified as an adverbial of place.",no,no,no,no
8084691,12973265,4,tunduma,,in,ülekaal,ülekaalus,Viimastel nädalatel tunduvad ülekaalus olevat arutlused majanduse arengu võimaliku seiskumise üle - justkui oleks juunis juhtunud midagi väga ootamatut .,,,,no,"The phrase 'ülekaalus' refers to a state of being predominant rather than a physical place, so it is not an adverbial of place.",no,no,no,no
7672969,12303127,2,lisanduma,,all,eksimus,eksimusele,Saatuslikule eksimusele kuus aastat tagasi Milanos lisandus ju tänavuse EMi avamängus veel üks - just Pearce'i käegamängimine karistusalas luba shveitslastel mänguseisu penaltist 1 : 1 viigistada .,,,,no,"The phrase 'eksimusele' refers to an error or mistake, not a physical location or place, so it is not classified as an adverbial of place.",no,no,no,yes
6507100,10466265,14,kuulutama,välja,all,piirivalve,piirivalvele,"TALLINN , 29. juuni ( EPLO ) - Siseministeerium kuulutas teisipäeval välja riigihankekonkursi piirivalvele helikopteri soetamiseks , kopter hakkab lendama kogu piirivalve vastutusala piires .",,,,no,"The phrase 'piirivalvele' is not an adverbial of place because it refers to the indirect object of the action, rather than indicating a location.",no,no,no,no
16989475,26118327,18,tasuma,,all,avaldus,avaldusele,"Peaminister Andrus Ansip ütles möödunud neljapäeval « Aktuaalsele kaamerale » siiski külma rahuga , et Vene Riigiduuma avaldusele ei tasu meil reageerida .",,,,no,The phrase 'avaldusele' is not an adverbial of place because it refers to an entity (the statement) and not a physical location.,no,no,no,no
5933309,9524688,30,liginema,,all,käive,käibele,"Idee autori , Wristneti kõikide kaupluste juveelitoodete sortiment jääb kaugele alla ühtainsat kauplust Eks-Kaubamajas pidavale Mati Kullaärile , kelle ühe kaupluse käive ligineb kogu Leonid Tsingisseri omanduses oleva keti käibele .",,,,no,"The phrase 'käibele' refers to turnover, which is not specifying a physical location or place, so it is not classified as an adverbial of place.",no,no,no,no
7444205,11952383,15,kutsuma,,in,jooksuvorm,jooksuvormis,"Oluliselt poleks suurenenud nimetatud näitaja ka nende pintsakutes ja kostüümides tervitajate võrra , keda jooksuvormis Valga linnapea Margus Lepik järgmisel aastal jõudu katsuma kutsus .",,,,no,"The phrase 'jooksuvormis' describes the manner or appearance rather than a specific location, so it is not classified as adverbial of place.",no,no,no,no
14794053,23268773,11,ilmuma,,el,müük,müügist,Mai 98 Virumaa Teatajas ilmub artikkel arenguparteilase Rein Karemäe suvila müügist Võsul .,,,,no,"The phrase 'müügist' refers to an action (the act of selling) rather than a physical place, so it is not classified as adverbial of place.",no,no,no,yes
7901503,12650966,15,tõmbama,,el,rahvus,rahvusest,"Sakslaste ajal vaatas nii mõnigi eestlane minu peale viltu , kui mu süda võõrast rahvusest mehe poole tõmbas .",,,,no,"The word 'rahvusest' refers to nationality and does not indicate a location, so it is not an adverbial of place.",no,no,no,no
10314677,16551846,2,puhuma,,ad,juht,juhul,Igal juhul puhub neis lugudes modernismi ja “ uue romaani ” hõnguline Lõuna-Ameerika tuul .,,,,no,"The word 'juhul' refers to a condition or situation, not a location, so it is not an adverbial of place.",no,no,no,no
19532252,29162937,7,panema,,abl,kartu,kartult,"BB: aednikuporno : kevadel panen kartult , sügisel sõnnikut",,,,no,"The word 'kartult' refers to an object (potatoes) and not a location, so it is not an adverbial of place.",no,no,no,yes
4720480,7583802,1,kogunema,,all,Suurem,Suurematele,"Suurematele neist kohtumistest kogunevad ju tuhanded ajakirjanikud , kes mõistagi kirjutavad , räägivad ja näitavad seda , mis tähtsate riigimeeste kohta on lihtsal rahval öelda .",,,,no,"The phrase 'Suurematele' refers to larger meetings and does not denote a location, so it is not adverbial of place.",no,no,no,no
11842489,18952384,1,soovitama,,el,värv,Värvidest,Värvidest soovitaksin eelistada heledat .,,,,no,"The phrase 'Värvidest' refers to colors and not to a location, so it is not adverbial of place.",no,no,no,no
13356940,21367685,3,unistama,,el,kiirtoit,kiirtoidust,Unistas vanglas kiirtoidust,,,,no,"The phrase 'kiirtoidust' refers to fast food and not to a location, so it is not adverbial of place.",no,no,no,no
9516079,15276821,12,juhtuma,,ad,erialaeksam,erialaeksamil,"Raskusi oli ka ärkamisaja kajastamisega ; sellist asja nagu eesti filoloogia erialaeksamil aga ei juhtunud , et Tammsaare paigutatakse keskaega , omistades talle teosed “ Kevade ” ja “ Kapsapea ” .",,,,no,"The phrase 'erialaeksamil' refers to an exam context and not a physical location, so it is not classified as an adverbial of place.",no,no,no,yes
11871211,18997678,6,teatama,,in,hämming,hämmingus,"See jätkus seni , kui hämmingus teenrid teatasid : talunikud naeravad ja lõbutsevad , aga ise ütlevad , et neil pole enam mitte midagi .",,,,no,"The phrase 'hämmingus' refers to a state or emotion rather than a physical location, so it is not classified as an adverbial of place.",no,no,no,no
1053299,1674915,12,mõistma,,in,lohakus,lohakuses,Harju maakohus mõistis esmaspäeval Tallinna garnisoni komandandi Raul Luksi süüdi teenistusalases lohakuses ning karistas teda üheaastase tingimisi vangistusega .,,,,no,"The phrase 'lohakuses' refers to the state or condition of negligence, not a physical location, so it is not adverbial of place.",no,no,no,no
1316721,2092546,10,vähenema,,all,kraad,kraadile,Kapten Konga 40-kraadine kreen vähenes eile õhtuks umbes kümnele kraadile .,,,,no,"The phrase 'kraadile' refers to a measurement (angle or tilt in degrees), not to a physical location, so it is not adverbial of place.",no,no,no,no
323864,504647,2,hoidma,kokku,all,see,sellele,Tänu sellele hoidis meie võistkond - ja kindlasti ka teised võistkonnad - kokku väärtuslikku aega .,,,,no,"The phrase 'sellele' refers to a reason or cause for something (thanks to this), not to a physical location, so it is not adverbial of place.",no,no,no,no
6904328,11095090,18,murdma,,in,kooljas,kooljas,"Johannes polnud saanud veel ühtegi tabamust oma vastaselt — esimesel korral kui Askeet üritas teda lüüa murdis kooljas vastasel kõik sõrmed , teisel katsel veidi hiljem , rebis ta otsast terve käe .",,,,no,"The phrase 'kooljas' was classified as 'no' because it refers to a subject or agent in the sentence, not a location or place.",no,no,no,no
14702763,23166556,8,soovitama,,el,sittumine,sittumisest,Külamehed soovitasid veel igasugu asju alates põllunurkadesse sittumisest kuni klaasikildude ja metallifreesi laastude maase kaevamiseni .,,,,no,"The phrase 'sittumisest' was classified as 'no' because it refers to an action or activity, not a location or place.",no,no,no,no
5962479,9571472,12,töötama,,ad,gaasiküte,gaasiküttel,"Rööpsoni sõnul on nende kooli kommunaalkulud väiksemad , kuna maja töötab gaasiküttel ja on teiste koolihoonetega võrreldes suhteliselt väike .",,,,no,"The phrase 'gaasiküttel' was classified as 'no' because it describes the type of heating system, not a location or place.",no,no,no,no
3051218,4895270,1,lisanduma,,all,aktsiis,Aktsiisile,Aktsiisile lisandub käibemaks .,,,,no,The phrase 'Aktsiisile' was classified as 'no' because it indicates the entity to which the tax applies rather than describing a location.,no,no,no,no
1624162,2585356,11,vähenema,,all,toit,toidule,"Eesti Konjuktuuriinstituudi ( EKI ) uuringute järgi on eestlaste kulutused toidule möödunud aastal vähenenud , mis näitab majanduslanguse peatumist",,,,no,The phrase 'toidule' was classified as 'no' because it represents an expenditure target rather than a physical location.,no,no,no,no
3938175,6342597,12,ületama,,in,lõppkokkuvõte,lõppkokkuvõttes,"Kõige rohkem tõusis enampakkumisel AS Rõngu Tehase aktsia hind , mis lõppkokkuvõttes ületas nominaalväärtuse 16,2 -kordselt .",,,,no,"The phrase 'lõppkokkuvõttes' refers to a summary or result rather than a place, hence it is not a place adverbial.",no,no,no,no
8642169,13865944,9,leiduma,,ad,ministeerium,ministeeriumil,"Soome transpordiministeerium on samas linnale teatanud , et ministeeriumil teede ehitamiseks raha ei leidu .",,location,,no,"It was classified as 'no' because 'ministeeriumil' refers to possession or agency, not location.",no,no,no,no
11967573,19152350,27,elama,,adit,must,Musta-,"Tegelikult on tulumaks siiski riigi kehtestatud nn universaalne maks , mida peavad oma töötasu kohaselt maksma ühtviisi kõik inimesed , hoolimata sellest , kas nad elavad Musta- või Munamäel .",,,,no,The phrase 'Musta-' is not an adverbial of place because it is incomplete and does not function to describe a location or spatial relation in the sentence.,no,no,no,no
12581637,20134212,4,uurima,,el,soov,soovist,"Tulenevalt Vilsandi Seltsi soovist , on vald uurinud laidudevaheliste purrete või sildade ehitamise võimalust ja maksumust .",,,,no,The phrase 'soovist' is not an adverbial of place because it indicates cause or origin (from a wish) rather than a location.,no,no,no,no
15137655,23675462,3,tasuma,,all,fikseerimine,fikseerimisele,Pliidi kindlale fikseerimisele seina külge tasuks mõelda ka vanemate küttekollete omanikel .,,,,no,The phrase 'fikseerimisele' is not an adverbial of place because it refers to an action (fixation) and does not indicate any spatial context.,no,no,no,no
10598682,16988924,9,astuma,,el,vastupidavus,vastupidavusest,"Mõni astub julgelt üles-alla hüpeldes , hoolimata nööri vastupidavusest .",,,,no,"The phrase 'vastupidavusest' is not adverbial of place because it describes a quality, specifically the durability of the rope, rather than a location.",no,no,no,no
6606882,10631465,5,mõistma,,in,ametilohakus,ametilohakuses,Kohus mõistis Rõõmu süüdi ametilohakuses .,,,,no,"The phrase 'ametilohakuses' describes a state or condition (negligence), not a place, so it is not classified as adverbial of place.",no,no,no,no
15248019,23815289,2,tekitama,,in,ausaltöelde,ausaltöeldes,"Mul ausaltöeldes tekitab jälestust isegi mõte vere segamisest vereülekandega , kui minuga peaks mingi õnnetus juhtuma .",,,,no,"The phrase 'ausaltöeldes' expresses a manner or way of speaking (honestly speaking), not a place, so it is not classified as adverbial of place.",no,no,no,no
2671329,4285544,24,võtma,,all,deltaplaan,deltaplaanile,"Suliste dinosauruste fossiilide analüüs annab alust arvata , et loom laskis lennates oma tagajalad keha alla rippu , nii et ta keha võttis deltaplaanile sarnase kuju , vahendab BBC .",,,,no,The phrase 'deltaplaanile' was not classified as an adverbial of place because it describes similarity or metaphorical comparison rather than indicating a physical location.,no,no,no,no
1028692,1636364,4,astuma,,el,huvi,huvist,Ning astus naiselikust huvist ajendatuna ühte kauplusse .,,,,no,The phrase 'huvist' was not classified as an adverbial of place because it refers to a motive or cause (interest) rather than a physical location.,no,no,no,no
12843137,20542806,13,hoidma,,all,sõit,sõidule,"Burns , kes pole tänavu võitnud ainsatki etappi , hoidis tänu stabiilsele sõidule MM-sarjas pikka aega liidrikohta , kuid langes pärast kolme asfaldirallit neljandaks , jäädes Sebastien Loebist ja Carlos Sainzist maha viie punktiga .",,,,no,The phrase 'sõidule' was classified as 'no' because it refers to the action of driving and does not indicate a location.,no,no,no,yes
12580766,20132869,14,visandama,,el,töösuund,töösuundadest,"Meil on plaanis nad kohtu kaudu nõukogust tagasi kutsuda , "" visandas linnasekretär töösuundadest pildi .",,,,no,The phrase 'töösuundadest' was classified as 'no' because it refers to the directions of work rather than a physical location.,no,no,no,no
3317019,5334087,27,võitlema,,in,maa-ilmasõda,maa-ilmasõjas,"Aga kui sellele mõelda juurde loodav kuju ning see saab memoriaali esipooleks , saame aru , et loojatel on juba algselt mõeldud Tõnismäe memoriaal mälestama Teises maa-ilmasõjas mõlemal poolel või-delnud eesti sõjamehi .",,,,no,'maa-ilmasõjas' was classified as 'no' because it describes an event (world war) rather than a physical place.,no,no,no,yes
125658,210406,7,vedama,,in,mõte,mõttes,Väikesel Pedro Unametil vedas vähemasti ühes mõttes hullupööra .,,,,no,"The phrase 'mõttes' refers to a particular sense or perspective, not a physical location, so it is not an adverbial of place.",no,no,no,no
6474894,10411813,11,liikuma,ringi,ad,vaheaeg,vaheaegadel,"Muusikali "" Oliver ! "" osalised on novembrikuu jooksul etenduste vaheaegadel publiku hulgas korjanduskarpidega ringi liikunud .",,,,no,"The phrase 'vaheaegadel' refers to a time during breaks, not a physical location, so it is not an adverbial of place.",no,no,no,yes
851422,1356939,9,nägema,välja,in,tegelikkus,tegelikkuses,"Kellel on soovi näha , milline sellesarnane kompleks tegelikkuses välja näeb , võib Helsingisse sattudes külastada 14 saaliga Tennispalatsit .",,,,no,"The phrase 'tegelikkuses' refers to reality or actuality, which is a state or condition, not a physical location, so it is not an adverbial of place.",no,no,no,no
1589787,2529327,15,jalutama,ringi,ad,õlg,õlal,"Filmimispisiku on saanud ka Siiri Sisaski poeg Joosep , kes jalutab kodus ringi kaamera õlal .",,,,no,"The phrase 'õlal' refers to the position of the camera on the shoulder and is not describing a broader location or place, hence it is 'no'.",no,no,no,no
2615463,4196380,16,langema,,all,arv,arvule,"Kiire majanduskasvu tingimustes naudib viis aastat tagasi loodud töötukassa kuldaega , sest vaatamata kasvavale kindlustatute arvule on hüvitiste maksmine langenud peaaegu kaks korda .",,,,no,"The phrase 'arvule' pertains to the number or count rather than a physical or geographical place, so it is classified as 'no'.",no,no,no,no
14160870,22510640,3,viskama,,in,ots,otsas,Keti teises otsas seisja viskas vee tulemöllu sisse tühjaks .,,,,no,"The phrase 'otsas' indicates the end of something, not an adverbial expression of a place, so it is classified as 'no'.",no,no,no,no
13469733,21543259,9,tunduma,,in,vinguhai,vinguhais,"Lähemal areeni ääres , kus õli lendab ja vinguhais üpris väljakannatamatuna tundub , on asjalood muidugi selgemad .",,,,no,"The phrase 'vinguhais' refers to a smell, which is not an adverbial of place, so it was classified as 'no'.",no,no,no,no
711055,1132184,4,tooma,sisse,all,korraldaja,korraldajatele,Raadiku poksimatshid tõid korraldajatele sisse soliidseid rahasummasid ja see ei jäänud allilmategelastele märkamatuks .,,,,no,"The phrase 'korraldajatele' refers to whom the money was given, not to a specific location, so it was classified as 'no'.",no,no,no,no
4795885,7702100,2,jääma,,abl,laad,laadilt,"Oma laadilt nende kahe vahele jääb Guajaanas sündinud luuletaja John Agard , kelle värsid läksid vahepeal üle rütmiliseks lauluks ning mõjusid tõe-poolest lummavalt .",,,,no,"The phrase 'laadilt' was not classified as adverbial of place because it refers to a characteristic or type, not to a physical place or position.",no,no,no,no
6466328,10397859,2,lisanduma,,all,firma,firmale,Kuid firmale on kliente lisandunud ka Tallinnas .,,,,no,"The phrase 'firmale' indicates a recipient or beneficiary and not a location, so it is not an adverbial of place.",no,no,no,no
6869221,11047993,21,osutuma,,in,ceter,ceteris,"Käesolevas uurimuses selgus , et kui analüüsida kogusissetulekute ebavõrdsuse kujunemist , siis osutub valitsuse kulutuste osakaal SKP-st kogusissetulekute ebavõrdsuse seisukohalt ceteris paribus täiesti ebaoluliseks .",,,,no,"The phrase 'ceteris' refers to conditions remaining constant, not a location, so it is not an adverbial of place.",no,no,no,no
565236,894072,1,naeratama,,in,kodukampsun,Kodukampsunis,Kodukampsunis ja krepp-patsidega Ly Sal-Saller naeratab Soome ajakirja Kotiliesi novembrinumbri kaanel .,,,,no,"It is classified as 'no' because 'Kodukampsunis' describes a state or manner of being, not a location.",no,no,no,no
7529646,12093148,8,kasvama,,ad,elajas,elajatel,"Kuulsin hoopis seda , et ilma tomatita elajatel kasvavad värdjatest lapsed .",,,,no,"The phrase 'elajatel' describes a group or beings but not a location, so it is not an adverbial of place.",no,no,no,no
9682162,15537354,4,ootama,,el,elamu,elamust,"Kontserdile minnes ootaks elamust seoses Suure Staari kohalviibimisega , seal tahaks showd .",,location,,no,"The phrase 'elamust' is not adverbial of place because it refers to an experience or feeling, not a physical location.",no,no,no,no
1274456,2025212,6,kasvatama,,ad,tase,tasemel,"Tõin ta Florasse ja kasvatasin tasemel palluriks - mul oleks kahju , kui talent raisku läheks .",,,,no,"The phrase 'tasemel' is not adverbial of place because it describes a level or standard, not a physical location.",no,no,no,no
16236111,25147959,8,sõitma,välja,ad,rahapuudus,rahapuudusel,Alates 12 . detsembrist ei sõida Harjumaa tuletõrjujad rahapuudusel enam iga väiksema põlengu pärast välja .,,state,,no,"The phrase 'rahapuudusel' indicates a reason or cause, not a location, so it is not an adverbial of place.",no,no,no,no
7735085,12401185,21,alluma,,all,keeld,keeldudele,"See aga ei pruugi teile hoopistükkis meeldida , sest siis on ta oma otsustamistes tõepoolest vaba ega allu ka teie keeldudele ja korraldustele , mida te siiani olete saanud enesele lubada .",,,,no,"The phrase 'keeldudele' refers to obligations or rules, not a location, so it is not an adverbial of place.",no,no,no,no
12066363,19314887,21,paistma,,el,kogumine,kogumisest,"» Nähes laadimist , kus eri konteinerite sisu sumatakse kokku ühte prahiautosse , paistab suure maja elanikule jutt taara eraldi kogumisest sõnakõlksutusena .",,,,no,"The phrase 'kogumisest' refers to an action or activity, not a location, so it is not an adverbial of place.",no,no,no,yes
2918721,4678692,5,kandma,,all,lõige,lõikele,Vastavalt TLS paragrahvi 28 lõikele 3 kannab tööandja töölepingu vormistamata jätmise või nõuetevastase vormistamise eest haldusvastust .,,,,no,"The phrase 'lõikele' is not describing a location, so it is not an adverbial of place.",no,no,no,no
12387252,19830398,2,tõstma,,in,Helju,Heljus,"” Heljus tõstab pead kärsitus , kirjutusvahend vahetab taas omanikku .",,,,no,"The phrase 'Heljus' refers to a subject or noun and does not describe a location, so it is not an adverbial of place.",no,no,no,no
1506284,2397297,13,kinnitama,,adit,Kristus,Kristusse,""" Eile õhtul , kallid noored inimesed , kinnitasime oma usku Jeesusse Kristusse , jumala poega , kelle isa saatis , "" sõnas paavst missal .",,alive,PER,no,"The phrase 'Kristusse' refers to belief or faith in someone and does not describe a location, so it is not an adverbial of place.",no,no,no,no
7515693,12068206,5,ajama,,el,ärkamine,ärkamisest,"Ta ajas mingit jura ärkamisest , ma olin vist pahas tujus , ei mänginud kaasa ... noh , ta vist solvus millegi peale ... ma pole teda üle aasta näinud , ega kujuta ette , millega ta üldse tegeleb . """,,,,no,"The phrase 'ärkamisest' refers to a concept (awakening) and not a location, so it is not an adverbial of place.",no,no,no,no
12300788,19692070,6,jääma,kõrvale,in,konkurents,konkurentsis,"Ehkki Eesti jääb 24 riigi konkurentsis finaalist kõrvale , pälvis Sibeliuse Akadeemias õppiva 18-aastase Bezrodny virtuooslik mäng asjatundjate tähelepanu ning teda peetakse omanäoliseks ja perspektiivikaks viiuldajaks .",,,,no,"The phrase 'konkurentsis' is not adverbial of place because it refers to competition context, not a specific location.",no,no,no,no
13323563,21314510,13,osalema,,el,päikene,Päikesest,"arvab lauljatar Hedvig Hanson , kes osaleb täna õhtul Pärnus unelaulu-teemalisel kontsert-konkursil Päikesest päikeseni .",,,,no,"The phrase 'Päikesest' refers to a thematic concept related to the sun in a contest, not a location, so it is not classified as an adverbial of place.",no,no,no,no
2566997,4118812,9,süttima,,ad,alkomeeter,alkomeetril,"Politseis kasutusel oleval nn valgusfooriks nimetatud kolme tulega alkomeetril süttib üle 0,5 promillise alkoholisisalduse korral punane ja üle 0,2 promilli puhul kollane tuli .",,,,no,"The phrase 'alkomeetril' refers to an object (a breathalyzer) and not a place, so it is not classified as an adverbial of place.",no,no,no,no
9977048,16003430,10,tõmbama,,el,punkt,punktist,"Küsimusele , kus noorpaar elab , tõmbavad nad sirgjooni punktist A punkti B , C ja D , mis äraseletatult tähendab nii Tallinna , Tartut , Otepääd ja Viljandit , kust Merike on pärit .",,,,no,"The phrase 'punktist' describes an abstract reference point rather than a specific geographical place, so it is not classified as an adverbial of place.",no,no,no,no
5149700,8262220,7,kasvama,,all,müügihind,müügihinnale,Ekspordi rahaline maht kasvas tänu kõrgemale müügihinnale .,,,,no,"The phrase 'müügihinnale' is not classified as adverbial of place because it refers to the cause or reason for the increase in monetary volume, not a physical location.",no,no,no,no
440534,688925,10,mõistma,,in,andmine,andmises,"Neli aastat tagasi mõistis kohus Indrek Toome süüdi altkäemaksu andmises , määrates karistuseks 3000 krooni rahatrahvi .",,,,no,"The phrase 'andmises' is not classified as adverbial of place because it refers to the act of giving a bribe, not a physical location.",no,no,no,no
5003244,8033282,12,süttima,,ad,see,sellel,"Kirk Tolman mängis kolmapäeval kolme mündi Megabucks Jackpot automadiga , kui sellel süttis spetsiaalne lambike , mis näitas , et suurvõidu saamiseks oleks tulnud panna automaati veel üks dollariline münt .",,,,no,The phrase 'sellel' is not classified as adverbial of place because it refers to the lamp activating on the slot machine rather than indicating a location.,no,no,no,no
5437944,8719402,6,võitma,,all,paindlikkus,paindlikkusele,Kas Arnold Rüütel võitis tänu paindlikkusele või sirgeselgsusele ?,,,,no,"The phrase 'paindlikkusele' was classified as 'no' because it refers to a cause or reason, not a place.",no,no,no,no
11093766,17770761,4,lähtuma,,in,ajastatu,ajastatus,"Pigem on süüdistuste ajastatus lähtunud kartusest , et kui Lepikson on ennast jõudnud siseministri toolil kindlustada , võib ta hakata mõjutama ka tema enda tegevuse uurimist .",,,,no,"The phrase 'ajastatus' refers to the timing of the accusations and not a location, so it is not classified as an adverbial of place.",no,no,no,no
2111544,3370635,8,alistuma,,all,torm,tormidele,Praegu näeb veel jugade mühisemist ja rannaäärsed tormidele alistunud puud on koristamata .,,,,no,"The phrase 'tormidele' refers to storms, which is not a physical location, so it is not classified as an adverbial of place.",no,no,no,yes
15488098,24187059,12,soovitama,,el,õppetund,õppetunnist,Keskväljal targalt Bayerni niite traageldanud kapten Stefan Effenberg soovitas Realile antud õppetunnist kasulikku kõrva taha panna ka Saksamaa koondise juhtidel .,,,,no,"The phrase 'õppetunnist' was classified as 'no' because it refers to a lesson or experience, not to a location or a physical place.",no,no,no,no
8605408,13797853,22,võtma,ette,in,lootus,lootuses,"Juulikuus saabus Tallinnasse hiigelsuur kruiisilaev Millennium , pardal tuhanded ameerika pensionärid , kes olid võtnud ette vaevarikka teekonna üle ookeani , lootuses , et Voitkade nägemine teeb nad nooreks ja terveks .",,,,no,"The phrase 'lootuses' expresses a state of hope or intention, not a physical location, so it is not adverbial of place.",no,no,no,no
14887768,23397597,5,maksma,,abl,tege,tegelt,"Noh , peeseega maksad tegelt vähem",,,,no,"The phrase 'tegelt' conveys emphasis or truth and does not indicate location, so it is not adverbial of place.",no,no,no,no
1017792,1620376,8,kasvama,,ad,jaemüügifirma,jaemüügifirmal,"Möödunud aastal kasvas käive kõige enam kütuste jaemüügifirmal NB Oil Group OÜ , 1524 korda , selgub täna ilmunud Äripäeva lisast TOP 100.",,location,,no,The phrase 'jaemüügifirmal' is not an adverbial of place because it identifies an entity (retail company) rather than indicating a location.,no,no,no,no
13458344,21525448,8,ilmuma,,el,asutamine,asutamisest,"Kui ajalehis ilmub sõnum mõne haruldase klubi asutamisest , siis enamasti leidub sõnumi lõpus märkus : “ Loomulikult on see Ameerikas !",,,,no,The phrase 'asutamisest' is not an adverbial of place because it refers to the act of founding rather than a specific location.,no,no,no,yes
5299742,8502631,7,kujundama,,el,president,presidendist,"Kuna rahvas kujundab oma arvamuse tulevasest presidendist praeguse presidendi järgi , siis oma teadmistepagasi ja intellektiga on Tulviste Merile vääriline järeltulija .",,,,no,The phrase 'presidendist' is not an adverbial of place because it refers to a person (the president) and not a location.,no,no,no,no
711124,1132301,3,lootma,,in,ketas,kettas,""" Näiteks kettas loodan 45 või 46 meetrile , 100 ja 400 m jooksus tahan aegu alla 10,7 ja 48,0 , 110 m tõkkeid peaks jooksma 14 sekundiga . """,,,,no,"It was classified as 'no' because 'kettas' refers to a sporting event or object, not a place.",no,no,no,no
9583272,15381849,4,loobuma,,in,tuhin,tuhinas,"Kui me euro-pugemise tuhinas aga nendest tagatistest ise loobume , siis võib tekkida olukord , kus Eesti vastuvõtmine toob ELile kaasa sedavõrd suure julgeolekuriski , et Eesti saatuslikult hetkel hüljatakse .",,,,no,"The phrase 'tuhinas' refers to being in a rush or excitement, which is a state and not a location.",no,no,no,no
160643,267298,16,jälgima,,el,silmanurk,silmanurgast,"Avades Microsoft Wordi viimase versiooni , tekib paremale ekraaninurka väike kirjaklambri-olevus , kes teie askeldamist silmanurgast jälgib .",,,,no,"The phrase 'silmanurgast' refers to viewing from the corner of the eye, which describes the manner of viewing, not a physical location.",no,no,no,no
5722359,9177673,5,lisanduma,,all,annetus,annetusele,"See lisandub 1995. aasta annetusele , millega Mikkel loovutas muuseumile enam kui 600 euroopa , vene ja hiina kunstitööd .",,,,no,"The phrase 'annetusele' refers to an act rather than a location, hence it is not adverbial of place.",no,no,no,no
2862278,4590092,16,mõistma,,in,punkt,punktides,"USA Ohio osariigi kohus mõistis eile Esindajatekoja liikme James Traficanti süüdi kõigis tema vastu esitatud punktides , sealhulgas väljapressimistes , altkäemaksu võtmises ja maksudest kõrvalehiilimises .",,,,no,"The phrase 'punktides' refers to specific items or points, not a location, and therefore it is not adverbial of place.",no,no,no,no
9436409,15152274,13,asuma,,all,jooks,jooksule,Ilves I asus võistlust juhtima juba avaetapi järel tänu Tiit Tali veatule jooksule .,,,,no,The phrase 'jooksule' was classified as 'no' because it specifies the context or reason related to Tiit Tali's action rather than the location where the action occurred.,no,no,no,yes
4882718,7839125,1,kerkima,,el,uuendus,Uuendustest,"Uuendustest kerkis kasu , kogemused lõid meie põlvkonnale eelduse saada treeneriks . """,,,,no,The phrase 'Uuendustest' was classified as 'no' because it indicates the source or origin of some benefit rather than denoting a physical location.,no,no,no,no
1870384,2979000,8,ütlema,,el,hirm,hirmust,""" Ta nõudis minult kaasosaliste nimesid ning hirmust ütlesin talle esimesena pähe tulnud sõbra nime , "" meenutas Siim .",,,,no,"The phrase 'hirmust' was classified as 'no' because it refers to the emotion or cause for the action, not a place where the action happened.",no,no,no,no
12605537,20171488,6,unistama,,el,Germaanianimeline,Germaania-nimelisest,Paul Anton de Lagarde unistas Germaania-nimelisest Suur-Saksamaast .,,,LOC,no,The phrase 'Germaania-nimelisest' was classified as 'no' because it describes characteristics of an idea or concept rather than a physical place.,no,no,no,no
278366,440075,12,püsima,,ad,esi,esil,"Kõikvõimalike kampaaniate maailmas on päris üllatav , kui mõni asi püsib esil pikka aega .",,,,no,"The phrase 'esil' describes a state of being rather than a location, so it is not adverbial of place.",no,no,no,no
10017085,16068584,5,kihutama,,ad,klobin,klobinal,Kord nädalas kihutab vaatajast klobinal üle teletroppide Maena ja Viira paarisrakend .,,,,no,"The phrase 'klobinal' specifies the manner of the action ('kihutab'), not a location, so it is not adverbial of place.",no,no,no,no
11313866,18131775,41,elama,,adit,saabumine,saabumisse,"Mõelge näiteks , millisena kujutlete omaenda isiklikku tulevikku 25 aasta pärast : kui te olete noor , siis usute , et veerandsaja aasta pärast olete õnnelik ja rikas ; kui olete keskealine , siis elate vankumatus usus vähemalt õnnelike vanaduspäevade saabumisse ; ning kui oletegi juba auväärne eluveteran , siis olete veendunud oma lastelaste õnnelikus tulevikus .",,,,no,"The phrase 'saabumisse' refers to an abstract concept (arrival) and not a physical location, so it is not adverbial of place.",no,no,no,no
8882558,14273003,6,lõpetama,,abl,pikkus,pikkuselt,Hulli tabamus lõpetas Stanley-sarja finaalide pikkuselt teise mängu .,,,,no,The phrase 'pikkuselt' is not an adverbial of place because it indicates a measure or comparison and not a location.,no,no,no,no
15506177,24216006,1,saama,valmis,in,kokkuvõte,Kokkuvõttes,"Kokkuvõttes sai väljak õigel ajal valmis , kuigi võlad on endiselt üleval . """,,,,no,"The phrase 'Kokkuvõttes' is not an adverbial of place because it refers to a summary or conclusion, not a physical location.",no,no,no,no
11187311,17920297,14,tajuma,,in,kõmp,kõmpides,"Lääne-Hispaaniat kõrvetav kolmekümnekraadine palavus tundub kohalikele kena kevadilm , kuid läbi inimtühja kõnnumaa kõmpides tajub eestlane , et kuumus tahab hinge võtta .",,,,no,"The phrase 'kõmpides' describes an action and not a location, so it is not classified as adverbial of place.",no,no,no,no
14977611,23496482,9,lootma,,in,ebaprofessionaalsus,ebaprofessionaalsuses,"Ütlen ausalt , et loodan põhjuse olevat rohkem ebaprofessionaalsuses kui teadlikus egoismis ja küünilisuses .",,,,no,"The phrase 'ebaprofessionaalsuses' indicates a state or condition, not a location, so it is not classified as adverbial of place.",no,no,no,no
5140213,8247410,22,võtma,,all,arveblankett,arveblankettidele,"Pärast seda , eelmise aasta veebruarist septembrini , käis Kört Järve juures ja võttis temalt allkirju nii tühjadele kui täidetud firma arveblankettidele ning allkirjastas arveid ja lepinguid ka ise .",,,,no,The phrase 'arveblankettidele' was classified as 'no' because it refers to the documents involved and does not indicate a location.,no,no,no,no
4816988,7734598,12,saama,kokku,el,kilomeeter,kilomeetrist,""" Korraldajad tarisid kaks päeva traktoritega looduslikku lund kohale , kahest kilomeetrist pikemat rada ometi kokku ei saanud . """,,,,no,The phrase 'kilomeetrist' was classified as 'no' because it describes a measurement or extent rather than a place.,no,no,no,no
4636135,7449933,11,rentima,,all,laevaoperaator,laevaoperaatorile,Saaremaa Laevakompanii rentis parvlaeva Scania ligi kaheks kuuks Fääri saarte laevaoperaatorile .,,,,no,The phrase 'laevaoperaatorile' was classified as 'no' because it refers to a recipient of the rented ferry rather than a location.,no,no,no,no
15711495,24516884,22,põlema,,ad,mood,moel,"Kohaliku kombe järgi süüdati jaanipäeval vee peal vana paat ja nii oli Ots kogu aeg arvanud , et tegu on sel moel põlenud ja seejärel uppunud aluse jäänustega .",,,,no,The phrase 'moel' was classified as 'no' because it describes a manner or method rather than a place.,no,no,no,no
3602781,5801746,4,vastama,,abl,isikuomadus,isikuomadustelt,""" Tullus vastab isikuomadustelt kõige paremini rektori kohale , ta on tasakaalukas ja kindla selgrooga , "" ütles haridusministriks saanud endine Põllumajandusülikooli rektor Mait Klaassen .",,,,no,The phrase 'isikuomadustelt' was classified as 'no' because it pertains to personal characteristics and not a location.,no,no,no,no
7034552,11300401,13,suurenema,,all,nimetamine,nimetamisele,"Kuigi arvuliselt osteti teda vähe , suurenes Chevrolet' müük tänu Ascari nimetamisele teiseks edasimüüjaks üle 178 protsendi .",,,,no,The phrase 'nimetamisele' was classified as 'no' since it pertains to an act of naming or appointing and not to a place.,no,no,no,yes
446238,698279,6,kasvama,,all,miljon,miljonile,Saku Õlletehase kasum kasvas 42 miljonile,,,,no,The phrase 'miljonile' was classified as 'no' because it refers to a numerical amount and does not signify a place.,no,no,no,no
9704586,15573671,21,asutama,,el,raha,rahast,1993. aasta 12. veebruaril asutas Eesti valitsus Põhja-Eesti Aktsiapanga ( PEAP ) ja Balti Ühispanga ( UBB ) Moskvas külmutatud rahast ( 64% pankade aktivatest ) puhastatud bilansi baasil Põhja-Eesti Panga ( PEP ) .,,,,no,"The phrase 'rahast' refers to a source or origin ('from the money') and not to a physical location, so it is not adverbial of place.",no,no,no,no
14957270,23471071,2,olema,vaja,el,kogu,kogust,"Nimetatud kogust ei ole vaja arvesse võtta juhul , kui see ei ületa lõpptootes 5 massiprotsenti .",,,,no,The phrase 'kogust' refers to an amount and does not provide information about a place.,no,no,no,no
13128925,21007717,11,jääma,,all,"3,30","3 , 30-le","Liidupank teatas ühtlasi , et repomäär jääb kahel järgmisel repooksjonil 3 , 30-le .",,,,no,"The phrase '3 , 30-le' indicates a numeric value or rate, not a place.",no,no,no,no
1910888,3045454,10,seisma,,el,jõupingutus,jõupingutustest,Tegevdirektor Jaak Saarniidu hinnangul on Eesti-Vene suhted hoolimata ettevõtjate jõupingutustest mullu pigem paigal seisnud .,,,,no,"The phrase 'jõupingutustest' is not adverbial of place because it refers to efforts or actions, not a location.",no,no,no,no
6002230,9633429,3,võitlema,,all,kõik,kõigele,""" Vaatamata kõigele võitlesime lõpuni .",,,,no,"The phrase 'kõigele' refers to 'despite everything' and is not indicating a location, so it is not an adverbial of place.",no,no,no,no
2909041,4663299,6,kehtima,,ad,doteerimine,doteerimisel,"Sellest aastast kehtib saartevahelise laevaliikluse doteerimisel uus süsteem , mille kohaselt arvestatakse Väinamere Liinid OÜ-le makstava dotatsiooni määramisel piletitulu , kütuse- , tööjõukulu ja tarbijahinnaindeksi muutumist .",,,,no,"The phrase 'doteerimisel' refers to 'in subsidizing' and does not indicate a place, so it is not an adverbial of place.",no,no,no,yes
14428681,22853230,4,unistama,,el,ettevõte,ettevõtetest,"Vallavõim unistab loodussäästlikest ettevõtetest , kuid laiutab abitult käsi , kui juttu tuleb keset Lihulat laiutavaist prügimägedest .",,,,no,"The phrase 'ettevõtetest' refers to 'about companies' and does not indicate a place, so it is not an adverbial of place.",no,no,no,no
10593360,16980448,1,kõlama,,el,pasun,Pasunaist,"Pasunaist kõlas leinamärguanne , beduiinide auvalve tulistas 15 püssist saluudi , õpetlased lugesid koraani .",,,,no,"The phrase 'Pasunaist' refers to the source of a sound and not to a place, hence it is not an adverbial of place.",no,no,no,no
8479958,13592531,14,seadma,,all,jõustumine,jõustumisele,"“ Kavatsen teha ettepaneku , et me sõlmime viisavabaduslepingu Eestiga , kuid selle jõustumisele seame kolm tingimust .",,,,no,"The phrase 'jõustumisele' refers to the action or condition of coming into effect and not to a place, hence it is not an adverbial of place.",no,no,no,no
18246573,27680022,30,hõlmama,,el,miinimumkogu,miinimumkogust,"a ) kui artikli 2 lõikes 1 osutatud leping hõlmab rohkem kui üht turustusaastat ja määruse ( EÜ ) nr 2200/96 artiklis 46 sätestatud korras kindlaksmääratavat tsitrusviljade miinimumkogust , kehtib I lisa tabelis 2 esitatud toetuse määr ;",,,,no,"The phrase 'miinimumkogust' refers to a quantity and not to a place, hence it is not an adverbial of place.",no,no,no,no
3523586,5673765,1,kasvatama,,ad,mõni,Mõnel,Mõnel kasvatab töötu ema üksi kahte kõrgkoolis käivat last .,,,,no,"The phrase 'Mõnel' refers to an unspecified person or subject location and not to a place, hence it is not an adverbial of place.",no,no,no,no
11559785,18511004,16,koostama,,in,loop,loopides,Selle uurimiseks tehti 1967 aasta juunis ka järgnev katse : ajakirja Forbes ajakirjanikud koostasid aktsiaportfelli loopides noolt New York Timesi aktsiaturu lehekülje pihta .,,,,no,"The phrase 'loopides' describes an action or manner, not a place, so it is not an adverbial of place.",no,no,no,no
415394,646443,2,andma,ette,all,mikoruuniroog,mikoruuniroogadele,"Fantaasiavaestele mikoruuniroogadele annab Kännu kodune söök silmad ette , seetõttu harrastavad isegi Pärnu kesklinnas töötavad ametnikud sinna lõunale vurada .",,,,no,"The phrase 'mikoruuniroogadele' was classified as 'no' because it refers to the target or focus of comparison, not a physical location or place.",no,no,no,no
2596326,4166804,10,edastama,,all,kiirabi,kiirabile,"Pärnus klubi Sunset juures läbi pekstud mehe abipalvet häirekeskus kiirabile ei edastanud , vaid soovitas tal hoopis hambaarsti juurde minna .",,,,no,The phrase 'kiirabile' refers to communication with emergency services rather than indicating a specific place.,no,no,no,no
18965510,28631763,5,aeguma,,in,ravi,ravis,Külmkonisatsiooni peetakse kirjanduses LGSIL ravis aegunud meetodiks .,,,,no,The phrase 'ravis' pertains to treatment and does not describe a location.,no,no,no,no
4644975,7464229,16,nägema,,all,müük,müügile,Kohtla-Järve volikogu poolt kinnitatud 2001. aasta linnavara erastamisprogramm näeb lisaks linnale kuuluva Järve ATP aktsiate müügile veel ka Kohtla-Järve Soojuse aktsiate müümist .,,,,no,"The phrase 'müügile' ('to the sale') refers to the purpose or activity and not a location, so it is not an adverbial of place.",no,no,no,no
13893815,22155613,7,alustama,,all,raha,rahale,"« Me alustame ülemaailmset jahti verisele rahale , mida Saddam Hussein ja tema lähikondlased on Iraagi rahvalt varastanud , » vahendas Snow'sõnu AFP/BNS .",,,,no,"The phrase 'rahale' ('to the money') refers to the target or focus of an action, not to a place, so it is not an adverbial of place.",no,no,no,no
8539905,13687361,14,näima,,in,monomaanilisus,monomaanilisuses,"Tema ise ei pruugi sellest teadlik olla , igatahes ei näi seda oma monomaanilisuses , selged naudingu märgid näol , märkavat .",,,,no,"The phrase 'monomaanilisuses' ('in monomania') describes a state or condition, not a place, so it is not an adverbial of place.",no,no,no,no
14345689,22773475,22,võlgnema,,all,edasikindlustusvõtja,edasikindlustusvõtjale,"Neid summasid ei tohi ühte liita muude summadega , mida edasikindlustusvõtja võlgneb edasikindlustusandjale , ega tasaarvestada summadega , mida edasikindlustusandja võlgneb edasikindlustusvõtjale .",,,,no,"The phrase 'edasikindlustusvõtjale' indicates the recipient of the action rather than a place, so it is not classified as adverbial of place.",no,no,no,no
10266835,16475411,11,palkama,,el,armukadedus,armukadedusest,"Steven saab aru , et Cassie armastab Masonit ja palkab armukadedusest Cassie mineviku uurimiseks eradetektiivi .",,,,no,"The phrase 'armukadedusest' refers to a reason or cause for the action and not a location, so it is not classified as adverbial of place.",no,no,no,no
5824265,9345450,29,kerkima,,el,jahvatamine,jahvatamisest,"Projekti kavandava Vallikraavi Kinnisvara Tallinna kontori juhataja Andrus Aavaste sõnul on Tartu maantee 15 kinnistu detailplaneering alles kehtestamata , kuid a loodab siiski , et bürokraatliku masinavärgi aeglasest jahvatamisest hoolimata hiigelhoone kesklinna kerkib .",,,,no,"The phrase 'jahvatamisest' refers to a source of delay and not a location, so it is not classified as adverbial of place.",no,no,no,no
2268368,3631530,1,tellima,,abl,linnaosavalitsus,Linnaosavalitsuselt,"Linnaosavalitsuselt tellis graniitsõelmeid 315 inimest , kes kõik said ühe 50 kilose koti .",,,,no,"The phrase 'Linnaosavalitsuselt' refers to a source or origin rather than a physical location, so it is not classified as adverbial of place.",no,no,no,no
8972008,14424764,1,soovitama,,el,kõik,Kõigest,Kõigest hoolimata soovitame valijal mitte lasta end häirida loiust kampaaniast ja teha ainuõige valik - minna valima .,,,,no,"It was classified as 'no' because 'Kõigest' refers to concession or limitation, not to a physical location or place.",no,no,no,no
3637166,5857266,6,tellima,,abl,Sisaski,Sisaskilt,"Teose metsasarvele ja klaverile tellis Sisaskilt kirjastuse "" edition 49 "" vahendusel tuntud saksa metsasarvemängija Thomas Crome , kes on Eesti muusikutele tuttav Tartu metsasarvepäevadelt ja mitmetelt meistrikursustelt .",,,PER,no,"The phrase 'Sisaskilt' indicates the source or origin of the order and not a physical location; hence, it is not an adverbial of place.",no,no,no,no
17639400,26968749,6,laulma,,in,koorima,kooris,Väga lõbus oli kui lapsed kooris Eesti hümni laulsid,,,,no,"The phrase 'kooris' describes the manner in which the action was performed, not the place; hence, it is not an adverbial of place.",no,no,no,yes
14893269,23405182,10,käima,ära,ad,absoluutväärtus,absoluutväärtusel,50 Hz helilaines käib ka helirõhk 2 korda maksimum absoluutväärtusel ära ühe perioodi jookul ja nulli läbimisel on rõhk null aga ikka kuuled 50 Hz mitte 100 heli .,,,,no,"The phrase 'absoluutväärtusel' refers to a mathematical concept, not a physical location; hence, it is not an adverbial of place.",no,no,no,no
6987482,11225441,23,soovima,,abl,ajaleht,ajalehelt,"Keskerakonna esimees Edgar Savisaar esitas neljapäeval hagi linnakohtusse , nõudes , et ajaleht Äripäev paluks tema käest vabandust , ühtlasi soovib ta ajalehelt ühe miljoni krooni suurust kahjutasu , teatas BNS .",,,,no,"The phrase 'ajalehelt' refers to a source or entity, not a physical place, so it is not classified as an adverbial of place.",no,no,no,no
1214891,1932453,20,saama,kokku,el,mis,millest,""" Seda filmi olen teinud üle kolme aasta ja kogunenud on palju materjali nii ateljees kui näitustel ülesvõetust , millest sai kokku vaid 20minutine film , "" rääkis Raamat .",,,,no,"The phrase 'millest' refers to the material used in making the film and does not describe a location, so it is not adverbial of place.",no,no,no,no
8909165,14321237,3,tajuma,,in,ulatus,ulatuses,"Selle salmi ulatuses ma hoopi veel ei tajunud – aga aimasin , et see tuleb , et see p e a b tulema .",,,,no,"The phrase 'ulatuses' refers to an extent or scope, not a specific location, so it is not adverbial of place.",no,no,no,no
18081546,27510921,6,saama,,abl,Guide,Guide'ilt,"Eesti talunikud saavad European City Guide'ilt katalooge , mille eest küsitakse 25 000 krooni",,,,no,The phrase 'Guide'ilt' refers to the source of the catalogues rather than specifying a location.,no,no,no,no
19235884,29004647,28,võitma,,all,seadus,seadustele,"Minu arusaamise järgi ei vii selline üsna jäik moodus täita riigikassat mitte seaduskuulekusele , vaid järgmise käiguna viivad kõik need , kes on võitnud kohtuprotsesse tänu augulistele seadustele , oma arved lihtsalt välispankadesse ja ongi kogu lugu .",,,,no,"The phrase 'seadustele' refers to interpretation or reference to laws, not a physical place.",no,no,no,no
593580,940980,1,tegelema,,abl,linn,Linnalt,"Linnalt raha kauplemisega tegeleb meil finantsosakond , "" lausus ameti juhataja Vahur Keldrima .",,,,no,The phrase 'Linnalt' indicates the source of money rather than a specific location.,no,no,no,no
5969154,9581579,31,sõdima,,in,vorm,vormis,"Omapoolse panusena meie lähiajaloo mõistmisel on nüüd ka president Rüütel pidanud vajalikuks eesti rahva nimel paluda juutidelt andestust selle eest , et "" vähemalt üks "" Eesti vabaduse nimel Saksa vormis sõdinud eestlane on sakslaste korralduse kohaselt juute tapnud .",,,,no,The phrase 'vormis' describes a state or form rather than a physical place.,no,no,no,no
10750065,17220244,6,juhatama,,all,joomine,joomisele,Mõne on keskkond õige veidralt joomisele juhatanud .,,,,no,"The phrase 'joomisele' specifies an action or activity but does not describe a location or spatial relationship, hence it is not adverbial of place.",no,no,no,yes
350045,541198,5,kolima,,in,kartus,kartuses,"Poolteist aastat tagasi kättemaksu kartuses Hispaaniasse elama kolinud Arakase tunnistused aitasid kaitsepolitseil lahendada 1993. aasta augusti pommiplahvatuse , kui eestlaste tollane suurim kuritegelik grupeering tahtis tappa kahte Permi grupeeringu liidrit .",,state,,no,"The phrase 'kartuses' indicates a state of fear or concern and does not refer to a location, so it is not adverbial of place.",no,no,no,no
14229422,22603127,4,sisaldama,,el,lõige,lõikest,"Šokolaaditooteid , mis lõikest 1 lähtuvalt sisaldavad muid taimseid rasvu kui kakaovõi , võib turustada kõigis liikmesriikides , kui nende artikli 3 kohaseid märgiseid täiendatakse järgmise selgesti nähtava ja loetava selgitusega : “ sisaldab lisaks kakaovõile muid taimseid rasvu ” .",,,,no,"The phrase 'lõikest' refers to a legal or textual section, not a physical location, and thus it is not adverbial of place.",no,no,no,no
93569,158156,15,lööma,,in,huvi,huvides,"Teadsid , et muidu täitsa korralik eesti inimene , aga samal ajal lööb karjääri huvides niisugust laulu , et ohhohoo . ”",,,,no,"The phrase 'huvides' indicates a purpose or motive, not a spatial aspect or location, and is therefore not adverbial of place.",no,no,no,no
2772958,4446829,27,rentima,,all,pood,poele,"JÄRVE Silikaat Grupp avab oktoobrist endises kaubahoovis Järve Keskuse , mis ühendab seni eraldi seisnud Selveri , Aatriumi ja Key Ehituskaubad ning rendib pinda veel 60 poele .",,,,no,"The phrase 'poele' indicates an entity or recipient of renting, rather than a location or spatial relationship, so it is not adverbial of place.",no,no,no,no
11178647,17906789,10,mahtuma,,all,pronks,pronksile,"Näiteks võib tuua Viktor Zuikovi , kes vaatamata EM-võistluste pronksile selle kategooria alla ei mahu , sest ei enne ega pärast EMi ole tal samaväärilisi tulemusi ette näidata .",,,,no,"The phrase 'pronksile' refers to a result or award (bronze medal) and not a physical or conceptual place, so it is not adverbial of place.",no,no,no,yes
14062954,22391203,9,soovitama,,el,tööjõuostja,tööjõuostjast,"Mõeldagu , nagu auväärt Toomas Hendrik soovitab , tööjõuostjast , tööjõumüüjast ja maailm ei tundugi enam nii puna-valge .",,,,no,"The phrase 'tööjõuostjast' indicates a subject or entity (buyer of the workforce) rather than a location, so it is not adverbial of place.",no,no,no,no
6208326,9970812,12,süüdistama,,all,hoiatus,hoiatustele,"Nii arstid kui ka tervishoiu-ametnikud on süüdistanud valitsust lubamatult aeglases reageerimises hoiatustele , et erakordne kuumalaine tapab vanemaid inimesi hirmutavalt rohkesti .",,,,no,"The phrase 'hoiatustele' refers to warnings (an abstract concept) rather than a location, so it is not adverbial of place.",no,no,no,no
15085972,23610957,11,olema,vaja,el,minuaru,minuarust,"Ja kas alati on vaja et pressa oleks inteligentne , minuarust oleks vaja , et president oleks rahvaesindaja , mida praegune president on ja seda ei saa kahjuks Meri kohta öelda .",,,,no,"The phrase 'minuarust' expresses an opinion or point of view, not a location, so it is not classified as an adverbial of place.",no,no,no,no
292974,461150,19,liikuma,,ad,määr,määral,"Sellisel juhul astuvad täielikult jõusse tagantjärele tehtud , muidu suhteliselt tühised käsutused ; nendega loodud õigused liiguvad teatud määral kõrgemale kohale , näit. pärast eelmärget sisse kantud hüpoteek ; eelmärke järjekohale ei teki omanikukinnisvõlga .",,,,no,"The phrase 'määral' refers to a degree or extent rather than a location, so it is not classified as an adverbial of place.",no,no,no,no
758766,1209326,22,otsima,,all,enesemääramisõigus,enesemääramisõigusele,"Samas soovivad Eestiga koostööd teha mitmed teised Eesti-laadses staatuses väikerahvad - ja paljud , paljud teised , kes alles otsivad toetust enesemääramisõigusele .",,,,no,"The phrase 'enesemääramisõigusele' refers to the concept of self-determination, which is not a location, so it is not classified as an adverbial of place.",no,no,no,no
593720,941198,10,tunnistama,,in,hammustamine,hammustamises,Briti poksi kontrolltoimkond tunnistas Dodsoni süüdi kanadalase Alain Bonnamie hammustamises 5. oktoobril Londonis peetud matshi viimases 12. raundis .,,,,no,"The phrase 'hammustamises' refers to an action (biting) rather than a location, so it is not adverbial of place.",no,no,no,yes
3963614,6382904,9,tõusma,,all,520,520-le,"Jaava saart tabanud tsunamis hukkunute arv on tõusnud 520-le ning Indoneesia valitsus peab andma aru , miks ei suudetud inimesi järjekordsest katastroofist piisavalt hoiatada , kirjutab BBC .",,,,no,"The phrase '520-le' refers to a numeric value and not a location, so it is not adverbial of place.",no,no,no,no
2177225,3479049,4,lõpetama,,all,määrus,määrusele,"Vastavalt halduskohtu reedesele määrusele lõpetas kohus antud asjas menetluse , sest ESTV loobus kaebusest , ütles kohtunik Maret Altnurme sekretär ETAle .",,,,no,"The phrase 'määrusele' refers to a court ruling or decision instead of a place, so it is not adverbial of place.",no,no,no,no
9510650,15268003,8,seisma,ees,all,see,sellele,Nüüd seisab ees veel vaid poliitilisel tasemel sellele tunnustuse saamine .,,,,no,"The phrase 'sellele' refers to a recipient or goal rather than a place, so it is not an adverbial of place.",no,no,no,no
16261985,25186451,44,kommenteerima,,all,hääletamine,hääletamisele,"Sellega tehakse ettepanek jätta eelnõust välja §-d 22 , 23 , 24 , 25 , 2. jagu ja selle pealkiri , sh §-d 26 , 27 , 28 , 29 , mis kõik käsitlevad kohtutäituri töö tasustamist tulevikus ja mis räägivad sellest , mida ma kommenteerisin oma eelmise parandusettepaneku hääletamisele panekul .",,,,no,"The phrase 'hääletamisele' refers to the action or process being voted on and does not indicate a specific location, so it is not an adverbial of place.",no,no,no,no
5559248,8913415,18,kutsuma,,in,kõneviis,kõneviisis,"Nii ägedat debatti pole ma Eesti telekanalite eetris näinud : näiteks Meelis Atonen kutsus mitmel korral karjuvas kõneviisis Indrek Raudset valetamist lõpetama ja tuletas meelde , et on kolleegist kümme aastat vanem ning pangu poisike oma suuke seetõttu sootuks kinni .",,,,no,"The phrase 'kõneviisis' identifies the manner or style of speaking rather than a physical location, so it is not an adverbial of place.",no,no,no,no
6787309,10919130,8,tunnistama,,in,föderaalsüüdistus,föderaalsüüdistuses,Barton tunnistas end detsembris alanud kohtuprotsessil süütamise föderaalsüüdistuses süüdi ja selle eest määrati talle ka reedel karistus .,,,,no,"The phrase 'föderaalsüüdistuses' is not classified as an adverbial of place because it specifies the nature of the accusation, not a location.",no,no,no,no
158004,263152,6,vahetama,,all,oma,omale,Tema isa vahetas selle kunagi omale singi vastu .,,,,no,The phrase 'omale' is not classified as an adverbial of place because it refers to possession or benefit rather than a location.,no,no,no,no
12789753,20459319,7,lõpma,,in,veendumus,veendumuses,""" Bluff "" igatahes lõpeb lootusrikkas veendumuses : teater alati jääb !",,,,no,"The phrase 'veendumuses' is not classified as an adverbial of place because it refers to a state of conviction, not a physical or abstract location.",no,no,no,no
10232929,16420736,8,tekitama,,ad,juhendamine,juhendamisel,"Kuid elevust tekitasid ka soojendusvõimlemine Aime Jaanimetsa juhendamisel ja korvpalli vabaviskevõistlus , kus võistlejad jagunesid vanuseklassidesse : alla kümneaastased , 10-14-aastased , mehed ja naised .",,,,no,"The phrase 'juhendamisel' (under guidance) describes a manner or condition and is not related to location, so it is not adverbial of place.",no,no,no,yes
11818376,18914549,14,suurenema,,all,saastatus,saastatusele,"Nahka hapnikuga rikastav hooldus parandab ainevahetust ja elustab kudesid , naha vastupanuvõime keskkonna saastatusele suureneb .",,state,,no,"The phrase 'saastatusele' (to pollution) refers to a consequence or target, not a location, and is therefore not adverbial of place.",no,no,no,no
18975686,28644075,13,tooma,,in,eelnõu,eelnõus,"Mis puutub kõikidesse nendesse kokkulepetesse , mida valitsus sõlmib ja meile riigieelarve eelnõus siia Riigikokku toob , siis loomulikult on Riigikogul õigus kõiki neid numbreid muuta ning Vabariigi Valitsuse ja tema saalis olevate esindajate tugevusest sõltub , kuivõrd tugevalt neid kokkuleppeid siin saalis kaitstakse .",,,,no,"The phrase 'eelnõus' (in the draft law) specifies where the information is found rather than expressing concrete physical location, so it is not adverbial of place.",no,no,no,no
14180332,22541918,14,murdma,,el,jalg,jalust,"Rühmas püütakse rahulikus tempos vähehaaval vabaneda söömissõltuvusest , leida tasakaalu , et õgimishood jalust ei murraks .",,,,no,"The phrase 'jalust' (off balance) is metaphorical and does not refer to a specific physical place, thus it is not adverbial of place.",no,no,no,no
8780593,14092934,13,säilima,,ad,ehitamine,ehitamisel,"Riigipoolne toetus kaob veekeskuse ehituselt , säilib aga näiteks Lille mäe justiitshoone ehitamisel .",,,,no,"The phrase 'ehitamisel' indicates an action in progress but does not specify a location, so it is not an adverbial of place.",no,no,no,yes
3901587,6284192,18,jääma,välja,el,etapp,etapist,"EL-i välisvolinik Hans van den Broek ütles teisipäeval , et riigid , mis jäävad NATO laienemise esimesest etapist välja , ei saa arvestada lohutusauhinnana EL-i liikmestaatusega .",,,,no,"The phrase 'etapist' does not describe a location or place but rather a phase of an event, hence it is not adverbial of place.",no,no,no,no
3490341,5620301,2,harjuma,,ad,väide,väitel,"Korgi väitel on linnavalitsus viimastel aastatel harjunud "" totaalse kontrollimatusega "" .",,,,no,"The phrase 'väitel' conveys the source or basis of the claim rather than a physical location, so it is not adverbial of place.",no,no,no,no
16434083,25383473,14,kaaluma,,all,protsent,protsendile,"Valitsus kaalub kõigi seni viieprotsendilise käibemaksuga maksustatud kaupade ja teenuste maksumäära tõstmist üheksale protsendile , et hoida riigieelarvet tasakaalus .",,,,no,"The phrase 'protsendile' refers to a numerical value or rate and not a physical place, so it is not adverbial of place.",no,no,no,no
6820320,10973752,4,kaaluma,,all,kere,kerele,Tänu uudsele alumiiniumkonstruktsiooniga kerele ja vedrustusele kaalub see senisest mudelist 75 kg vähem .,,,,no,"The phrase 'kerele' refers to a part of a structure (a car body) rather than a physical location, so it is not adverbial of place.",no,no,no,no
5751368,9225418,8,sattuma,,all,avastus,avastusele,Kas raamatu kokkupanekul sattusite ka mõnele uuele avastusele ?,,,,no,"The phrase 'avastusele' refers to a discovery or finding, not a location, so it is not adverbial of place.",no,no,no,no
10894456,17448686,4,harjutama,,ad,nõuanne,nõuandel,"Olen vanemate kolleegide nõuandel küll , tikutops ja pliiats hammaste vahel , kõnet harjutanud .",,,,no,"The phrase 'nõuandel' refers to advice or guidance, not a location, so it is not adverbial of place.",no,no,no,no
13770685,21955834,20,peituma,,el,aine,ainest,"Tuntuima vormelisarja parimaks on suutnud tõusta , tõsi , vaid Jacques Villeneuve , ent Juan Pablo Montoyaski peitub tšempioni ainest .",,,,no,"The phrase 'ainest' refers to the potential or essence of being a champion but does not indicate location, so it is not an adverbial of place.",no,no,no,no
468549,735009,18,muutuma,,adit,vastavus,vastavusse,"Ühispank alandab alates 1. oktoobrist kroonihoiuste intresse ja tõstab samas mõnede valuutahoiuste intresse , et viia need vastavusse muutunud turutingimustega .",,,,no,"The phrase 'vastavusse' refers to aligning with certain conditions rather than indicating a location, so it is not an adverbial of place.",no,no,no,no
9566834,15356079,1,jääma,,abl,Suvorovliku,Suvorovlikult,"Suvorovlikult kurja innu põhjal , millega mõnes meie kaitseväe üksuses õppusi läbi viiakse , jääb küll mulje , nagu algaksid rängad lahingud lausa järgmisel esmaspäeval .",,,,no,"The phrase 'Suvorovlikult' describes the manner or style of action, not the location, so it is not adverbial of place.",no,no,no,no
3145174,5050115,11,viima,,in,kartus,kartuses,"Abhaasia võimud viisid sel nädalal oma relvaüksused kõrgendatud lahinguvalmidusse , kartuses , et Adžaaria ja Gruusia konflikt võib väljuda kontrolli alt .",,state,,no,It was classified as 'no' because 'kartuses' expresses a reason or cause (fearing something) rather than a location.,no,no,no,no
6402793,10292222,16,vähenema,,all,300000.,300 000-le,"Kui algselt arvati tekitatud kahju olevat poole miljoni krooni ringis , siis eile vähenes summa 300 000-le , sest osa kilesse pakitud kasukaid jäi kahjustamata .",,,,no,The phrase '300 000-le' was classified as 'no' because it refers to a specific numerical value or amount rather than indicating a location or spatial relation.,no,no,no,no
8674002,13916670,8,kuuluma,,el,diskussioon,diskussioonist,"Transpordiminister Jorritsma-Lebbink rääkis , et hoolimata ettevaatlikust diskussioonist võimaliku erastamise üle kuulub Rotterdami sadam senini täielikult piirkonna kohalikele munitsipaalvõimudele .",,,,no,"The phrase 'diskussioonist' was classified as 'no' because it refers to a discussion or topic, which is not related to a place.",no,no,no,no
9299314,14938518,13,põletama,,ad,tagajärg,tagajärjel,"Vastupidi , kui vanausulised ennast Venemaal 17. sajandi teisel poolel Nikoni kirikureformi tagajärjel massiliselt põletasid , siis mõistis õigeusu ( Vene ) kirik selle tuliselt hukka .",,,,no,"'tagajärjel' indicates cause or consequence and not a location, so it is not adverbial of place.",no,no,no,no
3670064,5909608,8,sättima,,all,rünnak,rünnakutele,"Eestil hakkas lonkama pallingu vastuvõtt , aeglastele rünnakutele sättisid rootslased bloki ette .",,event,,no,"'rünnakutele' refers to the focus or recipient of an action, not a physical location, so it is not adverbial of place.",no,no,no,no
8905807,14315553,11,ütlema,,all,Jumal,Jumalale,"Ja mina ütlesin sellele , noh , ütleme Antsule : Jumalale tänu , et sa kohe üles tunnistasid ja v a h e n d i t e rakendamist ära ootama ei hakanud – sest kui sind oleks minu pärast pitsitama hakatud – ma poleks saanud ju enam eluaeg inimestele silma vaadata – """,,,,no,"'Jumalale' refers to the recipient of gratitude and not a location, so it is not adverbial of place.",no,no,no,no
4168369,6708738,14,kommenteerima,,el,säilitamine,säilitamisest,Mihhail Petrov kommenteeris Euroopa vene kogukondade nõukogu poolt Riias esitletud Vene doktriini rahvuse säilitamisest .,,,,no,"The phrase 'säilitamisest' was not classified as an adverbial of place because it does not describe a location or spatial relation; instead, it relates to the concept of preservation.",no,no,no,no
1118277,1777862,20,astuma,,ill,saabas,saabastesse,"Läti välejalad valitsevad sise-EMi kui mängeldes - eelmisest neljast tiitlist kolm noppis Igor Kazanov , nüüd astus vananeva tuusa saabastesse 20aastane Olijars .",,,,no,The phrase 'saabastesse' was not classified as an adverbial of place because it metaphorically describes stepping into someone’s role rather than indicating an actual place.,no,no,no,no
3088115,4957396,2,kujutama,,all,rahakott,rahakotile,Vanemate rahakotile kujutab ohtu tavatelefonidelt kättesaadavate tutvumis- ja erootikatelefoninumbrite valimine .,,,,no,"The phrase 'rahakotile' indicates concern or impact on the wallet and not a physical location, so it is not an adverbial of place.",no,no,no,no
2944846,4721695,2,jääma,ära,el,kord,Korrast,""" Korrast ära jääb veel 40 kilomeetrit Tallinnast Tartu poole , Mäo ja Tartu ümbersõit ning Puurmani sild ja veel mõned väiksemad kohad , "" loetles Puust .",,,,no,The phrase 'Korrast' was classified as 'no' because it refers to an abstract state or condition rather than specifying a location.,no,no,no,no
2118593,3382097,2,kindlustama,,in,suund,suunas,"Võiduvise suunas aga kogu aupaiste Horryle , kes on ka varem play-off'ides otsustavatel visetel Lakersile võidu kindlustanud .",,,,no,The phrase 'suunas' was classified as 'no' because it indicates a direction rather than a specific location.,no,no,no,no
16810096,25870857,1,soovitama,,el,võie,Võietest,"Võietest soovitaksin klassikalist muna- ja singivõiet , kuid siinkohal tuleks arvestada , et võided on kõrgema kalorsusega kui eelnimetatud katted .",,,,no,"The phrase 'Võietest' refers to the type of spreads being discussed and not a location, so it is not an adverbial of place.",no,no,no,no
17432456,26730144,4,peatuma,,ad,andmine,andmisel,"Peatuksin kõigepealt legaaldefinitsiooni andmisel mõistele “ kütusetootmine ” , samuti ettepanekutel vabastada taastuvast bioloogilisest toorainest komponendid ja alkoholilisand kütuseaktsiisist ning võrdsustada diislikütuse ja kerge kütteõli aktsiisimäärad .",,,,no,"The phrase 'andmisel' refers to the act of giving or defining, not a location, so it is not an adverbial of place.",no,no,no,no
12161198,19472423,8,valmima,,el,ingel,inglitest,"2000. ja 2003. aastal valmisid « Charlie inglitest » ka filmid , mille peaosades mängisid Cameron Diaz , Drew Barrymore ja Lucy Liu .",,,,no,"The phrase 'inglitest' refers to a title or subject matter and not a place, so it is not an adverbial of place.",no,no,no,no
523938,825673,14,alluma,,all,auditeerimine,auditeerimisele,"Deklaratsioon väljendab selgelt põhimõtet , et kogu avalik haldus ) allub kõrgeima kontrolliasutuse auditeerimisele .",,,,no,"The phrase 'auditeerimisele' refers to the act of being audited rather than specifying a place, so it is not an adverbial of place.",no,no,no,yes
2907986,4661694,25,sõnama,,all,süüdistus,süüdistustele,""" Eesti , nagu ka suur osa maailma riike , on fašismi on hukka mõistnud , "" sõnas Paet välisministeeriumi teatel vastuseks Vene võimude süüdistustele ..",,,,no,"The phrase 'süüdistustele' refers to accusations rather than a physical location, so it is not an adverbial of place.",no,no,no,no
6971985,11201690,38,asuma,,ad,hargnemine,hargnemisel,""" Tuhat lille tuleb Vilde monumendi juurde Harju ja Niguliste tänava nurgal , võõrasemasid istutatakse ka Heino Elleri kuju juurde vaasidesse Vabaduse väljakul ja helilooja Mart Saare monumendi juurde , mis asub Narva maantee ja Koidula tänava hargnemisel , "" ütles kesklinna linnakeskkonna osakonna juhataja Malle Pahapill .",,,,no,"The phrase 'hargnemisel' refers to an action or event (diverging) rather than a specific location, so it is not an adverbial of place.",no,no,no,no
16850047,25928318,12,tooma,kaasa,all,prestiiž,prestiižile,"Mõelge natuke selle peale , mida see toob kaasa Eesti riigi prestiižile , rääkimata sellest , mida see toob kaasa meie riigikaitsele .",,,,no,"The phrase 'prestiižile' refers to reputation or prestige, which is not a location, so it was classified as 'no'.",no,no,no,no
17363866,26646144,25,sõlmima,,in,bidd,biddides,"ebayst niipalju , et kui sa mingile konkreetsele esemele panustanud oled ja sellega oksjoni võidad , oled sa kohustatud  eseme ära ostma , kuna biddides sõlmid sa müüjaga lepingu .",,,,no,"The phrase 'biddides' refers to the act of bidding, not a place, so it was classified as 'no'.",no,no,no,yes
1670366,2659808,19,pääsema,,el,algatamine,algatamisest,"Prefekti väitel ei tea ta , kuidas tema hiljuti armeest tulnud poeg vendade Leppadega kokkuleppele jõudis ja kriminaalasja algatamisest pääses .",,,,no,"The phrase 'algatamisest' refers to initiation of something and not a physical location, so it was classified as 'no'.",no,no,no,yes
3352238,5392256,10,kaevama,,ad,alus,alusel,"Toivo Kaer on kohtusse kaevanud Lavassaare vallavalitsuse samade paragrahvide alusel , millega vald tema kohtusse kaebas .",,,,no,"The phrase 'alusel' is not adverbial of place because it relates to the basis or grounds for an action, not a location or place.",no,no,no,no
13787307,21982403,2,sattuma,,all,eelarve,eelarvele,Kolossaalsele eelarvele - 125 miljonit dollarit - vaatamata sattus Tarkade kivisse ikkagi üle 20 apsaka .,,,,no,"The phrase 'eelarvele' is not adverbial of place because it refers to a budget or allocation of money, not a location.",no,no,no,no
14448430,22874743,50,jääma,ilma,el,avalikkus,avalikkusest,"Iga osalisriik tagab sobivate abinõudega , austades inimõiguste ja põhivabaduste kaitse konventsiooniga sätestatud juriidilisi tagatisi ning , kui see on asjakohane , ka riigi põhiseadust , et ringhäälinguorganisatsioon ei kasuta tema jurisdiktsioonis oma ostetud ainuõigusi pärast piiriülese televisiooni Euroopa konventsiooni muutmise protokolli vastuvõtmist sellisel viisil , et teise osalisriigi avalikkusest oluline osa jääks ilma võimalusest jälgida sündmusi , mis selle teise osalisriigi poolt on määratud edastamiseks kas tervikuna või osaliselt otseülekandena , või kui see on objektiivsetel põhjustel avalikkuse huvides vajalik või asjakohane , kas tervikuna või osaliselt hilisema edastuse kaudu vabas televisioonis , nii nagu see teine osalisriik vastavalt lõikele 1 on määranud , järgides järgmisi nõudeid :",,,,no,'avalikkusest' was classified as 'no' because it refers to a concept (the public) rather than a place.,no,no,no,no
16412371,25358316,21,pääsema,,in,dress,dressides,""" Väliürituste puhul on ka turvamehed leebemad ja lasevad tossudega sisse , "" lubasid nad , kinnitades , et päris dressides siiski klubisse ei pääse .",,,,no,"'dressides' was classified as 'no' because it refers to clothing, not a location.",no,no,no,no
12625343,20202831,1,saatma,,el,lennukipilet,Lennukipiletitest,Lennukipiletitest saadavad soodustused on rahaliselt kõige suuremad .,,,,no,The phrase 'Lennukipiletitest' was classified as 'no' because it refers to the source of the discounts rather than a location.,no,no,no,no
2750905,4411947,20,jooksma,,el,töö,töödest,"Leiutajad pakkusid ideid , mis aitasid lahendada nii raske koolikoti kui mahaununevate kooliõpikutega seonduvaid probleeme , samuti jooksis paljudest töödest läbi õpilaste mure koolivägivalla pärast .",,,,no,"The phrase 'töödest' was classified as 'no' because it refers to the source or origin of information, not to a place.",no,no,no,no
17166989,26363748,6,sõlmima,,in,staadium,staadiumis,Ma ei sõlminud mitte mingis staadiumis edirectiga lepingut .,,,,no,"The phrase 'staadiumis' refers to a stage or phase and does not denote a specific location, hence it is not adverbial of place.",no,no,no,no
13552693,21672457,11,pakkuma,välja,in,järjekord,järjekorras,Kõige tõenäolisema lahendusena pakub tippkohtumine välja otseste kõneluste alustamise esimeses järjekorras kuue eelnimetatud kandidaadiga .,,,,no,"The phrase 'järjekorras' refers to an order or sequence, not a specific location, so it is not adverbial of place.",no,no,no,no
5834874,9363504,11,kasvatama,,ad,aktsia,aktsiatel,"Veel selgub raportist , et Buffett kasvatas osalusi portfellis järgmistel aktsiatel : Comcastis ( CMCSA ) , Home Depot ?",,,,no,"The phrase 'aktsiatel' refers to stocks and does not indicate a location, thus it is not adverbial of place.",no,no,no,no
7287526,11709414,30,alluma,,all,asutus,asutustele,"Neile kehtisid liikumispiirangud ( pass anti ainult kindla tähtaja peale ja kindlasse kohta minekuks , maksuvabad said tähtajatu ja kogu Vene impeeriumi piires liikumiseks ) , nad allusid seisuslikele asutustele ( st talurahvaasutustele ) , nende puhul ei olnud välistatud ihunuhtlus ja ainult nemad pidid minema sundkorras tööle , kui riiklikud vajadused seda nõudsid ( näiteks metsatulekahju kustutamine , raudtee lumest puhastamine jms ) .",,,,no,"The phrase 'asutustele' refers to institutions or establishments rather than a specific place, so it is not adverbial of place.",no,no,no,no
5993115,9618547,13,ajama,,el,levik,levikust,Saaremaal asuva Rauniku talu perenaise Anne Tiitmaa sõnul ajavad teated mõne taudi levikust teda alati ärevile .,,,,no,"The phrase 'levikust' relates to the spread or dissemination of something and does not specify a location, hence it is not adverbial of place.",no,no,no,no
3844121,6191820,6,jõudma,,in,Kurikuulu,Kurikuulus,"Laiema avalikkuse ette jõuab "" Kurikuulus "" oktoobris .",,,LOC,no,"""Kurikuulus"" was classified as 'no' because it is a direct object and not indicating a place.",no,no,no,no
4259679,6854063,4,käima,,el,arvustamine,arvustamisest,"Raamat , mille arvustamisest käis jutt , mulle ei meeldinud .",,,,no,"""arvustamisest"" was classified as 'no' because it indicates an action or discussion, not a place.",no,no,no,yes
230592,370649,21,kestma,,ad,kasutamine,kasutamisel,"Vastus kasutaja tegevusele on aeg , mille jooksul kasutaja hakkab tunnetama viidet ( nt. aeg , mis kestab TELNET-i teenuse kasutamisel klahvi vajutamisest sümboli kuvamiseni ekraanil ) .",,,,no,"The phrase 'kasutamisel' refers to the act of usage, which indicates a manner or condition rather than place, so it was classified as 'no' for adverbial of place.",no,no,no,yes
7947094,12733769,5,kasvama,,all,haigus,haigusele,Ainult habe kasvas vaatamata haigusele jõudsalt .,,state,,no,"The phrase 'haigusele' indicates a cause or reason rather than a location, so it was classified as 'no' for adverbial of place.",no,no,no,no
11394392,18259127,19,leiduma,,el,puit,puidust,"Suurim erinevus mõne aasta tagusega võrreldes on , et inimesed armastavad väga ruumisäästlikke lükanduksi , mida leidub nii puidust , peeglist , klaasist kui ka pleksklaasist varianti-dena , "" räägib OÜ Disainköök juhataja Mared Noor .",,,,no,"The phrase 'puidust' describes the material something is made of, not a place, so it was classified as 'no' for adverbial of place.",no,no,no,no
6352517,10207491,16,välistama,,all,kasutus,kasutusele,Ninnase sõnul välistaks sellise musta stsenaariumi tõeks saamise võimaluste loomine Raku ja Männiku järvistu reservveevaruna kasutusele võtuks .,,,,no,"The phrase 'kasutusele' refers to the adoption or implementation of something, not a location, so it was classified as 'no' for adverbial of place.",no,no,no,no
5329818,8550266,7,nägema,,all,ajalehereklaam,ajalehereklaamidele,Raudjala sõnul näeb eelarve ette kulud ajalehereklaamidele või pressikonverentsidel jagatavate materjalide jaoks .,,,,no,"The phrase 'ajalehereklaamidele' specifies an object of allocation (advertisements), not a place, so it was classified as 'no' for adverbial of place.",no,no,no,no
10213066,16388567,9,igatsema,,el,minek,minekust,"Detektiiv Murtaugh ( Danny Glover ) igatseb pensionile minekust , ent ta saab veel ühe ülesande .",,,,no,"The phrase 'minekust' refers to the action of leaving or departure, which does not describe a location, so it is not an adverbial of place.",no,no,no,no
2532436,4062550,12,päästma,,in,risk,riskides,Harjumaal Ämaris korteripõlengut kustutanud Keila tuletõrjujad päästsid eile öösel oma eluga riskides vingusurmast kaks last ning nende ema ja isa .,,state,,no,"The phrase 'riskides' refers to the manner of action (risking life), not a location, so it is not an adverbial of place.",no,no,no,yes
19918154,29351287,4,jätma,,in,kius,kiusus,+hingeke: kiusus kes jättis ??,,,,no,"The phrase 'kiusus' refers to a state or situation rather than a location, so it is not an adverbial of place.",no,no,no,no
13697277,21885761,5,lubama,,in,esitus,esituses,"Teine lubab taevamannat ebakonkreetses esituses , rääkides uuest poliitikast .",,event,,no,"The phrase 'esituses' refers to the manner or form of presentation, not a location, so it is not an adverbial of place.",no,no,no,no
10363700,16629344,8,eemalduma,,el,jutustamislaad,jutustamislaadist,“ Porgandite Öö ” eemaldub meelega tavapärasest jutustamislaadist ja kompaktsetest sõnumikimpudest .,,,,no,"The phrase 'jutustamislaadist' was classified as 'no' because it describes a concept or method, not a physical place, so it is not an adverbial of place.",no,no,no,no
7134252,11472813,4,lootma,,el,meel,meelest,"Hoolimata oma kangest meelest ja kõvast kättemaksuhimust lootsid päkapikud südames , et suure pauguni läheb siiski veel natukenegi aega ning et nad saavad veel mõned aastakesed rahumeelselt röövida , varastada , piinariistu sepistada , tädisid hirmutada ja muid eluterveid sigadusi teha .",,,,no,The phrase 'meelest' is not an adverbial of place because it indicates a state or condition rather than a location.,no,no,no,no
12057864,19301343,6,tõstma,,in,keel,keeles,"Üle poole trolli tõstis vene keeles häält , et mis need eestlased endast kujutavad , nüüd oleme kõik Euroopas ja eestlased võivad oma surnuaedadele kolida .",,,,no,"The phrase 'keeles' is not an adverbial of place because it specifies the language in which something is spoken, not a spatial location.",no,no,no,no
12753625,20401215,1,hävima,,ad,pastöriseerimine,Pastöriseerimisel,"Pastöriseerimisel ehk kuumutamisel 60-80 kraadi juures hävib aga suur osa õlle koostises olevaid väärtuslikke B-grupi vitamiine , Nigula õlledesse jäävad vitamiinid aga alles , ütleb ettevõtte laborant Kristina Kivimets .",,,,no,The phrase 'Pastöriseerimisel' is not an adverbial of place because it describes the process or means of an action rather than a location.,no,no,no,yes
6682205,10750755,124,jääma,välja,el,presidendimäng,presidendimängust,Uudised : populaarseimad vestlusteemad Loo uus vestlusteema Jaani kiriku uks läbis uuenduskuuri ( 2 ) Valga linnavalitsus toetab Gruusiat rahaliselt ( 1 ) Kirjad Küsimus-vastus Sangaste ootab rukkimaarjapäeva Valgamaalane Maailm Postimees Online 11.05 ( 27 ) Vitsut : suhtumise punasümboolikasse peab kujundama riik 11.05 ( 21 ) Hävitaja stabilisaator ujus nelja aastaga üle Atlandi 20 : 07 11.05 ( 31 ) Rock asus finaalseeriat juhtima 19 : 53 11.05 Fotod : 11. mai piltides 19 : 25 11.05 ( 12 ) Postimehe lugejad usaldavad kõige enam suurpanku 18 : 59 11.05 ( 13 ) Liikumine aitab võidelda nahavähiga 18 : 35 11.05 ( 4 ) Video Eesti Energia juht lubab stabiilset elektrihinda 18 : 12 11.05 ( 2 ) Riigikogu võttis Tallinna-Tartu maantee eelnõu taas menetlusse 17 : 53 11.05 ( 40 ) Peeter Tulviste jäi üllatuslikult presidendimängust välja 17 : 38 11.05 ( 54 ) Video Presidendi- valimistel jäi sõelale seitse kandidaati,,,,no,The phrase 'presidendimängust' is not an adverbial of place because it refers to a topic or context rather than a physical or spatial location.,no,no,no,no
3931672,6332046,16,jääma,ilma,el,armastus,armastusest,"Aga kui palju on neid , kes küll sünnivad mehest ja naisest , aga ometi armastusest ilma jäävad ?",,,,no,"The phrase 'armastusest' was classified as 'no' because it refers to the concept of love and not a location, therefore it is not an adverbial of place.",no,no,no,no
10712951,17167043,17,kasvama,,all,"49,4","49 , 4
-le","Aktsiaportfell oli aasta lõpus 2 , 5 miljardit krooni ja selle aastatulu oli kasvanud eelnenud viie aasta 22%-lt 49 , 4
-le .",,,,no,"The phrase '49 , 4
-le' was classified as 'no' because it refers to a numerical value and not a location, so it is not an adverbial of place.",no,no,no,no
12706258,20327864,18,harrastama,,ad,teadmine,teadmisel,"Vaevalt et vastuluurajat Pihli häiris niivõrd SIA väidetavalt ebaseaduslik jälgimistegevus , sest harrastas ju SIA seda kapo teadmisel mitu aastat , kuivõrd kõikvõimsa kaitsepolitsei peadirektori hirm siseministri ees , kes oli asunud kapo tiibu kärpima , vähendades ” organi ” eelarvet .",,state,,no,"The phrase 'teadmisel' refers to being aware or having knowledge, which does not indicate a location, so it is not an adverbial of place.",no,no,no,no
10018595,16071074,7,nägema,ette,in,rookatuse-stiil,rookatuse-stiilis,"Kasutati tüüpprojekti , mis nägi ette rookatuse-stiilis “ lõunamaise ” , ilma soojustuseta hoone ehitamise .",,,,no,"The phrase 'rookatuse-stiilis' describes a style or characteristic, not a location, so it is not adverbial of place.",no,no,no,no
858001,1366495,3,jääma,,abl,mugavus,mugavuselt,"Kasutajaliides jääb mugavuselt Delfile ja Everydayle alla , samuti tõrgub meilivahetuskeskus liiga tihti .",,,,no,"The phrase 'mugavuselt' was classified as 'no' because it describes a comparison in terms of comfort, not a specific physical location.",no,no,no,no
7339250,11775785,15,püsima,,ad,aineosake,aineosakesel,"See tähendab , et universum püsib nõelaotsade nõelaotsal – peenimal , väikseimal ja ainsal aineosakesel , mis on parajasti eimiskistuv ja asub üheaegselt nõeludes absoluutselt kõigis lõpmatuis ruumipunktides .",,,,no,'aineosakesel' was classified as 'no' because it refers to an object or entity rather than specifying a location where the action occurs.,no,no,no,no
232922,373654,14,taotlema,,el,mis,millest,"Tiigriülikooli eesmärkide täitmiseks on vajalik eelarvemaht on umbes 50 miljonit krooni aastas , millest riigieelarvest ( RE ) taotlesime 36 miljonit krooni .",,,,no,"'millest' was classified as 'no' because it functions as a preposition phrase introducing a partitive relation, not indicating a place.",no,no,no,no
14894297,23406615,20,andma,välja,all,arvuti,arvutile,"On olemas cd lugejaid , mis mingi subchanneli taiminguinfo järgi ise õige koha lugemise jätkamiseks üles otsivad ja annavad arvutile välja puhta bitijada ( ma ei tea , kas ja kui levinud need praktikas on ) .",,,,no,"'arvutile' was classified as 'no' because it refers to the recipient of an action, not to a place where the action occurs.",no,no,no,no
6674898,10739644,19,olema,vaja,abl,oma,omalt,"Uued üldtingimused kohalduvad kõigi sellel hetkel kehtivate liitumislepingute suhtes , seega rakenduvad uued üldtingimused kliendi suhtes automaatselt ning omalt poolt pole kliendil vaja täiendavaid toiminguid ette võtta , teatas Radiolinja .",,,,no,"The phrase 'omalt' indicates a perspective or ownership, not a specific location, so it is not classified as an adverbial of place.",no,no,no,no
680456,1082022,16,kajastuma,,in,kokkuvõte,kokkuvõttes,"Tolliameti esindaja märkis , et tavapärasest suurem oli ka ajutine sissevedu taasväljaveo kohustusega , mis kokkuvõttes statistikaameti väliskaubanduse näitajate hulgas ei kajastu .",,,,no,"The phrase 'kokkuvõttes' refers to a summary or conclusion and not a place, so it is not classified as an adverbial of place.",no,no,no,no
1623421,2584181,6,tähendama,,adit,tsensuur,tsensuuri,"See ei tähenda mitte ainult tsensuuri ja töös takistuste tegemist , vaid tihtipeale ka füüsilist vägivalda ja mõrvu .",,,,no,"The phrase 'tsensuuri' is not an adverbial of place because it refers to censorship, which is not associated with a physical location.",no,no,no,no
2461577,3946169,5,jääma,alla,all,ADSL,ADSLile,"Äriklientide osas jääme ET ADSLile praegu veel kindlalt alla , sest meie võrk ei kata veel suuremaid ärimajade piirkondasid , aga töö selles suunas edeneb , "" rääkis Hein .",,,ORG,no,The phrase 'ADSLile' is not an adverbial of place because it refers to a service or entity rather than a spatial location.,no,no,no,no
7847680,12574772,4,esinema,,el,osa,osast,Suuremate kokkuvõtetega filmikunsti osast kaasaja kultuuris esinevad kolm kunstnikku .,,,,no,"The phrase 'osast' refers to a part or aspect within a broader context and not a physical location, so it is not classified as an adverbial of place.",no,no,no,no
9070070,14583782,3,unistama,,el,hakklihakaste,hakklihakastmest,Kesse enam hakklihakastmest unistab ...,,,,no,"The phrase 'hakklihakastmest' refers to a specific topic (minced meat sauce) rather than indicating a physical location, so it is not an adverbial of place.",no,no,no,no
11165250,17885045,12,küündima,,ill,HI-viirus,HI-viirusesse,"Lehtla tõi näiteks Ukraina , kus just peamiselt süstimise tõttu küünib HI-viirusesse nakatunute arv juba 20 000ni .",,,,no,"The phrase 'HI-viirusesse' indicates a disease or condition rather than a physical place, so it is not an adverbial of place.",no,no,no,no
9368044,15046400,4,võtma,,all,erimeelsus,erimeelsustele,Valitsusliidu erakonnad on erimeelsustele vaatamata võtnud suuna Koonderakonna ja Maarahva Ühenduse ( KMÜ ) valimisliidu säilitamisele ka järgmistel valimistel .,,,,no,"The phrase 'erimeelsustele' refers to disagreements or differences in opinion, not a physical location, so it is not an adverbial of place.",no,no,no,no
4170238,6711547,3,saama,,in,32-finaal,32-finaalis,1/32-finaalis oli Järve jagu saanud tuntud itaallasest Alfredo Rotast 15 : 12.,,,,no,"The phrase '32-finaalis' refers to a stage in a competition, which is not a specific place, so it is not classified as adverbial of place.",no,no,no,yes
1995164,3182027,15,tegema,,abl,kultuurilooline,kultuurilooliselt,""" Riigikeeleõpetaja peab olema nagu kohalik kultuurikandja , kes muu hulgas teeb ka ekskursioone kultuurilooliselt olulistesse paikadesse ja muud sellist , "" ütles Marika Lepikult .",,,,no,"The phrase 'kultuurilooliselt' describes a manner or relation to cultural history, not a place, so it is not classified as adverbial of place.",no,no,no,no
10348361,16604150,4,jõudma,,el,dinosaurus,dinosaurustest,"Ainsana on põlevkivisektori dinosaurustest seni erakätesse jõudnud AS Kiviter , aga see kogemus ei julgusta .",,alive,,no,"The phrase 'dinosaurustest' is classified as 'no' because it metaphorically refers to outdated industrial entities, not a physical location.",no,no,no,no
1888580,3008576,5,juhtima,,in,Sabre,Sabres,"Teisel kolmandikul juhtis juba Sabres 3 : 2 , Zednikult tuli siis viigivärav .",,,LOC,no,"The phrase 'Sabres' is not indicating a location, hence it is not adverbial of place.",no,no,no,no
19544269,29168701,6,müüma,,el,oinas,oinast,kiisuke789: kes see siin oinast müüs,,,,no,"The phrase 'oinast' refers to an object, not a place, and therefore it is not adverbial of place.",no,no,no,no
16796390,25848074,6,haarama,,el,teras,terasest,"Siis haarab ta seinalt damaskuse terasest peenemustrilise täägi , leiab jämeda metalltraadijupi , asetab selle alasile ja lööb vasaraga tera pihta .",,,,no,"The phrase 'terasest' refers to the material composition (steel) and not a physical location, so it is not an adverbial of place.",no,no,no,no
8944654,14377844,4,juhtuma,,el,artikkel,artiklitest,"Hoolimata üksikutest paanilistest artiklitest , ei juhtu Eestis aastavahetusel ilmselt midagi , mis oleks tingitud siinsete arvutite puudustest .",,,,no,"The phrase 'artiklitest' refers to articles and their content rather than a specific location, so it is not an adverbial of place.",no,no,no,no
7819503,12531499,4,tõmbama,,all,monopol,monopolile,"Eesti Televisiooni spordiülekannete monopolile tõmbas kriipsu peale kommertskanal TV3 , sõlmides kevadel lepingu mitme juhtiva spordialaliiduga .",,,,no,"The phrase 'monopolile' refers to a concept or ownership, not to a physical location, so it is not adverbial of place.",no,no,no,no
15214260,23756244,20,elama,,adit,ork,orki,Parimal juhul käivad mingid ettevalmistused küla rajamiseks peale sellele polnud ta ju mingi kuningas ja tema külas elas paarkümend orki .,,,,no,"The phrase 'orki' refers to a type of being, not a physical location, so it is not adverbial of place.",no,no,no,no
19489504,29142307,5,oskama,,in,matemaatika,matemaatikas,insomnia-tuupijatyd-eml: kas keegi matemaatikas systeemi oskab ??,,,,no,"The phrase 'matemaatikas' relates to the subject of mathematics, not a location, so it is not adverbial of place.",no,no,no,no
3937597,6341656,21,järgnema,,el,lähenemislaad,lähenemislaadist,"Pääoma , peaoma , omapäi , isepäi , päioma , iseoma ... "" Järgneb terve pikk heietus kantuna üllatavalt filoloogilisest lähenemislaadist .",,,,no,"The phrase 'lähenemislaadist' refers to a manner or approach rather than a physical place, so it is not adverbial of place.",no,no,no,no
8547204,13698962,13,valama,,all,arupärimine,arupärimisele,Viimase tilga juba pilgeni täis kannatustekarikasse valas meie siseministri vastus Meri kohta arupärimisele Riigikogu infotunnis tänavu 16. septembril .,,,,no,"The phrase 'arupärimisele' refers to an object of the action rather than a physical location, so it is not an adverbial of place.",no,no,no,yes
12929049,20682099,24,annetama,,all,edendamine,edendamisele,"Keskus Teadus Rahva Huvides esitas üleskutse Harry Potteri lugude autorile J. K. Rowlingule , et too keelduks edaspidi sidemetest Coca-Colaga ning annetaks oma autoritasu tervise edendamisele .",,,,no,"The phrase 'edendamisele' refers to an abstract concept (health promotion) rather than a physical location, so it is not an adverbial of place.",no,no,no,no
8800663,14125930,2,oskama,,in,mundriasjandus,mundriasjanduses,"Olemata mundriasjanduses kuigi kodus , ei osanud ta öelda , milles nende riietus Nõukogude Aremee ohvitseride omast erines , kui nööbid , õlakutärnid ja kokard välja arvata .",,,,no,"The phrase 'mundriasjanduses' refers to a field or subject (military apparel) and not a specific location, so it is not an adverbial of place.",no,no,no,no
15129,26166,8,ajama,,all,ise,endalegi,Kas “ Salmonite ” seriaalis mängimine ajas endalegi rikka elu isu peale ?,,,,no,"The phrase 'endalegi' refers to a person (oneself) and not a physical place, so it is not an adverbial of place.",no,no,no,no
1829617,2912565,12,määrama,,in,dollar,dollarites,Paljud Lasnamäe korterimüüjad määravad oma korteri hinna aga veel tänagi USA dollarites .,,,,no,"The phrase 'dollarites' refers to a unit of currency rather than a location, so it is not an adverbial of place.",no,no,no,no
10653409,17074823,18,kirjutama,,in,arhitektuur,arhitektuuris,"Küllap on selleks ka põhjust , sest Matteus on oma 1938. aastal ilmunud artiklis “ Stiiliprobleeme tänapäeva arhitektuuris ” kirjutanud :  Konstruktsioon ei taga üksi veel kunstipärast vormi ja funktsioon ei määra kaugeltki harmoonilist terviklikkust ehitise üksikosade vahel .",,,,no,"The phrase 'arhitektuuris' indicates a field or area of study, not a specific physical location; hence, it is not an adverbial of place.",no,no,no,no
4546581,7308114,1,jääma,,all,I,I-le,I-le jäi täpp panemata,,,ORG,no,"The phrase 'I-le' specifies a grammatical object rather than a location, so it is not an adverbial of place.",no,no,no,no
5361111,8599297,19,kujutama,,all,romaan,romaanile,"Järgmisel nädalal jõuab raamatulettidele tema romaan "" Progressiivsed hiired "" , mis kujutab mõttelist järge kaheksakümnendatel laineid löönud romaanile "" Hiired tuules "" .",,,,no,Because 'romaanile' refers to an object (the novel) rather than a physical place.,no,no,no,no
10757725,17232087,6,juhtuma,,el,soo,soost,"Kui ostja juhtub aga eesti soost olema , võib tema kulm koguni kipra tõmmata .",,,,no,"Because 'soost' refers to nationality or origin, not a location or place.",no,no,no,no
1097726,1745234,17,pärinema,,el,abi,abist,"Pole ka ime - päästevahenditesse pole riik enam aastaid investeerinud , olemasolevad pärinevad Soome või Rootsi abist .",,,,no,The phrase 'abist' is not classified as an adverbial of place because it relates to assistance rather than specifying a place.,no,no,no,no
4639167,7454771,12,vajama,,abl,arv,arvult,Eesti-Rootsi suitsidoloogia instituudi juhataja Airi Värniku sõnul vajab Eesti kui enesetappude arvult üks esimesi maailma riike suitsiidide ennetamise riiklikku programmi .,,,,no,"The phrase 'arvult' is not an adverbial of place because it refers to a numerical rank or quantity, not a location.",no,no,no,no
13507335,21603876,3,suurenema,,all,levik,levikule,Tänu ülemaailmsele levikule suurenevad need numbrid veelgi .,,,,no,"The phrase 'levikule' refers to a concept of spreading or dissemination rather than a physical location, therefore it is not an adverbial of place.",no,no,no,no
11269591,18060998,13,andma,üle,all,25.,25-le,Veel sellel nädalal annab Arno Tali sihtkapital koos Hoiupanga ja sotsiaalministeeriumiga üle 25-le Eesti suurperele rahalised toetused .,,,,no,"The phrase '25-le' refers to a quantity or a group of people being addressed, not a physical place, so it is not an adverbial of place.",no,no,no,no
595472,944026,6,selguma,,in,groteskes,groteskeses,"Kõik see selgub Raimo Kangro groteskeses ja nüü-disaegse helikeelega ooperis "" Süda "" , mis esietendub Estonia teatris 26. novembril , kui Pirjo Levandi proovis osaliselt kaotatud kuulmine taastub .",,,,no,"The phrase 'groteskeses' describes the style or characteristic of the opera, not a place, so it is not adverbial of place.",no,no,no,no
7427130,11925669,4,unistama,,el,hobi,hobist,“ Olen sellest hobist 38 aastat unistanud ja kaks aastat lennanud .,,,,no,"The phrase 'hobist' refers to a topic or subject rather than a location, so it is not adverbial of place.",no,no,no,no
15524399,24244928,8,viskama,,in,sarkastili,sarkastilis,"Kuidas krt teda solvab kui ma viskan sarkastilis kommentaare mingi tüübi kohta kes elas 2000 aastat tagasi , mis sest et see on tema jumal .",,,,no,"The phrase 'sarkastilis' describes the nature or quality of comments rather than indicating a place, so it is not adverbial of place.",no,no,no,no
9320850,14971977,11,mõjuma,,adit,unerohi,unerohtu,Fantasy-kirjandusega tuttavatele inimestele mõjub “ Conan ” nagu potike igavuse unerohtu .,,,,no,"The phrase 'unerohtu' refers to an object or substance rather than a location, so it is not adverbial of place.",no,no,no,no
2100091,3351709,10,muutuma,,adit,organism,organismi,"Olemas on ka valmistoidud vanematele koertele , mis arvestavad organismi muutunud vajadusi .",,,,no,The phrase 'organismi' was classified as 'no' because it refers to the organism itself and not a location or place.,no,no,no,no
10941266,17524184,14,laskma,,all,fantaasiarohkus,fantaasiarohkusele,"Veelgi enam imetlevat tunnustust peaks ta pälvima aga näitejuhi tööga , sest oma fantaasiarohkusele vaatamata ei lase Unt oma näitlejail enamasti rollilahendustes liigse ekspressiivsuseni minna .",,,,no,"The phrase 'fantaasiarohkusele' refers to an abstract quality (richness of imagination) rather than a physical place, so it is not classified as an adverbial of place.",no,no,no,no
1080109,1717113,11,kindlustama,,in,väärtus,väärtuses,Nitroferdi suurim võlausaldaja Eesti Energia kindlustas ligi 50 miljoni krooni väärtuses elektrienergia eest tasumata arveid keemiatööstuse varale vormistatud pantidega .,,,,no,'väärtuses' was classified as 'no' because it indicates measurement or value rather than location.,no,no,no,no
3336600,5366090,9,kalduma,,ad,selline,sellisel,""" Totaalset maalihet ma ei usu , aga sellisel kaldus pinnal on omadus kõige ootamatumal hetkel "" sisse sõita "" , "" ütleb Mets ja tuletab meelde aastatetagust Turaida maalihet , mil 40-50-meetrised mäelõigud varisesid kohinal alla autoteele .",,,,no,'sellisel' was classified as 'no' because it describes a quality or state of the surface rather than referring to a place.,no,no,no,no
9667411,15513794,5,haarama,,in,joove,joobes,"Intsident , kus tugevas joobes Toomas Sõgel ( 24 ) relva haaras , juhtus 8. oktoobri õhtul Tallinnas Kadaka puiesteel .",,state,,no,"The phrase 'joobes' refers to a state of being intoxicated, not a location, so it is not classified as an adverbial of place.",no,no,no,no
5552402,8902723,10,moodustama,,in,esi,ees-,Lisaks eestikeelsetele sõnadele moodustavad venekeelsed elanikud ka vene keele ees- ja järelliidete ning käändelõppude abil eesti sõnadest uusi vene sõnu .,,,,no,"The phrase 'ees-' is a prefix and does not indicate a location, so it is not classified as an adverbial of place.",no,no,no,no
14661201,23122711,4,toetama,,in,poolehoid,poolehoius,Toetan efraimi tema poolehoius treborile ja Harri Kingole .,,,,no,"The phrase 'poolehoius' refers to support or favor, which is not a location, so it is not classified as an adverbial of place.",no,no,no,no
15825616,24644191,11,kujundama,,el,kristlus,kristlusest,"See ei piirne sellega , põhiliselt olen ma oma arvamuse kristlusest kujundanud 'Piibli' , põhiliselt 'Vana Testamendi' põhjal .",,,,no,"The phrase 'kristlusest' was classified as not adverbial of place because it refers to a topic or subject, not a physical place.",no,no,no,no
16220184,25123854,10,murdma,,in,õnnetusjuhtum,õnnetusjuhtumis,"Ansambli kitarrist Keith Richards , kes murdis mai lõpul õnnetusjuhtumis roide ja sai kopsurebendi , on taas terve ja turnee "" Bridges of Babylon "" võib alata , teatas Rollingute Tallinna kontserdi pressiesindaja .",,event,,no,The phrase 'õnnetusjuhtumis' was classified as not adverbial of place because it describes the circumstance of the event rather than a specific location.,no,no,no,yes
2661347,4269604,13,lõpetama,,abl,seis,seisult,"; Kalev tegi Hotronicu vastu vahe sisse teisel veerandajal , mille ta seisult 34 : 32 lõpetas 12 : 1 spurdiga .",,,,no,"The phrase 'seisult' refers to a starting score and not a physical location, making it non-adverbial of place.",no,no,no,no
7654898,12275305,24,lõpma,,in,titatsemine,titatsemises,"Tõsiasi , et nad seejuures paratamatult jäljendavad mälestust omaenese kunagisest lapsepõlvest , pagendab nende pedagoogilised mõõdupuud aastakümnetetagusesse minevikku ja lõpeb sageli mammalikult haledas titatsemises , mis jääb üha kaugemaks laste maailma tegelikust arengust .",,,,no,"The phrase 'titatsemises' refers to a behavior or manner, not a location, so it is not adverbial of place.",no,no,no,no
11540577,18480749,4,liituma,,in,nõudmine,nõudmises,Venemaaga liitus selles nõudmises ka Hiina .,,,,no,"The phrase 'nõudmises' refers to a demand or stance, not a location, and therefore is not adverbial of place.",no,no,no,no
5366727,8607885,9,loovutama,,el,nimi,nimest,Erinevalt murdmaasuusatamisest on Skandinaaviamaad Põhja kahevõistluseks kutsutud ala nimest hoolimata aeg-ajalt positsioonid täielikult loovutanud .,,,,no,"The phrase 'nimest' refers to the word or title and not a physical location, so it is not adverbial of place.",no,no,no,no
147207,245484,13,töötama,,ad,baas,baasil,"Acropoli juhtivad töötajad kasvasid näiteks välja turvakeskusest , samuti töötavad analoogiliste koolituspõhimõtete baasil Feba ja Barracuda .",,,,no,"The phrase 'baasil' refers to a basis or foundation, not a physical location, so it is not an adverbial of place.",no,no,no,no
15508261,24219325,25,tahtma,,abl,kohapea,kohapealt,"piiratud inimene , mhmm , nojah selle kohapealt siis küll , aga tead mis leian et maailmas on väärtusi , nähtusi jms , mille kohapealt tahangi olla « piiratud » inimene .",,,,no,"The phrase 'kohapealt' refers to a specific aspect or topic, not a physical location, so it is not an adverbial of place.",no,no,no,no
8110266,13015100,18,keelduma,,in,see,selles,"Samas on ta ise üles kutsunud ideoloogilist vastast Tööparteid moodustama rahvusliku ühtsuse valitust , samas on viimne selles pidevalt jäigalt keeldunud .",,,,no,"The phrase 'selles' refers to something abstract or situational within the context, not a physical location, so it is not an adverbial of place.",no,no,no,no
9276569,14904707,19,tunnistama,,in,koerajurakas,koerajurakas,"Teise Golfi oli hõivanud paarike , kelle mingil moel perelist suhet tunnistas tagaistmel uhkes üksinduses laiutav setteri moodi koerajurakas .",,,,no,"The phrase 'koerajurakas' refers to a dog, which is a noun and not an expression of location, so it is not an adverbial of place.",no,no,no,no
4652214,7476330,12,maksma,,abl,miinimumsumma,miinimumsummalt,"Riik maksab inimese eest töötu abiraha saamise ajal sotsiaalmaksu riigieelarves kehtestatud miinimumsummalt , aga sellelt kogumispensioni makset ei tasuta .",,,,no,"The phrase 'miinimumsummalt' refers to a sum or amount rather than a location, so it is not an adverbial of place.",no,no,no,no
360894,559080,12,maksma,,abl,mis,millelt,"Autoärimees Asmer deklarareeris oma mulluseks teenistuseks üle 1,45 miljoni krooni , millelt maksis 165 000 krooni tulumaksu .",,,,no,"The phrase 'millelt' refers to a source or basis and not a location, so it is not an adverbial of place.",no,no,no,no
4931192,7917493,4,karistama,,in,kogusumma,kogusummas,Kohus karistas rikkujaid kogusummas 560.000 krooni ning erikonfiskeeris ebaseaduslikku alkoholi 379 pudelit ja salasigarette 874 pakki .,,,,no,It was classified as 'no' because 'kogusummas' refers to the total amount in terms of money and not to a specific location.,no,no,no,no
8150537,13082916,5,kõlama,,el,lähetamine,lähetamisest,"Selles kõlavad katkendid Joonase lähetamisest , intervjueeritakse Neeme Järvit , kes on lõpetanud Peterburi konservatooriumi , FSB esindajat - kes räägib pidustuste julgeolekust , kultuuriminister Urmas Paeti , Eesti Kontserdi direktorit Aivar Mäed , kohalikke eestlasi .",,,,no,"The phrase 'lähetamisest' is about an action or event and does not refer to a specific location, so it is not adverbial of place.",no,no,no,no
12544147,20077237,17,alistama,,in,McDonald,McDonald's,Järgmisel hooajal NBA-sse pääseda ihkava mängujuhi Gianmarco Pozzecco juhtimisel alistas Itaalia korvpalliklubi Varese Roosters Milanos alanud McDonald's Openi veerandfinaalis Liibanoni Sagesse 98 : 88 ja kohtus eile hilisõhtul maailma eelmise hooaja parima meeskonna San Antonio Spursiga .,,,PER,no,"The phrase 'McDonald's' refers to the name of the competition ('McDonald's Open') and not to a location, so it is not adverbial of place.",no,no,no,no
12477513,19973480,2,olema,vaja,el,seks,Seksist,""" Seksist pole vaja üldse rääkida .",,,,no,"The phrase 'Seksist' refers to the topic of discussion, not to a location, so it is not adverbial of place.",no,no,no,no
5650250,9061650,24,taotlema,,el,ülevõtmine,ülevõtmisest,"Tallinna linnakohus lükkas teisipäeval teist korda edasi istungi , kus konkurentsiamet taotleb kohtult Hansapanga trahvimist panga õigeaegselt teatamata jätmise pärast piimatöötleja Ühinenud Meiereid ülevõtmisest .",,,,no,"The phrase 'ülevõtmisest' refers to the action of acquiring a company and not to a location, so it is not adverbial of place.",no,no,no,no
13208140,21129790,5,jooma,,el,soolalahk,soolalahust,"Enne testi jõid naised soolalahust , mis oli 20 korda kangem kui tavaline spordijook , teises katses jõid nad testi eel naatriumilahust , mis oma koostiselt vastas tavalisele spordijoogile .",,,,no,"The phrase 'soolalahust' refers to a substance that was consumed, not a location, so it is not adverbial of place.",no,no,no,no
3433959,5528146,6,looma,lahku,el,mis,millest,"Lieni juhitav partei Guomindang , millest Soongi partei mõni aasta tagasi lahku lõi , kaotas hulgaliselt hääli Lõuna-Taiwanis , seal seisavad lähemal ajal ees aga Kaohsiungi linnapea valimised , kus Guomindangi esindaja on segatud pistiseskandaali .",,,,no,"The phrase 'millest' is not indicating a place but instead refers to something abstract or relational, thus it is classified as 'no'.",no,no,no,no
10065734,16145840,3,kuulutama,,in,lehv,lehvides,"Sinivalge lipu lehvides kuulutab Vaba Soome Liit , et on “ partei- ja rahavõimust sõltumatu ” .",,,,no,"The phrase 'lehvides' describes an action or state but does not specify a location, so it is classified as 'no'.",no,no,no,no
7891689,12635003,2,mõistma,,in,kooskõla,Kooskõlas,"56 Kooskõlas klassikalise süüteomõiste hilisemate arengutega mõistis ka nõukogude karistusõigus süüd kahes tähenduses : esmalt isiku psüühilise suhtumisena , kuid selle kõrval ka isiku arusaamisena toimepandud ühiskonnaohtliku teo sotsiaalsest tähendusest .",,,,no,"The phrase 'Kooskõlas' was classified as 'no' because it expresses conformity or compliance, not a location or place.",no,no,no,no
4795230,7701057,27,viima,,all,eelistamine,eelistamisele,"Täna peame tõdema , et seadusandja - parlamendi võimukoalitsioon - ei ole alati järginud seaduste objektiivsuse printsiipi , mis on viinud ühtede sotsiaalsete kihtide ja huvigruppide eelistamisele teiste ees .",,,,no,"The phrase 'eelistamisele' was classified as 'no' because it conveys preference or priority, not a location or place.",no,no,no,no
4953001,7952377,13,peituma,,el,tõe-pool,tõe-poolest,"Läinud nädala lõpul tunnistas president Eduard *evardnadze , et Gruusias peitub tõe-poolest tshetsheeni võitlejaid .",,,,no,"The phrase 'tõe-poolest' expresses a manner or affirmation and does not indicate a location, so it is not adverbial of place.",no,no,no,no
13217588,21146159,18,tutvustama,,el,loomine,loomisest,"Kanalil Eutube on praegu umbes poolsada filmi , mis tutvustavad Euroopa elu eri tahke alates satelliitnavigatsioonisüsteemi Galileo loomisest kuni euroametniku halli argipäevani .",,,,no,"The phrase 'loomisest' refers to an action or event rather than a location, so it is not adverbial of place.",no,no,no,yes
15710015,24514416,15,saama,,el,21,21st,"Kuigi Haapsalus kogus kõige rohkem hääli linnapea Teet Kallasvee , võitis valimised kaheksa volikogukohta 21st saanud Reformierakond .",,,,no,"The phrase '21st' refers to a number in a sequence (21st council seat) rather than a location, so it is not an adverbial of place.",no,no,no,no
5026505,8067576,5,jaksama,,in,kogus,koguses,"Kui keha enam piisavas koguses östrogeeni toota ei jaksa , peaks hormoonasendusravi olema sama iseenesestmõistetav kui kreemi kasutamine või vitamiiniturgutus .",,,,no,"The phrase 'koguses' refers to quantity (amount) rather than a location, so it is not an adverbial of place.",no,no,no,no
9835189,15781769,1,kerkima,,el,kõik,Kõikidest,Kõikidest kerkinud küsimustest jäi keskseks üks : kus siiski asub salaprotokolli Saksa-poolne originaal või mis sellest on saanud ?,,,,no,"The phrase 'Kõikidest' was classified as 'no' because it does not indicate a place or location, but rather a general category or source.",no,no,no,no
2679761,4298965,1,poseerima,,ad,kaks,Kahel,"Kahel poseerib ta naistega , kellest üks on ta kolleeg linnaosavalitsusest , teine aga maanteeametist , kirjutab SL Õhtuleht .",,,,no,The phrase 'Kahel' was classified as 'no' because it refers to two unspecified objects and does not indicate a specific place.,no,no,no,no
17245191,26477709,1,jääma,,adit,kaamerasilm,Kaamerasilma,"Kaamerasilma jäid muidugi eelkõige kollased , aga ka sellesse suvesse sobivad kabrioletid ning vallatud Läti täpilised .",,,,no,The phrase 'Kaamerasilma' was classified as 'no' because it denotes a conceptual perspective or a tool rather than a physical place.,no,no,no,no
7894484,12638692,6,naeratama,,in,enesenauding,enesenaudingus,""" Vaks kõrgemal naeratas tüünes enesenaudingus Peep Saaliste siidpehmete vurrudega ja väga napi siilisoenguga pea .",,,,no,"The phrase 'enesenaudingus' refers to 'self-enjoyment' and does not specify a location, hence it is not adverbial of place.",no,no,no,no
4804716,7715374,6,vastama,,abl,siseplaneering,siseplaneeringult,üldjuhul vastavad need majad oma siseplaneeringult ja tehnoloogilistelt lahendustelt kaasaegsetele standarditele .,,,,no,"The phrase 'siseplaneeringult' relates to 'internal planning' rather than specifying a location, so it is not an adverbial of place.",no,no,no,no
9169803,14739995,14,sõitma,ringi,ad,osavõtt,osavõtul,"Linnavalitsuse linnamajanduse osakonna korraldamisel ning aktsiaseltside Epler & Lorenz , SAB ja Sekto osavõtul sõidavad neil päevil Tartus ringi eriautod , mis võtavad tasuta vastu majapidamises tekkinud ohtlikke jäätmeid , vanapaberit ja suurjäätmeid .",,,,no,"The phrase 'osavõtul' was classified as 'no' because it indicates participation or involvement, not the location of an action.",no,no,no,yes
13998226,22284320,6,vägistama,,ad,hinnang,hinnangul,Nad vägistasid ka kõige tagasihoidlikumal hinnangul üle ühe miljoni saksa naise .,,,,no,"It was classified as 'no' because 'hinnangul' refers to an estimate or evaluation, not a place.",no,no,no,no
711228,1132498,4,sättima,,all,uni,unele,"Sätin end hotellitoas unele , naudin öömütsina "" Baltika õlut number 6 "" .",,state,,no,The phrase 'unele' refers to a state of dreaming and does not indicate a specific place.,no,no,no,no
3891631,6267779,13,kinnitama,,el,kardetu,kardetust,"Tegu on juba teise tänavu avaldatud uuringuga , mis kinnitab Gröönimaa jääkupli kardetust kiiremat sulamist .",,,,no,"The phrase 'kardetust' refers to feared melting, which does not denote a location.",no,no,no,no
4216226,6785180,9,lehvima,,ad,enamik,enamikul,"Tindikutel on osa valgeid varje veel avamata , enamikul aga lehvib juba tintmusta äärega kübarakangas .",,,,no,The phrase 'enamikul' refers to a majority or group and does not specify a place.,no,no,no,no
5358308,8595243,8,järgnema,,el,fakt,faktist,"Võibolla see polegi tähtis , sest pelgast faktist endast järgnevad veelgi positiivsemad loogilised järeldused , mis puudutavad Eestit kui üht esimest riiki , kus on riiklikul tasemel loodud nn mudelkodaniku konkreetse portree ; see omakorda võimaldab riigi ja ühiskonna märksa lihtsamat ja ökonoomsemat juhtimist-majandamist , kõigi huvide arvestamist .",,,,no,The phrase 'faktist' was classified as 'no' because it does not describe a location or direction related to place.,no,no,no,no
15355932,23984317,10,viima,,all,eelarvepoliitika,eelarvepoliitikale,"Oht on alati olemas , kuid tänu oma säästlikule eelarvepoliitikale oleme selle riski viinud miinimumini .",,,,no,The phrase 'eelarvepoliitikale' was classified as 'no' because it refers to a policy and not a physical location or spatial context.,no,no,no,no
12789037,20458157,5,kalduma,,all,tähtsustamine,tähtsustamisele,"Teiselt poolt kalduvad perifeeria tähtsustamisele ka uuemad filosoofilised vaated , tundes järjest enam huvi asjade vastu , mida seni on peetud kõrvalisteks või vähetähtsateks .",,,,no,The phrase 'tähtsustamisele' was classified as 'no' because it refers to the act of emphasizing importance rather than indicating a place.,no,no,no,no
8122425,13035397,26,ilmuma,,el,kooselu,kooselust,"Veerandtunnine "" Enn Johannes "" räägib tuntud eesti medalikunstnikust Enn Johannesest ning "" Hansuke ilmub vahest linnuna "" maalikunstnik Johannes Võerahansu ja pianist Erna Saare kooselust .",,state,,no,"The phrase 'kooselust' refers to a relationship and not a specific physical location, so it is not classified as an adverbial of place.",no,no,no,no
9108147,14644578,9,käima,üle,el,haldamine,haldamisest,"Edelaraudtee müüb avalikul enampakkumisel 12 jaamahoonet , mille haldamisest neil enam jõud üle ei käi ning mida ei soovi endale ka kohalikud omavalitsused .",,,,no,"The phrase 'haldamisest' refers to the act of management rather than a physical location, so it is not classified as an adverbial of place.",no,no,no,no
12218392,19560432,11,tõmbama,,all,kasutamine,kasutamisele,Soome suusakoondise uus treener Magnar Dalen tõmbas kindla kriipsu alpimaja kasutamisele .,,,,no,"The phrase 'kasutamisele' refers to the act of usage and not a location, so it is not classified as an adverbial of place.",no,no,no,no
9383858,15068971,35,tähistama,,adit,sheff,sheffi,"Koos Mari Sobolevi hiljutise noortenäitusega “ Kõike korraga palju & kohe ” saab Eesti noorest kunstist kokku pildi , mille iseloomustamiseks vanem põlvkond kasutab halvustavaid epiteete , kuid mis noorte slängis kummatigi just eriti sheffi elustiili tähistavad .",,,,no,"The phrase 'sheffi' is an adjective describing style or lifestyle, not a location, so it is not classified as an adverbial of place.",no,no,no,no
8458647,13556967,3,kuulutama,välja,all,põhiseadus,põhiseadusele,Vastavalt Eesti põhiseadusele kuulutab seadused teatavasti välja vabariigi president .,,,,no,"The phrase 'põhiseadusele' refers to the constitution and not a physical location, so it is not classified as an adverbial of place.",no,no,no,no
3916647,6308440,11,käima,ringi,ad,samm,sammul,"Saare ainuke põliselanik , kes jumalateenistusel viibis ja üsna vetruval sammul ringi käis , oli aga vähem ükskõikne .",,,,no,"The phrase 'sammul' refers to a manner of movement (stride or step), and not a specific location, so it is not an adverbial of place.",no,no,no,no
11121855,17816623,13,liituma,,in,roll,rollis,"Küsimus on selles , kas Eesti liitub sellega isetegija või teiste suuvoodri rollis .",,,,no,"The phrase 'rollis' describes a role or a function, not a physical location, so it is not an adverbial of place.",no,no,no,no
11023111,17655643,20,ilmnema,,in,mask,maskides,"Kavatsuslik tegevus , mis peaks mõistlikku olendit , ilmselt siis ka filmi tegelasi , iseloomustama , ilmneb ainult mustades maskides militaarsete meeste vägivaldses käitumises .",,,,no,"The phrase 'maskides' indicates the state or condition of wearing masks, not a specific place, so it is not adverbial of place.",no,no,no,no
17093677,26273577,5,astuma,üles,el,mängulust,mängulustist,Paljud ametlikud esinejad astuvad mängulustist ka Vabalaval üles .,,,,no,"The phrase 'mängulustist' indicates a reason or cause and does not specify a location, so it is not an adverbial of place.",no,no,no,no
407988,634919,12,töötama,,ad,aur,aurudel,"Tuntud on ka kulla , seatina , mangaani ja teiste metallide aurudel töötavad sama tüüpi laserid .",,,,no,"The phrase 'aurudel' indicates a medium or material, not a specific location, so it is not an adverbial of place.",no,no,no,no
12327582,19737311,13,määrama,,in,mask,maskis,Ent Tallinnas võttis Rahvusvahelise Vehklemisliidu vaatleja vastu kummalise otsuse : määras vanas maskis vehelnutele karistustorke . ”,,,,no,"The phrase 'maskis' refers to being in a mask, which is a state or condition rather than a location, so it is not an adverbial of place.",no,no,no,no
6276589,10083967,4,hukkuma,,ad,sissehingamine,sissehingamisel,Maagaasis sisalduva metaani sissehingamisel hukkuvad gaasilekke lähedal olevad kalad .,,,,no,"The phrase 'sissehingamisel' refers to the act of inhaling and does not indicate a specific location, so it is not classified as adverbial of place.",no,no,no,yes
12922949,20671638,2,paistma,,el,aspekt,aspektist,"Sellest aspektist paistab mulle « Taevane kuningriik » õnnestunud , sest need kaks sajandit , mida kutsutakse ristisõdade sajanditeks , oli ajajärk , kus domineeris mingi idee : seesama sõna , mis kostub filmis kümneid kordi Jeruusalemm ei ole ju ainult linn , vaid ideaal .",,,,no,"The phrase 'aspektist' refers to a perspective or aspect and does not denote a location, so it is not classified as adverbial of place.",no,no,no,no
2074796,3310661,4,jõudma,,abl,rampväsinu,rampväsinult,Aga koju jõudsin rampväsinult .,,,,no,"The phrase 'rampväsinult' describes the manner in which the action occurred, not the location, so it is not adverbial of place.",no,no,no,no
514050,809445,7,algama,,el,ahistamine,ahistamisest,Kultuuri ja rahvuse hävitamine algab keele ahistamisest .,,,,no,"The phrase 'ahistamisest' is not an adverbial of place because it indicates the act of harassment, which pertains to an action rather than a location.",no,no,no,no
12488053,19988773,7,hukkuma,,ad,mõlema,mõlemal,"Leinan oma lastekodukaaslasi , kes hukkusid mõlemal pool rindejoont .",,,,no,The phrase 'mõlemal' is not an adverbial of place because it signifies a comparison or distribution rather than a specific location.,no,no,no,no
4348721,6995436,19,langema,,all,elektron,elektronile,"Nende kahe suuruse vahe ongi see energia , mis triitiumi beetalagunemisel jaguneb elektroni ja neutriino vahel ja millest elektronile langevat osa maha võttes jääb järele neutriino seisumassile vastav energia .",,,,no,The phrase 'elektronile' is not an adverbial of place because it denotes the recipient of the energy rather than referring to a location.,no,no,no,no
2402139,3850526,12,nägema,välja,in,enamik,enamikus,"Nõukogude-aegseid kolhoosiehituste varemeid ei vaata keegi sellise pilguga , need näevad enamikus kaunis jubedad välja . """,,,,no,The phrase 'enamikus' is not an adverbial of place because it refers to the majority rather than a spatial location.,no,no,no,no
3088547,4958249,19,taganema,,el,väljaöeldu,väljaöeldust,"GREEN BAY , 10. veebruar ( Reuters-EPLO ) - Demokraatide presidendikandidaadiks pürgiv Howard Dean taganes esmaspäeval eelmisel nädalal väljaöeldust ning sõnas , et kui ta ka kaotab Wisconsini eelhääletuse , jääb ta võitlema edasi .",,,,no,The phrase 'väljaöeldust' is not an adverbial of place because it refers to a statement or something said rather than a place.,no,no,no,no
2893165,4638720,3,taganema,,in,see,selles,Linn taganes selles eelarve tasakaalu viimise plaanist 2004. aastaks .,,,,no,"The phrase 'selles' was classified as 'no' because it refers to a state, situation, or concept (in this case, a plan), rather than a specific place.",no,no,no,no
15297642,23881534,9,istuma,,ad,komne,komnel,"Siis seletas ettekuulutaja , et ristiusus Jumal nägemata komnel hobuse seljas istuvat ja hobuse jalga juhtivat ; sellepärast tulevat hobuse selg esmalt puhtaks pühkida ja hobust uuesti üle saatusliku oda viia .",,,,no,The phrase 'komnel' was classified as 'no' because it does not indicate a location or place; it is part of a descriptive phrase about a concept or belief rather than specifying a physical location.,no,no,no,no
18860818,28483619,9,taganema,,el,tonn,tonnist,Välisministeerium ei ole euroliidult piimakvooti taotledes taganenud 900 000 tonnist,,,,no,The phrase 'tonnist' is not an adverbial of place because it refers to a measurement and not to a location.,no,no,no,no
302796,474954,13,levima,,ad,vahendus,vahendusel,"Keskaegsetes Euroopa ülimalt antisanitaarsetes linnades levisid 12. saj. kohale rännanud mustade rottide vahendusel katk , rõuged ja koolera .",,,,no,The phrase 'vahendusel' is not an adverbial of place because it indicates a means or medium and not a location.,no,no,no,no
13986351,22264767,23,tunduma,,in,kord,korras,"Algul hirmutas veidi , et koht on Nõukogude Liidu külje all , aga Interneti abil tegin kohaga lähemalt tutvust ja kõik tundus korras .",,,,no,The phrase 'korras' is not an adverbial of place because it describes a state or condition and not a location.,no,no,no,no
3151017,5059786,13,seisma,,el,kiri,kirjast,"50 Centi ja G-Uniti kontserdi piletid jõuavad müügile 20. juunil , seisab kirjast Tallinna lauluväljaku kodulehel .",,,,no,The phrase 'kirjast' is not an adverbial of place because it indicates origin or source of information and not a location.,no,no,no,no
7635478,12247077,8,kutsuma,,in,sünnitusvalu,sünnitusvaludes,"Eks kutsunud ju Lennart Meri ise Muti sünnitusvaludes Vabariigi välisministeeriumisse oma paremaks käeks , sest tema on ilma ja inimesi näinud mees , kes mõistab eurooplastega rääkida .",,state,,no,"The phrase 'sünnitusvaludes' refers to a state or condition and not a location, so it was classified as 'no' for adverbial of place.",no,no,no,no
15621769,24376005,7,kehtima,,ad,mõõtmine,mõõtmisel,"Kui sama lähenemine kehtib ka detsibellide mõõtmisel , siis jääb loota vaid ülevaataja mõistlikusele .",,,,no,"The phrase 'mõõtmisel' refers to an action or process, not a location; hence, it is not classified as an adverbial of place.",no,no,no,yes
6174815,9913708,28,algatama,,all,traktorivargus,traktorivargusele,"Kui viimati 1998. aastal Miila külas oma maavaldusi üle vaatamas käinud õpetajanna väitis , et ei tea pikemat aega tema maal käinud raiest midagi , algatas politsei traktorivargusele lisaks kriminaalmenetluse metsavarguse asjus .",,,,no,"The phrase 'traktorivargusele' refers to the subject of a legal action, not a specific physical place, and is therefore not an adverbial of place.",no,no,no,no
13587846,21726872,1,kaotama,,in,Teise,Teises,Teises kaotas Kanepi viimase pallingugeimi ja seti 4 : 6.,,,,no,The phrase 'Teises' refers to the ordinal number for a sequence (second) and does not indicate a place.,no,no,no,no
1719099,2736595,3,plaanima,,in,huvi,huvides,""" Unerahu huvides plaanib ta rahulikumasse piirkonda kolida .",,,,no,The phrase 'huvides' means 'in the interest of' and does not describe a location or place.,no,no,no,no
9874667,15844150,6,minema,vaja,in,kõik,kõigis,Neljas esimeses kohtumises läks tudengitel kõigis vaja viit geimi .,,,,no,"The phrase 'kõigis' does not indicate a specific location but rather refers to all instances or cases, so it is not classified as adverbial of place.",no,no,no,no
2929066,4695698,6,hukkuma,,ad,tegemine,tegemisel,"Tuntud loodusuurija hukkus veealuse dokumentaalfilmi tegemisel , kui teda ründas astelrai .",,,,no,"The phrase 'tegemisel' refers to the act of performing or doing something rather than a physical place, so it is not adverbial of place.",no,no,no,yes
6868790,11047447,12,vähenema,,all,"57,4%","57 , 4%-le","Ostujõupariteediga korrigeerimata täieliku mudeli taandamisel vähenes sissetulekute ebavõrdsuse dispersiooni kirjeldatus 59 , 1%-lt 57 , 4%-le , ostujõupariteediga korrigeeritud täiendatud mudeli taandamisel 57 , 3%-lt 53 , 2%-le .",,,,no,"The phrase '57 , 4%-le' refers to a numerical value and not a physical location, so it is not adverbial of place.",no,no,no,no
9647779,15482524,19,oskama,,in,maaletoomine,maaletoomises,Vaimsete väärtuste nimel kõneleja seisab tänapäeva maailmas vähemuse eest niikuinii ja sellest peaks piisama - vähemalt institutsionaliseerunud naissepitsuse maaletoomises ei oska Elo Veed kuidagi kahtlustada .,,,,no,"The phrase 'maaletoomises' is not classified as an adverbial of place because it refers to an action or concept ('introduction'), not a physical location.",no,no,no,yes
11089747,17763934,12,püüdma,,el,ebasoovitavuks,ebasoovitavustest,"Kes on asjaga vähegi kursis , need teavad , et suurtest ebasoovitavustest , mida autorid neid ilmselt alahinnates , aga siiski tabavalt õudusteks nimetavad , püüab kaitsta rahvaid nii nüüdisaegne majandusteadus kui ka Euroopa Liit .",,,,no,"The phrase 'ebasoovitavustest' is not indicating a place but rather refers to a subject or topic, making it not an adverbial of place.",no,no,no,no
7884428,12625976,4,ilmuma,,all,kasutus,kasutusele,Kaetud paber ilmub kasutusele 1930. aastate keskpaigast .,,,,no,"The phrase 'kasutusele' does not specify or describe a place, but rather an action or state, so it is not an adverbial of place.",no,no,no,yes
15619709,24373500,7,jääma,,abl,mahtuvus,mahtuvuselt,"Peaasi , et mõõtmetelt sobib ja mahtuvuselt väikseks ei jää .",,,,no,"The phrase 'mahtuvuselt' does not refer to a location, but rather to a property or characteristic, so it is not an adverbial of place.",no,no,no,no
3985588,6415362,26,elama,,adit,ajajärk,ajajärku,"Kogu see piirkond , mis haarab endisi Nõukogude Liidu Kesk-Aasia vabariike ja Kaukasust , pluss veel Afganistani ja Iraani , elab praegu üle suurt muutuste ajajärku .",,time,,no,The phrase 'ajajärku' (era/period) was classified as 'no' because it refers to a period of time rather than a specific location.,no,no,no,no
7845837,12571857,9,põhjendama,,all,kaitsetoll,kaitsetollidele,"Nii lihaliit kui ka leivaliit põhjendavad oma vastuseisu kaitsetollidele muidugi tarbijate huvide kaitsega , kuigi tegelikult on neil seal oma huvid samuti mängus .",,,,no,"The phrase 'kaitsetollidele' (protective tariffs) was classified as 'no' because it refers to an object or concept, not a place or location.",no,no,no,no
8863620,14240767,19,osutuma,,in,laast,laastus,"1996. aasta valimiskampaania abil Jeltsini perekonnaga , ennekõike isa nõunikust tütre Tatjanaga lähedaseks saanud seltskonnast osutus Berezovski laias laastus kõige püsivamaks , tema mõjukus ületas näiteks Anatoli Tshubaisi oma , kelle president aasta eest märtsis vallandas .",,,,no,"The phrase 'laastus' (broadly speaking) was classified as 'no' because it is an adverb describing the extent of a statement, not a location.",no,no,no,no
4615900,7418612,16,moodustama,,all,raskus,raskustele,"Kosmoses peetavad lahingud kustutavad ühelt poolt äksifännide janu , aga teisalt moodustavad taustsüsteemi universaalinimeseks olemise raskustele .",,,,no,"The phrase 'raskustele' (difficulties) was classified as 'no' because it refers to a state or condition, not a place.",no,no,no,no
7276514,11696425,1,jõudma,,all,11müük,11Müügile,11Müügile jõuab uus eestikeelne Potteri sarja raamat ( 7 ) 16 : 3615.,,,,no,"The phrase '11Müügile' was classified as not adverbial of place because it does not specify or describe a location, direction, or spatial relationship in the sentence.",no,no,no,no
2404100,3853855,4,keerlema,,ad,teema,teemal,"Näidendi põhiküsimus keerleb teemal , kas on võimalik armuda , inimesesse , keda pole kunagi näinud .",,,,no,The phrase 'teemal' was classified as not adverbial of place because it refers to a subject or topic of discussion rather than a location or spatial context.,no,no,no,no
2971808,4767037,18,kehtima,,ad,loomapidamine,loomapidamisel,"Inglismaa , Iirimaa , Rootsi ja Norra on nn A-grupi riigid , kus kehtivad eriti karmid nõuded loomapidamisel ja sinna väljastpoolt loomi sisse viia ei saa , ütles loomakaitsebüroo juhataja Tarmo Serva .",,,,no,The phrase 'loomapidamisel' was classified as not adverbial of place because it refers to the practice of animal husbandry and not a specific or general location.,no,no,no,no
2872333,4605625,1,jääma,,abl,paremusjärjestus,Paremusjärjestuselt,Paremusjärjestuselt teisele kohale jäi Baltic Tours ning kolmandale kohale GoTravel .,,,,no,"It was classified as 'no' because 'Paremusjärjestuselt' refers to an order or ranking, not a place.",no,no,no,no
18712548,28289176,1,hakkama,,abl,liig,Liialt,Liialt hakkab domineerima hallitusjuustu maitse kui palju panna .,,,,no,"It was classified as 'no' because 'Liialt' refers to an excessive extent, not a place.",no,no,no,no
10126606,16246530,9,langema,,in,kahurimürin,kahurimürinas,Kuid ka suured vägivallaimpeeriumid ise on langenud kas kahurimürinas või vaikselt hääbudes .,,,,no,"It was classified as 'no' because 'kahurimürinas' refers to a manner or condition (in cannon noise), not a place.",no,no,no,yes
1918946,3057519,4,võitlema,,in,neli,neljas,"Surmagrupi nimele võitlevad neljas ja viies - Venemaa , Ukraina või Prantsusmaa ja Rootsi , Bulgaaria või Inglismaa peavad finaalturniirilt eemale jääma .",,,,no,"The word 'neljas' refers to an ordinal number and does not indicate location, so it is not an adverbial of place.",no,no,no,no
7276997,11696935,7,vähenema,,all,söödaratsioon,söödaratsioonile,Kõnealuses katses vähenes karbamiidi lisamise korral söödaratsioonile piima rasvasisaldus .,,,,no,"The phrase 'söödaratsioonile' indicates an action being applied to 'feed ration' rather than a location, so it is not an adverbial of place.",no,no,no,no
12021240,19240633,11,ütlema,,all,67.47,67.47-le,"« Eks ma natuke pettunud ole ikka , » ütles 67.47-le ehk Aleknast vaid 34 cm kaugusele jäänud Kanter , kes juhib Eesti rekordiga 70.10 maailma hooaja edetabelit .",,,,no,"The phrase '67.47-le' indicates a measurement or figure reached rather than a physical location, so it is not an adverbial of place.",no,no,no,no
5102740,8189772,19,jääma,,el,5%,5%-st,"Kui maailma majanduskonjunktuur palju halveneb , võib inflatsioon päris järsult aeglustuda ; kui tagasihoidlikult , siis jääb aastainflatsioon 5%-st kõrgemaks .",,,,no,The phrase '5%-st' was classified as 'no' because it refers to a percentage figure and not a specific location or spatial context.,no,no,no,no
6227649,10002507,3,astuma,,el,reformist,reformistidest,"Umbusaldusavaldused said reformistidest värskelt ametisse astunud Hanno Pevkur , Peep Aaviksoo ja rahvaliitlane Vladimir Maslov .",,alive,,no,"The phrase 'reformistidest' is not classified as an adverbial of place because it indicates origin or membership, not a specific location.",no,no,no,no
4390303,7061664,17,hõlmama,,el,müügimaht,müügimahust,"Praegu valmistab Norma umbes 2,5 miljonit auto ohutusrihma aastas ; ohutusrihmad hõlmavad 94 protsenti firma kogu müügimahust .",,,,no,"The phrase 'müügimahust' is not classified as an adverbial of place because it refers to part of a total volume or proportion, not a location.",no,no,no,no
21219430,29980325,5,lõpetama,,all,djcru,dj_crule,kriska|eemal: dj_crule lõpeta see juba,,,,no,"The phrase 'dj_crule' refers to a person or username and does not indicate a location, so it is not adverbial of place.",no,no,no,no
4184933,6735391,8,saatma,,in,abielu,abielus,"Oma Aafrika kohvifarmist saatis Karen Dinesen , abielus paruness Blixen , Taani sugulastele kirju taani keeles .",,state,,no,"The phrase 'abielus' describes a state or condition, not a location.",no,no,no,no
3480642,5604823,7,lisanduma,,adit,kõneaeg,kõneaega,"Kui kõneaega laetakse Simpelile , lisandub kõneaega 100 krooni .",,,,no,The phrase 'kõneaega' references an abstract concept (talk time) and not a physical place.,no,no,no,no
11804529,18892449,6,näima,,in,karate,karates,"Midagi nii fantastilist polnud ma karates enne näinud , ” meenutab Toome .",,,,no,"The phrase 'karates' refers to an activity or discipline and not a specific location, so it is not classified as an adverbial of place.",no,no,no,no
4604240,7399627,1,lisanduma,,all,hankeleping,Hankelepingule,Hankelepingule lisandub ka süsteemi nelja-aastane hooldus ja garantiid .,,,,no,"The phrase 'Hankelepingule' refers to a contract and not a place, so it is not classified as an adverbial of place.",no,no,no,no
7729701,12392976,24,ajama,,el,faktor,faktorist,"Prognooside koostamise aluseks on informatsioon põhjavee seisundi looduslikest muutustest , mis sõltuvad geoloogilisest ehitusest , asendist reljeefis ja meteoroloogilistest tingimustest kui ajas muutuvast faktorist .",,,,no,"The phrase 'faktorist' refers to a factor and not a specific location, so it is not classified as an adverbial of place.",no,no,no,no
2284136,3656934,11,märkima,,el,tõik,tõigast,""" Minu arvates märgib šiiidigrupi osalemine sellel kohtumisel iraanlaste arusaamist tõigast , et grupi eemalhoidmine USAga peetavailt kõnelustelt annaks vaid ebasoovitavaid tulemusi .",,,,no,"The phrase 'tõigast' refers to a fact or understanding and does not specify a physical location, so it is not an adverbial of place.",no,no,no,no
15439994,24116586,21,oskama,,in,igatäht,igatähes,"Liive käis minu jutukas ... ma üle poole tunni seletasin ja ta ei saand midagi aru ( vist ) , igatähes ma enam midagi öelda ei oska .",,,,no,The phrase 'igatähes' is not adverbial of place as it indicates conclusion or emphasis rather than location.,no,no,no,no
10992127,17605408,5,kasvama,,all,eeltöö,eeltööle,"Just tänu mitmeaastasele heale eeltööle kasvab 2003. aastal pension üsna tuntavalt sõltumata sellest , kes valimised võidab .",,,,no,'eeltööle' was classified as 'no' because it does not indicate a location or place; it refers to something causal or instrumental.,no,no,no,no
42283,73197,1,saabuma,,in,koostöö,Koostöös,Koostöös Tallinna Külmhoonega saabub sel nädalal kaupluste jahedatele lettidele müügile Kroonika jäätis .,,,,no,'Koostöös' was classified as 'no' because it describes a manner or means of action rather than a location.,no,no,no,no
16744129,25764356,1,olema,vaja,el,Seepara,Seeparast,"Seeparast ongi vaja ketsereid kes kusiks : miks ( vahel piisab ka vaiksest lapsest , nemad on kah head tervemoistuslikud kusijad Mitte et eesti keel juba oleks motte kaotanud aga see keelteks ja rahvusteks jaotamine ehk tasapisi kaotab kull .",,,,no,'Seeparast' was classified as 'no' because it functions as a causal adverb and does not denote a location.,no,no,no,no
12560303,20100759,19,astuma,,el,argirutt,argirutust,"Selles on ühendatud kolm oratooriumi , ja kaunis muusika peaks aja otsekui seiskama - et inimene , kes argirutust kontserdisaali astub , võiks rahulikult maailma asjade üle järele mõelda . """,,,,no,"The phrase 'argirutust' refers to a state or condition and not a physical location, so it is not an adverbial of place.",no,no,no,no
16963666,26074541,18,oskama,,in,otsustusvõimetus,otsustusvõimetuses,"Närviline õhkkond küll : hõlmad eest lahti tõmmatud , põsed lõõmendamas , silmad vilavad peas ringi , otsustusvõimetuses ei oska mõni alguses otsustada , kuhu esmalt pöörata .",,,,no,"The phrase 'otsustusvõimetuses' refers to a state of mind, not a physical location, so it is not an adverbial of place.",no,no,no,no
16765737,25802519,11,annetama,,all,iga,igale,"Jumal armastab teid võrdselt , kuid oma armu annetab ta igale vastavalt tema vajadustele - ebavõrdselt .",,,,no,"The phrase 'igale' refers to individuals in a general or distributive sense, not a location, so it is not an adverbial of place.",no,no,no,no
16832037,25902863,55,säilima,,ad,põhimõte,põhimõtetel,"Küll aga on just eilses otsuses kirjas veel punktid , mis räägivad näiteks sellest , et kui omavalitsused ühinevad , kuidas tagada siis pearaha säilimine ühinenud omavalitsuses , et seal ei toimuks kohest tagasiminekut , kuidas leida lahendus sellele küsimusele , et tulubaas , mis omavalitsustel täna on , ühinemise järel säiliks kindlasti samadel põhimõtetel .",,,,no,"'põhimõtetel' was classified as 'no' because it refers to principles or foundations, not a physical location or place.",no,no,no,no
15451643,24132457,1,olema,vaja,el,Koosk6lastud,Koosk6lastust,"Koosk6lastust on vaja mingist viiest eri kohast + lisaks koorib toll veel mingid erimaksud ja k2ibemaks pani veel mingi 2000 eeq otsa , mis iseenesest oleks ok , kui selle maksmiseks ei peaks kulutama pool p2eva tolliprotsduure t2ites .. byrokraatia on jube .",,,,no,"'Koosk6lastust' was classified as 'no' because it refers to a process or agreement, not a physical location or place.",no,no,no,no
10490457,16821189,9,lubama,,in,aastaarvestus,aastaarvestuses,EKI ekspertide prognoos järgnevaks poolaastaks lubab inflatsiooni aeglustumist aastaarvestuses 14 protsendini .,,,,no,The phrase 'aastaarvestuses' is not an adverbial of place because it refers to a time-related context rather than a location.,no,no,no,no
1590868,2531199,5,nägema,,all,kogemus,kogemusele,Vaatamata juba mitmete suurnäituste kogemusele pole nii läbimõeldud kuraatoriprojekti tükk aega näinud .,,,,no,The phrase 'kogemusele' is not an adverbial of place because it pertains to experience rather than indicating a location or spatial reference.,no,no,no,no
12563650,20106128,17,jääma,ära,el,lõpplahendus,lõpplahendusest,"Estonian Airi asepresidendi Toomas Leisi sõnul sõltub see , kui kauaks lennud ära jäävad , streigi lõpplahendusest .",,,,no,"The phrase 'lõpplahendusest' refers to the source or cause of the situation rather than indicating a physical location, so it is not an adverbial of place.",no,no,no,no
4737066,7609458,13,kujutama,,all,nägemine,nägemisele,"Tallinna silmakliiniku lasteosakonna silmaarsti Anneli Talli sõnul ei kujuta televiisori vaatamine lapse nägemisele mingit ohtu , kui seda tehakse ajaliselt mõistlikult .",,,,no,"The phrase 'nägemisele' relates to the object affected (sight) rather than expressing a location, so it is not an adverbial of place.",no,no,no,no
3653385,5883720,2,kõlama,,el,kõne,kõnedest,"Neist kõnedest kõlas lootus ja taas tärganud usk , et traditsiooniline ning paljudele meelepärane maaelu võiks edenema hakata .",,,,no,"The phrase 'kõnedest' indicates the source of the hope and faith rather than specifying a location, so it is not an adverbial of place.",no,no,no,no
15387226,24035489,28,väitma,,in,eksiöpetus,eksiöpetustes,"Evangeeliumid näivad neile köige lahjemana , kuna ei sisalda nii palju käske ja surmaähvardusi , kui tarvis oleks Segadus ongi , et "" kristlased "" väidavad oma eksiöpetustes , et Piibel on terviklik käsu ja kohturaamat , millega saaks rahuldada oma perversseid religioosseid vajadusi !",,,,no,"The phrase 'eksiöpetustes' does not specify a location but rather describes erroneous teachings, hence it is not an adverbial of place.",no,no,no,no
3605085,5805484,3,juhtuma,,ad,järg,järjel,""" Heal järjel liikluskorraldusega maades juhtub jalakäijatega vaid 2-10 protsenti liiklusõnnetustest , Eestis ületab see aga 30 protsenti , "" ütles Vane .",,,,no,"The phrase 'järjel' indicates a state or condition, not a location, so it is not classified as an adverbial of place.",no,no,no,no
17087201,26263520,14,tõmbama,,el,kilo,kilost,"Kõige enam aga ahvatlesid maasikad , samas tõmbas hind 45 ja 50 kr kilost nii mõnelgi ostuhimu tagasi .",,,,no,"The phrase 'kilost' pertains to a unit of measurement (kilogram) rather than a physical location, so it is not an adverbial of place.",no,no,no,no
14322914,22738003,2,lõpma,,in,kogus,koguses,Piiramatus koguses piletiost lõpeb,,,,no,"The phrase 'koguses' pertains to quantity, not location, so it is not an adverbial of place.",no,no,no,no
2497781,4004913,8,käima,,abl,samm,sammult,""" Eks tema nõusserääkimine käis nii samm sammult , alguses oli jutt ainult demo sisselaulmisest , aga see kukkus üle ootuste sünge välja .",,,,no,"The phrase 'sammult' implies a manner of progression, not a location, so it is not an adverbial of place.",no,no,no,no
7398942,11875839,14,toimuma,,el,inerts,inertsist,"On ju küllalt festivale , triennaale , biennaale ja suursündmusi , mis toimuvad inertsist , sest nad on alati toimunud .",,,,no,"'Inertsist' is not classified as an adverbial of place because it describes a cause or reason, not a location.",no,no,no,no
7089474,11399347,3,tellima,,abl,orkester,orkestrilt,"Noormehed tellisid orkestrilt lisapalaks Võssotski laulu "" Denj pobedõ "" ning tasusid selle eest dollaritega , mida nad ise hellitlevalt "" rohelisteks "" kutsusid .",,,,no,"The phrase 'orkestrilt' refers to the source from which the song was ordered, not a place, so it is not adverbial of place.",no,no,no,no
9191713,14773306,30,pääsema,,in,asi,asjades,"Tõesti , mitte kellelgi poleks sarnase ilma uuenduse vastu mitte midagi - kui aga teed paremad oleksivad , kuid need on päris hukas , nõnda et maa inimesed hädatarvilikkudesgi asjades linna ei pääse .",,,,no,"The phrase 'asjades' refers to matters or things, not a physical location, so it is not adverbial of place.",no,no,no,no
13024337,20838449,14,olema,alles,el,mahtuvus,mahtuvusest,"« Omast kogemusest ütlen : sügisel akut kontrollides näitas tester , et selle mahtuvusest on tubli pool veel alles .",,,,no,"The phrase 'mahtuvusest' refers to capacity, which is not a place or a location, so it is not adverbial of place.",no,no,no,no
3359851,5405105,9,kiitma,,in,suu,suuski,Sama sõidu 2000. aastal võitnud Olle kiitis nii suuski kui ka võitjaks tulnud vanemat Auklandi .,,,,no,"The phrase 'suuski' refers to skis, which are objects and not a location, so it is not adverbial of place.",no,no,no,no
3340475,5372595,14,tantsima,,in,kört,körtides,"Enamik turiste arvab , et nad satuvad Kihnu sõites hoobilt vabaõhumuuseumi , kus körtides naised rahvatantse tantsivad .",,,,no,"The phrase 'körtides' refers to wearing skirts (clothing), not a physical location, so it is not adverbial of place.",no,no,no,no
11056821,17708553,2,puhkema,,el,äriv,ärivaist,"Venelaslik ärivaist puhkeb õitsele : “ Kui teil on vaja inglise keelt õppida , tulge meile ! ”",,,,no,"The phrase 'ärivaist' refers to business instinct and does not indicate a specific location, thus it is not an adverbial of place.",no,no,no,no
13294020,21268154,11,liituma,,in,kaotusseis,kaotusseisus,""" Alustasin jälle keskvälja paremal äärel , 1 : 2 kaotusseisus liitusin kolmandana rünnakule .",,state,,no,"The phrase 'kaotusseisus' describes a state of being behind in score and not a location, so it is not an adverbial of place.",no,no,no,no
525228,827816,8,hüppama,,el,kohtlemine,kohtlemisest,Itaalia ajakirjanduse andmetel hüppas 25-aastane burundilane ebainimlikust kohtlemisest pääsemiseks üle laeva parda ja sai surma .,,,,no,"The phrase 'kohtlemisest' refers to treatment and not a physical location, hence it is not an adverbial of place.",no,no,no,no
8731656,14015606,10,edastama,,all,allkate,allkatele,"Siis edastas Vene riiklik infoagentuur ITAR-TASS uudise viitega hästiinformeeritud allkatele FSBs , et Eesti tarnefirmade kaudu ostetakse relvi Iiri Vabariikliku Armee ( IRA ) võitlejatele .",,,,no,"The phrase 'allkatele' refers to well-informed sources and not to a location, thus it is not an adverbial of place.",no,no,no,no
1233326,1960579,12,mõistma,,in,haldusõigusrikkumine,haldusõigusrikkumises,Tallinna halduskohus mõistis 13. juulil ASi TV3 lesbistseenide näitamise eest süüdi haldusõigusrikkumises ja määras karistuseks 10.000 krooni trahvi .,,,,no,The phrase 'haldusõigusrikkumises' was classified as 'no' because it refers to being guilty of a legal violation and does not indicate a location.,no,no,no,yes
755206,1203601,2,kannatama,,in,kärpimine,kärpimises,Eelarve kärpimises kannatavad kõige vähem haridus ja kultuur,,,,no,"The phrase 'kärpimises' describes an action rather than a location or place, so it is not classified as adverbial of place.",no,no,no,yes
15367595,24002101,15,olema,kinni,in,laiskus,laiskuses,"Hardi möönab , et eks see , miks seni naist polnud , ole kah laiskuses kinni .",,,,no,"The phrase 'laiskuses' refers to a state or condition (laziness), not an actual location, so it is not classified as adverbial of place.",no,no,no,no
7199571,11579848,10,langema,,adit,kuusk,kuuske,"Röövraiujate saagiks langes Haanja looduspargis ligi 3100 tihumeetrit peamiselt kuuske , aga ka mändi ja kaske .",,,,no,"The phrase 'kuuske' refers to a type of tree and does not indicate a location, so it is not an adverbial of place.",no,no,no,no
4544880,7305268,8,hiilgama,,in,meeter,meetris,päeva hiljem hiilgas ta lõpuspurdiga ka 5000 meetris .,,,,no,"The phrase 'meetris' refers to a measure or event but does not specify a location, so it is not classified as an adverbial of place.",no,no,no,no
4445442,7148741,13,otsima,,all,eelarvekulu,eelarvekuludele,"Pigem on ka aktsiisitõus tingitud sellest , et valitsus otsib paaniliselt oma eelarvekuludele katteid .",,,,no,"The phrase 'eelarvekuludele' refers to an abstract concept, not a place, so it is not classified as an adverbial of place.",no,no,no,no
14890497,23401493,11,näima,,in,lõige,lõikes,praegusel hetkel näib et erinevused on juba yhe margi mudelite lõikes - vähemalt optical stedy-shot ja siis see « tavaline digi » stedy ...,,,,no,The phrase 'lõikes' was not classified as an adverbial of place because it refers to a comparison or distinction within a category rather than a spatial location.,no,no,no,no
831742,1326565,2,lisanduma,,all,auaste,auastmetele,"Ohvitseride auastmetele lisandub maa- ja lennuväes brigaadikindrali ning mereväes kommodoori auaste , mis on tasemelt võrdsed .",,,,no,The phrase 'auastmetele' was not classified as an adverbial of place because it refers to ranks or levels rather than a physical or spatial location.,no,no,no,no
20583515,29668231,8,otsima,,in,loll,lollis,+merilin: ma siin otsin end lollis,,,,no,"The phrase 'lollis' was not classified as an adverbial of place because it does not specify a physical or spatial location, but rather is part of an informal expression.",no,no,no,no
10907164,17467385,33,saatma,,in,eksemplar,eksemplaris,"Korteriühistu Jaama 197 nagu mitmed teisedki endised ME Tartu Soojuse kliendid said novembri alguses Tartu keskkatlamaja müügiosakonna juhataja Riho Sirge lähetatud kirja , milles öeldakse : “ Saadame teile soojusenergia ostu-müügilepingu 2 eksemplaris .",,,,no,The phrase 'eksemplaris' was classified as 'no' because it refers to quantity or format rather than a location.,no,no,no,no
17778146,27142522,7,langetama,,in,laug,laus,Kui me nüüd järsult kõik hinnad laus madalale langetame hakkab asi meenutama Eesti dilemmat maksudega mängimises .,,,,no,"The phrase 'laus' was classified as 'no' because it describes an intensity level, not a location.",no,no,no,no
4377446,7041324,4,kuulutama,välja,all,määrus,määrusele,Vastavalt Vabariigi Valitsuse määrusele nr 303 k.a 26. novembrist kuulutab riigi teaduspreemiate komisjon välja Eesti Vabariigi 1996. aasta teaduspreemiad .,,,,no,"The phrase 'määrusele' was classified as 'no' because it refers to a legal document or regulation, not a location.",no,no,no,no
2535239,4067440,5,tunnistama,,in,arvutivargus,arvutivarguses,Smith tunnistas end süüdi arvutivarguses ja arvutisüsteemide kahjustamises .,,,,no,"The phrase 'arvutivarguses' refers to the crime of computer theft and does not indicate a location, so it is not an adverbial of place.",no,no,no,yes
5977257,9592611,27,soovima,,abl,pensioniosa,pensioniosalt,"TALLINN , 7. detsember ( EPLO ) - Kõik mittetöötavad pensionärid , kelle pension ületab 2006. aastal 3000 krooni kuus ja kes soovivad seda summat ületavalt pensioniosalt maksuvaba tulu mahaarvamist , peavad esitama pensioniametile sellekohase avalduse .",,,,no,"The phrase 'pensioniosalt' refers to a portion of the pension and does not indicate a location, so it is not an adverbial of place.",no,no,no,no
103474,174688,6,jääma,,abl,läbimõeldud,läbimõeldult,Paraku on rahareform jäänud ainsaks läbimõeldult ja tulemuslikult läbi viidud muutuseks Eestis .,,,,no,"The phrase 'läbimõeldult' refers to the manner in which something is carried out and not to a location, so it is not an adverbial of place.",no,no,no,no
1414597,2250267,15,koguma,,in,kümme,kümnes,Lauri Lokotar ja mitu korda kummuli läinud Taavi Nassar kogusid kohti kolmandas ja neljandas kümnes .,,,,no,"The phrase 'kümnes' refers to a numerical position or rank and not a location, so it is not an adverbial of place.",no,no,no,no
8553216,13708681,8,poseerima,,ad,palve,palvel,"Nimelt poseeris ta hiljuti ühe Rootsi kõmulehe palvel aadamaülikonnas sauna eesruumis , käes klaas õlut ning kaelas MMi kuldmedal ja Lõvirist .",,,,no,"The phrase 'palvel' explains a reason or purpose rather than a location, so it is not adverbial of place.",no,no,no,no
728757,1160937,9,kinnitama,,all,AFP,AFPle,"Tshetsheenia presidendi Aslan Mashadovi nõunik Aslambek Ismailov kinnitas AFPle , et tshetsheeni võitlejaid Argunis enam ei ole ning nad on lahkunud ka Groznõi edelatipus asuvast Alhan-Jurti külast , mis kaitses pealinna Vene vägede eest lõunast .",,location,ORG,no,"The phrase 'AFPle' denotes an entity or recipient (Agence France-Presse), not a specific or general location, so it is not adverbial of place.",no,no,no,no
13060615,20898465,20,andma,ette,all,ajanäitaja,ajanäitajale,"Boulderi standardite- ja tehnoloogiainstituudi teadlaste tööna valminud kella mehhanism pole riisiterast palju suurem , kuid täpsuse poolest annab igale ajanäitajale silmad ette .",,,,no,"The phrase 'ajanäitajale' refers to a comparator (a timepiece) rather than a specific location, so it is not adverbial of place.",no,no,no,no
5729886,9189618,21,rahuldama,,in,mis,milles,"Ringkonnakohus pidas Hansapanga apellatsioonikaebust põhjendatuks ning rahuldas sellel , tühistades ühtlasi maakohtu otsuse ja tehes 30. märtsil uue otsuse , milles rahuldas panga hagi Leie Hoiu-laenuühistu vastu .",,,,no,"The phrase 'milles' is not classified as an adverbial of place because it indicates a relative clause or mechanism, not a location or spatial relationship.",no,no,no,no
9628324,15450699,5,ütlema,välja,in,viha,vihas,"Autor ütleb oma ohjeldamatus vihas välja nii mõnedki tõed , seda aga enda , mitte välisministri kohta .",,,,no,"The phrase 'vihas' is not classified as an adverbial of place because it describes an emotional state (anger), not a physical location or place.",no,no,no,no
4434678,7131514,4,vähendama,,all,väiketootja,väiketootjatele,Parlament vähendas seejuures väiketootjatele patareide tagasivõtmise ning ringlusesse võtmise osas tehtavate erandite võimalusi .,,alive,,no,'väiketootjatele' was classified as 'no' because it refers to the recipients of the action (to small producers) and not a physical location or spatial reference.,no,no,no,no
3157566,5070463,6,jääma,välja,el,panus,panusest,Seevastu Harjumaa jääb Tallinna eliitkoolide panusest hoolimata pahatihti esikolmikust hoopis välja ning näiteks 2005. aasta matemaatika riigieksami keskmise tulemuse põhjal asetus Harjumaa alles kümnendale kohale .,,,,no,"'panusest' was classified as 'no' because it indicates an abstract contribution or input, not a physical place.",no,no,no,no
17154698,26349135,9,jääma,,el,10,10-st,Esialgu viisin oma lolli-peaga ostetud 800-sed tagasi ( 10-st jäi järgi 8 ) .,,,,no,"'10-st' was classified as 'no' because it denotes a numerical context, not a spatial location or reference to a place.",no,no,no,no
618640,981285,15,alluma,,all,keskpank,keskpangale,"Eesti Pank näeb erinevalt valitsusest loodavat ühtset finantsjärelevalvet iseseisva institutsioonina , mis ei allu keskpangale ega valitsusele .",,location,,no,'keskpangale' was classified as 'no' because it refers to a specific entity (the central bank) and not to a place.,no,no,no,no
6118426,9820387,7,viima,,in,ilmastikunähtu,ilmastikunähtus,"Kliimateadlaste kinnitusel viis keskmise temperatuuri alla ilmastikunähtus El Nino , mis sel aastal oli suhteliselt nõrk .",,,,no,"The phrase 'ilmastikunähtus' does not describe the location or a place where the action occurs, so it is not adverbial of place.",no,no,no,no
8625317,13837951,12,olema,alles,el,viimane,viimastest,"Ja kuigi moderneestlased enam ammugi rehielamus ei ela , on mõned viimastest ikka veel alles .",,,,no,"The phrase 'viimastest' refers to certain items being still present, but it does not indicate a specific location, so it is not an adverbial of place.",no,no,no,no
219487,357047,9,toetama,,in,areng,arengus,Lisaks algusfaasile toetab ülikooli naabrus ettevõtteid ka edasises arengus .,,,,no,"The phrase 'arengus' refers to a state of progress rather than a physical location, so it is not an adverbial of place.",no,no,no,no
4042699,6506938,5,ootama,,el,asutamine,asutamisest,"Linnateater ootab oma maja asutamisest ehk 1965. aastast saadik , vesilennukite angaarid lagunevad , Sakala keskus aga on vaidluste tõttu praegu patiseisus .",,,,no,"The phrase 'asutamisest' refers to the event of establishing rather than a place, so it is not an adverbial of place.",no,no,no,yes
12777087,20438537,1,peatuma,,ad,ilmsikstulek,Ilmsikstulekul,"Ilmsikstulekul remont ametlikult peatus , varjatult käis ehitus edasi .",,,,no,"It was classified as 'no' because 'Ilmsikstulekul' refers to an abstract occurrence or event, not a specific location.",no,no,no,yes
9888234,15864279,11,lisanduma,,all,elamiskulu,elamiskuludele,"Kuidas hakkab ta aga koolitama kõrgkoolis oma lapsi , kui elamiskuludele lisandub õppemaks ?",,,,no,It was classified as 'no' because 'elamiskuludele' refers to expenses related to living costs and not a physical location.,no,no,no,no
2871020,4603689,5,tulema,välja,el,hirm,hirmudest,"Üllataval kombel tuleb ühinemiseelsetest hirmudest kummalgi pool piiri esimesena välja pahameel , justnagu keelataks ära kohaliku puskari , rakia ajamine .",,,,no,The phrase 'hirmudest' is not classified as an adverbial of place because it describes the fears or concerns and does not refer to a specific location.,no,no,no,no
10598318,16988310,5,alustama,,el,astumine,astumisest,Autorid aga alustavad ELi astumisest ja lähevad siis sujuvalt üle NATOga seotud temaatikale .,,,,no,The phrase 'astumisest' is not classified as an adverbial of place because it refers to the act of joining or stepping and not to a spatial location.,no,no,no,yes
675282,1073743,2,levima,,el,väljaandmine,väljaandmisest,Kuuldus väljaandmisest levis ja mulle hakati tooma riideid ja andma nõu .,,event,,no,The phrase 'väljaandmisest' was classified as 'no' because it specifies the source or cause (about the issuing) rather than a location.,no,no,no,yes
7657504,12278077,5,eelistama,,all,ajaleht,ajalehtedele,Teiseks eelistavad eestlased nüüd ajalehtedele ja ajakirjadele raadiot ja televisiooni .,,,,no,"The phrase 'ajalehtedele' refers to a preference or target and not a spatial location, so it is classified as 'no'.",no,no,no,no
7358690,11810207,23,oskama,,in,häda,hädas,"Ta ei olnud mitte formaalne lohutaja , vaid ta elas kõigi hädadele lausa pisarateni kaasa , ja — imelik küll — oskas hädas ka nõu anda .",,,,no,"The phrase 'hädas' expresses a state or condition rather than a place, so it is classified as 'no'.",no,no,no,no
10276136,16491226,5,võrsuma,,el,võrdlemine,võrdlemisest,"Tarandi ja Krossi ütluste võrdlemisest võrsunud järelduste tutvustamisel jäi kidakeelseks ka Tammsaar , lausudes vaid : “ Keegi ei vaidlusta , et riigil on eriüksused , aga need peavad olema seadustatud . ”",,,,no,The phrase 'võrdlemisest' is not an adverbial of place because it indicates the process or act of comparison rather than a location.,no,no,no,no
8403811,13468067,9,kasvama,,ad,edastamine,edastamisel,Sel juhul arvatavasti kasvab helikõrguse tähtsus keelelise info edastamisel ning laskuvat viisikäiku püütakse sobitada sõna rõhuliste silpide asukoha ja tooniga .,,,,no,The phrase 'edastamisel' is not an adverbial of place because it relates to the act of transmitting rather than specifying a location.,no,no,no,no
8558859,13717867,3,lubama,,in,ettearvamatu,ettearvamatus,"Vene elu ettearvamatus lubab vaid ritta seada võimalikud edasised arengud , kuna midagi kindlat on võimatu öelda .",,,,no,"The phrase 'ettearvamatus' was classified as 'no' because it does not indicate a location but rather describes unpredictability, which is a concept, not a place.",no,no,no,no
4896205,7861305,19,kutsuma,,el,viga,vigadest,Maailma Kaubandusorganisatsiooni ( WTO ) peasekretär Mike Moore kutsus täna Kataris algava WTO ministrite nõupidamise eel õppima senitehtud vigadest .,,,,no,"The phrase 'vigadest' was classified as 'no' because it refers to 'mistakes,' which is not a physical location or place.",no,no,no,no
161172,268206,17,seisma,,el,huvi,huvidest,"Meri andis survele järele ning “ lootes , et riigi huvid seisavad kriitilistel aegadel kõrgemal erakonna huvidest ” kirjutas ta Riigikogu kõnetoolis valitsusliikmete ametissemääramise paberitele alla .",,,,no,"The phrase 'huvidest' was classified as 'no' because it refers to 'interests,' which are abstract concepts, not places.",no,no,no,no
14263937,22642600,5,ilmutama,,in,seebikas,seebikas,"Taas ilmutab end TV3s seebikas « Kodu keset linna » , mis oma eripäraga üllatab .",,,,no,"The phrase 'seebikas' denotes an object (a soap opera) rather than a location; thus, it is not adverbial of place.",no,no,no,no
4187010,6738595,19,alistuma,,in,lõpuspurdiheitlus,lõpuspurdiheitluses,"Olümpial nii sprindis kui paarissprindis kulla teeninud Björn Lind võitles ka kodupubliku ees esikoha eest , kuid alistus lõpuspurdiheitluses kaasmaalastele Thobias Fredrikssonile , Peter Larssonile ja ameeriklasele Devon Kershaw'le .",,,,no,"The phrase 'lõpuspurdiheitluses' was classified as 'no' because it refers to a type of competition or struggle, not a specific location or place.",no,no,no,yes
4545042,7305537,1,jääma,,adit,Viimaseksk,Viimasekski,Viimasekski jäänud geimis nägi huviline haaravaid pallivahetusi .,,,,no,The phrase 'Viimasekski' was classified as 'no' because it refers to a state or condition (being last) rather than a place.,no,no,no,no
4609058,7407371,9,moodustama,,all,hooldetiim,hooldetiimile,Ning põhilise osa eelarve kasvust moodustaksid seejuures kulutused hooldetiimile .,,alive,,no,"The phrase 'hooldetiimile' refers to the recipient or beneficiary of the action, not a location, so it is not adverbial of place.",no,no,no,no
5717973,9171699,10,vähenema,,all,"3,88%","3,88% le","Samal ajal vähenes intressi kandvate passivate hind 0,09% võrra 3,88% le , mistõttu grupi spread langes 0,15% võrra 5,26% le .",,,,no,"The phrase '3,88% le' indicates a percentage or value rather than a physical location, so it is not adverbial of place.",no,no,no,no
12361124,19790723,20,unustama,,all,hajev,hajevile,"Ta märkas silmanurgast , et ka tema kaaslane oleks nagu kergelt võpatanud - nagu inimene , kes on ennast hajevile unustanud .",,,,no,"The phrase 'hajevile' describes a distracted state, not a place, so it is not adverbial of place.",no,no,no,no
3084426,4951260,38,jooma,,el,väeti,väetist,"Siin peab teadma , et toimib ainult õige kogus sütt ja see on päris suur : 1 g sütt patsiendi kehakaalu iga kilo-grammi kohta ( näiteks 40 kg poisile , kes on kogemata joonud vales pudelis olnud väetist või mürki , tuleb anda 40 g sütt .",,,,no,"The phrase 'väetist' refers to an object (fertilizer) and not a place, so it is not an adverbial of place.",no,no,no,no
12287247,19669230,10,vaatama,,el,eelarve,eelarvest,"“ On tervitatav , et vaatame kaitsekulutusi laiemalt kaitseministeeriumi eelarvest , ent kurb , kui keegi ei põhjenda , miks piirivalvest ja päästeametist just nii palju raha kaitsekuludega liidetakse , ” lubas Tammsaar kutsuda kaitseministeeriumi ametnikud selgitusi andma .",,,,no,"The phrase 'eelarvest' refers to a budget (an abstract concept) and not a place, so it is not an adverbial of place.",no,no,no,no
7415978,11906169,11,tõmbama,,el,natt,natist,""" Noh , lähme tuppa , "" tõmbas vanaema mind natist .",,,,no,"The phrase 'natist' refers to a physical part (scruff of the neck) and not a specific location, so it is not an adverbial of place.",no,no,no,no
2731353,4381498,3,eraldama,,el,seedehäire,seedehäiretest,Su naabri seedehäiretest eraldab sind ainult kaheksa sentimeetrit betooni ja ometi oled sa üksi .,,state,,no,"The phrase 'seedehäiretest' refers to digestive issues and not a location, so it is not an adverbial of place.",no,no,no,no
6094901,9783560,12,kuuluma,,el,kahi,kahjust,"Vastavalt seadusele kuulub kompenseerimisele 100 protsenti fondivalitseja süülise käitumise korral saadud kahjust summani kuni 10 000 eurot ( umbes 156 000 krooni ) ning 90 protsenti süülise käitumisega tekitatud kahjust , mis nimetatud summat ületab .",,,,no,"The phrase 'kahjust' refers to damage or harm and not a location, so it is not an adverbial of place.",no,no,no,no
5680504,9110106,17,algama,,el,EEK,EEK'st,"Limited Edition Brio BA410 tarned tehasest algasid 23. aprillil , toote prognoositav jaemüügihind Eestis algab 9900 EEK'st .",,,,no,"It was classified as 'no' because 'EEK'st' indicates a monetary unit rather than specifying a location or direction, and thus does not function as an adverbial of place.",no,no,no,no
10678241,17112073,4,juhatama,,all,ostupalavik,ostupalavikule,"Näiteks kaubamajja “ ostupalavikule ” juhatanud plakat andis kaubamajja sisenejale asjatut lootust , et nüüd saab soodsamalt osta enam kui kahte-kolme kaubaartiklit osakonna kohta .",,state,,no,"The phrase 'ostupalavikule' refers to an abstract intent or mood related to shopping frenzy and not a location, so it is not an adverbial of place.",no,no,no,no
2741861,4397978,36,unistama,,el,ilus,ilusast,"Vihje - kui oled telefoni vähemalt korraks välja lülitanud , interneti eest meelega maksmata jätnud , mõelnud kõigi peale , keda aastate jooksul oled teadnud , ja lõpuks teki üle pea tõmmanud ning unistanud millestki ilusast , siis "" Oota mind ära "" on plaat , mis räägib just sinust .",,,,no,"The phrase 'ilusast' refers to something beautiful, which does not denote a location or place, so it is not an adverbial of place.",no,no,no,no
2709085,4345594,12,minema,ümber,ad,laskumine,laskumisel,"Kehvasti läks Monaco prints Alberti juhitud bobil , mis läks kolmandal laskumisel ümber .",,,,no,"The phrase 'laskumisel' refers to the act of descending and not specifically to a location, so it is not an adverbial of place.",no,no,no,yes
4753968,7634470,18,elama,,adit,lõpp,lõppu,"Ent alates aastast 2004 on liiga paljud eestlased hakanud uskuma , justkui elaksid nad teispool "" ajaloo lõppu "" - maailmas , kus radikaalsed muutused on ebatõenäolised , kui mitte välistatud .",,,,no,"The phrase 'lõppu' refers to an end, symbolizing a conceptual rather than a physical place, so it is not an adverbial of place.",no,no,no,no
1323230,2103535,9,liikuma,,ad,mootoripööre,mootoripööretel,Auto liigub ühtlaselt nii madalatel kui ka suurtel mootoripööretel .,,,,no,"It was classified as 'no' because 'mootoripööretel' refers to a condition or state (engine revolutions), not a physical or conceptual location.",no,no,no,no
391798,608764,13,mõistma,,in,kasutamine,kasutamises,"Mediapool on kolmas Eesti firma , mille kohus on nädala jooksul piraatarvutitarkvara kasutamises süüdi mõistnud .",,,,no,"It was classified as 'no' because 'kasutamises' refers to the action of using or utilization, which is not indicative of location.",no,no,no,yes
10300328,16530698,10,elama,,adit,mitutmood,mitutmoodi,"Mis puutub loomadesse , siis nemad elavad talve üle mitutmoodi .",,,,no,"It was classified as 'no' because 'mitutmoodi' describes the manner or way of living through winter, which does not convey a place.",no,no,no,no
3736557,6017197,3,etendama,,in,otsus,otsuses,Endise profikorvpalluri otsuses etendasid ilmselt rolli nii isiklik kui ka poliitiline väsimus .,,,,no,"It was classified as 'no' because 'otsuses' refers to a decision or resolution, which is not a physical or conceptual place.",no,no,no,no
4072656,6555400,4,teadma,,abl,jooksva,jooksvalt,"Mängijad ju teavad jooksvalt , mis teisel väljakul seis on ja kes prsaguste seisuda juures edasi pääseb .",,state,,no,"It was classified as 'no' because 'jooksvalt' refers to the manner of performing an action ('on the fly'), not a place.",no,no,no,no
717085,1142273,8,jõudma,ette,el,psüühiline,psüühilisest,Selles eas jõuab nooruki füüsiline areng vahel psüühilisest ette .,,,,no,"The phrase 'psüühilisest' refers to a psychological aspect and not to a physical location, so it is not adverbial of place.",no,no,no,no
10968640,17568290,7,moodustama,,all,viiul,viiulile,"Märkimisväärse osa Paganini loomepärandist moodustavadki ansambliteosed viiulile ja kitarrile , samuti kitarrile ja viiulile , kus viimane hoopistükkis saaterollis .",,,,no,"The phrase 'viiulile' specifies the instrument being played and not a physical location, so it is not adverbial of place.",no,no,no,no
8224549,13197500,11,laulma,,in,kvaliteet,kvaliteedis,Noor ja kaunis Hanna-Linna Võsa laulis neid aga täiesti uues kvaliteedis .,,,,no,"The phrase 'kvaliteedis' describes a category or manner and not a location, so it is not adverbial of place.",no,no,no,no
10164043,16307792,9,määrama,,in,riisumine,riisumises,Tallinna linnakohus määras eile Eesti kõigis kolmes kohtuinstantsis riisumises ja ametiseisundi kuritarvitamises süüdi jäänud meediategelase Kalle Mälbergi kriminaalhooldaja järelevalve alla .,,,,no,"The phrase 'riisumises' indicates involvement or participation in an activity, not a location, so it is not adverbial of place.",no,no,no,no
15427670,24097868,52,kaduma,,all,surm,surmale,"Nagu juba öeldud , ei ole siis enam elueale füsioloogilist piirangut , nagu hetkel , seega võib inimese maksimaalne eluiga olla kümneid või isegi sadu kordi suurem keskmisest inimeste elueast ( 1000a ) ... samuti aga võib 1000 aastaste seltskonnas inimene 23 aastaselt ( elujõud sama ) surra jne ... kartust surmale ei kao ... aga ei saa ka pensioni ju enam olla , sest inimesed ei sure enam nõnda ühel ajal ... elueigade vahed on eri inimestel on kordi ja kordi suuremad kui hetkel ... kustmaalt siis pensioni andma hakata ja miks üldse ?",,,,no,"The phrase 'surmale' refers to a concept or direction rather than a location, so it is not adverbial of place.",no,no,no,no
4172525,6714915,1,seisma,,el,Tugevam,Tugevamatest,Tugevamatest seisavad Läti teise klubi teel veel võõrsil Kedainiai ja kodus Šiauliai .,,,,no,"The phrase 'Tugevamatest' denotes a group or category of people and not a location, so it is not an adverbial of place.",no,no,no,no
1104404,1754978,11,vastama,,abl,mõõt,mõõdult,"Dzidzaria kinnitab , et kõik vahakujud vastavad täpselt originaalile nii mõõdult kui ka väljanägemiselt .",,,,no,"The phrase 'mõõdult' refers to measurement and not to a location, so it is not an adverbial of place.",no,no,no,no
12152907,19458777,19,andma,,adit,lisajõud,lisajõudu,"Vägevate turbodiislite ehitamisel hangitud kogemuse najal sai BMW esimesena tootmisküpseks 3liitrise 6silindrilise bensiini otsepritsega mootori , millele annavad lisajõudu kaks ühesuurust turbokompressorit .",,,,no,"The phrase 'lisajõudu' refers to additional power but does not describe a location or place, thus it is not adverbial of place.",no,no,no,no
3205324,5148296,10,hoidma,,all,fakt,faktile,"Selle unenäoline ja ulmeline atmosfäär hoiab huvi üleval vaatamata faktile , et narratiivi ülesehituses pole kasutatud dialoogi .",,,,no,"The phrase 'faktile' refers to a fact and not a location or place, so it is not adverbial of place.",no,no,no,no
11176377,17902939,4,panema,ette,all,tarvitus,tarvitusele,"Haridusministeerium paneb ette tarvitusele võtta kõik abinõud , et õpilased õpiksid õpeajal ja saaksid tarvilikku puhkust koolitöö vaheajal .",,,,no,The phrase 'tarvitusele' is not an adverbial of place because it refers to the act of taking measures rather than indicating a physical location.,no,no,no,no
8262062,13254319,16,nihkuma,,all,dokfilm,dokfilmile,Filmikriitik  Karlo Fungi  sõnul on seekordse festivali kese nihkunud etnoloogiliselt materjalilt rohkem isikupärasele ja uurimuslikule dokfilmile .,,,,no,The phrase 'dokfilmile' is not an adverbial of place because it denotes the topic (documentary film) rather than a location.,no,no,no,no
18513629,28035020,48,suutma,,in,doteerimine,doteerimises,"Saaremaa Laevakompanii rahvusvaheline audit on tehtud , tulemused on teada , olemas on ühistranspordiseadus , mis lubab reisijapileti hinnas rakendada maanteepikenduse põhimõtet , samuti on Teede- ja Sideministeeriumile ülesanded pandud , aga Teede- ja Sideministeerium pole oma senise tegevuse põhjal see instants , kes suudaks saarte transpordi doteerimises mingit korralikku korda sisse viia .",,,,no,"The phrase 'doteerimises' refers to an activity (subsidizing) rather than a place, so it was classified as 'no'.",no,no,no,no
3326775,5350149,20,mõistma,,in,rahavargus,rahavarguses,"PAIDE , 18. juuni ( EPLO ) - Järva maakohus mõistis Türi lasteaia ja kultuurimaja endise raamatupidaja Marika Lintermanni rahavarguses süüdi ning karistas teda tingimisi karistusega .",,,,no,"The phrase 'rahavarguses' pertains to the act of embezzlement, not a location, so it was classified as 'no'.",no,no,no,yes
12882829,20607115,9,tutvustama,,el,rallisõit,rallisõidust,Esimesed pool päeva tutvustas Caneva Aavale oma nägemust rallisõidust ning teisel poolel sõideti ja analüüsiti .,,,,no,"'rallisõidust' was classified as 'no' because it refers to the topic or subject of the explanation, not to an actual location.",no,no,no,no
1443923,2298140,18,loobuma,,in,vanus,vanuses,"B. B. , nagu kogu maailm teda tundis , loobus filmistaari karjäärist kõigest 39 aasta vanuses , olles selleks ajaks üles astunud koguni 48 filmis .",,time,,no,'vanuses' was classified as 'no' because it describes an age or time context rather than a physical place.,no,no,no,no
4860131,7802956,1,algatama,,all,see,Sellele,"Sellele vaatamata algatas ministeerium üleeile uurimise , et selgitada , kas poolteise kilomeetri ulatuses pankranniku lõhkumine poolsaarel oli seaduslik .",,,,no,"'Sellele' was classified as 'no' because it indicates a reference or object, not a location.",no,no,no,no
12407194,19864326,7,tunnistama,,all,kriisiõppus,kriisiõppusele,Teatrijuhtimise praktika tunnistab ta just tänu kriisiõppusele tugevaks .,,,,no,"'kriisiõppusele' was classified as 'no' because it describes a related activity or cause, not a physical place.",no,no,no,yes
14902954,23417640,23,kajastuma,,in,kvaliteet,kvaliteedis,"Samas võiks jah keegi seletada siin maakeeles , et mis on need AZO ja cyanide jne ja mis vahet on ja kuidas kvaliteedis ja säilivuses kajastub jne .",,,,no,"'kvaliteedis' was classified as 'no' because it refers to a state or property, not to a location.",no,no,no,no
13420496,21465555,10,hävima,,all,mis,millele,"Moodustub omapärane konsistents "" emulsioon õlis "" , tänu millele vitamiinid ei hävi , vaid jõuavad sügavale naharakkudesse .",,,,no,"'millele' was classified as 'no' because it serves as a pronoun referring to an antecedent, not a place.",no,no,no,no
17814079,27196723,15,olema,koht,el,kraam,kraamist,"siis on eeslil harukordne omadus downimisega toppama jääda , kui u 90-95%kraamist on kohal , ja see voib pysida nii umbes kuni nädal - tegemist pole mitte sellega , et wnated proge/film/etc ei oleks saadaval viimased 10% , vaid edonkeys on lihtsalt selline feature , et downloadijad liiga kiirelt enda asju incoming folderist ära ei removiks , teiste sönadega , et itemid piisavalt kaua ( nt nädal ) online oleks , et teised ka tömmata saaks .",,,,no,"The phrase 'kraamist' refers to the items but does not indicate a location, so it is classified as 'no'.",no,no,no,no
16866863,25950708,12,juhtuma,,el,juht,juhtudest,"Aga noh , see ikkagi rallisport ja kuigi suurel osal õnnetus juhtudest midagi ei juhtu , ei saa alati kindel olla et hukka ei saa .",,,,no,"The phrase 'juhtudest' refers to incidents and not a place, so it is classified as 'no'.",no,no,no,no
21154251,29949385,9,laskma,,el,iga,igast,"f: punane nupp ehk see , mis igast tähtsaid asju õhku laseb ehk lõpetab miski",,,,no,"The phrase 'igast' does not denote a location but rather has a descriptive or idiomatic usage, so it is not an adverbial of place.",no,no,no,no
14900617,23414611,29,panema,,abl,tootja,tootjalt,"Siiani olen suht-koht rahul , ega see pole auto-audio , et viimast tuhandikku kvaliteedist taga ajada < irw > Noh ja mõtlesin , et paneks siis need surroundikad kah samalt tootjalt .",,,,no,"The phrase 'tootjalt' indicates 'from the producer' which suggests origin or source, not a specific location; hence it is not an adverbial of place.",no,no,no,no
2518520,4038684,6,tõusma,,all,jõudmine,jõudmisele,"Angerjärv tõusis tabelis tänu finaali jõudmisele eelmisel nädalal toimunud Helsingi turniiril , teatas Sportnet .",,,,no,"The phrase 'jõudmisele' indicates an event or action rather than a specific place, so it is not an adverbial of place.",no,no,no,yes
8226624,13200694,12,tekitama,,in,asi,asjus,"Iga kohtumine tekitab uusi ideid küll külaliste , küll muude toimetuste asjus .",,,,no,"The phrase 'asjus' refers to a matter or topic, not a location, so it is not adverbial of place.",no,no,no,no
5894809,9462363,12,laekuma,,all,kultuuristipendium,kultuuristipendiumile,Kultuuriministeeriumile laekus 16 avaldust kolmele viimasele käesoleval aastal jaotatavale 24.000 kroonisele kultuuristipendiumile .,,,,no,"The phrase 'kultuuristipendiumile' refers to a recipient (the cultural stipend), not a location, so it is not adverbial of place.",no,no,no,no
3014040,4834816,11,alluma,,all,järelevalve,järelevalvele,"Kui süüdimõistetu hoiab üldkasulikust tööst kõrvale või ei allu kirminaalhoolduametniku järelevalvele ja korraldustele , võib kohus kriminaalhooldusametniku ettekande alusel vangistuse täitmisele pöörata .",,,,no,"The phrase 'järelevalvele' indicates subordination or being under supervision, not a physical location, so it is not an adverbial of place.",no,no,no,no
3912230,6301579,6,laenama,,all,arvutimäng,arvutimängule,Telesarja võtmefiguurid laenasid selleks puhuks arvutimängule ka oma väljanägemise .,,,,no,"The phrase 'arvutimängule' describes an association or reference to something (a computer game) rather than a physical location, so it is not an adverbial of place.",no,no,no,no
16890387,25979794,18,andma,üle,all,lahil,lahilile,muiq .. see ei ole siin miskine vastuste võistlus .. aga nuh *annab ilma piduliku aktusetta lahilile üle miskise vaibast tehtud keebi .. punane .. ärge bännerimees peale kribatud spray'ga ja kasutatud hiiremati* .. ex sa bannerda edaspidigi <muig<,,,,no,"The phrase 'lahilile' refers to a recipient, not a place or location, which is why it is classified as 'no'.",no,no,no,no
1278042,2031361,8,kommenteerima,,el,saavutamine,saavutamisest,Palestiinlased ei ole veel Iisraeli teadet kokkuleppe saavutamisest kommenteerinud .,,,,no,"The phrase 'saavutamisest' refers to an action or process, not specifying any place, so it is classified as 'no'.",no,no,no,no
10770145,17252231,1,pääsema,,el,Hullem,Hullemast,"Hullemast pääses Tatjana vaid tänu ühele oma kolleegile , kes töötava seadme kohe välja lülitas .",,,,no,The phrase 'Hullemast' is not classified as adverbial of place since it does not describe a location or place but rather a state or situation.,no,no,no,no
7236345,11639078,4,kutsuma,,in,allusioonikas,allusioonikas,"“ Olivia ” allusioonikas tekst lausa kutsus eelkäijaid otsima , olgu siin mainitud puutekohti “ Orlandoga ” , Olivia võimaliku esivanemaga .",,,,no,"The phrase 'allusioonikas' is not classified as adverbial of place since it is an adjective describing the text, not a location or place.",no,no,no,no
13449393,21510826,27,unistama,,el,arstidiplom,arstidiplomist,"“ Tahan kooli lõpetada , et saaksin tulevikus ise valida , mida eluga peale hakkan , ” sõnas Thorpe , kelle sõnul olevat ta varem unistanud arstidiplomist , viimasel ajal on eelistus kaldunud aga politoloogia ja majanduse poole .",,,,no,"The phrase 'arstidiplomist' was classified as not adverbial of place because it refers to 'a medical degree,' which is an object or a concept rather than a place.",no,no,no,no
6946527,11162302,161,selguma,,in,karate,Karates,ValgamaalaneMaailmInfopluss Postimees.ee 29.03 ( 1 ) News Corp hakkab võitlema Imedi omandiõiguse eest 29.03 ( 24 ) Herkel kritiseeris suletud nimekirjade kasutust eurovalimistel 22 : 44 29.03 Meeste karikavõitjad selgunud 22 : 43 29.03 ( 1 ) Naiste jäähokikoondis kaotas taas 22 : 33 29.03 Bagdadi liikumiskeeldu pikendati määramata ajani 22 : 17 29.03 ( 59 ) ( VIDEO ) Reporter.ee : teismelised harrastavad eluohtlikku kägistamismängu 22 : 13 29.03 ( 1 ) Meistrite liiga finaalis kohtuvad Dinamo ja Copra 21 : 52 29.03 ( 2 ) Tansaania kaevandusvaringus hukkus üle 80 inimese 21 : 51 29.03 Fausto ja BC Pirita teenisid võidulisa 21 : 26 29.03 ( VIDEO ) Reporter.ee : Pirital võeti maha sadanud lumest viimast 21 : 11 29.03 ( 35 ) Valitsev maailmameister Kimi Räikkonen külastab Eestit 21 : 10 29.03 ( 63 ) Piimaliitri hind Soomes võib tõusta üle ühe euro piiri 20 : 34 29.03 ( 27 ) ( VIDEO ) Reporter.ee : Mart Laari meelest ei suuda lääneriigid ühiselt tegutseda 20 : 17 29.03 ( 11 ) Pärnu peatänaval õitseb 900 tulpi 20 : 15 29.03 ( 5 ) Karates selgusid eesti meistrid 20 : 08 29.03 Saalihokis selgus esimene finalist 20 : 05 29.03 ( 1 ) Grete Treier sai 8. koha 19 : 48 29.03 ( 6 ) ( VIDEO ) Kasuperede liit : tunne,,,,no,The phrase 'Karates' was classified as not adverbial of place because it refers to the sport of karate itself and not to a physical location.,no,no,no,yes
6044150,9700709,5,kahandama,,in,töötu,töötus,Töötust kahandas noorte vähenenud töötus .,,,,no,"The phrase 'töötus' does not indicate a location or place but rather refers to a concept, so it is not an adverbial of place.",no,no,no,no
8843331,14207011,24,sattuma,,el,info,infost,"Eilses Postimehes ilmus Eesti Ajalehtede Liidu tegevdirektori ja meediapoliitika asjatundja Tarmu Tammerki analüüs tsensuuris süüdistamise rünnakust , mille mõned ilmselt puudulikust ja ühekülgsest infost eksitusse sattunud inimesed on Postimehe nädalalõpulisa tugevdamise vastu valla päästnud .",,,,no,"The phrase 'infost' refers to information and not a location or place, so it is not an adverbial of place.",no,no,no,no
6938280,11149843,3,võluma,,in,kostüüm,kostüümides,Aina uutes kostüümides võlus publikut hispaania tantsudega Sirli Klaos .,,,,no,"The phrase 'kostüümides' refers to attire rather than a physical location or place, so it is not an adverbial of place.",no,no,no,no
15460970,24145858,15,olema,,el,allajäämine,allajäämisest,"Minu meelest peaks iga džentelmen oskama viskide maailmas orienteeruda , "" on Talvil viski allajäämisest viinale siiralt kahju .",,,,no,"The phrase 'allajäämisest' is not an adverbial of place because it describes defeat or losing to someone or something, rather than specifying a location.",no,no,no,no
2665894,4276742,6,kontrollima,,el,reegel,reeglitest,"Hansa Liit kontrollis hoolega kehtestatud reeglitest kinnipidamist , muuseas ka kaupade kvaliteeti ja karistas karmilt reeglite rikkujaid nii liidu sees kui ka väljas .",,,,no,"The phrase 'reeglitest' indicates the rules that are controlled and followed, but it does not specify a location, so it is not adverbial of place.",no,no,no,no
5944739,9543026,2,kohama,,ad,hinnang,hinnangul,Tema hinnangul ei kohanud iseseisvuslased 1996. aasta augustis väärilist vastupanu ja jõudsid sellepärast Groznõisse .,,,,no,"The phrase 'hinnangul' expresses someone's evaluation or opinion and does not indicate a location, so it is not adverbial of place.",no,no,no,no
6072110,9747307,16,harjuma,,ad,kulu,kuludel,"Eestis on selliste ladude kasutamise vastu tundnud huvi mitmed suurettevõtted , kes on harjunud oma kuludel silma peal pidama ning arvestavad tulevikus võimalike laienemisvajadustega .",,,,no,"The phrase 'kuludel' refers to expenses or costs being managed rather than a specific place, so it is not adverbial of place.",no,no,no,no
11384233,18241779,1,märkama,,el,Vargu,Vargust,Vargust märganud ESS Lõuna turvamees sai varga kätte .,,,,no,"The phrase 'Vargust' refers to the theft being noticed rather than a specific location, so it is not adverbial of place.",no,no,no,yes
15620287,24374302,5,otsima,,all,11,11'le,"otsin esituld Kawa ZX 11'le , mis on hetkel gondlivaba .",,,,no,"The phrase '11'le' indicates a target or recipient rather than a place, so it was classified as 'no'.",no,no,no,no
5377677,8625554,7,eemalduma,,el,idee,ideest,"Jospin eemaldus Prantsuse presidendi Jacques Chiraci ideest , mille kohaselt tuumikriikide avangard juhiks Euroopa integratsiooni , siiski toetab ta Chiraci pakutud ühise Euroopa konstitutsiooni kehtestamist .",,,,no,"The phrase 'ideest' refers to a concept or idea rather than a location, so it was classified as 'no'.",no,no,no,no
2969689,4763609,14,tahtma,,abl,pool,poolelt,"City arvates meeldiv sümbioos puhuks , mil ajaga pole priisata , kuid söögikoha poolelt allahindlust teha ei tahaks .",,,,no,"The phrase 'poolelt' indicates a perspective or side rather than a location, so it was classified as 'no'.",no,no,no,no
14725331,23198843,7,saama,vastu,in,uisk,uisus,""" Oli ette teada , et uisus me itaallastele veel vastu ei saa , "" sõnas Alaver ja kinnitas , et avavõistluse tulemused vastasid ootustele .",,,,no,"The phrase 'uisus' is not classified as an adverbial of place because it refers to the type of activity (skating), not a specific location.",no,no,no,yes
19817379,29298010,7,nägema,,all,pia,piale,eerox: ei näe mingit koera piale enda :pp,,,,no,The phrase 'piale' is not classified as an adverbial of place because it indicates a position on something rather than a specific location.,no,no,no,no
8075454,12958751,22,sõitma,,in,embus,embuses,"Veelgi vähem romantiline on fakt , et armunud professor Brainard ja Sara  ( Marcia Gay Harden )  ei sõitnudki kuupaistel teineteise embuses öise Medfieldi kohal , vaid istusid seisvas autos ja lasksid fantaasial lennata .",,,,no,The phrase 'embuses' is not classified as an adverbial of place because it describes an emotional state (being in an embrace) rather than a concrete location.,no,no,no,no
734250,1169699,1,põlema,,ad,Ford,Fordil,"Fordil põles salong , purunesid aknad ja deformeerus kere .",,,,no,"The phrase 'Fordil' refers to the object (Ford vehicle) and not a location, so it is not classified as an adverbial of place.",no,no,no,no
7129064,11465447,7,langetama,,in,apaatia,apaatias,"Solvest resigneerunud , langetas Nikyas täielikus apaatias laud .",,state,,no,"The phrase 'apaatias' refers to a state of being (apathy) rather than a location, so it is not classified as an adverbial of place.",no,no,no,no
12402509,19856254,10,kavandama,,all,kaabelleviseadus,kaabelleviseadusele,"Eelmisel nädalal kavandasid 34 EKLLi kuuluvat kaabellevioperaatorit monopoli soodustavale kaabelleviseadusele tähelepanu juhtida telepildi väljalülitamisega , kuid loobusid sellest .",,,,no,"The phrase 'kaabelleviseadusele' refers to the topic or subject of attention (cable law) and not a location, so it is not classified as an adverbial of place.",no,no,no,no
302705,474858,5,olema,vaja,all,gaas,gaasidele,Põhjaveest ongi lisaks lahustunud gaasidele vaja eemaldada liigne karedus ja raud .,,,,no,"The phrase 'gaasidele' refers to the dissolved gases and does not indicate a location, so it is not classified as adverbial of place.",no,no,no,no
2954559,4738265,13,tegema,,abl,vilets,viletsalt,"Kui teed midagi edukalt , siis kannad edukuse märki , kui teed viletsalt , kannad viletsuse märki .",,,,no,"The phrase 'viletsalt' describes how something is done, not where it happens, hence it is not an adverbial of place.",no,no,no,no
12755388,20404069,6,kujunema,,el,ehitamine,ehitamisest,"Vanade majade renoveerimine kujuneks uute ehitamisest raskemaks , sest renoveeritavate majade elanike ümberasustamine on keeruline .",,,,no,"The phrase 'ehitamisest' refers to an action or activity rather than a physical location, so it is not an adverbial of place.",no,no,no,no
2724106,4369508,23,pääsema,,in,huvi,huvides,"Belglaste nõudmisel staadionile kutsutud UEFA delegaadi sõnum aga oli selge : "" Eestlased pole süüdi , et lund sajab ja mängu toimumise huvides belglased platsile ei pääse . """,,,,no,"The phrase 'huvides' relates to a purpose or interest, not a location, and thus it is not adverbial of place.",no,no,no,no
12717038,20345104,2,kutsuma,esile,in,roll,rollis,"Vahetusmehe rollis Jordan kutsus esile rahva naerupahvakud , kui viskas neli minutit enne lõppu järjest kaks vabaviset mööda ning üritas hetk hiljem kiirrünnakul ebaõnnestunult pealt panna - pall põrkas korvirõngalt tagasi .",,,,no,"The phrase 'rollis' refers to a role or position and does not indicate a specific location, hence it is not an adverbial of place.",no,no,no,no
9129705,14677696,5,tunnistama,,all,peksmine,peksmisele,Vaatamata naiste eriti sadistlikule peksmisele ja tapmisele tunnistas psühhiaatriline ekspertiis Narvas seksuaalmaniakkideks ristitud mehed süüdivaks .,,,,no,"The phrase 'peksmisele' refers to an action (beating) and not a location, making it not an adverbial of place.",no,no,no,yes
1891028,3012539,10,otsima,,in,dirigeerimine,dirigeerimises,"Pole ime , et ta sügav muusikuloomus otsib väljundit dirigeerimises .",,,,no,"The phrase 'dirigeerimises' pertains to an activity (conducting) and not a location, so it is not adverbial of place.",no,no,no,no
1501738,2390118,7,unistama,,el,klaverimäng,klaverimängust,Lisaks tantsu- ja keeletundidele unistab Mirell klaverimängust .,,,,no,"The phrase 'klaverimängust' relates to the activity of playing the piano and not to a specific location, therefore it is not an adverbial of place.",no,no,no,no
5397563,8656042,15,seadma,,all,geeniuuring,geeniuuringutele,"Inimeste teadlikkus igasuguse inimkloonimise mõttetusest tõuseb tasemele , mis ei ohusta ega sea piiranguid geeniuuringutele .",,,,no,"The phrase 'geeniuuringutele' refers to research or a focus area rather than indicating a spatial location, so it is not classified as an adverbial of place.",no,no,no,no
10584278,16965760,11,kihutama,,ad,suusk,suuskadel,"Uues Bondi-filmis "" Maailmast ei piisa "" kihutab salaagent 007 suuskadel hoogsalt mäenõlvu mööda , kuid Brosnanit pidi ka kõige lihtsamatel võtetel asendama kaskadöör .",,,,no,"The phrase 'suuskadel' describes the means or manner (on skis) rather than specifying a location, so it is not an adverbial of place.",no,no,no,no
7979114,12797173,8,asuma,,all,asjatoiming,asjatoimingutele,Astus siis vapralt pissuaari juurde ja asus asjatoimingutele .,,,,no,"The phrase 'asjatoimingutele' refers to an action or activity, not a location, so it is not an adverbial of place.",no,no,no,yes
17046505,26200849,13,vähendama,,all,boliviano,bolivianole,Ka parlament toetas presidendi palgapoliitikat ja vähendas saadikute töötasu 18 000 bolivianolt 10 500 bolivianole .,,,,no,"The phrase 'bolivianole' refers to an amount (of money), not to any location, so it is not an adverbial of place.",no,no,no,no
2403518,3852780,8,tulema,välja,in,see,selles,"Ühine kirjandusmaastiku jooneke Eestiga tuleb välja ka selles , et Soomeski on kirjanikud enamvähem omavahel tuttavad .",,,,no,"The phrase 'selles' refers to 'in this' and does not specify a location, so it is not an adverbial of place.",no,no,no,no
18298069,27747085,26,hukkuma,,ad,osavõtt,osavõtul,"Esiteks tuleks vaadata seletuskirja lauset , mis räägib ministrite vastutuse alustest , ja teiseks , lisaks neile hukkunutele , kes on liikluses hukkunud politseinike vahetul osavõtul , tuleb rääkida veel teistestki hukkunutest .",,,,no,"The phrase 'osavõtul' refers to 'participation' rather than a location, so it is not an adverbial of place.",no,no,no,yes
17279108,26524679,2,vaatama,,ill,sihukse,sihuksesse,Vaata sihuksesse kohta nagu CVkeskus (  ) .,,,,no,"The phrase 'sihuksesse' refers to 'such a (place)' but does not itself indicate a specific location, so it is not an adverbial of place.",no,no,no,no
12125873,19414064,5,langema,,abl,hääl,häälelt,"Tharoori populaarsus langes kümnelt häälelt kaheksale , tema vastu seisis kolm ning arvamuseta oli kaks riiki .",,,,no,"The phrase 'häälelt' refers to a number (votes) decreasing and is not indicating a physical location, hence it is not adverbial of place.",no,no,no,no
18206720,27650661,11,laienema,,all,amortisatsioon,amortisatsioonile,1997. aasta 1. jaanuarist laienes see minu meelest ka hoone amortisatsioonile ja mingist ajahetkest omaniku tulule .,,,,no,"The phrase 'amortisatsioonile' refers to depreciation and does not convey any notion of a physical location, so it is not adverbial of place.",no,no,no,no
4277374,6882160,14,loobuma,,all,otsus,otsusele,"Suurbritannia loobus eile hea tahte väljendusena vetost kolmele Euroopa Liidu ( EL ) otsusele , kuid valmistus blokeerima umbes 20 EL-i otsust .",,,,no,'otsusele' is not classified as adverbial of place because it does not indicate a location but rather refers to a decision.,no,no,no,no
260388,410970,10,osutuma,,in,pedagoogika,pedagoogikas,"Konstruktivistlik filosoofia on osutunud populaarseks ja viljakaks mitte üksnes pedagoogikas , vaid ka näiteks küberneetikas ja ökoloogias .",,,,no,'pedagoogikas' is not classified as adverbial of place because it describes a field of study or discipline rather than a physical location.,no,no,no,no
566984,896952,3,liikuma,,ad,mood,moel,""" Parimal moel ma küll ei liigu , aga Budapesti EM-i graafikust väga kaugele ka ei jää .",,,,no,"'moel' is not classified as adverbial of place because it describes a manner or way of doing something, not a place.",no,no,no,no
12404856,19860440,8,tekkima,,all,garantii,garantiile,"15-aastane leping tekkis mudelisse aga asendusena valitsuse garantiile arvestusega , et alla 13 aasta ei ole võimalik suuremahuliste investeeringute tasuvust ilma riigi garantiita tagada .",,,,no,"'garantiile' is not classified as adverbial of place because it refers to a guarantee, not a location.",no,no,no,no
7665945,12291660,13,otsima,,in,järjekord,järjekorras,"Ükskõik mis ka Venemaal ei juhtuks , on selge , et esimeses järjekorras ei otsi nad tüli Euroopaga .",,,,no,"'järjekorras' is not classified as adverbial of place because it describes an order or sequence, not a physical place.",no,no,no,no
1409379,2241679,12,tasuma,,all,arvuti,arvutile,"Kas olümpial , kus kõik kohad on amatsoone täis , tasub arvutile nii suurt tähelepanu pöörata ?",,,,no,"The phrase 'arvutile' refers to an object rather than a location, so it is not classified as an adverbial of place.",no,no,no,no
15222970,23771967,7,registreerima,,in,annus,annustes,« Apollo » instrumendid registreerisid tibatillukestes annustes,,,,no,'annustes' was classified as 'no' because it refers to quantities and not a location.,no,no,no,no
9867581,15833890,23,vähenema,,all,17%,17%-le,"Hiina omakorda , parandamaks veelgi investeerimiskliimat , vähendas alates 1. oktoobrist enam kui 4000 kaubaartikli sisseveotariife , mis vähenesid seniselt keskmiselt 23%-lt 17%-le .",,,,no,'17%-le' was classified as 'no' because it refers to a percentage figure and not a spatial location.,no,no,no,no
14020564,22320838,6,unistama,,el,edasiõppimine,edasiõppimisest,Ka Rebecca unistab vanas koolis edasiõppimisest .,,,,no,"'edasiõppimisest' was classified as 'no' because it refers to the concept of further education, not a place.",no,no,no,no
4336088,6975316,7,langema,,abl,34967,34 967-lt,Suurima päevalehe Diena tellijate arv langes 34 967-lt 30 979-le ning Neatkariga Rita Avize-l 30 125-lt 13 849- le .,,,,no,"The phrase '34 967-lt' refers to a numeric value or quantity change, not a physical location, so it is not an adverbial of place.",no,no,no,no
1380076,2194878,23,hoidma,eemale,el,kohustus,kohustusest,"Õigeusklikud venelased peavad üksi kogu "" musta "" töö ära tegema , sellal kui õigeusklikud ukrainlased mitte ainult ei hoia sellest ajaloolisest kohustusest eemale , vaid hullemgi veel - nad on mingil arusaamatul kombel sattunud Venemaa vastaste leeri .",,,,no,"The phrase 'kohustusest' refers to an obligation and not a location, so it is not an adverbial of place.",no,no,no,no
9222146,14821020,11,olema,kinni,in,viht,vihas,"Kriisiabi telefonidele saabub sageli kõnesid inimestelt , kes on nii vihas kinni , et ei usalda oma muresid isegi psühholoogidele .",,,,no,"The phrase 'vihas' describes an emotional state and not a location, so it is not an adverbial of place.",no,no,no,no
6050396,9711396,10,toimuma,,el,käive,käibest,"Ometi nõustus ka maksuamet ise kohtus , et 88% käibest oli toimunud pankade kaudu ja kinnitas ka kohtunikule , et "" firma oli oma tehingute tõestuseks esitanud maksuametile kõik müügiarved , lepingud , pangadokumendid , 1999. ja 2000. aasta pearaamatud , impordideklaratsioonid ja kauba mahakandmisaktid ja nende osas ei ole TJIM pretensioone ( väljavõte kohtuotsusest - toim ) .",,,,no,"The phrase 'käibest' refers to a portion of revenue and not a specific location, so it is not an adverbial of place.",no,no,no,no
2171422,3469143,8,langetama,,in,juhtum,juhtumis,""" Isegi vara tagastamise keskkomisjon pole selles juhtumis veel otsust langetanud .",,event,,no,"The phrase 'juhtumis' refers to the context or situation and not a location, so it is not adverbial of place.",no,no,no,no
11566859,18522460,39,teenindama,,in,huvi,huvides,"Võin öelda , et Venemaa parlamendi töökorraldus on teinud nende aastatega tohutuid edusamme : parlamendi töö reglement funktsioneerib perfektselt , on kasutatud efektiivselt nii intellektuaalseid kui materiaalseid võimalusi , parlament on väga hästi automatiseeritud , saadikute töö tulemuslikkuse huvides teenindab neid piisav hulk inimesi , sealhulgas teaduseksperte , nende käsutuses on parlamendi raamatukogu andmebaas .",,,,no,"The phrase 'huvides' refers to intentions or purposes and not a location, so it is not adverbial of place.",no,no,no,no
15445471,24123231,13,hoidma,kokku,all,küttesüsteem,küttesüsteemile,Küttesüsteemi ja soojusvaheti pesemisele kulunud raha hoiate kütteperioodil kokku tänu paremini töötavale küttesüsteemile ehk teisisõnu alanevatele küttekuludele .,,,,no,"The phrase 'küttesüsteemile' indicates the recipient or target of an action and not a location, so it is not adverbial of place.",no,no,no,no
11539117,18478377,3,esinema,,el,koor,kooridest,"“ Tuntumatest kooridest esinevad 3 . –6 . septembrini Long Beachil Estonia Seltsi koor ja Arsis , solistidest Sirje ja Väino Puura ning Ivo Linna . ”",,,,no,"The phrase 'kooridest' refers to groups of choirs and not a location, so it is not adverbial of place.",no,no,no,no
10338623,16588510,23,astuma,,el,politikaan,politikaanidest,"Lõpetuseks tahaks loota , et oma erialal lugupeetud ministrid , kelle hulka Paul Varul vaieldamatult kuulub , ei astu ühte paati oma politikaanidest valitsuskoalitsiooni kolleegidega , kes väidavad , et kõik , mida teeb Rahvaerakond , on halb , kuna selle erakonna eesotsas on paljudele poliitilistele jõududele ahvatlev isik Toomas Hendrik Ilves .",,alive,,no,It was classified as not adverbial of place because 'politikaanidest' relates to a group of politicians and does not indicate a location.,no,no,no,no
20272110,29520301,7,murdma,,in,sina,sus,mrt: tuleme kyl ja murrame sus eene pooleks,,,,no,"It was classified as not adverbial of place because 'sus' is a pronoun referring to a person, not a location.",no,no,no,no
17804213,27181697,11,hoidma,,all,peer,peerule,"see lihtsalt on nii , nii et hoidke parem mokad peerule .",,,,no,It was classified as not adverbial of place because 'peerule' refers to an action-related context rather than a specific location.,no,no,no,no
9020144,14502666,13,kasvama,,ad,hiigelkiirus,hiigelkiirusel,"Interneti areng võib küll olla lapsekingades , kuid arvutivõrgus toimuv kaubandus kasvab hiigelkiirusel .",,,,no,'hiigelkiirusel' was classified as 'no' because it describes the speed of growth rather than a location.,no,no,no,no
1858363,2959771,13,ütlema,,el,hingepõhi,hingepõhjast,""" Olen elu lõpuni südamest tänulik kõigile aitajatele , "" ütleb Kristel hingepõhjast ja palub selle lause kindlasti artiklisse kirjutada .",,,,no,"The phrase 'hingepõhjast' is not describing a location but rather the manner or depth of Kristel's feelings, so it is not adverbial of place.",no,no,no,no
9865766,15830842,1,tutvustama,,el,haruldus,Haruldustest,"Haruldustest tutvustab perenaine Saksamaalt pärit kollaste rippuvate kobarõitega kuldvihma , väga kapriisset lillaõielist leviisiat , roomavat hortensiat , siniseõielist kevadist emajuurt .",,,,no,"The phrase 'Haruldustest' refers to rare items and does not indicate a location, so it is not adverbial of place.",no,no,no,no
18213678,27658153,8,lõpetama,,all,lõikus,lõikusele,Pindalatoetuse saamiseks lõpetab tootja külvi hiljemalt asjakohasele lõikusele eelnevaks 31. maiks ja esitab taotluse hiljemalt 15. maiks .,,,,no,The phrase 'lõikusele' is not an adverbial of place because it refers to an action or event (cutting) rather than a location.,no,no,no,yes
7283214,11704219,14,saama,kokku,el,mandaat,mandaadist,"1996. a kohaliku omavalitsuse volikogu valimistel said erakonnad ja erakondade valimisliidud kokku 3453 mandaadist 584 ( 16,9 % ) ( vt Kohaliku omavalitsuse volikogu valimised 20. oktoober 1996. — Tallinn : Vabariigi Valimiskomisjon , 1997 ) ja 1999. a 3325 mandaadist 725 ( 21,8 % ) .",,,,no,The phrase 'mandaadist' is not an adverbial of place because it refers to a part or portion of mandates rather than a location.,no,no,no,no
23039,39632,9,jääma,ilma,el,abiraha,abirahast,"Raid kurdab , et ümbermaailmareisile minnes jääks ta abirahast ilma , sest ta polevat valmis kohe tööle asuma .",,,,no,The phrase 'abirahast' is not an adverbial of place because it refers to a financial benefit rather than a location.,no,no,no,no
992247,1580272,7,süüdistama,,all,valmistamine,valmistamisele,"30-aastast Andrei Markuševskit süüdistab kaitsepolitsei lõhkeseadeldise valmistamisele kaasaaitamises , ütles kaitsepolitsei komissar Hannes Kont BNS-ile .",,,,no,The phrase 'valmistamisele' was classified as 'no' because it does not specify a location or spatial aspect and instead relates to an activity or process (the act of making).,no,no,no,yes
14480916,22900560,27,ajama,,el,armukadedus,armukadedusest,"Kui tantsusaate kuluaarides hakkasid ringlema kõlakad , nagu oleks alati enesekindlalt ihaldatava poole marssinud Luisa oma partnerile Martinilegi silma peale pannud ja tolle elukaaslase Gerli Padari armukadedusest hulluks ajanud , ei suvatsenud Luisa sel teemal sõnagi võtta .",,,,no,"The phrase 'armukadedusest' was classified as 'no' because it refers to the cause of someone becoming jealous, not a physical or metaphorical place.",no,no,no,no
4999255,8026356,8,jääma,kõrvale,in,ootus,ootuses,""" Samas jäi noor suusataja Otepää võistluse ootuses kõrvale ka Zakopane taliuniversiaadist .",,,,no,"The phrase 'ootuses' indicates a state or expectation rather than a specific place, so it is not an adverbial of place.",no,no,no,no
10647119,17064483,7,alluma,,all,keeleseadus,keeleseadustele,Firmade logod ei allu ühegi riigi keeleseadustele .,,,,no,"The phrase 'keeleseadustele' specifies laws rather than a location, so it is not an adverbial of place.",no,no,no,no
901413,1435958,7,sattuma,,el,mittetallinlane,mittetallinlastest,"Pealegi poleks selge , miks just mittetallinlastest töötajad löögi alla satuvad - töökohamaksu loogikat järgides tuleks maksu võtta ka kõigilt teistelt linna külalistelt , sest nemadki kasutavad infrastruktuuri .",,,,no,"The phrase 'mittetallinlastest' describes a group of people, not a location, so it is not an adverbial of place.",no,no,no,no
4408753,7090471,3,töötama,,ad,bensiinimootor,bensiinimootoril,"Mullafrees töötab bensiinimootoril ning talle sobib nii 95 kui ka 98 bensiin , tal on vähemalt 5 Hj ning tema töölaius sobib nii kitsaste oludesse ( 33 cm ) kui ka suurematele pindadele ( kuni 81 cm ) .",,,,no,"The phrase 'bensiinimootoril' describes the mechanism used by the machine, not indicating any place, so it is not an adverbial of place.",no,no,no,no
9742548,15632090,5,soovima,,abl,ringhäälingunõukogu,ringhäälingunõukogult,"Eesti Raadio töötajad soovivad ringhäälingunõukogult , et nende valitud 9-liikmelisel delegatsioonil võimaldataks kohtuda peadirektori kandidaatidega ja neile küsimusi esitada .",,,,no,"The word 'ringhäälingunõukogult' indicates the source or origin of an action, not a location, so it is not adverbial of place.",no,no,no,no
4327650,6961830,4,pärinema,,abl,118,118-lt,"Algsed maalingud pärinevad 118-lt erinevate maade autorilt , nüüd naasid neist 15 jälle Berliini , kus nad püüavad 10 päeva jooksul oma töid restaureerida .",,,,no,"The word '118-lt' specifies a numerical quantity and origin, not a specific place, so it is not adverbial of place.",no,no,no,no
12692067,20306556,11,väitma,,el,minek,minekust,"” ) , kuid hoolimata Reevesi bändiga Dogstar India tuurile minekust väidab Moss , et nad on kõigest sõbrad .",,,,no,"The phrase 'minekust' refers to the act of going on a tour and does not describe a specific location, so it is not classified as an adverbial of place.",no,no,no,yes
1633647,2600659,8,näima,,in,käitumine,käitumises,Väheke kriitilisemad ajakirjanikud on näinud miilitsaülem Ponidelko käitumises siiski oskuslikku hämamist .,,,,no,"The phrase 'käitumises' refers to behavior and not a location, hence it is not an adverbial of place.",no,no,no,no
6610679,10637960,7,ühinema,,in,külmaihalus,külmaihaluses,Otepää MK-etapi korraldajad ühinevad Kristinaga tema külmaihaluses .,,,,no,"The phrase 'külmaihaluses' refers to a feeling or preference, not a location, and hence is not an adverbial of place.",no,no,no,no
5184622,8317561,34,teatama,,all,eelnõu,eelnõule,"Venemaa välisvõlg ei ületa 2003. aasta 1. jaanuaril 141 miljardit dollarit ehk 2469 miljardit Eesti krooni , ütles Venemaa rahandusministri pressiesindaja uudisteagentuurile BridgeNews , teatas Äripäev Online viidates 2002. aasta Venemaa vastuvõtmata eelarve eelnõule .",,,,no,"The phrase 'eelnõule' refers to a draft or proposal, not a location, so it is not an adverbial of place.",no,no,no,no
10607315,17002559,12,kuuluma,,el,erakapital,erakapitalist,"Suure ärasõidu revisjon üllatas skeptikuidki : kui 3/4 Eesti erakapitalist kuulus muulastele , siis lõviosa haldasid baltisakslased .",,,,no,The phrase 'erakapitalist' is not an adverbial of place because it refers to ownership or possession rather than a location.,no,no,no,no
7661810,12284894,7,järgnema,,el,plaadiprojekt,plaadiprojektist,"Siis järgneb mõnevõrra keeruline jutt ühest plaadiprojektist Saksamaal , millega on seotud Peeter Vähi ja ERSO parimate solistidega ja mis peaks aasta lõpuks valmima .",,,,no,The phrase 'plaadiprojektist' is not an adverbial of place because it refers to a project and not a location.,no,no,no,no
482270,757852,8,tekkima,,abl,teine,teiselt,"Ühelt poolt kajastavad raskusi negatiivsed majandustulemused , teiselt poolt on klientidel järjest tihedamini tekkinud probleeme kahjuhüvitise kättesaamisega oma kindlustusseltsist .",,,,no,"The phrase 'teiselt' is an adverb of manner, not place, as it describes contrast in viewpoint rather than location.",no,no,no,no
1345807,2139620,44,teatama,,all,ajakiri,ajakirjale,"Paar tundi enne seda , kui parvlaev "" Estonia "" siirdus 27. septembril 1994. a viimasele saatuslikule reisile , leidsid Rootsi meresõiduameti inspektorid laevas viis viga , mille tõttu laeva ei oleks üldse tohtinud sadamast välja lasta , teatab tänane Dagens Nyheter viitega ajakirjale Moderna Tider .",,,,no,"The phrase 'ajakirjale' indicates the recipient of information, not a location, thus it is not adverbial of place.",no,no,no,no
12443541,19922125,16,lükkama,,all,õpe,õppele,Riigikogus 15 . septembril vastu võetud põhikooli- ja gümnaasiumiseaduse muutmise seadus lükkab riiklikes vene üldhariduskoolides eestikeelsele õppele ülemineku aastasse 2007 .,,,,no,"The phrase 'õppele' indicates an action of transitioning to Estonian-language learning, which refers to the type of learning rather than a physical location, so it is not an adverbial of place.",no,no,no,no
5435641,8715340,20,harjuma,,ad,selline,sellisel,"Perenaise mugavuselembust tõestab Ameerikast kaasa toodud määratute mõõtmetega , lai ja kõrge voodi - öeldakse , et kes sealmaal sellisel magama harjunud , ei saa enam kunagi kõval kushetil und .",,,,no,"The phrase 'sellisel' describes the type of bed rather than a location, so it is not an adverbial of place.",no,no,no,no
9621699,15443589,3,kutsuma,esile,in,mitkide,mitkides,"Nood kutsuvad mitkides esile haletsusele sarnaneva ängi , millist tunneme värdjalikku last nähes .",,,,no,"The phrase 'mitkides' seems to modify 'esile kutsuvad,' referring to something unspecified and is not a clear spatial reference, hence it is not an adverbial of place.",no,no,no,no
8840737,14202941,5,andma,,adit,sõnakuulmine,sõnakuulmisse,"Õed annavad ennast kloostriülema sõnakuulmisse ja peavad arvestama kolimisega uude riiki , kui siinne kogudus kosub ja neid kusagil mujal rohkem vajatakse .",,,,no,"The phrase 'sõnakuulmisse' refers to obedience or submission, not a physical location, hence it is not an adverbial of place.",no,no,no,no
4747380,7624532,7,müüma,,el,20tablett,20tabletist,"Kui mullu müüs Vana apteek aspiriini 20tabletist pakki kümne krooniga , siis nüüd 10.50ga , kümme tabletti maksab varasema viie krooni asemel 5.30.",,,,no,"The phrase '20tabletist' describes a quantity rather than a physical location, so it is not categorized as an adverbial of place.",no,no,no,no
16915361,26007310,1,oskama,,in,kusjuurne,kusjuurses,kusjuurses ei oskagi ette kujutada kas üldse õhemalt seda peale kanda saab .,,,,no,"The phrase 'kusjuurses' is used as a discourse marker or conjunction and does not describe a physical location, so it is not an adverbial of place.",no,no,no,no
18509260,28028652,13,laenama,,all,piir,piiridele,"Ka on põllumajanduse krediteerimise fond laenanud Hoiu-Laenuühistute Liidu liikmetele vastavalt seaduses lubatud piiridele 2,7 miljonit krooni rahalist ressurssi edasilaenamiseks .",,,,no,"The phrase 'piiridele' refers to limits or boundaries but does not specify a physical location, hence it is not an adverbial of place.",no,no,no,no
14028523,22333693,3,tabama,,el,filmiennustaja,filmiennustajatest,"SL Õhtulehe filmiennustajatest tabas laupäeval kõige täpsemalt Eesti Ekspressi filmikriitik Jaan Ruus , kes arvas ära nii parima filmi , parima režissööri kui ka parimate mees- ja naisosatäitjate Oscarid .",,,,no,"The phrase 'filmiennustajatest' describes a group of people (film predictors) and not a particular location, so it is not an adverbial of place.",no,no,no,no
2384346,3820754,28,lausuma,,all,väljaanne,väljaandele,""" Ma ei usu , et on võimalik , et Osama , istudes mägedes , sai seda teha , "" lausus Musharraf ( pildil ) 12. augusti väljaandele ajakirjast New Yorker Magazine , vahendas Reuters .",,,,no,"The phrase 'väljaandele' refers to a publication or edition of a magazine, not a place, so it is not an adverbial of place.",no,no,no,no
5687933,9122506,1,tõusma,,adit,mood,Moodi,Moodi on taas tõusnud juukselaki kasutamine .,,,,no,"The phrase 'Moodi' refers to fashion or trend and does not indicate a physical place, so it is not an adverbial of place.",no,no,no,no
7937139,12719273,6,karjuma,,ad,madallend,madallennul,Ritsikad saagisid ja pääsukesed karjusid madallennul .,,,,no,The phrase 'madallennul' was classified as 'no' because it describes the manner of the swallows' actions rather than specifying a location.,no,no,no,no
17926921,27319938,44,lõpetama,,all,hoiatus,hoiatusele,"( 1 ) Kohus võib osaühingu taotlusel osaniku osaühingust välja arvata , kui osanik on oma kohustuse mõjuva põhjuseta olulisel määral täitmata jätnud või on muul viisil osaühingu huve oluliselt kahjustanud ega ole kohustust täitnud ega kahjustamist lõpetanud , vaatamata ka osaühingu kirjalikule hoiatusele .",,,,no,The phrase 'hoiatusele' was classified as 'no' because it does not describe a place where an action occurs but refers to a warning or notice.,no,no,no,no
325942,507044,15,vajama,,abl,Javelin,Javelinilt,"Mugavaim sarnane jadaliides on I2C [ 2 ] [ 7 ] , mis vajab Javelinilt vaid kaht väljaviiku ja millele valmistatavate perifeeriaseadmete valik on sisuliselt piiramatu .",,,LOC,no,"The phrase 'Javelinilt' implies origin or source and not a location where an action happens, so it was classified as 'no'.",no,no,no,no
1936541,3086153,12,jääma,alles,el,töösuund,töösuunast,"Hea näide on keeleameti reorganiseerimine keeleinspektsiooniks , kus , hoolimata erinevast töösuunast , jäid alles samad inimesed .",,,,no,"The phrase 'töösuunast' relates to an abstract concept and not a specific location, so it was classified as 'no'.",no,no,no,no
12548610,20083028,23,puhuma,,ad,avakatse,avakatsel,"Mitu minutit puhus , ent kohtunikud viivitasid täpselt nii kaua , et tuul suunda muutis , ” rääkis Nool , kellele kahel avakatsel puhus 0 , 4- ning viimasel 1 , 7-meetrine vastutuul .",,,,no,"The phrase 'avakatsel' refers to an event or occasion rather than a location, so it is not an adverbial of place.",no,no,no,yes
1250328,1987892,7,ulatuma,,ill,muusika,muusikasse,"Kõik , mille juured ulatuvad musta muusikasse , "" teatab ta .",,,,no,"The phrase 'muusikasse' refers to a metaphorical or abstract concept rather than a physical location, so it is not an adverbial of place.",no,no,no,no
2570839,4125080,10,õnnestuma,,el,kaotusseis,kaotusseisust,"Poolfinaalis sai eestlane töövõidu valgevenelase Igor Makarovi üle , kaotusseisust õnnestus pääseda pool minutit enne lõpugongi .",,state,,no,"The phrase 'kaotusseisust' refers to a state or situation and not an actual location, so it is not an adverbial of place.",no,no,no,no
6891002,11076426,14,kavatsema,,in,käsi,käes,"Hea näide on Rotermanni kvartal , kus maaomanikud neile kuuluvaid tükke ilmselgelt niikaua käes kavatsevad hoida , kuni maa hind tõuseb , et see siis soodsalt edasi müüa .",,,,no,"The phrase 'käes' was classified as 'no' because it refers to possession or holding something, not to a specific physical place or location.",no,no,no,no
1558604,2479672,5,kehtima,,ad,firma,firmadel,"Leppsalu sõnul on kehtib firmadel tasuvuspiir , kus kulude kokkuhoid kaalub üles mugavuse .",,,,no,The phrase 'firmadel' is classified as 'no' because it does not indicate a location but refers to entities (companies) in the context of a general statement.,no,no,no,no
15340046,23958102,15,seletama,,el,loogika,loogikast,"Teised on inimesed , kes tõstavad mateeria kõrvale vaimu ja seletavad maailma mitte lähtudes loogikast vaid usus mingisse kõrgemasse mittemateriaalsesse eksistentsi .",,,,no,The phrase 'loogikast' is classified as 'no' because it refers to the basis or reasoning (logic) and not to a physical or geographical place.,no,no,no,no
8809577,14144667,11,tõusma,,all,kikivarvas,kikivarvastelegi,"Teiseks - ja nüüd kõrgendas kõnepidaja häält , tõusis vast kikivarvastelegi , sellal kui kõnetooli servast tuge leidis :",,,,no,"The phrase 'kikivarvastelegi' was classified as 'no' because it does not indicate a location or place, but rather a manner or physical position.",no,no,no,no
8695365,13948804,3,teadma,,abl,täpp,täpilt,"Ta teadis täpilt , mil ta on võitlusest välja loetud .",,,,no,"The phrase 'täpilt' describes manner or precision rather than a location, so it is not an adverbial of place.",no,no,no,no
13962876,22228347,5,kaevama,,ad,palve,palvel,Tillukese haua kaevasid Diana palvel kuningakoja ülemteenrid Paul Burrell ja Harold Brown .,,,,no,"The phrase 'palvel' describes a cause or reason for the action, not a location, so it is not an adverbial of place.",no,no,no,no
4809214,7721912,22,levima,,el,erruminek,erruminekust,"Jeeni aitas nõrgendada ka uudis , et Jaapani rahandusministeeriumi kõrge ametnik Eisuke Sakakibara jääb ametisse , kuigi vahepeal levisid kuuldused tema erruminekust .",,event,,no,"The phrase 'erruminekust' refers to the event of retirement, not a location, so it is not an adverbial of place.",no,no,no,yes
15661949,24438900,11,tekitama,,ad,meetod,meetodil,Kakskümmend kaks aastat hiljem tekitas USA kindral Thomas Aldrich samal meetodil kunstliku vihma põuasel Madeira saarel .,,,,no,"The phrase 'meetodil' describes the manner or method by which something is done, not a location, so it is not an adverbial of place.",no,no,no,no
141920,236726,9,maksma,,abl,ruutmeeter,ruutmeetrilt,"Võrdluseks : samas kõrval elavad Uus-Miiduranna prominendid maksid ruutmeetrilt 700-1000 krooni , kütusemahuti ühe kuupmeetri ehitamine maksab 750-900 krooni ( 50-60 USD ) .",,,,no,"It was classified as 'no' because 'ruutmeetrilt' specifies a measurement or rate per square meter, not a place.",no,no,no,no
9878699,15850207,2,pöörduma,,in,kleit,Kleidis,“ Kleidis ” Paap pöördub Ehasoo poole .,,,,no,It was classified as 'no' because 'Kleidis' refers to a state of wearing a dress rather than indicating a location.,no,no,no,no
12967192,20745468,6,ajama,,all,rõõm,rõõmudele,"Mõte , et « Keskea rõõmudele » järg vändata , ajab Jäneda nõia itsitama ja tema siilisoengu turri : « Minugipoolest kui vaid nalja saab !",,,,no,"The phrase 'rõõmudele' is not an adverbial of place because it does not indicate a location or direction, but rather is part of the title being referenced.",no,no,no,no
10957406,17550035,9,viima,,all,2.15,2.15le,"19-aastane Paavo viis isikliku tippmargi 2.07 pealt korraga 2.15le , mis on sel alal harvanähtav edasiminek .",,,,no,"The phrase '2.15le' indicates a numerical result or measure, not a place, hence it is not adverbial of place.",no,no,no,no
11217698,17973053,16,esietenduma,,in,eelkäija,eelkäijaski,"Eki “ Giselle'i ” versioonis on olemas kõik parameetrid , mis 1841. aastal esietendunud klassikalises eelkäijaski .",,alive,,no,"The phrase 'eelkäijaski' refers to a predecessor or prior instance, not a location, so it is not adverbial of place.",no,no,no,no
16696598,25689187,2,haarama,,in,lõige,lõikes,Kas lõikes 4 see sõna “ elamu- ” haarab enda alla ka suvilate ja aiamajade krunte ?,,,,no,"The phrase 'lõikes' refers to a section or clause in a text, which does not denote a physical location, so it is not adverbial of place.",no,no,no,no
6309797,10137779,5,kulgema,,ad,sõjalennuk,sõjalennukitel,"Lend üle Läänemere kulges sõjalennukitel plaanipäraselt , kuid 30 kilomeetrit enne Kaliningradi oblastis asuvat Tšernjahhovski lennubaasi pidid lennukid võtma kursi 195 kraadi , aga Valeri Trojanovi juhitud hävitaja võttis hoopis kursi 170 kraadi .",,,,no,"The phrase 'sõjalennukitel' refers to the medium (military airplanes) rather than a location, so it is not adverbial of place.",no,no,no,no
10798919,17295361,2,kuluma,,el,kandmine,kandmisest,Katastrisse kandmisest kinnistusraamatusse kandmiseni kulub vähemalt 12 kuud .,,,,no,"The phrase 'kandmisest' refers to the act of transferring rather than denoting a physical location, so it is not adverbial of place.",no,no,no,yes
11064145,17721409,18,paistma,,el,optimism,optimismist,Ligi neli aastat kestnud erastamisläbirääkimised on veninud ilma otsese põhjuseta ning hoolimata USA asevälisministri Strobe Talbotti üleeilsest optimismist ei paista siiski kiiret lahendust ka täna .,,,,no,"The phrase 'optimismist' in sentence 'l' was classified as 'no' because it specifies a cause or source of optimism, rather than indicating a location or place.",no,no,no,no
13033193,20853014,1,kujunema,,el,dieedipidamine,Dieedipidamisest,Dieedipidamisest kujunes anoreksia .,,,,no,"The phrase 'Dieedipidamisest' explains the cause or source of the anorexia but does not indicate a place, so it is not adverbial of place.",no,no,no,no
1631647,2597679,4,tõusma,,adit,kauplemispäev,kauplemispäeva,"Indeks TALSE tõusis kauplemispäeva lõpuks 0,05 protsenti 143,65 punktile .",,time,,no,"The phrase 'kauplemispäeva' refers to a temporal context ('trading day') rather than a location, so it is not adverbial of place.",no,no,no,yes
13061762,20900299,1,võtma,sisse,ad,oranž,Oranžidel,"Oranžidel stuudiopubliku pinkidel võtsid kohad sisse tursked erkpunaste huultega prouad , Coco Chanelli võltsaksessuaaride ja tõenäoliselt oma parimate pidukostüümidega ehitud daamid ja nende hallide kampsunitega vuntsilised abikaasad .",,,,no,The phrase 'Oranžidel' was classified as 'no' because it does not describe or indicate a location or place.,no,no,no,no
2853523,4575926,2,tekitama,,in,ajastu,ajastus,"Röövi ajastus on aga tekitanud kahtlusi , et tegemist võis olla Litvinenko mõrvauurija pihta suunatud rünnakuga .",,time,,no,The phrase 'ajastus' was classified as 'no' because it refers to timing rather than a specific place.,no,no,no,no
485998,763588,1,jooksma,,el,see,Sellest,"Sellest hoolimata jooksis laamendaja veel umbes 100 meetrit , enne kui kokku vajus ja kinni nabiti .",,,,no,"The phrase 'Sellest' is not an adverb or adverbial phrase of place, as it does not refer to a location or specify where something happens.",no,no,no,no
10900558,17457748,2,laskma,,el,mittepääsemine,mittepääsemisest,Playoff-mängudele mittepääsemisest ei lase põhjamaalaslikult rahulik van Gent ennast vihastel näpuganäitajatel häirida .,,,,no,"The phrase 'mittepääsemisest' is not an adverbial phrase of place, as it refers to the act of not reaching or qualifying and does not indicate a place.",no,no,no,no
9840680,15791154,17,unistama,,el,jällenägemine,jällenägemisest,"Ta õpib väsimatult inglise keelt , saadab koju lastele ja vanale emale raha ning unistab nende jällenägemisest .",,event,,no,The phrase 'jällenägemisest' refers to the abstract concept of reunion and does not specify a physical location.,no,no,no,no
11235473,18002860,11,märkama,,el,öö,öist,"” Mitt on veendunud , et mõni taksojuht kindlasti märkas öist tegevust , kuid mõne päeva jooksul võib iseäraliku tähelepaneku unustada .",,,,no,The phrase 'öist' refers to the time (night) and not a physical place.,no,no,no,no
2566945,4118733,19,tabama,,el,keskmine,keskmisest,"Grutupsi hinnangul võib vaid hirmuunenägudes ette kujutada , mis juhtub siis , kui ehitusmaterjalide kitsikuses rajatud aatomielektrijaama tabaks keskmisest tugevam maavärin .",,,,no,"The phrase 'keskmisest' describes a comparative degree without referencing a location, so it is not an adverbial of place.",no,no,no,no
11295288,18101820,6,heitma,,all,juhtunu,juhtunule,Üleeile hommikul Moskva-äärses Dmitrovo rajoonis juhtunule heidab valgust eilne “ Sport Ekspress ” .,,event,,no,"The phrase 'juhtunule' refers to something that happened but does not indicate a location, so it is not an adverbial of place.",no,no,no,yes
5694952,9134040,6,tutvustama,,el,finantsaasta,finantsaastast,"Nimelt tutvustas ta kokkuvõtet Vatikani finantsaastast , mis lõppes 11,8 miljoni dollari suuruse puudujäägiga kolmandat aastat järjest .",,time,,no,"The phrase 'finantsaastast' refers to a financial year, which is a time reference rather than a location, so it is not an adverbial of place.",no,no,no,yes
7005005,11253214,5,pärinema,,abl,18,18-lt,""" Kõrgetasemelised teosed pärinevad 18-lt üle 65 aasta vanuselt kunstnikult .",,,,no,"The phrase '18-lt' indicates a number rather than a location, so it is not an adverbial of place.",no,no,no,no
9689244,15549257,10,jõudma,,el,avatus,avatusest,"Hoopis hull on aga see , et hoolimata piiride avatusest ja kõigist kommunikatsioonivõimalustest , jõuavad paljud välismaa kultuurisündmused meieni suure hilinemisega .",,state,,no,"The phrase 'avatusest' refers to openness, which is not a specific location, so it is not an adverbial of place.",no,no,no,no
267079,421923,21,kohtama,,ad,otsus,otsusel,"Nii et Talvik viibis seal , kus ma teda kohtasin , mingil määral ju tõesti või peaaegu täiesti - omaenese otsusel .",,,,no,"The phrase 'otsusel' refers to a decision and does not indicate a place, so it is not an adverbial of place.",no,no,no,no
18856697,28477328,13,otsima,,all,kahanemine,kahanemisele,"“ Tööstuskaupade müügi vähenemist põhjustab kindlasti riigipiir , ” otsib Gross turu kahanemisele põhjust .",,,,no,"The phrase 'kahanemisele' refers to a concept of reduction or decline rather than specifying a physical location, so it is not classified as an adverbial of place.",no,no,no,no
3708197,5971755,12,alluma,,all,ekspresident,ekspresidendile,"Pinev olukord Bosnias jäi püsima ka eile , kui Bosnia serblaste ekspresidendile Radovan Karadzicile alluvad julgeolekujõud vahistasid pooleks tunniks praegusele presidendile Biljana Plavsicile lojaalse politseiülema .",,alive,,no,"The phrase 'ekspresidendile' refers to a person rather than a location, so it is not classified as an adverbial of place.",no,no,no,no
13070302,20913671,12,tähendama,,adit,pearoog,pearooga,"Päeval pakutakse siin vaid nn. lõunamenüüd , mis tähendab vahetuvat päeva pearooga ning nädala kaupa muutuvat toiduvalikut .",,,,no,"The phrase 'pearooga' is not indicating a location or position, therefore it is not an adverbial of place.",no,no,no,no
12054454,19296375,13,lootma,,in,põks,põksudes,"Täna õhtul laseb Värnik haige jala kõvasti kinni teipida ning loodab südame põksudes , et alles paranevad sidemed peavad pingele vastu .",,,,no,"The phrase 'põksudes' describes an action or manner, not a location or position, so it is not an adverbial of place.",no,no,no,no
2277902,3646537,1,lootma,,in,lõppkokkuvõte,Lõppkokkuvõttes,Lõppkokkuvõttes loodab Marat maha müüa 8000 eurosärki .,,,,no,"The phrase 'Lõppkokkuvõttes' refers to a concluding point or summary rather than a location, so it is not an adverbial of place.",no,no,no,no
14498614,22927932,15,kohtuma,,el,trahv,trahvist,"Sellegipoolest pääses üks foori taga konutades telefoni võtnud ning mundrimehele vahele jäänud baierlane kohtus trahvist ta suutis nimelt tõestada , et auto mootor sel hetkel ei töötanud .",,,,no,"The phrase 'trahvist' refers to an abstract notion (a fine) rather than a physical location, so it is not an adverbial of place.",no,no,no,no
1186718,1886439,14,leppima,kokku,in,esitamine,esitamises,Välja sõnul oli ta juba varem linnapead lahkumisest teavitanud ja leppinud kokku lahkumisavalduse esitamises .,,,,no,"The phrase 'esitamises' refers to an action (submission) and not a physical place, so it is not an adverbial of place.",no,no,no,yes
14725346,23198862,4,püsima,,in,kartus,kartuses,""" Püsime kakluste kartuses valvel ka esmaspäeval , seejärel peaks kokkupõrked vaibuma , "" lisas ametnik .",,state,,no,"The phrase 'kartuses' expresses a state of fear or concern, which is not related to a location, so it is not an adverbial of place.",no,no,no,no
6473473,10409390,3,kujunema,,el,fenomen,fenomenist,"Valdo Pandi fenomenist ja isiklikust draamast olulisemaks kujunes fantastika valda kuuluv süžee Marsil elavatest Tipist ( Lembit Ulfsak ) ja Täpist ( Peeter Oja ) , kes , avastanud oma ETV teisikud , otsustavad saata Maale Täpi , et see õiendaks konspiratsiooni säilimise huvides arved nukkude looja Tädi Ruthiga ( Ülle Kaljuste ) .",,,,no,"The phrase 'fenomenist' refers to the phenomenon and expresses a source or a subject of discussion, not a location, so it is not an adverbial of place.",no,no,no,no
8067584,12946732,4,kõikuma,,ad,kindlustamine,kindlustamisel,Viljandi linna vara kindlustamisel kõikusid hinnad kaks korda .,,,,no,"The phrase 'kindlustamisel' refers to an action or process and not a location, therefore it was not classified as adverbial of place.",no,no,no,yes
10393189,16673490,7,ületama,,in,kiiruisutamine,kiiruisutamises,"Kui eksidasakslanna Gunda Niemann-Stirnemann 3000 m kiiruisutamises finišijoone ületas , järjekordset maailmarekordit ei sündinud .",,,,no,"The phrase 'kiiruisutamises' specifies the context or activity in which the action occurred but does not indicate a physical location, so it is not an adverbial of place.",no,no,no,yes
2342303,3752090,5,alustama,,all,pommiplahvatus,pommiplahvatusele,"Vastuseks neljapäevasele Jeruusalemmas toimunud pommiplahvatusele , kus hukkus 11 inimest , alustas Iisraeli armee reede varahommikul operatsiooni Betlemmas .",,event,,no,"The phrase 'pommiplahvatusele' refers to responding to the bombing, indicating a cause or reason rather than a location, so it is not classified as an adverbial of place.",no,no,no,yes
18939025,28595457,4,kutsuma,,in,maakeel,maakeeles,"Seda hetke kutsume maakeeles nimega paraaeg ehk praegu , see ongi see parim võimalik hetk .",,,,no,"The phrase 'maakeeles' refers to the medium (in the local language) rather than a location, so it is not classified as an adverbial of place.",no,no,no,no
6812037,10959639,9,otsima,,all,abielutüli,abielutülile,Tallinna ringkonnakohus arutas eile Eesti ja Soome presidendilt abielutülile lahendust otsinud Hille Jõesaare ja Osmo Aatami Brusila õigust lapse hooldusele ning langetab otsuse 28. jaanuaril .,,,,no,"The phrase 'abielutülile' does not indicate a location or place, so it is not an adverbial of place.",no,no,no,no
4061850,6537996,12,moodustama,,all,metamorfoos,metamorfoosidele,"Ent see kõik moodustab justkui ebaolulise fooni boku ümber aset leidvatele metamorfoosidele , millesse ka teda teinekord kaasa tõmmatakse .",,,,no,"The phrase 'metamorfoosidele' relates to a process or occurrence, not a location, so it is not an adverbial of place.",no,no,no,yes
4947776,7943707,4,vahendama,,abl,rahvusorkester,rahvusorkestrilt,Sari vahendab kontserte rahvusorkestrilt kodumaise dirigendi juhatusel ning esitatakse rahvuslikku heliloomingut klassikast vöi nüüdisajast .,,,,no,"The phrase 'rahvusorkestrilt' denotes a source or providing entity, not a place, so it is not an adverbial of place.",no,no,no,no
6849113,11019127,6,langema,,in,häda,hädas,"San Remo rallil oli Märtin hädas teele langenud puulehtedega , mis ummistasid radiaatoriava ja põhjustasid mootori ülekuumenemise .",,,,no,"The word 'hädas' refers to being in trouble or challenged, which does not specify a place.",no,no,no,no
1007460,1604356,2,püsima,,ad,kinnitus,kinnitusel,"Lavrovi kinnitusel püsib Nüganeni Peterburis lavastatud "" Arkaadia "" teatri mängukavas ja publik ründab etendusi siiani .",,,,no,"The word 'kinnitusel' means 'according to confirmation,' which does not imply a place.",no,no,no,no
12147785,19450604,27,kestma,,ad,tingimus,tingimustel,"« Meie kaunitar » ja « Meie geenius » on SL Õhtulehe korraldatav konkurss , mis paralleelselt TV3 tõsielusarjaga « Kaunitar ja geenius » ning sarnastel tingimustel kestab 20. oktoobrini .",,,,no,"The word 'tingimustel' means 'under conditions,' which refers to circumstances rather than a location.",no,no,no,no
538483,849556,6,vähenema,,all,paarkümmend,paarikümnele,Õhtuks olid need arvud vähenenud paarikümnele .,,,,no,"The phrase 'paarikümnele' refers to a quantity, not a specific place.",no,no,no,no
4979658,7995852,14,võtma,,all,eskaleerimine,eskaleerimisele,"Maailma huvitab eelkõige see , kas Sharon võtab võimu haaramise järel kursi sõjategevuse eskaleerimisele või algavad Iisraeli ja palestiinlaste vahel taas läbirääkimised .",,,,no,"The phrase 'eskaleerimisele' refers to an action or process, not a location.",no,no,no,no
15687330,24478079,5,kogunema,,all,kumb,kummale,"Nii saaks selgitada , kummale koguneb rohkem hääli .",,,,no,"The phrase 'kummale' refers to a comparison or choice between entities, not a specific place.",no,no,no,no
18370864,27849828,4,hoidma,,in,igastahe,igastahes,"Me hoiame pöialt igastahes , tõhusamaid vahendeid vist me võimuses kahjuks pole .",,,,no,The phrase 'igastahes' is not classified as an adverbial of place because it refers to a general manner or expression ('in any case') rather than a location.,no,no,no,no
3839693,6184709,14,eelistama,,all,juubel,juubelitele,"Laulja ja näitleja Kärt Tomingas , kes tähistab laupäeval kolmekümnendat sünnipäeva , eelistab juubelitele tavalisi sünnipäevi .",,,,no,The phrase 'juubelitele' is not classified as an adverbial of place because it refers to an event or situation ('jubilees') and not to a physical or spatial location.,no,no,no,no
6342821,10192067,6,nägema,välja,in,kuus,kuues,"Mõlemad raamatud näevad oma erkpunases kuues välja äärmiselt efektsed , ja niivõrd , kuivõrd esimene on kapitaalselt kogukas , on teine stiilselt õhuline .",,,,no,"The phrase 'kuues' refers to the appearance or state of the books, not a location, so it is not adverbial of place.",no,no,no,no
4957163,7959232,11,ununema,,in,esinemispalavik,esinemispalavikus,"Kui siis aga mõne pala algus klaveri taha istudes suures esinemispalavikus ununes , tundus see lausa maailmalõpuna , samuti kui solfedzhotunnis harjutus kentsakalt välja kukkus , mille üle klassikaaslastest publikum paraku lõbusasti naerda kihistas .",,state,,no,"The phrase 'esinemispalavikus' refers to a state or condition, not a location, so it is not adverbial of place.",no,no,no,no
3772109,6075711,13,kaaluma,,all,lapsevanem,lapsevanematele,Osalustasu kehtib juba Valgas ning Tallinna haridusameti juhataja Erkki Piisangi andmetel kaaluvad lapsevanematele sellist koormist veel mitmed linnad .,,alive,,no,"The phrase 'lapsevanematele' refers to an indirect object or recipient, not a location, so it is not adverbial of place.",no,no,no,no
8035257,12895049,4,jooma,,el,rõõm,rõõmust,"Autor ise oli rõõmust purju joonud , et Tallinnas tedagi lavastatakse .",,,,no,"The phrase 'rõõmust' describes an emotional state, not a location, so it is not classified as an adverbial of place.",no,no,no,no
3261424,5241651,2,poseerima,,ad,see,Sellel,""" Sellel poseerisid avaras elutoas seksikalt õlakas atleet tennisereketiga ja lokirullides vamp pehmel kušetil - miljonite unelm miljonidollari kodus .",,,,no,"The phrase 'Sellel' refers to a subject or object (a photograph), not a physical location, so it is not classified as an adverbial of place.",no,no,no,no
3639692,5861371,15,jääma,välja,el,arvestamine,arvestamisest,"Eesti Vabariik on leebem ja lubab inimesele 18. Mis üle selle , jääb toetuse arvestamisest välja .",,,,no,The phrase 'arvestamisest' is not an adverbial of place because it refers to a process or action rather than a location.,no,no,no,no
3894097,6271901,26,lisanduma,,abl,ise,endalt,"Sel aastal on Liigvalla mõisas tööd tehtud mullu viimast korda jagatud SAPARD-i toetuse eest , millele nii siis kui ka nüüd lisandub sama summa firmalt endalt .",,,,no,The phrase 'endalt' is not an adverbial of place because it refers to a source or origin (from oneself) and not a location.,no,no,no,no
7222733,11617189,21,juhatama,,el,periood,perioodist,""" Olgu sel ajal vanalinna valgustavad jõulutuled ja kuusel süüdatavad küünlad päikese asemal ja juhatagu nad meid aasta kõige pimedamast perioodist aega , mil päike oma pesas jälle virguma ja ennast näitama hakkab . """,,,,no,The phrase 'perioodist' is not an adverbial of place because it denotes a time period rather than a location.,no,no,no,no
2368620,3795918,28,jääma,,abl,keskmine,keskmiselt,"Kaks ja pool aastat on Tallinnas Kauge tänava varjupaigas kodutute eest hoolitsenud Oleviste koguduse liige Milvi Aaslaid , kelle sõnul on viimaste õhtute teejagamistel ukse taha jäänud keskmiselt 6 kuni 8 inimest , kellele varjupaigas kohta ei jätkunud .",,,,no,The phrase 'keskmiselt' is not an adverbial of place because it expresses an average quantity and is unrelated to location.,no,no,no,no
4516220,7260197,13,saama,valmis,in,järk,järgus,"Projeketi kogupind on 75 000 m2 , millest 35 000 m2 saab valmis esimeses järgus 2008. aasta esimeses pooles .",,,,no,"The phrase 'järgus' was classified as 'no' because it refers to a stage or phase of completion, not a location.",no,no,no,no
17978857,27357830,5,jääma,,el,100%,100%st,"Kui ELi otsetoetused jäävad 100%st väiksemaks , tuleb toetussumma eraldada Eesti riigieelarvest , et meie põllumeestel oleks liidus võrdsed tingimused .",,,,no,"The phrase '100%st' is not specifying a location, so it's not an adverbial of place.",no,no,no,no
5262886,8442442,6,käima,ära,ad,rekordmadal,rekordmadalal,Telekomi aktsia käis päevasiseselt ära rekordmadalal 70 krooni tasemel .,,,,no,"The phrase 'rekordmadalal' describes a level or state, not a place, so it's not an adverbial of place.",no,no,no,no
981021,1562806,8,levima,,ad,selgitus,selgitusel,"Hansapanga suhtekorraldajate Kristi Liiva ja Ando Noormetsa selgitusel levis tehnilise rikke versioon esmaspäeva hommikul seetõttu , et panga klienditoe töötajatel ei olnud enne turvajuurdluse lõppu juhtunu kohta täpset infot .",,,,no,"The phrase 'selgitusel' explains the means or reason of an action and does not indicate a location, so it is not an adverbial of place.",no,no,no,no
4825664,7748191,4,hüppama,,el,loodetud,loodetust,"Mitmedki mehed hüppasid loodetust kümmekond meetrit vähem , kuni Masahiko Harada tõusis 115meetrise hüppega teiseks .",,,,no,"The phrase 'loodetust' refers to a comparison of expectations, not a specific location, so it is not an adverbial of place.",no,no,no,no
1412007,2245986,10,kinnitama,,all,isikuomadus,isikuomadustele,"Kuigi erinevate uuringute tulemused kinnitavad ettevõtjate erilist tähelepanu töövõtjate isikuomadustele juba mitmel viimasel aastal , ei ole sellest järeldusi teinud noored ega koolid .",,,,no,"The phrase 'isikuomadustele' denotes an object of focus rather than a place, so it is not an adverbial of place.",no,no,no,no
