form|lause
3Dmark01SE 'st|Jutt käib ikka 3Dmark01SE 'st ?
7000rpm'ist|Jutt vist käis 7000rpm'ist ?
Aleksanderplatsil|Enne 11. septembrit kõnelesidki sotsiaaldemokraadid selle variandi võimalikkusest , aga pärast seda päeva hakkasid endised kommunistid - kellel niigi Ameerika ja NATO vastane maine - ainukesena suurt rahuparteid mängima ning käisid siniste lipukeste ja valgete rahutuvidega Aleksanderplatsil marssimas .
BBVst|1994 lahkus ta BBVst , et asuda tegevjuhina tööle Banco Central Hispanos , mis teatas oma kasumite kukkumisest .
C-sektoris|Kui teangi võistluse ajal , et poeg istub C-sektoris , siis vaevalt see kuulitõuketehnikat parandab , tõi Nool näite .
Gildest|Tänaseni pole Eestis lisandunud palju Gildest kiiremini jooksnud sprintereid .
Hiirelõksust|1958 sai « Hiirelõksust » Suurbritannia pikima lavaeluga etendus .
Laenutuspunktis|Laenutuspunktis endas liigub lausa katkematu kliendivool - on ehitushooaeg .
Nagano-võistkonnale|Kuigi eilset jõuproovi olümpiakoondise katsevõistlusena ei arvestatud , astus Kurg pika sammu Nagano-võistkonnale lähemale .
Novatoursis|Et Novatoursis käib praegu uue hooaja reiside kampaaniamüük , uputasid vihased ja nõutud kliendid niigi tööga koormatud klienditeenindajad kõnedega täiesti üle või vastupidi - liinid olid kinni ning ühenduse saamine osutus võimatuks .
Nõugastel|Nii käibki praegu Nõugastel hoopis remont ja ettevalmistus uueks hooajaks .
Smuulil|Teatriajaloo aspirandina käisin 1967. aasta suvel Koguvas Smuulil külas , et küsitleda teda ta näidendite sünnilugude ja tegelaste prototüüpide kohta .
Surfer's|Käisin igal pool , Surfer's Paradise'ist Sydney ooperiteatrini .
Svalbardilt|Elu lahkub Svalbardilt — Külmalt rannikult .
Waltherist|Juhuslikust lasust hoolimata ei hakanud Torger püstoli töötamise põhimõtteid siiski täpsemalt selgeks tegema ning järgmisel päeval käis ta ühes metsatalus Waltherist märki laskmas .
Wyongis|1994  jooksis hurt  Star Title Austraalias Wyongis 400 jardi ( 366 m ) ajaga 19,57 , seega keskmise  kiirusega 67,32 km/h  .
Zavodis|Käin Illusioonis või istume Zavodis või üldse kuskil oma pleisi peal .
aolinnas|araabia rändur , kes käis Hedeby aolinnas praeguse Schleswigi lähedal 950. aastal , kirjutas , et sealsed naised toonisid silmanurki musta värviga .
arhitektuuriinstituudis|Seepärast pelgab ta , et see töö pole tema jaoks , ehkki ta on õppinud Moskva arhitektuuriinstituudis .
blizzconidel|need inimesed , kes on blizzconidel käinud jne on kah saanud ...
cielile|rapdog: cielile meeldivad loomad eriti koer nagu mulle
dennises|ma käin dennises 6-ndat aastat
dollari-korrespondentkontolt|Teisel korral liikusid 10 000 000 USA dollarit PEPi dollari-korrespondentkontolt Bankers Trust Cos minema 30. novembril 1993.
eriõppusel|“ Millenniumi mõõtu hiigellaevu ei sildu Tallinna sadamates just iga päev ja seepärast käisid lootsid kevadel Kopenhaageni mereinstituudis eriõppusel , kus mängisid kruiisilaeva saabumise arvutitel läbi , ” selgitas ASi Tallinna Sadamas turundusjuht Erik Sakkov .
escape's|"Liisz|unemaailm: käisid escape's ?"
formeeritavasse|Detsembris astus ta formeeritavasse 2.
hingevahes|Aga mõte jooksis neil küll samas hingevahes kui igas lauses armastust ja mittearmastust , tõde ja vale kaalunud kirjanikul endal .
inlitel|plix15: jeesus kristus poti pjal istus inlitel pyxe mah akiskus et suhu hakata andma
ispelli-sõnastikust|TÕenäoliselt käib jutt Pearu Petersoni ispelli-sõnastikust .
jkodus|Istud jkodus ja vahid telekat .
jopestiilile|Iseasi , kuidas soonik konkreetsele jopestiilile istub .
kaVenemaale|Nafta liigub kaVenemaale
kehaval|paps: sitad pildid mul seal rates ga käib küll kehaval ajal
kiljates|” Kui ema hommikul töölt saabub , jooksevad lapsed talle kiljates ja sädistades vastu : “ Emme !
kinnisvaraotsinguil|33aastane Victoria on alates jaanuarist , kui selgus Beckhami üleminek L.A. Galaxysse , mitu korda Californias kinnisvaraotsinguil käinud .
Komsomoli-koosolekul|Komsomoli-koosolekul olen elus käinud vaid ühe korra , mõtlesin , et issand jumal , elame kahekümnendal sajandil ja tegeleme selliste lollustega !
kriisitendentsist|113 Järgnev väärib käesoleva analüüsi huvides tsiteerimist ( jutt käib Kaarle Tuori esitatud kolmest kriisitendentsist õiguses - õiguse sisemise ratsionaalsuse , õiguse objekti ja legitiimsuse kriisist ; tsitaat osutab niisiis probleemile õiguse objektist ) :
Kruupingil|Kruupingil istus minu nukk Mann , keda ma õhtuti kartsin .
kullos|peale selle käin kullos neljandat aastat ' joonistamine/maalimine ' kunstiringis ja olen ka 4 suve ühe kuntsnikku käe all õppinud .
Lastemängu-jaamas|Lastemängu-jaamas käib linnaosavalitsuse andmeil kuus korda nädalas iga päev paarkümmend last , et seal koos eakaaslastega mängida asjadega , mida kodus pole .
luukontrollis|Keskhaigla densitomeetriakabineti operaator Sigrid Veske ütles , et luukontrollis käib päeva jooksul paar tosinat inimest ning umbes pooltel leitakse luude hõrenemise tundemärke .
läbirääkimis|Paide Piima ostumüügijuhi Linnart Laimetsa sõnul käivad läbirääkimis= ed Venemaa esindajatega , kellest uue liini avamisel olid kohal Peterburi suuremad hulgifirmad Artis , Slobodka-Matissa ja Buteron .
masšuudil|+merilin: ega sa tartu tln masšuudil ei liigu ?
megailus|Knight17_AFK: viimati käisin talvel seal siis oli ikka megailus rsk :P
metallilaos|Transpordiameti üks põhjendus piirangu sisseseadmiseks oli Draamateatri , Estonia teatri ja Reaalkooli juhtide taotlus , milles väideti , et taksojuhid käivad Estonia metallilaos urineerimas .
milleast|kena_plix: milleast jutt käib
mujalt-Eestist|Presidendiks sobib pigem see , kes on suutnud endale kodu rajada ning riigikogu liige peaks oma korteri eest ise maksma nagu seda teevad kõik mujalt-Eestist Tallinnasse tööle käivad inimesed .
märgmõõturis|Kuivmõõturi all on tiivik ja skaala pole vees , märgmõõturis käib aga vesi läbi mõõturi .
nelipühikirikus|""" Algul käisime nelipühikirikus , soos sai mormoonide juures käidud , aga nüüd oleme vennastekoguduse Peeteli kirikus , "" loetleb Pille ."
Noorsoolikal|Kes käis Noorsoolikal(2006) siis nägi .
nägemiskontrollis|Mõlema kodu lapsed käisid paari – kolme kaupa Norman Optika optometristi Katrin Aneti juures nägemiskontrollis .
omavolilistelt|TALLINN , 15. juuni ( EPLO ) - Pühapäeval tabasid politseinikud teisipäeval vanglatööstuse välistööde brigaadist Laitsest omavolilistelt lahkunud kinnipeetava Vladimir Ivanovi .
padajale|Suu oli tal paokil ja ila jooksis suunurgast padajale .
Papademos|Papademos , kelle nimetamine kiidetakse ilmselt heaks täna EL-i välisministrite kohtumisel Luxembourgis , astub sel kuul ametist lahkuva prantslase Christian Noyeri asemele .
pasteerimas|Poisid tunnistavad , et rangete karistuste kartusest nad öösiti tüdrukuid pasteerimas ega kiusamas pole käinud .
politseiparklas|Hamiltoni auto konfiskeeriti kohe pärast rikkumist ja politseiparklas käis sellel järel vormeliässa sõber .
priisaunas|Vähemalt nii kirjeldasid eile oma praegust kodu kaks Raua tänaval priisaunas käinud kodutut .
päävitamas|tirtsuu: a vaat teisipääval ... siis käisime küll sõbrantsidega päävitamas
põliskohal|Ta istus jälle Werneris oma põliskohal , vagunsaali eelviimases latris , näoga ukse poole .
püssirohu-tünnil|Kui kasutada kulunud klišeed , siis istub rahvusvaheline üldsus Kosovos Balkani püssirohu-tünnil .
raudteejamas|Kell 12 . 07 istusid Kiviõli raudteejamas rööbastel kaks purjus meest , kes ei märganud lähenevat kaubarongi , ütles päästeameti korrapidaja .
ravivõimlemas|Et tervist hoida , käib Vaike ravivõimlemas ja sööb rohkem piimatoite .
rkkk-s|trasc: käisid rkkk-s
shamaanipaaril|Aastatel 1992-97 käis rezhissöör Mark Soosaar üheksal korral külas shamaanipaaril Soshol ja Tohel , kes elavad Surgutist umbes 250 km põhja pool .
Slaidiprojektorist|Slaidiprojektorist jookseb lavatagusele meri lindudega , aidates verbaalset reaalsust konkretiseerida .
solidoolist|Riiv käis raskelt , aga mitte roostest vaid tardunud , õhukeseks ja sitkeks paakunud solidoolist .
sulatalvel|Ta kass käis sulatalvel prügikastides söömas ja sai omale mingi haiguse , mis ei lasknud ta organismil toitu kinni pidada .
surakas|Kui pistiku pessa panin käis seal surakas .
surnuaiavõtetel|“ Öösel käisime ka surnuaiavõtetel . ”
taasühinemiskõnelustelt|Varem on Peking ähvardanud saart rünnata , kui too kuulutab välja iseseisvuse või lahkub lõplikult taasühinemiskõnelustelt .
talassos|Fra Mare talassos käivad eestlased vanuses 20 – 45 aastat .
teatrikirjatsuradest|Teatritegijad käivad teatrikirjatsuradest ikka sammuke või kaks eespool .
teevabrikus|Nii käisime meiegi teevabrikus teed vaatamas ja rüüpamas , kuid meeldejäävaimaks mälestuseks mägedest ja ka Sri Lankast jäi kolme tunni pikkune rongisõit .
Teoloogiaseminarilt|Väidetavalt on Changi CV-s kirjas , et ta lõpetas Princetoni Ülikooli doktorantuuri , tegelikult sai ta kraadi Princetoni Teoloogiaseminarilt .
Trahviohust|"Trahviohust hoolimata liiguvad praegugi paljud Suurbritannia autod kasutatud taimeõliga , millesse on lisatud paar tilka orgaanilist lahustit "" white spirit "" ."
tsiviilvormis|Kalevi pingil istuvad tsiviilvormis Randar Luts ja Andre Pärn .
Turvarajal|Turvarajal käivad juhitunnistuse taotlejad , aga ka täiendusõppusel osalejad ja tavasõitjad , kes tahavad tunnetada jäätee ohtlikkust .
tõusuunal|Wall Street liikus esmaspäeval kooskõlas muu maailma börsidega tõusuunal , välja arvatud tehnoloogiasektor , mis oli miinuses .
tööriistateras|Selleks pole miskit titaani vaja , tavaline tööriistateras käib küll .
uhul|+sexy_girl: ega need asjad vähemalt minu uhul ka nii ei käi
vaegarengualadelt|Täiendavad probleemid ( nt tööpuudus ) tekivad linnades , kuhu vaegarengualadelt lahkuvad inimesed siirduvad .
valitsemiskuudel|Isamaa valitsus astus juba oma esimestel valitsemiskuudel otsustavaid samme Eesti kaitsevõime tõstmiseks , ostes jalaväepataljonidele Iisraelist Lääne standarditele vastava relvastuse .
vangistusülemal|Leidub ka vastupidiseid näiteid - vabanev mees käis vangistusülemal kaks nädalat järel palvega ta edasi vanglasse jätta .
vannitoauksele|Käisin korduvalt vannitoauksele koputamas .
villipubis|luxi: raven villipubis ka käisid
xxx-ist|@ossignasju: mine vahi oma xxx-ist porri
zoloogias|dj_crule: Blade_77 sa zoloogias käisid ??
õppekülastusel|Nagu selgitas projekti juht Rein Org , käisid spetsialistid siinviibimise ajal ka õppekülastusel Valga veepuhastites .
õppelaenupirukast|Sel sügisel tõttasid tudengite õppelaenupirukast suurt tükki hammustama ka kõik kolm mobiiltelefonioperaatorit .
õppepolgust|Leedus Ruklas asuvast õppepolgust lahkus laupäeva õhtul 21 sõdurit omavoliliselt väeosast .
Bråtveitist|Kas jutt käib Bråtveitist , ei soostunud ta eile täpsustama .
Bråtveitist|Kas jutt käib Bråtveitist , ei soostunud ta eile täpsustama .
EADSis|EADSis ehk European Aeronautic Defence and Space Companys töötab 116000 inimest ja selle käive oli eelmisel aastal 372 miljardit krooni .
EADSile|EADSile kuulub uues kompaniis 37,5% aktsiatest , BAe'le 37,5% ja Finmeccanicale 25% .
Haideril|Tegelikult käivad Haideril nii kõvad neelud keskvõimu järele , et teda Kärntenis peaaegu ei nähtagi , leiavad kritiseerijad .
Haideril|Ainult et Haideril puuduvad löökrühmlased SA , SS-i või Stahlhelm ide näol , kelle abil opositsioon likvideerida ja riigis ainuvõim enda kätte haarata .
Herakleitosest|"Autorid paistavad võtvat tõsiselt Whiteheadi teesi "" Kogu läänemaine filosoofia on üksnes ääremärkused Platoni filosoofiale "" ( lk 165 ) - Platoniga astub dialoogi terve plejaad mõtlejaid Herakleitosest Derridani ."
Herakleitosest|EUROAMEERIKALIKUS mõtteviisis , kus Herakleitosest alates “ kõik voolab ” ja samasse jõkke kahte korda ei astuta , on aja kulg lineaarne ning kõigel vähemasti algus ( Loomine , Suur Pauk , jms ) .
ID-st|2sekundilisi lisapause ei tehta , s . t . sujuvad üleminekud on sujuvad üleminekud ja DiskID klapib ( eeldusel et sa räägid sellest CDDB ID-st ) .
ID'le|topicID viitab forumi ID'le .
Jääääras|Need ballaadid , mida nad Jääääras kirjutavad ja esitavad , on väga sügava sisuga ja see sõnum läheb kuulajatele korda .
Jääääral|Esinemised käivad nii Jääääral kui ka Jaan Söödi teisel bändil , Lindpriidel rohkem tuurikaupa .
KHKs|Salvestus sellest , kuidas möödub KHKs riistvara tund !
KHK's|Muig äkki teeme teema « Kes käib Tartu KHK's » ....
Lublinos|Saksamaa president Roman Herzog mälestas eile hommikul Moskva lähistel Lublinos Saksa sõjaväe kalmistul Teises maailmasõjas langenud Saksa sõdureid .
Lublinos|Eile käis Saksamaa president Moskva lähistel Lublinos Saksa sõjaväe kalmistul ja kohtus Venemaal elava 800 000 sakslase esindajatega .
aastapäevanäitustel|Aga vabariigi aastapäevanäitustel käis palju rohkem rahvast kui tavaliselt , ja ka arusaamisega ei tekkinud raskusi : kõik oli nö . sini-must-valgel kirjas .
aastapäevanäitusele|Näituse avamine toimus aastapäevanäitusele omase pidulikkusega , kultuuriminister Jaak Allik tänas kunstirahvast , et nad on üle elanud “ nii poliitilise kui hilisemad majandusliku surutise aastad ” ja kestma jäänud .
em'st|jutt käib kossu em'st
em'ile|üllatused lisavad em'ile vürtsi nagu see kommentaator ütles .
heliagedustest|Tähenärijatele veel täpsustuseks et jutt käib heliagedustest ehk siis inimese kuulde piirkonnast 20Hz - 20 ( 16 ) kHz .
heliagedustest|Tähenärijatele veel täpsustuseks et jutt käib heliagedustest ehk siis inimese kuulde piirkonnast 20Hz - 20 ( 16 ) kHz .
jalakäijasillale|Eskiisprojekt on juba valminud Turu tänava piirkonna jalakäijasillale .
jalakäijasillal|Paari tunni pärast märkas Särevere jalakäijasillal kõndinud inimene all vees lapse surnukeha .
jooksutunnis|Tee nüüd mõned ringid ; nagu hobune teeb jooksutunnis ringe , kuni muutub higiseks !
jooksutunnis|Nii harjutaski Greene ülikooli jalgpalluritega , Hobsoni juures käis aga kohusetruult jooksutunnis .
Järvesuul|Elektrijaama ehitust juhtinud toonane Võrumaa komsomoliinstruktor Andres Ojasoo käis ise Järvesuul poisse värbamas .
järvesuult|Sünnipäevaline ise oli Podmotsa küla - selline tore ja lihtne küla Eesti kaguservas , mille järvesuult avaneb vaade Venemaale - Kulje külale .
kohtla-järvel|enivei: mul sõber käis kohtla-järvel
kohtla-järvel|walking_cat: ma elan kohtla-järvel
kurusel|Miss Tartu '97 on Tartu Ülikoolis neljandal kurusel inglise filoloogiat õppiv 22-aastane Kai-Riin Bachmann , selgus eile öösel ööklubis Atlantis zhürii otsus .
kurustel|Kümne aasta jooksul on kaugkoolituse kurustel käinud 7000 inimest .
kõrgushüppepaigalt|Juubeldades kõrgushüppepaigalt lahkunud Shebrle sattus vastamisi Eesti antidopingu- komitee juhi Mihkel Mardnaga , kes teatas kohustusest saabuda dopingukontrolli .
kõrgushüppepaigale|Pahapill oli esimene kümnevõistleja , kes veel tibutava vihma saatel kõrgushüppepaigale naasis ja märja rajaga tutvus .
laskmistrennis|Mina käisin teismelisena alguses veel laskmistrennis ka , seega lasta ma oskan .
laskmistrennis|Kunagi laskmistrennis käinud Jarno on kõmmutanud jahil käies nii kitsi , põtru kui ka sigu , ja seda kõike vasaku käega .
libedarajal|See käib rate.ee libedarajal Tallinna lähedal Männikul .
libedarajal|"Valga maakonnast käis eelmisel aastal Tartu libedarajal koolitust saamas kümmekond juhti , "" ütles Indrek Madar ."
lossikirikus|Täna keskpäeval algab Stockholmi lossikirikus prints Bertili matusetseremoonia .
lossikirikus|Käisin kunagi 90-ndatel Haapsalu lossikirikus kontserdil , koorijuht ( naisterahvas ) oskas sõrmeliigutustega koori nii välja häälestada , et õhk kirikus hakkas vappuma .
mihklikuus|Aasta eest käis mihklikuus äge debatt kaitsekulutuste üle , kui seni vaesed relvajõud end inetu pardipoja seisusest välja murdsid .
mihklikuust|Rapla alevikus asub mihklikuust saadik ka loomaarst , kellelt loomade pidajad häda korral alati lahket abi ja juhatust võivad leida .
Motodoktorisse|Läksin Motodoktorisse .
motodoktoris|Käisin motodoktoris .
motoüritusele|20. oktoobril toimuvale motoüritusele ootavad korraldajad ligi 225 võistlejat Eestist , Lätist , Leedust , Venemaalt , Soomest ja Rootsist .
motoüritustel|Equ , viimasel ajal aktiivselt motoüritustel käinud -- 1984 Honda MBX125 F 1983 Honda CM400T
Mustmäel|hommikul lahkusin mittetahtlikult Mustmäel garaažist ema autoga . . . . .
Mustmäele|Ka pittu õnnitlusi maitsma ei jäänud võitja kauaks , vaid sõitis Mustmäele bändi bassimehe juurde end välja magama .
näevidele|Minule isiklikult Soolo näevidele ei käi .
näevidele|hedgehog: ära loe kui näevidele käib ...
olümpiapoodiumile|Niisiis , mitte ainult atleedid , vaid ka riigid ja rahvad astuvad olümpiapoodiumile .
olümpiapoodiumil|Kogu tänase päeva võõrustab kuulsaid külalisi Jüri Tamm , kes on kahel korral Sedõhhi seltsis olümpiapoodiumil seisnud .
ootepinkidel|Pimedas öises lennujaamas proovisin ootepinkidel koos kümnete teiste hommikust lendu ootavate inimestega suikuda .
ootepingile|See on võrdlemisi lõtv võrdlus , pealegi tuhandeid kordi ning nüansirikkamalt ( nüansid - nägemise närvid ! ) kasutatud , kuid peab tunnistama , et selle tagajärjel midagi juba tekkis , teie tundeimpulsist tabatud nägemisnärv saatis silma võrkkestale kujutise , mida juba järgmisel hetkel võiksite täpsustada , kui istuksite bussijaama ootepingile päikese eest varju pugenud mehe kõrvale ning küsiksite tema käest seda , mida küsivad kõik , kes arvavad , et kunst on üksinduse ülistus - aega , kella !
parteistaapidesse|Kaovad ära parteistaapidesse toodavad sularahakotid ja kummalised annetused riiulifirmade kaudu .
parteistaabis|Osa satub reamehena rindele tule alla , kolonelid istuvad parteistaabis ja liigutavad lahingukaardil nuppe .
pensioniskeemidele|3 ) õigusaktid , mis nõukogu on ühenduse piires liikuvate töötajate ja nende pereliikmete sotsiaalkindlustusõiguste kaitseks juba vastu võtnud , nimelt nõukogu 14. juuni 1971. aasta määrus ( EMÜ ) nr 1408/71 ( sotsiaalkindlustusskeemide kohaldamise kohta ühenduse piires liikuvate töötajate , füüsilisest isikust ettevõtjate ja nende pereliikmete suhtes )  4  ja nõukogu 21. märtsi 1972. aasta määrus ( EMÜ ) nr 574/72 , millega nähakse ette määruse ( EMÜ ) nr 1408/71 ( sotsiaalkindlustusskeemide kohaldamise kohta ühenduse piires liikuvate töötajate , füüsilisest isikust ettevõtjate ja nende pereliikmete suhtes ) rakendamise kord ,  5  käsitlevad ainult riiklikke pensioniskeeme ; nende määrustega ettenähtud kooskõlastussüsteem ei laiene täiendavatele pensioniskeemidele , välja arvatud skeemid , mida hõlmab määruse ( EMÜ ) nr 1408/71 artikli 1 punkti j esimeses lõigus määratletud mõiste “ õigusaktid ” või mille suhtes liikmesriik teeb kõnealuse artikli alusel avalduse ;
pensioniskeemist|Tähendab , laekumise puhul on tähtis , kui palju laekub sotsiaalmaksu , mitte kui palju inimesi lahkub 4% ulatuses riiklikust pensioniskeemist ja liitub kogumispensioniga .
Politseiaias|Ehkki teadaolevalt pole hotelli-kasiino külastajate või töötajatega Politseiaias ühtegi õnnetust juhtunud , seatakse pargi hotellipoolsesse ossa valvekaamera .
Politseiaias|""" Juuni esimesel nädalal valmib peenar Politseiaias ning vanalinna riputatakse 200 lilleamplit , "" ütles Sõtnik ."
primary's|Kolm pisemat Suitsude pere last , Moonika , Maarja ja Heino , käivad Hulli Stepney primary's ehk algkoolis , mis on nende jaoks üldse elu esimene kool .
primary -sse|Ma peale pikka pusimist jätsin primary -sse :
softivahetuses|Mul sama jama , käis softivahetuses , aga abi ei saanud :
softivahetusest|Või piisab äkki softivahetusest ?
spagaadis|kõik trance alaliigid , trumm ja bass , kõige rohkem meeldivad armin van buuren ja ferry corsten , kui vahel arvuti üle viskab , siis harjutan teises toas capoeirat , so võitluskunst , mida eddie gordo tekken3-s teeb , momendil harjutan käte peal keerutamist jalad spagaadis ( ma paindun väga hästi )
spagaadist|67 . minutil lõi Teet Allas spagaadist viigivärava .
superseksikale|""" Beverly Hillsi võmmi "" täht kinkis superseksikale Tracey Edmondsile hiiglasliku kollase briljandiga Cartier'sõrmuse ja palus teda endale naiseks , vahendab The Sun Ameerika ajakirjandust ."
superseksikatest|"Musta värvi superseksikatest "" astuge mu teelt eest "" saabastest kuni leebete , beežide-pruunide madala kontsaga seemisnahksete jalavarjudeni ."
tagasistumisest|Ühtlasi teatas ta tagasistumisest kõigist senistest ametitest .
tagasistumisel|Linnapea tagasistumisel lahkub ka linnavalitsus .
tagavedrudest|Mul muide on ka üks madaldussari üle , mis koosneb uutest tagavedrudest ja kasutatud esivedrudest .
tagavedrudest|Sorry , täiendus : jutt käib siin ja edaspidi vaid tagavedrudest .
tekstiiliettevõttes|Seoses uute investeeringutega suureneb EBRD osalus Utenos Trikotazases 15 , Trinyciai tekstiiliettevõttes aga 37 , 6 .
tekstiiliettevõttesse|Samas on kerkiva tekstiilihiiglase taga Poleschuki kinnitusel Venemaa puuvillaga kaubitseja Tecko huvid , kellele kuuluvad enamusaktsiad ning kust liiguvad tekstiiliettevõttesse ka rahavood investeeringuteks .
territoorumil|Pealkirjastades oma “ teesid ” küsimusega “ Kas ( Nõukogude ) Liit sünnib taas 2005. aastaks ? ” , võtavad autorid vaatluse alla võimaliku liitumisprotsessi endise N. Liidu jurisdiktsiooni all olnud territoorumil .
territoorumil|Kõige enam käisid nad Tallinnast väljas töölähetustel Lääne prefektuuri territoorumil , kus patrullisid 28 protsenti ajast .
transpordikomisjonile|Komisjonidele alluvad ametid valdkonniti , näiteks transpordikomisjonile allub transpordiamet .
transpordikomisjonis|Hamburgis Euroopa Liidu transpordikomisjonis käivad ettevalmistused uue liikluseeskirja ettevalmistamiseks .
turbaaukudest|Uulitsatpidi tulevad vatijopedes töötud mehed , jääpuurid peos - turbaaukudest näkkab talvel mõni kala .
turbaaukudes|Nõos elades käisin tihti turbaaukudes , kust võtsin purki konnakulleseid ja väikseid kalu ning jälgisin neid .
Vokaalstuudios|Vokaalstuudios käivad enamasti koorilauljad hääletreeningut tegemas .
vokaalstuudios|Viktoria Seimar 21aastane Viktoria Seimar on hevibändi Inferno laulja ning töötab Tallinnas vokaalstuudios Diapasoon laulu- ja vokaaltehnika õpetajana .
äratõukepakule|Kaseorg jooksis kolmandal katsel äratõukepakule kaheksa meetri mehe ilmega , kuid plastiliinist kontrollriba all varitses oma tundi õel deemon .
äratõukepakule|Võõrtreenerile meenus , missuguse kiirusega Nool Talence'is 7.93 kaugust hüpates äratõukepakule jooksis .
FS-il|Ma ei leia oma FS-il tagaistmete mootori kaitsmeid Istmed lakkasid töötamast koos niiet mõlemad mootorid läbi olla ei tohiks .
FS-l|Avastasin oma FS-l uue pahaloomulise haiguse .
FS-l|Avastasin oma FS-l uue pahaloomulise haiguse .
Firenightil|Festivali korraldaja Lauri Laubre sõnul esineb tänavusel Firenightil kuus välismaist artisti , kelle nimed avaldavad korraldajad lähipäevil .
Firenightil|Käisin Firenightil ilutulestikku vaatamas , Elton Johni kontserdil ja Rootsis U2 kontserdil .
Firenightil|Firenightil astub üles üle 20 esineja , sealhulgas mitmed maailmakuulsad välisesinejad .
Guildfordis|Guildfordis tekkis füüsikute ja teoloogide lähenemine .
Guildfordis|Guildfordis voolab inimmass , sh pool vagunitäit õlleseid Bohemian Rhapsodyt jörisevaid noori , perroonile , jättes meid omapäi vagunisse .
Guildfordis|Praegu käib ta veel tööl kümmekonna kilomeetri kaugusel Guildfordis , kus ministeeriumi hoonete ühes tiivas asub ka lastesõim .
Kivilinnas|Laupäeva öösel lõhuti Kivilinnas Anne tänavas seisnud Nissan Sunny aken , kuid seest midagi ei võetud .
Kivilinnas|Reede hommikul kell 5.30 jooksis Kivilinnas Jaama tänava maja trepikotta ähmis ja poriste rõivastega 18-aastane neiu ning helistas esimese ettejuhtunud korteri uksekella .
Kivilinnas|Eile varahommikul kell 6.30 märkas Kivilinnas tööle sõita kavatsenud mees , et tema Mazdasse on sisse murtud .
Kristinist|Kas sa tahad , et Kristinist ja kõigist järgmistest lastest saaks sportlased ?
Kristinil|Tajusin selle tähendust , kui käisin hiljuti Kristinil külas ja nägin teda pere keskel .
Kristinil|Ja Kristinil on tulemas luulekogu .
Peterhofis|Peterhofis käib mingi kamm , nagu noored ütlevad .
Peterhofis|üllatus ootas ees Peterhofis .
Peterhofis|Meile geograafiliselt lähimad sama esinduslikud näited asuvad Peterhofis , Rundales Kuramaal ja Drottningholmis Stockholmi külje all , olemuslikult lähedasemaid on Kadriorule aga Het Loo Hollandis .
aksel|korp15: kuule aksel ole kus
aksel|Tropp: ei tea aksel
aksel|glacier: millest siis jutt käib aksel
baariretkedel|Aga mulle , nagu öeldud , need ei sobinud ja ma panin need silma vaid oma baariretkedel .
baariretkelt|Matti , kes on õigusorganitega varemgi tegemist teinud , saabunud kolmapäeval baariretkelt nõudmisega , et naine talle auto ostaks .
baariretkedele|Nii mõneltki sugukondlikult istumiselt liikus onu hiljem omapäi mingitele baariretkedele .
dopinguärist|“ Ootasin , millal pomm plahvatab , sest teadsin dopinguärist ammu , ” kinnitas keset hooaega lõhkise küna ette sattunud Pütsep .
Dopinguäris|Dopinguäris liiguvad miljonid .
dopinguärile|Politsei leidis minu märkmete vahelt kviitungid , mis viitavat dopinguärile .
elementaarkoolis|Judge , kes jätkab shõule sketshide joonistamist , tunnistab , et see shõu pole mõeldud igaühele , näiteks väikestele lastele ja isegi tema enda emale , endisele ülikooli õppejõule , kes nüüd töötab elementaarkoolis bibliograafina .
elementaarkoolis|Elisabeth käis aruannete kohaselt 1850. aastast madam Wittenbergi erakoolis , 1854. aastast aga linna tütarlaste elementaarkoolis .
elementaarkoolis|1871. – 1882 . aastani töötas Lihula elementaarkoolis kirjanik Jakob Pärn .
iluvigadest|Eestlased aga said koduseinte ja publiku toel ( eriti käib see Luzgini mängu kohta ) oma iluvigadest jagu ning keerasid mõlemad kohtumised selgelt enda kasuks .
iluvigadele|Kõigile iluvigadele vaatamata : enam-vähem sellist Eesti riiki me ju tahtsime .
iluvigadest|Väikestest iluvigadest hoolimata on aga eksootilise välimuse ja sügavpruunide silmadega Cruzist saanud Euroopa filmi ja naiselikkuse sümbol , nagu seda oma hiilgeaegadel oli Sophia Loren .
kiiljahile|Vaimukosutuseks ja enesearendamiseks istuvad Tõnisted suvel ka neljamehe kiiljahile Melges 24 ja osalevad mõnel Põhjamaa regatil .
kiiljahil|Vendade ettevalmistuskavva kuulub ka purjetamine kiirel Melges-24 tüüpi kiiljahil , mille vennad Haavelid endale hiljuti muretsesid .
kiiljahil|Kõige hiljem jäävad eemale kiiljahil , Staril ja Solingul seilajad .
kõrvalkabiinis|Ei-ei , ruttas too meenutama , kuidas istus hiljuti võistlust kommenteerides eestlaste kõrvalkabiinis .
kõrvalkabiinides|Kaks tudengit vestlevad meeste WC kõrvalkabiinides :
kõrvalkabiinist|Vasakust kõrvalkabiinist kostab :
lasteajas|l__m_f_a__o: ma arvan ei sa peaksid lasteajas k2ima
lasteajas|kaisuke: osad vast käisid lasteajas
lasteajas|seega ei ole kunagi sööklatoitu söönud koolis ja lasteajas sõin kah harva .
likvidaatoritele|Põlevkivitööstuse likvidaatoritele tahaks aga meenutada vanasõna , et vanasse kaevu ära sülita enne , kui uus valmis kaevatud .
likvidaatorist|Venemaal on umbkaudu 300 000 likvidaatorist surnud kümnendik , sealjuures 38 protsenti neist on sooritanud enesetapu , kinnitas eile tervishoiuministeerium .
likvidaatoritest|"Mind ajendas kirjutama ETV 9 . novembri saade "" Suures plaanis "" , kus oli juttu Tšernobõlist ja seal käinud nn . likvidaatoritest ."
modelliametile|Seepärast oli Mick omal ajal vastu ka tüdruku modelliametile .
modelliametile|Seepärast oli Mick omal ajal vastu ka tüdruku modelliametile .
modelliametist|Kaks aastat tagasi astus Karen modelliametist erru .
Muuseumiöösse|"Muuseumiöösse mahuvad kaks ettekannet : Jaanus Kulli vaatleb Vildet kui seltskonnainimest ja Livia Viitol teeb 20 aastat oma elust välismaal veetnud kirjamehest ettekande "" Vilde läbimurre Euroopasse "" ."
muuseumiööst|Mitte ainult klubikultuuri - möödunudreedesest muuseumiööst kirjutan ülejärgmisel leheküljel .
muuseumiööl|Käisin paar kuud tagasi esimesel Amsterdami muuseumiööl - kella üheni öösel oli avatud paarkümmend muuseumi ja loomaaia akvaarium .
palgihunnikul|Lea istub küüni otsa juures palgihunnikul ( “ Jumal , ma ei ole kolm päeva kammi kätte võtnud ! ” ) ja Jüri toetab vastu redelit , mida mööda nende nooremad pojad  Vahur  ( 8 ) ja  Lembit  ( 6 ) metsiku rabinaga üles-alla lasevad .
palgihunnikus|Ema ja vanaema küsisid , mida ma seal palgihunnikus kogu aeg teen .
palgihunnikule|“ 23 . juulil , kui rannas toimub rahvusvaheline ilutulestikuvõistlus Fire Night '99 , paneme palgihunnikule uuesti tule otsa , ” teavitas Sukles .
politseiandmetes|Asi aga politseiandmetes ei kajastunud ning nii oli täitur asunud tegutsema .
politseiandmetel|Kinnitamata politseiandmetel lahkus Kuulmann nädalaks Eestist , sest teda ähvardati .
Politseiandmetes|Politseiandmetes see aga ei kajastunud ning täitur asuski tegutsema .
ususeminaris|Kuid noormehel võimaldati sealt välja pääseda põhjusel , et ta ususeminaris õppis .
ususeminaris|Palestiinlasest meest läks püssiga Läänekaldal asuvasse juudi asundusse ning tappis ususeminaris kolm Iisraeli noorukit , pärast mida üks asunik terroristi enda maha lasi .
ususeminaris|Khani onu on väitnud , et noormees käis Pakistanis mingis ususeminaris , selle kohta pole Pakistani võimud aga veel tõendeid leidnud .
vägivallaähvardustest|Sajad tuhanded idatimorlased tunglesid eile vägivallaähvardustest hoolimata valimisjaoskondade ees , et anda oma hääl ÜRO korraldatud iseseisvusreferendumil .
vägivallaähvardustest|Juba liiguvad jutud vägivallaähvardustest , juba ette paljastatakse korruptsiooni .
vägivallaähvardustest|Sajad tuhanded idatimorlased tunglesid eile vägivallaähvardustest hoolimata valimisjaoskondade ees , et anda oma hääl ÜRO korraldatud iseseisvusreferendumil .
võõrusetendustele|"Vanemuise teater toob Tallinna Rahvusooperisse Estonia võõrusetendustele opereti "" Nahkhiir "" ja tantsulavastuse "" Suveöö unenägu "" ."
võõrusetendusel|Dirigent Paul Mägi , millal Estonia Teater viimati võõrusetendusel käis ?
võõrusetendustel|Vaatamata sellele , et hooaja alustuseks viibib Rakvere Teater sel nädalal traditsioonilistel võõrusetendustel Tallinnas , on virulastest teatritegijad juba kahe uuslavastusega publiku ette astuda jõudnud .
vöörikamorkas|""" Su mees lõikab nii sinu kui minu pauhti ribadeks , kui teada saab , "" muretses Vladlen vöörikamorkas ."
vöörikamorkas|Proovisin vöörikamorkas pärast palvetamist teda meelitada , aga ei tulnud midagi välja .
vöörikamorkas|Käime vöörikamorkas hoolsasti palvetamas , meiega on ühinenud ka teised muhameedlased laeval , kes enne ei julgenud seda teha .
Inturistis|Teda kahtlustatakse koostöös NKVD ja KGB-ga pärast arreteerimist ja pärast vangist vabanemist , töötas Inturistis , suri 1987 .
Inturistis|Tänu giiditööle Inturistis tutvus ta ka oma praeguse abikaasa Didier'ga .
Inturistis|Töötas hiljem Inturistis giidina ja kirjastuses Aurora toimetajana .
Inturistist|Praeguseks on kõik külastajad ja kontoripinda rentinud firmad Inturistist lahkunud , baarid , restoranid ja meelelahutuskohad suletud .
Marlborolt|800 kilomeetri pikkuse sõidu võitja sai Marlborolt miljon dollarit ( 15 miljonit krooni ) .
Marlborole|Just see lõhnavedelik , sama kiivalt saladuses hoitud nagu Coca-Cola kontsentraat , annabki Marlborole ja teistele Philip Morrise sigarettidele kordumatu lõhna .
Marlborole|Just see lõhnavedelik , sama kiivalt saladuses hoitud nagu Coca-Cola kontsentraat , annabki Marlborole ja teistele Philip Morrise sigarettidele kordumatu lõhna .
Marlborost|McLaren lahkus Marlborost
Rovajärvel|40 kilomeetrit põhja pool Rovajärvel kulutavad soomlased ise igal aastal miljoneid Lääne- ja Põhja-Euroopa suurimal polügoonil sõjatööd harjutades .
Rovajärvel|Vilgas sõjategevus käib Rovajärvel 250 päeva aastas .
Rovajärvel|Soomlased lasevad kahe nädalaga Rovajärvel 7000 pauku , miine , mürske ja rakette .
Rovajärvel|Palju kordi Rovajärvel käinud ohvitserid mäletavad vaid üht suuremat õnnetust pikkade aastate jooksul .
Taimõrile|""" Bernardi järel on Taimõrile tulnud teisigi mammutiuurijaid välismaalt ."
Taimõril|Samas käib Taimõril üha uute nafta- ja gaasijuhtmete rajamine , mis põtrade elu ülimalt keeruliseks teeb .
Taimõril|Ka mulle meeldis siin väga ning ootamatult sain 1982. aastal telegrammi selleltsamalt mehelt , kes Taimõril oli käinud , et siia on võimalik elamine soetada .
Taimõril|Matkaseltskonna vanim liige , 59-aastane Ilmar Saar oli Islandit näinud ülesõidul Torontosse ja see tekitas Taimõril , Tshuktshimaal , Kamtshatkal ja paljudes muudes paikades matkanud mehel soovi oma jalaga saarele saada .
elektrienergeetikast|See käis meie arusaamade kohta elektrienergeetikast tervikuna teatud ajaloolises tagasivaates .
elektrienergeetikas|MOSKVA , 5. juuli ( BNS ) - Venemaa elektrienergeetikas on käimas aktiivsed Baltimaid ja muid naaberriike puudutavad protsessid , ütles Vene energeetikaminister Viktor Hristenko , vastates küsimusele EES Rossija Läti plaanide kohta .
Elektrienergeetikas|Elektrienergeetikas ning gaasi- ja veevarustuses toimus detsembris 28,1 -protsendiline juurdekasv , aastaga aga vähenes müük 13,9 protsenti .
Elektrienergeetikas|Elektrienergeetikas ning gaasi- ja veevarustuses toimus 7,3 -protsendiline tagasiminek .
hariduskontseptsioonis|Kahjuks räägime hariduskontseptsioonis kõigest muust kui missioonist .
hariduskontseptsioonist|Reformaatorid räägivad palju hariduskontseptsioonist , eriti aga selle puudumisest .
hariduskontseptsioonist|Täpselt nii Rakveres talitati ja ime küll - protest viis segadusse ametnikud , kes nüüd porisevad , et tohmanitest tiblad ei mõista Eesti hariduskontseptsioonist tuhkagi .
hariduskontseptsioonist|Uue haridusseaduse ettevalmistamine liigub sammukese hariduskontseptsioonist tagapool , ja see on ka loogiline , sest enne ei saa koostada seadust , kui puudub täpne kontseptsioon .
Isetegevusringides|Isetegevusringides käib vilgas jõululaulude ja -näidendite õppimine , uute tantsude kavandamine .
isetegevusringides|Olgu need siis vanad memmed-taadid või noored lapsed , kes käivad isetegevusringides .
isetegevusringides|Osalesin kõikvõimalikes isetegevusringides - laulsin kooris , mida juhendas helilooja Blumberg , käisin draama- ja balletiringis ... ”
isetegevusringides|"Osalesin kõikvõimalikes isetegevusringides - laulsin kooris , mida juhendas helilooja Blumberg , käisin draama- ja balletiringis ... """
janele|plix: kivi keda jane käis janele ja sulle see värvilise texti asi
janele|Sadboy_15: vähemkalli soovib janele hääd ööd
janele|Rax24: sina crow1 kitusid janele või ?
jane'ist|vedruseib: jane'ist olen veits kuulnud , aga Madli käib mu'ga ühes koolis !
kambjas|terje: mina elan kambjas
kambjas|Saara: hmm .... käige korra kambjas ja siis rääkige edasi :P
kambjas|Saara: nuh ma kambjas elan .. kui teate seda pommiauku
kambjas|godreamus: ise elad kambjas ja tuled põltsu kutti peksma
karaokeõhtul|Iga nädal käib ta mõnel karaokeõhtul tuleb pärast tööd , laulab mõned laulud ja läheb jälle .
karaokeõhtule|Enamik juhuslikult sisse astunuid sai õhtu edenedes aru , et nad mitte millestki aru ei saa , ja läksid Atlantisesse karaokeõhtule .
karaokeõhtult|Noormehele oli kaasa elama tulnud kümneid fänne , kes ilmselt liiguvad lauljaga ühelt karaokeõhtult teisele kaasa .
karaokeõhtul|Viljandi pubi Liverpool töötajad kutsusid märtsi lõpus karaokeõhtul laamendanud mehe taltsutamiseks politsei ,
kontsaklõbinal|Ta kõnnib kontsaklõbinal läbi tolliameti laburüntlike koridoride ja tutvustab selle jooksul maja ajalugu .
kontsaklõbinal|Gustav astub kontsaklõbinal ja südame pekseldes kohale .
kontsaklõbinal|Siis oli kuulda , kuidas ta tormas kontsaklõbinal üle tee sõbratari poole : “ Kujutad pilti , ” pahvatas , “ päise päeva ajal - ja ei häbene .
kontsaklõbinal|Öös võime kuulda linnulaulu , aga mõnikord ka kauget udusireeni ja äikesemürinat , võime kuulda kontsaklõbinal astuvat tütarlast ja talle raskemate sammudega järgnevat poissi .
koorijuhtimises|""" Muusiku tee on väga eriline tee , "" tunnistab Eesti üks hinnatum naisdirigent , kes algselt plaanis hakata hoopis pianistiks , kuid juhuse tõttu - nagu ta ise toonitab - leidis oma kutsumuse koorijuhtimises ."
koorijuhtimisest|Olen vist ainuke koorijuht , kes on end elatanud ainult koorijuhtimisest ja tõestanud , et nii tööd tehes on võimalik ära elada ja oma peret toita .
koorijuhtimises|""" Muusiku tee on väga eriline tee , "" tunnistab Eesti üks hinnatum naisdirigent , kes algselt plaanis hakata hoopis pianistiks , kuid juhuse tõttu - nagu ta ise toonitab - leidis oma kutsumuse koorijuhtimises ."
koorijuhtimisest|Dirigent Alfred Karindi loobus jällegi koorijuhtimisest , sest koorid vajuvad lauldes teatavasti natuke madalamaks .
kukkele|BeSexy: rebis käi kukkele
kukkele|jessicaz: legend käi kukkele ma olen magamatta ja sa ajad ka mu weel vihale
kukkele|jessi_mega_heas_tujus: Blade_77 käi kukkele
kukkes|vang: sinu teen kukkes citty
Kuupinnalt|Kuupinnalt ei peegeldu kuigi palju valgust tagasi .
kuupinnalt|Kiviselt kuupinnalt peegeldunud raadiokiirguse intensiivsus suunast oluliselt ei sõltu .
kuupinnast|Nende abil tahetakse esimese tööaasta jooksul , mil satelliit lendab umbes saja kilomeetri kõrgusel kuupinnast , uurida põhjalikult Kuu gravitatsioonivälja , magnetvälja ja paljut muud .
kuupinnal|Shepard ja Mitchell sõidsid 1,2 km kaugusele ja käisid 2 korda kuupinnal .
käekõrvas|Proua Eugenie Hurt viis Joti oma käekõrvas otsegu kalli kingituse läbi toreda saali söögituppa pruukosti võtma , neil oli hommikusuurus just käsil .
käekõrvalt|Meid , jõmpsikaid , võttis vastu õpetaja Paenurm , kes laotas käed laiali - sattusime igapäevaema käekõrvalt otsekui taevase ema õnnistava tiiva alla .
käekõrvalt|Kaheksa aastat tagasi tapsid kaks kümneaastast poissi kaheaastase poisi , kelle nad kaubanduskeskuses ema käekõrvalt eemale meelitasid .
käekõrvalt|Abikaasa hakkas jooma , kaotas töö ja süüdistas mind , et just minu käekõrvalt Kätlin jooksis .
maksuprobleemidele|Nii näiteks teavad ja levitavad foorumlased lahendust kõigile maksuprobleemidele .
maksuprobleemile|Eile käis koos Eesti Turismifirmade Liidu juhatus ja tegi maksuprobleemile tähelepanu juhtiva märgukirja ka maksuametile .
maksuprobleemidest|Asjaolu , et Tõnis Palts istub teda pikka aega jälitavatest maksuprobleemidest hoolimata Tallinna linnapea kohal , on ületanud uudiskünnise ka põhjanaabrite juures .
maksuprobleemidele|Paltsul aga kulub põhiaur jälle oma maksuprobleemidele , mitte linnaasjadele .
paadininas|Tema kaks äravahetamiseni sarnast poega istuvad nii muretult paadininas , nagu sõidaksid sujuvalt üle küngaste veerevas bussis .
paadininas|Kuni pojad võrkudega tegelevad , aerutab Aadi paadininas , et laine paati ära ei kannaks .
paadininasse|Mati ronib üle pingi paadininasse .
paadininas|Nende väike tütar oli paadininas jälgimas , kas maa on silmapiiril .
peotantsuringis|« Jah , aga mitte nii vormis kui Chippendales , meil on see nõks , et me mängime mehi , kes viimati ehk kuuendas klassis käisid peotantsuringis ja õppisid rumbaruutu .
peotantsuringis|Klaveriõpilane Mairin Tann laulab ja käib ka peotantsuringis .
peotantsuringis|Endise Haljala gümnaasiumi töötaja sõnul on Taneli koolist välja viskamise legend järgmine : Tanel käis tollal peotantsuringis , kus tema partneriks oli matemaatikaõpetaja tütar .
peotantsuringis|Et sinna pääseda , tuleb peotantsuringis esimesed oskused omandada .
peterburis|ja just nimelt elab peterburis rohkem rahvast , mitte inimesi
peterburis|mäletan kui me peterburis käisime .
peterburis|a mul oli nii et umbes kuu aega tagasi käisin peterburis , sai veidi ostetud .
peterburis|sai siis 11 kuni 13 mai käidud st. peterburis ja ööbitud mingis kolmetärni hotellis .
puiatus|Polva_kutt: polva kutt2 elab puiatus
puiatul|snooper_girl: aga seda ma tian et puiatul sa käid
puiatus|kino: mina käin puiatus
puiatule|Kapuuts: kriksi saadame kah puiatule
põhja-osas|Viimastel nädalatel on ka põhja-osas toimunud mitu rünnakut .
põhja-osast|Varavalges saare põhja-osast teekonda alustanud ott on väsima hakanud - algul jooksnud kuni 35 kilomeetrit tunnis ( seda näitas tehnika koerte seljas ) , aga nüüd juba kümme kilomeetrit tunnis .
põhja-osas|Infokeskuse väitel käis umbes viiendik valijatest hääletamas vaid Tshetsheenia põhja-osas .
põhja-osas|Keskuse teatel puudutas Anatoli Solovjovi , Pavel Vino-gradovi ja Leopold Eyhartsi Sojuz TM-26 pärast kolmetunnist lendu Maad Kasahstani põhja-osas Arkalõki küla lähistel .
ravikindlustusnõukogudele|Kontrollib riigikontroll ning haigekassad annavad ravikindlustusnõukogudele .
ravikindlustusnõukogule|Lääne-Viru haigekassa pole kunagi ravikindlustusnõukogule end peale surunud , väitis Morgen .
ravikindlustusnõukogult|Tartu maakond ja linn said raviteenusteks ravikindlustusnõukogult selleks aastaks 246 miljonit krooni .
ravikindlustusnõukogus|Piirkonna ravikindlustusnõukogus istunud omavalitsusjuhid ja arstide esindajad kippusid Juki sõnul liiga suurt tükki oma maakonna haiglatele haarama .
stabilisaatorist|Ta kõndis stabilisaatorist lähedalt mööda - seal ei olnud mingit vett .
stabilisaatoris|Olles teatanud , et lennukit tasakaalus hoidvas ja maandumist ning õhkutõusmist reguleerivas stabilisaatoris on tekkinud rike , püüdis meeskond sooritada hädamaandumist Los Angelese lennuväljal , kuid sinnani ei jõutud .
stabilisaatoris|Reisilennuk MD-83 oli teel Mehhiko kuurortlinnast Puerto Vallartast Seattle i , vahepeatusega San Franciscos , kui meeskond teatas tehnilisest rikkest lennukit tasakaalus hoidva ja maandumist ning õhkutõusmist reguleerivas stabilisaatoris .
stabilisaatorist|Ent vahepeal jooksis siin jutt mingist Comma nimelisest stabilisaatorist/puhastajast ( ? ) , mis kütusele juurde kallatakse ( ? )
Vahetusmeestepingilt|Vahetusmeestepingilt jälgis mängu Pajusalu .
vahetusmeestepingilt|Rootsi meistrisarjas sekkus Indrek Zelinski Lands-krona BoiSi kohtumisse Hammarbyga vahetusmeestepingilt 76. minutil , kuid pärast kollase kaardi teenimise millegagi silma ei paistnud .
vahetusmeestepingil|Kõrgustesse pürgimise valulikku poolt sai tunda ka Arsenali poolkaitsja Perry Groves , kes istus vahetusmeestepingil , kui meeskond värava lõi .
vahetusmeestepingilt|NHL-is vahetusmeestepingilt jääle rusikavõitlusse tormanud Vancouver Canucksi ääreründaja Todd Bertuzzi teenis automaatselt kümnemängulise võistluskeelu , teatas Sportnet .
võiduteele|"Ootame innukalt uut autot ja loodame , et Imola pani aluse meie võiduteele nagu mullugi , "" ennustab Schumacher ."
võiduteel|Varem üheksast omavahelisest kohtumisest vaid ühe kaotanud Sampras liikus ka Cincinnatis pikka aega võiduteel , kuid teise seti lõpus suutis Rafter initsiatiivi haarata .
võiduteele|Armstrong haaras liidrisärgi 10. etapil , võiduteele mahtus eredaid ja süngemaid hetki .
võiduteele|Saksa mainekale ajakirjale Der Spiegel antud intervjuus plaanib seitsmekordne maailmameister Michael Schumacher oma vormelikarjääri lõpetada , kui Ferrari meeskond võiduteele ei naase .
võistluskeskusesse|Pärast hommikust testikatset siirdus ta hotelli puhkama ning naasis võistluskeskusesse alles õhtuseks avamisürituseks .
võistluskeskuses|Tulekindla pesu vale kasutamise eest Jyväskylä MM-ralli avapäeva järel diskvalifitseeritud Urmo Aava liikus laupäeval võistluskeskuses morni näoga .
võistluskeskusest|Ehitis asub vaid 1,5 km kaugusel võistluskeskusest .
võistluskeskusest|Taifuuni tsenter läks seekord võistluskeskusest õnneks mööda .
äärejoonest|Ja kui sedagi silmas pidada , et kõik , kes või mis pimedas teel seisab , seisaks valgest äärejoonest paremal ( kuigi LE keelab pimeda ajal teel seismise ! ) , siis võiks lähituledega suhteliselt kartmatult sõita .
äärejoonest|Rooli tagasikeeramiseks aega ei olnud - teeveere äärejoonest veidi enam kui meetri kaugusel asub betoonpost .
äärejoonele|Viikmäe sai palli , spurtis keskjooneni , söötis äärejoonele Operile , kes andis kohe palli tagasi .
äärejoonele|Paraku astus Kandimaa äärejoonele ja rünnakuõigus läks tallinlastele .
Kaks_Poissi_Tallinnast|Kaks_Poissi_Tallinnast: ma tulen omme sinna
Kaks_Poissi_Tallinnast|Kaks_Poissi_Tallinnast: keegi pidu ei viitsi panna ?
Kaks_Poissi_Tallinnast|Kaks_Poissi_Tallinnast: tahate midagi karmi ?
Kaks_Poissi_Tallinnast|Kaks_Poissi_Tallinnast: vaatan väike paks poiss on seal ... siiis tean et see oled sina
Kaks_Poissi_Tallinnast|Kaks_Poissi_Tallinnast: mingi lööma teema käib ?
LP-l|"Dre tegi viimati koostööd Eminem'ga nende müügihitiks saanud LP-l "" The Slim Shady "" ja enne seda katapulteeris ta edule Snoop Doggy Dogg'i ."
LP'l|LP'l kah ei ole
LPs|LPs – lõhustuva proteiini söömus päevas , kg ; VPBs – vatsa proteiinibilanss päevas , kg .
LP-lt|Eelmiselt LP-lt - “ SelmaSongs ” - alanud orkestri ja tantsukõlbmatu glitch-house'i kokku kleepimise viib eskimotar käesolevaga järgmisele , paremale level'ile .
LP-lt|Sekventserite ja ekvalaiserite , efekti- ja trummimasinate ja tuhandete tundmatute nuppude tootval abil esitavad daft-punkid lugusid ja palakesi paar kuud varem ilmunud LP-lt “ Homework ” .
Patareis|Kunstnik jääb kunstnikuks ka Patareis
Patareis|"Mäletan : meenus raskete päevade sõber , kes säärase lipu "" valmistamise ja heiskamise eest "" ( protokollikeel ) oli istunud Patareis ja Seevaldis ."
Patareis|Projektijuht Andrus Villem lubab , et sel aastal pulbitseb Patareis varasemast elavam ja mitmekesisem elu .
Patareis|8 . märtsil Patareis oma 40 . sünnipäeva tähistanud Viktor Deništšik võeti oma maaklerist konkurendi mõrva tellimises süüdistatuna vahi alla 11 . augustil 1995 .
Patareis|Kui esimest korda Patareis olin , löödi mul esihambad välja ja sain nuga .
VAAPile|Ühise koostööprojekti järgi tohib Sikorski müüa Läänes Nõukogude Liidu territooriumil loovate heliloojate teoseid ja annab selle õiguse eest poole tuludest VAAPile tagasi .
VAAPile|Ühise koostööprojekti järgi tohib Sikorski müüa Läänes Nõukogude Liidu territooriumil loovate heliloojate teoseid ja annab selle õiguse eest poole tuludest VAAPile tagasi .
VAAPilt|Saksamaal asuv Sikorsky kirjastus ostis VAAPilt kõik õigused levitada eesti heliloojate teoseid , kusjuures autoritelt ei küsitud mingit luba .
VAAP-ile|Presidendi elulugu tõestab , et ta võlgneb VAAP-ile ja Jevg .
VAAP-ile|Vastuluurega tegelnud KGB 5. peavalitsus vaatas VAAP-ile kui suurepärasele võimalusele pugeda ligi loomingulistele inimestele , väidab Grig .
Alavesile|Lõpptulemus 5 : 1 aga andis esimest korda euroväljakutele pääsenud Alavesile soliidse edumaa , millest meeskonna peatreener Jose Manuel Esnal suurde joovastusse ei sattunud .
Alavesist|CF Valencia võitis John Carewi ( pildil paremal ) väravaga 1 : 0 Santanderi ja Reali jaks käis 3 : 1 üle Alavesist .
Alavesist|Vaid ühe punkti kaugusel esikolmikust on Pamplona Osasuna , kes viimati sai võõrsil 2 : 1 jagu Alavesist , teatas sportnet.ee.
Alavesist|Narvast pärit Valeri Karpini meeskond Vigo Celta alistas Oviedo 6 : 2 ( Karpin lõi ühe värava ja andis ühe resultatiivse söödu ) , Barcelona sai Alavesist jagu 7 : 1 .
Alavesile|Hispaania meistrivõistlustel kaotas tiitlikaitsja FC Barcelona koduväljakul Alavesile .
Biokeskuses|Viimased neli aastat tegutsevad nad aga koos ühises Viikki Biokeskuses ning tulu on ilmne .
Biokeskuses|Akadeemik Richard Villems istub Tartu Biokeskuses oma laua taga ning topib piipu järjekordse portsu tubakat .
Biokeskusest|""" Nende hõimude juurde minemiseks oleks isegi India kodanikuna eriluba vaja , "" selgitab olukorda geneetik Toomas Kivisild Eesti Biokeskusest ."
Biokeskusesse|"Kui hakati otsima "" Eesti Nokiat "" , haistsid Biokeskusesse ja selle ümber koondunud geeniuurijad oma võimalust ."
Biokeskusest|""" Biotehnoloogiakeskus on müünud 11 genoomiuuringute aparaati , üks selline maksab oma miljon krooni , "" ütles Andres Metspalu Eesti Biokeskusest ."
dj-st|prantsuse « bänd , » mis koosneb neljast dj-st .
dj-le|demori: << saadab dj-le .. ravikalli .. :P
dj-st|jessicaz: shandy kle aga sa tead dj-st midagi we
dj -le|torso: dj -le meeldivad surnud lapsed
dj-s|shadow: digi sealtr saab dj-s muusikat ..
Kalarannale|Kalarannale kuulub ligi kuue hektari suurune magus maatükk Tallinna linnahalli ja Patarei vangla vahel .
Kalarannas|Meenutagem ajalugu : “ Orzeli ” minnalaskmine , “ Metallisti ” nn. uputamine , punalaevastiku eskaadri “ demonstratsioonesinemine ” Tallinna reidil 1939. aasta sügisel ( viimast jälgisin ise isa käekõrval Kalarannas koos sadade murelike tallinlastega ) .
kalarannas|Käisin kalarannas kassile värsket vaatamas .
Kalarannale|Kalarannale kuulub ligi kuue hektari suurune magus maatükk Tallinna linnahalli ja Patarei vangla vahel .
kalarannast|Kui Tiina oli väike , tõi ema Kloogal kalarannast kala , pead ja sisikonnad andis tütrele sorkida .
kassaruumis|Kurjategijad lõhkusid politseimaja kolmandal korrusel seina sisse augu , puurisid kassaruumis seifi lahti ning võtsid sealt 72 000 krooni .
kassaruumis|Prefekti sõnul puudusid aga kassaruumis igasugused turvaseadmed .
kassaruumis|Tegelikult kehtib karm kord juba kassaruumis , kus tablool seisvad reitingud määravad , millises vanuses on mingi film ette nähtud , ja väldivad märksa plahvatusohlikumaid olukordi kui piletita sisselipsamine .
kassaruumis|Ent näiteks väikese maja kassaruumis ei kutsunud eile kultuuripäevadele ükski reklaamplakat .
kassaruumist|Politseiameti pressiesindaja sõnul võtsid murdvargad politsei kassaruumist kaasa 50 000 krooni .
laulukoolis|Kaks aastat õppisin Moskvas Gnessinite-nimelises laulukoolis estraadi- ja džässlaulu erialal .
laulukoolis|Pöördeliseks said õpingud Milano La Scala laulukoolis , sest tema erakordselt suur ja võimalusterikas hääl võlus ära isegi maailmakuulsa Renata Tebaldi , kes haruharva võttis endale õpilasi .
laulukoolis|Kui tänane abiturient õppis tähed-numbrid selgeks kodus või lasteaia vanemas rühmas , siis tema noorimad kaaslased on käinud beebide laulukoolis , mudilaste inglise keele ringis ja päriskooli ettevalmistusklassis .
laulukoolis|Kui veel laulmisest rääkida , siis loomulikult pole me kumbki laulukoolis käinud .
laulukoolis|Pöördeliseks said õpingud Milano La Scala laulukoolis , sest tema erakordselt suur ja võimalusterikas hääl võlus ära isegi maailmakuulsa Renata Tebaldi , kes haruharva võttis endale õpilasi .
leivatootmisest|Samas teavad Loki leivatootmisest ka riigiametnikud .
leivatootmisesse|Loki viga on Rannamäe arvates see , et ta tegi investeeringu leivatootmisesse enne , kui oli saanud kõik vajalikud load .
leivatootmises|Päris revolutsioonilise murrangu leivatootmises tõi iseseisvumine .
leivatootmises|Kõiki inimesi kütuse kallinemine ei puuduta , sest nii leivatootmises kui ka bussiliikluses käib firmade vahel nõnda tihe rebimine , et hindu ei saa tõsta .
leivatootmises|Palju elektrit kulub näiteks leivatootmises .
näitlejateel|Aga metslooma jõuga , ütleb Gutman , kes oma pikal näitlejateel pole lavapartnerlust loomaga varem kogenud .
näitlejateele|Kumbki poiss pole näitlejateele astunud - see oli isa soov .
näitlejateele|Olümpiaadil tulin võitjaks koguni kaks aastat järjest , see aitas minu edasisele näitlejateele tublisti kaasa .
näitlejateel|Oma pikal näitlejateel on ta mänginud ohtralt bimbosid ja vampe .
näitlejateel|Ometi mõjub oma näitlejateel täiesti uut moodi rolli teinud Saaremäe dramaatilisemalt .
püsitööl|Perekondades käivad vaid naised püsitööl , Pärnu vallikraavis sõidavad stressirohkest kapitalikogumisest ülekaalulised eesti mehed oma miljonikroonise merekaatriga edasi-tagasi , nii et kraav seejärel suisa kuiv on .
püsitööle|Millal ja kus ta edaspidi püsitööle hakkab , ei osanud Mugur veel öelda .
püsitööle|Kivimurd on üks nende hulgast , kes sõidavad Iirimaale püsitööle .
püsitööle|Mais alanud ja jaanipäeval lõppenud konkurss hõlmas kõiki kümmet tulevast uut liikmesriiki , kust Euroopa Komisjon värbab üleminekuperioodi vältel püsitööle kokku 3441 uut töötajat , sealhulgas Eestist 117 inimest , neist 110 madalama astme ametnikku .
püsitööle|""" Sotsiaalmajas on nagu päris töökoht , "" sõnas Vello , kuid lisab kibestunult , et temasugust pensionieelikut ei võta enam keegi püsitööle ."
raatusesse|plika_tartust: kuule yhte gymnaasiumisse ikke :P raatusesse :P
Raatusesse|Raatuse galerii väljakuulutatud “ traditsionalism ” võib osutuda lõksuks nii potenstiaalsele publikule kui ka arvustajale - tegelikult on Mai Levin näituse koostajana eksponeerinud elurõõmsa koosluse autoritelt , kes ise soovisid esineda just sellise ühisnimetaja all ja tõid maalid otse Raatusesse .
Raatuses|Meenutame heldimusega viis aastat tagasi Raatuses toimunud kõige esimest Aledoia näitust .
Raatusel|Lord_Rim: Esta teie juures jah ... käisin Raatusel
Raatusest|Tagasi Postimehe toimetusse sõitis juht kõigepealt Jaama tänavast Puiestee tänavasse , keeras Raatusest alla ja siis üle Võidu silla , mööda Vabaduse puiesteed , Mungast vasakule ja olimegi kohal .
Randmeoperatsioonist|Randmeoperatsioonist taastunud puurivaht tõrjus penalti
randmeoperatsioonist|""" Tema meeskonnakaaslane Kimi Räikkönen testidel veel ei osale , sest alles toibub randmeoperatsioonist ."
randmeoperatsioonil|Artroskoopilisel randmeoperatsioonil käinud Eesti jalgpallikoondise ja Inglismaa klubi Derby County väravavaht Mart Poom ( pildil ) tunneb ennast lõikuse järel hästi , kuigi peab eelolevad kaks nädalat harjutama kipsis käega .
randmeoperatsioonist|Kaks aastat tagasi jalgrattasõidu MM-võistlustel juunioride pronksmedali võitnud Margus Salumets taastub randmeoperatsioonist , eile tegi ta oma Prantsusmaa klubis Vendee U esimese lõikusjärgse treeningu .
randmeoperatsioonil|Clijsters käis 2004. aasta algul randmeoperatsioonil ning jättis enamiku hooajast vahele , ent tänavu on ta naasnud tugevana ja vastupidavana .
suusapäevadel|Varasematel aastatel käisime tihti Kagu-Eestis suusapäevadel .
suusapäevast|Presidendi pressiesindaja Epp Alatalu kirjutab suusapäevast koolis .
suusapäeval|Tallinna reaalkoolist lasti lahti kehalise kasvatuse õpetaja , kes tarvitas suusapäeval koos 9. klassi õpilastega alkoholi .
suusapäevadel|Varasematel aastatel käisime tihti Kagu-Eestis suusapäevadel .
suusapäeval|ma tahan , et ma ei hooliks sellistest asjadest , nagu et , kas ma saan suusapäeval korralikult hakkama või mitte .
Sõidukiroolis|Sõidukiroolis istus Pajuviidik .
sõidukiroolis|« Seadusega pahuksis olnud veokijuhtidest rikkusid 24 töö- ja puhkeaja seadust ehk pea iga 20. juht olid veetnud sõidukiroolis seadusega lubatust kauem aega , » ütles Salus .
sõidukiroolist|Julgestuspolitsei liiklusjärelevalve üksus on sel aastal tabanud sõidukiroolist 178 joobes autojuhti .
sõidukiroolist|Samuti kõrvaldas politsei sõidukiroolist 68 kiiruseületajat , avalikest kohtadest tabas politsei 144 joobes alaealist .
sõidukiroolist|TALLINN , 24. juuni ( EPLO ) - Jaaniööl ja sellele eelnenud päeval tabas politsei sõidukiroolist 122 joobes juhti , mis on rohkem kui tavalistel öödel .
Rhodosel|Rhodosel koos olnud Lääne-Euroopa Liidu konverents otsustas tugevdada kontrolli Albaania piiridel .
Rhodosel|Kais/Vesik pääsesid 32 parema hulka teist etappi järjest , eelmisel korral said nad Rhodosel 25. koha .
Rhodosele|Noorele neiule kingivad vanemad koolilõpureisi Rhodosele .
Rhodoselt|"Kui Eino Tambergi tänane tähtpäev möödub vaikselt , siis oli ja on tema sünnipäeva ümber ilusaid sündmusi : "" äsja tulime abikaasaga nädalaselt puhkuselt Rhodoselt ."
Rhodosel|Schyman viibis nädalavahetusel koos Soome YLE-TV-ga Rhodosel ning oli tagasiteel lennuki pardal tugevas joobes .
ehitusteaduskonnas|Kui varem õppis ehitusteaduskonnas poolesaja meestudengi kõrval vaid üks tüdruk , siis mõni aasta hiljem tüdrukute arv mitmekordistus .
ehitusteaduskonnas|Ta lõpetas 1982. aastal Räpina keskkooli ning jätkas õpinguid Tallinna Tehnikaülikooli ehitusteaduskonnas , teatas ETAle kaitsejõudude peastaabi pressiesindaja .
ehitusteaduskonnas|28. novembril toimub konverents transporditeaduskonnas ja 29. novembril ehitusteaduskonnas .
ehitusteaduskonnas|Tallinna tehnikaülikool avas tänavu magistriõppe ehitusteaduskonnas kolm uut eriala : keskkonnatehnika , tööstus- ja tsiviilehitus ning transpordiehitus .
ehitusteaduskonnas|Õppinud TPI ehitusteaduskonnas ja ERKI arhitektuuriteaduskonnas
jooksulindil|Sellise tulemuseni jõudmiseks võrdlesid teadlased inimeste ja šimpanside kulutatud energiat , kui katsealused kõndisid jooksulindil .
jooksulindil|Jaak Mae sibas eile Tartus jooksulindil .
jooksulindile|Lisaks tuvastati , kui suurt jõudu nad jooksulindile avaldasid , mis võimaldas kalkuleerida , kui palju energiat nad kulutasid musklitele .
jooksulindil|« Oprah piiras saia , riisi , pasta ja suhkru söömist ning treenis iga päev jooksulindil , » sõnas staari personaaltreener .
jooksulindil|Üldjuhul teen jooksulindil parajalt sörki ning siis erinevaid hantliharjutusi .
kanadas|Kui euroaasta saabub Kõik rahakotis laabub Maist riigipiirid valla Ja ilmarännak algab Kui tase ameerikas Ja lilleke kanadas Siis peagi invasioon Eesti läände toob Oli meil asumaa Siberis Nüüd supleme Tiberis Iirimaal kalkuneid kitkume Ja vene orjapõlve itkume Kuid oleme Balti leopard Peagi ümber kuld ja kard Siis käes on majandusime Meie Nokiaid näeb ka pime
kanadas|Voldemar: nu ytle kes käisid see aasta noorte mmil kanadas ?
kanadas|belief: kuidas sul seal kanadas üldse läks ?
kanadas|NHLi tööseisak tekitab kanadas probleeme nii fännidele kui jäähokist kirjutavatele ajakirjanikele .
kanadale|Mina olen rahul , ma loodan , et nüüd ka soomlased ( peale esimest matsu , et kaotasid kanadale ) .
lastehommikule|Järgmisel hommikul loen müürilehte muusikalisele lastehommikule “ Googol-Moogol ” .
lastehommikule|Kes teisel päeval Valga kultuurikeskusse lastehommikule tuli , sai päkapikk Maimult küünla , sellele tule ja jõulusoovi .
lastehommikutele|Kadrioru lossi laupäevastele lastehommikutele on vaja pikemaajalist broneeringut .
lastehommikule|"TALLINN , 2. jaanuar ( EPLO ) - 7. jaanuaril ootavad Kadrioru kunstimuuseumi lossidaamid 5-11 aastaseid mängu- ja teadmishimulisi lapsi alanud aasta esimesele lastehommikule "" Nutikad nõud "" ."
lastehommikul|Käisime lapsega ja koos tema mängukaaslasega Pelgulinna rahvamajas lastehommikul .
naftariigis|Kõvakullajaht käib seal « vaeses » naftariigis .
naftariigil|Seevastu raha naftariigil jätkub .
naftariikidesse|Kindlasti hajub mingi osa Iraagist emigreerujaid teistessegi ümberkaudsetesse naftariikidesse .
naftariigis|Mõned analüütikud seletasid dollari tõusu jeeni suhtes naftahinna tõusuga maailmaturul pärast võimuvahetust maailma suurimas naftariigis Saudi Araabias .
naftariigis|Nafta hinnatõus jätkus ka kolmapäeval seoses probleemidega kahes olulisest naftariigis - Nigeerias ja Iraagis .
paadipäras|Olav aerutas ja tema libistas paadipäras käsi mööda jahedat vett .
paadipärast|“ Võtsin kätega paadipärast kinni ja lohisesin mööda vett oma kilomeetri jagu paadi taga , rõngas ümber , ” ütles Velli .
Paadipärast|Paadipärast on vett paati tulnud .
paadipäras|Tegelikult sõuab paadiga tavaline rannaküla mees , kel istub paadipäras võrgukast , kus leidub nii ahvenat kui ka siiga .
paadipärasse|Koer Bläki sätib end lappajapaadis peremees Indreku kõrvale paadipärasse pingile .
vanglakambrist|Peagi leiavad neli seni muretult elanud lillelast end vanglakambrist , kus neilt psühhoterrori abil pressitakse välja ülestunnistused .
vanglakambrisse|""" Härrased kohtunikud , ainult teist oleneb selle noore daami saatus : kas ta satub siit saalist külma , niiskesse vanglakambrisse või pöördub tagasi oma kõigi mugavustega ühetoalisse korterisse Roosi tänavale maja nr 36 , korter 14 , telefon 23 133 ! """
Vanglakambris|Vanglakambris istuvad vangid .
vanglakambrisse|Koguni nii agaralt , et sattus selle eest vanglakambrisse .
vanglakambris|Cameron veetis öö vanglakambris , hommikul vabastati ta ilma , et oleks pidanud kautsjonit maksma .
Halonenist|Halonenist sai hetkel maailma viies naissoost president , ülejäänud on Mary McAleese Iirimaal , Vaira Vike-Freiberga Lätis , Mireya Moscoso Panamas ja Chandrika Kumaratunga Sri Lankal .
Halonenist|Ametlikult saab Halonenist president 1. märtsil , mil ta annab ametivande .
Halonenis|Halonenis ühinevad Helsinki Töölö tööväe traditsioon ja tarmuka naisametniku kõigejõudmine .
Halonenil|Halonenil on vaja saada nendest 350 000 , Ahol 500 000 , see on kolme järgmise nädala teema , ” ütles ta eile .
Halonenis|Kui keegi Tarja Halonenis Soome presidenti ära ei tunne , siis kuuma ilmaga kipskäega naist nähes jääb linlase pilk kaasatundvalt talle peatuma .
erifondis|Eesti Riigiarhiivis erifondis olnud kartoteek u 26 000 evakueeritu isikuandmetega .
erifondist|Peeter Puide kogus oma rootsikeelse romaani jaoks materjali Eesti Riigiarhiivi erifondist .
erifondist|Ka need , mida muidu vaid erifondist sai .
erifondist|Rooma linnavalitsus eraldas kodutute jaoks oma erifondist ligikaudu 234 miljoni Eesti krooniga võrduva summa .
erifondis|Tragöödia , aga mitte antiikne , vaid tüüpiline igapäevane Ida-Euroopa tragöödia jätkus meil sellega , et varsti kõrvaldati “ Eesti entsüklopeedia ” avalikest raamatukogudest ja püsis erifondis 50 aastat .
Meditsiiniringkondades|Meditsiiniringkondades tekitas niisugune konfidentsiaalsuse rikkumine teatud ärevust .
Meditsiiniringkondades|Meditsiiniringkondades tekitas nende avamine pingeid , kuna riik toetas kahe viimasena nimetatud keskuse loomist kokku 800 000 krooniga .
meditsiiniringkondades|Juhtunu tagajärjel tekkis meditsiiniringkondades diskussioon , et arstid on taoliste juhtumite vastu rahapuuduse tõttu kindlustamata .
Meditsiiniringkondadest|Meditsiiniringkondadest tulnud andmete kohaselt jäänud Setu sõjaväe ülem Sulo Nurmeots eelmise nädala alguses sellesama putke kätte , saanud sellised villid , et kahtles , kas üldse Kuningriiki jõuabki .
Meditsiiniringkondades|Meditsiiniringkondades tekitas nende avamine pingeid , kuna riik toetas kahe viimasena nimetatud keskuse loomist kokku 800 000 krooniga .
potililledele|Tallinna botaanikaaia metoodik Helve Meiterni sõnul sobivad kodused tingimused enamikule lillekauplustes-hulgiladudes pakutavatele potililledele , taimele võivad saatuslikuks saada hoopis omaniku puudulikud teadmised taime vajadustest .
potililledele|Seevastu paistab Trassi potililledele temperatuur passivat : aknalaud on neid servast servani täis .
potililledelegi|Laetud vees seisavad lõikelilled koguni kuu aega , ja potililledelegi meeldib just see vesi : nad saavad kasvuimpulssi juurde .
potililledest|Paukuvas pakases on aknalaual kasvanud potililledest jäänud järele vaid rootsud , nende kõrval ripub nokitud pekitükk .
Potililledest|Potililledest sobivad vannituppa leplik sulgvõhk ( Zamioculcas zamifolia ) , niisket õhku armastavad näiteks mätast meenutav samblikuline heklsiine ( Helxine soleirolii ) ja dekoratiivne pakssaba ( Pachystachy ) .
põhivormile|Tuludeklaratsiooni peavad igal juhul esitama füüsilisest isikust ettevõtjad , kes esitavad deklaratsiooni põhivormile A lisaks ka ettevõtlustulu vormi E.
põhivormist|Iga tõlgendus koosneb sõna põhivormist , sõnavormi morfoloogilist infot näitavatest märgenditest ja mõningatel juhtudel ka süntaktilistest märgenditest .
põhivormis|Marutaud avaldub kahes põhivormis : agressiivse ja vaikse marutaudina .
põhivormile|füüsilisest isikust ettevõtjad ( esitavad deklaratsiooni põhivormile ( vormile A ) lisaks ka ettevõtlustulu vormi E ) ja
põhivormile|Tuludeklaratsiooni peavad igal juhul esitama füüsilisest isikust ettevõtjad , kes esitavad deklaratsiooni põhivormile A lisaks ka ettevõtlustulu vormi E.
tantsumaratonile|Jan oli Kairit tantsimas näinud ja kutsus ta ühele tantsumaratonile .
tantsumaratonist|Kroonika käis jõulueelses Zürichis tantsumaratonist osa saamas .
Tantsumaratonist|Tantsumaratonist võttis Ulvi Riitsalu väitel osa 95 tantsijat .
Tantsumaratonil|Tantsumaratonil esineb hulgaliselt diskoreid ning tantsurühmi Lätist ja Eestist .
tantsumaratonil|Neist kokku kolm tüdrukut olid osalenud Atlantise tantsumaratonil , kaks neidu ( sealhulgas nüüdne Atlantise publikumiss ) on varem võistelnud Miss Tartu finaalis .
viimasepeal|Jättis viimasepeal mulje .
viimasepeal|peale päeva lõppu aga istud oma « viimasepeal » autosse ja vurad koju nagu õige mees kunagi
viimasepeal|Headest asjadest niipalju , et sain endale ühe uue väga stiilse tätoka ning lasin ka ühe varakevadel tehtud pildi üle teha , et jääks viimasepeal tume ja ilus .
viimasepeal|Creative: viimasepeal text käib !!!
viimasepeal|See MTA jookseb aga viimasepeal hästi .
vuukidesse|Tugimüüri kahjustas peamiselt tihe taimestik ja samblik , mille juurestik oli tunginud vuukidesse ja lubimördi pudedaks muutnud .
vuugist|Filmiloojatel ja publikul on tarvidus teineteisega suhelda teatud vastastikku omaksvõetavas keeles , mis erineks nii Hollywoodi kassastooride puhtast vuugist ning kiirgaks samuti rohkem loomingulisust kui televisioonide olusaadete argiõhtune lagedus .
vuukides|Sealsed paneelelamud olid samas seisus kui praegu Tallinnas - vuukides haigutasid vahed , kraanid tilkusid , torud lasid läbi , postkastid ja välisuksed ära lõhutud , koridorid täiskritseldatud .
vuukidesse|Tugede müüritis on osaliselt murenenud ning vuukidesse ja kividesse on tekkinud arvukalt pragusid ning deformatsioonivuugid on puudu .
vuukidest|Tegelikult võivad probleemid tekkida ainult siis , kui vesi kusagilt põrandapraost , ventilatsioonisüsteemist või halvasti tihendatud vuukidest sisse jookseb .
õhtusel|Sai edukalt läbi , küllap Roman Baskini õhtusel , kelle kursusekaaslaseks Järvet oleks saanud .
õhtusel|Jooksutreeninguid alustas ta olümpiavõitjast sõbranna Valentina Jegorova õhtusel .
õhtusel|Ema ja sõpruskonna õhtusel käis Liisi esimest korda elus eelvalimistel valimas .
õhtustest|Tallinna kommunaalameti liiklusteenistuse direktori Mati Songisepa sõnul ei erine hommikused tipptunnid suuremalt õhtustest , ummik võib tekkida vaid eri suundades .
õhtuses|Pangad pakuvad riigi tagatud õppelaenu täiskoormusega õppivatele üliõpilastele , õpilastele , magistrantidele ja doktorantidele , kuid õhtuses ja kaugõppes õppijad laenu ei saa .
alkoholiravil|Inglise liiga kalleim jalgpallur , Manchester Unitedi kapten Roy Keane lükkab tagasi kõik tabloidlehtede süüdistused , nagu veetnuks ta hiljuti kolm päeva kodukandi kliinikus alkoholiravil .
alkoholiravilt|Kõik väravad löödi teisel poolajal , kusjuures skoori avas alkoholiravilt naasnud Paul Gascoigne 47. minutil .
alkoholiravile|Täpselt aasta hiljem ilmus ta jälle kinno purjus olekus ning Vasakpartei pidas kriisikoosoleku , Schyman läks aga neljaks nädalaks alkoholiravile .
alkoholiravile|Sõbrad teadsid , et kesknädalal läks Myllylä vabatahtlikult alkoholiravile , kuid nagu selgus , jäi tee katki .
alkoholiravil|Draamateatrist korra joomise pärast lahti lastud Dan Põldroos ei varja , et on rohkem kui korra Wismari haiglas alkoholiravil käinud .
büstile|Eritoestusega rinnahoidjad annavad büstile ideaalse kuju .
büstil|Nüüd tuleb totrusest päästetud büstil vastavalt kabinetivaldaja tujule kas siis otse , vasakule või paremale vaadata ning teinekord isevärki muusakski olla .
Büstidest|Büstidest passiksid eestlannale peaaegu võrdselt Cindy Crawford , Pamela Anderson ja Jennifer Lopez .
büstile|Käisime büstile juba kohtagi vaatamas , aga see osutus kahjuks asjatuks retkeks .
Büstidest|Büstidest passiksid eestlannale peaaegu võrdselt Cindy Crawford , Pamela Anderson ja Jennifer Lopez .
Härrasrahval|Härrasrahval ei sobi alaväärsetega koos kulgeda , nii võiks kõlada tigedavõitu alltekst .
härrasrahval|""" Ühesõnaga , matsid ärgu kakerdagu härrasrahval jalus , "" lausus Võsa ."
härrasrahvas|Probleemi olemasolu paljastas meie kõige salajasema hirmu ( mis oli ilmselt pärit aastasadu kestnud alandamisest ) : mida härrasrahvas minu tegevusest arvab ?
härrasrahvale|Võõrkeelsele härrasrahvale lisab sära Ameerika suursaadik Eestis emand Melissa Wells koos abikaasaga .
härrasrahvas|Paraku kippusid nad seda tegema neis tsoones , kus härrasrahvas promeneerida armastas .
kitsusest|Emma astus oma seeliku kitsusest hoolimata üsna vabalt ; kuidagi lahedalt ja omapoisilikult .
kitsuses|Eesti keelt ja kirjandust ta oma senises haridusmõistmise kitsuses kaasa ei too .
kitsusest|See Mörk lausa puges ühest kitsusest läbi …
kitsusele|Ometi näitas MM sedagi , et kandepinna kitsusele ja rasketele hetkeoludele vaatamata leidub noori , kes tugevatele traditsioonidele toetudes võivad kaugele jõuda - meie medalistidest on Lauri Ilison 17- ja kuulsast allveeujujate perest pärit Rein Kompus 19aastane .
kitsusesse|Tarvitseb kitsusesse tamm ette teha , võsa maha võtta ja saabki järve .
linnamisjonist|“ Siis jääksime söömata , kui linnamisjonist suppi ei toodaks , ” ütles kaht lapselast kasvatav Alma Krup ( 88 ) .
Linnamisjonisse|Linnamisjonisse toovad linlased ka riideabi .
linnamisjonis|Kui toetajaid otsisin , käisin ka linnamisjonis ning nad pakkusid toetust sel moel , et kodutud võiksid seal valvata .
linnamisjonile|Linlased annavad linnamisjonile ära kirjutuslaudu , voodeid , pliite , külmkappe ja isegi seinasektsioone .
linnamisjonis|Ööl vastu pühapäeva elumaja plahvatuses koduta jäänud 18 naist ja last elavad praegu Tallinna linnamisjonis , 15 peavarjuta meest viidi Männiku kodutute varjupaika .
rahvuslikkusest|Ma ei ole küll laskunud Tulli Lummi huvitavale , kuid siiski eestipäraselt harilikule progefolkplaadile 10 punkti andmiseni , sest selle muusikazhanri tasuta kaasandena käivad jutud rahvuslikkusest , smugrist ja juurtest võivad vahel väga tüütud olla .
rahvuslikkusest|Ei oma vääritult väärikast abielust , ei ühestki sendist , ei oma kummaliselt moondunud rahvuslikkusest , mis teda sundis ühtaegu Inga külge klammerduma ja samas teda alateadlikult igati alandama ning teisejärguliseks pidama , sest naine tuli ju sealt , kust tulid nii traviatad kui ka nõukogude agendid .
rahvuslikkuses|Ei saa ka välistada , et Ansip on saanud rahvuslikkuses värsket inspiratsiooni või ka lausa juhtnööre Siim Kallaselt .
rahvuslikkusest|Elu on läinud teistmoodi , elu läks nii , et rahvuslikkusest ja ka kodakondsusest lähtuval alusel erastamist ei toimunud .
rahvuslikkuses|Nende ümber oleksid need praegused liidu liikmed , kes on piisavalt heaolulised , et mitte Brüsselist raha soovida , ja kes oma suures rahvuslikkuses ei taha veel rahaliiduga liituda .
taktimõõdus|11. november Toompea esitab linnavalitsusele noodi 3/4 taktimõõdus .
taktimõõdust|Ja Jericho võlu tuleb ilmselgelt 5/4 taktimõõdust .
taktimõõdus|"Kiitus ja ülistus , mis oli koosolekutel , on võimalik vaid siis kui Jewelly Vaim inimesi puudutab - see on sõnul kirjeldamatu , seda peab ise kogema , kui üle saja karjapoisi koos lambukestega tõstavad koos oma hääled Jewelly poole ning laulavad Siristaja ning Susila sõnumilaulu Ten Singi viisil hiina taktimõõdus "" Tsing OFF'i "" ."
taktimõõdus|"Näiteks "" Tuulehobuse tseremoonia "" esitus toimus meie mõistes 11/8 taktimõõdus korduvate perioodide kaupa ."
taktimõõdus|Osa tantsijaid tahab üks-kahendik taktimõõdus loo saatel vajalikust poole kiiremini liikuda ning sabasse tekivad augud .
Tänavakividele|Tänavakividele kukkunud pealtvaatajad pühkisid riietelt tolmu , püüdes teha halva mängu juures head nägu .
tänavakividele|” Aadam tõstis tellise pea kohale ja kukutas selle blondile naisele pähe , miski raksatas tuhmilt ja nagu välgust tabatult varises kasukaga naine tänavakividele .
tänavakivile|Välikohviku kõrval on alles ka liumägi , millest alla lastes kukub laps ikkagi tänavakivile , samuti teised turnimispuud ja -redel .
tänavakividel|Raekoja platsil Millenniumi kohviku ees tänavakividel istub paarkümmend inimest , valdavalt soomlased .
tänavakividel|Taevast ei tiba enam külma vihma , mis tänavakividel jääkirmeks tõmbub , vaid hõredaid kuivi lumekübemeid .
veerandfinaalgrupis|Reet Rausbergi juhendatav koondis jätkab nüüd veerandfinaalgrupis , kus vastasteks Slovakkia , Rumeenia ja Rootsi .
veerandfinaalgruppides|Iga alagrupi kaks tugevamat jätkavad kaheksaliikmelistes veerandfinaalgruppides .
veerandfinaalgrupis|Eile õhtul lisandusid Soomele oma veerandfinaalgrupis samuti teise võidu saanud Kanada ja Rootsi .
veerandfinaalgrupis|kuid tuli surnud ringis ikka alagrupi võitjaks ja jätkab veerandfinaalgrupis .
veerandfinaalgrupis|Suurte lootustega Sibiusse sõitnud Indrek Visnapuu hoolealused alistasid veerandfinaalgrupis Portugali 72 : 63 ja eile ka ülipõnevas mängus Poola 75 : 68.
Macaus|Igal sõidul vajad sa head seadistust ja head tunned , kuid Macaus on lisaks tarvis topeltkoguses õnne , eriti kvalifikatsioonis , kus on liiklust palju .
Macausse|Ehkki erinevalt Hongkongist on vaid vähesed Hiina dissidendid varjunud Macausse , on saarel elavad Falun Gongi sekti esindajad lubanud astuda teravalt vastu oma õiguste piiramisele .
Macaus|Ta lootis , et Hiina võim lööb Macaus korra majja .
Macaus|Ehkki kuritegelikud jõugud võimutsesid Macaus aastakümneid , aktiviseerus nende tegevus just pärast Macau ülemineku teatavakssaamist .
Macaus|Hetkel käib Macaus verine võitlus mõjuvõimu pärast kõige hirmuäratavama hiina maffiagrupeeringu , Hongkongis baseeruva triaadi Sun Yee Oni ja mitmete väiksemate tormilise majanduskasvuga Hiina rannikualade kohalike triaadide ja jõukude vahel .
luurekeskuses|Kaheksakümnendatel aastatel dešifreeris Viktor Makarov tollase N. Liidu luurekeskuses nii salajasi teateid , et neist ei räägitud isegi kompartei poliitbüroo liikmetele .
luurekeskusele|Tänavu 26. märtsil kinnitas üks endine lääne luuraja ajalehes “ Guardian ” : “ Kui teatasid millestki Müncheni lähedal olevale Saksa luurekeskusele , oleksid nagu otse Ida-Berliini läinud ja öelnud seda Wolfile isiklikult . ”
luurekeskusest|Kuid Pelton ei teadnud midagi Barentsi mere luurekeskusest .
luurekeskuses|Ta töötas Londoni lähistel luurekeskuses ( GCHQ valitsuskommunikatsiooni peakorter ) hiina keele tõlgina .
luurekeskusest|Pealtnägijate sõnul lahkusid koidu ajal inimesed ka kahest Süüria luurekeskusest Tripolis .
töökätest|Suurenenud on tööpuudus ja samas on teatud valdkondades puudus töökätest .
töökätele|« Ega teistmoodi poleks saanudki , töökätele ei oleks muidu ruumi ega tööriistu jätkunud , » usub Tallinnast Kassinurmele tööd rühmama sõitnud Keskmaa ordusse kuuluv talguline Mati Nuut .
töökätest|Õige on see Savisaare väide , et Eesti jookseb töökätest tühjaks .
töökätest|Muul ajal piisab oma pere töökätest .
Töökätest|Töökätest iseenesest puudust ei tule .
Lääne-Ukrainasse|Paradoksina on kõige rohkem Vene raha saabunud hoopis Lääne-Ukrainasse Ivano-Frankivski oblastisse .
Lääne-Ukrainas|Linnavalitsuse otsuse taga seisavad Lääne-Ukrainas mõjuvõimsad rahvuslaste organisatsioonid , kelle viha vene keele vastu keeras lõplikult üles keskealise helilooja Igor Biloziri tapmine .
Lääne-Ukrainas|141 Kõige aktiivsem tegevus toimus 1948. aastal Lääne-Ukrainas ja Leedus , kus mõlemas tegutses u 170 rühmitust , Lääne-Valgevenes oli fikseeritud 90 ja Eestis ning Lätis kokku 73 rühma .
Lääne-Ukrainas|Juštšenko toetajate meeleavaldused toimuvad kõikjal Lääne-Ukrainas .
Lääne-Ukrainas|Ent erapooletud vaatlejad osutavad ka sellele , et Juštšenkot toetavas Lääne-Ukrainas on korruptsioon levinud rohkem kui mujal riigis .
Palal|Jõgeva politseil on kavas pärast ligi viieaastast ootamist esitada reedel kriminaalsüüdistus veokijuhile , kes põhjustas 1996. aastal Palal kaheksa koolilapse surmaga lõppenud bussiõnnetuse .
Palal|Jõgeva politsei esitab reedel , pärast ligi viieaastast ootamist kriminaalsüüdistuse veokijuht Anti Ubinale , kes põhjustas 1996. aastal Palal kaheksa koolilapse surmaga lõppenud bussiõnnetuse .
Palal|Samal päeval ja samal kellaajal kestab Palal kaheksa hukkunud koolilapse matusetalitus .
Palal|Olen Palal igal aastal käinud .
Palal|"Ajalehes kirjutati , et "" Eesti Rahva Muuseum käis Palal ja Mustvees "" ."
ametitoolilt|Jüri Pihl ei suutnud jällegi heast ametikohast kinni pidada , vaid hüppas riigiprokuröri ametitoolilt justiitsministeeriumi kantsleriks nagu konn .
ametitoolist|Mustade meeste jõhkra maailma asfaldilüürikat naudib turvaliselt mugavast ja hästimakstud ametitoolist .
ametitoolil|Riigikogu ebaõiglase tšekisüsteemi autor ja 365 päeva aastas vaid rahva huvide nimel töötav Ojuland , kes luukerekõhnana tantsupõrandal rahva silmis populaarsust otsib , poseeris « Tantsud tähtedega » reklaamklipis koguni riigikogu esimehe ametitoolil .
ametitoolil|Uurijad küsitlesid teisipäeval juhtumi asjus peaministrit , kes raha kadumise ajal istus noorsooministri ametitoolil .
ametitoolil|Lepp ütles eile Postimehele , et tunneb end oma ametitoolil kindlamalt kui kunagi varem .
kahinal|Järgmisel hommikul astub rahvamass raskete kasukate kahinal , helmeste kõlinal , rahvariiete sahinal taas Finlandiatalo poole .
kahinal|Ristide kahinal pudenesid vaimud laiali .
kahinal|""" Nimelt-nimelt , "" möönis Loola mõnuleval kahinal , "" Saaveli kandi pealt ."
Kahinast|Kahinast saab kõrvulukustav kisa : lavadekoratsioonide vahelt paistavad kollid jõuluvana kodulinnast .
kahinas|See on terve pikk aastaaeg , mis möödub nende melanhoolses kahinas ja lõhnas .
kodakondsuseksamil|Mitu punkti 100 võimalikust sai USA kodakondsuseksamil Nikita Hruštšovi poeg Sergei ?
kodakondsuseksamil|Nõukogude omaaegse riigipea Nikita Hrushtshovi poeg Sergei vastas üleeile USA kodakondsuseksamil õigesti 20 küsimusest 19-le , saades nii 95 punkti sajast võimalikust .
kodakondsuseksamile|Aasta eest Flora ridadesse murdnud narvakas  Jevgeni Novikov  väidab samuti , et kodakondsuseksamile ajas teda hoopis muu tung .
kodakondsuseksamile|ov  ja tema abikaasa  Valentina Golenko  lähevad Ühendriikide kodakondsuseksamile 23 . juunil .
kodakondsuseksamil|Erinevatel põhjustel , kas ei jaksa keelt ära õppida , kes põrus kodakondsuseksamil , või on vanemate dokumentidega probleeme vms.
presidendiajal|"Putini tipphetk saabus pärast kohtumist telesaates "" Larry King Live "" , kus ta jagas muuhulgas kommentaare end presidendiajal tabanud katastroofide kohta ."
presidendiajast|Jõudnud pooleni oma presidendiajast , peaks Putin minema 2004. aasta valimistele vastu üsna kindlalt , sest tal ei paista olevat ühtegi tõsiseltvõetavat rivaali .
presidendiajal|25 protsenti vastanuist ootab , et Rüütel saab sama väljapaistvaks riigimeheks , kui oli oma kümneaastasel presidendiajal Lennart Meri .
presidendiajal|Berezovski on üks Venemaa niinimetatud oligarhidest , kes suutis Boris Jeltsini presidendiajal kokku ajada suure varanduse .
presidendiajast|69aastane Jeltsin on suure osa oma teisest presidendiajast olnud haige ja riigi tegelikust juhtimisest sageli kõrval .
psühhoteraapiasse|Läbikukkumine konkursil viis nooruki säärasesse masendusse , et ta läks psühhoteraapiasse ning mõistis , et peab oma sooidentiteeti tunnistama .
psühhoteraapias|Hiljem , kui psühhoteraapias käisin , siis tuli see kusagilt saja koore alt välja .
Psühhoteraapias|""" Psühhoteraapias ma näen , kuidas arvutimaailm on muutunud tähtsamaks kui muu maailm ."
psühhoteraapias|Tegelesin selle probleemiga psühhoteraapias õige mitu korda , enne kui lõpuks tasakaalu tagasi sain .
psühhoteraapiasse|” Ravimeid sellised inimesed kardavad , psühhoteraapiasse ei usu .
Pühapäeval-esmaspäeval|Pühapäeval-esmaspäeval käis Soome Instituudi kutsel Tallinnas põhjanaabrite tuntuim kinopublitsist , filmiõppejõud ja hulga raamatute ning dokumentaalfilmide autor Peter von Bagh ( 54 ) .
pühapäeval-esmaspäeval|Laupäeval võitsid rannavõrkpalliturniiri Pärnus Avo Keel-Kaido Kreen , pühapäeval-esmaspäeval Pirital võtsid vennad Kaarel ja Kristjan Kais revanshi .
Pühapäeval-esmaspäeval|Pühapäeval-esmaspäeval toimuvad kvalifikatsioonimängud , teisipäeval algab Sini-Valge väljakutel 32 osavõtjaga põhiturniir .
pühapäeval-esmaspäeval|Küsitlused näitasid , et pühapäeval-esmaspäeval lasi hääletussedeli kasti lausenamik neljast miljonist värskelt hääleõiguslikuks saanud noorest kodanikust .
Pühapäeval-esmaspäeval|Pühapäeval-esmaspäeval väisas Eestit Jaapani suuruselt neljanda autofirma Suzuki juhatuse esimees Yoshio Saito , 64 .
veinipiirkondades|Vähemalt veinipiirkondades kuulub see nektar sagedasti toidu sisse ja juurde nagu sool-pipar .
veinipiirkonnas|Pärast seda käisime Bordeaux ’ külje all ühes kuulsaimas veinipiirkonnas Saint Demillien .
veinipiirkondades|Täna ülemaailmselt tuntud parimates Prantsuse veinipiirkondades nagu Burgundia , Bordeaux , Alsace jt , kobrutasid veinitõrred juba Rooma impeeriumi hiilgeaegadel .
veinipiirkonnast|Los Cardose 2002 aasta Cabernet Sauvignon pärineb Argentina kuulsaimast veinipiirkonnast Mendozast .
veinipiirkondadele|Nimelt ei jää Argentiina peamise viinamarjakasvatuspiirkonna - Mendoza provintsi - ilmastik suurt millegi poolest alla Tshiili veinipiirkondadele ning seal saaks kahtlemata pruulida eliitveine .
Eros|"Öeldakse ju , et esimesena lahkub meist Eros , siis Bacchos , aga isakese Marsiga sammume käsikäes lõpuni . """
Eros|USA kosmosesond Near Shoemaker maandus esmaspäeva õhtul asteroidil Eros .
Eros|Tabloidväljaanne Komsomolskaja Pravda avaldas teaduskeskuse Eros värsked uuringutulemused , mille järgi asub näiteks SL Õhtulehe Moskva korrespondendipunkt kollases tsoonis ehk niisuguses , mis on parim tavaeluks ja eluterveks perekondlikuks seksiks .
Eros|BBC uudistekanali teatel loodab ameeriklaste kosmoseagentuur NASA kindlaks teha , millistest mineraalidest Eros koosneb .
Erost|Enne Erost pooletunnise esinemisega lavale tulnud Dave Benton laulis oma tuntud headuses kavereid popmuusika varasalvest .
imaveres|tydruk: tauri ega sa juhuslikult imaveres ei ela
imaveres|kriss: ma tean kas sa elad imaveres we
imaveres|tydruk: tauri ega sa juhuslikult imaveres ei ela
imaveres|sk8ergirl: kle sa käisid imaveres laagris user1879 ...... 488
imaveres|kuum115: kas sa katu elad imaveres ?
jaanikust|Tallinlased , kes jaaniõhtuks linnast ei lahku , saavad ühisest suurest jaanikust osa linnaski .
jaanikule|Muhu jaanikule kõnnib rahvas kell 19.30 - Muhu kiriku juures Hellamaa jaanituleplatsil esinevad Läti ja Muhu taidlejad .
jaanikule|Sajad jalapaarid tulid siia juba mullu ja läinud suvel jaanikule .
jaanikutele|23.06.1997 President Lennart Meri saatis kõigi maakondade jaanikutele võidutule Võrust .
jaanikule|""" Armsad inimesed , mis te nüüd ometi sellest autokummist kallile jaanikule kaasa vedasite ? "" pärib Juhan Parts rangelt ."
lössis|Järgmisel varahommikul kihutame lössis taksoga Pihkvast jälle Petserisse .
lössis|Ma ootasin iga päev , nina vastu aknaruutu lössis , et ehk Umboja peremees astub ka viivuks sisse aega viitma , aga kus sa sellega .
lössis|Mul äi-ämm elavad seal ja nägid seda lössis autot ja
lössis|Mul äi-ämm elavad seal ja nägid seda lössis autot ja ilmselt automees tegi kõvemat häält , sest ka nemad teadsid rääkida , et tsikkel keeras ette ...
lössis|« Pikad salguta-mata juuksed veavad näojooni allapoole , nii et nägu näeb välja lössis .
raviseansile|""" Hommikuse treeningu järel tuleb Rumma raviseansile , siis otsustame , kas jalg kannatab juba ka mängupinget ."
raviseanssidel|Aga nüüd olen taltunud - käin raviseanssidel , teen eriharjutusi ja säilitan elujaatava suhtumise .
raviseansile|""" Kohe lõi jalga valu , "" ütles Kangur , kes läks saalist raviseansile ."
raviseanssidel|Võib-olla ma oma raviseanssidel mõjungi paraja despoodina , kuid ma tahan , et minu nõudeid ka tõepoolest täidetakse .
raviseansil|Kahekordne olümpiavõitja käis eelmisel nädalal Austrias Salzburgi lähedal Halleinis Egiptuse päritolu füsioterapeudi Mohamed Khalifa raviseansil .
win'ist|ma ei tea , mida sa üritad , aga windowsi reinstall käib win'ist väljas .
winile|Seda taastada saab , ilma et winile reinstalli teeks ?
win-s|Kui vahest hiirega probleemid on või kui mingis situatsioonis hiir puudub ja on vaja win-s ringi rallata , siis on neist klahvidest kasu küll ( hiirega probleem - safe modis jne .. )
win'le|"see ronis hämmastava kiirusega siise mu värskelt installitud updatemata win'le kunagi:|"
winil|kas see windowblinds töötab igal winil ?
Kozlovist|Portaal kirjutas , et Kozlovist sai kahtlusalune , kuna ta ei täitnud kohtu korraldust , s.t. ei vabastanud ruume , milles säilitatakse arhiivdokumente ja muuseumieksponaate .
Kozlovile|Mari kõrgeima rahvuskogu esimeheks valitud Kozlovile tungisid kurjategijad kallale 4. veebruari hommikul Joškar-Ola ajakirjandusmaja lähistel , kui ta oli teel tööle .
Kozlovil|Kommentaarides riigi ühe esipankuri tapmise kohta koorub välja tõsiasi , et vaenlasi jagus 41-aastasel Kozlovil sadu , kui mitte tuhandeid .
Kozlovil|""" Kuura usub , et kui Kozlovil läinuks kõik normaalselt , pääsenuks ta arvatavasti ka olümpiale ."
Kozlovile|Samuti ei märganud passilehtede ärarebimise fakti Eesti konsulaarametnik , kes väljastas Kozlovile viisa , et ta saaks osaleda president Arnold Rüütli kutsel Eesti Vabariigi 88. aastapäevale pühendatud vastuvõtul .
estraadilavale|Sai villand poliitikast , astusin estraadilavale .
estraadilaval|Selles samas majas , kus mina , noor elukutseline artist , oma esimesi samme estraadilaval tegin .
estraadilavadelt|Sealtpeale on ta estraadilavadelt naerutanud publikut koos väga paljude eesti sõnateatri suurkujudega nagu Jüri Järvet , Einari Koppel , Ago Saller jt.
estraadilavadele|LÕHIK : Sedalaadi lõhikud sobivad estraadilavadele ja ööklubidesse .
estraadilaval|Võtsin koha sisse estraadilaval , kuhu hiljem saabusid Eesti NSV juhid Vaino Väljas , Indrek Toome , olümpiavõitjad ja teised .
keemialaborites|Maian on üles kasvanud kunstiinstituudi keemialaborites ja fotostuudiotes .
keemialaboreis|Ohutuse tagamiseks korraldab TTÜ keemialaboreis lauskontrolli
keemialaborist|Nüüd ei saa Järvamaa haigla arstid ja õed enne patsientidele meditsiinilist hapnikku anda , kui on saanud tervisekaitse keemialaborist kinnituse selle ohutuse kohta .
keemialaborisse|THG jäljed viivad Victor Conte juhitud ja Californias asuvasse Balco keemialaborisse , kus aine väidetavalt välja töötati .
keemialaborist|Kalle Ilmoja Tartu Tervisekaitsekeskuse keemialaborist ütles , et seda ainet ei maksa karta , see on kõige tavalisem söögisooda .
metsasügavuses|Või hoopis kiirustada kellega kohtuma , kellegi teisega , kes teda selles metsasügavuses , tõeliselt sobivas kohtumiskohas ootas ! ?
metsasügavuses|Kusagil kaugel metsasügavuses huilgas hommiku poolt ootamatult tabatud öökull .
metsasügavustesse|Kui ta 2004. aastal ostis ligi 16 miljoni krooni eest Soomest metsasügavustesse peitunud ja majanduslikult mitte tulu toova savimärklaudu tootva tehase , tuli kõigepealt hakata katsetama õiget tehnoloogiat .
metsasügavuses|Piirkonna kõige muljetavaldavam vaatamisväärsus on aastail 1832- 1842 Ludwig von Maydelli kavandi järgi ehitatud pseudogooti stiilis Grünewaldtide kabel , mis asub mõisa peahoonest kilomeeter eemal loode suunas metsasügavuses .
metsasügavustest|Esialgu on katuseni üksjagu rabelemist , aga mõte metsasügavustest väsinud palkmaju otsida ning need siis üles ehitada on aasta jagu vana .
pöördtoolides|Enamiku ligi kolmetunnisest lavastusest istusid tegelased kõrgete seljatugedega pöördtoolides , keerutasid end aeg-ajalt , tõusid haruharva püsti , liginesid üksteisele , ja rääkisid .
pöördtoolis|” Bigart pööras end pöördtoolis järsult väljuja poole .
pöördtoolis|Kuna telefon ikka veel helises , võtsin laua taga pöördtoolis istet ja tõstsin toru kõrva äärde .
pöördtoolis|"Pärast Krossi näidendi "" Vend Enrico ja tema piiskop "" etenduse lõppu pakkus lavastaja Mikk Mikiver kirjanikule laval istet samas vanas kägisevas pöördtoolis , milles äsja oli piiskop Profittlichina saatuse vaekausse mängitanud Guido Kangur ja milles 20 aastat tagasi Krossi "" Pöördtoolitunnis "" Heino Mandri Eugen Jannseni rollis arutles ajakirjanduse kui munade peal kõndimise kunsti üle ."
pöördtoolilt|Ajakirjaniku küsimuse peale , kui palju suusakeskusi näiteks Austrias üles võib lugeda ning kataloogis välja reklaamida , tõuseb Renee Tuul pöördtoolilt püsti ja naaseb teatmikuga , mis umbes sama paks kui õigekeelsussõnaraamat . ?
ristilöömisel|Me oleme käinud Kristuse ristilöömisel , Caesari mõrvamisel , Charles I , Louis XVI ja Robespierre'i hukkamisel .
ristilöömisest|Evangeeliumid räägivad ristilöömisest erinevalt .
ristilöömisele|Palmipuudepüha on paastu viimane ehk kuues pühapäev , sel päeval sisenes Jeesus usutavasti püha Jeruusalemma , vastu oma ristilöömisele .
ristilöömisele|Kuid ristilöömisele järgneb uuestisünd .
ristilöömisele|Väljaanded kirjutasid muigega , kuidas Miramaxi juhtfiguur Harvey Weinstein vastuvõtul Cannes'is pühendas enamiku ajast oma prantslasest levitaja näitlikule ristilöömisele , sest kompanii viimane kasumimootor on konkurentsis prantsusmaisega alla jäänud .
Just|Eri kollektiivides on ta eurolaval esinenud lausa kahel aastakümnel : 1986. aastal platseerus Islandi lugu suurte lootuste kiuste alles 16. kohale ; 1991. aastal Norra eest lauldes jäi pala « Mrs Thompson » , mida Eirikur esitas koos grupiga Just 4 Fun , aga 17. kohale .
Just|"Festivali külastab ka Gus van Sant , kelle film "" Elevant "" mulluse Just Filmi võitis ."
Just|FC Flora ja FC Levadia esimene mäng Maardus lõppes teatavasti 1 : 1 Just sellest kohtumisest sai alguse kordusmängu võit , arvas Levadia mängujuht Olumets .
Just|"Nad pole eestlased .. "" ( cc ) nemad on eestlased , ära ehita müüri Just , oleme murdepunktis , kus ei tohi eksida , nemad on juba selle maa lapsed , ja eestlased , kui nad seda tahavad ."
Just|Seal istus juba Just , näost üsna kaame .
Sopotis|Sopotis annavad nad oma esimese kontserdi Poola pinnal : laulavad neli laulu kohalikus teleshow's.
Sopotis|Sopotis , kus meie estraadistaarid kunagi loorbereid lõikasid , jalutasin palju ringi möödunud aasta märtsis .
Sopotis|Maret Ani langes Sopotis välja
Sopotist|Stuudios on aasta 1984 aasta , mil Anne Veski toob Sopotist kaks preemiat ja 3aastane Maarja-Liis Ilus alustab laulukarjääri filmis « Õnneseen » .
Sopotisse|Oldfield tuleb Eestisse Venemaalt Jekaterinburgist ja sõidab edasi Poola Sopotisse .
battle'il|Sarnaselt eelmisele aastale , eelnevad põhivõistlusele samal päeval ilma publikuta kvalifikatsioonid , kus kõik esimest korda battle'il osalevad emceed peavad suvalise biidi peale friistailima ühe vähemalt 8-taktilise ( 8 x 4 ) stiilinäite oma flowst .
battlele|mine MC battlele
battle'ile|Ja ütleme nii , et kui lähed battle'ile , siis polegi vaja kedagi nii-öelda maha teha , vaid lihtsalt kahemõttelisustega anda vastasele võimalus ise mõelda , mida keegi tahab öelda .
battle'ile|rahutu_hing: subfooter mine mc battle'ile sul oleks seal suur menu
battle'il|Just Submissionit pidas enne finaali jõudnute väljakuulutamist oma suurkonkurendiks ka Prantsusmaalt saabunud professionaalsete breikarite crew Olympic Starz , kelle koosseisus astus üles ka ainus battle'il esinenud naisbreikar Beebish legendaarsest 1977. aastal alustanud New Yorgi Rock Steady Crew'st.
keebis|INDUSTRIAL METAL  Kangelane saabub räämas keebis , teeb lohe suunas igasuguseid sündsusetuid liigutusi ning valvemeeskond heidab ta muinasjutumaalt välja .
keebis|"Kanal 2 "" Suvereporteri "" ilmateade meenutas möödunud nädalal Ameerika filmidest nähtud ilmateatelugejaid , kes vihma korral keebis esinevad ning soojakraadidest teatades riided seljast viskavad ."
keepides|Pirita jõe parema kalda ääres askeldavad tibukollastes keepides vesiehitusfirma töötajad sakutavad kraanakange ja suunavad firma juhatajat Mati Roosmad .
keebis|Kes ei üllatuks , kui poodi astub 4-5 mustas keebis , kaigaste ja mõõkadega meest ja nõuab meelikööri .
keepidesse|Siis mässivad sõtkujad end keepidesse , mis kirendavad sajas värvitoonis .
kontserdipiletitele|TALLINN , 27. jaanuar ( EPLO ) - Eelmisel nädalal jõustus Leedu parlamendi otsus alandada kõikide kultuuriürituste piletitele kehtivat käibemaksumäära , mis jätab Eesti ainsaks Balti riigiks , kus kontserdipiletitele kehtib käibemaksu täismäär , teatas Eesti kontserdikorraldajate liit .
kontserdipiletitele|TALLINN , 14. märts ( EPLO ) - Piletilevi trükkis kogemata esimestele müüki läinud Depeche Mode'i kontserdipiletitele vale nädalapäeva , teatas Äripäev Online .
kontserdipiletitele|Huvilised Tallinna lauluväljakul augustis esineva maailma ühe tuntuima rockansambli Rolling Stones'i eile esimest päeva müügil olnud kontserdipiletitele tormi ei jooksnud .
kontserdipiletist|40 000 kontserdipiletist on enamik omaniku leidnud .
kontserdipiletitel|Näiteks Saksamaal ja Tsehhis kehtib kontserdipiletitel seitsmeprotsendiline käibemaks ning Lätis , Poolas ja Bulgaarias rakendatakse nullmäära , lisas ta .
revüüteatrile|Mart Sander ei näe oma tulevasele revüüteatrile võistlejaid .
revüüteatris|"Ilmselt õnnestub Modern Foxil aastavahetusel huuled paiste mängida , sest revüüteatris Bel Etage mängivad nad aastavahetuseõhtul ( kl 20 , 1200.- ) lisaks "" Beau Mondele "" ka uut folkkava "" Ai lupsadi luusangadi "" ."
revüüteatris|Kümme aastat tagasi oli Viru varietees turistide tõmbenumbriks Mait Agu lavastatud tantsusõu Viru folk , nüüd esietendus revüüteatris Bel-Etage Mait Agu õpilase Kristjan Kurmi Ai lupsadi luusangadi .
revüüteatrile|Jutukamaks muutub Mart Sander siis , kui jutt läheb revüüteatrile Bel-Etage .
Revüüteatrile|Revüüteatrile kõik kostüümid õmmelnud Mart Sanderi ema ei viibinud poja Eestist lahkumise etendusel .
semiootikast|Siinne uurimus on töö edenedes leidnud endale tuge semiootikast , kuid üritanud jääda ikkagi suures osas traditsioonilise kirjandusteaduse piiresse , mis selgitab ja uurib kirjandust ja tema funktsioneerimist .
semiootikas|Käesolevas uurimuses järjestatakse semioosi dimensioone - süntaktikat , semantikat ja pragmaatikat - semiootikas levinud viisil , millega ei kaasne aga viidet nende hierarhilisusele .
semiootikast|"Lotmani "" Semiosfäärist "" ja Toropi "" Kultuurimärkide "" ilmumisega on semiootikast kui teisitimõtlemisest saamas paradigma ."
semiootikas|Kui väga mõned meie “ päristeadlased ” endale vastu rinda tagudes ja teadustöö aruannetes lahtrikesi täites oma rahvusvahelist tähtsust ei kinnitaks , ei jää siiski mingit kahtlust , et maailma mastaabis väljapaistvaim , Tartule ja Eestile kõige enam mainekust loonud õpetlane selle sajandi teisel poolel oli Juri Lotman - kirjandusloolane ja kultuurifilosoof , kelle mõttevoolud oluliselt toitusid valgustuse ja romantismi viljakast kokkupuutealast ja kelle semiootikas ei puudunud kunagi lüüriline alge .
semiootikasse|Kui me tahame minna ühest erialast või valdkonnast teise , peame leidma nende ühisosa , see tähendab , et erialast siirdume me semiootikasse ja semiootikast teise eriala valda .
valitusele|Teisipäeval otsustas ministeeriumidevaheline kaitsemeetmete komisjon , et põllumajandusminister teeb valitusele ettepaneku ajutiste kaitsemeetmete rakendamiseks imporditava sealiha suhtes .
valitusest|Mang , kes teab kolmikliidu valitsuse ministrite sünnikaarte , ütleb , et nad teevad õigesti , kui lahkuvad juba aasta algul valitusest .
Valituses|Valituses esindavad erakonda viis ministrit : rahvastikuminister Katrin Saks , välisminister Toomas Hendrik Ilves , sotsiaalminister Eiki Nestor , põllumajandusminister Ivari Padar ja majandusminister Mihkel Pärnoja .
valitusele|Tegime isegi valitusele märgukirja , et seda maja lagunemast päästa .
valitusest|Muidugi on võimalik diplomaatilisi suhteid pingestada ning mõningal määral väljapressimistaktikat rakendada , kuid kasvõi majanduse vallas ei tule see kõne allagi - pool Türgi väliskaubandusest on seotud Euroopaga ning sellele käe ette panemine ei sõltu valitusest .
arvutimonitorile|Metoodika on lihtne : arvutisüsteem jälgib aju verevarustust ja kuvab arvutimonitorile selle graafilise kujutise .
arvutimonitoril|Ei , arvutimonitoril ei saagi pilti päris normaalseks .
arvutimonitorist|Sharp sai valmis prototüübi ehtsat kolmemõõtmelist pilti näitavast arvutimonitorist , mille vaatamiseks ei ole vaja spetsiaalseid prille nagu seni .
arvutimonitorile|Sama kesine on lugu reklaamiga , mis eelistab endiselt trükipressi ja teleekraani arvutimonitorile .
arvutimonitoril|Kui telefonihääletus pärast Homenja viimast lugu « Silmapiirid » lukku pandi , särasid arvutimonitoril protsendinumbrid 58 : 42 Jüri kasuks .
jääliustikes|Osa vett ootab oma aega jääliustikes , teine osa peitub sügaval pinna all .
jääliustikel|Alpide jääliustikel sulab enamus lumest .
Jääliustikul|Jääliustikul jäi jäätis Jääkaru Jetile jalgu .
Jääliustikul|Jääliustikul jäi jäätis Jääkaru Jetile jalgu .
jääliustikule|Jaaguar Jaanis jooksis jääliustikule .
konfliktikolletes|“ Ilmselt tuleb edaspidi anda üha rohkem psühholoogilist abi just sellistele politseinikele , kes pidevalt konfliktikolletes käivad nagu tema .
konfliktikoldest|Euroopa südames hõõguvast konfliktikoldest on vaja lõppude lõpuks jagu saada .
konfliktikoldesse|Kosovska Mitrovica linnas sattusid prantslastest rahutagajad konfliktikoldesse , kus serblased muutusid eriti agressiivseks rahutagajate suhtes .
konfliktikoldes|Pühapäeval hoogustusid rahupingutused ka teises konfliktikoldes , Lõuna-Aafrika president Thabo Mbeki kutsus Davosis korraldama rahvusvahelist tippkohtumist Kongo kodusõja lõpetamiseks .
konfliktikolletes|Kosmoseanalüütikute sõnul oli raketi pardal ülimoodne luuresatelliit , mis oleks kuulanud maailma konfliktikolletes , sealhulgas Lähis-Idas , Pakistanis ja Indias pealt sõjaväe ja valitsusorganite sidekanaleid .
kuulirahest|Pavle Bulatoviciga Radi jalgpalliklubi restoranis koos olnud Mirko Knezevic , söögikoha omanik , ja Vuk Obradovic , tuntud pankur , pääsesid kuulirahest kergete vigastustega .
kuulirahele|Aknaklaasid peavad vastu isegi kuulirahele .
kuulirahes|Haavata sai kuulirahes 30 rahvaasemikku .
kuulirahest|""" Messiah "" mänguskeemi teine uudne rakurss tuleb esile , kui järjekordse tänavalahingu korras muutub politsei keres tuuletõmbus väljakannatamatuks ja Bob vahetab kuulirahest sõrestikuks muutunud torso mõne Choti oma vastu ."
kuulirahest|Hoolimata marulisest kuulirahest astuvad järgmised heausksed ernalased , inglise keelt kõnelevad tahmanäod vesteldes põrgu eeskoja poole .
Osoonikihis|Osoonikihis neeldub bioloogilisi kudesid kahjustav lühilaineline päikesekiirgus ( l < 290 nm täielikult ja 290 < l < 320 nm osaliselt ) .
osoonikihis|Tänavu Antarktika kohal osoonikihis tekkinud auk näib olevat seniregistreeritutest suurim , teatas teisipäeval Uus-Meremaa valitsuse teadusagentuur Antarctica .
osoonikihile|See ei laiene ka osoonikihile , seda käsitleb Genfi konventsioon , mis on samuti meil vastu võetud koos Montreali , Londoni ja Kopenhaageni kokkulepetega .
osoonikihis|Õnneks ei jõua need kiired maapinnani , sest lühemad kui 300 nm kiired hajuvad atmosfääri osoonikihis .
osoonikihis|Kõik inimesed on kiilad , sest osoonikihis on tekkinud suur auk ja kahjulikud kiired kahjustavad inimesi .
välisväljakul|""" Ise alustasin omal ajal Helsingis välisväljakul , kuid siis olid talved karmimad kui praegu ."
välisväljakul|"Ise alustasin Helsingis välisväljakul , ja olime sellegagi rahul , "" kuuldub Kurrilt , kes jagab autogramme ja intervjuusid ning laseb end meelsasti koos soovijatega pildistada ."
välisväljakuil|Sampo Open naiste turniir toimus aastaid juunis välisväljakuil , seekord on turniiri rahastajad teinud kannapöörde : täna algaval turniiril mängivad mehed , võisteldakse Rocca al Mare uue tennisehalli kõva kattega väljakuil .
välisväljakul|Levkoi sõnul tegutses Bursa Tofas täpselt nii , nagu välisväljakul peabki .
välisväljakutel|Vancouver kuulub samas kogu liigas välisväljakutel kõige harvemini võitjate hulka .
Darwinisse|Ligi 30 aastat tagasi asusid John ja Tiiu elama Darwinisse .
Darwinisse|ÜRO evakueeris eile enamiku oma missioonist Ida-Timori pealinnast Dilist Austraalia põhjaosas asuvasse Darwinisse .
Darwinist|Kuigi eelkõige loodetakse pakkuda uusi ja paremaid uurimisvõimalusi teadlastele , on materjalid kättesaadavad ka kõigile teistele , kes huvituvad Darwinist ja tema elu tekkimist seletavast evolutsiooniteooriast , teatas BBC .
Darwinis|"Nii kohtusid "" Lennuki "" pardal omavahel esimest korda kaks eestlast , kes on mõlemad elanud pisikeses Darwinis aastakümneid ."
Darwinisse|Hulk aborigeene , enamus paljajalu , olid kaugetelt sisemaadelt Darwinisse ülemkohut piirama tulnud .
saateansamblisse|Ameerikas elava jaapanlanna saateansamblisse kuulusid hispaaniapärane kitarrist , edev saksi- ja klarnetipoiss , väleda sõrmejooksuga bassimängija , elavaloomuline löökpillimängija ning temperamentne trummar .
saateansamblis|Igatahes saabub ta Eestisse koos Jimmyga , kes mängib ka Sahlene'i saateansamblis .
saateansamblites|Manninen on tuntud rokimees , kes on mänginud Soome lauljate Pave Maijase ja Hectori saateansamblites ning Havana Blacksi , Gringos Locose ja Wishbone Ashi ansamblis .
saateansamblites|Artistinimeks võttis ta siis Teddy Jack Eddy ning lõi kaasa Leon Russelli , Kris Kristoffersoni ja Willie Nelsoni saateansamblites .
saateansamblile|Viimasest osa , tõsi küll , kulub vist saateansamblile .
vändras|Yuko: Just käisin vändras Jaanis
vändras|marco: käisid vändras jaanil ?
vändras|kimpossible: KAS KEEGI TEIST SIIN ELAB vändras
vändras|MetsikRoos: sa elad vändras
vändras|energyman: otto-myller kust kandist vändras oled
RAMis|Tõenäoliselt planeedi ainsa kutselise meeskoori , Eesti Rahvusmeeskoori uus direktor Vello Mäeots , kes on RAMis laulnud 27 aastat , lubab taastada koori kuulsa soundi ja maine .
RAM-is|Ta käib RAM-is , me ei saa teda süüdistada .
RAM-is|Näiteks RAM-is laulab 60 meest .
RAMist|Pagefile  on see osa HDst mida Win juurde võtab kui RAMist väheks jääb .
RAM-is|Paralleelselt õpingutega laulis Uno Kreen RAM-is .
lemmikloomapoest|Doktor Irene Pepperberg , kes tegeleb Harvardi ja Brandeisi ülikoolis võrdleva psühholoogiaga , ostis Alexi lemmikloomapoest , kui too oli üheaastane .
lemmikloomapoodides|Seevastu lemmikloomapoodides maksab puisniidu hein ligemale 30 krooni kilo ehk 30 korda rohkem kui tavahein .
lemmikloomapoodidesse|Roomajaid paljundavad tuhanded fännid , samuti on rikastes Euroopa Liidu maades suured hulgimüügifirmad , mis müüvad roomajaid lemmikloomapoodidesse .
lemmikloomapoodidesse|Tasapisi on ta loomi viinud mitmetesse lemmikloomapoodidesse .
lemmikloomapoes|""" Nähtamatu aed "" maksab lemmikloomapoes ligi 5000 krooni ."
rokk-kontserdil|Ljuba ristisid miilitsad kohe Mustaks Fatimaks , ühendades teda rokk-kontserdil Tušinos toimunud plahvatustega .
rokk-kontserdil|5. juuli 2003 : Moskvas Tušino lennuväljal toimunud rokk-kontserdil sai surma 15 ja vigastada
rokk-kontserdile|Selge , et väikeste lastega rokk-kontserdile ei lähe - nad on nõus tuttavate juures olema , kuni meie veidi meelt lahutame .
rokk-kontserdil|Kell 20 Raekoja platsil algaval rokk-kontserdil « Valgusesse » esinevad ansambel Rock Hotel ja Ivo Linna ning endistest Ruja muusikutest koosnev ansambel Led R koos Tallinna kammerorkestriga .
rokk-kontsertidel|Tehku oma põrgulärmi rokk-kontsertidel , seal on see oodatud asi , sinna on kogunenud vastav publik .
Acapulcos|Veebruari lõpus mängib Kanepi Mehhikos Acapulcos .
Acapulcos|""" Ma pole Grönefeldiga võistlustel kohtunud , kuid Acapulcos harjutasime koos ."
Acapulcos|Acapulcos ( auhinnafond 180 000 USD ) sai ta Anna Smashnovalt ( Iisrael , WTA 43. reket ) vastase vigastuse tõttu loobumisvõidu seisult 1 : 6 , 7 : 6 , 2 : 4.
Acapulcos|Acapulcos võitis meeste turniiri Luis Horna ja naiste turniiri Anna-Lena Grönefeld ( Saksamaa ) , kes finaalis alistas Maret Ani välja lülitanud Flavia Pennetta ( Itaalia ) 6 : 1 , 4 : 6 , 6 : 2.
Acapulcost|Ameerika-reis lõpeb Anile Miami tulemusest hoolimata selges plussis , sest lisaks Indian Wellsi 19350 dollarile teenis ta Acapulcost 7820.
Ameerika-turneelt|Üleeile jõudsid kolmenädalaselt Ameerika-turneelt koju Eesti Filharmoonia Kammerkoor ja Tallinna Kammerorkester koos dirigent Tõnu Kaljustega , seljataga 13 õnnestunud kontserti USA linnades .
Ameerika-turneele|“ Tunnetusüksus ” siirdub Ameerika-turneele
Ameerika-turneel|“ Ameerika-turneel nägime , kuidas vastased alles kuue-seitsme söödu järel viskasid , ” rääkis van Gent .
Ameerika-turneest|Tänavu ütles poptäht ära Ameerika-turneest ja võtab pärast Euroopa-tuuri aja maha .
Ameerika-turneel|Välisväljakul kogetavate ebameeldivustega kohanemiseks käisid kalevlased Ameerika-turneel .
egiptusest|kõrgus mingi 140 cm ... eelmine oli kõrgem nats veel aga vähem kvaliteetne ... tolle müüsin maha mingi 500 eest .. proovisin siin ka müüa , aga keegi ei tahtnud  .... hinnaks sain uuele 350 kr , kui õigesti mäletan .... tõin egiptusest tubakat ka kaasa 10 blokki , need sai enamvähem maha müüdud ... koguemused on ka head , enamasti .... kõige lahedam koht , kus teind on oli kaarsilla peal tartus ... mitte seal üleval ( sõbra vesikas oli .. minu vana , temale müüsingi aga tema ei luband , üless viia seda ) aga ikkagi oli tore öösel kell 2 teha ja siis mingi inimesed kõnnivad kadedalt mööda ... aga paar korda on ka pea liialdamisest valutama hakkand .
egiptuses|kord , või 2 aastas käin egiptuses ja ostan tubakat ja sütt ka  varusi vaja täiendada
egiptusesse|eki: mine egiptusesse siis
egiptuses|kissy: ää nu ma ei tea ma siin egiptuses ja sharmel sheigis pidid nad juba vintpüssidegasiiberdama
egiptuses|Ajamasin seletaks võibolla Nostradamust ja tänapäeva tehnikat ( nt tankid ) iidses egiptuses .
hõimurahvale|on viie Tallinna keskkooli õpilaskondade liit , kelle 10liikmeline delegatsioon käis Avatud Eesti Fondi toel juuli algul Mari Vabariigis hõimurahvale õpilasomavalitsuse võimalusi tutvustamas .
hõimurahvast|Kuus Eesti Ersa-Mokša sõpra käisid hõimurahvast lähemalt uurimas
Hõimurahvastele|Hõimurahvastele - maridele , ersadele , mokshadele , komidele , udmurtidele , ka liivlastele ja teistele - eesti keelt õpetades avame neile tee Eesti haridussüsteemi juurde ning tugevdame nii nende rahvuslikku intelligentsi ja emakeelte staatust .
hõimurahvalt|Oma hõimurahvalt soomlastelt oleme õppinud vabaturumajanduslikku töökultuuri .
hõimurahvalt|Oma hõimurahvalt soomlastelt oleme õppinud vabaturumajanduslikku töökultuuri .
laevavrakile|Rootslased põhjendasid laevavrakile minemise vajadust kümnete inimeste sooviga lähedaste surnukehad pinnale tuua .
laevavrakist|Vello Mäss näitab sonaripilti Naissaare lähedal merepõhjas paiknevast laevavrakist , mis on üks viimaseid huvitavamaid leide .
laevavrakile|Soome ajaleht kirjutab , et liiv on jäänud laevavrakile laevakere pooleli jäänud katmisest .
laevavrakis|Esimese tuukriekspeditsiooni Estonia vrakile korraldas Rootsi tellimusel Norra firma Rockwater 1994. aasta detsembris , toona töötasid tuukrid laevavrakis üle 60 tunni .
laevavrakil|Jõe teisel kaldal , roostes ja mahajäetud laevavrakil istub armunud venelaste paar .
uuenemisest|Jutt käib siiski sisu uuenemisest ja paremast toimetamisest . ”
uuenemisest|Prognoosi seisukohalt kõige huvipakkuvamat faasi − vahaküpsust − iseloomustab seega 3 erinevat summeerimisperioodi , mis algavad vegetatsiooni uuenemisest , loomisest ja piimküpsusest .
uuenemises|Mida positiivset näete vanalinna uuenemises , mis võiks olla eeskujuks ülejäänud korrastajaile ?
uuenemisele|Oma teisel Poola-visiidi päeval kutsus paavst Johannes Paulus II eile Gdanski lähistel Pelplinis enam kui 300 000 inimesele esinedes Poolat üles vaimsele uuenemisele , mälestades samas ka natsiohvreid .
uuenemisele|Selle sajandi algul püstitasid nooreestlased loosungi saada eurooplaseks , mis pani aluse nii kultuuri uuenemisele kui ühiskondliku mõtte avardumisele .
Anil|Mullu algas Anil just siis aasta lõpuni kestnud edu .
Anile|Võit tähendaks Anile ühtlasi ka esimest profiturniiri esikohta üksikmängus .
Anil|WTA edetabeli põhjal maailma saja parema paarismängija hulka kuuluval Anil tuli paaris Sampo Openi võitja Mait Künnapiga vaatemängulises ja ülimalt põnevas heitluses vanduda alla Kanepile ja lätlasele Janis Skroderisele .
Anil|Poolfinaalis tuleb Anil ja Gagliardil astuda vastu venelanna Tatjana Putšekile ja ukrainlanna Jelena Tatarkovale .
Anil|Hetkel elu parimal , 154. kohal paikneval Anil käis Itaalias külas Romi Erlach .
Tashkendis|Adolf Schickelgruber , maailmale tuntud rohkem Adolf Hitlerina , kes lõpetas oma elu enesetapuga 1945. aasta kevadel , on meie päevil Tashkendis Aleksandr Shishkini näol uuesti “ ellu tõusnud ” .
Tashkendis|Tashkendis käis tartlane spordiseltsi Kalev toel , päevarahaga toetas ehitusfirma TMV Grupp , kuid eeloleval teisipäeval Concordi sõitmiseks on vaja veel ligikaudu 20 000 krooni .
Tashkendist|Pilvitud pole Usbeki suhted ka Moskvaga , sest alles veebruari alguses tuli Tashkendist teade , et Usbekistan on otsustanud välja astuda Sõltumatute Riikide Ühenduse kollektiivsest julgeolekusüsteemist - täpsemini küll öelda lihtsalt lahti vastavast lepingust , sest ega mingit korralikku julgeolekusüsteemi SRÜ riikide vahel ju ei ole .
Tashkendis|Kui Jeltsin esmaspäeva hommikul Usbekistani pealinnas Tashkendis ärkas , arvas ta esialgu , et viibib Moskvas .
Tashkendis|Sydney olümpiamängude kreeka-rooma maadluse kolmandal valikturniiril Tashkendis 11. koha saanud Tartu kalevlane Helger Hallik ( pildil ) usub , et Sydneysse võistlema pääseda on reaalne .
habemikest|Võileibade müügikett Pret A Manger ei välista habemikest tööotsijate palkamist : “ Me ainult palume neilt , et habemed oleksid korralikult kärbitud . ”
habemikul|Järgmisel päeval käisid habemikul kaks külalist ja tõenäoliselt külakosti mõjul muutus ta päris hulluks , kirjeldas õppejõud .
habemikust|Ajaliselt Vatseliga võrdväärselt tutvume habemikust muusiku ja kodufilosoofi Tiiduga .
habemikust|Kohtusse tunnistajaks tulnud habemikust Tartu Kultuurkapitali endine juhataja Tarmo Varendi kinnitab , et Maire otsis tookord suvel laenuvõimalust .
habemikult|Kui küsin Kõpu poe pidajalt habemikult , et kus need kõige uhkemad kivikalmed olla võiks , kostab vastus , et oh , mis neist vaadata , need on lihtsalt ühed kivihunnikud .
vitus|ulluke: välk & pauk käis mari vitus ,
vitust|tegin siis hr vitust veel midagi :
vitust|""" Ma olen võitnud Motorola , Ericssoni ; ma olen vallutanud Ameerika , Hiina - aga ma ei tea midagi vitust - ja see ongi minu kriis - teadusest tean ma kõike - aga vitust - mitte munnigi ! "" pihib peategelane Ollila näidendis ."
vitust|wild20: kuradi jama ma tulin oma emme vitust
vitus|Longley: söö seda mida odav tööjüud teeb türklane keesdab sulle kaal vitus keeb
estraadistuudios|Lauluoskust Enn täiendaski filharmoonia juures estraadistuudios .
estraadistuudios|""" Vahepeal tahtsime estraadistuudios õppimise eest kehtestada väikest tasu , "" räägib Rein Klink ."
estraadistuudiosse|Eino Baskin kutsus Ines Aru fila estraadistuudiosse lavakõnet õpetama .
Estraadistuudiosse|Estraadistuudiosse konkureeris igal aastal paarsada noort
estraadistuudios|1960ndatel hankisid kümned tulevased lavatähed laulu- ja lavatarkusi ENSV Riikliku Filharmoonia estraadistuudios .
laristamises|Ent nimelt tippjuhte süüdistavad ametiühinguliidrid mõttetus laristamises ja kokkuhoius pigem teiste kui iseenda arvelt .
laristamisele|Eesti rahvas ootab juba ammu , millal laristamisele ükskord ometi lõpp tuleb , haldusvalitsemise alas kaasa arvatud .
laristamisest|Tal olid tõld ja teenrid ning rahahädad tekkisid tal peamiselt laristamisest .
laristamisest|Jutt ei käi laristamisest ega priiskamisest , selge , et kõlisevat peab ka lugeda oskama .
laristamises|Linnapea süüdistab laristamises
latrites|hobusekasvandusse , mille latrites põtkasid kõigi ilmanurkade hobuloomad – šetlandi ja dartmoori ponidest kuni tuliste delibosteni .
latrisse|“ Mida ma ronin sinna latrisse , kus peab kõht sees seisma , ” oli Veskimäe nördinud .
latrites|Kuid väga sümpaatne on , et lauad asuvad eraldi latrites ja söögi ajal ei pea naaberlauale kuklasse hingama .
latris|Oodates printsi tulekut istuvad nad igal õhtul oma baari latris ja meelitavad välismaa mehi endile drinki ostma .
latrites|Maantee päikeselõõsast tulnule on kõrtsituba mõnusalt jahe ja hämar , lauad paiknevad puitseintega eraldatud latrites .
Missugusesse|Missugusesse , ütleb ta siis , kui koht üle vaadatud ja leping sõlmitud .
missugusest|Küsimus ei ole selles , missugusest « rahavoo torust » täpselt raha tuleb .
missugusest|See on osa rahvameditsiinist ja rituaalist , kahjuks ma ei tea , missugusest .
missuguses|Sellepärast ütlesin oma kaaslasele : jookse kiiresti samas suunas , missuguses see kaak läks , mina teen , nagu oleksin ma leidnud siit selle verise peaga mehe .
missugusest|Kuidas kaminateaduses kõige paremini orienteeruda , missugune kamin sobib korterisse ning missugusest õhkub kõige enam sooja ?
Vana-Kreekast|"Termin "" paranoia "" pärineb Vana-Kreekast ja selle tähendus võiks olla "" mõistus iseenda kõrval "" ."
Vana-Kreekast|Oma ladinakeelse nime Achillea on ta saanud Vana-Kreekast Homerose « Iliase » kangelase Achilleuse järgi , kes ravis oma sõdurite haavu raudrohuga .
Vana-Kreekas|Juba Vana-Kreekas kasutasid ühiskonna kõrgemate klasside pered ammesid , kui ema ei tahtnud või ei saanud oma last toita .
Vana-Kreekas|"Saates esitatud küsimus kõlas : "" Mida tähendas Vana-Kreekas sõna "" idiotes "" , millest tuleneb tänapäevane "" idioot "" ? """
Vana-Kreekas|Juba Vana-Kreekas kasutasid ühiskonna kõrgemate klasside pered ammesid , kui ema ei tahtnud või ei saanud oma last toita .
fonoteegist|J   uhani Püttsepp  , avapidustuste lavastaja :  Idee sai alguse ühelt mu tuttavalt , kes , kuuldes minu plaanidest , leidis oma kodusest fonoteegist vanakreeka muusika nüüdisesituse .
fonoteegis|See plaat on ülikooli raamatukogu fonoteegis olemas , ma vaatasin .
fonoteegist|Leidsime Eesti Raadio fonoteegist Valter Ojakääru kogust energilise ja rütmika muusikapala , mida me polnud varem kuulnud .
fonoteegis|Plaadil puudub koht paadunud nu- ja brutal'isõbra fonoteegis .
fonoteegis|"Kui olete aga inimene , kelle laialdases fonoteegis vähemalt mingi kasseti lõpus leidub "" Ütle meri , mu meri "" , toote külmkapist õlut ja jõurate kaasa ."
intiimsuhetest|Ei , kui me ka oleksime tollal ekspeditsioonijärgselt kohtunud – ma olen kindel – Larry poleks mulle rääkinud oma intiimsuhetest .
intiimsuhetes|Kui aastasadade jooksul abikaasadevahelistes intiimsuhetes naise vajadused kõne allagi ei tulnud , siis ka tänapäeval pole ( eriti vallalisel ) naisel võimalik oma partnereid vabalt valida , samuti pole meestele vastuvõetav , et naine suguelus liigset aktiivsust üles näitaks .
intiimsuhetest|Viimasel ajal oleme kuulnud ühe ameeriklanna Monica intiimsuhetest ja sellega seoses Internetist lugenud ka ühe mehe ejakulaatidest ja muudest asjadest .
intiimsuhetes|Koostaja on ütelnud , et tema jaoks oli nendes elulugudes palju üllatuslikku ja äärmuslikku : “ Hakkasin aru saama , kui suur möödarääkimine valitseb intiimsuhetes .
intiimsuhetes|Paljud India mehed pole harjunud intiimsuhetes naise tahtega arvestama .
jalgpallimurul|Kokku jookseb jalgpallimurul 1360 registreeritud mängijat , neist 737 on eestlased .
jalgpallimurule|Poliitilised pinged ja turvameetmed olid viidud äärmuseni , kui kolmapäeva õhtul jooksid Istanbulis jalgpallimurule Türgi ja Itaalia meistermeeskonnad .
jalgpallimurul|Esimest aastat meesteklassis võistleva Padari äparduste jada sai alguse juunikuu viimasel päeval treeningulaagris Pärnus , kus ta jalgpallimurul rebestas vasaku sääre lähendajalihast .
jalgpallimurul|Eriti meeldis mulle põhjendus : antud suurepärase etenduse eest jalgpallimurul premeerib Estonia Operit võimalusega külastada tasuta rahvusooperi etendusi .
jalgpallimurule|""" Ei noh , see on ju täitsa euronormidele vastav väljak , "" annab jalgpallimurule jõudnud koondise väravavaht Toomas Tohver hinnangu ."
juveelipoes|"Seal kohtasid nad juhuslikult teist lahket ja abistavat inimest , kes teadis rääkida , et kusagil juveelipoes toimub ainult sellel nädalal "" valitsuse müük "" ."
juveelipoes|20 . mail palus Ain Pettai väidetav kaasosaline endale Helsingi Põhjaesplanaadil olevas juveelipoes näidata hinnalisemaid briljantsõrmuseid .
juveelipoes|Viimaks poetab , et talle jäi juveelipoes silma imeilus sõrmus ja ta lihtsalt pidi selle ära ostma .
juveelipoes|Kas teadsite , et Martin Parmas armastab kalastamist , Kaisa Oja töötas juveelipoes , Veiko Ratas laulis poistekooris , Luisa Värki lemmikloom on must lammas ja Aleksandr Makarov ei tahtnudki lapsena tantsijaks saada ?
juveelipoes|""" Ma lõin juveelipoes telliskiviga klaasvitriini puruks ja võtsin kõik ehted kaasa . """
relvastusinspektoritel|USA soovitas ÜRO relvastusinspektoritel Iraagist lahkumist alustada , andes märku kavatsusest alustada peatset sõjategevust , samal ajal sulgesid riigid oma välissaatkondasid Bagdadis .
relvastusinspektoritele|Eksperdid eeldavad , et veidi enne rünnaku alustamist esitab USA relvastusinspektoritele ja ka rahvusvahelistele abiorganisatsioonide töötajatele üleskutse Iraagist lahkuda .
relvastusinspektoritele|Iraak , vastates üRO Julgeolekunõukogu otsusele keelata relvastuskontrolli takistavate Iraagi ametnike pääs välismaale , annab USA relvastusinspektoritele ühe nädala aega maalt lahkumiseks .
relvastusinspektoritelt|Saavutanud Annanilt oma suveräänsuse tunnustamise , eeldab Iraak ilmselt sama ka relvastusinspektoritelt .
relvastusinspektoritel|ÜRO relvastusinspektoritel tekib Iraagis ilmselt suuri logistilisi ja praktilisi probleeme , kui nad hakkavad seal otsima keemilisi , bioloogilisi ja tuumarelvi , asja teevad raskeks Iraagi ametnikud , kel on aastapikkusi kogemusi inspektorite töö takistamisel .
banaanivabariigis|Kahjuks on see nn . mitteametlikult toiminud meie banaanivabariigis juba pikemat aega , vähemalt niikaua kuni mina olen pidanud arstidega suhtlema .
banaanivabariigis|Vaadake ringi oma banaanivabariigis ja avastage lõpuks , et riigi julgeolek ei sõltu mõnesajast täägist ja paarist vananenud laevast , vaid sellest , kui terve ja töövõimeline on rahvas ning kui turvaliselt ta end tunneb .
banaanivabariigis|Kuid mis toimub meie kasvuraskustes siplevas banaanivabariigis ?
banaanivabariigis|Vahtre , ma ei tea küll millele toetudes , märgib , et see lollakas kihistaja , ajakirjanik ühesõnaga , ei oska kirjutada “ See on riidekapp ” , vaid kirjutab “ Seda nad nimetavad meie banaanivabariigis riidekapiks ” .
banaanivabariigis|TT : Liberaarne vabaturumajandus on tekitanud olukorra , et elame sisuliselt banaanivabariigis , kus kihistumine on tohutu .
Kansases|Parks sündis 30. novembril 1912 Fort Scottis , Kansases .
Kansases|Samas jälle pole ta käinud ka näiteks Kansases , kuid selle puhul arvatakse , et tegemist on tõelise vabariiklaste vallutamatu kantsiga .
Kansasesse|Praeguseks on firma kolm töötajat uuendanud 15 elektrienergiat tootvat tuulikut ja töös on neli tuulegeneraatorit , mis lähevad USAsse Kansasesse .
Kansases|Microsoft jõudis kokkulepetele Kansases , Columbia ringkonnas , Põhja-Carolinas , Põhja-Dakotas , Lõuna-Dakotas ning Tennessees .
Kansases|Will ( Eastwood ) on endine palgamõrvar , kes peab Kansases väikest farmi .
Rate.ee-st|« Kui mingi pedofiil otsiks ohvrit Rate.ee-st , siis oleks meil tõenäoliselt piisavalt palju andmeid , et politsei saaks ta üles leida , » ütleb Korobeinik .
Rate.ee-s|Aga nüüd istub Veigo kogu aeg Rate.ee-s.
Rate.ee-s|"Päevalehe info oli õige ja "" Venelaste tagumine "" kui huviala on Rate.ee-s täiesti olemas ."
Rate.ee-s|"Niisiis - kui Rate.ee-s ilmub rassilisele vihkamisele kutsuv "" huviala "" , siis pole Rate.ee-l sellega midagi tegemist , sest "" inimesed peavad ise oma virtuaalsete tegude eest vastutama "" ; kuid ajaleht peab ka lugejakirjade sisu üle kontrollima ?"
Rate.ee-s|Rate.ee-s näeb EMT võimalusi nii telekommunikatsiooni- kui multimeediateenuste pakkumiseks .
videomakile|Tavaline eramaja videovalve salvestab turvakaamera pildi videomakile .
videomakkidest|Eestlane nägi , kuidas tüh-jaks jooksnud külla tulid serbia eripolitseiüksuse noored kutid , tassisid maja videomakkidest ja televiisoritest tühjaks .
videomakist|Peasekretäri põgendes avastasid kodanikuõiguslased veel ta videomakist filmi “ Mustanahaline nümfomaan ” .
videomakist|Üks juhe läheb tv-outi ja sealt edasi siis scart-i mis ühendatud videomakiga ja videomakist läheb edasi siis telekasse .
videomakist|Muidugi on see lihtsalt erakordselt halb õnn , kui otsustaval hetkel selgub , et juhtmed on valed ning telekasse ei jõua videomakist mingit pilti .
kooliharidusele|Loomulikult järgnes võrdsele kooliharidusele ka meestega võrdne ( väike ) riigipalk .
kooliharidusele|vihjab labori juht ja omanik Tiit Sarapuu kooliharidusele .
kooliharidusest|Psühhoteraapiline lähenemine hõlmab kõike alates kooliharidusest ja lõpetades riigivõimuga .
kooliharidusest|Esimese paki sai Postimees , kes oli kirjutanud kaitseliidu Tartu maleva endise ülema Suune Tihase ja teiste ohvitseride puudulikust kooliharidusest .
kooliharidusele|Haridus ei taandu ainult kooliharidusele .
Omavalitsusvalimistel|Omavalitsusvalimistel osales vaid 47,1 % hääleõiguslikest inimestest .
omavalitsusvalimistel|Eelmistel omavalitsusvalimistel Tallinna volikokku pürginud Klenski Nimekiri tegi laupäeval avalduse , milles kutsus riigikogu valimiste eel looma vasaktsentristlikku liitu ehk uut Rahvarinnet .
omavalitsusvalimistel|1996. a. oktoobris osales omavalitsusvalimistel juba 71 riigikogulast ja ka 7 ministrit .
omavalitsusvalimistel|Mõis sai eelmistel omavalitsusvalimistel ligi 1000 häält ja tema käitumine kindlasti ei mõjutanud valimistulemust .
omavalitsusvalimistel|Silmatorkavalt vähe käis omavalitsusvalimistel välismaalasi , teisisõnu Venemaa kodanikke või inimesi , kes pole oma kuuluvust veel määratlenud ja elavad Eestis elamisloa varal .
seksiäris|Raivo Kuusmets nentis , et nagu igas kaupluses , nii käib ka seksiäris pikanäpumehi .
seksiärisse|Põhja-Tai mahajäänud piirkondade tüdrukud ja poisid astuvad seksiärisse vaesuse sunnil , elatades sageli sel viisil ära oma perekonna või vanemad .
seksiärist|Kui info seksiärist mullu esimest korda ajakirjandusse jõudis , eitas Venemaa kaubandusesinduse juht Valeri Šljamin esinduse töötajate seotust sellega .
seksiäris|""" Mõnikord on seksiäris töötada kavatsenud naised sattunud suurtesse võlgadesse ja langenud inimkaubitsejate ohvriks ."
seksiäris|« Mida vanemad on prostituudid ja mida kauem nad seksiäris on töötanud , seda kaugemale keskustest nad liiguvad , » ütles Scott .
tolsamal|Niisugust sammu , mis hõlmab süsteemselt kõik Eesti alalised elanikud , olnuks vaja juba ammu , vähemalt tolsamal 1993. aastal .
tolsamal|Briti muusikatabelisse jõudis Rolling Stones siiski tolsamal 1963. aastal lauluga « Come On » .
tolsamal|Samavõrd silmiavav oli debatt kutsehariduse tulevikust tolsamal läinud reedel .
Tolsamal|Tolsamal , 1996. aastal jutustas ühe välisriigi suursaadik väga põhjalikult , kuidas Tiit Vähil on kavas moodustada senisest laiapõhjalisem valitsus , kus saaks mitu kohta ka Isamaaliit .
tolsamal|"Liz Franz ise pälvis oma plaadi eest tolsamal 1980. aastal ja ilmselt tollessamas "" avatud "" olümpiavaimus NSV Liidu teenelise kunstitegelase aunimetuse ."
veefestivalil|Pärnu veefestivalil Watergate esitas Dave Benton üksinda eurolaulu Everybody nii , et kuulajatel polnud häbi teda kuulata .
veefestivalil|Nõukogude võimu eest Austraaliasse putkanud kitarrist Endel Jõgi on välismaal kõva karjääri teinud : tänasel Pärnu veefestivalil esineb Endel Riversi projektis vanameister Frank Zappaga musitseerinud klahvpillivirtuoos Allan Zavod .
veefestivalil|""" Kui Nobeli auhindade jagamisel oleks pürotehnika kategooria , saaks Brunch� tiim Nobeli preemia , "" seisis kirjas , mille saatis paar aastat tagasi Hispaania kuulsaima ilutulestikudünastia esindajatele Brunch�dele Nobeli fond pärast seda , kui hispaanlased olid Stockholmi veefestivalil ühe korraliku tuleetenduse korraldanud ."
veefestivalil|Sel nädalavahetusel astub Pärnu veefestivalil « Watergate » üles tuntud Tartu klaverikunstnik Sven Kullerkupp pudelitest tehtud ja veega täidetud unikaalse vesioreliga , mille jaoks tassib kanistriga Tartu kraanivee kaasa .
veefestivalil|Pärnu veefestivalil muistseid võitluskunste demonstreerinud lätlased muutusid haavade pärast ainult natukene nukraks .
Hebronist|Iisraeli armee lahkus Hebronist
Hebronis|Palestiinlased pildusid eile Jordani jõe läänekaldal Hebronis toimunud ägedas kokkupõrkes süütepommidega Iisraeli sõdureid , kes vastuseks ründajaid kummikuulidega tulistasid ja 24 inimest haavasid .
Hebronis|Lisaks 100 000 araablasele elab ja õpib Hebronis umbes 400 juuti .
Hebronisse|Seitse Iisraeli tanki sisenesid Palestiina valduses olevase linna Hebronisse neljapäeva varahommikul , tulistades igas suunas , teatasid palestiinlastest ametnikud .
Hebronis|Kohtumisele eelnenud nädalavahetusel oli Jordani jõe läänekaldal ja Gaza sektoris suhteliselt rahulik , üksikud kokkupõrked toimusid aga Hebronis ja Jeruusalemmas .
Ristnast|Sajameetrine kalapüügi- ja töötlemislaev Tamula sattus merehätta eile kell 00 . 45 Ristnast 18 miili ( umbes 34 kilomeetrit ) loodes .
Ristnas|See oli siis , kui me Ristnas LSD-d proovisime , tähendab : mis proovisime ?
Ristnalt|""" Ükskord tõime ka Hiiumaalt Ristnalt kaasa ämbritäie kive , "" näitas ta merelainetest siledaks uhutud kive basseini ääres ."
Ristnast|""" Vaadati eri sadamate tegelikku olukorda ja nähti , et rasked jääolud on Pärnus ja Kundas , ent Ristnast Muugani on lõunakaarte tuuled lahe lõunakalda jääst vabastanud , "" ütles veeteede ameti peadirektori asetäitja Arvo Veskimets ."
Ristnas|Kõige enam sai vihma Hiiumaa , kus suvi oli põuapoolne ( Ristnas sadas 131 mm - ligi kaks korda enam kuu normist ) , vähem Kirde-Eesti , kus oli olnud liiga märg suvi .
kalastusvööndist|Kõikidel juhtudel , kui laev väljub punktis 1.1 nimetatud kalastusvööndist :
kalastusvööndis|Sellepärast lähtutakse olemasolevatest õigusaktidest , mis määratlevad Soome jurisdiktsiooni just nimelt ainult kalastusvööndis ning mandrilaval .
kalastusvööndis|- Uus rida täidetakse juhul , kui samal päeval toimub kalapüük mõnes muus kalastusvööndis .
kalastusvööndites|Abi , mis on ette nähtud logistilise abi laevade kulude katmiseks 75% ulatuses , antakse eelkõige nende kalalaevade varustamiseks , mis tegutsevad pidevalt kalastusvööndites , kus nad ei saa hankida varusid ühenduse sadamates ning on sunnitud kasutama logistilise abi laevu raskuste tõttu , mida nad on kogenud varude hankimisel välissadamates .
kalastusvöönditesse|Ühise kalatoodete turu korraldusele alluvate ühendusse imporditavate Gröönimaalt pärinevate toodete režiim , kuigi see vastab ühise turukorralduse mehhanismidele , hõlmab vabastamist tollimaksust ja samaväärse toimega maksudest ning koguseliste piirangute ja samaväärse toimega meetmete puudumist , kui ühenduse ning Gröönimaa eest vastutava võimuorgani vahelise lepingu kohaselt ühendusele antud võimalused pääseda Gröönimaa kalastusvöönditesse ühendust rahuldavad .
Keskagentuuris|Põhjenduse sellele sain möödunud nädalal Saksamaal George C. Marshalli keskuses toimunud iga-aastasel julgeolekukonverentsil , kus keskuse professor Paul Holman ( töötanud 15 aastat Luure Keskagentuuris ) ütles otse välja , et Balti riigid ei saa kas üldse NATOsse või saavad nad seda kauges tulevikus .
Keskagentuuris|Ainuüksi 1971-1972 kasvas Lennoni kaust Luure Keskagentuuris 300 lehekülje võrra , osa sellesse kuuluvaid materjale on aga tänini salastatud .
Keskagentuuril|Ajakiri US News and World Report teatas , et USA Luure Keskagentuuril õnnestus nimetatud andmebaasi kasutades jõuda jälile Venemaalt pärit isikutele , kes ostavad Kolumbias kokku kinnisvara .
keskagentuuris|USA Luure keskagentuuris teisipäeva õhtul puhkenud tulekahju tekitas CIA peakorteris Langleys umbes miljoni dollari ulatuses kahju , teatasid CIA esindajad .
Keskagentuurile|President lubab selles Luure Keskagentuurile töö edukuse tagamiseks ümmarguselt miljard dollarit ( ehk pool Eesti riigieelarvest ) lisaraha ja annab organisatsioonile pretsedenditu käsu teha armee eriüksustega tihedamat koostööd .
hommikukohvil|Õnnelik noorpaar poseeris seltskonnaajakirjale Paide linnapea Tõnis Kõivuga hommikukohvil , grillimeistri ja kostitaja Sämmi juures ning romantilisel Jägala-Joal .
hommikukohvil|Õnnelik noorpaar poseeris seltskonnaajakirjale Paide linnapea Tõnis Kõivuga hommikukohvil , grillimeistri ja kostitaja Sämmi juures ning romantilisel Jägala-Joal .
Hommikukohvil|Hommikukohvil osalevad abilinnapea Liisa Pakosta , Kultuuriväärtusteameti juhataja Agne Trummal ning Spordi- ja noorsooameti juhataja Tarmo Valgepea .
Hommikukohvil|Hommikukohvil osalevad Kivimaa , kommunaalameti juhataja Ain Valdmann , Säästva Arengu ja Planeerimise Ameti juhataja asetäitja Hain Karu .
hommikukohvist|Näiteks kui reageerida rongis kupeest mööduvale kohvikäruga onule ägeda peanoogutusega , võite kindel olla , et jääte oma hommikukohvist ilma .
turismihooajal|Pealegi , turismihooajal ei torkagi see suur vahe ehk nii väga silma .
turismihooajalt|Uuelt turismihooajalt ootab linnapea juba kvalitatiivset hüpet .
turismihooajast|Möödunud turismihooajast lõikasid suurimat kasu Tallinna hotellid , kus suvekuude keskmine täituvus oli eelmistest aastatest üllatavalt suurem .
turismihooajal|Paistab , et keda pole messil , see turismihooajal ei teeni .
turismihooajal|Mis soomlasele hea , ei pruugi seda eestlasele algaval turismihooajal olla .
sõjaretkele|Võimud kutsuvad kohalikke jahimehi huntide vastasele sõjaretkele .
sõjaretkedele|Andrei pärineb Murmanski lähedalt aatomiallveelaevade mereväebaasist , kust ukrainlasest isa mitshmanina kolme- kuni kuuekuulistele veealustele sõjaretkedele läks ja valgevenelannast ema kaldale ootama jäi .
sõjaretkedel|Venemaa terrorismisüüdistused Tshetsheeniale põhinevad tshetsheenide augustis toime pandud sõjaretkedel Dagestani ning viiel elumajaplahvatusel Moskvas ja Lõuna-Venemaal , mis Moskva hinnangul on samuti tshetsheenide töö .
sõjaretkele|Tõenäoliselt oli Jaroslav Targa platsdarmiks Novgorod , sealt asus ta sõjaretkele , mille tulemusena Tartu kohal asunud linnus vallutati , ja sinna pöördus ta ka tagasi .
sõjaretkelt|Gavriil Popovi sõnul oleks raske endale ette kujutada näiteks Kutuzovit või Suvorovit , kes tulevad sõjaretkelt tagasi , reisikotid röövitud kaubast pungil täis .
A-kategooriasse|Riiklike stipendiumide määramisel pääses A-kategooriasse 11 , B-gruppi 7 ja C-klassi 5 sportlast .
A-kategooriasse|A-kategooriasse kuulub 16 meeskonda , finaalturniirile saavad gruppide võitjad ja kaks paremat teise koha saavutanud meeskonda .
A-kategoorias|Muusika süvaõppega koolide , muusikaklasside ja kooliväliste asutuste kooridele mõeldud A-kategoorias astub võistlustulle kuus koori .
A-kategoorias|A-kategoorias laulsid kahtlematult tugevamad naiskoorid , Vaike Uibopuu juhtis uhkelt meie naiskooride lipulaeva - Tartu Ülikooli Akadeemilist Naiskoori .
A-kategoorias|A-kategoorias laulsid kahtlematult tugevamad naiskoorid , Vaike Uibopuu juhtis uhkelt meie naiskooride lipulaeva - Tartu Ülikooli Akadeemilist Naiskoori .
Peasaalis|Peasaalis Absolut Paradisos esinevad kaks New Yorgi DJ-d , Kelee ja John Hozak ( stiiliks kaasatõmbav ja kiire tribal ja funky house ) ja Vibe'i resident DJ P . Julm .
peasaalis|Häbiväärne lugu juhtus aga Fowlkesi seti lõpus , kui järgmine DJ ei suvatsenud välja ilmuda , lõpuks siiski kohale saabudes aga kiiresti peasaalis muusika sootuks ära lõpetas .
Peasaalis|Peasaalis pakub silmailu Kinky Club eesotsas Melicia Spankiga ning lauljana esineb kulturist Inna Uit .
peasaalis|Vibe peasaalis ehk Gate 1 ruumis astuvad üles ka Vibe residendid DJ Meri ja DJ P. Julm , kelle looming on saanud palju positiivseid vastukajasid muusikaajakirjades M8 , Hot Press , Dj Magazine , Echoe , Muzik .
peasaalis|ATB-d soojendab peasaalis Eesti grupp Plazmatix ja tuntud DJ-duo Cosmonaut & Zayatzzz .
turvamisest|Turvafirma Akropol A keeldus Koonderakonna kongressi turvamisest , kuna kartis samuti ettevõtte kiskumist parteilisse konflikti .
turvamisel|Turvafirma ESS teatas eile , et Koonderakonna erakorralise kongressi turvamisel jäid turvameeste funktsioonid ebaselgeks .
turvamisel|Marylandi rahvuskaardi vastutusalas on muude riiklike objektide seas ka pealinn Washington , samuti osalevad rahvuskaartlased Pentagoni ning osariigis asuvate armee- ja lennuväe baaside turvamisel .
turvamisel|Ta kinnitas , et Legion on leidnud väga head vastuvõttu näiteks sünnipäevade ja teiste ürituste turvamisel .
turvamisel|Lääne prefektuuri töötajad osalesid Tallinnas kahe suurürituse – president Lennart Meri matuste ja Suurbritannia kuninganna Elizabeth II riigivisiidi – turvamisel .
Fertilitases|Erahaigla teatas täna pressiteates , et Fertilitas on kaevanud Arstiabi kvaliteedi ekspertkomisjoni kohtusse põhjusel , et nimetatud komisjon ei kaasanud Fertilitases toimunud vastsündinu surmajuhtumi uurimisse lastearste , kes oleksid andnud juhtunule oma eksperthinnangu .
Fertilitases|"Antti Oolo kirjutise pealkirjas "" Viljatu naine loodab kohtule "" ja allpealkirjas "" Erahaiglas Fertilitas emakavälist rasedust ravinud naine jäi viljatuks "" , samuti Anu Jõesaare arvamusartiklis leiduv faktiväide , nagu oleks Merike jäänud Fertilitases viljatuks , ei leia tõendamist kirjutise tekstis ega EPL-ilt ASN-ile antud hilisemates selgitustes ."
Fertilitases|Fertilitases läheb nüüd kehaväline viljastamine maksma ligikaudu 13 000 krooni , lisaks ravimid .
Fertilitasele|Tallinnas tegeleb kunstliku viljastamisega lisaks Fertilitasele Keskhaigla .
Fertilitases|Kehavälise viljastamise protseduur maksab praegu Fertilitases koos ravimitega 24 000 krooni .
eskalaatoril|Kohe , kui ilmun eskalaatoril nähtavale , kutsub mind ennast turgutama paarteist neidu , igaüks oma massaazhilaua taga - parajasti ei ole ainukestki klienti .
eskalaatoritesse|Arhitektuurikriitik Mart Kalm kinnitab , et tema suhtub eskalaatoritesse erakordselt hästi - eelkõige sellepärast , et need vähendavad jalavaeva .
eskalaatoril|Tuhandete inimestega koos sukeldun eskalaatoril maa- alusesse käiku .
eskalaatoril|Sügavale maapõhja laskuval eskalaatoril seisavad Lioni selja taga kaks võrksärkidega meest ning jutustavad teineteisele kordamööda anekdoote .
eskalaatorist|Siis jõudis rong Ovali jaama ja seesama kutt pistis jooksu ja jooksis eskalaatorist üles .
põhiklassis|Amatööride põhiklassis ( 32 paari ) osalesid ka MK-võistlustel esitosinasse jõudnud paarid .
põhiklassis|Juunior A-s tuli Tõnu Endrekson neljandaks ja Egle Trump üheksandaks , naiste põhiklassis kuulus Tatjana Jaansonile 8. ning Kalli Meriste 14. koht .
põhiklassis|Täiskasvanute põhiklassis tegid Pariisis kaasa ka tänavused Eesti meistrid ladinaameerika tantsudes Rainar Soosalu ja Kristiina Tennokese ( Rapla Alemana ) ja said finaalis kuuenda koha .
põhiklassis|Sõudeergomeetrite Concept II rahvusvahelistel võistlustel Alfa 2000 sai meeste põhiklassis teist aastat järjest esikoha Jüri Jaanson .
põhiklassis|Homsel rahvusvahelisel sõudeergomeetrite võistlusel Alfa 2003 asub kuulsaima külalisena starti veteranide klassis võistlev soomlasest kolmekordne olümpiavõitja Pertti Karppinen , meeste põhiklassis kaitseb mulluste esikohta pärnakas Tõnu Endrekson .
Saksas|Kõik see viib lugeja vältimatult äratundmiseni , et ekspressionism ei sündinud Saksas ja Eestis , nii palju kui seda siin oli , teps mitte tühja koha peale .
Saksast|Pitseri kohalikule rõivastusele jätsid läbisõitvad hansakaupmehed Saksast , Hollandist , Inglismaalt ja mujalt .
Saksast|Kui ta on üle küla mees , toob ta endale Saksast vana Mersu ja temast peetakse lugu .
Saksas|Enne kui projektijuht Jaan Lott Lõunakeskuse välja mõtles , jälgis ta kaheksa aastat , kuidas moodne kaubandus funktsib Saksas , Hollandis ja mujal .
Saksas|Saksas maksab 500-700 eurot .
trumlisse|Whirlpooli pesumasinal Duet Sport on sensorid , mis lasevad trumlisse täpselt nii palju vett , kui masinasse pandud riiete pesemiseks vaja .
trumlist|Seda asja nimetatakse « fusing unit » , mis koosneb trumlist ja küttekehast .
trumlisse|Kassipoeg Sylvester toibus veterinaarkliiniku abil ruttu ning pääses koju tagasi , kus ta jälle esimese asjana pesumasina trumlisse ronis .
trumlisse|Laseb keerlevasse ja kuuma trumlisse , kus see siis õhukese kihina seinale jääb .
trumlisse|Tadeuz paneb padruni trumlisse , lükkab trumli revolvrisse ja tõmbab ringi käima .
Pronksikohale|Pronksikohale jäänud Continental PremiumContact on märjal teel samuti ohutu ja auto käitub nendega isegi ootamatutes olukordades loogiliselt .
pronksikohalt|Veebruaris aitas ta murdmaa koondist MMi teatesõidus Val di Fiemmes , sai aga viimases vahetuses « haamri » ja kukkus viiendalt kohalt kaheksandaks , märtsis jättis laskesuusatajate MMi teatesõidu ankruetapil üles viimase märgi ja langes pronksikohalt üheksandaks .
Pronksikohale|Pronksikohale jäänud Continental PremiumContact on märjal teel samuti ohutu ja auto käitub nendega isegi ootamatutes olukordades loogiliselt .
pronksikohale|Jalga keerutab ka kunagise poistebändi New Kids On The Block pesamuna Joey McIntyre , kes jäi eelmisel hooajal pronksikohale .
pronksikohalt|Viimase 2,5 km jooksul tõrjusid pronksikohalt tugeva venelase .
stampidest|"Sai ju 200 korda mängitud , "" räägib Üksküla stampidest ."
stampides|Kriitikud on tihtipeale stampides kinni .
stampidesse|Ehk kuidas naised ise naisi stampidesse suruvad .
stampides|"Endist hoogu Idol pärast seda enam taastada ei suuda ja alles sõu ametlikku osa lõpetav "" Rebel Yell "" kõlab kõigis oma armas-naljakais stampides sama energiliselt kui kontserdi esimene pool ."
stampidesse|Kogupere koerafilm , mis lausa upub sellise toote stampidesse , kuid on samas tubli tasemega .
Denverisse|Reisija Matt O'Mara ütles , et pärast pooletunnist lendu teatas piloot , et lennuk naaseb Denverisse , põhjust ei teatatud .
Denveris|Otsustavaid samme regiooni majandus- ja finantskriisiga toimetulemiseks nõudis enne Vancouverisse suundumist oma Denveris peetud esinemises ka USA president Bill Clinton .
Denveris|Stars alistas kolmapäeva õhtul Maple Leafsi 3 : 2 , Avalanche kaotas aga kodujääl Denveris San Jose Sharksile 1 : 4.
Denverisse|6-aastane isane jaaguar Jorge saabus Denverisse 2005. aastal Boliiviast .
Denverisse|Me ei uskunud , et sõidame seitsmendaks mänguks Denverisse , aga ometi sõidame , ütles Kingsi juhendaja Andy Murray .
Leidal|Teisipäeval saagis Saaremaal Hakjala külas Vello oma naisel Leidal peaaegu nina peast .
Leidalgi|Müüja Valli ( 54 ) , kes on kogu aeg euroliidu poolt olnud , soovitab Leidalgi laste peale mõeldes jah ütelda .
Leidast|Vähemalt korra aastas kirjutab Leidast iga suur või väike ajaleht .
Leidal|Et aga taimedel kurke ajakirjanike arvates nappis , tuli Leidal ja Milvil sõrmed käbedamini käima panna ning mõned kurgid põõsasse tagasi siduda .
Leidale|Näiteks siis , kui mööda keskküttetoru ülemise korruse Leidale külla läheb .
Pallasele|Eesti Ekspressile antud intervjuus heidab Nool Pallasele ette , et too ei teadnud veel suvelgi , kui pikk on staadioniring .
Pallasesse|Seetõttu astuski ta Pallasesse õpetajate Konrad Mäe ja Ado Vabbe klassi .
Pallases|1922. aasta 20. juulil sündinud Uiga alustas kunstiõpinguid Tallinna Kujutava ja Rakenduskunsti Koolis , jätkas Tartus Pallases , Tartu Riiklikus Kunstiinstituudis ning Tallinna Riiklikus Tarbekunsti Instituudis ning lõpetas ERKI 1961. aastal .
Pallaselt|Olen Pallaselt küsinud , kas meil täitmata lepinguid on tema ütleb , et pole .
Pallases|Harri Pudersell alustas õpinguid 1943. aastal Pallases , jätkas Tartu Kunstiinstituudis , mis oli sisuliselt sõjajärgne Pallas .
lootusetuses|Kuid ärge langege emotsioonidesse , ärge langetage lootusetuses pead .
lootusetusest|On ju kõige rohkem heroiinisõltlasi Ida-Virumaal , kus valitseb Eesti suurim tööpuudus , ning sealsed noored sirutavad käe süstla järele ennekõike lootusetusest ja masendusest .
lootusetusest|Et vaataja kinost lahkudes puhtast lootusetusest endale kuuli pähe ei kihutaks ?
lootusetusest|""" Siiani ei ole ükski poliitiline jõud meile konkreetset abi osutanud , kuigi olukorra lootusetusest seadusandluses teavad kõik , "" väljendas Jaadla oma nördimust ."
lootusetuses|Proovisin jätkata , aga veendusin kohe ürituse lootusetuses ja palusin vahetust , ” kahetses Oper .
lumelaudadel|Suusatamise MK-sarja eelviimasel etapil Falunis tulid maailmameistrivõistluste medalistid Kristina Shmigun ja Andrus Veerpalu tõrkuvatel lumelaudadel seitsmendaks .
lumelauale|Asendusvahend talveks on olemas ka veelauduritel : nemad kolivad lumelauale .
lumelauale|« Lumelauasõit muutub iga aastaga populaarsemaks , ka paljud senised mäesuusatajad kolivad üle lumelauale , » kinnitab Ski & Surf House'i instruktor Indrek Ahun .
lumelaudadel|Kõrval istub lumelaudadel publik , rüüpab hõõgveini ja toetab naisvõistlejaid sõbraliku naeruga .
lumelaudadel|Asjatundjad osutasid tõsiasjale , et nii esimeseks tulnud Varis kui ka kolmandana lõpetanud Gavriljuk sõitsid Atomicu lumelaudadel .
Taevaskojas|See oli püha paik , ” räägib 1942. aastast Taevaskojas suvitanud naine .
Taevaskojas|Tuur algab Kosel 5. augustil ja jätkub kuuendal Taevaskojas .
Taevaskojas|"Nädalavahetusel seab "" Viimse võttepäeva "" trupp ennast sisse Taevaskojas , kus kolmkümmend aastat tagasi ka päriselt paar stseeni "" Viimsest reliikviast "" mängiti ."
Taevaskojas|“ Isaks sai Gabriel päeval , mil ta vaevles Taevaskojas puu külge seotuna ja pistoda kõril ( “ Sure , raisk ! ” ) .
Taevaskojas|"Aleksandr Goloborodko meenutas Taevaskojas 20. augustil 1969. aastal filmitud stseeni , kus ta võttis puu külge kinni seotuna vastu Eve Kivi teate : "" Saša , tantsi , sul sündis tütar ! "" ."
Elbruselt|Jaan tuli Elbruselt tagasi ja ronis 6 meetrit mööda Haapsalu kirikutorni sisemist lagunenud kiviseina selleks , et hiljem jookseks tulejutt üles .
Elbrusele|Priit põrutas Elbrusele ( eelnevalt Jaan Künnapilt välja peilinud , mis kõik kaasa peab võtma ) , elu kallim jope ( maksis 3600 krooni ) seljas ja tuttuued matkasaapad jalas .
ELBRUSELT|ELBRUSELT : kõrgmäestikulaagrist tulnud ETV saatejuht Sulev Valner võitis teisi ajakirjanikke Valgas kolmandat korda
Elbrusel|Männard läheb tööle Nukuteatrisse , aga enne käib Elbrusel ära .
Elbrusele|Ta võtab Elbrusele tõukeratta ka kaasa .
kaitsepolitseiametile|Eelmisel nädalal eraldas valitsus kaitsepolitseiametile 3,7 miljonit krooni kaitsepolitsei tulevase Lõuna-Eesti keskuse renoveerimiseks .
Kaitsepolitseiametile|Valitsus eraldas oma reservist Kaitsepolitseiametile 204 500 krooni suuruse summa ülesannete täitmiseks vajalikeks investeeringuteks .
Kaitsepolitseiametist|Minu küsimus on selline : kas Kaitsepolitseiamet saatis need kirjad omal initsiatiivil või teie või valitsuse taotlusel ja kas selleks ajaks , kui need kirjad Kaitsepolitseiametist teie ministeeriumisse saabusid , oli kriminaalasi juba algatatud ning kas tegemist ei olnud mitte eeluurimismaterjalide avalikustamisega ?
Kaitsepolitseiametil|Kuna Ülo Koidu surmas ei ole tuvastatud midagi kriminaalset , puudub Kaitsepolitseiametil , Politseiametil ja Piirivalveametil alus nimetatud isiku surma asjaolude väljaselgitamiseks ning seega informatsioon selle kohta , millal ja millistel asjaoludel Ülo Koit sattus Lätimaale .
Kaitsepolitseiametile|Jälitustegevuse seaduse uus muudetud ja täiendatud variant annab Kaitsepolitseiametile ja Politseiametile õiguse asutada varistruktuure .
kanuumatkast|Seiklushimulistele mõeldud kanuumatkast võttis osa 101 meest ja 46 naist , kellest vanim oli 50- ja noorim nelja-aastane .
kanuumatkast|Hommikul aknale peksvaid vihmapiisku vaadates paneb kujutlus päev läbi kestvast kanuumatkast hambad plagisema .
kanuumatkal|afroplika: ma k2isin kanuumatkal :P
kanuumatkale|Kui teie jalalihased ühte korralikku jalgrattamatka välja ei kannata ning kanuumatkale ei söanda te märjaks saamise hirmus ammugi minna , tuleks lohutuseks suvel vähemalt üks korralik jalgsimatk ette võtta .
kanuumatkadele|Kes kanuumatkadele vaheldust otsib , kuid siiski oma vaba aega vee peal sisustada soovib , võib valida sõidukiks kummiparve .
Protestimarsist|Protestimarsist võttis osa ka peaminister Gonzalez , kes sammus kõrvuti oma rivaali Aznariga .
protestimarsil|Suurimal protestimarsil Los Angeleses osales üle 70 000 inimese .
Protestimarsile|Protestimarsile eelnenud miitingul oli vastu võetud Valgevene võimude tegevust tauniv resolutsioon , kus eriti ägedalt kritiseeriti Venemaaga liitriigi moodustamist .
protestimarsil|Soome üliõpilasühenduste korraldatud protestimarsil osales ligi 10 000 tudengit .
Protestimarsile|Protestimarsile eelnenud miitingul osalenud võtsid vastu riigivõimude tegevust tauniva resolutsiooni , milles eriti ägedalt kritiseeriti Venemaa-Valgevene liidu moodustamist .
võrkpalluritel|Paralleelselt Eesti meistrivõistlustega käivad võrkpalluritel ka karikavõistlused .
võrkpalluritest|Tigeda pilguga venelasest diktaatori vandumise asemel kuulevad Raisio mängijad nüüd demokraat  Jouko Lindgreni  kannustusi ja ergutusi ning - oh imet - Loimu lipp lehvib taas kõrgel ning võrkpalluritest kiirgab enesekindlust ja teotahet .
võrkpalluritest|Vaatasin , kes võrkpalluritest kadunud on , ja siis oli mul pilt selge .
võrkpalluritel|” Ainsana tuleb kohale lätlase ostnud pereisa , kes kõigil võrkpalluritel kätt surub .
võrkpalluritel|VÕRKPALL Laupäeval Eesti meistriks kroonitud Tartu Pere Leiva võrkpalluritel seisab juba täna ees uus katsumus , kui Eesti-Läti ühisliiga veerandfinaalis ollakse vastakuti Falck Pärnuga .
munakividele|Harjumatult kliendirohke päeva saginas pudeneb paar tühja õlleklaasi Milleniumi väikse brüneti käest kandikult munakividele kildudeks .
munakividele|""" Nad ju ainult ei loobi pudeleid munakividele puruks , "" on ta nördinud ."
munakividel|Mulle ei meeldi vanalinnas munakividel turistidelt raha väljameelitamine .
munakividel|Eilseteks tippüritusteks kujunesid maastikurattaralli vanalinna munakividel ja Toompea nõlval , kus üksteisest võttis mõõtu kogu Eesti ratturite koorekiht .
munakividel|Aga unenäos ei saa su paljad jalad munakividel siniseid muhke .
kontoriruumis|Umbes kell 15.15 sisenes seni tundmatu maskis mees Kiviõlis Vabaduse puiestee 13 asuvasse TRC Tubaka kontorisse ja ähvardas kontoriruumis üksinda viibinud raamatupidajat automaadisarnase esemega .
Kontoriruumidele|Kontoriruumidele annavad Tallinna Katariina käigu töökodadele iseloomulikku ajaloolist hõngu siin-seal väljapuhastatud aampalgid , kaaristud ja muud detailid .
kontoriruumides|Suurem osa poliitilistest ringkondadest teeb tööd üüritud kontoriruumides , vaesematel peaaegu polegi kohta , kus mõttetalguid pidada .
Kontoriruumidesse|Kontoriruumidesse ja kööki sobivad Mummi sõnul väikesed , 15-liitrised boilerid käte või nõude pesemiseks .
kontoriruumis|Hämaras , vaid kohtvalgustusega kontoriruumis istusid tursked turvamehed ja arutasid midagi kontorihoone plaanide juures .
mardipäeval|"Vanasõnagi ütleb , et kui mardipäeval külmetab , siis kadripäeval sulatab , "" ütles ilmavaatleja Põldoja ."
mardipäeval|Igal mardipäeval jooksevad lapsed kostümeeritult marti läbi vanalinna ja alati viib teekond läbi ka Riigikogust .
mardipäeval|Luuletuse tegin ka mõne aasta hiljem , mardipäeval , kui sündis poiss .
mardipäeval|Sagedamini lõppes hingedeaeg siiski mardipäeval ( 10. november ) .
mardipäeval|Kui mardipäeval külmetab , siis on jõuluks sula .
olümpiafinaalis|Kaks aastat hiljem Londoni mängudel osales kuus meeskonda viiest riigist ning olümpiafinaalis alistas Suurbritannia 8000 pealtvaataja silme all White City staadionil Frederick Chapmani ja Vivian Woodwardi väravatest Taani 2 : 0.
olümpiafinaalis|Vaid üks olümpial võistelnud NHL-i meestest nõustus Tre Kronori kollase särgi selga tõmbama Detroit Red Wingsi kaitsja Nicklas Kronwall , kes olümpiafinaalis Soome võrku ka ühe värava viskas .
Olümpiafinaalis|Olümpiafinaalis kaotasite napilt kuubalasele Feliberto Ascuyle .
Olümpiafinaalis|Olümpiafinaalis sai ta kogu distantsi vältel naeratusega joostes võiduajaks 10,54 .
olümpiafinaalist|Aleksander Tammert saavutas Sydney mängude kettaheitevõistlusel 63.25-ga 9. koha , kusjuures olümpiafinaalist jäi teda lahutama üheksa sentimeetrit .
kuuldemängus|"Raadioteater andis oma 72. sünnipäeval Eesti Raadio näitlejapreemia Helene Vannarile osatäitmise eest kuuldemängus "" Hall mees "" ."
kuuldemängus|Uues kuuldemängus mängivad Liina Olmaru , Jaan Rekkor , Silvia Laidla , Helene Vannari , Rudolf Allabert , Kaido Veermäe , Leino Rei , Tiit Sukk , Eva Püssa jt.
kuuldemängus|Eesti Draamateatri näitleja Aarne Üksküla sai 5000-kroonise preemia Eino Leino osatäitmise eest Hannu Mäkelä kuuldemängus , teatas ETAle Eesti Raadio avalike suhete nõunik Anneli Milistver .
kuuldemängust|"Saluri kirjutas kunagi pika palumise peale kuuldemängust näidendi ( "" Külalised "" ) , miks ei võiks nüüd Viivi Luike teatrisse meelitama hakata ."
kuuldemängudes|"Juba esimestel aastatel sai Ever tööd ka raadio kuuldemängudes ja filmis ( "" Andruse õnn "" , 1955 ja "" Tagahoovis "" , 1957 ) ."
pühapaigas|Mälestusteenistused toimuvad mitmes šiiitide pühapaigas , teisipäeval toimub Hakimi matusetseremoonia Najafis , mis asub Bagdadist umbes 160 kilomeetri kaugusel .
pühapaigas|Ootamata ära Panga pangal asuva Pärdi maaüksuse detailplaneeringu keskkonnamõjude hindamise kinnitamist , planeeringu kehtestamist ja omamata seaduslikku ehitusluba , alustas maaomanik Alvar Sagur looduskaitsealal asuvas iidses pühapaigas ehitustöid , edastas Maavalla koja vardja Auli Kütt .
pühapaigas|Kokkupõrked toimusid pühapaigas , mida juudid tunnevad Templimäe ja moslemid Haram as-Sharifi nime all .
pühapaikadest|Riigil puudub pühapaikadest terviklik ülevaade , mistõttu neid ei saa võimalike arendustööde eest kaitsta .
pühapaigast|"Koraanis ( Suura 17,1 ) kirjeldatakse taevaminekut järgmiselt : "" Olgu ta kiidetud , kes läks öösel oma teenriga pühapaigast ( Meka ) kaugel asuvasse pühakohta ( Jeruusalemma ) , mille ümbrust me oleme õnnistanud , selleks , et talle näidata meie märke !"
karistusseadustikust|Selline õiguslik sasipundar tuleneb kahe ja poole aasta eest jõustunud karistusseadustikust , mis näeb ette , et juriidiline isik vastutab väärteo eest vaid juhul , kui selle on toime pannud mõni juhtivtöötaja juriidilise isiku kasu nimel .
karistusseadustikes|Riigid on seda mõistet defineerinud oma karistusseadustikes , terrorismi definitsioon sisaldub enam kui kümnes rahvusvahelises konventsioonis , samuti on julgeolekueksperdid , õpetlased , lihtsalt targad inimesed ja nende mõttekojad pakkunud välja omi definitsioone .
karistusseadustikule|Kohus määras Rootsile liitkaristuseks üheks aastat vangistust , kuid kuna tegemist oli lühimenetlusega , siis vastavalt karistusseadustikule lühendas kohus Rootsi karistust ühe kolmandiku võrra .
karistusseadustikus|Nüüd on tehtud otsus , et osa hakkab olema karistusseadustikus ja osa eriseadustikus , või vähemalt nii on Riigikogu seni hääletamiste kaudu oma tahet väljendanud .
karistusseadustikus|Riigikohus kergendas prokuratuuri taotlusel 58 süüdimõistetu vanglakaristusi , sest neile kriminaalkoodeksi järgi määratud reaalsed vangistused ületasid praeguses karistusseadustikus samade kuritegude eest ette nähtud karistuste ülemmäära .
telefoniputkas|Eile kella 10 ajal murdis nüüd juba seesama Natalja kilekaantetäit ankeete , fotosid ja passikoopiaid vastu rinda surudes kodakondsusbüroos tunglevast rahvamassist välja tänavale , valis telefoniputkas numbri ja ütles vaid mõned sõnad : “ Varsti on meie järjekord . ”
Telefoniputkadest|Telefoniputkadest kadus toona palju materjali .
telefoniputkasse|Kujutage ette , et lähete telefoniputkasse helistama .
telefoniputkas|Plahvatus toimus maja juures asuvas telefoniputkas .
telefoniputkast|Kõige raskem kõne tuli Kaljule telefoniputkast .
olümpiahooaegadel|""" Euroopa meistrivõistlustel esinesin hästi , olümpiahooaegadel vaevasid mind haigused , "" sõnab Stukalov ."
Olümpiahooajal|Olümpiahooajal 1991/92 võitis Fabrice Guy viiest talimängude-eelsest MK-etapist neli ja ka aasta tähtsaimal jõuproovil oli tema esikoht eeskätt vaid vormistamise küsimus .
olümpiahooajale|Eesti sõudjad on alustanud olümpiahooajale põhja ladumist .
olümpiahooajal|Lõppenud olümpiahooajal küündis Kaseorg taas 8000 punktini , kogudes 8024 punkti Euroopa karikavõistlustel Ibachis , olles seal Eesti meeskonna liidriks .
olümpiahooajal|""" Igaüks annab olümpiahooajal maksimumi , välja minnakse riskile , "" sõnas Rand ."
Bolognas|Näiteks Bolognas , kust on pärit kuulus raguukaste  salsa bolognese  ja tillukesed , veidi pelmeene meenutavad tortellinid , on niisuguseid poekesi aina vähemaks jäänud .
Bolognas|Just Subaru WRC-auto roolis osaleb Märtin 15.-16. detsembril Bolognas kohaliku legendi Attilo Bettega mälestusvõistlustel rallisprindis .
Bolognasse|Ometi arvavad Bologna arstid , et on lausa ime , et ägeda maksakahjustusega noor naine saatuse tahtel Eestist just siia , Bolognasse sattus , kus tema elu päästmiseks olid kõik ettevalmistused tehtud .
Bolognas|"Salo lastelaulufestivali võitudele lisaks sai Liisi Koikson ülemaailmsel laste lauluvõistlusel "" Zecchino D'Doro "" Itaalias Bolognas 1994. a parima välisartisti peapreemia ."
Bolognasse|Eelmisel nädalal esitasime hea partii Rooma Lazio vastu , kuid nüüd tuleme Bolognasse ja jääme alla igas mänguelemendis .
üleviimisest|Tartu linnavolikogu esimehe Peeter Tulviste hinnangul tõuseb ministeeriumi üleviimisest Tartule kindlasti kasu .
üleviimisel|Oma mõju eurooplaste pessimismile on kindlasti meedias palju tähelepanu saanud töökohtade üleviimisel madalama tööjõukuluga riikidesse .
üleviimisest|Tallink teatas augusti lõpul reisilaeva Regina Baltica üleviimisest Läti registrisse .
üleviimisele|Mõni aasta tagasi ratifitseeriti siinsamas parlamendisaalis energeetikalaen , mis väga paljudel juhtudel taandus katlamajade ja küttesüsteemide üleviimisele kohalikule kütusele .
üleviimisel|ETK jaekaubandusettevõtete üleviimisel ketijuhtimisele omandab hästitoimiv logistikasüsteem senisest palju suurema tähtsuse .
Mexicos|Kõik meie spordisõbrad teavad , et kergejõustiku ajaloo üks võimsamaid võistlusi toimus 1968. aastal Mexicos , kus Robert Beamon hüppas 8.90 , parandades maailmarekordit kaugushüppes korraga 55 sentimeetrit .
Mexicos|Suvel 1983 Mexicos surnud Buñueli hoiakut kiriku suhtes illustreerib suurepäraselt tema tuntud ütlus : “ Tänan jumalat , et olen ikka veel ateist . ”
Mexicos|Maailmarekordit parandas tookord Mexicos veel kolmikhüppaja  Adhemar Ferreira da Silva  ( 16.56 ) , napilt jäi sellest vajaka USA sprinteritel 100 ja 200 meetris .
Mexicos|Roomas läks mul uustulnukana normaalselt , Mexicos kehvasti .
Mexicos|Üks ameeriklane ütles mulle Mexicos , et see maksvat alates 300 dollarist .
Williamsil|Kiirelt tulnud edu ja kiitused lõid Williamsil lained pea kohal kokku , tema järgmised filmiprojektid olid üksteisest küll kardinaalselt erinevad , kuid paraku ka kõikuva esitustasemega : “ The Survivors ” , “ Moscow on the Hudson ” , “ The Best of TimesClub Paradise ” ja “ Size the Day ” .
Williamsist|Kuid Inglismaa ajalehe The Suni hinnangul teenib maailma 10. reket , venelanna Anna Kurnikova ikkagi Williamsist rohkem .
Williamsil|Vanemal Williamsil kulus 2 tundi ja 45 minutit , et võita maailma esireketit 4 : 6 , 7 : 6 , 9 : 7.
Williamsis|""" Vajan värsket väljakutset , Williamsis kujutasin endast juba seisvat vett , "" rääkis ta ületuleku põhjusist ."
Williamsis|Keevaline lõunaameeriklane peab Williamsis Ralfiga sõnasõdu ning läheks ilmselt Michaelile kätega kallale .
Siiril|Nimelt kaks aastat tagasi , kui Siiril tuli idee korraldada 30. augusti südaööl Lahemaal Esku kabelis Saxappeal Bandi kontsert .
Siirilt|“ Aga vat , kui ma oleks praegu ürituse korraldaja , hangiks su telefoninumbri , kutsuks esinema , siis millal üldse oleks esimene vaba võimalus ? ” küsin Siirilt
Siiril|Sinna on Siiril vaja muusikat veel natuke juurde teha .
Siiril|See pole Siiril sugugi seganud tegelemast asjadega , mis talle kõige enam meeldivad ja südamelähedased on laule kirjutada ja muusikat teha .
Siirisse|Kui varem suhtus avalikkus Siirisse kui andunud jüngrisse , kes teeb nagu kästud ja ise ei mõtle , siis praegu toetatakse teda , saadetakse tunnustuskirju , julgustatakse endale kindlaks jääma .
Varasemast|Varasemast tean , et lendurid saavad eri toitu .
Varasemast|"Varasemast tuttavat Kaske eksponeerivad "" Pruun "" ja "" Lilla "" ning "" Minimaal "" 1- 4."
Varasemast|Varasemast sõidavad Nabi bussid muuhulgas ka Los Angeleses , Clevelandis ja Chicagos .
Varasemast|« Varasemast nii ei mäleta , aga eelmisel aastal räsis ebaõnn vaimu küll , » sõnas Turi .
Varasemasse|Varasemasse jäävad teatrile omaste vahenditega fikseeritud telelavastused .
MTÜ-st|Kuigi rattasõitmisest tekkiva müra tugevust ei ole piirkonnas kunagi mõõdetud , usub rada haldav Toomas Kiiler MTÜ-st Keila Moto , et see ei ületa seadusega lubatud mürataset .
MTÜ-s|Sotsiaalse ettevõtja konkursil osalenud noormehed tegutsevad MTÜ-s Hingest .
MTÜ-le|Kogu olümpiakeskuse kavandatav territoo rium on 85 ha , millest kolm lahusmaatükki kokku 14 hektaril ( oranzh ala joonisel ) kuuluvad praegu MTÜ-le Tehvandi Tervisekeskus .
MTÜst|Plaani kohaselt astuvad nood MTÜ liikmeks ning pärast seda lahkuvad MTÜst mõlemad riigiasutused .
MTÜsse|Pole õige öelda , et MTÜsse koonduvad need , kel ei ole äriühingu loomiseks nutti .
Häädemeestel|Suure pere noorim võsu Linda Oks sündis 1957. aastal Häädemeestel , kasvas üles kuuelapselises peres noorimana .
Häädemeestel|Kuna kunstnik Polt peab sõbraga Häädemeestel turismitalu , siis on meestel plaanis seksikad taiesed Pärnu Uue Kunsti Muuseumist oma talu kaunistama tuua .
Häädemeestel|Homme toimuvad Häädemeestel Pärnumaal kehalise kasvatuse õpetajate tänavused koostööpäevad .
Häädemeestelt|""" Meile helistati kell viis hommikul , et tulge ema päästma , "" jutustas Valentina tütar Riina , kes hommikul koos abikaasaga Pärnumaalt Häädemeestelt teele asus ."
Häädemeestelt|Näiteks , kui ma sõidan pühapäeva õhtul Häädemeestelt Tallinna ja juhtub õnnetus , kas see on õnnetus teel tööle ?
anatoomikumil|Tartu ülikooli arstitudengid hakkavad esmaspäevast inimkeha ehitust tundma õppima vaid teoorias , kuna anatoomikumil ei jätku praktikumide korraldamiseks surnukehi .
anatoomikumist|Hannes Tamm anatoomikumist ütles , et ühtki oma keha müümise juhtu pole teada ei nõukogude ega ka uue vabariigi ajast .
anatoomikumis|1842-1850 oli Faehlmann ülikooli eesti keele lektor ning luges 1843-1845 vanas anatoomikumis farmakoloogia- ja retseptuurikursust .
anatoomikumilt|Nad on nagu tüübid , kes on otsustanud oma tulevase laiba ette maha ärida , saaks anatoomikumilt selle eest mani kähku kätte , jõuaks selle klaarilt laiaks tõmmata ja pärast tulgu tulekahju või veeuputus .
anatoomikumist|-Pärast Biomeedikumi valmimist 1999 kolisid arstiteaduskonna üksused vanast anatoomikumist ära .
kiirest|SCript: küll su suguvõsa paljuneb kiirest
kiirest|Bridgestoneid ei soene piisavalt kiirest .
kiirest|""" Mul on kiirest raha tarvis ! """
kiirest|noh aga kui kiirest ta siis selle koduka valmis saab ma juba täna päeval lisasin aga õhtux ple ikka veel .
kiirest|Ka liikusid nanoobid eemale skaneeriva elektronmikroskoobi kiirest ning osutusid sisaldavat DNA-d .
kombinesoonil|Nimelt leiab Rahvusvaheline Suusaliit FIS , et kombinesoonil paiknevad suured tähed BJ on reklaam , mitte kujunduselement .
kombinesoonil|Nimelt leiab Rahvusvaheline Suusaliit FIS , et kombinesoonil paiknevad suured tähed BJ on reklaam , mitte kujunduselement .
kombinesoonidele|Hille Saarepuu utsitab Team 2000 õrnemat poolt ja teeb vajaduse korral näputööd - õmbleb kombinesoonidele sponsorite logosid .
kombinesoonist|Vesi imbub kombinesoonist läbi , pritsib jäält näkku .
kombinesoonidesse|Või kiiruisutajad kitsastesse kombinesoonidesse pugenud , mis peale kompressiooniefekti muudab keha voolujoonelisemaks .
modemist|võtsin siis juhtme , mis läheb modemist võrgukaarti , ja panin selle läptopile järele .
modemisse|eile öösel äikese ajal jäi mul kaabel modemisse sisse , õnneks midagi ei juhtunud .
modemil|Minu modemil kõik tuled vilguvad , kuigi peaks põlema vaid kolm ja juhtmed peaks ka kõik ilusti ühendatud olema !
modemitel|Et järsku üks suur image ja dividega txt peale .. või võtab see modemitel liiga hinge kinni ?
modemil|Ma unustasin modemil ükskord juhtme tagasi panematta .
lahingutegevusest|Kuid kui me räägime lahingutegevusest , siis usun nii , et kõige väiksema jõuüksuse pinnal moodustab lahingupaar ehk ka selles kõige väiksemas koosluses on juba partner , kelle eest sa peab kandma hoolt täpselt sama hästi , kui iseenda eest .
lahingutegevuses|Kolmapäeval toimus veel teinegi rünnak , kurjategijad tulistasid granaatidega USA baasi Bagdadi lähedal , üks USA sõdur hukkus ja seitse sai vigastada , kokku on Iraagis lahingutegevuses hukkunud juba 390 USA sõdurit .
lahingutegevuses|""" Kõik eestlased on elus ja terved , kuigi Kosovos Pristinas osalesime päris palju lahingutegevuses , "" lausus Vene armee palgasõdurite eriüksuses kaadriallohvitserina teeniv Toomas ( nimi muudetud ) ."
lahingutegevuses|Ametlikel andmeil on Iraagis reedeõhtuse seisuga lahingutegevuses langenud 1104 Ühendriikide sõdurit .
lahingutegevusest|Kuigi Vene peaminister Vladimir Putin eitas laiaulatuslike manöövrite korraldamist Tšetšeenias , räägivad sõltumatud allikad ja Groznõi ägedast lahingutegevusest Tšetšeeni võitlejate ja föderaalvägede vahel .
neitsist|Koos muu ristirahvaga osalen minagi oma tagasihoidlikul moel neitsist sündinu ja ristil lõpetanu sünnipäeva ootuses .
neitsist|Ivo meenutas ballaadi Porkuni neitsist .
neitsile|Kuigi ma olen tähemärgi järgi kaljukits , ei tähenda see veel kaugeltki , et mul puuduksid neitsile , lõvile või jäärale sünnihoroskoobi poolt ainuomaselt omistatavad iseloomujooned .
Neitsisse|Mineviku varjud hajuvad kiiresti 8. oktoobrist 9. novembrini , mil Veenus jõuab Neitsisse , ehk sinu 5. päikesemajja .
Neitsisse|Siin algab edukas periood maamärgis ( Neitsi , Kaljukits , Sõnn ) sündinud inimestele , sest Jupiter on jõudnud Neitsisse .
ümbriselt|Vastuse küsimusele , miks staažika laulja esikplaat alles nüüd saadaval , leiab ümbriselt .
ümbrisel|Nii kirjutas üks Nirvana kahest elusolevast liikmest , Krist Novoselic , bändi ( vähemalt seni ) viimasena ilmunud albumi “ From the Muddy Banks of the Whiskah ” ümbrisel .
ümbriselt|Valimiku koostajad on asjale hoopis omanäolisemalt lähenenud , seda näeb juba meeliköitvalt ümbriselt , millel kelmikas pilt Jane Birkin'ist .
ümbrisest|Aga kui sa toosi ümbrisest esile lükkad , siis tuleb toosi põhja peal mehe suust välja – tema ranne ja siis käsi ja käes kahvel , tema suu poole suunatud , saad aru , ja kahvli otsas vorst – ühel vorsti otsal viisnurk ja teisel haakrist .
ümbrisel|"Nii ütlebki kiri lõunanaabrite valitud prantsuse muusika kogumiku ümbrisel : "" Kaunid unelmad on tehtud Pariisist "" ."
Isakodust|Isakodust sai aga ehituspraht võõra maa peal .
isakodus|Nii tema isakodus Pastakul kui ka Kuudsel erines Pühik nudipäistest maatõugu suguõdedest : nimelt olid tal ilusad teravad sarved , kehaplaaniltki oli ta teistest peenem ja suursugusem .
isakodus|Saaremaal ma kalal ei käi , seal teen isakodus hädapäraseid töid , et majapidamine püsti püsiks .
isakodust|Sealt võetakse kaasa õigluse- ja puhtuseigatsus , mida õnneks nii paljud inimesed tunnevad tänapäeval väga kaugelgi oma isakodust , keset kõige julmematki võõrandumist .
isakodus|Toivo käib väga sageli isakodus Rõuges , tal on seal omaette maja .
Lennusadamas|Operatsioonil osalesid ka liikluspolitseinikud , kes kontrollisid Lennusadamas olnud autosid .
lennusadamast|Mõis ütles eile , et läheb erakonnakaaslastele lennusadamast tõtt rääkima ning mingeid salaleppeid linnavalitsus sõlminud pole .
Lennusadamas|Moskva eeslinna järgi nime saanud Venemaa mõjuvõimsaima allilmarühmituse esindajad käisid paari kuu eest Tallinna Lennusadamas , kuhu sadama valdaja Aleksandr Rotko on paigutanud 1,5 miljonit dollarit rühmituse raha , ütles sadama pärast kohtuvaidlusi pidav ärimees Viktor Perevalov .
lennusadamas|Ebaseaduslikult alustas 2000. aasta kevadel lennusadamas ehitustöid üks Läti firma , endist vesilennukite sadamat püüti hakata ümber ehitama puidusadamaks ilma ehitusloa ja planeeringuta .
lennusadamas|Nädalavahetuse hea ilm andis tooni ka lennusadamas , kus peeti laupäeval ja pühapäeval merepäevi , mis tõid kokku inimesed ja ka vanad laevad .
omanikfirmalt|Tallinna transpordiamet nõuab Osten Tori omanikfirmalt Sadabildilt büroohoone ehitamise käigus lõhutud bussipeatuse taastamist ja teede sulgemise eest tekkinud ligi 300 000-kroonise võla tasumist .
omanikfirmast|Naissaare sadama omanikfirmast Linda Investments ei õnnestunud reedel hinnakirja kohta kommentaare saada .
omanikfirmas|Tuule saab kanal tiibadesse investeerimispanga Lõhmus , Haavel & Viisemann ( LHV ) abil , sest suvel omandasid LHV investorid telekanalit haldavas omanikfirmas AS Santenor enamusosaluse .
omanikfirmalt|Esimeses nõudis Soosaar Pajolt ja Raadio Pärnu omanikfirmalt OÜ Õhk au teotavate andmete ümberlükkamist ja moraalse kahju hüvitamist 50 000 krooni .
omanikfirmast|Erki Berends Kuku omanikfirmast Trio LSL kinnitab : “ Tean vähemalt üht raadiokuulajat , kes paneb ämma köögis kindlasse kohta seisma , et Kuku selgesti kostaks !
ovaalsaalis|Täna keskpäeval algab Valga kultuurikeskuse ovaalsaalis ajalookonverents , millega tähistatakse Valga muuseumi 50. tegevusjuubelit ja Valga maakonna 85. juubelit .
ovaalsaalis|« Kaunimate vennaskond » ehk siis kuuik Vanemuise omaaegsest menulavastusest « Kaunimad aastad su elus » , sai maha menuka juubelituuriga ning andis välja CD-plaadi , millel kümme aastat tagasi ovaalsaalis esietendunud salongiõhtu Kulno Süvalepa lauludest .
Ovaalsaalis|Välja oleks kujunenud hoopis teistsugune suhtumine - selline , nagu oli näha teleekraanil läinud nädalal Iisraeli peaministri ning Palestiina liidri Washingtoni külaskäikude puhul : Valge Maja Ovaalsaalis istub tähtis naeratav väliskülaline , ümbritsetud oma naeratavast delegatsioonist ; vastas istuvad diivanil mornilt asepresident ja välisminister , kes tunnevad end silmanähtavalt ebamugavalt vaadates pealt , kuidas Clinton vastab närviliselt ajakirjanike küsimustele mitte Lähis-Ida rahuprotsessi käigu kohta , vaid sellest , milline oli presidendi suhe 24-aastase endise Valge Maja praktikandi Monica Lewinskyga .
ovaalsaalis|"Lavakunstikooli viimasel kursusel dramaturgiks õppiv Mart Kase tõi Nukuteatri ovaalsaalis lavale enda kirjutatud näidendi "" Perekond "" ."
ovaalsaalis|Alates jaanuarist alustab Jaan Tooming ovaalsaalis muinasjutupärastlõunate sarja , kus koos lastega mängitakse läbi muinasjutte .
vahepial|laulge_kaasa: hia rock seal vahepial oli
vahepial|täiega tuus asi ainult jah see üks jalg jääb vahepial imelikult vähe kaugele taha .
vahepial|em80: mida kuradit .. ma ei saa siin vahepial sittagi aru
vahepial|dj_crule: ma sind ocisin siin vahepial
vahepial|MUNA: kuska mis teinud oled vahepial
radiaatoril|Juba hommikul , kui ma postkasti juurde läksin , olid teised platsis , aelesid radiaatoril ja viskasid laelambi pihta märki !
radiaatorist|"Nüüd põrutame lava taha , mööda riidenartsuga kaetud radiaatorist ja sisse uksest , mis kannab teateid "" To Stage ."
radiaatoris|Midagi juhtub Mexico Cityst ligi tuhande kilomeetri kaugusel , kui oleme teel Tuxtla Gutierrezist Oaxacasse - radiaatoris hakkab vedelik keema .
radiaatorites|Kuni eilseni ei ületanud veetemperatuur Väike-Õismäe ja Mustamäe korterite radiaatorites 70 kraadi .
radiaatorist|""" Isegi kui tuli algas radiaatorist , siis hinnatakse seda elektrist süttimiseks ."
kriisipiirkondades|Julgeoleku kaalutlustest lähtudes valitsevad aga ohud just Eesti võimalikes kriisipiirkondades , mis on suuremalt jaolt kõik piiriäärsed alad venekeelse elanikkonna ja mahajäänud traditsiooniliste tööstusharudega .
kriisipiirkonnas|Leedust Kosovos OSCE vaatlejana olnud inimene ütles BNS-ile , et OSCE missioon hakkas koolituselt puudunud Remsut taga otsima , kuna OSCE pöörab vaatlejate turvalisusele kriisipiirkonnas suurt tähelepanu .
kriisipiirkonnast|Kehtib aga põhimõte , et kui varjupaiga taotleja on saabunud Eestisse mitte otse kriisipiirkonnast , vaid mingi teise riigi kaudu , kus seda ohtu ei ole , siis saadetakse ta sinna teise riiki välja , näiteks Lätti .
kriisipiirkondadesse|Samas toetas Eesti sõdurite kriisipiirkondadesse välismissioonidele saatmist 50 % elanikest .
kriisipiirkondadesse|Tuleks tagada , et miinid ja lõhkeained ei väljuks kontrolli alt ega satuks kriisipiirkondadesse ja soovimatute isikute kätte .
Donetskisse|Kohtumiseks valmistudes saatis Levadia Donetskisse eelluurele treener Ants Kommusaare .
Donetskis|Kolmapäeval kaotas Levadia Meistrite Liiga teise eelringi avakohtumises Donetskis kohalikule Šahtarile 1 : 4 .
Donetskis|Ukrainas Donetskis sündinud ning Eestis elu- ja töökohata elanud Nezhelski mõisteti eile süüdi kahe mehe ja ühe naise tapmises .
DONETSKIS|KÕRB SAI DONETSKIS NIMELISE KULDMEDALI
Donetskis|Jalgpalli Meistrite liiga 2 . eelringis kaotas Maardu Levadia Donetskis kohalikule Šahtarile 1 : 4 .
taksofirmalt|27. veebruaril kell 9.50 tellis Salme oma mehe mobiiltelefoniga taksofirmalt SV Takso sõiduki , välja minnes võttis ta kaasa ID-kaardi ja see oli viimane kord , kui abikaasa Kalju naist nägi .
taksofirmalt|Kaks samasugust Mercedest viisid röövlid Esra taksofirmalt augustis .
taksofirmale|Ta ütles , et tema kartuse kohaselt pidi seadeldis plahvatama siis , kui ta korterist välja astub , sest ta oli telefonis just öelnud taksofirmale , et hakkab alla minema .
taksofirmale|Kui ma sõidan taksoga , mis kuulub nt . taksofirmale Takso , siis pole mul mingit kohustust rõhutada teenusepakkuja organisatoorset-legaalset kuuluvust mingi äriregistri vms kirje juurde , vaid ma võin rõhutada täpselt seda , mida ma tahan .
taksofirmale|Haapsalu linnavalitsuse andmeil kuulub linnas taksofirmale üks takso , ülejäänud 20 taksojuhti on füüsilisest isikust ettevõtjad ( FIE ) , kes jagunevad kolme taksofirma juurde .
võist|Pea eksponaadiks saab ilmselt 16si lind riline mäkke tõu su võist lu seks kohandatud GP-auto .
võist|Pärtel ei osanud öelda , kui suure osa tähtaja ületanud võist jõudis ÜM tegelikult töödelda ja eksportida .
võist|Valmista võist , suhkrust ja kaerahelvestest puru ning puista õuntele .
võist|Lihtsustatult öeldes langetati otsus : loobume võist kahurite nimel .
võist|rebecca: niin käivad võist ainult jobud ( peaaegu )
kontserdireisidele|Plaadiesitlused on neid viinud kontserdireisidele kõikidesse maailmajagudesse ning populaarseimatesse tele- ja raadioshow'desse Suurbritannias ja Ameerika Ühendriikides .
kontserdireisile|Lähen kontserdireisile alles sügisel .
kontserdireisil|""" Kui me seal bändiga kevadel kontserdireisil käisime , tehti meile kõigile ettepanek ."
kontserdireisilt|Sama päeva hommikul saabus ansambel oma kontserdireisilt New Yorgist , esitlusel ei paistnud aga reisiväsimusest enam jälgegi - kokkutulnutele mängiti naljaga pooleks ka üks  unplugged  lugu .
kontserdireisile|Sel nädalal sõidab Anne Veski kontserdireisile Jakutskisse .
noortemajas|Nõmme noortemajas tegutseb ka automudelite ring .
noortemajas|Sellesama lauluga võitis tüdruk 29 osalejale korraldatud erivajadustega laste ja noorte lauluvõistluse Kanutiaia noortemajas .
Noortemajas|Hetkel on ta Estonia teatris lavastaja assistent ning juhendab Kanutiaia Noortemajas näiteringi .
Noortemajas|Sellest sügisest alustab Kanutaia Noortemajas tööd ka 7-8-aastaste poiste klubi .
noortemajast|Muide Nõmme noortemajast on alguse saanud mitu noortebändi .
sõiduradadel|sõiduradadel , nende neljarattalised vaenlased ukerdasid aeglasekski
sõidurajal|6 juunil kella 11.41 ajal toimus liiklusõnnetus Tallinnas Järvevana teel tagasipöörde koha juures , kus teisel sõidurajal liikunud sõiduauto Subaru , mida juhtis Mark ( s 1962 ) sõitis tagant otsa sõiduki VW Sharan , mida juhtis Hain ( s 1972 ) haakes olevale järelhaagisele Tiki Treiler .
sõidurajale|Kollase helkurvestiga Tiivel läks sõidutee teisele sõidurajale ning andis seal kihutavale autole peatumismärguande .
sõidurajal|Need asuvad Paldiski maanteel , sadakond meetrit enne Haabersti ringteed linnast väljuval äärmisel parempoolsel sõidurajal .
Sõidurajal|Sõidurajal möödus Teder esimesel ringil Salumäest ning kaotas lõpuks Vikile ajaliselt 30 sekundiga .
ribidesse|Aga mees olnud ise süüdi - virutas õele jalaga ribidesse .
ribidesse|Ja marjamaal endalgi käib kõva trügimine , tihedasti täistrukitud seintel hingavad maalid üksteisele kuklasse ja taovad ribidesse ; nii mõnigi õrnake koloriit haihtus lärmava naabri krellis värvimöllus .
ribidesse|Rahvusvaheline Jalgpalliföderatsioon FIFA uurib video- ja pildimaterjale , mis tõestavad , et Portugali ründaja Joao Pinto lõi mängus Lõuna-Koreaga pärast eemaldamist kohtunik Angel Sanchezile ribidesse .
ribidesse|Andsin neile püssikabaga paar ergutavat nähvakat ribidesse , et siis paksu topeltplekiga vooderdatud uks , klõmdi , kinni lüüa .
ribidesse|""" Kurat , ära tao küünarnukiga ribidesse ! """
Soomaale|“ Siin võib olla õli- ja kütusereostuse probleem , kuid veetaimestik on praegu nii lopsakas , et Soomaale ei ole veel midagi jõudnud , ” ütles ta .
Soomaale|Reporteridfotograafid ja telemehed kihutasid Soomaale , kus politseinik maha lasti .
Soomaal|"Olen ju pigem iseõppija olnud , "" tunnistab viis aastat pildistamisega tõsiselt tegelnud naine , kes korraldab Soomaal ka fotolaagreid ."
Soomaale|Taani annab Soomaale 12 miljonit
Soomaal|Eestlased on lihtsalt ära harjunud hundikarjade ning sookurgedega , kes Soomaal kohati nii madalalt lendavad , et metsavahi õues seistes hakkad kartma - äkki lendavad korstna maha .
Sõja-aastail|"Sõja-aastail tuli käibele uus piirang , nimelt kehtestati viina-müügil talongid , lõplikult kadusid "" viinakaardid "" käibelt alles 1971. aastal ."
sõja-aastaist|"Sest kõik , mis ta "" Tallinna "" kohvilauas oli möödaminnes oma sõja-aastaist rääkinud , oli tekitanud mus kujutluse : viibinuks ta 44-nda kurikuulsal märtsiööl oma praeguses Tallinna-korteris ( aga tema oli viibinud sel ajal hoopis Kuressaares või Haapsalus mudaravil ) – jaa , kui ta viibinuks oma praeguses Tallinna pööningukorteris ühe põleva ja ühe pommitabatud kiriku vahel – minu kujutluse järgi oleks ta surunud endale vateeritud siidist kohvikannumütsi sügavale pähe , et kaitsta kõrvu pommiplahvatuste müra ja ennast pommide eest – ning öelnud , kui pommitamine oli viimaks möödas : aga nüüd pean ma vabandama – kohvi tuleb ajada uuesti kuumaks ..."
sõja-aastatel|Juba varasematel sõja-aastatel hämmastas venelasi Saksa allveelaevade uskumatult täpne navigeerimine Soome ranniku saarterägas .
sõja-aastatel|Pastlanahka osteti poest , kuid sõja-aastatel jäid kauplused tühjaks ning seepärast hakati taludes ise loomanahku parkima .
sõja-aastatest|Juttu tuleb sõja-aastatest , Kultase kohviku natsionaliseerimisest , küüditamisest , vangi-põlvest Vorkuta ja Uhta vangilaagrites ning naasmisest kodumaale 1960. aastal .
Holmenkollenis|MK-võistlused jätkuvad täna Holmenkollenis vabastiili pikkade distantsidega , mehed läbivad 50 ja naised 30 km .
Holmenkollenis|MM-hõbe Jaak Mae maratoni eriti ei armasta , kuid uskus , et edukas MM võtab pinged maha : « Holmenkollenis suusatan vist viiendat korda .
Holmenkollenisse|Eile , kui teised Falunis võistelnud eestlased MK-sarja lõpetanutena koju tagasi pöördusid , sõitis Kristina Holmenkollenisse viimaseks etapiks valmistuma .
Holmenkollenis|HOLMENKOLLEN , 28. veebruar ( EPLO ) - Reedel kõhugrippi jäänud Kristina Šmigun oli nõrkuse tõttu sunnitud pooleli jätma Oslo 30 km vabatehnikasõidu ja langes MK-sarja üldarvestuses neljandaks , võidu võttis Holmenkollenis Julija Tšepalova .
Holmenkollenis|Holmenkollenis naiste 30 km klassikasõidus sai hooaja esimese võidu venelanna Larissa Lazutina , edestades Bente Skarit minutiga .
taandumisest|Mõned tunnid enne kõneluste algust teatas Addis Abeba oma vägede osalisest taandumisest Eritrea aladelt .
taandumisest|Tõsi , osa tema lisahäältest tuleneb Rahvaerakonna vabatahtlikust taandumisest , mis vabastab Isamaaliidule senisest avarama laigu poliitilisel maastikul .
taandumisele|Ida ja lääne totaalsete vastasseisude taandumisele vaatamata pole vaibunud lääne huvi endisest sotsleerist pärit hämmastavate fenomenide vastu .
Taandumisele|Taandumisele mõtlevat ka meeste koondise toetaja Rautia .
taandumisest|“ No ei kao see valu ! ” ahastas Mart Poom eile vastuseks küsimusele , kas leidub märke õlavigastuse taandumisest .
tardumusest|Igale piletile oli trükitud suurelt , et kahekümneaastase neiu turnee nimi on “ Storm On ” , viidates kuulajas tormi ja edasi tormamise tunde tekitamisele , sisendades hinnangut edukusest ja ründavast hoiakust , mis äratab tardumusest .
tardumusest|"Mis toob "" haridussüsteemi nõukogudeaegsest tardumusest välja "" , ei oska ma arvata ."
tardumusest|Tasapisi sai Agassi tardumusest üle , ta vastupanu kasvas ja hoolimata Medvedevi visast vastupanust võitis Agassi kolm järgmist setti 6 : 4 , 6 : 3 , 6 : 4 .
tardumusest|Kui inimene on oma eluga ummikus ja arutult käitunud , tuleb teda küll lohutada , kuid vahel tuleb anda väike müks , et ta silmad lahti teeks , tardumusest ärkaks ja tegutsema hakkaks .
tardumusest|Ärgake tardumusest ja ärge kartke muutuda – see kehtib kõikide päikesemärkide kohta , ” jagab astroloog Edda Paukson õpetusi ja tunnistab , et viimastel nädalatel heliseb tema kodutelefon vahetpidamata .
Põhja-Aafrikas|Ka mujal põhjapoolkeral polnud ilm kiita - Niagara kosk olevat jäätunud , Põhja-Aafrikas ja Sitsiilias tuli paksu lund .
Põhja-Aafrikast|Näiteks tulevad Euroopasse Põhja-Aafrikast illegaalsed põgenikud Hispaania , Malta ja teiste riikide kaudu Euroopasse .
Põhja-Aafrikast|MADRID , 15. oktoober ( EPLO ) - Vähemalt neli inimest hukkus kui Hispaanias varises kokku maja , milles elasid Põhja-Aafrikast pärid immigrandid .
Põhja-Aafrikas|Samas jõudsid Matsallu erakordselt vara Põhja-Aafrikas talvituvad sookured , lausus Mägi .
Põhja-Aafrikas|Eesti Mereinstituudi vanemteadur Ülo Suursaar kirjutab haaravalt Põhja-Aafrikas , peamiselt Maroko aladel elavast kõrberahvast berberitest , ja Tartu Ülikooli molekulaar- ja rakubioloogia instituudi lektor Urmas Kokassaar peatub põhjalikult teemal , miks on kasulik nätsu närida .
moenädalal|Miami moenädalal valitsesid naiselikud fassongid , endistviisi võidutses korsett .
moenädalal|Pariisi moenädalal tutvustasid kogu maailma tippkunstnikud oma arusaama sellest , kuidas moeteadlik naine peaks end 2000 . aasta saabudes riietama .
moenädalale|Iirlasest moekunstnik Phillip Treacy pani Londoni moenädalale oma kübaradraamaga väärika punkti .
Moenädalale|Moenädalale lisab elevust supermodell Kate Mossi rivaalitsemine teise noore ema Claudia
moenädalal|Toomas Volkmann aga väidab , et ta on New Yorgi moenädalal ise näinud , kuidas Carmen Kass saadab ka välismaa ajakirjanikke minema .
kuudis|Ematiiger ei taha poegadega palavas kuudis olla ja keegi ei tea , kas ta neid üldse söödab , nentis Saluneem .
kuudist|Mis me sest kuudist siis ehitasime : ) ?
kuudist|Mis me sest kuudist siis ehitasime : ) ?
kuutides|Hoiupaiga juhataja Ainike Nõmmisto sõnul vajavad kuutides elavad loomad kedagi , kes nendega aeg-ajalt tegeleks ja vabasse õhku väikesele jalutuskäigule viiks .
Kuudis|Kuudis lebas üks ilmselt napsitanud , kuid juba kaineks saanud umbes 40-aastane kohalik mees , kes siis , kui ta üles aeti , purustas naise käeluu , rääkis Lääne-Viru politsei pressiesindaja Harri Pilt .
joobeseisundis|Karistust raskendavate asjaoludena tõi prokurör esile kuritegude toimepanemise joobeseisundis , tapmiste süstemaatilisuse , Aleksei Pavlovi tapmise grupis oma isa Andrei Rubeliga ja invaliid Tõnu Põllu tapmise tolle abitut seisundit ära kasutades .
joobeseisundis|Mart Pukk asub tööle Tallinna linnavolikogu esimehe Edgar Savisaare nõunikuna , kus enne teda töötas joobeseisundis autorooli taga vahele jäänud Jakko Väli .
joobeseisundis|Eestis teevad politseinikud seadusest tulenevalt joobeseisundis inimesele ka trahvi .
joobeseisundis|"Veelgi suuremad olid probleemid aga mõistagi neil noortel "" punastel kaardiväelastel "" , kes oma korravalve-ülesandeid täitsid pehmel sammul ilmselges joobeseisundis ."
joobeseisundis|Põhja ringkonnaprokuratuuri prokuröri abi Ille Mardo sõnul lasub Raidil kahtlus autojuhtimises joobeseisundis , mille eest näeb karistusseadustik ette rahatrahvi või kuni kolmeaastase vangistuse .
rummus|Esimestest plaanidest ehituseni ei kulunud aastatki – ju oli nõukogudelastel tuli tõsiselt rummus .
Rummust|Rootsi politsei tabas Rummust põgenenud mehe
Rummus|Ema hakkas vangla vahet käima - mõlemad pojad istusid Rummus .
Rummus|Vangid ei tee Rummus tööd ja veedavad päevi kas logeldes või endaehitatud jõusaalis muskleid arendades , poksides või maadeldes .
Rummus|Kaja arvates leidub ka Rummus selliseid inimesi , kes varjavad oma tegelikku sissetulekut .
Soosaarel|Linnavalitsus keelas Soosaarel Pärnu Uue Kunsti muuseumi ees kolm aastat seisnud Lenini kuju eksponeerimise , põhjendades seda parkimiskohtade nappusega .
Soosaarel|Oma juubelit võinuks väärikamalt tähistada , Soosaarel on selleks lindis ka materjal olemas .
Soosaarel|Ruumi kokkuhoiu mõttes soovitan Soosaarel ja lugejatel interneti kaudu tutvuda Käärma 11. augustil Riigikogus peetud ettekande steno-grammi ja otsuse eelnõuga .
soosaarest|« Ma ei tea , palju nüüd sellest omaaegsest soosaarest tänaseks on järele jäänud , aga sood on ümberringi jah .
soosaarele|Veel kolm kilomeetrit lääne suunas ning juba jõuabki soosaarele , mis on toitnud ja toidab edasi nii inimeste meeli kui kõhtu .
kiirendamisel|Elektrimootorid aitavad 54-hobujõulist diiselmootorit kiirendamisel ja salvestavad energiat pidurdamisel .
kiirendamistel|Dünaamika tänu 230 hj mootorile oluliselt ei kannata , küll aga ajab närvi kiirendamistel järjekindlalt ( ja pikalt ) üle 30 l/100 km näitav kütuse hetkekulu näidik .
kiirendamisel|Tänu momendi jaotusele ( ette kolmandik ) kaabivad kiirendamisel rattad ühtlaselt ja libisemine on hästi kontrollitav .
kiirendamisest|Aga täna oleme jälle selle kõige alguses , sest need sõnad , mis ministrid on siit kõnetoolist rääkinud maareformi kiirendamisest , need on olnud ainult bluff , enda väljavabandamine ja kõik sinna juurde kuuluv .
kiirendamisel|Maanteel jääb suuremate käikudega kiirendamisel veidi jõust puudu , kuid sellise litraazhi puhul ei saagi enamat soovida .
ooteruumis|Ootan Prodi vastuvõttu väikeses ajakirjanikele mõeldud ooteruumis koos Aasia päritolu kolleegi ja tema tõlgiga .
ooteruumis|Mörva nägi pealt mitukümmend ooteruumis viibinud inimest .
ooteruumis|Sattusime tüdrukutega enne reisi ooteruumis lihtsalt vestlema .
ooteruumis|Ma juba kujutasin ette , kuidas olen Tallinna lennuväljal ja tühi tuul puhub lennujaama ooteruumis , päris piinlik .
ooteruumis|"Kujutasin juba ette , kuidas olen Tallinna lennuväljal ja tühi tuul puhub lennujaama ooteruumis - päris piinlik , "" rääkis Evelin Samuel , kellel on juba tehtud leping kuulsa plaadikompaniiga Universal Music ."
Lembitul|Kui lapsed pole kasvõi paar päeva Lembitul ja Tiiul külas käinud , muutuvad vanemad rahutuks .
Lembitul|Lembitul , kellel arstid avastasid maovähi kaks kuud tagasi , kulub päevas neli ampulli morfiini .
Lembitul|Aga 75 krooni ei kogune Lembitul tihti .
Lembitust|Mis Lembitust saab ?
Lembitus|Valitsuse pressiesindaja Daniel Vaariku sõnul pannakse ministrid külalistekorteritesse siis , kui Lembitus on kõik kohad kinni .
dikteerimisel|“ Võistlus käis Katrini dikteerimisel , tema tempoga pidin arvestama , ” ütles võistluse ajaga 39.29,9 lõpetanud 22-aastane Kristina Shmigun .
dikteerimisel|Pankrotis Ridame võlausaldajate esimene üldkoosolek möödus Sinalepa lihatööstuse omaniku Velastu dikteerimisel , sest suurima võlausaldajana oli tal kaks kolmandikku koosoleku häältest .
dikteerimisel|Avapoolaeg möödus Barcelona täielikul dikteerimisel , kuid ehkki pall oli kodumeeskonna valduses 32 minutit , suudeti see austerlasest Alex Manningerist mööda ajada vaid ühel korral .
dikteerimisel|Laupäeval Tartus peetud kohtumine algas võõrustajate dikteerimisel - julgelt tegutsenud taaralinna pallurid juhtisid 15 : 12.
dikteerimisel|Kohtumine algas A . Le Coqi dikteerimisel , kiiresti vahetusid edunumbrid 9 : 0 ja 22 : 7 .
juunis-juulis|Võetakse intervjuu umbes 150 kinnipeetavalt , kelle valiku põhimõtteks on , et nad vabanevad selle aasta juunis-juulis .
juunis-juulis|Oleme valmis , et juunis-juulis kasvab lihatoodete müük veelgi ning lööb uued müügirekordid , ?
juunis-juulis|Fischer sõnas pärast kohtumist Venemaa esimese asepeaministri ja rahandusministri Mihhail Kasjanoviga , et kui Moskva juunis-juulis reformide osas edusamme teeb , võidakse laene anda veel sel aastal .
juunis-juulis|Läti Hoiupanga aktsiad tulevad erastamisväärtpaberite eest müüki juunis-juulis .
Juunis-juulis|Juunis-juulis Eurovisiooni tähtede osalusel aset leidnud Maarja-Liisi nimelise põldmarjajogurti reklaamikampaania suurendas seda korraldanud firma Inorek & Grey andmetel Laeva Meierei turuosa kümne protsendi võrra .
Ehlvestile|Teades Kivirähja vaidlustamatut staatust käesoleva hetke meiemaa parima proosameistrina , annab see Ehlvestile lootust reitingu ja koefitsiendi peatseks lakkekargamiseks .
Ehlvestile|Auhinnaraha kuulub Ehlvestile pisut üle 25 000 Eesti krooni .
Ehlvestile|Ehlvestile algas teine päev halvasti : ta oli kaotaja Xie Juni vastu .
Ehlvestil|Nii tuli ka Ehlvestil mõnes partiis viigiga leppida .
Ehlvestil|Loosiga läks Ehlvestil selles mõttes hästi , et sai esimeses partiis mustad malendid .
rambivalgusest|"Näituse kuraator Ieva Kalnina kirjutas "" väsinud professionaalidest "" vabanemiseks kokku kontseptsiooni , mis andis eelise neile , kes erinevatel põhjustel seni rambivalgusest välja jäänud ."
rambivalguses|Benedictus ei tunne end rambivalguses kaugeltki nii hästi kui vilunud esineja Johannes Paulus II , kes koondas end kuulama miljoneid usklikke .
rambivalgusesse|Heli Veskus , tunnete end laval väga hästi , kas olete alati rambivalgusesse tahtnud ?
rambivalgusesse|Priit Ilveri efektne kulp Leho Kraavi vastu ning veel efektsem pealtpanek neljandal veerandajal panid A.Le Coqile eile otsustava hoobi ning osutusid veel üheks sammuks vahepeal maha kantud mängumehe teel tagasi rambivalgusesse .
rambivalgusesse|Eesti tõuseb rambivalgusesse siis , kui ta pakub maailmale midagi sellist , mida kusagilt mujalt ei leia .
Montenegros|Jugoslaavia liitvabariigi koosseisu kuuluvas Montenegros toimub tõenäoliselt juunis iseseisvusreferendum , lääneriikide hinnangul ohustaks vabariigi iseseisvumine aga Balkani stabiilsust .
Montenegros|Montenegros käibib Saksa mark .
Montenegrolt|Tema sõnul on selge , et enamus Montenegro ( omakeelse nimega Tšernogooria ) elanikest tahab iseseisvusreferendumi korraldamist ja seega tahab ta Montenegrolt kindlat otsust juba enne aasta lõppu .
Montenegrole|Djukanovic lubab Montenegrole senisest suuremat autonoomiat , Bulatovic toetab tingimusteta liitu Serbiaga .
Montenegros|Rahvahääletusel tohivad osaleda vähemalt kaks aastat Montenegros alaliselt elanud isikud .
küünis|Algusaastaist Otepääl on tal meeles suved , kus näitas kino Piiri kandis vanas küünis .
küünis|Esietendus 15. juunil Naissaarel Omari küünis .
küünile|Nad laskusid Suuresulli künkalt alla ning lähenesid küünile kõrge kalda varjus hiilides .
küünis|Sel aastal on Kaljuste oma plaanides jõudnud nii kaugele , et täna esietendub Nargeni festivali avaetendusena Omari küünis koostöös Von Krahli teatriga Veljo
küünis|Pimedas küünis ööbivad eesti mehed , kes tulnud Iirimaale väärikamat palka saama ja raskemat tööd tegema .
linnavaraametile|Haapsalu ligi 2700 korteri omanikku on linnavaraametile võlgu üle 3 miljoni krooni .
linnavaraametile|Tallinna kesklinnas asuva endise stomatoloogia polikliiniku kinnistu ( Torupilli ots 2 ) ja klubihoone ( Õismäe tee 46A ) ostmiseks laekus linnavaraametile mõlemale üks pakkumine .
linnavaraametilt|Revisjonikomisjoni esimees Väino Linde ütles , et revisjonikomisjon nõuab linnavaraametilt välja vähemalt 8-12 rendilepingut , mis olemasoleva informatsiooni kohaselt on linnale kahjulikud .
linnavaraametis|Kui revisjoni alustasime , siis selgus , et linnavaraametis ei vastuta keegi peale juhataja millegi eest .
linnavaraametisse|1992. aastal tuli linnavaraametisse praktikale , kus ta on töötanud juristina , peajuristina , juhataja kohusetäitjana ja 1995. aastast juhatajana .
papist|"KOOLIPEOD "" Mu poeg Mart meisterdab igal aastal papist kitarri , mille siis koolipeol esinemise lõpul purustab ."
papilt|Kui ma kogu oma varanduse kirikule pärandan , kas ma siis saan paradiisi ? ” küsib hinge vaakuv vanamees papilt .
papist|Et 25aastane rootslanna Sahlene oli laulu esitama palutud viimasel minutil , sellest rääkis kõnekalt tõik , et üks loo autoreid Ilmar Laisaar ja lauljatar Maiken solistile proovi ajal papist tahvlitele siniste trükitähtedega kirjutatud lauluteksti näitasid .
papist|Asi käis nii , et tegin soome papist kaare , sinna peale asetasin 8mm-se pleksi ja pärast saunas käimist viskasin lavale .
papist|Jõe kaldale ilmuvad erinevatel ajastutel papist mammut , vigvamid , kirik ja Lasnamägi .
mäestikus|""" Olin seal polgukomandör , pidin oma polgu viima mäestikus kõrgendikule N. Andsin hiinlasest asetäitjale juhtnöörid kätte , ja järsku mõistsin , et mitte ainuski hiinlane ei tunne kompassi ega kaarti ."
mäestikus|K 2 on maailma kõige raskemini vallutatav kaheksatuhandeline mägi ( 8611 m ) , mis asub Karakorumi mäestikus Pakistanis .
mäestikus|29. detsembril 1946. aastal leidis ameerika teadlane prof Edmund C. Jaeger koos kolme kaaslasega Californias Chuckawalla mäestikus ühe kitsa kanjoni seina kraabitud süvendis mugavalt lesiva uni-öösorri .
mäestikus|Enamus avatud mägedest asuvad Džomolungma mäestikus .
mäestikust|Tunnel sissepääs ummistus , kui selle ette vajus ülevalt mäestikust alla valgunud lumi .
kallaletungis|Kurdid tapsid kallaletungis neli Türgi sõjaväelast
Kallaletungis|Kallaletungis vigastada saanud Heini Sulg rääkis Eesti Päevalehele , et sündmused kestsid maksimaalselt poolteist minutit .
kallaletungist|Üleeile hilisõhtul kell 23.15 sai politsei teate kallaletungist Kaunase puiesteel .
kallaletungidele|Pentagoni esindaja teatel jätkavad USA ja Briti lennukid säärastele kallaletungidele enesekaitseks vastamist .
kallaletungides|Alžeeria islamisissid tapsid pühapäeva öösel vastu esmaspäeva toimunud kallaletungides taas üle saja tsiviilisiku , teatas eile ajaleht Le Matin .
kindlustatult|""" Hinnanguliselt suureneb hüvitise saajate arv seniselt 4700 kindlustatult 5400 kindlustatuni , "" ennustab ministeerium ."
kindlustatul|""" Oleme püüdnud osta tõesti seda , mida Tallinna kindlustatul on hädapärast vaja , "" teeb Eve Karmo kokkuvõtte lepingute sõlmimise pingelisest ajast ."
kindlustatuil|Kohe kui Eesti ja Soome vaheline ravikindlustusleping jõustub , teavitab keskhaigekassa põhjalikult , missugused õigused kohustusliku ravikindlustusega kindlustatuil lepinguga tekivad ning kuidas neid õigusi kohapeal realiseerida , teatas Näripea .
kindlustatutest|Riik kindlustab umbes 3 % kõigist kindlustatutest , ja kokku maksis riik eelmisel aastal kõigi nende kindlustatute eest 91,5 miljonit krooni .
kindlustatule|( 1 ) Haigekassa maksab kindlustatule hüvitist ühe kalendripäeva kohta ühe kalendripäeva keskmisest tulust järgmiselt :
novembris-detsembris|Järgmised selle aasta neli tellijat saavad autod kätte novembris-detsembris .
novembris-detsembris|"2005. aasta novembris-detsembris kirjutasin raamatu kokku , "" kirjeldab autor raamatu valmimist ."
novembris-detsembris|“ Tavaliselt tabab esimene puhang meid novembris-detsembris , teine võib tulla veebruaris või märtsis , ” ütles Ilves .
novembris-detsembris|Kui teie laps saab seitsmeaastaseks alles novembris-detsembris , kuid teile tundub , et ta on juba valmis 1. septembril kooli minema , mõelge enne otsustavat sammu kõik poolt ja vastu asjaolud veel kord läbi .
novembris-detsembris|Ühispanga PR- ja marketingidivisjoni direktor Kersti Tumm möönab , et novembris-detsembris on Magnet järelmaksukaardi taotlejate arv tõusnud 500-550-ni .
Laurale|Ergo hakkas Laurale külge lööma .
Laurale|Petrarca paljukorratud eeskujul kirjutab Merca sonette oma Laurale , sündinud on peaaegu sonetipärg .
Lauralt|On küsinud Lauralt , miks ta on selline udukogu , kes kaotab koolis alatasa vahetusjalatseid .
Laural|Peale seda , kui Erin Lauralt tema isikliku moefotograafi üle lõi , sai Laural mõõt täis .
Laurast|“ Ma ei tea , mis Laurast saab .
Lillepaviljonis|Ühel suvel joonistasin Lillepaviljonis , kui minu juurde tuli imeilus blond sinisilmne tüdruk , aga millegipärast natuke väsinud ilmega .
Lillepaviljonis|Üritused toimuvad Lillepaviljonis ning keskkonnaministeeriumi info- ja tehnokeskuse saalis Rävala puiestee 8.
lillepaviljonis|Reedel ja laupäeval korraldavad Eesti Aianduse ja Mesinduse Keskselts , Eesti Kutsemesinike ühendus ja AS Tallinna Farmaatsiatehas lillepaviljonis esmakordselt meepäevad .
Lillepaviljonis|Ainuüksi sisepinda kokku arvestades ( Lillepaviljonis kasutab 500 m2 Toyota ) saame kokku ligi 11 000 m2 .
Lillepaviljonis|Lillepaviljonis pakuvad teavet ja ideid koostööks maakondade ja linnade omavalitsuste esindused .
Veevärgil|Laenu tagasimaksmisega tekkis Veevärgil raskusi pärast seda , kui dollari kurss tõusis rekordiliselt kõrgele tasemele , makstes rohkem kui 18 krooni .
Veevärgil|Mullu eraldas Eesti valitsus lisaraha ja ehitushinnadki alanesid , kuid ikkagi tuli Haapsalu Veevärgil esialgse töö mahtu vähendada .
veevärgilt|Lisaks üheksale linnakoolile said veevärgilt katsevahendeid kolm maakonnakooli , Tartu Ülikool ning põllumajandusülikooli instituudid .
Veevärgis|Tartu Veevärgis algasid probleemid : nii sealne klienditeenindaja kui ka juhataja kinnitasid , et vee eest arvestatakse tasu ainult peamõõtja järgi ning ühes majas pole võimalik maksta mitme veemõõtja järgi .
Veevärgis|Veevärgis ei kasva rahapuud ja me ei saa kuskilt abstraktset raha , vaid peame ennast ise majandama klientidelt kogutavast vee- ja kanalisatsiooniteenuse tasust , mille eest kindlustame tarbijatele vee ja juhime ära reovee .
päras|Süüdista inimest mingis patus , kui ka tal õnnestub süüdistused tagasi tõrjuda , süüdista mõne aja päras uuesti ja siis ei usu tema süütust enam keegi .
Pärale|Pärale on jõudnud hotelli rajamist käsitlev NSV Liidu Ministrite Nõukogu korraldus .
päradel|Talviti pärast sõda sõitsime võimalust mööda _kooli_ ja koju talumeeste regede päradel .
PÄRAST|PÄRAST VANEMATE SURMA VALITSEB MAJAS HÕLLANDUSE , aja seiskumise atmosfäär .
PÄRALT|Ja nüüd peaks igal vähegi loogiliselt mõtlevas inimesel peaks tekkima suur küsimus - MIKS KURADI PÄRALT KOGU SAKSA RAHVAS HULLUKS LÄKS JA JUUTE VIHKAMA HAKKAS ( ja samamoodi näiteks sakslaste surmavaenlased poolakad ja siis veel ka slovakid ning ukrainlsed !!!!
sõjaväeosas|Kui keegi sõjaväeosas organiseerib koosoleku ja garnisoniülem või muu ülemus ei suuda selle keelamisega toime tulla , siis ausalt öeldes ei ole tegemist sõjaväega .
sõjaväeosas|SL Õhtuleht oli tunnistajaks , kuidas Groznõi sõjaväeosas teenivad noormehed palusid väliskorrespondentidelt võimalust satelliittelefoniga lähedastele helistada , kuna teist sidevahendit neil pole .
sõjaväeosas|Tallinna tuletõrje- ja päästeamet kaalus vahepeal , kui probleem juba üle jõu käivaks kippus muutuma , kaitseministeeriumile märgukirja tegemist , et viimane kas kannaks kustutamise kulud või paneks mõned ajateenijad sõjaväeosas süütajat karjatama .
sõjaväeosal|Grupisisene omavoli ei tarvitse olla grupilise intentsiooni akt , vaid võib olla põhjustatud grupi olemasolust ja olemusest : nt , sõjaväeosal ei tarvitse olla grupilist intentsiooni kiusata noorsõdureid , kuid väeosas valitsevad informaalsed suhted ja väärastunud arusaamised distsipliinist loovad selleks võimaluse .
sõjaväeosas|Kell 20.02 põlesid Astangu sõjaväeosas kulu ja nelja kuuri varemed .
asendamisele|Kuigi normatiivne süümõiste viis klassikalise süüteomõiste asendamisele neoklassikalise süüteoõpetusega ja tõi endaga kaasa ettekujutuse süüst kui isikule tehtavast etteheitest , et vaatamata võimalusele käituda õiguspäraselt , otsustas ta siiski õigusvastase käitumise kasuks , ei muutnud see esialgu veel midagi tahtluse deliktistruktuurilises kohas ja õiguslikus tähenduses .
asendamisel|Alapunkti b alla kuuluvatel juhtudel : hüvitise summa on võrdne maksumuse osaga , mille tasub raudtee-ettevõte , kes ei taotlenud asjassepuutuva rajatise moderniseerimist , miinus raudtee-ettevõtte taotlusel tehtud modifikatsioonidest tulenevad mis tahes lisakulud ja tulu , mida raudtee-ettevõte tehtavate tööde tulemusena saab ; raudteeületuskoha asendamisel ülesõidusilla või
asendamisest|Financial Times tsiteeris ka üht NATO diplomaati , kes rääkis 500 kilogrammi kaaluvate pommide asendamisest 250kilogrammistega .
asendamisel|Ometi distsiplineeriks see mõningate ekspertide hinnangul kaupmehi ning tagaks hindade läbipaistvuse krooni lõplikul asendamisel euroga .
asendamisel|Kes pole nõus sõduri asendamisel ristiga , on rahvusliku vaenu õhutaja .
Kristiines|Kristiines käib heakorra tagamine aasta läbi , kuid talvekuudel , kui maad katab lumi , ei ole kahjuks võimalik kogu tänavatele ja haljasaladele sattunud prügi ja pärast lume tulekut maha langenud puulehti ära koristada .
Kristiines|Kristiines , Madara tänaval olevas mahajäetud tööstushoones puhkes täna tulekahju .
Kristiines|Kristiines tuleks Tallinna sõnul jalutuspargina taastada Löwenruh' mõisapark koos kauni tiigi ja kanalitega .
Kristiinele|Kristiinele teeb peavalu Lilleküla staadioni ümbrus , Nõmme vaevleb raudteeäärsega , Tähetorni kandiga ning Pääsküla rabametsaga .
Kristiines|Kristiines valmib 24 korteriga elamu
mäetipult|Egger startis 3250 m kõrgusel asunud mäetipult .
mäetipule|Oleme kaks eluaegset vangi , kes õhtu õhtu järel kaugele mäetipule ronivad , et heietada mälestusi möödunud aegadest ja klammerduda kauge valguse külge .
mäetippudele|""" Meie võitlejad on kogu Tora Bora üle võtnud , vaenlane taandus mäetippudele Tora Bora ja Waziri kuru vahel ."
mäetippudel|Ekvaatori lähedus tagab selle , et lund näeb ikka vaid kõrgematel mäetippudel .
mäetipus|Bush , tema isa George Herbert Walker Bush ning USA eelmine president Bill Clinton sõid Berlusconiga pastat ja loomaliha 16. sajandist pärinevas Villa Madamas , mis asub mäetipus , kust avaneb vaade Roomale .
tootmishoonesse|Šampinjonitööstus tuleb Võhma kombinaadi 20 000 ruutmeetri suurusesse tootmishoonesse , ülejäänud hooned rendib TEB Karu teatel välja teistele ettevõtjatele .
tootmishoonesse|Saint-Gobain paigutas Elvexi uude tootmishoonesse umbes 70 miljonit krooni .
tootmishoonest|CARMEN KASS soetas hiljuti New Yorgisi terve korruse endisest tootmishoonest , kuhu laseb endale korteri ehitada .
tootmishoonesse|Erikomando K sai väljakutse Tartu maanteel asuvasse Marati tootmishoonesse pärast seda , kui Tallinna politseipatrullid , kiirreageerijad ja kriminaalpolitsei olid viiekorruselise , peaaegu tervet kvartalit täitva hoone ümber piiranud .
tootmishoonesse|Uude tootmishoonesse paigutab firma osaliselt vana vabriku seadmed .
mekas|Käesoleval nädalal jätkub MK-sari Saksamaa laskesuusatamise mekas Rohpoldingis .
Mekasse|Abiks on kompass , mis näitab teed Mekasse .
Mekas|Ema aga kinnitas politseile , et 11. septembril 2001 oli Chatty palverännakul Saudi Araabias , ilmselt käis ka Mekas .
Mekast|Islami ajaarvamine algab aastast 622 , kui prohvet Muhamed põgenes kaliifide tagakiusamise eest sünnilinnast Mekast Mediinasse .
Mekasse|Tervis lubaks muhameedlasi Mekasse küll , kuid rahakoti paksus jätab soovida .
kergejõustiklastest|Eesti kergejõustiklastest võistlevad kindlasti kaasa sprinter Katrin Käärt , tõkkejooksja Mirjam Liimask ja kuulitõukaja Taavi Peetre .
kergejõustiklastest|Meie kergejõustiklastest asub esimesena võistlustulle odaviskaja Andrus Värnik , kellel tänavu kirjas 82.16.
kergejõustiklastele|Näiteks sporditarvete firma Nike lubas kõigile tema egiidi all võistlevatele eesti kergejõustiklastele kulla eest maksta umbes 150 000 boonuskrooni .
kergejõustiklastele|""" Esiliiga konkurents annaks meie kergejõustiklastele aste kõrgema võistluskeskkonna ja aitaks kaasa meie keskmise taseme tõstmisele , "" rääkis Tischler ."
kergejõustiklastele|Juba teist aastat korraldas Valgamaa Spordiliit koostöös Valga maavalitsusega noortele kergejõustiklastele sportliku koolivaheaja treeninglaagri Lätis Limbaži olümpiaettevalmistuskeskuses .
talvepäeval|Riigikogu asjaajamine oli nagu koer , kes raudkülmal talvepäeval pidevalt uksest sisse ja välja sõelub , kuni pakane sees radiaatori lõhki lööb .
talvepäeval|Ühel tänavusel talvepäeval tuli pensionärist nukunäitlejale külla Antti Indow , kes on tuntud diskorina ja diskoprojektist Ultra Mid .
talvepäeval|Mõnel talvepäeval ei pistaks Peep heameelega varvastki majast välja külma kätte .
talvepäeval|Ühel hämaral talvepäeval Tue , 9 Jan 2001 19:30:11 +0200 , « Marko » saatis siia järgmised read :
talvepäeval|Ühel hämaral talvepäeval Tue , 9 Jan 2001 13:35:23 +0200 , « Taimo Veski » saatis siia järgmised read :
aedikus|Eesti Päevalehe reporter Toivo Tänavsuu ja fotograaf Marko Mumm käisid vaatamas , mida mehed seal aedikus teevad .
aedikust|Proua läks sigadele süüa viima ning tuli mureliku jutuga : « Jumal küll , sead on haiged , siga tuleb aedikust välja ja kukub pikali .
aedikus|Hirmustes sööb külakiige taga aedikus veisekari , üks pullihakatis rahutult edasi-tagasi jalutades , justkui kiigele pääseda igatsedes .
aedikutes|Teel tuppa jäi aedikutes ette mitmeid suuri ja väiksemaid penisid .
aedikus|Talvel saavad kängurud uudishimutsejatest puhata ja hüplevad rõõmsalt oma aedikus .
kodustaadionil|Viljandi Tulevik ei suutnud kodustaadionil enamat 0 : 0 viigist Pärnu Levadia vastu .
kodustaadionil|Kergejõustikuliit ütles juba eelmisel aastal välja mõtte , et kodustaadionil tuleb sini-must-valge alla välja tuua kõik parimad jõud , et viia nii nais- kui meeskond Euroopa esiliigasse ehk tugevate keskmike hulka .
kodustaadionil|Poola koondislane on ka varem Glasgow derbimängudel pahandustesse sattunud – 2006. aastal hoiatas politsei teda provotseerivate žestide eest Rangersi fännide suunas ja kevadel vehkis Boruc pärast Rangersi alistamist viimaste kodustaadionil lipuga , kus seisis , et Celtic on Šotimaa meister .
kodustaadionil|Noortele eftsee-valgalastele pole midagi ette heita , sest Flora meeskonnaga treenivad pallurid viibisid esmakordselt kodustaadionil .
kodustaadionil|Viimases voorus alistas Olympique kodustaadionil 42 000 pealtvaataja ees RC Lensi 3 : 1.
Skopjes|Makedoonia operatsiooni juhtiv Taani kindralmajor Gunnar Lange teatas varem Skopjes , et NATO erisaadik Peter Feith ja albaanlaste Rahvusliku Vabastusarmee poliitiline liider Ali Ahmeti saavutasid teisipäeval leppe sisside relvade loovutamise kõikide üksikasjade kohta .
Skopjest|Valitsusarmee vallutas hiljuti mai alguses sisside kätte läinud Vaksince ja seda ümbritsevad külad Skopjest 40 km kaugusel mägedes .
Skopjes|Klavan liitub koondisega Skopjes , kuhu lennatakse homme õhtul .
Skopjesse|Teiste hulgas lendas eile hommikul Moskvast Skopjesse ka Dmitri Kruglov .
Skopjesse|Sinisärgid jõudsid eile õhtul Skopjesse , kus ülehomme kohtutakse Makedooniaga .
jääpangal|Kui esimesed isakarud on juba mitu nädalat ringi mütanud , siis nüüd on platsis ka karunoorukid - üks neist tegi Ruhnu saare lähistel jääpangal sõitu , teine tuli Viljandimaal Tääksis taluõue revideerima .
jääpangalt|Nädalaid tagasi meedias palju elevust tekitanud karu , kes keset Liivi lahte triivivalt jääpangalt Ruhnu saarele sattus , on sinna meelitanud hulganisti Läti ajakirjanikke .
jääpangale|Möödunud kolmapäeval jäi Pärnu lahel triivivale jääpangale 105 kalameest , kelle piirivalve kaldale tõi .
jääpangal|Näost ei ole küll näha , et nad jääpangal mere poole triivides kartma oleks löönud .
jääpangalt|TALLINN , 9. veebruar ( EPLO ) - Esmaspäeval päästsid piirivalvurid Pärnu lahel maatuule tõttu lahtimurdunud ja triivima hakanud jääpangalt 24 merehätta jäänud kalameest .
Harrilt|Neid on siiski vähe , et midagi põhjalikumalt järeldada , kuid ehkki stiil osaliselt kattub Harri omaga , ei tule mõned väljendid Harrilt küll meelde , ei sobi nagu tema kõnepruuki .
Harril|"Ja järele mõelda on Harril praegu väga vaja ... """
Harris|Tellimuse saanud moelooja Gabby Harris tunnistab , et staarile meeldis tema töö väga – isegi sedavõrd , et Harris sai kohe ka uue tellimuse , needitud T-särgile Puffy näitlejast sõbratari Jennifer Lopezi tarvis .
Harris|""" Ma ei usu , et neid valmistasid ainult Harris ja Klebold , "" kinnitas ?"
Harrist|Harri tõrjus filmi esimeses otsas oma pealetükkivat assistenti Helenit ( Ksenja Agarkova ) , kes pärast väitis , et ei hooli Harrist kuigivõrd .
mänguminutil|Lantana parim viigistamisvõimalus tuli 32 . mänguminutil , kui Karin Danilicevase ilusa seinasöödu tagajärjel karistusalasse pääses ja seal Jazzi kaitse poolt maha niideti .
mänguminutil|Põhiturniiri viimane mäng viis rivist ameeriklasest ääre Donald Beachami , eile esimesel mänguminutil sai õlavigastuse leedulane Egidijus Mikalajunas .
mänguminutil|Esimese värava lõi ameeriklane Clint Mathis 24. mänguminutil .
mänguminutil|Issel kavatseb Sloanile kätte maksta selle eest , et too hoidis viimaselgi mänguminutil väljakul nelja algrivistuse meest , kuigi Utah oli kohtumise ammu võitnud .
mänguminutil|Seisult 0 : 1 lõi eestlaste viigivärava Svetlana Goloborodko 70. mänguminutil .
padjal|Linnuke sai nimeks Pluti , elas toas ja magas perenaise padjal .
patjadel|Mõne aja pärast , kui Mirja maalilises poosis patjadel lesis ja graatsiliselt teed rüüpas ning mees ta sängiveerel istus , sest põrandal oleks veelgi hullem olnud , küsis naine otse .
patjadele|""" Sa kuulsid , kuidas salongis lõi kell seitse ja vajusid jõuetuna patjadele ."
padjal|Liha on mahlakas ja tapenade1 maitsest läbi imbunud ning paikneb koores hautatud riivpeedi padjal .
padjas|Ivo lamas näoli padjas .
patareidel|Elektrikatkestuse järel töötab süsteem patareidel , kuid need annavad energiat vaid neljaks tunniks .
patareidest|Tehnoloogia- ja sidefirmad aitavad orkaanis Katrina kannatanuid kõigega alates patareidest kuni satelliit-internetiühendusega bussideni välja .
Patareisse|Samal päeval , kui esitasin hagi kohtusse , tõi kaitsepolitsei uurija Andrei Levin minu maki Patareisse .
Patareist|Teadaolevalt põgenes kurjategija Patareist viimati 1999. aasta suvel .
Patareis|Seal olid just sihukesed mehed , kes Patareis kilo suhkru eest suhu võtsid .
Tšehhis|Euroopa piinamisvastaste komitee kahtleb Tšehhis seksuaalkurjategijate ohjeldamisel kasutatava kastreerimise õiguslikkuses , kuna kurjategijatele pakutakse kastreerimise alternatiivina tähtajatut vangistust .
Tšehhis|Tšehhis kasvaksid sissetulekud 60% , Lätis 59% , Eestis 55% , Slovakkias 45% ja Poolas 35% .
Tšehhis|Algav valiktsükkel selgitab meeskonnad , kes osalevad 2001 . aasta EM-il Tšehhis .
Tšehhis|Tšehhis Plzenis kerkib 45 000 ruutmeetri suurune selvehall ning kolme samasugust plaanitakse veel .
Tšehhis|Ma tahan öelda , et kui me teeme täna otsuseid tarbimise kasuks , vaatamata sellele , et ma saan suurepäraselt aru kõikidest puudustest , siis ma tahan väita , et tõenäoliselt ei lähe meil paremini , kui läks Tšehhis , ja me oleme lihtsalt ühel hetkel 15% või 10% vaesemad kõik ühtemoodi , sealhulgas ka needsamad noored pered ja needsamad pensionärid .
ravimisest|Seal olid juures pildid , ühel neist ka penitsilliinipulbri pudelid ja süstlad , jutt selle juurde käis suguhaiguste oma tarkusega ravimisest .
ravimisele|Lõhmus lisas , et äsjane intressimäärade tõus aitab kaasa Eesti majanduse haigete kohtade ravimisele .
ravimisest|Iluravi kõrval unistavad nad ka nõeltega ravimisest .
ravimisele|Poole aasta jooksul on Haabersti linnaosa valitsus Lihotopi hobuste ravimisele ja ülalpidamisele Nancy ratsaspordiklubi tallis kulutanud ligi 30 000 krooni .
ravimisele|Ja seda me ei oska öelda , kas haigekassa suunab rohkem raviraha haigete ravimisele .
proual|USA praeguse presidendi proual Laura Bushil sündisid kaksiktütred Jenna ja Barbara tänu intensiivsele viljatusravile , seisab värskes elulooraamatus , mille autor on Roland Kessler .
prouale|Naftoli aga ostis prouale ilusad mustad prillid .
prouale|Ma laon oma asjad kotti ja ulatan prouale .
prouale|Võimud pakkusid prouale head asendusmaad või hüvitust , mis mitmekordselt korvas hoonete ja aia hinna .
prouas|Kohati välgatab naerusuises prouas kratilikku kelmi plikat , mis lubaks oletada , et päris täiskasvanuks pole ta end kunagi pidanud .
Põllumajandusülikoolis|Kokku viis neid just tants , kuigi esimene õpib Eesti Põllumajandusülikoolis põllumajanduse ökonoomikat ja ettevõtlust ning teine Tartu Ülikoolis rahvamajandust .
põllumajandusülikoolil|Ühtlasi palub minister põllumajandusülikoolil nimetada 10. oktoobriks oma kaks esindajat haridusministeeriumi juurde loodavasse Tartu kõrghariduse arengu töörühma .
Põllumajandusülikoolis|Eesti Põllumajandusülikoolis lõppes paberite vastuvõtt 407 riigieelarvelisele kohale 10. juulil .
Põllumajandusülikoolis|Veidi hiljem käis ta praeguses Eesti Põllumajandusülikoolis majanduse tunde saamas ning töötas mitukümmend aastat erinevates maakonnalehtedes ajakirjaniku ja fotograafina .
Põllumajandusülikoolis|Kuna Põllumajandusülikoolis õpivad peamiselt maapiirkondadest pärit noored , kes hiljem ka maale tööle siirduvad , on ülikooli tegevus vaadeldav samuti regionaalpoliitilises kontekstis .
Liivimaal|Õunapuude istutamine alleena maanteede äärde oli Liivimaal läinud ja ülemöödunud sajandil levinud komme .
Liivimaal|18. sajandi lõpul pani Loddigeri kirikumõisas Liivimaal sündinud ning hiljem arstiteadust tudeerinud Garlieb Merkel 1798. aastal eestlastele üldisema diagnoosi : võrreldes meie rahva minevikku ja tulevikku üleüldisemas plaanis , tegi Merkel kaugeleulatuvaid järeldusi maarahva loomuomaduste kohta .
Liivimaal|Sellest , mis juhtus Liivimaal lõuna pool Tartut , esitab kroonik värvika kirjelduse .
Liivimaale|Kaupmeestega ühes saatis Breemeni linna piiskop ka ühe vaga munga Meinhard nimi , Liivimaale , et see liivlastele peaks ristiusku kuulutama .
Liivimaale|Liivimaale pretendeerivad peale Venemaa veel Poola , Rootsi ja Taani .
saginas|Kasutada seda , mida tema mulle üle kümne aasta tagasi rääkis , valimiseelses saginas , olnuks puhas alatus .
saginas|Alles hiljem avastati , et üldkäidavatesse ruumidesse jäetud esemetest on osa selles saginas kaduma läinud .
saginas|""" Kui vahepeal unustasin saginas ära , et midagi viga on , siis äkki tuli iil külma õhku ja nii valus oli : "" rääkis Aleksejev ."
saginas|Siis kõndis mees rahulikult minema ja kadus Kuala Lumpuri aastavahetuse saginas Sungei Wangi kaubanduskeskuses rahva hulka .
saginast|Tiitlikaitsjate lootused surmas Marko Tuomainen , kes väravaesisest saginast litri üle jääl lebava Lillehammeri olümpiasangari tõstis .
klassiruumis|Pool õppusest käib aga klassiruumis , kus tutvutakse füüsika põhitõdedega ning analüüsitakse liiklusõnnetusi .
klassiruumidest|Õpetajad sõltuvad klassiruumidest - mõnes on arvuti kasutamise võimalus olemas , mõnes mitte .
klassiruumis|Friseerimine oleks nagu toimunud otse klassiruumis , frisöörist eksekuutor sealsamas skalpeerimas .
klassiruumis|Tartu sanatoorses koolis õpivad ühes klassiruumis 1.-5.klassi autistlike kalduvustega lapsed .
klassiruumides|Vahva päev lõppes hubastes klassiruumides , kus jõuluehtes kuusepuude all ootasid väikesi päkapikke maiustustepakid .
erikoolidele|Haridusministri nõunik Sirje Priimägi lubas , et ministeerium toetab tulevikus alaealiste õigusrikkujate andmebaasi ja avatud noortekeskuste loomist ning pöörab rohkem tähelepanu erikoolidele .
erikoolis|Saarva on varem karistust kandud Maardu vanglas ning õppinud Puiatu erikoolis .
erikoolides|Alternatiiviks on tihti kodust kaugel asuvad erikoolid , mis ei anna aga ühiskonnas hakkama saamise kogemust , sest erikoolides kohtuvad kurdid kurtidega , pimedad pimedatega jne.
erikoolist|VILJANDI , 2. oktoober ( EPLO ) - Puiatu erikoolist põgenenud poiss rüüstas teisipäeva öösel Päril kuut autot ja ärandas järgmisel ööl samast külast ühe sõiduki , kirjutab Sakala .
erikoolist|Elu näitab , et erikoolist tulnud noorel pole oma elu normaalseks korraldamiseks oskusi ning neil pole selleks ka kusagilt tuge loota .
reisibüroost|Jõgevamaale oma kaaslase peksmise eest kätte maksma sõitnud noortekamp tellis selleks reisibüroost suure bussi ja jäi kohapeal politseile vahele .
reisibüroost|Jõgeva politseikonstaabli Ain Uustali teada tellisid noorukid 50kohalise Scania bussi Tartu ühest reisibüroost .
reisibüroost|Ühekordne Ukraina viisa maksab 30 USA dollarit , seda saab kas reisibüroost või saatkonnast .
reisibüroosse|"Anname küsijaile majutusasutuste nimekirja või saadame nad mõnda reisibüroosse , "" rääkis majutusmurelistest Kadri Tallinna turismiinfokeskusest ."
reisibüroost|Uurisin mõlemast Raekoja platsil asuvast reisibüroost järele ning sain teada , et neil läheb viisa vormistamiseks kaks tööpäeva .
sektsioonides|Tähtsas tööstus- ja teaduskeskuses Vareses asub Euroopa Liidu finantseeritav kool , kus eri sektsioonides itaalia , saksa , inglise õpivad siinsete välismaalaste lapsed .
sektsioonis|Šubina , kelle abikaasa asus allveelaeva teises sektsioonis ja hukkus tõenäoliselt avarii esimestel hetkedel , avaldas kahtlust selles osas , et Kurskil tegelikult juhtunu kunagi päevavalgele tuleb .
sektsioonides|Tema teekond kulges sektsioonide paremal poolel , vett ta nendes sektsioonides ei näinud .
sektsioonides|Laeva langemist merepõhja 25kraadise nurga all põhjendas admiral sellega , et ellujäänud meeskonnaliikmed üritasid veest vabades sektsioonides ballasttanke käsitsi läbi puhuda , kulutades selleks viimased õhuvarud .
sektsioonides|Töö käib sektsioonides - naised ühte , mehed teise , nudistid kolmandasse ja pered neljandasse randa .
randmest|Ning siis võttis habras käsi taas Leibi randmest kinni , mingi eesriie lükati kõrvale ja selgus , et slle taga on veel üks väiksem ruum , ning koguni kaetud lauaga .
randmele|Mullu tätoveeris Victoria parema käe randmele rooma numbritega kuupäeva 8.05.1997.
randmesse|"Voolikud käisid randmesse sisse-välja , "" selgitab Laansoo , kelle hääl kõlab palju lootusrikkamalt kui kuu ega tagasi ."
randmeil|Ajakirja People andmeil rippus näitlejatari randmeil rohkem kui 100 karaadi väärtuses briljantkäevõrusid , samuti kandis ta 13karaadist briljantsõrmust ning valgete pärlite ja briljantidega ripatskõrvarõngaid .
randmest|Littlejohn haaras Upshottil randmest ja painutas sõrmed tahapoole , mees karjatas valust .
taliolümpial|Norra kiiruisutaja Johann Olav Kossi sõnul satuvad tema maailamrekordid Nagano taliolümpial tõsisesse ohtu .
Taliolümpial|Taliolümpial on vanimana võistelnud 53 aastat ja 328 päeva vana inglane James Coates - skeletonis St Moritzis 1948.
taliolümpial|Nagano taliolümpial Eesti murdmaasuuatamise läbi aegade kõrgeima koha - kuuenda - välja sõitnud Jaak Mae on viirushaigusest paranenud .
taliolümpial|Startinud kuuel taliolümpial ( 1980 - 1998 ) ja võitnud kuus pronksmedalit : viis 4x10 km teatesuusatamises ( 1980 , 1984 , 1992 , 1994 , 1998 ) ja ühe 15 km ( 1984 ) .
taliolümpial|Nagano taliolümpial purunesid mitmed kinnistunud tõekspidamised : eestlased suudavad suusatada , põhjaameeriklased lõid küll jäähoki tippliiga , kuid ei valitse seda maailma , isegi curling tõmbab pealtvaatajaid , Katrin võib olla Kristinast andekam , Hollandi kiiruisutajad on haavatavad jne .
Tehnikaülikoolil|Sellest lähtuvalt ongi põhjendatud , et Tartu Ülikooli selle aasta eelarves on sõidusoodustuste summa suurenenud , Tehnikaülikoolil vähenenud .
tehnikaülikoolis|Rektori valimised korraldab tehnikaülikoolis valimiskomisjon , mille esimees on ehitusteaduskonna dekaan professor Karl Õiger .
tehnikaülikoolis|Seda , et eesti mehed pole nannipunnid , näitas tema arvates suurepäraselt tänavune tudengite rammumehevõistlus , kus võitjaga kõrvuti üritasid tiitlit napsata kuus tehnikaülikoolis õppivat noormeest .
tehnikaülikoolis|""" Lehes ilmuvad uudised , esimeses numbris näiteks see , mis toimus vaheajal , samuti tulevased sündmused ja persoonilugu , "" selgitab lehe üks neljast aktiivsest tegijast Anti Palmi , kes ise õpib Tallinna tehnikaülikoolis ."
tehnikaülikoolis|Ta on omandanud magistrikraadi Suurbritannia Cambridge'i ülikoolis ja saanud lõpudiplomi Tallinna tehnikaülikoolis tööstuse planeerimise erialal , mille lõpetas  cum laude  .
väljaõppele|Kaitseväe juhataja käskkirjaga läks Brus 15. novembril esmalt rahuoperatsioonide keskusesse missioonieelsele väljaõppele , mille järel siirdub pooleks aastaks Iraaki .
väljaõppes|Eli relvasimulaatoreid kasutavad oma väljaõppes Tšehhi , Läti ja Soome sõdurid .
väljaõppel|Kogu skandaali vältel USAs väljaõppel viibinud Andres ( Andrei ) Ambros pole juhtunut avalikult kommenteerinud .
väljaõppele|Veel nädal enne väljasõitu missioonieelsele väljaõppele puudus oktoobris Bosnias teenistust alustavatel Eesti rahuvalvesõduritel elukindlustus , kuid tänaseks on see siiski olemas .
väljaõppest|Arstide õpetus koosneb veel täiendusõppest , lisakoolitusest ja muust koolitusest , aga meie räägime arstide , see tähendab tulevaste arstide diplomieelsest väljaõppest .
linnarahvale|Tallinn korraldab Estonia kontserdisaalis linnarahvale tasuta jõulukontserdi , millel antakse ühtlasi tänukirjad linna selle aasta kuld- ja hõbesponsoritele .
linnarahvale|TALLINN , 1. aprill ( EPLO ) - Kaitsevägi näitab laupäeval Tallinnas Vabaduse väljakul seoses Eesti NATOsse astumisega linnarahvale relvastust ja varustust , esinevad orkestrid ja ansamblid .
linnarahvale|Miks ei ole eelmine linnavalitsus ja volikogu seda linnarahvale teadvustanud ?
Linnarahvast|Linnarahvast kaesid üritust vaid paar-kolm arglikku möödakäijat .
linnarahvalt|Lähiaastatel kogub veefirma senisest suurema summa linnarahvalt : nelja-viie aasta pärast maksavad ka elanikud ühe puhta ja heitvee kantmeetri eest kokku 20 krooni , nagu maksavad praegu ettevõtted .
peksmisele|- Politsei sattus peale tõsisele peksmisele .
peksmisest|Daily Mirror kirjutas eile , et sõdur jutustas sõjaväepolitseile üksikasjalikult Iraagis pealt nähtud vangide peksmisest ning esitas ka peksjate nimed ja auastmed .
peksmisest|Lastehaigla arstid teatasid peksmisest noorsoopolitseile .
peksmises|Direktorit peksmises süüdistavad poisid ei teadnud öelda , kust jookseb piir , millest õpetaja ei tohiks korda rikkuvaid õpilasi talitsedes üle minna .
peksmises|Politsei pidas peksmises kahtlustatavana kinni töötu Ilja ( s. 1982 ) .
rahvusooperis|Tamperes sündinud laulja alustas Soome rahvusooperis aastal 1972.
Rahvusooperis|"Carl Orffi ooper "" Tark naine "" esietendus Rahvusooperis 14. detsembril Neeme Kuninga lavastuses ja sai väga hea vastuvõtu osaliseks nii publiku kui kriitikute poolt ."
rahvusooperist|Solistidena esinevad Pirjo Levandi ja Villu Valdmaa rahvusooperist .
Rahvusooperis|Töötab Soome Rahvusooperis kontsertmeistrina .
rahvusooperis|Nii ei saagi isegi olnud aegade baritonide põlistajad ja teemas sees olijad teada , et kusagil Viini rahvusooperis laulab näiteks Ain Anger just täna õhtul hästi salaja peaosa .
Messikeskuses|Kölni modernses ja gigantses Messikeskuses osales seekord 668 erinevat firmat ja organisatsiooni 23 riigist .
messikeskuses|IX Tallinna toidumess algab homme Eesti Näituste messikeskuses ja kestab reedeni .
Messikeskuses|Neljapäeval algab Tallinnas Eesti Näituste Messikeskuses turismimess Tourest 97 , mille avab peaminister Mart Siimann .
messikeskuses|Paar tundi enne õnnetust viibis messikeskuses vähemalt 2000 inimest , kuid varingu ajal oli seal umbes 500 inimest .
messikeskuses|Näituse “ Ahhaa , putukad ! ” avame Tartu messikeskuses 22. mail .
ühistranspordis|Tallinna Põhja politsei uurib ühistranspordis piletita reisijat seksuaalselt ahistanud piletikontrolöride käitumist , ametkondliku juurdluse juhtunu kohta on algatanud ka transpordiamet .
ühistranspordis|Tallinna ühistranspordis kehtivad lastele ühesugused soodustused , hoolimata sellest , millises Eesti otsas laps elab .
ühistranspordis|Kui ühistranspordis ja suurtes kauplustes kukub vahele ka üksiküritajaid , siis kesklinnas on piirid paigas .
ühistranspordis|Veebruarist Tallinna ühistranspordis tunnipileti kasutuselevõttu üritanud linnavalitsus püstitas uueks tähtajaks jaanipäeva .
ühistranspordist|Iga päev tabasid kontrollid ühistranspordist 4-5 võltsitud piletiga tegelast .
taanlastelt|Balti klubi kutsel käis Taanis ka invaettevõtte Händikäpp Imidzh juht Tanel Joost , kes sai oma firma rajamiseks taanlastelt innustust ja emotsionaalset tuge .
taanlasele|Velt kaotas võitjale , taanlasele Kim Jensenile 5,5 sekundit , teatas motorsport.ee.
taanlastele|""" See loomulikult ei välista , et me õigusabipalve hiljem saame ja taanlastele abi osutame , "" lisas ülemkomissar ."
taanlasele|Euroopa Liidu asjad ei lähe taanlasele kuigi palju korda - seda tunnistasid Taani ajakirjanikud ja see hakkas silma ka uudistest .
Taanlasele|Taanlasele meenub euroliit siis , kui on vaja minna referendumile hääletama mõnd lepingut või euroraha .
riigieksamile|Ettevalmistuskursustel valmistasid TPÜ õppejõud riigieksamile minejaid ette kirjandi kirjutamiseks ning inglise keele ja ajaloo eksamiks .
riigieksamil|Tänavu üks õpilane kukkus matemaatika riigieksamil läbi .
riigieksamitesse|Enamik abiturientidest suhtus riigieksamitesse hästi : pärast ei tule enam teist korda pabistada .
riigieksamitel|Kui põhiteadmiste puudumine selgub alles riigieksamitel , siis sulguvad automaatselt kõrgkooli uksed ning ahenevad tulevikuväljavaated .
riigieksamitel|Traditsiooniliselt said riigieksamitel parimad punktid linna- ja eliitkoolide õpilased ( vt ka  )
söögikohtades|Mõlemad on ühtviisi ülimaitsvad ja asjatundjast kolleegi hinnangul nii head spinatit kuskil mujal Eesti söögikohtades ei pakuta .
söögikohtades|Terve nädala einestasin ainult kõige peenemates söögikohtades .
söögikohas|On teada , et ta lustis ööklubis Hollywood ja vahetult enne kojuminekut käis kogu ööpäev avatud söögikohas Tommi Grill , mis asub omaaegse ajakirjandusmaja taga .
söögikohast|Pilk sellele kohale on liigutav seni , kuni ma ei märka söögikohast kõigest paarikümne meetri kaugusel asetsevat kõrgist .
söögikohast|Rõõmus oranžides toonides söögisaal , pikad laia toiduvaliku ja mugava iseteenindusega toiduletid jätavad söögikohast sümpaatse mulje .
puudelt|Sajab vihma , tuul möirgab ning rebib puudelt oksi .
Puudele|Puudele ilmuvad uued pungad , muru läheb taas roheliseks , kuid sinu pea jääb kiilaks ning valgeks - seal ei tärka enam midagi .
puudest|Nende puudest hävis üle 50% ( kuni 67% ) .
puudele|1,5 aastat tagasi tegi Soome firma Bäckström AB linna tellimusel Kaarli puiestee puudele resistograafiauuringu .
puudest|Meile on ehk siinkohal kõige huvipakkuvam kombeid ja seadusi sätestavas Moosese 3. raamatus ( 23 : 40 ) toodud õpetus , kuidas pidulikult tähistada lõikuspüha : “ /---/ võtke endile puuvilja ihaldusväärsetest puudest , palmioksi ja oksi leherikastelt puudelt ja jõepajudelt ”
teabes|Keskerakond pisendab venekeelsele valijale suunatud teabes maride probleeme ning kõrvutab jälle marisid Eestis elavate venelastega .
teabele|Kui üldkasutatava andmesidevõrgu kaudu avalikustatud teabele soovib juurdepääsu rohkem isikuid , kui raamatukogu jõuab teenindada , on raamatukogu kohustatud korraldama soovijate eelregistreerimise .
teabest|Huvitatud poolte antud teabest nähtub , et pärast fooliumi lõõmutamist ei saa rullide laiust muuta .
teabest|Politsei peadirektori käitumise iseloomustamiseks on kõige parem meenutada tema eelmise nädala sõnu , kui ta enda käes olnud teabest hoolimata teatas , et tegu on kahetsusväärse üksikjuhtumiga .
teabest|Seejuures selgub Mardna sõnul ajakirjanduses avaldatud teabest , et parima pakkujaga sõlmitav leping on EEA nõudel seotud lisatingimustega .
sisemaal|Surnukehade ülestoomist nõuavad peamiselt sisemaal elavad rootslased , vastu on rannikuinimesed .
sisemaal|Liibanoni sisemaal asuvad Iisraeli sõdurid on viimasel ajal hakanud kurtme toidu- ja joogiveepuuduse üle .
sisemaal|On normaalne , et sisemaal hakkab veekogudelt jää ära minema 10. aprilli paiku . ”
sisemaal|Lõuna maksu- ja tollikeskuse juhataja asetäitja Johannes Männiste sõnul teevad liikuvad rühmad salakauba avastamise eesmärgil kontrolli ka sisemaal või piiri vahetus läheduses .
sisemaale|Matsalu rahvuspargi spetsialist Eve Mägi oletas , et osa kevadekuulutajaid talvitus kas linnas või kaugemal avamerel ja kui ilm läks soojaks , liikusid sisemaale pesitsuspaiku ja söögikohti uurima .
muulastelt|Suuremad punktisaajad olid veel judokas Aleksei Budõlin , keda mitte-eestlased asetasid paremuselt neljandale positsioonile , ja mais come backi teinud telestaar Urmas Ott , kes samuti kogus toetushääli eeskätt muulastelt .
muulastele|Normaalseks teeks mitte-etnilistele muulastele on integreerumine .
muulastel|Juba sõlmitud riikidevahelised lepingud võimaldavad Eestis elanud ja siin pensioni välja teeninud muulastel Eestis välja teenitud pensioniga vanaduspõlv sünnimaal veeta .
muulastest|Võinuks uuesti ära trükkida sootuks värskema 26. juuli 2000 numbri , kus kenasti kirjas , et juba 75percent ; muulastest peavad jõulusid eestlastega ühel ajal.
muulastel|Opositsioonil on tuline õigus , et seadusemuudatused ei aita muulastel kuidagi integreeruda Eesti ühiskonda .
staabis|Bagdadis asuvas koalitsioonivägede baasis Camp Victory's teeninud major Reimann täitis ülesandeid Iraagi koalitsioonijõudude ( Multinational Force-Iraq , MNF-I ) staabis ning ühtlasi tegutses ka kontingendi vanemana .
staabis|Enne õhujõudude komandöriks määramist mullu septembris õppis ta USA õhujõudude Alabama kolledžis , kus sai magistrikraadi , seejärel teenis lühikest aega NATO staabis Leedus .
Staapidel|Staapidel tuli ühiselt vastu astuda kahele rünnakule .
staabist|Rooma , Napoli ja Lõuna-Itaalia jääb selle reisi käigus nägemata , kuid ka Milano staabist on valida mida iganes : paari-kolmetunnise rongisõidu kaugusele jäävad Jeesuse surilina poolest kuulus Torino , Šveitsi piiri ääres paiknev Como , maailmakirjandusse raiutud Parma ja Euroopa vanima linnaarhitektuuriga Genova .
staabist|Tapja poeg , kaitseliidust välja heidetud  O. Övel  aga varastas veel samal kuul malevkonna staabist relva .
luurele|/  Meie õppeprogramm on avatud kõigile ning seal pole midagi , mis kuidagi viitaks luurele .
luuresse|Sellised , kui nad luuresse satuvadki , ei tööta seal kaua .
luurel|Tehke endal siin olemine mõnusaks , ma käin vahepeal luurel ja vaatan , mida miilitsad teevad ja kus nad on .
luurel|Kui mõni aasta tagasi koos Reet Tobrega Venemaal luurel olnud kaitseliitlane vahele jäi , õpetasid meie eriteenistujad , et ega nendest asjadest siis avalikult räägita .
luurele|Praegu Château Palmeri veel Eestis pole , aga see eest on luurele tulnud tema vähemad vennad Réserve du Général ( 1997 ) ja Alter Ego ( 1998 ) .
jätkumisel|Selle põhjuseks tundub olevat Nazarbajevi kartus , et kiire erastamisprotsessi jätkumisel kuhjub enamik nafta- ja gaasiettevõtetest üksikute suurte korporatsioonide kätte .
jätkumises|Kolmandaks mängib vana korralduse jätkumises oma rolli ka osa ametnike hulgas visalt püsiv usk sissekirjutuse kui elukoha juriidilise fikseeringu ainumõeldavusse .
jätkumisele|"ei puutu , "" viitas ta remondi jätkumisele ."
jätkumisest|Surnutega võitluse jätkumisest annavad aga märku Narva-Jõesuu teeveeres seisvad rüüstatud saksa kalmistud , murtud ristid ja avatud hauad .
jätkumisel|Siiani on finantskonto ülejääk tasakaalustanud kogu maksebilansi , kuid samas näitab maksebilansi dünaamika , et seniste tendentside jätkumisel tekib ka maksebilansi defitsiit .
rivaalile|Djukanovic pakkus presidendivalimiste kordamise asemel Bulatovicile kompromissina ennetähtaegseid parlamendivalimisi , kuid sellest rivaalile ei piisanud .
rivaalidel|Kui riigis loevad hääli ainult ÜRO töötajad , ei õnnestu kohalikel rivaalidel tulemusi enda kasuks pöörata .
rivaalidest|“ Ei mõista , miks enamikul rivaalidest võtab edu saavutamine juunioride klassist väljakasvamise järel nii palju aastaid , ” arutleb karjääri hakul end kuulsa norralase Bjørn Dæhlie'ga võrrelnud Elofsson .
rivaalidele|Seevastu sageli aeglase algusega rivaalidele sekundeid loovutanud Mae kavatseb startida täiskiirusel .
rivaalidele|Floridas andis Litovtšenko ujumisega rivaalidele kümme minutit ette .
finantseerimisel|Minule on saabunud arupärimine Riigikogu liikme Arvo Sirendi poolt ja arupärimise tekst on järgmine : “ Teadus- ja arendustegevuse finantseerimisel jätkub segadus , mida ajuti on reformidega seletatud ja kohati reformiks nimetatudki .
finantseerimisele|Kui õpe toimub väljaspool riiklikku õppekava , kui lapsevanemad , kooli hoolekogu ja ka lapsed leiavad , et tunnid peaksid toimuma rohkemates rühmades , näiteks kui klass annaks riikliku õppekava tunnijaotusplaani järgi välja kaks rühma , aga otsustatakse teha kolm rühma , siis see kolmas rühm ei kuulu enam riikliku õppekava sees finantseerimisele .
finantseerimisel|Ministeerium ei lähtu maakondade finantseerimisel kuude kaupa finantseerimisest , vaid õpilaskoha maksumusest , mis on kinnitatud ühe õpilase kohta aastas .
finantseerimises|NATO sõjalise komitee esimees kindral Harald Kujat rõhutas järjepidevuse tähtsust nii finantseerimises , kaitseväe restruktureerimises kui sõjalise väljaõppe andmisel .
finantseerimisele|Riigi tasandil kuuluksid aga kohustuslikult finantseerimisele vaimuhaiged , keda kohus on saatnud Tallinna Psühhiaatria Haiglasse , rahva keeles tuntud Seevaldisse või Jämejala Psühhiaatria Haiglasse .
kabinetiistungil|Eelmisel nädalal valisid ministrid kabinetiistungil ligi 60 taotlusest välja Kiviõli Õlitööstuse projekti poolkoksi käitlemiseks mullaparanduseks ning merepõhja süvendamise kinnikasvamise vältimiseks Kihnu sadamas ja Haapsalu Tagalahes , kirjutab Äripäev .
kabinetiistungile|Majandusminister  Andres Lipstoki  ettepanekul lükkas valitsus riigiettevõtte Eesti Kütus haldusnõukogu koosseisu kinnitamise neljapäevasele kabinetiistungile .
kabinetiistungil|Eesti valitsuse asendusliige tulevikukonvendis Henrik Hololei ütles BNSile , et valitsus arutas teisipäevasel kabinetiistungil suhtumist EL-i institutsioonide reformi ega pooldanud Euroopa Ülemkogu presidendi ning Euroopa Parlamendi valitava Euroopa Komisjoni presidendi ametikoha sisseseadmist .
kabinetiistungil|Valitsus käsitles teisipäevasel kabinetiistungil Läänemaa elektri hinda eraldi , sest erinevalt ASist Narva Elektrivõrgud on Fortumil vähe suurtarbijaid ning kannatavad ennekõike maakonna elanikud , ütles Alajõe .
kabinetiistungil|""" Kohtuminister kinnitas valitsusele , et Briti-Iiri lepe jõustus ja et valitsus on kohe pärast seda kohustatud tagama , et muudatused Iiri põhiseadusse hakkaksid nõuetekohaselt kehtima , "" ütles peaminister Bertie Ahern kabinetiistungil , mille kandis üle Iiri televisioon ."
kuluaarides|Tulemus ületab küll analüütikute ennustatud kaheksasendist kasumit , kuid kui aluseks võtta kuluaarides ringelnud 11-12 sendi ootus , siis üllatusmomenti tegelikult ei ole .
kuluaarides|Washingtoni välispoliitilistes kuluaarides on pikka aega levinud arvamus , et ameeriklased tulevad vastu sakslaste soovile rajada Kesk-Euroopasse Poolast , Tshehhist ja Ungarist koosnev sanitaartsoon .
kuluaarides|Ilmselt ei olnud kõik ühiskondlikud organisatsioonid sinna kaasa tõmmatud , sellele juhtis ka väga austatud härra Made enne mu tähelepanu kuluaarides .
kuluaarides|Tookord said selles kaunis linnas kokku kõik kolm reformimeelset vabadusliikumist , võeti vastu sellel perioodil väga tähtsad dokumendid , kolme liikumise juhid aga kirjutasid kuluaarides alla kavatsuste eriprotokolli , mille ühes paragrahvis räägitakse rõhutatult sellest , mille poole peavad kolm taasiseseisvunud riiki pürgima : a ) looma Balti ühisturu ; b ) looma ühise Balti majanduskoostöö ja krediteerimise süsteemi ; c ) loobuma majanduslikust konfrontatsioonist riiklikul tasandil ; d ) looma ühise informatsioonisüsteemi .
kuluaarides|Carmen Kass on Paidest pärit jõukas tippmodell , kes kuluaarides kannab hüüdnime Carmen Cash ( inglise keeles ?
töölaual|Veel on Tshulitski töölaual lahti vene meediamagnaadi poja Marian Haitovi tapmine ning kõmulise Tallinna ärinaise abikaasa Lembit Aru mõrv .
töölauale|Riigikohtu kriminaalkolleegiumi töölauale on jõudnud Toomas Tiigi kaitsja Anti Aasmaa kassatsioonikaebus , milles soovitakse , et kohus tühistaks selle aasta märtsis Viru ringkonnakohtus langetatud otsuse Tiigi sõiduauto konfiskeerimise kohta .
töölaudadele|Kuigi “ oma asjadega ” tegeles meist kõige enam just tema ise , sest me nägime teda järjest harvem , keskmiselt vist kolm-neli korda kuu jooksul – ülejäänu aja oli ta lennus ( kusagil , mingi tähtsal lähetusel , tihti justkui teisel planeedil ) , nii et küllalt tihti piirdusid minu ja mu kolleegide kontaktid oma direktoriga vaid pikkade nimekirjadega , mis olid ilmunud me hommikustele töölaudadele .
töölauale|Ka ei saaks läbi täiustatud projitseerimissüsteemideta , mis looksid ümbritsevast loomutruu pildi , samuti puutesimulaatorite ( et inimesed ja objektid tunduksid virtuaalruumis ka katsudes tõelistena ) ja superarvutiteta , mis võimsusele vaatamata ikka töölauale ära mahuksid .
töölauale|Aseta töölauale ja pane tossama .
kontrollmängudes|""" Siiski on ülikõva koosseisu kokku kogunud CSKA esinenud seni kontrollmängudes ülivõimsalt ."
kontrollmängus|Saksamaa kaotas kontrollmängus Kreekale 87 : 94.
kontrollmängus|Saatuse tahtel kaotasid taanlased 28. mail toimunud referendumipäeval MM kontrollmängus Rootsile , kuid säilitasid oma täisväärtusliku koha Euroopa Liidus .
kontrollmängus|Võrkpalli MMvõistluste valikmängudeks valmistuv Eesti meeskond alistas laupäeval esimeses kontrollmängus Salos Lõuna-Soome klubide koondise 3 : 0.
kontrollmängus|""" Teisipäevases kontrollmängus viskasin Avitose vastu mõne korvigi ."
sekretäris|Optiva Panga juhatuse sekretäris Jana Zeigeris , 21 , elab justkui kaks inimest .
sekretärilt|Tööleht küsis viieteistkümnelt Eesti sekretärilt , kui palju nemad kuus teenivad .
sekretäridele|Ta on kirjutanud sekretäridele õpetussõnu , kuidas side- ja mõttekriipsu kasutada .
sekretärile|Ajalehe andmeil hakkas Tukumsis elav nõid kõrge vererõhu ja südamevaevuste all kannatava valitsusjuhi tervise pärast tõsiselt muret tundma ja helistas tema sekretärile .
sekretärile|“ Võtsin kätte ja helistasin presidendi sekretärile , kes mind presidendiga ühendas .
skeemile|Nagu paljud teisedki analüüsijad , ei suutnud me hoiduda kiusatusest kontrollida , kas elektrooniliselt saadetud kummituslood kummitusmajadest alluvad W. Labovi pakutud narratiivi strukturaalsele skeemile ( 1972 ) .
Skeemilt|Skeemilt näeme , et 20. sajandi lõpu perepärimuses on hästi teada 20. sajandi inimesed ja nende kodu .
skeemis|Iga teos ja autor või ajalooperioodki kujutab selles skeemis siis vaid enam või vähem õnnestunud katset jõuda tolle täiusliku lõppseisundini .
skeemilt|Alaves läks tagasihoidlikult skeemilt 5-4-1 üle 4-4-2-le .
skeemile|Aga kui sellele skeemile vastu hakkad , oled kohe väga paha .
lihastel|Miks mitte muretseda ortopeedilist patja , mis annab magamiseks mugavama asendi ja laseb lihastel paremini lõõgastuda .
lihasesse|The New York Timesi 7. juuli kahest pikemast artiklist loeme , et salmonellabakter põhjustab aastas üle 4000 surmajuhtumi ja viie miljoni inimese haigestumise , ning et E-kolibakter , mis lihasesse sattunud määrdumisest väljaheidetega , põhjustas 1993. aastal USA läänerannikul mitme lapse surma ja sadade täiskasvanute haigestumisi ühe kiirsööklateketi pooltooreste hamburgerite söömisest .
lihases|Esmalt eraldati cDNA , mis on olemas südames , kuid puudub glükolüütilises lihases m.
lihastele|Võib endale ükstapuha mida sisendada , aga koos kasuga lihastele teeb pulber paratamatult kahju organismile .
lihastes|Venitust tunned vastaspoolse külje lihastes .
advokaadibüroost|Urge Roadi ja Treptenit esindav jurist Annika Murulaid advokaadibüroost Concordia ütles Luubile , et kindlustusfirma kasutab venitamistaktikat .
advokaadibüroole|"Vandeadvokaat Andres Hallmägi ütles , et majandusaruannetega tutvumise aeglus nende advokaadibüroole probleeme ei valmista : "" Selle majandusinfoga , mis ettevõtted äriregistrile esitavad , pole meil niikuinii suurt midagi peale hakata . """
advokaadibüroost|Olen oma kliendist Giovanni Sposatost aga aru saanud nii , et kohtusse kavatseb ta siiski kindlasti minna , ” tunnistab Aivar Pihlak advokaadibüroost Legalia .
advokaadibüroole|Tallinna ringkonnakohtu tsiviilkolleegiumi hinnangul ei õigusta Krinali ebaseaduslikke ja alusetuid väljamakseid advokaadibüroole mitte miski .
advokaadibüroos|Olukorda ei muuda ka see , et büroost või töötajalt ei või ära võtta õigusteenust osutades saadud teabekandjaid , kuna kõik , mis toimub advokaadibüroos ei ole õigusteenuse osutamine .
hoiatusest|95% saab hoiatusest aru .
hoiatustele|Eesti suuremaid tarkvaramüüjaid koondava BSA Eesti Komitee tegevuse koordinaatori Erik Mandre sõnul edastatakse juhul , kui piraat jätkab oma tegevust vaatamata hoiatustele , tema andmed politseile , kes hangib tõendusmaterjali äsja lepingu allkirjastanud ISP-idelt .
hoiatustest|Kreeka välisministri Theodoros Pangalose sõnul olevat Öcalan saanud 2. veebruaril peatuspaiga Kreeka saatkonnas Keenias , kuid lahkunud sealt esmaspäeval kreeklaste hoiatustest hoolimata .
hoiatusest|Hoolimata USA hoiatusest , katsetas India eile hommikul keskmaaraketti Agni II , seda täpselt 11 kuud pärast rahvusvahelist skandaali tekitanud tuumakatsetusi .
hoiatusele|NCISi hoiatusele eelnes seitsme miljardi dollari suurune rahapesuskandaal , millesse oli segatud New Yorgi Pank ( Bank of New York ) ning mille keskmes olid  Peter Berlin  ja  Lucy Edwards  Londonist .
Torontos|New Jersey 100 : 93 Torontos peetud võidumängus ei lastud Carteril kordagi palli pealt korvi suruda .
Torontosse|Kolm aastat tagasi kolis keskus Stockholmist Torontosse .
Torontos|Sedakorda leidis tulistamine aset Torontos 1.000 õpilasega Emery kooli parkimisplatsil lumetuisuse ilmaga .
Torontole|Philadelphias jäi idakonverentsis esimesena asetatud Sixers alla Torontole 93 : 96.
Torontos|""" Naked News "" alustas 1999. aasta detsembris Torontos ajalehe National Post juures ."
tugitoolist|Tõusin tugitoolist ning astusin sammu lauale lähemale .
tugitoolides|Nad istusid väikese ümmarguse laua taga pehmetes , põhjatuna tunduvais tugitoolides .
tugitoolis|Edgar istub tugitoolis ja räägib 14kilosest kalast , mille ta püüdis .
tugitoolis|Mõni päev enne jõule kaheksa-aastaseks saanud Crislini vanem vend Riho ( 9 ) kõõlub tugitoolis ning silmitseb tädi ja vanaema külalisi teraselt .
tugitoolis|Mehe sõnul ujusid toona toolid mööda tuba , lõõtspill triivis tugitoolis .
taktis|Pärast lauldi Talitha eestvedamisel ka Eesti laule : Need silmad , need silmad , ei iial unune ... õõtsus rahvas muusika taktis ning vaatas särasilmselt MacKenzie poole .
taktis|Kui ette ei vaata , siis puistab mõni muusika taktis sigaretiga vehkija sulle tubakatuhka pähe .
taktis|Pool viimast aastat on teie lauljakarjäär käinud Straussi opereti “ Öö Veneetsias ” taktis : algul mängisite peaosa  suvelavastuses ja siis tuli sama roll Estonias .
taktis|See , kuidas nende president hoogsalt loožis muusika taktis kodumaa lippu lehvitas , tegi südame soojaks .
taktis|Aktsiahinnad liiguvad siiski kõikjal ühes taktis .
turneele|Alanud nädalal sõidab Eesti koondis turneele Moskvasse , kus kohtutakse CSKA , Dinamo ja Himkiga .
turneele|Saksamaa saadab veebruaris Balti turneele oma välisministeeriumi teise mehe Günther Verheugeni .
turneel|Adamson käis tuntud Vene ja maailma rahvatantsuguru Igor Moiseejeviga 1972 koos turneel : “ Igor valis Sõpruse ise oma turneele kaasa .
turneele|Saksa lennumasin Sven Hannawald pani eile Bischofshofenis väärika punkti nelja hüppemäe turneele , võites esimese mehena võistluse 50aastases ajaloos kõik neli mäginädala etappi .
turneel|Eesti meeskond võitis Aasia turneel kõik viis mängu üldskooriga 12 : 3.
elemendist|Mineraalid on ühest või mitmest keemilisest elemendist koosnevad struktuurid .
elemendist|Mart Raja oli nendega karmilt käitunud ja oma trennigrupid niisugusest elemendist alati puhtaks teinud .
elementidele|Muslimivaenulikkus rajaneb Euroopas elementidele , millel on islamiga vähe pistmist , tõdeti esmaspäeval Brüsselis nn islamofoobia fenomeni vaaginud esinduslikul seminaril , mille keskmes oli Sorbonne'i ja Harvardi ülikoolide teaduri Jocelyne Cesare'i juhtimisel valminud raport .
elementidest|Kui Mari Boine kontsert koosnes erinäolistest elementidest , mille vahel kommunikatsiooni ei toimu , siis Charles Lloydi kvartet esitas justkui erinevusteta ühtlase voo , millel puuduvad elemendid .
elemendile|hulkadena on yks lõpmatus defineeritud läbi teise lõpmatuse siis , kui igale elemendile yhest hulgast vastab läbi ( diferentseeruva ? ) funktsiooni yks ja ainult yks element teisest hulgast nii , et mistahes N esimest elementi yhest hulgast on samased läbi funktsiooni teise hulga N esimese elemendiga .
eraelus|Kas eraelus pole tulnud ennast või teisi rünnaku eest kaitsta ?
eraelule|On kerge mõista , miks koreograaf Dmitri Harchenko on Zicki uue lavastuse teemaks valinud Edith Piafi ja keskendunud pigem diiva suurte tõusude ja veel suuremate langustega eraelule , kasutades tema loomingut vaid tugeva helitaustana .
eraelus|""" Varem teadsin bändist ikka kõike , aga nüüd ei jõua enam nende tegemistega kursis olla , "" tunnistab bändi esifänn , kes eraelus peab arvutiõpetaja ametit ning elab Paide lähedal ."
eraelus|Üks süüdistatutest , seersant Chip Frederick , töötas ka eraelus vangivalvurina , kuid kinnitas , et ei talle ega ühelegi teisele sõjaväelasele pole antud mingeid instruktsioone , kuidas vangidega käituda .
eraelus|Kivastiku raamatust saame teada , mis sai Nipernaadist edasi , kuidas käitus ta eraelus , Maretiga abielus olles ( Kivastikul Julia ) , kas taltus tema rännulust , kas mandusid malbed fantaasiad , vakatasid erootilised kujutelmad , kas tal sündis palju lapsi ( 35ndaks leheküljeks on neid Kivastikul kaheksa ) ning kas ta lõpuks lakkas olude sunnil olemast , see , kes ta oli - kirjanik , luuletaja .
ootele|Tellisin oma metsamehe prae menüü odavamast otsast ( 65 raha ) , jäin ootele .
ootel|Esimesena püüdsid sellega kala taanlased , hiljem rootslased ning viimased paar aastat seisis eri nimede all merd kündnud alus müügi ootel .
ootele|Arvuteid võib tellida ka ühekaupa , kuid sel juhul jääb tellimus ootele kuni suurema partii saabumiseni .
ootel|Kas müüt Metallicast kui terve rockipõlvkonna hääletorust on eos meie armsa laulukaare all tükkideks otsustatud õhkida ja 29. juuni lauluväljakut hakkavad ilmestama taevasse viskuvate tulejugade ootel õlletopsidesse põrnitsevad juhuslikud kohalesaabunud ?
ootele|Tööde teostamise ajal tellitud logod , pildid ja helinad jäävad sõnumikeskusse ootele ning tellimused jõuavad kohale viivitusega , pärast tööde teostamise lõppu .
polikliinikus|Kolmapäeval käis Tõnismäe polikliinikus veel üks daam , kellel ostetud kiirgustõrje aparaat isegi kaasas oli , öeldi Tõnismäe polikliiniku registratuurist .
polikliinikusse|Kliendid tulevad Staadioni tänaval asuvasse polikliinikusse vabatahtlikult , kui alkohol , narkootikumid või sõltuvus millestki muust ( nagu näiteks mänguautomaatidest ) muutub liialt koormavaks .
polikliinikus|Käisin hiljuti Kopli polikliinikus .
polikliinikusse|""" Näe ongi luumurd ! "" imestasid tohtrid ja saatsid naise polikliinikusse elastiksidet ostma ."
polikliinikusse|Vaimselt ebastabiilne , granaadiga relvastatud mees tungis esmaspäeva õhtul Narva polikliinikusse , sest ei leidnud mujalt telefoni , et helistada oma endisele naisele .
Oslos|46 riiki kutsusid reedel Norras Oslos üles keelustama kobarpomme ja lubasid tegutseda selle nimel , et keeld kehtestuks juba tuleval aastal .
Oslost|21. jaanuaril helistas ta Oslost viimast kord koju ja teatas , et naaseb kolme päeva pärast .
Oslos|Norra kuningas Harald V annab täna Oslos Nobeli rahupreemia Ameerika Ühendriikide ekspresidendile Jimmy Carterile .
Oslos|Jaapanlased valmistusid Oslos tänaseks sõpruskohtumiseks Norraga , kui Troussier Pariisi pühapäevasele matusetalitlusele sõitis .
Oslos|31. mail Oslos toimunud breiktantsu maailmameistrivõistluste Battle of the Year Skandinaavia alavõistluse võitis ülekaalukalt Prodance'i breiktantsugrupp Submission .
autonäitusel|Eelmisel aastal Frankfurdi autonäitusel esitles Rover siiski kahte väikest ideeautot , mis annavad ettekujutuse tuleviku Minist .
autonäitusel|Siiani võimsate ja januse mootoriga luksusautodega tähelepanu pälvinud USA väikefirma Fisker kavatseb jaanuaris Detroiti autonäitusel esitleda oma esimest hübriidjõuallikaga sõidukit .
autonäitusel|Laiem publik näeb varsti tootmisse minevat äriklassi Volkswagenit eeloleval kevadel Genfi autonäitusel , teatab AutoExpress .
autonäitusel|Honda näitas hiljuti lõppenud Detroidi autonäitusel oma uut sportkupeed Acura RS-X .
autonäitusel|Esimest korda Motorexi ajaloos osalevad autonäitusel kõik Eestis tegutsevad autofirmad .
taastamisele|Lubadused : šampoon sisaldab kummeliekstrakti ning kõõm kaob tänu peanaha loomuliku ainevahetuse taastamisele .
taastamisele|Võiks järgida põhimõtet , mille kohaselt see kuriteo toimepannud isik , kes aitab kiiremini kaasa õigusrahu taastamisele ja loobub ulatuslikumalt oma õigustest , peab saama ka suurema hüvituse karistuse kergendamise vormis .
taastamisele|Aasta lõpuks on Jaani kiriku taastamisele kulunud 31 miljonit krooni , lõpliku valmimiseni oleks vaja veel 55 miljonit krooni .
taastamisest|Möödub lihtsalt kümme aastat iseseisvuse taastamisest .
taastamisel|""" Vabriku taastamisel tuli investeerida seadmetesse ligi kaheksa miljonit krooni , "" märkis ta ."
pingutustele|Washingtoni tippkohtumisel märkisime ära ja avaldasime tunnustust pingutustele ja edusammudele , mida võib jätkuvalt Eesti puhul täheldada .
pingutustest|Murdmaasuusatamise MK-etapil Lahtis naiste 10 km klassikadistantsil kaheksandaks tulnud Kristina Shmiguni sõidulusti ahistas Ramsau MMi pingutustest keha näriv väsimus .
pingutustest|Kuigi Jones ei saanud sprindis sel hooajal ühtki kaotust , ei piisanud pingutustest üldvõitja preemia 200 000 dollari teenimiseks .
pingutustele|Diplomaadielu kaksipidisustesse kuulub ka see osa teenistuskohustustest , mis puudutab seltskonnaelu , mille pidulikkus on pöördvõrdeline tühisusega , kogetud nauding aga ei vasta kulutatud pingutustele .
pingutustest|Hoolimata partei pingutustest vähenes komsomoliorganisatsiooni soovijate arv iga aastaga - 1953. aastal liitus kogu ajaloo-keeleteaduskonnas komsomoliga vaid kolm üliõpilast .
graafikust|Sebe võttis graafikust maha ka samal ajal Tallinnast Tartusse suunduva bussi , mida viimase laevaga Eestisse saabunud soomlased kasutasid Taaralinna jõudmiseks .
graafikule|Eesti rekordi graafikule kaotas Nool 161 punktiga , kuid võrreldes Ateenaga oli mees 71 punktiga plussis .
graafikus|85 andis 9000-punkti graafikus liikunud Tomas Dvoraki järel teise koha .
graafikule|Samas on elektrirongid sõitnud vastavalt graafikule , ükski oluline remonttöö ei ole jäänud tegemata ja reisijate arv on suurenenud eelarvega võrreldes 4% ning on 102 000 reisijat enam planeeritust .
graafikule|Nool kaotab Eesti rekordi 6374 punkti graafikule ainult kahe silmaga .
järgmisesse|Mõlemas peetud kohtumises tuli Pertelson tatamile üldseisul 3 : 3 , järelikult olenes temast , kes pääseb järgmisesse ringi .
järgmisest|See on väga lühike ja vajadus seda muudatust teha tuleneb järgmisest .
järgmisel|Näiteks lepib ostja ühel päeval midagi müüjaga kokku , aga järgmisel leiab midagi paremat ja mõtleb ümber , sõnas Leeman .
järgmises|Põhimõte seisneb järgmises : kui isik lahkub ühest Tallinna linnaosast teise , siis keskregistrisse jääb ta alles .
järgmisel|Ühel päeval ta jumaldas Demit , järgmisel ei kannatanud tema viluvarjugi .
Linnateatris|""" Kuna Kuressaare Linnateatris toimunud diskussioonil kultuuriministeeriumile mingeid konkreetseid rahasoove ega ideid teatri tuleviku osas välja ei pakutud , jääb ministeerium äraootavale seisukohale , "" ütles ETAle kultuuriministeeriumi teatrinõunik Reet Weidebaum ."
Linnateatris|"Praegu lavastab ta Tallinna Linnateatris Harold Pinteri draamat "" Kojutulek "" ."
Linnateatris|Esietendus Linnateatris 20. veebruaril .
Linnateatris|Esietendus on 30. novembril Linnateatris .
Linnateatris|"Linnateatris etendub pühapäeval Nüganeni lavastus "" Pianoola ehk mehhaaniline klaver "" , mis teatavasti hiljuti ka Peterburi teatrifestivalil peaauhinna võitis ."
läbiotsimisest|1960. aasta jaanuarist pärineb ettekanne politsei ja sõjaväejõudude ühisest läbiotsimisest “ miljonäri kodus , kes külastab Hollywoodi öiseid lõbustuskohti ja on kurikuulus homoseksuaal .
läbiotsimisel|Tee sai süüdistuse ka tsiviilkäibes keelatud lõhkematerjali käitlemises , kuna uurijad leidsid talt läbiotsimisel kaks lahingugranaati .
läbiotsimisel|Keskkriminaalpolitsei ametnikud leidsid kaks nädalat tagasi Jõhvis sõiduauto Audi läbiotsimisel selle pagasiruumist kohvri sisse pakituna kilo ja kümme grammi peamiselt ninna tõmmatavat amfetamiinipulbrit .
läbiotsimisel|Märkmiku eelmise aasta vahendustööga sai kapo enda valdusse veebruaris läbiotsimisel Kaljuranna Lasnamäe kodus .
läbiotsimisel|Politsei leidis läbiotsimisel jalutusrihma ja koeratoidu purgid .
seaduseelnõule|Sellisel juhul ma palun Vambo Kaalu tagasi kõnepulti , selleks et läbi vaadata seaduseelnõule laekunud 52 muudatusettepanekut .
seaduseelnõust|Sellest seaduseelnõust ei saanud ma vastust ühele minu jaoks tekkinud probleemile .
seaduseelnõule|Üleantud seaduseelnõule määrab juhatus juhtivkomisjoni kolme tööpäeva jooksul .
seaduseelnõust|Valitsus annab täna Riigikogu menetlusse kaks seaduseelnõude paketti , mis kokku koosnevad viiest seaduseelnõust .
seaduseelnõus|Me ei ole tõesti seaduseelnõus andnud ülddefinitsiooni selle kohta , mis on planeering , sest eri tasemete planeeringud , eri planeeringute liigid on väga erinevad nii oma sisult kui ka juriidiliselt mõjult .
maapinnast|Aga see , et mõnes kohas maapinnast natuke elektromagneetilist energiat välja valgub , pole mingi ime .
maapinnale|""" Kui puurkaevu poleks , tuleks vesi maapinnale niikuinii , "" juhtis Sokman tähelepanu lõhedele kraavi põhjas ."
maapinnale|Olin ühe silmaga jälginud ümbrust , ent midagi huvitavat ei toimunud , linnud lobisesid omavahel ja hoidusid kaugemale , sajajalgset oli ehk paar lüli rohkem maapinnale kerinud ja maastik meie ümber oli liikumatu .
maapinnale|See kukub maapinnale ja paiskab õhku bensiinipilve , mis süttib , ja taevast täidab plahvatus .
maapinnale|KOHTLA-JÄRVE , 17. juuni ( EPLO ) - Paar nädalat tagasi endise Sompa kaevanduse peahoone taga süüdatud risuhunnikutest võttis tuld maapinnale jäänud põlevkivi ning nüüd levib põlemine juba sügavuti , kirjutab Põhjarannik .
tuurile|Eurospordi kommentaatorina igapäevast leiba teeninud Dhaenens sõitis saatuslikul päeval Flandria tuurile , mis oli ühtlasi MKsarja etapp .
tuuril|Vahemere tuuril osales ka Janek Tombak , kes viimasel etapil oli kaheksas .
tuurile|Taas läheb segakoor Nooruse seltskond Unustatud lavade tuurile .
tuuril|Kuigi Tombakut pole esialgu veel Cofidise Tour de France'i tiimi nimetatud , loodab Eesti meistrisärgis sõitev proff Luksemburgi ja Rootsi tuuril tõestada bossidele enda tugevust .
tuuril|See soovitas , et mängijad , kellest paljud osalevad tuuril teismelisepõlvest , vaataksid oma karjääri kaugemas perspektiivis .
mudelist|Kui kõik detailid loksuvad õigetele kohtadele , Holland võidab ja võtab kaasa suurepärase meeskonnahinge siis võidakse jõuda väga suure eduni , » räägib Pijpers mudelist , mida ka ise nii väga ootab .
mudelilt|Täpselt samal põhjusel on ka BMW-l , Mercedesel ja Audil väljakujunenud disainivõtted , mis mudelilt mudelile edasi kanduvad .
mudelisse|Samas leiavad Leedu korvpallitegelased , et aeglane Sabonis ei sobigi tänasesse mudelisse .
mudelisse|Väikeste poiste sõjamäng näitaks suurtele poistele , et väikesed poisid on nende mängu elemendid osavalt enda mudelisse programmeerinud ja tahavad olla päris partnerid .
mudelist|Hind sõltub auto mudelist ja suurusest .
maailmasõjas|Ka Soome juudid võitlesid näiteks Teises maailmasõjas Saksa armees venelaste vastu ja said selle eest aumärke .
maailmasõjas|Kui eestlased sõdisid Teises maailmasõjas õige asja eest , saab maailm meist aru , leiab Eerik-Niiles Kross .
maailmasõjas|Tõnismäe pronkssõduri ümbrus tuleks kujundada kõigi II maailmasõjas langenud Eesti sõdurite memoriaalansambliks .
maailmasõjas|""" Sa ütled neile , kes võitlesid Viet Namis ja II maailmasõjas , et neid ei huvita ameeriklaste julgeolek ."
maailmasõjas|Teises maailmasõjas kandsid peale sakslaste veel mitme rahvuse sõdurid saksa mundrit .
süüdistusest|Türgi politsei kuulas Postimehe ajakirjaniku üle , esmaspäeval vabastas kohus ta süüdistusest ja konfiskeeris padrunid .
süüdistustest|Chandler loobub süüdistustest ning saab Jacksonilt kohtuvälise lahendina väidetavalt kuni 20 miljonit dollarit .
süüdistusele|Mida vastate süüdistusele , nagu oleksite vehelnud naiskonnavõistlusel tujutult ja sellega lausa naiskonda alt vedanud ?
süüdistusele|Teises maailmasõjas relva-SS-i koosseisus võidelnud Eesti veteranid korraldavad juuli alguses aastakokkutuleku , millest kavatseb vaatamata natsismi toetamise süüdistusele osa võtta mitu Eesti juhtivat poliitikut .
süüdistustele|"Rice vastas süüdistustele : "" Mitte iialgi ei kaotanud ma austust tõe vastu üheski teenistuses ."
lossis|Oorn ütles , et lossiisandad ise ei hakka lossis hotelli või midagi muud pidama .
lossis|President Lennart Meri pakkis terve nädalavahetuse Kadrioru lossis oma suurt raamatukogu plastkastidesse ja usaldab selle täna kolimisfirma hoolde .
lossile|"Samas Ekspressis peab Tallinna abilinnapea Liisa Pakosta lossile linna reserveelarvest eraldatud 200 000 krooni "" uskumatult kopsakaks summaks "" , mis on "" kohutavalt vastutulelik toetus "" ."
lossis|Riigi muinsuskaitseamet , kelle kooskõlastuseta ei ole Riigikogu kantselei seni saanud lasta teha ühtegi pisiremonti Riigikogu ruumes , sellest riigikantselei lisandusest roosas Katariina-aegses lossis ei teadnud .
lossis|Ta kasvas üles lossis , mis on veel praegugi alles ja kus nüüd on muuseum .
allikatel|Sulev Alajõe ütles , et tema vastu esitatud süüdistused põhinevad ekslikel allikatel või on tegemist programmiliste erimeelsustega .
allikale|Praeguse Põlvamaa kunagise jõukuse allikale osutavad pikad kinnikasvanud linaleotiigid , mida paljudes taludes võib veel praegugi näha .
allikast|13. detsembri Postimehes esitati andmeid Eesti rahvastiku kohta , mis pärinesid kahest allikast - Eesti Statistikaametist ja Eesti Kodakondsus- ja Migratsiooniametist .
allikast|Neist kahest allikast otsivad õigusteavet kõrgema sissetuleku ja kõrgema haridustasemega inimesed .
allikaist|“ Postimehele ” usaldusväärseist allikaist laekunud teabe kohaselt on valitsuskoalitsioonil kavas teha muudatusi riigiettevõtte Eesti Kütus haldusnõukogu koosseisus ning vahetada välja selle peadirektor Toomas Saks .
sünnile|Salapärast hoolimata ilmus novembri lõpupäevil leheveergudele teave : Erja suur kõht ja kolmteist lisakilo viitavad tugevama soo esindaja sünnile .
sünnist|Täna möödub Kaarel Eenpalu ( 28.05.1888 -27.01. 1942 ) sünnist 111 aastat .
sünnile|Selle doktriini sünnile aitasid kaasa artikli 30 rakendamise piirangud .
sünnist|Konverensti teise poole ettekanded on Oskar Kallase tegevusest Õpetatud Eesti Seltsis , Oskar Urgartist , kelle sünnist möödus äsja 100 aastat ja Paul Ariste raamatukogust , mida säilitatakse memoriaalkoguna arhiivraamatukogus .
sündides|Eks see on juba kord nii , et teise lapse sündides saab vanemast lapsest isa laps .
korraldamisel|"Ramann ütles , et ei tea täpselt , millistel alustel linnaamet laagreid finantseerib : "" Eelmisel aastal käis asi lihtsalt -esitasime oma taotluse koos eelarvega spordi- ja noorsooametile ja saime sealt vastuse , millises mahus linn meid laagrite korraldamisel toetab ."
korraldamisel|Igal talvel peetavat võistlust jälgib umbkaudu 10 000 pealtvaatajat , korraldamisel paneb ka riik oma õla alla .
korraldamises|"Arreteerimiskäsu andnud kohtunik süüdistab Pinochetti 1973. aasta "" surmakaravani "" korraldamises , mille käigus tapeti 75 poliitvangi ."
korraldamises|Kapo süüdistab varem kriminaalkorras karistamata Balõnskit 19. mail Stockmannis kahe pommiplahvatuse korraldamises eesmärgiga pressida kaubamajalt välja kaks miljonit krooni .
korraldamises|Tuleb asuda seisukohale , et tegemist on riigipea kui monokraatse organi juures asuva kantseleiga , mille ülesanded on tehnilist laadi ja abistava iseloomuga ning seisnevad Vabariigi Presidendi töö korraldamises .
Hiiumaal|Hiiumaal Käina vallas Kogri külas vajus eile õhtul kella 18.09 ajal sõiduauto Volkswagen peale auto all olevale Ovele ( s 1962 ) .
Hiiumaal|Hiiumaal Suuremõisa lossis lõpevad Lossipäevad 96 ja Kärdlas Hiiumaa tenniseklubi lahtine turniir .
Hiiumaale|Kas ma ikka pääsen sel suvel Hiiumaale , küsis mu kolleeg , kui oli pooleteise nädala jooksul lugenud ajalehtedest sõnumeid praamisõjast Hiiumaa liinil ehk suurte laevade sõidu ärajätmisest .
Hiiumaal|Asi asub ( asus ) Hiiumaal ning ise olen Tallinnas , kui jälle minek , sisi vaatab kas seal midagi veel alles on .
Hiiumaale|"Augusti algul tuleb Hiiumaale kümneliikmeline filmigrupp , kes teeb BBC kinnisvara- ja reisisaate "" Kaardistamata territooriumid "" ( "" Uncharted Territories "" ) tarbeks saart tutvustava lõigu , kirjutab Hiiu Leht ."
ravil|Kuningas on olnud Pekingis ravil alates veebruarist , lähiajal on ta lubanud Kambodzhasse tagasi pöörduda .
ravil|Kaitsepolitsei avastas Wismari haigla andmeid kontrollides , et Liivamägi viibis alates eelmise aasta oktoobrist alkoholiprobleemide tõttu haigla polikliinikus ambulatoorsel ravil , kirjutas Postimees .
ravil|Tallinna psühhiaatriahaiglas on ravil 34 raske kuriteo sooritanud ja süüdimatuks tunnistatud inimest , kellest osa toodi haiglasse Venemaalt juba enne Eesti taasiseseisvumist .
ravile|Ja lõpetades sellega , et end registreerinud patsiendid saavad ägenemishoo ajal hõlpsa vaevaga Eesti Meremeeste Haiglasse ravile .
ravis|Gripiviirustest põhjustanud haiguste ravis ( katsetatud ka profülaktikas ) on amantadiini ja rimantadiini asendamas neuraminidaasi inhibiitorid zanamiviir ja aseltamiviir .
vanusest|Kas seksikus sõltub vanusest ?
vanuses|01.08.2001 kella 00.50 ajal teatas Harju PP-le Johannes ( s. 1940 ) , et tutvus eelmisel õhtul Tallinnas Müürivahe tänaval õllebaaris kahe eesti keelt kõneleva heledapäise noormehega vanuses 22-23 aastat , kes lubasid ta sõidutada koju Lagedile .
vanusest|Ta usub , et Martini vaikne ja tagasihoidlik loomus tuleneb peamiselt tema vanusest ega kujuta endast ohtu poisi tulevikule .
vanuses|« See pole minu jaoks praegu üldse mingi küsimus , minu vanuses oleks üldse patt midagi aastaks ette öelda .
vanuses|Cynthia oli elanud 380 elanikuga Midghami külas üle 20 aasta , kuni ta läinud aastal 72 aasta vanuses suri .
kontekstis|""" Küsitlused näitavad , et inimeste valijateadlikkus ja oskus programme loosungitest eristada on tõusnud euroopalikule tasemele , mis tähendab , et kohalike valimiste kontekstis tuleb keskenduda ennekõike heade ideede väljatöötamisele ja otsekontaktidele inimestega , "" põhjendas partei peasekretär Ott Lumi ."
kontekstis|Nüüdsel ajal , mil pannakse selga või jäetakse panemata , mida tahes , on noortel lugejatel ilmselt võimatu taibata , et Pipi riietus - napp kleidike ja tripitatud saba-alune - osutasid ilmumisaja kontekstis selgelt teatud elukommetega naisterahvale , keda korralikus seltskonnas ei mainitagi .
kontekstist|Samas nentis minister , et teema tõstatamine sõltub kontekstist .
kontekstis|Ometi poleks see tohtinud nii olla , sest kõrvalt vaadateski oli selge , et Venemaa mängib piirilepingu kontekstis võidu peale .
kontekstis|Ei maksa teha endale siiski illusioone , nagu muutuks Venemaa meile selles kontekstis sama kaugeks ja teisejärguliseks nagu Indoneesia või Filipiinid .
parlamendis|Enne seda jõudis ta parlamendis kolm ametiaega töötada .
parlamendis|""" Mind streigid ei hirmuta ja ma viin reformi läbi , "" kinnitas Prantsusmaa president Nicolas Sarkozy Euroopa parlamendis , olles enne seda suletud uste taga hoiatanud Brüsseli tippametnikke : "" Uut põhiseaduslepet ei tohi mingil juhul rahvahääletusele panna , enamikus riikides kukutatakse see siis läbi ."
parlamendile|Kui Lennart Meri 8. oktoobril 2001 riigikogus kõne pidas ja presidendiameti maha pani , andis ta parlamendile üle eelnõu , mis sätestanuks põhiseadusse riigipea otsevalimise .
parlamendis|Eelarveprojekti esitab parlamendis peaminister Tshernomõrdin ise .
Parlamendile|Seejärel teatab kohtusekretär otsusest pooltele , liikmesriikidele ja komisjonile , samuti nõukogule või Euroopa Keskpangale , kui akt , mille kehtivus või tõlgendamine on vaidluse all , pärineb ühelt neist , ning Euroopa Parlamendile ja nõukogule , kui akti , mille kehtivus või tõlgendamine on vaidluse all , võtsid need kaks institutsiooni vastu ühiselt .
uksest|Inimene , kelle juurde minnakse , otsustab ise , kelle ta oma uksest sisse laseb .
ustel|Eemal keskusest ja ametlikust galeriidesüsteemist , üritavad nad luua kultuurilisi organisme ja sündmusi jäätmaadel ning kultuuritarbijaist hüljatud minevikuvaremetel , tõmmata need tagasi aktiivsesse ellu ning luua eneseteostusvõimalusi neile kunstnikele , kes siiani kerjavad sissepääsu ametlike galeriide ustel .
uksele|"Koputasin viisakalt uksele "" Nõmme linnaosa elanike register "" ja astusin sisse ."
uksest|Hingasin kergemalt , kui uksest välja sain .
uksest|Ivi , kaheksa kuu koondamisraha taskus , astus sisse kohaliku tööhõiveameti uksest ja sai pika seletamise järel koha täiendkursustele .
peredes|""" Meie nõustaja Karin Tormis käib kaugemais peredes , kes ise tulla ei saa ."
peres|Laulja on sündinud 12 . oktoobril 1935 Itaalias Modenas vaeses peres - isa oli pagar , ema töötas sigarivabrikus .
perele|Kuna Jacko maksis Chandleri perele kopsakat vaikimisraha , jäi kriminaalsüüdistus esitamata .
peredesse|Kas see sobib meile või mitte , aga kõik teadlaste poolt metoodika erinevustest olenemata tehtud uuringud on andnud sama tulemuse - eestimaalased tahavad praegu veel lapsi oma peredesse ja kõige suurem mure sellel teel on toimetulek .
peresse|"Kui laps läheb peresse , kus on normaalne , et perelapsed töötavad , siis on normaalne , et ka nemad peavad näiteks peenraid rohima , "" leiab Krimpe ."
olukordades|"Rünnakul eksisime liiga palju lihtsates olukordades ja seetõttu sai Rumeenia palju väravaid kiirrün-nakutest . """
olukorras|Katse tulemusena avastasid tudengite esindajad , et teatud olukorras annab paaripaneku meetod valede eelistuste esitamisel parema paarilise kui õigete eelistuste esitamisel .
olukorrast|USA president Bill Clinton pidas teisipäeval Monica Lewinsky skandaali varjus kõne olukorrast riigis , mida asusid kuulama ka paar tundi varem senati tagandamisprotsessil tema advokaatide argumente kuulanud senaatorid .
olukorras|Kogu selles iseendi paanikast tekitatud olukorras tõstsid kommertspangad laenude baasintresse .
Olukorras|Olukorras , kus Sirbi tiraaž on viimasel ajal tõusnud seni stabiilselt 3500-lt 4000 peale , pean seda üles-annet võimalikuks üksnes lehe senist professionaalset taset alandades ning üldhuvileheks muutudes .
haiglast|Selline seltskond aitab näiteks haiglast naasnud inimesel võimalikult kiiresti oma igapäevatöö juurde tagasi pöörduda .
haiglasse|Kahe kuu pärast poiss haigestus ja sattus haiglasse .
haiglas|""" Ebamugavus on väärt seda tulemust , mis järgmisel aastal patsiente haiglas ootab . """
haiglasse|Üleminekuaja jooksul saavad lastearstid valida , kas nad tulevikus jäävad erialaarstiks haiglasse või hakkavad perearstiks .
haiglasse|Kiirabi viis vigastada saanud ratturi ravile Mustamäe haiglasse .
maailmas|Kuigi maailmas leidub rahvaid , kelle jaoks keel ei ole peamine identiteedi näitaja , annab just see tavaliselt märku , kelleks ennast peetakse .
maailmas|See valus uudis puudutas eestlasi kogu maailmas .
maailmas|See , et Tallinn kord ühe oma-pärase ja suurejoonelise teoga hakkama saaks , mis ka mujal maailmas tähelepanu pälviks , oleks ometi üks väärikas visiitkaart Tallinnale .
maailmas|"Filmikriitik Karlo Funk soovitab täna vaadata veel prantslaste "" Intiimsust "" ( k 22.30 Sakala keskuses ) ja India filmi "" Vihmaperioodi pulmad "" ( k 18 Vene Draamateatris ) , mis mõlemad on võitnud maailmas auhindu ."
maailmas|Samosti sõnul on toetus maksusoodustuste , tollide , subsiidiumide jmt vormis kogu maailmas väga levinud ega ole kindlasti märgiks sellest , et riik neid ettevõtteid endale tahaks .
detsembris|Tegelikult tegid nad seda juba detsembris , kui hakkasid lillepeenraid kavandama ja suvelilli valima .
detsembril|31. detsembril kell 19 : 54 ruttasid Lilleküla päästjad ja Mustamäe autoredel Välja tänavale , kus oli süttinud televiisor .
detsembril|Riigikogu viis avaliku teenistuse seadusesse 29 . detsembril möödunud aastal sisse paranduse ja tühistas Riigikogu kandidaatide teenistussuhte peatamist sätestava punkti .
detsembrist|Indrek Tarandi puhkus kestab 1 . detsembrist kuni uue aastatuhande 31 . jaanuarini .
detsembril|4 . detsembril saatis Amanda oma töö vilja suure pakiga Tallinna poole teele ja jäi raha ootama , ootab siiamaani .
