case_pair,sentence_id,head_id,head_loc1,head_loc2,verb,verb_compound,morph_case1,morph_case2,form1,form2,sentence
"in,adit",12147459,19450120,3,4,sattuma,,in,adit,tunnelis,hätta,"Nimelt palub tunnelis hätta sattunud papi Balti jaamas möödujal seni , kuni ta tualetis käib , valvata ukse juures tema taksikoera ."
"in,adit",6761133,10877452,6,7,jääma,,in,adit,karjas,ellu,Inimene on kariloom ja sallivuseta karjas ellu ei jää .
"in,adit",12719885,20349820,8,9,lendama,,in,adit,parklas,õhku,"9 . aprilli pärastlõunal lendas Pärnus Lõuna tänava parklas õhku Pärnu tuntud ärimehe , aktsiaseltsi Sprattus Tootmine omaniku Mati Murru 800 000 krooni maksev dzhiip ."
"in,adit",4444173,7146655,11,12,minema,,in,adit,Moldovas,erru,"Lebed on sama rohmakanäoline kindral , kes aasta tagasi läks Moldovas erru 14. armee komandörina ."
"in,adit",6218638,9987889,12,13,sisenema,,in,adit,Fokus,panka,"Tunnistajate jutu järgi sisenesid reedel otse Norra parlamendi hoone vastas asuvasse Fokus panka kolm meest , kes pärast röövi põgenesid takso sarnase autoga ."
"in,adit",788242,1257025,13,14,saama,,in,adit,ülikoolis,kätte,"Detroidi korvpallur Jerry Stackhouse istus hommikul lennukisse , sai lõuna ajal Põhja-Carolina ülikoolis kätte lõpudiplomi ning viskas õhtul Philadelphiale võidumängus 26 punkti ."
"in,adit",1143582,1817209,17,18,jäädvustama,,in,adit,Vabadussõjas,ajalukku,"Ants Laaneots , Aleksander Einseln , Johannes Kert - keegi neist pole selline sõjahall nagu end Vabadussõjas ajalukku jäädvustanud esimesed iseseisvumise järgsed väejuhid ."
"in,adit",929648,1480759,5,6,suunduma,,in,adit,toas,seinakontakti,"See juhe , mis toas seinakontakti suundub , õue kindlasti ei sobi ."
"in,adit",19161640,28903301,39,40,minema,,in,adit,korrelatsioonis,paika,"Arvestades seda , et kindlustusseadus toimib , siis leiavad kindlustusseltsid praegu rahale ka ehk paremaid paigutusi , kuid ma jään igal juhul arvamusele , et pikemas perspektiivis , eeldades , et kõik makromajanduse näitajad lähevad tasapisi , n-ö korrelatsioonis paika , nagu see on arenenud riikides , on pensioniinvesteerimisfondi kaudu põhimõtteliselt võimalik rohkem teenida ."
"in,adit",2550822,4092423,5,6,vedama,,in,adit,rahus,noota,"Nad nagu veaksid häirimatus rahus noota mööda kõnniteed , hoolimata sellest , mis ümberringi toimub või kes nende selja taga keksib ."
"in,adit",2629342,4218895,8,9,toimuma,,in,adit,asumis,Altserva,Õnnetis toimus kella 12.50 ajal Ida-Virumaal Ahtme asumis Altserva tn 1A juures .
"in,adit",3725736,5999832,10,11,pääsema,,in,adit,jaos,vabadusse,"Suurem hulk rohkem kui 500 peolisest pääses küll mitmes jaos vabadusse , kuid ülejäänute pääsemislootus on mõneti kummalisel kombel ajapikku hoopis vähenenud ."
"in,adit",4127504,6643779,5,6,asuma,,in,adit,sarjas,võistlustulle,"Teise eestlasena asub juunioride sarjas võistlustulle Jaan Mölder juunior , kelle sõiduvahendiks Ford Fiesta ."
"in,adit",14013972,22310106,5,6,jääma,,in,adit,sarjas,hätta,"Asjatundjate kinnitusel eestlane kuninglikus sarjas hätta ei jääks , ent millised teed vormel ühte jõudmiseks ?"
"in,adit",8081003,12967354,28,29,tulema,,in,adit,tossudes,kooli,"Vana õpetaja Tuhkaneni sil mist veerevad veetilgad , kui ta meenutab , mida noorele mees kol leegile süüks pandi : “ Ja kujutage ette , ta tuli tossudes kooli ."
"in,adit",3190752,5124369,4,5,astuma,üles,in,adit,Tallinnas,üldlaulu-,"Sel nädalavahetusel astub Tallinnas üldlaulu- ja tantsupeol üles 33 000 lauljat , tantsijat ja pillimeest ."
"in,adit",2661162,4269352,11,12,jõudma,ringi,in,adit,valikvõistluses,teise,"Estorilis ( Portugal ) peetaval WTA turniiril jõudis Maret Ani valikvõistluses teise ringi , kus kaotas iisraelanna Tzipora Obzilerile ."
"in,adit",4785536,7685406,7,8,surema,,in,adit,kliinikus,südamehaigusse,64-aastane Savoskin suri laupäeval ühes Moskva kliinikus südamehaigusse .
"in,adit",5266294,8447432,17,18,tulema,,in,adit,koolis,toime,""" Ta on endassetõmbunud , asotsiaalne isik , kellel on ligipääs relvadele ja kes ei tulnud koolis toime ."
"in,adit",9192146,14774087,19,20,panema,,in,adit,Elvas,toime,"Pikka aega arvasid politseinikud , et kolm naist tappis sama mees , kes 1996. aasta 21. aprillil pani Elvas toime väikelinna viimaste aastakümnete jõhkraima kuriteo , lüües kirve või kirkaga surnuks Aleksandri ( 69 ) ja tema elukaaslase Leida ( 70 ) ."
"in,ill",4823270,7744185,14,15,viima,,in,ill,Sydneys,esitosinasse,"Aeg 56,00 , mille Tatjana Partõka seadis tütre tänavuse hooaja sihiks , viis Sydneys esitosinasse ."
"in,ill",8965470,14413546,6,7,nimetama,,in,ill,Eestis,ametisse,Ka nimetas Prantsusmaa esimese riigina Eestis ametisse sõjaväeatashee .
"in,ill",16423164,25374507,6,7,tekitama,,in,ill,mängus,Nybitisse,"Kalevi sujuv algus tekitas teises mängus Nybitisse silmanähtavalt mõrasid , viienda ringi mängudest ja esimesest poolfinaalist tuttav kindlus oli avapoolajal kadunud ."
"in,ill",13298384,21275187,8,9,pääsema,,in,ill,lõigetes,Eestisse,Läbi mingi toru roomates ja traattõkkeid puruks lõigetes Eestisse pääsenud mees läks esimesse tallu ja palus end kokku viia ametivõimudega .
"in,ill",11897965,19040130,9,10,pöörduma,,in,ill,lõpus,loodesse,Kuid pikka aega edelast puhunud tuul pöördub nädala lõpus loodesse ja laseb talve jälle tagasi .
"in,ill",1861510,2964700,10,11,jääma,,in,ill,ulatuses,kasumisse,"Selle aasta lõpuks jääb Lauluväljaku AS mõnesaja tuhande krooni ulatuses kasumisse , teatas kultuuriameti juhataja Ene Vohu ."
"in,ill",6973932,11204781,4,5,tulema,,in,ill,lõpus,Pärnusse,“ Tulge juuli lõpus Pärnusse suupillifestivalile ! ” kutsus 5.
"in,ill",14335693,22758645,4,5,jääma,alles,in,ill,wokkides,toiduainetesse,Kõik vitamiinid jäävad  wokkides  toiduainetesse alles .
"in,ill",5956471,9561875,3,4,pöörduma,,in,ill,veebruaris,tööhõiveametitesse,"Esmakordselt pöördus veebruaris tööhõiveametitesse 3861 töötut , mis on 23,5% vähem kui jaanuaris ja 11,8% vähem kui aasta tagasi ."
"in,ill",2401010,3848527,4,5,haigestuma,,in,ill,oblastis,difteeriasse,Tänavu on Pihkva oblastis difteeriasse haigestunud kümme inimest ning üks naine on haigusesse surnud .
"in,ill",6952329,11171602,5,6,kuuluma,,in,ill,Claire's,Birthdaysse,"Lisaks Eplikule kuuluvad endisesse Claire's Birthdaysse veel Jaan Pehk , Ivo Etti , Siim Mäesalu ja Margus Tohver ."
"in,ill",8374774,13420154,18,19,kinnitama,,in,ill,veebruaris,ametisse,"Preester loeb keelu lõppenuks alates sellest , kui Eesti õigeusukiriku haldamise üle võtnud Soome peapiiskop Johannes ta veebruaris ametisse kinnitas ."
"in,ill",17703592,27042870,8,9,tekitama,,in,ill,laekumises,riigieelarvesse,"Tubakatoodete aktsiisimäära tõstmine aasta keskel tekitab tubakaaktsiisi laekumises riigieelarvesse lisalanguse , nagu see on alati täheldatav pärast maksumäärade tõstmist ."
"in,ill",122002,204441,5,6,viskama,,in,ill,Tallinnas,lõkkesse,"1995. aastal viskasid poisid Tallinnas lõkkesse püssipadruni , aasta hiljem panid kaks poissi lõhkekeha tulle Männiku polügoonil ."
"in,ill",189690,314624,4,5,sõitma,,in,ill,Taksopargis,remondikanalisse,"“ Seepärast üks Taksopargis remondikanalisse sõitiski , et vaatas otse ."
"in,ill",648597,1030426,7,8,minema,,in,ill,alguses,Austraaliasse,""" Lähen Prantsusmaale , sealt jaanuari alguses Austraaliasse , "" tutvustab Jass lähituleviku plaane ."
"in,ill",9065371,14575953,23,24,jõudma,,in,ill,mõttes,massidesse,"Tegu pole lihtsalt innovaatilise või kokkuhoiust lähtuva soovitusega , vaid omamoodi aja märgiga , sest lõppeval aastal jõudis internet Eestis sõna otseses mõttes massidesse ."
"in,ill",8984209,14444654,8,9,üritama,,in,ill,tagavararattas,Eestisse,"Uimastiärist väidetavalt elatuv ja läinud nädalal auto tagavararattas Eestisse 1,3 kilo hashishit tuua üritanud venelane võib kaduda nelja tuule poole , sest Narva linnakohtunik lasi mehe vaatamata politsei vastuseisule vabaks ."
"in,ill",14047113,22365006,23,24,surema,,in,ill,augustis,tüüfusesse,"Mullu septembris kasvasid spekulatsioonid bin Ladeni tervisliku seisundi ja asukoha üle , kui üks Prantsuse maakonnaleht kirjutas , et maailma esiterrorist suri augustis tüüfusesse ."
"in,ill",2460147,3943956,4,5,suhtuma,,in,ill,maailmas,sellesse,Kuidas kolleegid pintsaklipslaste maailmas sellesse suhtuvad ?
"in,el",500888,787777,24,25,kalduma,kõrvale,in,el,tabades,kursist,"Vene armee põhirelvastuses oleva 5,45 -millimeetrise kaliibriga Kalashnikovi automaadi ja USA tänapäevarelvastuses oleva 5,56 -millimeetrise kaliibriga automaadi M-16 kuulid kalduvad puuoksi tabades kursist kõrvale , kuid automaadi M-14 võimas 7,62 -millimeetrine laeng lendab puuokstest otse läbi ."
"in,el",8965259,14413141,7,8,saama,üle,in,el,teivashüppes,algkõrgusest,"“ Kahju , et Olavi Paavo teivashüppes algkõrgusest üle ei saanud ."
"in,el",12228230,19576733,2,3,lahkuma,,in,el,juulis,siitilmast,"Kuid juulis siitilmast 85aastasena lahkunud näitleja tuha teele saatmine lükkub edasi detsembrist veebruari , sest mälestuslennuteenust pakkuva Space Service'i sõnul ilmnesid kanderaketil mootoriprobleemid , mille parandamine võtab aega ."
"in,el",12271612,19645466,6,7,saama,,in,el,blokis,vastasest,""" Erinevalt tavapärasest saime seekord blokis vastasest rohkem punkte ."
"in,el",11091966,17767734,29,30,rändama,,in,el,alguses,käest,"See võib ka vale olla , sest palju aega on mööda läinud , kuid ma ei suuda välja mõelda ühtegi teist põhjust , miks Kurvitsa luulekogud meil loengu alguses käest kätte rändasid ."
"in,el",5841583,9373804,20,21,saama,,in,el,Kohtus,käimisest,"Kes võidab kohtuvaidluse , on esialgu vara öelda , kindlasti aga võidab ettevõtet esindav advokaadibüroo , kes saab Euroopa Kohtus käimisest hindamatu kogemuse , seega olulise konkurentsieelise järgmiste klientide püüdmisel ."
"in,el",9583927,15382868,17,18,toibuma,,in,el,traumaosakonnas,traumadest,"Kümneaastane Kert on peaajupõrutusega lastehaigla intensiivravis , tema kaheksa-aastane vend Kaur ja nelja-aastane õde Grete toibuvad traumaosakonnas traumadest ja põrutustest ."
"in,el",1334357,2121642,8,9,näitama,,in,el,läänes,Venemaast,"Kõik need salvestused , mida te seal läänes Venemaast näitate , on selge pettus !"
"in,el",5977146,9592409,12,13,pääsema,edasi,in,el,eurosarjas,alagrupist,"Kuigi Kullamäe mängib tulpide maa tippklubis DenBosch Eiffel Towers ja pääses eurosarjas alagrupist edasi , on asi tippspordist tema hinnangul väga kaugel ."
"in,el",4993019,8017070,3,4,laekuma,,in,el,septembris,suvekuudest,"Tulusid laekus septembris suvekuudest vähem , kuna eelnevatel kuudel oli sesoonselt kõrgem dividendide ja ettevõtte tulumaksu laekumine ."
"in,el",7213276,11602265,3,4,sõltuma,,in,el,paljuski,sellest,"See sõltub paljuski sellest , kuidas suudetakse tööle panna foorum , mis leppe elluviimise eest vastutab ."
"in,el",826,1498,5,6,tooma,,in,el,lõpus,Haapsalust,"Ema tõi mind suve lõpus Haapsalust Tallinna , mul oli Mustamäel kahetoaline korter ."
"in,el",792379,1263736,9,10,kasvama,peale,in,el,reservaadis,pisikesest,"Kuid isalõvi Arthur ja ematiiger Ayla kasvasid meie reservaadis pisikesest peale koos , neist said väga head sõbrad , ja nii tulidki ilmale Samson ja Sudan . """
"in,el",2464960,3951593,3,4,leidma,,in,el,suvepealinnas,puiduettevõtetest,"Hooajatööd leiab suvepealinnas puiduettevõtetest , kaubandusest ja teenindusest ."
"in,el",14187236,22553685,4,5,rääkima,,in,el,kodus,päevapoliitikast,Palju te Ellega kodus päevapoliitikast räägite ?
"in,el",9075639,14593319,4,5,viigistama,,in,el,lõpus,karistuslöögist,Ghanalased viigistasid poolaja lõpus karistuslöögist ning tõmbusid teisel mängupoolel umbkaitsesse .
"in,el",6188737,9937249,15,16,tegema,,in,el,rahvastikuregistris,uudishimust,"Valga linnapea Margus Lepik teatas siseministeeriumile saadetud vastuses , et tema alluv tegi päringu rahvastikuregistris uudishimust ."
"in,el",6578,11357,18,19,minema,,in,el,klassis,Pärnust,"Tegelikkuses on Andrus Veerpalu ( 31 ) kullavõidu nimel töötanud sellest ajast alates , kui ta 7. klassis Pärnust Otepääle TSIKi suusa-klassi läks ."
"in,el",1632770,2599198,2,3,vedama,,in,el,tuules,ukrainlasest,Vedas tuules ukrainlasest sõpra ja lõpetas kümnendana .
"in,el",11027583,17662331,19,20,põgenema,,in,el,lõpus,Eestist,"KMA teatel on välismaal elavate kodanike arvu väga raske hinnata , sest sünnijärgselt on kodanikud kõik II maailmasõja lõpus Eestist põgenenud inimesed ja nende järeltulijad ."
"in,abl",9984886,16016277,15,16,varastama,sisse,in,abl,hädas,kolhoosipõllult,"Lugesin kunagi lugu ühest vaesest Siberi kolhoosist , kus viie lapse ema varastas viimases hädas kolhoosipõllult teri oma põlle sisse ja sai selle eest kümme aastat ."
"in,abl",3747725,6035686,8,9,põgenema,,in,abl,kohtus,Venemaalt,"Nagu tõelisuseks saanud John Le Carré spiooniloos kohtus Venemaalt põgenenud luuraja endise kolleegiga , vajus mõned tunnid hiljem kokku , keha puurimas tundmatu mürk ."
"in,abl",1896159,3020921,4,5,lõppema,,in,abl,Kanadas,rajalt,Ebaõnnestunud lahendused lõppesid Kanadas rajalt väljasõitudega .
"in,abl",11234823,18001686,17,18,eksima,,in,abl,lõpus,penaltipunktilt,"“ Kartsin , et minu luhtunud löök maksab Barcale edasipääsu , ” meenutas oma üleelamisi normaalaja lõpus penaltipunktilt eksinud Rivaldo ."
"in,abl",4177546,6723421,9,10,nõudma,,in,abl,kohtus,tööandjalt,Eesti Põlevkivi kaevandustes töötades tervise rikkunud kaevurid nõuavad kohtus tööandjalt kompensatsiooni .
"in,abl",56867,98210,22,23,lendama,,in,abl,põrsas,peolaualt,"Kõige rohkem ajasid Mannerheimi naerma lihtsad , eluolulised apsakad , nagu näiteks juhtum 1939. aasta jõulude aegu , mil tatraga täidetud põrsas peolaualt põrandale lendas ."
"in,abl",11824481,18924190,4,5,lahkuma,,in,abl,Torinos,väljakult,Newcastle United lahkus Torinos väljakult 0 : 2 kaotusega Juventuselt .
"in,abl",9920328,15915310,7,8,jooksma,maha,in,abl,raudteejaamas,rööbastelt,"Kolm tsisternvagunit jooksis läinud esmaspäeval Tartu raudteejaamas rööbastelt maha , sest pööre oli liiga kulunud , selgitas uurimine ."
"in,abl",7208973,11595257,3,4,saama,,in,abl,oktoobris,linnavalitsuselt,"Riina sai oktoobris linnavalitsuselt vastuse , kus lubati , et kui ema vastab kõigile kolmele toetusele kehtestatud tingimustele , siis on õigus saada ka kõiki kolme toetust ."
"in,abl",4962403,7967551,9,10,ehtima,,in,abl,päästerõngas,laevalt,"Hüüdnimi pärineb ajast , mil asutuse seina ehtis päästerõngas laevalt Odessa ."
"in,abl",10374212,16644645,7,8,viima,,in,abl,mais,presidenditoolilt,Indoneesias viisid majanduskriisist tingitud rahva rahutused mais presidenditoolilt üle 30 aasta riiki juhtinud Suharto .
"in,abl",9618795,15438954,6,7,pääsema,,in,abl,sarjas,alagrupiturniirilt,Klubide koondis Kalev pääses Saporta sarjas alagrupiturniirilt play-offi .
"in,abl",13680432,21860164,11,12,andma,,in,abl,aastas,laenusummalt,Eesti kommertspangad annavad praegu peamiselt eluasemelaenu intressiga 13–15% aastas laenusummalt .
"in,abl",13185285,21094394,7,8,astuma,maha,in,abl,Tartus,rongilt,"Esimest korda saabusin jaanuaris : astusin Tartus rongilt maha , sadas lund , oli külm ja pime ."
"in,abl",12091577,19356289,9,10,sõitma,välja,in,abl,Hispaanias,rööbastelt,"Esmaspäeva õhtul ja teisipäeva hommikul sõitis mõnetunnise vahega Hispaanias rööbastelt välja kaks reisirongi , kokku hukkus õnnetustes vähemalt 21 inimest ."
"in,abl",842891,1343101,15,16,võtma,ära,in,abl,sadamas,AS-ilt,"Viimati avastasid suure salasigarettide koguse Tallinna tolliinspektuuri töötajad , kes võtsid veebruari keskel Muuga sadamas AS-ilt Toval ära ligi kaheksa miljonit salasigaretti , mida kurjategijad toimetasid AS-i Esteval konteinerite remonditsehhi territooriumile Maardus ."
"in,abl",16624190,25594204,16,17,tõmbama,,in,abl,klassis,seinalt,"näiteks mind viskas ta täna tunnist välja , ja süüdistas , et ma tõmbasin bio klassis seinalt mingi paberi alla ."
"in,abl",902162,1437056,3,4,saama,,in,abl,aastas,riigilt,Elektriraudtee saab aastas riigilt toetust 72 miljonit krooni .
"in,abl",5576695,8942628,3,4,ootama,,in,abl,veebruaris,linlastelt,Linnavalitsus ootas veebruaris linlastelt ettepanekuid Pärnu aastate 2002 kuni 2006 teemade kohta .
"in,abl",9472754,15207242,3,4,naasma,,in,abl,jõuluehtes,Albionilt,Oper naasis jõuluehtes Albionilt juba 22. detsembril .
"in,all",12673202,20277536,3,4,viitama,,in,all,avalduses,jutuajamisele,"Sukles viitab avalduses jutuajamisele mehega , kes ütles , et on Murrult saanud 50 000 krooni käsiraha Suklese tapmise eest ."
"in,all",13328031,21321937,10,11,sattuma,,in,all,tipus,karile,"Pühapäeval kella 22.30 ajal sattus navigatsioonivea tõttu Kopli neeme tipus karile Vene lipu all sõitev kaubalaev Nikolai Lebedev , mis pukseeriti Balti laevaremonditehasesse ."
"in,all",12914582,20657636,16,17,tulema,,in,all,esituses,ettekandele,"Arvo Pärdi festivali avakontserdil Rakvere Kolmainu kirikus tuleb Eesti Filharmoonia Kammerkoori , solistide ja ansambli esituses ettekandele üks helilooja tuntumaid oopusi « Passio » , mida dirigeerib festivali kunstiline juht Paul Hiller ."
"in,all",5728139,9186752,5,6,tellima,,in,all,restoranis,endale,"Tiit Kikas tellis kord restoranis endale hiina pardi , mille pärast olin sunnitud teise lauda kolima ."
"in,all",8468178,13572701,15,16,teatama,,in,all,aruandes,keskvalimiskomisjonile,"5. juunil , seega 11 päeva enne valimiste esimest vooru teatas Jeltsini valimisstaap oma aruandes keskvalimiskomisjonile , et presidendikandidaat on raisanud reklaamile massiteabevahendites 7,2 miljardit rubla ning välisreklaamile ja muule trükiagitatsioonile 741 miljonit rubla ."
"in,all",12961593,20735990,9,10,kaotama,,in,all,voorus,Kasahstanile,"Mallorcal toimuval 36. maleolümpial kaotas Eesti meeskond neljandas voorus Kasahstanile 1,5 : 2,5 ."
"in,all",8640444,13863084,4,5,viitama,,in,all,artiklis,probleemile,"Urva viitab oma artiklis probleemile , et ühe aktsionäriga ettevõtte ainuomanik on kõikide äriseadustikuga ettenähtud juhti-misorganite täitmiseks sunnitud kogu oma suguvõsa mängu panema ."
"in,all",10375871,16647411,11,12,selguma,,in,all,lääneriikides,paljudele,"Mis eesti sõdurile Sinimägedes ja Emajõel oli endastmõistetav , selgus lääneriikides paljudele alles pärast seda , kui Nõukogude Liit oli 1948 . a . kehtestanud Lääne-Berliini blokaadi ."
"in,all",2725529,4371852,7,8,esitama,,in,all,aprillis,politseile,"Kesk- ja Reformierakonna juhitav linnavalitsus esitas aprillis politseile avalduse kriminaalasja algatamiseks , süüdistades Pakostat kahes linna raha raiskamise kuriteoepisoodis ."
"in,all",10291937,16516411,8,9,jõudma,,in,all,alguses,piirivalveametile,Bõkovi jõugu liikmete ülekuulamiste tulemusena jõudis mai alguses piirivalveametile ka teave Zadõkovi smugeldamisest üle Narva jõe .
"in,all",18568588,28101694,30,31,panema,,in,all,saalis,hääletamisele,"Ma tean , et meie komisjoni liikmel ja politseipraktikul Koit Pikarol oli selles kohas eriarvamus , ja ma oletan , et kas tema või keegi teine paneb need küsimused saalis hääletamisele ."
"in,all",5950372,9552483,19,20,kütma,,in,all,vahetunnis,teineteisele,"Mittesuitsetajad ja suitsetajad on nagu 2.a ja 2.b klassi koolipoisid ( -plikad ) , kes vahetunnis teineteisele pasunasse kütavad ."
"in,all",13450408,21512285,4,5,kuluma,,in,all,nädalas,armukesele,Kui palju kulub nädalas armukesele aega ?
"in,all",11072732,17736559,1,2,pääsema,,in,all,Algviisikus,platsile,Algviisikus platsile pääsenud 200 cm pikkuse Linnase ülesanne oli piirata Margus Metstaki tegevusvabadust .
"in,all",3291951,5291978,6,7,tooma,,in,all,kultuurikeskuses,lavale,"Julged noored Otsa-koolist tõid Salme kultuurikeskuses lavale enamikus oma jõududega tehtud muusikali "" West Side Story "" , kirjutab Kaisa Tahlfeld ."
"in,all",18143358,27562672,7,8,rääkima,,in,all,vastuses,arupärimisele,Nendest ühest rääkisin ma päris pikalt vastuses arupärimisele .
"in,all",14050510,22370561,17,18,tulema,,in,all,oksjonimajas,enampakkumisele,"Just see , üks maailma enim kopeeritud kleite , tuleb tänavu 5. detsembril Londoni Christie'oksjonimajas enampakkumisele ."
"in,all",14366357,22790963,48,49,jõudma,,in,all,punktides,kokkuleppele,"Kui asi on erikokkuleppe korras esitatud arbitraažikomiteele , kes leiab , et komisjoni nõudmine on kooskõlas artikli 17 sätetega , teeb ta teatavaks oma põhjendatud otsuse , mis sisaldab taotlejale litsentsi andmist ning sätestab litsentsi tingimused ja selle eest makstava tasu , kui pooled ei ole nendes punktides kokkuleppele jõudnud ."
"in,all",7187031,11560490,7,8,avanema,,in,all,tegevuspaigas,uitajale,Selline pilt avaneb Teet Kallase romaani tegevuspaigas uitajale praegu .
"in,all",11716109,18750274,5,6,andma,,in,all,majandusraskustes,Venemaale,""" Euroopa Liit annab majandusraskustes Venemaale abi , mis talle endalegi kasulik , sest aitab lahendada ületootmise probleemi , "" nentis Oopkaup ."
"in,ad",8361368,13399020,9,10,istuma,,in,ad,südalinnas,pargipingil,Mõni aasta tagasi istusin hilissuvise päeva pärastlõunal Kopenhaageni südalinnas pargipingil ja ja jälgisin keskealise korilase tegevust .
"in,ad",13385598,21410750,4,5,olema,,in,ad,Šveitsis,puhkusel,Lepiksoni sõnul rääkis Šveitsis puhkusel olnud patriarh talle pikalt Vene õigeusu kiriku arengust Venemaal .
"in,ad",3077843,4940558,9,10,olema,,in,ad,paikkonnas,kasutusel,Teise uue tänava nime valikul peeti sobivaks lähtuda paikkonnas kasutusel olnud kohanimest Pardiloigu .
"in,ad",12635212,20218201,5,6,sündima,,in,ad,Strasbourg'is,Prantsusmaal,Ta sündis 1761. aastal Strasbourg'is Prantsusmaal ja sai nime Marie Grosholtz .
"in,ad",11900179,19043730,8,9,käima,järel,in,ad,hotellis,Lennartil,"Ilves käis küll iga mõne tunni tagant hotellis Lennartil järel , kuid ikka jõudis tagasi raadiomajja üksi ."
"in,ad",3180583,5107768,6,7,tervitama,,in,ad,sõnavõtus,ülemkogul,Peaminister Juhan Parts tervitas oma sõnavõtus ülemkogul soovitust lülitada Wim Kok'i juhitud tööhõive töörühma koostatud raporti ettepanekud Euroopa tööhõive strateegiasse .
"in,ad",288242,453752,13,14,sagenema,,in,ad,koolis,uuringuaastal,"Aastatel 1994-1999 on eesti vastajate hinnangul seksuaaleluga seonduvate teemade käsitlemine koolis uuringuaastal sagenenud : oluliselt on kasvanud ( v=.33 ) nende noorte hulk , kelle arvates käsitleti seksuaalsuhteid ja rasestumist mitmes tunnis ."
"in,ad",6466445,10398050,11,12,avama,,in,ad,Tallinnas,Lasnamäel,"Jäätisetootja ja külmutatud toiduainetega kauplev AS Tallinna Külmhoone avab kolmapäeval Tallinnas Lasnamäel uue logistikakeskuse , mis läks maksma 55 miljonit krooni ."
"in,ad",17995527,27383528,8,9,arutama,,in,ad,taluõues,Harjumaal,"Kui Šveitsi piimandustalunik Laurent Magnin esmaspäeval Sassi taluõues Harjumaal taluasju arutab , rõhutab ta “ teie , eestlased ” ja “ meie , Šveitslased ” ."
"in,ad",17074474,26244036,16,17,käima,,in,ad,talus,Lääne-Virumaal,"Esimene saade , mis läheb eetrisse 27. detsembri õhtul , käib külas Jaak Läänemetsa Uuetoa talus Lääne-Virumaal ."
"in,ad",10442933,16747160,5,6,saama,,in,ad,Eestis,valimistel,Ükski erakond ei saa Eestis valimistel üle 50% parlamendikohtadest .
"in,ad",1266624,2012577,17,18,olema,kohal,in,ad,nimekirjas,suisakuuendal,F1-e 'suur isa' Bernie Ecclestone ning tema kroaatlannast abikaasa Slavica on Suur-Britannia rikaste inimeste nimekirjas suisakuuendal kohal .
"in,ad",10012805,16062451,11,12,tõusma,,in,ad,rongides,vahemaal,"Piletihinnad tõusevad kõigis kohalikes , linnadevahelistes , regioonidevahelistes ja rahvusvahelistes rongides vahemaal alates 100 km , teatas Ingo Bretthauer Saksa Raudtee turundusosakonnast ."
"in,ad",10095486,16195776,16,17,harjutama,,in,ad,treeningulaagris,Prantsusmaal,"Eestimaal puhkust veetes võttis casinolane mõneks ajaks hoo maha , viimase nädala harjutas koos klubikaaslastega treeningulaagris Prantsusmaal ."
"in,ad",412845,642332,4,5,lõikama,,in,ad,Sitsiilias,pisivargal,"Itaalia maffiamõrtsukad lõikasid Sitsiilias pisivargal käed otsast , viskasid ta kraavi ja lasid verest tühjaks joosta ."
"in,ad",696559,1108253,29,30,ütlema,,in,ad,Moskvas,pressikonverentsil,""" Me oleme koostanud puhkusel käijate nimekirja , nii et iga kell hoiavad siin asjade kulgemisel silma peal vähemalt 30 inimest , "" ütles kommunistide liider Gennadi Zjuganov Moskvas pressikonverentsil , kui duuma ametlikult puhkusele läks ."
"in,ad",15133108,23667722,12,13,ütlema,,in,ad,Naltšikis,pressikonverentsil,"« Mashadovi matmispaik jääb avalikkusele teadmata , » ütles Šepel reedel Naltšikis pressikonverentsil ."
"in,ad",8823518,14169773,24,25,seisma,,in,ad,hiilguses,uksel,"Kohvitassi põhi paistis ning olin just viimast tilka endale kurku kallutamas , kui uks pauguga lahti läks ja minu hommikune klient oma täies hiilguses uksel seisis ."
"in,ad",15566357,24306611,3,4,sõitma,,in,ad,mägedes,serpentiinidel,D : mägedes serpentiinidel ilma sidekiivrita sõidate samas tempos jalgratturitega kui veoauto ette juhtub ja sõber eespoolt kurvi tagant infi ei anna .
"in,ad",10975999,17580134,11,12,tabama,,in,ad,Linnas,kiirrünnakul,"Rakvere kaotas palli , 2,8 sekundit enne lõppu tabas Erkko Linnas kiirrünnakul Piritale võidukorvi ."
"adit,in",13412046,21453703,8,9,saama,,adit,in,kätte,detsembris,"Veel 500 miljonit dollarit saab Venemaa valitsus kätte detsembris , et kasutada seda Gazpromi reformimiseks , ning ülejäänud 700 miljonit dollarit peaks laekuma järgmise aasta jooksul ."
"adit,in",5127874,8227219,4,5,vedama,,adit,in,kampa,väikebussis,"Riisalo veab lõbusat kampa väikebussis ega tee väljagi reisijate nõudmistest : "" Riisalo , kuule !"
"adit,in",4632253,7444321,6,7,tooma,,adit,in,valitsusse,Poolas,Viimati tõid pettunud valijad äärmuslased valitsusse Poolas .
"adit,in",11641161,18634361,13,14,porisema,,adit,in,kraavi,põhjas,"Otse meie ees paistab kraavist ühe Toyota saba , nina poriseb kusagil kraavi põhjas ."
"adit,in",13333591,21331155,8,9,ilmuma,,adit,in,teoloogi,Lambertus,Vanim muukeelne raamat Eesti Rahvusraamatukogus on Kölni teoloogi Lambertus de Monte 1486. aastal ilmunud “ Copulata super tres libros Aristotelis De anima ... ” .
"adit,in",5249547,8422688,16,17,investeerima,,adit,in,ehitusse,Tartus,Tartu kaabeltelevisoonivõrgu loa saanud Starman Kaabeltelevisooniga seotud OÜ Taevatuli investeerib aasta kuni pooleteise jooksul võrgu ehitusse Tartus umbes 30 miljonit krooni .
"adit,in",11248354,18025656,8,9,tõmbuma,,adit,in,pilve,taevas,Mõni minut enne kuut tõmbuvad üksteise järel pilve taevas ning esimesest tingituna ka korraldajate näod .
"adit,in",10889813,17441682,7,8,saabuma,,adit,in,konsulaati,Peterburis,"“ Vaadake , mis toimub Soome konsulaati Peterburis saabunud ühe väikese ähvarduse mõjul ."
"adit,in",4700998,7553752,4,5,tulema,,adit,in,kasutusse,septembris,"Uus klass tuleb kasutusse septembris koos Airbus A340-300 lennukite lennukiparki arvamisega , tsiteeris Kauppalehti Online SAS-i pressiteadet ."
"adit,in",3797761,6117012,4,5,toimuma,,adit,in,Turisti,poes,"Reedel õhtul endises Turisti poes toimunud ööklubi Parlament avamine tõi oodatud poole tuhande inimese asemel kokku poolteist tuhat huvilist , mistõttu baarides tekkisid kuni tunniajalised järjekorrad ."
"adit,in",13342511,21345092,5,6,raputama,,adit,in,pähe,ETV-s,SL raputab enesele tuhka pähe ETV-s liigsete lootuste üleskütmise eest .
"adit,in",12802031,20479202,14,15,tungima,,adit,in,majja,USAs,"Saksamaal kontserdireisil olev Britney Spears sai hulga tasuta reklaami , kui tema ehitatavasse majja USAs Louisiana osariigis Kentwoodis tungis fanaatiline austaja ."
"adit,in",9581499,15378990,10,11,lööma,,adit,in,EMi,finaalis,Itaalia liiga suurim väravakütt lõi Saksamaa võiduvärava 1996. aasta EMi finaalis ning tema eilne värav oli alagrupiturniiril Iraanile löödu koopia .
"adit,in",10491235,16822450,13,14,andma,,adit,in,kätte,Tallinnas,"Koonderakonna peasekretär Neeme Jõgi annab Miss Valge Daam Evelinile erakonna liikmekaardi pidulikult kätte Tallinnas Koonderakonna peakorteris Raekoja platsil täna kell 14 . 30 , teatas Koonderakonna esindaja ."
"adit,in",10961697,17556640,13,14,pidama,,adit,in,poodi,meeles,"Lubasin , et kui uut ratast hakkan ostma , pean ka Ratturi poodi meeles , samuti siis , kui seda vana müüa tahan ."
"adit,in",21055871,29895599,9,10,kindlustama,,adit,in,kolmkorda,päevas,"+Milord: Eleanora , kui kindlustad mind kolmkorda päevas kepiga , siis einarri , kuid nendest kolmest korrast yhel pead vööra ette ajama :P"
"adit,in",12839906,20537762,5,6,külastama,,adit,in,saatkonda,Stockholmis,Pärastlõunal külastas ta Eesti saatkonda Stockholmis ja õhtul oli kogu euroseltskonnale vastuvõtt Wasa muuseumis .
"adit,in",2220595,3551266,24,25,istuma,,adit,in,pähe,autos,"Seni reaalse vanglakaristuse saanud politseiametnikest oli kõrgeima auastmega Tallinna prefektuuri juhtimiskeskuse abikomissar Jaan Rütman , kes tulistas viis aastat tagasi vanalinnas kogemata kuuli pähe autos istunud Lada Petkole ."
"adit,in",5940223,9535783,6,7,sattuma,,adit,in,staapi,Šaliis,Ühel päeval sattusid eestlased tema staapi Šaliis .
"adit,in",9821784,15759421,20,21,varisema,,adit,in,põrmu,stardis,"Pärast boksipeatust rahulikult kolmadana lõpuni sõitnud Häkkinen tunnistas , et tema lootused oma praeguses kodulinnas mullust esikohta korrata varisesid põrmu stardis ."
"adit,ill",13229222,21165634,2,3,sõitma,,adit,ill,koju,Antslasse,"Sõidan koju Antslasse , et maja kütta ja metsas hulkuda , kas või puulehti korjata ."
"adit,ill",11329596,18156605,10,11,saabuma,,adit,ill,linna,Buhhaarasse,"See oli 1983 . aasta hilissuvel , kui Usbekimaa iidsesse linna Buhhaarasse saabusid NSV Liidu prokuratuuri ülitähtsate asjade uurijad Gdljan ja Ivanov ."
"adit,ill",1411430,2244932,12,13,saabuma,,adit,ill,koju,Tšiilisse,"Suurbritannias koduarestis viibinud eksdiktaator Pinochet ( 84 ) saabus möödunud nädalal koju Tšiilisse , sest Briti võimud leidsid , et ta on Hispaaniale kohtupidamiseks väljaandmiseks liiga haige ."
"adit,ill",4725701,7591845,6,7,laskma,,adit,ill,suvepealinna,taevasse,Südaööl laseb firma Eesti Ilutulestikud suvepealinna taevasse ligi 100 000 krooni maksva ilutulestiku .
"adit,ill",2502563,4012796,7,8,jöudima,,adit,ill,keskusse,Južno-Sahhalinskisse,"Pärast Primorjet jöudis lumetorm Sahhalini saare keskusse Južno-Sahhalinskisse , kus kolm 11-aastast last katuselt liugu lastes üle pea lumme vajusid ja lämbusid ."
"adit,ill",10450539,16758801,4,5,sõitma,,adit,ill,koju,Groznõisse,"Mees ei sõitnud koju Groznõisse , vaid jäi Tallinna ."
"adit,ill",4720154,7583209,2,3,kogunema,,adit,ill,sadamalinna,Genovasse,Itaalia sadamalinna Genovasse kogunenud seitsme juhtiva tööstusriigi ja Venemaa liidrite kolmepäevane tippkohtumine jäi sarnaselt paljudele teistele viimastel aastatel toimunud maailma liidrite kõnelustele nii G8 liidrite kui rahumeelsete meeleavaldajate arvates teenimatult anarhistide ja eriüksuslaste kokkupõrgete varju .
"adit,ill",668622,1063008,6,7,kolima,,adit,ill,sotsiaalmajja,turvakodusse,"Uuel aastal kolib pere linna sotsiaalmajja turvakodusse , kuid seal pikalt elada ei saa ."
"adit,ill",2824566,4529591,4,5,sõitma,,adit,ill,külla,kuurordisse,"Mees sõitis naisele külla kuurordisse , kus see oli puhanud juba kaks nädalat ."
"adit,ill",13076926,20924861,5,6,suhtuma,,adit,ill,Soome,meediasse,"Räägitakse , et suhtute Soome meediasse suure põlgusega ja olete intervjuude ainuõiguse müünud « 7 päivääle » ( Soome Kroonika analoog – U.S. ) ?"
"adit,ill",3857659,6213221,7,8,saama,üles,adit,ill,platsi,ümbrusesse,"Käesoleva aasta lõpuks saavad Tartu Raekoja platsi ümbrusesse üles üheksa uut turvakaamerat , mis hakkavad jäädvustama kõiki selles piirkonnas toimuvaid õigusrikkumisi ."
"adit,ill",4848796,7784822,7,8,sisenema,,adit,ill,pealinna,Ateenasse,1827 - Türgi väed sisenesid Kreeka pealinna Ateenasse .
"adit,ill",5102122,8188670,11,12,saabuma,,adit,ill,peatuspaika,Jordaaniasse,"USA välisminister Colin Powell saabus täna oma Lähis-Ida turnee järgmisesse peatuspaika Jordaaniasse , et aidata kaasa hapra vaherahu kindlustamisele Iisraeli ja palestiinlaste vahel ."
"adit,ill",15378299,24020237,10,11,ulatuma,,adit,ill,ARKi,enesesse,"Me ei imestaks , kui riisumise juured ulatuksid ka ARKi enesesse ning sealt edasi ka riigiameteisse ."
"adit,ill",5261719,8440393,9,10,viima,,adit,ill,pealinna,Pristinasse,"Seal ootas kokkulepitud paigas auto ning viis tüdrukud pealinna Pristinasse , kus ootas ostja ."
"adit,ill",6907014,11099599,8,9,pugema,,adit,ill,pelgu,pettusesse,Ma valisin oma varjupaigaks vale ja pugesin pelgu pettusesse .
"adit,ill",844709,1346188,5,6,saatma,,adit,ill,koju,Kanadasse,"Eesti Raudtee saatis hiljuti koju Kanadasse Briani , kes töötas üheksa kuud firma finantsosakonnas ."
"adit,ill",3897270,6277088,8,9,tulema,,adit,ill,osariiki,Alaskasse,"Kõige viimasena tuleb 2005. aasta aga USA osariiki Alaskasse , sinna jõuab uus aasta Eesti aja järgi laupäeval kell 11 hommikul ."
"adit,ill",12842606,20542003,5,6,jääma,,adit,ill,koju,sahtlisse,"« Need jäävad minu koju sahtlisse , ma ei tee nendega praegu midagi ."
"adit,ill",12440539,19917256,10,11,põgenema,,adit,ill,pealinna,Kinshasasse,Peaminister Bernard Kolelas ja mitu valitsuse liiget põgenes naaberriigi pealinna Kinshasasse .
"adit,el",3944296,6352460,10,11,astuma,läbi,adit,el,vallamajja,sadamakõrtsist,""" On tore , kui ka siinne maamees teel vallamajja sadamakõrtsist läbi astub ja end inimesena tunneb . """
"adit,el",5521578,8852742,5,6,väljuma,,adit,el,hätta,Pärnust,"Ainsana sattus tormisel merel hätta Pärnust väljunud Hollandi lipu all sõitev Rhapsodi , mis kaotas tormisel merel oma lastist 60 tihumeetrit puitu ."
"adit,el",4849748,7786356,4,5,minema,,adit,el,jalgpalliriiki,soomlasest,"Ma läksin traditsiooniderohkesse jalgpalliriiki soomlasest "" suusatreenerina "" , nagu mind kutsuti ."
"adit,el",884927,1409334,22,23,seadma,,adit,el,sõltuvusse,juristidest,"Sellised seadused soodustavad tahtmatuid seaduserikkumisi , õõ-nestavad inimeste usaldust seadusandluse vastu , panevad end tundma madalama sordi kodanikena , seavad inimesed sõltuvusse juristidest jne."
"adit,el",2515323,4033585,4,5,uppuma,,adit,el,arutlusse,liitumisest,Väärt sõnum upub arutlusse liitumisest .
"adit,el",9531366,15300064,4,5,võitma,,adit,el,maailma,esikahekümnest,Eestlane võitis mehi maailma esikahekümnest ja sai jagu mõnest kümne parema sekka kuulujaistki .
"adit,el",1054153,1676424,26,27,jätma,sisse,adit,el,seadusse,hooletusest,"Eesti tulumaksuseaduse puudused , mis selle aasta alguses raamatupidajatel ja finantsjuhtidel pea valutama on pannud , ei tulene ainult sellest , et muudatuste tegijad oleksid seadusse hooletusest näpuvead sisse jätnud ."
"adit,el",14354010,22782421,11,12,tulema,,adit,el,Kölni,minust,"Näiteks 213 cm pikk poolakas Marcin Gortat , kes tuli Kölni minust aasta varem , ei osanud üldse põrgatada , ei teadnud korvpallis maast ega ilmast midagi ."
"adit,el",15351872,23977677,12,13,tooma,,adit,el,kinno,aastaajast,"MPDE esindaja Lauri Kaare tähendas , et huviäratav film toob vaataja kinno aastaajast hoolimata ."
"adit,el",1701870,2709016,18,19,minema,,adit,el,marru,sellest,"Uurija sõnul tekkis mõrvaõhtul alkoholi tarbinud Vladimiril külas Heiti ja Heikiga tüli ning purjus mees läks tõenäoliselt marru sellest , et isa ja poeg talle füüsiliselt vastu hakkasid ."
"adit,el",13622274,21782992,3,4,jääma,,adit,el,silma,Ateenast,Madissonidele jäi silma Ateenast umbes 140 kilomeetri kaugusel asuv Argolise maakond Peloponnesose poolsaarel .
"adit,el",7984701,12803586,3,4,tekkima,,adit,el,sisemusse,viinast,Hetkeks tekkis sisemusse viinast terav valu .
"adit,el",2590457,4157445,4,5,küsima,,adit,el,teise,käest,Üks sõber küsib teise käest :
"adit,el",13667852,21840692,17,18,väljutama,,adit,el,sisemusse,kogunenust,"Lisaks piinas Kirsi viimastel päevadel kraesse karanud kõhutõbi , Urmas väljutas teisel poolajal Torshavni vutimurule annuse sisemusse kogunenust ."
"adit,el",16114198,25015212,8,9,olema,,adit,el,EM-i,rongist,Marko Turban ja Kertu Tiitso on kergejõustiku EM-i rongist maha jäämas
"adit,el",10688649,17128170,9,10,saama,,adit,el,kätte,maratonikeskusest,"Osa lapsi jäi diplomitest ilma , diplomid saab kätte maratonikeskusest , Tartu lastele lubatakse saata koolidesse ."
"adit,el",6600720,10621441,15,16,külastama,,adit,el,koju,naasmisest,""" Meie firmas kehtib reegel , et esmasündinuid külastab perearst viie päeva jooksul alates koju naasmisest ."
"adit,el",21156952,29950617,5,6,peksma,,adit,el,pihku,päevast,marco: ma peksan pihku päevast päeva
"adit,el",1308432,2078768,4,5,kogunema,,adit,el,rajaveerde,tavalisest,Põhjanaabrite juures koguneb rajaveerde tavalisest suurem hulk eestlasi .
"adit,el",18874681,28504590,5,6,lööma,püsti,adit,el,metsatukka,kilest,Peavarjuta elanikud lõid Mustamäe metsatukka kilest telgid püsti .
"adit,abl",13769312,21953627,17,18,asuma,,adit,abl,võistlustulle,poolkülmalt,Mullu noorte MMil kuuendaks tulnud ja suvel orienteerumises noorte klassis EM-hõbeda võitnud Saue ja Hanni asuvad võistlustulle poolkülmalt .
"adit,abl",16410888,25356409,4,5,saama,,adit,abl,kätte,igalt,"Esmase tarbijainfo saab kätte igalt poolt : mis puudutab reklaamimisvõimalusi , kavasid , toimetuse telefoninumbreid või töötajate elektronaadresse ."
"adit,abl",13653811,21820129,16,17,mõistma,,adit,abl,vangi,inimeselt,Meelis Lao kohta kirjutab Eesti Ekspress : “ Aastal 1988 . mõistis Harju maakohus Lao tingimisi vangi inimeselt ebaseaduslikult vabaduse võtmise eest .
"adit,abl",1019103,1621924,9,10,jooksma,,adit,abl,vanni,külgedelt,"Vanni põhjas on hoopis matt , vesi jookseb vanni külgedelt ja alt ."
"adit,abl",7578760,12165303,16,17,leidma,,adit,abl,konkursiprogrammi,Venemaalt,Mitmel aastal pole vene filme olnud Veneetsia festivalil ja ka Cannes ei ole enam leidnud konkursiprogrammi Venemaalt väärikat tööd .
"adit,abl",11947111,19118720,9,10,küsima,,adit,abl,toime,psühholoogilt,"Ka teadmisega ema-isa traagilisest surmast tuleb vapper väikemees toime psühholoogilt nõu küsinud vanaema tegi lapsele kohe pärast õnnetust selgeks , mis on juhtunud ja surnuaial käib Rasmus sageli ja kartuseta ."
"adit,abl",7496108,12032462,7,8,tulema,,adit,abl,loodusse,rännakult,"Ta tuli siis just ühelt oma loodusse rännakult , me seisime "" Moskva "" kohviku ees ja ma olen kindel , et Tõnu ei häbenenud enne öelda ja alles pärast kirja panna ."
"adit,abl",2122248,3388255,13,14,võtma,,adit,abl,prostituuti,tänavalt,"Valmiva eelnõu kohaselt või-dakse ennast tänaval müüvat prostituuti karistada 3000-eurose trahviga , prostituuti tänavalt autosse võtvat klienti võib aga tabada veelgi suurem trahv ja auto panti võtmine ."
"adit,abl",263835,416484,6,7,küsima,,adit,abl,klassi,pudilõugadelt,Varsti ta küsib seda teise klassi pudilõugadelt ka .
"adit,abl",8232049,13209007,17,18,saama,,adit,abl,dessantdiviisi,ohvitserilt,"Vene telekanal RTR näitas 200 miljonile venemaalasele , kuidas Kalatšov sai 21. aprilli õhtul Pihkvas ühelt dessantdiviisi ohvitserilt õhukese paberipaki ."
"adit,abl",3439431,5537126,10,11,jääma,kõrvale,adit,abl,EMi,finaalturniirilt,"Kui me noortesse ei investeeri , jääme edaspidigi meeste EMi finaalturniirilt kõrvale ."
"adit,abl",4867816,7814908,20,21,saama,,adit,abl,kätte,hoiuarvelt,"Kui ma sellele mõni aeg hiljem järele läksin , selgus viimase teenindustaseme näitajana , et ka selle raha saan kätte hoiuarvelt !"
"adit,abl",19342632,29073636,6,7,võtma,,adit,abl,suhu,üksteiselt,just_one_girl: no võtke siis suhu üksteiselt !!
"adit,abl",2274165,3640567,5,6,leidma,,adit,abl,kööki,meilt,""" Päris ehtsat itaalia kööki meilt enam ei leia ."
"adit,abl",6626102,10662602,5,6,jõudma,,adit,abl,kätte,62-selt,Ka meeste pensioniiga jõuab kätte 62-selt .
"adit,abl",5140992,8248725,3,4,tulema,,adit,abl,toimetusse,kohtumiselt,Tähismaa tuli toimetusse kohtumiselt kodakondsus- ja migratsiooniametist .
"adit,abl",4455208,7163833,4,5,saatma,,adit,abl,linnavolikokku,osaühingult,"Pärnu linnavalitsus saatis linnavolikokku osaühingult Croneland Ranna puiestee 3a kinnistu hoonestusõiguse omandamise eelnõu , mille järgi hoonestusõiguse eest makstakse üle nelja miljoni krooni , kirjutab Pärnu Postimees ."
"adit,abl",8171645,13117187,19,20,karjuma,,adit,abl,torni,vaateplatvormilt,"Aasta tagasi Läti iseseisvuspäeval terroriseerisid Riiat kolm Venemaalt saabunud “ limonovlast ” , kes kesklinnas Püha Peetri kiriku torni vaateplatvormilt riigivastaseid loosungeid karjusid ning ähvardasid ennast ja torni kaasavõetud granaadiga õhku lasta ."
"adit,abl",9307308,14951242,8,9,mõistma,,adit,abl,vangi,inimeselt,Aastal 1988. mõistis Harju maakohus Lao tingimisi vangi inimeselt ebaseaduslikult vabaduse võtmise eest .
"adit,abl",8010224,12848405,4,5,sügama,,adit,abl,segadusse,sattunult,Ogalik Nui sügas segadusse sattunult pead .
"adit,all",11281671,18080126,4,5,jõudma,,adit,all,suvekoju,Saaremaale,Kui palju jõuate suvekoju Saaremaale ?
"adit,all",17499722,26829758,12,13,jõudma,,adit,all,koju,Kullamaale,"Üle kolme aasta Keenias misjonärina töötanud Rael Leedjärv jõudis kolmapäeva hilisõhtul koju Kullamaale , sest aasta lõpus presidendivalimiste järel puhkenud rahutuste tõttu oli misjonäride elu ohus ."
"adit,all",4498719,7233281,14,15,minema,,adit,all,panka,tööle,"Hannese sõnul oli kinnisvarateadmistele lisaks finantsmaailma selgeks saamine peamine põhjus , miks ta panka tööle läks ."
"adit,all",9971816,15994912,23,24,naasma,,adit,all,Hansapanka,tööle,"Lõhmus teatas eile , et astub märtsi lõpus juhatuse liikme kohalt tagasi , sõidab end Harvardi ülikooli täiendama ega naase pärast seda Hansapanka tööle ."
"adit,all",5944281,9542196,3,4,panema,,adit,all,sotsiaalabihooldusse,arvele,"Paneme teid sotsiaalabihooldusse arvele , hakkate saama korterikompensatsiooni ja töötu abiraha ."
"adit,all",14518885,22960243,20,21,jooksma,,adit,all,aeda,isale,"Olin ju veel noor mees ja taolised asjad ei tohtinuks hinge minna , kuid mäletan , et jooksin kohe aeda isale sellest kohutavast uudisest teatama ."
"adit,all",2993215,4801087,3,4,hüppama,järele,adit,all,jõkke,mehele,Tauri hüppas jõkke mehele järele ning hakkas teda veest välja tõmbama .
"adit,all",12168171,19483642,3,4,minema,,adit,all,külla,inimesele,"Ma läksin külla inimesele , kes ei taha olla haige , vaid tahab teha tööd ."
"adit,all",12838184,20534951,8,9,helistama,,adit,all,Leetu,Landsbergisele,""" 1990 . aasta 10 . mai keskööl helistasin Leetu Landsbergisele ja Lätti Gorbunovsile ja kutsusin nad 12 . maiks Eestisse , "" meenutas Rüütel ."
"adit,all",19872630,29326571,5,6,laskma,,adit,all,näkku,sulle,AL_Capone: lasen paukku näkku sulle
"adit,all",6770452,10891941,21,22,paiskuma,,adit,all,ojja,katusele,21.01.2003 kella 20.20 paiku avastati Tartumaal Haaslava vallas Tõrvandi - Roiu - Uniküla tee 7. kilomeetril teelt välja sõitnud ja ojja katusele paiskunud sõiduauto Ford Sierra .
"adit,all",1119370,1779640,9,10,minema,,adit,all,linnavalitsusse,tööle,"Võitlus oli selleks ajaks võidetud , kui Kalle linnavalitsusse tööle läks , "" lisas ta ."
"adit,all",20981917,29855843,7,8,tõmbama,,adit,all,kerre,endale,BUSTA_m6istatus: tõmba ise poolik viin kerre endale
"adit,all",13769278,21953567,3,4,asuma,,adit,all,võistlustulle,Tobrelutsule,"Sprindis asuvad võistlustulle Tobrelutsule lisaks Dimitri Borovik , Janno Prants ja Margus Ader , kes asendab pisut haigestunud Roland Lenningit ."
"adit,all",8202166,13165223,11,12,minema,,adit,all,lasteaeda,tööle,"Kui lapsel oli aeg lasteaeda minna , läks Reet Trašanov lasteaeda tööle ."
"adit,all",13608291,21759435,11,12,sõitma,,adit,all,koju,Tšehhimaale,"Ülemise korruse elanikud , kaks nunna , sõitsid pärast jaanipäeva koju Tšehhimaale , et põhikloostris puhata ."
"adit,all",8807808,14140608,23,24,istuma,,adit,all,nurka,toolile,"Oli selge , et nii hõivatud inimesel pole kuidagi võimalik pöörata tähelepanu ootamatult saabunud pojale , mistõttu Luik tagasihoidlikult istus ukse juurde nurka toolile , võttis siidripudeli sülle ja jäi ootama ."
"adit,all",13800248,22002830,17,18,võtma,,adit,all,asutusse,tööle,"Eraülikooli Audentes juhtkond otsustas , et ei võta kultuurkapi-talilt 8,5 miljonit krooni riisunud Avo Viiolit oma asutusse tööle ."
"adit,all",5600641,8979786,3,4,minema,,adit,all,riigikokku,arutelule,Strateegia läks riigikokku arutelule
"adit,all",8800348,14125238,9,10,viima,,adit,all,osakonda,konsultatsioonidele,"Selle seikluse järg viis mind Tallinna Kiirabihaigla koronaarkirurgia osakonda konsultatsioonidele , kus mu seisukorra kriitilisus halastamatu selgusega ilmsiks tuli ."
"adit,ad",584353,925802,7,8,kogunema,,adit,ad,kultuurimajja,Läänemaal,"Kord või kaks kuus kogunevad Lihula kultuurimajja Läänemaal kohalikud sendiveeretajad - inimesed , kes julgevad tunnistada , et tahavad õppida senisest paremini majandama ."
"adit,ad",6520590,10488413,5,6,saama,,adit,ad,kätte,pühapäeval,"Tallinna pered saavad verivorstid kätte pühapäeval , 18. detsembril suurtele peredele korraldatud jõulupeol Tallinnas Kanutiaia noortemajas ."
"adit,ad",12438515,19914245,5,6,jõudma,,adit,ad,koju,teisipäeval,"Soku abikaasa Margit jõudis koju teisipäeval , öeldes , et võttis asjad juba kaasa ."
"adit,ad",2747071,4406189,3,4,ärkama,,adit,ad,ellu,pühapäeval,"Vulkaan ärkas ellu pühapäeval pärast umbes 200 väiksemat maavärinat , mis raputasid Ida-Sitsiiliat , tekitades mõningat paanikat inimestes ."
"adit,ad",3471881,5590566,5,6,saama,,adit,ad,kirja,Saksamaal,"Ka Pehk sai rekordi kirja Saksamaal . """
"adit,ad",1190490,1892732,6,7,istuma,,adit,ad,vanni,äärel,"Olime vannitoas , tema istus vanni äärel ."
"adit,ad",1981215,3159927,12,13,olema,,adit,ad,valda,teel,"Tallinna liikluspolitsei tabas neljapäeval kella kolme paiku öösel juhilubadeta roolist Padise valda teel olnud Andres Tarandi , kelle joobeastmeks mõõtsid politseinikud 0,8 promilli ."
"adit,ad",1079795,1716555,4,5,istuma,,adit,ad,pilve,piiril,Ma istun nüüd pilve piiril
"adit,ad",8853460,14223893,10,11,jätma,,adit,ad,varju,esmaspäeval,Kiire kursitõusu teinud Jaapani jeen jättis teisipäevastel Euroopa valuutaturgudel varju esmaspäeval eduka debüüdi teinud euro .
"adit,ad",20873485,29806389,14,15,panema,,adit,ad,baari,letil,dj_crule: Blade_77 kas see oli wary keda sa eelmine nädal panid ??? baari letil ???
"adit,ad",786351,1253755,9,10,sattuma,,adit,ad,mõttevahetusse,teemal,"Sattusin eelmisel nädalal Eestis tegutsevate Soome ettevõtete ärijuhtidega mõttevahetusse teemal , mille poolest erinevad eestlased ja soomlased ."
"adit,ad",11883294,19015233,4,5,pääsema,,adit,ad,Kuivastusse,esmaspäeval,"Virtsust pääseb lisareisidega Kuivastusse esmaspäeval kell 7 , neljapäeviti kell 15 ja 24 , reedeti kell 13 , 15 ja 24 ning pühapäeviti kell 15 , 19 ja 24."
"adit,ad",12587359,20142964,7,8,jääma,,adit,ad,pähe,külaskäigul,"Apteek olevat kinnismõte , mis jäi pähe külaskäigul Rootsi , kus juhus viis kokku eesti soost proviisoritega ."
"adit,ad",5972209,9586576,5,6,astuma,,adit,ad,kabinetti,hetkel,""" Ta astus mu kabinetti hetkel , kui ma suudlesin oma naist . """
"adit,ad",15249164,23817356,5,6,tooma,,adit,ad,meelde,80-ndatel,Sinu eelnev jutt tõi meelde 80-ndatel minu tehtud « avastuse » .
"adit,ad",16655712,25634399,7,8,tulema,,adit,ad,pähe,hetkel,Björgen ... muid nimesid ei tulegi pähe hetkel ... näis mis saab .
"adit,ad",6437665,10349836,10,11,jõudma,,adit,ad,koju,pühapäeval,"Teistest nädal hiljem mägedesse läinud Andrus Veerpalu jõudis Austriast koju pühapäeval , uuesti minnakse Ramsau liustikele tagasi juba 1. oktoobril ."
"adit,ad",6479301,10419284,13,14,saabuma,,adit,ad,Iraaki,neljapäeval,Väga ebatavalise käiguna lahkus Bush oma Texase rantšost kolmapäeva õhtul ning saabus Iraaki neljapäeval .
"adit,ad",2196964,3511971,9,10,tulema,,adit,ad,koju,hommikul,"Näiteks üheksa inglast , kes tulid linna pealt koju hommikul pool kaheksa ja tahtsid kell kaheksa ärgata ."
"adit,ad",12785418,20452303,9,10,puhkema,,adit,ad,õide,sügisel,"Eestis ja ka oma kodumaal Hiinas puhkeb ta õide sügisel , kui päev on alla 12-tunnine ."
"ill,in",1034993,1646505,10,11,tootma,,ill,in,kohtusse,kaitsemaskis,""" Kuigi me nõudsime eeluurimisvanglalt , et Rudai toodaks kohtusse kaitsemaskis , pole tal seda , "" ütles kohtunik saalisolijaile ."
"ill,in",3928716,6327338,3,4,sõitma,,ill,in,Jaapanisse,veebruaris,Höövelson sõitis Jaapanisse veebruaris 2004 ja sai profisumosse sisenemiseks ettevalmistuse Jaapani rahvusülikooli sumoklubis Nichi-dai .
"ill,in",1466837,2334503,18,19,pääsema,,ill,in,ruumidesse,allveelaevas,"Operatsioon näeb ette , et tuumaallveelaeva kõikide sektsioonide seintesse lõigatakse augud , mille kaudu tuukrid pääsevad kõikidesse ruumidesse allveelaevas ."
"ill,in",9883600,15856808,14,15,panema,,ill,in,läbipääsudesse,linnamüüris,"Kui türklased sultan Murati juhtimisel ründasid Stuhlweissenbergi , panid nupukad linnakodanikud oma mesilaskorvid läbipääsudesse linnamüüris ."
"ill,in",10391416,16671282,5,6,saabuma,,ill,in,Aafrikasse,detsembris,35-aastane Dian Fossey saabus Aafrikasse detsembris 1966 ja jäi sinna oma elu traagilise lõpuni .
"ill,in",8288494,13291626,10,11,panema,nõus,ill,in,keldrisse,õhukindlas,"Kui just vaja ei ole , siis paneb joogi keldrisse õhukindlas nõus seisma ."
"ill,in",3010873,4829646,13,14,kogunema,,ill,in,raketibaasidesse,Rodongis,"Põhja-Korea sõjaväemasinad , sõdurid ja võimalik , et ka raketiinsenerid kogunevad mitmetesse raketibaasidesse Rodongis riigi kirdeosas ."
"ill,in",8469038,13574174,28,29,toimetama,,ill,in,haiglasse,kodus,"Et kiirabibrigaad on sageli Haapsalust väljas abi andmas , siis täidavad parameedikud sageli kohustusi , mis neile otseselt võibolla kuuluma ei peaks : annavad esmaabi ja toimetavad haiglasse kodus raskesti haigestunuid ."
"ill,in",20234973,29502276,5,6,saama,,ill,in,pepusse,vanglas,breakboy16: poiss13 sai pepusse vanglas
"ill,in",5329072,8549235,6,7,investeerima,,ill,in,turvasüsteemidesse,aastas,"Riik investeerib Looduse sõnul maakondade turvasüsteemidesse aastas ligi 1,5 miljonit krooni ."
"ill,in",4333384,6971129,6,7,suhtuma,,ill,in,väljavaadetesse,tulevikus,"27,6 protsenti vastanuist suhtus rahuprotsessi väljavaadetesse tulevikus pessimistlikult ."
"ill,in",14040503,22354102,7,8,jõudma,,ill,in,klubidesse,siirdumises,"KORVPALL : Kolmest eelmisel nädalal Saksamaa klubidesse siirdumises kokkuleppele jõudnud Eesti korvpallurist kaks , Erki Kivinukk ja Gregor Arbet on jõudnud vormistada uute meeskondadega ka kirjaliku töölepingu ."
"ill,in",14550492,22993740,42,43,võtma,,ill,in,arvesse,ühenduses,"2 ) vastavalt määruse ( EMÜ ) nr 2201/96 artikli 7 lõikele 3 tuleks kindlaks määrata töötlemiseks kuivatatavate viinamarjade kasvatamise ja koristamise maksimaalne tagatud pindala ühenduses , mille ületamine põhjustab abi vähendamise järgmisel turustusaastal ; nimetatud suurim ala võtab arvesse ühenduses 1987/1988 ."
"ill,in",15288156,23866170,12,13,elama,,ill,in,Siberisse,Telsiais,""" Leedu prokuratuuril on andmeid , et Duanski vahistas ja saatis Siberisse Telsiais elanud lasterikka juudipere ."
"ill,in",1289530,2048625,4,5,jõudma,,ill,in,Helsingisse,juulikuus,"Esimene turismilaev jõudis Helsingisse juulikuus 1965 ja NL juhtkond ei osanud korrutada laevasõitusid ühe aasta kestel ning neid inimesi , kellega Soome turistid kohtusid Eestis . """
"ill,in",8623059,13835228,5,6,jääma,,ill,in,poliitikasse,tulevikus,"Toomla arvates jääb Eesti poliitikasse tulevikus neli suuremat parteid järgmiselt : Koonderakond suurtööstuse huve esindama , Reformierakond pangandust esindama , mingisuguse nime all üks maapartei maakapitali esindama ja vene partei vene kapitali esindama ."
"ill,in",8744027,14035923,19,20,edastama,,ill,in,peakorterisse,Seattle'is,"Skandaal sai alguse selle aasta sügisel , kui arvutiturvaspetsialistid avastasid , et tasuta jagatav tarkvara RealJukebox edastab kompanii peakorterisse Seattle'is andmeid kasutajate muusikaliste eelistuste kohta ."
"ill,in",2778047,4455117,4,5,laekuma,,ill,in,linnakassasse,veebruaris,"Trahvidest laekus Tallinna linnakassasse veebruaris 1,4 miljonit krooni ."
"ill,in",10027816,16086707,13,14,jõudma,,ill,in,eelarvesse,jaanuaris,"Tinni avaldas arvamust , et osa detsembris laekuma pidanud üksikisiku tulumakust jõudis eelarvesse jaanuaris ."
"ill,in",8327743,13346332,10,11,tooma,,ill,in,Eestisse,nädalas,Selle asemel toob tema juhitav organisatsioon Viron Lasten Apu Eestisse nädalas keskmiselt ühe autokoorma humanitaarabi ning korjab raha laste raviks välismaal .
"ill,adit",1578567,2511303,4,5,kukkuma,,ill,adit,sellesse,meepotti,"Olen ise ka sellesse meepotti kukkunud...kuid siiski : ole aus , siiras , julge , sõbralik , tolerantne jne ja värk klapib ."
"ill,adit",5549440,8897673,18,19,hammustama,,ill,adit,vasemasse,kätte,"Peale selle väidab umbes 170sentimeetrine kokk , et kleenuke restoraniomanik peksis teda korduvalt ning hammustas korra koguni vasemasse kätte !"
"ill,adit",9824135,15763249,7,8,jõudma,,ill,adit,neljandasse,ringi,"Sampras alistas rootslase Jonas Björkmani , neljandasse ringi jõudsid tippudest veel Corretja , Richard Krajicek ( Holland , 7 ) ja Marcelo Rios ( Tshiili , 8 ) ."
"ill,adit",7751395,12426618,15,16,saama,,ill,adit,kalendrisse,kirja,Rahva üldiseks õnneks kuulutati 2. aprill vabaks päevaks ning iga uus liiduga ühineja saab kalendrisse kirja veel ühe punase kuupäeva .
"ill,adit",10953963,17544435,19,20,pistma,,ill,adit,Eestisse,tasku,"Arvame , et BC Kalev on siiani spondeerinud Maarten van Genti , kes pistab mustanahaliste mängijate vahendamise eest Eestisse tasku kopsaka summa dollareid ."
"ill,adit",11826336,18927084,6,7,jääma,,ill,adit,ajalooraamatutesse,kirja,"Enne Malone'i jäi Michael Jordanil ajalooraamatutesse kirja 5987 , Kareem Abdul-Jabbaril 5762 ja Jerry Westil 4457 punkti ."
"ill,adit",6641304,10686517,6,7,tulema,,ill,adit,Sangastesse,külla,"Viimasel ajal tulevad oma võsukestega Sangastesse külla need , kes kunagi lastena viibisid lossis 25 suve tegutsenud pioneerilaagris ."
"ill,adit",20990094,29859458,10,11,sekkuma,,ill,adit,imeliusasse,vestlusse,Kapuuts: nii kas mõni naissoost isik kah meie imeliusasse vestlusse sekkuks
"ill,adit",13343244,21346151,19,20,saama,,ill,adit,raamatusse,kirja,"Peaasjalikult kavatsen uut rekordit seepärast , et ehk läheb nüüd paremini ja saame selle tulemuse ametlikult Guinnessi rekordite raamatusse kirja ."
"ill,adit",18032556,27436642,15,16,panema,,ill,adit,seadusesse,kirja,"See on see , mida me ka praegu teeme , aga me paneme selle seadusesse kirja ."
"ill,adit",7149680,11500250,22,23,andma,,ill,adit,võõrasse,kätte,"Riiulid olid nii tihedalt täidetud , et mul tuli raamatuid peaaegu jõuga rivist välja kiskuda , nii vastumeelselt andsid nad end võõrasse kätte ."
"ill,adit",13234519,21174235,5,6,saatma,,ill,adit,kolooniasse,appi,Prantsusmaa saatis oma endisesse kolooniasse appi 120 päästetöötajat koos jäljekoertega .
"ill,adit",1234118,1961982,2,3,minema,,ill,adit,sellesse,pisipealinna,"Teid sellesse pisipealinna ei lähe , jõed on külmunud ja tundrarajad täis tuisanud ."
"ill,adit",669996,1065461,4,5,rändama,,ill,adit,valgesse,kööki,"Kuusk rändab suurde valgesse kööki , Luhametsade kodu südamesse ."
"ill,adit",11239045,18009183,7,8,kutsuma,,ill,adit,Eestisse,külla,"Utsari väitel kutsus Kustov Nikolajevi laevaremonditehasest Eestisse külla töölised , kes pidid viisakutse kohaselt teostama laevadele remondieelset diagnostikat ja järelevalvet , kuid rügasid endi sõnul 3000 krooni eest kuus 12 tundi ööpäevas keevitada ."
"ill,adit",13655904,21823231,4,5,rändama,,ill,adit,valgesse,kööki,"Kuusk rändab suurde valgesse kööki , Luhametsade kodu südamesse ."
"ill,adit",2119513,3383736,28,29,sattuma,,ill,adit,valesse,kätte,"Eurovisiooni õhtujuhtide riietusega jäid rahule nii nad ise kui televaatajad ning peale kostüümikunstniku ei saanud keegi aru , et punktidelugemisel helesinist kleiti kandval Annely Peebol oli sõrmus valesse kätte sattunud , teatas ETA ."
"ill,adit",6615852,10646642,17,18,kutsuma,,ill,adit,kontorisse,külla,"Kui ma 21 aastat tagasi Virumaale ajakirjanikuks läksin , kutsus kohalik raadiolegend Ott Kool mind oma kontorisse külla ."
"ill,adit",8064387,12941589,2,3,proovima,,ill,adit,Tartusse,majandusse,"Proovisin Tartusse majandusse , aga ei saanud sisse ."
"ill,adit",2422542,3884240,13,14,müüma,,ill,adit,Euroopasse,seksiorjusse,"Kohus mõistis pikad vanglakaristused kolmele Klaipeda mehele , kes müüsid noori naisi Euroopasse seksiorjusse , kirjutab Helsingin Sanomat Online ."
"ill,el",10178745,16331222,7,8,helistama,,ill,el,politseisse,invaliidist,"Teisipäeva õhtupoolikul veidi pärast viit helistas politseisse invaliidist neiu ja teatas , et Näituse tänaval oli keskealine asotsiaali moodi mees temalt ära võtnud käekoti , milles oli mobiiltelefon ."
"ill,el",9409567,15109501,11,12,suhtuma,,ill,el,Eestisse,algusest,"On meie õnn , et Mahrenholtz on erinevalt Stoelist suhtunud Eestisse algusest peale sümpaatiaga ning tuli siinseid võime lausa paluma , et komisjon hakkaks oma ülesandeid täitma ."
"ill,el",5338312,8563567,8,9,viima,,ill,el,Groznõisse,Gudermessist,"Piiratud on liiklust teedel , mis viivad Groznõisse Gudermessist , Urus-Martanist ja teistest suurematest asulatest ."
"ill,el",4947843,7943809,4,5,saabuma,,ill,el,Eestisse,Moskvast,"Menukas tantsushow saabub Eestisse Moskvast , kus antakse 20.-23. oktoobrini etendusi Kremli palees ."
"ill,el",12214815,19555001,3,4,saabuma,,ill,el,Eestisse,Rumeeniast,"Neerudoonorid saabusid Eestisse Rumeeniast , Moldovast ja Venemaalt ."
"ill,el",3434656,5529384,10,11,kuuluma,,ill,el,millesse,Eestist,"Nüüd rajab Fini uut üle-euroopalist Rahvusriikide Euroopa Uniooni , millesse Eestist kuulub Rahvaliit ."
"ill,el",12853708,20560084,5,6,tooma,,ill,el,Pärnusse,Grillfest,"Rätsep toob 23 . juuni Pärnusse Grillfest Estoniale esinema artisti , kelle nime ta veel öelda ei tahtnud , kuid märkis , et "" tegu on tõelise legendiga , kes tuleb Ameerika Ühendriikidest . """
"ill,el",10406563,16694184,11,12,astuma,,ill,el,ametisse,tänasest,"Laupäeval Derbys Graham veel Spursi mänguniite ei tõmmanud ( astub ametisse tänasest ) , kuid andeka juhendaja tulekust innustunud Spursi mängijad kinkisid talle esimese võidu ."
"ill,el",12754733,20403098,5,6,tulema,,ill,el,Räpinasse,Tallinnast,Politsei andmetel tulid nad Räpinasse Tallinnast kahe ärandatud autoga .
"ill,el",770520,1228685,3,4,keelduma,,ill,el,haiglasse,minekust,Barkley keeldus haiglasse minekust
"ill,el",8220513,13191474,8,9,jõudma,,ill,el,raamatukogusse,teatmikust,""" Seepärast oleks igati teretulnud , kui raamatukogusse teatmikust paar eksemplari jõuaks . """
"ill,el",17052546,26210213,7,8,teadma,,ill,el,Eestisse,tulekust,"“ Ma ei tea Ricky Martini Eestisse tulekust midagi , kuigi panen kirja kõik ta esinemised , ” oli Banks hämmelduses ."
"ill,el",10185825,16343281,10,11,loobuma,,ill,el,Eestisse,sõidust,"Eesti Sõudeliidu peasekretäri Jaan Tultsi sõnul loobusid mitmed kuulsused Eestisse sõidust , et mitte lõhkuda olümpia-aasta plaane ."
"ill,el",3526539,5678747,5,6,kuuluma,,ill,el,Arisesse,serblasest,"Lisaks Sokule kuuluvad välismaalastest Arisesse serblasest Atlanta olümpiahõbe Zharko Paspalj , Puertorico koondislane Jose Ortez ."
"ill,el",1297012,2060831,4,5,laekuma,,ill,el,eelarvesse,plaanitust,"Piirituse aktsiisi laekus eelarvesse plaanitust 215 miljonit krooni vähem , lisaks jäi saamata käibemaks ."
"ill,el",4944136,7937739,5,6,rääkima,,ill,el,NBAsse,naasmisest,"Kui ta aastaid tagasi NBAsse naasmisest rääkis , tõstsid paljud mängijad hädakisa , kartes palliplatsil Magicuga kokku puutudes surmavat nakkust saada ."
"ill,el",9266789,14890141,11,12,tulema,,ill,el,eelarvesse,alkoholist,"See tähendab , et iga 7. või 8. kroon tuleb eelarvesse alkoholist ."
"ill,el",7454719,11968119,10,11,saabuma,,ill,el,Eestisse,Bulgaariast,"Piraatkaubandusega tegelejad on maininud , et osa piraat-CDdest saabub Eestisse Bulgaariast ."
"ill,el",337803,521952,27,28,kuuluma,,ill,el,ametiastmesse,10-st,"Käesoleval ajal töötavad koguni 82,2%  [ 6 ]  kõrgemasse politseiametnike põhigruppi kuuluvatest naispolitseiametnikest antud põhigrupi kõige madalamal ametiastmel ehk komissari ametikohal , mis kuulub alles 5-ndasse ametiastmesse 10-st ."
"ill,el",13445875,21505098,8,9,laekuma,,ill,el,riigieelarvesse,hasartmängumaksust,"EOK rahastab olümpiaettevalmistust summadest , mis laekuvad riigieelarvesse hasartmängumaksust ."
"ill,abl",11620841,18603549,7,8,tooma,,ill,abl,Pärnusse,Peipsilt,"“ Halliste jõge mööda tõid mehed Pärnusse Peipsilt kala , ” kirjeldas Ruukel haabja tähtsust ."
"ill,abl",18741192,28324098,7,8,nühkima,,ill,abl,lihatükkidesse,mõlemalt,Segan kõik maitseained ära ja nühin lihatükkidesse mõlemalt poolt .
"ill,abl",7288403,11710776,4,5,tulema,,ill,abl,Tartusse,Saksimaalt,1862. aastal tuli Tartusse Saksimaalt uus võimlemisõpetaja Julius Richard Reinhard .
"ill,abl",5289435,8485345,4,5,saabuma,,ill,abl,Eestisse,Venemaalt,"The Scorpions saabus Eestisse Venemaalt , kus on selja taga 10-12000 kuulajaga välja müüdud kontserdid sealsete sümfooniaorkestritega ."
"ill,abl",10765965,17245247,12,13,suhtuma,,ill,abl,riikidesse,vaoshoitult,"Briti “ Financial Timesi ” eilse numbri andmetel suhtub Saksamaa Balti riikidesse vaoshoitult , sest ELi kaudu võiksid need taotleda NATOsse ja Lääne-Euroopa Liitu astumist , see aga võib provotseerida marurahvuslasi Venemaal ."
"ill,abl",5508528,8831660,6,7,tulema,,ill,abl,Eestisse,Saksamaalt,Villi Beckeri esivanemad tulid kunagi Eestisse Saksamaalt Kasselist .
"ill,abl",1739221,2769087,4,5,tulema,,ill,abl,Eestisse,Saksamaalt,"Eile õhtul tuli Eestisse Saksamaalt teinegi konkursipreemia , oboemängija Kalev Kuljus sai rahvusvahelisel puupuhkpillimängijate konkursil Bayreuthis neljanda preemia kui parim oboist ."
"ill,abl",9146901,14704520,20,21,sisenema,,ill,abl,masinasse,aadressilt,"Smithi jälitamine algas ajakirja Time andmetel juba 26. märtsi hommikul , mil automaatne viirusedetektor avastas , et Melissa sisenes masinasse aadressilt skyroket@aol.com."
"ill,abl",10525387,16873922,11,12,suhtuma,,ill,abl,ettepanekusse,vaoshoitult,"Valitsusliit kutsub Toompeale opositsioonilist Reformierakonda , selle liidrid suhtuvad aga ettepanekusse vaoshoitult ."
"ill,abl",16991206,26121259,11,12,tooma,,ill,abl,rahasse,ümberarvutatult,Homoseksuaalse Austria moeajakirjaniku Bruno kehastamine toob talle röögatu honorari Eesti rahasse ümberarvutatult 505 miljonit krooni .
"ill,abl",17492182,26816897,13,14,rändama,,ill,abl,Ukrainasse,Hiiumaalt,"Neil polnud see esimene rännak , sest 18. sajandi lõpus rändasid nad Ukrainasse Hiiumaalt ."
"ill,abl",1562677,2486278,8,9,maksma,,ill,abl,kroonidesse,ümberarvutatult,"Dollari jätkuvast tugevnemisest tuge saanud maksis aktsia kroonidesse ümberarvutatult samal ajal 133,2 krooni ."
"ill,abl",11996450,19200188,3,4,valima,,ill,abl,stuudiosse,tänavalt,"Animaatoreid valisin stuudiosse tänavalt , sest tuntud tegijad olid kõik kinni ."
"ill,abl",7342250,11781368,16,17,registreerima,,ill,abl,kontoriraamatusse,punktipäält,Erihoiuosakonna ülem Veera Kangur istus lugejaga samas ruumis ning heitis kontrollivaid pilke lugemisvarale ning registreeris kontoriraamatusse punktipäält kõik raamatud ja ajaleheköited .
"ill,abl",6168741,9903387,14,15,tooma,,ill,abl,Eestisse,välismaalt,Linnuliha importiva AS Linnulihatooted juhatuse esimees Rein Hünersoni sõnul toob enamus firmasid tooraine Eestisse välismaalt ning imporditava kauba osakaal Eesti turul on umbkaudu 60 protsenti .
"ill,abl",15259690,23835115,7,8,tulema,,ill,abl,Itaaliasse,Venemaalt,Itaalia ornitoloogide hinnangul tulid nakatunud luiged Itaaliasse Venemaalt .
"ill,abl",20372265,29568250,7,8,minema,,ill,abl,voodisse,vaixelt,"BUSTA: mabel aga lähme sinu voodisse vaixelt , seal ei pea sa midagi ytlema aint ....."
"ill,abl",1286396,2043472,4,5,tulema,,ill,abl,Eestisse,Venemaalt,"Peamiselt tuleb piraatkaup Eestisse Venemaalt ja Lätist , kus selle valmistamise omahind on madal ."
"ill,abl",483930,760324,3,4,tulema,,ill,abl,Eestisse,Venemaalt,Oldfield tuleb Eestisse Venemaalt Jekaterinburgist ja sõidab edasi Poola Sopotisse .
"ill,abl",11014684,17642095,6,7,maksma,,ill,abl,kroonidesse,ümberarvutatult,"“ Taanis maksab kodutarbija Eesti kroonidesse ümberarvutatult kilovatt-tunnilt 1,6 krooni maksusid , tööstus aga vaid 20 senti ."
"ill,all",1819927,2896953,9,10,andma,,ill,all,EMU-sse,pürgijatele,Samas annab ka Euroopa Rahandusinstituut Frankfurdis oma hinnangu EMU-sse pürgijatele .
"ill,all",4290957,6903824,18,19,kutsuma,,ill,all,plaadistuudiosse,lindistustele,"Eicher otsis üles muusikud , kelle loomingut ja interpreedioskusi ta imetles ning kutsus nad oma Münchenis asuvasse plaadistuudiosse lindistustele ."
"ill,all",11916123,19067519,5,6,minema,,ill,all,stuudiosse,tööle,"Järgmisel päeval läksime Uwega stuudiosse tööle ja helitehnik , kellega koos lindistame , rääkis , et tema koeral on kutsikad ."
"ill,all",10862525,17396670,13,14,saatma,,ill,all,vangilaagrisse,orjatööle,"Olen eestlane , kannatanud Vene võimu all , kes mind 10 aastaks vangilaagrisse orjatööle saatis ."
"ill,all",11932355,19094294,13,14,sattuma,,ill,all,haiglasse,pimesoolelõikusele,"Pärast kolmepäevast bussisõitu Varaždini jõudnuna kandis Levadia kadusid : Argo Arbeiter sattus haiglasse pimesoolelõikusele , Aleksandr Dmitrijev vigastas treeningul ribi ."
"ill,all",8841780,14204817,5,6,saabuma,,ill,all,NSVsse,visiidile,1964. aasta talvel Eesti NSVsse visiidile saabunud Kekkonen lahutas muuhulgas meelt ka Kääriku suusarajal ning nautis tema tulekuks püstitatud sauna mõnusid .
"ill,all",10706229,17156432,8,9,kutsuma,,ill,all,ametisse,läbirääkimistele,Vastuolu korral kutsub tarbijakaitseamet firma ja kliendi ametisse läbirääkimistele .
"ill,all",11783707,18859801,6,7,ilmuma,,ill,all,Eagle'isse,eelistungile,6. augustil ilmub Bryant uuesti Eagle'isse eelistungile .
"ill,all",5899559,9470171,2,3,sattuma,,ill,all,Jaapanisse,pääle,"Et Jaapanisse pääle Jaapani enda turistide vähe muud rahvast satub , tuli paviljonid suunata kohalikule publikule ."
"ill,all",11048092,17693512,6,7,saatma,,ill,all,ettevõttesse,tööle,"Kui aga rikas mees saatis ettevõttesse tööle oma kapitali , mis seal sees kasvas veel suuremaks kapitaliks , siis kunas selle mehe sissetulekut peaks maksustama ?"
"ill,all",12113480,19393144,8,9,sõitma,,ill,all,Miamisse,puhkusele,"Veel ütles poiss , et kui nad Miamisse puhkusele sõitsid , andis Jackson talle kokakoolapurgist juua veini , mida ta nimetas Jeesuse mahlaks ."
"ill,all",10386879,16664369,8,9,jääma,,ill,all,Eestisse,tööle,"Jah , ja minu teada jääb ta Eestisse tööle kui vabakutseline lavastaja ."
"ill,all",5953737,9557497,22,23,jõudma,,ill,all,Tartusse,EOS-rallile,"Peugeot' tiimi ülemused võivad Markko Märtini kohta öelda , mida nad soovivad , see on nende õigus , ütleb eile Tartusse EOS-rallile jõudnud Michael Park ."
"ill,all",4842243,7774164,4,5,sõitma,ilma,ill,all,Kreekasse,MM-võistlustele,"Eesti maadluskoondis sõidab Kreekasse MM-võistlustele ilma Valeri Nikitinita , kellel täna opereeritakse paremat küünarnukki ."
"ill,all",13004968,20807984,19,20,minema,,ill,all,õmblusvabrikusse,tööle,"Tõmbamaks tähelepanu Lääne firmade kombele kasutada Kolmanda Maailma riikide odavat tööjõudu , läheb filmitäht Minnie Driver nädalateks Kambodža õmblusvabrikusse tööle ."
"ill,all",10670274,17099285,6,7,tulema,,ill,all,Tartusse,diskole,"Mehed olla enda väitel tulnud Tartusse diskole , ent kuna Atlantis olnud kinni , tiirutanud niisama linnas ringi ."
"ill,all",13447284,21507468,9,10,kutsuma,,ill,all,koopasse,öömajale,Karu kutsus eide ja taadi ja Päkapiku oma koopasse öömajale .
"ill,all",4583783,7367178,1,2,minema,,ill,all,Välisriikidesse,tööle,Välisriikidesse tööle läinud eestlased :
"ill,all",4467210,7183166,3,4,asuma,,ill,all,transpordiametisse,tööle,"Eile asusid transpordiametisse tööle esimesed kolm spetsialisti , kelle ülesandeks saab taksoteeninduse eeskirjade täitmise kontrollimine ."
"ill,all",4889194,7850011,6,7,saabuma,,ill,all,Eestisse,visiidile,"Laupäeval , 26. mail saabub Eestisse visiidile Ameerika Ühendriikide Senati"
"ill,ad",13665448,21837138,11,12,andma,,ill,ad,kohtusse,ajal,"Ärimehest Tallinna endine abilinnapea Mait Metsamaa andis "" Äripäeva "" kohtusse ajal , mil tema osalusega liiklustragöödia ohvrid ei osanud oma surma ette aimatagi ."
"ill,ad",12989482,20782108,3,4,armuma,ära,ill,ad,kolleegisse,teatrilaval,Kas mõnesse kolleegisse teatrilaval oled ka ära armunud ?
"ill,ad",5812897,9326171,30,31,kestma,,ill,ad,ametisse,nimetamisel,"Presidendi kohustus kinnitada ametnikke töökohtadele 30 päeva jooksul pärast riigikogu ettepaneku laekumist , on Kreitzbergi sõnul vajalik , et ei tekiks analoogset tühimikku kohtade täitmisel , mis kestis õiguskantsleri ametisse nimetamisel 6-7 kuud ."
"ill,ad",1761650,2805129,7,8,tulema,,ill,ad,prefektuurihoonesse,ööl,Lääne-Viru politseikorrapidaja sõnul tuli Allan Lahi prefektuurihoonesse ööl vastu laupäeva kell 4.15.
"ill,ad",3940080,6345843,16,17,liikuma,,ill,ad,lõpp-peatusesse,tipptunnil,Kas te teate kui kiiresti ( loe=aeglaselt ) liigub buss nr 52 lõpp-peatusest lõpp-peatusesse tipptunnil ?
"ill,ad",3125038,5018654,4,5,hukkuma,,ill,ad,vigastustesse,sündmuskohal,Mees hukkus saadud vigastustesse sündmuskohal .
"ill,ad",271739,429089,1,2,toimuma,,ill,ad,Eestisse,aastatel,Eestisse aastatel 1991-2001 toimunud kapitali sissevool ulatub miljarditesse dollaritesse .
"ill,ad",2679881,4299171,3,4,jõudma,,ill,ad,Eestisse,lähipäevil,Langenud jõuavad Eestisse lähipäevil .
"ill,ad",547648,864949,1,2,olema,,ill,ad,Kairosse,teel,"Kairosse teel olnud lennuk kukkus ookeani 31. oktoobril , vähem kui tund pärast õhkutõusmist New Yorgist ."
"ill,ad",13042351,20868252,4,5,soovitama,,ill,ad,Suurbritanniasse,reisijatel,Eesti välisministeerium soovitab Suurbritanniasse reisijatel olla tähelepanelik ja jälgida võimude juhiseid .
"ill,ad",2420079,3880678,5,6,pidama,kinni,ill,ad,Eestisse,sisenemisel,"Piirivalvurid pidasid neljapäeval Narvas Eestisse sisenemisel kinni töötu kohaliku elaniku , kes üritas auto pagasiruumi ja üleriiete taskutesse peidetuna riiki tuua 600 pakki sigarette ."
"ill,ad",2039835,3256905,3,4,naasma,,ill,ad,Tiranasse,nädalavahetusel,"Vägivald naasis Tiranasse nädalavahetusel , kui tapeti karismaatiline opositsioonipoliitik Azem Hajdari ja tema turvamees ."
"ill,ad",4979886,7996253,5,6,surema,,ill,ad,vigastustesse,teel,Kõrge sõjaväelane suri saadud vigastustesse teel haiglasse .
"ill,ad",74382,127019,3,4,sattuma,,ill,ad,avariisse,reedel,Ta satub avariisse reedel või laupäeval kella nelja ja kaheksa vahel mõnel linna- või asulavälisel maanteel .
"ill,ad",5702537,9146510,3,4,naasma,,ill,ad,Eestisse,laupäeval,Laar naaseb Eestisse laupäeval .
"ill,ad",14401813,22808880,5,6,tõusma,,ill,ad,rambivalgusesse,Kuubal,"Argentinas sündinud marksist tõusis rambivalgusesse Kuubal , kus ta 1959. aastal aitas Fidel Castrol võimule saada ."
"ill,ad",15702318,24501878,8,9,jõudma,,ill,ad,ministeeriumisse,esmaspäeval,"Loodus ütles , et omavalitsuste seisukohad jõuavad ministeeriumisse esmaspäeval , kuid niigi on selge , et enamik omavalitsusi on radikaalse reformi vastu ja koalitsioonis puudub üksmeel reformi sunniviisiliseks läbisurumiseks ."
"ill,ad",4472648,7192057,4,5,surema,,ill,ad,vigastustesse,sündmuskohal,Juht suri saadud vigastustesse sündmuskohal .
"ill,ad",11815625,18910185,6,7,pidama,kinni,ill,ad,Eestisse,sissesõidul,"Piirivalvurid pidasid nädalavahetusel Luhamaa piiripunktis Eestisse sissesõidul kinni kaubabussi , mille juhiistme alt leiti sigarette ja naistepesu ."
"ill,ad",2612046,4191043,18,19,sattuma,,ill,ad,sekeldustesse,õhtul,"Kaitsejõudude uue maja avamispeolt 22. veebruaril tulnud Riigikogu riigikaitsekomisjoni nõunik Andres Mihkels ( 48 ) sattus politseiga sekeldustesse õhtul kella kolmveerand üheksa ajal , kui Tallinna bussijaama turvamehed andsid politseile teada purjus riiukukest ."
"el,in",6734551,10833686,18,19,asuma,,el,in,Pyongyangist,põhjas,"Kommunistlik riik teatas samuti , et jätkab varraste ümbertöötlemist väikeses reaktoris oma Yongboni tuumakompleksis , mis asub Pyongyangist põhjas ."
"el,in",11956887,19135062,7,8,käima,,el,in,graafikust,maas,"Liiguvad jutud sellest , kuidas ühele graafikust maas ja projektist üle poeehitusele käis brigadir turuvarblasi värbamas muidu oleks ehk siiani kipsplaadid pakendis ."
"el,in",9981580,16011028,13,14,kirjutama,,el,in,tulevikust,romaanis,Sõbraliku muige ja kurjuseta pilkega kirjutas Pedro Krusten pagulaseestlaste keele ja identiteedi tulevikust romaanis “ Pikerpõld ja Piirapeel ” ( 1968 ) .
"el,in",9285972,14917593,12,13,lahkuma,,el,in,töökohast,Koplis,"Politsei tegi kindlaks , et naine lahkus kella 19 ajal oma töökohast Koplis , et suunduda koju Õismäele ."
"el,in",11551531,18497866,8,9,arvama,,el,in,ärist,Selistes,Pisut paremini arvab läbisõitjatest Kaie Leova Jaani ärist Selistes .
"el,in",3975391,6400681,4,5,saama,lahti,el,in,nahkhiirtest,majas,"Otse vastates saab nahkhiirtest majas lahti nii , et topitakse kinni kõik seina- ja katusepraod ."
"el,in",4264675,6861972,10,11,piisama,,el,in,vitamiinist,päevas,""" Kui soovitakse nüüd kevadel alustada , piisab ühest vitamiinist päevas . """
"el,in",15698183,24494843,2,3,olema,,el,in,oktoobrist,remondis,Mullu oktoobrist remondis olnud Hullo kauplus on põhjaliku remondi järel taas avatud .
"el,in",9874915,15844454,11,12,saama,,el,in,lühisest,elektrisüsteemis,"Põleng , mille tagajärjel muutus auto sõidukõlbmatuks , sai alguse lühisest elektrisüsteemis ."
"el,in",10505135,16842686,11,12,lahkuma,,el,in,ametist,mais,"Pärast Võsa asus peatoimetaja kohale Rasmus Kagge , kes lahkus ametist mais ja asus tööle Postimehes ."
"el,in",18381117,27866181,6,7,kuulma,,el,in,ebaproportsionaalsusest,olukorras,"Me kuulsime täna siin kaitsekulutuste ebaproportsionaalsusest olukorras , kus eelarve tegelikult sunnib kiirabi regiooniti sulgema , kus tegelikult parempoolsete poliitika klassikaline elluviimine , tasulise hariduse kehtestamine , võtab üha rohkem tuult tiibadesse ."
"el,in",16236398,25148440,11,12,olenema,,el,in,kohtumisest,kodus,"Kuigi alagrupis esikoha kindlustanud tiitlikaitsjal Pireuse Olympiakosel ei olenenud viimasest kohtumisest kodus Tel Avivi vastu midagi , oli kaotus neile siiski külm dušš ."
"el,in",618326,980782,10,11,roomama,üle,el,in,temast,rannas,Ekstreemsetest juhtumitest rääkis Vääna-Jõesuus suvitanud Riina - kuidas madu temast rannas üle roomas .
"el,in",11889435,19025626,8,9,katkema,,el,in,järvest,lõunas,"Rootsis katkes 400 000 eluaseme elektrivarustus , Mälari järvest lõunas katkes ka rongiliiklus ."
"el,in",11148450,17858270,4,5,teenima,,el,in,aastast,kaitseväes,Kiili on 1994. aastast kaitseväes teeninud mitmes ametis alates Kaitseliidu Lääne-Viru maleva staabiülemast kuni rahuoperatsioonide keskuse ülemani .
"el,in",852788,1359132,5,6,teatama,,el,in,koondamisest,augustis,"Viljandi tööhõiveametile teatas suuremast koondamisest augustis metallitöötlemisettevõtte Hals , kus koondati 16 inimest ."
"el,in",4178799,6725263,5,6,kasvama,,el,in,eluaastast,lastekodus,"Olude sunnil alates viiendast eluaastast lastekodus kasvanud väike Rein läks pärast sõda kooli , nagu paljud teised lapsed Eestimaal ja mujalgi ."
"el,in",6705344,10787797,23,24,käima,,el,in,maakonnast,tööpäevas,"Urmas Siiguril oli välja käia fakt , et TÜ kliinikumis käib eriarsti vastuvõtul Võru , Valga , Põlva , Jõgeva ja Viljandi maakonnast tööpäevas keskmiselt 280 patsienti , seitse bussitäit inimesi ."
"el,in",18136130,27553776,8,9,jõudma,,el,in,raviainest,ravimpreparaadis,"IFPMA andmetel jõuab igast 10000st sünteesitud potentsiaalsest raviainest ravimpreparaadis ravimiturule üks raviaine , kusjuures ca 250ga tehakse prekliinilised uuringud ja 5ga kliinilised uuringud ."
"el,in",8793465,14113634,6,7,piisama,,el,in,nihkest,rahavoogudes,"Väikese riigina piisab meile vähesest nihkest rahavoogudes , et saavutada olulist kiirendust arengus ."
"el,adit",9479333,15218134,15,16,hankima,,el,adit,käest,kätte,"Tegelikult tunti “ halbaderämpsfilmide ” vastu huvi ennegi , iga tõsine filmifriik oli varemgi käest kätte hankinud ning levitanud näiteks uusmeremaalase Peter Jacksoni meeletuseni lolle teoseid nagu “ Bad Taste ” jms."
"el,adit",13862368,22104162,6,7,sõitma,,el,adit,Iraagist,Bagdadi,Washington Posti ajakirjanik vestles mujalt Iraagist Bagdadi sõitnud inimestega .
"el,adit",937717,1493232,12,13,astuma,,el,adit,naabritest,tuppa,"Kui Surangal külas viibin ja eksootilist teed naudin , astubki üks naabritest tuppa ."
"el,adit",12514246,20031706,16,17,saama,,el,adit,haiglast,koju,"Poolteist nädalat tagasi südameinfarktiga haiglasse viidud teleajakirjanik Urmas Ott ( 43 ) saab arstide sõnul haiglast koju juba võidupühaks , 23 . juuniks ."
"el,adit",2995435,4804669,21,22,käima,edasi,el,adit,käest,kätte,"Ikka tuntud skeemi järgi : kõike müüa armastav linnavõim parseldab ühiskasutuseks määratud ala kruntidena maha , edasi käivad krundid võib-olla käest kätte , kuni keegi parajasti omanikuks olev tegelane leiab , et tegu on püha ja puutumatu eraomandiga , millega võib ( avalikke huve eirates ) teha kõike , mis pähe tuleb ja kasumit toob ."
"el,adit",3403,5756,4,5,rühkima,,el,adit,basseiniotsast,teise,Rühin seal ühest basseiniotsast teise .
"el,adit",9769486,15675275,22,23,langema,,el,adit,läänest,kaela,"kujundaja teos leiab ehk väljundi nende eestimaalaste arvamus , kellele Jackson sümboliseerib kõike seda kõntsa , mis piiride avanedes on meile läänest kaela langenud ."
"el,adit",10658478,17080806,5,6,sõitma,,el,adit,Tartust,koju,"“ Ma juhuslikult sõitsin Tartust koju - näen , et tuled on kirikus , peaproov käib ."
"el,adit",11153737,17866978,10,11,suunama,,el,adit,punktist,teise,"Metalljalgade vahele tõmmatud peened traadid suunasid kuulajat ruumi ühest punktist teise - ühes või teises punktis oli võimalik kuulda ainult piiratud arvu sõnu ning lauseid , sangamakkidest eemal muutus kõik ühtlaseks müraks ."
"el,adit",8551303,13705685,20,21,saama,,el,adit,tollist,kätte,"Pisifirmale on see aga üks kama kõik , oluline on vaid see , et saaks ruttu veoauto arbuusikoormaga Läti tollist kätte ."
"el,adit",6931941,11139951,12,13,jääma,,el,adit,mõrtsukast,meelde,"Oli see nüüd poos , mis Ucale kõige rohkem oma isa mõrtsukast meelde oli jäänud ?"
"el,adit",17490094,26813492,6,7,laskma,,el,adit,korterist,õue,""" Kassiomanik laseb kassi hommikul korterist õue , loom satub näiteks eramaja hoovi , sirtsutab pesu või uste peale ."
"el,adit",6359690,10219236,12,13,erinema,,el,adit,läänest,itta,"Aastate jooksul kogutud andmete põhjal erineb iga-aastane novembrikuu keskmine õhutemperatuur suuresti läänest itta , olles saartel ja läänerannikul enamasti positiivne 2,0 ... 3,5 °C ning langedes ida suunas -0,5 °C ."
"el,adit",11317282,18137618,30,31,jõudma,,el,adit,lasteaiast,koju,"Teletupsude saade oli hästi halval ajal - varahommikul , kui ükski normaalne inimene pole üles tõusnud , või kella viie ajal õhtul , kui ükski normaalne inimene pole lapsega lasteaiast koju jõudnud ."
"el,adit",100404,169610,35,36,võtma,,el,adit,kunstimüügist,Läände,"Üles oli loetud 1745 shedöövrit , nimekirja all laiutasid ka seltsimeeste Vladimir Levinsoni ning Nikita Vlassovi allkirjad , kes mõlemad olid Stalini juhtimisel aktiivselt osa võtnud 20. aastate lõpu ja 30. aastate alguse salajasest kunstimüügist Läände ."
"el,adit",3944274,6352414,22,23,viima,,el,adit,poest,koju,"Tema arvates näitab elu , kas inimesi hakatakse poodi vedama või sõlmitakse leping hoopis mõne inimesega , kes viib vajajatele kauba poest koju ."
"el,adit",3649254,5877181,9,10,andma,,el,adit,põlvkonnast,põlvkonda,"Mis on Eesti ajaloo läbivad teemad , mis põlvkonnast põlvkonda rahu ei anna ?"
"el,adit",1017155,1619326,6,7,käima,,el,adit,käest,kätte,Viis tundi järjest käis tankimismasin käest kätte ja järjekorras tuli seista üle tunni .
"el,adit",12501554,20010852,5,6,saabuma,,el,adit,Stockholmist,Berliini,Näiteks 5. detsembril oli Stockholmist Berliini saabunud väikelennuk sunnitud sooritama hädamaandumise kokpitis levinud suitsu tõttu .
"el,adit",8832718,14188041,3,4,luurama,,el,adit,varjust,õue,Luurasin kardina varjust õue ja kuulatasin vööruse poole .
"el,ill",15510342,24222767,34,35,venima,,el,ill,põhjast,lõunasse,"Nord Stream gaasijuhe , mille Vene ja Saksamaa kontsernid kavatsevad rajada , tahetakse ehitada Balti merre , lõhates ja kaevates selleks merepõhja , ja trass venib 1200 km ulatuses piki kogu Balti merd põhjast lõunasse ."
"el,ill",480456,754661,14,15,suunduma,,el,ill,Ingushshiast,Tshetsheeniasse,"Reutersi korrespondent piirilt kinnitas , et läbipääs on avatud ja esimene buss suundus Ingushshiast Tshetsheeniasse ."
"el,ill",9847371,15801182,7,8,rändama,,el,ill,talust,talusse,"Pärnumaal on sagenenud juhtumid , kui talust talusse rändavad mustlased sealt midagi varastavad , ise samal ajal näiteks maamõõtmisteenust pakkudes ."
"el,ill",13677110,21854803,2,3,tuuritama,,el,ill,teatrist,teatrisse,Tuuritab teatrist teatrisse
"el,ill",1387088,2205970,9,10,käima,,el,ill,perest,peresse,""" Ta on selline mees , kes käib perest peresse ja ajab vorsti keresse , "" iseloomustab Juhandi 15. mail 46. sünnipäeva pidavat petist ."
"el,ill",3947937,6358423,17,18,lendama,,el,ill,Ateenast,Bulgaariasse,""" Raske mäng nii vaimselt kui füüsiliselt , "" tunnistas Rüütel , kes lendab täna hommikul Ateenast Bulgaariasse Plovdivisse ."
"el,ill",3315704,5331825,21,22,sõitma,,el,ill,Tallinnast,Tartusse,""" Mina vahetaksin bussi kohe rongi vastu , kui sõiduaeg väheneks , sest rongipilet on odavam , "" ütles reedel Tallinnast Tartusse vanemate juurde sõitnud pedagoogilise seminari sotsiaaltöö üliõpilane Olga Smirnova ."
"el,ill",14408433,22819693,14,15,teatama,,el,ill,vargusest,politseisse,"Politseinik annab vargusohvrile taanikeelse paberi , mis tõenäoliselt ütleb , et kannatanu on vargusest politseisse teatanud ."
"el,ill",3715434,5983605,16,17,lekkima,,el,ill,Eestist,Euroopasse,"Kallas ütles , et on valmis andma selgitusi "" luukerede "" asjus , mis kahtlemata Eestist Euroopasse lekivad ."
"el,ill",7872848,12613013,13,14,tõmbuma,,el,ill,mõisast,kirdesse,Vangide seas oleva leitnandi seletusel tõmbunud umbes 300-meheline pataljon koos kuue tankiga mõisast kirdesse metsa .
"el,ill",1851718,2949061,5,6,siirduma,,el,ill,Hongkongist,Ameerikasse,"Festivali külaliste hulka kuulunud Hongkongist Ameerikasse siirdunud produtsent Dennis Law ( "" Warriors of Virtue "" ) ütles : "" Osa filmitegijaid teeb enda arvates kunsti ega hooli põrmugi , kas keegi nende loodu nägemisest ka huvitatud on , ning teised jällegi arvavad teadvat , mis müüb ega hooli tuhkagi teose kunstiväärtusest ."
"el,ill",11310323,18125536,5,6,teatama,,el,ill,juhtunust,politseisse,"Et poisi ema teatas juhtunust politseisse mitu tundi hiljem , ei õnnestunud röövlikampa samal päeval tabada ."
"el,ill",12328580,19739051,21,22,helistama,,el,ill,Tallinnast,Lõuna-Eestisse,"Kas teie arvates on see normaalne mees , kes oma kallimast on kolm nädalat lahus , üle õhtu helistab mulle Tallinnast Lõuna-Eestisse kiisuke , igatsen , varsti näeme ."
"el,ill",17727932,27074738,6,7,minema,,el,ill,põllundusest,välispoliitikasse,Kuid siit läheb jutt juba põllundusest välispoliitikasse .
"el,ill",11171150,17894652,4,5,maksma,,el,ill,ühikast,perekonnaseisuametisse,Kaastudengid maksid taksosõidu ühikast perekonnaseisuametisse .
"el,ill",17214713,26428527,16,17,teatama,,el,ill,visiidist,USAsse,Kriisi üheksandal päeval algas järgmine poliitiline kõrgmäng – Valge Maja teatas Eestile president Toomas-Hendrik Ilvese visiidist USAsse 25. juunil koos vaid vähestele maailma riigipeadele osaks saava tähelepanuga .
"el,ill",8824158,14170994,4,5,olema,,el,ill,Tartust,Tallinnasse,"Praktiliselt oli bussipilet Tartust Tallinnasse mu ainus väljaminek , ülejäänud transpordikulud maksis kõik Kauko Naarmunen ."
"el,ill",9089726,14615726,22,23,tulema,,el,ill,Räpinast,Tartusse,"Legend räägib , et 1805. aastal , aasta pärast Tartu ülikooli sünnitusabi õppetooli loomist tuli esimene sünnitaja ise kolm päeva jalgsi Räpinast Tartusse ."
"el,ill",5639884,9044618,15,16,toimetama,,el,ill,haiglast,Tartusse,"Üks Põlva kiirabibrigaad toimetas maoverejooksuga patsienti Ahjalt Tartusse , teine auto aga toimetas Põlva haiglast Tartusse veremürgitusega nelja-aastast last ."
"el,ill",9744861,15635922,26,27,viima,,el,ill,Tallinnast,Kesk-Euroopasse,"Soome sideminister  Tuula Linnainmaa  on jõudnud sealses avalikkuses esitada seisukoha , et Eesti-Soome vahelise tunneli ehitusel pole mõtet , sest ehitus läheks liiga kalliks ning Tallinnast Kesk-Euroopasse viivad ühendusteed on kehvad ."
"el,abl",6252170,10042618,7,8,ostma,,el,abl,aktsiatest,TeliaSoneralt,"Vastavalt ostu-müügilepingule ostis Elion 70% EsData aktsiatest TeliaSoneralt 6,776 miljoni krooni eest ."
"el,abl",16625525,25596189,8,9,pidama,,el,abl,väravavahtidest,tugevuselt,"Ma pean teda hetkel inglise liigas pallivatest väravavahtidest tugevuselt kolmandaks , Cech'i ja VdS'i järel ."
"el,abl",5857064,9399203,4,5,lahkuma,,el,abl,rahan-dusministeeriumist,töölt,Eelmisel aastal lahkus rahan-dusministeeriumist töölt küm-me pensioniealist kolleegi .
"el,abl",3591552,5783364,10,11,tellima,,el,abl,õppeaastast,kõrgkoolidelt,"Kui jõustub riikliku koolitustellimuse eelnõu , tellib haridusministeerium järgmisest õppeaastast kõrgkoolidelt teatud arvu spetsialistide ettevalmistamise ."
"el,abl",59062,101806,19,20,lahkuma,,el,abl,poest,pettunult,"Võib-olla polegi liiga võimatu loota , et “ hingele , südamele ja mõistusele ” raamatut otsiv lugeja tulevikus poest pettunult ei lahkuks , vaid et asjatundlik müüja aitaks tal seda õiget otsida ja leida ."
"el,abl",17055157,26214234,8,9,saama,,el,abl,hoovist,pesunöörilt,""" Ronisin hipodroomipoolsest aiaaugust läbi ning ühest hoovist pesunöörilt sain püksid ja särgi selga ."
"el,abl",18705377,28280187,10,11,leidma,,el,abl,laseringist,kodulehelt,sest näiteks kaubamajast ma otsitavat ei leidnud ... agah laseringist kodulehelt leidsin .
"el,abl",10302867,16534707,23,24,ostma,,el,abl,turuhinnast,kallimalt,"Hansapank leiab , et Virkus müüs Kindlustuskonsultandi hinnaga , mis jääb tunduvalt alla firma tegelikule väärtusele ning Eesti Kindlustus ostab Kindlustuskonsultandilt teenuseid turuhinnast kallimalt ."
"el,abl",2887004,4628990,5,6,saama,,el,abl,sõidukist,politseilt,Autoomanik sai teate lõhutud sõidukist politseilt .
"el,abl",18899345,28539718,24,25,lahkuma,,el,abl,ministeeriumist,töölt,"Sotsiaalministeeriumi esindajana nimetati Riigikogu 1996. aasta 7. märtsi otsusega nõukogu liikmeks selle ministeeriumi sotsiaalse turvalisuse osakonna juhataja Deiw Rahumägi , kes on tänaseks ministeeriumist töölt lahkunud ."
"el,abl",11108973,17795214,5,6,laekuma,,el,abl,vanatüdrukust,pedagoogilt,Pirita keskkooli õppenõukogule keskealiselt vanatüdrukust pedagoogilt laekunud ettepanek saata see imelikult kõndiv neljanda klassi poiss parem kohe “ normaalsete ” laste juurest ära kuhugi erikooli ei olnud aga omal ajal kuigi naljakas .
"el,abl",3016097,4838098,5,6,kuulma,,el,abl,õnnetusest,teilt,""" Meie kuuleme sellest õnnetusest teilt esimest korda , "" ütles Poola kindlustusfirma Powszechny Zaklad Ubezpieczen ( PZU SA ) vastutusnõuete koordinaator Andrzej Wasilewski ."
"el,abl",6572692,10575583,13,14,omandama,,el,abl,lätlannast,majapidajannalt,Läti keele omandas ta varases lapsepõl-ves ema surma järel pere eest hoolitsenud lätlannast majapidajannalt .
"el,abl",11856130,18974314,9,10,saama,,el,abl,päevast,töölt,Taani riigiteenistujad said eile kuninglike pulmade puhul poolest päevast töölt koju .
"el,abl",17779731,27145115,8,9,küsima,ära,el,abl,meestest,sõpradelt,"saada ekiri , aga aint ära küsi meestest sõpradelt , kas kiri sobib või mitte ."
"el,abl",2402266,3850719,5,6,algama,,el,abl,kroonist,ruutmeetrilt,Korterite hinnad algavad 15 000 kroonist ruutmeetrilt ning kerkivad kõrgematel korrustel kuni 30 000 kroonini .
"el,abl",141491,235952,19,20,saabuma,,el,abl,Peterburist,turismimessilt,"Erasekretäri kohuseid täitnud tunnistaja mäletab , et päev enne surma , esmaspäeval saabus Metsamaa koos naistuttava Kadi Viljakuga Peterburist turismimessilt ."
"el,abl",10088208,16184301,6,7,saama,,el,abl,eestlastest,autojuhtidelt,Infot nende tuleku kohta saime eestlastest autojuhtidelt .
"el,abl",11049162,17695368,10,11,tulema,,el,abl,Kreenholmist,töölt,"Karjus noormehe ema Ljubov , kes oli just Narva Kreenholmist töölt tulnud ja nägi , mis kodus oli toimunud ."
"el,abl",2536540,4069699,9,10,tulema,,el,abl,millest,Sapardilt,"Ühtekokku läheb ehitus maksma 27 miljonit krooni , millest Sapardilt tuleb kõige enam 6,2 miljonit"
"el,all",9364382,15040464,9,10,tormama,,el,all,koridorist,löögile,Kuus minutit hiljem tormas ühest järjekordsest kaitsesse rebestatud koridorist löögile Smicer ja tabas posti .
"el,all",16224820,25130850,8,9,asuma,,el,all,maist,tööle,Eesti Kaubandus-Tööstuskoja peadirektor Toomas Tamsar asub alates maist tööle AS-i Norma Grupp juhatuse esimehe ja tegevdirektorina .
"el,all",6989293,11228495,12,13,saama,,el,all,propagandast,endale,"Sellepärast , ütleb vana mees , et saaksime sõltumata erakondade pimestavast propagandast endale järgmiseks korraks võimalikult mõistliku riigikogu ."
"el,all",655960,1042286,38,39,jutustama,,el,all,neist,teile,"Kuid ometi jääb teatri tuumaks see müstiline moment , kui näitleja tuleb tühjale lavale ja ütleb "" On öö , seisan mere kaldal ja minu selja on hiigellinn , mis pulbitseb tuhandetest inimsaatustest , ja ma jutustan neist teile "" ."
"el,all",13717171,21918224,10,11,immitsema,,el,all,maapõuest,inimestele,"Geoloogid avastasid , et Leedu edelaosas Jurbarkase rajoonis immitseb maapõuest inimestele eluohtlikku vingugaasi ."
"el,all",13537751,21650912,3,4,lippama,,el,all,vahetusest,platsile,"Kolmapäevases EM-kohtumises vahetusest platsile lipanud Zelinski tabas kahel , Oper ühel korral ."
"el,all",5189234,8325223,5,6,muretsema,,el,all,poest,enesele,Stockmanni viimase korruse Instrumentariumi poest enesele prillid muretsenud ostjad konkureerivad hoolimata hinnavahest edukalt kolmanda korruse klientidega .
"el,all",10212550,16387602,5,6,pakkuma,,el,all,õdedest,vanemale,Ometi ei pakkunud võit õdedest vanemale täit rahuldust .
"el,all",12272595,19647098,12,13,rändama,,el,all,lennujaamast,Heathrow'le,"Ta lükkas end Tallinnas lennukile kell 7.30 , rändas Londonis Gatwicki lennujaamast Heathrow'le , tegi Hongkongis vahemaandumise ja jõudis Melbourne'i järgmise päeva õhtul 21.30."
"el,all",7342341,11781565,20,21,teatama,,el,all,kolleegidest,talle,"Kui olin 1961. aastal sattunud neerupõletikuga Tallinna Keskhaiglasse , otsis Inga mind seal üles - ju oli mõni sealsetest kolleegidest talle minust teatanud ."
"el,all",4740560,7615105,20,21,teatama,,el,all,sellest,liitujale,"Nende alusel langetab linnaosavalitsus otsuse , kas liitujal on õigus hüvitisele ja kui suur on hüvitis - ning teatab sellest liitujale ."
"el,all",145303,242282,17,18,tõusma,,el,all,sellest,kõigile,"Tundub , et ametnikud , raha ja rahvas ei ole veel nii kokku saanud , et sellest kõigile tulu tõuseks ."
"el,all",17352807,26631481,9,10,vaatama,,el,all,kaotusest,Makedooniale,Enne eilset treeningut vaatasid treenerid koos hoolealustega videolinti kaotusest Makedooniale .
"el,all",12344137,19764443,17,18,muutuma,,el,all,köögist,tänavale,"Ta paneb suuri lootusi Poola linna Bialystokki plaanitavale Vaba Euroopa raadiojaamale , mille järel muutuks rahva köögist tänavale pumpamine väga reaalseks ."
"el,all",17391530,26677231,10,11,tulema,,el,all,sellest,mulle,"Füüüsikas võiks ju teha , aga vaevalt , et sellest mulle mingit kasu tuleb , kui ma majandust või inglise filoloogiat õppima lähen ..."
"el,all",7151413,11503016,5,6,rääkima,,el,all,asjast,kellelegi,ma ei ole sellest asjast kellelegi nõnda rääkinud nagu teile .
"el,all",9272300,14898390,4,5,kinnitama,,el,all,maakleritest,BNSile,"Nagu kinnitas üks maakleritest BNSile , uskus kogu turg , et aasta alguses liigub hinnatase üles ."
"el,all",1077889,1713404,2,3,piisama,,el,all,Sellest,mulle,""" Sellest mulle piisas ."
"el,all",3824624,6160148,13,14,langema,,el,all,kellest,paljudele,"Inimõigusorganisatsiooni Amnesty International teatel hoitakse Iraagis kohtu loata kinni tuhandeid inimesi , kellest paljudele langeb osaks piinamine ."
"el,all",12883513,20608317,8,9,suutma,,el,all,lähilöögist,ManU-le,Mõlemapoolsete rünnakutega jätkunud mängus suutis Van Nistelrooy lähilöögist ManU-le 2 : 1 võidu tuua .
"el,ad",13334434,21332552,13,14,saama,"üle, ümber",el,ad,millest,suvel,"Minu nõrkus on ka hobused ja ratsutamine , mis on kirg , millest suvel üle ega ümber ei saa ."
"el,ad",3827207,6164364,16,17,paistma,,el,ad,kodukinost,subtiitritel,"Tarbijakaitse avalike suhete juhi Kristiina Vaksmaa sõnul paistavad eestlased olevat leppinud kehva tõlkega , mis kodukinost subtiitritel paistab ."
"el,ad",8615511,13817588,41,42,sonima,,el,ad,iseseisvusest,ajal,"Sellest on muidugi kahju , oli Vilma millalgi möönnud , kuid mida inimene külvab , seda tema lõikab , ja Meinhard oli peaaegu kogu ühise abieluaja võitluslembene mees ( ema väljend ! ) , arutu ka , kui sonis Eesti iseseisvusest ajal , mil kõik nägid , et sellel riigil on käes täielik lõpp ."
"el,ad",8354482,13387321,5,6,asetsema,,el,ad,inimestest,ühekaugusel,Pühakiri ja  graffiti  asetsevad inimestest ühekaugusel ja kummagi tähendus ei ulatu nende jaoks sügavamale plangu pinnast .
"el,ad",11377019,18229971,9,10,rääkima,,el,ad,saatusest,meil,Maire Toom piiritles naivismi tähenduse ja rääkis stiili saatusest meil .
"el,ad",12723276,20355337,5,6,sõltuma,,el,ad,millest,tal,"Ma ei tea , millest tal see värvivalik sõltub . »"
"el,ad",5009186,8042335,15,16,tulema,,el,ad,millest,kohtumisel,"Vare pole näinud küsimusi , millele komisjon ootab vastuseid , kuid ta teab , millest kohtumisel juttu tuleb ning tal on olnud aega sündmusi meenutada , lausus Käärma ."
"el,ad",7544421,12114169,20,21,tekkima,,el,ad,millest,mul,"“ Mort ” eriti ei kammi , küll aga “ Fantastiline valgus ” ja “ Võlukunsti värv ” , millest mul ühe välisreisi ajal reaalsuse nihked tekkisid ."
"el,ad",1565678,2491370,3,4,keelduma,,el,ad,elamisloast,põhjendusel,"Amet keeldus elamisloast põhjendusel , et sisserännu aastane piirarv on täis , riigikohtu väitel aga ei saa piirarvule tuginedes eirata Euroopa inimõiguste konventsiooni ja Eesti põhiseaduse tagatist perekonna puutumatusele ."
"el,ad",19829058,29303732,7,8,piisama,,el,ad,millest,sul,mrt|away: Magicfriend .. millest sul siis piisab :P ? !
"el,ad",12306202,19701000,6,7,saama,,el,ad,minust,sügisel,"Ma ei tea , mis minust sügisel saab ."
"el,ad",14002562,22291243,15,16,viima,välja,el,ad,kehast,mühinal,"Toimib see reguleeritav solaarium mitmel võimalikul moel : ühtpidi kui infrapunasaun , mis jääkained kehast mühinal välja viib , ning teisalt evib seade ka kuivatusfunktsiooni : näiteks kõrvatipust sabaotsani ülepestud sporthobune saab kuivatatud ilma tallipoiste ponnistusteta tõmbetuulega võitlemisel , mis kalli looma tõvelatrisse murda võiks ."
"el,ad",2826062,4531957,4,5,väljuma,,el,ad,väeosadest,keskpäeval,"Mõned kolonnid väljuvad väeosadest keskpäeval , teatas kaitsejõudude peastaap ."
"el,ad",13200399,21117147,31,32,istuma,,el,ad,kohtunikest,teisel,""" Minu kutsed olid arvestatud neile , keda tahtsin seal näha ja kes pidid sinna tulema , "" väidab Värnik , et andis kutsed vaid oma abilistele , kes istusid kohtunikest teisel pool tantsupõrandat ."
"el,ad",883823,1407532,29,30,teatama,,el,ad,Põhjarannikust,esmaspäeval,"Finaalis alistas Jõhvi Peterburi klubi 70 : 57 ( 32 : 29 ) , poolfinaalis sai Jõhvi 66 : 59 jagu Peterburi Admiraliteedi spordikoolist , teatas Rene Kundla Põhjarannikust esmaspäeval BNS-ile ."
"el,ad",8460494,13559876,4,5,andma,,el,ad,endast,eelvõistlusel,Tõenäoliselt andis mees endast eelvõistlusel kõik ega ole nüüd päriselt taastunud .
"el,ad",5462418,8757842,12,13,laskma,mööda,el,ad,endast,lõpukilomeetril,"Vastuoksa , distantsi teisel poolel kustus venelanna sedavõrd , et laskis endast lõpukilomeetril mööda ka Kristina Shmiguni ."
"el,ad",9630252,15453889,7,8,lahkuma,,el,ad,ametist,sügisel,"Volikogu tollane esimees Priit Saksing lahkus ametist sügisel , kui puhkes skandaal tema mitmenädalase kadumise pärast koos ametiautoga ."
"el,ad",10376593,16648669,12,13,saama,,el,ad,juunist,telefonidel,Täpsemat infot mõlema hansafestivalil kavas oleva spordiala kohta saab alates 18. juunist telefonidel 432 627 ja 400 398.
"el,ad",613659,973121,1,2,tulema,,el,ad,Enesekindlusest,Salol,"Enesekindlusest Salol puudust ei tule : "" Olen vormel-3 võistlustel tihti alistanud Häkkineni ja usun , et suudan seda nüüdki teha . """
"abl,in",4022209,6474030,12,13,kukkuma,,abl,in,katuselt,jääkamakas,"Samuti uuritakse heakorraeeskirja rikkumist Raekoja platsil , kus möödunud reedel kukkus katuselt jääkamakas selga 36-aastane Marinale ."
"abl,in",12602664,20166770,18,19,võtma,ära,abl,in,talt,trepikojas,"Samas majas elav 26-aastane Juhan teatas aga korravalvureile , et 23 . juunil võttis Sergei koos kahe mehega talt trepikojas ära toidukoti ja nõudis jõuga ähvardades ka kümmet krooni raha ."
"abl,in",1962748,3129806,5,6,saama,,abl,in,Moskvalt,aastas,Riiklike õppeasutuste tudengid saavad Moskvalt aastas 50 USA dollarit ja erakõrgkoolide õppurid 500-900 dollarit .
"abl,in",16976194,26095745,3,4,saama,,abl,in,neilt,päevas,Villu saab neilt päevas 3–4 SMSi ( mõni aga lihtsalt hingab torusse ) ja hulga meile .
"abl,in",5075456,8146083,19,20,kulgema,,abl,in,naftaväljadelt,Kasahstanis,"USA , Vene , Kasahstani ja Omaani energeetikaametnike osavõtul avas rahvusvaheline naftakompanii eile torujuhtme , mis kulgeb Tengizi naftaväljadelt Kasahstanis Vene sadamalinna Anapasse ."
"abl,in",11856140,18974335,5,6,uurima,,abl,in,suursaadikult,Taanis,"SL Õhtuleht uuris Eesti suursaadikult Taanis Taavi Toomilt , mis mulje kroonprints Frederik talle on jätnud ."
"abl,in",9863068,15827345,22,23,saama,,abl,in,ülikoolilt,aastas,"Tasub teada , et ülikool on kulutanud üliõpilasküla küttele 3 miljonit krooni aastas ehk teiste sõnadega , igaüks 2500 ühiselamuelanikust saab ülikoolilt aastas kingituseks 1200 krooni ."
"abl,in",1528878,2432950,6,7,lahkuma,,abl,in,postamendilt,mais,"Järgmisena lahkub muumia oma helehallilt postamendilt mais , minnes näitusele "" AHHAA - inimene "" ."
"abl,in",2237736,3579568,8,9,lahkuma,,abl,in,lavalt,pisarais,Šürii otsustas aga teisiti ning Karmen lahkus lavalt pisarais - ta oli kaotanud napilt teist aastat järjest .
"abl,in",9583715,15382541,8,9,küsima,,abl,in,suursaadikult,Tallinnas,"Kujutage ette , kui ajakirjanik küsiks Venemaa suursaadikult Tallinnas Aleksei Gluhhovilt , et kuidas ta suhtub mõne Eesti poliitiku saamisse valitsusjuhiks ."
"abl,in",9906102,15891143,9,10,kasvama,,abl,in,päringult,sekundis,Hewlett Packardi kasutuselevõtuga kasvas ristkasutuse läbilaskevõime seniselt 20 päringult sekundis umbes 256 päringule .
"abl,in",829870,1323637,18,19,saama,,abl,in,õllefirmalt,Aldaris,"Indias eluks ajaks vangi mõistetud Läti lendurid , kellele India president armu andis , saavad igaüks Läti õllefirmalt Aldaris 1.000 dollarit toetust ."
"abl,in",4009142,6453839,6,7,nõudma,,abl,in,Piimatööstuselt,suurusjärgus,"Korgiga pakendi turuletoomine nõudis Tallinna Piimatööstuselt suurusjärgus 2,5 miljonit krooni täiendavaid investeeringuid tehnoloogiasse , lisandusid kulud pakendi kujunduse muutmise ja müügitoetuse tõttu ostukeskkonnas ."
"abl,in",15568840,24309656,13,14,liikuma,,abl,in,ajalt,Tallinnas,"Hää , kui see inimene kusagi päälinna kandis oleks , või aeg ajalt Tallinnas liiguks ."
"abl,in",6911681,11108487,18,19,küsima,,abl,in,endalt,mõttes,"Kus on meie kõigi kohtumispaik , kui lahkudes võtame kaasa nii alguse kui lõpu , küsis Andreas endalt mõttes ."
"abl,in",14604591,23066506,4,5,võtma,,abl,in,endalt,arestikambris,"Et topeltmõrvas kahtlustatav endalt arestikambris elu võtab , on juba teine juhtum viimase kuu jooksul ."
"abl,in",585465,927623,2,3,astuma,,abl,in,laevalt,Tallinnas,"Soome laevalt Tallinnas maale astunud jõulutaat esineb kümmekonnas Eesti linnas koos päkapikkude ja tantsutrupiga , lubab Meie Meele ja Hea Lapse luulekonkursil paremateks tunnistatud lastel auhinna vastu luuletuse lugeda ja kuulab üle kõik linnapead ."
"abl,in",178261,296343,5,6,lendama,,abl,in,lennuväljalt,aastas,Täna aga lendab Tallinna lennuväljalt aastas vaid alla 400 000 inimese .
"abl,in",456092,714546,5,6,ajama,,abl,in,kursilt,eksides,Ehkki Sleipneri kapten ajas kursilt eksides laeva karile ning ka õnnetuse järel ei osanud meeskond laeva vigastusi õigesti hinnata .
"abl,in",717203,1142485,13,14,startima,,abl,in,neemelt,Floridas,"Peaaegu täpselt 30 aasta eest ehk 1969. aasta 16. juulil startis Canaverali neemelt Floridas rakett , alustades 384 000 kilomeetri pikkust teekonda Kuule ."
"abl,adit",990313,1577582,13,14,tooma,,abl,adit,välisreisidelt,koju,"Sellest , kuidas isa , Estonia toonane peadirigent Neeme Järvi , tõi välisreisidelt koju Tony Bennetti , Frank Sinatra ja Duke Ellingtoni plaate ning kuidas ta Soome televisiooni vaadates õppis armastama rock- ja popmuusikat ."
"abl,adit",11637813,18629427,7,8,suruma,,abl,adit,harjumuspäraselt,põhja,Vaieldamatu favoriit surus viimastel kilomeetritel gaasi harjumuspäraselt põhja ning läks püüdmatult oma teed .
"abl,adit",6825491,10982570,24,25,saama,,abl,adit,ümberehitamiselt,kätte,"Siis vabastas kohus mehe vahi alt , kuid kevadel pidi Han uuesti türmi minema , kui politseinikud ta ühes garaažis varastatud Volkswagen Passati ümberehitamiselt kätte said ."
"abl,adit",4767966,7657226,3,4,saabuma,,abl,adit,Venemaalt,külla,"Kolmapäeval saabub Venemaalt külla vene vaimuliku muusika koor Svetilen , mis esitab vene sakraalset ja ilmalikku a capella vokaalmuusikat ."
"abl,adit",10696424,17140276,12,13,hüppama,,abl,adit,ametipostilt,teadmatusse,"Sunnib imestama , et Pijpers suurelt vutimaalt ning soojalt ja tasuvamalt ametipostilt teadmatusse hüppas ."
"abl,adit",6581628,10590102,16,17,pääsema,,abl,adit,maalt,linna,"Eriti ebaõnnestunult on valitud viadukti sulgemise aeg - vahetult enne kooliaasta algust , mil tuhanded maalt linna pääsenud lapsukesed lõppematust remondist krussi aetud närvidega autojuhte täis tänavatele naasevad ."
"abl,adit",7106666,11429047,13,14,saama,,abl,adit,laualt-toolilt,kätte,"Elonore oli täie teadvuse juures , palavikkugi polnud , sai ise arstirohud laualt-toolilt kätte ; ainult tuim oli , osavõtmatu ."
"abl,adit",1587994,2526582,7,8,mängima,,abl,adit,ehedalt,kätte,Lugu Gradivast mängis talle selle seose ehedalt kätte .
"abl,adit",8808786,14142966,13,14,harjutama,,abl,adit,Faehlmannilt,kätte,"Ja olla võib , et Kristjan Jaak oli piibu imemise kombe just Faehlmannilt kätte harjutanud , tiisikust toogi teadis endal olevat , tiisikusse too vaene mees lõpuks ka sures ."
"abl,adit",6076225,9753501,3,4,tulema,,abl,adit,kalalt,koju,Mees tuleb kalalt koju .
"abl,adit",14060370,22387018,13,14,hüppama,,abl,adit,sadamakailt,vette,"Varajased kohalikud ( ja Kaspar ) vaatavad lolli näoga , kui ma sadamakailt vette hüppan ."
"abl,adit",10769106,17250418,6,7,saabuma,,abl,adit,MM-võistlustelt,koju,Meie põhjanaabrite kergejõustikudelegatsioon saabus Ateena MM-võistlustelt koju morni ilmega .
"abl,adit",844254,1345526,4,5,jõudma,,abl,adit,sünnipäevalt,koju,Nädal tagasi leidis sünnipäevalt koju jõudnud pererahvas oma maja ümbert auto- ja saapajälgi .
"abl,adit",9564862,15352913,9,10,sõitma,,abl,adit,töölt,koju,"Saade on ajal , kui paljud sõidavad tõenäoliselt töölt koju ."
"abl,adit",560846,886779,3,4,lendama,,abl,adit,Küproselt,Bukaresti,Jalgpallurid lendavad Küproselt Bukaresti 1. märtsil .
"abl,adit",6290630,10106779,20,21,saama,,abl,adit,tänavalt,kätte,"Samal ööl virutatakse veel Tammsaare pargis ühelt poisilt mobiil ära , aga läheduses asunud patrull saab vargad kohe Viru tänavalt kätte ."
"abl,adit",4082797,6571856,5,6,sõitma,,abl,adit,Saksamaalt,koju,"26-aastane pallur sõitis juba Saksamaalt koju , et alustada Newcastle Unitedi tohtrite tähelepanelikul jälgimisel kohe pikka taastusravi ."
"abl,adit",13536887,21649590,9,10,kukkuma,,abl,adit,jääpangalt,jõkke,Pärnumaal Vändra vallas Suurejõe külas kukkus üleeile poiss jääpangalt jõkke ja uppus .
"abl,adit",12187580,19513346,9,10,tulema,,abl,adit,töölt,koju,"Nüüd on lugu nagu kehvas naljas mees tuleb töölt koju , lohistab end diivanile ja loeb lehte või vahib telekat ."
"abl,adit",3527440,5680343,5,6,saama,,abl,adit,töötajalt,kätte,"Selle summa sai Aganitš töötajalt kätte 22. detsembril ning lubas vastutasuks , et taotleb tänavu töötajale igakuise 500-kroonise püsilisatasu maksmist ."
"abl,ill",6153020,9876313,5,6,helistama,,abl,ill,mobiiltelefonilt,politseisse,Seejärel helistasid nad kaasasolnud mobiiltelefonilt politseisse .
"abl,ill",901746,1436380,30,31,asfalteerima,,abl,ill,maanteelt,jäätmehoidlasse,"Matmispaik oli valmis juba kolm kuud tagasi , ent Vaivara vallavalitsus ei lubanud seda kasutusele võtta , kuni keskkonnaministeerium polnud kinnitanud , et asfalteerib 12 kilomeetri pikkuse teelõigu Narva-Tallinna maanteelt jäätmehoidlasse ."
"abl,ill",4599835,7392519,4,5,sõitma,,abl,ill,Saksamaalt,Hispaaniasse,Märtsis sõitis ta Saksamaalt Hispaaniasse harjutama .
"abl,ill",5167773,8290806,4,5,viima,,abl,ill,EMilt,klubidesse,""" Me viime EMilt klubidesse sõnumi , et kes tahab läbi lüüa , peab enda kallal veel rohkem töötama , ja et suurturniiri hõng - ajakirjanduse huvi , pealtvaatajate toetus - on kogemist väärt . """
"abl,ill",9447905,15170671,7,8,kolima,,abl,ill,Põltsamaalt,Tartusse,"Öelge siis ära , miks te Põltsamaalt Tartusse kolite ."
"abl,ill",6548704,10535433,7,8,tulema,,abl,ill,Venemaalt,Eestisse,Politsei andmetel tulid mehed 23. detsembril Venemaalt Eestisse .
"abl,ill",1506831,2398206,15,16,naasma,,abl,ill,puhkuselt,Moskvasse,18. august -- Vene president Vladimir Putin naaseb pärast ägedat kriitikat Musta mere äärest puhkuselt Moskvasse .
"abl,ill",1330576,2115253,4,5,jõudma,tagasi,abl,ill,suurvõistlustelt,Eestisse,"Alati , kui suurvõistlustelt Eestisse tagasi jõudsin , puistas ta kui varrukast asjalikke küsimusi ."
"abl,ill",5610088,8995385,23,24,tegelema,,abl,ill,Venemaalt,Eestisse,"Kuurmanni sõnul vahistati Anti Selge kriminaalasja raames , mille käigus on juba vahi alla võetud seitsmeliikmeline grupp , kes tegeles süstemaatilise salakaubaveoga Venemaalt Eestisse ."
"abl,ill",7027187,11288076,6,7,jõudma,,abl,ill,Oloselt,Kuusamosse,Eesti meeskond jõudis oma Soome-baasist Oloselt Kuusamosse üleeile õhtul .
"abl,ill",5282388,8473374,16,17,reisima,,abl,ill,maalt,linnadesse,""" Lisaks bensiinireostusele lisandub veel maanteede ääriste roojastus inimese uriini ja rooja näol , sest maalt linnadesse ja linnadest linnadesse reisivad lapsed ja haiged inimesed on sunnitud bussiliikluse korral rahuldama oma inimlikke vajadusi ükskkõik millise ilmaga , "" seisab pöördumises ."
"abl,ill",3162726,5078206,25,26,naasma,,abl,ill,kodumaalt,Eestisse,"Vähemalt pealtnäha mindi lahku väga sõbralikult - Eesti jalgpalliliidu ( EJL ) president Pohlak autasustas Goesi EJL-i kõrgeima autasuga , kuldmärgiga , ning kolmapäeval kodumaalt Eestisse naasnud Goes kinkis Pohlakule Hollandi puukingad ."
"abl,ill",4052499,6522676,3,4,saabuma,,abl,ill,turismireisilt,Itaaliasse,Abielupaar saabub turismireisilt Itaaliasse .
"abl,ill",14261320,22637944,21,22,virutama,,abl,ill,meetrilt,taevasse,"0 : 1 kaotusseisus sekkus Piiroja teravalt rünnakule , söötis Vjatšeslav Zahovaikole , kuid too virutas palli 8-9 meetrilt taevasse ."
"abl,ill",4011737,6457882,8,9,kolima,,abl,ill,lähistelt,Eestisse,Venemaal kulakuteks tembeldatud eesti talupere kolis Uljanovski lähistelt Eestisse 1934. aastal .
"abl,ill",16937523,26032866,13,14,jalutama,,abl,ill,presidendiballilt,poliitikasse,"Respublikaanid üllatasid avalikkust supermodell Carmen Kassiga , kes Urmas Reinsalu käevangus jalutas presidendiballilt poliitikasse ."
"abl,ill",10837465,17356867,8,9,kolima,,abl,ill,Saksamaalt,Hispaaniasse,"Meeste 30 km vabastiil näitas , et Saksamaalt Hispaaniasse kolinud Johann Mühleggi ja Liechtensteini kääbusriigi esindaja Stephan Kunzi tänavune edu pole juhuslik ."
"abl,ill",11032755,17670595,12,13,trügima,,abl,ill,kohtadelt,kallimasse,"Teda häiris publiku kultuuritus , inimesed olevat trüginud üle piirete odavamatelt kohtadelt kallimasse sektsiooni ."
"abl,ill",10559172,16925370,11,12,naasma,,abl,ill,reisilt,Lääne-Aafrikasse,"Saksamaa pealinnas suri eile hommikul sakslane , kes nädalavahetusel naasis reisilt Lääne-Aafrikasse , teatasid haigla esindajad ."
"abl,ill",5129610,8230024,10,11,naasma,,abl,ill,palverännakult,Mekasse,"Esialgseil andmeil olid enamik bussissõitjatest palverändurid , kes naasid palverännakult Mekasse ."
"abl,el",1686845,2685146,1,2,sõitma,,abl,el,Venemaalt,Kingissepast,"Venemaalt Kingissepast Tallinna sõitnud Sergei ei varjanud , et loovutas neeru Iisraeli kodanikule ."
"abl,el",565787,894909,8,9,käima,sees,abl,el,taburetilt,aknast,""" Politsei arvas , et poisikesed käisid taburetilt aknast sees , aga vanemad vargad seisid tänaval ja ootasid ."
"abl,el",13133811,21015261,16,17,kaduma,,abl,el,meilt,käest,"« Üheks pasunate kasuks otsustamise põhjuseks sai kindlasti Eesti-Venemaa jalgpallimatš , tänu sellele kadusid pasunad meilt käest nagu soojad saiad ."
"abl,el",17322359,26583241,4,5,sõitma,,abl,el,piirilt,Narvast,Jahid sõidavad Eesti-Vene piirilt Narvast Eesti-Läti piirini Kihnu saare lähistele .
"abl,el",545889,862003,22,23,leidma,,abl,el,sügavuselt,veest,Akvalangistid keskendusid Kennedy ja tema kaaslaste maiste jäänuste otsimisel 100-200 ruutmeetri suurusele territooriumile ning leidsid Kennedy surnukeha 35 meetri sügavuselt veest koos suure osaga tema ühemootorilise eralennuki vrakist .
"abl,el",12652600,20244157,6,7,naasma,,abl,el,puhkusereisilt,Hispaaniast,Pühapäeval naasis Poom perega kahenädalaselt puhkusereisilt Hispaaniast .
"abl,el",5809243,9320838,9,10,asuma,,abl,el,Hansapangalt,haridustöötajaist,Eesti Ühispank asub järgmisel nädalal maailmas ainulaadse kaarditootega Hansapangalt haridustöötajaist kliente üle meelitama .
"abl,el",7995069,12824081,16,17,võtma,kinni,abl,el,mult,käest,"Enam polnud kuhugi taganeda , nüüd tuli olla olukorra peremees , enam ei võtnud Laida mult käest kinni ega vedanud mind enda järel ."
"abl,el",17206371,26414720,7,8,reisima,,abl,el,kauguselt,Salonikist,"Rocki mängijad reisisid eile 400 kilomeetri kauguselt Salonikist pealinna ja seadsid end lõuna paiku sisse Ateena kesklinna hotellis , ent nemadki kohtasid tänavatel vaid rahulikku sagimist ."
"abl,el",1699625,2705415,11,12,mööduma,,abl,el,rahvaarvult,Hiinast,"Kui sündivus ei vähene , siis möödub India 2045. aastal rahvaarvult Hiinast ."
"abl,el",10288092,16511498,9,10,asuma,,abl,el,Novgorodimaalt,Arzamassist,"Olga Astafjeva ( 27 ) oli teele asunud Novgorodimaalt Arzamassist , Marina Nerudskihh ( 25 ) saabus polaarjoonetagusest Murmanskist ."
"abl,el",6539657,10520005,8,9,tellima,,abl,el,neilt,päästealast,"Pigem vastupidi , oleme pikka aega tellinud neilt päästealast koolitust ja sooviks seda koostööd jätkata , "" lisas Lember ."
"abl,el",2123513,3390392,6,7,saama,,abl,el,Chevalier'lt,Ameerikast,"Tohtahhunov : "" Sain just Chevalier'lt Ameerikast teate ."
"abl,el",7677438,12310656,18,19,viskama,välja,abl,el,kõrguselt,aknast,"Nende seletuste nõrkuseks on väidetud teostamisviis : on ebausutav , et mõrvarid oleksid visanud mehe 8 meetri kõrguselt aknast välja või et keegi sooritaks enesetappu nii madalalt kõrguselt ."
"abl,el",9128627,14676022,3,4,saabuma,,abl,el,kodumaalt,SHveitsist,"Oma praeguselt kodumaalt SHveitsist saabunud mees tuli muuhulgas kohtuma Eesti Raudtee ostjaks valitud Baltic Rail Service ( BRS ) juhtidega , täpsemalt  Jüri Käoga  ."
"abl,el",12785472,20452390,10,11,osalema,,abl,el,Pärnumaalt,Saardest,Näiteks 25 . märtsil 1949 osales ta perekond Laaneotsa väljasaatmisel Pärnumaalt Saardest .
"abl,el",8536986,13682423,24,25,jääma,maha,abl,el,ilult,ööbikulaulust,"Ja kui ilusate ööbiku- , rästa- ja kajakateemaliste laulude vahele ka üht-teist maailmavaatelist kuulata oli , hakkaski tunduma , et kõik see oma ilult ööbikulaulust mitte kaugele maha ei jää ."
"abl,el",2557264,4102735,3,4,tõmbama,,abl,el,kaminaservalt,tupest,"Ründaja tõmbas kaminaservalt tupest paarikümnesentimeetrise kinžalli , mis majaperemehele on kingitud aastaid tagasi ."
"abl,el",20995669,29862793,8,9,saama,,abl,el,tegelt,asjadest,"neiuKati_mossis: ei nu ma ei saa tegelt asjadest enam üldse aru , aga ple hullu"
"abl,el",8170805,13115826,6,7,jääma,maha,abl,el,arengult,Lääne-Europast,Ega Baltikumi mõisaarhitektuur jäänud stiili arengult Lääne-Europast palju maha .
"abl,all",5766299,9250323,17,18,sammuma,,abl,all,võidult,võidule,"Kodumaistegi kriitikute suust on aga Chirac pidanud kuulma etteheiteid , et Britannia eesotsas Blairiga on sammunud võidult võidule nii euroteemade kui ka majandusarengu vallas ."
"abl,all",1733518,2759547,15,16,saatma,,abl,all,väljakupoolelt,väravaesisele,"Ent kisa sai võimsuse tagasi , kui vahetusmees David Weir veidi hiljem palli oma väljakupoolelt väravaesisele saatis ning Craig Burley selle üle ebakindlalt vastu jooksnud kollkipper Frode Grodåsi tõstis ."
"abl,all",9822007,15759763,6,7,jääma,alla,abl,all,tasemelt,meistritele,"“ Kuigi Arsenal ei jää tasemelt meistritele palju alla , oli Manchester United pidevalt karvavõrra teistest ees ."
"abl,all",11132495,17834223,20,21,saatma,,abl,all,äärelt,väravaesisele,"Jõudsid väljakuperemehed rünnakut ja pealtvaatajad koorilaulu lainele saama hakata , kui Deportivo valusalt nõelas : Joan Capdevila saatis palli äärelt väravaesisele , kust Walter Pandiani selle peaga võrku kõksas ."
"abl,all",3643218,5867196,4,5,suunduma,,abl,all,lapsepuhkuselt,tööle,"Emad suunduvad kiiresti lapsepuhkuselt tööle , lapsehoidjaga saavad lapsed suurepäraselt hakkama ."
"abl,all",17370258,26653527,5,6,kukkuma,,abl,all,kõrguselt,põrandale,Tuttaval kukkus C35 tasku kõrguselt põrandale ja enam tööle ei läinud .
"abl,all",711689,1133191,19,20,liikuma,,abl,all,merelt,maale,"Kolmapäeva õhtul Pärnus mere äärde kõrkjate põlengut kustutama tõtanud tuletõrjujad leidsid kohapeal , et arvatavad suitsupilved oli tekitanud merelt maale liikunud udu ."
"abl,all",6774975,10899403,41,42,laekuma,,abl,all,millelt,riigile,"Praegu maksab Malineni sõnul liiter Finlandia viina Soomes üle 33 euro ( 516 krooni ) , millelt tasutakse aktsiisi 20 eurot ( 313 krooni ) , 0,33 -liitrine keskmise kangusega õlu maksab 1,1 eurot ( 17 krooni ) , millelt riigile laekub 0,43 eurot ( ligi 7 krooni ) ."
"abl,all",6602605,10624555,28,29,sõitma,,abl,all,kõrvalteelt,peateele,"21.04.2003 kella 19.30 ajal juhtus liiklusõnnetus Tallinnas Randvere ja Aianduse teede ristmikul , kus Saab 900 , mida juhtis Tiia ( s. 1940 ) , sõitis kõrvalteelt peateele ja seal otsa jalgratturile Martinile ( s. 1981 ) , kes toimetati vigastustega Keskhaiglasse ."
"abl,all",10927803,17501442,28,29,suunduma,,abl,all,väljakult,staadionile,"Kontsert algab kell 14 ning lauljate peo lõppedes viiakse tõrvik laevaga Helsingisse , kus seda 18. juuni hommikul kell 11 kantakse taas rongkäigus , mis suundub Senati väljakult staadionile ."
"abl,all",3353260,5393938,7,8,käima,,abl,all,Märjamaalt,hiidlastele,Maadlusvõtteid hakkas ta isevalmistatud roomatil õppima Märjamaalt hiidlastele tarkust jagamas käinud treener Juhan Kalde käe all .
"abl,all",4530223,7281723,21,22,minema,,abl,all,tänavalt,tööle,"Tarand ütleb ajakirjaniku küsimuse peale , et ta ei tea , kui palju bussipilet maksab , sest ta läheb Harju tänavalt tööle jala ."
"abl,all",17066435,26231795,9,10,pöörduma,,abl,all,tähevalguselt,neoontuledele,"Kui pühad peetud , pöördub pilk paratamatult taas tähevalguselt neoontuledele ."
"abl,all",12828101,20520262,6,7,ootama,,abl,all,koondiselt,silmale,""" Hollandi avalikkus ootab igalt koondiselt silmale ilusat jalgpalli ."
"abl,all",6419731,10320689,11,12,muutuma,,abl,all,inimeselt,inimesele,"Ent kui viirus muteerub selliseks , et muutub nakkavaks ka inimeselt inimesele , võib surmajuhtumeid olla sadu miljoneid ."
"abl,all",1929474,3074559,15,16,istuma,,abl,all,Optimistilt,470-le,"Juunioride MM-il asendab Saaringut 14aastane Tallinna 21. keskkooli õpilane Agnes Lill , kes istus Optimistilt 470-le alles sel kevadel ."
"abl,all",710154,1130631,11,12,sõitma,,abl,all,kõrvalteelt,peateele,"Roman ( 24 ) sõitis Tallinna-Narva maantee 205. kilomeetril Zhiguliga kõrvalteelt peateele , kaldus järsku vastassuunavööndisse ja põrkas kokku mööduva Nissaniga ."
"abl,all",11096365,17774860,4,5,ostma,,abl,all,Telefonilt,endale,Kevadel ostsin Eesti Telefonilt endale telefoni ka .
"abl,all",11014058,17641072,10,11,tulema,,abl,all,mandrilt,Saaremaale,Saaremaa teedevalitsuse juhataja Aleksander Kollo teatel tuli tänavu jaanipäeval mandrilt Saaremaale 1800 autot .
"abl,all",8830574,14183136,3,4,tammuma,,abl,all,jalalt,teisele,"Tammusin ühelt jalalt teisele , ema ja vanaema läksid kööki söögiga õiendama , mina jäin isaga kahekesi tahatuppa ."
"abl,ad",13387460,21413443,4,5,tegema,,abl,ad,tänavalt,rahvahääletusel,Seega teeb mees tänavalt rahvahääletusel oma nii tähtsa otsuse suures osas vaid oletustele toetudes .
"abl,ad",11647965,18645322,6,7,startima,,abl,ad,lennuväljalt,kolmapäeval,Lennuk startis Kreeta saarelt Chania lennuväljalt kolmapäeval kell 11 . 55 .
"abl,ad",13000577,20800891,9,10,meelitama,välja,abl,ad,publikult,laupäeval,"Lisaks Gert Kullamäe kolmestele meelitas Tartu suhteliselt vaoshoitud publikult laupäeval kõvemad emotsioonid välja grusiinist tagamees Georgi Tsintsadze oma efektsete söötude , vaheltlõigete ja põrgatustega ."
"abl,ad",9819001,15754670,5,6,kukkuma,,abl,ad,katustelt,tänaval,"Nagu talvel , kukkus katustelt tänaval kõndijate sekka lund ."
"abl,ad",1543572,2455901,13,14,paluma,,abl,ad,investoritelt,vajadusel,"Riigivarafond teatas , et erastamiskomisjon analüüsib pakkumisi sellel nädalal ja palub potentsiaalsetelt investoritelt vajadusel lisainformatsiooni ."
"abl,ad",7095872,11410883,5,6,võtma,,abl,ad,talt,hommikul,"Et üks puhkaja võttis talt hommikul hobuse , et mere äärest tee peale kruusa vedada ."
"abl,ad",11225930,17987004,14,15,võtma,,abl,ad,temalt,nädalavahetusel,"Jaanus Truia ( 31 ) huvi sõjamängude vastu kinnitab relvaarsenal , mille politsei temalt nädalavahetusel hoiule võttis ."
"abl,ad",1771507,2820849,26,27,võtma,,abl,ad,Šmigunidelt,Suverullil,""" Vaatamata eelmise talve vigastusele jõuab Kristina peagi päris tippu ja meie duell võib jätkuda , "" loodab noor olümpiavõitja , kes uuel nädalal õdedelt Šmigunidelt Suverullil mõõtu võtab ."
"abl,ad",838823,1336545,6,7,tulema,,abl,ad,millelt,mul,"Ootangi saadetist - CDd , millelt mul tuleb kaks endale sobivat muusikapala selgeks õppida ."
"abl,ad",19934402,29360627,9,10,laenama,,abl,ad,sõbralt,opel,Little_Devil: KessukasN pohh see hotell .. laena sõbralt opel :D
"abl,ad",5757708,9236097,3,4,saabuma,,abl,ad,konstruktoritelt,tigusammul,Uuendused saabuvad konstruktoritelt tigusammul ja ka testiprogramm ei ole Salo meelest õnnestunud .
"abl,ad",1549335,2465337,3,4,küsima,,abl,ad,eksperdilt,sündmuspaigal,"Kui ma eksperdilt sündmuspaigal küsisin , kas sellest relvast on tulistatud , siis vastas ta jaatavalt - on ka selge , et pärast tapmiskatset ööl vastu pühapäeva polnud kahtlustatav oma Waltherit puhastanud , "" ütles eile Tallinna politseijuht Jüri Kasesalu ."
"abl,ad",6855545,11028753,7,8,tulema,,abl,ad,neilt,laupäeval,""" Kuid konflikti kohta ei tulnud neilt laupäeval meile mingit teadet , "" kinnitas Miilits ."
"abl,ad",1394709,2218708,8,9,tahtma,,abl,ad,temalt,kodutänaval,"Ja jutustab sellest , kuidas tundmatu poisiklutt temalt kodutänaval käekotti ära tahtis röövida ."
"abl,ad",8177033,13125481,3,4,lahkuma,,abl,ad,saarelt,aastal,"-  Lahkus saarelt aastal 1985 Hollandisse , sest muusikuna ei olnud tal Arubal enam midagi saavutada ."
"abl,ad",5355156,8590056,1,2,tellima,,abl,ad,Enimexilt,liinil,Enimexilt liinil Tallinn-Kärdla lennuteenust tellinud Eesti Lennukompanii ( ELK ) juhatuse esimehe Aleko Peipsi sõnul peaksid kõik reedeses õnnetuses kannatanud pöörduma kahjude hüvitamiseks kas ELK-i või Enimexi poole .
"abl,ad",4154739,6687664,6,7,nõudma,,abl,ad,turismigrupilt,piiril,Poola toll nõudis 60-liikmeliselt Eesti turismigrupilt piiril 6000 krooni turistimaksu .
"abl,ad",9944996,15956099,5,6,ootama,,abl,ad,linlastelt,vihjetelefonil,"Endiselt ootab narkokuritegude talitus linlastelt vihjetelefonil 6 124 465 igasugust teavet narkomaanide liikumise , prostitutsiooni ja taskuvaraste tegevuse kohta ."
"abl,ad",9730200,15611777,24,25,võtma,ära,abl,ad,emalt-isalt,eluajal,"Arengupartei nimekirjas Riigikokku kandideeriva ärinaise Kersti Krachti mehe vanemad peavad naispoliitikut kurja juureks , kes torgib nende poega tagant , et see võtaks emalt-isalt eluajal kohtu kaudu priske tüki pärandist ära ."
"abl,ad",12883166,20607726,21,22,taipama,,abl,ad,kummaltki,eluajal,"Inimesest , kes pärit-olult oli Krimmi eestlane ja õppinud Leningradi Ülikoolis , inimesest , kellest olen kuulnud ( ei taibanud kummaltki eluajal küsida , kas see oli õigus , kuigi praegu peaks veel inimesi olema , kes võivad seda täpsemalt teada ) , et TRÜ partorgina oli ta varjanud oma korteris üht ( Waffen- ? )"
"all,in",1944985,3100099,10,11,andma,,all,in,mainele,välismaailmas,"Võib ainult oletada , mis mõju see annab Eesti mainele välismaailmas ."
"all,in",16110466,25009493,2,3,meeldima,,all,in,Mulle,Eestis,""" Mulle Eestis meeldib ."
"all,in",6616573,10647841,3,4,tegema,ära,all,in,Venemaale,kõrgushüppes,Rootsi tegi Venemaale kõrgushüppes ära 2 : 0.
"all,in",1949563,3107541,24,25,avaldama,,all,in,teile,Eestis,"Igas intervjuus , mis ma oma Tallinnasse saabumise päevast ajakirjandusele olen andnud , on minult üht- või teistmoodi küsitud : "" Mis on teile Eestis muljet avaldanud ?"
"all,in",1977610,3153864,17,18,vallutama,,all,in,heategevusüritusele,päikeselõõsas,"Rohkem kui 180 meetrit pikk ärkamisaegset hamburgerit meenutav U-kujuline võileib vallutas eile tänu Olümpia hotelli kokkade heategevusüritusele päikeselõõsas Raekoja platsi , Vene tänava rõskes majas meisterdasid laste käed samal ajal pisikesi linnamonumente ."
"all,in",204644,333920,70,71,pakkuma,,all,in,kooskonnale,Eestis,"Grandiprojekti raames käsitleti Eesti teadusraamatukogude töö tulemuslikkuse hindamise ja kvaliteediga seonduvalt rahvusvahelistel erialakonverentsidel Eestis ( Lepik 2001 , Nuut 2001 ) , Leedus ( Lepik 2002 ) , Ameerika Ühendriikides ( Nuut jt 2002 ) , Ühendkuningriigis ( Nuut 2003 ) ja Saksamaal ( Lepik , Liivamägi 2003 ) ning leiti võimalusi sisse seada ja koostada erialaajakirjas “ Raamatukogu ” rubriik “ Raamatukogu turuedukus ” , mis pakub raamatukogunduslikule kooskonnale Eestis võimalus enesetäiendamiseks ja diskussiooniks ."
"all,in",8904763,14313799,18,19,tungima,kallale,all,in,talle,Kihnus,"12. juulil sai politsei avalduse ka Kuulmannilt endalt , milles mees väidab , et tundmatud isikud tungisid talle Kihnus kallale ja vigastasid teda ."
"all,in",12846029,20547460,7,8,jõudma,,all,in,müügile,Taanis,"Sel nädalal jõudis Caatri uus singel müügile Taanis , Saksamaal ja Prantsusmaal ."
"all,in",3924178,6319941,7,8,pöörama,,all,in,inimõigusrikkumistele,Tšetšeenias,"Selles leitakse , et EL pole inimõigusrikkumistele Tšetšeenias ja muule murettekitavale Venemaal piisavalt tähelepanu pööranud ."
"all,in",5532898,8871528,6,7,tegema,,all,in,endale,maailmas,Nüüdseks on kunstiajaloolane Agu Pilt endale maailmas nime teinud rõivadisainerina ja akvarellide maalimisega .
"all,in",8912246,14326370,3,4,tegema,,all,in,endale,Utah's,“ Tegin endale Utah's nime .
"all,in",3866282,6227361,19,20,kujutama,ette,all,in,endale,vaimusilmas,"Olen kindel , et ühel hetkel said isa ja poeg aru , et sellist filmi , nagu nad endale vaimusilmas ette kujutasid , ei tule ."
"all,in",4913311,7889138,4,5,esitama,,all,in,Hingisele,kohtus,"Kui Abrams esitas Hingisele kohtus küsimuse , kas Rajcevic muutus talle tüütuks , vastas Hingis : "" Rohkem kui tüütuks ."
"all,in",2289151,3665576,4,5,tõusma,,all,in,kliendile,Soomes,"Neljapäevast tõuseb EMTi kliendile Soomes ja Saksamaal vastuvõetava kõne hind , Soomes 30 senti ja Saksamaal 1.80 krooni ."
"all,in",5285470,8478444,3,4,osutama,,all,in,klientidele,rahvasuus,Tammiskilp osutab klientidele rahvasuus puldivalvena tuntud teenust .
"all,in",1026984,1633661,7,8,seadma,,all,in,endale,jaanuaris,""" Eesmärgi jõuda 2000 punktini seadsin endale jaanuaris , "" kinnitas päevakangelane ."
"all,in",12351337,19775451,7,8,põhjustama,,all,in,firmale,Alas,"Kohtu hinnangul põhjustas Mälberg sellise teoga firmale Alas olulise kahju , mille materiaalne suurus pole tuvastatav ."
"all,in",2360376,3782491,4,5,pääsema,,all,in,tiitlivõistlusele,käes,"Nüüd on pääse tiitlivõistlusele käes ja järgmisi starte saab vabamalt võtta , "" rääkis 22-aastane kõrgushüppaja ."
"all,in",3993110,6427547,3,4,andma,,all,in,riigile,firmas,Kuldaktsia annab riigile firmas ebaproportsionaalselt suure otsustusõiguse .
"all,in",16785018,25829730,18,19,leidma,,all,in,endale,selles,"Nagu sedagi , kas uutes poliitikatuultes mõõdukate tolmu jalgelt pühkimist kaaluv tulevane ELi kantseleiülem Henrik Hololei leiab endale selles järglasi ."
"all,adit",7871715,12611469,4,5,tulema,,all,adit,poisile,meelde,"Ei tule te poisile meelde 6000-kroonine jalgratas ja kogu see aastate jooksul ostetud kuhi hilpe ja videomänge , kui ta oma nõrga võõrkeele pärast ülikooli konkursist välja libiseb ."
"all,adit",3025581,4853151,39,40,jääma,,all,adit,maksumaksjale,kätte,"Viimastel päevadel valitsuses arutelu all olev kiire ja järsk aktsiisitõus on tekitanud maksumaksjates palju pahameelt , sest kui aktsiisitõus kavandatud mahus ellu viiakse , siis korjatakse kaudsete maksude tõusuga 2008. aastal maksumaksjatelt mitu korda rohkem raha kui jääb maksumaksjale kätte tulumaksu alandamisest ."
"all,adit",1987922,3170544,12,13,andma,,all,adit,ajakirjanikele,kätte,"Eesti Ajalehtede Liit annab homme Tallinnas Kiek in de Kökis parimatele ajakirjanikele kätte auhinnad , mille nad pälvisid mulluste tööde eest ."
"all,adit",8990791,14455244,15,16,sosistama,,all,adit,mulle,kõrva,"Brünett karjub nagu jaksab ( Musti , koju !!!! ) ja Anu Lamp sosistab mulle kõrva , et see saab edasi küll ."
"all,adit",16690888,25681117,39,40,tulema,,all,adit,meile,appi,"Kui Eesti on NATO liige , siis kehtib artikkel 5 , mis kohustab teisi liikmesriike kaitsma seda liiget , kes on sattunud rünnaku alla , mis tähendab , et kui me oleme NATO liikmed , siis USA tuleb meile appi ."
"all,adit",18947519,28608957,23,24,toimetama,,all,adit,kundedele,kätte,"Varem rentis Kivi talu Viljandis piima müümiseks ruumi , sel suvel aga laadis perenaine linna tööle minnes piimapurgid autosse ja toimetas kindlatele kundedele kätte ."
"all,adit",12476820,19972432,5,6,sõitma,,all,adit,sugulastele,külla,Kipketer sõitis sünnimaale Keeniasse sugulastele külla ja haigestus malaariasse .
"all,adit",7860621,12593589,4,5,näitama,,all,adit,meile,kätte,Need tähelepanekud näitavad meile kätte Euroopa Liidu struktuuride nõrgad kohad .
"all,adit",972106,1548425,26,27,jääma,,all,adit,meile,kätte,""" Infot Soomes toimuva rattaretke kohta hakkasime juba kevadel Soomaa matkal levitama , just arutasime , et müüakse läbi kas sekunditega või jäävad kõik kohad meile kätte , "" ütles Valmis ."
"all,adit",12313269,19713393,40,41,kutsuma,,all,adit,meile,kaela,"“ Kui ma küsisin , miks just mina pean aru andma , mitte Bruno Saul [ Ministrite Nõukogu esimehe asetäitja kapitaalehituse alal ] , ” meenutab Kallion , “ vastati mulle , et kes selle õnnetuse [ olümpiaregati ] meile kaela kutsus , see andku ka aru ."
"all,adit",7980177,12798636,267,268,jääma,,all,adit,mulle,meelde,juhtus selline imelik asi et see kadi või mis iganes ta nimi oligi leidis mu kuidagi üles mingi pool aastat või aasta tagasi olin temaga maganud vist selline kobe tükk aga ei midagi erilist nüüd ta siis seisis mu ees ja ma mõtlesin mida mida nüüd mis värk on ja no täielikuks õuduseks oli muidugi see et tal oli see väike väike pamp vankris ning ma kujutlesin juba ei tea mida tere tere kadi kuidas läheb normaalselt mul ka ei midagi erilist midagi sellist huvitavat ei toimu aga muidu elab ära kõige selle peale lükkas see kadi või kes ta oligi seda vankrit mulle nina alla ütleski seda mida ma nagunii juba ootasin jah muidugi süüdistati mind isaduses mis mul erilist öelda oligi vaatasin seda pampu lähemalt mitte miski ei meenutanud mu tavalist peegeldust uuesti ma teda küll ära ei tunneks mõttes arvutasin kokku mitmes ta siis nagu on teoreetiliselt oleks esimene poeg selle mingi tütre kõrval ja veel kolm loodet kelle sugu veel arvata ei osanud loodetavasti olid nad pojad ma ei saanud aru mida see kadi minust veel tahtis kas ta tõesti arvas et ma hakkan mingiks isaks või selliseks päris kindlasti kohe see kadi oli kuidagi haledamaks muutunud väsinud näoga aga ei hakanud seda talle ütlema see on ju ebaviisakas ei osanud temaga enam midagi rääkida ütlesin et laps on väga ilus ei no muidugi ütlesin et ma pean kahjuks ühele kohtumisele tõttama ütlesin et tulen juba täna õhtul ta juurest läbi selgus et ta elab ikka veel vanemate juures no ikka täielik õnnetus ta ütles selle aadressi tegin näo et see jäi mulle meelde ta vist tahtis minuga veel millestki rääkida kuid mul oli ikka tõesti tõesti kiire õhtul siis näeme pöörasin nurga taha ostsin putkast suitsu ei läksin veel poodi ostsin ühe õlu istusin pargipingile selline vastik vihmane ja külm ilm ma ei taha haigeks jääda
"all,adit",15948430,24807655,12,13,panema,,all,adit,ruuterile,sappa,"ruuter on norm ja kaablid ka , sest kui ma panin ruuterile sappa ühe läbikõrbend netiocaga zyxeli ruuteri , siis läbi selle HUB-i kõik toimib nagu kellavärk ..."
"all,adit",4985622,8005020,6,7,minema,,all,adit,ekskursioonile,Jeruusalemma,Siis läks mees koos teistega ekskursioonile Jeruusalemma .
"all,adit",539316,851006,4,5,jääma,,all,adit,juhtkonnale,silma,"Nemad jäid Estonia juhtkonnale silma samalaadsel "" laadal "" kolm aastat tagasi ."
"all,adit",1870643,2979485,14,15,tooma,,all,adit,inimestele,meelde,"Saaremaa toidutootjate mõte leevendada Venemaa rahakrahhist tekkinud müügiraskusi üleminekuga naturaalmajandusele toob kõige vanematele inimestele meelde ilmselt kolhoosiajad , mil pärast keerukaid arvutusi tinglehmades ja normipäevades sai töömees palgaks hunniku põhku või heinasao ."
"all,adit",8805864,14136128,5,6,tulema,,all,adit,Andole,meelde,Pikkamisi tuli see erak Andole meelde .
"all,adit",12590685,20148043,4,5,viskuma,,all,adit,sukamehele,selga,Teised kunded viskusid sukamehele selga ning lähedasest jaoskonnast polnud politseil kohale jõudmisega erilist muret .
"all,adit",11059448,17713340,30,31,määrima,,all,adit,massidele,pähe,"Eriti inimestele , kes on jõudnud väsida hip-hop'is laiutavast hallusest ja tüütult mölisevaist suvaräppareist , kes , vinge promomasin tagumendi all ja keel vabakäigul laperdamas , on määrinud endid massidele pähe ."
"all,adit",7079718,11381304,6,7,tulema,,all,adit,mulle,meelde,"Lennukit või ? "" tuli mulle meelde pommitamine ."
"all,adit",2457986,3940779,25,26,tulema,,all,adit,neile,pähegi,"Ja veel üks lause meenub mulle seoses Estonias toimuvaga , eriti kui lugeda "" mässuliste "" kinnitust , et Eri Klasi ajal ei oleks neile pähegi tulnud mingeid avaldusi koostada ."
"all,ill",7080315,11382437,5,6,tooma,,all,ill,mulle,voodisse,"Hommikul tõi neenetsinaisest teenija mulle voodisse tassi rohelist teed , singivõileiva , maasikatordi lõigu ja kirja Pavkalt ."
"all,ill",12332183,19745221,12,13,saatma,,all,ill,teele,maakondadesse,Kell 11.30 on Kaitseliidu paraad raudteejaamaesisel väljakul ning president saadab võidupäevatule teele maakondadesse .
"all,ill",12211862,19550692,9,10,tulema,,all,ill,ohvritele,Kesk-Eestisse,"Laulva revolutsiooni päevil kõneks olnud tähist viimase okupatsiooni ohvritele Kesk-Eestisse ilmselt ei tule , suuremõõtmelist Taara tammikut me enam ei loo ."
"all,ill",11260447,18045610,3,4,haarama,kaasa,all,ill,sõidule,Valmierasse,Klandorf haaras sõidule Valmierasse kaasa paksu ajalehepaki ja kriminulli .
"all,ill",10897862,17453738,39,40,lendama,,all,ill,brasiillasele,jalgadesse,"Mängu ainuke värav sündis 11 meetri karistuslöögist 37. minutil , kui prantslaste kaitsja , mulluses finaalis Saint-Germaini võiduvärava löönud  Bruno N'Ghotty  FIFA poolt mulluse aasta maailma parimaks jalgpalluriks tunnistatud  Ronaldo  läbimurde takistamisel hiljaks jäi ja 20-aastasele brasiillasele jalgadesse lendas ."
"all,ill",6508364,10468677,7,8,suunduma,vastu,all,ill,laevastikule,Liepajasse,"9. detsembril 1918.a. suundusid Inglise laevastikule Liepajasse vastu Eesti puksiiril Reval kindral Johan Laidoner ja meie miinilootsid , kes tõid laevad läbi tollal meres olnud ulatuslike miiniväljade ."
"all,ill",13067707,20909494,11,12,tõstma,,all,ill,veepinnale,püstiasendisse,"Jooksja keha ümber on kinnitatud vöö , mis tõstab ta veepinnale püstiasendisse , ilma et oleks vaja liigseid liigutusi teha ."
"all,ill",10173369,16322464,12,13,jõudma,,all,ill,eestlasele,ajusse,"“ Midagi pole teha , ma ei tea , kuidas see eestlasele ajusse jõuaks , et kontserdilt võiks märja särgiga ära minna , tantsida ja laulda , ” ütles Aaberdaal ."
"all,ill",663444,1054491,5,6,kindlustama,,all,ill,endale,Sydneysse,"Seni on USA kindlustanud endale Sydneysse kreeka-rooma maadluses kaks kohta , Atlanta olümpiamängudel kolm kulda ja kaks hõbedat omandanud Poolal on praeguseks vaid üks olümpiamängudele sõitja ."
"all,ill",1769354,2817231,4,5,viitama,,all,ill,otsusele,Moskvasse,See viitavat Lääne otsusele Moskvasse lähiajal raha mitte süstida .
"all,ill",15365242,23998388,27,28,minema,,all,ill,Kristjanile,haiglasse,""" Näiteks aastavahetuse stseen , kui Kristjan oli infarktiga haiglas ning kui Johannes soovis näidata , kui väga ta oma napakast naabrimehest hoolib , ja läks Kristjanile haiglasse külla saluudiraketiga , mille nad haigla aknast välja lennutasid ."
"all,ill",13865100,22108569,12,13,tõttama,,all,ill,korrusele,kateedrisse,Kingissepp lipsas hooviuksest suitsu ja vett täis peahoonesse ning tõttas esimesele korrusele kateedrisse .
"all,ill",9303689,14945558,8,9,kuuluma,,all,ill,asendile,gruppidesse,"Tavaliselt kuuluvad ÜRO liikmesriigid vastavalt oma geograafilisele asendile gruppidesse , aga Eesti ei ole algusest peale soovinud kuuluda Ida-Euroopa ehk endiste sotsialismimaade gruppi , vaid on üritanud saada kohe Lääne-Euroopa gruppi ."
"all,ill",13908,24091,25,26,viima,,all,ill,kaugusele,Tartusse,"Ta käsutab lapsed Richardi ( 13 ) , Margareta ( 11 ) ja Brigita ( 5 ) autosse ning viib nad üle neljakümne kilomeetri kaugusele Tartusse kooli-lasteaeda ."
"all,ill",5054305,8111353,3,4,liituma,,all,ill,limiidikontole,miinussaldosse,"Summa liitub limiidikontole miinussaldosse , ning sellelt limiidipiiri ületavalt osalt arvestatakse viivist 0,2 protsenti päevas ."
"all,ill",12493950,19997794,13,14,saatma,,all,ill,arutamisele,halduskohtusse,"Andmekaitseinspektsioon koostas Tartu maksuameti direktorile Kasendile juhtumi asjus protokolli ja saatis selle arutamisele halduskohtusse , paludes võtta direktor vastutusele ."
"all,ill",12669283,20271685,25,26,ehitama,,all,ill,endale,Viimsisse,"Kui Padrik nuriseb raske elu ning laenuvõttu mitte võimaldava palga üle ega häbene linnakorterit vastu võtta , siis peaaegu sama suure sissetulekuga president ehitas endale Viimsisse muretult mugava kodu ."
"all,ill",19607697,29198949,5,6,minema,,all,ill,illabile,paidesse,mokone: kes täna illabile paidesse lähevad ?
"all,ill",902880,1438174,10,11,saama,,all,ill,sakslasele,jalgadesse,"Prantslane koksas Jochen Kientzi tahtlikult peaga , Davids sai sakslasele jalgadesse löömise eest teise kollase kaardi ."
"all,ill",13522237,21627350,5,6,võtma,kaasa,all,ill,liigalahingule,Londonisse,"Smith võttis Poomi laupäevasele liigalahingule Londonisse kaasa , kuid Wimbledoni rünnakuid asetas ettearvatult tõrjuma Russell Houlti ."
"all,el",5209793,8357883,38,39,lobisema,,all,el,ajakirjandusele,printsist,""" Kõige halvemal juhul võib klatšija avastada , et tal tuleb endale uus ülikool otsida , "" ütles rektor , kelle sõnul hoiatus kehtib ka ülikooli personali suhtes , keda võib ähvardada distsiplinaarkaristus , kui nad lobisevad ajakirjandusele printsist või tema õppeedukusest ."
"all,el",12271392,19645052,12,13,tulistama,,all,el,endale,püstolist,57aastane naispoliitik läks Lõuna-Sileesias Siemianowice-Slaskie kodus läbiotsimise ajal vannituppa ja tulistas endale püstolist rindu .
"all,el",5539895,8883246,5,6,keskenduma,,all,el,näitele,tõsielust,Sahdevi töö keskendub neljale näitele tõsielust .
"all,el",11316860,18136943,7,8,seisma,,all,el,lugejale,Shakespeare'ist,” Hajjami - kes seisab tänapäeva lugejale Shakespeare'ist kaugemal - kordumatust on Udam oma järelsõnaga avanud .
"all,el",9507333,15262761,17,18,leidma,,all,el,endale,Viinist,"Justin-Paul ise enne 30. eluaastat abielluda ei kavatse , kuigi juba neli aastat tagasi leidis ta endale Viinist armsa sõbranna ."
"all,el",15892902,24724869,7,8,laskma,,all,el,celeronile,biosist,klassivend lasi biosist oma 800 mhz-sele celeronile biosist 100 juurde .
"all,el",2126444,3395344,4,5,tulema,,all,el,politseitööle,erasektorist,"Kuna Vain tuleb politseitööle erasektorist , saab tema esialgseks ametikohaks prefekti kohusetäitja koht ."
"all,el",17090404,26268466,13,14,rääkima,,all,el,neile,sellest,"Ja kõik mu sõbrannad arvavad millegipärast ka niimoodi , ehkki ma pole neile sellest midagi rääkinud ."
"all,el",8390717,13446646,7,8,maksma,,all,el,omanikule,turuhinnast,Ilma eriliste kohustusteta üürnik maksab aga omanikule turuhinnast tunduvalt madalamat üüri ja sajatab omanikku läbitilkuva katuse pärast .
"all,el",10382582,16657458,12,13,tulistama,,all,el,endale,püstolist,Reede hommikul kella kaheksa paiku tulistas Tartus oma Laulupeo tänava korteris endale püstolist kuuli pähe 69-aastane Lembit ning suri silmapilkselt .
"all,el",12695684,20311969,1,2,jääma,,all,el,Kellele,mälestustest,"Kellele mälestustest väheseks jääb , võib lasta end koos Muumiga ka pildistada ( 30 marka ) ."
"all,el",16686878,25675532,20,21,hüppama,,all,el,abile,feodalismist,"Ma tahan selle võrdlusega öelda , et kuigi omal ajal propageeriti , et Mongoolia hüppab tänu vennaliku Nõukogude Liidu abile feodalismist kommunismi , siis ilmselt ei ole inimühiskonna arengus ühtegi etappi võimalik vahele jätta ."
"all,el",9242730,14852321,18,19,tegema,,all,el,taimedele,mullast,"Tegelikult on meil aga pidev seleenipuudus , sest liigne väetamine , happevihmad ja niisutamine on teinud seleeni taimedele mullast raskesti omastatavaks ."
"all,el",13602311,21750151,1,2,sattuma,ette,all,el,Kellele,meist,"Kellele meist poleks näiteks metsas , teeservas või koduaias ette sattunud veidraid olevusi , kes mõnikord näevad välja nagu väikesed vorstikesed , mõnikord nagu köiejupid , mõnikord nagu pintslid ."
"all,el",4955342,7956105,3,4,tulistama,,all,el,Undile,vintpüssist,Mõrvar tulistas Undile vintpüssist pähe ja süütas auto pärast seda kuriteo jälgede varjamiseks põlema .
"all,el",21030659,29882360,7,8,tahtma,,all,el,sulle,netist,"KessukasN: kle Phoenix_ tahad ma sulle netist mõne mungakloostri andmed sebin võid taotluse saata , et nad su sinna elama võtaks. ."
"all,el",12393134,19840603,27,28,meisterdama,,all,el,toolile,traadist,"Paadisilla ääres ujub tühjaksjoodud kalja- ja limonaadipudelitest valmistatud parv ning kaldal sõber Sorge tahutud hõbepajust kännutool , mida Kalded kutsuvad jumalanna tooliks , sest Sorge meisterdas toolile traadist nimbuse ."
"all,el",9820463,15757129,14,15,meelitama,,all,el,tribüünidele,tavapärasest,Juunikuisel võistlusel Kadriorus alistas tenniseneiu üksteise järel kolm eeldatavalt tugevamat vastast ja meelitas tribüünidele tavapärasest rohkem publikut .
"all,el",21111230,29928428,5,6,tooma,,all,el,issile,poest,Magicfriend: mine too issile poest piima
"all,el",9587848,15388975,15,16,kindlustama,,all,el,firmale,investeeringust,"Sheri sõnul sõlmis ta Kaju kui Eesti Panga esindajaga agendilepingu , mis kindlustas tema firmale investeeringust kuni 50-protsendise sissetuleku ."
"all,abl",5392157,8646468,16,17,müüma,,all,abl,firmale,Resbalt,"Ja mis veel hullem : pankrotihaldur lasi arestida 147 külmutusvagunit , mille Viira müüs Peterburi firmale Resbalt ."
"all,abl",3886969,6259975,12,13,tulenema,,all,abl,tarbijatele,vabaturult,"15 protsendi ulatuses turu vabastamine tuleneks enam kui 20-gigavatise aastase kuluga tarbijatele vabaturult elektri ostu õiguse andmisest , vahendab ETV BNSi uudist ."
"all,abl",4860695,7803955,5,6,teatama,,all,abl,soovitusele,kohalt,"Ameerika kalurid teatasid vastuseks soovitusele kohalt lahkuda , et kuna tuunikala näkkab hästi , siis ei saa nad endale lubada püügikohast lahkumist ."
"all,abl",2049291,3268705,4,5,hoidma,,all,abl,Maele,pöialt,"Eesti Telefon hoiab Maele pöialt Salt Lake City olümpiamängudel õnnestumisele ! "" ütles Eesti Telefoni juhatuse esimees Valdo Kalm ."
"all,abl",9419541,15125181,11,12,asuma,,all,abl,reisile,Inglismaalt,Aastad läksid ja 1912. aastal asus tõeline Titanic oma esimesele reisile Inglismaalt Ühendriikidesse .
"all,abl",16766086,25803094,14,15,meeldima,,all,abl,minule,tegelt,igaüks jääb ju nagunii oma seisukoha juurde .. a ma pean tunnistama .. minule tegelt kristlased meeldivad .. need tõelised kristlased .. isegi kui nad oma ainuõigsuses nii veendunud on .. aga ma meenutan nostalgiliselt .. oma armsaid sõpru kristlasi kellega oleme ühes toas istunud .. ühest kausikesest söönud .. nad ON head !!
"all,abl",6232645,10010203,13,14,laekuma,,all,abl,Elukindlustusele,klientidelt,"17. märts ( Ärileht Online ) - 2005. aasta veebruaris laekus Sampo Elukindlustusele klientidelt kindlustusmakseid 21 miljoni krooni eest , mis on seni edukaim kuutulemus seltsi ajaloos ."
"all,abl",1060897,1686289,7,8,tooma,,all,abl,Eestile,paraolümpiamängudelt,Neli aastat tagasi tõi Annely Ojastu Eestile paraolümpiamängudelt Atlantast 100 m jooksus kuldmedali .
"all,abl",6423935,10327472,25,26,teatama,,all,abl,Helgale,ninatargalt,"Samal ajal läksid majast mööda kolm lapselapse eakaaslast : Elmar , Rainer ja Tiit ( nimed muudetud - toim. ) , kellest esimene teatas Helgale ninatargalt , et miks siis kingapael ei või lahti olla ."
"all,abl",7246434,11653744,9,10,andma,,all,abl,eraisikule,Sauelt,"Samas on jäljend laenulepingust , millega Ühispank annab eraisikule Sauelt"
"all,abl",4184319,6734364,21,22,tulema,,all,abl,vallale,riigilt,"Kokku maksab endise Raadi sõjaväelennuvälja ning ajaloolise Raadi pargi ja detailplaneeringu koostamine üheksa miljonit krooni , millest lõviosa tuleb Tartu vallale riigilt ja Euroopa Liidu tõukefondidest ."
"all,abl",3717397,5986863,13,14,asuma,,all,abl,teele,Saksamaalt,"Septembris võttesse minev road-movie jutustab tragikoomilise loo neljast inimesest , kes asuvad teele Saksamaalt Tallinna ."
"all,abl",5302339,8506795,7,8,kirjutama,,all,abl,millele,ühelt,"Järgmisel teisipäeval loodetakse sõlmida kokkulepe , millele ühelt poolt kirjutab alla Valgepea , teiselt poolt Wallmeier või Polytanilt volitused saanud ehitusfirma EKVA juht Jaan Suur ."
"all,abl",906075,1443569,14,15,viitama,,all,abl,põhjustele,endalt,"Ta ütles , et Hüllen jättis endast maha kirja , milles viitab isiklikele põhjustele endalt elu võtmiseks ."
"all,abl",10110082,16219075,10,11,hüüdma,,all,abl,mulle,ukselt,"Alati , kui ta kodust lahkub , hüüab ta mulle ukselt “ tšau , musi ” , ja mina pean selle peale vastama “ tule ruttu tagasi ” ."
"all,abl",781518,1246446,17,18,valima,,all,abl,endale,parkimisplatsilt,"Mehed olid tähistanud Edela-Inglismaal Sharpnessi kaldakõrtsis püügiretke lõppu , roninud purjuspäi üle plangu ja valinud kumbki endale parkimisplatsilt auto ."
"all,abl",13299525,21276808,8,9,ostma,,all,abl,endale,sooduspakkumiselt,Allahindlustest haaratud Mare ( 38 ) ostis endale sooduspakkumiselt kingapaari .
"all,abl",4723416,7588529,5,6,minema,,all,abl,reisile,Piritalt,"Täna hommikul läks esimesele reisile Piritalt Aegnale poolsada inimest , laev Monica mahutab kokku 150 reisijat ."
"all,abl",14324544,22740760,18,19,jääma,,all,abl,kroonile,ruutmeetrilt,"Pärnu linnavalitsus kinnitas Pärnu Postimehele , et 1. juulil üüri piirmäär ei muutu ja jääb endiselt 7 kroonile ruutmeetrilt kuus ."
"all,abl",16108891,25006921,8,9,laekuma,,all,abl,maa-ametile,maavalitsuselt,"Reimets ütles , et eelarvevälised vahendid laekuvad maa-ametile maavalitsuselt , s . t . riigilt , sest maavalitsus on linnale delegeerinud maaga seotud õigusaktidest tulenevate funktsioonide täitmise linna haldusterritooriumil ."
"all,ad",8537552,13683287,6,7,jätkuma,,all,ad,tulijaile,teel,"See tähendab , et vastassuunast tulijaile teel enam ruumi ei jätku ja kohe ongi tee lootusetult umbes ."
"all,ad",1072941,1705263,3,4,esitama,,all,ad,Paksasele,teisipäeval,"Kutse esitas Paksasele teisipäeval Stockholmis kahepoolsel kohtumisel Läti peaminister Andris Berzinš , teatas Leedu valitsuse pressiosakond ."
"all,ad",8999321,14469022,4,5,korraldama,,all,ad,koole,kevadel,Õnneks korraldab enamik koole kevadel tulevaste koolijütside vanematele infopäeva .
"all,ad",17221335,26439494,9,10,andma,,all,ad,talle,distantsil,"» Ja tänas minevikutähte Riho Suuna , kes talle distantsil kindad andis ."
"all,ad",4460658,7172690,12,13,saama,,all,ad,talle,sportlasteel,"Mina leppisin liiga lihtsalt , "" paljastab Kaukis nõrkuse , mis talle sportlasteel korduvalt saatuslikuks sai ."
"all,ad",4331688,6968495,10,11,saatma,,all,ad,emale,salateel,"Ma ise ei saa kodus olla , seetõttu saadan emale salateel lillekimbu ."
"all,ad",2836396,4548918,6,7,saatma,,all,ad,isikutele,paberkandjal,Siseministeerium saatis Eestis elavatele hääleõiguslikele isikutele paberkandjal üle 875 000 valijakaardi .
"all,ad",1291931,2052777,4,5,tooma,,all,ad,müügile,lähinädalatel,Telmar toob telefoni müügile lähinädalatel .
"all,ad",10056715,16131089,8,9,selgitama,,all,ad,mulle,poolsosinal,"Mäletan siiamaani , kuis mu kadunud ema mulle poolsosinal selle mälestise ees tema tähendust selgitas ."
"all,ad",9228875,14831206,10,11,küsima,,all,ad,lepingule,allakirjutamisel,“ Teed pangale sadu pabereid ja siis nad küsivad lepingule allakirjutamisel nagu muuseas : ja kuidas lehmad kasvavad ?
"all,ad",7925507,12697133,3,4,helistama,,all,ad,sulle,esmaspäeval,Ma helistasin sulle esmaspäeval .
"all,ad",2314721,3706118,22,23,esitama,,all,ad,ministrile,pühapäeval,""" Mina olen ainult ressurss , kes oskab arvutada ja planeerida , "" ütles Illison , kes esitas oma esimese aruande ministrile pühapäeval ."
"all,ad",7001115,11247086,2,3,kirjutama,,all,ad,meile,aadressil,"Kirjutage meile aadressil Eesti Päevaleht , Narva mnt 13 , 10151 , märksõna "" heategu "" või e-posti aadressil"
"all,ad",12397748,19848318,5,6,kinnitama,,all,ad,Postimehele,teisipäeval,"Peaminister Mart Laar kinnitas Postimehele teisipäeval enne kabinetinõupidamist , et selline üksikute maksude lisamine või kasvatamine ei lähe vastuollu kolmikliidu koalitsioonileppega , mis lubab maksukoormust mitte kasvatada ."
"all,ad",15950719,24810803,33,34,söötma,ette,all,ad,neile,momendil,"no mis Sa lahmad , nagu aru aru sain , siis siinne dumbuser ( ilma jutumärkidega ) « sööb » seda S**** , mis « akende » versioon neile momendil ette söödab , seega on suht' mõttetu loota , et mõni kasutaja suudab ise ka mõelda ( otsustada ) , mida kasutab ."
"all,ad",19873807,29327109,17,18,minema,järgi,all,ad,mehele,tänaval,"a ma selline tohman , kes mehi lõhnade järgi liigitab :-P ja mitte üks kord olen mehele tänaval järgi läinud ja küsinud , mis lõhna ta kasutab :-P"
"all,ad",15669562,24450476,4,5,näitama,,all,ad,mulle,skeemil,"“ Politsei näitas mulle skeemil , kus ma pärast avariid lebasin ."
"all,ad",6717453,10806402,17,18,panema,,all,ad,proovile,töövestlusel,"Eile Tallinnas peetud kolmeteistkümnendal personalimessil "" Võti tulevikku "" panid umbes paar tuhat noort külastajat end proovile töövestlusel ja täitsid tööankeete nii Eesti kui ka välismaa ettevõtete boksides ."
"all,ad",2228859,3565300,5,6,tooma,juurde,all,ad,talle,valimistel,Tõenäoliselt toob see samm talle valimistel hoopis hääli juurde .
"all,ad",93988,158815,14,15,tulema,,all,ad,üksteisele,kriisihetkedel,"Tavaliselt väljenduvad need selles , et ühest klannist või hõimust pärit inimesed tulevad üksteisele kriisihetkedel appi ."
"ad,in",11511408,18436857,9,10,linastuma,,ad,in,meil,kinodes,"Tema 1995 . a . valminud "" Viha "" linastus meil kinodes ja seda näitas kevadel ka ETV ."
"ad,in",3427844,5518224,11,12,tõstma,,ad,in,pühapäeval,finantskeskustes,"WASHINGTON , 2. august ( Reuters-EPLO ) - USA tõstis pühapäeval finantskeskustes terroriohu taset , kuna luure hoiatas al-Qaida ohu eest New Yorgi aktsiaturu , maailmapanga ja rahvusvahelise valuutafondi peakorterite vastu ."
"ad,in",12929774,20683402,20,21,torkima,läbi,ad,in,üksteisel,peatustes,"Kui paljud taksod on logud , juhid ebaviisakad , ületöötanud ja umbkeelsed , petavad nahaalselt tariifidega ning torgivad turuvõitluses üksteisel peatustes rehve läbi , siis pole see kindlasti viis , kuidas tahaksime end tutvustada meid külastavale turistile ."
"ad,in",9718415,15592850,5,6,viibima,,ad,in,õppeotstarbel,Soomes,Isand Ilmjärv viibivat praegu õppeotstarbel Soomes .
"ad,in",14720697,23191976,4,5,seisma,ees,ad,in,meil,tulevikuski,“ Ilmselt seisab meil tulevikuski ees erimeelsusi .
"ad,in",4790375,7692834,5,6,peetuma,,ad,in,teisipäeval,Dublinis,""" President rõhutas möödunud teisipäeval Dublinis peetud kõnes , et Soome ei ole NATO liikmeks saamise teel ."
"ad,in",7881532,12624719,5,6,leiduma,,ad,in,perioodil,koolides,Kommunistidest õpetajaid leidus sel perioodil koolides veel väga vähe - 1948/1949 . õppeaastal oli neid kõigest 4% õpetajaskonnast .
"ad,in",9302916,14944283,15,16,võitma,,ad,in,noortemängudel,Poolas,"Ent pärast seda , kui tüdruk möödunud aastal rahvusvahelisele areenile ilmus ja võitis maailma noortemängudel Poolas 800 meetri jooksu , on selge , et juba praegu läheb tal täiskasvanute punktiarvestuses hästi ."
"ad,in",13377141,21398820,4,5,hiilgama,,ad,in,päeval,Ramsaus,"Suusatamise eel-MM-i viimasel päeval Ramsaus hiilgas naiste 10 km tagaajamisvõistluses vabastiilis itaallanna Stefania Belmondo , kes 15 . kohalt tõusis Larissa Lazutina ( Venemaa ) ees võitjaks ."
"ad,in",12678258,20285181,23,24,saama,,ad,in,hooajal,Eestis,"Teine mullu Kalevis mänginud ameeriklane Gerald Eaker on Sõnumilehe andmetel siirdunud Mehhiko liigasse neli korda suurema summa eest , kui ta eelmisel hooajal Eestis sai ."
"ad,in",6703330,10784374,22,23,osalema,,ad,in,taastamisel,tulevikus,"Linnavalitsus otsustas istungil , et linnakantselei koostöös Lasnamäe linnaosavalitsusega hakkab välja töötama korda , kuidas linn erakorralistel juhtudel eraomanike vara kahju taastamisel tulevikus osaleb ."
"ad,in",12264586,19633685,4,5,astuma,üles,ad,in,reedel,ööklubis,"Liis Lass astus reedel ööklubis Hollywood koos oma sõbranna Marikeniga üles erootilises show's "" Sex in da City "" ."
"ad,in",6760222,10875875,11,12,ütlema,üles,ad,in,kel,vees,"Mõned inimesed häbenevad appi karjuda , leidub ka selliseid , kel vees süda üles ütleb ."
"ad,in",9674178,15524375,5,6,teatama,,ad,in,novembril,Riigikogus,"Ometi teatas Tarand 20. novembril Riigikogus Mõõdukate fraktsiooni esimehena , et nende arvates tuleb mõlemad lepped ikkagi ratifitseerida ."
"ad,in",7037146,11305214,25,26,käima,,ad,in,koiduajal,õues,"Õllepoe Leontiine , kes kõik uudised nagu lennult tabas , käis Vaherpõllul ja rääkis Ann-Leenale , et umbes nädalat paar tagasi , kui tema koiduajal õues asjal käis , läks Tereese nende värava tagant mööda kodu poole."
"ad,in",2610720,4188901,5,6,kohtuma,,ad,in,esmaspäeval,Kadriorus,"President Arnold Rüütel kohtus esmaspäeval Kadriorus Eesti Ametiühingute Keskliidu esimehe Kadi Pärnitsa ja peasekretär Raivo Paavoga , et arutada Eesti tööturu probleeme ja ühiskondliku kokkuleppe sõlmimise eeldusi ."
"ad,in",6015273,9654108,6,7,toimuma,,ad,in,kolmapäeval,Kesk-Sulawesis,"Töörühma juht Nyoman Nurjaya ütles kolmapäeval Kesk-Sulawesis toimunud keskkonnafoorumil , et korallrahusid kahjustavad kõige enam lõhke- või mürkaine kasutamine kalapüügil , erosioon ning tööstuse heitveed ."
"ad,in",10516156,16858922,12,13,peksma,läbi,ad,in,kevadel,metsas,"Kui maffiamehed 33-aastase puskariajaja Sergei Zhuravljovi vähese toodangu tõttu eelmise aasta kevadel metsas jõhkralt läbi peksid ja temalt 35 000-kroonise auto ning 10 000 krooni vägisi ära võtsid , lõpetas mees puskariajamise ja palus politseilt abi ."
"ad,in",5559318,8913524,7,8,tekitama,,ad,in,hommikul,kesklinnas,"Auto ees vedelenud arvutikott tekitas eile hommikul kesklinnas pommikahtluse , demineerijail tuli taas tühja tööd teha ."
"ad,in",18920267,28568288,26,27,toimuma,,ad,in,aastal,koolides,"Kas vastab tõele ajakirja Luup septembrinumbris ilmunud Mai Vöörmani artiklis “ Pea teki all vaimult suureks ” esitatud väide , et teie olete kuulutanud käesoleval aastal koolides toimunud riigieksamite tulemused ainult ametkondlikuks kasutamiseks ?"
"ad,adit",11573849,18533560,9,10,sõitma,,ad,adit,neljapäeval,Rooma,"Mark Kalev Kostabi sõidab koos oma perekonnaga Eestist neljapäeval Rooma , kus ta kavatseb tutvuda kuulsate itaalia kunstnike töödega ."
"ad,adit",12837198,20533407,5,6,röövima,,ad,adit,Padisel,bensiinijaama,Harju politseinikud tabasid kaks Padisel bensiinijaama röövinud meest juba järgmisel päeval pärast kuritööd .
"ad,adit",13613031,21767137,4,5,kerkima,,ad,adit,pärastlõunal,lossiparki,Vandaalid jõudsid pühapäeva pärastlõunal lossiparki kerkinud lumelinna kallale juba mõni tund pärast võistluse lõppu .
"ad,adit",15551324,24287277,4,5,tõusma,,ad,adit,päevil,päevakorda,"Kuigi Beslani kriisi päevil päevakorda tõusnud seaduseinitsiatiiv hakata kättemaksuks pantvangi võtma terroristide sugulasi ei leidnud Venemaal ametlikku toetust , olnuks see Tšetšeenia tingimustes lihtsalt käibeloleva praktika legaliseerimine ."
"ad,adit",17346852,26621506,15,16,saama,,ad,adit,hommikutundidel,kätte,""" Minu meelest see on täiesti absurd , et nad saavad oma lõunasöögi juba hommikutundidel kätte ."
"ad,adit",6654931,10708299,8,9,saama,,ad,adit,ajal,kätte,"Selles mõttes saime meie oma nisu parimal ajal kätte , "" ütles osaühingu tegevjuht Kaido Edenberg ."
"ad,adit",1736268,2764054,15,16,jääma,,ad,adit,loomisel,hätta,"Kui lapsele juba väiksest peast teistega suhtlemise kunsti õpetada , ei jää ta sõbrasuhete loomisel hätta ."
"ad,adit",15630519,24386756,7,8,minema,,ad,adit,koolipeol,tülli,"2003. aastal läksid alaealised neiud Jõhvis koolipeol tülli 16aastase tüdrukuga , peksid ta läbi ja kutsusid oma tuttavad Aleksei ja Dmitri tüdrukut vägistama ."
"ad,adit",14993571,23522302,6,7,minema,,ad,adit,juhul,kooli,"Ma ei läheks mitte mingil juhul kooli , millest ma ei ole varem midagi kuulnud , » välistab neiu infolaadale end tutvustama tulnud vähetuntud disaini- ja tantsukooli ."
"ad,adit",15349713,23974495,11,12,tulema,tagasi,ad,adit,laupäeval,koju,""" Mu meel on nii kurb , naine tuleb järgmisel laupäeval koju tagasi . """
"ad,adit",6238774,10020587,8,9,jääma,,ad,adit,streigipäeval,koju,"Heleni 2. ja 6. klassi lapsed jäävad streigipäeval koju , kuigi kooli uksed on iseenesest avatud ."
"ad,adit",17352575,26631063,8,9,tegema,,ad,adit,teel,vannituppa,Teine tõuseb voodist triksis-traksis ja teeb juba teel vannituppa esimese telefonikõne .
"ad,adit",368730,570709,15,16,murdma,,ad,adit,trepil,kaela,"Talu kõrge trepp tähistas toredust , sotsiaalset tõusu , kuid Anders murrab pimedana sellel trepil kaela , tahtes peletada kodukäijat mänginud vend Petterit ."
"ad,adit",6873516,11053985,6,7,võtma,,ad,adit,selgitamisel,appi,"Ludwig Wittgenstein võtab lause tähenduse selgitamisel appi muusika , nähes sarnasusi lauses ja muusikalises teemas sisalduvate tähenduste ilmnemisel ( Wittgenstein 1972 : 166-167 ) ."
"ad,adit",6115030,9814700,8,9,tulema,,ad,adit,igaühel,pähe,"Ärimees näeb paragrahvirägastikus võimalusi , mille kasutamine igaühel pähe ei tule ."
"ad,adit",13847588,22080519,4,5,tõusma,,ad,adit,varahommikul,õhku,"Boeing tõusis laupäeva varahommikul õhku menukast Egiptuse kuurordist Sharm el Sheikhist , pardal Prantsuse turistid , kes olid jõulupuhkuselt koju sõitmas ."
"ad,adit",9906305,15891599,15,16,panema,,ad,adit,tänavatel,toime,"“ Neid kahtlustatakse selles , et alates augustist kuni nende kinnipidamiseni panid nad Narva tänavatel toime 22 ametlikult registreeritud vargust ."
"ad,adit",432520,675466,10,11,asuma,,ad,adit,hommikul,võitlusse,Sevastoopolis Musta mere laevastiku arsenali valvanud naised asusid eile hommikul võitlusse kolme röövliga ning tapsid neist ühe .
"ad,adit",4162665,6699819,18,19,minema,,ad,adit,lõpul,parlamenti,"Päev varem , teisipäeval , kinnitati põhiseadusnõukogus Kataloonia autonoomse piirkonna uue statuudi tekst , mis läheb kuu lõpul parlamenti hääletusele ."
"ad,adit",12651881,20243062,11,12,pääsema,,ad,adit,juhendamisel,EMi,Kaks aastat tagasi pääses Eesti samavanuste poiste koondise Aivo Erkmaa juhendamisel EMi vahegrupi turniirile .
"ad,ill",4465645,7180650,3,4,jääma,,ad,ill,Prantsusmaal,kõrgliigasse,"Klubi jäi Prantsusmaal kõrgliigasse püsima , mis oligi siht ."
"ad,ill",3762783,6060566,3,4,surema,,ad,ill,teel,haiglasse,Jalakäija suri teel haiglasse .
"ad,ill",535660,844907,5,6,sõitma,,ad,ill,nädalal,Jaapanisse,"Folkloorirühm Leigarid sõidab järgmisel nädalal Jaapanisse Eesti-Jaapani laulu- , tantsu- ja folklooripäevadele , mis toimuvad 24. veebruarist 10. märtsini ."
"ad,ill",5394988,8651420,2,3,paiskuma,,ad,ill,nädalal,eetrisse,"Möödunud nädalal eetrisse paiskunud uudis , et Pakosta ostab Tamjärve kooli ära , oli kõige suurem uudis parteile , mille üks liidreid Pakosta on ."
"ad,ill",4364945,7021733,10,11,saabuma,,ad,ill,teisipäeval,Moskvasse,"Diplomaadi sõnul saabus OSCE missiooni juht Tshetsheenias Tim Guldimann teisipäeval Moskvasse , kus väidetavalt konsulteeris Vene välisministeeriumis , kolmapäeval aga sõitis Shveitsi ."
"ad,ill",3060954,4912104,8,9,juhtima,,ad,ill,visiidil,Eestisse,Sasaki juhtis Keidanreni delegatsiooni ka märtsis toimunud visiidil Eestisse .
"ad,ill",17220043,26437192,8,9,sattuma,,ad,ill,teisipäeval,liiklusavariisse,"USA kaitseministrit Donald Rumsfeldi sõidutanud limusiin sattus teisipäeval liiklusavariisse , kuid Pentagoni juht pääses intsidendist vigastusteta ."
"ad,ill",1079977,1716862,6,7,sõitma,,ad,ill,esmaspäeval,Brüsselisse,"Välisminister Toomas Hendrik Ilves sõidab esmaspäeval Brüsselisse , et arutada 15 kolleegiga Euroopa Liidu liikmesriikidest Eesti ettevalmistusi ühinemiseks ."
"ad,ill",10028624,16087985,15,16,jõudma,,ad,ill,MMil,esikolmikusse,"Tuntud mäesuusakantsi Shveitsi tõstis Vailis medalimaade sekka Paul Accola , kes esimest korda jõudis MMil esikolmikusse kümme aasta tagasi just Vailis ."
"ad,ill",2340642,3749261,23,24,saabuma,tagasi,ad,ill,reedel,Eestisse,"Läti politsei pressiesindaja sõnul saadeti Riiast avariipaika teine buss , mis toimetas eesti kooliõpilased õnnelikult Läti pealinna , kust nad saabuvad veel reedel Eestisse tagasi ."
"ad,ill",13756924,21943325,19,20,võtma,,ad,ill,otsustamisel,arvesse,"a ) ilma et see piiraks lõike 3 punkti b kohaldamist , võtavad liikmesriigid tehtavate kontrollimiste ulatuse üle otsustamisel arvesse eelkõige saastatuse määra päritoluriigis , asjakohase toote omadusi , varasemate kontrollimiste tulemusi ja artiklis 3 osutatud ekspordisertifikaate ;"
"ad,ill",2116237,3378013,8,9,tulema,,ad,ill,kujutamisel,kaadrisse,Kummalisel kombel tuleb selle kainuse poole elu kujutamisel kaadrisse mingi tabamatu kurbus ja äng .
"ad,ill",16955804,26061809,21,22,saabuma,,ad,ill,teisipäeval,Irkutskisse,"Vene esimene president Boriss Jeltsin ( 74 , paremal ) ja Saksamaa eelmine liidukantsler Helmut Kohl ( 75 ) saabusid teisipäeval Irkutskisse , et puhata kuni laupäevani Baikali ääres ."
"ad,ill",12063070,19309383,19,20,jõudma,,ad,ill,MK-etapil,esikümnesse,"Ühtlasi sai temast esimene Eesti laskesuusataja pärast legendaarset Kaija Parvet , kes ühe hooaja jooksul vähemalt kaks korda MK-etapil esikümnesse jõudnud ."
"ad,ill",9443534,15163630,4,5,surema,,ad,ill,teel,haiglasse,Teine ihukaitsja suri teel haiglasse .
"ad,ill",13600480,21747037,3,4,minema,,ad,ill,laupäeval,Tartusse,Pärnakad lähevad laupäeval Tartusse kindlate võidumõtetega .
"ad,ill",3004827,4819864,22,23,astuma,,ad,ill,juunil,ametisse,"Hamilton ütles , et 63 protsenti iraaklastest usub uuringu järgi , et tingimused paranevad , kui uus ajutine valitsus astub 30. juunil ametisse ."
"ad,ill",3906984,6293139,26,27,tooma,,ad,ill,aastal,Tartusse,"Suurejooneline festival keskaja vaimus - Tartu Eksootilised Hansapäevad , mille eriline idee on eksootiliste rahvuste , kultuuride , vaatemängude ja käsitöö tutvustamine , toob sel aastal Tartusse 14 riigi 47 linnast kõrgetasemelised esindused ja/või kultuurigrupid , eksootilisemad riigid neist Jordaania ja USA ."
"ad,ill",15605913,24356690,9,10,ehitama,,ad,ill,rattal,sumpsidesse,"Eespool oli mingi teine kodanik , kes oma rattal sumpsidesse vist lisa(plahvatud)kambrid ehitanud oli ning seda ka demonstreerimata"
"ad,ill",11998633,19203783,7,8,nimetama,,ad,ill,jaanuaril,ametisse,Päästeameti peadirektor Mati Raidma nimetas 16. jaanuaril ametisse nelja tänavu 1. märtsist loodava regionaalse päästekeskuse direktorid .
"ad,el",1275664,2027180,6,7,toetama,,ad,el,hääletamisel,osalenust,"Umbusaldusavaldust Tallinna linnavolikogu esimehele toetas hääletamisel osalenust 25-st saadikust 23 , linnapea Jüri Mõisa umbusaldust toetas 24 saadikut ."
"ad,el",1303754,2071285,14,15,jääma,maha,ad,el,tuppatulekul,teistest,"Lidia ja Tapio ütlevad , et nemad laskmist ei näinud , sest jäid tuppatulekul teistest maha ."
"ad,el",9324228,14977107,7,8,ostma,,ad,el,neljapäeval,Tartust,"Põlva ehitusfirma AS RIS ostis möödunud neljapäeval Tartust furgoonauto Ford Transit , auto eest maksti Maapanga vahendusel üle 100 000 krooni ."
"ad,el",852509,1358658,4,5,sõitma,,ad,el,päeval,Võrust,"Sõitsin ise samal päeval Võrust Tallinna ja võin kinnitada , et 250-kilomeetrisel lumisel ja pinnatuisu tõttu kohati nähtamatul teel töötas ainult kaks lumesahka ."
"ad,el",5241453,8409170,4,5,lugema,,ad,el,sügisel,Pärnust,Nii lugesin möödunud sügisel Pärnust Tallinna sõites ühel hommikul teel üheksa siililaipa .
"ad,el",5349282,8580801,20,21,lendama,välja,ad,el,tulemusel,autost,"Harjumaal Tallinna-Rapla maantee 18. kilomeetril hukkus eile kell 10.50 liiklusõnnetuses kaasreisija Urmas ( 1962 ) , kes lendas kokkupõrrke tulemusel autost välja ."
"ad,el",10455015,16765862,4,5,saama,,ad,el,aastal,riigieelarvest,Ülikool sai sel aastal riigieelarvest peahoone kordategemiseks neli miljonit krooni .
"ad,el",8275883,13274022,5,6,tulema,välja,ad,el,õhtul,kodudest,Võtke aega ja tulge õhtul kodudest välja .
"ad,el",7029003,11291031,5,6,kujundama,,ad,el,kinnitusel,tööajast,"Ermel kujundas logo Algma kinnitusel tööajast , eripreemiat disainer selle eest ei saa ."
"ad,el",14169455,22523688,3,4,sõitma,,ad,el,hommikul,Jõhvist,"” Sõitsin hommikul Jõhvist Tallinna ja nägin nelja-viit teelt välja sõitnud bussi ja mitmeid suuri autosid , ” ütles Ida-Viru asemaavanem Ago Värimäe ."
"ad,el",13556949,21679050,4,5,lähtuma,,ad,el,tegemisel,kartusest,"Volikogu lähtus otsuse tegemisel kartusest , et loodav aktsiaselts võib halva majandustegevuse korral minna pankrotti ja bussijaama hoone võidakse siis pankrotivarana maha müüa ."
"ad,el",2313474,3704112,12,13,andma,,ad,el,poolaastal,loodetust,"Raagi sõnul ei kuku ETV kokku , kuna reklaamimüük andis esimesel poolaastal loodetust parema tulemuse , laenude intresse õnnestus läbirääkimisel alandada ja tagasimakseid edasi lükata ."
"ad,el",3894192,6272087,5,6,sõitma,välja,ad,el,hetkel,tehaseväravast,"Autojuhi õnnetuseks sõitsid samal hetkel tehaseväravast jalgratastega välja kaks keskealist naist , kellest ühele ta otsa sõitis ."
"ad,el",5349333,8580891,7,8,rebima,lahti,ad,el,kilomeetril,teistest,"Meeste kümnes kilomeetris rebis end kolmandal kilomeetril teistest lahti Vjats^eslav Kos^elev ja kuigi lõpu eel vahepeal pooleminutiliseks kasvanud edu Kaupo Tiisläri ees vähenes , ei jätnud sillamäelane konkurentidele mingit võimalust ."
"ad,el",5184771,8317786,5,6,istuma,,ad,el,Jong-il,Novosibirskist,Eile hommikul istus Kim Jong-il Novosibirskist rongile ja asus Põhja-Korea poole teele .
"ad,el",1345877,2139731,24,25,alustama,,ad,el,reedel,Roomast,"Kampaanialaev Excellent , mis sai valimiste puhuks uue nime "" Azzurra : la nave della liberta "" ( Sinine : vabaduslaev ) alustas reedel Roomast teekonda , mille vältel tehakse peatus kuues Itaalia sadamas ."
"ad,el",4302474,6922037,8,9,surema,,ad,el,tagajärjel,tartlasest,"1987. aasta 31. märtsil suri Afganistanis südamepuudulikkuse tagajärjel tartlasest reamees , jalaväe lahingumasina komandöri asetäitja Toivo Jänesmägi , kes enne sõjaväge töötas traktoristina Orava kolhoosis ."
"ad,el",8754671,14053955,35,36,koosnema,,ad,el,festivalil,osalejaist,"Tegemist oli suurima esinejate arvuga - ERSO ja Muusikaakadeemia sümfooniaorkester , solistid Pille Lill ja Mati Palm Eestist , Jyrkki Niskanen Soomest ja Marianne Eklöf Rootsist ning 1500liikmeline ühendkoor , mis koosnes Põhjamaade üliõpilaskooride festivalil osalejaist - klassikateose ettekandega Eestis ."
"ad,el",115778,194601,14,15,kolima,,ad,el,aastal,Bonnist,"Saksamaa on suurriigina saamas endale ka väärikat sümbolit , kui pealinn kolib 1999. aastal Bonnist Berliini ."
"ad,el",8139649,13065768,14,15,haarama,,ad,el,neil,rindadest,"Kolm nendest naistest kirjeldasid , kuidas nad tundsid ebamugavust , kui Schwarzenegger haaras neil rindadest ."
"ad,abl",15352306,23978379,23,24,rebima,maha,ad,abl,sügisel,kasvuhoonetelt,"Selle protsessi mõistmine eeldab mõningate füüsikaseaduste tundmist , millest olulisemaks on Bernoulli seadus - seesama , mis tõstab lennukid õhku ja rebib sügisel kasvuhoonetelt kiled maha ."
"ad,abl",10013829,16064130,12,13,võtma,,ad,abl,istungil,erakorraliselt,"“ Valitsus võtab Aegna juhtumile reageerimise oma homsel ( tänasel-toim ) istungil erakorraliselt päevakorda , ” kinnitas ta ."
"ad,abl",6322803,10159262,5,6,kuulma,,ad,abl,kohtumisel,Abbasilt,USA välisminister kuulis äsjasel kohtumisel Abbasilt ka lubadust tegutseda otsustavalt radikaalsete rühmituste lammutamisel .
"ad,abl",9108206,14644659,8,9,jääma,,ad,abl,tagajärjel,viiekuuselt,"Sven-Aage Nõmmisto ( 42 ) jäi lastehalvatuse tagajärjel viiekuuselt halvatuks , tal liiguvad normaalselt ainult vasaku käe sõrmed ja kael ."
"ad,abl",5443799,8727278,3,4,laskuma,,ad,abl,hommikul,mäelt,"Esimesena laskus hommikul mäelt Tambet Pikkor - 69,5 meetrit ."
"ad,abl",5562274,8918116,47,48,põrutama,välja,ad,abl,maanteel,teelt,"Ometi kõigil mundris roolijoodikutel ei vea , mullu tabati selliseid kümmekond : Pirita teel sõitis Harju kriminaalpolitsei jälitustalituse komissar Margus Kotter 1,7 promillises joobes vastu valgustusposti , nii et politseiauto Mazda 626 vilkurid lendasid autokatuselt minema ; Saaremaal põrutas saunast tulnud kriminaalpolitseinik Rando politseivärvides Volkswageniga Kuressaare-Valjala-Kuivastu maanteel teelt välja , tagaistmel istunud 18aastane Valjala neiu sai surma ; 2promillises joobes Pärnu kriminaalpolitseinik Vladimir sõitis politseiautoga Suzuki Vitara sodiks rootslase sõiduauto Ford Mustangi ; Tallinna kesklinnas tabati politseiautoroolist 1,9 promillist õhku välja hingav kriminaalpolitsei eritoimingutega tegeleva üldkuritegude talituse komissar Üllar Maasikas ; Järva politseiprefektuuri purjus inspektor ei tulnud ametiauto juhtimisega toime Pärnu-Rakvere-Sõmeru maanteel ja põrkas kokku vastutulnud veoautoga ; Tõrva politseijaoskonna purjus konstaabel Tõnis Eespere ajas Valgas pikali jalakäijate ülekäigurada tähistava liiklusmärgi ja põgenes ."
"ad,abl",9929263,15930326,5,6,saabuma,,ad,abl,novembril,Prantsusmaalt,“ Saabusime Tallinna 12. novembril Prantsusmaalt .
"ad,abl",4076441,6561559,4,5,nägema,,ad,abl,Otepääl,tabloolt,""" Kui nägin Otepääl tabloolt , et kaotasin 0,2 sekundit Hilde Pedersenile , mõtlesin : hästi , minu kord tuleb olümpial . """
"ad,abl",4706768,7562900,7,8,asuma,,ad,abl,esmaspäeval,Prantsusmaalt,Suurt poleemikat tekitanud tuumajäätmete rong asus esmaspäeval Prantsusmaalt teele Saksamaa suunas .
"ad,abl",11088026,17761209,20,21,küsima,,ad,abl,õhtul,majandusministrilt,"“ Paistab , et Jaak Leimann on hetkel jäämas kahe tule vahele ? ” küsis “ Postimees ” eile õhtul majandusministrilt ."
"ad,abl",12451670,19934653,7,8,panema,välja,ad,abl,kilomeetril,teelt,"Laupäeva keskpäeval pani Rapla-Viljandi maantee 84 . kilomeetril teelt välja ja üle katuse üks Audi , mida juhtis joomane Erkko ( 1974 ) ."
"ad,abl",11423237,18305546,5,6,sõitma,välja,ad,abl,neljapäeval,teelt,Ida-Virumaal Kuremäe külas hukkus neljapäeval teelt välja sõitnud maastikuautos istunud inimene .
"ad,abl",11128925,17828421,16,17,lõõritama,,ad,abl,laval,tümpsukalt,"Teine silm jälgis ainiti kohalikku seksisümbolit Sertab Ereneri , kes pressikeskuse kõrvale moodustatud järelpeo platsi laval tümpsukalt lõõritas ."
"ad,abl",17523737,26865070,7,8,sõitma,,ad,abl,õhtul,Häädemeestelt,"Näiteks , kui ma sõidan pühapäeva õhtul Häädemeestelt Tallinna ja juhtub õnnetus , kas see on õnnetus teel tööle ?"
"ad,abl",1072329,1704182,16,17,tegema,,ad,abl,õhtul,paremuselt,""" Rail Estonial ei ole strateegilist partnerit ja nad tuleks diskvalifitseerida , "" teatas eile õhtul paremuselt teise ostupakkumise teinud BRS-i esindaja Guido Sammelselg ."
"ad,abl",13621675,21781959,3,4,kuluma,,ad,abl,pudelil,Gotlandilt,Ometi kulus pudelil Gotlandilt Vormsisse jõudmiseks vaid kuu .
"ad,abl",7614209,12216053,7,8,saama,,ad,abl,aastal,muuseumilt,Lisaks lõvidele sai Muuga põhikool 1996. aastal muuseumilt veel ühe tundmatu autori kunstiteose - kipsist ja värvitud vaskplekist halvas seisukorras oleva kuju “ Madonna lapsega ” .
"ad,abl",476004,747307,12,13,pidama,kinni,ad,abl,maanteel,kiiruseületamiselt,Paar päeva enne tema nime kuritarvitamist oli liikluspolitsei ta Tallinnas Paldiski maanteel kiiruseületamiselt kinni pidanud ja protokolli koostanud .
"ad,abl",7809346,12519246,16,17,leidma,,ad,abl,hommikul,esikupõrandalt,"Läkitus teispoolsusest  Niimoodi paar kuud linnasaksa kombel avaras Toompea aadlielamus pesitsenud , leidis Juss ühel hommikul esikupõrandalt mingi paberitüki ."
"ad,abl",3701514,5960767,10,11,sõitma,välja,ad,abl,kilomeetril,teelt,"03.01.2004 kella 3.25 ajal sõitis Läänemaal Haapsalu-Laiküla tee 18. kilomeetril teelt välja sõiduauto Ford Escort , mille tagajärjel hukkus autos viibinud Viktor ( s 1947 ) ."
"ad,all",524201,826151,32,33,ütlema,,ad,all,teisipäeval,BNS-ile,""" Uurisime seda asja , kuna vahepeal on teidnud kolleegid Eesti Raudteelt igasuguseid avaldusi ning oleme jõudnud järeldusele , et siin käib hämamine , "" ütles Pakterminali juhatuse esimees Raivo Vare teisipäeval BNS-ile ."
"ad,all",4594576,7384395,6,7,tulema,,ad,all,eeskujul,kergejõustikutreeningule,"Viis aastat tagasi onupoeg Orumani eeskujul kergejõustikutreeningule tulnud Kirschbaumi esimese võistluse tulemused olid kõike muud kui suurepärased - 3.35 kaugushüppes , 10,6 60 m jooksus ."
"ad,all",10729908,17193329,8,9,ootama,,ad,all,märtsil,vastukülaskäigule,Tartu võrkpallurid ootavad aga 7. ja 8. märtsil vastukülaskäigule Riia RDC meeskonda .
"ad,all",6578434,10585045,2,3,jõudma,,ad,all,aastal,ekraanile,"Möödunud aastal ekraanile jõudnud filme võiks kirjeldada nii : "" Malev "" parodeeris , "" Röövlirahnu Martin "" oli lastekas , "" Kohtumine tundmatuga "" ja "" August 1991 "" olid toredad telefilmid , "" Stiilipidu "" kvaliteetne naistekas ja "" Kõrini "" keskmine euroopa kino ."
"ad,all",3187774,5119448,9,10,meelitama,,ad,all,tänapäeval,maakleritööle,Kõrge palk ja tööaja vaba planeerimine meelitavad noori tänapäeval maakleritööle .
"ad,all",686685,1092046,14,15,seadma,,ad,all,sõnul,NATO-le,"Prantsuse president Jacques Chirac nimetas plaani Prantsusmaa võiduks , sest see seadvat tema sõnul NATO-le selge kohustuse enne tegutsemist ÜRO Julgeolekunõukogult luba taotleda ."
"ad,all",8988176,14451186,14,15,saama,,ad,all,aastal,endale,"Vello Peedimaa on Tartu Ülikooli endine haldusprorektor , kelle eestvõttel sai ülikool 1991. aastal endale Lille mäe varemed , et ehitada sinna keeltemaja ."
"ad,all",10095763,16196323,13,14,jagama,,ad,all,tekil,inimestele,"Nimelt jagas kapten Piht 1994. aasta 28. septembri ööl külili vajunud laeva tekil inimestele päästeveste ja reisijaid aidates liikus ta pealtnägijate sõnul vöörist ahtrisse , kuhu ta uurijate arvates ka jäi , sest laev läks põhja ahter ees ."
"ad,all",10592435,16978847,8,9,teatama,,ad,all,pärastlõunal,politseile,"Anne kanali ääres viibinud naine teatas eile pärastlõunal politseile mehest , kes tema ees püksid maha oli ajanud ja oma keha demonstreerinud , ütles “ Postimehele ” Tartu politsei pressiesindaja Peeter Rehema ."
"ad,all",5851774,9390463,9,10,asuma,,ad,all,aprillil,tööle,Paide politseijaoskonna eelmine ülemkomissar Priit Suve asus 25. aprillil tööle Lääne politseiprefektina .
"ad,all",10230958,16417549,15,16,minema,,ad,all,päeval,jääle,"Reede hommikul muutsime taktikat ja palusime helistada kõigil neil , kelle lähedased läksid eelmisel päeval jääle ja pole tagasi tulnud ."
"ad,all",4415650,7101273,4,5,seadma,,ad,all,sõnul,firmale,"Operaatorleping seab Vettuse sõnul firmale tingimused , mille alusel saab koostada detailplaneeringu ning hiljem välja kuulutada hoonestusõiguskonkursse ."
"ad,all",2398282,3843825,18,19,tekkima,,ad,all,sõnul,ETV-le,"Ligi 1,5 miljoni kroonise eelarvega "" Laulukarusselli "" edasilükkumine lööb segi maakondlike võistluste korraldamise , kuid Raagi sõnul ETV-le sellest suuri muutusi ei teki ."
"ad,all",7675977,12308269,7,8,jõudma,,ad,all,teisipäeval,kokkuleppele,"Näiteks põllumajandusministrid ei jõudnud nende suhtes teisipäeval kokkuleppele , nii et otsus jäi komisjonile ."
"ad,all",3219083,5170885,6,7,ütlema,,ad,all,neljapäeval,riigiraadiole,"Mubarak ( pildil ) ütles neljapäeval riigiraadiole , et Egiptus on vabariik , kus võimu ei pärita ."
"ad,all",9245552,14856810,6,7,tegema,,ad,all,kombel,rahvale,"Pullivend Pärn ei ole Metsamaa kombel rahvale haiget teinud , neilt raha või elusid võtnud ."
"ad,all",1706903,2716883,15,16,looma,,ad,all,haljasalal,Meelile,"20. septembril kell 16.38 lõi Aleksander ( 1944 ) Pärnus Mai turu juures oleval haljasalal Meelile ( 1963 ) noaga kõhu piirkonda , tekitades talle üliraske kehavigastuse ."
"ad,all",2232857,3572113,16,17,tulema,,ad,all,päeval,esikohale,"1000 m olümpiakuld ja 500 m -hõbe norralane Knut Holmann lõpetas 1.40 , 87 , eelmisel päeval esikohale tulnud rootslane Markus Oscarsson 1.41 , 11 ja soomlane Kimmo Latvamäki 1."
"ad,all",8365647,13405912,2,3,siirduma,,ad,all,aastal,Saksamaale,"1941. aastal Saksamaale siirdunud Veem ordineeriti õpetajaks 1947. aastal Stolzenaus , misjärel ta töötas Saksamaal ja Austrias eesti koguduste õpetaja ja “ Kirikulehe ” toimetana ."
"ad,all",11052248,17700779,2,3,otsima,,ad,all,päeval,koolimajale,"Eile päeval koolimajale uusi lukke otsinud Tudulinna vallavanem Alar Nõmm ei osanud öelda , kas vallavalitsus saab küla uute arvutite ostmisel rahaga toetada ."
