pat_id,pattern,verb_word,verb_compound,phrase_nr,phrase_case,deprel,adp,inf_verb
0,rääkima_1 Arg0 (rääkija),rääkima,,1,,nsubj,,
0,"rääkima_1 Arg1 (mida/,et/mingit keelt)",rääkima,,2,,obj,,
0,"rääkima_1 Arg1 (mida/,et/mingit keelt)",rääkima,,2,,ccomp,,
0,rääkima_1 Arg2 (adressaat: kellele/kellega),rääkima,,3,all,obl,,
0,rääkima_1 Arg2 (adressaat: kellele/kellega),rääkima,,3,kom,obl,,
0,rääkima_1 Arg3 (millegi kohta/millest),rääkima,,4,gen,obl,kohta,
0,rääkima_1 Arg3 (millegi kohta/millest),rääkima,,4,el,obl,,
1,arvama_1 Arg0 (arvaja),arvama,,1,,nsubj,,
1,arvama_1 Arg3 (millegi kohta/millest),arvama,,2,gen,obl,kohta,
1,arvama_1 Arg3 (millegi kohta/millest),arvama,,2,el,obl,,
1,arvama_1 Arg_xarg,arvama,,3,,xcomp,,
2,küsima_1 Arg0 (küsija),küsima,,1,,nsubj,,
2,küsima_1 Arg1 (mida/et),küsima,,2,,obj,,
2,küsima_1 Arg1 (mida/et),küsima,,2,,ccomp,,
2,küsima_1 Arg2 (kelleltki/kellegi käest),küsima,,3,abl,obl,,
2,küsima_1 Arg2 (kelleltki/kellegi käest),küsima,,3,gen,obl,käest,
2,küsima_1 Arg3 (millegi kohta),küsima,,4,gen,obl,kohta,
3,edastama_1 Arg0 (edastaja),edastama,,1,,nsubj,,
3,edastama_1 Arg1 (teema/patsient),edastama,,2,,obj,,
3,edastama_1 Arg2 (adressaat),edastama,,3,all,obl,,
4,eitama_1 Arg0 (eitaja),eitama,,1,,nsubj,,
4,eitama_1 Arg1 (seda),eitama,,2,,obj,,
5,esitama_1 Arg0 (esitaja),esitama,,1,,nsubj,,
5,esitama_1 Arg1 (teema),esitama,,2,,obj,,
5,esitama_1 Arg2 (adressaat),esitama,,3,all,obl,,
5,esitama_1 Arg3 (millisena),esitama,,4,,xcomp,,
5,esitama_1 Arg3 (millisena),esitama,,4,,obl,,
5,esitama_1 Arg_xarg,esitama,,5,,xcomp,,
6,hoiatama_1 Arg0 (hoiataja),hoiatama,,1,,nsubj,,
6,"hoiatama_1 Arg1 (adressaat või peaks see olema Arg2, sest on adressaat?)",hoiatama,,2,,obj,,
6,hoiatama_1 Arg2 (teema),hoiatama,,3,,advcl,,
6,hoiatama_1 Arg2 (teema),hoiatama,,3,gen,obl,eest,
7,hõikama_1 Arg0 (hõikaja),hõikama,,1,,nsubj,,
7,hõikama_1 Arg1 (mida/et),hõikama,,2,,obj,,
7,hõikama_1 Arg1 (mida/et),hõikama,,2,,ccomp,,
7,hõikama_1 Arg2 (adressaat: kellele),hõikama,,3,all,obl,,
8,hüüdma_1 Arg0 (hüüdja),hüüdma,,1,,nsubj,,
8,hüüdma_1 Arg1 (mida/et),hüüdma,,2,,obj,,
8,hüüdma_1 Arg1 (mida/et),hüüdma,,2,,ccomp,,
8,hüüdma_1 Arg2 (adressaat),hüüdma,,3,all,obl,,
9,karjuma_1 Arg0 (karjuja),karjuma,,1,,nsubj,,
9,karjuma_1 Arg1 (mida/et),karjuma,,2,,obj,,
9,karjuma_1 Arg1 (mida/et),karjuma,,2,,ccomp,,
9,karjuma_1 Arg2 (adressaat: kellele),karjuma,,3,all,obl,,
9,karjuma_1 Arg_xarg,karjuma,,4,,xcomp,,
10,kinnitama_1 Arg0 (kinnitaja),kinnitama,,1,,nsubj,,
10,kinnitama_1 Arg1 (et/mida),kinnitama,,2,,ccomp,,
10,kinnitama_1 Arg1 (et/mida),kinnitama,,2,,obj,,
10,kinnitama_1 Arg2 (adressaat: kellele),kinnitama,,3,all,obl,,
11,kinnitama_2 Arg0 (kinnitaja),kinnitama,,1,,nsubj,,
11,kinnitama_2 Arg1 (sihitis),kinnitama,,2,,obj,,
11,kinnitama_2 Arg2 (koht),kinnitama,,3,,obl,,
11,kinnitama_2 Arg2 (koht),kinnitama,,3,,advmod,,
11,kinnitama_2 Arg_xarg,kinnitama,,4,,xcomp,,
12,kirjutama_1 Arg0 (kirjutaja),kirjutama,,1,,nsubj,,
12,kirjutama_1 Arg1 (et/mida/kuidas),kirjutama,,2,,ccomp,,
12,kirjutama_1 Arg1 (et/mida/kuidas),kirjutama,,2,,obj,,
12,kirjutama_1 Arg2 (kellele),kirjutama,,3,all,obl,,
12,kirjutama_1 Arg3 (millest),kirjutama,,4,el,obl,,
13,kostma_1 Arg1 (kostev),kostma,,1,,nsubj,,
13,kostma_1 Arg2 (kellelt),kostma,,2,el,obl,,
14,kostma_2 Arg0 (kostja),kostma,,1,,nsubj,,
14,kostma_2 Arg1 (mida/et),kostma,,2,,obj,,
14,kostma_2 Arg1 (mida/et),kostma,,2,,ccomp,,
14,kostma_2 Arg2 (kellele/millele),kostma,,3,all,obl,,
15,kuulutama_1 Arg0 (kuulutaja),kuulutama,,1,,nsubj,,
15,kuulutama_1 Arg1 (teema),kuulutama,,2,,obj,,
15,kuulutama_1 Arg1 (teema),kuulutama,,2,,ccomp,,
16,kuulutama_2 Arg0 (kuulutaja),kuulutama,,1,,nsubj,,
16,kuulutama_2 Arg1 (teema),kuulutama,,2,,obj,,
17,kõnelema_1 Arg0 (kõneleja),kõnelema,,1,,nsubj,,
17,kõnelema_1 Arg1 (et/mida: teema),kõnelema,,2,,obj,,
17,kõnelema_1 Arg1 (et/mida: teema),kõnelema,,2,,ccomp,,
17,kõnelema_1 Arg2 (adressaat: kellele),kõnelema,,3,all,obl,,
17,"kõnelema_1 Arg3 (millest, mille kohta)",kõnelema,,4,el,obl,,
17,"kõnelema_1 Arg3 (millest, mille kohta)",kõnelema,,4,gen,obl,kohta,
18,lausuma_1 Arg0 (lausuja),lausuma,,1,,nsubj,,
18,lausuma_1 Arg1 (et/mida: teema),lausuma,,2,,obj,,
18,lausuma_1 Arg1 (et/mida: teema),lausuma,,2,,ccomp,,
18,lausuma_1 Arg2 (adressaat: kellele),lausuma,,3,all,obl,,
19,väitma_1 Arg0,väitma,,1,,nsubj,,
19,väitma_1 Arg1,väitma,,2,,obj,,
19,väitma_1 Arg1,väitma,,2,,ccomp,,
19,väitma_1 Arg2,väitma,,3,all,obl,,
20,meenutama_1 Arg0,meenutama,,1,,nsubj,,
21,meenutama_2 Arg0,meenutama,,1,,nsubj,,
22,mõtlema_1 Arg0 (mõtleja),mõtlema,,1,,nsubj,,
22,mõtlema_1 Arg1 (teema: mida/millele/millest/mida teha/mille üle),mõtlema,,2,,obj,,
22,mõtlema_1 Arg1 (teema: mida/millele/millest/mida teha/mille üle),mõtlema,,2,all,obl,,
22,mõtlema_1 Arg1 (teema: mida/millele/millest/mida teha/mille üle),mõtlema,,2,el,obj,,
22,mõtlema_1 Arg1 (teema: mida/millele/millest/mida teha/mille üle),mõtlema,,2,,xcomp,,
22,mõtlema_1 Arg1 (teema: mida/millele/millest/mida teha/mille üle),mõtlema,,2,gen,obl,üle,
22,mõtlema_1 Arg2 (millega/mille all mõeldakse midagi),mõtlema,,3,kom,obl,,
22,mõtlema_1 Arg2 (millega/mille all mõeldakse midagi),mõtlema,,3,gen,obl,all,
22,mõtlema_1 Arg_xarg,mõtlema,,4,,xcomp,,
23,mõtlema_2 Arg1 (teema),mõtlema,,1,,obj,,
23,mõtlema_2 Arg2 (adressaat),mõtlema,,2,all,obl,,
23,mõtlema_2 Arg3 (eesmärk),mõtlema,,3,tr,obl,,
24,märkima_1 Arg0 (märkija),märkima,,1,,nsubj,,
24,märkima_1 Arg1 (teema),märkima,,2,,ccomp,,
24,märkima_1 Arg1 (teema),märkima,,2,,obj,,
25,märkima_2 Arg0 (märkija),märkima,,1,,nsubj,,
25,märkima_2 Arg1 (patsient),märkima,,2,,obj,,
26,möönma_1 Arg0 (möönja),möönma,,1,,nsubj,,
26,möönma_1 Arg1 (teema),möönma,,2,,ccomp,,
26,möönma_1 Arg1 (teema),möönma,,2,,obj,,
27,nentima_1 Arg0 (nentija),nentima,,1,,nsubj,,
27,nentima_1 Arg1 (teema),nentima,,2,,ccomp,,
27,nentima_1 Arg1 (teema),nentima,,2,,obj,,
28,nimetama_1 Arg0 (nimetaja),nimetama,,1,,nsubj,,
28,nimetama_1 Arg1 (teema),nimetama,,2,,obj,,
29,ohkama_1 Arg0 (ohkaja),ohkama,,1,,nsubj,,
29,ohkama_1 Arg1 (teema),ohkama,,2,,obj,,
29,ohkama_1 Arg1 (teema),ohkama,,2,,ccomp,,
30,rõhutama_1 Arg0 (rõhutaja),rõhutama,,1,,nsubj,,
30,rõhutama_1 Arg1 (teema),rõhutama,,2,,obj,,
30,rõhutama_1 Arg1 (teema),rõhutama,,2,,ccomp,,
31,seletama_1 Arg0 (seletaja),seletama,,1,,nsubj,,
31,seletama_1 Arg1 (teema),seletama,,2,,obj,,
31,seletama_1 Arg1 (teema),seletama,,2,,ccomp,,
31,seletama_1 Arg2 (adressaat: Kellele),seletama,,3,all,obl,,
32,selgitama_1 Arg0 (selgitaja),selgitama,,1,,nsubj,,
32,selgitama_1 Arg1 (teema),selgitama,,2,,obj,,
32,selgitama_1 Arg1 (teema),selgitama,,2,,ccomp,,
32,selgitama_1 Arg2 (adressaat: kellele),selgitama,,3,all,obl,,
33,soovitama_1 Arg0 (soovitaja),soovitama,,1,,nsubj,,
33,soovitama_1 Arg1 (teema),soovitama,,2,,obj,,
33,soovitama_1 Arg1 (teema),soovitama,,2,,ccomp,,
33,soovitama_1 Arg1 (teema),soovitama,,2,,xcomp,,
33,soovitama_1 Arg2 (adressaat: kellele/kellel),soovitama,,3,all,obl,,
33,soovitama_1 Arg2 (adressaat: kellele/kellel),soovitama,,3,ad,obl,,
34,sõnama_1 Arg0 (sõnaja),sõnama,,1,,nsubj,,
34,sõnama_1 Arg1 (teema),sõnama,,2,,obj,,
34,sõnama_1 Arg1 (teema),sõnama,,2,,ccomp,,
35,teadma_1 Arg0 (teadja),teadma,,1,,nsubj,,
35,teadma_1 Arg1 (teema),teadma,,2,,obj,,
35,teadma_1 Arg1 (teema),teadma,,2,,ccomp,,
35,"teadma_1 Arg2 ( ?? see, millest-kellest midagi teatakse)",teadma,,3,el,obl,,
35,"teadma_1 Arg2 ( ?? see, millest-kellest midagi teatakse)",teadma,,3,gen,obl,kohta,
36,tunnistama_1 Arg0 (tunnistaja),tunnistama,,1,,nsubj,,
36,tunnistama_1 Arg1 (teema),tunnistama,,2,,obj,,
36,tunnistama_1 Arg1 (teema),tunnistama,,2,,ccomp,,
36,tunnistama_1 Arg2 (adressaat: kellele HARV),tunnistama,,3,all,obl,,
36,tunnistama_1 Arg_xarg,tunnistama,,4,,xcomp,,
37,tõdema_1 Arg0 (tõdeja),tõdema,,1,,nsubj,,
37,tõdema_1 Arg1 (teema),tõdema,,2,,obj,,
37,tõdema_1 Arg1 (teema),tõdema,,2,,ccomp,,
37,tõdema_1 Arg2 (adressaat: kellele HARV),tõdema,,3,all,obl,,
38,täheldama_1 Arg0 (täheldaja),täheldama,,1,,nsubj,,
38,täheldama_1 Arg1 (teema ),täheldama,,2,,obj,,
38,täheldama_1 Arg1 (teema ),täheldama,,2,,ccomp,,
39,vastama_1 Arg0 (vastaja),vastama,,1,,nsubj,,
39,vastama_1 Arg1 (teema),vastama,,2,,obj,,
39,vastama_1 Arg1 (teema),vastama,,2,,ccomp,,
39,vastama_1 Arg2 (adressaat: millele/kellele),vastama,,3,all,obl,,
40,väljendama_1 Arg0 (väljendaja),väljendama,,1,,nsubj,,
40,väljendama_1 Arg1 (teema),väljendama,,2,,obj,,
40,väljendama_1 Arg1 (teema),väljendama,,2,,ccomp,,
41,ümisema_1 Arg0 (ümiseja),ümisema,,1,,nsubj,,
41,ümisema_1 Arg1 (teema),ümisema,,2,,obj,,
41,ümisema_1 Arg1 (teema),ümisema,,2,,ccomp,,
42,ütlema_1 Arg0 (ütleja),ütlema,,1,,nsubj,,
42,ütlema_1 Arg1 (teema),ütlema,,2,,obj,,
42,ütlema_1 Arg1 (teema),ütlema,,2,,ccomp,,
42,ütlema_1 Arg2 (adressaat),ütlema,,3,all,obl,,
42,ütlema_1 Arg_xarg,ütlema,,4,,xcomp,,
43,kurtma_1 Arg0 (kurtja),kurtma,,1,,nsubj,,
44,sosistama_1 Arg0 (sosistaja),sosistama,,1,,nsubj,,
44,sosistama_1 Arg1 (teema),sosistama,,2,,obj,,
44,sosistama_1 Arg1 (teema),sosistama,,2,,ccomp,,
44,sosistama_1 Arg2 (adressaat),sosistama,,3,all,obl,,
45,jutustama_1 Arg0 (jutustaja),jutustama,,1,,nsubj,,
45,jutustama_1 Arg1 (teema),jutustama,,2,,obj,,
45,jutustama_1 Arg1 (teema),jutustama,,2,,ccomp,,
45,jutustama_1 Arg2 (adressaat),jutustama,,3,all,obl,,
46,vestlema_1 Arg0 (vestleja),vestlema,,1,,nsubj,,
46,"vestlema_1 Arg2 (kaasvestleja, adressaat)",vestlema,,2,kom,obl,,
47,tajuma_1 Arg0 (tajuja),tajuma,,1,,nsubj,,
47,tajuma_1 Arg1 (teema),tajuma,,2,,obj,,
47,tajuma_1 Arg1 (teema),tajuma,,2,,ccomp,,
48,märkama_1 Arg0 (märkaja),märkama,,1,,nsubj,,
48,märkama_1 Arg1 (teema),märkama,,2,,obj,,
48,märkama_1 Arg1 (teema),märkama,,2,,ccomp,,
49,kuulama_1 Arg0 (kuulaja),kuulama,,1,,nsubj,,
49,kuulama_1 Arg1 (teema),kuulama,,2,,obj,,
50,kuulma_1 Arg0 (kuulja),kuulma,,1,,nsubj,,
50,kuulma_1 Arg1 (teema),kuulma,,2,,obj,,
50,kuulma_1 Arg1 (teema),kuulma,,2,,ccomp,,
50,kuulma_1 Arg2 (allikas (kellelt),kuulma,,3,abl,obl,,
50,kuulma_1 Arg3 (Millest (pole sellest midagi kuulnud) stiimul??),kuulma,,4,el,obl,,
50,kuulma_1 Arg3 (Millest (pole sellest midagi kuulnud) stiimul??),kuulma,,4,gen,obl,kohta,
50,kuulma_1 Arg_xarg,kuulma,,5,,xcomp,,
51,nägema_1 Arg0 (nägija),nägema,,1,,nsubj,,
51,nägema_1 Arg1 (stiimul),nägema,,2,,obj,,
51,nägema_1 Arg1 (stiimul),nägema,,2,,ccomp,,
52,vaatama_1 Arg0 (vaataja),vaatama,,1,,nsubj,,
52,"vaatama_1 Arg1 (stiimul: vaatan seda, vaatan, et, )",vaatama,,2,,obj,,
52,"vaatama_1 Arg1 (stiimul: vaatan seda, vaatan, et, )",vaatama,,2,,ccomp,,
52,vaatama_1 Arg4 (kellele otsa vaadatakse),vaatama,,3,all,obl,,
53,vaatlema_1 Arg0 (vaatleja),vaatlema,,1,,nsubj,,
53,vaatlema_1 Arg1 (stiimul),vaatlema,,2,,obj,,
53,vaatlema_1 Arg1 (stiimul),vaatlema,,2,,ccomp,,
54,piiluma_1 Arg0 (piiluja),piiluma,,1,,nsubj,,
54,piiluma_1 Arg1 (teema/stiimul),piiluma,,2,,obj,,
54,piiluma_1 Arg1 (teema/stiimul),piiluma,,2,,ccomp,,
54,piiluma_1 Arg1 (teema/stiimul),piiluma,,2,gen,obl,poole,
54,piiluma_1 Arg1 (teema/stiimul),piiluma,,2,ill,obl,,
55,vahtima_1 Arg0 (vahtija),vahtima,,1,,nsubj,,
55,vahtima_1 Arg1 (teema/stiimul/sihtkoht (vahtis pimedusse),vahtima,,2,,obj,,
55,vahtima_1 Arg1 (teema/stiimul/sihtkoht (vahtis pimedusse),vahtima,,2,,ccomp,,
55,vahtima_1 Arg1 (teema/stiimul/sihtkoht (vahtis pimedusse),vahtima,,2,ill,obl,,
56,silmitsema_1 Arg0 (silmitseja),silmitsema,,1,,nsubj,,
56,silmitsema_1 Arg1 (teema/stiimul),silmitsema,,2,,obj,,
57,jälgima_1 Arg0 (jälgija),jälgima,,1,,nsubj,,
57,jälgima_1 Arg1 (teema/stiimul),jälgima,,2,,obj,,
57,jälgima_1 Arg1 (teema/stiimul),jälgima,,2,,ccomp,,
58,näitama_1 Arg0 (näitaja),näitama,,1,,nsubj,,
58,näitama_1 Arg1 (teema),näitama,,2,,obj,,
58,näitama_1 Arg1 (teema),näitama,,2,,ccomp,,
58,näitama_1 Arg2 (koht (telekas näidati),näitama,,3,in,obl,,
58,näitama_1 Arg3 (adressaat),näitama,,4,ill,obl,,
59,hakkama_1 Arg0 (hakkaja),hakkama,,1,,nsubj,,
59,hakkama_1 Arg0 (hakkaja),hakkama,,1,,csubj,,
59,hakkama_1 Arg1 (tegevus/tulemusseisund),hakkama,,2,,xcomp,,
60,asuma_1 Arg0,asuma,,1,,nsubj,,
61,asuma_2 Arg0,asuma,,1,,nsubj,,
61,asuma_2 Arg5,asuma,,2,,xcomp,,
62,asuma_3 Arg1,asuma,,1,,nsubj,,
63,leidma_1 Arg0 (leidja),leidma,,1,,nsubj,,
63,leidma_1 Arg1 (teema),leidma,,2,,obj,,
63,leidma_1 Arg1 (teema),leidma,,2,,ccomp,,
63,leidma_1 Arg2 (adressaat/benefitsient),leidma,,3,all,obl,,
64,tahtma_1 Arg0 (tahtja),tahtma,,1,,nsubj,,
64,tahtma_1 Arg1 (teema),tahtma,,2,,obj,,
64,tahtma_1 Arg1 (teema),tahtma,,2,,xcomp,,
64,tahtma_1 Arg1 (teema),tahtma,,2,,ccomp,,
65,kasutama_1 Arg0 (kasutaja),kasutama,,1,,nsubj,,
65,kasutama_1 Arg1 (teema),kasutama,,2,,obj,,
65,kasutama_1 Arg2 (eesmärk),kasutama,,3,ad,obl,,
65,kasutama_1 Arg2 (eesmärk),kasutama,,3,gen,obl,suhtes,
65,kasutama_1 Arg2 (eesmärk),kasutama,,3,tr,obl,,
65,kasutama_1 Arg2 (eesmärk),kasutama,,3,in,obl,,
65,kasutama_1 Arg3 (vahend),kasutama,,4,es,obl,,
66,käima_1 Arg0 (käija),käima,,1,,nsubj,,
67,käima_2 Arg0 (käija),käima,,1,,nsubj,,
68,"käima_3 Arg1 (see, mis toimub)",käima,,1,,nsubj,,
69,suutma_1 Arg0 (suutja),suutma,,1,,nsubj,,
69,suutma_1 Arg1 (tegevus),suutma,,2,,xcomp,,
69,suutma_1 Arg1 (tegevus),suutma,,2,,obj,,
70,tundma_1 Arg0 (tundja),tundma,,1,,nsubj,,
70,tundma_1 Arg1 (teema/stiimul),tundma,,2,,obj,,
70,tundma_1 Arg1 (teema/stiimul),tundma,,2,,ccomp,,
70,tundma_1 Arg_xarg,tundma,,3,,xcomp,,
71,elama_1 Arg0 (elaja),elama,,1,,nsubj,,
71,elama_1 Arg1 (koht),elama,,2,in,obl,,
71,elama_1 Arg1 (koht),elama,,2,ad,obl,,
71,elama_1 Arg2 (kirjeldav objekt),elama,,3,,obj,,
72,muutuma_1 Arg1 (muutuja),muutuma,,1,,nsubj,,
72,muutuma_1 Arg2 (sihtolukord),muutuma,,2,,xcomp,,
73,muutma_1 Arg0 (muutja),muutma,,1,,nsubj,,
73,muutma_1 Arg1 (patsient),muutma,,2,,obj,,
73,muutma_1 Arg2 (sihtolukord),muutma,,3,,xcomp,,
74,toimuma_1 Arg1 (toimuja),toimuma,,1,,nsubj,,
75,pakkuma_1 Arg1 (teema?),pakkuma,,1,,obj,,
75,pakkuma_1 Arg1 (teema?),pakkuma,,1,,ccomp,,
75,pakkuma_1 Arg1 (teema?),pakkuma,,1,,xcomp,,
75,pakkuma_1 Arg2 (saaja/adressaat),pakkuma,,2,all,obl,,
76,töötama_1 Arg1 (kellena),töötama,,1,,xcomp,,
77,maksma_1 Arg0 (maksja),maksma,,1,,nsubj,,
77,maksma_1 Arg2 (kui palju (ma maksan sulle palka kolmsada rubla),maksma,,2,part,obl,,
77,maksma_1 Arg3 (benefitsient/saaja),maksma,,3,all,obl,,
78,"maksma_2 Arg1 (see, mis maksab)",maksma,,1,,nsubj,,
79,tegema_1 Arg0 (tegija),tegema,,1,,nsubj,,
79,tegema_1 Arg1 (patsient),tegema,,2,,obj,,
79,tegema_1 Arg2 (saaja/adressaat),tegema,,3,all,obl,,
79,tegema_1 Arg2 (saaja/adressaat),tegema,,3,ad,obl,,
79,"tegema_1 Arg3 (allikmaterjal, millest tehakse)",tegema,,4,el,obl,,
80,seisma_1 Arg0 (seisja),seisma,,1,,nsubj,,
80,seisma_1 Arg0 (seisja),seisma,,1,,csubj,,
81,liikuma_1 Arg0 (liikuja),liikuma,,1,,nsubj,,
82,sõitma_1 Arg0 (sõitja),sõitma,,1,,nsubj,,
83,lendama_1 Arg0 (lendaja),lendama,,1,,nsubj,,
84,tormama_1 Arg0 (tormaja),tormama,,1,,nsubj,,
84,"tormama_1 Arg1 (sihtkoht, ka tegevus. tormama-l on natuke inhoatiivsust)",tormama,,2,,obl,,
84,"tormama_1 Arg1 (sihtkoht, ka tegevus. tormama-l on natuke inhoatiivsust)",tormama,,2,,advmod,,
84,"tormama_1 Arg1 (sihtkoht, ka tegevus. tormama-l on natuke inhoatiivsust)",tormama,,2,,xcomp,,
85,ronima_1 Arg0 (ronija),ronima,,1,,nsubj,,
86,kõndima_1 Arg0 (kõndija),kõndima,,1,,nsubj,,
87,jooksma_1 Arg0 (jooksja),jooksma,,1,,nsubj,,
88,hüppama_1 Arg0 (hüppaja),hüppama,,1,,nsubj,,
89,tõusma_1 Arg0 (tõusja),tõusma,,1,,nsubj,,
89,tõusma_1 Arg3 (piir: milleni),tõusma,,2,term,obl,,
89,tõusma_1 Arg_xarg,tõusma,,3,,xcomp,,
90,"tekkima_1 Arg1 (see, mis tekib)",tekkima,,1,,nsubj,,
90,tekkima_1 Arg2 (olukorra omaja? patsient?),tekkima,,2,ad,obl,,
91,looma_1 Arg0 (looja),looma,,1,,nsubj,,
91,looma_1 Arg1 (patsient),looma,,2,,obj,,
91,looma_1 Arg2 (benefitsient),looma,,3,all,obl,,
91,looma_1 Arg_xarg,looma,,4,,xcomp,,
92,"vähenema_1 Arg1 (see, mis väheneb)",vähenema,,1,,nsubj,,
92,vähenema_1 Arg2 (benefitsient? väga harv),vähenema,,2,ad,obl,,
93,kasvama_1 Arg1,kasvama,,1,,nsubj,,
94,"suurenema_1 Arg1 (see, mis suureneb)",suurenema,,1,,nsubj,,
95,"langema_1 Arg1 (see, mis langeb)",langema,,1,,nsubj,,
95,langema_1 Arg_xarg,langema,,2,,xcomp,,
96,"kuuluma_1 Arg1 (see, mis kuulub)",kuuluma,,1,,nsubj,,
97,"sõltuma_1 Arg1 (see, mis sõltub)",sõltuma,,1,,nsubj,,
97,"sõltuma_1 Arg2 (millest, kohustuslik argument)",sõltuma,,2,el,obl,,
98,"selguma_1 Arg1 (see, mis selgub)",selguma,,1,,nsubj,,
98,"selguma_1 Arg1 (see, mis selgub)",selguma,,1,,csubj,,
98,selguma_1 Arg2 (selguse allikas? millest selgub),selguma,,2,el,obl,,
98,selguma_1 Arg2 (selguse allikas? millest selgub),selguma,,2,abl,obl,,
98,selguma_1 Arg2 (selguse allikas? millest selgub),selguma,,2,in,obl,,
98,selguma_1 Arg2 (selguse allikas? millest selgub),selguma,,2,gen,obl,põhjal,
99,"juhtuma_1 Arg1 (see, mis juhtub)",juhtuma,,1,,nsubj,,
99,"juhtuma_1 Arg1 (see, mis juhtub)",juhtuma,,1,,csubj,,
99,"juhtuma_1 Arg2 (benefitsient/see, kellega juhtub)",juhtuma,,2,kom,obl,,
99,juhtuma_1 Arg_xarg,juhtuma,,3,,xcomp,,
100,"jagunema_1 Arg1 (see, mis jaguneb)",jagunema,,1,,nsubj,,
100,jagunema_1 Arg3 (kuidas),jagunema,,2,,advmod,,
101,"tunduma_1 Arg1 (see, mis tundub)",tunduma,,1,,nsubj,,
101,"tunduma_1 Arg1 (see, mis tundub)",tunduma,,1,,csubj,,
101,"tunduma_1 Arg2 (benefitsient, kogeja?)",tunduma,,2,all,obl,,
101,"tunduma_1 Arg3 (tundub millena, missugusena, missugune)",tunduma,,3,,xcomp,,
101,"tunduma_1 Arg3 (tundub millena, missugusena, missugune)",tunduma,,3,es,obl,,
102,"kaduma_1 Arg1 (see, mis kaob)",kaduma,,1,,nsubj,,
102,kaduma_1 Arg2 (benefitsient),kaduma,,2,ad,obl,,
102,kaduma_1 Arg_xarg,kaduma,,3,,xcomp,,
103,"ilmuma_1 Arg1 (see, mis ilmub)",ilmuma,,1,,nsubj,,
104,"sattuma_1 Arg1 (see, kes satub)",sattuma,,1,,nsubj,,
105,"puuduma_1 Arg1 (see, mis puudub)",puuduma,,1,,nsubj,,
105,"puuduma_1 Arg2 (omaja, benefitsient)",puuduma,,2,ad,obl,,
106,"saabuma_1 Arg1 (see, mis saabub)",saabuma,,1,,nsubj,,
106,saabuma_1 Arg3 (lähtekoht),saabuma,,2,el,obl,,
106,saabuma_1 Arg3 (lähtekoht),saabuma,,2,gen,obl,käest,
107,"õnnestuma_1 Arg1 (see, mis õnnestub)",õnnestuma,,1,,csubj,,
107,"õnnestuma_1 Arg1 (see, mis õnnestub)",õnnestuma,,1,,nsubj,,
107,"õnnestuma_1 Arg2 (benefitsient, kellel õnnestub)",õnnestuma,,2,ad,obl,,
108,"sobima_1 Arg1 (see, kes/mis sobib)",sobima,,1,,nsubj,,
108,sobima_1 Arg2 (benefitsient ),sobima,,2,all,obl,,
108,sobima_1 Arg3 (sobib milleks/kellele/kuhu/millega/kellega/seda tegema),sobima,,3,,xcomp,,
108,sobima_1 Arg3 (sobib milleks/kellele/kuhu/millega/kellega/seda tegema),sobima,,3,all,obl,,
108,sobima_1 Arg3 (sobib milleks/kellele/kuhu/millega/kellega/seda tegema),sobima,,3,ill,obl,,
108,sobima_1 Arg3 (sobib milleks/kellele/kuhu/millega/kellega/seda tegema),sobima,,3,kom,obl,,
108,sobima_1 Arg3 (sobib milleks/kellele/kuhu/millega/kellega/seda tegema),sobima,,3,gen,obl,kõrvale,
109,"sobima_2 Arg1 (see, mis sobib)",sobima,,1,,nsubj,,
109,"sobima_2 Arg1 (see, mis sobib)",sobima,,1,,csubj,,
109,sobima_2 Arg2 (benefitsient ),sobima,,2,ad,obl,,
110,"kujunema_1 Arg1 (see, mis kujuneb)",kujunema,,1,,nsubj,,
110,"kujunema_1 Arg2 (tulemus, milliseks asi kujuneb)",kujunema,,2,,xcomp,,
110,"kujunema_1 Arg3 (lähteseisund, millest midagi välja kujuneb)",kujunema,,3,el,obl,,
111,"lõppema_1 Arg1 (see, mis lõppeb)",lõppema,,1,,nsubj,,
111,"lõppema_1 Arg2 (millega lõpeb: tee lõppes künkaga, mäng lõpeb viigiga. SAGE)",lõppema,,2,kom,obl,,
112,"sündima_1 Arg1 (see, mis/kes sünnib)",sündima,,1,,nsubj,,
112,sündima_1 Arg2 (kus? ka kuhu? (sündis siia maailma),sündima,,2,ad,obl,,
112,sündima_1 Arg2 (kus? ka kuhu? (sündis siia maailma),sündima,,2,in,obl,,
112,sündima_1 Arg2 (kus? ka kuhu? (sündis siia maailma),sündima,,2,gen,obl,vahel,
112,sündima_1 Arg4 (lähe (hea kunst sünnib meeleheitest; kellest tal sündis tütar Marju),sündima,,3,el,obl,,
113,"kuluma_1 Arg1 (see, mis kulub)",kuluma,,1,,nsubj,,
113,kuluma_1 Arg2 (kellel kulub: omaja/kogeja?),kuluma,,2,ad,obl,,
114,"jätkuma_1 Arg1 (see, mis jätkub)",jätkuma,,1,,nsubj,,
114,jätkuma_1 Arg2 (kellel jätkub omaja/kogeja?),jätkuma,,2,ad,obl,,
115,"osutuma_1 Arg1 (see, mis osutub)",osutuma,,1,,nsubj,,
115,"osutuma_1 Arg1 (see, mis osutub)",osutuma,,1,,csubj,,
115,osutuma_1 Arg2 (osutus missuguseks),osutuma,,2,,xcomp,,
116,"leiduma_1 Arg1 (see, mis leidub)",leiduma,,1,,nsubj,,
116,leiduma_1 Arg2 (kus/mille hulgas?),leiduma,,2,in,obl,,
116,leiduma_1 Arg2 (kus/mille hulgas?),leiduma,,2,el,obl,,
116,leiduma_1 Arg2 (kus/mille hulgas?),leiduma,,2,gen,obl,hulgas,
117,surema_1 Arg1 (surija),surema,,1,,nsubj,,
118,ulatuma_1 Arg3 (millest),ulatuma,,1,el,obl,,
119,"koosnema_1 Arg1 (see, mis koosneb)",koosnema,,1,,nsubj,,
119,koosnema_1 Arg2 (millest),koosnema,,2,el,obl,,
120,"mõjuma_1 Arg1 (see, mis mõjub)",mõjuma,,1,,nsubj,,
120,mõjuma_1 Arg2 (adressaat),mõjuma,,2,all,obl,,
120,mõjuma_1 Arg3 (kuidas? millena? nagu mis? kui mis?),mõjuma,,3,,advmod,,
120,mõjuma_1 Arg3 (kuidas? millena? nagu mis? kui mis?),mõjuma,,3,es,obl,,
120,mõjuma_1 Arg3 (kuidas? millena? nagu mis? kui mis?),mõjuma,,3,,advcl,,
121,"erinema_1 Arg1 (see, mis erineb)",erinema,,1,,nsubj,,
121,"erinema_1 Arg2 (teema, see, millest erinetakse)",erinema,,2,el,obl,,
122,"kerkima_1 Arg1 (see, mis kerkib)",kerkima,,1,,nsubj,,
123,"piisama_1 Arg1 (see, millest piisab)",piisama,,1,el,obl,,
123,piisama_1 Arg2 (benefitsient),piisama,,2,ad,obl,,
123,piisama_1 Arg2 (benefitsient),piisama,,2,all,obl,,
123,"piisama_1 Arg3 (eesmärk? sellest piisab äraelamiseks; piisab, et teha seda)",piisama,,3,tr,obl,,
123,"piisama_1 Arg3 (eesmärk? sellest piisab äraelamiseks; piisab, et teha seda)",piisama,,3,,advcl,,
124,"levima_1 Arg1 (see, mis levib)",levima,,1,,nsubj,,
125,"lisanduma_1 Arg1 (see, mis lisandub)",lisanduma,,1,,nsubj,,
125,lisanduma_1 Arg2 (millele midagi lisandub. NB! millesse midagi lisandub ei pannud ARG_2-ks!),lisanduma,,2,all,obl,,
125,lisanduma_1 Arg2 (millele midagi lisandub. NB! millesse midagi lisandub ei pannud ARG_2-ks!),lisanduma,,2,gen,obl,kõrvale,
126,"kaasnema_1 Arg1 (see, mis kaasneb)",kaasnema,,1,,nsubj,,
126,kaasnema_1 Arg2 (millega kaasneb),kaasnema,,2,kom,obl,,
127,"harjuma_1 Arg1 (see, kes harjub)",harjuma,,1,,nsubj,,
127,harjuma_1 Arg2 (millega harjutakse; teema),harjuma,,2,kom,obl,,
127,harjuma_1 Arg2 (millega harjutakse; teema),harjuma,,2,,xcomp,,
127,harjuma_1 Arg2 (millega harjutakse; teema),harjuma,,2,,ccomp,,
128,"põlema_1 Arg1 (see, mis põleb)",põlema,,1,,nsubj,,
129,"mahtuma_1 Arg1 (see, mis mahub)",mahtuma,,1,,nsubj,,
130,"ilmnema_1 Arg1 (see, mis ilmneb)",ilmnema,,1,,nsubj,,
130,"ilmnema_1 Arg1 (see, mis ilmneb)",ilmnema,,1,,csubj,,
130,"ilmnema_1 Arg2 (mille käigus, see kaasnev tegevus?? aga kas siis des-vorm ka?)",ilmnema,,2,ad,obl,,
130,"ilmnema_1 Arg2 (mille käigus, see kaasnev tegevus?? aga kas siis des-vorm ka?)",ilmnema,,2,in,obl,,
130,"ilmnema_1 Arg2 (mille käigus, see kaasnev tegevus?? aga kas siis des-vorm ka?)",ilmnema,,2,el,obl,,
130,"ilmnema_1 Arg2 (mille käigus, see kaasnev tegevus?? aga kas siis des-vorm ka?)",ilmnema,,2,gen,obl,käigus,
131,"kõlama_1 Arg1 (see, mis kõlab)",kõlama,,1,,nsubj,,
131,"kõlama_1 Arg2 (kuidas, sh ccomp; xcomp)",kõlama,,2,,ccomp,,
131,"kõlama_1 Arg2 (kuidas, sh ccomp; xcomp)",kõlama,,2,,advmod,,
131,"kõlama_1 Arg2 (kuidas, sh ccomp; xcomp)",kõlama,,2,,advcl,,
132,"viibima_1 Arg1 (see, kes viibib)",viibima,,1,,nsubj,,
132,viibima_1 Arg2 (kus?),viibima,,2,in,obl,,
132,viibima_1 Arg2 (kus?),viibima,,2,ad,obl,,
132,viibima_1 Arg2 (kus?),viibima,,2,gen,obl,juures,
132,viibima_1 Arg2 (kus?),viibima,,2,,advmod,,
133,"pärinema_1 Arg1 (see, mis pärineb)",pärinema,,1,,nsubj,,
134,"kehtima_1 Arg1 (see, mis kehtib)",kehtima,,1,,nsubj,,
134,"kehtima_1 Arg2 (kehtimisalis vms? kus, kellele, mille kohta jne)",kehtima,,2,in,obl,,
134,"kehtima_1 Arg2 (kehtimisalis vms? kus, kellele, mille kohta jne)",kehtima,,2,ad,obl,,
134,"kehtima_1 Arg2 (kehtimisalis vms? kus, kellele, mille kohta jne)",kehtima,,2,all,obl,,
134,"kehtima_1 Arg2 (kehtimisalis vms? kus, kellele, mille kohta jne)",kehtima,,2,gen,obl,puhul,
134,"kehtima_1 Arg2 (kehtimisalis vms? kus, kellele, mille kohta jne)",kehtima,,2,gen,obl,kohta,
135,"paiknema_1 Arg1 (see, mis paikneb)",paiknema,,1,,nsubj,,
136,"hõlmama_1 Arg1 (see, mis hõlmab)",hõlmama,,1,,nsubj,,
136,hõlmama_1 Arg2 (hõlmatav),hõlmama,,2,,obj,,
137,"valmima_1 Arg1 (see, mis valmib)",valmima,,1,,nsubj,,
138,"arenema_1 Arg1 (see, mis areneb)",arenema,,1,,nsubj,,
139,"tulenema_1 Arg1 (see, mis tuleneb)",tulenema,,1,,nsubj,,
139,"tulenema_1 Arg2 (see, millest tuleneb)",tulenema,,2,el,obl,,
140,"väärima_1 Arg1 (see, mis midagi väärib)",väärima,,1,,nsubj,,
140,"väärima_1 Arg2 (see, mida vääritakse)",väärima,,2,,obj,,
141,paranema_1 Arg1 (paraneja),paranema,,1,,nsubj,,
142,"avanema_1 Arg1 (see, mis avaneb)",avanema,,1,,nsubj,,
143,"säilima_1 Arg1 (see, mis säilib)",säilima,,1,,nsubj,,
144,"sulama_1 Arg1 (see, mis sulab)",sulama,,1,,nsubj,,
145,"meenuma_1 Arg1 (see, mis meenub)",meenuma,,1,,nsubj,,
145,meenuma_1 Arg2 (kellele meenub),meenuma,,2,all,obl,,
146,"seisnema_1 Arg1 (see, mis seisneb)",seisnema,,1,,nsubj,,
146,seisnema_1 Arg2 (milles seisneb),seisnema,,2,in,obl,,
147,"puhkema_1 Arg1 (see, mis puhkeb)",puhkema,,1,,nsubj,,
148,"peituma_1 Arg1 (see, mis peitub)",peituma,,1,,nsubj,,
149,"asenduma_1 Arg1 (see, mis asendub)",asenduma,,1,,nsubj,,
149,asenduma_1 Arg2 (tulemus? millega),asenduma,,2,kom,obl,,
150,hiilima_1 Arg0 (hiilija),hiilima,,1,,nsubj,,
151,imetlema_1 Arg0 (imetleja),imetlema,,1,,nsubj,,
151,imetlema_1 Arg1 (teema),imetlema,,2,,obj,,
152,kaagutama_1 Arg0 (kaagutaja),kaagutama,,1,,nsubj,,
153,kavandama_1 Arg0 (kavandaja),kavandama,,1,,nsubj,,
153,kavandama_1 Arg1 (teema),kavandama,,2,,obj,,
154,kiirgama_1 Arg0 (kiirgaja),kiirgama,,1,,nsubj,,
154,kiirgama_1 Arg1 (teema),kiirgama,,2,,obj,,
155,kiirgama_2 Arg1 (kiirgaja),kiirgama,,1,,nsubj,,
155,kiirgama_2 Arg2 (kellest),kiirgama,,2,el,obl,,
156,"korduma_1 Arg1 (see, mis kordub)",korduma,,1,,nsubj,,
157,kõrvaldama_1 Arg0 (kõrvaldaja),kõrvaldama,,1,,nsubj,,
157,kõrvaldama_1 Arg1 (patsient),kõrvaldama,,2,,obj,,
158,"käivituma_1 Arg1 (see, mis käivitub)",käivituma,,1,,nsubj,,
159,laiutama_1 Arg0 (laiutaja),laiutama,,1,,nsubj,,
160,palkama_1 Arg0 (palkaja),palkama,,1,,nsubj,,
160,palkama_1 Arg1 (patsient),palkama,,2,,obj,,
160,palkama_1 Arg2 (eesmärk? kelleks/milleks (valesti märgendatud),palkama,,3,,xcomp,,
161,ratsutama_1 Arg0 (ratsutaja),ratsutama,,1,,nsubj,,
161,ratsutama_1 Arg1 (kellega/kellel),ratsutama,,2,kom,obl,,
161,ratsutama_1 Arg1 (kellega/kellel),ratsutama,,2,ad,obl,,
162,reisima_1 Arg0 (reisija),reisima,,1,,nsubj,,
162,reisima_1 Arg2 (lähtekoht),reisima,,2,el,obl,,
163,röövima_1 Arg0 (röövija),röövima,,1,,nsubj,,
163,röövima_1 Arg1 (patsient),röövima,,2,,obj,,
163,röövima_1 Arg_xarg,röövima,,3,,xcomp,,
164,seksima_1 Arg0 (seksija),seksima,,1,,nsubj,,
164,seksima_1 Arg1 (patsient),seksima,,2,kom,obl,,
165,sobitama_1 Arg0 (sobitaja),sobitama,,1,,nsubj,,
165,sobitama_1 Arg1 (patsient),sobitama,,2,,obj,,
165,"sobitama_1 Arg2 (kellega, millega)",sobitama,,3,kom,obl,,
166,tarbima_1 Arg0 (tarbija),tarbima,,1,,nsubj,,
166,tarbima_1 Arg1 (patsient),tarbima,,2,,obj,,
167,tungima_1 Arg0 (tungija),tungima,,1,,nsubj,,
168,tõlgendama_1 Arg0 (tõlgendaja),tõlgendama,,1,,nsubj,,
168,tõlgendama_1 Arg1 (teema),tõlgendama,,2,,obj,,
168,tõlgendama_1 Arg1 (teema),tõlgendama,,2,,ccomp,,
169,"täituma_1 Arg1 (see, mis täitub)",täituma,,1,,nsubj,,
169,täituma_1 Arg2 (teema),täituma,,2,kom,obl,,
169,täituma_1 Arg2 (teema),täituma,,2,el,obl,,
170,"vajuma_1 Arg1 (see, mis vajub)",vajuma,,1,,nsubj,,
171,venitama_1 Arg0 (venitaja),venitama,,1,,nsubj,,
171,"venitama_1 Arg1 (mida/ccomp/millega, st saatelause on kummivenitamisega koos)",venitama,,2,,obj,,
171,"venitama_1 Arg1 (mida/ccomp/millega, st saatelause on kummivenitamisega koos)",venitama,,2,kom,obl,,
172,värvima_1 Arg0 (värvija),värvima,,1,,nsubj,,
172,värvima_1 Arg1 (patsient),värvima,,2,,obj,,
172,värvima_1 Arg2 (tulemus),värvima,,3,,xcomp,,
172,värvima_1 Arg_xarg,värvima,,4,,xcomp,,
173,arendama_1 Arg0 (arendaja),arendama,,1,,nsubj,,
173,arendama_1 Arg1 (patsient),arendama,,2,,obj,,
173,arendama_1 Arg2 (tulemus),arendama,,3,,xcomp,,
173,arendama_1 Arg2 (tulemus),arendama,,3,term,obl,,
173,arendama_1 Arg_xarg,arendama,,4,,xcomp,,
174,avama_1 Arg0 (avaja),avama,,1,,nsubj,,
174,avama_1 Arg1 (patsient),avama,,2,,obj,,
174,avama_1 Arg2 (saaja (adressaat),avama,,3,all,obl,,
174,avama_1 Arg_xarg,avama,,4,,xcomp,,
175,ehitama_1 Arg0 (ehitaja),ehitama,,1,,nsubj,,
175,ehitama_1 Arg1 (patsient),ehitama,,2,,obj,,
175,ehitama_1 Arg2 (saaja),ehitama,,3,all,obl,,
176,jaotama_1 Arg0 (jaotaja),jaotama,,1,,nsubj,,
176,jaotama_1 Arg1 (patsient),jaotama,,2,,obj,,
177,joonistama_1 Arg0 (joonistaja),joonistama,,1,,nsubj,,
177,joonistama_1 Arg1 (patsient),joonistama,,2,,obj,,
178,juhtima_1 Arg0 (juhtija),juhtima,,1,,nsubj,,
178,juhtima_1 Arg1 (patsient/teema),juhtima,,2,,obj,,
179,kasvatama_1 Arg0 (kasvataja),kasvatama,,1,,nsubj,,
179,kasvatama_1 Arg1 (patsient),kasvatama,,2,,obj,,
179,kasvatama_1 Arg2 (viis),kasvatama,,3,in,obl,,
180,kasvatama_2 Arg0 (kasvataja),kasvatama,,1,,nsubj,,
180,kasvatama_2 Arg1 (patsient),kasvatama,,2,,obj,,
180,kasvatama_2 Arg3 (tulemus),kasvatama,,3,gen,obl,võrra,
180,kasvatama_2 Arg3 (tulemus),kasvatama,,3,all,obl,,
181,kasvatama_3 Arg0 (kasvataja),kasvatama,,1,,nsubj,,
181,kasvatama_3 Arg1 (patsient),kasvatama,,2,,obj,,
181,kasvatama_3 Arg2 (lähtepunkt/patsient?),kasvatama,,3,el,obl,,
181,kasvatama_3 Arg3 (tulemus),kasvatama,,4,,xcomp,,
181,kasvatama_3 Arg_xarg,kasvatama,,5,,xcomp,,
182,katma_1 Arg0 (katja),katma,,1,,nsubj,,
182,katma_1 Arg1 (patsient),katma,,2,,obj,,
182,katma_1 Arg2 (millega/millest),katma,,3,kom,obl,,
182,katma_1 Arg2 (millega/millest),katma,,3,el,obl,,
183,kontrollima_1 Arg0 (kontrollija),kontrollima,,1,,nsubj,,
183,kontrollima_1 Arg1 (teema),kontrollima,,2,,obj,,
183,kontrollima_1 Arg1 (teema),kontrollima,,2,,ccomp,,
184,korraldama_1 Arg0 (korraldaja),korraldama,,1,,nsubj,,
184,korraldama_1 Arg1 (patsient),korraldama,,2,,obj,,
184,korraldama_1 Arg2 (saaja),korraldama,,3,all,obl,,
185,kustutama_1 Arg0 (kustutaja),kustutama,,1,,nsubj,,
185,kustutama_1 Arg1 (patsient),kustutama,,2,,obj,,
185,kustutama_1 Arg2 (millest),kustutama,,3,el,obl,,
185,kustutama_1 Arg2 (millest),kustutama,,3,gen,obl,hulgast,
186,lisama_1 Arg0 (lisaja),lisama,,1,,nsubj,,
186,lisama_1 Arg1 (teema),lisama,,2,,obj,,
186,lisama_1 Arg1 (teema),lisama,,2,,ccomp,,
187,lõikama_1 Arg0 (lõikaja),lõikama,,1,,nsubj,,
187,lõikama_1 Arg1 (patsient),lõikama,,2,,obj,,
187,lõikama_1 Arg2 (allikas?),lõikama,,3,abl,obl,,
187,lõikama_1 Arg3 (xcomp),lõikama,,4,,xcomp,,
187,lõikama_1 Arg_xarg,lõikama,,5,,xcomp,,
188,lõpetama_1 Arg0 (lõpetaja),lõpetama,,1,,nsubj,,
188,lõpetama_1 Arg1 (patsient/teema),lõpetama,,2,,obj,,
188,lõpetama_1 Arg2 (vahend/tulemus),lõpetama,,3,kom,obl,,
188,lõpetama_1 Arg2 (vahend/tulemus),lõpetama,,3,es,obl,,
188,lõpetama_1 Arg2 (vahend/tulemus),lõpetama,,3,ad,obl,,
189,lööma_1 Arg0 (lööja),lööma,,1,,nsubj,,
189,lööma_1 Arg1 (patsient),lööma,,2,,obj,,
189,lööma_1 Arg3 (vahend),lööma,,3,kom,obl,,
189,lööma_1 Arg_xarg,lööma,,4,,xcomp,,
190,mõõtma_1 Arg0 (mõõtja),mõõtma,,1,,nsubj,,
190,mõõtma_1 Arg1 (teema),mõõtma,,2,,obj,,
190,mõõtma_1 Arg1 (teema),mõõtma,,2,,ccomp,,
190,mõõtma_1 Arg1 (teema),mõõtma,,2,,xcomp,,
190,"mõõtma_1 Arg2 (kellel - kas on arg? Kadri: jah, aga vahend ja viis pigem pole)",mõõtma,,3,ad,obl,,
190,"mõõtma_1 Arg3 (mõõtühik (mõõdetakse osakaaluna, demokraatiat mõõdetakse valmisiaktiivsusega)vahend/viis)",mõõtma,,4,kom,obl,,
190,"mõõtma_1 Arg3 (mõõtühik (mõõdetakse osakaaluna, demokraatiat mõõdetakse valmisiaktiivsusega)vahend/viis)",mõõtma,,4,es,obl,,
190,"mõõtma_1 Arg3 (mõõtühik (mõõdetakse osakaaluna, demokraatiat mõõdetakse valmisiaktiivsusega)vahend/viis)",mõõtma,,4,in,obl,,
190,"mõõtma_1 Arg3 (mõõtühik (mõõdetakse osakaaluna, demokraatiat mõõdetakse valmisiaktiivsusega)vahend/viis)",mõõtma,,4,gen,obl,alusel,
190,"mõõtma_1 Arg3 (mõõtühik (mõõdetakse osakaaluna, demokraatiat mõõdetakse valmisiaktiivsusega)vahend/viis)",mõõtma,,4,,advcl,,
191,määrama_1 Arg0 (määraja),määrama,,1,,nsubj,,
191,määrama_1 Arg1 (patsient),määrama,,2,,obj,,
191,määrama_1 Arg2 (saaja),määrama,,3,all,obl,,
191,määrama_1 Arg3 (tulemus),määrama,,4,,xcomp,,
191,määrama_1 Arg3 (tulemus),määrama,,4,tr,obl,,
191,määrama_1 Arg_xarg,määrama,,5,,xcomp,,
192,parandama_1 Arg0 (parandaja),parandama,,1,,nsubj,,
192,parandama_1 Arg1 (patsient),parandama,,2,,obj,,
192,parandama_1 Arg1 (patsient),parandama,,2,,ccomp,,
192,parandama_1 Arg2 (tulemus),parandama,,3,,xcomp,,
192,parandama_1 Arg_xarg,parandama,,4,,xcomp,,
193,peatama_1 Arg0 (peataja),peatama,,1,,nsubj,,
193,peatama_1 Arg1 (patsient/adressaat),peatama,,2,,obj,,
194,põhjustama_1 Arg0 (põhjustaja),põhjustama,,1,,nsubj,,
194,põhjustama_1 Arg1 (tulemus),põhjustama,,2,,obj,,
194,põhjustama_1 Arg2 (saaja),põhjustama,,3,ad,obl,,
194,põhjustama_1 Arg2 (saaja),põhjustama,,3,in,obl,,
194,põhjustama_1 Arg2 (saaja),põhjustama,,3,gen,obl,seas,
195,rajama_1 Arg0 (rajaja),rajama,,1,,nsubj,,
195,rajama_1 Arg1 (patsient),rajama,,2,,obj,,
195,rajama_1 Arg2 (millele),rajama,,3,gen,obl,peale,
196,registreerima_1 Arg0 (registreerija),registreerima,,1,,nsubj,,
196,registreerima_1 Arg1 (patsient),registreerima,,2,,obj,,
196,registreerima_1 Arg2 (kuhu),registreerima,,3,all,obl,,
196,registreerima_1 Arg2 (kuhu),registreerima,,3,ill,obl,,
196,registreerima_1 Arg2 (kuhu),registreerima,,3,all,obl,,
196,registreerima_1 Arg3 (millena),registreerima,,4,es,obl,,
197,rikkuma_1 Arg0 (rikkuja),rikkuma,,1,,nsubj,,
197,rikkuma_1 Arg1 (patsient),rikkuma,,2,,obj,,
198,siduma_1 Arg0 (siduja),siduma,,1,,nsubj,,
198,siduma_1 Arg1 (patsient),siduma,,2,,obj,,
198,siduma_1 Arg2 (vahend),siduma,,3,kom,obl,,
198,siduma_1 Arg_xarg,siduma,,4,,xcomp,,
199,sulgema_1 Arg0 (sulgeja),sulgema,,1,,nsubj,,
199,sulgema_1 Arg1 (patsient),sulgema,,2,,obj,,
199,sulgema_1 Arg2 (vahend),sulgema,,3,kom,obl,,
200,sulgema_2 Arg0 (sulgeja),sulgema,,1,,nsubj,,
200,sulgema_2 Arg1 (patsient),sulgema,,2,,obj,,
201,sundima_1 Arg0 (sundija),sundima,,1,,nsubj,,
201,sundima_1 Arg1 (adressaat),sundima,,2,,obj,,
201,sundima_1 Arg2 (mida tegema/milleks/millesse/millele),sundima,,3,,xcomp,,
201,sundima_1 Arg2 (mida tegema/milleks/millesse/millele),sundima,,3,ill,obl,,
201,sundima_1 Arg2 (mida tegema/milleks/millesse/millele),sundima,,3,all,obl,,
202,suurendama_1 Arg0 (suurendaja),suurendama,,1,,nsubj,,
202,suurendama_1 Arg1 (patsient),suurendama,,2,,obj,,
202,suurendama_1 Arg2 (lähtepunkt (algseisund),suurendama,,3,abl,obl,,
202,suurendama_1 Arg3 (sihtpunkt (tulemusseisund),suurendama,,4,,xcomp,,
202,suurendama_1 Arg3 (sihtpunkt (tulemusseisund),suurendama,,4,all,obl,,
202,suurendama_1 Arg3 (sihtpunkt (tulemusseisund),suurendama,,4,term,obl,,
202,suurendama_1 Arg4 (vahend),suurendama,,5,kom,obl,,
203,tapma_1 Arg0 (tapja),tapma,,1,,nsubj,,
203,tapma_1 Arg1 (patsient),tapma,,2,,obj,,
203,tapma_1 Arg2 (instrument jäi välja),tapma,,3,kom,obl,,
204,teenima_1 Arg0 (teenija),teenima,,1,,nsubj,,
204,teenima_1 Arg1 (teema/adressaat),teenima,,2,,obj,,
204,teenima_1 Arg1 (teema/adressaat),teenima,,2,,advmod,,
204,teenima_1 Arg2 (saaja),teenima,,3,all,obl,,
204,teenima_1 Arg3 (vahend),teenima,,4,kom,obl,,
204,teenima_1 Arg3 (vahend),teenima,,4,el,obl,,
204,teenima_1 Arg3 (vahend),teenima,,4,abl,obl,,
204,teenima_1 Arg3 (vahend),teenima,,4,,advcl,,
204,teenima_1 Arg3 (vahend),teenima,,4,gen,obl,abil,
205,tekitama_1 Arg0 (tekitaja),tekitama,,1,,nsubj,,
205,tekitama_1 Arg1 (tulemus),tekitama,,2,,obj,,
205,tekitama_1 Arg2 (saaja/koht),tekitama,,3,ad,obl,,
205,tekitama_1 Arg2 (saaja/koht),tekitama,,3,in,obl,,
205,tekitama_1 Arg2 (saaja/koht),tekitama,,3,gen,obl,hulgas,
205,tekitama_1 Arg2 (saaja/koht),tekitama,,3,ill,obl,,
205,tekitama_1 Arg3 (vahend),tekitama,,4,kom,obl,,
206,toetama_1 Arg0 (toetaja),toetama,,1,,nsubj,,
206,toetama_1 Arg1 (patsient),toetama,,2,,obj,,
206,toetama_1 Arg2 (vahend),toetama,,3,kom,obl,,
207,"toetama_2 Arg0 (see, mis toetab)",toetama,,1,,nsubj,,
207,toetama_2 Arg1,toetama,,2,,obj,,
207,toetama_2 Arg3 (millele),toetama,,3,all,obl,,
208,täitma_1 Arg0 (täitja),täitma,,1,,nsubj,,
208,täitma_1 Arg1 (patsient),täitma,,2,,obj,,
208,täitma_1 Arg2 (teema),täitma,,3,kom,obl,,
209,valama_1 Arg0 (valaja),valama,,1,,nsubj,,
209,valama_1 Arg1 (patsient),valama,,2,,obj,,
209,valama_1 Arg2 (lähtekoht),valama,,3,el,obl,,
209,valama_1 Arg4 (saaja),valama,,4,ad,obl,,
210,valitsema_1 Arg0 (valitseja),valitsema,,1,,nsubj,,
210,valitsema_1 Arg1 (patsient),valitsema,,2,,obj,,
210,valitsema_1 Arg1 (patsient),valitsema,,2,gen,obl,üle,
211,vähendama_1 Arg0 (vähendaja),vähendama,,1,,nsubj,,
211,vähendama_1 Arg1 (patsient),vähendama,,2,,obj,,
211,vähendama_1 Arg2 (lähtepunkt (algseisund),vähendama,,3,abl,obl,,
211,vähendama_1 Arg3 (sihtpunkt (tulemusseisund),vähendama,,4,all,obl,,
212,õpetama_1 Arg0 (õpetaja),õpetama,,1,,nsubj,,
212,õpetama_1 Arg1 (patsient),õpetama,,2,,obj,,
212,õpetama_1 Arg1 (patsient),õpetama,,2,all,obl,,
212,õpetama_1 Arg2 (teema),õpetama,,3,,obj,,
212,õpetama_1 Arg2 (teema),õpetama,,3,,xcomp,,
212,õpetama_1 Arg2 (teema),õpetama,,3,,ccomp,,
213,ootama_1 Arg0 (ootaja),ootama,,1,,nsubj,,
213,ootama_1 Arg1 (teema),ootama,,2,,obj,,
213,ootama_1 Arg1 (teema),ootama,,2,,ccomp,,
213,ootama_1 Arg1 (teema),ootama,,2,,advcl,,
213,ootama_1 Arg1 (teema),ootama,,2,kom,obl,,
214,ootama_2 Arg0 (ootaja),ootama,,1,,nsubj,,
214,ootama_2 Arg1 (teema),ootama,,2,,obj,,
214,ootama_2 Arg1 (teema),ootama,,2,,ccomp,,
214,ootama_2 Arg1 (teema),ootama,,2,,advmod,,
214,ootama_2 Arg1 (teema),ootama,,2,,xcomp,,
214,ootama_2 Arg2 (allikas),ootama,,3,abl,obl,,
214,ootama_2 Arg2 (allikas),ootama,,3,el,obl,,
215,hoidma_1 Arg0 (hoidja),hoidma,,1,,nsubj,,
215,hoidma_1 Arg1 (teema),hoidma,,2,,obj,,
215,hoidma_1 Arg1 (teema),hoidma,,2,ad,obl,,
215,hoidma_1 Arg2 (kus/millest),hoidma,,3,in,obl,,
215,hoidma_1 Arg2 (kus/millest),hoidma,,3,el,obl,,
215,hoidma_1 Arg2 (kus/millest),hoidma,,3,gen,obl,vahel,
216,hoidma_2 Arg0 (hoidja),hoidma,,1,,nsubj,,
216,hoidma_2 Arg1 (teema),hoidma,,2,,obj,,
216,hoidma_2 Arg1 (teema),hoidma,,2,,ccomp,,
216,hoidma_2 Arg1 (teema),hoidma,,2,,xcomp,,
216,hoidma_2 Arg2 (koht/seisund),hoidma,,3,ad,obl,,
216,hoidma_2 Arg2 (koht/seisund),hoidma,,3,in,obl,,
216,hoidma_2 Arg2 (koht/seisund),hoidma,,3,gen,obl,kohal,
216,hoidma_2 Arg2 (koht/seisund),hoidma,,3,,advmod,,
216,hoidma_2 Arg2 (koht/seisund),hoidma,,3,,advcl,,
217,hoidma_3 Arg0 (hoidja),hoidma,,1,,nsubj,,
217,hoidma_3 Arg1 (teema),hoidma,,2,,obj,,
217,hoidma_3 Arg2 (koht/seisund),hoidma,,3,ad,obl,,
217,hoidma_3 Arg2 (koht/seisund),hoidma,,3,in,obl,,
217,hoidma_3 Arg2 (koht/seisund),hoidma,,3,gen,obl,juures,
217,hoidma_3 Arg2 (koht/seisund),hoidma,,3,,advmod,,
217,hoidma_3 Arg3 (saaja),hoidma,,4,all,obl,,
218,hoidma_4 Arg0 (hoidja),hoidma,,1,,nsubj,,
218,hoidma_4 Arg1 (teema),hoidma,,2,,obj,,
218,hoidma_4 Arg2 (mille eest),hoidma,,3,gen,obl,eest,
219,hoidma_5 Arg0 (hoidja),hoidma,,1,,nsubj,,
219,hoidma_5 Arg1 (teema),hoidma,,2,,obj,,
220,"hoidma_6 Arg1 (see, mis hoidub)",hoidma,,1,,nsubj,,
221,püüdma_1 Arg0 (püüdja),püüdma,,1,,nsubj,,
221,püüdma_1 Arg1 (teema),püüdma,,2,,obj,,
221,püüdma_1 Arg2 (vahend),püüdma,,3,kom,obl,,
221,püüdma_1 Arg3 (kust),püüdma,,4,,advmod,,
222,püüdma_2 Arg0 (püüdja),püüdma,,1,,nsubj,,
223,püüdma_3 Arg0 (püüdja),püüdma,,1,,nsubj,,
223,püüdma_3 Arg1 (mida teha),püüdma,,2,,xcomp,,
224,uurima_1 Arg0 (uurija),uurima,,1,,nsubj,,
224,uurima_1 Arg1 (teema),uurima,,2,,obj,,
224,uurima_1 Arg1 (teema),uurima,,2,,ccomp,,
225,tähendama_1 Arg1,tähendama,,1,,obj,,
225,tähendama_1 Arg1,tähendama,,1,,ccomp,,
226,lugema_1 Arg0 (lugeja),lugema,,1,,nsubj,,
226,lugema_1 Arg2 (allikas),lugema,,2,el,obl,,
226,lugema_1 Arg2 (allikas),lugema,,2,abl,obl,,
226,lugema_1 Arg3 (adressaat),lugema,,3,all,obl,,
227,lugema_2 Arg0 (lugeja),lugema,,1,,nsubj,,
227,lugema_2 Arg1 (teema),lugema,,2,,obj,,
227,lugema_2 Arg2 (hulk),lugema,,3,in,obl,,
227,lugema_2 Arg2 (hulk),lugema,,3,gen,obl,ringis,
228,lugema_3 Arg0 (lugeja),lugema,,1,,nsubj,,
228,lugema_3 Arg0 (lugeja),lugema,,1,,csubj,,
228,lugema_3 Arg1 (teema),lugema,,2,,obj,,
229,lugema_4 Arg0 (lugeja),lugema,,1,,nsubj,,
229,lugema_4 Arg1 (teema),lugema,,2,,obj,,
229,lugema_4 Arg2 (milleks),lugema,,3,,xcomp,,
229,lugema_4 Arg2 (milleks),lugema,,3,gen,obl,hulka,
230,laskma_1 Arg0,laskma,,1,,nsubj,,
230,laskma_1 Arg1,laskma,,2,,obj,,
230,laskma_1 Arg2 (obl_Ade),laskma,,3,ad,obl,,
231,laskma_2 Arg0,laskma,,1,,nsubj,,
232,laskma_3 Arg0,laskma,,1,,nsubj,,
233,laskma_4 Arg0,laskma,,1,,nsubj,,
234,laskma_5 Arg0,laskma,,1,,nsubj,,
235,laskma_6 Arg0,laskma,,1,,nsubj,,
236,ostma_1 Arg0 (ostja),ostma,,1,,nsubj,,
236,ostma_1 Arg1 (teema),ostma,,2,,obj,,
236,ostma_1 Arg2 (koht/allikas),ostma,,3,el,obl,,
236,ostma_1 Arg2 (koht/allikas),ostma,,3,abl,obl,,
236,ostma_1 Arg2 (koht/allikas),ostma,,3,gen,obl,käest,
236,ostma_1 Arg3 (saaja),ostma,,4,all,obl,,
236,ostma_1 Arg3 (saaja),ostma,,4,gen,obl,jaoks,
236,ostma_1 ArgM,ostma,,5,tr,obl,,
237,oskama_1 Arg0 (oskaja),oskama,,1,,nsubj,,
237,oskama_1 Arg1 (teema),oskama,,2,,obj,,
237,oskama_1 Arg5,oskama,,3,,xcomp,,
238,aitama_1 Arg0 (aitaja),aitama,,1,,nsubj,,
238,aitama_1 Arg1 (kasusaaja),aitama,,2,,obj,,
238,aitama_1 Arg1 (kasusaaja),aitama,,2,ad,obl,,
238,aitama_1 Arg2 (mida teha/milles/millega),aitama,,3,,xcomp,,
238,aitama_1 Arg2 (mida teha/milles/millega),aitama,,3,in,obl,,
238,aitama_1 Arg2 (mida teha/milles/millega),aitama,,3,kom,obl,,
238,aitama_1 Arg2 (mida teha/milles/millega),aitama,,3,ad,obl,,
238,aitama_1 Arg2 (mida teha/milles/millega),aitama,,3,gen,obl,korral,
238,aitama_1 Arg3 (vahend),aitama,,4,kom,obl,,
239,aitama_2 Arg1 (mitmest),aitama,,1,el,obl,,
240,otsima_1 Arg0 (otsija),otsima,,1,,nsubj,,
240,otsima_1 Arg1 (teema),otsima,,2,,obj,,
240,otsima_1 Arg3 (saaja),otsima,,3,all,obl,,
240,otsima_1 Arg4 (eesmärk),otsima,,4,tr,obl,,
241,kutsuma_1 Arg0 (kutsuja),kutsuma,,1,,nsubj,,
241,kutsuma_1 Arg1 (adressaat),kutsuma,,2,,obj,,
242,kutsuma_2 Arg0 (kutsuja),kutsuma,,1,,nsubj,,
242,kutsuma_2 Arg1 (adressaat),kutsuma,,2,,obj,,
242,kutsuma_2 Arg2 (kelleks/milleks/kuidas),kutsuma,,3,,xcomp,,
242,kutsuma_2 Arg2 (kelleks/milleks/kuidas),kutsuma,,3,kom,obl,,
242,kutsuma_2 Arg2 (kelleks/milleks/kuidas),kutsuma,,3,gen,obl,järgi,
242,kutsuma_2 Arg2 (kelleks/milleks/kuidas),kutsuma,,3,part,obl,pidi,
243,õppima_1 Arg0 (õppija),õppima,,1,,nsubj,,
243,"õppima_1 Arg1 (teema (mida, mida tegema)",õppima,,2,,obj,,
243,õppima_1 Arg2 (millest/kellelt),õppima,,3,el,obl,,
243,õppima_1 Arg2 (millest/kellelt),õppima,,3,abl,obl,,
243,õppima_1 Arg5,õppima,,4,,xcomp,,
244,mõjutama_1 Arg0 (mõjutaja),mõjutama,,1,,nsubj,,
244,mõjutama_1 Arg1 (teema/adressaat),mõjutama,,2,,obj,,
244,mõjutama_1 Arg2 (vahend),mõjutama,,3,kom,obl,,
244,mõjutama_1 Arg2 (vahend),mõjutama,,3,gen,obl,abil,
244,mõjutama_1 Arg4 (obl_Tra),mõjutama,,4,tr,obl,,
245,mängima_1 Arg0 (mängija),mängima,,1,,nsubj,,
245,mängima_1 Arg1 (teema),mängima,,2,,obj,,
245,mängima_1 Arg2 (vahend),mängima,,3,kom,obl,,
245,mängima_1 Arg3 (kellega),mängima,,4,kom,obl,,
245,mängima_1 Arg4 (koht),mängima,,5,in,obl,,
245,mängima_1 Arg4 (koht),mängima,,5,ad,obl,,
246,mängima_3 Arg0 (mängija),mängima,,1,,nsubj,,
246,"mängima_3 Arg1 (keda, mida)",mängima,,2,,obj,,
246,mängima_3 Arg2 (koht),mängima,,3,in,obl,,
247,mängima_6 Arg0 (mängija),mängima,,1,,nsubj,,
247,mängima_6 Arg1 (teema?),mängima,,2,,obj,,
247,mängima_6 Arg2 (vahend),mängima,,3,,obj,,
247,mängima_6 Arg2 (vahend),mängima,,3,ad,obl,,
247,mängima_6 Arg3 (koht),mängima,,4,in,obl,,
247,mängima_6 Arg3 (koht),mängima,,4,ad,obl,,
248,istuma_1 Arg0 (istuja),istuma,,1,,nsubj,,
249,istuma_2 Arg0 (istuja),istuma,,1,,nsubj,,
249,istuma_2 Arg1 (koht),istuma,,2,in,obl,,
249,istuma_2 Arg1 (koht),istuma,,2,,advmod,,
249,istuma_2 Arg3 (põhjus),istuma,,3,gen,obl,eest,
250,võrdlema_1 Arg0 (võrdleja),võrdlema,,1,,nsubj,,
250,võrdlema_1 Arg1 (teema),võrdlema,,2,,obj,,
250,võrdlema_1 Arg2 (millega võrreldakse),võrdlema,,3,kom,obl,,
251,saatma_1 Arg0 (saatja),saatma,,1,,nsubj,,
251,saatma_1 Arg1 (adressaat? keda),saatma,,2,,obj,,
252,saatma_2 Arg0 (saatja),saatma,,1,,nsubj,,
252,saatma_2 Arg1 (adressaat? kelle),saatma,,2,,obj,,
252,saatma_2 Arg2 (lähtekoht),saatma,,3,abl,obl,,
252,saatma_2 ArgM,saatma,,4,,xcomp,,
253,saatma_3 Arg0 (saatja),saatma,,1,,nsubj,,
253,saatma_3 Arg1 (teema? mille),saatma,,2,,obj,,
253,saatma_3 Arg2 (lähtekoht),saatma,,3,el,obl,,
253,saatma_3 Arg4 (adressaat),saatma,,4,all,obl,,
254,saatma_4 Arg0,saatma,,1,,nsubj,,
254,saatma_4 Arg1,saatma,,2,,obj,,
255,nõudma_1 Arg0 (nõudja),nõudma,,1,,nsubj,,
255,nõudma_1 Arg1 (teema),nõudma,,2,,obj,,
255,nõudma_1 Arg1 (teema),nõudma,,2,,ccomp,,
255,nõudma_1 Arg2 (allikas),nõudma,,3,abl,obl,,
255,nõudma_1 Arg2 (allikas),nõudma,,3,gen,obl,käest,
255,nõudma_1 Arg3 (saaja),nõudma,,4,all,obl,,
256,uskuma_1 Arg0 (uskuja),uskuma,,1,,nsubj,,
256,uskuma_1 Arg2 (kellest),uskuma,,2,el,obl,,
257,lubama_1 Arg0 (lubaja),lubama,,1,,nsubj,,
257,lubama_1 Arg1 (adressaat),lubama,,2,,obj,,
257,lubama_1 Arg1 (adressaat),lubama,,2,ad,obl,,
257,"lubama_1 Arg2 (mida teha, mida tegema)",lubama,,3,,xcomp,,
258,lubama_2 Arg0 (lubaja),lubama,,1,,nsubj,,
258,lubama_2 Arg1 (teema/mida teha),lubama,,2,,obj,,
258,lubama_2 Arg1 (teema/mida teha),lubama,,2,,ccomp,,
258,lubama_2 Arg1 (teema/mida teha),lubama,,2,,xcomp,,
258,lubama_2 Arg2 (adressaat),lubama,,3,all,obl,,
259,valima_1 Arg0,valima,,1,,nsubj,,
259,valima_1 Arg5,valima,,2,,xcomp,,
260,valima_2 Arg0 (valija),valima,,1,,nsubj,,
260,valima_2 Arg1 (patsient?),valima,,2,,obj,,
260,"valima_2 Arg2 (kelleks, milleks/koht)",valima,,3,,xcomp,,
260,"valima_2 Arg2 (kelleks, milleks/koht)",valima,,3,ill,obl,,
261,müüma_1 Arg0 (müüja),müüma,,1,,nsubj,,
261,müüma_1 Arg1 (teema),müüma,,2,,obj,,
261,müüma_1 Arg2 (saaja),müüma,,3,all,obl,,
261,müüma_1 Arg3 (hind),müüma,,4,kom,obl,,
261,müüma_1 Arg3 (hind),müüma,,4,gen,obl,eest,
261,müüma_1 Arg3 (hind),müüma,,4,,advmod,,
262,kandma_1 Arg0 (kandja),kandma,,1,,nsubj,,
262,kandma_1 Arg1 (teema),kandma,,2,,obj,,
262,kandma_1 Arg2 (lähtekoht),kandma,,3,el,obl,,
262,kandma_1 Arg2 (lähtekoht),kandma,,3,abl,obl,,
262,kandma_1 ArgM,kandma,,4,in,obl,,
262,kandma_1 ArgM,kandma,,4,ad,obl,,
263,kandma_2 Arg0 (kandja),kandma,,1,,nsubj,,
263,kandma_2 Arg1 (teema),kandma,,2,,obj,,
263,kandma_2 Arg2 (koht),kandma,,3,in,obl,,
263,kandma_2 Arg2 (koht),kandma,,3,ad,obl,,
264,kandma_3 Arg0 (kandja),kandma,,1,,nsubj,,
264,kandma_3 Arg1 (teema),kandma,,2,,obj,,
265,kandma_4 Arg0 (kandja),kandma,,1,,nsubj,,
265,kandma_4 Arg1 (teema),kandma,,2,,obj,,
265,kandma_4 Arg3 (millele),kandma,,3,all,obl,,
266,kandma_5 Arg0 (kandja),kandma,,1,,nsubj,,
266,kandma_5 Arg1 (teema),kandma,,2,,obj,,
267,alustama_1 Arg0 (alustaja),alustama,,1,,nsubj,,
267,alustama_1 Arg1 (teema),alustama,,2,,obj,,
267,alustama_1 Arg1 (teema),alustama,,2,,ccomp,,
267,alustama_1 Arg1 (teema),alustama,,2,kom,obl,,
267,alustama_1 Arg2 (algseisund/lähtekoht),alustama,,3,el,obl,,
267,alustama_1 Arg2 (algseisund/lähtekoht),alustama,,3,abl,obl,,
267,alustama_1 Arg3 (millega),alustama,,4,kom,obl,,
268,otsustama_1 Arg0 (otsustaja),otsustama,,1,,nsubj,,
268,otsustama_1 Arg1 (teema/mida teha),otsustama,,2,,obj,,
268,otsustama_1 Arg1 (teema/mida teha),otsustama,,2,,ccomp,,
268,otsustama_1 Arg1 (teema/mida teha),otsustama,,2,,xcomp,,
268,otsustama_1 Arg1 (teema/mida teha),otsustama,,2,gen,obl,üle,
269,tegelema_1 Arg0 (tegeleja),tegelema,,1,,nsubj,,
269,tegelema_1 Arg1 (teema),tegelema,,2,kom,obl,,
270,jagama_1 Arg0 (jagaja),jagama,,1,,nsubj,,
270,jagama_1 Arg1 (patsient),jagama,,2,,obj,,
271,jagama_2 Arg0 (jagaja),jagama,,1,,nsubj,,
271,jagama_2 Arg1 (patsient),jagama,,2,,obj,,
271,jagama_2 Arg2 (millega),jagama,,3,kom,obl,,
272,jagama_3 Arg0 (jagaja),jagama,,1,,nsubj,,
272,jagama_3 Arg1 (patsient),jagama,,2,,obj,,
272,jagama_3 Arg2 (saaja),jagama,,3,all,obl,,
272,jagama_3 Arg2 (saaja),jagama,,3,gen,obl,vahel,
272,jagama_3 Arg3 (vahend),jagama,,4,kom,obl,,
273,jagama_4 Arg0 (jagaja),jagama,,1,,nsubj,,
273,jagama_4 Arg1 (teema?),jagama,,2,,obj,,
273,jagama_4 Arg2 (kellega),jagama,,3,kom,obl,,
274,võitma_1 Arg0 (võitja),võitma,,1,,nsubj,,
274,võitma_1 Arg1 (võistlus),võitma,,2,,obj,,
275,võitma_2 Arg0 (võitja),võitma,,1,,nsubj,,
275,võitma_2 Arg1 (keda),võitma,,2,,obj,,
276,võitma_3 Arg0 (võitja),võitma,,1,,nsubj,,
276,võitma_3 Arg1 (mille),võitma,,2,,obj,,
276,võitma_3 Arg2 (võistlus),võitma,,3,in,obl,,
276,võitma_3 Arg2 (võistlus),võitma,,3,ad,obl,,
276,võitma_3 Arg3 (millega),võitma,,4,kom,obl,,
276,võitma_3 Arg4 (kui suurelt),võitma,,5,kom,obl,,
277,võitma_4 Arg0 (võitja),võitma,,1,,nsubj,,
277,võitma_4 Arg1 (mida),võitma,,2,,obj,,
277,võitma_4 Arg2 (vahend),võitma,,3,kom,obl,,
278,võitma_5 Arg0 (võitja),võitma,,1,,nsubj,,
278,võitma_5 Arg2 (millest),võitma,,2,el,obl,,
278,võitma_5 Arg2 (millest),võitma,,2,in,obl,,
279,soovima_1 Arg0 (soovija),soovima,,1,,nsubj,,
279,soovima_1 Arg1 (teema),soovima,,2,,obj,,
279,soovima_1 Arg1 (teema),soovima,,2,,ccomp,,
279,soovima_1 Arg1 (teema),soovima,,2,,xcomp,,
280,soovima_2 Arg0 (soovija),soovima,,1,,nsubj,,
280,soovima_2 Arg1 (teema),soovima,,2,,obj,,
280,soovima_2 Arg2 (adressaat),soovima,,3,all,obl,,
281,võimaldama_1 Arg0 (võimaldaja),võimaldama,,1,,nsubj,,
281,võimaldama_1 Arg1 (adressaat),võimaldama,,2,ad,obl,,
281,võimaldama_1 Arg2 (mida teha/mida),võimaldama,,3,,xcomp,,
281,võimaldama_1 Arg2 (mida teha/mida),võimaldama,,3,,obj,,
282,sööma_1 Arg0 (sööja),sööma,,1,,nsubj,,
282,sööma_1 Arg1 (patsient),sööma,,2,,obj,,
282,sööma_1 Arg2 (vahend),sööma,,3,kom,obl,,
283,vajama_1 Arg0 (vajaja),vajama,,1,,nsubj,,
283,vajama_1 Arg1 (mida),vajama,,2,,obj,,
283,vajama_1 Arg2 (eesmärk),vajama,,3,tr,obl,,
284,kaotama_1 Arg0 (kaotaja),kaotama,,1,,nsubj,,
284,kaotama_1 Arg1 (mille/milles),kaotama,,2,,obj,,
284,kaotama_1 Arg2 (milles),kaotama,,3,in,obl,,
285,kaotama_2 Arg0 (kaotaja),kaotama,,1,,nsubj,,
285,kaotama_2 Arg1 (mille/milles/millel),kaotama,,2,,obj,,
285,kaotama_2 Arg1 (mille/milles/millel),kaotama,,2,in,obl,,
285,kaotama_2 Arg1 (mille/milles/millel),kaotama,,2,ad,obl,,
285,kaotama_2 Arg2 (kellele),kaotama,,3,all,obl,,
286,kartma_1 Arg0 (kartja),kartma,,1,,nsubj,,
286,"kartma_1 Arg1 (keda, mida)",kartma,,2,,obj,,
286,"kartma_1 Arg1 (keda, mida)",kartma,,2,,ccomp,,
286,"kartma_1 Arg1 (keda, mida)",kartma,,2,,xcomp,,
286,kartma_1 Arg2 (obl_Gen->case pärast),kartma,,3,gen,obl,pärast,
287,üritama_1 Arg0 (üritaja),üritama,,1,,nsubj,,
287,üritama_1 Arg1 (mida teha/mida),üritama,,2,,xcomp,,
287,üritama_1 Arg1 (mida teha/mida),üritama,,2,,obj,,
288,saavutama_1 Arg0 (saavutaja),saavutama,,1,,nsubj,,
288,saavutama_1 Arg1 (tulemus),saavutama,,2,,obj,,
288,"saavutama_1 Arg2 (vahend, tegevus)",saavutama,,3,kom,obl,,
288,"saavutama_1 Arg2 (vahend, tegevus)",saavutama,,3,,advcl,,
288,"saavutama_1 Arg2 (vahend, tegevus)",saavutama,,3,gen,obl,tõttu,
289,mäletama_1 Arg0 (mäletaja),mäletama,,1,,nsubj,,
289,mäletama_1 Arg2 (millest),mäletama,,2,el,obl,,
290,"sisaldama_1 Arg0 (see, mis sisaldab)",sisaldama,,1,,nsubj,,
290,sisaldama_1 Arg1 (teema),sisaldama,,2,,obj,,
291,"kujutama_1 Arg0 (see, kes/mis kujutab)",kujutama,,1,,nsubj,,
291,kujutama_1 Arg1 (teema),kujutama,,2,,obj,,
292,"kujutama_2 Arg0 (see, mis kujutab)",kujutama,,1,,nsubj,,
292,kujutama_2 Arg1 (mida),kujutama,,2,,obj,,
292,kujutama_2 Arg2 (endast - püsiühend),kujutama,,3,el,obl,,
293,jätkama_1 Arg0 (jätkaja),jätkama,,1,,nsubj,,
293,jätkama_1 Arg1 (teema/tegevus),jätkama,,2,,obj,,
293,jätkama_1 Arg1 (teema/tegevus),jätkama,,2,,ccomp,,
293,jätkama_1 Arg2,jätkama,,3,el,obl,,
293,jätkama_1 Arg2,jätkama,,3,kom,obl,,
294,jooma_1 Arg0 (jooja),jooma,,1,,nsubj,,
294,jooma_1 Arg1 (patsient),jooma,,2,,obj,,
294,jooma_1 Arg2 (millest),jooma,,3,el,obl,,
295,unustama_1 Arg0 (unustaja),unustama,,1,,nsubj,,
295,unustama_1 Arg1 (teema),unustama,,2,,obj,,
295,unustama_1 Arg1 (teema),unustama,,2,,ccomp,,
296,paluma_1 Arg0 (paluja),paluma,,1,,nsubj,,
296,paluma_1 Arg1 (mida),paluma,,2,,obj,,
296,paluma_1 Arg1 (mida),paluma,,2,,ccomp,,
296,paluma_1 Arg1 (mida),paluma,,2,,xcomp,,
296,paluma_1 Arg2 (adressaat),paluma,,3,ad,obl,,
296,paluma_1 Arg2 (adressaat),paluma,,3,abl,obl,,
296,paluma_1 Arg2 (adressaat),paluma,,3,part,obl,,
296,paluma_1 Arg2 (adressaat),paluma,,3,,obj,,
297,rakendama_1 Arg0 (rakendaja),rakendama,,1,,nsubj,,
297,rakendama_1 Arg1 (mida),rakendama,,2,,obj,,
297,rakendama_1 Arg3 (adressaat),rakendama,,3,all,obl,,
297,rakendama_1 Arg3 (adressaat),rakendama,,3,ad,obl,,
297,rakendama_1 Arg3 (adressaat),rakendama,,3,gen,obl,kallal,
298,kaitsma_1 Arg0 (kaitsja),kaitsma,,1,,nsubj,,
298,"kaitsma_1 Arg1 (keda, mida)",kaitsma,,2,,obj,,
298,kaitsma_1 Arg2 (mille eest),kaitsma,,3,gen,obl,vastu,
298,kaitsma_1 Arg4 (obl_Com),kaitsma,,4,kom,obl,,
299,proovima_1 Arg0 (proovija),proovima,,1,,nsubj,,
299,proovima_1 Arg1 (mida/mida teha),proovima,,2,,obj,,
299,proovima_1 Arg1 (mida/mida teha),proovima,,2,,xcomp,,
300,kavatsema_1 Arg0 (kavatseja),kavatsema,,1,,nsubj,,
300,kavatsema_1 Arg1 (mida teha),kavatsema,,2,,xcomp,,
301,viitama_1 Arg0 (viitaja),viitama,,1,,nsubj,,
301,"viitama_1 Arg1 (millele, kellele)",viitama,,2,all,obl,,
301,"viitama_1 Arg1 (millele, kellele)",viitama,,2,,ccomp,,
302,avastama_1 Arg0 (avastaja),avastama,,1,,nsubj,,
302,avastama_1 Arg1 (teema),avastama,,2,,obj,,
302,avastama_1 Arg1 (teema),avastama,,2,,ccomp,,
302,avastama_1 Arg2 (kust),avastama,,3,el,obl,,
303,ületama_1 Arg0 (ületaja),ületama,,1,,nsubj,,
303,ületama_1 Arg1 (teema/koht),ületama,,2,,obj,,
304,ületama_2 Arg0 (ületaja),ületama,,1,,nsubj,,
304,ületama_2 Arg1 (teema ),ületama,,2,,obj,,
305,ületama_3 Arg0 (ületaja),ületama,,1,,nsubj,,
305,"ületama_3 Arg1 (mille, mida)",ületama,,2,,obj,,
306,valmistama_1 Arg0 (valmistaja),valmistama,,1,,nsubj,,
306,valmistama_1 Arg1 (tulemus),valmistama,,2,,obj,,
306,"valmistama_1 Arg2 (aine, materjal)",valmistama,,3,el,obl,,
306,valmistama_1 Arg3 (saaja),valmistama,,4,all,obl,,
306,valmistama_1 Arg4 (vahend),valmistama,,5,kom,obl,,
307,valmistama_2 Arg0 (valmistaja),valmistama,,1,,nsubj,,
307,valmistama_2 Arg1 (tunne vms),valmistama,,2,,obj,,
307,valmistama_2 Arg3 (adressaat),valmistama,,3,all,obl,,
308,laulma_1 Arg0 (laulja),laulma,,1,,nsubj,,
308,laulma_1 Arg1 (mida),laulma,,2,,obj,,
308,laulma_1 Arg2 (teema),laulma,,3,el,obl,,
308,laulma_1 Arg2 (teema),laulma,,3,,ccomp,,
308,laulma_1 Arg5,laulma,,4,el,obl,,
309,tabama_1 Arg0 (tabaja),tabama,,1,,nsubj,,
309,"tabama_1 Arg1 (keda, mida)",tabama,,2,,obj,,
310,käsitlema_1 Arg0 (käsitleja),käsitlema,,1,,nsubj,,
310,käsitlema_1 Arg1 (teema),käsitlema,,2,,obj,,
310,"käsitlema_1 Arg2 (millisena, millena)",käsitlema,,3,es,obl,,
310,"käsitlema_1 Arg2 (millisena, millena)",käsitlema,,3,,advcl,,
311,säilitama_1 Arg0 (säilitaja),säilitama,,1,,nsubj,,
311,säilitama_1 Arg1 (objekt/teema),säilitama,,2,,obj,,
311,säilitama_1 Arg2 (koht/seisund),säilitama,,3,in,obl,,
312,haarama_1 Arg0 (haaraja),haarama,,1,,nsubj,,
312,haarama_1 Arg1 (objekt),haarama,,2,,obj,,
312,haarama_1 Arg2 (millest),haarama,,3,el,obl,,
313,analüüsima_1 Arg0 (analüüsija),analüüsima,,1,,nsubj,,
313,analüüsima_1 Arg1 (teema),analüüsima,,2,,obj,,
313,analüüsima_1 Arg1 (teema),analüüsima,,2,,ccomp,,
314,tellima_1 Arg0 (tellija),tellima,,1,,nsubj,,
314,tellima_1 Arg1 (teema),tellima,,2,,obj,,
314,tellima_1 Arg2 (allikas/lähtekoht),tellima,,3,abl,obl,,
314,tellima_1 Arg2 (allikas/lähtekoht),tellima,,3,el,obl,,
314,tellima_1 Arg4 (saaja),tellima,,4,all,obl,,
314,tellima_1 ArgM,tellima,,5,,xcomp,,
314,tellima_1 ArgM,tellima,,5,tr,obl,,
314,tellima_1 ArgM,tellima,,5,gen,obl,tarvis,
315,võitlema_1 Arg0 (võitleja),võitlema,,1,,nsubj,,
316,ühendama_1 Arg0 (ühendaja),ühendama,,1,,nsubj,,
316,ühendama_1 Arg1 (objekt/teema),ühendama,,2,,obj,,
317,imestama_1 Arg0 (imestaja),imestama,,1,,nsubj,,
318,eelistama_1 Arg0 (eelistaja),eelistama,,1,,nsubj,,
318,eelistama_1 Arg1 (mida/mida teha),eelistama,,2,,obj,,
318,eelistama_1 Arg1 (mida/mida teha),eelistama,,2,,xcomp,,
318,"eelistama_1 Arg2 (kellele, millele)",eelistama,,3,all,obl,,
319,kulutama_1 Arg0 (kulutaja),kulutama,,1,,nsubj,,
319,kulutama_1 Arg1 (patsient),kulutama,,2,,obj,,
319,kulutama_1 Arg3 (milleks ja maks ),kulutama,,3,tr,obl,,
319,kulutama_1 Arg3 (milleks ja maks ),kulutama,,3,,advcl,,
320,armastama_1 Arg0 (armastaja),armastama,,1,,nsubj,,
320,"armastama_1 Arg1 (keda, mida/mida teha)",armastama,,2,,obj,,
320,"armastama_1 Arg1 (keda, mida/mida teha)",armastama,,2,,xcomp,,
321,eristama_1 Arg0 (eristaja),eristama,,1,,nsubj,,
321,eristama_1 Arg1 (teema),eristama,,2,,obj,,
321,eristama_1 Arg2 (millest eristatakse),eristama,,3,el,obl,,
322,sooritama_1 Arg0 (sooritaja),sooritama,,1,,nsubj,,
322,sooritama_1 Arg1 (patsient või teema?),sooritama,,2,,obj,,
323,puudutama_1 Arg0 (puudutaja),puudutama,,1,,nsubj,,
323,puudutama_1 Arg1 (teema),puudutama,,2,,obj,,
323,puudutama_1 Arg2 (vahend),puudutama,,3,kom,obl,,
324,andma_1 Arg0 (andja),andma,,1,,nsubj,,
324,andma_1 Arg1 (teema),andma,,2,,obj,,
325,"andma_2 Arg1 (kes, mis annab)",andma,,1,,nsubj,,
325,andma_2 Arg2 (saaja),andma,,2,all,obl,,
325,andma_2 Arg3 (mida teha),andma,,3,,xcomp,,
326,andma_3 Arg0 (andja),andma,,1,,nsubj,,
326,andma_3 Arg1 (mis antakse),andma,,2,,obj,,
326,andma_3 Arg2 (saaja),andma,,3,all,obl,,
326,andma_3 Arg3,andma,,4,el,obl,,
326,andma_3 Arg4,andma,,5,tr,obl,,
327,andma_4 Arg0 (andja),andma,,1,,nsubj,,
327,andma_4 Arg1 (mis antakse),andma,,2,,obj,,
327,andma_4 Arg2 (saaja),andma,,3,all,obl,,
328,andma_5 Arg0 (andja),andma,,1,,nsubj,,
328,andma_5 Arg1 (mis antakse),andma,,2,,obj,,
328,andma_5 Arg2 (saaja),andma,,3,all,obl,,
328,andma_5 Arg3 (teema),andma,,4,el,obl,,
328,andma_5 Arg4 (eesmärk),andma,,5,tr,obl,,
329,andma_6 Arg0 (andja),andma,,1,,nsubj,,
329,andma_6 Arg1 (löök),andma,,2,,obj,,
329,andma_6 Arg2 (adressaat),andma,,3,all,obl,,
330,andma_7 Arg0 (andja),andma,,1,,nsubj,,
330,andma_7 Arg1 (mis antakse),andma,,2,,obj,,
330,andma_7 Arg2 (saaja/adressaat),andma,,3,all,obl,,
331,andma_8 Arg0 (andja),andma,,1,,nsubj,,
331,andma_8 Arg1 (mille),andma,,2,,obj,,
331,andma_8 Arg2 (millele),andma,,3,all,obl,,
332,andma_9 Arg0,andma,,1,,nsubj,,
333,andma_10 Arg0,andma,,1,,nsubj,,
334,esinema_1 Arg0 (esineja),esinema,,1,,nsubj,,
334,esinema_1 Arg1 (kellele),esinema,,2,all,obl,,
334,esinema_1 Arg2 (esitus),esinema,,3,kom,obl,,
334,esinema_1 Arg3 (koht),esinema,,4,ad,obl,,
334,esinema_1 Arg3 (koht),esinema,,4,in,obl,,
334,esinema_1 Arg4 (aeg),esinema,,5,ad,obl,,
334,esinema_1 Arg4 (aeg),esinema,,5,,advmod,,
335,esinema_2 Arg0 (mis on olemas),esinema,,1,,nsubj,,
335,"esinema_2 Arg3 (kuidas, millena, mis kujul)",esinema,,2,,xcomp,,
335,"esinema_2 Arg3 (kuidas, millena, mis kujul)",esinema,,2,ad,obl,,
335,"esinema_2 Arg4 (sagedus, arvukus)",esinema,,3,ad,obl,,
335,"esinema_2 Arg4 (sagedus, arvukus)",esinema,,3,in,obl,,
335,"esinema_2 Arg4 (sagedus, arvukus)",esinema,,3,kom,obl,,
335,"esinema_2 Arg4 (sagedus, arvukus)",esinema,,3,,advmod,,
335,esinema_2 ArgM,esinema,,4,ad,obl,,
335,esinema_2 ArgM,esinema,,4,in,obl,,
336,esinema_3 Arg0 (esineja),esinema,,1,,nsubj,,
336,esinema_3 Arg1 (kellena),esinema,,2,es,obl,,
336,esinema_3 Arg1 (kellena),esinema,,2,,advcl,,
337,jätma_1 Arg0 (jätja),jätma,,1,,nsubj,,
337,jätma_1 Arg1 (objekt),jätma,,2,,obj,,
338,jätma_2 Arg0 (jätja),jätma,,1,,nsubj,,
338,jätma_2 Arg1 (objekt),jätma,,2,,obj,,
339,jätma_3 Arg0 (jätja),jätma,,1,,nsubj,,
339,jätma_3 Arg1 (objekt),jätma,,2,,obj,,
340,jätma_4 Arg0 (jätja),jätma,,1,,nsubj,,
340,jätma_4 Arg1 (objekt),jätma,,2,,obj,,
341,jätma_5 Arg0 (jätja),jätma,,1,,nsubj,,
341,jätma_5 Arg1 (objekt),jätma,,2,,obj,,
342,jätma_7 Arg0,jätma,,1,,nsubj,,
342,jätma_7 Arg1 (objekt),jätma,,2,,obj,,
343,jätma_8 Arg0,jätma,,1,,nsubj,,
343,jätma_8 Arg1 (objekt),jätma,,2,,obj,,
344,jätma_6 Arg0 (jätja),jätma,,1,,nsubj,,
344,jätma_6 Arg1 (objekt),jätma,,2,,obj,,
345,hindama_1 Arg0 (hindaja),hindama,,1,,nsubj,,
345,hindama_1 Arg1 (teema),hindama,,2,,obj,,
345,hindama_1 Arg1 (teema),hindama,,2,,ccomp,,
345,hindama_1 Arg1 (teema),hindama,,2,,xcomp,,
345,hindama_1 Arg3 (millega),hindama,,3,kom,obl,,
346,kirjeldama_1 Arg0 (kirjeldaja),kirjeldama,,1,,nsubj,,
346,kirjeldama_1 Arg1 (teema),kirjeldama,,2,,obj,,
346,kirjeldama_1 Arg1 (teema),kirjeldama,,2,,ccomp,,
346,"kirjeldama_1 Arg2 (kellena, kui kedagi)",kirjeldama,,3,es,obl,,
346,"kirjeldama_1 Arg2 (kellena, kui kedagi)",kirjeldama,,3,,advcl,,
347,avaldama_1 Arg0 (avaldaja),avaldama,,1,,nsubj,,
347,avaldama_1 Arg1 (teema),avaldama,,2,,obj,,
347,avaldama_1 Arg1 (teema),avaldama,,2,,ccomp,,
347,avaldama_1 Arg2 (adressaat),avaldama,,3,all,obl,,
348,avaldama_2 Arg0 (avaldaja),avaldama,,1,,nsubj,,
348,avaldama_2 Arg1 (mis avaldatakse),avaldama,,2,,obj,,
348,avaldama_2 Arg2 (koht),avaldama,,3,in,obl,,
349,suruma_1 Arg0 (suruja),suruma,,1,,nsubj,,
349,suruma_1 Arg1 (patsient),suruma,,2,,obj,,
350,helistama_1 Arg0 (helistaja),helistama,,1,,nsubj,,
350,helistama_1 Arg1 (objekt),helistama,,2,,obj,,
351,helistama_2 Arg0 (helistaja),helistama,,1,,nsubj,,
351,helistama_2 Arg2 (lähtekoht),helistama,,2,el,obl,,
351,helistama_2 Arg4 (adressaat),helistama,,3,all,obl,,
352,esindama_1 Arg0 (esindaja),esindama,,1,,nsubj,,
352,esindama_1 Arg1 (keda/mida),esindama,,2,,obj,,
353,segama_1 Arg0 (segaja),segama,,1,,nsubj,,
353,segama_1 Arg0 (segaja),segama,,1,,csubj,,
353,"segama_1 Arg1 (keda, mida)",segama,,2,,obj,,
354,segama_2 Arg0 (segaja),segama,,1,,nsubj,,
354,segama_2 Arg1 (keda (ennast),segama,,2,,obj,,
354,segama_2 Arg2 (millesse),segama,,3,ill,obl,,
355,segama_3 Arg0 (segaja),segama,,1,,nsubj,,
355,segama_3 Arg1 (aine/objekt),segama,,2,,obj,,
355,segama_3 Arg2 (vahend),segama,,3,kom,obl,,
356,segama_4 Arg0 (segaja),segama,,1,,nsubj,,
356,segama_4 Arg1 (aine),segama,,2,,obj,,
356,segama_4 Arg1 (aine),segama,,2,el,obl,,
356,segama_4 Arg3 (tulemus),segama,,3,part,obl,,
356,segama_4 Arg4 (saaja),segama,,4,all,obl,,
357,tutvustama_1 Arg0 (tutvustaja),tutvustama,,1,,nsubj,,
357,"tutvustama_1 Arg1 (mida, keda tutvustatakse)",tutvustama,,2,,obj,,
357,"tutvustama_1 Arg1 (mida, keda tutvustatakse)",tutvustama,,2,kom,obl,,
357,tutvustama_1 Arg2 ( saaja/adressaat),tutvustama,,3,,obj,,
357,tutvustama_1 Arg2 ( saaja/adressaat),tutvustama,,3,all,obl,,
358,varjama_1 Arg0 (varjaja),varjama,,1,,nsubj,,
358,"varjama_1 Arg1 (mida, keda)",varjama,,2,,obj,,
358,varjama_1 Arg3 (vahend),varjama,,3,kom,obl,,
359,tootma_1 Arg0 (tootja),tootma,,1,,nsubj,,
359,"tootma_1 Arg1 (mida, keda)",tootma,,2,,obj,,
360,osutama_1 Arg0 (osutaja),osutama,,1,,nsubj,,
360,osutama_1 Arg2 (vahend),osutama,,2,kom,obl,,
361,osutama_2 Arg0 (osutaja),osutama,,1,,nsubj,,
361,osutama_2 Arg1 (teema),osutama,,2,,obj,,
361,osutama_2 Arg1 (teema),osutama,,2,,ccomp,,
361,osutama_2 Arg2 (kellele),osutama,,3,all,obl,,
362,oletama_1 Arg0 (oletaja),oletama,,1,,nsubj,,
362,oletama_1 Arg1 (teema),oletama,,2,,obj,,
362,oletama_1 Arg1 (teema),oletama,,2,,ccomp,,
363,külastama_1 Arg0 (külastaja),külastama,,1,,nsubj,,
363,külastama_1 Arg1 (koht/adressaat),külastama,,2,,obj,,
364,keelama_1 Arg0 (keelaja),keelama,,1,,nsubj,,
364,keelama_1 Arg1 (keelatud asi/tegevus),keelama,,2,,obj,,
364,keelama_1 Arg1 (keelatud asi/tegevus),keelama,,2,,xcomp,,
364,keelama_1 Arg2 (adressaat),keelama,,3,ad,obl,,
365,ärkama_1 Arg0 (ärkaja),ärkama,,1,,nsubj,,
366,töötlema_1 Arg0 (töötleja),töötlema,,1,,nsubj,,
366,töötlema_1 Arg1 (patsient),töötlema,,2,,obj,,
366,töötlema_1 Arg2 (tulemus),töötlema,,3,,xcomp,,
367,murdma_1 Arg0 (murdja),murdma,,1,,nsubj,,
367,murdma_1 Arg1 (patsient),murdma,,2,,obj,,
367,murdma_1 Arg1 (patsient),murdma,,2,in,obl,,
367,"murdma_1 Arg2 (JAH tulemus - kas on Arg? pooleks, puruks)",murdma,,3,,advmod,,
368,lahendama_1 Arg0 (lahendaja),lahendama,,1,,nsubj,,
368,lahendama_1 Arg1 (teema),lahendama,,2,,obj,,
368,lahendama_1 Arg2 (vahend/viis),lahendama,,3,kom,obl,,
369,sõlmima_1 Arg0 (sõlmija),sõlmima,,1,,nsubj,,
369,sõlmima_1 Arg1 (objekt),sõlmima,,2,,obj,,
370,sõlmima_2 Arg0 (sõlmija),sõlmima,,1,,nsubj,,
370,sõlmima_2 Arg1 (mis sõlmitakse),sõlmima,,2,,obj,,
370,sõlmima_2 Arg2 (kellega),sõlmima,,3,kom,obl,,
371,tantsima_1 Arg0 (tantsija),tantsima,,1,,nsubj,,
371,tantsima_1 Arg1 (tants),tantsima,,2,,obj,,
371,tantsima_1 Arg2 (kellega),tantsima,,3,kom,obl,,
372,takistama_1 Arg0 (takistaja),takistama,,1,,nsubj,,
372,"takistama_1 Arg1 (tegevus või asi, mida takistatakse)",takistama,,2,,obj,,
372,"takistama_1 Arg1 (tegevus või asi, mida takistatakse)",takistama,,2,,xcomp,,
372,takistama_1 Arg2 (keda takistatakse),takistama,,3,,obj,,
372,takistama_1 Arg2 (keda takistatakse),takistama,,3,ad,obl,,
373,puhkama_1 Arg0 (puhkaja),puhkama,,1,,nsubj,,
373,puhkama_1 Arg1 (jalga),puhkama,,2,,obj,,
373,puhkama_1 Arg2 (koht),puhkama,,3,in,obl,,
373,puhkama_1 Arg2 (koht),puhkama,,3,ad,obl,,
374,"nautima_1 Arg0 (nautija, kogeja?)",nautima,,1,,nsubj,,
374,nautima_1 Arg1 (teema),nautima,,2,,obj,,
375,naeratama_1 Arg0 (naerataja),naeratama,,1,,nsubj,,
375,naeratama_1 Arg1 (naeratus (väga harv),naeratama,,2,,obj,,
375,naeratama_1 Arg2 (adressaat),naeratama,,3,all,obl,,
376,taotlema_1 Arg0 (taotleja),taotlema,,1,,nsubj,,
376,taotlema_1 Arg1 (teema),taotlema,,2,,obj,,
376,taotlema_1 Arg1 (teema),taotlema,,2,,ccomp,,
376,taotlema_1 Arg1 (teema),taotlema,,2,,xcomp,,
376,taotlema_1 Arg2 (allikas),taotlema,,3,abl,obl,,
376,taotlema_1 Arg2 (allikas),taotlema,,3,el,obl,,
376,taotlema_1 Arg3 (eesmärk),taotlema,,4,tr,obl,,
376,taotlema_1 Arg4 (saaja),taotlema,,5,all,obl,,
377,koostama_1 Arg0 (koostaja),koostama,,1,,nsubj,,
377,koostama_1 Arg1 (objekt),koostama,,2,,obj,,
378,asendama_1 Arg0 (asendaja),asendama,,1,,nsubj,,
378,asendama_1 Arg1 (objekt),asendama,,2,,obj,,
378,asendama_1 Arg2 (millega),asendama,,3,kom,obl,,
379,asendama_2 Arg0 (asendaja),asendama,,1,,nsubj,,
379,asendama_2 Arg1 (objekt),asendama,,2,,obj,,
380,välistama_1 Arg0 (välistaja),välistama,,1,,nsubj,,
380,välistama_1 Arg1 (teema),välistama,,2,,obj,,
380,välistama_1 Arg1 (teema),välistama,,2,,ccomp,,
381,piirama_1 Arg0 (piiraja),piirama,,1,,nsubj,,
381,piirama_1 Arg1 (teema),piirama,,2,,obj,,
381,piirama_1 Arg2 (millega),piirama,,3,kom,obl,,
382,muigama_1 Arg0 (muigaja),muigama,,1,,nsubj,,
382,muigama_1 Arg1,muigama,,2,,ccomp,,
383,vahendama_1 Arg0 (vahendaja),vahendama,,1,,nsubj,,
383,vahendama_1 Arg1 (teema),vahendama,,2,,obj,,
383,vahendama_1 Arg1 (teema),vahendama,,2,,ccomp,,
384,taipama_1 Arg0 (taipaja),taipama,,1,,nsubj,,
384,taipama_1 Arg1 (teema/mida teha),taipama,,2,,ccomp,,
384,taipama_1 Arg1 (teema/mida teha),taipama,,2,,obj,,
384,taipama_1 Arg1 (teema/mida teha),taipama,,2,,xcomp,,
385,omama_1 Arg0 (omaja),omama,,1,,nsubj,,
385,omama_1 Arg1 (teema),omama,,2,,obj,,
386,nõustuma_1 Arg0 (nõustuja),nõustuma,,1,,nsubj,,
386,nõustuma_1 Arg1 (mida tegema/millega),nõustuma,,2,,xcomp,,
386,nõustuma_1 Arg1 (mida tegema/millega),nõustuma,,2,kom,obl,,
387,kiitma_1 Arg0 (kiitja),kiitma,,1,,nsubj,,
387,kiitma_1 Arg1 (teema),kiitma,,2,,obj,,
388,häirima_1 Arg0 (häirija),häirima,,1,,nsubj,,
388,häirima_1 Arg0 (häirija),häirima,,1,,csubj,,
388,"häirima_1 Arg1 (keda, mida)",häirima,,2,,obj,,
389,süüdistama_1 Arg0 (süüdistaja),süüdistama,,1,,nsubj,,
389,"süüdistama_1 Arg1 (keda, mida)",süüdistama,,2,,obj,,
389,süüdistama_1 Arg2 (milles),süüdistama,,3,in,obl,,
389,süüdistama_1 Arg2 (milles),süüdistama,,3,,advcl,,
390,hoolitsema_1 Arg0 (hoolitseja),hoolitsema,,1,,nsubj,,
391,hingama_1 Arg0 (hingaja),hingama,,1,,nsubj,,
391,hingama_1 Arg1 (teema),hingama,,2,,obj,,
392,tähistama_1 Arg0 (tähistaja),tähistama,,1,,nsubj,,
392,tähistama_1 Arg1 (teema),tähistama,,2,,obj,,
392,tähistama_1 Arg2 (millega),tähistama,,3,kom,obl,,
393,neelama_1 Arg0 (neelaja),neelama,,1,,nsubj,,
393,neelama_1 Arg1 (patsient),neelama,,2,,obj,,
394,munema_1 Arg0 (muneja),munema,,1,,nsubj,,
394,munema_1 Arg1 (muna),munema,,2,,obj,,
395,kindlustama_1 Arg0 (kindlustaja),kindlustama,,1,,nsubj,,
395,kindlustama_1 Arg1 (teema),kindlustama,,2,,obj,,
395,kindlustama_1 Arg2 (saaja),kindlustama,,3,all,obl,,
396,alistama_1 Arg0 (alistaja),alistama,,1,,nsubj,,
396,alistama_1 Arg1 (kelle (kaotaja),alistama,,2,,obj,,
396,"alistama_1 Arg2 (võistlus, st koht)",alistama,,3,in,obl,,
396,"alistama_1 Arg2 (võistlus, st koht)",alistama,,3,ad,obl,,
397,toimetama_1 Arg0 (toimetaja),toimetama,,1,,nsubj,,
397,toimetama_1 Arg1 (teema),toimetama,,2,,obj,,
398,toimetama_2 Arg0 (toimetaja),toimetama,,1,,nsubj,,
398,toimetama_2 Arg1 (teema),toimetama,,2,,obj,,
398,toimetama_2 Arg3 (lähtekoht),toimetama,,3,el,obl,,
399,toimetama_3 Arg0 (toimetaja),toimetama,,1,,nsubj,,
399,toimetama_3 Arg1 (teema),toimetama,,2,,obj,,
400,taastama_1 Arg0 (taastaja),taastama,,1,,nsubj,,
400,taastama_1 Arg1 (patsient),taastama,,2,,obj,,
400,taastama_1 Arg2 (tulemus),taastama,,3,,xcomp,,
401,pühendama_1 Arg0 (pühendaja),pühendama,,1,,nsubj,,
401,pühendama_1 Arg1 (teema),pühendama,,2,,obj,,
401,pühendama_1 Arg2 (kellele/millele),pühendama,,3,all,obl,,
402,kohtama_1 Arg0 (kohtaja),kohtama,,1,,nsubj,,
402,kohtama_1 Arg1 (teema),kohtama,,2,,obj,,
403,hävitama_1 Arg0 (hävitaja),hävitama,,1,,nsubj,,
403,hävitama_1 Arg1 (patsient),hävitama,,2,,obj,,
404,eemaldama_1 Arg0 (eemaldaja),eemaldama,,1,,nsubj,,
404,eemaldama_1 Arg1 (teema),eemaldama,,2,,obj,,
405,varustama_1 Arg0 (varustaja),varustama,,1,,nsubj,,
405,varustama_1 Arg1 (omaja?/adressaat),varustama,,2,,obj,,
405,varustama_1 Arg2 (millega),varustama,,3,kom,obl,,
406,salvestama_1 Arg0 (salvestaja),salvestama,,1,,nsubj,,
406,salvestama_1 Arg1 (teema),salvestama,,2,,obj,,
407,ründama_1 Arg0 (ründaja),ründama,,1,,nsubj,,
407,ründama_1 Arg1 (patsient),ründama,,2,,obj,,
408,peitma_1 Arg0 (peitja),peitma,,1,,nsubj,,
408,peitma_1 Arg1 (teema),peitma,,2,,obj,,
409,nokkima_1 Arg0 (nokkija),nokkima,,1,,nsubj,,
409,"nokkima_1 Arg1 (mida, keda)",nokkima,,2,,obj,,
410,korjama_1 Arg0 (korjaja),korjama,,1,,nsubj,,
410,korjama_1 Arg1 (objekt),korjama,,2,,obj,,
411,arvutama_1 Arg0 (arvutaja),arvutama,,1,,nsubj,,
411,arvutama_1 Arg1 (teema),arvutama,,2,,obj,,
411,arvutama_1 Arg1 (teema),arvutama,,2,,ccomp,,
412,arutama_1 Arg0 (arutaja),arutama,,1,,nsubj,,
413,arutlema_1 Arg0 (arutleja),arutlema,,1,,nsubj,,
414,arvestama_1 Arg0 (arvestaja),arvestama,,1,,nsubj,,
414,arvestama_1 Arg1 (teema),arvestama,,2,,obj,,
414,arvestama_1 Arg1 (teema),arvestama,,2,,ccomp,,
414,arvestama_1 Arg1 (teema),arvestama,,2,kom,obl,,
415,arvestama_2 Arg0 (arvestaja),arvestama,,1,,nsubj,,
415,arvestama_2 Arg1 (teema),arvestama,,2,,obj,,
416,astuma_1 Arg0 (astuja),astuma,,1,,nsubj,,
416,astuma_1 Arg1 (samm),astuma,,2,,obj,,
416,astuma_1 Arg3 (kuhu),astuma,,3,el,obl,,
416,astuma_1 Arg3 (kuhu),astuma,,3,abl,obl,,
417,eeldama_1 Arg0 (eeldaja),eeldama,,1,,nsubj,,
417,eeldama_1 Arg1 (teema),eeldama,,2,,obj,,
417,eeldama_1 Arg1 (teema),eeldama,,2,,ccomp,,
417,eeldama_1 Arg1 (teema),eeldama,,2,,xcomp,,
417,"eeldama_1 Arg2 (kellelt, millelt)",eeldama,,3,abl,obl,,
418,ennustama_1 Arg0 (ennustaja),ennustama,,1,,nsubj,,
418,ennustama_1 Arg1 (teema),ennustama,,2,,obj,,
418,ennustama_1 Arg1 (teema),ennustama,,2,,ccomp,,
418,ennustama_1 Arg2 (adressaat),ennustama,,3,all,obl,,
419,huvitama_1 Arg0 (mis huvitab),huvitama,,1,,nsubj,,
419,huvitama_1 Arg0 (mis huvitab),huvitama,,1,,csubj,,
419,huvitama_1 Arg1 (keda huvitab),huvitama,,2,,obj,,
420,investeerima_1 Arg0 (investeerija),investeerima,,1,,nsubj,,
421,iseloomustama_1 Arg0 (iseloomustaja),iseloomustama,,1,,nsubj,,
421,iseloomustama_1 Arg1 (teema),iseloomustama,,2,,obj,,
421,"iseloomustama_1 Arg2 (kuidas, kellena)",iseloomustama,,3,,advcl,,
422,julgema_1 Arg0 (kes julgeb),julgema,,1,,nsubj,,
422,julgema_1 Arg1 (mida teha),julgema,,2,,xcomp,,
423,"järgnema_1 Arg0 (kes, mis järgneb)",järgnema,,1,,nsubj,,
423,järgnema_1 Arg1 (millele),järgnema,,2,all,obl,,
423,järgnema_1 Arg1 (millele),järgnema,,2,el,obl,,
424,kaaluma_1 Arg0 (kaaluja),kaaluma,,1,,nsubj,,
424,kaaluma_1 Arg1 (teema),kaaluma,,2,,obj,,
425,kaaluma_2 Arg1 (mis kaalub),kaaluma,,1,,nsubj,,
426,kaaluma_3 Arg0 (kaaluja),kaaluma,,1,,nsubj,,
426,kaaluma_3 Arg1 (teema),kaaluma,,2,,obj,,
426,kaaluma_3 Arg1 (teema),kaaluma,,2,,ccomp,,
427,kaasama_1 Arg0 (kaasaja),kaasama,,1,,nsubj,,
427,kaasama_1 Arg1 (teema),kaasama,,2,,obj,,
428,kannatama_1 Arg0 (kannataja),kannatama,,1,,nsubj,,
429,kannatama_2 Arg1 (kes/mis kannatab),kannatama,,1,,nsubj,,
430,keelduma_1 Arg0 (keelduja),keelduma,,1,,nsubj,,
430,keelduma_1 Arg1 (millest),keelduma,,2,el,obl,,
430,keelduma_1 Arg1 (millest),keelduma,,2,,xcomp,,
431,keskenduma_1 Arg1 (kes/mis keskendub),keskenduma,,1,,nsubj,,
431,keskenduma_1 Arg2 (millele),keskenduma,,2,all,obl,,
432,kestma_1 Arg1 (mis kestab),kestma,,1,,nsubj,,
433,kippuma_1 Arg0 (kippuja),kippuma,,1,,nsubj,,
433,kippuma_1 ArgM,kippuma,,2,,xcomp,,
434,koguma_1 Arg0 (koguja),koguma,,1,,nsubj,,
434,koguma_1 Arg1 (teema),koguma,,2,,obj,,
435,kohtuma_1 Arg0 (kohtuja),kohtuma,,1,,nsubj,,
435,kohtuma_1 Arg1 (kellega),kohtuma,,2,kom,obl,,
436,kommenteerima_1 Arg0 (kommenteerija),kommenteerima,,1,,nsubj,,
436,kommenteerima_1 Arg1 (teema),kommenteerima,,2,,obj,,
436,kommenteerima_1 Arg1 (teema),kommenteerima,,2,,ccomp,,
437,"käituma_1 Arg0 (kes, mis käitub)",käituma,,1,,nsubj,,
437,käituma_1 Arg1 (kuidas),käituma,,2,,advmod,,
437,käituma_1 Arg1 (kuidas),käituma,,2,,advcl,,
437,käituma_1 Arg1 (kuidas),käituma,,2,kom,obl,,
437,käituma_1 Arg2 (millega),käituma,,3,kom,obl,,
438,leppima_1 Arg0 (kes lepib),leppima,,1,,nsubj,,
438,leppima_1 Arg1 (millega),leppima,,2,kom,obl,,
438,leppima_1 Arg1 (millega),leppima,,2,,ccomp,,
439,loobuma_1 Arg0 (loobuja),loobuma,,1,,nsubj,,
439,loobuma_1 Arg1 (millest),loobuma,,2,el,obl,,
440,lootma_1 Arg0 (lootja),lootma,,1,,nsubj,,
440,lootma_1 Arg1 (teema),lootma,,2,,obj,,
440,lootma_1 Arg1 (teema),lootma,,2,,ccomp,,
440,lootma_1 Arg1 (teema),lootma,,2,,xcomp,,
441,lähtuma_1 Arg0 (lähtuja),lähtuma,,1,,nsubj,,
441,lähtuma_1 Arg1 (teema),lähtuma,,2,el,obl,,
441,lähtuma_1 Arg1 (teema),lähtuma,,2,abl,obl,,
442,magama_1 Arg0 (magaja),magama,,1,,nsubj,,
442,magama_1 Arg1 (uni),magama,,2,,obj,,
442,magama_1 Arg2 (koht),magama,,3,in,obl,,
442,magama_1 Arg2 (koht),magama,,3,ad,obl,,
443,magama_2 Arg0 (magaja),magama,,1,,nsubj,,
443,magama_2 Arg1 (kellega),magama,,2,kom,obl,,
444,meeldima_1 Arg1 (mis meeldib),meeldima,,1,,nsubj,,
444,meeldima_1 Arg1 (mis meeldib),meeldima,,1,,csubj,,
444,meeldima_1 Arg2 (kogeja),meeldima,,2,all,obl,,
445,mõistma_1 Arg0 (mõistja),mõistma,,1,,nsubj,,
445,mõistma_1 Arg1 (teema),mõistma,,2,,obj,,
445,mõistma_1 Arg1 (teema),mõistma,,2,,ccomp,,
445,mõistma_1 Arg1 (teema),mõistma,,2,,xcomp,,
446,mõistma_2 Arg0 (mõistja),mõistma,,1,,nsubj,,
446,mõistma_2 Arg1 (karistus/otsus),mõistma,,2,,obj,,
446,mõistma_2 Arg1 (karistus/otsus),mõistma,,2,all,obl,,
446,mõistma_2 Arg1 (karistus/otsus),mõistma,,2,,xcomp,,
446,mõistma_2 Arg1 (karistus/otsus),mõistma,,2,,advmod,,
446,mõistma_2 Arg3 (kellena),mõistma,,3,es,obl,,
447,naerma_1 Arg0 (naerja),naerma,,1,,nsubj,,
448,omandama_1 Arg0 (omandaja),omandama,,1,,nsubj,,
448,omandama_1 Arg1 (teema),omandama,,2,,obj,,
449,osalema_1 Arg0 (osaleja),osalema,,1,,nsubj,,
449,osalema_1 Arg1 (kus/tegevus),osalema,,2,ad,obl,,
449,osalema_1 Arg1 (kus/tegevus),osalema,,2,in,obl,,
450,paistma_1 Arg1 (mis paistab),paistma,,1,,nsubj,,
451,paistma_2 Arg1 (mis paistab),paistma,,1,,nsubj,,
451,paistma_2 Arg3 (kellest paistab),paistma,,2,el,obl,,
451,paistma_2 Arg4 (kuidas paistab),paistma,,3,,advmod,,
452,paistma_3 Arg1 (mis paistab),paistma,,1,,nsubj,,
452,"paistma_3 Arg2 (milline, millisena paistab)",paistma,,2,,xcomp,,
452,"paistma_3 Arg2 (milline, millisena paistab)",paistma,,2,,advmod,,
452,"paistma_3 Arg2 (milline, millisena paistab)",paistma,,2,,advcl,,
452,"paistma_3 Arg2 (milline, millisena paistab)",paistma,,2,in,obl,,
452,paistma_3 Arg3 (kellele paistab),paistma,,3,all,obl,,
453,paistma_4 Arg1,paistma,,1,,nsubj,,
454,paistma_5 Arg1,paistma,,1,,nsubj,,
455,pingutama_1 Arg0 (pingutaja),pingutama,,1,,nsubj,,
455,pingutama_1 Arg1 (patsient),pingutama,,2,,obj,,
456,pingutama_2 Arg0 (pingutaja),pingutama,,1,,nsubj,,
456,pingutama_2 Arg1 (end),pingutama,,2,,obj,,
457,pruukima_1 Arg1 (mis ei pruugi),pruukima,,1,,nsubj,,
457,pruukima_1 Arg2 (mida teha),pruukima,,2,,xcomp,,
457,"pruukima_1 Arg3 (kellel, millel)",pruukima,,3,ad,obl,,
458,pruukima_2 Arg0 (pruukija),pruukima,,1,,nsubj,,
458,pruukima_2 Arg1 (mida),pruukima,,2,,obj,,
459,puutuma_1 Arg0 (puutuja),puutuma,,1,,nsubj,,
460,puutuma_2 Arg1 (mis puutub),puutuma,,1,,nsubj,,
461,pääsema_1 Arg0,pääsema,,1,,nsubj,,
461,pääsema_1 Arg5,pääsema,,2,,xcomp,,
462,pääsema_2 Arg0 (pääseja),pääsema,,1,,nsubj,,
463,pöörduma_1 Arg1 (mis pöördub),pöörduma,,1,,nsubj,,
463,pöörduma_1 Arg3 (tulemus),pöörduma,,2,,xcomp,,
464,pöörduma_2 Arg0 (pöörduja),pöörduma,,1,,nsubj,,
465,püsima_1 Arg1 (mis püsib),püsima,,1,,nsubj,,
466,suhtlema_1 Arg0 (suhtleja),suhtlema,,1,,nsubj,,
466,suhtlema_1 Arg1 (adressaat),suhtlema,,2,kom,obl,,
467,suhtuma_1 Arg0 (suhtuja),suhtuma,,1,,nsubj,,
468,suunama_1 Arg0 (suunaja),suunama,,1,,nsubj,,
468,suunama_1 Arg1 (teema),suunama,,2,,obj,,
468,suunama_1 ArgM,suunama,,3,,xcomp,,
468,suunama_1 ArgM,suunama,,3,tr,obl,,
468,suunama_1 ArgM,suunama,,3,all,obl,,
469,süvenema_1 Arg0 (süveneja),süvenema,,1,,nsubj,,
470,süvenema_2 Arg1 (mis süveneb),süvenema,,1,,nsubj,,
471,tagama_1 Arg0 (tagaja),tagama,,1,,nsubj,,
471,tagama_1 Arg1 (teema),tagama,,2,,obj,,
471,tagama_1 Arg1 (teema),tagama,,2,,ccomp,,
471,tagama_1 Arg2 (saaja),tagama,,3,all,obl,,
472,tasuma_1 Arg0 (tasuja),tasuma,,1,,nsubj,,
472,tasuma_1 Arg1 (mida),tasuma,,2,,obj,,
472,tasuma_1 Arg2 (saaja),tasuma,,3,all,obl,,
472,tasuma_1 Arg4 (millega),tasuma,,4,kom,obl,,
473,"tasuma_2 Arg1 (see, mida tasub teha)",tasuma,,1,,csubj,,
473,tasuma_2 Arg2 (adressaat/tegija?),tasuma,,2,ad,obl,,
474,tegutsema_1 Arg0 (tegutseja),tegutsema,,1,,nsubj,,
474,tegutsema_1 Arg2 (kellena),tegutsema,,2,es,obl,,
475,"tingima_1 Arg0 (see, mis tingib)",tingima,,1,,nsubj,,
475,tingima_1 Arg1 (mille),tingima,,2,,obj,,
475,tingima_1 Arg1 (mille),tingima,,2,,ccomp,,
476,toetuma_1 Arg0 (toetuja),toetuma,,1,,nsubj,,
476,toetuma_1 Arg1 (millele),toetuma,,2,all,obl,,
477,"toimima_1 Arg1 (see, mis toimib)",toimima,,1,,nsubj,,
477,"toimima_1 Arg3 (kuidas, millena, nagu mis)",toimima,,2,ad,obl,,
477,"toimima_1 Arg3 (kuidas, millena, nagu mis)",toimima,,2,kom,obl,,
477,"toimima_1 Arg3 (kuidas, millena, nagu mis)",toimima,,2,,xcomp,,
477,"toimima_1 Arg3 (kuidas, millena, nagu mis)",toimima,,2,,advmod,,
477,"toimima_1 Arg3 (kuidas, millena, nagu mis)",toimima,,2,,advcl,,
478,"tuginema_1 Arg1 (see, mis tugineb)",tuginema,,1,,nsubj,,
478,tuginema_1 Arg2 (millele/millel),tuginema,,2,all,obl,,
478,tuginema_1 Arg2 (millele/millel),tuginema,,2,ad,obl,,
479,tuletama_1 Arg0 (tuletaja),tuletama,,1,,nsubj,,
479,tuletama_1 Arg1 (mille),tuletama,,2,,obj,,
479,"tuletama_1 Arg2 (adressaat, st kellele meelde tuletatakse)",tuletama,,3,all,obl,,
479,tuletama_1 Arg3 (meelde),tuletama,,4,ill,obl,,
480,tutvuma_1 Arg0 (tutvuja),tutvuma,,1,,nsubj,,
480,tutvuma_1 Arg1 (teema),tutvuma,,2,kom,obl,,
481,valdama_1 Arg0 (valdaja),valdama,,1,,nsubj,,
481,valdama_1 Arg1 (teema),valdama,,2,,obj,,
482,valdama_2 Arg1 (mis valdab),valdama,,1,,nsubj,,
482,valdama_2 Arg2 (keda),valdama,,2,,obj,,
483,veenduma_1 Arg0 (veenduja),veenduma,,1,,nsubj,,
483,veenduma_1 Arg1 (teema),veenduma,,2,,ccomp,,
483,veenduma_1 Arg1 (teema),veenduma,,2,in,obl,,
484,viitsima_1 Arg0 (viitsija),viitsima,,1,,nsubj,,
484,viitsima_1 Arg1 (mida teha),viitsima,,2,,xcomp,,
485,viskuma_1 Arg0 (viskuja),viskuma,,1,,nsubj,,
485,viskuma_1 Arg1 (asend),viskuma,,2,,advmod,,
486,vältima_1 Arg0 (vältija),vältima,,1,,nsubj,,
486,vältima_1 Arg1 (mida),vältima,,2,,obj,,
487,algatama_1 Arg0 (algataja),algatama,,1,,nsubj,,
487,algatama_1 Arg1 (teema),algatama,,2,,obj,,
488,asutama_1 Arg0 (asutaja),asutama,,1,,nsubj,,
488,asutama_1 Arg1 (mille),asutama,,2,,obj,,
489,domineerima_1 Arg0 (domineerija),domineerima,,1,,nsubj,,
490,eksima_1 Arg0 (eksija),eksima,,1,,nsubj,,
490,eksima_1 Arg1 (koht),eksima,,2,ill,obl,,
491,eksima_2 Arg0 (eksija),eksima,,1,,nsubj,,
491,eksima_2 Arg1 (teema),eksima,,2,in,obl,,
491,eksima_2 Arg1 (teema),eksima,,2,kom,obl,,
492,eraldama_1 Arg0 (eraldaja),eraldama,,1,,nsubj,,
492,eraldama_1 Arg1 (teema),eraldama,,2,,obj,,
492,eraldama_1 Arg2 (millest eraldatud),eraldama,,3,el,obl,,
492,eraldama_1 Arg3 (vahend),eraldama,,4,kom,obl,,
493,eraldama_2 Arg0 (eraldaja),eraldama,,1,,nsubj,,
493,eraldama_2 Arg1 (teema),eraldama,,2,,obj,,
493,eraldama_2 Arg2 (allikas),eraldama,,3,el,obl,,
493,eraldama_2 Arg3 (eesmärk),eraldama,,4,tr,obl,,
493,eraldama_2 Arg4 (saaja),eraldama,,5,all,obl,,
494,eraldama_3 Arg0 (eraldaja),eraldama,,1,,nsubj,,
494,eraldama_3 Arg1 (teema),eraldama,,2,,ccomp,,
495,hankima_1 Arg0 (hankija),hankima,,1,,nsubj,,
495,hankima_1 Arg1 (teema),hankima,,2,,obj,,
495,hankima_1 Arg1 (teema),hankima,,2,,xcomp,,
495,hankima_1 Arg2 (saaja),hankima,,3,all,obl,,
496,harjutama_1 Arg0 (harjutaja),harjutama,,1,,nsubj,,
496,harjutama_1 Arg1 (teema),harjutama,,2,,obj,,
497,hoolima_1 Arg0 (hoolija),hoolima,,1,,nsubj,,
497,hoolima_1 Arg1 (teema),hoolima,,2,el,obl,,
497,hoolima_1 Arg1 (teema),hoolima,,2,,ccomp,,
498,hõivama_1 Arg0 (hõivaja),hõivama,,1,,nsubj,,
498,hõivama_1 Arg1 (mille),hõivama,,2,,obj,,
499,"jääma_1 Arg1 (see, mis jääb)",jääma,,1,,nsubj,,
499,jääma_1 Arg2 (vist ei ole),jääma,,2,el,obl,,
499,jääma_1 Arg4 (saaja),jääma,,3,all,obl,,
499,jääma_1 Arg5,jääma,,4,,xcomp,,
500,"jääma_2 Arg1 (see, mis jääb)",jääma,,1,,nsubj,,
500,jääma_2 Arg2,jääma,,2,el,obl,,
500,jääma_2 Arg4 (saaja),jääma,,3,all,obl,,
500,jääma_2 Arg5,jääma,,4,,xcomp,,
501,"jääma_3 Arg1 (see, mis jääb)",jääma,,1,,nsubj,,
501,jääma_3 Arg2,jääma,,2,el,obl,,
501,jääma_3 Arg5,jääma,,3,,xcomp,,
502,"jääma_4 Arg1 (see, mis jääb)",jääma,,1,,nsubj,,
502,jääma_4 Arg2,jääma,,2,el,obl,,
503,"jääma_5 Arg1 (see, mis jääb)",jääma,,1,,nsubj,,
503,jääma_5 Arg2,jääma,,2,el,obl,,
504,"jääma_6 Arg1 (see, mis jääb)",jääma,,1,,nsubj,,
504,jääma_6 Arg2,jääma,,2,el,obl,,
505,jääma_7 Arg2,jääma,,1,el,obl,,
505,jääma_7 Arg5,jääma,,2,,xcomp,,
506,kahtlema_1 Arg0 (kahtleja),kahtlema,,1,,nsubj,,
506,kahtlema_1 Arg1 (milles/mida teha),kahtlema,,2,in,obl,,
506,kahtlema_1 Arg1 (milles/mida teha),kahtlema,,2,,ccomp,,
506,kahtlema_1 Arg1 (milles/mida teha),kahtlema,,2,,xcomp,,
507,kahtlustama_1 Arg0 (kahtlustaja),kahtlustama,,1,,nsubj,,
507,kahtlustama_1 Arg1 (keda),kahtlustama,,2,,obj,,
507,kahtlustama_1 Arg2 (milles),kahtlustama,,3,in,obl,,
508,kargama_1 Arg0 (kargaja),kargama,,1,,nsubj,,
508,kargama_1 Arg2 (lähtekoht),kargama,,2,el,obl,,
509,kargama_2 Arg0 (kargaja),kargama,,1,,nsubj,,
509,kargama_2 Arg1 (keda),kargama,,2,,obj,,
510,kiskuma_1 Arg0 (kiskuja),kiskuma,,1,,nsubj,,
510,kiskuma_1 Arg1 (patsient),kiskuma,,2,,obj,,
510,kiskuma_1 Arg2 (sihtolukord),kiskuma,,3,,xcomp,,
510,kiskuma_1 Arg2 (sihtolukord),kiskuma,,3,,advmod,,
511,koondama_1 Arg0 (koondaja),koondama,,1,,nsubj,,
511,koondama_1 Arg1 (teema),koondama,,2,,obj,,
512,koondama_2 Arg0 (koondaja),koondama,,1,,nsubj,,
512,koondama_2 Arg1 (teema),koondama,,2,,obj,,
513,"koonduma_1 Arg1 (see, mis koondub)",koonduma,,1,,nsubj,,
514,kordama_1 Arg0 (kordaja),kordama,,1,,nsubj,,
514,kordama_1 Arg1 (teema),kordama,,2,,obj,,
514,kordama_1 Arg1 (teema),kordama,,2,,ccomp,,
515,kujundama_1 Arg0 (kujundaja),kujundama,,1,,nsubj,,
515,kujundama_1 Arg1 (tulemus),kujundama,,2,,obj,,
515,kujundama_1 Arg2 (lähteolukord/objekt),kujundama,,3,el,obl,,
516,kujundama_2 Arg0 (kujundaja),kujundama,,1,,nsubj,,
516,kujundama_2 Arg1 (patsient),kujundama,,2,,obj,,
517,käivitama_1 Arg0 (käivitaja),käivitama,,1,,nsubj,,
517,käivitama_1 Arg1 (patsient),käivitama,,2,,obj,,
518,käskima_1 Arg0 (käskija),käskima,,1,,nsubj,,
518,käskima_1 Arg1 (teema),käskima,,2,,ccomp,,
518,käskima_1 Arg1 (teema),käskima,,2,,xcomp,,
518,käskima_1 Arg2 (adressaat),käskima,,3,ad,obl,,
518,käskima_1 Arg2 (adressaat),käskima,,3,,obj,,
519,liituma_1 Arg0 (liituja),liituma,,1,,nsubj,,
519,"liituma_1 Arg1 (kellega, millega)",liituma,,2,kom,obl,,
520,liituma_2 Arg1 (mis liitub),liituma,,1,,nsubj,,
520,liituma_2 Arg2 (millele),liituma,,2,all,obl,,
521,lõhkuma_1 Arg0 (lõhkuja),lõhkuma,,1,,nsubj,,
521,lõhkuma_1 Arg1 (patsient),lõhkuma,,2,,obj,,
522,maalima_1 Arg0 (maalija),maalima,,1,,nsubj,,
522,maalima_1 Arg1 (teema/objekt),maalima,,2,,obj,,
523,matma_1 Arg0 (matja),matma,,1,,nsubj,,
523,matma_1 Arg1 (patsient),matma,,2,,obj,,
524,meelitama_1 Arg0 (meelitaja),meelitama,,1,,nsubj,,
524,meelitama_1 Arg1 (keda),meelitama,,2,,obj,,
524,meelitama_1 Arg2 (sihtkoht/tegevus),meelitama,,3,all,obl,,
524,meelitama_1 Arg3 (mida tegema),meelitama,,4,,xcomp,,
525,muretsema_1 Arg0 (muretseja),muretsema,,1,,nsubj,,
526,muretsema_2 Arg0 (muretseja),muretsema,,1,,nsubj,,
527,muretsema_3 Arg0 (muretseja),muretsema,,1,,nsubj,,
527,muretsema_3 Arg1 (teema),muretsema,,2,,obj,,
527,muretsema_3 Arg2 (saaja),muretsema,,3,all,obl,,
528,nutma_1 Arg0 (nutja),nutma,,1,,nsubj,,
528,nutma_1 Arg1 (patsient),nutma,,2,,obj,,
528,nutma_1 Arg2 (tulemus),nutma,,3,,xcomp,,
529,peegeldama_1 Arg0 (peegeldaja),peegeldama,,1,,nsubj,,
529,peegeldama_1 Arg1 (teema),peegeldama,,2,,obj,,
530,pesema_1 Arg0 (pesija),pesema,,1,,nsubj,,
530,pesema_1 Arg1 (patsient),pesema,,2,,obj,,
530,pesema_1 Arg2 (tulemus),pesema,,3,,xcomp,,
531,pidurdama_1 Arg0 (pidurdaja),pidurdama,,1,,nsubj,,
531,pidurdama_1 Arg1 (teema),pidurdama,,2,,obj,,
532,pildistama_1 Arg0 (pildistaja),pildistama,,1,,nsubj,,
532,pildistama_1 Arg1 (teema),pildistama,,2,,obj,,
533,plaanima_1 Arg0 (plaanija),plaanima,,1,,nsubj,,
533,plaanima_1 Arg1 (teema/tegevus),plaanima,,2,,obj,,
533,plaanima_1 Arg1 (teema/tegevus),plaanima,,2,,xcomp,,
534,puhuma_1 Arg0 (puhuja),puhuma,,1,,nsubj,,
534,puhuma_1 Arg1 (teema),puhuma,,2,,obj,,
534,puhuma_1 Arg2 (tulemus),puhuma,,3,,xcomp,,
534,puhuma_1 Arg2 (tulemus),puhuma,,3,all,obl,,
535,puhuma_2 Arg1 (tuul),puhuma,,1,,nsubj,,
536,põhjendama_1 Arg0 (põhjendaja),põhjendama,,1,,nsubj,,
536,põhjendama_1 Arg1 (teema),põhjendama,,2,,obj,,
536,põhjendama_1 Arg1 (teema),põhjendama,,2,,advcl,,
536,põhjendama_1 Arg2 (millega),põhjendama,,3,kom,obl,,
537,päästma_1 Arg0 (päästja),päästma,,1,,nsubj,,
537,päästma_1 Arg1 (patsient),päästma,,2,,obj,,
538,rahuldama_1 Arg0 (rahuldaja),rahuldama,,1,,nsubj,,
538,"rahuldama_1 Arg1 (mida, keda)",rahuldama,,2,,obj,,
539,ravima_1 Arg0 (ravija),ravima,,1,,nsubj,,
539,ravima_1 Arg1 (patsient/haigus),ravima,,2,,obj,,
539,ravima_1 Arg2 (vahend),ravima,,3,kom,obl,,
539,ravima_1 Arg3 (tulemus),ravima,,4,,xcomp,,
540,reageerima_1 Arg0 (reageerija),reageerima,,1,,nsubj,,
540,reageerima_1 Arg1 (millele),reageerima,,2,all,obl,,
541,rebima_1 Arg0 (rebija),rebima,,1,,nsubj,,
541,rebima_1 Arg1 (patsient),rebima,,2,,obj,,
541,"rebima_1 Arg2 (millest, kust, kellelt)",rebima,,3,el,obl,,
541,"rebima_1 Arg2 (millest, kust, kellelt)",rebima,,3,abl,obl,,
541,rebima_1 Arg3 (tulemus),rebima,,4,,xcomp,,
542,rõõmustama_1 Arg0 (rõõmustaja),rõõmustama,,1,,nsubj,,
543,seostama_1 Arg0 (seostaja),seostama,,1,,nsubj,,
543,seostama_1 Arg1 (mida),seostama,,2,,obj,,
543,seostama_1 Arg2 (millega),seostama,,3,kom,obl,,
544,soodustama_1 Arg0 (soodustaja),soodustama,,1,,nsubj,,
544,soodustama_1 Arg1 (mida),soodustama,,2,,obj,,
545,suitsetama_1 Arg0 (suitsetaja),suitsetama,,1,,nsubj,,
545,suitsetama_1 Arg1 (mida),suitsetama,,2,,obj,,
546,sünnitama_1 Arg0 (sünnitaja),sünnitama,,1,,nsubj,,
546,sünnitama_1 Arg1 (patsient),sünnitama,,2,,obj,,
547,treenima_1 Arg0 (treenija),treenima,,1,,nsubj,,
547,treenima_1 Arg1 (patsient),treenima,,2,,obj,,
548,trükkima_1 Arg0 (trükkija),trükkima,,1,,nsubj,,
548,trükkima_1 Arg1 (mida),trükkima,,2,,obj,,
548,"trükkima_1 Arg2 (koht - sage, aga kas on Arg? x on trükitud kohas)",trükkima,,3,in,obl,,
549,tugevdama_1 Arg0 (tugevdaja),tugevdama,,1,,nsubj,,
549,tugevdama_1 Arg1 (mida),tugevdama,,2,,obj,,
550,tunnetama_1 Arg0 (tunnetaja),tunnetama,,1,,nsubj,,
550,tunnetama_1 Arg1 (teema),tunnetama,,2,,obj,,
551,tunnustama_1 Arg0 (tunnustaja),tunnustama,,1,,nsubj,,
551,tunnustama_1 Arg1 (teema),tunnustama,,2,,obj,,
551,tunnustama_1 Arg2 (millega),tunnustama,,3,kom,obl,,
552,tõlkima_1 Arg0 (tõlkija),tõlkima,,1,,nsubj,,
552,tõlkima_1 Arg1 (mida),tõlkima,,2,,obj,,
552,tõlkima_1 Arg3 (algseisund),tõlkima,,3,el,obl,,
553,tõrjuma_1 Arg0 (tõrjuja),tõrjuma,,1,,nsubj,,
553,"tõrjuma_1 Arg1 (keda, mida)",tõrjuma,,2,,obj,,
553,tõrjuma_1 Arg2 (kust),tõrjuma,,3,abl,obl,,
554,täiendama_1 Arg0 (täiendaja),täiendama,,1,,nsubj,,
554,täiendama_1 Arg1 (mida),täiendama,,2,,obj,,
555,tänama_1 Arg0 (tänaja),tänama,,1,,nsubj,,
555,"tänama_1 Arg1 (keda, mida)",tänama,,2,,obj,,
556,usaldama_1 Arg0 (usaldaja),usaldama,,1,,nsubj,,
556,"usaldama_1 Arg1 (keda, mida)",usaldama,,2,,obj,,
557,usaldama_2 Arg0 (usaldaja),usaldama,,1,,nsubj,,
557,"usaldama_2 Arg1 (kelle, mille)",usaldama,,2,,obj,,
558,vabastama_1 Arg0 (vabastaja),vabastama,,1,,nsubj,,
558,"vabastama_1 Arg1 (kelle, mille)",vabastama,,2,,obj,,
558,"vabastama_1 Arg2 (kust, millest)",vabastama,,3,el,obl,,
559,vaidlema_1 Arg0 (vaidleja),vaidlema,,1,,nsubj,,
559,vaidlema_1 Arg2 (kellega),vaidlema,,2,kom,obl,,
560,vaikima_1 Arg0 (vaikija),vaikima,,1,,nsubj,,
561,varastama_1 Arg0 (varastaja),varastama,,1,,nsubj,,
561,varastama_1 Arg1 (objekt),varastama,,2,,obj,,
561,varastama_1 Arg2 (kust/kellelt),varastama,,3,el,obl,,
561,varastama_1 Arg2 (kust/kellelt),varastama,,3,abl,obl,,
562,"võtma_1 Arg1 (kelle, mille, mida)",võtma,,1,,obj,,
563,võtma_2 Arg0 (võtja),võtma,,1,,nsubj,,
563,võtma_2 Arg1 (objekt/teema?),võtma,,2,,obj,,
564,võtma_3 Arg0 (võtja),võtma,,1,,nsubj,,
564,võtma_3 Arg1 (objekt/teema?),võtma,,2,,obj,,
565,võtma_4 Arg0 (võtja),võtma,,1,,nsubj,,
565,võtma_4 Arg1 (objekt/teema?),võtma,,2,,obj,,
566,võtma_5 Arg0 (võtja),võtma,,1,,nsubj,,
566,võtma_5 Arg1 (teema),võtma,,2,,obj,,
566,võtma_5 Arg2 (kuidas),võtma,,3,,advmod,,
566,võtma_5 Arg2 (kuidas),võtma,,3,,advcl,,
566,võtma_5 Arg2 (kuidas),võtma,,3,es,obl,,
566,võtma_5 Arg2 (kuidas),võtma,,3,,xcomp,,
567,võtma_6 Arg0 (võtja),võtma,,1,,nsubj,,
567,"võtma_6 Arg1 (aega, ruumi)",võtma,,2,,obj,,
567,võtma_6 Arg2 (hulk),võtma,,3,part,obl,,
567,võtma_6 Arg2 (hulk),võtma,,3,,advmod,,
568,ähvardama_1 Arg0 (ähvardaja),ähvardama,,1,,nsubj,,
568,ähvardama_1 Arg1 (keda/mida/mida teha),ähvardama,,2,,obj,,
568,ähvardama_1 Arg1 (keda/mida/mida teha),ähvardama,,2,,xcomp,,
568,ähvardama_1 Arg2 (vahend),ähvardama,,3,kom,obl,,
569,äratama_1 Arg0 (ärataja),äratama,,1,,nsubj,,
569,äratama_1 Arg1 (keda),äratama,,2,,obj,,
570,äratama_2 Arg0 (ärataja),äratama,,1,,nsubj,,
570,äratama_2 Arg1 (mida),äratama,,2,,obj,,
571,ühinema_1 Arg0 (ühineja),ühinema,,1,,nsubj,,
571,"ühinema_1 Arg1 (kellega, millega)",ühinema,,2,kom,obl,,
572,üllatama_1 Arg0 (üllataja),üllatama,,1,,nsubj,,
572,üllatama_1 Arg1 (keda),üllatama,,2,,obj,,
572,üllatama_1 Arg2 (millega),üllatama,,3,kom,obl,,
573,kolima_1 Arg0 (kolija),kolima,,1,,nsubj,,
573,kolima_1 Arg2 (lähtekoht),kolima,,2,el,obl,,
573,kolima_1 Arg2 (lähtekoht),kolima,,2,abl,obl,,
574,juhatama_1 Arg0 (juhataja),juhatama,,1,,nsubj,,
574,juhatama_1 Arg1 (keda),juhatama,,2,,obj,,
575,juhatama_2 Arg0 (juhataja),juhatama,,1,,nsubj,,
575,juhatama_2 Arg1 (keda),juhatama,,2,,obj,,
576,aimama_1 Arg0 (aimaja),aimama,,1,,nsubj,,
576,aimama_1 Arg1 (teema),aimama,,2,,obj,,
576,aimama_1 Arg1 (teema),aimama,,2,,ccomp,,
577,avalikustama_1 Arg0 (avalikustaja),avalikustama,,1,,nsubj,,
577,avalikustama_1 Arg1 (teema),avalikustama,,2,,obj,,
578,diagnoosima_1 Arg0 (diagnoosija),diagnoosima,,1,,nsubj,,
578,diagnoosima_1 Arg1 (haigus),diagnoosima,,2,,obj,,
578,diagnoosima_1 Arg2 (kellel),diagnoosima,,3,ad,obl,,
579,esitlema_1 Arg0 (esitleja),esitlema,,1,,nsubj,,
579,esitlema_1 Arg1 (keda),esitlema,,2,,obj,,
579,esitlema_1 Arg2 (kellena),esitlema,,3,es,obl,,
580,esitlema_2 Arg0 (esitleja),esitlema,,1,,nsubj,,
580,esitlema_2 Arg1 (teos),esitlema,,2,,obj,,
581,genereerima_1 Arg0 (genereerija),genereerima,,1,,nsubj,,
581,genereerima_1 Arg1 (patsient),genereerima,,2,,obj,,
582,hoiduma_1 Arg0 (hoiduja),hoiduma,,1,,nsubj,,
582,hoiduma_1 Arg1 (millest/mida tegemast),hoiduma,,2,el,obl,,
582,hoiduma_1 Arg1 (millest/mida tegemast),hoiduma,,2,,xcomp,,
583,huvituma_1 Arg0 (huvituja),huvituma,,1,,nsubj,,
583,huvituma_1 Arg1 (teema),huvituma,,2,el,obl,,
583,huvituma_1 Arg1 (teema),huvituma,,2,,ccomp,,
584,hääletama_1 Arg0 (hääletaja),hääletama,,1,,nsubj,,
585,hääletama_2 Arg0 (hääletaja),hääletama,,1,,nsubj,,
585,hääletama_2 Arg1 (sihtkoht),hääletama,,2,ill,obl,,
586,ilmutama_1 Arg0 (ilmutaja),ilmutama,,1,,nsubj,,
586,ilmutama_1 Arg1 (mida),ilmutama,,2,,obj,,
587,ilmutama_2 Arg0 (ilmutaja),ilmutama,,1,,nsubj,,
587,ilmutama_2 Arg1 (teos),ilmutama,,2,,obj,,
588,integreerima_1 Arg0 (integreerija),integreerima,,1,,nsubj,,
588,integreerima_1 Arg1 (patsient),integreerima,,2,,obj,,
589,jaksama_1 Arg0 (kes jaksab),jaksama,,1,,nsubj,,
589,jaksama_1 Arg1 (mida teha),jaksama,,2,,xcomp,,
590,järgima_1 Arg0 (järgija),järgima,,1,,nsubj,,
590,järgima_1 Arg1 (teema),järgima,,2,,obj,,
591,kaebama_1 Arg0 (kaebaja),kaebama,,1,,nsubj,,
591,kaebama_1 Arg2 (adressaat),kaebama,,2,all,obl,,
592,kaebama_2 Arg0 (kaebaja),kaebama,,1,,nsubj,,
592,kaebama_2 Arg1 (kelle),kaebama,,2,,obj,,
592,kaebama_2 Arg2 (kohtusse),kaebama,,3,ill,obl,,
593,kahetsema_1 Arg0 (kahetseja),kahetsema,,1,,nsubj,,
593,kahetsema_1 Arg1 (teema),kahetsema,,2,,obj,,
593,kahetsema_1 Arg1 (teema),kahetsema,,2,,ccomp,,
594,kajastama_1 Arg0 (kajastaja),kajastama,,1,,nsubj,,
594,kajastama_1 Arg1 (teema),kajastama,,2,,obj,,
595,kandideerima_1 Arg0 (kandideerija),kandideerima,,1,,nsubj,,
595,kandideerima_1 Arg1 (millele/kelleks),kandideerima,,2,all,obl,,
595,kandideerima_1 Arg1 (millele/kelleks),kandideerima,,2,,xcomp,,
596,karistama_1 Arg0 (karistaja),karistama,,1,,nsubj,,
596,karistama_1 Arg1 (patsient),karistama,,2,,obj,,
596,karistama_1 Arg2 (karistus),karistama,,3,kom,obl,,
597,katkestama_1 Arg0 (katkestaja),katkestama,,1,,nsubj,,
597,katkestama_1 Arg1 (mille),katkestama,,2,,obj,,
598,katsuma_1 Arg0 (katsuja),katsuma,,1,,nsubj,,
598,katsuma_1 Arg1 (teema),katsuma,,2,,obj,,
598,katsuma_1 Arg1 (teema),katsuma,,2,,ccomp,,
599,katsuma_2 Arg0 (katsuja),katsuma,,1,,nsubj,,
599,katsuma_2 Arg1 (mida teha),katsuma,,2,,xcomp,,
600,kehtestama_1 Arg0 (kehtestaja),kehtestama,,1,,nsubj,,
600,kehtestama_1 Arg1 (mille),kehtestama,,2,,obj,,
601,koputama_1 Arg0 (koputaja),koputama,,1,,nsubj,,
601,koputama_1 Arg2 (vahend),koputama,,2,kom,obl,,
602,korrastama_1 Arg0 (korrastaja),korrastama,,1,,nsubj,,
602,korrastama_1 Arg1 (patsient),korrastama,,2,,obj,,
603,"küündima_1 Arg1 (see, mis küündib)",küündima,,1,,nsubj,,
604,"laekuma_1 Arg1 (see, mis laekub)",laekuma,,1,,nsubj,,
604,laekuma_1 Arg2 (koht/saaja),laekuma,,2,all,obl,,
604,laekuma_1 Arg2 (koht/saaja),laekuma,,2,ill,obl,,
605,laiendama_1 Arg0 (laiendaja),laiendama,,1,,nsubj,,
605,laiendama_1 Arg1 (patsient),laiendama,,2,,obj,,
606,levitama_1 Arg0 (levitaja),levitama,,1,,nsubj,,
606,levitama_1 Arg1 (teema),levitama,,2,,obj,,
607,liitma_1 Arg0 (liitja),liitma,,1,,nsubj,,
607,liitma_1 Arg1 (patsient (või teema?),liitma,,2,,obj,,
607,liitma_1 Arg2 (millega),liitma,,3,kom,obl,,
608,liitma_2 Arg0 (liitja),liitma,,1,,nsubj,,
608,liitma_2 Arg1 (patsient (või teema?),liitma,,2,,obj,,
609,liitma_3 Arg0 (liitja),liitma,,1,,nsubj,,
609,liitma_3 Arg1 (patsient (või teema?),liitma,,2,,obj,,
609,liitma_3 Arg2 (millele),liitma,,3,all,obl,,
610,lülitama_1 Arg0 (lülitaja),lülitama,,1,,nsubj,,
610,lülitama_1 Arg1 (patsient),lülitama,,2,,obj,,
611,määratlema_1 Arg0 (määratleja),määratlema,,1,,nsubj,,
611,määratlema_1 Arg1 (teema),määratlema,,2,,obj,,
612,noogutama_1 Arg0 (noogutaja),noogutama,,1,,nsubj,,
612,noogutama_1 Arg1 (pea),noogutama,,2,,obj,,
613,peksma_1 Arg0 (peksja),peksma,,1,,nsubj,,
613,peksma_1 Arg1 (patsient),peksma,,2,,obj,,
613,peksma_1 Arg2 (vahend),peksma,,3,kom,obl,,
614,petma_1 Arg0 (petja),petma,,1,,nsubj,,
614,petma_1 Arg1 (keda),petma,,2,,obj,,
615,pigistama_1 Arg0 (pigistaja),pigistama,,1,,nsubj,,
615,pigistama_1 Arg1 (patsient),pigistama,,2,,obj,,
615,pigistama_1 Arg2 (vahend),pigistama,,3,kom,obl,,
615,pigistama_1 Arg3 (tulemus),pigistama,,4,,xcomp,,
616,planeerima_1 Arg0 (planeerija),planeerima,,1,,nsubj,,
616,planeerima_1 Arg1 (teema),planeerima,,2,,obj,,
616,planeerima_1 Arg2 (eesmärk),planeerima,,3,tr,obl,,
617,pooldama_1 Arg0 (pooldaja),pooldama,,1,,nsubj,,
617,pooldama_1 Arg1 (teema),pooldama,,2,,obj,,
618,puhastama_1 Arg0 (puhastaja),puhastama,,1,,nsubj,,
618,puhastama_1 Arg1 (patsient),puhastama,,2,,obj,,
618,puhastama_1 Arg2 (tulemus),puhastama,,3,,xcomp,,
619,purustama_1 Arg0 (purustaja),purustama,,1,,nsubj,,
619,purustama_1 Arg1 (patsient),purustama,,2,,obj,,
619,purustama_1 Arg2 (vahend),purustama,,3,kom,obl,,
620,pärssima_1 Arg0 (pärssija),pärssima,,1,,nsubj,,
620,pärssima_1 Arg1 (patsient),pärssima,,2,,obj,,
621,pühkima_1 Arg0 (pühkija),pühkima,,1,,nsubj,,
621,pühkima_1 Arg1 (patsient),pühkima,,2,,obj,,
621,pühkima_1 Arg2 (tulemus),pühkima,,3,,xcomp,,
622,püstitama_1 Arg0 (püstitaja),püstitama,,1,,nsubj,,
622,püstitama_1 Arg1 (patsient),püstitama,,2,,obj,,
623,raiskama_1 Arg0 (raiskaja),raiskama,,1,,nsubj,,
623,raiskama_1 Arg1 (patsient),raiskama,,2,,obj,,
624,reguleerima_1 Arg0 (reguleerija),reguleerima,,1,,nsubj,,
624,reguleerima_1 Arg1 (patsient),reguleerima,,2,,obj,,
625,soosima_1 Arg0 (soosija),soosima,,1,,nsubj,,
625,soosima_1 Arg1 (teema),soosima,,2,,obj,,
626,suudlema_1 Arg0 (suudleja),suudlema,,1,,nsubj,,
626,suudlema_1 Arg1 (patsient),suudlema,,2,,obj,,
626,suudlema_1 Arg1 (patsient),suudlema,,2,kom,obl,,
627,söötma_1 Arg0 (söötja),söötma,,1,,nsubj,,
627,söötma_1 Arg1 (keda),söötma,,2,,obj,,
627,söötma_1 Arg2 (millega),söötma,,3,kom,obl,,
628,süütama_1 Arg0 (süütaja),süütama,,1,,nsubj,,
628,süütama_1 Arg1 (patsient),süütama,,2,,obj,,
628,süütama_1 Arg2 (põlema),süütama,,3,,xcomp,,
629,taluma_1 Arg0 (taluja),taluma,,1,,nsubj,,
629,taluma_1 Arg1 (teema),taluma,,2,,obj,,
630,teostama_1 Arg0 (teostaja),teostama,,1,,nsubj,,
630,teostama_1 Arg1 (patsient),teostama,,2,,obj,,
631,tervitama_1 Arg0 (tervitaja),tervitama,,1,,nsubj,,
631,tervitama_1 Arg1 (adressaat),tervitama,,2,,obj,,
632,tuvastama_1 Arg0 (tuvastaja),tuvastama,,1,,nsubj,,
632,tuvastama_1 Arg1 (teema),tuvastama,,2,,obj,,
633,täpsustama_1 Arg0 (täpsustaja),täpsustama,,1,,nsubj,,
633,täpsustama_1 Arg1 (teema),täpsustama,,2,,obj,,
634,unistama_1 Arg0 (unistaja),unistama,,1,,nsubj,,
634,unistama_1 Arg1 (teema),unistama,,2,el,obl,,
635,vajutama_1 Arg0 (vajutaja),vajutama,,1,,nsubj,,
636,valetama_1 Arg0 (valetaja),valetama,,1,,nsubj,,
636,valetama_1 Arg2 (adressaat),valetama,,2,all,obl,,
637,vallutama_1 Arg0 (vallutaja),vallutama,,1,,nsubj,,
637,vallutama_1 Arg1 (patsient),vallutama,,2,,obj,,
638,valutama_1 Arg1 (mis valutab),valutama,,1,,nsubj,,
638,valutama_1 Arg2 (kellel),valutama,,2,ad,obl,,
639,valvama_1 Arg0 (valvaja),valvama,,1,,nsubj,,
640,veenma_1 Arg0 (veenja),veenma,,1,,nsubj,,
640,veenma_1 Arg1 (adressaat),veenma,,2,,obj,,
640,veenma_1 Arg2 (mida tegema/milles),veenma,,3,,xcomp,,
640,veenma_1 Arg2 (mida tegema/milles),veenma,,3,,advcl,,
641,venima_1 Arg1 (mis venib),venima,,1,,nsubj,,
641,venima_1 Arg2 (lõpp-punkt/tulemus),venima,,2,term,obl,,
641,venima_1 Arg2 (lõpp-punkt/tulemus),venima,,2,,xcomp,,
642,võimendama_1 Arg0 (võimendaja),võimendama,,1,,nsubj,,
642,võimendama_1 Arg1 (patsient),võimendama,,2,,obj,,
643,võistlema_1 Arg0 (võistleja),võistlema,,1,,nsubj,,
643,"võistlema_1 Arg1 (kellega, millega)",võistlema,,2,kom,obl,,
644,õigustama_1 Arg0 (õigustaja),õigustama,,1,,nsubj,,
644,"õigustama_1 Arg1 (keda, mida)",õigustama,,2,,obj,,
645,saama_1 Arg0 (saaja),saama,,1,,nsubj,,
645,saama_1 Arg1 (objekt/teema),saama,,2,,obj,,
645,saama_1 Arg4 (eesmärk),saama,,3,tr,obl,,
646,saama_2 Arg0 (saaja),saama,,1,,nsubj,,
646,saama_2 Arg1 (Com),saama,,2,,obl,,
647,saama_3 Arg0 (saaja),saama,,1,,nsubj,,
647,saama_3 Arg1 (mille),saama,,2,,obj,,
647,saama_3 Arg2 (tulemus?),saama,,3,,xcomp,,
648,saama_4 Arg1 (tulemus),saama,,1,,nsubj,,
648,"saama_4 Arg2 (kellest, millest)",saama,,2,el,obl,,
649,saama_5 Arg0 (saaja (sageli puudub),saama,,1,,nsubj,,
649,saama_5 Arg1 (objekt/tulemus),saama,,2,,obj,,
649,saama_5 Arg2 (millest),saama,,3,el,obl,,
650,saama_9 Arg0 (saaja),saama,,1,,nsubj,,
651,saama_6 Arg3 (mida),saama,,1,,advcl,,
652,saama_7 Arg0 (saaja),saama,,1,,nsubj,,
653,saama_15 Arg0,saama,,1,,nsubj,,
653,saama_15 Arg1 (midagi),saama,,2,,obj,,
654,pidama_9 Arg1 (mis peab),pidama,,1,,nsubj,,
655,pidama_1 Arg0 (pidaja),pidama,,1,,nsubj,,
655,"pidama_1 Arg1 (keda, mida)",pidama,,2,,obj,,
656,pidama_2 Arg0 (pidaja),pidama,,1,,nsubj,,
656,"pidama_2 Arg1 (keda, mida)",pidama,,2,,obj,,
657,pidama_6 Arg0 (pidaja),pidama,,1,,nsubj,,
657,pidama_6 Arg1 (mida),pidama,,2,,obj,,
657,"pidama_6 Arg2 (kellega, millega)",pidama,,3,kom,obl,,
658,pidama_7 Arg0 (pidaja),pidama,,1,,nsubj,,
659,pidama_3 Arg0 (pidaja),pidama,,1,,nsubj,,
659,pidama_3 Arg1 (mida),pidama,,2,,obj,,
660,pidama_4 Arg0 (pidaja),pidama,,1,,nsubj,,
660,"pidama_4 Arg1 (keda, mida)",pidama,,2,,obj,,
660,"pidama_4 Arg1 (keda, mida)",pidama,,2,,xcomp,,
660,"pidama_4 Arg1 (keda, mida)",pidama,,2,,ccomp,,
660,"pidama_4 Arg2 (kelleks, milleks, milliseks)",pidama,,3,,xcomp,,
661,pidama_5 Arg0 (pidaja),pidama,,1,,nsubj,,
661,pidama_5 Arg2 (millest),pidama,,2,el,obl,,
662,moodustama_1 Arg0 (moodustaja),moodustama,,1,,nsubj,,
662,moodustama_1 Arg1 (objekt),moodustama,,2,,obj,,
662,moodustama_1 Arg2 (osa),moodustama,,3,el,obl,,
663,vahetama_1 Arg0 (agent),vahetama,,1,,nsubj,,
663,vahetama_1 Arg1 (objekt),vahetama,,2,,obj,,
664,tõestama_1 Arg0 (agent),tõestama,,1,,nsubj,,
664,tõestama_1 Arg2 (patsient),tõestama,,2,all,obl,,
664,tõestama_1 Arg3 (vahend),tõestama,,3,kom,obl,,
665,tilkuma_1 Arg0 (tilkuja),tilkuma,,1,,nsubj,,
665,tilkuma_1 Arg1 (vedelik),tilkuma,,2,,obj,,
665,tilkuma_1 Arg1 (vedelik),tilkuma,,2,el,obl,,
666,ajama_1 Arg0 (agent/põhjus),ajama,,1,,nsubj,,
666,ajama_1 Arg1 (objekt),ajama,,2,,obj,,
667,tulema_1 Arg0,tulema,,1,,nsubj,,
668,minema_1 Arg0,minema,,1,,nsubj,,
669,laskuma_1 Arg0 (agent),laskuma,,1,,nsubj,,
669,laskuma_1 Arg1 (algkoht),laskuma,,2,el,obl,,
670,lebama_1 Arg0 (agent),lebama,,1,,nsubj,,
670,lebama_1 Arg1 (koht),lebama,,2,in,obl,,
670,lebama_1 Arg1 (koht),lebama,,2,ad,obl,,
670,lebama_1 Arg1 (koht),lebama,,2,,obl,lähedal,
670,lebama_1 Arg1 (koht),lebama,,2,,obl,kõrval,
670,lebama_1 Arg2 (viis),lebama,,3,es,amod,,
670,lebama_1 Arg2 (viis),lebama,,3,,advmod,,
671,lamama_1 Arg0 (agent),lamama,,1,,nsubj,,
671,lamama_1 Arg2 (viis),lamama,,2,,advmod,,
671,lamama_1 Arg2 (viis),lamama,,2,abes,obl,,
671,lamama_1 Arg2 (viis),lamama,,2,kom,obl,,
672,vedelema_1 Arg0 (agent),vedelema,,1,,nsubj,,
673,rippuma_1 Arg0 (rippuja),rippuma,,1,,nsubj,,
673,rippuma_1 Arg1 (koht),rippuma,,2,in,obl,,
673,rippuma_1 Arg1 (koht),rippuma,,2,,obl,kohal,
673,rippuma_1 Arg1 (koht),rippuma,,2,,obl,otsas,
674,taanduma_1 Arg0 (taanduja),taanduma,,1,,nsubj,,
674,taanduma_1 Arg2 (kuhu),taanduma,,2,all,obl,,
674,taanduma_1 Arg3 (viis),taanduma,,3,,advmod,,
675,ümbritsema_1 Arg0 (asi),ümbritsema,,1,,nsubj,,
675,ümbritsema_1 Arg1 (objekt),ümbritsema,,2,,obj,,
676,kergitama_1 Arg0 (agent),kergitama,,1,,nsubj,,
676,kergitama_1 Arg1 (objekt),kergitama,,2,,obj,,
676,kergitama_1 Arg2 (kust),kergitama,,3,el,obl,,
677,veerema_1 Arg0 (agent),veerema,,1,,nsubj,,
677,veerema_1 Arg1 (kust),veerema,,2,el,obl,,
677,veerema_1 Arg2 (kuhu),veerema,,3,term,obl,,
677,veerema_1 Arg2 (kuhu),veerema,,3,,obl,alla,
677,veerema_1 Arg3 (teekond),veerema,,4,,obl,üle,
677,veerema_1 Arg3 (teekond),veerema,,4,,obl,mööda,
677,veerema_1 Arg3 (teekond),veerema,,4,in,obl,,
677,veerema_1 Arg3 (teekond),veerema,,4,ad,obl,,
678,pöörlema_1 Arg0 (agent),pöörlema,,1,,nsubj,,
678,pöörlema_1 Arg1 (kus),pöörlema,,2,ad,obl,,
678,pöörlema_1 Arg1 (kus),pöörlema,,2,,obl,ümber,
679,tiirlema_1 Arg0 (agent),tiirlema,,1,,nsubj,,
679,tiirlema_1 Arg1 (kus),tiirlema,,2,in,obl,,
679,tiirlema_1 Arg1 (kus),tiirlema,,2,ad,obl,,
679,tiirlema_1 Arg1 (kus),tiirlema,,2,,obl,ümber,
679,tiirlema_1 Arg1 (kus),tiirlema,,2,,obl,vahel,
680,kihutama_1 Arg0 (agent),kihutama,,1,,nsubj,,
680,kihutama_1 Arg1 (objekt (end),kihutama,,2,,obj,,
680,kihutama_1 Arg2 (kust),kihutama,,3,el,obl,,
681,marssima_1 Arg0 (agent),marssima,,1,,nsubj,,
681,marssima_1 Arg1 (kogus),marssima,,2,,obj,,
681,marssima_1 Arg2 (kust),marssima,,3,el,obl,,
681,marssima_1 Arg3 (kuhu),marssima,,4,ill,obl,,
681,marssima_1 Arg3 (kuhu),marssima,,4,all,obl,,
682,rändama_1 Arg0 (agent),rändama,,1,,nsubj,,
682,rändama_1 Arg1 (kogus),rändama,,2,,obj,,
682,rändama_1 Arg2 (kust),rändama,,3,,obl,,
683,siirduma_1 Arg0 (agent),siirduma,,1,,nsubj,,
683,siirduma_1 Arg1 (kust),siirduma,,2,abl,obl,,
683,siirduma_1 Arg3 (vahend),siirduma,,3,kom,obl,,
684,suunduma_1 Arg0 (agent),suunduma,,1,,nsubj,,
684,suunduma_1 Arg1 (kust),suunduma,,2,abl,obl,,
684,suunduma_1 Arg3 (teekond),suunduma,,3,,obl,üle,
685,naasma_1 Arg0 (agent),naasma,,1,,nsubj,,
685,"naasma_1 Arg1 (arg1 puudub, kõik nihkuvad paremale kust)",naasma,,2,el,obl,,
685,"naasma_1 Arg1 (arg1 puudub, kõik nihkuvad paremale kust)",naasma,,2,abl,obl,,
685,naasma_1 Arg3 (teekond),naasma,,3,,obl,mööda,
686,jalutama_1 Arg0 (agent),jalutama,,1,,nsubj,,
686,jalutama_1 Arg1 (kust),jalutama,,2,abl,obl,,
686,jalutama_1 Arg3 (teekond),jalutama,,3,,obl,läbi,
686,jalutama_1 Arg3 (teekond),jalutama,,3,,obl,pidi,
686,jalutama_1 Arg3 (teekond),jalutama,,3,ad,obl,,
686,jalutama_1 Arg3 (teekond),jalutama,,3,in,obl,,
686,jalutama_1 Arg5,jalutama,,4,kom,obl,,
687,kiirustama_1 Arg0 (agent),kiirustama,,1,,nsubj,,
687,kiirustama_1 Arg2 (kuhu),kiirustama,,2,all,obl,,
687,kiirustama_1 Arg2 (kuhu),kiirustama,,2,,obl,poole,
687,kiirustama_1 Arg3 (teekond),kiirustama,,3,,obl,üle,
687,kiirustama_1 Arg3 (teekond),kiirustama,,3,,obl,läbi,
688,kulgema_1 Arg0 (agent),kulgema,,1,,nsubj,,
688,kulgema_1 Arg3 (teekond),kulgema,,2,,obl,läbi,
688,kulgema_1 Arg3 (teekond),kulgema,,2,,obl,kaudu,
688,kulgema_1 Arg3 (teekond),kulgema,,2,,obl,piki,
688,kulgema_1 ArgM-viis,kulgema,,3,,advmod,,
689,sõudma_1 Arg0 (agent),sõudma,,1,,nsubj,,
689,sõudma_1 Arg1 (objekt),sõudma,,2,,obj,,
689,sõudma_1 Arg2 (kust),sõudma,,3,abl,obl,,
690,pugema_1 Arg0 (agent),pugema,,1,,nsubj,,
690,pugema_1 Arg3 (põhjus?),pugema,,2,,obl,eest,
691,tõmbuma_1 Arg0 (agent),tõmbuma,,1,,nsubj,,
691,tõmbuma_1 Arg2 (seisund),tõmbuma,,2,,xcomp,,
691,tõmbuma_1 Arg3 (põhjus),tõmbuma,,3,,obl,eest,
692,kalduma_1 Arg0 (agent),kalduma,,1,,nsubj,,
692,kalduma_1 Arg1 (suund),kalduma,,2,all,obl,,
692,kalduma_1 Arg1 (suund),kalduma,,2,ill,obl,,
692,kalduma_1 Arg1 (suund),kalduma,,2,in,obl,,
692,kalduma_1 Arg1 (suund),kalduma,,2,,obl,poole,
692,kalduma_1 Arg_xarg,kalduma,,3,,xcomp,,
693,peatuma_1 Arg0 (agent),peatuma,,1,,nsubj,,
693,peatuma_1 Arg1 (koht),peatuma,,2,ad,obl,,
693,peatuma_1 Arg1 (koht),peatuma,,2,in,obl,,
693,peatuma_1 Arg1 (koht),peatuma,,2,,obl,ees,
693,peatuma_1 Arg1 (koht),peatuma,,2,,obl,juures,
694,lähenema_1 Arg0 (agent),lähenema,,1,,nsubj,,
694,lähenema_1 Arg1 (siht),lähenema,,2,all,obl,,
694,lähenema_1 Arg2 (kust),lähenema,,3,el,obl,,
694,lähenema_1 Arg2 (kust),lähenema,,3,,obl,poolt,
694,lähenema_1 ArgM-viis,lähenema,,4,kom,obl,,
694,lähenema_1 ArgM-viis,lähenema,,4,,advmod,,
695,põgenema_1 Arg0 (agent),põgenema,,1,,nsubj,,
695,põgenema_1 Arg1 (põhjus),põgenema,,2,,obl,eest,
696,mööduma_1 Arg0 (liikuja),mööduma,,1,,nsubj,,
696,mööduma_1 Arg1 (objekt),mööduma,,2,el,obl,,
696,mööduma_1 Arg1 (objekt),mööduma,,2,,obl,lähedalt,
696,mööduma_1 ArgM-viis,mööduma,,3,,advmod,,
696,mööduma_1 ArgM-viis,mööduma,,3,kom,obl,,
697,prantsatama_1 Arg0 (agent),prantsatama,,1,,nsubj,,
697,prantsatama_1 Arg2 (kust),prantsatama,,2,el,obl,,
697,prantsatama_1 ArgM-viis,prantsatama,,3,,advmod,,
698,kukkuma_1 Arg0 (agent),kukkuma,,1,,nsubj,,
698,kukkuma_1 Arg2 (kust),kukkuma,,2,el,obl,,
698,kukkuma_1 Arg2 (kust),kukkuma,,2,,obl,pealt,
698,kukkuma_1 Arg3 (eenduv osa),kukkuma,,3,kom,obl,,
698,kukkuma_1 Arg_xarg,kukkuma,,4,,xcomp,,
699,sammuma_1 Arg0 (agent),sammuma,,1,,nsubj,,
699,sammuma_1 Arg1 (objekt),sammuma,,2,,obj,,
699,sammuma_1 Arg2 (kust),sammuma,,3,el,obl,,
699,sammuma_1 ArgM-koht,sammuma,,4,in,obl,,
699,sammuma_1 ArgM-koht,sammuma,,4,,obl,ees,
699,sammuma_1 ArgM-koht,sammuma,,4,,obl,taga,
700,ujuma_1 Arg0 (agent),ujuma,,1,,nsubj,,
700,ujuma_1 Arg1 (objekt),ujuma,,2,,obj,,
700,ujuma_1 Arg3 (kuhu),ujuma,,3,all,obl,,
700,ujuma_1 Arg3 (kuhu),ujuma,,3,,obl,peale,
700,ujuma_1 Arg3 (kuhu),ujuma,,3,,obl,poole,
700,ujuma_1 Arg3 (kuhu),ujuma,,3,,obl,juurde,
700,ujuma_1 Arg_xarg,ujuma,,4,,xcomp,,
701,läbima_1 Arg0 (agent),läbima,,1,,nsubj,,
701,läbima_1 Arg1 (objekt),läbima,,2,,obj,,
702,lahkuma_1 Arg0 (agent),lahkuma,,1,,nsubj,,
702,lahkuma_1 Arg2 (kuhu),lahkuma,,2,ill,obl,,
702,lahkuma_1 Arg3 (teekond),lahkuma,,3,,obl,kaudu,
703,sisenema_1 Arg0 (agent),sisenema,,1,,nsubj,,
703,sisenema_1 Arg2 (kust),sisenema,,2,el,obl,,
703,sisenema_1 Arg2 (kust),sisenema,,2,,obl,juurest,
703,sisenema_1 Arg3 (teekond),sisenema,,3,,obl,kaudu,
704,tatsama_1 Arg0 (agent),tatsama,,1,,nsubj,,
704,tatsama_1 Arg1 (objekt),tatsama,,2,,obj,,
704,tatsama_1 Arg1 (objekt),tatsama,,2,part,obl,,
704,tatsama_1 Arg2 (kust),tatsama,,3,el,obl,,
704,tatsama_1 Arg2 (kust),tatsama,,3,,obl,juurest,
704,tatsama_1 Arg4 (teekond),tatsama,,4,,obl,üle,
704,tatsama_1 Arg4 (teekond),tatsama,,4,,obl,mööda,
705,väljuma_1 Arg0 (agent),väljuma,,1,,nsubj,,
706,pöörama_1 Arg0 (agent),pöörama,,1,,nsubj,,
706,pöörama_1 Arg1 (obj),pöörama,,2,,obj,,
706,pöörama_1 Arg2 (kust),pöörama,,3,abl,obl,,
706,pöörama_1 Arg_xarg,pöörama,,4,,xcomp,,
707,keetma_1 Arg0 (keetja),keetma,,1,,nsubj,,
707,keetma_1 Arg1 (keedetav),keetma,,2,,obj,,
707,keetma_1 Arg2 (sihtolukord),keetma,,3,,xcomp,,
708,"kuivama_1 Arg1 (see, mis kuivab)",kuivama,,1,,nsubj,,
708,kuivama_1 Arg2 (sihtolukord),kuivama,,2,,xcomp,,
708,kuivama_1 ArgM-viis,kuivama,,3,,advmod,,
709,säästma_1 Arg0 (säästja),säästma,,1,,nsubj,,
709,säästma_1 Arg1 (mida säästetakse),säästma,,2,,obj,,
709,säästma_1 Arg2 (millest säästetakse),säästma,,3,el,obl,,
710,ulatama_1 Arg0 (ulataja),ulatama,,1,,nsubj,,
710,ulatama_1 Arg1 (mida ulatatakse),ulatama,,2,,obj,,
710,ulatama_1 Arg2 (saaja),ulatama,,3,all,obl,,
710,ulatama_1 ArgM-viis,ulatama,,4,,advmod,,
710,ulatama_1 Arg_xarg,ulatama,,5,abl,obl,,
711,algama_1 Arg1 (mis),algama,,1,,nsubj,,
712,"sadama_1 Arg1 (see, mis sajab)",sadama,,1,,nsubj,,
713,"pälvima_1 Arg1 (see, kes pälvib)",pälvima,,1,,nsubj,,
713,pälvima_1 Arg2 (teema),pälvima,,2,,obj,,
